sku_id,supplier_id,supplier_name,phase1_context_source,demand_profile,demand_variability_class,forecast_demand_7d,forecast_demand_30d,forecast_demand_60d,forecast_demand_90d,demand_urgency_score,demand_pressure_7d,demand_pressure_30d,forecast_confidence_band,forecast_uncertainty_level,high_uncertainty_flag,underforecast_risk_flag,overforecast_risk_flag,stockout_censored_demand_flag,lost_sales_estimate_30d,adjusted_demand_30d,upcoming_event_flag,seasonal_phase,demand_data_quality_score,phase1_demand_warning_codes,demand_integration_notes,gross_forecast_demand_7d,gross_forecast_demand_30d,gross_forecast_demand_60d,gross_forecast_demand_90d,active_backorder_units,backorder_requirement_units,usable_on_hand_inventory_units,confirmed_inbound_units,open_po_confirmed_units_7d,open_po_confirmed_units_30d,open_po_confirmed_units_60d,open_po_confirmed_units_90d,expected_receipts_within_horizon_units,uncertain_inbound_units,provisional_buffer_requirement_units,gross_procurement_requirement_units,provisional_net_procurement_requirement_units,immediate_procurement_requirement_units,remaining_horizon_requirement_units,inventory_deduction_available_flag,inbound_deduction_available_flag,net_requirement_is_provisional_flag,procurement_requirement_method,buffer_requirement_source,inventory_context_missing_warning,lead_time_demand_units,confirmed_inbound_before_expected_arrival_units,immediate_requirement_basis,procurement_requirement_warning_codes,immediate_requirement_warning_codes,unit_price,effective_unit_price,applicable_price_break_quantity,landed_cost_per_unit,estimated_freight_cost,estimated_handling_cost,estimated_insurance_cost,estimated_customs_cost,minimum_order_value,payment_terms_days,standard_lead_time_days,expected_lead_time_days,lead_time_std_days,delay_probability,expedite_available,expedite_eligible,expedite_lead_time_days,expedite_total_cost_estimate,expedite_lead_time_reduction_days,expedite_capacity_feasible_flag,expedite_recommended_flag,defect_rate,yield_rate,expected_defect_units,expected_quality_loss_cost,quality_adjusted_unit_cost,supplier_sku_available_capacity,supplier_capacity_period_unit,supplier_capacity_period_days,supplier_sku_capacity_period_unit,supplier_sku_capacity_period_days,supplier_capacity_per_day,supplier_capacity_7d,supplier_capacity_30d,supplier_capacity_60d,supplier_capacity_90d,supplier_horizon_capacity_units,supplier_per_order_capacity_units,supplier_effective_horizon_capacity_units,capacity_source,capacity_normalization_method,capacity_utilization,capacity_shortfall_flag,order_acceptance_probability,return_eligible,accepts_returns,return_window_days,return_deduction_rate,return_shipping_cost,expected_return_recovery_rate,expected_return_recovery_value,near_expiry_return_possible,expired_return_possible,split_delivery_eligible,split_delivery_available,minimum_split_quantity,maximum_split_shipments,first_shipment_lead_time_days,remaining_shipment_lead_time_days,split_delivery_feasible_flag,first_shipment_quantity,remaining_shipment_quantity,expected_first_shipment_date,expected_final_shipment_date,split_delivery_cost_estimate,split_delivery_recommended_flag,partial_delivery_reliability,total_remaining_backorder_units,oldest_backorder_age_days,backorder_risk_level,backorder_pressure_flag,recommended_backorder_strategy,supplier_reliability_score,supplier_risk_score,supplier_risk_class,demand_risk_component,supplier_risk_component,backorder_risk_component,capacity_risk_component,event_risk_component,total_demand_adjusted_risk_score,demand_adjusted_procurement_risk_score,demand_adjusted_procurement_risk_class,demand_strategy_warning_codes,watchlist_flag,preferred_supplier_flag,backup_supplier_flag,supplier_option_active_flag,base_supplier_feasible_flag,commercial_feasible_flag,supplier_active_feasible_flag,quality_feasible_flag,per_order_capacity_feasible_flag,immediate_requirement_feasible_flag,horizon_capacity_feasible_flag,net_requirement_feasible_flag,final_executable_supplier_option_flag,feasible_supplier_option_flag,raw_immediate_order_quantity,yield_adjusted_immediate_order_quantity,moq_adjusted_immediate_order_quantity,batch_rounded_immediate_order_quantity,final_immediate_order_quantity,estimated_order_cycle_count,average_order_quantity_per_cycle,planned_order_frequency_days,estimated_immediate_procurement_cost,estimated_horizon_procurement_cost,estimated_order_cycle_cost,estimated_total_fixed_order_cost_over_horizon,estimated_total_delivery_cost_over_horizon,total_available_supplier_capacity_30d,total_available_supplier_capacity_horizon,aggregate_capacity_shortfall_units,aggregate_capacity_feasible_flag,minimum_supplier_count_required,split_sourcing_capacity_feasible_flag,split_sourcing_candidate_supplier_ids,split_sourcing_candidate_capacities,split_sourcing_allocation_plan,split_sourcing_review_required,balanced_supplier_score,balanced_supplier_score_rank,balanced_supplier_selection_reason,infeasibility_reasons,procurement_warning_codes,requirement_warning_codes,capacity_warning_codes,capacity_time_basis_warning_codes,downstream_planning_notes,total_procurement_cost_kpi_numerator,total_procurement_cost_kpi_denominator_units,total_procurement_cost_per_usable_unit,total_procurement_cost_basis,total_procurement_cost_warning_codes
SKU-COF-001,SUP-001,Budget Global Export,PHASE1_DEMAND_PLANNING_CONTEXT,SMOOTH,STABLE,296.9471,1283.9367,2573.9602,3863.9837,28.68,0.956,0.9644,HIGH,LOW,False,False,True,False,0.0,1304.0,False,NON_SEASONAL,1.0,FORECAST_HORIZON_FROM_TRUE_FUTURE_FORECAST,Stable demand profile; suitable for standard replenishment logic.,296.9471,1283.9367,2573.9602,3863.9837,47.0,47.0,0.0,0.0,0.0,0.0,0.0,0.0,0.0,0.0,0.0,1330.9367,1330.9367,47.0,1283.9367,False,False,True,PROVISIONAL_NO_INVENTORY_CONTEXT,NO_PHASE3_POLICY_CONTEXT,PHASE3_INVENTORY_CONTEXT_NOT_CONNECTED,0.0,0.0,LEAD_TIME_DEMAND_PLUS_BACKORDER_MINUS_CONFIRMED_INBOUND,PROVISIONAL_NO_INVENTORY_CONTEXT;BUFFER_REQUIREMENT_NOT_CONNECTED,NONE,2.18,2.01,320.0,2.3557,0.18089999999999998,0.050249999999999996,0.02412,0.09044999999999999,400,60,15,15,6.2,0.43,False,False,6,0.0,9,False,False,0.14,0.86,310.8,624.71,2.7392,82,WEEKLY,7,WEEKLY,7,11.714285714285714,82.0,351.43,702.86,1054.29,351.43,162,351.43,MIN_SUPPLIER_AND_SUPPLIER_SKU_CAPACITY,PER_DAY_NORMALIZED_TO_HORIZON,0.633,True,0.715,False,False,0,0.25,0,0.0,0.0,False,False,False,False,0,1,8,15,False,0.0,0.0,,,0.0,False,0.72,47.0,57.0,CRITICAL,True,EXPEDITE_SUPPLY,0.5839632617860451,0.416,MEDIUM,0.0717,0.416,1.0,0.85,0.0,0.43300999999999995,0.43300999999999995,MEDIUM,NONE,False,True,False,True,True,False,True,True,True,True,False,True,False,False,47.0,54.65,80.0,120.0,120.0,2,665.47,15,527.68,3625.29,1812.65,130.0,360.0,1491.43,1491.43,0.0,True,4,True,SUP-003;SUP-002;SUP-006;SUP-001,SUP-003:171.43;SUP-002:240.0;SUP-006:728.57;SUP-001:351.43,SUP-003:171.43;SUP-002:240.0;SUP-006:728.57;SUP-001:190.94,True,-1.0,1,Excluded from balanced selection because supplier option is not fully feasible.,CAPACITY_SHORTFALL,PAYMENT_TERMS_COST_NOT_MODELED;CAPACITY_SHORTFALL,PROVISIONAL_NO_INVENTORY_CONTEXT;BUFFER_REQUIREMENT_NOT_CONNECTED,CAPACITY_PERIOD_ASSUMED,CAPACITY_PERIOD_ASSUMED,Backorder pressure should influence urgency and supplier strategy. Supplier capacity may constrain the planning quantity.,3625.29,120.0,30.21075,TOTAL_RELEVANT_PROCUREMENT_COST_DIVIDED_BY_USABLE_QUANTITY,PAYMENT_TERMS_COST_NOT_MODELED;CAPACITY_SHORTFALL
SKU-COF-001,SUP-002,EuroSource Precision,PHASE1_DEMAND_PLANNING_CONTEXT,SMOOTH,STABLE,296.9471,1283.9367,2573.9602,3863.9837,28.68,0.956,0.9644,HIGH,LOW,False,False,True,False,0.0,1304.0,False,NON_SEASONAL,1.0,FORECAST_HORIZON_FROM_TRUE_FUTURE_FORECAST,Stable demand profile; suitable for standard replenishment logic.,296.9471,1283.9367,2573.9602,3863.9837,47.0,47.0,0.0,0.0,0.0,0.0,0.0,0.0,0.0,0.0,0.0,1330.9367,1330.9367,47.0,1283.9367,False,False,True,PROVISIONAL_NO_INVENTORY_CONTEXT,NO_PHASE3_POLICY_CONTEXT,PHASE3_INVENTORY_CONTEXT_NOT_CONNECTED,0.0,0.0,LEAD_TIME_DEMAND_PLUS_BACKORDER_MINUS_CONFIRMED_INBOUND,PROVISIONAL_NO_INVENTORY_CONTEXT;BUFFER_REQUIREMENT_NOT_CONNECTED,NONE,3.75,3.45,220.0,3.8054,0.18975,0.062099999999999995,0.0345,0.069,600,30,10,10,1.4,0.045,True,True,4,842.4,6,True,True,0.015,0.985,28.8,99.36,3.8634,56,WEEKLY,7,WEEKLY,7,8.0,56.0,240.0,480.0,720.0,240.0,136,240.0,MIN_SUPPLIER_AND_SUPPLIER_SKU_CAPACITY,PER_DAY_NORMALIZED_TO_HORIZON,0.6,True,0.73,True,True,45,0.08,70,0.92,5935.6,True,True,False,False,0,1,5,10,False,0.0,0.0,,,0.0,False,0.97,47.0,57.0,CRITICAL,True,EXPEDITE_SUPPLY,0.9338500986193293,0.0661,LOW,0.0717,0.0661,1.0,0.85,0.0,0.345535,0.345535,MEDIUM,NONE,False,False,True,True,True,False,True,True,True,True,False,True,False,False,47.0,47.72,55.0,80.0,80.0,3,443.65,10,529.43,5739.75,1913.27,285.0,390.0,1491.43,1491.43,0.0,True,4,True,SUP-003;SUP-002;SUP-006;SUP-001,SUP-003:171.43;SUP-002:240.0;SUP-006:728.57;SUP-001:351.43,SUP-003:171.43;SUP-002:240.0;SUP-006:728.57;SUP-001:190.94,True,-1.0,1,Excluded from balanced selection because supplier option is not fully feasible.,CAPACITY_SHORTFALL,PAYMENT_TERMS_COST_NOT_MODELED;CAPACITY_SHORTFALL,PROVISIONAL_NO_INVENTORY_CONTEXT;BUFFER_REQUIREMENT_NOT_CONNECTED,CAPACITY_PERIOD_ASSUMED,CAPACITY_PERIOD_ASSUMED,Backorder pressure should influence urgency and supplier strategy. Expedite is available for review; do not auto-apply. Supplier capacity may constrain the planning quantity.,5739.75,80.0,71.746875,TOTAL_RELEVANT_PROCUREMENT_COST_DIVIDED_BY_USABLE_QUANTITY,PAYMENT_TERMS_COST_NOT_MODELED;CAPACITY_SHORTFALL
SKU-COF-001,SUP-003,Rapid Local Supply,PHASE1_DEMAND_PLANNING_CONTEXT,SMOOTH,STABLE,296.9471,1283.9367,2573.9602,3863.9837,28.68,0.956,0.9644,HIGH,LOW,False,False,True,False,0.0,1304.0,False,NON_SEASONAL,1.0,FORECAST_HORIZON_FROM_TRUE_FUTURE_FORECAST,Stable demand profile; suitable for standard replenishment logic.,296.9471,1283.9367,2573.9602,3863.9837,47.0,47.0,0.0,0.0,0.0,0.0,0.0,0.0,0.0,0.0,0.0,1330.9367,1330.9367,47.0,1283.9367,False,False,True,PROVISIONAL_NO_INVENTORY_CONTEXT,NO_PHASE3_POLICY_CONTEXT,PHASE3_INVENTORY_CONTEXT_NOT_CONNECTED,0.0,0.0,LEAD_TIME_DEMAND_PLUS_BACKORDER_MINUS_CONFIRMED_INBOUND,PROVISIONAL_NO_INVENTORY_CONTEXT;BUFFER_REQUIREMENT_NOT_CONNECTED,NONE,2.97,2.73,200.0,2.8965,0.09555000000000001,0.0546,0.01638,0.0,180,15,4,4,1.1,0.12,True,True,2,544.56,2,True,False,0.12,0.88,258.0,704.34,3.2915,40,WEEKLY,7,WEEKLY,7,5.714285714285714,40.0,171.43,342.86,514.29,171.43,120,171.43,MIN_SUPPLIER_AND_SUPPLIER_SKU_CAPACITY,PER_DAY_NORMALIZED_TO_HORIZON,0.726,True,0.673,True,True,21,0.15,35,0.85,4915.87,False,False,True,True,40,2,2,4,True,37.5,37.5,2026-07-28,2026-07-30,52.17,True,0.92,47.0,57.0,CRITICAL,True,EXPEDITE_SUPPLY,0.9479291465378422,0.0521,LOW,0.0717,0.0521,1.0,0.85,0.0,0.342035,0.342035,MEDIUM,NONE,False,False,False,True,True,True,True,True,True,True,False,True,False,False,47.0,53.41,53.41,75.0,75.0,5,266.19,7,362.24,4580.06,916.02,275.0,450.0,1491.43,1491.43,0.0,True,4,True,SUP-003;SUP-002;SUP-006;SUP-001,SUP-003:171.43;SUP-002:240.0;SUP-006:728.57;SUP-001:351.43,SUP-003:171.43;SUP-002:240.0;SUP-006:728.57;SUP-001:190.94,True,-1.0,1,Excluded from balanced selection because supplier option is not fully feasible.,CAPACITY_SHORTFALL;LOW_ORDER_ACCEPTANCE_PROBABILITY,CUSTOMS_COST_FALLBACK_USED;PAYMENT_TERMS_COST_NOT_MODELED;WAREHOUSE_CAPACITY_REVIEW_REQUIRED_FOR_SPLIT_DELIVERY;CAPACITY_SHORTFALL,PROVISIONAL_NO_INVENTORY_CONTEXT;BUFFER_REQUIREMENT_NOT_CONNECTED,CAPACITY_PERIOD_ASSUMED,CAPACITY_PERIOD_ASSUMED,Backorder pressure should influence urgency and supplier strategy. Split delivery is feasible but needs warehouse capacity review. Supplier capacity may constrain the planning quantity.,4580.06,75.0,61.067466666666675,TOTAL_RELEVANT_PROCUREMENT_COST_DIVIDED_BY_USABLE_QUANTITY,CUSTOMS_COST_FALLBACK_USED;PAYMENT_TERMS_COST_NOT_MODELED;WAREHOUSE_CAPACITY_REVIEW_REQUIRED_FOR_SPLIT_DELIVERY;CAPACITY_SHORTFALL
SKU-COF-001,SUP-006,MegaBulk Manufacturing,PHASE1_DEMAND_PLANNING_CONTEXT,SMOOTH,STABLE,296.9471,1283.9367,2573.9602,3863.9837,28.68,0.956,0.9644,HIGH,LOW,False,False,True,False,0.0,1304.0,False,NON_SEASONAL,1.0,FORECAST_HORIZON_FROM_TRUE_FUTURE_FORECAST,Stable demand profile; suitable for standard replenishment logic.,296.9471,1283.9367,2573.9602,3863.9837,47.0,47.0,0.0,0.0,0.0,0.0,0.0,0.0,0.0,0.0,0.0,1330.9367,1330.9367,47.0,1283.9367,False,False,True,PROVISIONAL_NO_INVENTORY_CONTEXT,NO_PHASE3_POLICY_CONTEXT,PHASE3_INVENTORY_CONTEXT_NOT_CONNECTED,0.0,0.0,LEAD_TIME_DEMAND_PLUS_BACKORDER_MINUS_CONFIRMED_INBOUND,PROVISIONAL_NO_INVENTORY_CONTEXT;BUFFER_REQUIREMENT_NOT_CONNECTED,NONE,2.02,1.86,680.0,2.165,0.14880000000000002,0.037200000000000004,0.02604,0.09300000000000001,1000,75,16,16,4.2,0.24,False,False,7,0.0,9,False,False,0.065,0.935,131.62,244.81,2.3155,170,WEEKLY,7,WEEKLY,7,24.285714285714285,170.0,728.57,1457.14,2185.71,728.57,250,728.57,MIN_SUPPLIER_AND_SUPPLIER_SKU_CAPACITY,PER_DAY_NORMALIZED_TO_HORIZON,0.629,True,0.717,False,False,0,0.25,0,0.0,0.0,False,False,True,True,160,4,8,16,True,135.0,135.0,2026-08-03,2026-08-11,155.07,True,0.9,47.0,57.0,CRITICAL,True,EXPEDITE_SUPPLY,0.7295315359868859,0.2705,MEDIUM,0.0717,0.2705,1.0,0.85,0.0,0.396635,0.396635,MEDIUM,NONE,True,False,False,True,True,False,True,True,False,False,False,True,False,False,47.0,50.27,170.0,270.0,270.0,2,665.47,16,834.55,3381.48,1690.74,360.0,140.0,1491.43,1491.43,0.0,True,4,True,SUP-003;SUP-002;SUP-006;SUP-001,SUP-003:171.43;SUP-002:240.0;SUP-006:728.57;SUP-001:351.43,SUP-003:171.43;SUP-002:240.0;SUP-006:728.57;SUP-001:190.94,True,-1.0,1,Excluded from balanced selection because supplier option is not fully feasible.,CAPACITY_SHORTFALL,PAYMENT_TERMS_COST_NOT_MODELED;WAREHOUSE_CAPACITY_REVIEW_REQUIRED_FOR_SPLIT_DELIVERY;CAPACITY_SHORTFALL,PROVISIONAL_NO_INVENTORY_CONTEXT;BUFFER_REQUIREMENT_NOT_CONNECTED,CAPACITY_PERIOD_ASSUMED,CAPACITY_PERIOD_ASSUMED,Backorder pressure should influence urgency and supplier strategy. Split delivery is feasible but needs warehouse capacity review. Supplier capacity may constrain the planning quantity.,3381.48,270.0,12.524000000000001,TOTAL_RELEVANT_PROCUREMENT_COST_DIVIDED_BY_USABLE_QUANTITY,PAYMENT_TERMS_COST_NOT_MODELED;WAREHOUSE_CAPACITY_REVIEW_REQUIRED_FOR_SPLIT_DELIVERY;CAPACITY_SHORTFALL
SKU-TEA-002,SUP-001,Budget Global Export,PHASE1_DEMAND_PLANNING_CONTEXT,VARIABLE,VARIABLE,361.1815,1582.1186,3208.8146,4835.5106,55.0,1.7782,1.8175,HIGH,LOW,False,True,False,False,0.0,1521.0,False,PEAK,1.0,FORECAST_HORIZON_FROM_TRUE_FUTURE_FORECAST,Underforecast risk: downstream planning should review urgency and buffers.,361.1815,1582.1186,3208.8146,4835.5106,39.0,39.0,0.0,0.0,0.0,0.0,0.0,0.0,0.0,0.0,0.0,1621.1186,1621.1186,39.0,1582.1186,False,False,True,PROVISIONAL_NO_INVENTORY_CONTEXT,NO_PHASE3_POLICY_CONTEXT,PHASE3_INVENTORY_CONTEXT_NOT_CONNECTED,0.0,0.0,LEAD_TIME_DEMAND_PLUS_BACKORDER_MINUS_CONFIRMED_INBOUND,PROVISIONAL_NO_INVENTORY_CONTEXT;BUFFER_REQUIREMENT_NOT_CONNECTED,NONE,3.4,3.13,380.0,3.6684,0.2817,0.07825,0.037559999999999996,0.14085,400,60,16,16,6.5,0.445,False,False,6,0.0,10,False,False,0.146,0.854,153.3,479.83,4.2956,95,WEEKLY,7,WEEKLY,7,13.571428571428571,95.0,407.14,814.29,1221.43,407.14,175,407.14,MIN_SUPPLIER_AND_SUPPLIER_SKU_CAPACITY,PER_DAY_NORMALIZED_TO_HORIZON,0.633,True,0.715,False,False,0,0.25,0,0.0,0.0,False,False,False,False,0,1,8,15,False,0.0,0.0,,,0.0,False,0.72,39.0,61.0,CRITICAL,True,SPLIT_DELIVERY,0.5839632617860451,0.416,MEDIUM,0.3554,0.416,1.0,0.85,0.0,0.5181199999999999,0.5181199999999999,HIGH,UNDERFORECAST_RISK_AFFECTS_PROCUREMENT,False,True,False,True,True,True,True,True,True,True,False,True,True,True,39.0,45.67,95.0,140.0,140.0,2,810.56,16,762.58,6444.91,3222.46,132.6,365.4,814.28,814.28,806.84,False,3,False,SUP-002;SUP-001;SUP-007,SUP-002:278.57;SUP-001:407.14;SUP-007:128.57,SUP-002:278.57;SUP-001:407.14;SUP-007:128.57,False,0.6011,2,"Balanced score combines landed cost, lead time, reliability, risk, quality, capacity, and backorder capability.",CAPACITY_SHORTFALL,PAYMENT_TERMS_COST_NOT_MODELED;CAPACITY_SHORTFALL,PROVISIONAL_NO_INVENTORY_CONTEXT;BUFFER_REQUIREMENT_NOT_CONNECTED,CAPACITY_PERIOD_ASSUMED,CAPACITY_PERIOD_ASSUMED,Backorder pressure should influence urgency and supplier strategy. Supplier capacity may constrain the planning quantity.,6444.91,140.0,46.03507142857143,TOTAL_RELEVANT_PROCUREMENT_COST_DIVIDED_BY_USABLE_QUANTITY,PAYMENT_TERMS_COST_NOT_MODELED;CAPACITY_SHORTFALL
SKU-TEA-002,SUP-002,EuroSource Precision,PHASE1_DEMAND_PLANNING_CONTEXT,VARIABLE,VARIABLE,361.1815,1582.1186,3208.8146,4835.5106,55.0,1.7782,1.8175,HIGH,LOW,False,True,False,False,0.0,1521.0,False,PEAK,1.0,FORECAST_HORIZON_FROM_TRUE_FUTURE_FORECAST,Underforecast risk: downstream planning should review urgency and buffers.,361.1815,1582.1186,3208.8146,4835.5106,39.0,39.0,0.0,0.0,0.0,0.0,0.0,0.0,0.0,0.0,0.0,1621.1186,1621.1186,39.0,1582.1186,False,False,True,PROVISIONAL_NO_INVENTORY_CONTEXT,NO_PHASE3_POLICY_CONTEXT,PHASE3_INVENTORY_CONTEXT_NOT_CONNECTED,0.0,0.0,LEAD_TIME_DEMAND_PLUS_BACKORDER_MINUS_CONFIRMED_INBOUND,PROVISIONAL_NO_INVENTORY_CONTEXT;BUFFER_REQUIREMENT_NOT_CONNECTED,NONE,5.84,5.37,260.0,5.9231,0.29535,0.09666,0.053700000000000005,0.10740000000000001,600,30,12,12,1.6,0.06,True,True,4,663.3,8,True,True,0.021,0.979,18.9,101.49,6.0502,65,WEEKLY,7,WEEKLY,7,9.285714285714286,65.0,278.57,557.14,835.71,278.57,145,278.57,MIN_SUPPLIER_AND_SUPPLIER_SKU_CAPACITY,PER_DAY_NORMALIZED_TO_HORIZON,0.6,True,0.73,False,True,45,0.08,70,0.0,0.0,False,False,False,False,0,1,5,10,False,0.0,0.0,,,0.0,False,0.97,39.0,61.0,CRITICAL,True,SPLIT_DELIVERY,0.9338500986193293,0.0661,LOW,0.3554,0.0661,1.0,0.85,0.0,0.430645,0.430645,MEDIUM,UNDERFORECAST_RISK_AFFECTS_PROCUREMENT,False,False,True,True,True,False,True,True,True,True,False,True,False,False,39.0,39.84,65.0,100.0,100.0,3,540.37,12,821.16,10288.6,3429.52,290.70000000000005,395.84999999999997,814.28,814.28,806.84,False,3,False,SUP-002;SUP-001;SUP-007,SUP-002:278.57;SUP-001:407.14;SUP-007:128.57,SUP-002:278.57;SUP-001:407.14;SUP-007:128.57,False,-1.0,3,Excluded from balanced selection because supplier option is not fully feasible.,CAPACITY_SHORTFALL,PAYMENT_TERMS_COST_NOT_MODELED;CAPACITY_SHORTFALL,PROVISIONAL_NO_INVENTORY_CONTEXT;BUFFER_REQUIREMENT_NOT_CONNECTED,CAPACITY_PERIOD_ASSUMED,CAPACITY_PERIOD_ASSUMED,Backorder pressure should influence urgency and supplier strategy. Expedite is available for review; do not auto-apply. Supplier capacity may constrain the planning quantity.,10288.6,100.0,102.88600000000001,TOTAL_RELEVANT_PROCUREMENT_COST_DIVIDED_BY_USABLE_QUANTITY,PAYMENT_TERMS_COST_NOT_MODELED;CAPACITY_SHORTFALL
SKU-TEA-002,SUP-005,Fallback Trade Partners,PHASE1_DEMAND_PLANNING_CONTEXT,VARIABLE,VARIABLE,361.1815,1582.1186,3208.8146,4835.5106,55.0,1.7782,1.8175,HIGH,LOW,False,True,False,False,0.0,1521.0,False,PEAK,1.0,FORECAST_HORIZON_FROM_TRUE_FUTURE_FORECAST,Underforecast risk: downstream planning should review urgency and buffers.,361.1815,1582.1186,3208.8146,4835.5106,39.0,39.0,0.0,0.0,0.0,0.0,0.0,0.0,0.0,0.0,0.0,1621.1186,1621.1186,39.0,1582.1186,False,False,True,PROVISIONAL_NO_INVENTORY_CONTEXT,NO_PHASE3_POLICY_CONTEXT,PHASE3_INVENTORY_CONTEXT_NOT_CONNECTED,0.0,0.0,LEAD_TIME_DEMAND_PLUS_BACKORDER_MINUS_CONFIRMED_INBOUND,PROVISIONAL_NO_INVENTORY_CONTEXT;BUFFER_REQUIREMENT_NOT_CONNECTED,NONE,4.27,3.93,260.0,4.492,0.29475,0.08646,0.04323,0.13755,300,45,14,14,8.1,0.375,False,False,5,0.0,9,False,False,0.096,0.904,95.04,373.51,4.969,65,WEEKLY,7,WEEKLY,7,9.285714285714286,65.0,278.57,557.14,835.71,278.57,145,278.57,MIN_SUPPLIER_AND_SUPPLIER_SKU_CAPACITY,PER_DAY_NORMALIZED_TO_HORIZON,0.81,True,0.635,False,False,0,0.25,0,0.0,0.0,False,False,False,False,0,1,7,13,False,0.0,0.0,,,0.0,False,0.78,39.0,61.0,CRITICAL,True,SPLIT_DELIVERY,0.7191934663754378,0.2808,MEDIUM,0.3554,0.2808,1.0,0.85,0.0,0.48432,0.48432,MEDIUM,UNDERFORECAST_RISK_AFFECTS_PROCUREMENT,True,False,False,False,False,True,False,True,True,True,False,True,False,False,39.0,43.14,65.0,90.0,90.0,3,540.37,14,627.93,7953.01,2650.99,214.20000000000002,456.75,814.28,814.28,806.84,False,3,False,SUP-002;SUP-001;SUP-007,SUP-002:278.57;SUP-001:407.14;SUP-007:128.57,SUP-002:278.57;SUP-001:407.14;SUP-007:128.57,False,-1.0,3,Excluded from balanced selection because supplier option is not fully feasible.,BASE_SUPPLIER_OPTION_INFEASIBLE;CAPACITY_SHORTFALL;LOW_ORDER_ACCEPTANCE_PROBABILITY,PAYMENT_TERMS_COST_NOT_MODELED;CAPACITY_SHORTFALL,PROVISIONAL_NO_INVENTORY_CONTEXT;BUFFER_REQUIREMENT_NOT_CONNECTED,CAPACITY_PERIOD_ASSUMED,CAPACITY_PERIOD_ASSUMED,Backorder pressure should influence urgency and supplier strategy. Supplier capacity may constrain the planning quantity.,7953.01,90.0,88.36677777777778,TOTAL_RELEVANT_PROCUREMENT_COST_DIVIDED_BY_USABLE_QUANTITY,PAYMENT_TERMS_COST_NOT_MODELED;CAPACITY_SHORTFALL
SKU-TEA-002,SUP-007,FlexiSource Express,PHASE1_DEMAND_PLANNING_CONTEXT,VARIABLE,VARIABLE,361.1815,1582.1186,3208.8146,4835.5106,55.0,1.7782,1.8175,HIGH,LOW,False,True,False,False,0.0,1521.0,False,PEAK,1.0,FORECAST_HORIZON_FROM_TRUE_FUTURE_FORECAST,Underforecast risk: downstream planning should review urgency and buffers.,361.1815,1582.1186,3208.8146,4835.5106,39.0,39.0,0.0,0.0,0.0,0.0,0.0,0.0,0.0,0.0,0.0,1621.1186,1621.1186,39.0,1582.1186,False,False,True,PROVISIONAL_NO_INVENTORY_CONTEXT,NO_PHASE3_POLICY_CONTEXT,PHASE3_INVENTORY_CONTEXT_NOT_CONNECTED,0.0,0.0,LEAD_TIME_DEMAND_PLUS_BACKORDER_MINUS_CONFIRMED_INBOUND,PROVISIONAL_NO_INVENTORY_CONTEXT;BUFFER_REQUIREMENT_NOT_CONNECTED,NONE,5.31,4.89,190.0,5.4181,0.2934,0.08801999999999999,0.0489,0.0978,250,30,8,8,2.6,0.155,True,True,3,661.59,5,True,False,0.061,0.939,57.34,280.39,5.7701,30,WEEKLY,7,WEEKLY,7,4.285714285714286,30.0,128.57,257.14,385.71,128.57,110,128.57,MIN_SUPPLIER_AND_SUPPLIER_SKU_CAPACITY,PER_DAY_NORMALIZED_TO_HORIZON,0.556,True,0.75,False,True,25,0.18,45,0.0,0.0,False,False,True,True,50,2,3,7,True,30.0,30.0,2026-07-29,2026-08-02,76.74,True,0.94,39.0,61.0,CRITICAL,True,SPLIT_DELIVERY,0.5503131313131313,0.4497,MEDIUM,0.3554,0.4497,1.0,0.85,0.0,0.526545,0.526545,HIGH,UNDERFORECAST_RISK_AFFECTS_PROCUREMENT,False,False,False,True,True,True,True,True,True,True,False,True,True,True,39.0,41.53,41.53,60.0,60.0,4,405.28,8,472.44,9372.78,2343.2,142.8,446.6,814.28,814.28,806.84,False,3,False,SUP-002;SUP-001;SUP-007,SUP-002:278.57;SUP-001:407.14;SUP-007:128.57,SUP-002:278.57;SUP-001:407.14;SUP-007:128.57,False,0.6122,1,"Balanced score combines landed cost, lead time, reliability, risk, quality, capacity, and backorder capability.",CAPACITY_SHORTFALL,PAYMENT_TERMS_COST_NOT_MODELED;WAREHOUSE_CAPACITY_REVIEW_REQUIRED_FOR_SPLIT_DELIVERY;CAPACITY_SHORTFALL,PROVISIONAL_NO_INVENTORY_CONTEXT;BUFFER_REQUIREMENT_NOT_CONNECTED,CAPACITY_PERIOD_ASSUMED,CAPACITY_PERIOD_ASSUMED,Backorder pressure should influence urgency and supplier strategy. Split delivery is feasible but needs warehouse capacity review. Supplier capacity may constrain the planning quantity.,9372.78,60.0,156.21300000000002,TOTAL_RELEVANT_PROCUREMENT_COST_DIVIDED_BY_USABLE_QUANTITY,PAYMENT_TERMS_COST_NOT_MODELED;WAREHOUSE_CAPACITY_REVIEW_REQUIRED_FOR_SPLIT_DELIVERY;CAPACITY_SHORTFALL
SKU-SUN-003,SUP-002,EuroSource Precision,PHASE1_DEMAND_PLANNING_CONTEXT,ERRATIC,VARIABLE,168.0,720.0,1440.0,2160.0,55.0,2.4147,2.4147,HIGH,MEDIUM,False,True,False,False,0.0,860.0,False,PEAK,1.0,FORECAST_HORIZON_FROM_TRUE_FUTURE_FORECAST,Underforecast risk: downstream planning should review urgency and buffers.,168.0,720.0,1440.0,2160.0,71.0,71.0,0.0,0.0,0.0,0.0,0.0,0.0,0.0,0.0,0.0,791.0,791.0,71.0,720.0,False,False,True,PROVISIONAL_NO_INVENTORY_CONTEXT,NO_PHASE3_POLICY_CONTEXT,PHASE3_INVENTORY_CONTEXT_NOT_CONNECTED,0.0,0.0,LEAD_TIME_DEMAND_PLUS_BACKORDER_MINUS_CONFIRMED_INBOUND,PROVISIONAL_NO_INVENTORY_CONTEXT;BUFFER_REQUIREMENT_NOT_CONNECTED,NONE,8.02,7.7,150.0,8.4931,0.4235,0.1386,0.077,0.154,600,30,13,13,1.4,0.075,True,True,4,307.05,9,True,True,0.027,0.973,4.46,34.34,8.7288,75,WEEKLY,7,WEEKLY,7,10.714285714285714,75.0,321.43,642.86,964.29,321.43,155,321.43,MIN_SUPPLIER_AND_SUPPLIER_SKU_CAPACITY,PER_DAY_NORMALIZED_TO_HORIZON,0.6,True,0.73,True,True,45,0.08,70,0.92,932.18,True,True,False,False,0,1,5,10,False,0.0,0.0,,,0.0,False,0.97,71.0,65.0,CRITICAL,True,EXPEDITE_SUPPLY,0.9338500986193293,0.0661,LOW,0.37000000000000005,0.0661,1.0,0.85,0.0,0.43502500000000005,0.43502500000000005,MEDIUM,UNDERFORECAST_RISK_AFFECTS_PROCUREMENT,False,True,False,True,True,True,True,True,True,True,False,True,True,True,71.0,72.97,75.0,110.0,110.0,3,263.67,13,1166.94,7416.14,2472.08,296.4,401.70000000000005,900.01,900.01,0.0,True,3,True,SUP-003;SUP-002;SUP-004,SUP-003:214.29;SUP-002:321.43;SUP-004:364.29,SUP-003:214.29;SUP-002:321.43;SUP-004:255.28,True,0.6314,2,"Balanced score combines landed cost, lead time, reliability, risk, quality, capacity, and backorder capability.",CAPACITY_SHORTFALL,PAYMENT_TERMS_COST_NOT_MODELED;CAPACITY_SHORTFALL,PROVISIONAL_NO_INVENTORY_CONTEXT;BUFFER_REQUIREMENT_NOT_CONNECTED,CAPACITY_PERIOD_ASSUMED,CAPACITY_PERIOD_ASSUMED,Backorder pressure should influence urgency and supplier strategy. Expedite is available for review; do not auto-apply. Supplier capacity may constrain the planning quantity.,7416.14,110.0,67.41945454545454,TOTAL_RELEVANT_PROCUREMENT_COST_DIVIDED_BY_USABLE_QUANTITY,PAYMENT_TERMS_COST_NOT_MODELED;CAPACITY_SHORTFALL
SKU-SUN-003,SUP-003,Rapid Local Supply,PHASE1_DEMAND_PLANNING_CONTEXT,ERRATIC,VARIABLE,168.0,720.0,1440.0,2160.0,55.0,2.4147,2.4147,HIGH,MEDIUM,False,True,False,False,0.0,860.0,False,PEAK,1.0,FORECAST_HORIZON_FROM_TRUE_FUTURE_FORECAST,Underforecast risk: downstream planning should review urgency and buffers.,168.0,720.0,1440.0,2160.0,71.0,71.0,0.0,0.0,0.0,0.0,0.0,0.0,0.0,0.0,0.0,791.0,791.0,71.0,720.0,False,False,True,PROVISIONAL_NO_INVENTORY_CONTEXT,NO_PHASE3_POLICY_CONTEXT,PHASE3_INVENTORY_CONTEXT_NOT_CONNECTED,0.0,0.0,LEAD_TIME_DEMAND_PLUS_BACKORDER_MINUS_CONFIRMED_INBOUND,PROVISIONAL_NO_INVENTORY_CONTEXT;BUFFER_REQUIREMENT_NOT_CONNECTED,NONE,6.34,6.09,100.0,6.4615,0.21315,0.1218,0.03654,0.0,180,15,7,7,1.1,0.15,True,True,2,160.26,5,True,True,0.132,0.868,23.1,140.68,7.4441,50,WEEKLY,7,WEEKLY,7,7.142857142857143,50.0,214.29,428.57,642.86,214.29,130,214.29,MIN_SUPPLIER_AND_SUPPLIER_SKU_CAPACITY,PER_DAY_NORMALIZED_TO_HORIZON,0.726,True,0.673,True,True,21,0.15,35,0.85,804.12,False,False,False,True,40,2,2,4,False,0.0,0.0,,,0.0,False,0.92,71.0,65.0,CRITICAL,True,EXPEDITE_SUPPLY,0.9479291465378422,0.0521,LOW,0.37000000000000005,0.0521,1.0,0.85,0.0,0.431525,0.431525,MEDIUM,UNDERFORECAST_RISK_AFFECTS_PROCUREMENT,False,False,True,True,True,True,True,True,True,True,False,True,False,False,71.0,81.8,81.8,105.0,105.0,5,158.2,7,828.36,5860.55,1172.11,286.0,463.5,900.01,900.01,0.0,True,3,True,SUP-003;SUP-002;SUP-004,SUP-003:214.29;SUP-002:321.43;SUP-004:364.29,SUP-003:214.29;SUP-002:321.43;SUP-004:255.28,True,-1.0,3,Excluded from balanced selection because supplier option is not fully feasible.,CAPACITY_SHORTFALL;LOW_ORDER_ACCEPTANCE_PROBABILITY,CUSTOMS_COST_FALLBACK_USED;PAYMENT_TERMS_COST_NOT_MODELED;CAPACITY_SHORTFALL,PROVISIONAL_NO_INVENTORY_CONTEXT;BUFFER_REQUIREMENT_NOT_CONNECTED,CAPACITY_PERIOD_ASSUMED,CAPACITY_PERIOD_ASSUMED,Backorder pressure should influence urgency and supplier strategy. Expedite is available for review; do not auto-apply. Supplier capacity may constrain the planning quantity.,5860.55,105.0,55.81476190476191,TOTAL_RELEVANT_PROCUREMENT_COST_DIVIDED_BY_USABLE_QUANTITY,CUSTOMS_COST_FALLBACK_USED;PAYMENT_TERMS_COST_NOT_MODELED;CAPACITY_SHORTFALL
SKU-SUN-003,SUP-004,Nordic Stable Logistics,PHASE1_DEMAND_PLANNING_CONTEXT,ERRATIC,VARIABLE,168.0,720.0,1440.0,2160.0,55.0,2.4147,2.4147,HIGH,MEDIUM,False,True,False,False,0.0,860.0,False,PEAK,1.0,FORECAST_HORIZON_FROM_TRUE_FUTURE_FORECAST,Underforecast risk: downstream planning should review urgency and buffers.,168.0,720.0,1440.0,2160.0,71.0,71.0,0.0,0.0,0.0,0.0,0.0,0.0,0.0,0.0,0.0,791.0,791.0,71.0,720.0,False,False,True,PROVISIONAL_NO_INVENTORY_CONTEXT,NO_PHASE3_POLICY_CONTEXT,PHASE3_INVENTORY_CONTEXT_NOT_CONNECTED,0.0,0.0,LEAD_TIME_DEMAND_PLUS_BACKORDER_MINUS_CONFIRMED_INBOUND,PROVISIONAL_NO_INVENTORY_CONTEXT;BUFFER_REQUIREMENT_NOT_CONNECTED,NONE,6.7,6.43,170.0,7.0408,0.3215,0.10288,0.05786999999999999,0.1286,650,45,25,25,2.0,0.1,False,False,9,0.0,16,False,False,0.047,0.953,8.46,54.4,7.388,85,WEEKLY,7,WEEKLY,7,12.142857142857142,85.0,364.29,728.57,1092.86,364.29,165,364.29,MIN_SUPPLIER_AND_SUPPLIER_SKU_CAPACITY,PER_DAY_NORMALIZED_TO_HORIZON,0.658,True,0.704,True,True,30,0.12,55,0.88,802.05,True,False,False,True,80,3,12,22,False,0.0,0.0,,,0.0,False,0.96,71.0,65.0,CRITICAL,True,EXPEDITE_SUPPLY,0.9247519035616946,0.0752,LOW,0.37000000000000005,0.0752,1.0,0.85,0.0,0.4373,0.4373,MEDIUM,UNDERFORECAST_RISK_AFFECTS_PROCUREMENT,True,False,False,True,True,True,True,True,True,True,False,True,True,True,71.0,74.5,85.0,120.0,120.0,2,395.5,25,1010.55,5900.57,2950.29,176.8,154.5,900.01,900.01,0.0,True,3,True,SUP-003;SUP-002;SUP-004,SUP-003:214.29;SUP-002:321.43;SUP-004:364.29,SUP-003:214.29;SUP-002:321.43;SUP-004:255.28,True,0.6943,1,"Balanced score combines landed cost, lead time, reliability, risk, quality, capacity, and backorder capability.",CAPACITY_SHORTFALL,PAYMENT_TERMS_COST_NOT_MODELED;CAPACITY_SHORTFALL,PROVISIONAL_NO_INVENTORY_CONTEXT;BUFFER_REQUIREMENT_NOT_CONNECTED,CAPACITY_PERIOD_ASSUMED,CAPACITY_PERIOD_ASSUMED,Backorder pressure should influence urgency and supplier strategy. Supplier capacity may constrain the planning quantity.,5900.57,120.0,49.171416666666666,TOTAL_RELEVANT_PROCUREMENT_COST_DIVIDED_BY_USABLE_QUANTITY,PAYMENT_TERMS_COST_NOT_MODELED;CAPACITY_SHORTFALL
SKU-SUN-003,SUP-005,Fallback Trade Partners,PHASE1_DEMAND_PLANNING_CONTEXT,ERRATIC,VARIABLE,168.0,720.0,1440.0,2160.0,55.0,2.4147,2.4147,HIGH,MEDIUM,False,True,False,False,0.0,860.0,False,PEAK,1.0,FORECAST_HORIZON_FROM_TRUE_FUTURE_FORECAST,Underforecast risk: downstream planning should review urgency and buffers.,168.0,720.0,1440.0,2160.0,71.0,71.0,0.0,0.0,0.0,0.0,0.0,0.0,0.0,0.0,0.0,791.0,791.0,71.0,720.0,False,False,True,PROVISIONAL_NO_INVENTORY_CONTEXT,NO_PHASE3_POLICY_CONTEXT,PHASE3_INVENTORY_CONTEXT_NOT_CONNECTED,0.0,0.0,LEAD_TIME_DEMAND_PLUS_BACKORDER_MINUS_CONFIRMED_INBOUND,PROVISIONAL_NO_INVENTORY_CONTEXT;BUFFER_REQUIREMENT_NOT_CONNECTED,NONE,5.87,5.64,140.0,6.4465,0.423,0.12407999999999998,0.06203999999999999,0.19740000000000002,300,45,16,16,7.8,0.39,False,False,5,0.0,11,False,False,0.102,0.898,16.83,94.92,7.1787,70,WEEKLY,7,WEEKLY,7,10.0,70.0,300.0,600.0,900.0,300.0,150,300.0,MIN_SUPPLIER_AND_SUPPLIER_SKU_CAPACITY,PER_DAY_NORMALIZED_TO_HORIZON,0.81,True,0.635,False,False,0,0.25,0,0.0,0.0,False,False,False,False,0,1,7,13,False,0.0,0.0,,,0.0,False,0.78,71.0,65.0,CRITICAL,True,EXPEDITE_SUPPLY,0.7191934663754378,0.2808,MEDIUM,0.37000000000000005,0.2808,1.0,0.85,0.0,0.4887,0.4887,MEDIUM,UNDERFORECAST_RISK_AFFECTS_PROCUREMENT,True,False,False,False,False,True,False,True,True,True,False,True,False,False,71.0,79.06,79.06,110.0,110.0,2,395.5,16,936.42,5553.78,2776.89,145.6,309.0,900.01,900.01,0.0,True,3,True,SUP-003;SUP-002;SUP-004,SUP-003:214.29;SUP-002:321.43;SUP-004:364.29,SUP-003:214.29;SUP-002:321.43;SUP-004:255.28,True,-1.0,3,Excluded from balanced selection because supplier option is not fully feasible.,BASE_SUPPLIER_OPTION_INFEASIBLE;CAPACITY_SHORTFALL;LOW_ORDER_ACCEPTANCE_PROBABILITY,PAYMENT_TERMS_COST_NOT_MODELED;CAPACITY_SHORTFALL,PROVISIONAL_NO_INVENTORY_CONTEXT;BUFFER_REQUIREMENT_NOT_CONNECTED,CAPACITY_PERIOD_ASSUMED,CAPACITY_PERIOD_ASSUMED,Backorder pressure should influence urgency and supplier strategy. Supplier capacity may constrain the planning quantity.,5553.78,110.0,50.48890909090909,TOTAL_RELEVANT_PROCUREMENT_COST_DIVIDED_BY_USABLE_QUANTITY,PAYMENT_TERMS_COST_NOT_MODELED;CAPACITY_SHORTFALL
SKU-SUP-004,SUP-001,Budget Global Export,PHASE1_DEMAND_PLANNING_CONTEXT,VARIABLE,VARIABLE,53.5958,229.3571,458.6437,687.9307,6.16,0.2054,0.2051,HIGH,MEDIUM,False,False,True,False,0.0,329.0,False,OFF_SEASON,1.0,FORECAST_HORIZON_FROM_TRUE_FUTURE_FORECAST,Use as downstream demand planning context with standard review.,53.5958,229.3571,458.6437,687.9307,59.0,59.0,0.0,0.0,0.0,0.0,0.0,0.0,0.0,0.0,0.0,288.3571,288.3571,59.0,229.3571,False,False,True,PROVISIONAL_NO_INVENTORY_CONTEXT,NO_PHASE3_POLICY_CONTEXT,PHASE3_INVENTORY_CONTEXT_NOT_CONNECTED,0.0,0.0,LEAD_TIME_DEMAND_PLUS_BACKORDER_MINUS_CONFIRMED_INBOUND,PROVISIONAL_NO_INVENTORY_CONTEXT;BUFFER_REQUIREMENT_NOT_CONNECTED,NONE,6.0,5.52,480.0,6.4694,0.49679999999999996,0.13799999999999998,0.06624,0.24839999999999998,400,60,15,15,6.5,0.475,False,False,6,0.0,9,False,False,0.14,0.86,201.6,1112.83,7.5226,120,WEEKLY,7,WEEKLY,7,17.142857142857142,120.0,514.29,1028.57,1542.86,514.29,200,514.29,MIN_SUPPLIER_AND_SUPPLIER_SKU_CAPACITY,PER_DAY_NORMALIZED_TO_HORIZON,0.633,False,0.715,False,False,0,0.25,0,0.0,0.0,False,False,False,False,0,1,8,15,False,0.0,0.0,,,0.0,False,0.72,59.0,69.0,HIGH,True,SPLIT_DELIVERY,0.5839632617860451,0.416,MEDIUM,0.0154,0.416,0.75,0.0,0.0,0.24362,0.24362,LOW,NONE,False,True,False,True,True,True,True,True,True,True,True,True,True,True,59.0,68.6,120.0,180.0,180.0,2,144.18,15,1417.59,2371.7,1185.86,130.0,376.2,2164.29,2164.29,0.0,True,1,False,SUP-004,SUP-004:407.14,SUP-004:288.36,False,0.6074,1,"Balanced score combines landed cost, lead time, reliability, risk, quality, capacity, and backorder capability.",NONE,PAYMENT_TERMS_COST_NOT_MODELED,PROVISIONAL_NO_INVENTORY_CONTEXT;BUFFER_REQUIREMENT_NOT_CONNECTED,CAPACITY_PERIOD_ASSUMED,CAPACITY_PERIOD_ASSUMED,Backorder pressure should influence urgency and supplier strategy.,2371.7,180.0,13.17611111111111,TOTAL_RELEVANT_PROCUREMENT_COST_DIVIDED_BY_USABLE_QUANTITY,PAYMENT_TERMS_COST_NOT_MODELED
SKU-SUP-004,SUP-004,Nordic Stable Logistics,PHASE1_DEMAND_PLANNING_CONTEXT,VARIABLE,VARIABLE,53.5958,229.3571,458.6437,687.9307,6.16,0.2054,0.2051,HIGH,MEDIUM,False,False,True,False,0.0,329.0,False,OFF_SEASON,1.0,FORECAST_HORIZON_FROM_TRUE_FUTURE_FORECAST,Use as downstream demand planning context with standard review.,53.5958,229.3571,458.6437,687.9307,59.0,59.0,0.0,0.0,0.0,0.0,0.0,0.0,0.0,0.0,0.0,288.3571,288.3571,59.0,229.3571,False,False,True,PROVISIONAL_NO_INVENTORY_CONTEXT,NO_PHASE3_POLICY_CONTEXT,PHASE3_INVENTORY_CONTEXT_NOT_CONNECTED,0.0,0.0,LEAD_TIME_DEMAND_PLUS_BACKORDER_MINUS_CONFIRMED_INBOUND,PROVISIONAL_NO_INVENTORY_CONTEXT;BUFFER_REQUIREMENT_NOT_CONNECTED,NONE,8.61,7.92,380.0,8.6724,0.396,0.12672,0.07128,0.1584,650,45,22,22,2.2,0.115,False,False,9,0.0,13,False,False,0.035,0.965,44.1,349.27,8.9869,95,WEEKLY,7,WEEKLY,7,13.571428571428571,95.0,407.14,814.29,1221.43,407.14,175,407.14,MIN_SUPPLIER_AND_SUPPLIER_SKU_CAPACITY,PER_DAY_NORMALIZED_TO_HORIZON,0.658,False,0.704,True,True,30,0.12,55,0.88,8532.46,True,False,True,True,80,3,12,22,True,70.0,70.0,2026-08-07,2026-08-17,144.9,True,0.96,59.0,69.0,HIGH,True,SPLIT_DELIVERY,0.9247519035616946,0.0752,LOW,0.0154,0.0752,0.75,0.0,0.0,0.15842,0.15842,LOW,NONE,True,False,True,True,True,True,True,True,True,True,True,True,True,True,59.0,61.14,95.0,140.0,140.0,2,144.18,22,1377.52,2827.51,1413.77,170.0,156.76,2164.29,2164.29,0.0,True,1,False,SUP-004,SUP-004:407.14,SUP-004:288.36,False,0.5683,2,"Balanced score combines landed cost, lead time, reliability, risk, quality, capacity, and backorder capability.",NONE,PAYMENT_TERMS_COST_NOT_MODELED;WAREHOUSE_CAPACITY_REVIEW_REQUIRED_FOR_SPLIT_DELIVERY,PROVISIONAL_NO_INVENTORY_CONTEXT;BUFFER_REQUIREMENT_NOT_CONNECTED,CAPACITY_PERIOD_ASSUMED,CAPACITY_PERIOD_ASSUMED,Backorder pressure should influence urgency and supplier strategy. Split delivery is feasible but needs warehouse capacity review.,2827.51,140.0,20.1965,TOTAL_RELEVANT_PROCUREMENT_COST_DIVIDED_BY_USABLE_QUANTITY,PAYMENT_TERMS_COST_NOT_MODELED;WAREHOUSE_CAPACITY_REVIEW_REQUIRED_FOR_SPLIT_DELIVERY
SKU-SUP-004,SUP-006,MegaBulk Manufacturing,PHASE1_DEMAND_PLANNING_CONTEXT,VARIABLE,VARIABLE,53.5958,229.3571,458.6437,687.9307,6.16,0.2054,0.2051,HIGH,MEDIUM,False,False,True,False,0.0,329.0,False,OFF_SEASON,1.0,FORECAST_HORIZON_FROM_TRUE_FUTURE_FORECAST,Use as downstream demand planning context with standard review.,53.5958,229.3571,458.6437,687.9307,59.0,59.0,0.0,0.0,0.0,0.0,0.0,0.0,0.0,0.0,0.0,288.3571,288.3571,59.0,229.3571,False,False,True,PROVISIONAL_NO_INVENTORY_CONTEXT,NO_PHASE3_POLICY_CONTEXT,PHASE3_INVENTORY_CONTEXT_NOT_CONNECTED,0.0,0.0,LEAD_TIME_DEMAND_PLUS_BACKORDER_MINUS_CONFIRMED_INBOUND,PROVISIONAL_NO_INVENTORY_CONTEXT;BUFFER_REQUIREMENT_NOT_CONNECTED,NONE,5.53,5.09,1000.0,5.9248,0.4072,0.1018,0.07126,0.2545,1000,75,16,16,4.5,0.285,False,False,7,0.0,9,False,False,0.065,0.935,91.0,463.19,6.3367,250,WEEKLY,7,WEEKLY,7,35.714285714285715,250.0,1071.43,2142.86,3214.29,1071.43,330,1071.43,MIN_SUPPLIER_AND_SUPPLIER_SKU_CAPACITY,PER_DAY_NORMALIZED_TO_HORIZON,0.629,False,0.717,False,False,0,0.25,0,0.0,0.0,False,False,True,True,160,4,8,16,True,200.0,200.0,2026-08-03,2026-08-11,201.08,True,0.9,59.0,69.0,HIGH,True,SPLIT_DELIVERY,0.7295315359868859,0.2705,MEDIUM,0.0154,0.2705,0.75,0.0,0.0,0.207245,0.207245,LOW,NONE,True,False,False,True,True,True,True,True,False,False,True,True,False,False,59.0,63.1,250.0,400.0,400.0,2,144.18,16,2623.07,2214.76,1107.39,360.0,146.3,2164.29,2164.29,0.0,True,1,False,SUP-004,SUP-004:407.14,SUP-004:288.36,False,-1.0,4,Excluded from balanced selection because supplier option is not fully feasible.,NONE,PAYMENT_TERMS_COST_NOT_MODELED;WAREHOUSE_CAPACITY_REVIEW_REQUIRED_FOR_SPLIT_DELIVERY,PROVISIONAL_NO_INVENTORY_CONTEXT;BUFFER_REQUIREMENT_NOT_CONNECTED,CAPACITY_PERIOD_ASSUMED,CAPACITY_PERIOD_ASSUMED,Backorder pressure should influence urgency and supplier strategy. Split delivery is feasible but needs warehouse capacity review.,2214.76,400.0,5.5369,TOTAL_RELEVANT_PROCUREMENT_COST_DIVIDED_BY_USABLE_QUANTITY,PAYMENT_TERMS_COST_NOT_MODELED;WAREHOUSE_CAPACITY_REVIEW_REQUIRED_FOR_SPLIT_DELIVERY
SKU-SUP-004,SUP-007,FlexiSource Express,PHASE1_DEMAND_PLANNING_CONTEXT,VARIABLE,VARIABLE,53.5958,229.3571,458.6437,687.9307,6.16,0.2054,0.2051,HIGH,MEDIUM,False,False,True,False,0.0,329.0,False,OFF_SEASON,1.0,FORECAST_HORIZON_FROM_TRUE_FUTURE_FORECAST,Use as downstream demand planning context with standard review.,53.5958,229.3571,458.6437,687.9307,59.0,59.0,0.0,0.0,0.0,0.0,0.0,0.0,0.0,0.0,0.0,288.3571,288.3571,59.0,229.3571,False,False,True,PROVISIONAL_NO_INVENTORY_CONTEXT,NO_PHASE3_POLICY_CONTEXT,PHASE3_INVENTORY_CONTEXT_NOT_CONNECTED,0.0,0.0,LEAD_TIME_DEMAND_PLUS_BACKORDER_MINUS_CONFIRMED_INBOUND,PROVISIONAL_NO_INVENTORY_CONTEXT;BUFFER_REQUIREMENT_NOT_CONNECTED,NONE,9.38,8.63,200.0,9.562,0.5178,0.15534,0.08630000000000002,0.17260000000000003,250,30,7,7,2.6,0.185,True,False,3,0.0,4,False,False,0.055,0.945,70.95,612.3,10.1185,40,WEEKLY,7,WEEKLY,7,5.714285714285714,40.0,171.43,342.86,514.29,171.43,120,171.43,MIN_SUPPLIER_AND_SUPPLIER_SKU_CAPACITY,PER_DAY_NORMALIZED_TO_HORIZON,0.556,True,0.75,True,True,25,0.18,45,0.82,8959.67,True,False,True,True,50,2,3,7,True,45.0,45.0,2026-07-29,2026-08-02,96.07,True,0.94,59.0,69.0,HIGH,True,SPLIT_DELIVERY,0.5503131313131313,0.4497,MEDIUM,0.0154,0.4497,0.75,0.85,0.0,0.379545,0.379545,MEDIUM,NONE,False,False,False,True,True,True,True,True,True,True,False,True,True,True,59.0,62.43,62.43,90.0,90.0,5,57.67,7,1010.53,3507.02,701.39,175.0,574.75,2164.29,2164.29,0.0,True,1,False,SUP-004,SUP-004:407.14,SUP-004:288.36,False,0.547,3,"Balanced score combines landed cost, lead time, reliability, risk, quality, capacity, and backorder capability.",CAPACITY_SHORTFALL,PAYMENT_TERMS_COST_NOT_MODELED;WAREHOUSE_CAPACITY_REVIEW_REQUIRED_FOR_SPLIT_DELIVERY;CAPACITY_SHORTFALL,PROVISIONAL_NO_INVENTORY_CONTEXT;BUFFER_REQUIREMENT_NOT_CONNECTED,CAPACITY_PERIOD_ASSUMED,CAPACITY_PERIOD_ASSUMED,Backorder pressure should influence urgency and supplier strategy. Split delivery is feasible but needs warehouse capacity review. Supplier capacity may constrain the planning quantity.,3507.02,90.0,38.96688888888889,TOTAL_RELEVANT_PROCUREMENT_COST_DIVIDED_BY_USABLE_QUANTITY,PAYMENT_TERMS_COST_NOT_MODELED;WAREHOUSE_CAPACITY_REVIEW_REQUIRED_FOR_SPLIT_DELIVERY;CAPACITY_SHORTFALL
SKU-CHC-005,SUP-002,EuroSource Precision,PHASE1_DEMAND_PLANNING_CONTEXT,SMOOTH,STABLE,133.0028,570.012,1140.024,1710.036,26.98,0.8993,0.8993,HIGH,LOW,False,False,False,False,0.0,570.0,False,NON_SEASONAL,1.0,FORECAST_HORIZON_FROM_TRUE_FUTURE_FORECAST,Stable demand profile; suitable for standard replenishment logic.,133.0028,570.012,1140.024,1710.036,62.0,62.0,0.0,0.0,0.0,0.0,0.0,0.0,0.0,0.0,0.0,632.012,632.012,62.0,570.012,False,False,True,PROVISIONAL_NO_INVENTORY_CONTEXT,NO_PHASE3_POLICY_CONTEXT,PHASE3_INVENTORY_CONTEXT_NOT_CONNECTED,0.0,0.0,LEAD_TIME_DEMAND_PLUS_BACKORDER_MINUS_CONFIRMED_INBOUND,PROVISIONAL_NO_INVENTORY_CONTEXT;BUFFER_REQUIREMENT_NOT_CONNECTED,NONE,12.68,11.67,220.0,12.872,0.64185,0.21006,0.1167,0.2334,600,30,12,12,1.4,0.045,True,True,4,460.08,8,True,True,0.021,0.979,5.04,58.82,13.1481,70,WEEKLY,7,WEEKLY,7,10.0,70.0,300.0,600.0,900.0,300.0,150,300.0,MIN_SUPPLIER_AND_SUPPLIER_SKU_CAPACITY,PER_DAY_NORMALIZED_TO_HORIZON,0.6,True,0.73,True,True,45,0.08,70,0.92,2267.01,True,True,False,False,0,1,5,10,False,0.0,0.0,,,0.0,False,0.97,62.0,73.0,CRITICAL,True,EXPEDITE_SUPPLY,0.9338500986193293,0.0661,LOW,0.06745,0.0661,1.0,0.85,0.0,0.34426,0.34426,MEDIUM,NONE,False,True,False,True,True,True,True,True,True,True,False,True,True,True,62.0,63.33,63.33,80.0,80.0,3,210.67,12,1256.66,8815.96,2938.64,290.70000000000005,390.0,1200.0,1200.0,0.0,True,3,True,SUP-003;SUP-002;SUP-006,SUP-003:171.43;SUP-002:300.0;SUP-006:728.57,SUP-003:171.43;SUP-002:300.0;SUP-006:160.58,True,0.6021,1,"Balanced score combines landed cost, lead time, reliability, risk, quality, capacity, and backorder capability.",CAPACITY_SHORTFALL,PAYMENT_TERMS_COST_NOT_MODELED;CAPACITY_SHORTFALL,PROVISIONAL_NO_INVENTORY_CONTEXT;BUFFER_REQUIREMENT_NOT_CONNECTED,CAPACITY_PERIOD_ASSUMED,CAPACITY_PERIOD_ASSUMED,Backorder pressure should influence urgency and supplier strategy. Expedite is available for review; do not auto-apply. Supplier capacity may constrain the planning quantity.,8815.96,80.0,110.19949999999999,TOTAL_RELEVANT_PROCUREMENT_COST_DIVIDED_BY_USABLE_QUANTITY,PAYMENT_TERMS_COST_NOT_MODELED;CAPACITY_SHORTFALL
SKU-CHC-005,SUP-003,Rapid Local Supply,PHASE1_DEMAND_PLANNING_CONTEXT,SMOOTH,STABLE,133.0028,570.012,1140.024,1710.036,26.98,0.8993,0.8993,HIGH,LOW,False,False,False,False,0.0,570.0,False,NON_SEASONAL,1.0,FORECAST_HORIZON_FROM_TRUE_FUTURE_FORECAST,Stable demand profile; suitable for standard replenishment logic.,133.0028,570.012,1140.024,1710.036,62.0,62.0,0.0,0.0,0.0,0.0,0.0,0.0,0.0,0.0,0.0,632.012,632.012,62.0,570.012,False,False,True,PROVISIONAL_NO_INVENTORY_CONTEXT,NO_PHASE3_POLICY_CONTEXT,PHASE3_INVENTORY_CONTEXT_NOT_CONNECTED,0.0,0.0,LEAD_TIME_DEMAND_PLUS_BACKORDER_MINUS_CONFIRMED_INBOUND,PROVISIONAL_NO_INVENTORY_CONTEXT;BUFFER_REQUIREMENT_NOT_CONNECTED,NONE,10.03,9.63,90.0,10.2174,0.33705000000000007,0.19260000000000002,0.057780000000000005,0.0,180,15,6,6,1.1,0.12,True,True,2,190.56,4,True,True,0.126,0.874,18.9,182.01,11.6904,40,WEEKLY,7,WEEKLY,7,5.714285714285714,40.0,171.43,342.86,514.29,171.43,120,171.43,MIN_SUPPLIER_AND_SUPPLIER_SKU_CAPACITY,PER_DAY_NORMALIZED_TO_HORIZON,0.726,True,0.673,True,True,21,0.15,35,0.85,1095.97,False,False,True,True,40,2,2,4,True,37.5,37.5,2026-07-28,2026-07-30,70.28,True,0.92,62.0,73.0,CRITICAL,True,EXPEDITE_SUPPLY,0.9479291465378422,0.0521,LOW,0.06745,0.0521,1.0,0.85,0.0,0.34076,0.34076,MEDIUM,NONE,False,False,True,True,True,True,True,True,True,True,False,True,False,False,62.0,70.94,70.94,75.0,75.0,5,126.4,7,912.4,7188.02,1437.58,280.5,450.0,1200.0,1200.0,0.0,True,3,True,SUP-003;SUP-002;SUP-006,SUP-003:171.43;SUP-002:300.0;SUP-006:728.57,SUP-003:171.43;SUP-002:300.0;SUP-006:160.58,True,-1.0,2,Excluded from balanced selection because supplier option is not fully feasible.,CAPACITY_SHORTFALL;LOW_ORDER_ACCEPTANCE_PROBABILITY,CUSTOMS_COST_FALLBACK_USED;PAYMENT_TERMS_COST_NOT_MODELED;WAREHOUSE_CAPACITY_REVIEW_REQUIRED_FOR_SPLIT_DELIVERY;CAPACITY_SHORTFALL,PROVISIONAL_NO_INVENTORY_CONTEXT;BUFFER_REQUIREMENT_NOT_CONNECTED,CAPACITY_PERIOD_ASSUMED,CAPACITY_PERIOD_ASSUMED,Backorder pressure should influence urgency and supplier strategy. Expedite is available for review; do not auto-apply. Split delivery is feasible but needs warehouse capacity review. Supplier capacity may constrain the planning quantity.,7188.02,75.0,95.84026666666668,TOTAL_RELEVANT_PROCUREMENT_COST_DIVIDED_BY_USABLE_QUANTITY,CUSTOMS_COST_FALLBACK_USED;PAYMENT_TERMS_COST_NOT_MODELED;WAREHOUSE_CAPACITY_REVIEW_REQUIRED_FOR_SPLIT_DELIVERY;CAPACITY_SHORTFALL
SKU-CHC-005,SUP-005,Fallback Trade Partners,PHASE1_DEMAND_PLANNING_CONTEXT,SMOOTH,STABLE,133.0028,570.012,1140.024,1710.036,26.98,0.8993,0.8993,HIGH,LOW,False,False,False,False,0.0,570.0,False,NON_SEASONAL,1.0,FORECAST_HORIZON_FROM_TRUE_FUTURE_FORECAST,Stable demand profile; suitable for standard replenishment logic.,133.0028,570.012,1140.024,1710.036,62.0,62.0,0.0,0.0,0.0,0.0,0.0,0.0,0.0,0.0,0.0,632.012,632.012,62.0,570.012,False,False,True,PROVISIONAL_NO_INVENTORY_CONTEXT,NO_PHASE3_POLICY_CONTEXT,PHASE3_INVENTORY_CONTEXT_NOT_CONNECTED,0.0,0.0,LEAD_TIME_DEMAND_PLUS_BACKORDER_MINUS_CONFIRMED_INBOUND,PROVISIONAL_NO_INVENTORY_CONTEXT;BUFFER_REQUIREMENT_NOT_CONNECTED,NONE,9.27,8.53,220.0,9.7498,0.6397499999999999,0.18765999999999997,0.09382999999999998,0.29855,300,45,14,14,7.8,0.36,False,False,5,0.0,9,False,False,0.096,0.904,30.72,262.04,10.7852,55,WEEKLY,7,WEEKLY,7,7.857142857142857,55.0,235.71,471.43,707.14,235.71,135,235.71,MIN_SUPPLIER_AND_SUPPLIER_SKU_CAPACITY,PER_DAY_NORMALIZED_TO_HORIZON,0.81,True,0.635,False,False,0,0.25,0,0.0,0.0,False,False,False,False,0,1,7,13,False,0.0,0.0,,,0.0,False,0.78,62.0,73.0,CRITICAL,True,EXPEDITE_SUPPLY,0.7191934663754378,0.2808,MEDIUM,0.06745,0.2808,1.0,0.85,0.0,0.397935,0.397935,MEDIUM,NONE,True,False,False,False,False,True,False,True,True,True,False,True,False,False,62.0,68.58,68.58,80.0,80.0,3,210.67,14,1001.38,6826.19,2275.39,214.20000000000002,450.0,1200.0,1200.0,0.0,True,3,True,SUP-003;SUP-002;SUP-006,SUP-003:171.43;SUP-002:300.0;SUP-006:728.57,SUP-003:171.43;SUP-002:300.0;SUP-006:160.58,True,-1.0,2,Excluded from balanced selection because supplier option is not fully feasible.,BASE_SUPPLIER_OPTION_INFEASIBLE;CAPACITY_SHORTFALL;LOW_ORDER_ACCEPTANCE_PROBABILITY,PAYMENT_TERMS_COST_NOT_MODELED;CAPACITY_SHORTFALL,PROVISIONAL_NO_INVENTORY_CONTEXT;BUFFER_REQUIREMENT_NOT_CONNECTED,CAPACITY_PERIOD_ASSUMED,CAPACITY_PERIOD_ASSUMED,Backorder pressure should influence urgency and supplier strategy. Supplier capacity may constrain the planning quantity.,6826.19,80.0,85.32737499999999,TOTAL_RELEVANT_PROCUREMENT_COST_DIVIDED_BY_USABLE_QUANTITY,PAYMENT_TERMS_COST_NOT_MODELED;CAPACITY_SHORTFALL
SKU-CHC-005,SUP-006,MegaBulk Manufacturing,PHASE1_DEMAND_PLANNING_CONTEXT,SMOOTH,STABLE,133.0028,570.012,1140.024,1710.036,26.98,0.8993,0.8993,HIGH,LOW,False,False,False,False,0.0,570.0,False,NON_SEASONAL,1.0,FORECAST_HORIZON_FROM_TRUE_FUTURE_FORECAST,Stable demand profile; suitable for standard replenishment logic.,133.0028,570.012,1140.024,1710.036,62.0,62.0,0.0,0.0,0.0,0.0,0.0,0.0,0.0,0.0,0.0,632.012,632.012,62.0,570.012,False,False,True,PROVISIONAL_NO_INVENTORY_CONTEXT,NO_PHASE3_POLICY_CONTEXT,PHASE3_INVENTORY_CONTEXT_NOT_CONNECTED,0.0,0.0,LEAD_TIME_DEMAND_PLUS_BACKORDER_MINUS_CONFIRMED_INBOUND,PROVISIONAL_NO_INVENTORY_CONTEXT;BUFFER_REQUIREMENT_NOT_CONNECTED,NONE,6.81,6.54,340.0,7.6126,0.5232,0.1308,0.09156,0.327,1000,75,18,18,4.2,0.24,False,False,7,0.0,11,False,False,0.071,0.929,28.76,188.09,8.1944,170,WEEKLY,7,WEEKLY,7,24.285714285714285,170.0,728.57,1457.14,2185.71,728.57,250,728.57,MIN_SUPPLIER_AND_SUPPLIER_SKU_CAPACITY,PER_DAY_NORMALIZED_TO_HORIZON,0.629,False,0.717,False,False,0,0.25,0,0.0,0.0,False,False,True,True,160,4,8,16,True,135.0,135.0,2026-08-03,2026-08-11,192.97,True,0.9,62.0,73.0,CRITICAL,True,EXPEDITE_SUPPLY,0.7295315359868859,0.2705,MEDIUM,0.06745,0.2705,1.0,0.0,0.0,0.26786,0.26786,MEDIUM,NONE,True,False,False,True,True,True,True,True,False,False,True,True,False,False,62.0,66.74,170.0,270.0,270.0,2,316.01,18,2309.0,5318.45,2659.26,367.2,140.0,1200.0,1200.0,0.0,True,3,True,SUP-003;SUP-002;SUP-006,SUP-003:171.43;SUP-002:300.0;SUP-006:728.57,SUP-003:171.43;SUP-002:300.0;SUP-006:160.58,True,-1.0,2,Excluded from balanced selection because supplier option is not fully feasible.,NONE,PAYMENT_TERMS_COST_NOT_MODELED;WAREHOUSE_CAPACITY_REVIEW_REQUIRED_FOR_SPLIT_DELIVERY,PROVISIONAL_NO_INVENTORY_CONTEXT;BUFFER_REQUIREMENT_NOT_CONNECTED,CAPACITY_PERIOD_ASSUMED,CAPACITY_PERIOD_ASSUMED,Backorder pressure should influence urgency and supplier strategy. Split delivery is feasible but needs warehouse capacity review.,5318.45,270.0,19.69796296296296,TOTAL_RELEVANT_PROCUREMENT_COST_DIVIDED_BY_USABLE_QUANTITY,PAYMENT_TERMS_COST_NOT_MODELED;WAREHOUSE_CAPACITY_REVIEW_REQUIRED_FOR_SPLIT_DELIVERY
SKU-BBQ-006,SUP-001,Budget Global Export,PHASE1_DEMAND_PLANNING_CONTEXT,VARIABLE,VARIABLE,175.058,750.1829,1500.3437,2250.503,55.0,1.9604,1.9602,HIGH,LOW,False,True,False,False,0.0,745.0,False,PEAK,1.0,FORECAST_HORIZON_FROM_TRUE_FUTURE_FORECAST,Underforecast risk: downstream planning should review urgency and buffers.,175.058,750.1829,1500.3437,2250.503,107.0,107.0,0.0,0.0,0.0,0.0,0.0,0.0,0.0,0.0,0.0,857.1829,857.1829,107.0,750.1829,False,False,True,PROVISIONAL_NO_INVENTORY_CONTEXT,NO_PHASE3_POLICY_CONTEXT,PHASE3_INVENTORY_CONTEXT_NOT_CONNECTED,0.0,0.0,LEAD_TIME_DEMAND_PLUS_BACKORDER_MINUS_CONFIRMED_INBOUND,PROVISIONAL_NO_INVENTORY_CONTEXT;BUFFER_REQUIREMENT_NOT_CONNECTED,NONE,7.84,7.21,380.0,8.4501,0.6488999999999999,0.18025000000000002,0.08652,0.32444999999999996,400,60,18,18,6.5,0.445,False,False,6,0.0,12,False,False,0.152,0.848,85.12,613.72,9.9647,95,WEEKLY,7,WEEKLY,7,13.571428571428571,95.0,407.14,814.29,1221.43,407.14,175,407.14,MIN_SUPPLIER_AND_SUPPLIER_SKU_CAPACITY,PER_DAY_NORMALIZED_TO_HORIZON,0.633,True,0.715,False,False,0,0.25,0,0.0,0.0,False,False,False,False,0,1,8,15,False,0.0,0.0,,,0.0,False,0.72,107.0,77.0,CRITICAL,True,SPLIT_DELIVERY,0.5839632617860451,0.416,MEDIUM,0.36681600000000003,0.416,1.0,0.85,0.0,0.5215448,0.5215448,HIGH,UNDERFORECAST_RISK_AFFECTS_PROCUREMENT,False,True,False,True,True,True,True,True,True,True,False,True,True,True,107.0,126.18,126.18,140.0,140.0,2,428.59,18,1433.31,7743.88,3871.93,135.2,365.4,1564.28,1564.28,0.0,True,2,True,SUP-004;SUP-006,SUP-004:321.43;SUP-006:835.71,SUP-004:321.43;SUP-006:535.75,True,0.6448,1,"Balanced score combines landed cost, lead time, reliability, risk, quality, capacity, and backorder capability.",CAPACITY_SHORTFALL,PAYMENT_TERMS_COST_NOT_MODELED;CAPACITY_SHORTFALL,PROVISIONAL_NO_INVENTORY_CONTEXT;BUFFER_REQUIREMENT_NOT_CONNECTED,CAPACITY_PERIOD_ASSUMED,CAPACITY_PERIOD_ASSUMED,Backorder pressure should influence urgency and supplier strategy. Supplier capacity may constrain the planning quantity.,7743.88,140.0,55.313428571428574,TOTAL_RELEVANT_PROCUREMENT_COST_DIVIDED_BY_USABLE_QUANTITY,PAYMENT_TERMS_COST_NOT_MODELED;CAPACITY_SHORTFALL
SKU-BBQ-006,SUP-004,Nordic Stable Logistics,PHASE1_DEMAND_PLANNING_CONTEXT,VARIABLE,VARIABLE,175.058,750.1829,1500.3437,2250.503,55.0,1.9604,1.9602,HIGH,LOW,False,True,False,False,0.0,745.0,False,PEAK,1.0,FORECAST_HORIZON_FROM_TRUE_FUTURE_FORECAST,Underforecast risk: downstream planning should review urgency and buffers.,175.058,750.1829,1500.3437,2250.503,107.0,107.0,0.0,0.0,0.0,0.0,0.0,0.0,0.0,0.0,0.0,857.1829,857.1829,107.0,750.1829,False,False,True,PROVISIONAL_NO_INVENTORY_CONTEXT,NO_PHASE3_POLICY_CONTEXT,PHASE3_INVENTORY_CONTEXT_NOT_CONNECTED,0.0,0.0,LEAD_TIME_DEMAND_PLUS_BACKORDER_MINUS_CONFIRMED_INBOUND,PROVISIONAL_NO_INVENTORY_CONTEXT;BUFFER_REQUIREMENT_NOT_CONNECTED,NONE,11.26,10.36,300.0,11.3442,0.518,0.16576,0.09323999999999999,0.2072,650,45,25,25,2.2,0.085,False,False,9,0.0,16,False,False,0.047,0.953,31.02,321.37,11.9037,75,WEEKLY,7,WEEKLY,7,10.714285714285714,75.0,321.43,642.86,964.29,321.43,155,321.43,MIN_SUPPLIER_AND_SUPPLIER_SKU_CAPACITY,PER_DAY_NORMALIZED_TO_HORIZON,0.658,True,0.704,False,True,30,0.12,55,0.0,0.0,False,False,False,True,80,3,12,22,False,0.0,0.0,,,0.0,False,0.96,107.0,77.0,CRITICAL,True,SPLIT_DELIVERY,0.9247519035616946,0.0752,LOW,0.36681600000000003,0.0752,1.0,0.85,0.0,0.43634480000000003,0.43634480000000003,MEDIUM,UNDERFORECAST_RISK_AFFECTS_PROCUREMENT,True,False,True,True,True,True,True,True,False,False,False,True,False,False,107.0,112.28,112.28,165.0,165.0,2,428.59,25,2036.31,10053.09,5026.53,176.8,152.24,1564.28,1564.28,0.0,True,2,True,SUP-004;SUP-006,SUP-004:321.43;SUP-006:835.71,SUP-004:321.43;SUP-006:535.75,True,-1.0,2,Excluded from balanced selection because supplier option is not fully feasible.,CAPACITY_SHORTFALL,PAYMENT_TERMS_COST_NOT_MODELED;CAPACITY_SHORTFALL,PROVISIONAL_NO_INVENTORY_CONTEXT;BUFFER_REQUIREMENT_NOT_CONNECTED,CAPACITY_PERIOD_ASSUMED,CAPACITY_PERIOD_ASSUMED,Backorder pressure should influence urgency and supplier strategy. Supplier capacity may constrain the planning quantity.,10053.09,165.0,60.92781818181818,TOTAL_RELEVANT_PROCUREMENT_COST_DIVIDED_BY_USABLE_QUANTITY,PAYMENT_TERMS_COST_NOT_MODELED;CAPACITY_SHORTFALL
SKU-BBQ-006,SUP-005,Fallback Trade Partners,PHASE1_DEMAND_PLANNING_CONTEXT,VARIABLE,VARIABLE,175.058,750.1829,1500.3437,2250.503,55.0,1.9604,1.9602,HIGH,LOW,False,True,False,False,0.0,745.0,False,PEAK,1.0,FORECAST_HORIZON_FROM_TRUE_FUTURE_FORECAST,Underforecast risk: downstream planning should review urgency and buffers.,175.058,750.1829,1500.3437,2250.503,107.0,107.0,0.0,0.0,0.0,0.0,0.0,0.0,0.0,0.0,0.0,857.1829,857.1829,107.0,750.1829,False,False,True,PROVISIONAL_NO_INVENTORY_CONTEXT,NO_PHASE3_POLICY_CONTEXT,PHASE3_INVENTORY_CONTEXT_NOT_CONNECTED,0.0,0.0,LEAD_TIME_DEMAND_PLUS_BACKORDER_MINUS_CONFIRMED_INBOUND,PROVISIONAL_NO_INVENTORY_CONTEXT;BUFFER_REQUIREMENT_NOT_CONNECTED,NONE,9.85,9.06,260.0,10.3556,0.6795,0.19932,0.09966,0.31710000000000005,300,45,16,16,8.1,0.375,False,False,5,0.0,11,False,False,0.102,0.898,45.9,415.85,11.5318,65,WEEKLY,7,WEEKLY,7,9.285714285714286,65.0,278.57,557.14,835.71,278.57,145,278.57,MIN_SUPPLIER_AND_SUPPLIER_SKU_CAPACITY,PER_DAY_NORMALIZED_TO_HORIZON,0.81,True,0.635,False,False,0,0.25,0,0.0,0.0,False,False,False,False,0,1,7,13,False,0.0,0.0,,,0.0,False,0.78,107.0,77.0,CRITICAL,True,SPLIT_DELIVERY,0.7191934663754378,0.2808,MEDIUM,0.36681600000000003,0.2808,1.0,0.85,0.0,0.48774480000000003,0.48774480000000003,MEDIUM,UNDERFORECAST_RISK_AFFECTS_PROCUREMENT,True,False,False,False,False,True,False,True,True,True,False,True,False,False,107.0,119.15,119.15,135.0,135.0,2,428.59,16,1623.06,9326.74,4663.36,145.6,304.5,1564.28,1564.28,0.0,True,2,True,SUP-004;SUP-006,SUP-004:321.43;SUP-006:835.71,SUP-004:321.43;SUP-006:535.75,True,-1.0,2,Excluded from balanced selection because supplier option is not fully feasible.,BASE_SUPPLIER_OPTION_INFEASIBLE;CAPACITY_SHORTFALL;LOW_ORDER_ACCEPTANCE_PROBABILITY,PAYMENT_TERMS_COST_NOT_MODELED;CAPACITY_SHORTFALL,PROVISIONAL_NO_INVENTORY_CONTEXT;BUFFER_REQUIREMENT_NOT_CONNECTED,CAPACITY_PERIOD_ASSUMED,CAPACITY_PERIOD_ASSUMED,Backorder pressure should influence urgency and supplier strategy. Supplier capacity may constrain the planning quantity.,9326.74,135.0,69.08696296296296,TOTAL_RELEVANT_PROCUREMENT_COST_DIVIDED_BY_USABLE_QUANTITY,PAYMENT_TERMS_COST_NOT_MODELED;CAPACITY_SHORTFALL
SKU-BBQ-006,SUP-006,MegaBulk Manufacturing,PHASE1_DEMAND_PLANNING_CONTEXT,VARIABLE,VARIABLE,175.058,750.1829,1500.3437,2250.503,55.0,1.9604,1.9602,HIGH,LOW,False,True,False,False,0.0,745.0,False,PEAK,1.0,FORECAST_HORIZON_FROM_TRUE_FUTURE_FORECAST,Underforecast risk: downstream planning should review urgency and buffers.,175.058,750.1829,1500.3437,2250.503,107.0,107.0,0.0,0.0,0.0,0.0,0.0,0.0,0.0,0.0,0.0,857.1829,857.1829,107.0,750.1829,False,False,True,PROVISIONAL_NO_INVENTORY_CONTEXT,NO_PHASE3_POLICY_CONTEXT,PHASE3_INVENTORY_CONTEXT_NOT_CONNECTED,0.0,0.0,LEAD_TIME_DEMAND_PLUS_BACKORDER_MINUS_CONFIRMED_INBOUND,PROVISIONAL_NO_INVENTORY_CONTEXT;BUFFER_REQUIREMENT_NOT_CONNECTED,NONE,7.24,6.95,390.0,8.0898,0.556,0.139,0.0973,0.34750000000000003,1000,75,19,19,4.5,0.255,False,False,7,0.0,12,False,False,0.077,0.923,47.74,331.79,8.7647,195,WEEKLY,7,WEEKLY,7,27.857142857142858,195.0,835.71,1671.43,2507.14,835.71,275,835.71,MIN_SUPPLIER_AND_SUPPLIER_SKU_CAPACITY,PER_DAY_NORMALIZED_TO_HORIZON,0.629,True,0.717,False,False,0,0.25,0,0.0,0.0,False,False,False,True,160,4,8,16,False,0.0,0.0,,,0.0,False,0.9,107.0,77.0,CRITICAL,True,SPLIT_DELIVERY,0.7295315359868859,0.2705,MEDIUM,0.36681600000000003,0.2705,1.0,0.85,0.0,0.48516980000000004,0.48516980000000004,MEDIUM,UNDERFORECAST_RISK_AFFECTS_PROCUREMENT,True,False,False,True,True,True,True,True,False,False,False,True,False,False,107.0,115.93,195.0,310.0,310.0,2,428.59,19,2766.09,7450.94,3725.46,374.4,142.1,1564.28,1564.28,0.0,True,2,True,SUP-004;SUP-006,SUP-004:321.43;SUP-006:835.71,SUP-004:321.43;SUP-006:535.75,True,-1.0,2,Excluded from balanced selection because supplier option is not fully feasible.,CAPACITY_SHORTFALL,PAYMENT_TERMS_COST_NOT_MODELED;CAPACITY_SHORTFALL,PROVISIONAL_NO_INVENTORY_CONTEXT;BUFFER_REQUIREMENT_NOT_CONNECTED,CAPACITY_PERIOD_ASSUMED,CAPACITY_PERIOD_ASSUMED,Backorder pressure should influence urgency and supplier strategy. Supplier capacity may constrain the planning quantity.,7450.94,310.0,24.035290322580643,TOTAL_RELEVANT_PROCUREMENT_COST_DIVIDED_BY_USABLE_QUANTITY,PAYMENT_TERMS_COST_NOT_MODELED;CAPACITY_SHORTFALL
SKU-UMR-007,SUP-002,EuroSource Precision,PHASE1_DEMAND_PLANNING_CONTEXT,SMOOTH,STABLE,42.0,180.0,360.0,540.0,26.55,0.8851,0.8851,HIGH,LOW,False,False,False,False,0.0,173.0,False,NON_SEASONAL,1.0,FORECAST_HORIZON_FROM_TRUE_FUTURE_FORECAST,Stable demand profile; suitable for standard replenishment logic.,42.0,180.0,360.0,540.0,84.0,84.0,0.0,0.0,0.0,0.0,0.0,0.0,0.0,0.0,0.0,264.0,264.0,84.0,180.0,False,False,True,PROVISIONAL_NO_INVENTORY_CONTEXT,NO_PHASE3_POLICY_CONTEXT,PHASE3_INVENTORY_CONTEXT_NOT_CONNECTED,0.0,0.0,LEAD_TIME_DEMAND_PLUS_BACKORDER_MINUS_CONFIRMED_INBOUND,PROVISIONAL_NO_INVENTORY_CONTEXT;BUFFER_REQUIREMENT_NOT_CONNECTED,NONE,15.8,15.8,75.0,17.4274,0.869,0.2844,0.158,0.316,600,30,10,10,1.4,0.075,True,True,4,353.8,6,True,True,0.015,0.985,1.65,26.07,17.6928,75,WEEKLY,7,WEEKLY,7,10.714285714285714,75.0,321.43,642.86,964.29,321.43,155,321.43,MIN_SUPPLIER_AND_SUPPLIER_SKU_CAPACITY,PER_DAY_NORMALIZED_TO_HORIZON,0.6,False,0.73,True,True,45,0.08,70,0.92,1213.24,True,True,False,False,0,1,5,10,False,0.0,0.0,,,0.0,False,0.97,84.0,81.0,CRITICAL,True,EXPEDITE_SUPPLY,0.9338500986193293,0.0661,LOW,0.066375,0.0661,1.0,0.0,0.0,0.2164375,0.2164375,LOW,NONE,False,True,False,True,True,True,True,True,True,True,True,True,True,True,84.0,85.28,85.28,110.0,110.0,3,88.0,10,2145.91,5287.53,1762.51,285.0,401.70000000000005,1050.01,1050.01,0.0,True,2,True,SUP-003;SUP-002,SUP-003:214.29;SUP-002:321.43,SUP-003:214.29;SUP-002:49.71,True,0.6328,2,"Balanced score combines landed cost, lead time, reliability, risk, quality, capacity, and backorder capability.",NONE,PAYMENT_TERMS_COST_NOT_MODELED,PROVISIONAL_NO_INVENTORY_CONTEXT;BUFFER_REQUIREMENT_NOT_CONNECTED,CAPACITY_PERIOD_ASSUMED,CAPACITY_PERIOD_ASSUMED,Backorder pressure should influence urgency and supplier strategy. Expedite is available for review; do not auto-apply.,5287.53,110.0,48.06845454545454,TOTAL_RELEVANT_PROCUREMENT_COST_DIVIDED_BY_USABLE_QUANTITY,PAYMENT_TERMS_COST_NOT_MODELED
SKU-UMR-007,SUP-003,Rapid Local Supply,PHASE1_DEMAND_PLANNING_CONTEXT,SMOOTH,STABLE,42.0,180.0,360.0,540.0,26.55,0.8851,0.8851,HIGH,LOW,False,False,False,False,0.0,173.0,False,NON_SEASONAL,1.0,FORECAST_HORIZON_FROM_TRUE_FUTURE_FORECAST,Stable demand profile; suitable for standard replenishment logic.,42.0,180.0,360.0,540.0,84.0,84.0,0.0,0.0,0.0,0.0,0.0,0.0,0.0,0.0,0.0,264.0,264.0,84.0,180.0,False,False,True,PROVISIONAL_NO_INVENTORY_CONTEXT,NO_PHASE3_POLICY_CONTEXT,PHASE3_INVENTORY_CONTEXT_NOT_CONNECTED,0.0,0.0,LEAD_TIME_DEMAND_PLUS_BACKORDER_MINUS_CONFIRMED_INBOUND,PROVISIONAL_NO_INVENTORY_CONTEXT;BUFFER_REQUIREMENT_NOT_CONNECTED,NONE,12.49,12.49,50.0,13.2519,0.43715000000000004,0.24980000000000002,0.07494,0.0,180,15,4,4,1.1,0.15,True,True,2,124.96,2,True,False,0.12,0.88,6.0,74.94,15.059,50,WEEKLY,7,WEEKLY,7,7.142857142857143,50.0,214.29,428.57,642.86,214.29,130,214.29,MIN_SUPPLIER_AND_SUPPLIER_SKU_CAPACITY,PER_DAY_NORMALIZED_TO_HORIZON,0.726,True,0.673,True,True,21,0.15,35,0.85,374.66,False,False,True,True,40,2,2,4,True,52.5,52.5,2026-07-28,2026-07-30,90.9,True,0.92,84.0,81.0,CRITICAL,True,EXPEDITE_SUPPLY,0.9479291465378422,0.0521,LOW,0.066375,0.0521,1.0,0.85,0.0,0.3404375,0.3404375,MEDIUM,NONE,False,False,True,True,True,True,True,True,True,True,False,True,False,False,84.0,95.45,95.45,105.0,105.0,5,52.8,7,1539.15,4237.0,847.4,275.0,463.5,1050.01,1050.01,0.0,True,2,True,SUP-003;SUP-002,SUP-003:214.29;SUP-002:321.43,SUP-003:214.29;SUP-002:49.71,True,-1.0,4,Excluded from balanced selection because supplier option is not fully feasible.,CAPACITY_SHORTFALL;LOW_ORDER_ACCEPTANCE_PROBABILITY,CUSTOMS_COST_FALLBACK_USED;PAYMENT_TERMS_COST_NOT_MODELED;WAREHOUSE_CAPACITY_REVIEW_REQUIRED_FOR_SPLIT_DELIVERY;CAPACITY_SHORTFALL,PROVISIONAL_NO_INVENTORY_CONTEXT;BUFFER_REQUIREMENT_NOT_CONNECTED,CAPACITY_PERIOD_ASSUMED,CAPACITY_PERIOD_ASSUMED,Backorder pressure should influence urgency and supplier strategy. Split delivery is feasible but needs warehouse capacity review. Supplier capacity may constrain the planning quantity.,4237.0,105.0,40.352380952380955,TOTAL_RELEVANT_PROCUREMENT_COST_DIVIDED_BY_USABLE_QUANTITY,CUSTOMS_COST_FALLBACK_USED;PAYMENT_TERMS_COST_NOT_MODELED;WAREHOUSE_CAPACITY_REVIEW_REQUIRED_FOR_SPLIT_DELIVERY;CAPACITY_SHORTFALL
SKU-UMR-007,SUP-004,Nordic Stable Logistics,PHASE1_DEMAND_PLANNING_CONTEXT,SMOOTH,STABLE,42.0,180.0,360.0,540.0,26.55,0.8851,0.8851,HIGH,LOW,False,False,False,False,0.0,173.0,False,NON_SEASONAL,1.0,FORECAST_HORIZON_FROM_TRUE_FUTURE_FORECAST,Stable demand profile; suitable for standard replenishment logic.,42.0,180.0,360.0,540.0,84.0,84.0,0.0,0.0,0.0,0.0,0.0,0.0,0.0,0.0,0.0,264.0,264.0,84.0,180.0,False,False,True,PROVISIONAL_NO_INVENTORY_CONTEXT,NO_PHASE3_POLICY_CONTEXT,PHASE3_INVENTORY_CONTEXT_NOT_CONNECTED,0.0,0.0,LEAD_TIME_DEMAND_PLUS_BACKORDER_MINUS_CONFIRMED_INBOUND,PROVISIONAL_NO_INVENTORY_CONTEXT;BUFFER_REQUIREMENT_NOT_CONNECTED,NONE,13.2,12.67,170.0,13.8736,0.6335000000000001,0.20272,0.11402999999999999,0.2534,650,45,22,22,2.0,0.1,False,False,9,0.0,13,False,False,0.035,0.965,6.3,79.82,14.3768,85,WEEKLY,7,WEEKLY,7,12.142857142857142,85.0,364.29,728.57,1092.86,364.29,165,364.29,MIN_SUPPLIER_AND_SUPPLIER_SKU_CAPACITY,PER_DAY_NORMALIZED_TO_HORIZON,0.658,False,0.704,True,True,30,0.12,55,0.88,1653.19,True,False,True,True,80,3,12,22,True,60.0,60.0,2026-08-07,2026-08-17,163.42,True,0.96,84.0,81.0,CRITICAL,True,EXPEDITE_SUPPLY,0.9247519035616946,0.0752,LOW,0.066375,0.0752,1.0,0.0,0.0,0.21871249999999998,0.21871249999999998,LOW,NONE,True,False,False,True,True,True,True,True,True,True,True,True,True,True,84.0,87.05,87.05,120.0,120.0,2,132.0,22,1827.08,3987.13,1993.57,170.0,154.5,1050.01,1050.01,0.0,True,2,True,SUP-003;SUP-002,SUP-003:214.29;SUP-002:321.43,SUP-003:214.29;SUP-002:49.71,True,0.7435,1,"Balanced score combines landed cost, lead time, reliability, risk, quality, capacity, and backorder capability.",NONE,PAYMENT_TERMS_COST_NOT_MODELED;WAREHOUSE_CAPACITY_REVIEW_REQUIRED_FOR_SPLIT_DELIVERY,PROVISIONAL_NO_INVENTORY_CONTEXT;BUFFER_REQUIREMENT_NOT_CONNECTED,CAPACITY_PERIOD_ASSUMED,CAPACITY_PERIOD_ASSUMED,Backorder pressure should influence urgency and supplier strategy. Split delivery is feasible but needs warehouse capacity review.,3987.13,120.0,33.226083333333335,TOTAL_RELEVANT_PROCUREMENT_COST_DIVIDED_BY_USABLE_QUANTITY,PAYMENT_TERMS_COST_NOT_MODELED;WAREHOUSE_CAPACITY_REVIEW_REQUIRED_FOR_SPLIT_DELIVERY
SKU-UMR-007,SUP-007,FlexiSource Express,PHASE1_DEMAND_PLANNING_CONTEXT,SMOOTH,STABLE,42.0,180.0,360.0,540.0,26.55,0.8851,0.8851,HIGH,LOW,False,False,False,False,0.0,173.0,False,NON_SEASONAL,1.0,FORECAST_HORIZON_FROM_TRUE_FUTURE_FORECAST,Stable demand profile; suitable for standard replenishment logic.,42.0,180.0,360.0,540.0,84.0,84.0,0.0,0.0,0.0,0.0,0.0,0.0,0.0,0.0,0.0,264.0,264.0,84.0,180.0,False,False,True,PROVISIONAL_NO_INVENTORY_CONTEXT,NO_PHASE3_POLICY_CONTEXT,PHASE3_INVENTORY_CONTEXT_NOT_CONNECTED,0.0,0.0,LEAD_TIME_DEMAND_PLUS_BACKORDER_MINUS_CONFIRMED_INBOUND,PROVISIONAL_NO_INVENTORY_CONTEXT;BUFFER_REQUIREMENT_NOT_CONNECTED,NONE,14.38,14.38,35.0,15.933,0.8628,0.25884,0.1438,0.2876,250,30,7,7,2.4,0.17,True,True,3,196.28,4,True,False,0.055,0.945,2.75,39.54,16.8603,35,WEEKLY,7,WEEKLY,7,5.0,35.0,150.0,300.0,450.0,150.0,115,150.0,MIN_SUPPLIER_AND_SUPPLIER_SKU_CAPACITY,PER_DAY_NORMALIZED_TO_HORIZON,0.556,True,0.75,True,True,25,0.18,45,0.82,349.71,True,False,True,True,50,2,3,7,True,50.0,50.0,2026-07-29,2026-08-02,122.52,True,0.94,84.0,81.0,CRITICAL,True,EXPEDITE_SUPPLY,0.5503131313131313,0.4497,MEDIUM,0.066375,0.4497,1.0,0.85,0.0,0.4398375,0.4398375,MEDIUM,NONE,False,False,False,True,True,True,True,True,True,True,False,True,True,True,84.0,88.89,88.89,100.0,100.0,5,52.8,7,1741.6,4947.81,989.56,175.0,566.5,1050.01,1050.01,0.0,True,2,True,SUP-003;SUP-002,SUP-003:214.29;SUP-002:321.43,SUP-003:214.29;SUP-002:49.71,True,0.6058,3,"Balanced score combines landed cost, lead time, reliability, risk, quality, capacity, and backorder capability.",CAPACITY_SHORTFALL,PAYMENT_TERMS_COST_NOT_MODELED;WAREHOUSE_CAPACITY_REVIEW_REQUIRED_FOR_SPLIT_DELIVERY;CAPACITY_SHORTFALL,PROVISIONAL_NO_INVENTORY_CONTEXT;BUFFER_REQUIREMENT_NOT_CONNECTED,CAPACITY_PERIOD_ASSUMED,CAPACITY_PERIOD_ASSUMED,Backorder pressure should influence urgency and supplier strategy. Split delivery is feasible but needs warehouse capacity review. Supplier capacity may constrain the planning quantity.,4947.81,100.0,49.478100000000005,TOTAL_RELEVANT_PROCUREMENT_COST_DIVIDED_BY_USABLE_QUANTITY,PAYMENT_TERMS_COST_NOT_MODELED;WAREHOUSE_CAPACITY_REVIEW_REQUIRED_FOR_SPLIT_DELIVERY;CAPACITY_SHORTFALL
SKU-BAT-008,SUP-001,Budget Global Export,PHASE1_DEMAND_PLANNING_CONTEXT,INTERMITTENT,ERRATIC,51.2425,216.5637,423.2377,633.4046,70.0,2.5728,2.5371,MEDIUM,LOW,False,False,True,True,48.0,140.0,False,BUILDUP,0.9,FORECAST_HORIZON_FROM_TRUE_FUTURE_FORECAST;POSSIBLE_STOCKOUT_CENSORED_DEMAND;HIGH_ZERO_DEMAND_RATIO,Use caution: possible censored demand may cause underforecasting.,51.2425,216.5637,423.2377,633.4046,0.0,0.0,0.0,0.0,0.0,0.0,0.0,0.0,0.0,0.0,0.0,216.5637,216.5637,0.0,216.5637,False,False,True,PROVISIONAL_NO_INVENTORY_CONTEXT,NO_PHASE3_POLICY_CONTEXT,PHASE3_INVENTORY_CONTEXT_NOT_CONNECTED,0.0,0.0,LEAD_TIME_DEMAND_PLUS_BACKORDER_MINUS_CONFIRMED_INBOUND,PROVISIONAL_NO_INVENTORY_CONTEXT;BUFFER_REQUIREMENT_NOT_CONNECTED,NONE,10.61,9.76,480.0,11.4387,0.8784,0.244,0.11712,0.4392,400,60,16,16,6.5,0.475,False,False,6,0.0,10,False,False,0.146,0.854,78.84,769.48,13.3943,120,WEEKLY,7,WEEKLY,7,17.142857142857142,120.0,514.29,1028.57,1542.86,514.29,200,514.29,MIN_SUPPLIER_AND_SUPPLIER_SKU_CAPACITY,PER_DAY_NORMALIZED_TO_HORIZON,0.633,False,0.715,False,False,0,0.25,0,0.0,0.0,False,False,False,False,0,1,8,15,False,0.0,0.0,,,0.0,False,0.72,0.0,0.0,NONE,False,MONITOR,0.5839632617860451,0.416,MEDIUM,0.41850000000000004,0.416,0.0,0.0,0.0,0.22954999999999998,0.22954999999999998,LOW,DEMAND_MAY_BE_CENSORED,False,True,False,True,True,True,True,True,True,True,True,True,True,True,0.0,0.0,120.0,180.0,180.0,2,108.28,16,2313.37,2986.01,1492.98,132.6,376.2,1757.15,1757.15,0.0,True,1,False,SUP-006,SUP-006:1071.43,SUP-006:216.56,False,0.5722,1,"Balanced score combines landed cost, lead time, reliability, risk, quality, capacity, and backorder capability.",NONE,PAYMENT_TERMS_COST_NOT_MODELED,PROVISIONAL_NO_INVENTORY_CONTEXT;BUFFER_REQUIREMENT_NOT_CONNECTED,CAPACITY_PERIOD_ASSUMED,CAPACITY_PERIOD_ASSUMED,Supplier option is available for standard procurement planning.,2986.01,180.0,16.588944444444447,TOTAL_RELEVANT_PROCUREMENT_COST_DIVIDED_BY_USABLE_QUANTITY,PAYMENT_TERMS_COST_NOT_MODELED
SKU-BAT-008,SUP-005,Fallback Trade Partners,PHASE1_DEMAND_PLANNING_CONTEXT,INTERMITTENT,ERRATIC,51.2425,216.5637,423.2377,633.4046,70.0,2.5728,2.5371,MEDIUM,LOW,False,False,True,True,48.0,140.0,False,BUILDUP,0.9,FORECAST_HORIZON_FROM_TRUE_FUTURE_FORECAST;POSSIBLE_STOCKOUT_CENSORED_DEMAND;HIGH_ZERO_DEMAND_RATIO,Use caution: possible censored demand may cause underforecasting.,51.2425,216.5637,423.2377,633.4046,0.0,0.0,0.0,0.0,0.0,0.0,0.0,0.0,0.0,0.0,0.0,216.5637,216.5637,0.0,216.5637,False,False,True,PROVISIONAL_NO_INVENTORY_CONTEXT,NO_PHASE3_POLICY_CONTEXT,PHASE3_INVENTORY_CONTEXT_NOT_CONNECTED,0.0,0.0,LEAD_TIME_DEMAND_PLUS_BACKORDER_MINUS_CONFIRMED_INBOUND,PROVISIONAL_NO_INVENTORY_CONTEXT;BUFFER_REQUIREMENT_NOT_CONNECTED,NONE,13.33,12.26,320.0,14.0132,0.9195,0.26971999999999996,0.13485999999999998,0.42910000000000004,300,45,14,14,8.1,0.405,False,False,5,0.0,9,False,False,0.096,0.904,46.08,564.94,15.5013,80,WEEKLY,7,WEEKLY,7,11.428571428571429,80.0,342.86,685.71,1028.57,342.86,160,342.86,MIN_SUPPLIER_AND_SUPPLIER_SKU_CAPACITY,PER_DAY_NORMALIZED_TO_HORIZON,0.81,False,0.635,False,False,0,0.25,0,0.0,0.0,False,False,False,False,0,1,7,13,False,0.0,0.0,,,0.0,False,0.78,0.0,0.0,NONE,False,MONITOR,0.7191934663754378,0.2808,MEDIUM,0.41850000000000004,0.2808,0.0,0.0,0.0,0.19574999999999998,0.19574999999999998,LOW,DEMAND_MAY_BE_CENSORED,True,False,True,False,False,True,False,True,True,True,True,True,False,False,0.0,0.0,80.0,120.0,120.0,3,72.19,14,1909.73,3719.2,1239.76,214.20000000000002,470.25,1757.15,1757.15,0.0,True,1,False,SUP-006,SUP-006:1071.43,SUP-006:216.56,False,-1.0,3,Excluded from balanced selection because supplier option is not fully feasible.,BASE_SUPPLIER_OPTION_INFEASIBLE;LOW_ORDER_ACCEPTANCE_PROBABILITY,PAYMENT_TERMS_COST_NOT_MODELED,PROVISIONAL_NO_INVENTORY_CONTEXT;BUFFER_REQUIREMENT_NOT_CONNECTED,CAPACITY_PERIOD_ASSUMED,CAPACITY_PERIOD_ASSUMED,Supplier option is available for standard procurement planning.,3719.2,120.0,30.993333333333332,TOTAL_RELEVANT_PROCUREMENT_COST_DIVIDED_BY_USABLE_QUANTITY,PAYMENT_TERMS_COST_NOT_MODELED
SKU-BAT-008,SUP-006,MegaBulk Manufacturing,PHASE1_DEMAND_PLANNING_CONTEXT,INTERMITTENT,ERRATIC,51.2425,216.5637,423.2377,633.4046,70.0,2.5728,2.5371,MEDIUM,LOW,False,False,True,True,48.0,140.0,False,BUILDUP,0.9,FORECAST_HORIZON_FROM_TRUE_FUTURE_FORECAST;POSSIBLE_STOCKOUT_CENSORED_DEMAND;HIGH_ZERO_DEMAND_RATIO,Use caution: possible censored demand may cause underforecasting.,51.2425,216.5637,423.2377,633.4046,0.0,0.0,0.0,0.0,0.0,0.0,0.0,0.0,0.0,0.0,0.0,216.5637,216.5637,0.0,216.5637,False,False,True,PROVISIONAL_NO_INVENTORY_CONTEXT,NO_PHASE3_POLICY_CONTEXT,PHASE3_INVENTORY_CONTEXT_NOT_CONNECTED,0.0,0.0,LEAD_TIME_DEMAND_PLUS_BACKORDER_MINUS_CONFIRMED_INBOUND,PROVISIONAL_NO_INVENTORY_CONTEXT;BUFFER_REQUIREMENT_NOT_CONNECTED,NONE,9.79,9.4,500.0,10.9416,0.752,0.188,0.1316,0.47000000000000003,1000,75,18,18,4.5,0.285,False,False,7,0.0,11,False,False,0.071,0.929,42.6,400.44,11.7778,250,WEEKLY,7,WEEKLY,7,35.714285714285715,250.0,1071.43,2142.86,3214.29,1071.43,330,1071.43,MIN_SUPPLIER_AND_SUPPLIER_SKU_CAPACITY,PER_DAY_NORMALIZED_TO_HORIZON,0.629,False,0.717,False,False,0,0.25,0,0.0,0.0,False,False,True,True,160,4,8,16,True,200.0,200.0,2026-08-03,2026-08-11,252.8,False,0.9,0.0,0.0,NONE,False,MONITOR,0.7295315359868859,0.2705,MEDIUM,0.41850000000000004,0.2705,0.0,0.0,0.0,0.19317499999999999,0.19317499999999999,LOW,DEMAND_MAY_BE_CENSORED,True,False,False,True,True,True,True,True,False,False,True,True,False,False,0.0,0.0,250.0,400.0,400.0,2,108.28,18,4633.39,2883.05,1441.51,367.2,146.3,1757.15,1757.15,0.0,True,1,False,SUP-006,SUP-006:1071.43,SUP-006:216.56,False,-1.0,3,Excluded from balanced selection because supplier option is not fully feasible.,NONE,PAYMENT_TERMS_COST_NOT_MODELED,PROVISIONAL_NO_INVENTORY_CONTEXT;BUFFER_REQUIREMENT_NOT_CONNECTED,CAPACITY_PERIOD_ASSUMED,CAPACITY_PERIOD_ASSUMED,Supplier option is available for standard procurement planning.,2883.05,400.0,7.207625,TOTAL_RELEVANT_PROCUREMENT_COST_DIVIDED_BY_USABLE_QUANTITY,PAYMENT_TERMS_COST_NOT_MODELED
SKU-BAT-008,SUP-007,FlexiSource Express,PHASE1_DEMAND_PLANNING_CONTEXT,INTERMITTENT,ERRATIC,51.2425,216.5637,423.2377,633.4046,70.0,2.5728,2.5371,MEDIUM,LOW,False,False,True,True,48.0,140.0,False,BUILDUP,0.9,FORECAST_HORIZON_FROM_TRUE_FUTURE_FORECAST;POSSIBLE_STOCKOUT_CENSORED_DEMAND;HIGH_ZERO_DEMAND_RATIO,Use caution: possible censored demand may cause underforecasting.,51.2425,216.5637,423.2377,633.4046,0.0,0.0,0.0,0.0,0.0,0.0,0.0,0.0,0.0,0.0,0.0,216.5637,216.5637,0.0,216.5637,False,False,True,PROVISIONAL_NO_INVENTORY_CONTEXT,NO_PHASE3_POLICY_CONTEXT,PHASE3_INVENTORY_CONTEXT_NOT_CONNECTED,0.0,0.0,LEAD_TIME_DEMAND_PLUS_BACKORDER_MINUS_CONFIRMED_INBOUND,PROVISIONAL_NO_INVENTORY_CONTEXT;BUFFER_REQUIREMENT_NOT_CONNECTED,NONE,16.59,15.26,200.0,16.9081,0.9156,0.27468,0.1526,0.3052,250,30,8,8,2.6,0.185,True,True,3,934.04,5,True,False,0.061,0.939,27.45,418.89,18.0065,40,WEEKLY,7,WEEKLY,7,5.714285714285714,40.0,171.43,342.86,514.29,171.43,120,171.43,MIN_SUPPLIER_AND_SUPPLIER_SKU_CAPACITY,PER_DAY_NORMALIZED_TO_HORIZON,0.556,True,0.75,True,True,25,0.18,45,0.82,5380.24,True,False,True,True,50,2,3,7,True,30.0,30.0,2026-07-29,2026-08-02,101.62,False,0.94,0.0,0.0,NONE,False,MONITOR,0.5503131313131313,0.4497,MEDIUM,0.41850000000000004,0.4497,0.0,0.85,0.0,0.365475,0.365475,MEDIUM,DEMAND_MAY_BE_CENSORED,False,False,False,True,True,True,True,True,True,True,False,True,True,True,0.0,0.0,40.0,60.0,60.0,4,54.14,8,1165.14,4264.28,1066.05,142.8,459.8,1757.15,1757.15,0.0,True,1,False,SUP-006,SUP-006:1071.43,SUP-006:216.56,False,0.5323,2,"Balanced score combines landed cost, lead time, reliability, risk, quality, capacity, and backorder capability.",CAPACITY_SHORTFALL,PAYMENT_TERMS_COST_NOT_MODELED;CAPACITY_SHORTFALL,PROVISIONAL_NO_INVENTORY_CONTEXT;BUFFER_REQUIREMENT_NOT_CONNECTED,CAPACITY_PERIOD_ASSUMED,CAPACITY_PERIOD_ASSUMED,Supplier capacity may constrain the planning quantity.,4264.28,60.0,71.07133333333333,TOTAL_RELEVANT_PROCUREMENT_COST_DIVIDED_BY_USABLE_QUANTITY,PAYMENT_TERMS_COST_NOT_MODELED;CAPACITY_SHORTFALL
SKU-FIL-009,SUP-002,EuroSource Precision,PHASE1_DEMAND_PLANNING_CONTEXT,INTERMITTENT,ERRATIC,0.0,0.0,0.0,0.0,30.0,0.0,0.0,MEDIUM,LOW,False,False,False,True,28.0,53.0,False,OFF_SEASON,0.9,FORECAST_HORIZON_FROM_TRUE_FUTURE_FORECAST;POSSIBLE_STOCKOUT_CENSORED_DEMAND;HIGH_ZERO_DEMAND_RATIO,Use caution: possible censored demand may cause underforecasting.,0.0,0.0,0.0,0.0,0.0,0.0,0.0,0.0,0.0,0.0,0.0,0.0,0.0,0.0,0.0,0.0,0.0,0.0,0.0,False,False,True,PROVISIONAL_NO_INVENTORY_CONTEXT,NO_PHASE3_POLICY_CONTEXT,PHASE3_INVENTORY_CONTEXT_NOT_CONNECTED,0.0,0.0,LEAD_TIME_DEMAND_PLUS_BACKORDER_MINUS_CONFIRMED_INBOUND,PROVISIONAL_NO_INVENTORY_CONTEXT;BUFFER_REQUIREMENT_NOT_CONNECTED,NONE,20.74,20.74,55.0,22.8762,1.1406999999999998,0.37331999999999993,0.2074,0.4148,600,30,13,13,1.4,0.045,True,False,4,0.0,9,False,False,0.027,0.973,2.16,44.8,23.511,70,WEEKLY,7,WEEKLY,7,10.0,70.0,300.0,600.0,900.0,300.0,150,300.0,MIN_SUPPLIER_AND_SUPPLIER_SKU_CAPACITY,PER_DAY_NORMALIZED_TO_HORIZON,0.6,False,0.73,True,True,45,0.08,70,0.92,1049.85,True,True,False,False,0,1,5,10,False,0.0,0.0,,,0.0,False,0.97,0.0,0.0,NONE,False,MONITOR,0.9338500986193293,0.0661,LOW,0.22100000000000003,0.0661,0.0,0.0,0.0,0.08282500000000001,0.08282500000000001,LOW,DEMAND_MAY_BE_CENSORED,False,True,False,True,True,True,True,True,True,True,True,True,True,True,0.0,0.0,55.0,80.0,80.0,3,0.0,13,2058.9,686.4,228.8,296.4,390.0,1307.14,1307.14,0.0,True,0,False,,,,False,0.6654,1,"Balanced score combines landed cost, lead time, reliability, risk, quality, capacity, and backorder capability.",NONE,PAYMENT_TERMS_COST_NOT_MODELED,PROVISIONAL_NO_INVENTORY_CONTEXT;BUFFER_REQUIREMENT_NOT_CONNECTED,CAPACITY_PERIOD_ASSUMED,CAPACITY_PERIOD_ASSUMED,Supplier option is available for standard procurement planning.,686.4,80.0,8.58,TOTAL_RELEVANT_PROCUREMENT_COST_DIVIDED_BY_USABLE_QUANTITY,PAYMENT_TERMS_COST_NOT_MODELED
SKU-FIL-009,SUP-004,Nordic Stable Logistics,PHASE1_DEMAND_PLANNING_CONTEXT,INTERMITTENT,ERRATIC,0.0,0.0,0.0,0.0,30.0,0.0,0.0,MEDIUM,LOW,False,False,False,True,28.0,53.0,False,OFF_SEASON,0.9,FORECAST_HORIZON_FROM_TRUE_FUTURE_FORECAST;POSSIBLE_STOCKOUT_CENSORED_DEMAND;HIGH_ZERO_DEMAND_RATIO,Use caution: possible censored demand may cause underforecasting.,0.0,0.0,0.0,0.0,0.0,0.0,0.0,0.0,0.0,0.0,0.0,0.0,0.0,0.0,0.0,0.0,0.0,0.0,0.0,False,False,True,PROVISIONAL_NO_INVENTORY_CONTEXT,NO_PHASE3_POLICY_CONTEXT,PHASE3_INVENTORY_CONTEXT_NOT_CONNECTED,0.0,0.0,LEAD_TIME_DEMAND_PLUS_BACKORDER_MINUS_CONFIRMED_INBOUND,PROVISIONAL_NO_INVENTORY_CONTEXT;BUFFER_REQUIREMENT_NOT_CONNECTED,NONE,17.34,17.34,65.0,18.9873,0.867,0.27744,0.15605999999999998,0.3468,650,45,25,25,2.0,0.07,False,False,9,0.0,16,False,False,0.047,0.953,4.23,73.35,19.9237,65,WEEKLY,7,WEEKLY,7,9.285714285714286,65.0,278.57,557.14,835.71,278.57,145,278.57,MIN_SUPPLIER_AND_SUPPLIER_SKU_CAPACITY,PER_DAY_NORMALIZED_TO_HORIZON,0.658,False,0.704,True,True,30,0.12,55,0.88,916.85,True,False,False,True,80,3,12,22,False,0.0,0.0,,,0.0,False,0.96,0.0,0.0,NONE,False,MONITOR,0.9247519035616946,0.0752,LOW,0.22100000000000003,0.0752,0.0,0.0,0.0,0.08510000000000001,0.08510000000000001,LOW,DEMAND_MAY_BE_CENSORED,True,False,True,True,True,True,True,True,True,True,True,True,True,True,0.0,0.0,65.0,90.0,90.0,2,0.0,25,1872.26,326.8,163.4,176.8,150.0,1307.14,1307.14,0.0,True,0,False,,,,False,0.573,2,"Balanced score combines landed cost, lead time, reliability, risk, quality, capacity, and backorder capability.",NONE,PAYMENT_TERMS_COST_NOT_MODELED,PROVISIONAL_NO_INVENTORY_CONTEXT;BUFFER_REQUIREMENT_NOT_CONNECTED,CAPACITY_PERIOD_ASSUMED,CAPACITY_PERIOD_ASSUMED,Supplier option is available for standard procurement planning.,326.8,90.0,3.631111111111111,TOTAL_RELEVANT_PROCUREMENT_COST_DIVIDED_BY_USABLE_QUANTITY,PAYMENT_TERMS_COST_NOT_MODELED
SKU-FIL-009,SUP-005,Fallback Trade Partners,PHASE1_DEMAND_PLANNING_CONTEXT,INTERMITTENT,ERRATIC,0.0,0.0,0.0,0.0,30.0,0.0,0.0,MEDIUM,LOW,False,False,False,True,28.0,53.0,False,OFF_SEASON,0.9,FORECAST_HORIZON_FROM_TRUE_FUTURE_FORECAST;POSSIBLE_STOCKOUT_CENSORED_DEMAND;HIGH_ZERO_DEMAND_RATIO,Use caution: possible censored demand may cause underforecasting.,0.0,0.0,0.0,0.0,0.0,0.0,0.0,0.0,0.0,0.0,0.0,0.0,0.0,0.0,0.0,0.0,0.0,0.0,0.0,False,False,True,PROVISIONAL_NO_INVENTORY_CONTEXT,NO_PHASE3_POLICY_CONTEXT,PHASE3_INVENTORY_CONTEXT_NOT_CONNECTED,0.0,0.0,LEAD_TIME_DEMAND_PLUS_BACKORDER_MINUS_CONFIRMED_INBOUND,PROVISIONAL_NO_INVENTORY_CONTEXT;BUFFER_REQUIREMENT_NOT_CONNECTED,NONE,15.17,15.17,55.0,17.3393,1.13775,0.33374,0.16687,0.53095,300,45,16,16,7.8,0.36,False,False,5,0.0,11,False,False,0.102,0.898,8.16,123.79,19.3088,55,WEEKLY,7,WEEKLY,7,7.857142857142857,55.0,235.71,471.43,707.14,235.71,135,235.71,MIN_SUPPLIER_AND_SUPPLIER_SKU_CAPACITY,PER_DAY_NORMALIZED_TO_HORIZON,0.81,False,0.635,False,False,0,0.25,0,0.0,0.0,False,False,False,False,0,1,7,13,False,0.0,0.0,,,0.0,False,0.78,0.0,0.0,NONE,False,MONITOR,0.7191934663754378,0.2808,MEDIUM,0.22100000000000003,0.2808,0.0,0.0,0.0,0.1365,0.1365,LOW,DEMAND_MAY_BE_CENSORED,True,False,False,False,False,True,False,True,True,True,True,True,False,False,0.0,0.0,55.0,80.0,80.0,2,0.0,16,1609.94,445.6,222.8,145.6,300.0,1307.14,1307.14,0.0,True,0,False,,,,False,-1.0,3,Excluded from balanced selection because supplier option is not fully feasible.,BASE_SUPPLIER_OPTION_INFEASIBLE;LOW_ORDER_ACCEPTANCE_PROBABILITY,PAYMENT_TERMS_COST_NOT_MODELED,PROVISIONAL_NO_INVENTORY_CONTEXT;BUFFER_REQUIREMENT_NOT_CONNECTED,CAPACITY_PERIOD_ASSUMED,CAPACITY_PERIOD_ASSUMED,Supplier option is available for standard procurement planning.,445.6,80.0,5.57,TOTAL_RELEVANT_PROCUREMENT_COST_DIVIDED_BY_USABLE_QUANTITY,PAYMENT_TERMS_COST_NOT_MODELED
SKU-FIL-009,SUP-006,MegaBulk Manufacturing,PHASE1_DEMAND_PLANNING_CONTEXT,INTERMITTENT,ERRATIC,0.0,0.0,0.0,0.0,30.0,0.0,0.0,MEDIUM,LOW,False,False,False,True,28.0,53.0,False,OFF_SEASON,0.9,FORECAST_HORIZON_FROM_TRUE_FUTURE_FORECAST;POSSIBLE_STOCKOUT_CENSORED_DEMAND;HIGH_ZERO_DEMAND_RATIO,Use caution: possible censored demand may cause underforecasting.,0.0,0.0,0.0,0.0,0.0,0.0,0.0,0.0,0.0,0.0,0.0,0.0,0.0,0.0,0.0,0.0,0.0,0.0,0.0,False,False,True,PROVISIONAL_NO_INVENTORY_CONTEXT,NO_PHASE3_POLICY_CONTEXT,PHASE3_INVENTORY_CONTEXT_NOT_CONNECTED,0.0,0.0,LEAD_TIME_DEMAND_PLUS_BACKORDER_MINUS_CONFIRMED_INBOUND,PROVISIONAL_NO_INVENTORY_CONTEXT;BUFFER_REQUIREMENT_NOT_CONNECTED,NONE,11.15,11.15,170.0,12.9786,0.892,0.223,0.15610000000000002,0.5575,1000,75,19,19,4.2,0.24,False,False,7,0.0,12,False,False,0.077,0.923,20.79,231.81,14.0613,170,WEEKLY,7,WEEKLY,7,24.285714285714285,170.0,728.57,1457.14,2185.71,728.57,250,728.57,MIN_SUPPLIER_AND_SUPPLIER_SKU_CAPACITY,PER_DAY_NORMALIZED_TO_HORIZON,0.629,False,0.717,False,False,0,0.25,0,0.0,0.0,False,False,False,True,160,4,8,16,False,0.0,0.0,,,0.0,False,0.9,0.0,0.0,NONE,False,MONITOR,0.7295315359868859,0.2705,MEDIUM,0.22100000000000003,0.2705,0.0,0.0,0.0,0.13392500000000002,0.13392500000000002,LOW,DEMAND_MAY_BE_CENSORED,True,False,False,True,True,True,True,True,False,False,True,True,False,False,0.0,0.0,170.0,270.0,270.0,2,0.0,19,3761.42,514.4,257.2,374.4,140.0,1307.14,1307.14,0.0,True,0,False,,,,False,-1.0,3,Excluded from balanced selection because supplier option is not fully feasible.,NONE,PAYMENT_TERMS_COST_NOT_MODELED,PROVISIONAL_NO_INVENTORY_CONTEXT;BUFFER_REQUIREMENT_NOT_CONNECTED,CAPACITY_PERIOD_ASSUMED,CAPACITY_PERIOD_ASSUMED,Supplier option is available for standard procurement planning.,514.4,270.0,1.905185185185185,TOTAL_RELEVANT_PROCUREMENT_COST_DIVIDED_BY_USABLE_QUANTITY,PAYMENT_TERMS_COST_NOT_MODELED
SKU-GFT-010,SUP-001,Budget Global Export,PHASE1_DEMAND_PLANNING_CONTEXT,INTERMITTENT,ERRATIC,0.0,0.0,0.0,0.0,30.0,0.0,0.0,MEDIUM,LOW,False,False,False,True,42.0,60.0,False,NON_SEASONAL,0.9,FORECAST_HORIZON_FROM_TRUE_FUTURE_FORECAST;POSSIBLE_STOCKOUT_CENSORED_DEMAND;HIGH_ZERO_DEMAND_RATIO,Use caution: possible censored demand may cause underforecasting.,0.0,0.0,0.0,0.0,0.0,0.0,0.0,0.0,0.0,0.0,0.0,0.0,0.0,0.0,0.0,0.0,0.0,0.0,0.0,False,False,True,PROVISIONAL_NO_INVENTORY_CONTEXT,NO_PHASE3_POLICY_CONTEXT,PHASE3_INVENTORY_CONTEXT_NOT_CONNECTED,0.0,0.0,LEAD_TIME_DEMAND_PLUS_BACKORDER_MINUS_CONFIRMED_INBOUND,PROVISIONAL_NO_INVENTORY_CONTEXT;BUFFER_REQUIREMENT_NOT_CONNECTED,NONE,13.6,13.6,95.0,15.9392,1.224,0.34,0.1632,0.612,400,60,15,15,6.5,0.445,False,False,6,0.0,9,False,False,0.14,0.86,19.6,266.56,18.534,95,WEEKLY,7,WEEKLY,7,13.571428571428571,95.0,407.14,814.29,1221.43,407.14,175,407.14,MIN_SUPPLIER_AND_SUPPLIER_SKU_CAPACITY,PER_DAY_NORMALIZED_TO_HORIZON,0.633,False,0.715,False,False,0,0.25,0,0.0,0.0,False,False,False,False,0,1,8,15,False,0.0,0.0,,,0.0,False,0.72,0.0,0.0,NONE,False,MONITOR,0.5839632617860451,0.416,MEDIUM,0.22100000000000003,0.416,0.0,0.0,0.0,0.1703,0.1703,LOW,DEMAND_MAY_BE_CENSORED,False,True,False,True,True,True,True,True,True,True,True,True,True,True,0.0,0.0,95.0,140.0,140.0,2,0.0,15,2479.19,495.4,247.7,130.0,365.4,1564.28,1564.28,0.0,True,0,False,,,,False,0.5387,1,"Balanced score combines landed cost, lead time, reliability, risk, quality, capacity, and backorder capability.",NONE,PAYMENT_TERMS_COST_NOT_MODELED,PROVISIONAL_NO_INVENTORY_CONTEXT;BUFFER_REQUIREMENT_NOT_CONNECTED,CAPACITY_PERIOD_ASSUMED,CAPACITY_PERIOD_ASSUMED,Supplier option is available for standard procurement planning.,495.4,140.0,3.5385714285714283,TOTAL_RELEVANT_PROCUREMENT_COST_DIVIDED_BY_USABLE_QUANTITY,PAYMENT_TERMS_COST_NOT_MODELED
SKU-GFT-010,SUP-003,Rapid Local Supply,PHASE1_DEMAND_PLANNING_CONTEXT,INTERMITTENT,ERRATIC,0.0,0.0,0.0,0.0,30.0,0.0,0.0,MEDIUM,LOW,False,False,False,True,42.0,60.0,False,NON_SEASONAL,0.9,FORECAST_HORIZON_FROM_TRUE_FUTURE_FORECAST;POSSIBLE_STOCKOUT_CENSORED_DEMAND;HIGH_ZERO_DEMAND_RATIO,Use caution: possible censored demand may cause underforecasting.,0.0,0.0,0.0,0.0,0.0,0.0,0.0,0.0,0.0,0.0,0.0,0.0,0.0,0.0,0.0,0.0,0.0,0.0,0.0,False,False,True,PROVISIONAL_NO_INVENTORY_CONTEXT,NO_PHASE3_POLICY_CONTEXT,PHASE3_INVENTORY_CONTEXT_NOT_CONNECTED,0.0,0.0,LEAD_TIME_DEMAND_PLUS_BACKORDER_MINUS_CONFIRMED_INBOUND,PROVISIONAL_NO_INVENTORY_CONTEXT;BUFFER_REQUIREMENT_NOT_CONNECTED,NONE,18.48,18.48,45.0,19.6073,0.6468,0.36960000000000004,0.11088,0.0,180,15,4,4,1.4,0.135,True,True,2,163.7,2,True,False,0.12,0.88,7.2,133.06,22.281,45,WEEKLY,7,WEEKLY,7,6.428571428571429,45.0,192.86,385.71,578.57,192.86,125,192.86,MIN_SUPPLIER_AND_SUPPLIER_SKU_CAPACITY,PER_DAY_NORMALIZED_TO_HORIZON,0.726,False,0.673,False,True,21,0.15,35,0.0,0.0,False,False,True,True,40,2,2,4,True,30.0,30.0,2026-07-28,2026-07-30,83.81,False,0.92,0.0,0.0,NONE,False,MONITOR,0.9479291465378422,0.0521,LOW,0.22100000000000003,0.0521,0.0,0.0,0.0,0.079325,0.079325,LOW,DEMAND_MAY_BE_CENSORED,False,False,True,True,True,True,True,True,True,True,True,True,False,False,0.0,0.0,45.0,60.0,60.0,5,0.0,7,1322.79,731.75,146.35,275.0,456.75,1564.28,1564.28,0.0,True,0,False,,,,False,-1.0,3,Excluded from balanced selection because supplier option is not fully feasible.,LOW_ORDER_ACCEPTANCE_PROBABILITY,CUSTOMS_COST_FALLBACK_USED;PAYMENT_TERMS_COST_NOT_MODELED,PROVISIONAL_NO_INVENTORY_CONTEXT;BUFFER_REQUIREMENT_NOT_CONNECTED,CAPACITY_PERIOD_ASSUMED,CAPACITY_PERIOD_ASSUMED,Supplier option is available for standard procurement planning.,731.75,60.0,12.195833333333333,TOTAL_RELEVANT_PROCUREMENT_COST_DIVIDED_BY_USABLE_QUANTITY,CUSTOMS_COST_FALLBACK_USED;PAYMENT_TERMS_COST_NOT_MODELED
SKU-GFT-010,SUP-006,MegaBulk Manufacturing,PHASE1_DEMAND_PLANNING_CONTEXT,INTERMITTENT,ERRATIC,0.0,0.0,0.0,0.0,30.0,0.0,0.0,MEDIUM,LOW,False,False,False,True,42.0,60.0,False,NON_SEASONAL,0.9,FORECAST_HORIZON_FROM_TRUE_FUTURE_FORECAST;POSSIBLE_STOCKOUT_CENSORED_DEMAND;HIGH_ZERO_DEMAND_RATIO,Use caution: possible censored demand may cause underforecasting.,0.0,0.0,0.0,0.0,0.0,0.0,0.0,0.0,0.0,0.0,0.0,0.0,0.0,0.0,0.0,0.0,0.0,0.0,0.0,False,False,True,PROVISIONAL_NO_INVENTORY_CONTEXT,NO_PHASE3_POLICY_CONTEXT,PHASE3_INVENTORY_CONTEXT_NOT_CONNECTED,0.0,0.0,LEAD_TIME_DEMAND_PLUS_BACKORDER_MINUS_CONFIRMED_INBOUND,PROVISIONAL_NO_INVENTORY_CONTEXT;BUFFER_REQUIREMENT_NOT_CONNECTED,NONE,12.55,12.55,195.0,14.6082,1.004,0.251,0.17570000000000002,0.6275000000000001,1000,75,16,16,4.5,0.255,False,False,7,0.0,9,False,False,0.065,0.935,20.15,252.88,15.6237,195,WEEKLY,7,WEEKLY,7,27.857142857142858,195.0,835.71,1671.43,2507.14,835.71,275,835.71,MIN_SUPPLIER_AND_SUPPLIER_SKU_CAPACITY,PER_DAY_NORMALIZED_TO_HORIZON,0.629,False,0.717,False,False,0,0.25,0,0.0,0.0,False,False,True,True,160,4,8,16,True,155.0,155.0,2026-08-03,2026-08-11,256.71,False,0.9,0.0,0.0,NONE,False,MONITOR,0.7295315359868859,0.2705,MEDIUM,0.22100000000000003,0.2705,0.0,0.0,0.0,0.13392500000000002,0.13392500000000002,LOW,DEMAND_MAY_BE_CENSORED,True,False,False,True,True,True,True,True,False,False,True,True,False,False,0.0,0.0,195.0,310.0,310.0,2,0.0,16,4779.59,502.1,251.05,360.0,142.1,1564.28,1564.28,0.0,True,0,False,,,,False,-1.0,3,Excluded from balanced selection because supplier option is not fully feasible.,NONE,PAYMENT_TERMS_COST_NOT_MODELED,PROVISIONAL_NO_INVENTORY_CONTEXT;BUFFER_REQUIREMENT_NOT_CONNECTED,CAPACITY_PERIOD_ASSUMED,CAPACITY_PERIOD_ASSUMED,Supplier option is available for standard procurement planning.,502.1,310.0,1.6196774193548389,TOTAL_RELEVANT_PROCUREMENT_COST_DIVIDED_BY_USABLE_QUANTITY,PAYMENT_TERMS_COST_NOT_MODELED
SKU-GFT-010,SUP-007,FlexiSource Express,PHASE1_DEMAND_PLANNING_CONTEXT,INTERMITTENT,ERRATIC,0.0,0.0,0.0,0.0,30.0,0.0,0.0,MEDIUM,LOW,False,False,False,True,42.0,60.0,False,NON_SEASONAL,0.9,FORECAST_HORIZON_FROM_TRUE_FUTURE_FORECAST;POSSIBLE_STOCKOUT_CENSORED_DEMAND;HIGH_ZERO_DEMAND_RATIO,Use caution: possible censored demand may cause underforecasting.,0.0,0.0,0.0,0.0,0.0,0.0,0.0,0.0,0.0,0.0,0.0,0.0,0.0,0.0,0.0,0.0,0.0,0.0,0.0,False,False,True,PROVISIONAL_NO_INVENTORY_CONTEXT,NO_PHASE3_POLICY_CONTEXT,PHASE3_INVENTORY_CONTEXT_NOT_CONNECTED,0.0,0.0,LEAD_TIME_DEMAND_PLUS_BACKORDER_MINUS_CONFIRMED_INBOUND,PROVISIONAL_NO_INVENTORY_CONTEXT;BUFFER_REQUIREMENT_NOT_CONNECTED,NONE,21.27,21.27,30.0,23.5672,1.2762,0.38286,0.2127,0.4254,250,30,7,7,2.6,0.155,True,True,3,212.1,4,True,False,0.055,0.945,2.2,46.79,24.9388,30,WEEKLY,7,WEEKLY,7,4.285714285714286,30.0,128.57,257.14,385.71,128.57,110,128.57,MIN_SUPPLIER_AND_SUPPLIER_SKU_CAPACITY,PER_DAY_NORMALIZED_TO_HORIZON,0.556,False,0.75,False,True,25,0.18,45,0.0,0.0,False,False,True,True,50,2,3,7,False,0.0,0.0,,,0.0,False,0.94,0.0,0.0,NONE,False,MONITOR,0.5503131313131313,0.4497,MEDIUM,0.22100000000000003,0.4497,0.0,0.0,0.0,0.17872500000000002,0.17872500000000002,LOW,DEMAND_MAY_BE_CENSORED,False,False,False,True,True,True,True,True,True,True,True,True,True,True,0.0,0.0,30.0,40.0,40.0,5,0.0,7,1089.34,733.25,146.65,175.0,558.25,1564.28,1564.28,0.0,True,0,False,,,,False,0.488,2,"Balanced score combines landed cost, lead time, reliability, risk, quality, capacity, and backorder capability.",NONE,PAYMENT_TERMS_COST_NOT_MODELED,PROVISIONAL_NO_INVENTORY_CONTEXT;BUFFER_REQUIREMENT_NOT_CONNECTED,CAPACITY_PERIOD_ASSUMED,CAPACITY_PERIOD_ASSUMED,Supplier option is available for standard procurement planning.,733.25,40.0,18.33125,TOTAL_RELEVANT_PROCUREMENT_COST_DIVIDED_BY_USABLE_QUANTITY,PAYMENT_TERMS_COST_NOT_MODELED
SKU-COMP-FRAME-ROAD-001,SUP-002,EuroSource Precision,PHASE1_DEMAND_PLANNING_CONTEXT,UNKNOWN,UNKNOWN,0.0,0.0,0.0,0.0,0.0,0.0,0.0,UNKNOWN,UNKNOWN,False,False,False,False,0.0,0.0,False,UNKNOWN,0.5,NONE,Phase 1 context loaded for procurement planning.,0.0,0.0,0.0,0.0,0.0,0.0,0.0,0.0,0.0,0.0,0.0,0.0,0.0,0.0,0.0,0.0,0.0,0.0,0.0,False,False,True,PROVISIONAL_NO_INVENTORY_CONTEXT,NO_PHASE3_POLICY_CONTEXT,PHASE3_INVENTORY_CONTEXT_NOT_CONNECTED,0.0,0.0,LEAD_TIME_DEMAND_PLUS_BACKORDER_MINUS_CONFIRMED_INBOUND,PROVISIONAL_NO_INVENTORY_CONTEXT;BUFFER_REQUIREMENT_NOT_CONNECTED,NONE,127.2,127.2,30.0,140.3016,6.996,2.2896,1.272,2.544,600,30,18,18,2.0,0.06,True,False,4,0.0,14,False,False,0.025,0.975,1.0,127.2,143.8991,175,WEEKLY,7,WEEKLY,7,25.0,175.0,750.0,1500.0,2250.0,750.0,256,750.0,MIN_SUPPLIER_AND_SUPPLIER_SKU_CAPACITY,PER_DAY_NORMALIZED_TO_HORIZON,0.6,False,0.73,True,True,45,0.08,70,0.92,2245.48,True,True,False,False,0,1,5,10,False,0.0,0.0,,,0.0,False,0.97,0.0,0.0,NONE,False,MONITOR,0.9338500986193293,0.0661,LOW,0.05,0.0661,0.0,0.0,0.0,0.031525,0.031525,LOW,NONE,False,True,False,True,True,True,True,True,True,True,True,True,True,True,0.0,0.0,30.0,40.0,40.0,2,0.0,18,5842.06,460.0,230.0,190.0,270.0,1242.86,1242.86,0.0,True,0,False,,,,False,0.7356,1,"Balanced score combines landed cost, lead time, reliability, risk, quality, capacity, and backorder capability.",NONE,PAYMENT_TERMS_COST_NOT_MODELED,PROVISIONAL_NO_INVENTORY_CONTEXT;BUFFER_REQUIREMENT_NOT_CONNECTED,CAPACITY_PERIOD_ASSUMED,CAPACITY_PERIOD_ASSUMED,Supplier option is available for standard procurement planning.,460.0,40.0,11.5,TOTAL_RELEVANT_PROCUREMENT_COST_DIVIDED_BY_USABLE_QUANTITY,PAYMENT_TERMS_COST_NOT_MODELED
SKU-COMP-FRAME-ROAD-001,SUP-003,Rapid Local Supply,PHASE1_DEMAND_PLANNING_CONTEXT,UNKNOWN,UNKNOWN,0.0,0.0,0.0,0.0,0.0,0.0,0.0,UNKNOWN,UNKNOWN,False,False,False,False,0.0,0.0,False,UNKNOWN,0.5,NONE,Phase 1 context loaded for procurement planning.,0.0,0.0,0.0,0.0,0.0,0.0,0.0,0.0,0.0,0.0,0.0,0.0,0.0,0.0,0.0,0.0,0.0,0.0,0.0,False,False,True,PROVISIONAL_NO_INVENTORY_CONTEXT,NO_PHASE3_POLICY_CONTEXT,PHASE3_INVENTORY_CONTEXT_NOT_CONNECTED,0.0,0.0,LEAD_TIME_DEMAND_PLUS_BACKORDER_MINUS_CONFIRMED_INBOUND,PROVISIONAL_NO_INVENTORY_CONTEXT;BUFFER_REQUIREMENT_NOT_CONNECTED,NONE,134.4,134.4,30.0,142.5984,4.704000000000001,2.688,0.8064,0.0,180,15,14,14,2.8,0.12,True,True,2,505.08,12,True,False,0.06,0.94,2.4,322.56,151.7004,175,WEEKLY,7,WEEKLY,7,16.428571428571427,115.0,492.86,985.71,1478.57,492.86,256,492.86,MIN_SUPPLIER_AND_SUPPLIER_SKU_CAPACITY,PER_DAY_NORMALIZED_TO_HORIZON,0.726,False,0.673,True,True,21,0.15,35,0.85,3377.2,False,False,True,True,40,2,2,4,True,20.0,20.0,2026-07-28,2026-07-30,233.16,False,0.92,0.0,0.0,NONE,False,MONITOR,0.9479291465378422,0.0521,LOW,0.05,0.0521,0.0,0.0,0.0,0.028025,0.028025,LOW,NONE,False,False,True,True,True,True,True,True,True,True,True,True,False,False,0.0,0.0,30.0,40.0,40.0,3,0.0,14,5848.94,435.0,145.0,180.0,255.0,1242.86,1242.86,0.0,True,0,False,,,,False,-1.0,2,Excluded from balanced selection because supplier option is not fully feasible.,LOW_ORDER_ACCEPTANCE_PROBABILITY,CUSTOMS_COST_FALLBACK_USED;PAYMENT_TERMS_COST_NOT_MODELED,PROVISIONAL_NO_INVENTORY_CONTEXT;BUFFER_REQUIREMENT_NOT_CONNECTED,CAPACITY_PERIOD_ASSUMED,CAPACITY_PERIOD_ASSUMED,Supplier option is available for standard procurement planning.,435.0,40.0,10.875,TOTAL_RELEVANT_PROCUREMENT_COST_DIVIDED_BY_USABLE_QUANTITY,CUSTOMS_COST_FALLBACK_USED;PAYMENT_TERMS_COST_NOT_MODELED
SKU-COMP-FRAME-MT-001,SUP-002,EuroSource Precision,PHASE1_DEMAND_PLANNING_CONTEXT,UNKNOWN,UNKNOWN,0.0,0.0,0.0,0.0,0.0,0.0,0.0,UNKNOWN,UNKNOWN,False,False,False,False,0.0,0.0,False,UNKNOWN,0.5,NONE,Phase 1 context loaded for procurement planning.,0.0,0.0,0.0,0.0,0.0,0.0,0.0,0.0,0.0,0.0,0.0,0.0,0.0,0.0,0.0,0.0,0.0,0.0,0.0,False,False,True,PROVISIONAL_NO_INVENTORY_CONTEXT,NO_PHASE3_POLICY_CONTEXT,PHASE3_INVENTORY_CONTEXT_NOT_CONNECTED,0.0,0.0,LEAD_TIME_DEMAND_PLUS_BACKORDER_MINUS_CONFIRMED_INBOUND,PROVISIONAL_NO_INVENTORY_CONTEXT;BUFFER_REQUIREMENT_NOT_CONNECTED,NONE,148.4,148.4,25.0,163.6852,8.162,2.6712,1.484,2.968,600,30,20,20,2.0,0.06,True,False,4,0.0,16,False,False,0.025,0.975,1.0,148.4,167.8823,170,WEEKLY,7,WEEKLY,7,24.285714285714285,170.0,728.57,1457.14,2185.71,728.57,252,728.57,MIN_SUPPLIER_AND_SUPPLIER_SKU_CAPACITY,PER_DAY_NORMALIZED_TO_HORIZON,0.6,False,0.73,True,True,45,0.08,70,0.92,2635.56,True,True,False,False,0,1,5,10,False,0.0,0.0,,,0.0,False,0.97,0.0,0.0,NONE,False,MONITOR,0.9338500986193293,0.0661,LOW,0.05,0.0661,0.0,0.0,0.0,0.031525,0.031525,LOW,NONE,False,True,False,True,True,True,True,True,True,True,True,True,True,True,0.0,0.0,25.0,40.0,40.0,2,0.0,20,6777.41,460.0,230.0,190.0,270.0,1221.43,1221.43,0.0,True,0,False,,,,False,0.7356,1,"Balanced score combines landed cost, lead time, reliability, risk, quality, capacity, and backorder capability.",NONE,PAYMENT_TERMS_COST_NOT_MODELED,PROVISIONAL_NO_INVENTORY_CONTEXT;BUFFER_REQUIREMENT_NOT_CONNECTED,CAPACITY_PERIOD_ASSUMED,CAPACITY_PERIOD_ASSUMED,Supplier option is available for standard procurement planning.,460.0,40.0,11.5,TOTAL_RELEVANT_PROCUREMENT_COST_DIVIDED_BY_USABLE_QUANTITY,PAYMENT_TERMS_COST_NOT_MODELED
SKU-COMP-FRAME-MT-001,SUP-003,Rapid Local Supply,PHASE1_DEMAND_PLANNING_CONTEXT,UNKNOWN,UNKNOWN,0.0,0.0,0.0,0.0,0.0,0.0,0.0,UNKNOWN,UNKNOWN,False,False,False,False,0.0,0.0,False,UNKNOWN,0.5,NONE,Phase 1 context loaded for procurement planning.,0.0,0.0,0.0,0.0,0.0,0.0,0.0,0.0,0.0,0.0,0.0,0.0,0.0,0.0,0.0,0.0,0.0,0.0,0.0,False,False,True,PROVISIONAL_NO_INVENTORY_CONTEXT,NO_PHASE3_POLICY_CONTEXT,PHASE3_INVENTORY_CONTEXT_NOT_CONNECTED,0.0,0.0,LEAD_TIME_DEMAND_PLUS_BACKORDER_MINUS_CONFIRMED_INBOUND,PROVISIONAL_NO_INVENTORY_CONTEXT;BUFFER_REQUIREMENT_NOT_CONNECTED,NONE,156.8,156.8,25.0,166.3648,5.488000000000001,3.136,0.9408000000000001,0.0,180,15,16,16,2.8,0.12,True,True,2,576.76,14,True,False,0.06,0.94,2.4,376.32,176.9838,170,WEEKLY,7,WEEKLY,7,16.428571428571427,115.0,492.86,985.71,1478.57,492.86,252,492.86,MIN_SUPPLIER_AND_SUPPLIER_SKU_CAPACITY,PER_DAY_NORMALIZED_TO_HORIZON,0.726,False,0.673,True,True,21,0.15,35,0.85,3948.4,False,False,True,True,40,2,2,4,True,20.0,20.0,2026-07-28,2026-07-30,264.52,False,0.92,0.0,0.0,NONE,False,MONITOR,0.9479291465378422,0.0521,LOW,0.05,0.0521,0.0,0.0,0.0,0.028025,0.028025,LOW,NONE,False,False,True,True,True,True,True,True,True,True,True,True,False,False,0.0,0.0,25.0,40.0,40.0,2,0.0,16,6799.59,290.0,145.0,120.0,170.0,1221.43,1221.43,0.0,True,0,False,,,,False,-1.0,2,Excluded from balanced selection because supplier option is not fully feasible.,LOW_ORDER_ACCEPTANCE_PROBABILITY,CUSTOMS_COST_FALLBACK_USED;PAYMENT_TERMS_COST_NOT_MODELED,PROVISIONAL_NO_INVENTORY_CONTEXT;BUFFER_REQUIREMENT_NOT_CONNECTED,CAPACITY_PERIOD_ASSUMED,CAPACITY_PERIOD_ASSUMED,Supplier option is available for standard procurement planning.,290.0,40.0,7.25,TOTAL_RELEVANT_PROCUREMENT_COST_DIVIDED_BY_USABLE_QUANTITY,CUSTOMS_COST_FALLBACK_USED;PAYMENT_TERMS_COST_NOT_MODELED
SKU-COMP-WHEEL-ROAD-700C,SUP-002,EuroSource Precision,PHASE1_DEMAND_PLANNING_CONTEXT,UNKNOWN,UNKNOWN,0.0,0.0,0.0,0.0,0.0,0.0,0.0,UNKNOWN,UNKNOWN,False,False,False,False,0.0,0.0,False,UNKNOWN,0.5,NONE,Phase 1 context loaded for procurement planning.,0.0,0.0,0.0,0.0,0.0,0.0,0.0,0.0,0.0,0.0,0.0,0.0,0.0,0.0,0.0,0.0,0.0,0.0,0.0,False,False,True,PROVISIONAL_NO_INVENTORY_CONTEXT,NO_PHASE3_POLICY_CONTEXT,PHASE3_INVENTORY_CONTEXT_NOT_CONNECTED,0.0,0.0,LEAD_TIME_DEMAND_PLUS_BACKORDER_MINUS_CONFIRMED_INBOUND,PROVISIONAL_NO_INVENTORY_CONTEXT;BUFFER_REQUIREMENT_NOT_CONNECTED,NONE,63.6,63.6,50.0,70.1508,3.498,1.1448,0.636,1.272,600,30,14,14,2.0,0.06,True,False,4,0.0,10,False,False,0.025,0.975,1.88,119.57,71.9495,165,WEEKLY,7,WEEKLY,7,23.571428571428573,165.0,707.14,1414.29,2121.43,707.14,248,707.14,MIN_SUPPLIER_AND_SUPPLIER_SKU_CAPACITY,PER_DAY_NORMALIZED_TO_HORIZON,0.6,False,0.73,True,True,45,0.08,70,0.92,3123.16,True,True,False,False,0,1,5,10,False,0.0,0.0,,,0.0,False,0.97,0.0,0.0,NONE,False,MONITOR,0.9338500986193293,0.0661,LOW,0.05,0.0661,0.0,0.0,0.0,0.031525,0.031525,LOW,NONE,False,True,False,True,True,True,True,True,True,True,True,True,True,True,0.0,0.0,50.0,50.0,50.0,3,0.0,14,3737.54,690.0,230.0,285.0,405.0,1200.0,1200.0,0.0,True,0,False,,,,False,0.7356,1,"Balanced score combines landed cost, lead time, reliability, risk, quality, capacity, and backorder capability.",NONE,PAYMENT_TERMS_COST_NOT_MODELED,PROVISIONAL_NO_INVENTORY_CONTEXT;BUFFER_REQUIREMENT_NOT_CONNECTED,CAPACITY_PERIOD_ASSUMED,CAPACITY_PERIOD_ASSUMED,Supplier option is available for standard procurement planning.,690.0,50.0,13.8,TOTAL_RELEVANT_PROCUREMENT_COST_DIVIDED_BY_USABLE_QUANTITY,PAYMENT_TERMS_COST_NOT_MODELED
SKU-COMP-WHEEL-ROAD-700C,SUP-003,Rapid Local Supply,PHASE1_DEMAND_PLANNING_CONTEXT,UNKNOWN,UNKNOWN,0.0,0.0,0.0,0.0,0.0,0.0,0.0,UNKNOWN,UNKNOWN,False,False,False,False,0.0,0.0,False,UNKNOWN,0.5,NONE,Phase 1 context loaded for procurement planning.,0.0,0.0,0.0,0.0,0.0,0.0,0.0,0.0,0.0,0.0,0.0,0.0,0.0,0.0,0.0,0.0,0.0,0.0,0.0,False,False,True,PROVISIONAL_NO_INVENTORY_CONTEXT,NO_PHASE3_POLICY_CONTEXT,PHASE3_INVENTORY_CONTEXT_NOT_CONNECTED,0.0,0.0,LEAD_TIME_DEMAND_PLUS_BACKORDER_MINUS_CONFIRMED_INBOUND,PROVISIONAL_NO_INVENTORY_CONTEXT;BUFFER_REQUIREMENT_NOT_CONNECTED,NONE,67.2,67.2,50.0,71.2992,2.3520000000000003,1.344,0.4032,0.0,180,15,10,10,2.8,0.12,True,True,2,478.2,8,True,False,0.06,0.94,4.5,302.4,75.8502,165,WEEKLY,7,WEEKLY,7,16.428571428571427,115.0,492.86,985.71,1478.57,492.86,248,492.86,MIN_SUPPLIER_AND_SUPPLIER_SKU_CAPACITY,PER_DAY_NORMALIZED_TO_HORIZON,0.726,False,0.673,True,True,21,0.15,35,0.85,3662.8,False,False,True,True,40,2,2,4,True,25.0,25.0,2026-07-28,2026-07-30,162.6,False,0.92,0.0,0.0,NONE,False,MONITOR,0.9479291465378422,0.0521,LOW,0.05,0.0521,0.0,0.0,0.0,0.028025,0.028025,LOW,NONE,False,False,True,True,True,True,True,True,True,True,True,True,False,False,0.0,0.0,50.0,50.0,50.0,3,0.0,10,3709.96,435.0,145.0,180.0,255.0,1200.0,1200.0,0.0,True,0,False,,,,False,-1.0,2,Excluded from balanced selection because supplier option is not fully feasible.,LOW_ORDER_ACCEPTANCE_PROBABILITY,CUSTOMS_COST_FALLBACK_USED;PAYMENT_TERMS_COST_NOT_MODELED,PROVISIONAL_NO_INVENTORY_CONTEXT;BUFFER_REQUIREMENT_NOT_CONNECTED,CAPACITY_PERIOD_ASSUMED,CAPACITY_PERIOD_ASSUMED,Supplier option is available for standard procurement planning.,435.0,50.0,8.7,TOTAL_RELEVANT_PROCUREMENT_COST_DIVIDED_BY_USABLE_QUANTITY,CUSTOMS_COST_FALLBACK_USED;PAYMENT_TERMS_COST_NOT_MODELED
SKU-COMP-WHEEL-MT-29,SUP-002,EuroSource Precision,PHASE1_DEMAND_PLANNING_CONTEXT,UNKNOWN,UNKNOWN,0.0,0.0,0.0,0.0,0.0,0.0,0.0,UNKNOWN,UNKNOWN,False,False,False,False,0.0,0.0,False,UNKNOWN,0.5,NONE,Phase 1 context loaded for procurement planning.,0.0,0.0,0.0,0.0,0.0,0.0,0.0,0.0,0.0,0.0,0.0,0.0,0.0,0.0,0.0,0.0,0.0,0.0,0.0,False,False,True,PROVISIONAL_NO_INVENTORY_CONTEXT,NO_PHASE3_POLICY_CONTEXT,PHASE3_INVENTORY_CONTEXT_NOT_CONNECTED,0.0,0.0,LEAD_TIME_DEMAND_PLUS_BACKORDER_MINUS_CONFIRMED_INBOUND,PROVISIONAL_NO_INVENTORY_CONTEXT;BUFFER_REQUIREMENT_NOT_CONNECTED,NONE,74.2,74.2,45.0,81.8426,4.081,1.3356,0.742,1.484,600,30,16,16,2.0,0.06,True,False,4,0.0,12,False,False,0.025,0.975,1.25,92.75,83.9411,160,WEEKLY,7,WEEKLY,7,22.857142857142858,160.0,685.71,1371.43,2057.14,685.71,244,685.71,MIN_SUPPLIER_AND_SUPPLIER_SKU_CAPACITY,PER_DAY_NORMALIZED_TO_HORIZON,0.6,False,0.73,True,True,45,0.08,70,0.92,1952.92,True,True,False,False,0,1,5,10,False,0.0,0.0,,,0.0,False,0.97,0.0,0.0,NONE,False,MONITOR,0.9338500986193293,0.0661,LOW,0.05,0.0661,0.0,0.0,0.0,0.031525,0.031525,LOW,NONE,False,True,False,True,True,True,True,True,True,True,True,True,True,True,0.0,0.0,45.0,50.0,50.0,2,0.0,16,4322.13,460.0,230.0,190.0,270.0,1178.57,1178.57,0.0,True,0,False,,,,False,0.7356,1,"Balanced score combines landed cost, lead time, reliability, risk, quality, capacity, and backorder capability.",NONE,PAYMENT_TERMS_COST_NOT_MODELED,PROVISIONAL_NO_INVENTORY_CONTEXT;BUFFER_REQUIREMENT_NOT_CONNECTED,CAPACITY_PERIOD_ASSUMED,CAPACITY_PERIOD_ASSUMED,Supplier option is available for standard procurement planning.,460.0,50.0,9.2,TOTAL_RELEVANT_PROCUREMENT_COST_DIVIDED_BY_USABLE_QUANTITY,PAYMENT_TERMS_COST_NOT_MODELED
SKU-COMP-WHEEL-MT-29,SUP-003,Rapid Local Supply,PHASE1_DEMAND_PLANNING_CONTEXT,UNKNOWN,UNKNOWN,0.0,0.0,0.0,0.0,0.0,0.0,0.0,UNKNOWN,UNKNOWN,False,False,False,False,0.0,0.0,False,UNKNOWN,0.5,NONE,Phase 1 context loaded for procurement planning.,0.0,0.0,0.0,0.0,0.0,0.0,0.0,0.0,0.0,0.0,0.0,0.0,0.0,0.0,0.0,0.0,0.0,0.0,0.0,False,False,True,PROVISIONAL_NO_INVENTORY_CONTEXT,NO_PHASE3_POLICY_CONTEXT,PHASE3_INVENTORY_CONTEXT_NOT_CONNECTED,0.0,0.0,LEAD_TIME_DEMAND_PLUS_BACKORDER_MINUS_CONFIRMED_INBOUND,PROVISIONAL_NO_INVENTORY_CONTEXT;BUFFER_REQUIREMENT_NOT_CONNECTED,NONE,78.4,78.4,45.0,83.1824,2.7440000000000007,1.568,0.47040000000000004,0.0,180,15,12,12,2.8,0.12,True,True,2,388.6,10,True,False,0.06,0.94,3.0,235.2,88.4919,160,WEEKLY,7,WEEKLY,7,16.428571428571427,115.0,492.86,985.71,1478.57,492.86,244,492.86,MIN_SUPPLIER_AND_SUPPLIER_SKU_CAPACITY,PER_DAY_NORMALIZED_TO_HORIZON,0.726,False,0.673,True,True,21,0.15,35,0.85,2615.6,False,False,True,True,40,2,2,4,True,25.0,25.0,2026-07-28,2026-07-30,182.2,False,0.92,0.0,0.0,NONE,False,MONITOR,0.9479291465378422,0.0521,LOW,0.05,0.0521,0.0,0.0,0.0,0.028025,0.028025,LOW,NONE,False,False,True,True,True,True,True,True,True,True,True,True,False,False,0.0,0.0,45.0,50.0,50.0,3,0.0,12,4304.12,435.0,145.0,180.0,255.0,1178.57,1178.57,0.0,True,0,False,,,,False,-1.0,2,Excluded from balanced selection because supplier option is not fully feasible.,LOW_ORDER_ACCEPTANCE_PROBABILITY,CUSTOMS_COST_FALLBACK_USED;PAYMENT_TERMS_COST_NOT_MODELED,PROVISIONAL_NO_INVENTORY_CONTEXT;BUFFER_REQUIREMENT_NOT_CONNECTED,CAPACITY_PERIOD_ASSUMED,CAPACITY_PERIOD_ASSUMED,Supplier option is available for standard procurement planning.,435.0,50.0,8.7,TOTAL_RELEVANT_PROCUREMENT_COST_DIVIDED_BY_USABLE_QUANTITY,CUSTOMS_COST_FALLBACK_USED;PAYMENT_TERMS_COST_NOT_MODELED
SKU-COMP-TIRE-ROAD-700C,SUP-002,EuroSource Precision,PHASE1_DEMAND_PLANNING_CONTEXT,UNKNOWN,UNKNOWN,0.0,0.0,0.0,0.0,0.0,0.0,0.0,UNKNOWN,UNKNOWN,False,False,False,False,0.0,0.0,False,UNKNOWN,0.5,NONE,Phase 1 context loaded for procurement planning.,0.0,0.0,0.0,0.0,0.0,0.0,0.0,0.0,0.0,0.0,0.0,0.0,0.0,0.0,0.0,0.0,0.0,0.0,0.0,False,False,True,PROVISIONAL_NO_INVENTORY_CONTEXT,NO_PHASE3_POLICY_CONTEXT,PHASE3_INVENTORY_CONTEXT_NOT_CONNECTED,0.0,0.0,LEAD_TIME_DEMAND_PLUS_BACKORDER_MINUS_CONFIRMED_INBOUND,PROVISIONAL_NO_INVENTORY_CONTEXT;BUFFER_REQUIREMENT_NOT_CONNECTED,NONE,26.5,26.5,80.0,29.2295,1.4575,0.477,0.265,0.53,600,30,10,10,2.0,0.06,True,False,4,0.0,6,False,False,0.025,0.975,3.0,79.5,29.979,155,WEEKLY,7,WEEKLY,7,22.142857142857142,155.0,664.29,1328.57,1992.86,664.29,240,664.29,MIN_SUPPLIER_AND_SUPPLIER_SKU_CAPACITY,PER_DAY_NORMALIZED_TO_HORIZON,0.6,False,0.73,True,True,45,0.08,70,0.92,2343.0,True,True,False,False,0,1,5,10,False,0.0,0.0,,,0.0,False,0.97,0.0,0.0,NONE,False,MONITOR,0.9338500986193293,0.0661,LOW,0.05,0.0661,0.0,0.0,0.0,0.031525,0.031525,LOW,NONE,False,True,False,True,True,True,True,True,True,True,True,True,True,True,0.0,0.0,80.0,80.0,80.0,3,0.0,10,2568.36,690.0,230.0,285.0,405.0,1157.15,1157.15,0.0,True,0,False,,,,False,0.7356,1,"Balanced score combines landed cost, lead time, reliability, risk, quality, capacity, and backorder capability.",NONE,PAYMENT_TERMS_COST_NOT_MODELED,PROVISIONAL_NO_INVENTORY_CONTEXT;BUFFER_REQUIREMENT_NOT_CONNECTED,CAPACITY_PERIOD_ASSUMED,CAPACITY_PERIOD_ASSUMED,Supplier option is available for standard procurement planning.,690.0,80.0,8.625,TOTAL_RELEVANT_PROCUREMENT_COST_DIVIDED_BY_USABLE_QUANTITY,PAYMENT_TERMS_COST_NOT_MODELED
SKU-COMP-TIRE-ROAD-700C,SUP-003,Rapid Local Supply,PHASE1_DEMAND_PLANNING_CONTEXT,UNKNOWN,UNKNOWN,0.0,0.0,0.0,0.0,0.0,0.0,0.0,UNKNOWN,UNKNOWN,False,False,False,False,0.0,0.0,False,UNKNOWN,0.5,NONE,Phase 1 context loaded for procurement planning.,0.0,0.0,0.0,0.0,0.0,0.0,0.0,0.0,0.0,0.0,0.0,0.0,0.0,0.0,0.0,0.0,0.0,0.0,0.0,False,False,True,PROVISIONAL_NO_INVENTORY_CONTEXT,NO_PHASE3_POLICY_CONTEXT,PHASE3_INVENTORY_CONTEXT_NOT_CONNECTED,0.0,0.0,LEAD_TIME_DEMAND_PLUS_BACKORDER_MINUS_CONFIRMED_INBOUND,PROVISIONAL_NO_INVENTORY_CONTEXT;BUFFER_REQUIREMENT_NOT_CONNECTED,NONE,28.0,28.0,80.0,29.708,0.9800000000000001,0.56,0.168,0.0,180,15,6,6,2.8,0.12,True,True,2,343.8,4,True,False,0.06,0.94,7.2,201.6,31.6043,155,WEEKLY,7,WEEKLY,7,16.428571428571427,115.0,492.86,985.71,1478.57,492.86,240,492.86,MIN_SUPPLIER_AND_SUPPLIER_SKU_CAPACITY,PER_DAY_NORMALIZED_TO_HORIZON,0.726,False,0.673,True,True,21,0.15,35,0.85,2568.0,False,False,True,True,40,2,2,4,True,40.0,40.0,2026-07-28,2026-07-30,123.4,False,0.92,0.0,0.0,NONE,False,MONITOR,0.9479291465378422,0.0521,LOW,0.05,0.0521,0.0,0.0,0.0,0.028025,0.028025,LOW,NONE,False,False,True,True,True,True,True,True,True,True,True,True,False,False,0.0,0.0,80.0,80.0,80.0,5,0.0,7,2521.64,725.0,145.0,300.0,425.0,1157.15,1157.15,0.0,True,0,False,,,,False,-1.0,2,Excluded from balanced selection because supplier option is not fully feasible.,LOW_ORDER_ACCEPTANCE_PROBABILITY,CUSTOMS_COST_FALLBACK_USED;PAYMENT_TERMS_COST_NOT_MODELED,PROVISIONAL_NO_INVENTORY_CONTEXT;BUFFER_REQUIREMENT_NOT_CONNECTED,CAPACITY_PERIOD_ASSUMED,CAPACITY_PERIOD_ASSUMED,Supplier option is available for standard procurement planning.,725.0,80.0,9.0625,TOTAL_RELEVANT_PROCUREMENT_COST_DIVIDED_BY_USABLE_QUANTITY,CUSTOMS_COST_FALLBACK_USED;PAYMENT_TERMS_COST_NOT_MODELED
SKU-COMP-TIRE-MT-29,SUP-002,EuroSource Precision,PHASE1_DEMAND_PLANNING_CONTEXT,UNKNOWN,UNKNOWN,0.0,0.0,0.0,0.0,0.0,0.0,0.0,UNKNOWN,UNKNOWN,False,False,False,False,0.0,0.0,False,UNKNOWN,0.5,NONE,Phase 1 context loaded for procurement planning.,0.0,0.0,0.0,0.0,0.0,0.0,0.0,0.0,0.0,0.0,0.0,0.0,0.0,0.0,0.0,0.0,0.0,0.0,0.0,False,False,True,PROVISIONAL_NO_INVENTORY_CONTEXT,NO_PHASE3_POLICY_CONTEXT,PHASE3_INVENTORY_CONTEXT_NOT_CONNECTED,0.0,0.0,LEAD_TIME_DEMAND_PLUS_BACKORDER_MINUS_CONFIRMED_INBOUND,PROVISIONAL_NO_INVENTORY_CONTEXT;BUFFER_REQUIREMENT_NOT_CONNECTED,NONE,31.8,31.8,70.0,35.0754,1.749,0.5724,0.318,0.636,600,30,11,11,2.0,0.06,True,False,4,0.0,7,False,False,0.025,0.975,2.62,83.32,35.9748,150,WEEKLY,7,WEEKLY,7,21.428571428571427,150.0,642.86,1285.71,1928.57,642.86,236,642.86,MIN_SUPPLIER_AND_SUPPLIER_SKU_CAPACITY,PER_DAY_NORMALIZED_TO_HORIZON,0.6,False,0.73,True,True,45,0.08,70,0.92,2391.76,True,True,False,False,0,1,5,10,False,0.0,0.0,,,0.0,False,0.97,0.0,0.0,NONE,False,MONITOR,0.9338500986193293,0.0661,LOW,0.05,0.0661,0.0,0.0,0.0,0.031525,0.031525,LOW,NONE,False,True,False,True,True,True,True,True,True,True,True,True,True,True,0.0,0.0,70.0,70.0,70.0,3,0.0,11,2685.28,690.0,230.0,285.0,405.0,1135.72,1135.72,0.0,True,0,False,,,,False,0.7356,1,"Balanced score combines landed cost, lead time, reliability, risk, quality, capacity, and backorder capability.",NONE,PAYMENT_TERMS_COST_NOT_MODELED,PROVISIONAL_NO_INVENTORY_CONTEXT;BUFFER_REQUIREMENT_NOT_CONNECTED,CAPACITY_PERIOD_ASSUMED,CAPACITY_PERIOD_ASSUMED,Supplier option is available for standard procurement planning.,690.0,70.0,9.857142857142858,TOTAL_RELEVANT_PROCUREMENT_COST_DIVIDED_BY_USABLE_QUANTITY,PAYMENT_TERMS_COST_NOT_MODELED
SKU-COMP-TIRE-MT-29,SUP-003,Rapid Local Supply,PHASE1_DEMAND_PLANNING_CONTEXT,UNKNOWN,UNKNOWN,0.0,0.0,0.0,0.0,0.0,0.0,0.0,UNKNOWN,UNKNOWN,False,False,False,False,0.0,0.0,False,UNKNOWN,0.5,NONE,Phase 1 context loaded for procurement planning.,0.0,0.0,0.0,0.0,0.0,0.0,0.0,0.0,0.0,0.0,0.0,0.0,0.0,0.0,0.0,0.0,0.0,0.0,0.0,False,False,True,PROVISIONAL_NO_INVENTORY_CONTEXT,NO_PHASE3_POLICY_CONTEXT,PHASE3_INVENTORY_CONTEXT_NOT_CONNECTED,0.0,0.0,LEAD_TIME_DEMAND_PLUS_BACKORDER_MINUS_CONFIRMED_INBOUND,PROVISIONAL_NO_INVENTORY_CONTEXT;BUFFER_REQUIREMENT_NOT_CONNECTED,NONE,33.6,33.6,70.0,35.6496,1.1760000000000002,0.672,0.2016,0.0,180,15,7,7,2.8,0.12,True,True,2,357.24,5,True,False,0.06,0.94,6.3,211.68,37.9251,150,WEEKLY,7,WEEKLY,7,16.428571428571427,115.0,492.86,985.71,1478.57,492.86,236,492.86,MIN_SUPPLIER_AND_SUPPLIER_SKU_CAPACITY,PER_DAY_NORMALIZED_TO_HORIZON,0.726,False,0.673,True,True,21,0.15,35,0.85,2663.2,False,False,True,True,40,2,2,4,True,35.0,35.0,2026-07-28,2026-07-30,127.32,False,0.92,0.0,0.0,NONE,False,MONITOR,0.9479291465378422,0.0521,LOW,0.05,0.0521,0.0,0.0,0.0,0.028025,0.028025,LOW,NONE,False,False,True,True,True,True,True,True,True,True,True,True,False,False,0.0,0.0,70.0,70.0,70.0,5,0.0,7,2640.47,725.0,145.0,300.0,425.0,1135.72,1135.72,0.0,True,0,False,,,,False,-1.0,2,Excluded from balanced selection because supplier option is not fully feasible.,LOW_ORDER_ACCEPTANCE_PROBABILITY,CUSTOMS_COST_FALLBACK_USED;PAYMENT_TERMS_COST_NOT_MODELED,PROVISIONAL_NO_INVENTORY_CONTEXT;BUFFER_REQUIREMENT_NOT_CONNECTED,CAPACITY_PERIOD_ASSUMED,CAPACITY_PERIOD_ASSUMED,Supplier option is available for standard procurement planning.,725.0,70.0,10.357142857142858,TOTAL_RELEVANT_PROCUREMENT_COST_DIVIDED_BY_USABLE_QUANTITY,CUSTOMS_COST_FALLBACK_USED;PAYMENT_TERMS_COST_NOT_MODELED
SKU-COMP-BRAKE-FRONT-001,SUP-002,EuroSource Precision,PHASE1_DEMAND_PLANNING_CONTEXT,UNKNOWN,UNKNOWN,0.0,0.0,0.0,0.0,0.0,0.0,0.0,UNKNOWN,UNKNOWN,False,False,False,False,0.0,0.0,False,UNKNOWN,0.5,NONE,Phase 1 context loaded for procurement planning.,0.0,0.0,0.0,0.0,0.0,0.0,0.0,0.0,0.0,0.0,0.0,0.0,0.0,0.0,0.0,0.0,0.0,0.0,0.0,False,False,True,PROVISIONAL_NO_INVENTORY_CONTEXT,NO_PHASE3_POLICY_CONTEXT,PHASE3_INVENTORY_CONTEXT_NOT_CONNECTED,0.0,0.0,LEAD_TIME_DEMAND_PLUS_BACKORDER_MINUS_CONFIRMED_INBOUND,PROVISIONAL_NO_INVENTORY_CONTEXT;BUFFER_REQUIREMENT_NOT_CONNECTED,NONE,47.7,47.7,40.0,52.6131,2.6235000000000004,0.8586,0.47700000000000004,0.9540000000000001,600,30,13,13,2.0,0.06,True,False,4,0.0,9,False,False,0.025,0.975,1.5,71.55,53.9622,145,WEEKLY,7,WEEKLY,7,20.714285714285715,145.0,621.43,1242.86,1864.29,621.43,232,621.43,MIN_SUPPLIER_AND_SUPPLIER_SKU_CAPACITY,PER_DAY_NORMALIZED_TO_HORIZON,0.6,False,0.73,True,True,45,0.08,70,0.92,1660.36,True,True,False,False,0,1,5,10,False,0.0,0.0,,,0.0,False,0.97,0.0,0.0,NONE,False,MONITOR,0.9338500986193293,0.0661,LOW,0.05,0.0661,0.0,0.0,0.0,0.031525,0.031525,LOW,NONE,False,True,False,True,True,True,True,True,True,True,True,True,True,True,0.0,0.0,40.0,40.0,40.0,3,0.0,13,2334.52,690.0,230.0,285.0,405.0,1114.29,1114.29,0.0,True,0,False,,,,False,0.7356,1,"Balanced score combines landed cost, lead time, reliability, risk, quality, capacity, and backorder capability.",NONE,PAYMENT_TERMS_COST_NOT_MODELED,PROVISIONAL_NO_INVENTORY_CONTEXT;BUFFER_REQUIREMENT_NOT_CONNECTED,CAPACITY_PERIOD_ASSUMED,CAPACITY_PERIOD_ASSUMED,Supplier option is available for standard procurement planning.,690.0,40.0,17.25,TOTAL_RELEVANT_PROCUREMENT_COST_DIVIDED_BY_USABLE_QUANTITY,PAYMENT_TERMS_COST_NOT_MODELED
SKU-COMP-BRAKE-FRONT-001,SUP-003,Rapid Local Supply,PHASE1_DEMAND_PLANNING_CONTEXT,UNKNOWN,UNKNOWN,0.0,0.0,0.0,0.0,0.0,0.0,0.0,UNKNOWN,UNKNOWN,False,False,False,False,0.0,0.0,False,UNKNOWN,0.5,NONE,Phase 1 context loaded for procurement planning.,0.0,0.0,0.0,0.0,0.0,0.0,0.0,0.0,0.0,0.0,0.0,0.0,0.0,0.0,0.0,0.0,0.0,0.0,0.0,False,False,True,PROVISIONAL_NO_INVENTORY_CONTEXT,NO_PHASE3_POLICY_CONTEXT,PHASE3_INVENTORY_CONTEXT_NOT_CONNECTED,0.0,0.0,LEAD_TIME_DEMAND_PLUS_BACKORDER_MINUS_CONFIRMED_INBOUND,PROVISIONAL_NO_INVENTORY_CONTEXT;BUFFER_REQUIREMENT_NOT_CONNECTED,NONE,50.4,50.4,40.0,53.4744,1.764,1.008,0.3024,0.0,180,15,9,9,2.8,0.12,True,True,2,316.92,7,True,False,0.06,0.94,3.6,181.44,56.8877,145,WEEKLY,7,WEEKLY,7,16.428571428571427,115.0,492.86,985.71,1478.57,492.86,232,492.86,MIN_SUPPLIER_AND_SUPPLIER_SKU_CAPACITY,PER_DAY_NORMALIZED_TO_HORIZON,0.726,False,0.673,True,True,21,0.15,35,0.85,2092.0,False,False,True,True,40,2,2,4,True,20.0,20.0,2026-07-28,2026-07-30,115.56,False,0.92,0.0,0.0,NONE,False,MONITOR,0.9479291465378422,0.0521,LOW,0.05,0.0521,0.0,0.0,0.0,0.028025,0.028025,LOW,NONE,False,False,True,True,True,True,True,True,True,True,True,True,False,False,0.0,0.0,40.0,40.0,40.0,4,0.0,9,2283.98,580.0,145.0,240.0,340.0,1114.29,1114.29,0.0,True,0,False,,,,False,-1.0,2,Excluded from balanced selection because supplier option is not fully feasible.,LOW_ORDER_ACCEPTANCE_PROBABILITY,CUSTOMS_COST_FALLBACK_USED;PAYMENT_TERMS_COST_NOT_MODELED,PROVISIONAL_NO_INVENTORY_CONTEXT;BUFFER_REQUIREMENT_NOT_CONNECTED,CAPACITY_PERIOD_ASSUMED,CAPACITY_PERIOD_ASSUMED,Supplier option is available for standard procurement planning.,580.0,40.0,14.5,TOTAL_RELEVANT_PROCUREMENT_COST_DIVIDED_BY_USABLE_QUANTITY,CUSTOMS_COST_FALLBACK_USED;PAYMENT_TERMS_COST_NOT_MODELED
SKU-COMP-BRAKE-REAR-001,SUP-002,EuroSource Precision,PHASE1_DEMAND_PLANNING_CONTEXT,UNKNOWN,UNKNOWN,0.0,0.0,0.0,0.0,0.0,0.0,0.0,UNKNOWN,UNKNOWN,False,False,False,False,0.0,0.0,False,UNKNOWN,0.5,NONE,Phase 1 context loaded for procurement planning.,0.0,0.0,0.0,0.0,0.0,0.0,0.0,0.0,0.0,0.0,0.0,0.0,0.0,0.0,0.0,0.0,0.0,0.0,0.0,False,False,True,PROVISIONAL_NO_INVENTORY_CONTEXT,NO_PHASE3_POLICY_CONTEXT,PHASE3_INVENTORY_CONTEXT_NOT_CONNECTED,0.0,0.0,LEAD_TIME_DEMAND_PLUS_BACKORDER_MINUS_CONFIRMED_INBOUND,PROVISIONAL_NO_INVENTORY_CONTEXT;BUFFER_REQUIREMENT_NOT_CONNECTED,NONE,47.7,47.7,40.0,52.6131,2.6235000000000004,0.8586,0.47700000000000004,0.9540000000000001,600,30,13,13,2.0,0.06,True,False,4,0.0,9,False,False,0.025,0.975,1.5,71.55,53.9622,140,WEEKLY,7,WEEKLY,7,20.0,140.0,600.0,1200.0,1800.0,600.0,228,600.0,MIN_SUPPLIER_AND_SUPPLIER_SKU_CAPACITY,PER_DAY_NORMALIZED_TO_HORIZON,0.6,False,0.73,True,True,45,0.08,70,0.92,1660.36,True,True,False,False,0,1,5,10,False,0.0,0.0,,,0.0,False,0.97,0.0,0.0,NONE,False,MONITOR,0.9338500986193293,0.0661,LOW,0.05,0.0661,0.0,0.0,0.0,0.031525,0.031525,LOW,NONE,False,True,False,True,True,True,True,True,True,True,True,True,True,True,0.0,0.0,40.0,40.0,40.0,3,0.0,13,2334.52,690.0,230.0,285.0,405.0,1092.86,1092.86,0.0,True,0,False,,,,False,0.7356,1,"Balanced score combines landed cost, lead time, reliability, risk, quality, capacity, and backorder capability.",NONE,PAYMENT_TERMS_COST_NOT_MODELED,PROVISIONAL_NO_INVENTORY_CONTEXT;BUFFER_REQUIREMENT_NOT_CONNECTED,CAPACITY_PERIOD_ASSUMED,CAPACITY_PERIOD_ASSUMED,Supplier option is available for standard procurement planning.,690.0,40.0,17.25,TOTAL_RELEVANT_PROCUREMENT_COST_DIVIDED_BY_USABLE_QUANTITY,PAYMENT_TERMS_COST_NOT_MODELED
SKU-COMP-BRAKE-REAR-001,SUP-003,Rapid Local Supply,PHASE1_DEMAND_PLANNING_CONTEXT,UNKNOWN,UNKNOWN,0.0,0.0,0.0,0.0,0.0,0.0,0.0,UNKNOWN,UNKNOWN,False,False,False,False,0.0,0.0,False,UNKNOWN,0.5,NONE,Phase 1 context loaded for procurement planning.,0.0,0.0,0.0,0.0,0.0,0.0,0.0,0.0,0.0,0.0,0.0,0.0,0.0,0.0,0.0,0.0,0.0,0.0,0.0,False,False,True,PROVISIONAL_NO_INVENTORY_CONTEXT,NO_PHASE3_POLICY_CONTEXT,PHASE3_INVENTORY_CONTEXT_NOT_CONNECTED,0.0,0.0,LEAD_TIME_DEMAND_PLUS_BACKORDER_MINUS_CONFIRMED_INBOUND,PROVISIONAL_NO_INVENTORY_CONTEXT;BUFFER_REQUIREMENT_NOT_CONNECTED,NONE,50.4,50.4,40.0,53.4744,1.764,1.008,0.3024,0.0,180,15,9,9,2.8,0.12,True,True,2,316.92,7,True,False,0.06,0.94,3.6,181.44,56.8877,140,WEEKLY,7,WEEKLY,7,16.428571428571427,115.0,492.86,985.71,1478.57,492.86,228,492.86,MIN_SUPPLIER_AND_SUPPLIER_SKU_CAPACITY,PER_DAY_NORMALIZED_TO_HORIZON,0.726,False,0.673,True,True,21,0.15,35,0.85,2092.0,False,False,True,True,40,2,2,4,True,20.0,20.0,2026-07-28,2026-07-30,115.56,False,0.92,0.0,0.0,NONE,False,MONITOR,0.9479291465378422,0.0521,LOW,0.05,0.0521,0.0,0.0,0.0,0.028025,0.028025,LOW,NONE,False,False,True,True,True,True,True,True,True,True,True,True,False,False,0.0,0.0,40.0,40.0,40.0,4,0.0,9,2283.98,580.0,145.0,240.0,340.0,1092.86,1092.86,0.0,True,0,False,,,,False,-1.0,2,Excluded from balanced selection because supplier option is not fully feasible.,LOW_ORDER_ACCEPTANCE_PROBABILITY,CUSTOMS_COST_FALLBACK_USED;PAYMENT_TERMS_COST_NOT_MODELED,PROVISIONAL_NO_INVENTORY_CONTEXT;BUFFER_REQUIREMENT_NOT_CONNECTED,CAPACITY_PERIOD_ASSUMED,CAPACITY_PERIOD_ASSUMED,Supplier option is available for standard procurement planning.,580.0,40.0,14.5,TOTAL_RELEVANT_PROCUREMENT_COST_DIVIDED_BY_USABLE_QUANTITY,CUSTOMS_COST_FALLBACK_USED;PAYMENT_TERMS_COST_NOT_MODELED
SKU-COMP-PEDAL-SET-001,SUP-002,EuroSource Precision,PHASE1_DEMAND_PLANNING_CONTEXT,UNKNOWN,UNKNOWN,0.0,0.0,0.0,0.0,0.0,0.0,0.0,UNKNOWN,UNKNOWN,False,False,False,False,0.0,0.0,False,UNKNOWN,0.5,NONE,Phase 1 context loaded for procurement planning.,0.0,0.0,0.0,0.0,0.0,0.0,0.0,0.0,0.0,0.0,0.0,0.0,0.0,0.0,0.0,0.0,0.0,0.0,0.0,False,False,True,PROVISIONAL_NO_INVENTORY_CONTEXT,NO_PHASE3_POLICY_CONTEXT,PHASE3_INVENTORY_CONTEXT_NOT_CONNECTED,0.0,0.0,LEAD_TIME_DEMAND_PLUS_BACKORDER_MINUS_CONFIRMED_INBOUND,PROVISIONAL_NO_INVENTORY_CONTEXT;BUFFER_REQUIREMENT_NOT_CONNECTED,NONE,21.2,21.2,60.0,23.3836,1.166,0.38159999999999994,0.212,0.424,600,30,9,9,2.0,0.06,True,False,4,0.0,5,False,False,0.025,0.975,2.25,47.7,23.9832,135,WEEKLY,7,WEEKLY,7,19.285714285714285,135.0,578.57,1157.14,1735.71,578.57,224,578.57,MIN_SUPPLIER_AND_SUPPLIER_SKU_CAPACITY,PER_DAY_NORMALIZED_TO_HORIZON,0.6,False,0.73,True,True,45,0.08,70,0.92,1270.28,True,True,False,False,0,1,5,10,False,0.0,0.0,,,0.0,False,0.97,0.0,0.0,NONE,False,MONITOR,0.9338500986193293,0.0661,LOW,0.05,0.0661,0.0,0.0,0.0,0.031525,0.031525,LOW,NONE,False,True,False,True,True,True,True,True,True,True,True,True,True,True,0.0,0.0,60.0,60.0,60.0,4,0.0,9,1633.02,920.0,230.0,380.0,540.0,1071.43,1071.43,0.0,True,0,False,,,,False,0.7356,1,"Balanced score combines landed cost, lead time, reliability, risk, quality, capacity, and backorder capability.",NONE,PAYMENT_TERMS_COST_NOT_MODELED,PROVISIONAL_NO_INVENTORY_CONTEXT;BUFFER_REQUIREMENT_NOT_CONNECTED,CAPACITY_PERIOD_ASSUMED,CAPACITY_PERIOD_ASSUMED,Supplier option is available for standard procurement planning.,920.0,60.0,15.333333333333334,TOTAL_RELEVANT_PROCUREMENT_COST_DIVIDED_BY_USABLE_QUANTITY,PAYMENT_TERMS_COST_NOT_MODELED
SKU-COMP-PEDAL-SET-001,SUP-003,Rapid Local Supply,PHASE1_DEMAND_PLANNING_CONTEXT,UNKNOWN,UNKNOWN,0.0,0.0,0.0,0.0,0.0,0.0,0.0,UNKNOWN,UNKNOWN,False,False,False,False,0.0,0.0,False,UNKNOWN,0.5,NONE,Phase 1 context loaded for procurement planning.,0.0,0.0,0.0,0.0,0.0,0.0,0.0,0.0,0.0,0.0,0.0,0.0,0.0,0.0,0.0,0.0,0.0,0.0,0.0,False,False,True,PROVISIONAL_NO_INVENTORY_CONTEXT,NO_PHASE3_POLICY_CONTEXT,PHASE3_INVENTORY_CONTEXT_NOT_CONNECTED,0.0,0.0,LEAD_TIME_DEMAND_PLUS_BACKORDER_MINUS_CONFIRMED_INBOUND,PROVISIONAL_NO_INVENTORY_CONTEXT;BUFFER_REQUIREMENT_NOT_CONNECTED,NONE,22.4,22.4,60.0,23.7664,0.784,0.44799999999999995,0.1344,0.0,180,15,5,5,2.8,0.12,True,True,2,236.28,3,True,False,0.06,0.94,5.4,120.96,25.2834,135,WEEKLY,7,WEEKLY,7,16.428571428571427,115.0,492.86,985.71,1478.57,492.86,224,492.86,MIN_SUPPLIER_AND_SUPPLIER_SKU_CAPACITY,PER_DAY_NORMALIZED_TO_HORIZON,0.726,False,0.673,True,True,21,0.15,35,0.85,1473.2,False,False,True,True,40,2,2,4,True,30.0,30.0,2026-07-28,2026-07-30,92.04,False,0.92,0.0,0.0,NONE,False,MONITOR,0.9479291465378422,0.0521,LOW,0.05,0.0521,0.0,0.0,0.0,0.028025,0.028025,LOW,NONE,False,False,True,True,True,True,True,True,True,True,True,True,False,False,0.0,0.0,60.0,60.0,60.0,5,0.0,7,1570.98,725.0,145.0,300.0,425.0,1071.43,1071.43,0.0,True,0,False,,,,False,-1.0,2,Excluded from balanced selection because supplier option is not fully feasible.,LOW_ORDER_ACCEPTANCE_PROBABILITY,CUSTOMS_COST_FALLBACK_USED;PAYMENT_TERMS_COST_NOT_MODELED,PROVISIONAL_NO_INVENTORY_CONTEXT;BUFFER_REQUIREMENT_NOT_CONNECTED,CAPACITY_PERIOD_ASSUMED,CAPACITY_PERIOD_ASSUMED,Supplier option is available for standard procurement planning.,725.0,60.0,12.083333333333334,TOTAL_RELEVANT_PROCUREMENT_COST_DIVIDED_BY_USABLE_QUANTITY,CUSTOMS_COST_FALLBACK_USED;PAYMENT_TERMS_COST_NOT_MODELED
SKU-COMP-BOLT-KIT-001,SUP-002,EuroSource Precision,PHASE1_DEMAND_PLANNING_CONTEXT,UNKNOWN,UNKNOWN,0.0,0.0,0.0,0.0,0.0,0.0,0.0,UNKNOWN,UNKNOWN,False,False,False,False,0.0,0.0,False,UNKNOWN,0.5,NONE,Phase 1 context loaded for procurement planning.,0.0,0.0,0.0,0.0,0.0,0.0,0.0,0.0,0.0,0.0,0.0,0.0,0.0,0.0,0.0,0.0,0.0,0.0,0.0,False,False,True,PROVISIONAL_NO_INVENTORY_CONTEXT,NO_PHASE3_POLICY_CONTEXT,PHASE3_INVENTORY_CONTEXT_NOT_CONNECTED,0.0,0.0,LEAD_TIME_DEMAND_PLUS_BACKORDER_MINUS_CONFIRMED_INBOUND,PROVISIONAL_NO_INVENTORY_CONTEXT;BUFFER_REQUIREMENT_NOT_CONNECTED,NONE,5.3,5.3,120.0,5.8459,0.2915,0.09539999999999998,0.053,0.106,600,30,7,7,2.0,0.06,True,False,4,0.0,3,False,False,0.025,0.975,4.5,23.85,5.9958,130,WEEKLY,7,WEEKLY,7,18.571428571428573,130.0,557.14,1114.29,1671.43,557.14,220,557.14,MIN_SUPPLIER_AND_SUPPLIER_SKU_CAPACITY,PER_DAY_NORMALIZED_TO_HORIZON,0.6,False,0.73,True,True,45,0.08,70,0.92,685.16,True,True,False,False,0,1,5,10,False,0.0,0.0,,,0.0,False,0.97,0.0,0.0,NONE,False,MONITOR,0.9338500986193293,0.0661,LOW,0.05,0.0661,0.0,0.0,0.0,0.031525,0.031525,LOW,NONE,False,True,False,True,True,True,True,True,True,True,True,True,True,True,0.0,0.0,120.0,120.0,120.0,5,0.0,7,931.51,1150.0,230.0,475.0,675.0,1050.0,1050.0,0.0,True,0,False,,,,False,0.7356,1,"Balanced score combines landed cost, lead time, reliability, risk, quality, capacity, and backorder capability.",NONE,PAYMENT_TERMS_COST_NOT_MODELED,PROVISIONAL_NO_INVENTORY_CONTEXT;BUFFER_REQUIREMENT_NOT_CONNECTED,CAPACITY_PERIOD_ASSUMED,CAPACITY_PERIOD_ASSUMED,Supplier option is available for standard procurement planning.,1150.0,120.0,9.583333333333334,TOTAL_RELEVANT_PROCUREMENT_COST_DIVIDED_BY_USABLE_QUANTITY,PAYMENT_TERMS_COST_NOT_MODELED
SKU-COMP-BOLT-KIT-001,SUP-003,Rapid Local Supply,PHASE1_DEMAND_PLANNING_CONTEXT,UNKNOWN,UNKNOWN,0.0,0.0,0.0,0.0,0.0,0.0,0.0,UNKNOWN,UNKNOWN,False,False,False,False,0.0,0.0,False,UNKNOWN,0.5,NONE,Phase 1 context loaded for procurement planning.,0.0,0.0,0.0,0.0,0.0,0.0,0.0,0.0,0.0,0.0,0.0,0.0,0.0,0.0,0.0,0.0,0.0,0.0,0.0,False,False,True,PROVISIONAL_NO_INVENTORY_CONTEXT,NO_PHASE3_POLICY_CONTEXT,PHASE3_INVENTORY_CONTEXT_NOT_CONNECTED,0.0,0.0,LEAD_TIME_DEMAND_PLUS_BACKORDER_MINUS_CONFIRMED_INBOUND,PROVISIONAL_NO_INVENTORY_CONTEXT;BUFFER_REQUIREMENT_NOT_CONNECTED,NONE,5.6,5.6,120.0,5.9416,0.196,0.11199999999999999,0.0336,0.0,180,15,3,3,2.8,0.12,True,True,2,155.64,1,True,False,0.06,0.94,10.8,60.48,6.3209,130,WEEKLY,7,WEEKLY,7,16.428571428571427,115.0,492.86,985.71,1478.57,492.86,220,492.86,MIN_SUPPLIER_AND_SUPPLIER_SKU_CAPACITY,PER_DAY_NORMALIZED_TO_HORIZON,0.726,False,0.673,True,True,21,0.15,35,0.85,759.2,False,False,True,True,40,2,2,4,True,60.0,60.0,2026-07-28,2026-07-30,68.52,False,0.92,0.0,0.0,NONE,False,MONITOR,0.9479291465378422,0.0521,LOW,0.05,0.0521,0.0,0.0,0.0,0.028025,0.028025,LOW,NONE,False,False,True,True,True,True,True,True,True,True,True,True,False,False,0.0,0.0,120.0,120.0,120.0,5,0.0,7,857.99,725.0,145.0,300.0,425.0,1050.0,1050.0,0.0,True,0,False,,,,False,-1.0,2,Excluded from balanced selection because supplier option is not fully feasible.,LOW_ORDER_ACCEPTANCE_PROBABILITY,CUSTOMS_COST_FALLBACK_USED;PAYMENT_TERMS_COST_NOT_MODELED,PROVISIONAL_NO_INVENTORY_CONTEXT;BUFFER_REQUIREMENT_NOT_CONNECTED,CAPACITY_PERIOD_ASSUMED,CAPACITY_PERIOD_ASSUMED,Supplier option is available for standard procurement planning.,725.0,120.0,6.041666666666667,TOTAL_RELEVANT_PROCUREMENT_COST_DIVIDED_BY_USABLE_QUANTITY,CUSTOMS_COST_FALLBACK_USED;PAYMENT_TERMS_COST_NOT_MODELED
SP-LUBE-OIL-001,SUP-002,EuroSource Precision,PHASE1_DEMAND_PLANNING_CONTEXT,SMOOTH,UNKNOWN,28.0,120.0,240.0,359.0,30.0,1.0,1.0,HIGH,MEDIUM,False,False,False,False,0.0,0.0,False,UNKNOWN,0.65,INSUFFICIENT_HISTORY_FOR_CONTEXT;MODEL_CONFIDENCE_DERIVED;FORECAST_BIAS_UNAVAILABLE;FORECAST_HORIZON_FROM_TRUE_FUTURE_FORECAST;INSUFFICIENT_HISTORY_FOR_SEASONALITY;INSUFFICIENT_HISTORY_FOR_CENSORING,Use as downstream demand planning context with standard review.,28.0,120.0,240.0,359.0,0.0,0.0,0.0,0.0,0.0,0.0,0.0,0.0,0.0,0.0,0.0,120.0,120.0,0.0,120.0,False,False,True,PROVISIONAL_NO_INVENTORY_CONTEXT,NO_PHASE3_POLICY_CONTEXT,PHASE3_INVENTORY_CONTEXT_NOT_CONNECTED,0.0,0.0,LEAD_TIME_DEMAND_PLUS_BACKORDER_MINUS_CONFIRMED_INBOUND,PROVISIONAL_NO_INVENTORY_CONTEXT;BUFFER_REQUIREMENT_NOT_CONNECTED,NONE,18.5,17.5,24.0,19.3025,0.9625,0.315,0.17500000000000002,0.35000000000000003,600,30,5,5,1.0,0.03,True,True,4,232.5,1,True,False,0.01,0.99,0.3,5.25,19.4975,80,WEEKLY,7,WEEKLY,7,11.428571428571429,80.0,342.86,685.71,1028.57,342.86,100,342.86,MIN_SUPPLIER_AND_SUPPLIER_SKU_CAPACITY,PER_DAY_NORMALIZED_TO_HORIZON,0.6,False,0.73,True,True,45,0.08,70,0.92,66.0,True,True,True,False,0,1,5,10,False,0.0,0.0,,,0.0,False,0.97,0.0,0.0,NONE,False,MONITOR,0.9338500986193293,0.0661,LOW,0.10999999999999999,0.0661,0.0,0.0,0.0,0.049525,0.049525,LOW,NONE,False,True,False,True,True,False,True,True,True,True,True,True,False,False,0.0,0.0,6.0,6.0,6.0,5,24.0,7,195.82,2716.3,543.26,175.0,225.0,557.15,557.15,0.0,True,1,False,SUP-003,SUP-003:214.29,SUP-003:120.0,False,-1.0,1,Excluded from balanced selection because supplier option is not fully feasible.,NONE,PAYMENT_TERMS_COST_NOT_MODELED,PROVISIONAL_NO_INVENTORY_CONTEXT;BUFFER_REQUIREMENT_NOT_CONNECTED,CAPACITY_PERIOD_ASSUMED,CAPACITY_PERIOD_ASSUMED,Supplier option is available for standard procurement planning.,2716.3,6.0,452.7166666666667,TOTAL_RELEVANT_PROCUREMENT_COST_DIVIDED_BY_USABLE_QUANTITY,PAYMENT_TERMS_COST_NOT_MODELED
SP-LUBE-OIL-001,SUP-003,Rapid Local Supply,PHASE1_DEMAND_PLANNING_CONTEXT,SMOOTH,UNKNOWN,28.0,120.0,240.0,359.0,30.0,1.0,1.0,HIGH,MEDIUM,False,False,False,False,0.0,0.0,False,UNKNOWN,0.65,INSUFFICIENT_HISTORY_FOR_CONTEXT;MODEL_CONFIDENCE_DERIVED;FORECAST_BIAS_UNAVAILABLE;FORECAST_HORIZON_FROM_TRUE_FUTURE_FORECAST;INSUFFICIENT_HISTORY_FOR_SEASONALITY;INSUFFICIENT_HISTORY_FOR_CENSORING,Use as downstream demand planning context with standard review.,28.0,120.0,240.0,359.0,0.0,0.0,0.0,0.0,0.0,0.0,0.0,0.0,0.0,0.0,0.0,120.0,120.0,0.0,120.0,False,False,True,PROVISIONAL_NO_INVENTORY_CONTEXT,NO_PHASE3_POLICY_CONTEXT,PHASE3_INVENTORY_CONTEXT_NOT_CONNECTED,0.0,0.0,LEAD_TIME_DEMAND_PLUS_BACKORDER_MINUS_CONFIRMED_INBOUND,PROVISIONAL_NO_INVENTORY_CONTEXT;BUFFER_REQUIREMENT_NOT_CONNECTED,NONE,19.4,18.1,20.0,19.2041,0.6335000000000001,0.36200000000000004,0.10860000000000002,0.0,180,15,7,7,1.8,0.08,True,True,2,121.34,5,True,False,0.03,0.97,0.96,17.38,19.798,50,WEEKLY,7,WEEKLY,7,7.142857142857143,50.0,214.29,428.57,642.86,214.29,70,214.29,MIN_SUPPLIER_AND_SUPPLIER_SKU_CAPACITY,PER_DAY_NORMALIZED_TO_HORIZON,0.726,False,0.673,True,True,21,0.15,35,0.85,288.47,False,False,True,True,40,2,2,4,False,0.0,0.0,,,0.0,False,0.92,0.0,0.0,NONE,False,MONITOR,0.9479291465378422,0.0521,LOW,0.10999999999999999,0.0521,0.0,0.0,0.0,0.046024999999999996,0.046024999999999996,LOW,NONE,False,False,True,True,True,False,True,True,True,True,True,True,False,False,0.0,0.0,4.0,4.0,4.0,5,24.0,7,156.82,2704.49,540.9,150.0,250.0,557.15,557.15,0.0,True,1,False,SUP-003,SUP-003:214.29,SUP-003:120.0,False,-1.0,1,Excluded from balanced selection because supplier option is not fully feasible.,LOW_ORDER_ACCEPTANCE_PROBABILITY,CUSTOMS_COST_FALLBACK_USED;PAYMENT_TERMS_COST_NOT_MODELED,PROVISIONAL_NO_INVENTORY_CONTEXT;BUFFER_REQUIREMENT_NOT_CONNECTED,CAPACITY_PERIOD_ASSUMED,CAPACITY_PERIOD_ASSUMED,Supplier option is available for standard procurement planning.,2704.49,4.0,676.1225,TOTAL_RELEVANT_PROCUREMENT_COST_DIVIDED_BY_USABLE_QUANTITY,CUSTOMS_COST_FALLBACK_USED;PAYMENT_TERMS_COST_NOT_MODELED
SP-BEARING-KIT-001,SUP-002,EuroSource Precision,PHASE1_DEMAND_PLANNING_CONTEXT,SMOOTH,UNKNOWN,7.0,30.0,60.0,90.0,30.0,1.0,1.0,HIGH,LOW,False,False,False,False,0.0,0.0,False,UNKNOWN,0.65,INSUFFICIENT_HISTORY_FOR_CONTEXT;MODEL_CONFIDENCE_DERIVED;FORECAST_BIAS_UNAVAILABLE;FORECAST_HORIZON_FROM_TRUE_FUTURE_FORECAST;INSUFFICIENT_HISTORY_FOR_SEASONALITY;INSUFFICIENT_HISTORY_FOR_CENSORING,Use as downstream demand planning context with standard review.,7.0,30.0,60.0,90.0,0.0,0.0,0.0,0.0,0.0,0.0,0.0,0.0,0.0,0.0,0.0,30.0,30.0,0.0,30.0,False,False,True,PROVISIONAL_NO_INVENTORY_CONTEXT,NO_PHASE3_POLICY_CONTEXT,PHASE3_INVENTORY_CONTEXT_NOT_CONNECTED,0.0,0.0,LEAD_TIME_DEMAND_PLUS_BACKORDER_MINUS_CONFIRMED_INBOUND,PROVISIONAL_NO_INVENTORY_CONTEXT;BUFFER_REQUIREMENT_NOT_CONNECTED,NONE,95.0,92.0,5.0,101.476,5.06,1.656,0.92,1.84,600,30,8,8,2.0,0.06,True,True,4,253.6,4,True,False,0.015,0.985,0.12,11.04,103.0213,18,WEEKLY,7,WEEKLY,7,2.5714285714285716,18.0,77.14,154.29,231.43,77.14,30,77.14,MIN_SUPPLIER_AND_SUPPLIER_SKU_CAPACITY,PER_DAY_NORMALIZED_TO_HORIZON,0.6,False,0.73,True,True,45,0.08,70,0.92,0.0,True,True,True,False,0,1,5,10,False,0.0,0.0,,,0.0,False,0.97,0.0,0.0,NONE,False,MONITOR,0.9338500986193293,0.0661,LOW,0.10999999999999999,0.0661,0.0,0.0,0.0,0.049525,0.049525,LOW,NONE,False,True,False,True,True,False,True,True,True,True,True,True,False,False,0.0,0.0,2.0,2.0,2.0,4,7.5,8,302.95,3444.28,861.07,180.0,220.0,128.57,128.57,0.0,True,1,False,SUP-002,SUP-002:77.14,SUP-002:30.0,False,-1.0,1,Excluded from balanced selection because supplier option is not fully feasible.,NONE,PAYMENT_TERMS_COST_NOT_MODELED,PROVISIONAL_NO_INVENTORY_CONTEXT;BUFFER_REQUIREMENT_NOT_CONNECTED,CAPACITY_PERIOD_ASSUMED,CAPACITY_PERIOD_ASSUMED,Supplier option is available for standard procurement planning.,3444.28,2.0,1722.14,TOTAL_RELEVANT_PROCUREMENT_COST_DIVIDED_BY_USABLE_QUANTITY,PAYMENT_TERMS_COST_NOT_MODELED
SP-BEARING-KIT-001,SUP-004,Nordic Stable Logistics,PHASE1_DEMAND_PLANNING_CONTEXT,SMOOTH,UNKNOWN,7.0,30.0,60.0,90.0,30.0,1.0,1.0,HIGH,LOW,False,False,False,False,0.0,0.0,False,UNKNOWN,0.65,INSUFFICIENT_HISTORY_FOR_CONTEXT;MODEL_CONFIDENCE_DERIVED;FORECAST_BIAS_UNAVAILABLE;FORECAST_HORIZON_FROM_TRUE_FUTURE_FORECAST;INSUFFICIENT_HISTORY_FOR_SEASONALITY;INSUFFICIENT_HISTORY_FOR_CENSORING,Use as downstream demand planning context with standard review.,7.0,30.0,60.0,90.0,0.0,0.0,0.0,0.0,0.0,0.0,0.0,0.0,0.0,0.0,0.0,30.0,30.0,0.0,30.0,False,False,True,PROVISIONAL_NO_INVENTORY_CONTEXT,NO_PHASE3_POLICY_CONTEXT,PHASE3_INVENTORY_CONTEXT_NOT_CONNECTED,0.0,0.0,LEAD_TIME_DEMAND_PLUS_BACKORDER_MINUS_CONFIRMED_INBOUND,PROVISIONAL_NO_INVENTORY_CONTEXT;BUFFER_REQUIREMENT_NOT_CONNECTED,NONE,98.5,91.0,8.0,99.645,4.55,1.456,0.819,1.82,650,45,12,12,3.5,0.1,False,False,9,0.0,3,False,False,0.025,0.975,0.2,18.2,102.2,12,WEEKLY,7,WEEKLY,7,1.7142857142857142,12.0,51.43,102.86,154.29,51.43,18,51.43,MIN_SUPPLIER_AND_SUPPLIER_SKU_CAPACITY,PER_DAY_NORMALIZED_TO_HORIZON,0.658,False,0.704,True,True,30,0.12,55,0.88,0.0,True,False,True,True,80,3,12,22,False,0.0,0.0,,,0.0,False,0.96,0.0,0.0,NONE,False,MONITOR,0.9247519035616946,0.0752,LOW,0.10999999999999999,0.0752,0.0,0.0,0.0,0.0518,0.0518,LOW,NONE,True,False,True,True,True,False,True,True,True,True,True,True,False,False,0.0,0.0,1.0,1.0,1.0,3,10.0,12,214.64,3334.35,1111.45,165.0,180.0,128.57,128.57,0.0,True,1,False,SUP-002,SUP-002:77.14,SUP-002:30.0,False,-1.0,1,Excluded from balanced selection because supplier option is not fully feasible.,NONE,PAYMENT_TERMS_COST_NOT_MODELED,PROVISIONAL_NO_INVENTORY_CONTEXT;BUFFER_REQUIREMENT_NOT_CONNECTED,CAPACITY_PERIOD_ASSUMED,CAPACITY_PERIOD_ASSUMED,Supplier option is available for standard procurement planning.,3334.35,1.0,3334.35,TOTAL_RELEVANT_PROCUREMENT_COST_DIVIDED_BY_USABLE_QUANTITY,PAYMENT_TERMS_COST_NOT_MODELED
SP-FRAME-JIG-PAD-001,SUP-003,Rapid Local Supply,PHASE1_DEMAND_PLANNING_CONTEXT,SMOOTH,UNKNOWN,14.0,60.0,120.0,180.0,30.0,1.0,1.0,HIGH,LOW,False,False,False,False,0.0,0.0,False,UNKNOWN,0.65,INSUFFICIENT_HISTORY_FOR_CONTEXT;INSUFFICIENT_NONZERO_DEMAND_FOR_INTERVAL;MODEL_CONFIDENCE_DERIVED;FORECAST_BIAS_UNAVAILABLE;FORECAST_HORIZON_FROM_TRUE_FUTURE_FORECAST;INSUFFICIENT_HISTORY_FOR_SEASONALITY;INSUFFICIENT_HISTORY_FOR_CENSORING,Use as downstream demand planning context with standard review.,14.0,60.0,120.0,180.0,0.0,0.0,0.0,0.0,0.0,0.0,0.0,0.0,0.0,0.0,0.0,60.0,60.0,0.0,60.0,False,False,True,PROVISIONAL_NO_INVENTORY_CONTEXT,NO_PHASE3_POLICY_CONTEXT,PHASE3_INVENTORY_CONTEXT_NOT_CONNECTED,0.0,0.0,LEAD_TIME_DEMAND_PLUS_BACKORDER_MINUS_CONFIRMED_INBOUND,PROVISIONAL_NO_INVENTORY_CONTEXT;BUFFER_REQUIREMENT_NOT_CONNECTED,NONE,42.0,39.0,12.0,41.379,1.3650000000000002,0.78,0.234,0.0,180,15,6,6,1.5,0.05,True,True,2,124.92,4,True,False,0.02,0.98,0.32,12.48,42.2235,20,WEEKLY,7,WEEKLY,7,2.857142857142857,20.0,85.71,171.43,257.14,85.71,28,85.71,MIN_SUPPLIER_AND_SUPPLIER_SKU_CAPACITY,PER_DAY_NORMALIZED_TO_HORIZON,0.726,False,0.673,True,True,21,0.15,35,0.85,148.9,False,False,True,True,40,2,2,4,False,0.0,0.0,,,0.0,False,0.92,0.0,0.0,NONE,False,MONITOR,0.9479291465378422,0.0521,LOW,0.10999999999999999,0.0521,0.0,0.0,0.0,0.046024999999999996,0.046024999999999996,LOW,NONE,False,True,False,True,True,False,True,True,True,True,True,True,False,False,0.0,0.0,2.0,2.0,2.0,5,12.0,7,162.76,2882.74,576.55,175.0,225.0,85.71,85.71,0.0,True,1,False,SUP-003,SUP-003:85.71,SUP-003:60.0,False,-1.0,1,Excluded from balanced selection because supplier option is not fully feasible.,LOW_ORDER_ACCEPTANCE_PROBABILITY,CUSTOMS_COST_FALLBACK_USED;PAYMENT_TERMS_COST_NOT_MODELED,PROVISIONAL_NO_INVENTORY_CONTEXT;BUFFER_REQUIREMENT_NOT_CONNECTED,CAPACITY_PERIOD_ASSUMED,CAPACITY_PERIOD_ASSUMED,Supplier option is available for standard procurement planning.,2882.74,2.0,1441.37,TOTAL_RELEVANT_PROCUREMENT_COST_DIVIDED_BY_USABLE_QUANTITY,CUSTOMS_COST_FALLBACK_USED;PAYMENT_TERMS_COST_NOT_MODELED
SP-WHEEL-TRUING-SPARE-001,SUP-003,Rapid Local Supply,PHASE1_DEMAND_PLANNING_CONTEXT,SMOOTH,UNKNOWN,7.0,30.0,60.0,90.0,30.0,1.0,1.0,HIGH,LOW,False,False,False,False,0.0,0.0,False,UNKNOWN,0.65,INSUFFICIENT_HISTORY_FOR_CONTEXT;INSUFFICIENT_NONZERO_DEMAND_FOR_INTERVAL;MODEL_CONFIDENCE_DERIVED;FORECAST_BIAS_UNAVAILABLE;FORECAST_HORIZON_FROM_TRUE_FUTURE_FORECAST;INSUFFICIENT_HISTORY_FOR_SEASONALITY;INSUFFICIENT_HISTORY_FOR_CENSORING,Use as downstream demand planning context with standard review.,7.0,30.0,60.0,90.0,0.0,0.0,0.0,0.0,0.0,0.0,0.0,0.0,0.0,0.0,0.0,30.0,30.0,0.0,30.0,False,False,True,PROVISIONAL_NO_INVENTORY_CONTEXT,NO_PHASE3_POLICY_CONTEXT,PHASE3_INVENTORY_CONTEXT_NOT_CONNECTED,0.0,0.0,LEAD_TIME_DEMAND_PLUS_BACKORDER_MINUS_CONFIRMED_INBOUND,PROVISIONAL_NO_INVENTORY_CONTEXT;BUFFER_REQUIREMENT_NOT_CONNECTED,NONE,36.0,34.8,6.0,36.9228,1.218,0.696,0.20879999999999999,0.0,180,15,6,6,1.6,0.05,True,True,2,102.84,4,True,False,0.02,0.98,0.2,6.96,37.6763,18,WEEKLY,7,WEEKLY,7,2.5714285714285716,18.0,77.14,154.29,231.43,77.14,28,77.14,MIN_SUPPLIER_AND_SUPPLIER_SKU_CAPACITY,PER_DAY_NORMALIZED_TO_HORIZON,0.726,False,0.673,True,True,21,0.15,35,0.85,0.0,False,False,True,True,40,2,2,4,False,0.0,0.0,,,0.0,False,0.92,0.0,0.0,NONE,False,MONITOR,0.9479291465378422,0.0521,LOW,0.10999999999999999,0.0521,0.0,0.0,0.0,0.046024999999999996,0.046024999999999996,LOW,NONE,False,True,False,True,True,False,True,True,True,True,True,True,False,False,0.0,0.0,2.0,2.0,2.0,5,6.0,7,153.85,1507.68,301.54,175.0,225.0,77.14,77.14,0.0,True,1,False,SUP-003,SUP-003:77.14,SUP-003:30.0,False,-1.0,1,Excluded from balanced selection because supplier option is not fully feasible.,LOW_ORDER_ACCEPTANCE_PROBABILITY,CUSTOMS_COST_FALLBACK_USED;PAYMENT_TERMS_COST_NOT_MODELED,PROVISIONAL_NO_INVENTORY_CONTEXT;BUFFER_REQUIREMENT_NOT_CONNECTED,CAPACITY_PERIOD_ASSUMED,CAPACITY_PERIOD_ASSUMED,Supplier option is available for standard procurement planning.,1507.68,2.0,753.84,TOTAL_RELEVANT_PROCUREMENT_COST_DIVIDED_BY_USABLE_QUANTITY,CUSTOMS_COST_FALLBACK_USED;PAYMENT_TERMS_COST_NOT_MODELED
SP-BRAKE-BENCH-TOOL-001,SUP-002,EuroSource Precision,PHASE1_DEMAND_PLANNING_CONTEXT,SMOOTH,UNKNOWN,7.7,32.8,65.6,99.1,48.0,1.1,1.0933,HIGH,LOW,False,False,False,False,0.0,0.0,True,UNKNOWN,0.65,INSUFFICIENT_HISTORY_FOR_CONTEXT;INSUFFICIENT_NONZERO_DEMAND_FOR_INTERVAL;MODEL_CONFIDENCE_DERIVED;FORECAST_BIAS_UNAVAILABLE;FORECAST_HORIZON_FROM_TRUE_FUTURE_FORECAST;INSUFFICIENT_HISTORY_FOR_SEASONALITY;INSUFFICIENT_HISTORY_FOR_CENSORING,Upcoming event may increase demand.,7.7,32.8,65.6,99.1,0.0,0.0,0.0,0.0,0.0,0.0,0.0,0.0,0.0,0.0,0.0,32.8,32.8,0.0,32.8,False,False,True,PROVISIONAL_NO_INVENTORY_CONTEXT,NO_PHASE3_POLICY_CONTEXT,PHASE3_INVENTORY_CONTEXT_NOT_CONNECTED,0.0,0.0,LEAD_TIME_DEMAND_PLUS_BACKORDER_MINUS_CONFIRMED_INBOUND,PROVISIONAL_NO_INVENTORY_CONTEXT;BUFFER_REQUIREMENT_NOT_CONNECTED,NONE,28.0,27.0,6.0,29.781,1.485,0.486,0.27,0.54,600,30,7,7,1.8,0.05,True,True,4,207.0,3,True,False,0.015,0.985,0.15,4.05,30.2345,25,WEEKLY,7,WEEKLY,7,3.5714285714285716,25.0,107.14,214.29,321.43,107.14,35,107.14,MIN_SUPPLIER_AND_SUPPLIER_SKU_CAPACITY,PER_DAY_NORMALIZED_TO_HORIZON,0.6,False,0.73,True,True,45,0.08,70,0.92,0.0,True,True,False,False,0,1,5,10,False,0.0,0.0,,,0.0,False,0.97,0.0,0.0,NONE,False,MONITOR,0.9338500986193293,0.0661,LOW,0.162464,0.0661,0.0,0.0,0.65,0.1432642,0.1432642,LOW,UPCOMING_EVENT_DEMAND_PRESSURE,False,True,False,True,True,False,True,True,True,True,True,True,False,False,0.0,0.0,2.0,2.0,2.0,5,6.56,7,139.56,1376.82,275.36,175.0,225.0,107.14,107.14,0.0,True,1,False,SUP-002,SUP-002:107.14,SUP-002:32.8,False,-1.0,1,Excluded from balanced selection because supplier option is not fully feasible.,NONE,PAYMENT_TERMS_COST_NOT_MODELED,PROVISIONAL_NO_INVENTORY_CONTEXT;BUFFER_REQUIREMENT_NOT_CONNECTED,CAPACITY_PERIOD_ASSUMED,CAPACITY_PERIOD_ASSUMED,Supplier option is available for standard procurement planning.,1376.82,2.0,688.41,TOTAL_RELEVANT_PROCUREMENT_COST_DIVIDED_BY_USABLE_QUANTITY,PAYMENT_TERMS_COST_NOT_MODELED
SP-FORK-SUSP-SEAL-001,SUP-004,Nordic Stable Logistics,PHASE1_DEMAND_PLANNING_CONTEXT,SMOOTH,UNKNOWN,14.0,60.0,120.0,180.0,30.0,1.0,1.0,HIGH,LOW,False,False,False,False,0.0,0.0,False,UNKNOWN,0.65,INSUFFICIENT_HISTORY_FOR_CONTEXT;INSUFFICIENT_NONZERO_DEMAND_FOR_INTERVAL;MODEL_CONFIDENCE_DERIVED;FORECAST_BIAS_UNAVAILABLE;FORECAST_HORIZON_FROM_TRUE_FUTURE_FORECAST;INSUFFICIENT_HISTORY_FOR_SEASONALITY;INSUFFICIENT_HISTORY_FOR_CENSORING,Use as downstream demand planning context with standard review.,14.0,60.0,120.0,180.0,0.0,0.0,0.0,0.0,0.0,0.0,0.0,0.0,0.0,0.0,0.0,60.0,60.0,0.0,60.0,False,False,True,PROVISIONAL_NO_INVENTORY_CONTEXT,NO_PHASE3_POLICY_CONTEXT,PHASE3_INVENTORY_CONTEXT_NOT_CONNECTED,0.0,0.0,LEAD_TIME_DEMAND_PLUS_BACKORDER_MINUS_CONFIRMED_INBOUND,PROVISIONAL_NO_INVENTORY_CONTEXT;BUFFER_REQUIREMENT_NOT_CONNECTED,NONE,64.0,60.0,12.0,65.7,3.0,0.96,0.5399999999999999,1.2,650,45,9,9,2.4,0.07,False,True,9,0.0,0,False,False,0.02,0.98,0.32,19.2,67.0408,16,WEEKLY,7,WEEKLY,7,2.2857142857142856,16.0,68.57,137.14,205.71,68.57,26,68.57,MIN_SUPPLIER_AND_SUPPLIER_SKU_CAPACITY,PER_DAY_NORMALIZED_TO_HORIZON,0.658,False,0.704,True,True,30,0.12,55,0.88,0.0,True,False,True,True,80,3,12,22,False,0.0,0.0,,,0.0,False,0.96,0.0,0.0,NONE,False,MONITOR,0.9247519035616946,0.0752,LOW,0.10999999999999999,0.0752,0.0,0.0,0.0,0.0518,0.0518,LOW,NONE,True,True,False,True,True,False,True,True,True,True,True,True,False,False,0.0,0.0,2.0,2.0,2.0,4,15.0,9,231.4,4342.0,1085.5,180.0,220.0,68.57,68.57,0.0,True,1,False,SUP-004,SUP-004:68.57,SUP-004:60.0,False,-1.0,1,Excluded from balanced selection because supplier option is not fully feasible.,NONE,PAYMENT_TERMS_COST_NOT_MODELED,PROVISIONAL_NO_INVENTORY_CONTEXT;BUFFER_REQUIREMENT_NOT_CONNECTED,CAPACITY_PERIOD_ASSUMED,CAPACITY_PERIOD_ASSUMED,Supplier option is available for standard procurement planning.,4342.0,2.0,2171.0,TOTAL_RELEVANT_PROCUREMENT_COST_DIVIDED_BY_USABLE_QUANTITY,PAYMENT_TERMS_COST_NOT_MODELED
SP-FINAL-ASM-JIG-001,SUP-003,Rapid Local Supply,PHASE1_DEMAND_PLANNING_CONTEXT,SMOOTH,UNKNOWN,7.0,30.0,60.0,90.0,30.0,1.0,1.0,HIGH,LOW,False,False,False,False,0.0,0.0,False,UNKNOWN,0.65,INSUFFICIENT_HISTORY_FOR_CONTEXT;INSUFFICIENT_NONZERO_DEMAND_FOR_INTERVAL;MODEL_CONFIDENCE_DERIVED;FORECAST_BIAS_UNAVAILABLE;FORECAST_HORIZON_FROM_TRUE_FUTURE_FORECAST;INSUFFICIENT_HISTORY_FOR_SEASONALITY;INSUFFICIENT_HISTORY_FOR_CENSORING,Use as downstream demand planning context with standard review.,7.0,30.0,60.0,90.0,0.0,0.0,0.0,0.0,0.0,0.0,0.0,0.0,0.0,0.0,0.0,30.0,30.0,0.0,30.0,False,False,True,PROVISIONAL_NO_INVENTORY_CONTEXT,NO_PHASE3_POLICY_CONTEXT,PHASE3_INVENTORY_CONTEXT_NOT_CONNECTED,0.0,0.0,LEAD_TIME_DEMAND_PLUS_BACKORDER_MINUS_CONFIRMED_INBOUND,PROVISIONAL_NO_INVENTORY_CONTEXT;BUFFER_REQUIREMENT_NOT_CONNECTED,NONE,72.0,68.0,10.0,72.148,2.3800000000000003,1.36,0.40800000000000003,0.0,180,15,8,8,2.0,0.06,True,True,2,129.4,6,True,False,0.02,0.98,0.2,13.6,73.6204,15,WEEKLY,7,WEEKLY,7,2.142857142857143,15.0,64.29,128.57,192.86,64.29,24,64.29,MIN_SUPPLIER_AND_SUPPLIER_SKU_CAPACITY,PER_DAY_NORMALIZED_TO_HORIZON,0.726,False,0.673,True,True,21,0.15,35,0.85,0.0,False,False,True,True,40,2,2,4,False,0.0,0.0,,,0.0,False,0.92,0.0,0.0,NONE,False,MONITOR,0.9479291465378422,0.0521,LOW,0.10999999999999999,0.0521,0.0,0.0,0.0,0.046024999999999996,0.046024999999999996,LOW,NONE,False,True,False,True,True,False,True,True,True,True,True,True,False,False,0.0,0.0,2.0,2.0,2.0,4,7.5,8,234.3,2524.44,631.11,160.0,200.0,64.29,64.29,0.0,True,1,False,SUP-003,SUP-003:64.29,SUP-003:30.0,False,-1.0,1,Excluded from balanced selection because supplier option is not fully feasible.,LOW_ORDER_ACCEPTANCE_PROBABILITY,CUSTOMS_COST_FALLBACK_USED;PAYMENT_TERMS_COST_NOT_MODELED,PROVISIONAL_NO_INVENTORY_CONTEXT;BUFFER_REQUIREMENT_NOT_CONNECTED,CAPACITY_PERIOD_ASSUMED,CAPACITY_PERIOD_ASSUMED,Supplier option is available for standard procurement planning.,2524.44,2.0,1262.22,TOTAL_RELEVANT_PROCUREMENT_COST_DIVIDED_BY_USABLE_QUANTITY,CUSTOMS_COST_FALLBACK_USED;PAYMENT_TERMS_COST_NOT_MODELED
SP-QC-CALIBRATION-KIT-001,SUP-002,EuroSource Precision,PHASE1_DEMAND_PLANNING_CONTEXT,SMOOTH,UNKNOWN,7.0,30.0,60.0,90.0,30.0,1.0,1.0,HIGH,LOW,False,False,False,False,0.0,0.0,False,UNKNOWN,0.65,INSUFFICIENT_HISTORY_FOR_CONTEXT;INSUFFICIENT_NONZERO_DEMAND_FOR_INTERVAL;MODEL_CONFIDENCE_DERIVED;FORECAST_BIAS_UNAVAILABLE;FORECAST_HORIZON_FROM_TRUE_FUTURE_FORECAST;INSUFFICIENT_HISTORY_FOR_SEASONALITY;INSUFFICIENT_HISTORY_FOR_CENSORING,Use as downstream demand planning context with standard review.,7.0,30.0,60.0,90.0,0.0,0.0,0.0,0.0,0.0,0.0,0.0,0.0,0.0,0.0,0.0,30.0,30.0,0.0,30.0,False,False,True,PROVISIONAL_NO_INVENTORY_CONTEXT,NO_PHASE3_POLICY_CONTEXT,PHASE3_INVENTORY_CONTEXT_NOT_CONNECTED,0.0,0.0,LEAD_TIME_DEMAND_PLUS_BACKORDER_MINUS_CONFIRMED_INBOUND,PROVISIONAL_NO_INVENTORY_CONTEXT;BUFFER_REQUIREMENT_NOT_CONNECTED,NONE,130.0,122.0,6.0,134.566,6.71,2.1959999999999997,1.22,2.44,600,30,10,10,2.8,0.04,True,True,4,277.6,6,True,False,0.01,0.99,0.08,9.76,135.9253,8,WEEKLY,7,WEEKLY,7,1.1428571428571428,8.0,34.29,68.57,102.86,34.29,15,34.29,MIN_SUPPLIER_AND_SUPPLIER_SKU_CAPACITY,PER_DAY_NORMALIZED_TO_HORIZON,0.6,False,0.73,True,True,45,0.08,70,0.92,0.0,True,True,False,False,0,1,5,10,False,0.0,0.0,,,0.0,False,0.97,0.0,0.0,NONE,False,MONITOR,0.9338500986193293,0.0661,LOW,0.10999999999999999,0.0661,0.0,0.0,0.0,0.049525,0.049525,LOW,NONE,False,True,False,True,True,False,True,True,True,True,True,True,False,False,0.0,0.0,1.0,1.0,1.0,3,10.0,10,244.57,4366.98,1455.66,150.0,180.0,34.29,34.29,0.0,True,1,False,SUP-002,SUP-002:34.29,SUP-002:30.0,False,-1.0,1,Excluded from balanced selection because supplier option is not fully feasible.,NONE,PAYMENT_TERMS_COST_NOT_MODELED,PROVISIONAL_NO_INVENTORY_CONTEXT;BUFFER_REQUIREMENT_NOT_CONNECTED,CAPACITY_PERIOD_ASSUMED,CAPACITY_PERIOD_ASSUMED,Supplier option is available for standard procurement planning.,4366.98,1.0,4366.98,TOTAL_RELEVANT_PROCUREMENT_COST_DIVIDED_BY_USABLE_QUANTITY,PAYMENT_TERMS_COST_NOT_MODELED
SP-PACK-BENCH-SPARE-001,SUP-003,Rapid Local Supply,PHASE1_DEMAND_PLANNING_CONTEXT,SMOOTH,UNKNOWN,14.0,60.0,120.0,180.0,30.0,1.0,1.0,HIGH,LOW,False,False,False,False,0.0,0.0,False,UNKNOWN,0.65,INSUFFICIENT_HISTORY_FOR_CONTEXT;INSUFFICIENT_NONZERO_DEMAND_FOR_INTERVAL;MODEL_CONFIDENCE_DERIVED;FORECAST_BIAS_UNAVAILABLE;FORECAST_HORIZON_FROM_TRUE_FUTURE_FORECAST;INSUFFICIENT_HISTORY_FOR_SEASONALITY;INSUFFICIENT_HISTORY_FOR_CENSORING,Use as downstream demand planning context with standard review.,14.0,60.0,120.0,180.0,0.0,0.0,0.0,0.0,0.0,0.0,0.0,0.0,0.0,0.0,0.0,60.0,60.0,0.0,60.0,False,False,True,PROVISIONAL_NO_INVENTORY_CONTEXT,NO_PHASE3_POLICY_CONTEXT,PHASE3_INVENTORY_CONTEXT_NOT_CONNECTED,0.0,0.0,LEAD_TIME_DEMAND_PLUS_BACKORDER_MINUS_CONFIRMED_INBOUND,PROVISIONAL_NO_INVENTORY_CONTEXT;BUFFER_REQUIREMENT_NOT_CONNECTED,NONE,22.0,20.0,16.0,21.22,0.7000000000000001,0.4,0.12,0.0,180,15,5,5,1.2,0.05,True,True,2,103.8,3,True,False,0.02,0.98,0.36,7.2,21.6531,30,WEEKLY,7,WEEKLY,7,4.285714285714286,30.0,128.57,257.14,385.71,128.57,40,128.57,MIN_SUPPLIER_AND_SUPPLIER_SKU_CAPACITY,PER_DAY_NORMALIZED_TO_HORIZON,0.726,False,0.673,True,True,21,0.15,35,0.85,86.0,False,False,True,True,40,2,2,4,False,0.0,0.0,,,0.0,False,0.92,0.0,0.0,NONE,False,MONITOR,0.9479291465378422,0.0521,LOW,0.10999999999999999,0.0521,0.0,0.0,0.0,0.046024999999999996,0.046024999999999996,LOW,NONE,False,True,False,True,True,False,True,True,True,True,True,True,False,False,0.0,0.0,3.0,3.0,3.0,5,12.0,7,133.66,1623.2,324.64,150.0,200.0,128.57,128.57,0.0,True,1,False,SUP-003,SUP-003:128.57,SUP-003:60.0,False,-1.0,1,Excluded from balanced selection because supplier option is not fully feasible.,LOW_ORDER_ACCEPTANCE_PROBABILITY,CUSTOMS_COST_FALLBACK_USED;PAYMENT_TERMS_COST_NOT_MODELED,PROVISIONAL_NO_INVENTORY_CONTEXT;BUFFER_REQUIREMENT_NOT_CONNECTED,CAPACITY_PERIOD_ASSUMED,CAPACITY_PERIOD_ASSUMED,Supplier option is available for standard procurement planning.,1623.2,3.0,541.0666666666667,TOTAL_RELEVANT_PROCUREMENT_COST_DIVIDED_BY_USABLE_QUANTITY,CUSTOMS_COST_FALLBACK_USED;PAYMENT_TERMS_COST_NOT_MODELED
SP-ELECTRICAL-SENSOR-001,SUP-002,EuroSource Precision,PHASE1_DEMAND_PLANNING_CONTEXT,SMOOTH,UNKNOWN,7.0,30.0,60.0,90.0,30.0,1.0,1.0,HIGH,LOW,False,False,False,False,0.0,0.0,False,UNKNOWN,0.65,INSUFFICIENT_HISTORY_FOR_CONTEXT;MODEL_CONFIDENCE_DERIVED;FORECAST_BIAS_UNAVAILABLE;FORECAST_HORIZON_FROM_TRUE_FUTURE_FORECAST;INSUFFICIENT_HISTORY_FOR_SEASONALITY;INSUFFICIENT_HISTORY_FOR_CENSORING,Use as downstream demand planning context with standard review.,7.0,30.0,60.0,90.0,0.0,0.0,0.0,0.0,0.0,0.0,0.0,0.0,0.0,0.0,0.0,30.0,30.0,0.0,30.0,False,False,True,PROVISIONAL_NO_INVENTORY_CONTEXT,NO_PHASE3_POLICY_CONTEXT,PHASE3_INVENTORY_CONTEXT_NOT_CONNECTED,0.0,0.0,LEAD_TIME_DEMAND_PLUS_BACKORDER_MINUS_CONFIRMED_INBOUND,PROVISIONAL_NO_INVENTORY_CONTEXT;BUFFER_REQUIREMENT_NOT_CONNECTED,NONE,115.0,108.0,8.0,119.124,5.94,1.944,1.08,2.16,600,30,8,8,2.4,0.05,True,True,4,266.4,4,True,False,0.015,0.985,0.12,12.96,120.9381,10,WEEKLY,7,WEEKLY,7,1.4285714285714286,10.0,42.86,85.71,128.57,42.86,18,42.86,MIN_SUPPLIER_AND_SUPPLIER_SKU_CAPACITY,PER_DAY_NORMALIZED_TO_HORIZON,0.6,False,0.73,True,True,45,0.08,70,0.92,0.0,True,True,False,False,0,1,5,10,False,0.0,0.0,,,0.0,False,0.97,0.0,0.0,NONE,False,MONITOR,0.9338500986193293,0.0661,LOW,0.10999999999999999,0.0661,0.0,0.0,0.0,0.049525,0.049525,LOW,NONE,False,True,False,True,True,False,True,True,True,True,True,True,False,False,0.0,0.0,1.0,1.0,1.0,4,7.5,8,229.12,4013.72,1003.43,200.0,240.0,42.86,42.86,0.0,True,1,False,SUP-002,SUP-002:42.86,SUP-002:30.0,False,-1.0,1,Excluded from balanced selection because supplier option is not fully feasible.,NONE,PAYMENT_TERMS_COST_NOT_MODELED,PROVISIONAL_NO_INVENTORY_CONTEXT;BUFFER_REQUIREMENT_NOT_CONNECTED,CAPACITY_PERIOD_ASSUMED,CAPACITY_PERIOD_ASSUMED,Supplier option is available for standard procurement planning.,4013.72,1.0,4013.72,TOTAL_RELEVANT_PROCUREMENT_COST_DIVIDED_BY_USABLE_QUANTITY,PAYMENT_TERMS_COST_NOT_MODELED
SP-ELECTRICAL-SENSOR-001,SUP-005,Fallback Trade Partners,PHASE1_DEMAND_PLANNING_CONTEXT,SMOOTH,UNKNOWN,7.0,30.0,60.0,90.0,30.0,1.0,1.0,HIGH,LOW,False,False,False,False,0.0,0.0,False,UNKNOWN,0.65,INSUFFICIENT_HISTORY_FOR_CONTEXT;MODEL_CONFIDENCE_DERIVED;FORECAST_BIAS_UNAVAILABLE;FORECAST_HORIZON_FROM_TRUE_FUTURE_FORECAST;INSUFFICIENT_HISTORY_FOR_SEASONALITY;INSUFFICIENT_HISTORY_FOR_CENSORING,Use as downstream demand planning context with standard review.,7.0,30.0,60.0,90.0,0.0,0.0,0.0,0.0,0.0,0.0,0.0,0.0,0.0,0.0,0.0,30.0,30.0,0.0,30.0,False,False,True,PROVISIONAL_NO_INVENTORY_CONTEXT,NO_PHASE3_POLICY_CONTEXT,PHASE3_INVENTORY_CONTEXT_NOT_CONNECTED,0.0,0.0,LEAD_TIME_DEMAND_PLUS_BACKORDER_MINUS_CONFIRMED_INBOUND,PROVISIONAL_NO_INVENTORY_CONTEXT;BUFFER_REQUIREMENT_NOT_CONNECTED,NONE,120.0,112.0,8.0,128.016,8.4,2.464,1.232,3.9200000000000004,300,45,12,12,4.0,0.12,False,False,5,0.0,7,False,False,0.03,0.97,0.24,26.88,131.9753,8,WEEKLY,7,WEEKLY,7,1.1428571428571428,8.0,34.29,68.57,102.86,34.29,15,34.29,MIN_SUPPLIER_AND_SUPPLIER_SKU_CAPACITY,PER_DAY_NORMALIZED_TO_HORIZON,0.81,False,0.635,True,False,0,0.25,0,0.0,0.0,False,False,True,False,0,1,7,13,False,0.0,0.0,,,0.0,False,0.78,0.0,0.0,NONE,False,MONITOR,0.7191934663754378,0.2808,MEDIUM,0.10999999999999999,0.2808,0.0,0.0,0.0,0.10319999999999999,0.10319999999999999,LOW,NONE,True,False,True,False,False,False,False,True,True,True,True,True,False,False,0.0,0.0,1.0,1.0,1.0,3,10.0,12,253.02,4215.48,1405.16,165.0,210.0,42.86,42.86,0.0,True,1,False,SUP-002,SUP-002:42.86,SUP-002:30.0,False,-1.0,1,Excluded from balanced selection because supplier option is not fully feasible.,BASE_SUPPLIER_OPTION_INFEASIBLE;LOW_ORDER_ACCEPTANCE_PROBABILITY,PAYMENT_TERMS_COST_NOT_MODELED;SUPPLIER_RETURN_POLICY_BLOCKS_SKU_RETURN,PROVISIONAL_NO_INVENTORY_CONTEXT;BUFFER_REQUIREMENT_NOT_CONNECTED,CAPACITY_PERIOD_ASSUMED,CAPACITY_PERIOD_ASSUMED,Supplier option is available for standard procurement planning.,4215.48,1.0,4215.48,TOTAL_RELEVANT_PROCUREMENT_COST_DIVIDED_BY_USABLE_QUANTITY,PAYMENT_TERMS_COST_NOT_MODELED;SUPPLIER_RETURN_POLICY_BLOCKS_SKU_RETURN
