sku_id,forecast_date,horizon_day,champion_model,forecast_quantity,p10,p50,p90,forecast_generation_method,interval_generation_method,future_forecast_warning_codes,event_flag,event_name,event_uplift_factor,day_of_week,month,week_of_year
SKU-BAT-008,2026-07-01,1,random_forest,6.9753,6.0888,6.9753,6.9753,PERSISTED_CHAMPION_MODEL,BACKTEST_RESIDUAL_QUANTILES,RECURSIVE_FUTURE_FEATURES_USED,False,,1.0,2,7,27
SKU-BAT-008,2026-07-02,2,random_forest,7.3562,6.4697,7.3562,7.3562,PERSISTED_CHAMPION_MODEL,BACKTEST_RESIDUAL_QUANTILES,RECURSIVE_FUTURE_FEATURES_USED,False,,1.0,3,7,27
SKU-BAT-008,2026-07-03,3,random_forest,7.3562,6.4697,7.3562,7.3562,PERSISTED_CHAMPION_MODEL,BACKTEST_RESIDUAL_QUANTILES,RECURSIVE_FUTURE_FEATURES_USED,False,,1.0,4,7,27
SKU-BAT-008,2026-07-04,4,random_forest,7.3895,6.503,7.3895,7.3895,PERSISTED_CHAMPION_MODEL,BACKTEST_RESIDUAL_QUANTILES,RECURSIVE_FUTURE_FEATURES_USED,False,,1.0,5,7,27
SKU-BAT-008,2026-07-05,5,random_forest,7.3895,6.503,7.3895,7.3895,PERSISTED_CHAMPION_MODEL,BACKTEST_RESIDUAL_QUANTILES,RECURSIVE_FUTURE_FEATURES_USED,False,,1.0,6,7,27
SKU-BAT-008,2026-07-06,6,random_forest,7.3879,6.5014,7.3879,7.3879,PERSISTED_CHAMPION_MODEL,BACKTEST_RESIDUAL_QUANTILES,RECURSIVE_FUTURE_FEATURES_USED,False,,1.0,0,7,28
SKU-BAT-008,2026-07-07,7,random_forest,7.3879,6.5014,7.3879,7.3879,PERSISTED_CHAMPION_MODEL,BACKTEST_RESIDUAL_QUANTILES,RECURSIVE_FUTURE_FEATURES_USED,False,,1.0,1,7,28
SKU-BAT-008,2026-07-08,8,random_forest,7.3879,6.5014,7.3879,7.3879,PERSISTED_CHAMPION_MODEL,BACKTEST_RESIDUAL_QUANTILES,RECURSIVE_FUTURE_FEATURES_USED,False,,1.0,2,7,28
SKU-BAT-008,2026-07-09,9,random_forest,7.3879,6.5014,7.3879,7.3879,PERSISTED_CHAMPION_MODEL,BACKTEST_RESIDUAL_QUANTILES,RECURSIVE_FUTURE_FEATURES_USED,False,,1.0,3,7,28
SKU-BAT-008,2026-07-10,10,random_forest,7.3879,6.5014,7.3879,7.3879,PERSISTED_CHAMPION_MODEL,BACKTEST_RESIDUAL_QUANTILES,RECURSIVE_FUTURE_FEATURES_USED,False,,1.0,4,7,28
SKU-BAT-008,2026-07-11,11,random_forest,7.3845,6.498,7.3845,7.3845,PERSISTED_CHAMPION_MODEL,BACKTEST_RESIDUAL_QUANTILES,RECURSIVE_FUTURE_FEATURES_USED,False,,1.0,5,7,28
SKU-BAT-008,2026-07-12,12,random_forest,7.1808,6.2943,7.1808,7.1808,PERSISTED_CHAMPION_MODEL,BACKTEST_RESIDUAL_QUANTILES,RECURSIVE_FUTURE_FEATURES_USED,False,,1.0,6,7,28
SKU-BAT-008,2026-07-13,13,random_forest,7.1841,6.2976,7.1841,7.1841,PERSISTED_CHAMPION_MODEL,BACKTEST_RESIDUAL_QUANTILES,RECURSIVE_FUTURE_FEATURES_USED,False,,1.0,0,7,29
SKU-BAT-008,2026-07-14,14,random_forest,7.1841,6.2976,7.1841,7.1841,PERSISTED_CHAMPION_MODEL,BACKTEST_RESIDUAL_QUANTILES,RECURSIVE_FUTURE_FEATURES_USED,False,,1.0,1,7,29
SKU-BAT-008,2026-07-15,15,random_forest,7.1841,6.2976,7.1841,7.1841,PERSISTED_CHAMPION_MODEL,BACKTEST_RESIDUAL_QUANTILES,RECURSIVE_FUTURE_FEATURES_USED,False,,1.0,2,7,29
SKU-BAT-008,2026-07-16,16,random_forest,7.1841,6.2976,7.1841,7.1841,PERSISTED_CHAMPION_MODEL,BACKTEST_RESIDUAL_QUANTILES,RECURSIVE_FUTURE_FEATURES_USED,False,,1.0,3,7,29
SKU-BAT-008,2026-07-17,17,random_forest,7.1841,6.2976,7.1841,7.1841,PERSISTED_CHAMPION_MODEL,BACKTEST_RESIDUAL_QUANTILES,RECURSIVE_FUTURE_FEATURES_USED,False,,1.0,4,7,29
SKU-BAT-008,2026-07-18,18,random_forest,7.1808,6.2943,7.1808,7.1808,PERSISTED_CHAMPION_MODEL,BACKTEST_RESIDUAL_QUANTILES,RECURSIVE_FUTURE_FEATURES_USED,False,,1.0,5,7,29
SKU-BAT-008,2026-07-19,19,random_forest,7.1808,6.2943,7.1808,7.1808,PERSISTED_CHAMPION_MODEL,BACKTEST_RESIDUAL_QUANTILES,RECURSIVE_FUTURE_FEATURES_USED,False,,1.0,6,7,29
SKU-BAT-008,2026-07-20,20,random_forest,7.1841,6.2976,7.1841,7.1841,PERSISTED_CHAMPION_MODEL,BACKTEST_RESIDUAL_QUANTILES,RECURSIVE_FUTURE_FEATURES_USED,False,,1.0,0,7,30
SKU-BAT-008,2026-07-21,21,random_forest,7.1841,6.2976,7.1841,7.1841,PERSISTED_CHAMPION_MODEL,BACKTEST_RESIDUAL_QUANTILES,RECURSIVE_FUTURE_FEATURES_USED,False,,1.0,1,7,30
SKU-BAT-008,2026-07-22,22,random_forest,7.1841,6.2976,7.1841,7.1841,PERSISTED_CHAMPION_MODEL,BACKTEST_RESIDUAL_QUANTILES,RECURSIVE_FUTURE_FEATURES_USED,False,,1.0,2,7,30
SKU-BAT-008,2026-07-23,23,random_forest,7.1841,6.2976,7.1841,7.1841,PERSISTED_CHAMPION_MODEL,BACKTEST_RESIDUAL_QUANTILES,RECURSIVE_FUTURE_FEATURES_USED,False,,1.0,3,7,30
SKU-BAT-008,2026-07-24,24,random_forest,7.1841,6.2976,7.1841,7.1841,PERSISTED_CHAMPION_MODEL,BACKTEST_RESIDUAL_QUANTILES,RECURSIVE_FUTURE_FEATURES_USED,False,,1.0,4,7,30
SKU-BAT-008,2026-07-25,25,random_forest,7.1808,6.2943,7.1808,7.1808,PERSISTED_CHAMPION_MODEL,BACKTEST_RESIDUAL_QUANTILES,RECURSIVE_FUTURE_FEATURES_USED,False,,1.0,5,7,30
SKU-BAT-008,2026-07-26,26,random_forest,7.1808,6.2943,7.1808,7.1808,PERSISTED_CHAMPION_MODEL,BACKTEST_RESIDUAL_QUANTILES,RECURSIVE_FUTURE_FEATURES_USED,False,,1.0,6,7,30
SKU-BAT-008,2026-07-27,27,random_forest,7.007,6.1205,7.007,7.007,PERSISTED_CHAMPION_MODEL,BACKTEST_RESIDUAL_QUANTILES,RECURSIVE_FUTURE_FEATURES_USED,False,,1.0,0,7,31
SKU-BAT-008,2026-07-28,28,random_forest,7.007,6.1205,7.007,7.007,PERSISTED_CHAMPION_MODEL,BACKTEST_RESIDUAL_QUANTILES,RECURSIVE_FUTURE_FEATURES_USED,False,,1.0,1,7,31
SKU-BAT-008,2026-07-29,29,random_forest,7.007,6.1205,7.007,7.007,PERSISTED_CHAMPION_MODEL,BACKTEST_RESIDUAL_QUANTILES,RECURSIVE_FUTURE_FEATURES_USED,False,,1.0,2,7,31
SKU-BAT-008,2026-07-30,30,random_forest,7.007,6.1205,7.007,7.007,PERSISTED_CHAMPION_MODEL,BACKTEST_RESIDUAL_QUANTILES,RECURSIVE_FUTURE_FEATURES_USED,False,,1.0,3,7,31
SKU-BAT-008,2026-07-31,31,random_forest,7.007,6.1205,7.007,7.007,PERSISTED_CHAMPION_MODEL,BACKTEST_RESIDUAL_QUANTILES,RECURSIVE_FUTURE_FEATURES_USED,False,,1.0,4,7,31
SKU-BAT-008,2026-08-01,32,random_forest,7.0036,6.1171,7.0036,7.0036,PERSISTED_CHAMPION_MODEL,BACKTEST_RESIDUAL_QUANTILES,RECURSIVE_FUTURE_FEATURES_USED,False,,1.0,5,8,31
SKU-BAT-008,2026-08-02,33,random_forest,7.0011,6.1146,7.0011,7.0011,PERSISTED_CHAMPION_MODEL,BACKTEST_RESIDUAL_QUANTILES,RECURSIVE_FUTURE_FEATURES_USED,False,,1.0,6,8,31
SKU-BAT-008,2026-08-03,34,random_forest,6.7573,5.8708,6.7573,6.7573,PERSISTED_CHAMPION_MODEL,BACKTEST_RESIDUAL_QUANTILES,RECURSIVE_FUTURE_FEATURES_USED,False,,1.0,0,8,32
SKU-BAT-008,2026-08-04,35,random_forest,6.7573,5.8708,6.7573,6.7573,PERSISTED_CHAMPION_MODEL,BACKTEST_RESIDUAL_QUANTILES,RECURSIVE_FUTURE_FEATURES_USED,False,,1.0,1,8,32
SKU-BAT-008,2026-08-05,36,random_forest,6.7573,5.8708,6.7573,6.7573,PERSISTED_CHAMPION_MODEL,BACKTEST_RESIDUAL_QUANTILES,RECURSIVE_FUTURE_FEATURES_USED,False,,1.0,2,8,32
SKU-BAT-008,2026-08-06,37,random_forest,6.7573,5.8708,6.7573,6.7573,PERSISTED_CHAMPION_MODEL,BACKTEST_RESIDUAL_QUANTILES,RECURSIVE_FUTURE_FEATURES_USED,False,,1.0,3,8,32
SKU-BAT-008,2026-08-07,38,random_forest,6.7573,5.8708,6.7573,6.7573,PERSISTED_CHAMPION_MODEL,BACKTEST_RESIDUAL_QUANTILES,RECURSIVE_FUTURE_FEATURES_USED,False,,1.0,4,8,32
SKU-BAT-008,2026-08-08,39,random_forest,6.754,5.8675,6.754,6.754,PERSISTED_CHAMPION_MODEL,BACKTEST_RESIDUAL_QUANTILES,RECURSIVE_FUTURE_FEATURES_USED,False,,1.0,5,8,32
SKU-BAT-008,2026-08-09,40,random_forest,6.7515,5.865,6.7515,6.7515,PERSISTED_CHAMPION_MODEL,BACKTEST_RESIDUAL_QUANTILES,RECURSIVE_FUTURE_FEATURES_USED,False,,1.0,6,8,32
SKU-BAT-008,2026-08-10,41,random_forest,6.7573,5.8708,6.7573,6.7573,PERSISTED_CHAMPION_MODEL,BACKTEST_RESIDUAL_QUANTILES,RECURSIVE_FUTURE_FEATURES_USED,False,,1.0,0,8,33
SKU-BAT-008,2026-08-11,42,random_forest,6.7573,5.8708,6.7573,6.7573,PERSISTED_CHAMPION_MODEL,BACKTEST_RESIDUAL_QUANTILES,RECURSIVE_FUTURE_FEATURES_USED,False,,1.0,1,8,33
SKU-BAT-008,2026-08-12,43,random_forest,6.7573,5.8708,6.7573,6.7573,PERSISTED_CHAMPION_MODEL,BACKTEST_RESIDUAL_QUANTILES,RECURSIVE_FUTURE_FEATURES_USED,False,,1.0,2,8,33
SKU-BAT-008,2026-08-13,44,random_forest,6.7573,5.8708,6.7573,6.7573,PERSISTED_CHAMPION_MODEL,BACKTEST_RESIDUAL_QUANTILES,RECURSIVE_FUTURE_FEATURES_USED,False,,1.0,3,8,33
SKU-BAT-008,2026-08-14,45,random_forest,6.7573,5.8708,6.7573,6.7573,PERSISTED_CHAMPION_MODEL,BACKTEST_RESIDUAL_QUANTILES,RECURSIVE_FUTURE_FEATURES_USED,False,,1.0,4,8,33
SKU-BAT-008,2026-08-15,46,random_forest,6.754,5.8675,6.754,6.754,PERSISTED_CHAMPION_MODEL,BACKTEST_RESIDUAL_QUANTILES,RECURSIVE_FUTURE_FEATURES_USED,False,,1.0,5,8,33
SKU-BAT-008,2026-08-16,47,random_forest,6.7515,5.865,6.7515,6.7515,PERSISTED_CHAMPION_MODEL,BACKTEST_RESIDUAL_QUANTILES,RECURSIVE_FUTURE_FEATURES_USED,False,,1.0,6,8,33
SKU-BAT-008,2026-08-17,48,random_forest,7.007,6.1205,7.007,7.007,PERSISTED_CHAMPION_MODEL,BACKTEST_RESIDUAL_QUANTILES,RECURSIVE_FUTURE_FEATURES_USED,False,,1.0,0,8,34
SKU-BAT-008,2026-08-18,49,random_forest,7.007,6.1205,7.007,7.007,PERSISTED_CHAMPION_MODEL,BACKTEST_RESIDUAL_QUANTILES,RECURSIVE_FUTURE_FEATURES_USED,False,,1.0,1,8,34
SKU-BAT-008,2026-08-19,50,random_forest,7.007,6.1205,7.007,7.007,PERSISTED_CHAMPION_MODEL,BACKTEST_RESIDUAL_QUANTILES,RECURSIVE_FUTURE_FEATURES_USED,False,,1.0,2,8,34
SKU-BAT-008,2026-08-20,51,random_forest,7.007,6.1205,7.007,7.007,PERSISTED_CHAMPION_MODEL,BACKTEST_RESIDUAL_QUANTILES,RECURSIVE_FUTURE_FEATURES_USED,False,,1.0,3,8,34
SKU-BAT-008,2026-08-21,52,random_forest,7.007,6.1205,7.007,7.007,PERSISTED_CHAMPION_MODEL,BACKTEST_RESIDUAL_QUANTILES,RECURSIVE_FUTURE_FEATURES_USED,False,,1.0,4,8,34
SKU-BAT-008,2026-08-22,53,random_forest,7.0036,6.1171,7.0036,7.0036,PERSISTED_CHAMPION_MODEL,BACKTEST_RESIDUAL_QUANTILES,RECURSIVE_FUTURE_FEATURES_USED,False,,1.0,5,8,34
SKU-BAT-008,2026-08-23,54,random_forest,7.0011,6.1146,7.0011,7.0011,PERSISTED_CHAMPION_MODEL,BACKTEST_RESIDUAL_QUANTILES,RECURSIVE_FUTURE_FEATURES_USED,False,,1.0,6,8,34
SKU-BAT-008,2026-08-24,55,random_forest,7.007,6.1205,7.007,7.007,PERSISTED_CHAMPION_MODEL,BACKTEST_RESIDUAL_QUANTILES,RECURSIVE_FUTURE_FEATURES_USED,False,,1.0,0,8,35
SKU-BAT-008,2026-08-25,56,random_forest,7.007,6.1205,7.007,7.007,PERSISTED_CHAMPION_MODEL,BACKTEST_RESIDUAL_QUANTILES,RECURSIVE_FUTURE_FEATURES_USED,False,,1.0,1,8,35
SKU-BAT-008,2026-08-26,57,random_forest,7.007,6.1205,7.007,7.007,PERSISTED_CHAMPION_MODEL,BACKTEST_RESIDUAL_QUANTILES,RECURSIVE_FUTURE_FEATURES_USED,False,,1.0,2,8,35
SKU-BAT-008,2026-08-27,58,random_forest,7.007,6.1205,7.007,7.007,PERSISTED_CHAMPION_MODEL,BACKTEST_RESIDUAL_QUANTILES,RECURSIVE_FUTURE_FEATURES_USED,False,,1.0,3,8,35
SKU-BAT-008,2026-08-28,59,random_forest,7.007,6.1205,7.007,7.007,PERSISTED_CHAMPION_MODEL,BACKTEST_RESIDUAL_QUANTILES,RECURSIVE_FUTURE_FEATURES_USED,False,,1.0,4,8,35
SKU-BAT-008,2026-08-29,60,random_forest,7.0036,6.1171,7.0036,7.0036,PERSISTED_CHAMPION_MODEL,BACKTEST_RESIDUAL_QUANTILES,RECURSIVE_FUTURE_FEATURES_USED,False,,1.0,5,8,35
SKU-BAT-008,2026-08-30,61,random_forest,7.0011,6.1146,7.0011,7.0011,PERSISTED_CHAMPION_MODEL,BACKTEST_RESIDUAL_QUANTILES,RECURSIVE_FUTURE_FEATURES_USED,False,,1.0,6,8,35
SKU-BAT-008,2026-08-31,62,random_forest,7.007,6.1205,7.007,7.007,PERSISTED_CHAMPION_MODEL,BACKTEST_RESIDUAL_QUANTILES,RECURSIVE_FUTURE_FEATURES_USED,False,,1.0,0,8,36
SKU-BAT-008,2026-09-01,63,random_forest,7.007,6.1205,7.007,7.007,PERSISTED_CHAMPION_MODEL,BACKTEST_RESIDUAL_QUANTILES,RECURSIVE_FUTURE_FEATURES_USED,False,,1.0,1,9,36
SKU-BAT-008,2026-09-02,64,random_forest,7.007,6.1205,7.007,7.007,PERSISTED_CHAMPION_MODEL,BACKTEST_RESIDUAL_QUANTILES,RECURSIVE_FUTURE_FEATURES_USED,False,,1.0,2,9,36
SKU-BAT-008,2026-09-03,65,random_forest,7.007,6.1205,7.007,7.007,PERSISTED_CHAMPION_MODEL,BACKTEST_RESIDUAL_QUANTILES,RECURSIVE_FUTURE_FEATURES_USED,False,,1.0,3,9,36
SKU-BAT-008,2026-09-04,66,random_forest,7.007,6.1205,7.007,7.007,PERSISTED_CHAMPION_MODEL,BACKTEST_RESIDUAL_QUANTILES,RECURSIVE_FUTURE_FEATURES_USED,False,,1.0,4,9,36
SKU-BAT-008,2026-09-05,67,random_forest,7.0036,6.1171,7.0036,7.0036,PERSISTED_CHAMPION_MODEL,BACKTEST_RESIDUAL_QUANTILES,RECURSIVE_FUTURE_FEATURES_USED,False,,1.0,5,9,36
SKU-BAT-008,2026-09-06,68,random_forest,7.0011,6.1146,7.0011,7.0011,PERSISTED_CHAMPION_MODEL,BACKTEST_RESIDUAL_QUANTILES,RECURSIVE_FUTURE_FEATURES_USED,False,,1.0,6,9,36
SKU-BAT-008,2026-09-07,69,random_forest,7.007,6.1205,7.007,7.007,PERSISTED_CHAMPION_MODEL,BACKTEST_RESIDUAL_QUANTILES,RECURSIVE_FUTURE_FEATURES_USED,False,,1.0,0,9,37
SKU-BAT-008,2026-09-08,70,random_forest,7.007,6.1205,7.007,7.007,PERSISTED_CHAMPION_MODEL,BACKTEST_RESIDUAL_QUANTILES,RECURSIVE_FUTURE_FEATURES_USED,False,,1.0,1,9,37
SKU-BAT-008,2026-09-09,71,random_forest,7.007,6.1205,7.007,7.007,PERSISTED_CHAMPION_MODEL,BACKTEST_RESIDUAL_QUANTILES,RECURSIVE_FUTURE_FEATURES_USED,False,,1.0,2,9,37
SKU-BAT-008,2026-09-10,72,random_forest,7.007,6.1205,7.007,7.007,PERSISTED_CHAMPION_MODEL,BACKTEST_RESIDUAL_QUANTILES,RECURSIVE_FUTURE_FEATURES_USED,False,,1.0,3,9,37
SKU-BAT-008,2026-09-11,73,random_forest,7.007,6.1205,7.007,7.007,PERSISTED_CHAMPION_MODEL,BACKTEST_RESIDUAL_QUANTILES,RECURSIVE_FUTURE_FEATURES_USED,False,,1.0,4,9,37
SKU-BAT-008,2026-09-12,74,random_forest,7.0036,6.1171,7.0036,7.0036,PERSISTED_CHAMPION_MODEL,BACKTEST_RESIDUAL_QUANTILES,RECURSIVE_FUTURE_FEATURES_USED,False,,1.0,5,9,37
SKU-BAT-008,2026-09-13,75,random_forest,7.0011,6.1146,7.0011,7.0011,PERSISTED_CHAMPION_MODEL,BACKTEST_RESIDUAL_QUANTILES,RECURSIVE_FUTURE_FEATURES_USED,False,,1.0,6,9,37
SKU-BAT-008,2026-09-14,76,random_forest,7.007,6.1205,7.007,7.007,PERSISTED_CHAMPION_MODEL,BACKTEST_RESIDUAL_QUANTILES,RECURSIVE_FUTURE_FEATURES_USED,False,,1.0,0,9,38
SKU-BAT-008,2026-09-15,77,random_forest,7.007,6.1205,7.007,7.007,PERSISTED_CHAMPION_MODEL,BACKTEST_RESIDUAL_QUANTILES,RECURSIVE_FUTURE_FEATURES_USED,False,,1.0,1,9,38
SKU-BAT-008,2026-09-16,78,random_forest,7.007,6.1205,7.007,7.007,PERSISTED_CHAMPION_MODEL,BACKTEST_RESIDUAL_QUANTILES,RECURSIVE_FUTURE_FEATURES_USED,False,,1.0,2,9,38
SKU-BAT-008,2026-09-17,79,random_forest,7.007,6.1205,7.007,7.007,PERSISTED_CHAMPION_MODEL,BACKTEST_RESIDUAL_QUANTILES,RECURSIVE_FUTURE_FEATURES_USED,False,,1.0,3,9,38
SKU-BAT-008,2026-09-18,80,random_forest,7.007,6.1205,7.007,7.007,PERSISTED_CHAMPION_MODEL,BACKTEST_RESIDUAL_QUANTILES,RECURSIVE_FUTURE_FEATURES_USED,False,,1.0,4,9,38
SKU-BAT-008,2026-09-19,81,random_forest,7.0036,6.1171,7.0036,7.0036,PERSISTED_CHAMPION_MODEL,BACKTEST_RESIDUAL_QUANTILES,RECURSIVE_FUTURE_FEATURES_USED,False,,1.0,5,9,38
SKU-BAT-008,2026-09-20,82,random_forest,7.0011,6.1146,7.0011,7.0011,PERSISTED_CHAMPION_MODEL,BACKTEST_RESIDUAL_QUANTILES,RECURSIVE_FUTURE_FEATURES_USED,False,,1.0,6,9,38
SKU-BAT-008,2026-09-21,83,random_forest,7.007,6.1205,7.007,7.007,PERSISTED_CHAMPION_MODEL,BACKTEST_RESIDUAL_QUANTILES,RECURSIVE_FUTURE_FEATURES_USED,False,,1.0,0,9,39
SKU-BAT-008,2026-09-22,84,random_forest,7.007,6.1205,7.007,7.007,PERSISTED_CHAMPION_MODEL,BACKTEST_RESIDUAL_QUANTILES,RECURSIVE_FUTURE_FEATURES_USED,False,,1.0,1,9,39
SKU-BAT-008,2026-09-23,85,random_forest,7.007,6.1205,7.007,7.007,PERSISTED_CHAMPION_MODEL,BACKTEST_RESIDUAL_QUANTILES,RECURSIVE_FUTURE_FEATURES_USED,False,,1.0,2,9,39
SKU-BAT-008,2026-09-24,86,random_forest,7.007,6.1205,7.007,7.007,PERSISTED_CHAMPION_MODEL,BACKTEST_RESIDUAL_QUANTILES,RECURSIVE_FUTURE_FEATURES_USED,False,,1.0,3,9,39
SKU-BAT-008,2026-09-25,87,random_forest,7.007,6.1205,7.007,7.007,PERSISTED_CHAMPION_MODEL,BACKTEST_RESIDUAL_QUANTILES,RECURSIVE_FUTURE_FEATURES_USED,False,,1.0,4,9,39
SKU-BAT-008,2026-09-26,88,random_forest,7.0036,6.1171,7.0036,7.0036,PERSISTED_CHAMPION_MODEL,BACKTEST_RESIDUAL_QUANTILES,RECURSIVE_FUTURE_FEATURES_USED,False,,1.0,5,9,39
SKU-BAT-008,2026-09-27,89,random_forest,7.0011,6.1146,7.0011,7.0011,PERSISTED_CHAMPION_MODEL,BACKTEST_RESIDUAL_QUANTILES,RECURSIVE_FUTURE_FEATURES_USED,False,,1.0,6,9,39
SKU-BAT-008,2026-09-28,90,random_forest,7.007,6.1205,7.007,7.007,PERSISTED_CHAMPION_MODEL,BACKTEST_RESIDUAL_QUANTILES,RECURSIVE_FUTURE_FEATURES_USED,False,,1.0,0,9,40
SKU-BBQ-006,2026-07-01,1,gradient_boosting,25.0061,25.0061,25.0061,26.1241,PERSISTED_CHAMPION_MODEL,BACKTEST_RESIDUAL_QUANTILES,RECURSIVE_FUTURE_FEATURES_USED,False,,1.0,2,7,27
SKU-BBQ-006,2026-07-02,2,gradient_boosting,25.0061,25.0061,25.0061,26.1241,PERSISTED_CHAMPION_MODEL,BACKTEST_RESIDUAL_QUANTILES,RECURSIVE_FUTURE_FEATURES_USED,False,,1.0,3,7,27
SKU-BBQ-006,2026-07-03,3,gradient_boosting,25.0061,25.0061,25.0061,26.1241,PERSISTED_CHAMPION_MODEL,BACKTEST_RESIDUAL_QUANTILES,RECURSIVE_FUTURE_FEATURES_USED,False,,1.0,4,7,27
SKU-BBQ-006,2026-07-04,4,gradient_boosting,25.0131,25.0131,25.0131,26.1312,PERSISTED_CHAMPION_MODEL,BACKTEST_RESIDUAL_QUANTILES,RECURSIVE_FUTURE_FEATURES_USED,False,,1.0,5,7,27
SKU-BBQ-006,2026-07-05,5,gradient_boosting,25.0181,25.0181,25.0181,26.1361,PERSISTED_CHAMPION_MODEL,BACKTEST_RESIDUAL_QUANTILES,RECURSIVE_FUTURE_FEATURES_USED,False,,1.0,6,7,27
SKU-BBQ-006,2026-07-06,6,gradient_boosting,25.0044,25.0044,25.0044,26.1224,PERSISTED_CHAMPION_MODEL,BACKTEST_RESIDUAL_QUANTILES,RECURSIVE_FUTURE_FEATURES_USED,False,,1.0,0,7,28
SKU-BBQ-006,2026-07-07,7,gradient_boosting,25.0041,25.0041,25.0041,26.1221,PERSISTED_CHAMPION_MODEL,BACKTEST_RESIDUAL_QUANTILES,RECURSIVE_FUTURE_FEATURES_USED,False,,1.0,1,7,28
SKU-BBQ-006,2026-07-08,8,gradient_boosting,25.0059,25.0059,25.0059,26.1239,PERSISTED_CHAMPION_MODEL,BACKTEST_RESIDUAL_QUANTILES,RECURSIVE_FUTURE_FEATURES_USED,False,,1.0,2,7,28
SKU-BBQ-006,2026-07-09,9,gradient_boosting,25.0059,25.0059,25.0059,26.1239,PERSISTED_CHAMPION_MODEL,BACKTEST_RESIDUAL_QUANTILES,RECURSIVE_FUTURE_FEATURES_USED,False,,1.0,3,7,28
SKU-BBQ-006,2026-07-10,10,gradient_boosting,25.0059,25.0059,25.0059,26.1239,PERSISTED_CHAMPION_MODEL,BACKTEST_RESIDUAL_QUANTILES,RECURSIVE_FUTURE_FEATURES_USED,False,,1.0,4,7,28
SKU-BBQ-006,2026-07-11,11,gradient_boosting,25.0059,25.0059,25.0059,26.1239,PERSISTED_CHAMPION_MODEL,BACKTEST_RESIDUAL_QUANTILES,RECURSIVE_FUTURE_FEATURES_USED,False,,1.0,5,7,28
SKU-BBQ-006,2026-07-12,12,gradient_boosting,25.0059,25.0059,25.0059,26.1239,PERSISTED_CHAMPION_MODEL,BACKTEST_RESIDUAL_QUANTILES,RECURSIVE_FUTURE_FEATURES_USED,False,,1.0,6,7,28
SKU-BBQ-006,2026-07-13,13,gradient_boosting,25.0044,25.0044,25.0044,26.1224,PERSISTED_CHAMPION_MODEL,BACKTEST_RESIDUAL_QUANTILES,RECURSIVE_FUTURE_FEATURES_USED,False,,1.0,0,7,29
SKU-BBQ-006,2026-07-14,14,gradient_boosting,25.0041,25.0041,25.0041,26.1221,PERSISTED_CHAMPION_MODEL,BACKTEST_RESIDUAL_QUANTILES,RECURSIVE_FUTURE_FEATURES_USED,False,,1.0,1,7,29
SKU-BBQ-006,2026-07-15,15,gradient_boosting,25.0059,25.0059,25.0059,26.1239,PERSISTED_CHAMPION_MODEL,BACKTEST_RESIDUAL_QUANTILES,RECURSIVE_FUTURE_FEATURES_USED,False,,1.0,2,7,29
SKU-BBQ-006,2026-07-16,16,gradient_boosting,25.0059,25.0059,25.0059,26.1239,PERSISTED_CHAMPION_MODEL,BACKTEST_RESIDUAL_QUANTILES,RECURSIVE_FUTURE_FEATURES_USED,False,,1.0,3,7,29
SKU-BBQ-006,2026-07-17,17,gradient_boosting,25.0059,25.0059,25.0059,26.1239,PERSISTED_CHAMPION_MODEL,BACKTEST_RESIDUAL_QUANTILES,RECURSIVE_FUTURE_FEATURES_USED,False,,1.0,4,7,29
SKU-BBQ-006,2026-07-18,18,gradient_boosting,25.0059,25.0059,25.0059,26.1239,PERSISTED_CHAMPION_MODEL,BACKTEST_RESIDUAL_QUANTILES,RECURSIVE_FUTURE_FEATURES_USED,False,,1.0,5,7,29
SKU-BBQ-006,2026-07-19,19,gradient_boosting,25.0059,25.0059,25.0059,26.1239,PERSISTED_CHAMPION_MODEL,BACKTEST_RESIDUAL_QUANTILES,RECURSIVE_FUTURE_FEATURES_USED,False,,1.0,6,7,29
SKU-BBQ-006,2026-07-20,20,gradient_boosting,25.0044,25.0044,25.0044,26.1224,PERSISTED_CHAMPION_MODEL,BACKTEST_RESIDUAL_QUANTILES,RECURSIVE_FUTURE_FEATURES_USED,False,,1.0,0,7,30
SKU-BBQ-006,2026-07-21,21,gradient_boosting,25.0041,25.0041,25.0041,26.1221,PERSISTED_CHAMPION_MODEL,BACKTEST_RESIDUAL_QUANTILES,RECURSIVE_FUTURE_FEATURES_USED,False,,1.0,1,7,30
SKU-BBQ-006,2026-07-22,22,gradient_boosting,25.0058,25.0058,25.0058,26.1238,PERSISTED_CHAMPION_MODEL,BACKTEST_RESIDUAL_QUANTILES,RECURSIVE_FUTURE_FEATURES_USED,False,,1.0,2,7,30
SKU-BBQ-006,2026-07-23,23,gradient_boosting,25.0058,25.0058,25.0058,26.1238,PERSISTED_CHAMPION_MODEL,BACKTEST_RESIDUAL_QUANTILES,RECURSIVE_FUTURE_FEATURES_USED,False,,1.0,3,7,30
SKU-BBQ-006,2026-07-24,24,gradient_boosting,25.0058,25.0058,25.0058,26.1238,PERSISTED_CHAMPION_MODEL,BACKTEST_RESIDUAL_QUANTILES,RECURSIVE_FUTURE_FEATURES_USED,False,,1.0,4,7,30
SKU-BBQ-006,2026-07-25,25,gradient_boosting,25.0058,25.0058,25.0058,26.1238,PERSISTED_CHAMPION_MODEL,BACKTEST_RESIDUAL_QUANTILES,RECURSIVE_FUTURE_FEATURES_USED,False,,1.0,5,7,30
SKU-BBQ-006,2026-07-26,26,gradient_boosting,25.0058,25.0058,25.0058,26.1238,PERSISTED_CHAMPION_MODEL,BACKTEST_RESIDUAL_QUANTILES,RECURSIVE_FUTURE_FEATURES_USED,False,,1.0,6,7,30
SKU-BBQ-006,2026-07-27,27,gradient_boosting,25.0043,25.0043,25.0043,26.1223,PERSISTED_CHAMPION_MODEL,BACKTEST_RESIDUAL_QUANTILES,RECURSIVE_FUTURE_FEATURES_USED,False,,1.0,0,7,31
SKU-BBQ-006,2026-07-28,28,gradient_boosting,25.004,25.004,25.004,26.122,PERSISTED_CHAMPION_MODEL,BACKTEST_RESIDUAL_QUANTILES,RECURSIVE_FUTURE_FEATURES_USED,False,,1.0,1,7,31
SKU-BBQ-006,2026-07-29,29,gradient_boosting,25.0058,25.0058,25.0058,26.1238,PERSISTED_CHAMPION_MODEL,BACKTEST_RESIDUAL_QUANTILES,RECURSIVE_FUTURE_FEATURES_USED,False,,1.0,2,7,31
SKU-BBQ-006,2026-07-30,30,gradient_boosting,25.0058,25.0058,25.0058,26.1238,PERSISTED_CHAMPION_MODEL,BACKTEST_RESIDUAL_QUANTILES,RECURSIVE_FUTURE_FEATURES_USED,False,,1.0,3,7,31
SKU-BBQ-006,2026-07-31,31,gradient_boosting,25.0058,25.0058,25.0058,26.1238,PERSISTED_CHAMPION_MODEL,BACKTEST_RESIDUAL_QUANTILES,RECURSIVE_FUTURE_FEATURES_USED,False,,1.0,4,7,31
SKU-BBQ-006,2026-08-01,32,gradient_boosting,25.0058,25.0058,25.0058,26.1238,PERSISTED_CHAMPION_MODEL,BACKTEST_RESIDUAL_QUANTILES,RECURSIVE_FUTURE_FEATURES_USED,False,,1.0,5,8,31
SKU-BBQ-006,2026-08-02,33,gradient_boosting,25.0058,25.0058,25.0058,26.1238,PERSISTED_CHAMPION_MODEL,BACKTEST_RESIDUAL_QUANTILES,RECURSIVE_FUTURE_FEATURES_USED,False,,1.0,6,8,31
SKU-BBQ-006,2026-08-03,34,gradient_boosting,25.0043,25.0043,25.0043,26.1223,PERSISTED_CHAMPION_MODEL,BACKTEST_RESIDUAL_QUANTILES,RECURSIVE_FUTURE_FEATURES_USED,False,,1.0,0,8,32
SKU-BBQ-006,2026-08-04,35,gradient_boosting,25.004,25.004,25.004,26.122,PERSISTED_CHAMPION_MODEL,BACKTEST_RESIDUAL_QUANTILES,RECURSIVE_FUTURE_FEATURES_USED,False,,1.0,1,8,32
SKU-BBQ-006,2026-08-05,36,gradient_boosting,25.0058,25.0058,25.0058,26.1238,PERSISTED_CHAMPION_MODEL,BACKTEST_RESIDUAL_QUANTILES,RECURSIVE_FUTURE_FEATURES_USED,False,,1.0,2,8,32
SKU-BBQ-006,2026-08-06,37,gradient_boosting,25.0058,25.0058,25.0058,26.1238,PERSISTED_CHAMPION_MODEL,BACKTEST_RESIDUAL_QUANTILES,RECURSIVE_FUTURE_FEATURES_USED,False,,1.0,3,8,32
SKU-BBQ-006,2026-08-07,38,gradient_boosting,25.0058,25.0058,25.0058,26.1238,PERSISTED_CHAMPION_MODEL,BACKTEST_RESIDUAL_QUANTILES,RECURSIVE_FUTURE_FEATURES_USED,False,,1.0,4,8,32
SKU-BBQ-006,2026-08-08,39,gradient_boosting,25.0058,25.0058,25.0058,26.1238,PERSISTED_CHAMPION_MODEL,BACKTEST_RESIDUAL_QUANTILES,RECURSIVE_FUTURE_FEATURES_USED,False,,1.0,5,8,32
SKU-BBQ-006,2026-08-09,40,gradient_boosting,25.0058,25.0058,25.0058,26.1238,PERSISTED_CHAMPION_MODEL,BACKTEST_RESIDUAL_QUANTILES,RECURSIVE_FUTURE_FEATURES_USED,False,,1.0,6,8,32
SKU-BBQ-006,2026-08-10,41,gradient_boosting,25.0043,25.0043,25.0043,26.1223,PERSISTED_CHAMPION_MODEL,BACKTEST_RESIDUAL_QUANTILES,RECURSIVE_FUTURE_FEATURES_USED,False,,1.0,0,8,33
SKU-BBQ-006,2026-08-11,42,gradient_boosting,25.004,25.004,25.004,26.122,PERSISTED_CHAMPION_MODEL,BACKTEST_RESIDUAL_QUANTILES,RECURSIVE_FUTURE_FEATURES_USED,False,,1.0,1,8,33
SKU-BBQ-006,2026-08-12,43,gradient_boosting,25.0058,25.0058,25.0058,26.1238,PERSISTED_CHAMPION_MODEL,BACKTEST_RESIDUAL_QUANTILES,RECURSIVE_FUTURE_FEATURES_USED,False,,1.0,2,8,33
SKU-BBQ-006,2026-08-13,44,gradient_boosting,25.0058,25.0058,25.0058,26.1238,PERSISTED_CHAMPION_MODEL,BACKTEST_RESIDUAL_QUANTILES,RECURSIVE_FUTURE_FEATURES_USED,False,,1.0,3,8,33
SKU-BBQ-006,2026-08-14,45,gradient_boosting,25.0058,25.0058,25.0058,26.1238,PERSISTED_CHAMPION_MODEL,BACKTEST_RESIDUAL_QUANTILES,RECURSIVE_FUTURE_FEATURES_USED,False,,1.0,4,8,33
SKU-BBQ-006,2026-08-15,46,gradient_boosting,25.0058,25.0058,25.0058,26.1238,PERSISTED_CHAMPION_MODEL,BACKTEST_RESIDUAL_QUANTILES,RECURSIVE_FUTURE_FEATURES_USED,False,,1.0,5,8,33
SKU-BBQ-006,2026-08-16,47,gradient_boosting,25.0058,25.0058,25.0058,26.1238,PERSISTED_CHAMPION_MODEL,BACKTEST_RESIDUAL_QUANTILES,RECURSIVE_FUTURE_FEATURES_USED,False,,1.0,6,8,33
SKU-BBQ-006,2026-08-17,48,gradient_boosting,25.0043,25.0043,25.0043,26.1223,PERSISTED_CHAMPION_MODEL,BACKTEST_RESIDUAL_QUANTILES,RECURSIVE_FUTURE_FEATURES_USED,False,,1.0,0,8,34
SKU-BBQ-006,2026-08-18,49,gradient_boosting,25.004,25.004,25.004,26.122,PERSISTED_CHAMPION_MODEL,BACKTEST_RESIDUAL_QUANTILES,RECURSIVE_FUTURE_FEATURES_USED,False,,1.0,1,8,34
SKU-BBQ-006,2026-08-19,50,gradient_boosting,25.0058,25.0058,25.0058,26.1238,PERSISTED_CHAMPION_MODEL,BACKTEST_RESIDUAL_QUANTILES,RECURSIVE_FUTURE_FEATURES_USED,False,,1.0,2,8,34
SKU-BBQ-006,2026-08-20,51,gradient_boosting,25.0058,25.0058,25.0058,26.1238,PERSISTED_CHAMPION_MODEL,BACKTEST_RESIDUAL_QUANTILES,RECURSIVE_FUTURE_FEATURES_USED,False,,1.0,3,8,34
SKU-BBQ-006,2026-08-21,52,gradient_boosting,25.0058,25.0058,25.0058,26.1238,PERSISTED_CHAMPION_MODEL,BACKTEST_RESIDUAL_QUANTILES,RECURSIVE_FUTURE_FEATURES_USED,False,,1.0,4,8,34
SKU-BBQ-006,2026-08-22,53,gradient_boosting,25.0058,25.0058,25.0058,26.1238,PERSISTED_CHAMPION_MODEL,BACKTEST_RESIDUAL_QUANTILES,RECURSIVE_FUTURE_FEATURES_USED,False,,1.0,5,8,34
SKU-BBQ-006,2026-08-23,54,gradient_boosting,25.0058,25.0058,25.0058,26.1238,PERSISTED_CHAMPION_MODEL,BACKTEST_RESIDUAL_QUANTILES,RECURSIVE_FUTURE_FEATURES_USED,False,,1.0,6,8,34
SKU-BBQ-006,2026-08-24,55,gradient_boosting,25.0043,25.0043,25.0043,26.1223,PERSISTED_CHAMPION_MODEL,BACKTEST_RESIDUAL_QUANTILES,RECURSIVE_FUTURE_FEATURES_USED,False,,1.0,0,8,35
SKU-BBQ-006,2026-08-25,56,gradient_boosting,25.004,25.004,25.004,26.122,PERSISTED_CHAMPION_MODEL,BACKTEST_RESIDUAL_QUANTILES,RECURSIVE_FUTURE_FEATURES_USED,False,,1.0,1,8,35
SKU-BBQ-006,2026-08-26,57,gradient_boosting,25.0058,25.0058,25.0058,26.1238,PERSISTED_CHAMPION_MODEL,BACKTEST_RESIDUAL_QUANTILES,RECURSIVE_FUTURE_FEATURES_USED,False,,1.0,2,8,35
SKU-BBQ-006,2026-08-27,58,gradient_boosting,25.0058,25.0058,25.0058,26.1238,PERSISTED_CHAMPION_MODEL,BACKTEST_RESIDUAL_QUANTILES,RECURSIVE_FUTURE_FEATURES_USED,False,,1.0,3,8,35
SKU-BBQ-006,2026-08-28,59,gradient_boosting,25.0058,25.0058,25.0058,26.1238,PERSISTED_CHAMPION_MODEL,BACKTEST_RESIDUAL_QUANTILES,RECURSIVE_FUTURE_FEATURES_USED,False,,1.0,4,8,35
SKU-BBQ-006,2026-08-29,60,gradient_boosting,25.0058,25.0058,25.0058,26.1238,PERSISTED_CHAMPION_MODEL,BACKTEST_RESIDUAL_QUANTILES,RECURSIVE_FUTURE_FEATURES_USED,False,,1.0,5,8,35
SKU-BBQ-006,2026-08-30,61,gradient_boosting,25.0058,25.0058,25.0058,26.1238,PERSISTED_CHAMPION_MODEL,BACKTEST_RESIDUAL_QUANTILES,RECURSIVE_FUTURE_FEATURES_USED,False,,1.0,6,8,35
SKU-BBQ-006,2026-08-31,62,gradient_boosting,25.0043,25.0043,25.0043,26.1223,PERSISTED_CHAMPION_MODEL,BACKTEST_RESIDUAL_QUANTILES,RECURSIVE_FUTURE_FEATURES_USED,False,,1.0,0,8,36
SKU-BBQ-006,2026-09-01,63,gradient_boosting,25.004,25.004,25.004,26.122,PERSISTED_CHAMPION_MODEL,BACKTEST_RESIDUAL_QUANTILES,RECURSIVE_FUTURE_FEATURES_USED,False,,1.0,1,9,36
SKU-BBQ-006,2026-09-02,64,gradient_boosting,25.0058,25.0058,25.0058,26.1238,PERSISTED_CHAMPION_MODEL,BACKTEST_RESIDUAL_QUANTILES,RECURSIVE_FUTURE_FEATURES_USED,False,,1.0,2,9,36
SKU-BBQ-006,2026-09-03,65,gradient_boosting,25.0058,25.0058,25.0058,26.1238,PERSISTED_CHAMPION_MODEL,BACKTEST_RESIDUAL_QUANTILES,RECURSIVE_FUTURE_FEATURES_USED,False,,1.0,3,9,36
SKU-BBQ-006,2026-09-04,66,gradient_boosting,25.0058,25.0058,25.0058,26.1238,PERSISTED_CHAMPION_MODEL,BACKTEST_RESIDUAL_QUANTILES,RECURSIVE_FUTURE_FEATURES_USED,False,,1.0,4,9,36
SKU-BBQ-006,2026-09-05,67,gradient_boosting,25.0058,25.0058,25.0058,26.1238,PERSISTED_CHAMPION_MODEL,BACKTEST_RESIDUAL_QUANTILES,RECURSIVE_FUTURE_FEATURES_USED,False,,1.0,5,9,36
SKU-BBQ-006,2026-09-06,68,gradient_boosting,25.0058,25.0058,25.0058,26.1238,PERSISTED_CHAMPION_MODEL,BACKTEST_RESIDUAL_QUANTILES,RECURSIVE_FUTURE_FEATURES_USED,False,,1.0,6,9,36
SKU-BBQ-006,2026-09-07,69,gradient_boosting,25.0043,25.0043,25.0043,26.1223,PERSISTED_CHAMPION_MODEL,BACKTEST_RESIDUAL_QUANTILES,RECURSIVE_FUTURE_FEATURES_USED,False,,1.0,0,9,37
SKU-BBQ-006,2026-09-08,70,gradient_boosting,25.004,25.004,25.004,26.122,PERSISTED_CHAMPION_MODEL,BACKTEST_RESIDUAL_QUANTILES,RECURSIVE_FUTURE_FEATURES_USED,False,,1.0,1,9,37
SKU-BBQ-006,2026-09-09,71,gradient_boosting,25.0058,25.0058,25.0058,26.1238,PERSISTED_CHAMPION_MODEL,BACKTEST_RESIDUAL_QUANTILES,RECURSIVE_FUTURE_FEATURES_USED,False,,1.0,2,9,37
SKU-BBQ-006,2026-09-10,72,gradient_boosting,25.0058,25.0058,25.0058,26.1238,PERSISTED_CHAMPION_MODEL,BACKTEST_RESIDUAL_QUANTILES,RECURSIVE_FUTURE_FEATURES_USED,False,,1.0,3,9,37
SKU-BBQ-006,2026-09-11,73,gradient_boosting,25.0058,25.0058,25.0058,26.1238,PERSISTED_CHAMPION_MODEL,BACKTEST_RESIDUAL_QUANTILES,RECURSIVE_FUTURE_FEATURES_USED,False,,1.0,4,9,37
SKU-BBQ-006,2026-09-12,74,gradient_boosting,25.0058,25.0058,25.0058,26.1238,PERSISTED_CHAMPION_MODEL,BACKTEST_RESIDUAL_QUANTILES,RECURSIVE_FUTURE_FEATURES_USED,False,,1.0,5,9,37
SKU-BBQ-006,2026-09-13,75,gradient_boosting,25.0058,25.0058,25.0058,26.1238,PERSISTED_CHAMPION_MODEL,BACKTEST_RESIDUAL_QUANTILES,RECURSIVE_FUTURE_FEATURES_USED,False,,1.0,6,9,37
SKU-BBQ-006,2026-09-14,76,gradient_boosting,25.0043,25.0043,25.0043,26.1223,PERSISTED_CHAMPION_MODEL,BACKTEST_RESIDUAL_QUANTILES,RECURSIVE_FUTURE_FEATURES_USED,False,,1.0,0,9,38
SKU-BBQ-006,2026-09-15,77,gradient_boosting,25.004,25.004,25.004,26.122,PERSISTED_CHAMPION_MODEL,BACKTEST_RESIDUAL_QUANTILES,RECURSIVE_FUTURE_FEATURES_USED,False,,1.0,1,9,38
SKU-BBQ-006,2026-09-16,78,gradient_boosting,25.0058,25.0058,25.0058,26.1238,PERSISTED_CHAMPION_MODEL,BACKTEST_RESIDUAL_QUANTILES,RECURSIVE_FUTURE_FEATURES_USED,False,,1.0,2,9,38
SKU-BBQ-006,2026-09-17,79,gradient_boosting,25.0058,25.0058,25.0058,26.1238,PERSISTED_CHAMPION_MODEL,BACKTEST_RESIDUAL_QUANTILES,RECURSIVE_FUTURE_FEATURES_USED,False,,1.0,3,9,38
SKU-BBQ-006,2026-09-18,80,gradient_boosting,25.0058,25.0058,25.0058,26.1238,PERSISTED_CHAMPION_MODEL,BACKTEST_RESIDUAL_QUANTILES,RECURSIVE_FUTURE_FEATURES_USED,False,,1.0,4,9,38
SKU-BBQ-006,2026-09-19,81,gradient_boosting,25.0058,25.0058,25.0058,26.1238,PERSISTED_CHAMPION_MODEL,BACKTEST_RESIDUAL_QUANTILES,RECURSIVE_FUTURE_FEATURES_USED,False,,1.0,5,9,38
SKU-BBQ-006,2026-09-20,82,gradient_boosting,25.0058,25.0058,25.0058,26.1238,PERSISTED_CHAMPION_MODEL,BACKTEST_RESIDUAL_QUANTILES,RECURSIVE_FUTURE_FEATURES_USED,False,,1.0,6,9,38
SKU-BBQ-006,2026-09-21,83,gradient_boosting,25.0043,25.0043,25.0043,26.1223,PERSISTED_CHAMPION_MODEL,BACKTEST_RESIDUAL_QUANTILES,RECURSIVE_FUTURE_FEATURES_USED,False,,1.0,0,9,39
SKU-BBQ-006,2026-09-22,84,gradient_boosting,25.004,25.004,25.004,26.122,PERSISTED_CHAMPION_MODEL,BACKTEST_RESIDUAL_QUANTILES,RECURSIVE_FUTURE_FEATURES_USED,False,,1.0,1,9,39
SKU-BBQ-006,2026-09-23,85,gradient_boosting,25.0058,25.0058,25.0058,26.1238,PERSISTED_CHAMPION_MODEL,BACKTEST_RESIDUAL_QUANTILES,RECURSIVE_FUTURE_FEATURES_USED,False,,1.0,2,9,39
SKU-BBQ-006,2026-09-24,86,gradient_boosting,25.0058,25.0058,25.0058,26.1238,PERSISTED_CHAMPION_MODEL,BACKTEST_RESIDUAL_QUANTILES,RECURSIVE_FUTURE_FEATURES_USED,False,,1.0,3,9,39
SKU-BBQ-006,2026-09-25,87,gradient_boosting,25.0058,25.0058,25.0058,26.1238,PERSISTED_CHAMPION_MODEL,BACKTEST_RESIDUAL_QUANTILES,RECURSIVE_FUTURE_FEATURES_USED,False,,1.0,4,9,39
SKU-BBQ-006,2026-09-26,88,gradient_boosting,25.0058,25.0058,25.0058,26.1238,PERSISTED_CHAMPION_MODEL,BACKTEST_RESIDUAL_QUANTILES,RECURSIVE_FUTURE_FEATURES_USED,False,,1.0,5,9,39
SKU-BBQ-006,2026-09-27,89,gradient_boosting,25.0058,25.0058,25.0058,26.1238,PERSISTED_CHAMPION_MODEL,BACKTEST_RESIDUAL_QUANTILES,RECURSIVE_FUTURE_FEATURES_USED,False,,1.0,6,9,39
SKU-BBQ-006,2026-09-28,90,gradient_boosting,25.0043,25.0043,25.0043,26.1223,PERSISTED_CHAMPION_MODEL,BACKTEST_RESIDUAL_QUANTILES,RECURSIVE_FUTURE_FEATURES_USED,False,,1.0,0,9,40
SKU-CHC-005,2026-07-01,1,gradient_boosting,19.0004,19.0003,19.0004,19.0852,PERSISTED_CHAMPION_MODEL,BACKTEST_RESIDUAL_QUANTILES,RECURSIVE_FUTURE_FEATURES_USED,False,,1.0,2,7,27
SKU-CHC-005,2026-07-02,2,gradient_boosting,19.0004,19.0003,19.0004,19.0852,PERSISTED_CHAMPION_MODEL,BACKTEST_RESIDUAL_QUANTILES,RECURSIVE_FUTURE_FEATURES_USED,False,,1.0,3,7,27
SKU-CHC-005,2026-07-03,3,gradient_boosting,19.0004,19.0003,19.0004,19.0852,PERSISTED_CHAMPION_MODEL,BACKTEST_RESIDUAL_QUANTILES,RECURSIVE_FUTURE_FEATURES_USED,False,,1.0,4,7,27
SKU-CHC-005,2026-07-04,4,gradient_boosting,19.0004,19.0003,19.0004,19.0852,PERSISTED_CHAMPION_MODEL,BACKTEST_RESIDUAL_QUANTILES,RECURSIVE_FUTURE_FEATURES_USED,False,,1.0,5,7,27
SKU-CHC-005,2026-07-05,5,gradient_boosting,19.0004,19.0003,19.0004,19.0852,PERSISTED_CHAMPION_MODEL,BACKTEST_RESIDUAL_QUANTILES,RECURSIVE_FUTURE_FEATURES_USED,False,,1.0,6,7,27
SKU-CHC-005,2026-07-06,6,gradient_boosting,19.0004,19.0003,19.0004,19.0852,PERSISTED_CHAMPION_MODEL,BACKTEST_RESIDUAL_QUANTILES,RECURSIVE_FUTURE_FEATURES_USED,False,,1.0,0,7,28
SKU-CHC-005,2026-07-07,7,gradient_boosting,19.0004,19.0003,19.0004,19.0852,PERSISTED_CHAMPION_MODEL,BACKTEST_RESIDUAL_QUANTILES,RECURSIVE_FUTURE_FEATURES_USED,False,,1.0,1,7,28
SKU-CHC-005,2026-07-08,8,gradient_boosting,19.0004,19.0003,19.0004,19.0852,PERSISTED_CHAMPION_MODEL,BACKTEST_RESIDUAL_QUANTILES,RECURSIVE_FUTURE_FEATURES_USED,False,,1.0,2,7,28
SKU-CHC-005,2026-07-09,9,gradient_boosting,19.0004,19.0003,19.0004,19.0852,PERSISTED_CHAMPION_MODEL,BACKTEST_RESIDUAL_QUANTILES,RECURSIVE_FUTURE_FEATURES_USED,False,,1.0,3,7,28
SKU-CHC-005,2026-07-10,10,gradient_boosting,19.0004,19.0003,19.0004,19.0852,PERSISTED_CHAMPION_MODEL,BACKTEST_RESIDUAL_QUANTILES,RECURSIVE_FUTURE_FEATURES_USED,False,,1.0,4,7,28
SKU-CHC-005,2026-07-11,11,gradient_boosting,19.0004,19.0003,19.0004,19.0852,PERSISTED_CHAMPION_MODEL,BACKTEST_RESIDUAL_QUANTILES,RECURSIVE_FUTURE_FEATURES_USED,False,,1.0,5,7,28
SKU-CHC-005,2026-07-12,12,gradient_boosting,19.0004,19.0003,19.0004,19.0852,PERSISTED_CHAMPION_MODEL,BACKTEST_RESIDUAL_QUANTILES,RECURSIVE_FUTURE_FEATURES_USED,False,,1.0,6,7,28
SKU-CHC-005,2026-07-13,13,gradient_boosting,19.0004,19.0003,19.0004,19.0852,PERSISTED_CHAMPION_MODEL,BACKTEST_RESIDUAL_QUANTILES,RECURSIVE_FUTURE_FEATURES_USED,False,,1.0,0,7,29
SKU-CHC-005,2026-07-14,14,gradient_boosting,19.0004,19.0003,19.0004,19.0852,PERSISTED_CHAMPION_MODEL,BACKTEST_RESIDUAL_QUANTILES,RECURSIVE_FUTURE_FEATURES_USED,False,,1.0,1,7,29
SKU-CHC-005,2026-07-15,15,gradient_boosting,19.0004,19.0003,19.0004,19.0852,PERSISTED_CHAMPION_MODEL,BACKTEST_RESIDUAL_QUANTILES,RECURSIVE_FUTURE_FEATURES_USED,False,,1.0,2,7,29
SKU-CHC-005,2026-07-16,16,gradient_boosting,19.0004,19.0003,19.0004,19.0852,PERSISTED_CHAMPION_MODEL,BACKTEST_RESIDUAL_QUANTILES,RECURSIVE_FUTURE_FEATURES_USED,False,,1.0,3,7,29
SKU-CHC-005,2026-07-17,17,gradient_boosting,19.0004,19.0003,19.0004,19.0852,PERSISTED_CHAMPION_MODEL,BACKTEST_RESIDUAL_QUANTILES,RECURSIVE_FUTURE_FEATURES_USED,False,,1.0,4,7,29
SKU-CHC-005,2026-07-18,18,gradient_boosting,19.0004,19.0003,19.0004,19.0852,PERSISTED_CHAMPION_MODEL,BACKTEST_RESIDUAL_QUANTILES,RECURSIVE_FUTURE_FEATURES_USED,False,,1.0,5,7,29
SKU-CHC-005,2026-07-19,19,gradient_boosting,19.0004,19.0003,19.0004,19.0852,PERSISTED_CHAMPION_MODEL,BACKTEST_RESIDUAL_QUANTILES,RECURSIVE_FUTURE_FEATURES_USED,False,,1.0,6,7,29
SKU-CHC-005,2026-07-20,20,gradient_boosting,19.0004,19.0003,19.0004,19.0852,PERSISTED_CHAMPION_MODEL,BACKTEST_RESIDUAL_QUANTILES,RECURSIVE_FUTURE_FEATURES_USED,False,,1.0,0,7,30
SKU-CHC-005,2026-07-21,21,gradient_boosting,19.0004,19.0003,19.0004,19.0852,PERSISTED_CHAMPION_MODEL,BACKTEST_RESIDUAL_QUANTILES,RECURSIVE_FUTURE_FEATURES_USED,False,,1.0,1,7,30
SKU-CHC-005,2026-07-22,22,gradient_boosting,19.0004,19.0003,19.0004,19.0852,PERSISTED_CHAMPION_MODEL,BACKTEST_RESIDUAL_QUANTILES,RECURSIVE_FUTURE_FEATURES_USED,False,,1.0,2,7,30
SKU-CHC-005,2026-07-23,23,gradient_boosting,19.0004,19.0003,19.0004,19.0852,PERSISTED_CHAMPION_MODEL,BACKTEST_RESIDUAL_QUANTILES,RECURSIVE_FUTURE_FEATURES_USED,False,,1.0,3,7,30
SKU-CHC-005,2026-07-24,24,gradient_boosting,19.0004,19.0003,19.0004,19.0852,PERSISTED_CHAMPION_MODEL,BACKTEST_RESIDUAL_QUANTILES,RECURSIVE_FUTURE_FEATURES_USED,False,,1.0,4,7,30
SKU-CHC-005,2026-07-25,25,gradient_boosting,19.0004,19.0003,19.0004,19.0852,PERSISTED_CHAMPION_MODEL,BACKTEST_RESIDUAL_QUANTILES,RECURSIVE_FUTURE_FEATURES_USED,False,,1.0,5,7,30
SKU-CHC-005,2026-07-26,26,gradient_boosting,19.0004,19.0003,19.0004,19.0852,PERSISTED_CHAMPION_MODEL,BACKTEST_RESIDUAL_QUANTILES,RECURSIVE_FUTURE_FEATURES_USED,False,,1.0,6,7,30
SKU-CHC-005,2026-07-27,27,gradient_boosting,19.0004,19.0003,19.0004,19.0852,PERSISTED_CHAMPION_MODEL,BACKTEST_RESIDUAL_QUANTILES,RECURSIVE_FUTURE_FEATURES_USED,False,,1.0,0,7,31
SKU-CHC-005,2026-07-28,28,gradient_boosting,19.0004,19.0003,19.0004,19.0852,PERSISTED_CHAMPION_MODEL,BACKTEST_RESIDUAL_QUANTILES,RECURSIVE_FUTURE_FEATURES_USED,False,,1.0,1,7,31
SKU-CHC-005,2026-07-29,29,gradient_boosting,19.0004,19.0003,19.0004,19.0852,PERSISTED_CHAMPION_MODEL,BACKTEST_RESIDUAL_QUANTILES,RECURSIVE_FUTURE_FEATURES_USED,False,,1.0,2,7,31
SKU-CHC-005,2026-07-30,30,gradient_boosting,19.0004,19.0003,19.0004,19.0852,PERSISTED_CHAMPION_MODEL,BACKTEST_RESIDUAL_QUANTILES,RECURSIVE_FUTURE_FEATURES_USED,False,,1.0,3,7,31
SKU-CHC-005,2026-07-31,31,gradient_boosting,19.0004,19.0003,19.0004,19.0852,PERSISTED_CHAMPION_MODEL,BACKTEST_RESIDUAL_QUANTILES,RECURSIVE_FUTURE_FEATURES_USED,False,,1.0,4,7,31
SKU-CHC-005,2026-08-01,32,gradient_boosting,19.0004,19.0003,19.0004,19.0852,PERSISTED_CHAMPION_MODEL,BACKTEST_RESIDUAL_QUANTILES,RECURSIVE_FUTURE_FEATURES_USED,False,,1.0,5,8,31
SKU-CHC-005,2026-08-02,33,gradient_boosting,19.0004,19.0003,19.0004,19.0852,PERSISTED_CHAMPION_MODEL,BACKTEST_RESIDUAL_QUANTILES,RECURSIVE_FUTURE_FEATURES_USED,False,,1.0,6,8,31
SKU-CHC-005,2026-08-03,34,gradient_boosting,19.0004,19.0003,19.0004,19.0852,PERSISTED_CHAMPION_MODEL,BACKTEST_RESIDUAL_QUANTILES,RECURSIVE_FUTURE_FEATURES_USED,False,,1.0,0,8,32
SKU-CHC-005,2026-08-04,35,gradient_boosting,19.0004,19.0003,19.0004,19.0852,PERSISTED_CHAMPION_MODEL,BACKTEST_RESIDUAL_QUANTILES,RECURSIVE_FUTURE_FEATURES_USED,False,,1.0,1,8,32
SKU-CHC-005,2026-08-05,36,gradient_boosting,19.0004,19.0003,19.0004,19.0852,PERSISTED_CHAMPION_MODEL,BACKTEST_RESIDUAL_QUANTILES,RECURSIVE_FUTURE_FEATURES_USED,False,,1.0,2,8,32
SKU-CHC-005,2026-08-06,37,gradient_boosting,19.0004,19.0003,19.0004,19.0852,PERSISTED_CHAMPION_MODEL,BACKTEST_RESIDUAL_QUANTILES,RECURSIVE_FUTURE_FEATURES_USED,False,,1.0,3,8,32
SKU-CHC-005,2026-08-07,38,gradient_boosting,19.0004,19.0003,19.0004,19.0852,PERSISTED_CHAMPION_MODEL,BACKTEST_RESIDUAL_QUANTILES,RECURSIVE_FUTURE_FEATURES_USED,False,,1.0,4,8,32
SKU-CHC-005,2026-08-08,39,gradient_boosting,19.0004,19.0003,19.0004,19.0852,PERSISTED_CHAMPION_MODEL,BACKTEST_RESIDUAL_QUANTILES,RECURSIVE_FUTURE_FEATURES_USED,False,,1.0,5,8,32
SKU-CHC-005,2026-08-09,40,gradient_boosting,19.0004,19.0003,19.0004,19.0852,PERSISTED_CHAMPION_MODEL,BACKTEST_RESIDUAL_QUANTILES,RECURSIVE_FUTURE_FEATURES_USED,False,,1.0,6,8,32
SKU-CHC-005,2026-08-10,41,gradient_boosting,19.0004,19.0003,19.0004,19.0852,PERSISTED_CHAMPION_MODEL,BACKTEST_RESIDUAL_QUANTILES,RECURSIVE_FUTURE_FEATURES_USED,False,,1.0,0,8,33
SKU-CHC-005,2026-08-11,42,gradient_boosting,19.0004,19.0003,19.0004,19.0852,PERSISTED_CHAMPION_MODEL,BACKTEST_RESIDUAL_QUANTILES,RECURSIVE_FUTURE_FEATURES_USED,False,,1.0,1,8,33
SKU-CHC-005,2026-08-12,43,gradient_boosting,19.0004,19.0003,19.0004,19.0852,PERSISTED_CHAMPION_MODEL,BACKTEST_RESIDUAL_QUANTILES,RECURSIVE_FUTURE_FEATURES_USED,False,,1.0,2,8,33
SKU-CHC-005,2026-08-13,44,gradient_boosting,19.0004,19.0003,19.0004,19.0852,PERSISTED_CHAMPION_MODEL,BACKTEST_RESIDUAL_QUANTILES,RECURSIVE_FUTURE_FEATURES_USED,False,,1.0,3,8,33
SKU-CHC-005,2026-08-14,45,gradient_boosting,19.0004,19.0003,19.0004,19.0852,PERSISTED_CHAMPION_MODEL,BACKTEST_RESIDUAL_QUANTILES,RECURSIVE_FUTURE_FEATURES_USED,False,,1.0,4,8,33
SKU-CHC-005,2026-08-15,46,gradient_boosting,19.0004,19.0003,19.0004,19.0852,PERSISTED_CHAMPION_MODEL,BACKTEST_RESIDUAL_QUANTILES,RECURSIVE_FUTURE_FEATURES_USED,False,,1.0,5,8,33
SKU-CHC-005,2026-08-16,47,gradient_boosting,19.0004,19.0003,19.0004,19.0852,PERSISTED_CHAMPION_MODEL,BACKTEST_RESIDUAL_QUANTILES,RECURSIVE_FUTURE_FEATURES_USED,False,,1.0,6,8,33
SKU-CHC-005,2026-08-17,48,gradient_boosting,19.0004,19.0003,19.0004,19.0852,PERSISTED_CHAMPION_MODEL,BACKTEST_RESIDUAL_QUANTILES,RECURSIVE_FUTURE_FEATURES_USED,False,,1.0,0,8,34
SKU-CHC-005,2026-08-18,49,gradient_boosting,19.0004,19.0003,19.0004,19.0852,PERSISTED_CHAMPION_MODEL,BACKTEST_RESIDUAL_QUANTILES,RECURSIVE_FUTURE_FEATURES_USED,False,,1.0,1,8,34
SKU-CHC-005,2026-08-19,50,gradient_boosting,19.0004,19.0003,19.0004,19.0852,PERSISTED_CHAMPION_MODEL,BACKTEST_RESIDUAL_QUANTILES,RECURSIVE_FUTURE_FEATURES_USED,False,,1.0,2,8,34
SKU-CHC-005,2026-08-20,51,gradient_boosting,19.0004,19.0003,19.0004,19.0852,PERSISTED_CHAMPION_MODEL,BACKTEST_RESIDUAL_QUANTILES,RECURSIVE_FUTURE_FEATURES_USED,False,,1.0,3,8,34
SKU-CHC-005,2026-08-21,52,gradient_boosting,19.0004,19.0003,19.0004,19.0852,PERSISTED_CHAMPION_MODEL,BACKTEST_RESIDUAL_QUANTILES,RECURSIVE_FUTURE_FEATURES_USED,False,,1.0,4,8,34
SKU-CHC-005,2026-08-22,53,gradient_boosting,19.0004,19.0003,19.0004,19.0852,PERSISTED_CHAMPION_MODEL,BACKTEST_RESIDUAL_QUANTILES,RECURSIVE_FUTURE_FEATURES_USED,False,,1.0,5,8,34
SKU-CHC-005,2026-08-23,54,gradient_boosting,19.0004,19.0003,19.0004,19.0852,PERSISTED_CHAMPION_MODEL,BACKTEST_RESIDUAL_QUANTILES,RECURSIVE_FUTURE_FEATURES_USED,False,,1.0,6,8,34
SKU-CHC-005,2026-08-24,55,gradient_boosting,19.0004,19.0003,19.0004,19.0852,PERSISTED_CHAMPION_MODEL,BACKTEST_RESIDUAL_QUANTILES,RECURSIVE_FUTURE_FEATURES_USED,False,,1.0,0,8,35
SKU-CHC-005,2026-08-25,56,gradient_boosting,19.0004,19.0003,19.0004,19.0852,PERSISTED_CHAMPION_MODEL,BACKTEST_RESIDUAL_QUANTILES,RECURSIVE_FUTURE_FEATURES_USED,False,,1.0,1,8,35
SKU-CHC-005,2026-08-26,57,gradient_boosting,19.0004,19.0003,19.0004,19.0852,PERSISTED_CHAMPION_MODEL,BACKTEST_RESIDUAL_QUANTILES,RECURSIVE_FUTURE_FEATURES_USED,False,,1.0,2,8,35
SKU-CHC-005,2026-08-27,58,gradient_boosting,19.0004,19.0003,19.0004,19.0852,PERSISTED_CHAMPION_MODEL,BACKTEST_RESIDUAL_QUANTILES,RECURSIVE_FUTURE_FEATURES_USED,False,,1.0,3,8,35
SKU-CHC-005,2026-08-28,59,gradient_boosting,19.0004,19.0003,19.0004,19.0852,PERSISTED_CHAMPION_MODEL,BACKTEST_RESIDUAL_QUANTILES,RECURSIVE_FUTURE_FEATURES_USED,False,,1.0,4,8,35
SKU-CHC-005,2026-08-29,60,gradient_boosting,19.0004,19.0003,19.0004,19.0852,PERSISTED_CHAMPION_MODEL,BACKTEST_RESIDUAL_QUANTILES,RECURSIVE_FUTURE_FEATURES_USED,False,,1.0,5,8,35
SKU-CHC-005,2026-08-30,61,gradient_boosting,19.0004,19.0003,19.0004,19.0852,PERSISTED_CHAMPION_MODEL,BACKTEST_RESIDUAL_QUANTILES,RECURSIVE_FUTURE_FEATURES_USED,False,,1.0,6,8,35
SKU-CHC-005,2026-08-31,62,gradient_boosting,19.0004,19.0003,19.0004,19.0852,PERSISTED_CHAMPION_MODEL,BACKTEST_RESIDUAL_QUANTILES,RECURSIVE_FUTURE_FEATURES_USED,False,,1.0,0,8,36
SKU-CHC-005,2026-09-01,63,gradient_boosting,19.0004,19.0003,19.0004,19.0852,PERSISTED_CHAMPION_MODEL,BACKTEST_RESIDUAL_QUANTILES,RECURSIVE_FUTURE_FEATURES_USED,False,,1.0,1,9,36
SKU-CHC-005,2026-09-02,64,gradient_boosting,19.0004,19.0003,19.0004,19.0852,PERSISTED_CHAMPION_MODEL,BACKTEST_RESIDUAL_QUANTILES,RECURSIVE_FUTURE_FEATURES_USED,False,,1.0,2,9,36
SKU-CHC-005,2026-09-03,65,gradient_boosting,19.0004,19.0003,19.0004,19.0852,PERSISTED_CHAMPION_MODEL,BACKTEST_RESIDUAL_QUANTILES,RECURSIVE_FUTURE_FEATURES_USED,False,,1.0,3,9,36
SKU-CHC-005,2026-09-04,66,gradient_boosting,19.0004,19.0003,19.0004,19.0852,PERSISTED_CHAMPION_MODEL,BACKTEST_RESIDUAL_QUANTILES,RECURSIVE_FUTURE_FEATURES_USED,False,,1.0,4,9,36
SKU-CHC-005,2026-09-05,67,gradient_boosting,19.0004,19.0003,19.0004,19.0852,PERSISTED_CHAMPION_MODEL,BACKTEST_RESIDUAL_QUANTILES,RECURSIVE_FUTURE_FEATURES_USED,False,,1.0,5,9,36
SKU-CHC-005,2026-09-06,68,gradient_boosting,19.0004,19.0003,19.0004,19.0852,PERSISTED_CHAMPION_MODEL,BACKTEST_RESIDUAL_QUANTILES,RECURSIVE_FUTURE_FEATURES_USED,False,,1.0,6,9,36
SKU-CHC-005,2026-09-07,69,gradient_boosting,19.0004,19.0003,19.0004,19.0852,PERSISTED_CHAMPION_MODEL,BACKTEST_RESIDUAL_QUANTILES,RECURSIVE_FUTURE_FEATURES_USED,False,,1.0,0,9,37
SKU-CHC-005,2026-09-08,70,gradient_boosting,19.0004,19.0003,19.0004,19.0852,PERSISTED_CHAMPION_MODEL,BACKTEST_RESIDUAL_QUANTILES,RECURSIVE_FUTURE_FEATURES_USED,False,,1.0,1,9,37
SKU-CHC-005,2026-09-09,71,gradient_boosting,19.0004,19.0003,19.0004,19.0852,PERSISTED_CHAMPION_MODEL,BACKTEST_RESIDUAL_QUANTILES,RECURSIVE_FUTURE_FEATURES_USED,False,,1.0,2,9,37
SKU-CHC-005,2026-09-10,72,gradient_boosting,19.0004,19.0003,19.0004,19.0852,PERSISTED_CHAMPION_MODEL,BACKTEST_RESIDUAL_QUANTILES,RECURSIVE_FUTURE_FEATURES_USED,False,,1.0,3,9,37
SKU-CHC-005,2026-09-11,73,gradient_boosting,19.0004,19.0003,19.0004,19.0852,PERSISTED_CHAMPION_MODEL,BACKTEST_RESIDUAL_QUANTILES,RECURSIVE_FUTURE_FEATURES_USED,False,,1.0,4,9,37
SKU-CHC-005,2026-09-12,74,gradient_boosting,19.0004,19.0003,19.0004,19.0852,PERSISTED_CHAMPION_MODEL,BACKTEST_RESIDUAL_QUANTILES,RECURSIVE_FUTURE_FEATURES_USED,False,,1.0,5,9,37
SKU-CHC-005,2026-09-13,75,gradient_boosting,19.0004,19.0003,19.0004,19.0852,PERSISTED_CHAMPION_MODEL,BACKTEST_RESIDUAL_QUANTILES,RECURSIVE_FUTURE_FEATURES_USED,False,,1.0,6,9,37
SKU-CHC-005,2026-09-14,76,gradient_boosting,19.0004,19.0003,19.0004,19.0852,PERSISTED_CHAMPION_MODEL,BACKTEST_RESIDUAL_QUANTILES,RECURSIVE_FUTURE_FEATURES_USED,False,,1.0,0,9,38
SKU-CHC-005,2026-09-15,77,gradient_boosting,19.0004,19.0003,19.0004,19.0852,PERSISTED_CHAMPION_MODEL,BACKTEST_RESIDUAL_QUANTILES,RECURSIVE_FUTURE_FEATURES_USED,False,,1.0,1,9,38
SKU-CHC-005,2026-09-16,78,gradient_boosting,19.0004,19.0003,19.0004,19.0852,PERSISTED_CHAMPION_MODEL,BACKTEST_RESIDUAL_QUANTILES,RECURSIVE_FUTURE_FEATURES_USED,False,,1.0,2,9,38
SKU-CHC-005,2026-09-17,79,gradient_boosting,19.0004,19.0003,19.0004,19.0852,PERSISTED_CHAMPION_MODEL,BACKTEST_RESIDUAL_QUANTILES,RECURSIVE_FUTURE_FEATURES_USED,False,,1.0,3,9,38
SKU-CHC-005,2026-09-18,80,gradient_boosting,19.0004,19.0003,19.0004,19.0852,PERSISTED_CHAMPION_MODEL,BACKTEST_RESIDUAL_QUANTILES,RECURSIVE_FUTURE_FEATURES_USED,False,,1.0,4,9,38
SKU-CHC-005,2026-09-19,81,gradient_boosting,19.0004,19.0003,19.0004,19.0852,PERSISTED_CHAMPION_MODEL,BACKTEST_RESIDUAL_QUANTILES,RECURSIVE_FUTURE_FEATURES_USED,False,,1.0,5,9,38
SKU-CHC-005,2026-09-20,82,gradient_boosting,19.0004,19.0003,19.0004,19.0852,PERSISTED_CHAMPION_MODEL,BACKTEST_RESIDUAL_QUANTILES,RECURSIVE_FUTURE_FEATURES_USED,False,,1.0,6,9,38
SKU-CHC-005,2026-09-21,83,gradient_boosting,19.0004,19.0003,19.0004,19.0852,PERSISTED_CHAMPION_MODEL,BACKTEST_RESIDUAL_QUANTILES,RECURSIVE_FUTURE_FEATURES_USED,False,,1.0,0,9,39
SKU-CHC-005,2026-09-22,84,gradient_boosting,19.0004,19.0003,19.0004,19.0852,PERSISTED_CHAMPION_MODEL,BACKTEST_RESIDUAL_QUANTILES,RECURSIVE_FUTURE_FEATURES_USED,False,,1.0,1,9,39
SKU-CHC-005,2026-09-23,85,gradient_boosting,19.0004,19.0003,19.0004,19.0852,PERSISTED_CHAMPION_MODEL,BACKTEST_RESIDUAL_QUANTILES,RECURSIVE_FUTURE_FEATURES_USED,False,,1.0,2,9,39
SKU-CHC-005,2026-09-24,86,gradient_boosting,19.0004,19.0003,19.0004,19.0852,PERSISTED_CHAMPION_MODEL,BACKTEST_RESIDUAL_QUANTILES,RECURSIVE_FUTURE_FEATURES_USED,False,,1.0,3,9,39
SKU-CHC-005,2026-09-25,87,gradient_boosting,19.0004,19.0003,19.0004,19.0852,PERSISTED_CHAMPION_MODEL,BACKTEST_RESIDUAL_QUANTILES,RECURSIVE_FUTURE_FEATURES_USED,False,,1.0,4,9,39
SKU-CHC-005,2026-09-26,88,gradient_boosting,19.0004,19.0003,19.0004,19.0852,PERSISTED_CHAMPION_MODEL,BACKTEST_RESIDUAL_QUANTILES,RECURSIVE_FUTURE_FEATURES_USED,False,,1.0,5,9,39
SKU-CHC-005,2026-09-27,89,gradient_boosting,19.0004,19.0003,19.0004,19.0852,PERSISTED_CHAMPION_MODEL,BACKTEST_RESIDUAL_QUANTILES,RECURSIVE_FUTURE_FEATURES_USED,False,,1.0,6,9,39
SKU-CHC-005,2026-09-28,90,gradient_boosting,19.0004,19.0003,19.0004,19.0852,PERSISTED_CHAMPION_MODEL,BACKTEST_RESIDUAL_QUANTILES,RECURSIVE_FUTURE_FEATURES_USED,False,,1.0,0,9,40
SKU-COF-001,2026-07-01,1,gradient_boosting,40.9776,39.9785,40.9776,40.9819,PERSISTED_CHAMPION_MODEL,BACKTEST_RESIDUAL_QUANTILES,RECURSIVE_FUTURE_FEATURES_USED,False,,1.0,2,7,27
SKU-COF-001,2026-07-02,2,gradient_boosting,40.9742,39.9752,40.9742,40.9786,PERSISTED_CHAMPION_MODEL,BACKTEST_RESIDUAL_QUANTILES,RECURSIVE_FUTURE_FEATURES_USED,False,,1.0,3,7,27
SKU-COF-001,2026-07-03,3,gradient_boosting,42.9956,41.9965,42.9956,42.9999,PERSISTED_CHAMPION_MODEL,BACKTEST_RESIDUAL_QUANTILES,RECURSIVE_FUTURE_FEATURES_USED,False,,1.0,4,7,27
SKU-COF-001,2026-07-04,4,gradient_boosting,42.9979,41.9989,42.9979,43.0023,PERSISTED_CHAMPION_MODEL,BACKTEST_RESIDUAL_QUANTILES,RECURSIVE_FUTURE_FEATURES_USED,False,,1.0,5,7,27
SKU-COF-001,2026-07-05,5,gradient_boosting,43.0004,42.0014,43.0004,43.0048,PERSISTED_CHAMPION_MODEL,BACKTEST_RESIDUAL_QUANTILES,RECURSIVE_FUTURE_FEATURES_USED,False,,1.0,6,7,27
SKU-COF-001,2026-07-06,6,gradient_boosting,43.0007,42.0017,43.0007,43.0051,PERSISTED_CHAMPION_MODEL,BACKTEST_RESIDUAL_QUANTILES,RECURSIVE_FUTURE_FEATURES_USED,False,,1.0,0,7,28
SKU-COF-001,2026-07-07,7,gradient_boosting,43.0007,42.0017,43.0007,43.0051,PERSISTED_CHAMPION_MODEL,BACKTEST_RESIDUAL_QUANTILES,RECURSIVE_FUTURE_FEATURES_USED,False,,1.0,1,7,28
SKU-COF-001,2026-07-08,8,gradient_boosting,43.0004,42.0014,43.0004,43.0048,PERSISTED_CHAMPION_MODEL,BACKTEST_RESIDUAL_QUANTILES,RECURSIVE_FUTURE_FEATURES_USED,False,,1.0,2,7,28
SKU-COF-001,2026-07-09,9,gradient_boosting,40.9748,39.9758,40.9748,40.9792,PERSISTED_CHAMPION_MODEL,BACKTEST_RESIDUAL_QUANTILES,RECURSIVE_FUTURE_FEATURES_USED,False,,1.0,3,7,28
SKU-COF-001,2026-07-10,10,gradient_boosting,43.0007,42.0017,43.0007,43.0051,PERSISTED_CHAMPION_MODEL,BACKTEST_RESIDUAL_QUANTILES,RECURSIVE_FUTURE_FEATURES_USED,False,,1.0,4,7,28
SKU-COF-001,2026-07-11,11,gradient_boosting,43.0007,42.0017,43.0007,43.0051,PERSISTED_CHAMPION_MODEL,BACKTEST_RESIDUAL_QUANTILES,RECURSIVE_FUTURE_FEATURES_USED,False,,1.0,5,7,28
SKU-COF-001,2026-07-12,12,gradient_boosting,43.0007,42.0017,43.0007,43.0051,PERSISTED_CHAMPION_MODEL,BACKTEST_RESIDUAL_QUANTILES,RECURSIVE_FUTURE_FEATURES_USED,False,,1.0,6,7,28
SKU-COF-001,2026-07-13,13,gradient_boosting,43.0007,42.0017,43.0007,43.0051,PERSISTED_CHAMPION_MODEL,BACKTEST_RESIDUAL_QUANTILES,RECURSIVE_FUTURE_FEATURES_USED,False,,1.0,0,7,29
SKU-COF-001,2026-07-14,14,gradient_boosting,43.0007,42.0017,43.0007,43.0051,PERSISTED_CHAMPION_MODEL,BACKTEST_RESIDUAL_QUANTILES,RECURSIVE_FUTURE_FEATURES_USED,False,,1.0,1,7,29
SKU-COF-001,2026-07-15,15,gradient_boosting,43.0007,42.0017,43.0007,43.0051,PERSISTED_CHAMPION_MODEL,BACKTEST_RESIDUAL_QUANTILES,RECURSIVE_FUTURE_FEATURES_USED,False,,1.0,2,7,29
SKU-COF-001,2026-07-16,16,gradient_boosting,43.0004,42.0014,43.0004,43.0048,PERSISTED_CHAMPION_MODEL,BACKTEST_RESIDUAL_QUANTILES,RECURSIVE_FUTURE_FEATURES_USED,False,,1.0,3,7,29
SKU-COF-001,2026-07-17,17,gradient_boosting,43.0007,42.0017,43.0007,43.0051,PERSISTED_CHAMPION_MODEL,BACKTEST_RESIDUAL_QUANTILES,RECURSIVE_FUTURE_FEATURES_USED,False,,1.0,4,7,29
SKU-COF-001,2026-07-18,18,gradient_boosting,43.0007,42.0017,43.0007,43.0051,PERSISTED_CHAMPION_MODEL,BACKTEST_RESIDUAL_QUANTILES,RECURSIVE_FUTURE_FEATURES_USED,False,,1.0,5,7,29
SKU-COF-001,2026-07-19,19,gradient_boosting,43.0007,42.0017,43.0007,43.0051,PERSISTED_CHAMPION_MODEL,BACKTEST_RESIDUAL_QUANTILES,RECURSIVE_FUTURE_FEATURES_USED,False,,1.0,6,7,29
SKU-COF-001,2026-07-20,20,gradient_boosting,43.0007,42.0017,43.0007,43.0051,PERSISTED_CHAMPION_MODEL,BACKTEST_RESIDUAL_QUANTILES,RECURSIVE_FUTURE_FEATURES_USED,False,,1.0,0,7,30
SKU-COF-001,2026-07-21,21,gradient_boosting,43.0007,42.0017,43.0007,43.0051,PERSISTED_CHAMPION_MODEL,BACKTEST_RESIDUAL_QUANTILES,RECURSIVE_FUTURE_FEATURES_USED,False,,1.0,1,7,30
SKU-COF-001,2026-07-22,22,gradient_boosting,43.0007,42.0017,43.0007,43.0051,PERSISTED_CHAMPION_MODEL,BACKTEST_RESIDUAL_QUANTILES,RECURSIVE_FUTURE_FEATURES_USED,False,,1.0,2,7,30
SKU-COF-001,2026-07-23,23,gradient_boosting,43.0007,42.0017,43.0007,43.0051,PERSISTED_CHAMPION_MODEL,BACKTEST_RESIDUAL_QUANTILES,RECURSIVE_FUTURE_FEATURES_USED,False,,1.0,3,7,30
SKU-COF-001,2026-07-24,24,gradient_boosting,43.0007,42.0017,43.0007,43.0051,PERSISTED_CHAMPION_MODEL,BACKTEST_RESIDUAL_QUANTILES,RECURSIVE_FUTURE_FEATURES_USED,False,,1.0,4,7,30
SKU-COF-001,2026-07-25,25,gradient_boosting,43.0007,42.0017,43.0007,43.0051,PERSISTED_CHAMPION_MODEL,BACKTEST_RESIDUAL_QUANTILES,RECURSIVE_FUTURE_FEATURES_USED,False,,1.0,5,7,30
SKU-COF-001,2026-07-26,26,gradient_boosting,43.0007,42.0017,43.0007,43.0051,PERSISTED_CHAMPION_MODEL,BACKTEST_RESIDUAL_QUANTILES,RECURSIVE_FUTURE_FEATURES_USED,False,,1.0,6,7,30
SKU-COF-001,2026-07-27,27,gradient_boosting,43.0007,42.0017,43.0007,43.0051,PERSISTED_CHAMPION_MODEL,BACKTEST_RESIDUAL_QUANTILES,RECURSIVE_FUTURE_FEATURES_USED,False,,1.0,0,7,31
SKU-COF-001,2026-07-28,28,gradient_boosting,43.0007,42.0017,43.0007,43.0051,PERSISTED_CHAMPION_MODEL,BACKTEST_RESIDUAL_QUANTILES,RECURSIVE_FUTURE_FEATURES_USED,False,,1.0,1,7,31
SKU-COF-001,2026-07-29,29,gradient_boosting,43.0007,42.0017,43.0007,43.0051,PERSISTED_CHAMPION_MODEL,BACKTEST_RESIDUAL_QUANTILES,RECURSIVE_FUTURE_FEATURES_USED,False,,1.0,2,7,31
SKU-COF-001,2026-07-30,30,gradient_boosting,43.0007,42.0017,43.0007,43.0051,PERSISTED_CHAMPION_MODEL,BACKTEST_RESIDUAL_QUANTILES,RECURSIVE_FUTURE_FEATURES_USED,False,,1.0,3,7,31
SKU-COF-001,2026-07-31,31,gradient_boosting,43.0007,42.0017,43.0007,43.0051,PERSISTED_CHAMPION_MODEL,BACKTEST_RESIDUAL_QUANTILES,RECURSIVE_FUTURE_FEATURES_USED,False,,1.0,4,7,31
SKU-COF-001,2026-08-01,32,gradient_boosting,43.0032,42.0041,43.0032,43.0075,PERSISTED_CHAMPION_MODEL,BACKTEST_RESIDUAL_QUANTILES,RECURSIVE_FUTURE_FEATURES_USED,False,,1.0,5,8,31
SKU-COF-001,2026-08-02,33,gradient_boosting,43.0007,42.0017,43.0007,43.0051,PERSISTED_CHAMPION_MODEL,BACKTEST_RESIDUAL_QUANTILES,RECURSIVE_FUTURE_FEATURES_USED,False,,1.0,6,8,31
SKU-COF-001,2026-08-03,34,gradient_boosting,43.0007,42.0017,43.0007,43.0051,PERSISTED_CHAMPION_MODEL,BACKTEST_RESIDUAL_QUANTILES,RECURSIVE_FUTURE_FEATURES_USED,False,,1.0,0,8,32
SKU-COF-001,2026-08-04,35,gradient_boosting,43.0007,42.0017,43.0007,43.0051,PERSISTED_CHAMPION_MODEL,BACKTEST_RESIDUAL_QUANTILES,RECURSIVE_FUTURE_FEATURES_USED,False,,1.0,1,8,32
SKU-COF-001,2026-08-05,36,gradient_boosting,43.0007,42.0017,43.0007,43.0051,PERSISTED_CHAMPION_MODEL,BACKTEST_RESIDUAL_QUANTILES,RECURSIVE_FUTURE_FEATURES_USED,False,,1.0,2,8,32
SKU-COF-001,2026-08-06,37,gradient_boosting,43.0007,42.0017,43.0007,43.0051,PERSISTED_CHAMPION_MODEL,BACKTEST_RESIDUAL_QUANTILES,RECURSIVE_FUTURE_FEATURES_USED,False,,1.0,3,8,32
SKU-COF-001,2026-08-07,38,gradient_boosting,43.0007,42.0017,43.0007,43.0051,PERSISTED_CHAMPION_MODEL,BACKTEST_RESIDUAL_QUANTILES,RECURSIVE_FUTURE_FEATURES_USED,False,,1.0,4,8,32
SKU-COF-001,2026-08-08,39,gradient_boosting,43.0007,42.0017,43.0007,43.0051,PERSISTED_CHAMPION_MODEL,BACKTEST_RESIDUAL_QUANTILES,RECURSIVE_FUTURE_FEATURES_USED,False,,1.0,5,8,32
SKU-COF-001,2026-08-09,40,gradient_boosting,43.0007,42.0017,43.0007,43.0051,PERSISTED_CHAMPION_MODEL,BACKTEST_RESIDUAL_QUANTILES,RECURSIVE_FUTURE_FEATURES_USED,False,,1.0,6,8,32
SKU-COF-001,2026-08-10,41,gradient_boosting,43.0007,42.0017,43.0007,43.0051,PERSISTED_CHAMPION_MODEL,BACKTEST_RESIDUAL_QUANTILES,RECURSIVE_FUTURE_FEATURES_USED,False,,1.0,0,8,33
SKU-COF-001,2026-08-11,42,gradient_boosting,43.0007,42.0017,43.0007,43.0051,PERSISTED_CHAMPION_MODEL,BACKTEST_RESIDUAL_QUANTILES,RECURSIVE_FUTURE_FEATURES_USED,False,,1.0,1,8,33
SKU-COF-001,2026-08-12,43,gradient_boosting,43.0007,42.0017,43.0007,43.0051,PERSISTED_CHAMPION_MODEL,BACKTEST_RESIDUAL_QUANTILES,RECURSIVE_FUTURE_FEATURES_USED,False,,1.0,2,8,33
SKU-COF-001,2026-08-13,44,gradient_boosting,43.0007,42.0017,43.0007,43.0051,PERSISTED_CHAMPION_MODEL,BACKTEST_RESIDUAL_QUANTILES,RECURSIVE_FUTURE_FEATURES_USED,False,,1.0,3,8,33
SKU-COF-001,2026-08-14,45,gradient_boosting,43.0007,42.0017,43.0007,43.0051,PERSISTED_CHAMPION_MODEL,BACKTEST_RESIDUAL_QUANTILES,RECURSIVE_FUTURE_FEATURES_USED,False,,1.0,4,8,33
SKU-COF-001,2026-08-15,46,gradient_boosting,43.0007,42.0017,43.0007,43.0051,PERSISTED_CHAMPION_MODEL,BACKTEST_RESIDUAL_QUANTILES,RECURSIVE_FUTURE_FEATURES_USED,False,,1.0,5,8,33
SKU-COF-001,2026-08-16,47,gradient_boosting,43.0007,42.0017,43.0007,43.0051,PERSISTED_CHAMPION_MODEL,BACKTEST_RESIDUAL_QUANTILES,RECURSIVE_FUTURE_FEATURES_USED,False,,1.0,6,8,33
SKU-COF-001,2026-08-17,48,gradient_boosting,43.0007,42.0017,43.0007,43.0051,PERSISTED_CHAMPION_MODEL,BACKTEST_RESIDUAL_QUANTILES,RECURSIVE_FUTURE_FEATURES_USED,False,,1.0,0,8,34
SKU-COF-001,2026-08-18,49,gradient_boosting,43.0007,42.0017,43.0007,43.0051,PERSISTED_CHAMPION_MODEL,BACKTEST_RESIDUAL_QUANTILES,RECURSIVE_FUTURE_FEATURES_USED,False,,1.0,1,8,34
SKU-COF-001,2026-08-19,50,gradient_boosting,43.0007,42.0017,43.0007,43.0051,PERSISTED_CHAMPION_MODEL,BACKTEST_RESIDUAL_QUANTILES,RECURSIVE_FUTURE_FEATURES_USED,False,,1.0,2,8,34
SKU-COF-001,2026-08-20,51,gradient_boosting,43.0007,42.0017,43.0007,43.0051,PERSISTED_CHAMPION_MODEL,BACKTEST_RESIDUAL_QUANTILES,RECURSIVE_FUTURE_FEATURES_USED,False,,1.0,3,8,34
SKU-COF-001,2026-08-21,52,gradient_boosting,43.0007,42.0017,43.0007,43.0051,PERSISTED_CHAMPION_MODEL,BACKTEST_RESIDUAL_QUANTILES,RECURSIVE_FUTURE_FEATURES_USED,False,,1.0,4,8,34
SKU-COF-001,2026-08-22,53,gradient_boosting,43.0007,42.0017,43.0007,43.0051,PERSISTED_CHAMPION_MODEL,BACKTEST_RESIDUAL_QUANTILES,RECURSIVE_FUTURE_FEATURES_USED,False,,1.0,5,8,34
SKU-COF-001,2026-08-23,54,gradient_boosting,43.0007,42.0017,43.0007,43.0051,PERSISTED_CHAMPION_MODEL,BACKTEST_RESIDUAL_QUANTILES,RECURSIVE_FUTURE_FEATURES_USED,False,,1.0,6,8,34
SKU-COF-001,2026-08-24,55,gradient_boosting,43.0007,42.0017,43.0007,43.0051,PERSISTED_CHAMPION_MODEL,BACKTEST_RESIDUAL_QUANTILES,RECURSIVE_FUTURE_FEATURES_USED,False,,1.0,0,8,35
SKU-COF-001,2026-08-25,56,gradient_boosting,43.0007,42.0017,43.0007,43.0051,PERSISTED_CHAMPION_MODEL,BACKTEST_RESIDUAL_QUANTILES,RECURSIVE_FUTURE_FEATURES_USED,False,,1.0,1,8,35
SKU-COF-001,2026-08-26,57,gradient_boosting,43.0007,42.0017,43.0007,43.0051,PERSISTED_CHAMPION_MODEL,BACKTEST_RESIDUAL_QUANTILES,RECURSIVE_FUTURE_FEATURES_USED,False,,1.0,2,8,35
SKU-COF-001,2026-08-27,58,gradient_boosting,43.0007,42.0017,43.0007,43.0051,PERSISTED_CHAMPION_MODEL,BACKTEST_RESIDUAL_QUANTILES,RECURSIVE_FUTURE_FEATURES_USED,False,,1.0,3,8,35
SKU-COF-001,2026-08-28,59,gradient_boosting,43.0007,42.0017,43.0007,43.0051,PERSISTED_CHAMPION_MODEL,BACKTEST_RESIDUAL_QUANTILES,RECURSIVE_FUTURE_FEATURES_USED,False,,1.0,4,8,35
SKU-COF-001,2026-08-29,60,gradient_boosting,43.0007,42.0017,43.0007,43.0051,PERSISTED_CHAMPION_MODEL,BACKTEST_RESIDUAL_QUANTILES,RECURSIVE_FUTURE_FEATURES_USED,False,,1.0,5,8,35
SKU-COF-001,2026-08-30,61,gradient_boosting,43.0007,42.0017,43.0007,43.0051,PERSISTED_CHAMPION_MODEL,BACKTEST_RESIDUAL_QUANTILES,RECURSIVE_FUTURE_FEATURES_USED,False,,1.0,6,8,35
SKU-COF-001,2026-08-31,62,gradient_boosting,43.0007,42.0017,43.0007,43.0051,PERSISTED_CHAMPION_MODEL,BACKTEST_RESIDUAL_QUANTILES,RECURSIVE_FUTURE_FEATURES_USED,False,,1.0,0,8,36
SKU-COF-001,2026-09-01,63,gradient_boosting,43.0032,42.0041,43.0032,43.0075,PERSISTED_CHAMPION_MODEL,BACKTEST_RESIDUAL_QUANTILES,RECURSIVE_FUTURE_FEATURES_USED,False,,1.0,1,9,36
SKU-COF-001,2026-09-02,64,gradient_boosting,43.0007,42.0017,43.0007,43.0051,PERSISTED_CHAMPION_MODEL,BACKTEST_RESIDUAL_QUANTILES,RECURSIVE_FUTURE_FEATURES_USED,False,,1.0,2,9,36
SKU-COF-001,2026-09-03,65,gradient_boosting,43.0007,42.0017,43.0007,43.0051,PERSISTED_CHAMPION_MODEL,BACKTEST_RESIDUAL_QUANTILES,RECURSIVE_FUTURE_FEATURES_USED,False,,1.0,3,9,36
SKU-COF-001,2026-09-04,66,gradient_boosting,43.0007,42.0017,43.0007,43.0051,PERSISTED_CHAMPION_MODEL,BACKTEST_RESIDUAL_QUANTILES,RECURSIVE_FUTURE_FEATURES_USED,False,,1.0,4,9,36
SKU-COF-001,2026-09-05,67,gradient_boosting,43.0007,42.0017,43.0007,43.0051,PERSISTED_CHAMPION_MODEL,BACKTEST_RESIDUAL_QUANTILES,RECURSIVE_FUTURE_FEATURES_USED,False,,1.0,5,9,36
SKU-COF-001,2026-09-06,68,gradient_boosting,43.0007,42.0017,43.0007,43.0051,PERSISTED_CHAMPION_MODEL,BACKTEST_RESIDUAL_QUANTILES,RECURSIVE_FUTURE_FEATURES_USED,False,,1.0,6,9,36
SKU-COF-001,2026-09-07,69,gradient_boosting,43.0007,42.0017,43.0007,43.0051,PERSISTED_CHAMPION_MODEL,BACKTEST_RESIDUAL_QUANTILES,RECURSIVE_FUTURE_FEATURES_USED,False,,1.0,0,9,37
SKU-COF-001,2026-09-08,70,gradient_boosting,43.0007,42.0017,43.0007,43.0051,PERSISTED_CHAMPION_MODEL,BACKTEST_RESIDUAL_QUANTILES,RECURSIVE_FUTURE_FEATURES_USED,False,,1.0,1,9,37
SKU-COF-001,2026-09-09,71,gradient_boosting,43.0007,42.0017,43.0007,43.0051,PERSISTED_CHAMPION_MODEL,BACKTEST_RESIDUAL_QUANTILES,RECURSIVE_FUTURE_FEATURES_USED,False,,1.0,2,9,37
SKU-COF-001,2026-09-10,72,gradient_boosting,43.0007,42.0017,43.0007,43.0051,PERSISTED_CHAMPION_MODEL,BACKTEST_RESIDUAL_QUANTILES,RECURSIVE_FUTURE_FEATURES_USED,False,,1.0,3,9,37
SKU-COF-001,2026-09-11,73,gradient_boosting,43.0007,42.0017,43.0007,43.0051,PERSISTED_CHAMPION_MODEL,BACKTEST_RESIDUAL_QUANTILES,RECURSIVE_FUTURE_FEATURES_USED,False,,1.0,4,9,37
SKU-COF-001,2026-09-12,74,gradient_boosting,43.0007,42.0017,43.0007,43.0051,PERSISTED_CHAMPION_MODEL,BACKTEST_RESIDUAL_QUANTILES,RECURSIVE_FUTURE_FEATURES_USED,False,,1.0,5,9,37
SKU-COF-001,2026-09-13,75,gradient_boosting,43.0007,42.0017,43.0007,43.0051,PERSISTED_CHAMPION_MODEL,BACKTEST_RESIDUAL_QUANTILES,RECURSIVE_FUTURE_FEATURES_USED,False,,1.0,6,9,37
SKU-COF-001,2026-09-14,76,gradient_boosting,43.0007,42.0017,43.0007,43.0051,PERSISTED_CHAMPION_MODEL,BACKTEST_RESIDUAL_QUANTILES,RECURSIVE_FUTURE_FEATURES_USED,False,,1.0,0,9,38
SKU-COF-001,2026-09-15,77,gradient_boosting,43.0007,42.0017,43.0007,43.0051,PERSISTED_CHAMPION_MODEL,BACKTEST_RESIDUAL_QUANTILES,RECURSIVE_FUTURE_FEATURES_USED,False,,1.0,1,9,38
SKU-COF-001,2026-09-16,78,gradient_boosting,43.0007,42.0017,43.0007,43.0051,PERSISTED_CHAMPION_MODEL,BACKTEST_RESIDUAL_QUANTILES,RECURSIVE_FUTURE_FEATURES_USED,False,,1.0,2,9,38
SKU-COF-001,2026-09-17,79,gradient_boosting,43.0007,42.0017,43.0007,43.0051,PERSISTED_CHAMPION_MODEL,BACKTEST_RESIDUAL_QUANTILES,RECURSIVE_FUTURE_FEATURES_USED,False,,1.0,3,9,38
SKU-COF-001,2026-09-18,80,gradient_boosting,43.0007,42.0017,43.0007,43.0051,PERSISTED_CHAMPION_MODEL,BACKTEST_RESIDUAL_QUANTILES,RECURSIVE_FUTURE_FEATURES_USED,False,,1.0,4,9,38
SKU-COF-001,2026-09-19,81,gradient_boosting,43.0007,42.0017,43.0007,43.0051,PERSISTED_CHAMPION_MODEL,BACKTEST_RESIDUAL_QUANTILES,RECURSIVE_FUTURE_FEATURES_USED,False,,1.0,5,9,38
SKU-COF-001,2026-09-20,82,gradient_boosting,43.0007,42.0017,43.0007,43.0051,PERSISTED_CHAMPION_MODEL,BACKTEST_RESIDUAL_QUANTILES,RECURSIVE_FUTURE_FEATURES_USED,False,,1.0,6,9,38
SKU-COF-001,2026-09-21,83,gradient_boosting,43.0007,42.0017,43.0007,43.0051,PERSISTED_CHAMPION_MODEL,BACKTEST_RESIDUAL_QUANTILES,RECURSIVE_FUTURE_FEATURES_USED,False,,1.0,0,9,39
SKU-COF-001,2026-09-22,84,gradient_boosting,43.0007,42.0017,43.0007,43.0051,PERSISTED_CHAMPION_MODEL,BACKTEST_RESIDUAL_QUANTILES,RECURSIVE_FUTURE_FEATURES_USED,False,,1.0,1,9,39
SKU-COF-001,2026-09-23,85,gradient_boosting,43.0007,42.0017,43.0007,43.0051,PERSISTED_CHAMPION_MODEL,BACKTEST_RESIDUAL_QUANTILES,RECURSIVE_FUTURE_FEATURES_USED,False,,1.0,2,9,39
SKU-COF-001,2026-09-24,86,gradient_boosting,43.0007,42.0017,43.0007,43.0051,PERSISTED_CHAMPION_MODEL,BACKTEST_RESIDUAL_QUANTILES,RECURSIVE_FUTURE_FEATURES_USED,False,,1.0,3,9,39
SKU-COF-001,2026-09-25,87,gradient_boosting,43.0007,42.0017,43.0007,43.0051,PERSISTED_CHAMPION_MODEL,BACKTEST_RESIDUAL_QUANTILES,RECURSIVE_FUTURE_FEATURES_USED,False,,1.0,4,9,39
SKU-COF-001,2026-09-26,88,gradient_boosting,43.0007,42.0017,43.0007,43.0051,PERSISTED_CHAMPION_MODEL,BACKTEST_RESIDUAL_QUANTILES,RECURSIVE_FUTURE_FEATURES_USED,False,,1.0,5,9,39
SKU-COF-001,2026-09-27,89,gradient_boosting,43.0007,42.0017,43.0007,43.0051,PERSISTED_CHAMPION_MODEL,BACKTEST_RESIDUAL_QUANTILES,RECURSIVE_FUTURE_FEATURES_USED,False,,1.0,6,9,39
SKU-COF-001,2026-09-28,90,gradient_boosting,43.0007,42.0017,43.0007,43.0051,PERSISTED_CHAMPION_MODEL,BACKTEST_RESIDUAL_QUANTILES,RECURSIVE_FUTURE_FEATURES_USED,False,,1.0,0,9,40
SKU-FIL-009,2026-07-01,1,gradient_boosting,0.0,0.0,0.0,0.0001,PERSISTED_CHAMPION_MODEL,BACKTEST_RESIDUAL_QUANTILES,RECURSIVE_FUTURE_FEATURES_USED,False,,1.0,2,7,27
SKU-FIL-009,2026-07-02,2,gradient_boosting,0.0,0.0,0.0,0.0001,PERSISTED_CHAMPION_MODEL,BACKTEST_RESIDUAL_QUANTILES,RECURSIVE_FUTURE_FEATURES_USED,False,,1.0,3,7,27
SKU-FIL-009,2026-07-03,3,gradient_boosting,0.0,0.0,0.0,0.0001,PERSISTED_CHAMPION_MODEL,BACKTEST_RESIDUAL_QUANTILES,RECURSIVE_FUTURE_FEATURES_USED,False,,1.0,4,7,27
SKU-FIL-009,2026-07-04,4,gradient_boosting,0.0,0.0,0.0,0.0001,PERSISTED_CHAMPION_MODEL,BACKTEST_RESIDUAL_QUANTILES,RECURSIVE_FUTURE_FEATURES_USED,False,,1.0,5,7,27
SKU-FIL-009,2026-07-05,5,gradient_boosting,0.0,0.0,0.0,0.0001,PERSISTED_CHAMPION_MODEL,BACKTEST_RESIDUAL_QUANTILES,RECURSIVE_FUTURE_FEATURES_USED,False,,1.0,6,7,27
SKU-FIL-009,2026-07-06,6,gradient_boosting,0.0,0.0,0.0,0.0001,PERSISTED_CHAMPION_MODEL,BACKTEST_RESIDUAL_QUANTILES,RECURSIVE_FUTURE_FEATURES_USED,False,,1.0,0,7,28
SKU-FIL-009,2026-07-07,7,gradient_boosting,0.0,0.0,0.0,0.0001,PERSISTED_CHAMPION_MODEL,BACKTEST_RESIDUAL_QUANTILES,RECURSIVE_FUTURE_FEATURES_USED,False,,1.0,1,7,28
SKU-FIL-009,2026-07-08,8,gradient_boosting,0.0,0.0,0.0,0.0001,PERSISTED_CHAMPION_MODEL,BACKTEST_RESIDUAL_QUANTILES,RECURSIVE_FUTURE_FEATURES_USED,False,,1.0,2,7,28
SKU-FIL-009,2026-07-09,9,gradient_boosting,0.0,0.0,0.0,0.0001,PERSISTED_CHAMPION_MODEL,BACKTEST_RESIDUAL_QUANTILES,RECURSIVE_FUTURE_FEATURES_USED,False,,1.0,3,7,28
SKU-FIL-009,2026-07-10,10,gradient_boosting,0.0,0.0,0.0,0.0001,PERSISTED_CHAMPION_MODEL,BACKTEST_RESIDUAL_QUANTILES,RECURSIVE_FUTURE_FEATURES_USED,False,,1.0,4,7,28
SKU-FIL-009,2026-07-11,11,gradient_boosting,0.0,0.0,0.0,0.0001,PERSISTED_CHAMPION_MODEL,BACKTEST_RESIDUAL_QUANTILES,RECURSIVE_FUTURE_FEATURES_USED,False,,1.0,5,7,28
SKU-FIL-009,2026-07-12,12,gradient_boosting,0.0,0.0,0.0,0.0001,PERSISTED_CHAMPION_MODEL,BACKTEST_RESIDUAL_QUANTILES,RECURSIVE_FUTURE_FEATURES_USED,False,,1.0,6,7,28
SKU-FIL-009,2026-07-13,13,gradient_boosting,0.0,0.0,0.0,0.0001,PERSISTED_CHAMPION_MODEL,BACKTEST_RESIDUAL_QUANTILES,RECURSIVE_FUTURE_FEATURES_USED,False,,1.0,0,7,29
SKU-FIL-009,2026-07-14,14,gradient_boosting,0.0,0.0,0.0,0.0001,PERSISTED_CHAMPION_MODEL,BACKTEST_RESIDUAL_QUANTILES,RECURSIVE_FUTURE_FEATURES_USED,False,,1.0,1,7,29
SKU-FIL-009,2026-07-15,15,gradient_boosting,0.0,0.0,0.0,0.0001,PERSISTED_CHAMPION_MODEL,BACKTEST_RESIDUAL_QUANTILES,RECURSIVE_FUTURE_FEATURES_USED,False,,1.0,2,7,29
SKU-FIL-009,2026-07-16,16,gradient_boosting,0.0,0.0,0.0,0.0001,PERSISTED_CHAMPION_MODEL,BACKTEST_RESIDUAL_QUANTILES,RECURSIVE_FUTURE_FEATURES_USED,False,,1.0,3,7,29
SKU-FIL-009,2026-07-17,17,gradient_boosting,0.0,0.0,0.0,0.0001,PERSISTED_CHAMPION_MODEL,BACKTEST_RESIDUAL_QUANTILES,RECURSIVE_FUTURE_FEATURES_USED,False,,1.0,4,7,29
SKU-FIL-009,2026-07-18,18,gradient_boosting,0.0,0.0,0.0,0.0001,PERSISTED_CHAMPION_MODEL,BACKTEST_RESIDUAL_QUANTILES,RECURSIVE_FUTURE_FEATURES_USED,False,,1.0,5,7,29
SKU-FIL-009,2026-07-19,19,gradient_boosting,0.0,0.0,0.0,0.0001,PERSISTED_CHAMPION_MODEL,BACKTEST_RESIDUAL_QUANTILES,RECURSIVE_FUTURE_FEATURES_USED,False,,1.0,6,7,29
SKU-FIL-009,2026-07-20,20,gradient_boosting,0.0,0.0,0.0,0.0001,PERSISTED_CHAMPION_MODEL,BACKTEST_RESIDUAL_QUANTILES,RECURSIVE_FUTURE_FEATURES_USED,False,,1.0,0,7,30
SKU-FIL-009,2026-07-21,21,gradient_boosting,0.0,0.0,0.0,0.0001,PERSISTED_CHAMPION_MODEL,BACKTEST_RESIDUAL_QUANTILES,RECURSIVE_FUTURE_FEATURES_USED,False,,1.0,1,7,30
SKU-FIL-009,2026-07-22,22,gradient_boosting,0.0,0.0,0.0,0.0001,PERSISTED_CHAMPION_MODEL,BACKTEST_RESIDUAL_QUANTILES,RECURSIVE_FUTURE_FEATURES_USED,False,,1.0,2,7,30
SKU-FIL-009,2026-07-23,23,gradient_boosting,0.0,0.0,0.0,0.0001,PERSISTED_CHAMPION_MODEL,BACKTEST_RESIDUAL_QUANTILES,RECURSIVE_FUTURE_FEATURES_USED,False,,1.0,3,7,30
SKU-FIL-009,2026-07-24,24,gradient_boosting,0.0,0.0,0.0,0.0001,PERSISTED_CHAMPION_MODEL,BACKTEST_RESIDUAL_QUANTILES,RECURSIVE_FUTURE_FEATURES_USED,False,,1.0,4,7,30
SKU-FIL-009,2026-07-25,25,gradient_boosting,0.0,0.0,0.0,0.0001,PERSISTED_CHAMPION_MODEL,BACKTEST_RESIDUAL_QUANTILES,RECURSIVE_FUTURE_FEATURES_USED,False,,1.0,5,7,30
SKU-FIL-009,2026-07-26,26,gradient_boosting,0.0,0.0,0.0,0.0001,PERSISTED_CHAMPION_MODEL,BACKTEST_RESIDUAL_QUANTILES,RECURSIVE_FUTURE_FEATURES_USED,False,,1.0,6,7,30
SKU-FIL-009,2026-07-27,27,gradient_boosting,0.0,0.0,0.0,0.0001,PERSISTED_CHAMPION_MODEL,BACKTEST_RESIDUAL_QUANTILES,RECURSIVE_FUTURE_FEATURES_USED,False,,1.0,0,7,31
SKU-FIL-009,2026-07-28,28,gradient_boosting,0.0,0.0,0.0,0.0001,PERSISTED_CHAMPION_MODEL,BACKTEST_RESIDUAL_QUANTILES,RECURSIVE_FUTURE_FEATURES_USED,False,,1.0,1,7,31
SKU-FIL-009,2026-07-29,29,gradient_boosting,0.0,0.0,0.0,0.0001,PERSISTED_CHAMPION_MODEL,BACKTEST_RESIDUAL_QUANTILES,RECURSIVE_FUTURE_FEATURES_USED,False,,1.0,2,7,31
SKU-FIL-009,2026-07-30,30,gradient_boosting,0.0,0.0,0.0,0.0001,PERSISTED_CHAMPION_MODEL,BACKTEST_RESIDUAL_QUANTILES,RECURSIVE_FUTURE_FEATURES_USED,False,,1.0,3,7,31
SKU-FIL-009,2026-07-31,31,gradient_boosting,0.0,0.0,0.0,0.0001,PERSISTED_CHAMPION_MODEL,BACKTEST_RESIDUAL_QUANTILES,RECURSIVE_FUTURE_FEATURES_USED,False,,1.0,4,7,31
SKU-FIL-009,2026-08-01,32,gradient_boosting,0.0,0.0,0.0,0.0001,PERSISTED_CHAMPION_MODEL,BACKTEST_RESIDUAL_QUANTILES,RECURSIVE_FUTURE_FEATURES_USED,False,,1.0,5,8,31
SKU-FIL-009,2026-08-02,33,gradient_boosting,0.0,0.0,0.0,0.0001,PERSISTED_CHAMPION_MODEL,BACKTEST_RESIDUAL_QUANTILES,RECURSIVE_FUTURE_FEATURES_USED,False,,1.0,6,8,31
SKU-FIL-009,2026-08-03,34,gradient_boosting,0.0,0.0,0.0,0.0001,PERSISTED_CHAMPION_MODEL,BACKTEST_RESIDUAL_QUANTILES,RECURSIVE_FUTURE_FEATURES_USED,False,,1.0,0,8,32
SKU-FIL-009,2026-08-04,35,gradient_boosting,0.0,0.0,0.0,0.0001,PERSISTED_CHAMPION_MODEL,BACKTEST_RESIDUAL_QUANTILES,RECURSIVE_FUTURE_FEATURES_USED,False,,1.0,1,8,32
SKU-FIL-009,2026-08-05,36,gradient_boosting,0.0,0.0,0.0,0.0001,PERSISTED_CHAMPION_MODEL,BACKTEST_RESIDUAL_QUANTILES,RECURSIVE_FUTURE_FEATURES_USED,False,,1.0,2,8,32
SKU-FIL-009,2026-08-06,37,gradient_boosting,0.0,0.0,0.0,0.0001,PERSISTED_CHAMPION_MODEL,BACKTEST_RESIDUAL_QUANTILES,RECURSIVE_FUTURE_FEATURES_USED,False,,1.0,3,8,32
SKU-FIL-009,2026-08-07,38,gradient_boosting,0.0,0.0,0.0,0.0001,PERSISTED_CHAMPION_MODEL,BACKTEST_RESIDUAL_QUANTILES,RECURSIVE_FUTURE_FEATURES_USED,False,,1.0,4,8,32
SKU-FIL-009,2026-08-08,39,gradient_boosting,0.0,0.0,0.0,0.0001,PERSISTED_CHAMPION_MODEL,BACKTEST_RESIDUAL_QUANTILES,RECURSIVE_FUTURE_FEATURES_USED,False,,1.0,5,8,32
SKU-FIL-009,2026-08-09,40,gradient_boosting,0.0,0.0,0.0,0.0001,PERSISTED_CHAMPION_MODEL,BACKTEST_RESIDUAL_QUANTILES,RECURSIVE_FUTURE_FEATURES_USED,False,,1.0,6,8,32
SKU-FIL-009,2026-08-10,41,gradient_boosting,0.0,0.0,0.0,0.0001,PERSISTED_CHAMPION_MODEL,BACKTEST_RESIDUAL_QUANTILES,RECURSIVE_FUTURE_FEATURES_USED,False,,1.0,0,8,33
SKU-FIL-009,2026-08-11,42,gradient_boosting,0.0,0.0,0.0,0.0001,PERSISTED_CHAMPION_MODEL,BACKTEST_RESIDUAL_QUANTILES,RECURSIVE_FUTURE_FEATURES_USED,False,,1.0,1,8,33
SKU-FIL-009,2026-08-12,43,gradient_boosting,0.0,0.0,0.0,0.0001,PERSISTED_CHAMPION_MODEL,BACKTEST_RESIDUAL_QUANTILES,RECURSIVE_FUTURE_FEATURES_USED,False,,1.0,2,8,33
SKU-FIL-009,2026-08-13,44,gradient_boosting,0.0,0.0,0.0,0.0001,PERSISTED_CHAMPION_MODEL,BACKTEST_RESIDUAL_QUANTILES,RECURSIVE_FUTURE_FEATURES_USED,False,,1.0,3,8,33
SKU-FIL-009,2026-08-14,45,gradient_boosting,0.0,0.0,0.0,0.0001,PERSISTED_CHAMPION_MODEL,BACKTEST_RESIDUAL_QUANTILES,RECURSIVE_FUTURE_FEATURES_USED,False,,1.0,4,8,33
SKU-FIL-009,2026-08-15,46,gradient_boosting,0.0,0.0,0.0,0.0001,PERSISTED_CHAMPION_MODEL,BACKTEST_RESIDUAL_QUANTILES,RECURSIVE_FUTURE_FEATURES_USED,False,,1.0,5,8,33
SKU-FIL-009,2026-08-16,47,gradient_boosting,0.0,0.0,0.0,0.0001,PERSISTED_CHAMPION_MODEL,BACKTEST_RESIDUAL_QUANTILES,RECURSIVE_FUTURE_FEATURES_USED,False,,1.0,6,8,33
SKU-FIL-009,2026-08-17,48,gradient_boosting,0.0,0.0,0.0,0.0001,PERSISTED_CHAMPION_MODEL,BACKTEST_RESIDUAL_QUANTILES,RECURSIVE_FUTURE_FEATURES_USED,False,,1.0,0,8,34
SKU-FIL-009,2026-08-18,49,gradient_boosting,0.0,0.0,0.0,0.0001,PERSISTED_CHAMPION_MODEL,BACKTEST_RESIDUAL_QUANTILES,RECURSIVE_FUTURE_FEATURES_USED,False,,1.0,1,8,34
SKU-FIL-009,2026-08-19,50,gradient_boosting,0.0,0.0,0.0,0.0001,PERSISTED_CHAMPION_MODEL,BACKTEST_RESIDUAL_QUANTILES,RECURSIVE_FUTURE_FEATURES_USED,False,,1.0,2,8,34
SKU-FIL-009,2026-08-20,51,gradient_boosting,0.0,0.0,0.0,0.0001,PERSISTED_CHAMPION_MODEL,BACKTEST_RESIDUAL_QUANTILES,RECURSIVE_FUTURE_FEATURES_USED,False,,1.0,3,8,34
SKU-FIL-009,2026-08-21,52,gradient_boosting,0.0,0.0,0.0,0.0001,PERSISTED_CHAMPION_MODEL,BACKTEST_RESIDUAL_QUANTILES,RECURSIVE_FUTURE_FEATURES_USED,False,,1.0,4,8,34
SKU-FIL-009,2026-08-22,53,gradient_boosting,0.0,0.0,0.0,0.0001,PERSISTED_CHAMPION_MODEL,BACKTEST_RESIDUAL_QUANTILES,RECURSIVE_FUTURE_FEATURES_USED,False,,1.0,5,8,34
SKU-FIL-009,2026-08-23,54,gradient_boosting,0.0,0.0,0.0,0.0001,PERSISTED_CHAMPION_MODEL,BACKTEST_RESIDUAL_QUANTILES,RECURSIVE_FUTURE_FEATURES_USED,False,,1.0,6,8,34
SKU-FIL-009,2026-08-24,55,gradient_boosting,0.0,0.0,0.0,0.0001,PERSISTED_CHAMPION_MODEL,BACKTEST_RESIDUAL_QUANTILES,RECURSIVE_FUTURE_FEATURES_USED,False,,1.0,0,8,35
SKU-FIL-009,2026-08-25,56,gradient_boosting,0.0,0.0,0.0,0.0001,PERSISTED_CHAMPION_MODEL,BACKTEST_RESIDUAL_QUANTILES,RECURSIVE_FUTURE_FEATURES_USED,False,,1.0,1,8,35
SKU-FIL-009,2026-08-26,57,gradient_boosting,0.0,0.0,0.0,0.0001,PERSISTED_CHAMPION_MODEL,BACKTEST_RESIDUAL_QUANTILES,RECURSIVE_FUTURE_FEATURES_USED,False,,1.0,2,8,35
SKU-FIL-009,2026-08-27,58,gradient_boosting,0.0,0.0,0.0,0.0001,PERSISTED_CHAMPION_MODEL,BACKTEST_RESIDUAL_QUANTILES,RECURSIVE_FUTURE_FEATURES_USED,False,,1.0,3,8,35
SKU-FIL-009,2026-08-28,59,gradient_boosting,0.0,0.0,0.0,0.0001,PERSISTED_CHAMPION_MODEL,BACKTEST_RESIDUAL_QUANTILES,RECURSIVE_FUTURE_FEATURES_USED,False,,1.0,4,8,35
SKU-FIL-009,2026-08-29,60,gradient_boosting,0.0,0.0,0.0,0.0001,PERSISTED_CHAMPION_MODEL,BACKTEST_RESIDUAL_QUANTILES,RECURSIVE_FUTURE_FEATURES_USED,False,,1.0,5,8,35
SKU-FIL-009,2026-08-30,61,gradient_boosting,0.0,0.0,0.0,0.0001,PERSISTED_CHAMPION_MODEL,BACKTEST_RESIDUAL_QUANTILES,RECURSIVE_FUTURE_FEATURES_USED,False,,1.0,6,8,35
SKU-FIL-009,2026-08-31,62,gradient_boosting,0.0,0.0,0.0,0.0001,PERSISTED_CHAMPION_MODEL,BACKTEST_RESIDUAL_QUANTILES,RECURSIVE_FUTURE_FEATURES_USED,False,,1.0,0,8,36
SKU-FIL-009,2026-09-01,63,gradient_boosting,0.0,0.0,0.0,0.0001,PERSISTED_CHAMPION_MODEL,BACKTEST_RESIDUAL_QUANTILES,RECURSIVE_FUTURE_FEATURES_USED,False,,1.0,1,9,36
SKU-FIL-009,2026-09-02,64,gradient_boosting,0.0,0.0,0.0,0.0001,PERSISTED_CHAMPION_MODEL,BACKTEST_RESIDUAL_QUANTILES,RECURSIVE_FUTURE_FEATURES_USED,False,,1.0,2,9,36
SKU-FIL-009,2026-09-03,65,gradient_boosting,0.0,0.0,0.0,0.0001,PERSISTED_CHAMPION_MODEL,BACKTEST_RESIDUAL_QUANTILES,RECURSIVE_FUTURE_FEATURES_USED,False,,1.0,3,9,36
SKU-FIL-009,2026-09-04,66,gradient_boosting,0.0,0.0,0.0,0.0001,PERSISTED_CHAMPION_MODEL,BACKTEST_RESIDUAL_QUANTILES,RECURSIVE_FUTURE_FEATURES_USED,False,,1.0,4,9,36
SKU-FIL-009,2026-09-05,67,gradient_boosting,0.0,0.0,0.0,0.0001,PERSISTED_CHAMPION_MODEL,BACKTEST_RESIDUAL_QUANTILES,RECURSIVE_FUTURE_FEATURES_USED,False,,1.0,5,9,36
SKU-FIL-009,2026-09-06,68,gradient_boosting,0.0,0.0,0.0,0.0001,PERSISTED_CHAMPION_MODEL,BACKTEST_RESIDUAL_QUANTILES,RECURSIVE_FUTURE_FEATURES_USED,False,,1.0,6,9,36
SKU-FIL-009,2026-09-07,69,gradient_boosting,0.0,0.0,0.0,0.0001,PERSISTED_CHAMPION_MODEL,BACKTEST_RESIDUAL_QUANTILES,RECURSIVE_FUTURE_FEATURES_USED,False,,1.0,0,9,37
SKU-FIL-009,2026-09-08,70,gradient_boosting,0.0,0.0,0.0,0.0001,PERSISTED_CHAMPION_MODEL,BACKTEST_RESIDUAL_QUANTILES,RECURSIVE_FUTURE_FEATURES_USED,False,,1.0,1,9,37
SKU-FIL-009,2026-09-09,71,gradient_boosting,0.0,0.0,0.0,0.0001,PERSISTED_CHAMPION_MODEL,BACKTEST_RESIDUAL_QUANTILES,RECURSIVE_FUTURE_FEATURES_USED,False,,1.0,2,9,37
SKU-FIL-009,2026-09-10,72,gradient_boosting,0.0,0.0,0.0,0.0001,PERSISTED_CHAMPION_MODEL,BACKTEST_RESIDUAL_QUANTILES,RECURSIVE_FUTURE_FEATURES_USED,False,,1.0,3,9,37
SKU-FIL-009,2026-09-11,73,gradient_boosting,0.0,0.0,0.0,0.0001,PERSISTED_CHAMPION_MODEL,BACKTEST_RESIDUAL_QUANTILES,RECURSIVE_FUTURE_FEATURES_USED,False,,1.0,4,9,37
SKU-FIL-009,2026-09-12,74,gradient_boosting,0.0,0.0,0.0,0.0001,PERSISTED_CHAMPION_MODEL,BACKTEST_RESIDUAL_QUANTILES,RECURSIVE_FUTURE_FEATURES_USED,False,,1.0,5,9,37
SKU-FIL-009,2026-09-13,75,gradient_boosting,0.0,0.0,0.0,0.0001,PERSISTED_CHAMPION_MODEL,BACKTEST_RESIDUAL_QUANTILES,RECURSIVE_FUTURE_FEATURES_USED,False,,1.0,6,9,37
SKU-FIL-009,2026-09-14,76,gradient_boosting,0.0,0.0,0.0,0.0001,PERSISTED_CHAMPION_MODEL,BACKTEST_RESIDUAL_QUANTILES,RECURSIVE_FUTURE_FEATURES_USED,False,,1.0,0,9,38
SKU-FIL-009,2026-09-15,77,gradient_boosting,0.0,0.0,0.0,0.0001,PERSISTED_CHAMPION_MODEL,BACKTEST_RESIDUAL_QUANTILES,RECURSIVE_FUTURE_FEATURES_USED,False,,1.0,1,9,38
SKU-FIL-009,2026-09-16,78,gradient_boosting,0.0,0.0,0.0,0.0001,PERSISTED_CHAMPION_MODEL,BACKTEST_RESIDUAL_QUANTILES,RECURSIVE_FUTURE_FEATURES_USED,False,,1.0,2,9,38
SKU-FIL-009,2026-09-17,79,gradient_boosting,0.0,0.0,0.0,0.0001,PERSISTED_CHAMPION_MODEL,BACKTEST_RESIDUAL_QUANTILES,RECURSIVE_FUTURE_FEATURES_USED,False,,1.0,3,9,38
SKU-FIL-009,2026-09-18,80,gradient_boosting,0.0,0.0,0.0,0.0001,PERSISTED_CHAMPION_MODEL,BACKTEST_RESIDUAL_QUANTILES,RECURSIVE_FUTURE_FEATURES_USED,False,,1.0,4,9,38
SKU-FIL-009,2026-09-19,81,gradient_boosting,0.0,0.0,0.0,0.0001,PERSISTED_CHAMPION_MODEL,BACKTEST_RESIDUAL_QUANTILES,RECURSIVE_FUTURE_FEATURES_USED,False,,1.0,5,9,38
SKU-FIL-009,2026-09-20,82,gradient_boosting,0.0,0.0,0.0,0.0001,PERSISTED_CHAMPION_MODEL,BACKTEST_RESIDUAL_QUANTILES,RECURSIVE_FUTURE_FEATURES_USED,False,,1.0,6,9,38
SKU-FIL-009,2026-09-21,83,gradient_boosting,0.0,0.0,0.0,0.0001,PERSISTED_CHAMPION_MODEL,BACKTEST_RESIDUAL_QUANTILES,RECURSIVE_FUTURE_FEATURES_USED,False,,1.0,0,9,39
SKU-FIL-009,2026-09-22,84,gradient_boosting,0.0,0.0,0.0,0.0001,PERSISTED_CHAMPION_MODEL,BACKTEST_RESIDUAL_QUANTILES,RECURSIVE_FUTURE_FEATURES_USED,False,,1.0,1,9,39
SKU-FIL-009,2026-09-23,85,gradient_boosting,0.0,0.0,0.0,0.0001,PERSISTED_CHAMPION_MODEL,BACKTEST_RESIDUAL_QUANTILES,RECURSIVE_FUTURE_FEATURES_USED,False,,1.0,2,9,39
SKU-FIL-009,2026-09-24,86,gradient_boosting,0.0,0.0,0.0,0.0001,PERSISTED_CHAMPION_MODEL,BACKTEST_RESIDUAL_QUANTILES,RECURSIVE_FUTURE_FEATURES_USED,False,,1.0,3,9,39
SKU-FIL-009,2026-09-25,87,gradient_boosting,0.0,0.0,0.0,0.0001,PERSISTED_CHAMPION_MODEL,BACKTEST_RESIDUAL_QUANTILES,RECURSIVE_FUTURE_FEATURES_USED,False,,1.0,4,9,39
SKU-FIL-009,2026-09-26,88,gradient_boosting,0.0,0.0,0.0,0.0001,PERSISTED_CHAMPION_MODEL,BACKTEST_RESIDUAL_QUANTILES,RECURSIVE_FUTURE_FEATURES_USED,False,,1.0,5,9,39
SKU-FIL-009,2026-09-27,89,gradient_boosting,0.0,0.0,0.0,0.0001,PERSISTED_CHAMPION_MODEL,BACKTEST_RESIDUAL_QUANTILES,RECURSIVE_FUTURE_FEATURES_USED,False,,1.0,6,9,39
SKU-FIL-009,2026-09-28,90,gradient_boosting,0.0,0.0,0.0,0.0001,PERSISTED_CHAMPION_MODEL,BACKTEST_RESIDUAL_QUANTILES,RECURSIVE_FUTURE_FEATURES_USED,False,,1.0,0,9,40
SKU-GFT-010,2026-07-01,1,gradient_boosting,0.0,0.0,0.0,0.0001,PERSISTED_CHAMPION_MODEL,BACKTEST_RESIDUAL_QUANTILES,RECURSIVE_FUTURE_FEATURES_USED,False,,1.0,2,7,27
SKU-GFT-010,2026-07-02,2,gradient_boosting,0.0,0.0,0.0,0.0001,PERSISTED_CHAMPION_MODEL,BACKTEST_RESIDUAL_QUANTILES,RECURSIVE_FUTURE_FEATURES_USED,False,,1.0,3,7,27
SKU-GFT-010,2026-07-03,3,gradient_boosting,0.0,0.0,0.0,0.0001,PERSISTED_CHAMPION_MODEL,BACKTEST_RESIDUAL_QUANTILES,RECURSIVE_FUTURE_FEATURES_USED,False,,1.0,4,7,27
SKU-GFT-010,2026-07-04,4,gradient_boosting,0.0,0.0,0.0,0.0001,PERSISTED_CHAMPION_MODEL,BACKTEST_RESIDUAL_QUANTILES,RECURSIVE_FUTURE_FEATURES_USED,False,,1.0,5,7,27
SKU-GFT-010,2026-07-05,5,gradient_boosting,0.0,0.0,0.0,0.0001,PERSISTED_CHAMPION_MODEL,BACKTEST_RESIDUAL_QUANTILES,RECURSIVE_FUTURE_FEATURES_USED,False,,1.0,6,7,27
SKU-GFT-010,2026-07-06,6,gradient_boosting,0.0,0.0,0.0,0.0001,PERSISTED_CHAMPION_MODEL,BACKTEST_RESIDUAL_QUANTILES,RECURSIVE_FUTURE_FEATURES_USED,False,,1.0,0,7,28
SKU-GFT-010,2026-07-07,7,gradient_boosting,0.0,0.0,0.0,0.0001,PERSISTED_CHAMPION_MODEL,BACKTEST_RESIDUAL_QUANTILES,RECURSIVE_FUTURE_FEATURES_USED,False,,1.0,1,7,28
SKU-GFT-010,2026-07-08,8,gradient_boosting,0.0,0.0,0.0,0.0001,PERSISTED_CHAMPION_MODEL,BACKTEST_RESIDUAL_QUANTILES,RECURSIVE_FUTURE_FEATURES_USED,False,,1.0,2,7,28
SKU-GFT-010,2026-07-09,9,gradient_boosting,0.0,0.0,0.0,0.0001,PERSISTED_CHAMPION_MODEL,BACKTEST_RESIDUAL_QUANTILES,RECURSIVE_FUTURE_FEATURES_USED,False,,1.0,3,7,28
SKU-GFT-010,2026-07-10,10,gradient_boosting,0.0,0.0,0.0,0.0001,PERSISTED_CHAMPION_MODEL,BACKTEST_RESIDUAL_QUANTILES,RECURSIVE_FUTURE_FEATURES_USED,False,,1.0,4,7,28
SKU-GFT-010,2026-07-11,11,gradient_boosting,0.0,0.0,0.0,0.0001,PERSISTED_CHAMPION_MODEL,BACKTEST_RESIDUAL_QUANTILES,RECURSIVE_FUTURE_FEATURES_USED,False,,1.0,5,7,28
SKU-GFT-010,2026-07-12,12,gradient_boosting,0.0,0.0,0.0,0.0001,PERSISTED_CHAMPION_MODEL,BACKTEST_RESIDUAL_QUANTILES,RECURSIVE_FUTURE_FEATURES_USED,False,,1.0,6,7,28
SKU-GFT-010,2026-07-13,13,gradient_boosting,0.0,0.0,0.0,0.0001,PERSISTED_CHAMPION_MODEL,BACKTEST_RESIDUAL_QUANTILES,RECURSIVE_FUTURE_FEATURES_USED,False,,1.0,0,7,29
SKU-GFT-010,2026-07-14,14,gradient_boosting,0.0,0.0,0.0,0.0001,PERSISTED_CHAMPION_MODEL,BACKTEST_RESIDUAL_QUANTILES,RECURSIVE_FUTURE_FEATURES_USED,False,,1.0,1,7,29
SKU-GFT-010,2026-07-15,15,gradient_boosting,0.0,0.0,0.0,0.0001,PERSISTED_CHAMPION_MODEL,BACKTEST_RESIDUAL_QUANTILES,RECURSIVE_FUTURE_FEATURES_USED,False,,1.0,2,7,29
SKU-GFT-010,2026-07-16,16,gradient_boosting,0.0,0.0,0.0,0.0001,PERSISTED_CHAMPION_MODEL,BACKTEST_RESIDUAL_QUANTILES,RECURSIVE_FUTURE_FEATURES_USED,False,,1.0,3,7,29
SKU-GFT-010,2026-07-17,17,gradient_boosting,0.0,0.0,0.0,0.0001,PERSISTED_CHAMPION_MODEL,BACKTEST_RESIDUAL_QUANTILES,RECURSIVE_FUTURE_FEATURES_USED,False,,1.0,4,7,29
SKU-GFT-010,2026-07-18,18,gradient_boosting,0.0,0.0,0.0,0.0001,PERSISTED_CHAMPION_MODEL,BACKTEST_RESIDUAL_QUANTILES,RECURSIVE_FUTURE_FEATURES_USED,False,,1.0,5,7,29
SKU-GFT-010,2026-07-19,19,gradient_boosting,0.0,0.0,0.0,0.0001,PERSISTED_CHAMPION_MODEL,BACKTEST_RESIDUAL_QUANTILES,RECURSIVE_FUTURE_FEATURES_USED,False,,1.0,6,7,29
SKU-GFT-010,2026-07-20,20,gradient_boosting,0.0,0.0,0.0,0.0001,PERSISTED_CHAMPION_MODEL,BACKTEST_RESIDUAL_QUANTILES,RECURSIVE_FUTURE_FEATURES_USED,False,,1.0,0,7,30
SKU-GFT-010,2026-07-21,21,gradient_boosting,0.0,0.0,0.0,0.0001,PERSISTED_CHAMPION_MODEL,BACKTEST_RESIDUAL_QUANTILES,RECURSIVE_FUTURE_FEATURES_USED,False,,1.0,1,7,30
SKU-GFT-010,2026-07-22,22,gradient_boosting,0.0,0.0,0.0,0.0001,PERSISTED_CHAMPION_MODEL,BACKTEST_RESIDUAL_QUANTILES,RECURSIVE_FUTURE_FEATURES_USED,False,,1.0,2,7,30
SKU-GFT-010,2026-07-23,23,gradient_boosting,0.0,0.0,0.0,0.0001,PERSISTED_CHAMPION_MODEL,BACKTEST_RESIDUAL_QUANTILES,RECURSIVE_FUTURE_FEATURES_USED,False,,1.0,3,7,30
SKU-GFT-010,2026-07-24,24,gradient_boosting,0.0,0.0,0.0,0.0001,PERSISTED_CHAMPION_MODEL,BACKTEST_RESIDUAL_QUANTILES,RECURSIVE_FUTURE_FEATURES_USED,False,,1.0,4,7,30
SKU-GFT-010,2026-07-25,25,gradient_boosting,0.0,0.0,0.0,0.0001,PERSISTED_CHAMPION_MODEL,BACKTEST_RESIDUAL_QUANTILES,RECURSIVE_FUTURE_FEATURES_USED,False,,1.0,5,7,30
SKU-GFT-010,2026-07-26,26,gradient_boosting,0.0,0.0,0.0,0.0001,PERSISTED_CHAMPION_MODEL,BACKTEST_RESIDUAL_QUANTILES,RECURSIVE_FUTURE_FEATURES_USED,False,,1.0,6,7,30
SKU-GFT-010,2026-07-27,27,gradient_boosting,0.0,0.0,0.0,0.0001,PERSISTED_CHAMPION_MODEL,BACKTEST_RESIDUAL_QUANTILES,RECURSIVE_FUTURE_FEATURES_USED,False,,1.0,0,7,31
SKU-GFT-010,2026-07-28,28,gradient_boosting,0.0,0.0,0.0,0.0001,PERSISTED_CHAMPION_MODEL,BACKTEST_RESIDUAL_QUANTILES,RECURSIVE_FUTURE_FEATURES_USED,False,,1.0,1,7,31
SKU-GFT-010,2026-07-29,29,gradient_boosting,0.0,0.0,0.0,0.0001,PERSISTED_CHAMPION_MODEL,BACKTEST_RESIDUAL_QUANTILES,RECURSIVE_FUTURE_FEATURES_USED,False,,1.0,2,7,31
SKU-GFT-010,2026-07-30,30,gradient_boosting,0.0,0.0,0.0,0.0001,PERSISTED_CHAMPION_MODEL,BACKTEST_RESIDUAL_QUANTILES,RECURSIVE_FUTURE_FEATURES_USED,False,,1.0,3,7,31
SKU-GFT-010,2026-07-31,31,gradient_boosting,0.0,0.0,0.0,0.0001,PERSISTED_CHAMPION_MODEL,BACKTEST_RESIDUAL_QUANTILES,RECURSIVE_FUTURE_FEATURES_USED,False,,1.0,4,7,31
SKU-GFT-010,2026-08-01,32,gradient_boosting,0.0,0.0,0.0,0.0001,PERSISTED_CHAMPION_MODEL,BACKTEST_RESIDUAL_QUANTILES,RECURSIVE_FUTURE_FEATURES_USED,False,,1.0,5,8,31
SKU-GFT-010,2026-08-02,33,gradient_boosting,0.0,0.0,0.0,0.0001,PERSISTED_CHAMPION_MODEL,BACKTEST_RESIDUAL_QUANTILES,RECURSIVE_FUTURE_FEATURES_USED,False,,1.0,6,8,31
SKU-GFT-010,2026-08-03,34,gradient_boosting,0.0,0.0,0.0,0.0001,PERSISTED_CHAMPION_MODEL,BACKTEST_RESIDUAL_QUANTILES,RECURSIVE_FUTURE_FEATURES_USED,False,,1.0,0,8,32
SKU-GFT-010,2026-08-04,35,gradient_boosting,0.0,0.0,0.0,0.0001,PERSISTED_CHAMPION_MODEL,BACKTEST_RESIDUAL_QUANTILES,RECURSIVE_FUTURE_FEATURES_USED,False,,1.0,1,8,32
SKU-GFT-010,2026-08-05,36,gradient_boosting,0.0,0.0,0.0,0.0001,PERSISTED_CHAMPION_MODEL,BACKTEST_RESIDUAL_QUANTILES,RECURSIVE_FUTURE_FEATURES_USED,False,,1.0,2,8,32
SKU-GFT-010,2026-08-06,37,gradient_boosting,0.0,0.0,0.0,0.0001,PERSISTED_CHAMPION_MODEL,BACKTEST_RESIDUAL_QUANTILES,RECURSIVE_FUTURE_FEATURES_USED,False,,1.0,3,8,32
SKU-GFT-010,2026-08-07,38,gradient_boosting,0.0,0.0,0.0,0.0001,PERSISTED_CHAMPION_MODEL,BACKTEST_RESIDUAL_QUANTILES,RECURSIVE_FUTURE_FEATURES_USED,False,,1.0,4,8,32
SKU-GFT-010,2026-08-08,39,gradient_boosting,0.0,0.0,0.0,0.0001,PERSISTED_CHAMPION_MODEL,BACKTEST_RESIDUAL_QUANTILES,RECURSIVE_FUTURE_FEATURES_USED,False,,1.0,5,8,32
SKU-GFT-010,2026-08-09,40,gradient_boosting,0.0,0.0,0.0,0.0001,PERSISTED_CHAMPION_MODEL,BACKTEST_RESIDUAL_QUANTILES,RECURSIVE_FUTURE_FEATURES_USED,False,,1.0,6,8,32
SKU-GFT-010,2026-08-10,41,gradient_boosting,0.0,0.0,0.0,0.0001,PERSISTED_CHAMPION_MODEL,BACKTEST_RESIDUAL_QUANTILES,RECURSIVE_FUTURE_FEATURES_USED,False,,1.0,0,8,33
SKU-GFT-010,2026-08-11,42,gradient_boosting,0.0,0.0,0.0,0.0001,PERSISTED_CHAMPION_MODEL,BACKTEST_RESIDUAL_QUANTILES,RECURSIVE_FUTURE_FEATURES_USED,False,,1.0,1,8,33
SKU-GFT-010,2026-08-12,43,gradient_boosting,0.0,0.0,0.0,0.0001,PERSISTED_CHAMPION_MODEL,BACKTEST_RESIDUAL_QUANTILES,RECURSIVE_FUTURE_FEATURES_USED,False,,1.0,2,8,33
SKU-GFT-010,2026-08-13,44,gradient_boosting,0.0,0.0,0.0,0.0001,PERSISTED_CHAMPION_MODEL,BACKTEST_RESIDUAL_QUANTILES,RECURSIVE_FUTURE_FEATURES_USED,False,,1.0,3,8,33
SKU-GFT-010,2026-08-14,45,gradient_boosting,0.0,0.0,0.0,0.0001,PERSISTED_CHAMPION_MODEL,BACKTEST_RESIDUAL_QUANTILES,RECURSIVE_FUTURE_FEATURES_USED,False,,1.0,4,8,33
SKU-GFT-010,2026-08-15,46,gradient_boosting,0.0,0.0,0.0,0.0001,PERSISTED_CHAMPION_MODEL,BACKTEST_RESIDUAL_QUANTILES,RECURSIVE_FUTURE_FEATURES_USED,False,,1.0,5,8,33
SKU-GFT-010,2026-08-16,47,gradient_boosting,0.0,0.0,0.0,0.0001,PERSISTED_CHAMPION_MODEL,BACKTEST_RESIDUAL_QUANTILES,RECURSIVE_FUTURE_FEATURES_USED,False,,1.0,6,8,33
SKU-GFT-010,2026-08-17,48,gradient_boosting,0.0,0.0,0.0,0.0001,PERSISTED_CHAMPION_MODEL,BACKTEST_RESIDUAL_QUANTILES,RECURSIVE_FUTURE_FEATURES_USED,False,,1.0,0,8,34
SKU-GFT-010,2026-08-18,49,gradient_boosting,0.0,0.0,0.0,0.0001,PERSISTED_CHAMPION_MODEL,BACKTEST_RESIDUAL_QUANTILES,RECURSIVE_FUTURE_FEATURES_USED,False,,1.0,1,8,34
SKU-GFT-010,2026-08-19,50,gradient_boosting,0.0,0.0,0.0,0.0001,PERSISTED_CHAMPION_MODEL,BACKTEST_RESIDUAL_QUANTILES,RECURSIVE_FUTURE_FEATURES_USED,False,,1.0,2,8,34
SKU-GFT-010,2026-08-20,51,gradient_boosting,0.0,0.0,0.0,0.0001,PERSISTED_CHAMPION_MODEL,BACKTEST_RESIDUAL_QUANTILES,RECURSIVE_FUTURE_FEATURES_USED,False,,1.0,3,8,34
SKU-GFT-010,2026-08-21,52,gradient_boosting,0.0,0.0,0.0,0.0001,PERSISTED_CHAMPION_MODEL,BACKTEST_RESIDUAL_QUANTILES,RECURSIVE_FUTURE_FEATURES_USED,False,,1.0,4,8,34
SKU-GFT-010,2026-08-22,53,gradient_boosting,0.0,0.0,0.0,0.0001,PERSISTED_CHAMPION_MODEL,BACKTEST_RESIDUAL_QUANTILES,RECURSIVE_FUTURE_FEATURES_USED,False,,1.0,5,8,34
SKU-GFT-010,2026-08-23,54,gradient_boosting,0.0,0.0,0.0,0.0001,PERSISTED_CHAMPION_MODEL,BACKTEST_RESIDUAL_QUANTILES,RECURSIVE_FUTURE_FEATURES_USED,False,,1.0,6,8,34
SKU-GFT-010,2026-08-24,55,gradient_boosting,0.0,0.0,0.0,0.0001,PERSISTED_CHAMPION_MODEL,BACKTEST_RESIDUAL_QUANTILES,RECURSIVE_FUTURE_FEATURES_USED,False,,1.0,0,8,35
SKU-GFT-010,2026-08-25,56,gradient_boosting,0.0,0.0,0.0,0.0001,PERSISTED_CHAMPION_MODEL,BACKTEST_RESIDUAL_QUANTILES,RECURSIVE_FUTURE_FEATURES_USED,False,,1.0,1,8,35
SKU-GFT-010,2026-08-26,57,gradient_boosting,0.0,0.0,0.0,0.0001,PERSISTED_CHAMPION_MODEL,BACKTEST_RESIDUAL_QUANTILES,RECURSIVE_FUTURE_FEATURES_USED,False,,1.0,2,8,35
SKU-GFT-010,2026-08-27,58,gradient_boosting,0.0,0.0,0.0,0.0001,PERSISTED_CHAMPION_MODEL,BACKTEST_RESIDUAL_QUANTILES,RECURSIVE_FUTURE_FEATURES_USED,False,,1.0,3,8,35
SKU-GFT-010,2026-08-28,59,gradient_boosting,0.0,0.0,0.0,0.0001,PERSISTED_CHAMPION_MODEL,BACKTEST_RESIDUAL_QUANTILES,RECURSIVE_FUTURE_FEATURES_USED,False,,1.0,4,8,35
SKU-GFT-010,2026-08-29,60,gradient_boosting,0.0,0.0,0.0,0.0001,PERSISTED_CHAMPION_MODEL,BACKTEST_RESIDUAL_QUANTILES,RECURSIVE_FUTURE_FEATURES_USED,False,,1.0,5,8,35
SKU-GFT-010,2026-08-30,61,gradient_boosting,0.0,0.0,0.0,0.0001,PERSISTED_CHAMPION_MODEL,BACKTEST_RESIDUAL_QUANTILES,RECURSIVE_FUTURE_FEATURES_USED,False,,1.0,6,8,35
SKU-GFT-010,2026-08-31,62,gradient_boosting,0.0,0.0,0.0,0.0001,PERSISTED_CHAMPION_MODEL,BACKTEST_RESIDUAL_QUANTILES,RECURSIVE_FUTURE_FEATURES_USED,False,,1.0,0,8,36
SKU-GFT-010,2026-09-01,63,gradient_boosting,0.0,0.0,0.0,0.0001,PERSISTED_CHAMPION_MODEL,BACKTEST_RESIDUAL_QUANTILES,RECURSIVE_FUTURE_FEATURES_USED,False,,1.0,1,9,36
SKU-GFT-010,2026-09-02,64,gradient_boosting,0.0,0.0,0.0,0.0001,PERSISTED_CHAMPION_MODEL,BACKTEST_RESIDUAL_QUANTILES,RECURSIVE_FUTURE_FEATURES_USED,False,,1.0,2,9,36
SKU-GFT-010,2026-09-03,65,gradient_boosting,0.0,0.0,0.0,0.0001,PERSISTED_CHAMPION_MODEL,BACKTEST_RESIDUAL_QUANTILES,RECURSIVE_FUTURE_FEATURES_USED,False,,1.0,3,9,36
SKU-GFT-010,2026-09-04,66,gradient_boosting,0.0,0.0,0.0,0.0001,PERSISTED_CHAMPION_MODEL,BACKTEST_RESIDUAL_QUANTILES,RECURSIVE_FUTURE_FEATURES_USED,False,,1.0,4,9,36
SKU-GFT-010,2026-09-05,67,gradient_boosting,0.0,0.0,0.0,0.0001,PERSISTED_CHAMPION_MODEL,BACKTEST_RESIDUAL_QUANTILES,RECURSIVE_FUTURE_FEATURES_USED,False,,1.0,5,9,36
SKU-GFT-010,2026-09-06,68,gradient_boosting,0.0,0.0,0.0,0.0001,PERSISTED_CHAMPION_MODEL,BACKTEST_RESIDUAL_QUANTILES,RECURSIVE_FUTURE_FEATURES_USED,False,,1.0,6,9,36
SKU-GFT-010,2026-09-07,69,gradient_boosting,0.0,0.0,0.0,0.0001,PERSISTED_CHAMPION_MODEL,BACKTEST_RESIDUAL_QUANTILES,RECURSIVE_FUTURE_FEATURES_USED,False,,1.0,0,9,37
SKU-GFT-010,2026-09-08,70,gradient_boosting,0.0,0.0,0.0,0.0001,PERSISTED_CHAMPION_MODEL,BACKTEST_RESIDUAL_QUANTILES,RECURSIVE_FUTURE_FEATURES_USED,False,,1.0,1,9,37
SKU-GFT-010,2026-09-09,71,gradient_boosting,0.0,0.0,0.0,0.0001,PERSISTED_CHAMPION_MODEL,BACKTEST_RESIDUAL_QUANTILES,RECURSIVE_FUTURE_FEATURES_USED,False,,1.0,2,9,37
SKU-GFT-010,2026-09-10,72,gradient_boosting,0.0,0.0,0.0,0.0001,PERSISTED_CHAMPION_MODEL,BACKTEST_RESIDUAL_QUANTILES,RECURSIVE_FUTURE_FEATURES_USED,False,,1.0,3,9,37
SKU-GFT-010,2026-09-11,73,gradient_boosting,0.0,0.0,0.0,0.0001,PERSISTED_CHAMPION_MODEL,BACKTEST_RESIDUAL_QUANTILES,RECURSIVE_FUTURE_FEATURES_USED,False,,1.0,4,9,37
SKU-GFT-010,2026-09-12,74,gradient_boosting,0.0,0.0,0.0,0.0001,PERSISTED_CHAMPION_MODEL,BACKTEST_RESIDUAL_QUANTILES,RECURSIVE_FUTURE_FEATURES_USED,False,,1.0,5,9,37
SKU-GFT-010,2026-09-13,75,gradient_boosting,0.0,0.0,0.0,0.0001,PERSISTED_CHAMPION_MODEL,BACKTEST_RESIDUAL_QUANTILES,RECURSIVE_FUTURE_FEATURES_USED,False,,1.0,6,9,37
SKU-GFT-010,2026-09-14,76,gradient_boosting,0.0,0.0,0.0,0.0001,PERSISTED_CHAMPION_MODEL,BACKTEST_RESIDUAL_QUANTILES,RECURSIVE_FUTURE_FEATURES_USED,False,,1.0,0,9,38
SKU-GFT-010,2026-09-15,77,gradient_boosting,0.0,0.0,0.0,0.0001,PERSISTED_CHAMPION_MODEL,BACKTEST_RESIDUAL_QUANTILES,RECURSIVE_FUTURE_FEATURES_USED,False,,1.0,1,9,38
SKU-GFT-010,2026-09-16,78,gradient_boosting,0.0,0.0,0.0,0.0001,PERSISTED_CHAMPION_MODEL,BACKTEST_RESIDUAL_QUANTILES,RECURSIVE_FUTURE_FEATURES_USED,False,,1.0,2,9,38
SKU-GFT-010,2026-09-17,79,gradient_boosting,0.0,0.0,0.0,0.0001,PERSISTED_CHAMPION_MODEL,BACKTEST_RESIDUAL_QUANTILES,RECURSIVE_FUTURE_FEATURES_USED,False,,1.0,3,9,38
SKU-GFT-010,2026-09-18,80,gradient_boosting,0.0,0.0,0.0,0.0001,PERSISTED_CHAMPION_MODEL,BACKTEST_RESIDUAL_QUANTILES,RECURSIVE_FUTURE_FEATURES_USED,False,,1.0,4,9,38
SKU-GFT-010,2026-09-19,81,gradient_boosting,0.0,0.0,0.0,0.0001,PERSISTED_CHAMPION_MODEL,BACKTEST_RESIDUAL_QUANTILES,RECURSIVE_FUTURE_FEATURES_USED,False,,1.0,5,9,38
SKU-GFT-010,2026-09-20,82,gradient_boosting,0.0,0.0,0.0,0.0001,PERSISTED_CHAMPION_MODEL,BACKTEST_RESIDUAL_QUANTILES,RECURSIVE_FUTURE_FEATURES_USED,False,,1.0,6,9,38
SKU-GFT-010,2026-09-21,83,gradient_boosting,0.0,0.0,0.0,0.0001,PERSISTED_CHAMPION_MODEL,BACKTEST_RESIDUAL_QUANTILES,RECURSIVE_FUTURE_FEATURES_USED,False,,1.0,0,9,39
SKU-GFT-010,2026-09-22,84,gradient_boosting,0.0,0.0,0.0,0.0001,PERSISTED_CHAMPION_MODEL,BACKTEST_RESIDUAL_QUANTILES,RECURSIVE_FUTURE_FEATURES_USED,False,,1.0,1,9,39
SKU-GFT-010,2026-09-23,85,gradient_boosting,0.0,0.0,0.0,0.0001,PERSISTED_CHAMPION_MODEL,BACKTEST_RESIDUAL_QUANTILES,RECURSIVE_FUTURE_FEATURES_USED,False,,1.0,2,9,39
SKU-GFT-010,2026-09-24,86,gradient_boosting,0.0,0.0,0.0,0.0001,PERSISTED_CHAMPION_MODEL,BACKTEST_RESIDUAL_QUANTILES,RECURSIVE_FUTURE_FEATURES_USED,False,,1.0,3,9,39
SKU-GFT-010,2026-09-25,87,gradient_boosting,0.0,0.0,0.0,0.0001,PERSISTED_CHAMPION_MODEL,BACKTEST_RESIDUAL_QUANTILES,RECURSIVE_FUTURE_FEATURES_USED,False,,1.0,4,9,39
SKU-GFT-010,2026-09-26,88,gradient_boosting,0.0,0.0,0.0,0.0001,PERSISTED_CHAMPION_MODEL,BACKTEST_RESIDUAL_QUANTILES,RECURSIVE_FUTURE_FEATURES_USED,False,,1.0,5,9,39
SKU-GFT-010,2026-09-27,89,gradient_boosting,0.0,0.0,0.0,0.0001,PERSISTED_CHAMPION_MODEL,BACKTEST_RESIDUAL_QUANTILES,RECURSIVE_FUTURE_FEATURES_USED,False,,1.0,6,9,39
SKU-GFT-010,2026-09-28,90,gradient_boosting,0.0,0.0,0.0,0.0001,PERSISTED_CHAMPION_MODEL,BACKTEST_RESIDUAL_QUANTILES,RECURSIVE_FUTURE_FEATURES_USED,False,,1.0,0,9,40
SKU-SUN-003,2026-07-01,1,naive,24.0,17.9,24.0,29.0,NAIVE_CHAMPION,BACKTEST_RESIDUAL_QUANTILES,,False,,1.0,2,7,27
SKU-SUN-003,2026-07-02,2,naive,24.0,17.9,24.0,29.0,NAIVE_CHAMPION,BACKTEST_RESIDUAL_QUANTILES,,False,,1.0,3,7,27
SKU-SUN-003,2026-07-03,3,naive,24.0,17.9,24.0,29.0,NAIVE_CHAMPION,BACKTEST_RESIDUAL_QUANTILES,,False,,1.0,4,7,27
SKU-SUN-003,2026-07-04,4,naive,24.0,17.9,24.0,29.0,NAIVE_CHAMPION,BACKTEST_RESIDUAL_QUANTILES,,False,,1.0,5,7,27
SKU-SUN-003,2026-07-05,5,naive,24.0,17.9,24.0,29.0,NAIVE_CHAMPION,BACKTEST_RESIDUAL_QUANTILES,,False,,1.0,6,7,27
SKU-SUN-003,2026-07-06,6,naive,24.0,17.9,24.0,29.0,NAIVE_CHAMPION,BACKTEST_RESIDUAL_QUANTILES,,False,,1.0,0,7,28
SKU-SUN-003,2026-07-07,7,naive,24.0,17.9,24.0,29.0,NAIVE_CHAMPION,BACKTEST_RESIDUAL_QUANTILES,,False,,1.0,1,7,28
SKU-SUN-003,2026-07-08,8,naive,24.0,17.9,24.0,29.0,NAIVE_CHAMPION,BACKTEST_RESIDUAL_QUANTILES,,False,,1.0,2,7,28
SKU-SUN-003,2026-07-09,9,naive,24.0,17.9,24.0,29.0,NAIVE_CHAMPION,BACKTEST_RESIDUAL_QUANTILES,,False,,1.0,3,7,28
SKU-SUN-003,2026-07-10,10,naive,24.0,17.9,24.0,29.0,NAIVE_CHAMPION,BACKTEST_RESIDUAL_QUANTILES,,False,,1.0,4,7,28
SKU-SUN-003,2026-07-11,11,naive,24.0,17.9,24.0,29.0,NAIVE_CHAMPION,BACKTEST_RESIDUAL_QUANTILES,,False,,1.0,5,7,28
SKU-SUN-003,2026-07-12,12,naive,24.0,17.9,24.0,29.0,NAIVE_CHAMPION,BACKTEST_RESIDUAL_QUANTILES,,False,,1.0,6,7,28
SKU-SUN-003,2026-07-13,13,naive,24.0,17.9,24.0,29.0,NAIVE_CHAMPION,BACKTEST_RESIDUAL_QUANTILES,,False,,1.0,0,7,29
SKU-SUN-003,2026-07-14,14,naive,24.0,17.9,24.0,29.0,NAIVE_CHAMPION,BACKTEST_RESIDUAL_QUANTILES,,False,,1.0,1,7,29
SKU-SUN-003,2026-07-15,15,naive,24.0,17.9,24.0,29.0,NAIVE_CHAMPION,BACKTEST_RESIDUAL_QUANTILES,,False,,1.0,2,7,29
SKU-SUN-003,2026-07-16,16,naive,24.0,17.9,24.0,29.0,NAIVE_CHAMPION,BACKTEST_RESIDUAL_QUANTILES,,False,,1.0,3,7,29
SKU-SUN-003,2026-07-17,17,naive,24.0,17.9,24.0,29.0,NAIVE_CHAMPION,BACKTEST_RESIDUAL_QUANTILES,,False,,1.0,4,7,29
SKU-SUN-003,2026-07-18,18,naive,24.0,17.9,24.0,29.0,NAIVE_CHAMPION,BACKTEST_RESIDUAL_QUANTILES,,False,,1.0,5,7,29
SKU-SUN-003,2026-07-19,19,naive,24.0,17.9,24.0,29.0,NAIVE_CHAMPION,BACKTEST_RESIDUAL_QUANTILES,,False,,1.0,6,7,29
SKU-SUN-003,2026-07-20,20,naive,24.0,17.9,24.0,29.0,NAIVE_CHAMPION,BACKTEST_RESIDUAL_QUANTILES,,False,,1.0,0,7,30
SKU-SUN-003,2026-07-21,21,naive,24.0,17.9,24.0,29.0,NAIVE_CHAMPION,BACKTEST_RESIDUAL_QUANTILES,,False,,1.0,1,7,30
SKU-SUN-003,2026-07-22,22,naive,24.0,17.9,24.0,29.0,NAIVE_CHAMPION,BACKTEST_RESIDUAL_QUANTILES,,False,,1.0,2,7,30
SKU-SUN-003,2026-07-23,23,naive,24.0,17.9,24.0,29.0,NAIVE_CHAMPION,BACKTEST_RESIDUAL_QUANTILES,,False,,1.0,3,7,30
SKU-SUN-003,2026-07-24,24,naive,24.0,17.9,24.0,29.0,NAIVE_CHAMPION,BACKTEST_RESIDUAL_QUANTILES,,False,,1.0,4,7,30
SKU-SUN-003,2026-07-25,25,naive,24.0,17.9,24.0,29.0,NAIVE_CHAMPION,BACKTEST_RESIDUAL_QUANTILES,,False,,1.0,5,7,30
SKU-SUN-003,2026-07-26,26,naive,24.0,17.9,24.0,29.0,NAIVE_CHAMPION,BACKTEST_RESIDUAL_QUANTILES,,False,,1.0,6,7,30
SKU-SUN-003,2026-07-27,27,naive,24.0,17.9,24.0,29.0,NAIVE_CHAMPION,BACKTEST_RESIDUAL_QUANTILES,,False,,1.0,0,7,31
SKU-SUN-003,2026-07-28,28,naive,24.0,17.9,24.0,29.0,NAIVE_CHAMPION,BACKTEST_RESIDUAL_QUANTILES,,False,,1.0,1,7,31
SKU-SUN-003,2026-07-29,29,naive,24.0,17.9,24.0,29.0,NAIVE_CHAMPION,BACKTEST_RESIDUAL_QUANTILES,,False,,1.0,2,7,31
SKU-SUN-003,2026-07-30,30,naive,24.0,17.9,24.0,29.0,NAIVE_CHAMPION,BACKTEST_RESIDUAL_QUANTILES,,False,,1.0,3,7,31
SKU-SUN-003,2026-07-31,31,naive,24.0,17.9,24.0,29.0,NAIVE_CHAMPION,BACKTEST_RESIDUAL_QUANTILES,,False,,1.0,4,7,31
SKU-SUN-003,2026-08-01,32,naive,24.0,17.9,24.0,29.0,NAIVE_CHAMPION,BACKTEST_RESIDUAL_QUANTILES,,False,,1.0,5,8,31
SKU-SUN-003,2026-08-02,33,naive,24.0,17.9,24.0,29.0,NAIVE_CHAMPION,BACKTEST_RESIDUAL_QUANTILES,,False,,1.0,6,8,31
SKU-SUN-003,2026-08-03,34,naive,24.0,17.9,24.0,29.0,NAIVE_CHAMPION,BACKTEST_RESIDUAL_QUANTILES,,False,,1.0,0,8,32
SKU-SUN-003,2026-08-04,35,naive,24.0,17.9,24.0,29.0,NAIVE_CHAMPION,BACKTEST_RESIDUAL_QUANTILES,,False,,1.0,1,8,32
SKU-SUN-003,2026-08-05,36,naive,24.0,17.9,24.0,29.0,NAIVE_CHAMPION,BACKTEST_RESIDUAL_QUANTILES,,False,,1.0,2,8,32
SKU-SUN-003,2026-08-06,37,naive,24.0,17.9,24.0,29.0,NAIVE_CHAMPION,BACKTEST_RESIDUAL_QUANTILES,,False,,1.0,3,8,32
SKU-SUN-003,2026-08-07,38,naive,24.0,17.9,24.0,29.0,NAIVE_CHAMPION,BACKTEST_RESIDUAL_QUANTILES,,False,,1.0,4,8,32
SKU-SUN-003,2026-08-08,39,naive,24.0,17.9,24.0,29.0,NAIVE_CHAMPION,BACKTEST_RESIDUAL_QUANTILES,,False,,1.0,5,8,32
SKU-SUN-003,2026-08-09,40,naive,24.0,17.9,24.0,29.0,NAIVE_CHAMPION,BACKTEST_RESIDUAL_QUANTILES,,False,,1.0,6,8,32
SKU-SUN-003,2026-08-10,41,naive,24.0,17.9,24.0,29.0,NAIVE_CHAMPION,BACKTEST_RESIDUAL_QUANTILES,,False,,1.0,0,8,33
SKU-SUN-003,2026-08-11,42,naive,24.0,17.9,24.0,29.0,NAIVE_CHAMPION,BACKTEST_RESIDUAL_QUANTILES,,False,,1.0,1,8,33
SKU-SUN-003,2026-08-12,43,naive,24.0,17.9,24.0,29.0,NAIVE_CHAMPION,BACKTEST_RESIDUAL_QUANTILES,,False,,1.0,2,8,33
SKU-SUN-003,2026-08-13,44,naive,24.0,17.9,24.0,29.0,NAIVE_CHAMPION,BACKTEST_RESIDUAL_QUANTILES,,False,,1.0,3,8,33
SKU-SUN-003,2026-08-14,45,naive,24.0,17.9,24.0,29.0,NAIVE_CHAMPION,BACKTEST_RESIDUAL_QUANTILES,,False,,1.0,4,8,33
SKU-SUN-003,2026-08-15,46,naive,24.0,17.9,24.0,29.0,NAIVE_CHAMPION,BACKTEST_RESIDUAL_QUANTILES,,False,,1.0,5,8,33
SKU-SUN-003,2026-08-16,47,naive,24.0,17.9,24.0,29.0,NAIVE_CHAMPION,BACKTEST_RESIDUAL_QUANTILES,,False,,1.0,6,8,33
SKU-SUN-003,2026-08-17,48,naive,24.0,17.9,24.0,29.0,NAIVE_CHAMPION,BACKTEST_RESIDUAL_QUANTILES,,False,,1.0,0,8,34
SKU-SUN-003,2026-08-18,49,naive,24.0,17.9,24.0,29.0,NAIVE_CHAMPION,BACKTEST_RESIDUAL_QUANTILES,,False,,1.0,1,8,34
SKU-SUN-003,2026-08-19,50,naive,24.0,17.9,24.0,29.0,NAIVE_CHAMPION,BACKTEST_RESIDUAL_QUANTILES,,False,,1.0,2,8,34
SKU-SUN-003,2026-08-20,51,naive,24.0,17.9,24.0,29.0,NAIVE_CHAMPION,BACKTEST_RESIDUAL_QUANTILES,,False,,1.0,3,8,34
SKU-SUN-003,2026-08-21,52,naive,24.0,17.9,24.0,29.0,NAIVE_CHAMPION,BACKTEST_RESIDUAL_QUANTILES,,False,,1.0,4,8,34
SKU-SUN-003,2026-08-22,53,naive,24.0,17.9,24.0,29.0,NAIVE_CHAMPION,BACKTEST_RESIDUAL_QUANTILES,,False,,1.0,5,8,34
SKU-SUN-003,2026-08-23,54,naive,24.0,17.9,24.0,29.0,NAIVE_CHAMPION,BACKTEST_RESIDUAL_QUANTILES,,False,,1.0,6,8,34
SKU-SUN-003,2026-08-24,55,naive,24.0,17.9,24.0,29.0,NAIVE_CHAMPION,BACKTEST_RESIDUAL_QUANTILES,,False,,1.0,0,8,35
SKU-SUN-003,2026-08-25,56,naive,24.0,17.9,24.0,29.0,NAIVE_CHAMPION,BACKTEST_RESIDUAL_QUANTILES,,False,,1.0,1,8,35
SKU-SUN-003,2026-08-26,57,naive,24.0,17.9,24.0,29.0,NAIVE_CHAMPION,BACKTEST_RESIDUAL_QUANTILES,,False,,1.0,2,8,35
SKU-SUN-003,2026-08-27,58,naive,24.0,17.9,24.0,29.0,NAIVE_CHAMPION,BACKTEST_RESIDUAL_QUANTILES,,False,,1.0,3,8,35
SKU-SUN-003,2026-08-28,59,naive,24.0,17.9,24.0,29.0,NAIVE_CHAMPION,BACKTEST_RESIDUAL_QUANTILES,,False,,1.0,4,8,35
SKU-SUN-003,2026-08-29,60,naive,24.0,17.9,24.0,29.0,NAIVE_CHAMPION,BACKTEST_RESIDUAL_QUANTILES,,False,,1.0,5,8,35
SKU-SUN-003,2026-08-30,61,naive,24.0,17.9,24.0,29.0,NAIVE_CHAMPION,BACKTEST_RESIDUAL_QUANTILES,,False,,1.0,6,8,35
SKU-SUN-003,2026-08-31,62,naive,24.0,17.9,24.0,29.0,NAIVE_CHAMPION,BACKTEST_RESIDUAL_QUANTILES,,False,,1.0,0,8,36
SKU-SUN-003,2026-09-01,63,naive,24.0,17.9,24.0,29.0,NAIVE_CHAMPION,BACKTEST_RESIDUAL_QUANTILES,,False,,1.0,1,9,36
SKU-SUN-003,2026-09-02,64,naive,24.0,17.9,24.0,29.0,NAIVE_CHAMPION,BACKTEST_RESIDUAL_QUANTILES,,False,,1.0,2,9,36
SKU-SUN-003,2026-09-03,65,naive,24.0,17.9,24.0,29.0,NAIVE_CHAMPION,BACKTEST_RESIDUAL_QUANTILES,,False,,1.0,3,9,36
SKU-SUN-003,2026-09-04,66,naive,24.0,17.9,24.0,29.0,NAIVE_CHAMPION,BACKTEST_RESIDUAL_QUANTILES,,False,,1.0,4,9,36
SKU-SUN-003,2026-09-05,67,naive,24.0,17.9,24.0,29.0,NAIVE_CHAMPION,BACKTEST_RESIDUAL_QUANTILES,,False,,1.0,5,9,36
SKU-SUN-003,2026-09-06,68,naive,24.0,17.9,24.0,29.0,NAIVE_CHAMPION,BACKTEST_RESIDUAL_QUANTILES,,False,,1.0,6,9,36
SKU-SUN-003,2026-09-07,69,naive,24.0,17.9,24.0,29.0,NAIVE_CHAMPION,BACKTEST_RESIDUAL_QUANTILES,,False,,1.0,0,9,37
SKU-SUN-003,2026-09-08,70,naive,24.0,17.9,24.0,29.0,NAIVE_CHAMPION,BACKTEST_RESIDUAL_QUANTILES,,False,,1.0,1,9,37
SKU-SUN-003,2026-09-09,71,naive,24.0,17.9,24.0,29.0,NAIVE_CHAMPION,BACKTEST_RESIDUAL_QUANTILES,,False,,1.0,2,9,37
SKU-SUN-003,2026-09-10,72,naive,24.0,17.9,24.0,29.0,NAIVE_CHAMPION,BACKTEST_RESIDUAL_QUANTILES,,False,,1.0,3,9,37
SKU-SUN-003,2026-09-11,73,naive,24.0,17.9,24.0,29.0,NAIVE_CHAMPION,BACKTEST_RESIDUAL_QUANTILES,,False,,1.0,4,9,37
SKU-SUN-003,2026-09-12,74,naive,24.0,17.9,24.0,29.0,NAIVE_CHAMPION,BACKTEST_RESIDUAL_QUANTILES,,False,,1.0,5,9,37
SKU-SUN-003,2026-09-13,75,naive,24.0,17.9,24.0,29.0,NAIVE_CHAMPION,BACKTEST_RESIDUAL_QUANTILES,,False,,1.0,6,9,37
SKU-SUN-003,2026-09-14,76,naive,24.0,17.9,24.0,29.0,NAIVE_CHAMPION,BACKTEST_RESIDUAL_QUANTILES,,False,,1.0,0,9,38
SKU-SUN-003,2026-09-15,77,naive,24.0,17.9,24.0,29.0,NAIVE_CHAMPION,BACKTEST_RESIDUAL_QUANTILES,,False,,1.0,1,9,38
SKU-SUN-003,2026-09-16,78,naive,24.0,17.9,24.0,29.0,NAIVE_CHAMPION,BACKTEST_RESIDUAL_QUANTILES,,False,,1.0,2,9,38
SKU-SUN-003,2026-09-17,79,naive,24.0,17.9,24.0,29.0,NAIVE_CHAMPION,BACKTEST_RESIDUAL_QUANTILES,,False,,1.0,3,9,38
SKU-SUN-003,2026-09-18,80,naive,24.0,17.9,24.0,29.0,NAIVE_CHAMPION,BACKTEST_RESIDUAL_QUANTILES,,False,,1.0,4,9,38
SKU-SUN-003,2026-09-19,81,naive,24.0,17.9,24.0,29.0,NAIVE_CHAMPION,BACKTEST_RESIDUAL_QUANTILES,,False,,1.0,5,9,38
SKU-SUN-003,2026-09-20,82,naive,24.0,17.9,24.0,29.0,NAIVE_CHAMPION,BACKTEST_RESIDUAL_QUANTILES,,False,,1.0,6,9,38
SKU-SUN-003,2026-09-21,83,naive,24.0,17.9,24.0,29.0,NAIVE_CHAMPION,BACKTEST_RESIDUAL_QUANTILES,,False,,1.0,0,9,39
SKU-SUN-003,2026-09-22,84,naive,24.0,17.9,24.0,29.0,NAIVE_CHAMPION,BACKTEST_RESIDUAL_QUANTILES,,False,,1.0,1,9,39
SKU-SUN-003,2026-09-23,85,naive,24.0,17.9,24.0,29.0,NAIVE_CHAMPION,BACKTEST_RESIDUAL_QUANTILES,,False,,1.0,2,9,39
SKU-SUN-003,2026-09-24,86,naive,24.0,17.9,24.0,29.0,NAIVE_CHAMPION,BACKTEST_RESIDUAL_QUANTILES,,False,,1.0,3,9,39
SKU-SUN-003,2026-09-25,87,naive,24.0,17.9,24.0,29.0,NAIVE_CHAMPION,BACKTEST_RESIDUAL_QUANTILES,,False,,1.0,4,9,39
SKU-SUN-003,2026-09-26,88,naive,24.0,17.9,24.0,29.0,NAIVE_CHAMPION,BACKTEST_RESIDUAL_QUANTILES,,False,,1.0,5,9,39
SKU-SUN-003,2026-09-27,89,naive,24.0,17.9,24.0,29.0,NAIVE_CHAMPION,BACKTEST_RESIDUAL_QUANTILES,,False,,1.0,6,9,39
SKU-SUN-003,2026-09-28,90,naive,24.0,17.9,24.0,29.0,NAIVE_CHAMPION,BACKTEST_RESIDUAL_QUANTILES,,False,,1.0,0,9,40
SKU-SUP-004,2026-07-01,1,moving_average_7,7.8571,4.2286,7.8571,9.2,MOVING_AVERAGE_7_CHAMPION,BACKTEST_RESIDUAL_QUANTILES,,False,,1.0,2,7,27
SKU-SUP-004,2026-07-02,2,moving_average_7,7.8367,4.2082,7.8367,9.1796,MOVING_AVERAGE_7_CHAMPION,BACKTEST_RESIDUAL_QUANTILES,,False,,1.0,3,7,27
SKU-SUP-004,2026-07-03,3,moving_average_7,7.3848,3.7563,7.3848,8.7277,MOVING_AVERAGE_7_CHAMPION,BACKTEST_RESIDUAL_QUANTILES,,False,,1.0,4,7,27
SKU-SUP-004,2026-07-04,4,moving_average_7,7.297,3.6684,7.297,8.6398,MOVING_AVERAGE_7_CHAMPION,BACKTEST_RESIDUAL_QUANTILES,,False,,1.0,5,7,27
SKU-SUP-004,2026-07-05,5,moving_average_7,7.768,4.1394,7.768,9.1108,MOVING_AVERAGE_7_CHAMPION,BACKTEST_RESIDUAL_QUANTILES,,False,,1.0,6,7,27
SKU-SUP-004,2026-07-06,6,moving_average_7,7.8777,4.2491,7.8777,9.2205,MOVING_AVERAGE_7_CHAMPION,BACKTEST_RESIDUAL_QUANTILES,,False,,1.0,0,7,28
SKU-SUP-004,2026-07-07,7,moving_average_7,7.5745,3.9459,7.5745,8.9173,MOVING_AVERAGE_7_CHAMPION,BACKTEST_RESIDUAL_QUANTILES,,False,,1.0,1,7,28
SKU-SUP-004,2026-07-08,8,moving_average_7,7.6565,4.028,7.6565,8.9994,MOVING_AVERAGE_7_CHAMPION,BACKTEST_RESIDUAL_QUANTILES,,False,,1.0,2,7,28
SKU-SUP-004,2026-07-09,9,moving_average_7,7.6279,3.9993,7.6279,8.9707,MOVING_AVERAGE_7_CHAMPION,BACKTEST_RESIDUAL_QUANTILES,,False,,1.0,3,7,28
SKU-SUP-004,2026-07-10,10,moving_average_7,7.598,3.9695,7.598,8.9409,MOVING_AVERAGE_7_CHAMPION,BACKTEST_RESIDUAL_QUANTILES,,False,,1.0,4,7,28
SKU-SUP-004,2026-07-11,11,moving_average_7,7.6285,3.9999,7.6285,8.9714,MOVING_AVERAGE_7_CHAMPION,BACKTEST_RESIDUAL_QUANTILES,,False,,1.0,5,7,28
SKU-SUP-004,2026-07-12,12,moving_average_7,7.6759,4.0473,7.6759,9.0187,MOVING_AVERAGE_7_CHAMPION,BACKTEST_RESIDUAL_QUANTILES,,False,,1.0,6,7,28
SKU-SUP-004,2026-07-13,13,moving_average_7,7.6627,4.0341,7.6627,9.0056,MOVING_AVERAGE_7_CHAMPION,BACKTEST_RESIDUAL_QUANTILES,,False,,1.0,0,7,29
SKU-SUP-004,2026-07-14,14,moving_average_7,7.632,4.0034,7.632,8.9749,MOVING_AVERAGE_7_CHAMPION,BACKTEST_RESIDUAL_QUANTILES,,False,,1.0,1,7,29
SKU-SUP-004,2026-07-15,15,moving_average_7,7.6402,4.0116,7.6402,8.9831,MOVING_AVERAGE_7_CHAMPION,BACKTEST_RESIDUAL_QUANTILES,,False,,1.0,2,7,29
SKU-SUP-004,2026-07-16,16,moving_average_7,7.6379,4.0093,7.6379,8.9807,MOVING_AVERAGE_7_CHAMPION,BACKTEST_RESIDUAL_QUANTILES,,False,,1.0,3,7,29
SKU-SUP-004,2026-07-17,17,moving_average_7,7.6393,4.0107,7.6393,8.9822,MOVING_AVERAGE_7_CHAMPION,BACKTEST_RESIDUAL_QUANTILES,,False,,1.0,4,7,29
SKU-SUP-004,2026-07-18,18,moving_average_7,7.6452,4.0166,7.6452,8.9881,MOVING_AVERAGE_7_CHAMPION,BACKTEST_RESIDUAL_QUANTILES,,False,,1.0,5,7,29
SKU-SUP-004,2026-07-19,19,moving_average_7,7.6476,4.019,7.6476,8.9905,MOVING_AVERAGE_7_CHAMPION,BACKTEST_RESIDUAL_QUANTILES,,False,,1.0,6,7,29
SKU-SUP-004,2026-07-20,20,moving_average_7,7.6436,4.015,7.6436,8.9864,MOVING_AVERAGE_7_CHAMPION,BACKTEST_RESIDUAL_QUANTILES,,False,,1.0,0,7,30
SKU-SUP-004,2026-07-21,21,moving_average_7,7.6408,4.0123,7.6408,8.9837,MOVING_AVERAGE_7_CHAMPION,BACKTEST_RESIDUAL_QUANTILES,,False,,1.0,1,7,30
SKU-SUP-004,2026-07-22,22,moving_average_7,7.6421,4.0135,7.6421,8.9849,MOVING_AVERAGE_7_CHAMPION,BACKTEST_RESIDUAL_QUANTILES,,False,,1.0,2,7,30
SKU-SUP-004,2026-07-23,23,moving_average_7,7.6424,4.0138,7.6424,8.9852,MOVING_AVERAGE_7_CHAMPION,BACKTEST_RESIDUAL_QUANTILES,,False,,1.0,3,7,30
SKU-SUP-004,2026-07-24,24,moving_average_7,7.643,4.0144,7.643,8.9859,MOVING_AVERAGE_7_CHAMPION,BACKTEST_RESIDUAL_QUANTILES,,False,,1.0,4,7,30
SKU-SUP-004,2026-07-25,25,moving_average_7,7.6435,4.015,7.6435,8.9864,MOVING_AVERAGE_7_CHAMPION,BACKTEST_RESIDUAL_QUANTILES,,False,,1.0,5,7,30
SKU-SUP-004,2026-07-26,26,moving_average_7,7.6433,4.0147,7.6433,8.9861,MOVING_AVERAGE_7_CHAMPION,BACKTEST_RESIDUAL_QUANTILES,,False,,1.0,6,7,30
SKU-SUP-004,2026-07-27,27,moving_average_7,7.6427,4.0141,7.6427,8.9855,MOVING_AVERAGE_7_CHAMPION,BACKTEST_RESIDUAL_QUANTILES,,False,,1.0,0,7,31
SKU-SUP-004,2026-07-28,28,moving_average_7,7.6425,4.014,7.6425,8.9854,MOVING_AVERAGE_7_CHAMPION,BACKTEST_RESIDUAL_QUANTILES,,False,,1.0,1,7,31
SKU-SUP-004,2026-07-29,29,moving_average_7,7.6428,4.0142,7.6428,8.9856,MOVING_AVERAGE_7_CHAMPION,BACKTEST_RESIDUAL_QUANTILES,,False,,1.0,2,7,31
SKU-SUP-004,2026-07-30,30,moving_average_7,7.6429,4.0143,7.6429,8.9857,MOVING_AVERAGE_7_CHAMPION,BACKTEST_RESIDUAL_QUANTILES,,False,,1.0,3,7,31
SKU-SUP-004,2026-07-31,31,moving_average_7,7.6429,4.0144,7.6429,8.9858,MOVING_AVERAGE_7_CHAMPION,BACKTEST_RESIDUAL_QUANTILES,,False,,1.0,4,7,31
SKU-SUP-004,2026-08-01,32,moving_average_7,7.6429,4.0144,7.6429,8.9858,MOVING_AVERAGE_7_CHAMPION,BACKTEST_RESIDUAL_QUANTILES,,False,,1.0,5,8,31
SKU-SUP-004,2026-08-02,33,moving_average_7,7.6429,4.0143,7.6429,8.9857,MOVING_AVERAGE_7_CHAMPION,BACKTEST_RESIDUAL_QUANTILES,,False,,1.0,6,8,31
SKU-SUP-004,2026-08-03,34,moving_average_7,7.6428,4.0142,7.6428,8.9857,MOVING_AVERAGE_7_CHAMPION,BACKTEST_RESIDUAL_QUANTILES,,False,,1.0,0,8,32
SKU-SUP-004,2026-08-04,35,moving_average_7,7.6428,4.0142,7.6428,8.9857,MOVING_AVERAGE_7_CHAMPION,BACKTEST_RESIDUAL_QUANTILES,,False,,1.0,1,8,32
SKU-SUP-004,2026-08-05,36,moving_average_7,7.6429,4.0143,7.6429,8.9857,MOVING_AVERAGE_7_CHAMPION,BACKTEST_RESIDUAL_QUANTILES,,False,,1.0,2,8,32
SKU-SUP-004,2026-08-06,37,moving_average_7,7.6429,4.0143,7.6429,8.9857,MOVING_AVERAGE_7_CHAMPION,BACKTEST_RESIDUAL_QUANTILES,,False,,1.0,3,8,32
SKU-SUP-004,2026-08-07,38,moving_average_7,7.6429,4.0143,7.6429,8.9857,MOVING_AVERAGE_7_CHAMPION,BACKTEST_RESIDUAL_QUANTILES,,False,,1.0,4,8,32
SKU-SUP-004,2026-08-08,39,moving_average_7,7.6429,4.0143,7.6429,8.9857,MOVING_AVERAGE_7_CHAMPION,BACKTEST_RESIDUAL_QUANTILES,,False,,1.0,5,8,32
SKU-SUP-004,2026-08-09,40,moving_average_7,7.6428,4.0143,7.6428,8.9857,MOVING_AVERAGE_7_CHAMPION,BACKTEST_RESIDUAL_QUANTILES,,False,,1.0,6,8,32
SKU-SUP-004,2026-08-10,41,moving_average_7,7.6428,4.0143,7.6428,8.9857,MOVING_AVERAGE_7_CHAMPION,BACKTEST_RESIDUAL_QUANTILES,,False,,1.0,0,8,33
SKU-SUP-004,2026-08-11,42,moving_average_7,7.6429,4.0143,7.6429,8.9857,MOVING_AVERAGE_7_CHAMPION,BACKTEST_RESIDUAL_QUANTILES,,False,,1.0,1,8,33
SKU-SUP-004,2026-08-12,43,moving_average_7,7.6429,4.0143,7.6429,8.9857,MOVING_AVERAGE_7_CHAMPION,BACKTEST_RESIDUAL_QUANTILES,,False,,1.0,2,8,33
SKU-SUP-004,2026-08-13,44,moving_average_7,7.6429,4.0143,7.6429,8.9857,MOVING_AVERAGE_7_CHAMPION,BACKTEST_RESIDUAL_QUANTILES,,False,,1.0,3,8,33
SKU-SUP-004,2026-08-14,45,moving_average_7,7.6429,4.0143,7.6429,8.9857,MOVING_AVERAGE_7_CHAMPION,BACKTEST_RESIDUAL_QUANTILES,,False,,1.0,4,8,33
SKU-SUP-004,2026-08-15,46,moving_average_7,7.6429,4.0143,7.6429,8.9857,MOVING_AVERAGE_7_CHAMPION,BACKTEST_RESIDUAL_QUANTILES,,False,,1.0,5,8,33
SKU-SUP-004,2026-08-16,47,moving_average_7,7.6429,4.0143,7.6429,8.9857,MOVING_AVERAGE_7_CHAMPION,BACKTEST_RESIDUAL_QUANTILES,,False,,1.0,6,8,33
SKU-SUP-004,2026-08-17,48,moving_average_7,7.6429,4.0143,7.6429,8.9857,MOVING_AVERAGE_7_CHAMPION,BACKTEST_RESIDUAL_QUANTILES,,False,,1.0,0,8,34
SKU-SUP-004,2026-08-18,49,moving_average_7,7.6429,4.0143,7.6429,8.9857,MOVING_AVERAGE_7_CHAMPION,BACKTEST_RESIDUAL_QUANTILES,,False,,1.0,1,8,34
SKU-SUP-004,2026-08-19,50,moving_average_7,7.6429,4.0143,7.6429,8.9857,MOVING_AVERAGE_7_CHAMPION,BACKTEST_RESIDUAL_QUANTILES,,False,,1.0,2,8,34
SKU-SUP-004,2026-08-20,51,moving_average_7,7.6429,4.0143,7.6429,8.9857,MOVING_AVERAGE_7_CHAMPION,BACKTEST_RESIDUAL_QUANTILES,,False,,1.0,3,8,34
SKU-SUP-004,2026-08-21,52,moving_average_7,7.6429,4.0143,7.6429,8.9857,MOVING_AVERAGE_7_CHAMPION,BACKTEST_RESIDUAL_QUANTILES,,False,,1.0,4,8,34
SKU-SUP-004,2026-08-22,53,moving_average_7,7.6429,4.0143,7.6429,8.9857,MOVING_AVERAGE_7_CHAMPION,BACKTEST_RESIDUAL_QUANTILES,,False,,1.0,5,8,34
SKU-SUP-004,2026-08-23,54,moving_average_7,7.6429,4.0143,7.6429,8.9857,MOVING_AVERAGE_7_CHAMPION,BACKTEST_RESIDUAL_QUANTILES,,False,,1.0,6,8,34
SKU-SUP-004,2026-08-24,55,moving_average_7,7.6429,4.0143,7.6429,8.9857,MOVING_AVERAGE_7_CHAMPION,BACKTEST_RESIDUAL_QUANTILES,,False,,1.0,0,8,35
SKU-SUP-004,2026-08-25,56,moving_average_7,7.6429,4.0143,7.6429,8.9857,MOVING_AVERAGE_7_CHAMPION,BACKTEST_RESIDUAL_QUANTILES,,False,,1.0,1,8,35
SKU-SUP-004,2026-08-26,57,moving_average_7,7.6429,4.0143,7.6429,8.9857,MOVING_AVERAGE_7_CHAMPION,BACKTEST_RESIDUAL_QUANTILES,,False,,1.0,2,8,35
SKU-SUP-004,2026-08-27,58,moving_average_7,7.6429,4.0143,7.6429,8.9857,MOVING_AVERAGE_7_CHAMPION,BACKTEST_RESIDUAL_QUANTILES,,False,,1.0,3,8,35
SKU-SUP-004,2026-08-28,59,moving_average_7,7.6429,4.0143,7.6429,8.9857,MOVING_AVERAGE_7_CHAMPION,BACKTEST_RESIDUAL_QUANTILES,,False,,1.0,4,8,35
SKU-SUP-004,2026-08-29,60,moving_average_7,7.6429,4.0143,7.6429,8.9857,MOVING_AVERAGE_7_CHAMPION,BACKTEST_RESIDUAL_QUANTILES,,False,,1.0,5,8,35
SKU-SUP-004,2026-08-30,61,moving_average_7,7.6429,4.0143,7.6429,8.9857,MOVING_AVERAGE_7_CHAMPION,BACKTEST_RESIDUAL_QUANTILES,,False,,1.0,6,8,35
SKU-SUP-004,2026-08-31,62,moving_average_7,7.6429,4.0143,7.6429,8.9857,MOVING_AVERAGE_7_CHAMPION,BACKTEST_RESIDUAL_QUANTILES,,False,,1.0,0,8,36
SKU-SUP-004,2026-09-01,63,moving_average_7,7.6429,4.0143,7.6429,8.9857,MOVING_AVERAGE_7_CHAMPION,BACKTEST_RESIDUAL_QUANTILES,,False,,1.0,1,9,36
SKU-SUP-004,2026-09-02,64,moving_average_7,7.6429,4.0143,7.6429,8.9857,MOVING_AVERAGE_7_CHAMPION,BACKTEST_RESIDUAL_QUANTILES,,False,,1.0,2,9,36
SKU-SUP-004,2026-09-03,65,moving_average_7,7.6429,4.0143,7.6429,8.9857,MOVING_AVERAGE_7_CHAMPION,BACKTEST_RESIDUAL_QUANTILES,,False,,1.0,3,9,36
SKU-SUP-004,2026-09-04,66,moving_average_7,7.6429,4.0143,7.6429,8.9857,MOVING_AVERAGE_7_CHAMPION,BACKTEST_RESIDUAL_QUANTILES,,False,,1.0,4,9,36
SKU-SUP-004,2026-09-05,67,moving_average_7,7.6429,4.0143,7.6429,8.9857,MOVING_AVERAGE_7_CHAMPION,BACKTEST_RESIDUAL_QUANTILES,,False,,1.0,5,9,36
SKU-SUP-004,2026-09-06,68,moving_average_7,7.6429,4.0143,7.6429,8.9857,MOVING_AVERAGE_7_CHAMPION,BACKTEST_RESIDUAL_QUANTILES,,False,,1.0,6,9,36
SKU-SUP-004,2026-09-07,69,moving_average_7,7.6429,4.0143,7.6429,8.9857,MOVING_AVERAGE_7_CHAMPION,BACKTEST_RESIDUAL_QUANTILES,,False,,1.0,0,9,37
SKU-SUP-004,2026-09-08,70,moving_average_7,7.6429,4.0143,7.6429,8.9857,MOVING_AVERAGE_7_CHAMPION,BACKTEST_RESIDUAL_QUANTILES,,False,,1.0,1,9,37
SKU-SUP-004,2026-09-09,71,moving_average_7,7.6429,4.0143,7.6429,8.9857,MOVING_AVERAGE_7_CHAMPION,BACKTEST_RESIDUAL_QUANTILES,,False,,1.0,2,9,37
SKU-SUP-004,2026-09-10,72,moving_average_7,7.6429,4.0143,7.6429,8.9857,MOVING_AVERAGE_7_CHAMPION,BACKTEST_RESIDUAL_QUANTILES,,False,,1.0,3,9,37
SKU-SUP-004,2026-09-11,73,moving_average_7,7.6429,4.0143,7.6429,8.9857,MOVING_AVERAGE_7_CHAMPION,BACKTEST_RESIDUAL_QUANTILES,,False,,1.0,4,9,37
SKU-SUP-004,2026-09-12,74,moving_average_7,7.6429,4.0143,7.6429,8.9857,MOVING_AVERAGE_7_CHAMPION,BACKTEST_RESIDUAL_QUANTILES,,False,,1.0,5,9,37
SKU-SUP-004,2026-09-13,75,moving_average_7,7.6429,4.0143,7.6429,8.9857,MOVING_AVERAGE_7_CHAMPION,BACKTEST_RESIDUAL_QUANTILES,,False,,1.0,6,9,37
SKU-SUP-004,2026-09-14,76,moving_average_7,7.6429,4.0143,7.6429,8.9857,MOVING_AVERAGE_7_CHAMPION,BACKTEST_RESIDUAL_QUANTILES,,False,,1.0,0,9,38
SKU-SUP-004,2026-09-15,77,moving_average_7,7.6429,4.0143,7.6429,8.9857,MOVING_AVERAGE_7_CHAMPION,BACKTEST_RESIDUAL_QUANTILES,,False,,1.0,1,9,38
SKU-SUP-004,2026-09-16,78,moving_average_7,7.6429,4.0143,7.6429,8.9857,MOVING_AVERAGE_7_CHAMPION,BACKTEST_RESIDUAL_QUANTILES,,False,,1.0,2,9,38
SKU-SUP-004,2026-09-17,79,moving_average_7,7.6429,4.0143,7.6429,8.9857,MOVING_AVERAGE_7_CHAMPION,BACKTEST_RESIDUAL_QUANTILES,,False,,1.0,3,9,38
SKU-SUP-004,2026-09-18,80,moving_average_7,7.6429,4.0143,7.6429,8.9857,MOVING_AVERAGE_7_CHAMPION,BACKTEST_RESIDUAL_QUANTILES,,False,,1.0,4,9,38
SKU-SUP-004,2026-09-19,81,moving_average_7,7.6429,4.0143,7.6429,8.9857,MOVING_AVERAGE_7_CHAMPION,BACKTEST_RESIDUAL_QUANTILES,,False,,1.0,5,9,38
SKU-SUP-004,2026-09-20,82,moving_average_7,7.6429,4.0143,7.6429,8.9857,MOVING_AVERAGE_7_CHAMPION,BACKTEST_RESIDUAL_QUANTILES,,False,,1.0,6,9,38
SKU-SUP-004,2026-09-21,83,moving_average_7,7.6429,4.0143,7.6429,8.9857,MOVING_AVERAGE_7_CHAMPION,BACKTEST_RESIDUAL_QUANTILES,,False,,1.0,0,9,39
SKU-SUP-004,2026-09-22,84,moving_average_7,7.6429,4.0143,7.6429,8.9857,MOVING_AVERAGE_7_CHAMPION,BACKTEST_RESIDUAL_QUANTILES,,False,,1.0,1,9,39
SKU-SUP-004,2026-09-23,85,moving_average_7,7.6429,4.0143,7.6429,8.9857,MOVING_AVERAGE_7_CHAMPION,BACKTEST_RESIDUAL_QUANTILES,,False,,1.0,2,9,39
SKU-SUP-004,2026-09-24,86,moving_average_7,7.6429,4.0143,7.6429,8.9857,MOVING_AVERAGE_7_CHAMPION,BACKTEST_RESIDUAL_QUANTILES,,False,,1.0,3,9,39
SKU-SUP-004,2026-09-25,87,moving_average_7,7.6429,4.0143,7.6429,8.9857,MOVING_AVERAGE_7_CHAMPION,BACKTEST_RESIDUAL_QUANTILES,,False,,1.0,4,9,39
SKU-SUP-004,2026-09-26,88,moving_average_7,7.6429,4.0143,7.6429,8.9857,MOVING_AVERAGE_7_CHAMPION,BACKTEST_RESIDUAL_QUANTILES,,False,,1.0,5,9,39
SKU-SUP-004,2026-09-27,89,moving_average_7,7.6429,4.0143,7.6429,8.9857,MOVING_AVERAGE_7_CHAMPION,BACKTEST_RESIDUAL_QUANTILES,,False,,1.0,6,9,39
SKU-SUP-004,2026-09-28,90,moving_average_7,7.6429,4.0143,7.6429,8.9857,MOVING_AVERAGE_7_CHAMPION,BACKTEST_RESIDUAL_QUANTILES,,False,,1.0,0,9,40
SKU-TEA-002,2026-07-01,1,gradient_boosting,50.9865,50.8793,50.9865,51.3111,PERSISTED_CHAMPION_MODEL,BACKTEST_RESIDUAL_QUANTILES,RECURSIVE_FUTURE_FEATURES_USED,False,,1.0,2,7,27
SKU-TEA-002,2026-07-02,2,gradient_boosting,50.9865,50.8793,50.9865,51.3111,PERSISTED_CHAMPION_MODEL,BACKTEST_RESIDUAL_QUANTILES,RECURSIVE_FUTURE_FEATURES_USED,False,,1.0,3,7,27
SKU-TEA-002,2026-07-03,3,gradient_boosting,51.8417,51.7345,51.8417,52.1664,PERSISTED_CHAMPION_MODEL,BACKTEST_RESIDUAL_QUANTILES,RECURSIVE_FUTURE_FEATURES_USED,False,,1.0,4,7,27
SKU-TEA-002,2026-07-04,4,gradient_boosting,51.8417,51.7345,51.8417,52.1664,PERSISTED_CHAMPION_MODEL,BACKTEST_RESIDUAL_QUANTILES,RECURSIVE_FUTURE_FEATURES_USED,False,,1.0,5,7,27
SKU-TEA-002,2026-07-05,5,gradient_boosting,51.8417,51.7345,51.8417,52.1664,PERSISTED_CHAMPION_MODEL,BACKTEST_RESIDUAL_QUANTILES,RECURSIVE_FUTURE_FEATURES_USED,False,,1.0,6,7,27
SKU-TEA-002,2026-07-06,6,gradient_boosting,51.8417,51.7345,51.8417,52.1664,PERSISTED_CHAMPION_MODEL,BACKTEST_RESIDUAL_QUANTILES,RECURSIVE_FUTURE_FEATURES_USED,False,,1.0,0,7,28
SKU-TEA-002,2026-07-07,7,gradient_boosting,51.8417,51.7345,51.8417,52.1664,PERSISTED_CHAMPION_MODEL,BACKTEST_RESIDUAL_QUANTILES,RECURSIVE_FUTURE_FEATURES_USED,False,,1.0,1,7,28
SKU-TEA-002,2026-07-08,8,gradient_boosting,51.8417,51.7345,51.8417,52.1664,PERSISTED_CHAMPION_MODEL,BACKTEST_RESIDUAL_QUANTILES,RECURSIVE_FUTURE_FEATURES_USED,False,,1.0,2,7,28
SKU-TEA-002,2026-07-09,9,gradient_boosting,51.8417,51.7345,51.8417,52.1664,PERSISTED_CHAMPION_MODEL,BACKTEST_RESIDUAL_QUANTILES,RECURSIVE_FUTURE_FEATURES_USED,False,,1.0,3,7,28
SKU-TEA-002,2026-07-10,10,gradient_boosting,51.8417,51.7345,51.8417,52.1664,PERSISTED_CHAMPION_MODEL,BACKTEST_RESIDUAL_QUANTILES,RECURSIVE_FUTURE_FEATURES_USED,False,,1.0,4,7,28
SKU-TEA-002,2026-07-11,11,gradient_boosting,51.8417,51.7345,51.8417,52.1664,PERSISTED_CHAMPION_MODEL,BACKTEST_RESIDUAL_QUANTILES,RECURSIVE_FUTURE_FEATURES_USED,False,,1.0,5,7,28
SKU-TEA-002,2026-07-12,12,gradient_boosting,51.8417,51.7345,51.8417,52.1664,PERSISTED_CHAMPION_MODEL,BACKTEST_RESIDUAL_QUANTILES,RECURSIVE_FUTURE_FEATURES_USED,False,,1.0,6,7,28
SKU-TEA-002,2026-07-13,13,gradient_boosting,51.8417,51.7345,51.8417,52.1664,PERSISTED_CHAMPION_MODEL,BACKTEST_RESIDUAL_QUANTILES,RECURSIVE_FUTURE_FEATURES_USED,False,,1.0,0,7,29
SKU-TEA-002,2026-07-14,14,gradient_boosting,51.8417,51.7345,51.8417,52.1664,PERSISTED_CHAMPION_MODEL,BACKTEST_RESIDUAL_QUANTILES,RECURSIVE_FUTURE_FEATURES_USED,False,,1.0,1,7,29
SKU-TEA-002,2026-07-15,15,gradient_boosting,51.8417,51.7345,51.8417,52.1664,PERSISTED_CHAMPION_MODEL,BACKTEST_RESIDUAL_QUANTILES,RECURSIVE_FUTURE_FEATURES_USED,False,,1.0,2,7,29
SKU-TEA-002,2026-07-16,16,gradient_boosting,51.8417,51.7345,51.8417,52.1664,PERSISTED_CHAMPION_MODEL,BACKTEST_RESIDUAL_QUANTILES,RECURSIVE_FUTURE_FEATURES_USED,False,,1.0,3,7,29
SKU-TEA-002,2026-07-17,17,gradient_boosting,51.8417,51.7345,51.8417,52.1664,PERSISTED_CHAMPION_MODEL,BACKTEST_RESIDUAL_QUANTILES,RECURSIVE_FUTURE_FEATURES_USED,False,,1.0,4,7,29
SKU-TEA-002,2026-07-18,18,gradient_boosting,51.8417,51.7345,51.8417,52.1664,PERSISTED_CHAMPION_MODEL,BACKTEST_RESIDUAL_QUANTILES,RECURSIVE_FUTURE_FEATURES_USED,False,,1.0,5,7,29
SKU-TEA-002,2026-07-19,19,gradient_boosting,54.2232,54.116,54.2232,54.5479,PERSISTED_CHAMPION_MODEL,BACKTEST_RESIDUAL_QUANTILES,RECURSIVE_FUTURE_FEATURES_USED,False,,1.0,6,7,29
SKU-TEA-002,2026-07-20,20,gradient_boosting,54.2232,54.116,54.2232,54.5479,PERSISTED_CHAMPION_MODEL,BACKTEST_RESIDUAL_QUANTILES,RECURSIVE_FUTURE_FEATURES_USED,False,,1.0,0,7,30
SKU-TEA-002,2026-07-21,21,gradient_boosting,54.2232,54.116,54.2232,54.5479,PERSISTED_CHAMPION_MODEL,BACKTEST_RESIDUAL_QUANTILES,RECURSIVE_FUTURE_FEATURES_USED,False,,1.0,1,7,30
SKU-TEA-002,2026-07-22,22,gradient_boosting,54.2232,54.116,54.2232,54.5479,PERSISTED_CHAMPION_MODEL,BACKTEST_RESIDUAL_QUANTILES,RECURSIVE_FUTURE_FEATURES_USED,False,,1.0,2,7,30
SKU-TEA-002,2026-07-23,23,gradient_boosting,54.2232,54.116,54.2232,54.5479,PERSISTED_CHAMPION_MODEL,BACKTEST_RESIDUAL_QUANTILES,RECURSIVE_FUTURE_FEATURES_USED,False,,1.0,3,7,30
SKU-TEA-002,2026-07-24,24,gradient_boosting,54.2232,54.116,54.2232,54.5479,PERSISTED_CHAMPION_MODEL,BACKTEST_RESIDUAL_QUANTILES,RECURSIVE_FUTURE_FEATURES_USED,False,,1.0,4,7,30
SKU-TEA-002,2026-07-25,25,gradient_boosting,54.2232,54.116,54.2232,54.5479,PERSISTED_CHAMPION_MODEL,BACKTEST_RESIDUAL_QUANTILES,RECURSIVE_FUTURE_FEATURES_USED,False,,1.0,5,7,30
SKU-TEA-002,2026-07-26,26,gradient_boosting,54.2232,54.116,54.2232,54.5479,PERSISTED_CHAMPION_MODEL,BACKTEST_RESIDUAL_QUANTILES,RECURSIVE_FUTURE_FEATURES_USED,False,,1.0,6,7,30
SKU-TEA-002,2026-07-27,27,gradient_boosting,54.2232,54.116,54.2232,54.5479,PERSISTED_CHAMPION_MODEL,BACKTEST_RESIDUAL_QUANTILES,RECURSIVE_FUTURE_FEATURES_USED,False,,1.0,0,7,31
SKU-TEA-002,2026-07-28,28,gradient_boosting,54.2232,54.116,54.2232,54.5479,PERSISTED_CHAMPION_MODEL,BACKTEST_RESIDUAL_QUANTILES,RECURSIVE_FUTURE_FEATURES_USED,False,,1.0,1,7,31
SKU-TEA-002,2026-07-29,29,gradient_boosting,54.2232,54.116,54.2232,54.5479,PERSISTED_CHAMPION_MODEL,BACKTEST_RESIDUAL_QUANTILES,RECURSIVE_FUTURE_FEATURES_USED,False,,1.0,2,7,31
SKU-TEA-002,2026-07-30,30,gradient_boosting,54.2232,54.116,54.2232,54.5479,PERSISTED_CHAMPION_MODEL,BACKTEST_RESIDUAL_QUANTILES,RECURSIVE_FUTURE_FEATURES_USED,False,,1.0,3,7,31
SKU-TEA-002,2026-07-31,31,gradient_boosting,54.2232,54.116,54.2232,54.5479,PERSISTED_CHAMPION_MODEL,BACKTEST_RESIDUAL_QUANTILES,RECURSIVE_FUTURE_FEATURES_USED,False,,1.0,4,7,31
SKU-TEA-002,2026-08-01,32,gradient_boosting,54.2232,54.116,54.2232,54.5479,PERSISTED_CHAMPION_MODEL,BACKTEST_RESIDUAL_QUANTILES,RECURSIVE_FUTURE_FEATURES_USED,False,,1.0,5,8,31
SKU-TEA-002,2026-08-02,33,gradient_boosting,54.2232,54.116,54.2232,54.5479,PERSISTED_CHAMPION_MODEL,BACKTEST_RESIDUAL_QUANTILES,RECURSIVE_FUTURE_FEATURES_USED,False,,1.0,6,8,31
SKU-TEA-002,2026-08-03,34,gradient_boosting,54.2232,54.116,54.2232,54.5479,PERSISTED_CHAMPION_MODEL,BACKTEST_RESIDUAL_QUANTILES,RECURSIVE_FUTURE_FEATURES_USED,False,,1.0,0,8,32
SKU-TEA-002,2026-08-04,35,gradient_boosting,54.2232,54.116,54.2232,54.5479,PERSISTED_CHAMPION_MODEL,BACKTEST_RESIDUAL_QUANTILES,RECURSIVE_FUTURE_FEATURES_USED,False,,1.0,1,8,32
SKU-TEA-002,2026-08-05,36,gradient_boosting,54.2232,54.116,54.2232,54.5479,PERSISTED_CHAMPION_MODEL,BACKTEST_RESIDUAL_QUANTILES,RECURSIVE_FUTURE_FEATURES_USED,False,,1.0,2,8,32
SKU-TEA-002,2026-08-06,37,gradient_boosting,54.2232,54.116,54.2232,54.5479,PERSISTED_CHAMPION_MODEL,BACKTEST_RESIDUAL_QUANTILES,RECURSIVE_FUTURE_FEATURES_USED,False,,1.0,3,8,32
SKU-TEA-002,2026-08-07,38,gradient_boosting,54.2232,54.116,54.2232,54.5479,PERSISTED_CHAMPION_MODEL,BACKTEST_RESIDUAL_QUANTILES,RECURSIVE_FUTURE_FEATURES_USED,False,,1.0,4,8,32
SKU-TEA-002,2026-08-08,39,gradient_boosting,54.2232,54.116,54.2232,54.5479,PERSISTED_CHAMPION_MODEL,BACKTEST_RESIDUAL_QUANTILES,RECURSIVE_FUTURE_FEATURES_USED,False,,1.0,5,8,32
SKU-TEA-002,2026-08-09,40,gradient_boosting,54.2232,54.116,54.2232,54.5479,PERSISTED_CHAMPION_MODEL,BACKTEST_RESIDUAL_QUANTILES,RECURSIVE_FUTURE_FEATURES_USED,False,,1.0,6,8,32
SKU-TEA-002,2026-08-10,41,gradient_boosting,54.2232,54.116,54.2232,54.5479,PERSISTED_CHAMPION_MODEL,BACKTEST_RESIDUAL_QUANTILES,RECURSIVE_FUTURE_FEATURES_USED,False,,1.0,0,8,33
SKU-TEA-002,2026-08-11,42,gradient_boosting,54.2232,54.116,54.2232,54.5479,PERSISTED_CHAMPION_MODEL,BACKTEST_RESIDUAL_QUANTILES,RECURSIVE_FUTURE_FEATURES_USED,False,,1.0,1,8,33
SKU-TEA-002,2026-08-12,43,gradient_boosting,54.2232,54.116,54.2232,54.5479,PERSISTED_CHAMPION_MODEL,BACKTEST_RESIDUAL_QUANTILES,RECURSIVE_FUTURE_FEATURES_USED,False,,1.0,2,8,33
SKU-TEA-002,2026-08-13,44,gradient_boosting,54.2232,54.116,54.2232,54.5479,PERSISTED_CHAMPION_MODEL,BACKTEST_RESIDUAL_QUANTILES,RECURSIVE_FUTURE_FEATURES_USED,False,,1.0,3,8,33
SKU-TEA-002,2026-08-14,45,gradient_boosting,54.2232,54.116,54.2232,54.5479,PERSISTED_CHAMPION_MODEL,BACKTEST_RESIDUAL_QUANTILES,RECURSIVE_FUTURE_FEATURES_USED,False,,1.0,4,8,33
SKU-TEA-002,2026-08-15,46,gradient_boosting,54.2232,54.116,54.2232,54.5479,PERSISTED_CHAMPION_MODEL,BACKTEST_RESIDUAL_QUANTILES,RECURSIVE_FUTURE_FEATURES_USED,False,,1.0,5,8,33
SKU-TEA-002,2026-08-16,47,gradient_boosting,54.2232,54.116,54.2232,54.5479,PERSISTED_CHAMPION_MODEL,BACKTEST_RESIDUAL_QUANTILES,RECURSIVE_FUTURE_FEATURES_USED,False,,1.0,6,8,33
SKU-TEA-002,2026-08-17,48,gradient_boosting,54.2232,54.116,54.2232,54.5479,PERSISTED_CHAMPION_MODEL,BACKTEST_RESIDUAL_QUANTILES,RECURSIVE_FUTURE_FEATURES_USED,False,,1.0,0,8,34
SKU-TEA-002,2026-08-18,49,gradient_boosting,54.2232,54.116,54.2232,54.5479,PERSISTED_CHAMPION_MODEL,BACKTEST_RESIDUAL_QUANTILES,RECURSIVE_FUTURE_FEATURES_USED,False,,1.0,1,8,34
SKU-TEA-002,2026-08-19,50,gradient_boosting,54.2232,54.116,54.2232,54.5479,PERSISTED_CHAMPION_MODEL,BACKTEST_RESIDUAL_QUANTILES,RECURSIVE_FUTURE_FEATURES_USED,False,,1.0,2,8,34
SKU-TEA-002,2026-08-20,51,gradient_boosting,54.2232,54.116,54.2232,54.5479,PERSISTED_CHAMPION_MODEL,BACKTEST_RESIDUAL_QUANTILES,RECURSIVE_FUTURE_FEATURES_USED,False,,1.0,3,8,34
SKU-TEA-002,2026-08-21,52,gradient_boosting,54.2232,54.116,54.2232,54.5479,PERSISTED_CHAMPION_MODEL,BACKTEST_RESIDUAL_QUANTILES,RECURSIVE_FUTURE_FEATURES_USED,False,,1.0,4,8,34
SKU-TEA-002,2026-08-22,53,gradient_boosting,54.2232,54.116,54.2232,54.5479,PERSISTED_CHAMPION_MODEL,BACKTEST_RESIDUAL_QUANTILES,RECURSIVE_FUTURE_FEATURES_USED,False,,1.0,5,8,34
SKU-TEA-002,2026-08-23,54,gradient_boosting,54.2232,54.116,54.2232,54.5479,PERSISTED_CHAMPION_MODEL,BACKTEST_RESIDUAL_QUANTILES,RECURSIVE_FUTURE_FEATURES_USED,False,,1.0,6,8,34
SKU-TEA-002,2026-08-24,55,gradient_boosting,54.2232,54.116,54.2232,54.5479,PERSISTED_CHAMPION_MODEL,BACKTEST_RESIDUAL_QUANTILES,RECURSIVE_FUTURE_FEATURES_USED,False,,1.0,0,8,35
SKU-TEA-002,2026-08-25,56,gradient_boosting,54.2232,54.116,54.2232,54.5479,PERSISTED_CHAMPION_MODEL,BACKTEST_RESIDUAL_QUANTILES,RECURSIVE_FUTURE_FEATURES_USED,False,,1.0,1,8,35
SKU-TEA-002,2026-08-26,57,gradient_boosting,54.2232,54.116,54.2232,54.5479,PERSISTED_CHAMPION_MODEL,BACKTEST_RESIDUAL_QUANTILES,RECURSIVE_FUTURE_FEATURES_USED,False,,1.0,2,8,35
SKU-TEA-002,2026-08-27,58,gradient_boosting,54.2232,54.116,54.2232,54.5479,PERSISTED_CHAMPION_MODEL,BACKTEST_RESIDUAL_QUANTILES,RECURSIVE_FUTURE_FEATURES_USED,False,,1.0,3,8,35
SKU-TEA-002,2026-08-28,59,gradient_boosting,54.2232,54.116,54.2232,54.5479,PERSISTED_CHAMPION_MODEL,BACKTEST_RESIDUAL_QUANTILES,RECURSIVE_FUTURE_FEATURES_USED,False,,1.0,4,8,35
SKU-TEA-002,2026-08-29,60,gradient_boosting,54.2232,54.116,54.2232,54.5479,PERSISTED_CHAMPION_MODEL,BACKTEST_RESIDUAL_QUANTILES,RECURSIVE_FUTURE_FEATURES_USED,False,,1.0,5,8,35
SKU-TEA-002,2026-08-30,61,gradient_boosting,54.2232,54.116,54.2232,54.5479,PERSISTED_CHAMPION_MODEL,BACKTEST_RESIDUAL_QUANTILES,RECURSIVE_FUTURE_FEATURES_USED,False,,1.0,6,8,35
SKU-TEA-002,2026-08-31,62,gradient_boosting,54.2232,54.116,54.2232,54.5479,PERSISTED_CHAMPION_MODEL,BACKTEST_RESIDUAL_QUANTILES,RECURSIVE_FUTURE_FEATURES_USED,False,,1.0,0,8,36
SKU-TEA-002,2026-09-01,63,gradient_boosting,54.2232,54.116,54.2232,54.5479,PERSISTED_CHAMPION_MODEL,BACKTEST_RESIDUAL_QUANTILES,RECURSIVE_FUTURE_FEATURES_USED,False,,1.0,1,9,36
SKU-TEA-002,2026-09-02,64,gradient_boosting,54.2232,54.116,54.2232,54.5479,PERSISTED_CHAMPION_MODEL,BACKTEST_RESIDUAL_QUANTILES,RECURSIVE_FUTURE_FEATURES_USED,False,,1.0,2,9,36
SKU-TEA-002,2026-09-03,65,gradient_boosting,54.2232,54.116,54.2232,54.5479,PERSISTED_CHAMPION_MODEL,BACKTEST_RESIDUAL_QUANTILES,RECURSIVE_FUTURE_FEATURES_USED,False,,1.0,3,9,36
SKU-TEA-002,2026-09-04,66,gradient_boosting,54.2232,54.116,54.2232,54.5479,PERSISTED_CHAMPION_MODEL,BACKTEST_RESIDUAL_QUANTILES,RECURSIVE_FUTURE_FEATURES_USED,False,,1.0,4,9,36
SKU-TEA-002,2026-09-05,67,gradient_boosting,54.2232,54.116,54.2232,54.5479,PERSISTED_CHAMPION_MODEL,BACKTEST_RESIDUAL_QUANTILES,RECURSIVE_FUTURE_FEATURES_USED,False,,1.0,5,9,36
SKU-TEA-002,2026-09-06,68,gradient_boosting,54.2232,54.116,54.2232,54.5479,PERSISTED_CHAMPION_MODEL,BACKTEST_RESIDUAL_QUANTILES,RECURSIVE_FUTURE_FEATURES_USED,False,,1.0,6,9,36
SKU-TEA-002,2026-09-07,69,gradient_boosting,54.2232,54.116,54.2232,54.5479,PERSISTED_CHAMPION_MODEL,BACKTEST_RESIDUAL_QUANTILES,RECURSIVE_FUTURE_FEATURES_USED,False,,1.0,0,9,37
SKU-TEA-002,2026-09-08,70,gradient_boosting,54.2232,54.116,54.2232,54.5479,PERSISTED_CHAMPION_MODEL,BACKTEST_RESIDUAL_QUANTILES,RECURSIVE_FUTURE_FEATURES_USED,False,,1.0,1,9,37
SKU-TEA-002,2026-09-09,71,gradient_boosting,54.2232,54.116,54.2232,54.5479,PERSISTED_CHAMPION_MODEL,BACKTEST_RESIDUAL_QUANTILES,RECURSIVE_FUTURE_FEATURES_USED,False,,1.0,2,9,37
SKU-TEA-002,2026-09-10,72,gradient_boosting,54.2232,54.116,54.2232,54.5479,PERSISTED_CHAMPION_MODEL,BACKTEST_RESIDUAL_QUANTILES,RECURSIVE_FUTURE_FEATURES_USED,False,,1.0,3,9,37
SKU-TEA-002,2026-09-11,73,gradient_boosting,54.2232,54.116,54.2232,54.5479,PERSISTED_CHAMPION_MODEL,BACKTEST_RESIDUAL_QUANTILES,RECURSIVE_FUTURE_FEATURES_USED,False,,1.0,4,9,37
SKU-TEA-002,2026-09-12,74,gradient_boosting,54.2232,54.116,54.2232,54.5479,PERSISTED_CHAMPION_MODEL,BACKTEST_RESIDUAL_QUANTILES,RECURSIVE_FUTURE_FEATURES_USED,False,,1.0,5,9,37
SKU-TEA-002,2026-09-13,75,gradient_boosting,54.2232,54.116,54.2232,54.5479,PERSISTED_CHAMPION_MODEL,BACKTEST_RESIDUAL_QUANTILES,RECURSIVE_FUTURE_FEATURES_USED,False,,1.0,6,9,37
SKU-TEA-002,2026-09-14,76,gradient_boosting,54.2232,54.116,54.2232,54.5479,PERSISTED_CHAMPION_MODEL,BACKTEST_RESIDUAL_QUANTILES,RECURSIVE_FUTURE_FEATURES_USED,False,,1.0,0,9,38
SKU-TEA-002,2026-09-15,77,gradient_boosting,54.2232,54.116,54.2232,54.5479,PERSISTED_CHAMPION_MODEL,BACKTEST_RESIDUAL_QUANTILES,RECURSIVE_FUTURE_FEATURES_USED,False,,1.0,1,9,38
SKU-TEA-002,2026-09-16,78,gradient_boosting,54.2232,54.116,54.2232,54.5479,PERSISTED_CHAMPION_MODEL,BACKTEST_RESIDUAL_QUANTILES,RECURSIVE_FUTURE_FEATURES_USED,False,,1.0,2,9,38
SKU-TEA-002,2026-09-17,79,gradient_boosting,54.2232,54.116,54.2232,54.5479,PERSISTED_CHAMPION_MODEL,BACKTEST_RESIDUAL_QUANTILES,RECURSIVE_FUTURE_FEATURES_USED,False,,1.0,3,9,38
SKU-TEA-002,2026-09-18,80,gradient_boosting,54.2232,54.116,54.2232,54.5479,PERSISTED_CHAMPION_MODEL,BACKTEST_RESIDUAL_QUANTILES,RECURSIVE_FUTURE_FEATURES_USED,False,,1.0,4,9,38
SKU-TEA-002,2026-09-19,81,gradient_boosting,54.2232,54.116,54.2232,54.5479,PERSISTED_CHAMPION_MODEL,BACKTEST_RESIDUAL_QUANTILES,RECURSIVE_FUTURE_FEATURES_USED,False,,1.0,5,9,38
SKU-TEA-002,2026-09-20,82,gradient_boosting,54.2232,54.116,54.2232,54.5479,PERSISTED_CHAMPION_MODEL,BACKTEST_RESIDUAL_QUANTILES,RECURSIVE_FUTURE_FEATURES_USED,False,,1.0,6,9,38
SKU-TEA-002,2026-09-21,83,gradient_boosting,54.2232,54.116,54.2232,54.5479,PERSISTED_CHAMPION_MODEL,BACKTEST_RESIDUAL_QUANTILES,RECURSIVE_FUTURE_FEATURES_USED,False,,1.0,0,9,39
SKU-TEA-002,2026-09-22,84,gradient_boosting,54.2232,54.116,54.2232,54.5479,PERSISTED_CHAMPION_MODEL,BACKTEST_RESIDUAL_QUANTILES,RECURSIVE_FUTURE_FEATURES_USED,False,,1.0,1,9,39
SKU-TEA-002,2026-09-23,85,gradient_boosting,54.2232,54.116,54.2232,54.5479,PERSISTED_CHAMPION_MODEL,BACKTEST_RESIDUAL_QUANTILES,RECURSIVE_FUTURE_FEATURES_USED,False,,1.0,2,9,39
SKU-TEA-002,2026-09-24,86,gradient_boosting,54.2232,54.116,54.2232,54.5479,PERSISTED_CHAMPION_MODEL,BACKTEST_RESIDUAL_QUANTILES,RECURSIVE_FUTURE_FEATURES_USED,False,,1.0,3,9,39
SKU-TEA-002,2026-09-25,87,gradient_boosting,54.2232,54.116,54.2232,54.5479,PERSISTED_CHAMPION_MODEL,BACKTEST_RESIDUAL_QUANTILES,RECURSIVE_FUTURE_FEATURES_USED,False,,1.0,4,9,39
SKU-TEA-002,2026-09-26,88,gradient_boosting,54.2232,54.116,54.2232,54.5479,PERSISTED_CHAMPION_MODEL,BACKTEST_RESIDUAL_QUANTILES,RECURSIVE_FUTURE_FEATURES_USED,False,,1.0,5,9,39
SKU-TEA-002,2026-09-27,89,gradient_boosting,54.2232,54.116,54.2232,54.5479,PERSISTED_CHAMPION_MODEL,BACKTEST_RESIDUAL_QUANTILES,RECURSIVE_FUTURE_FEATURES_USED,False,,1.0,6,9,39
SKU-TEA-002,2026-09-28,90,gradient_boosting,54.2232,54.116,54.2232,54.5479,PERSISTED_CHAMPION_MODEL,BACKTEST_RESIDUAL_QUANTILES,RECURSIVE_FUTURE_FEATURES_USED,False,,1.0,0,9,40
SKU-UMR-007,2026-07-01,1,gradient_boosting,6.0,5.9999,6.0,6.0,PERSISTED_CHAMPION_MODEL,BACKTEST_RESIDUAL_QUANTILES,RECURSIVE_FUTURE_FEATURES_USED,False,,1.0,2,7,27
SKU-UMR-007,2026-07-02,2,gradient_boosting,6.0,5.9999,6.0,6.0,PERSISTED_CHAMPION_MODEL,BACKTEST_RESIDUAL_QUANTILES,RECURSIVE_FUTURE_FEATURES_USED,False,,1.0,3,7,27
SKU-UMR-007,2026-07-03,3,gradient_boosting,6.0,5.9999,6.0,6.0,PERSISTED_CHAMPION_MODEL,BACKTEST_RESIDUAL_QUANTILES,RECURSIVE_FUTURE_FEATURES_USED,False,,1.0,4,7,27
SKU-UMR-007,2026-07-04,4,gradient_boosting,6.0,5.9999,6.0,6.0,PERSISTED_CHAMPION_MODEL,BACKTEST_RESIDUAL_QUANTILES,RECURSIVE_FUTURE_FEATURES_USED,False,,1.0,5,7,27
SKU-UMR-007,2026-07-05,5,gradient_boosting,6.0,5.9999,6.0,6.0,PERSISTED_CHAMPION_MODEL,BACKTEST_RESIDUAL_QUANTILES,RECURSIVE_FUTURE_FEATURES_USED,False,,1.0,6,7,27
SKU-UMR-007,2026-07-06,6,gradient_boosting,6.0,5.9999,6.0,6.0,PERSISTED_CHAMPION_MODEL,BACKTEST_RESIDUAL_QUANTILES,RECURSIVE_FUTURE_FEATURES_USED,False,,1.0,0,7,28
SKU-UMR-007,2026-07-07,7,gradient_boosting,6.0,5.9999,6.0,6.0,PERSISTED_CHAMPION_MODEL,BACKTEST_RESIDUAL_QUANTILES,RECURSIVE_FUTURE_FEATURES_USED,False,,1.0,1,7,28
SKU-UMR-007,2026-07-08,8,gradient_boosting,6.0,5.9999,6.0,6.0,PERSISTED_CHAMPION_MODEL,BACKTEST_RESIDUAL_QUANTILES,RECURSIVE_FUTURE_FEATURES_USED,False,,1.0,2,7,28
SKU-UMR-007,2026-07-09,9,gradient_boosting,6.0,5.9999,6.0,6.0,PERSISTED_CHAMPION_MODEL,BACKTEST_RESIDUAL_QUANTILES,RECURSIVE_FUTURE_FEATURES_USED,False,,1.0,3,7,28
SKU-UMR-007,2026-07-10,10,gradient_boosting,6.0,5.9999,6.0,6.0,PERSISTED_CHAMPION_MODEL,BACKTEST_RESIDUAL_QUANTILES,RECURSIVE_FUTURE_FEATURES_USED,False,,1.0,4,7,28
SKU-UMR-007,2026-07-11,11,gradient_boosting,6.0,5.9999,6.0,6.0,PERSISTED_CHAMPION_MODEL,BACKTEST_RESIDUAL_QUANTILES,RECURSIVE_FUTURE_FEATURES_USED,False,,1.0,5,7,28
SKU-UMR-007,2026-07-12,12,gradient_boosting,6.0,5.9999,6.0,6.0,PERSISTED_CHAMPION_MODEL,BACKTEST_RESIDUAL_QUANTILES,RECURSIVE_FUTURE_FEATURES_USED,False,,1.0,6,7,28
SKU-UMR-007,2026-07-13,13,gradient_boosting,6.0,5.9999,6.0,6.0,PERSISTED_CHAMPION_MODEL,BACKTEST_RESIDUAL_QUANTILES,RECURSIVE_FUTURE_FEATURES_USED,False,,1.0,0,7,29
SKU-UMR-007,2026-07-14,14,gradient_boosting,6.0,5.9999,6.0,6.0,PERSISTED_CHAMPION_MODEL,BACKTEST_RESIDUAL_QUANTILES,RECURSIVE_FUTURE_FEATURES_USED,False,,1.0,1,7,29
SKU-UMR-007,2026-07-15,15,gradient_boosting,6.0,5.9999,6.0,6.0,PERSISTED_CHAMPION_MODEL,BACKTEST_RESIDUAL_QUANTILES,RECURSIVE_FUTURE_FEATURES_USED,False,,1.0,2,7,29
SKU-UMR-007,2026-07-16,16,gradient_boosting,6.0,5.9999,6.0,6.0,PERSISTED_CHAMPION_MODEL,BACKTEST_RESIDUAL_QUANTILES,RECURSIVE_FUTURE_FEATURES_USED,False,,1.0,3,7,29
SKU-UMR-007,2026-07-17,17,gradient_boosting,6.0,5.9999,6.0,6.0,PERSISTED_CHAMPION_MODEL,BACKTEST_RESIDUAL_QUANTILES,RECURSIVE_FUTURE_FEATURES_USED,False,,1.0,4,7,29
SKU-UMR-007,2026-07-18,18,gradient_boosting,6.0,5.9999,6.0,6.0,PERSISTED_CHAMPION_MODEL,BACKTEST_RESIDUAL_QUANTILES,RECURSIVE_FUTURE_FEATURES_USED,False,,1.0,5,7,29
SKU-UMR-007,2026-07-19,19,gradient_boosting,6.0,5.9999,6.0,6.0,PERSISTED_CHAMPION_MODEL,BACKTEST_RESIDUAL_QUANTILES,RECURSIVE_FUTURE_FEATURES_USED,False,,1.0,6,7,29
SKU-UMR-007,2026-07-20,20,gradient_boosting,6.0,5.9999,6.0,6.0,PERSISTED_CHAMPION_MODEL,BACKTEST_RESIDUAL_QUANTILES,RECURSIVE_FUTURE_FEATURES_USED,False,,1.0,0,7,30
SKU-UMR-007,2026-07-21,21,gradient_boosting,6.0,5.9999,6.0,6.0,PERSISTED_CHAMPION_MODEL,BACKTEST_RESIDUAL_QUANTILES,RECURSIVE_FUTURE_FEATURES_USED,False,,1.0,1,7,30
SKU-UMR-007,2026-07-22,22,gradient_boosting,6.0,5.9999,6.0,6.0,PERSISTED_CHAMPION_MODEL,BACKTEST_RESIDUAL_QUANTILES,RECURSIVE_FUTURE_FEATURES_USED,False,,1.0,2,7,30
SKU-UMR-007,2026-07-23,23,gradient_boosting,6.0,5.9999,6.0,6.0,PERSISTED_CHAMPION_MODEL,BACKTEST_RESIDUAL_QUANTILES,RECURSIVE_FUTURE_FEATURES_USED,False,,1.0,3,7,30
SKU-UMR-007,2026-07-24,24,gradient_boosting,6.0,5.9999,6.0,6.0,PERSISTED_CHAMPION_MODEL,BACKTEST_RESIDUAL_QUANTILES,RECURSIVE_FUTURE_FEATURES_USED,False,,1.0,4,7,30
SKU-UMR-007,2026-07-25,25,gradient_boosting,6.0,5.9999,6.0,6.0,PERSISTED_CHAMPION_MODEL,BACKTEST_RESIDUAL_QUANTILES,RECURSIVE_FUTURE_FEATURES_USED,False,,1.0,5,7,30
SKU-UMR-007,2026-07-26,26,gradient_boosting,6.0,5.9999,6.0,6.0,PERSISTED_CHAMPION_MODEL,BACKTEST_RESIDUAL_QUANTILES,RECURSIVE_FUTURE_FEATURES_USED,False,,1.0,6,7,30
SKU-UMR-007,2026-07-27,27,gradient_boosting,6.0,5.9999,6.0,6.0,PERSISTED_CHAMPION_MODEL,BACKTEST_RESIDUAL_QUANTILES,RECURSIVE_FUTURE_FEATURES_USED,False,,1.0,0,7,31
SKU-UMR-007,2026-07-28,28,gradient_boosting,6.0,5.9999,6.0,6.0,PERSISTED_CHAMPION_MODEL,BACKTEST_RESIDUAL_QUANTILES,RECURSIVE_FUTURE_FEATURES_USED,False,,1.0,1,7,31
SKU-UMR-007,2026-07-29,29,gradient_boosting,6.0,5.9999,6.0,6.0,PERSISTED_CHAMPION_MODEL,BACKTEST_RESIDUAL_QUANTILES,RECURSIVE_FUTURE_FEATURES_USED,False,,1.0,2,7,31
SKU-UMR-007,2026-07-30,30,gradient_boosting,6.0,5.9999,6.0,6.0,PERSISTED_CHAMPION_MODEL,BACKTEST_RESIDUAL_QUANTILES,RECURSIVE_FUTURE_FEATURES_USED,False,,1.0,3,7,31
SKU-UMR-007,2026-07-31,31,gradient_boosting,6.0,5.9999,6.0,6.0,PERSISTED_CHAMPION_MODEL,BACKTEST_RESIDUAL_QUANTILES,RECURSIVE_FUTURE_FEATURES_USED,False,,1.0,4,7,31
SKU-UMR-007,2026-08-01,32,gradient_boosting,6.0,5.9999,6.0,6.0,PERSISTED_CHAMPION_MODEL,BACKTEST_RESIDUAL_QUANTILES,RECURSIVE_FUTURE_FEATURES_USED,False,,1.0,5,8,31
SKU-UMR-007,2026-08-02,33,gradient_boosting,6.0,5.9999,6.0,6.0,PERSISTED_CHAMPION_MODEL,BACKTEST_RESIDUAL_QUANTILES,RECURSIVE_FUTURE_FEATURES_USED,False,,1.0,6,8,31
SKU-UMR-007,2026-08-03,34,gradient_boosting,6.0,5.9999,6.0,6.0,PERSISTED_CHAMPION_MODEL,BACKTEST_RESIDUAL_QUANTILES,RECURSIVE_FUTURE_FEATURES_USED,False,,1.0,0,8,32
SKU-UMR-007,2026-08-04,35,gradient_boosting,6.0,5.9999,6.0,6.0,PERSISTED_CHAMPION_MODEL,BACKTEST_RESIDUAL_QUANTILES,RECURSIVE_FUTURE_FEATURES_USED,False,,1.0,1,8,32
SKU-UMR-007,2026-08-05,36,gradient_boosting,6.0,5.9999,6.0,6.0,PERSISTED_CHAMPION_MODEL,BACKTEST_RESIDUAL_QUANTILES,RECURSIVE_FUTURE_FEATURES_USED,False,,1.0,2,8,32
SKU-UMR-007,2026-08-06,37,gradient_boosting,6.0,5.9999,6.0,6.0,PERSISTED_CHAMPION_MODEL,BACKTEST_RESIDUAL_QUANTILES,RECURSIVE_FUTURE_FEATURES_USED,False,,1.0,3,8,32
SKU-UMR-007,2026-08-07,38,gradient_boosting,6.0,5.9999,6.0,6.0,PERSISTED_CHAMPION_MODEL,BACKTEST_RESIDUAL_QUANTILES,RECURSIVE_FUTURE_FEATURES_USED,False,,1.0,4,8,32
SKU-UMR-007,2026-08-08,39,gradient_boosting,6.0,5.9999,6.0,6.0,PERSISTED_CHAMPION_MODEL,BACKTEST_RESIDUAL_QUANTILES,RECURSIVE_FUTURE_FEATURES_USED,False,,1.0,5,8,32
SKU-UMR-007,2026-08-09,40,gradient_boosting,6.0,5.9999,6.0,6.0,PERSISTED_CHAMPION_MODEL,BACKTEST_RESIDUAL_QUANTILES,RECURSIVE_FUTURE_FEATURES_USED,False,,1.0,6,8,32
SKU-UMR-007,2026-08-10,41,gradient_boosting,6.0,5.9999,6.0,6.0,PERSISTED_CHAMPION_MODEL,BACKTEST_RESIDUAL_QUANTILES,RECURSIVE_FUTURE_FEATURES_USED,False,,1.0,0,8,33
SKU-UMR-007,2026-08-11,42,gradient_boosting,6.0,5.9999,6.0,6.0,PERSISTED_CHAMPION_MODEL,BACKTEST_RESIDUAL_QUANTILES,RECURSIVE_FUTURE_FEATURES_USED,False,,1.0,1,8,33
SKU-UMR-007,2026-08-12,43,gradient_boosting,6.0,5.9999,6.0,6.0,PERSISTED_CHAMPION_MODEL,BACKTEST_RESIDUAL_QUANTILES,RECURSIVE_FUTURE_FEATURES_USED,False,,1.0,2,8,33
SKU-UMR-007,2026-08-13,44,gradient_boosting,6.0,5.9999,6.0,6.0,PERSISTED_CHAMPION_MODEL,BACKTEST_RESIDUAL_QUANTILES,RECURSIVE_FUTURE_FEATURES_USED,False,,1.0,3,8,33
SKU-UMR-007,2026-08-14,45,gradient_boosting,6.0,5.9999,6.0,6.0,PERSISTED_CHAMPION_MODEL,BACKTEST_RESIDUAL_QUANTILES,RECURSIVE_FUTURE_FEATURES_USED,False,,1.0,4,8,33
SKU-UMR-007,2026-08-15,46,gradient_boosting,6.0,5.9999,6.0,6.0,PERSISTED_CHAMPION_MODEL,BACKTEST_RESIDUAL_QUANTILES,RECURSIVE_FUTURE_FEATURES_USED,False,,1.0,5,8,33
SKU-UMR-007,2026-08-16,47,gradient_boosting,6.0,5.9999,6.0,6.0,PERSISTED_CHAMPION_MODEL,BACKTEST_RESIDUAL_QUANTILES,RECURSIVE_FUTURE_FEATURES_USED,False,,1.0,6,8,33
SKU-UMR-007,2026-08-17,48,gradient_boosting,6.0,5.9999,6.0,6.0,PERSISTED_CHAMPION_MODEL,BACKTEST_RESIDUAL_QUANTILES,RECURSIVE_FUTURE_FEATURES_USED,False,,1.0,0,8,34
SKU-UMR-007,2026-08-18,49,gradient_boosting,6.0,5.9999,6.0,6.0,PERSISTED_CHAMPION_MODEL,BACKTEST_RESIDUAL_QUANTILES,RECURSIVE_FUTURE_FEATURES_USED,False,,1.0,1,8,34
SKU-UMR-007,2026-08-19,50,gradient_boosting,6.0,5.9999,6.0,6.0,PERSISTED_CHAMPION_MODEL,BACKTEST_RESIDUAL_QUANTILES,RECURSIVE_FUTURE_FEATURES_USED,False,,1.0,2,8,34
SKU-UMR-007,2026-08-20,51,gradient_boosting,6.0,5.9999,6.0,6.0,PERSISTED_CHAMPION_MODEL,BACKTEST_RESIDUAL_QUANTILES,RECURSIVE_FUTURE_FEATURES_USED,False,,1.0,3,8,34
SKU-UMR-007,2026-08-21,52,gradient_boosting,6.0,5.9999,6.0,6.0,PERSISTED_CHAMPION_MODEL,BACKTEST_RESIDUAL_QUANTILES,RECURSIVE_FUTURE_FEATURES_USED,False,,1.0,4,8,34
SKU-UMR-007,2026-08-22,53,gradient_boosting,6.0,5.9999,6.0,6.0,PERSISTED_CHAMPION_MODEL,BACKTEST_RESIDUAL_QUANTILES,RECURSIVE_FUTURE_FEATURES_USED,False,,1.0,5,8,34
SKU-UMR-007,2026-08-23,54,gradient_boosting,6.0,5.9999,6.0,6.0,PERSISTED_CHAMPION_MODEL,BACKTEST_RESIDUAL_QUANTILES,RECURSIVE_FUTURE_FEATURES_USED,False,,1.0,6,8,34
SKU-UMR-007,2026-08-24,55,gradient_boosting,6.0,5.9999,6.0,6.0,PERSISTED_CHAMPION_MODEL,BACKTEST_RESIDUAL_QUANTILES,RECURSIVE_FUTURE_FEATURES_USED,False,,1.0,0,8,35
SKU-UMR-007,2026-08-25,56,gradient_boosting,6.0,5.9999,6.0,6.0,PERSISTED_CHAMPION_MODEL,BACKTEST_RESIDUAL_QUANTILES,RECURSIVE_FUTURE_FEATURES_USED,False,,1.0,1,8,35
SKU-UMR-007,2026-08-26,57,gradient_boosting,6.0,5.9999,6.0,6.0,PERSISTED_CHAMPION_MODEL,BACKTEST_RESIDUAL_QUANTILES,RECURSIVE_FUTURE_FEATURES_USED,False,,1.0,2,8,35
SKU-UMR-007,2026-08-27,58,gradient_boosting,6.0,5.9999,6.0,6.0,PERSISTED_CHAMPION_MODEL,BACKTEST_RESIDUAL_QUANTILES,RECURSIVE_FUTURE_FEATURES_USED,False,,1.0,3,8,35
SKU-UMR-007,2026-08-28,59,gradient_boosting,6.0,5.9999,6.0,6.0,PERSISTED_CHAMPION_MODEL,BACKTEST_RESIDUAL_QUANTILES,RECURSIVE_FUTURE_FEATURES_USED,False,,1.0,4,8,35
SKU-UMR-007,2026-08-29,60,gradient_boosting,6.0,5.9999,6.0,6.0,PERSISTED_CHAMPION_MODEL,BACKTEST_RESIDUAL_QUANTILES,RECURSIVE_FUTURE_FEATURES_USED,False,,1.0,5,8,35
SKU-UMR-007,2026-08-30,61,gradient_boosting,6.0,5.9999,6.0,6.0,PERSISTED_CHAMPION_MODEL,BACKTEST_RESIDUAL_QUANTILES,RECURSIVE_FUTURE_FEATURES_USED,False,,1.0,6,8,35
SKU-UMR-007,2026-08-31,62,gradient_boosting,6.0,5.9999,6.0,6.0,PERSISTED_CHAMPION_MODEL,BACKTEST_RESIDUAL_QUANTILES,RECURSIVE_FUTURE_FEATURES_USED,False,,1.0,0,8,36
SKU-UMR-007,2026-09-01,63,gradient_boosting,6.0,5.9999,6.0,6.0,PERSISTED_CHAMPION_MODEL,BACKTEST_RESIDUAL_QUANTILES,RECURSIVE_FUTURE_FEATURES_USED,False,,1.0,1,9,36
SKU-UMR-007,2026-09-02,64,gradient_boosting,6.0,5.9999,6.0,6.0,PERSISTED_CHAMPION_MODEL,BACKTEST_RESIDUAL_QUANTILES,RECURSIVE_FUTURE_FEATURES_USED,False,,1.0,2,9,36
SKU-UMR-007,2026-09-03,65,gradient_boosting,6.0,5.9999,6.0,6.0,PERSISTED_CHAMPION_MODEL,BACKTEST_RESIDUAL_QUANTILES,RECURSIVE_FUTURE_FEATURES_USED,False,,1.0,3,9,36
SKU-UMR-007,2026-09-04,66,gradient_boosting,6.0,5.9999,6.0,6.0,PERSISTED_CHAMPION_MODEL,BACKTEST_RESIDUAL_QUANTILES,RECURSIVE_FUTURE_FEATURES_USED,False,,1.0,4,9,36
SKU-UMR-007,2026-09-05,67,gradient_boosting,6.0,5.9999,6.0,6.0,PERSISTED_CHAMPION_MODEL,BACKTEST_RESIDUAL_QUANTILES,RECURSIVE_FUTURE_FEATURES_USED,False,,1.0,5,9,36
SKU-UMR-007,2026-09-06,68,gradient_boosting,6.0,5.9999,6.0,6.0,PERSISTED_CHAMPION_MODEL,BACKTEST_RESIDUAL_QUANTILES,RECURSIVE_FUTURE_FEATURES_USED,False,,1.0,6,9,36
SKU-UMR-007,2026-09-07,69,gradient_boosting,6.0,5.9999,6.0,6.0,PERSISTED_CHAMPION_MODEL,BACKTEST_RESIDUAL_QUANTILES,RECURSIVE_FUTURE_FEATURES_USED,False,,1.0,0,9,37
SKU-UMR-007,2026-09-08,70,gradient_boosting,6.0,5.9999,6.0,6.0,PERSISTED_CHAMPION_MODEL,BACKTEST_RESIDUAL_QUANTILES,RECURSIVE_FUTURE_FEATURES_USED,False,,1.0,1,9,37
SKU-UMR-007,2026-09-09,71,gradient_boosting,6.0,5.9999,6.0,6.0,PERSISTED_CHAMPION_MODEL,BACKTEST_RESIDUAL_QUANTILES,RECURSIVE_FUTURE_FEATURES_USED,False,,1.0,2,9,37
SKU-UMR-007,2026-09-10,72,gradient_boosting,6.0,5.9999,6.0,6.0,PERSISTED_CHAMPION_MODEL,BACKTEST_RESIDUAL_QUANTILES,RECURSIVE_FUTURE_FEATURES_USED,False,,1.0,3,9,37
SKU-UMR-007,2026-09-11,73,gradient_boosting,6.0,5.9999,6.0,6.0,PERSISTED_CHAMPION_MODEL,BACKTEST_RESIDUAL_QUANTILES,RECURSIVE_FUTURE_FEATURES_USED,False,,1.0,4,9,37
SKU-UMR-007,2026-09-12,74,gradient_boosting,6.0,5.9999,6.0,6.0,PERSISTED_CHAMPION_MODEL,BACKTEST_RESIDUAL_QUANTILES,RECURSIVE_FUTURE_FEATURES_USED,False,,1.0,5,9,37
SKU-UMR-007,2026-09-13,75,gradient_boosting,6.0,5.9999,6.0,6.0,PERSISTED_CHAMPION_MODEL,BACKTEST_RESIDUAL_QUANTILES,RECURSIVE_FUTURE_FEATURES_USED,False,,1.0,6,9,37
SKU-UMR-007,2026-09-14,76,gradient_boosting,6.0,5.9999,6.0,6.0,PERSISTED_CHAMPION_MODEL,BACKTEST_RESIDUAL_QUANTILES,RECURSIVE_FUTURE_FEATURES_USED,False,,1.0,0,9,38
SKU-UMR-007,2026-09-15,77,gradient_boosting,6.0,5.9999,6.0,6.0,PERSISTED_CHAMPION_MODEL,BACKTEST_RESIDUAL_QUANTILES,RECURSIVE_FUTURE_FEATURES_USED,False,,1.0,1,9,38
SKU-UMR-007,2026-09-16,78,gradient_boosting,6.0,5.9999,6.0,6.0,PERSISTED_CHAMPION_MODEL,BACKTEST_RESIDUAL_QUANTILES,RECURSIVE_FUTURE_FEATURES_USED,False,,1.0,2,9,38
SKU-UMR-007,2026-09-17,79,gradient_boosting,6.0,5.9999,6.0,6.0,PERSISTED_CHAMPION_MODEL,BACKTEST_RESIDUAL_QUANTILES,RECURSIVE_FUTURE_FEATURES_USED,False,,1.0,3,9,38
SKU-UMR-007,2026-09-18,80,gradient_boosting,6.0,5.9999,6.0,6.0,PERSISTED_CHAMPION_MODEL,BACKTEST_RESIDUAL_QUANTILES,RECURSIVE_FUTURE_FEATURES_USED,False,,1.0,4,9,38
SKU-UMR-007,2026-09-19,81,gradient_boosting,6.0,5.9999,6.0,6.0,PERSISTED_CHAMPION_MODEL,BACKTEST_RESIDUAL_QUANTILES,RECURSIVE_FUTURE_FEATURES_USED,False,,1.0,5,9,38
SKU-UMR-007,2026-09-20,82,gradient_boosting,6.0,5.9999,6.0,6.0,PERSISTED_CHAMPION_MODEL,BACKTEST_RESIDUAL_QUANTILES,RECURSIVE_FUTURE_FEATURES_USED,False,,1.0,6,9,38
SKU-UMR-007,2026-09-21,83,gradient_boosting,6.0,5.9999,6.0,6.0,PERSISTED_CHAMPION_MODEL,BACKTEST_RESIDUAL_QUANTILES,RECURSIVE_FUTURE_FEATURES_USED,False,,1.0,0,9,39
SKU-UMR-007,2026-09-22,84,gradient_boosting,6.0,5.9999,6.0,6.0,PERSISTED_CHAMPION_MODEL,BACKTEST_RESIDUAL_QUANTILES,RECURSIVE_FUTURE_FEATURES_USED,False,,1.0,1,9,39
SKU-UMR-007,2026-09-23,85,gradient_boosting,6.0,5.9999,6.0,6.0,PERSISTED_CHAMPION_MODEL,BACKTEST_RESIDUAL_QUANTILES,RECURSIVE_FUTURE_FEATURES_USED,False,,1.0,2,9,39
SKU-UMR-007,2026-09-24,86,gradient_boosting,6.0,5.9999,6.0,6.0,PERSISTED_CHAMPION_MODEL,BACKTEST_RESIDUAL_QUANTILES,RECURSIVE_FUTURE_FEATURES_USED,False,,1.0,3,9,39
SKU-UMR-007,2026-09-25,87,gradient_boosting,6.0,5.9999,6.0,6.0,PERSISTED_CHAMPION_MODEL,BACKTEST_RESIDUAL_QUANTILES,RECURSIVE_FUTURE_FEATURES_USED,False,,1.0,4,9,39
SKU-UMR-007,2026-09-26,88,gradient_boosting,6.0,5.9999,6.0,6.0,PERSISTED_CHAMPION_MODEL,BACKTEST_RESIDUAL_QUANTILES,RECURSIVE_FUTURE_FEATURES_USED,False,,1.0,5,9,39
SKU-UMR-007,2026-09-27,89,gradient_boosting,6.0,5.9999,6.0,6.0,PERSISTED_CHAMPION_MODEL,BACKTEST_RESIDUAL_QUANTILES,RECURSIVE_FUTURE_FEATURES_USED,False,,1.0,6,9,39
SKU-UMR-007,2026-09-28,90,gradient_boosting,6.0,5.9999,6.0,6.0,PERSISTED_CHAMPION_MODEL,BACKTEST_RESIDUAL_QUANTILES,RECURSIVE_FUTURE_FEATURES_USED,False,,1.0,0,9,40
