sku_id,product_name,category,scenario_id,scenario_name,scenario_rank_generated,lever_count,buffer_strategy,supplier_strategy,delivery_strategy,order_cap_strategy,expiry_strategy,warehouse_strategy,scenario_service_level,scenario_safety_stock,scenario_reorder_point,scenario_order_quantity,scenario_order_cap_days,scenario_expected_lead_time_days,scenario_lead_time_std_days,scenario_purchase_cost,scenario_ordering_cost,scenario_holding_cost,scenario_stockout_cost,scenario_overstock_cost,scenario_expiry_cost,scenario_dead_stock_cost,scenario_supplier_risk_cost,scenario_warehouse_space_cost,scenario_warehouse_travel_cost,scenario_receiving_capacity_penalty,scenario_manual_review_penalty,raw_constraint_violation_penalty,weighted_constraint_violation_penalty,constraint_violation_penalty_weight,scenario_constraint_violation_penalty,scenario_operational_cost,scenario_risk_penalty_cost,scenario_constraint_penalty_cost,scenario_total_penalty_adjusted_cost,scenario_total_relevant_cost,scenario_cost_reconciliation_difference,scenario_cost_reconciliation_ok,scenario_cost_basis,scenario_penalty_share_of_total,scenario_penalty_driven_flag,scenario_cost_interpretation,constraint_penalty_reason,hard_blocker_count,major_risk_count,review_required_count,soft_warning_count,feasibility_severity,hard_blocker_reasons,major_risk_reasons,review_required_reasons,soft_warning_reasons,severity_based_constraint_penalty,severity_based_review_penalty,severity_based_soft_warning_penalty,severity_penalty_total,legacy_constraint_penalty_used_flag,scenario_cost_estimation_method,feasible_flag,hard_constraint_violation_flag,soft_constraint_warning_flag,requires_human_review,feasibility_status,constraint_violations,soft_warnings,scenario_result_reason
SKU-COF-001,House Blend Coffee 1kg,Grocery,SKU-COF-001-SCN-001,CURRENT_POLICY,1,0,CURRENT_BUFFER,CURRENT_SUPPLIER,NORMAL_DELIVERY,CURRENT_ORDER_CAP,NO_EXPIRY_ACTION,CURRENT_WAREHOUSE_PLAN,0.99,259.0,703.0,1880.0,58.21,10.0,2.0,7391.33,95.0,518.7,1397.83,0.0,0.0,0.0,19.09,54.56,8.12,0.0,0,0,0,10.0,0,9484.63,200.0,0.0,9684.63,9684.63,0.0,True,PENALTY_ADJUSTED_TOTAL_COST,0.0207,False,Operational cost plus severity-based risk/review/constraint penalties; not direct cash cost.,"Severity-based penalty used: hard blockers=0, major risks=0, review-required=0, soft warnings=2. Reasons: SUPPLIER_RISK_REMAINS; FORECAST_CONFIDENCE_LOW",0,0,0,2,SOFT_WARNING,,,,SUPPLIER_RISK_REMAINS; FORECAST_CONFIDENCE_LOW,0,0,200,200,False,RULE_BASED_ESTIMATE,True,False,True,False,BASELINE_ONLY,,SUPPLIER_RISK_REMAINS; FORECAST_CONFIDENCE_LOW,Scenario CURRENT_POLICY scored with BASELINE_ONLY feasibility.
SKU-COF-001,House Blend Coffee 1kg,Grocery,SKU-COF-001-SCN-002,INCREASE_BUFFER,2,1,INCREASE_BUFFER,CURRENT_SUPPLIER,NORMAL_DELIVERY,CURRENT_ORDER_CAP,NO_EXPIRY_ACTION,CURRENT_WAREHOUSE_PLAN,0.99,297.85,808.45,1880.0,58.21,10.0,2.0,7391.33,95.0,580.94,978.48,0.0,0.0,0.0,19.09,54.56,8.12,0.0,0,0,0,10.0,0,9127.53,200.0,0.0,9327.53,9327.53,0.0,True,PENALTY_ADJUSTED_TOTAL_COST,0.0214,False,Operational cost plus severity-based risk/review/constraint penalties; not direct cash cost.,"Severity-based penalty used: hard blockers=0, major risks=0, review-required=0, soft warnings=2. Reasons: SUPPLIER_RISK_REMAINS; FORECAST_CONFIDENCE_LOW",0,0,0,2,SOFT_WARNING,,,,SUPPLIER_RISK_REMAINS; FORECAST_CONFIDENCE_LOW,0,0,200,200,False,RULE_BASED_ESTIMATE,True,False,True,False,FEASIBLE,,SUPPLIER_RISK_REMAINS; FORECAST_CONFIDENCE_LOW,Scenario INCREASE_BUFFER scored with FEASIBLE feasibility.
SKU-COF-001,House Blend Coffee 1kg,Grocery,SKU-COF-001-SCN-003,FAST_RELIABLE_SUPPLIER,3,1,CURRENT_BUFFER,FAST_RELIABLE_SUPPLIER,NORMAL_DELIVERY,CURRENT_ORDER_CAP,NO_EXPIRY_ACTION,CURRENT_WAREHOUSE_PLAN,0.99,259.0,703.0,1880.0,58.21,10.0,2.0,8130.46,95.0,518.7,838.7,0.0,0.0,0.0,11.45,54.56,8.12,0.0,500,0,0,10.0,0,9657.0,600.0,0.0,10257.0,10257.0,0.0,True,PENALTY_ADJUSTED_TOTAL_COST,0.0585,False,Operational cost plus review-required penalty; review penalty is not direct operating cost.,"Severity-based penalty used: hard blockers=0, major risks=0, review-required=1, soft warnings=1. Reasons: SUPPLIER_REVIEW_REQUIRED_WITH_SUPPLIER_CHANGE; FORECAST_CONFIDENCE_LOW",0,0,1,1,REVIEW_REQUIRED,,,SUPPLIER_REVIEW_REQUIRED_WITH_SUPPLIER_CHANGE,FORECAST_CONFIDENCE_LOW,0,500,100,600,False,RULE_BASED_ESTIMATE,True,False,True,True,FEASIBLE_WITH_REVIEW,,SUPPLIER_REVIEW_REQUIRED_WITH_SUPPLIER_CHANGE; FORECAST_CONFIDENCE_LOW,Scenario FAST_RELIABLE_SUPPLIER scored with FEASIBLE_WITH_REVIEW feasibility.
SKU-COF-001,House Blend Coffee 1kg,Grocery,SKU-COF-001-SCN-004,MOST_RELIABLE_SUPPLIER,4,1,CURRENT_BUFFER,MOST_RELIABLE_SUPPLIER,NORMAL_DELIVERY,CURRENT_ORDER_CAP,NO_EXPIRY_ACTION,CURRENT_WAREHOUSE_PLAN,0.99,259.0,703.0,1880.0,58.21,10.0,2.0,8500.03,95.0,518.7,1397.83,0.0,0.0,0.0,9.54,54.56,8.12,0.0,500,0,0,10.0,0,10583.78,600.0,0.0,11183.78,11183.78,0.0,True,PENALTY_ADJUSTED_TOTAL_COST,0.0536,False,Operational cost plus review-required penalty; review penalty is not direct operating cost.,"Severity-based penalty used: hard blockers=0, major risks=0, review-required=1, soft warnings=1. Reasons: SUPPLIER_REVIEW_REQUIRED_WITH_SUPPLIER_CHANGE; FORECAST_CONFIDENCE_LOW",0,0,1,1,REVIEW_REQUIRED,,,SUPPLIER_REVIEW_REQUIRED_WITH_SUPPLIER_CHANGE,FORECAST_CONFIDENCE_LOW,0,500,100,600,False,RULE_BASED_ESTIMATE,True,False,True,True,FEASIBLE_WITH_REVIEW,,SUPPLIER_REVIEW_REQUIRED_WITH_SUPPLIER_CHANGE; FORECAST_CONFIDENCE_LOW,Scenario MOST_RELIABLE_SUPPLIER scored with FEASIBLE_WITH_REVIEW feasibility.
SKU-COF-001,House Blend Coffee 1kg,Grocery,SKU-COF-001-SCN-005,BALANCED_SUPPLIER,5,1,CURRENT_BUFFER,BALANCED_SUPPLIER,NORMAL_DELIVERY,CURRENT_ORDER_CAP,NO_EXPIRY_ACTION,CURRENT_WAREHOUSE_PLAN,0.99,259.0,703.0,1880.0,58.21,10.0,2.0,7613.07,95.0,518.7,1397.83,0.0,0.0,0.0,14.32,54.56,8.12,0.0,500,0,0,10.0,0,9701.6,600.0,0.0,10301.6,10301.6,0.0,True,PENALTY_ADJUSTED_TOTAL_COST,0.0582,False,Operational cost plus review-required penalty; review penalty is not direct operating cost.,"Severity-based penalty used: hard blockers=0, major risks=0, review-required=1, soft warnings=1. Reasons: SUPPLIER_REVIEW_REQUIRED_WITH_SUPPLIER_CHANGE; FORECAST_CONFIDENCE_LOW",0,0,1,1,REVIEW_REQUIRED,,,SUPPLIER_REVIEW_REQUIRED_WITH_SUPPLIER_CHANGE,FORECAST_CONFIDENCE_LOW,0,500,100,600,False,RULE_BASED_ESTIMATE,True,False,True,True,FEASIBLE_WITH_REVIEW,,SUPPLIER_REVIEW_REQUIRED_WITH_SUPPLIER_CHANGE; FORECAST_CONFIDENCE_LOW,Scenario BALANCED_SUPPLIER scored with FEASIBLE_WITH_REVIEW feasibility.
SKU-COF-001,House Blend Coffee 1kg,Grocery,SKU-COF-001-SCN-006,SUPPLIER_REVIEW_ONLY,6,1,CURRENT_BUFFER,SUPPLIER_REVIEW_ONLY,NORMAL_DELIVERY,CURRENT_ORDER_CAP,NO_EXPIRY_ACTION,CURRENT_WAREHOUSE_PLAN,0.99,259.0,703.0,1880.0,58.21,10.0,2.0,7391.33,95.0,518.7,1397.83,0.0,0.0,0.0,19.09,54.56,8.12,0.0,500,0,0,10.0,0,9484.63,700.0,0.0,10184.63,10184.63,0.0,True,PENALTY_ADJUSTED_TOTAL_COST,0.0687,False,Operational cost plus review-required penalty; review penalty is not direct operating cost.,"Severity-based penalty used: hard blockers=0, major risks=0, review-required=1, soft warnings=2. Reasons: SUPPLIER_REVIEW_ONLY_SELECTED; SUPPLIER_RISK_REMAINS; FORECAST_CONFIDENCE_LOW",0,0,1,2,REVIEW_REQUIRED,,,SUPPLIER_REVIEW_ONLY_SELECTED,SUPPLIER_RISK_REMAINS; FORECAST_CONFIDENCE_LOW,0,500,200,700,False,RULE_BASED_ESTIMATE,True,False,True,True,FEASIBLE_WITH_REVIEW,,SUPPLIER_REVIEW_ONLY_SELECTED; SUPPLIER_RISK_REMAINS; FORECAST_CONFIDENCE_LOW,Scenario SUPPLIER_REVIEW_ONLY scored with FEASIBLE_WITH_REVIEW feasibility.
SKU-COF-001,House Blend Coffee 1kg,Grocery,SKU-COF-001-SCN-007,EXPEDITE_DELIVERY,7,1,CURRENT_BUFFER,CURRENT_SUPPLIER,EXPEDITE_DELIVERY,CURRENT_ORDER_CAP,NO_EXPIRY_ACTION,CURRENT_WAREHOUSE_PLAN,0.99,259.0,703.0,1880.0,58.21,7.0,2.0,7391.33,118.75,518.7,908.59,0.0,0.0,0.0,19.09,54.56,8.12,0.0,0,0,0,10.0,0,9019.14,200.0,0.0,9219.14,9219.14,0.0,True,PENALTY_ADJUSTED_TOTAL_COST,0.0217,False,Operational cost plus severity-based risk/review/constraint penalties; not direct cash cost.,"Severity-based penalty used: hard blockers=0, major risks=0, review-required=0, soft warnings=2. Reasons: SUPPLIER_RISK_REMAINS; FORECAST_CONFIDENCE_LOW",0,0,0,2,SOFT_WARNING,,,,SUPPLIER_RISK_REMAINS; FORECAST_CONFIDENCE_LOW,0,0,200,200,False,RULE_BASED_ESTIMATE,True,False,True,False,FEASIBLE,,SUPPLIER_RISK_REMAINS; FORECAST_CONFIDENCE_LOW,Scenario EXPEDITE_DELIVERY scored with FEASIBLE feasibility.
SKU-COF-001,House Blend Coffee 1kg,Grocery,SKU-COF-001-SCN-008,LOOSEN_ORDER_CAP,8,1,CURRENT_BUFFER,CURRENT_SUPPLIER,NORMAL_DELIVERY,LOOSEN_ORDER_CAP,NO_EXPIRY_ACTION,CURRENT_WAREHOUSE_PLAN,0.99,259.0,703.0,2350.0,72.76,10.0,2.0,9239.16,95.0,518.7,1397.83,0.0,0.0,0.0,19.09,54.56,8.12,0.0,0,0,0,10.0,0,11332.46,200.0,0.0,11532.46,11532.46,0.0,True,PENALTY_ADJUSTED_TOTAL_COST,0.0173,False,Operational cost plus severity-based risk/review/constraint penalties; not direct cash cost.,"Severity-based penalty used: hard blockers=0, major risks=0, review-required=0, soft warnings=2. Reasons: SUPPLIER_RISK_REMAINS; FORECAST_CONFIDENCE_LOW",0,0,0,2,SOFT_WARNING,,,,SUPPLIER_RISK_REMAINS; FORECAST_CONFIDENCE_LOW,0,0,200,200,False,RULE_BASED_ESTIMATE,True,False,True,False,FEASIBLE,,SUPPLIER_RISK_REMAINS; FORECAST_CONFIDENCE_LOW,Scenario LOOSEN_ORDER_CAP scored with FEASIBLE feasibility.
SKU-COF-001,House Blend Coffee 1kg,Grocery,SKU-COF-001-SCN-009,INCREASE_BUFFER__FAST_RELIABLE_SUPPLIER,9,2,INCREASE_BUFFER,FAST_RELIABLE_SUPPLIER,NORMAL_DELIVERY,CURRENT_ORDER_CAP,NO_EXPIRY_ACTION,CURRENT_WAREHOUSE_PLAN,0.99,297.85,808.45,1880.0,58.21,10.0,2.0,8130.46,95.0,580.94,587.09,0.0,0.0,0.0,11.45,54.56,8.12,0.0,500,0,0,10.0,0,9467.63,600.0,0.0,10067.63,10067.63,0.0,True,PENALTY_ADJUSTED_TOTAL_COST,0.0596,False,Operational cost plus review-required penalty; review penalty is not direct operating cost.,"Severity-based penalty used: hard blockers=0, major risks=0, review-required=1, soft warnings=1. Reasons: SUPPLIER_REVIEW_REQUIRED_WITH_SUPPLIER_CHANGE; FORECAST_CONFIDENCE_LOW",0,0,1,1,REVIEW_REQUIRED,,,SUPPLIER_REVIEW_REQUIRED_WITH_SUPPLIER_CHANGE,FORECAST_CONFIDENCE_LOW,0,500,100,600,False,RULE_BASED_ESTIMATE,True,False,True,True,FEASIBLE_WITH_REVIEW,,SUPPLIER_REVIEW_REQUIRED_WITH_SUPPLIER_CHANGE; FORECAST_CONFIDENCE_LOW,Scenario INCREASE_BUFFER__FAST_RELIABLE_SUPPLIER scored with FEASIBLE_WITH_REVIEW feasibility.
SKU-COF-001,House Blend Coffee 1kg,Grocery,SKU-COF-001-SCN-010,INCREASE_BUFFER__MOST_RELIABLE_SUPPLIER,10,2,INCREASE_BUFFER,MOST_RELIABLE_SUPPLIER,NORMAL_DELIVERY,CURRENT_ORDER_CAP,NO_EXPIRY_ACTION,CURRENT_WAREHOUSE_PLAN,0.99,297.85,808.45,1880.0,58.21,10.0,2.0,8500.03,95.0,580.94,978.48,0.0,0.0,0.0,9.54,54.56,8.12,0.0,500,0,0,10.0,0,10226.68,600.0,0.0,10826.68,10826.68,0.0,True,PENALTY_ADJUSTED_TOTAL_COST,0.0554,False,Operational cost plus review-required penalty; review penalty is not direct operating cost.,"Severity-based penalty used: hard blockers=0, major risks=0, review-required=1, soft warnings=1. Reasons: SUPPLIER_REVIEW_REQUIRED_WITH_SUPPLIER_CHANGE; FORECAST_CONFIDENCE_LOW",0,0,1,1,REVIEW_REQUIRED,,,SUPPLIER_REVIEW_REQUIRED_WITH_SUPPLIER_CHANGE,FORECAST_CONFIDENCE_LOW,0,500,100,600,False,RULE_BASED_ESTIMATE,True,False,True,True,FEASIBLE_WITH_REVIEW,,SUPPLIER_REVIEW_REQUIRED_WITH_SUPPLIER_CHANGE; FORECAST_CONFIDENCE_LOW,Scenario INCREASE_BUFFER__MOST_RELIABLE_SUPPLIER scored with FEASIBLE_WITH_REVIEW feasibility.
SKU-TEA-002,Iced Tea Peach 500ml,Beverages,SKU-TEA-002-SCN-001,CURRENT_POLICY,1,0,CURRENT_BUFFER,CURRENT_SUPPLIER,NORMAL_DELIVERY,CURRENT_ORDER_CAP,NO_EXPIRY_ACTION,CURRENT_WAREHOUSE_PLAN,0.99,216.0,449.0,880.0,45.8,8.0,2.0,5182.75,35.7,0.0,2350.34,0.0,0.0,0.0,53.62,15.84,4.71,0.0,0,0,0,10.0,0,7642.96,200.0,0.0,7842.96,7842.96,0.0,True,PENALTY_ADJUSTED_TOTAL_COST,0.0255,False,Operational cost plus severity-based risk/review/constraint penalties; not direct cash cost.,"Severity-based penalty used: hard blockers=0, major risks=0, review-required=0, soft warnings=2. Reasons: SUPPLIER_RISK_REMAINS; FORECAST_CONFIDENCE_LOW",0,0,0,2,SOFT_WARNING,,,,SUPPLIER_RISK_REMAINS; FORECAST_CONFIDENCE_LOW,0,0,200,200,False,RULE_BASED_ESTIMATE,True,False,True,False,BASELINE_ONLY,,SUPPLIER_RISK_REMAINS; FORECAST_CONFIDENCE_LOW,Scenario CURRENT_POLICY scored with BASELINE_ONLY feasibility.
SKU-TEA-002,Iced Tea Peach 500ml,Beverages,SKU-TEA-002-SCN-002,INCREASE_BUFFER,2,1,INCREASE_BUFFER,CURRENT_SUPPLIER,NORMAL_DELIVERY,CURRENT_ORDER_CAP,NO_EXPIRY_ACTION,CURRENT_WAREHOUSE_PLAN,0.99,248.4,516.35,880.0,45.8,8.0,2.0,5182.75,35.7,0.0,1645.24,0.0,0.0,0.0,53.62,15.84,4.71,0.0,0,0,0,10.0,0,6937.86,200.0,0.0,7137.86,7137.86,0.0,True,PENALTY_ADJUSTED_TOTAL_COST,0.028,False,Operational cost plus severity-based risk/review/constraint penalties; not direct cash cost.,"Severity-based penalty used: hard blockers=0, major risks=0, review-required=0, soft warnings=2. Reasons: SUPPLIER_RISK_REMAINS; FORECAST_CONFIDENCE_LOW",0,0,0,2,SOFT_WARNING,,,,SUPPLIER_RISK_REMAINS; FORECAST_CONFIDENCE_LOW,0,0,200,200,False,RULE_BASED_ESTIMATE,True,False,True,False,FEASIBLE,,SUPPLIER_RISK_REMAINS; FORECAST_CONFIDENCE_LOW,Scenario INCREASE_BUFFER scored with FEASIBLE feasibility.
SKU-TEA-002,Iced Tea Peach 500ml,Beverages,SKU-TEA-002-SCN-003,FAST_RELIABLE_SUPPLIER,3,1,CURRENT_BUFFER,FAST_RELIABLE_SUPPLIER,NORMAL_DELIVERY,CURRENT_ORDER_CAP,NO_EXPIRY_ACTION,CURRENT_WAREHOUSE_PLAN,0.99,216.0,449.0,880.0,45.8,8.0,2.0,5701.03,35.7,0.0,1410.2,0.0,0.0,0.0,32.17,15.84,4.71,0.0,500,0,0,10.0,0,7199.65,600.0,0.0,7799.65,7799.65,0.0,True,PENALTY_ADJUSTED_TOTAL_COST,0.0769,False,Operational cost plus review-required penalty; review penalty is not direct operating cost.,"Severity-based penalty used: hard blockers=0, major risks=0, review-required=1, soft warnings=1. Reasons: SUPPLIER_REVIEW_REQUIRED_WITH_SUPPLIER_CHANGE; FORECAST_CONFIDENCE_LOW",0,0,1,1,REVIEW_REQUIRED,,,SUPPLIER_REVIEW_REQUIRED_WITH_SUPPLIER_CHANGE,FORECAST_CONFIDENCE_LOW,0,500,100,600,False,RULE_BASED_ESTIMATE,True,False,True,True,FEASIBLE_WITH_REVIEW,,SUPPLIER_REVIEW_REQUIRED_WITH_SUPPLIER_CHANGE; FORECAST_CONFIDENCE_LOW,Scenario FAST_RELIABLE_SUPPLIER scored with FEASIBLE_WITH_REVIEW feasibility.
SKU-TEA-002,Iced Tea Peach 500ml,Beverages,SKU-TEA-002-SCN-004,MOST_RELIABLE_SUPPLIER,4,1,CURRENT_BUFFER,MOST_RELIABLE_SUPPLIER,NORMAL_DELIVERY,CURRENT_ORDER_CAP,NO_EXPIRY_ACTION,CURRENT_WAREHOUSE_PLAN,0.99,216.0,449.0,880.0,45.8,8.0,2.0,5960.16,35.7,0.0,2350.34,0.0,0.0,0.0,26.81,15.84,4.71,0.0,500,0,0,10.0,0,8393.56,600.0,0.0,8993.56,8993.56,0.0,True,PENALTY_ADJUSTED_TOTAL_COST,0.0667,False,Operational cost plus review-required penalty; review penalty is not direct operating cost.,"Severity-based penalty used: hard blockers=0, major risks=0, review-required=1, soft warnings=1. Reasons: SUPPLIER_REVIEW_REQUIRED_WITH_SUPPLIER_CHANGE; FORECAST_CONFIDENCE_LOW",0,0,1,1,REVIEW_REQUIRED,,,SUPPLIER_REVIEW_REQUIRED_WITH_SUPPLIER_CHANGE,FORECAST_CONFIDENCE_LOW,0,500,100,600,False,RULE_BASED_ESTIMATE,True,False,True,True,FEASIBLE_WITH_REVIEW,,SUPPLIER_REVIEW_REQUIRED_WITH_SUPPLIER_CHANGE; FORECAST_CONFIDENCE_LOW,Scenario MOST_RELIABLE_SUPPLIER scored with FEASIBLE_WITH_REVIEW feasibility.
SKU-TEA-002,Iced Tea Peach 500ml,Beverages,SKU-TEA-002-SCN-005,BALANCED_SUPPLIER,5,1,CURRENT_BUFFER,BALANCED_SUPPLIER,NORMAL_DELIVERY,CURRENT_ORDER_CAP,NO_EXPIRY_ACTION,CURRENT_WAREHOUSE_PLAN,0.99,216.0,449.0,880.0,45.8,8.0,2.0,5338.23,35.7,0.0,2350.34,0.0,0.0,0.0,40.21,15.84,4.71,0.0,500,0,0,10.0,0,7785.04,600.0,0.0,8385.04,8385.04,0.0,True,PENALTY_ADJUSTED_TOTAL_COST,0.0716,False,Operational cost plus review-required penalty; review penalty is not direct operating cost.,"Severity-based penalty used: hard blockers=0, major risks=0, review-required=1, soft warnings=1. Reasons: SUPPLIER_REVIEW_REQUIRED_WITH_SUPPLIER_CHANGE; FORECAST_CONFIDENCE_LOW",0,0,1,1,REVIEW_REQUIRED,,,SUPPLIER_REVIEW_REQUIRED_WITH_SUPPLIER_CHANGE,FORECAST_CONFIDENCE_LOW,0,500,100,600,False,RULE_BASED_ESTIMATE,True,False,True,True,FEASIBLE_WITH_REVIEW,,SUPPLIER_REVIEW_REQUIRED_WITH_SUPPLIER_CHANGE; FORECAST_CONFIDENCE_LOW,Scenario BALANCED_SUPPLIER scored with FEASIBLE_WITH_REVIEW feasibility.
SKU-TEA-002,Iced Tea Peach 500ml,Beverages,SKU-TEA-002-SCN-006,SUPPLIER_REVIEW_ONLY,6,1,CURRENT_BUFFER,SUPPLIER_REVIEW_ONLY,NORMAL_DELIVERY,CURRENT_ORDER_CAP,NO_EXPIRY_ACTION,CURRENT_WAREHOUSE_PLAN,0.99,216.0,449.0,880.0,45.8,8.0,2.0,5182.75,35.7,0.0,2350.34,0.0,0.0,0.0,53.62,15.84,4.71,0.0,500,0,0,10.0,0,7642.96,700.0,0.0,8342.96,8342.96,0.0,True,PENALTY_ADJUSTED_TOTAL_COST,0.0839,False,Operational cost plus review-required penalty; review penalty is not direct operating cost.,"Severity-based penalty used: hard blockers=0, major risks=0, review-required=1, soft warnings=2. Reasons: SUPPLIER_REVIEW_ONLY_SELECTED; SUPPLIER_RISK_REMAINS; FORECAST_CONFIDENCE_LOW",0,0,1,2,REVIEW_REQUIRED,,,SUPPLIER_REVIEW_ONLY_SELECTED,SUPPLIER_RISK_REMAINS; FORECAST_CONFIDENCE_LOW,0,500,200,700,False,RULE_BASED_ESTIMATE,True,False,True,True,FEASIBLE_WITH_REVIEW,,SUPPLIER_REVIEW_ONLY_SELECTED; SUPPLIER_RISK_REMAINS; FORECAST_CONFIDENCE_LOW,Scenario SUPPLIER_REVIEW_ONLY scored with FEASIBLE_WITH_REVIEW feasibility.
SKU-TEA-002,Iced Tea Peach 500ml,Beverages,SKU-TEA-002-SCN-007,EXPEDITE_DELIVERY,7,1,CURRENT_BUFFER,CURRENT_SUPPLIER,EXPEDITE_DELIVERY,CURRENT_ORDER_CAP,NO_EXPIRY_ACTION,CURRENT_WAREHOUSE_PLAN,0.99,216.0,449.0,880.0,45.8,5.6,2.0,5182.75,44.62,0.0,1527.72,0.0,0.0,0.0,53.62,15.84,4.71,0.0,0,0,0,10.0,0,6829.27,200.0,0.0,7029.27,7029.27,0.0,True,PENALTY_ADJUSTED_TOTAL_COST,0.0285,False,Operational cost plus severity-based risk/review/constraint penalties; not direct cash cost.,"Severity-based penalty used: hard blockers=0, major risks=0, review-required=0, soft warnings=2. Reasons: SUPPLIER_RISK_REMAINS; FORECAST_CONFIDENCE_LOW",0,0,0,2,SOFT_WARNING,,,,SUPPLIER_RISK_REMAINS; FORECAST_CONFIDENCE_LOW,0,0,200,200,False,RULE_BASED_ESTIMATE,True,False,True,False,FEASIBLE,,SUPPLIER_RISK_REMAINS; FORECAST_CONFIDENCE_LOW,Scenario EXPEDITE_DELIVERY scored with FEASIBLE feasibility.
SKU-TEA-002,Iced Tea Peach 500ml,Beverages,SKU-TEA-002-SCN-008,LOOSEN_ORDER_CAP,8,1,CURRENT_BUFFER,CURRENT_SUPPLIER,NORMAL_DELIVERY,LOOSEN_ORDER_CAP,NO_EXPIRY_ACTION,CURRENT_WAREHOUSE_PLAN,0.99,216.0,449.0,1100.0,57.25,8.0,2.0,6478.44,35.7,0.0,2350.34,0.0,0.0,0.0,53.62,15.84,4.71,0.0,0,0,0,10.0,0,8938.65,200.0,0.0,9138.65,9138.65,0.0,True,PENALTY_ADJUSTED_TOTAL_COST,0.0219,False,Operational cost plus severity-based risk/review/constraint penalties; not direct cash cost.,"Severity-based penalty used: hard blockers=0, major risks=0, review-required=0, soft warnings=2. Reasons: SUPPLIER_RISK_REMAINS; FORECAST_CONFIDENCE_LOW",0,0,0,2,SOFT_WARNING,,,,SUPPLIER_RISK_REMAINS; FORECAST_CONFIDENCE_LOW,0,0,200,200,False,RULE_BASED_ESTIMATE,True,False,True,False,FEASIBLE,,SUPPLIER_RISK_REMAINS; FORECAST_CONFIDENCE_LOW,Scenario LOOSEN_ORDER_CAP scored with FEASIBLE feasibility.
SKU-TEA-002,Iced Tea Peach 500ml,Beverages,SKU-TEA-002-SCN-009,INCREASE_BUFFER__FAST_RELIABLE_SUPPLIER,9,2,INCREASE_BUFFER,FAST_RELIABLE_SUPPLIER,NORMAL_DELIVERY,CURRENT_ORDER_CAP,NO_EXPIRY_ACTION,CURRENT_WAREHOUSE_PLAN,0.99,248.4,516.35,880.0,45.8,8.0,2.0,5701.03,35.7,0.0,987.14,0.0,0.0,0.0,32.17,15.84,4.71,0.0,500,0,0,10.0,0,6776.59,600.0,0.0,7376.59,7376.59,0.0,True,PENALTY_ADJUSTED_TOTAL_COST,0.0813,False,Operational cost plus review-required penalty; review penalty is not direct operating cost.,"Severity-based penalty used: hard blockers=0, major risks=0, review-required=1, soft warnings=1. Reasons: SUPPLIER_REVIEW_REQUIRED_WITH_SUPPLIER_CHANGE; FORECAST_CONFIDENCE_LOW",0,0,1,1,REVIEW_REQUIRED,,,SUPPLIER_REVIEW_REQUIRED_WITH_SUPPLIER_CHANGE,FORECAST_CONFIDENCE_LOW,0,500,100,600,False,RULE_BASED_ESTIMATE,True,False,True,True,FEASIBLE_WITH_REVIEW,,SUPPLIER_REVIEW_REQUIRED_WITH_SUPPLIER_CHANGE; FORECAST_CONFIDENCE_LOW,Scenario INCREASE_BUFFER__FAST_RELIABLE_SUPPLIER scored with FEASIBLE_WITH_REVIEW feasibility.
SKU-TEA-002,Iced Tea Peach 500ml,Beverages,SKU-TEA-002-SCN-010,INCREASE_BUFFER__MOST_RELIABLE_SUPPLIER,10,2,INCREASE_BUFFER,MOST_RELIABLE_SUPPLIER,NORMAL_DELIVERY,CURRENT_ORDER_CAP,NO_EXPIRY_ACTION,CURRENT_WAREHOUSE_PLAN,0.99,248.4,516.35,880.0,45.8,8.0,2.0,5960.16,35.7,0.0,1645.24,0.0,0.0,0.0,26.81,15.84,4.71,0.0,500,0,0,10.0,0,7688.46,600.0,0.0,8288.46,8288.46,0.0,True,PENALTY_ADJUSTED_TOTAL_COST,0.0724,False,Operational cost plus review-required penalty; review penalty is not direct operating cost.,"Severity-based penalty used: hard blockers=0, major risks=0, review-required=1, soft warnings=1. Reasons: SUPPLIER_REVIEW_REQUIRED_WITH_SUPPLIER_CHANGE; FORECAST_CONFIDENCE_LOW",0,0,1,1,REVIEW_REQUIRED,,,SUPPLIER_REVIEW_REQUIRED_WITH_SUPPLIER_CHANGE,FORECAST_CONFIDENCE_LOW,0,500,100,600,False,RULE_BASED_ESTIMATE,True,False,True,True,FEASIBLE_WITH_REVIEW,,SUPPLIER_REVIEW_REQUIRED_WITH_SUPPLIER_CHANGE; FORECAST_CONFIDENCE_LOW,Scenario INCREASE_BUFFER__MOST_RELIABLE_SUPPLIER scored with FEASIBLE_WITH_REVIEW feasibility.
SKU-SUN-003,SPF 50 Sunscreen 200ml,Personal Care,SKU-SUN-003-SCN-001,CURRENT_POLICY,1,0,CURRENT_BUFFER,CURRENT_SUPPLIER,NORMAL_DELIVERY,CURRENT_ORDER_CAP,NO_EXPIRY_ACTION,CURRENT_WAREHOUSE_PLAN,0.8,32.0,102.0,105.0,14.09,7.0,2.0,665.7,0.0,297.92,0.0,187.66,436.83,0.0,0.0,3.19,6.64,0.0,0,0,0,10.0,0,1597.94,200.0,0.0,1797.94,1797.94,0.0,True,PENALTY_ADJUSTED_TOTAL_COST,0.1112,False,Operational cost plus severity-based risk/review/constraint penalties; not direct cash cost.,"Severity-based penalty used: hard blockers=0, major risks=0, review-required=0, soft warnings=2. Reasons: SUPPLIER_RISK_REMAINS; FORECAST_CONFIDENCE_LOW",0,0,0,2,SOFT_WARNING,,,,SUPPLIER_RISK_REMAINS; FORECAST_CONFIDENCE_LOW,0,0,200,200,False,RULE_BASED_ESTIMATE,True,False,True,False,BASELINE_ONLY,,SUPPLIER_RISK_REMAINS; FORECAST_CONFIDENCE_LOW,Scenario CURRENT_POLICY scored with BASELINE_ONLY feasibility.
SKU-SUN-003,SPF 50 Sunscreen 200ml,Personal Care,SKU-SUN-003-SCN-002,DECREASE_BUFFER,2,1,DECREASE_BUFFER,CURRENT_SUPPLIER,NORMAL_DELIVERY,CURRENT_ORDER_CAP,NO_EXPIRY_ACTION,CURRENT_WAREHOUSE_PLAN,0.78,27.2,96.78,105.0,14.09,7.0,2.0,665.7,0.0,253.23,0.0,140.75,436.83,0.0,0.0,3.19,6.64,0.0,0,0,0,10.0,0,1506.34,200.0,0.0,1706.34,1706.34,0.0,True,PENALTY_ADJUSTED_TOTAL_COST,0.1172,False,Operational cost plus severity-based risk/review/constraint penalties; not direct cash cost.,"Severity-based penalty used: hard blockers=0, major risks=0, review-required=0, soft warnings=2. Reasons: SUPPLIER_RISK_REMAINS; FORECAST_CONFIDENCE_LOW",0,0,0,2,SOFT_WARNING,,,,SUPPLIER_RISK_REMAINS; FORECAST_CONFIDENCE_LOW,0,0,200,200,False,RULE_BASED_ESTIMATE,True,False,True,False,FEASIBLE,,SUPPLIER_RISK_REMAINS; FORECAST_CONFIDENCE_LOW,Scenario DECREASE_BUFFER scored with FEASIBLE feasibility.
SKU-SUN-003,SPF 50 Sunscreen 200ml,Personal Care,SKU-SUN-003-SCN-003,MINIMUM_SAFE_BUFFER,3,1,MINIMUM_SAFE_BUFFER,CURRENT_SUPPLIER,NORMAL_DELIVERY,CURRENT_ORDER_CAP,NO_EXPIRY_ACTION,CURRENT_WAREHOUSE_PLAN,0.8,24.0,93.58,105.0,14.09,7.0,2.0,665.7,0.0,253.23,0.0,140.75,436.83,0.0,0.0,3.19,6.64,0.0,0,0,0,10.0,0,1506.34,200.0,0.0,1706.34,1706.34,0.0,True,PENALTY_ADJUSTED_TOTAL_COST,0.1172,False,Operational cost plus severity-based risk/review/constraint penalties; not direct cash cost.,"Severity-based penalty used: hard blockers=0, major risks=0, review-required=0, soft warnings=2. Reasons: SUPPLIER_RISK_REMAINS; FORECAST_CONFIDENCE_LOW",0,0,0,2,SOFT_WARNING,,,,SUPPLIER_RISK_REMAINS; FORECAST_CONFIDENCE_LOW,0,0,200,200,False,RULE_BASED_ESTIMATE,True,False,True,False,FEASIBLE,,SUPPLIER_RISK_REMAINS; FORECAST_CONFIDENCE_LOW,Scenario MINIMUM_SAFE_BUFFER scored with FEASIBLE feasibility.
SKU-SUN-003,SPF 50 Sunscreen 200ml,Personal Care,SKU-SUN-003-SCN-004,FAST_RELIABLE_SUPPLIER,4,1,CURRENT_BUFFER,FAST_RELIABLE_SUPPLIER,NORMAL_DELIVERY,CURRENT_ORDER_CAP,NO_EXPIRY_ACTION,CURRENT_WAREHOUSE_PLAN,0.8,32.0,102.0,105.0,14.09,7.0,2.0,732.27,0.0,297.92,0.0,187.66,436.83,0.0,0.0,3.19,6.64,0.0,500,0,0,10.0,0,1664.51,600.0,0.0,2264.51,2264.51,0.0,True,PENALTY_ADJUSTED_TOTAL_COST,0.265,False,Operational cost plus review-required penalty; review penalty is not direct operating cost.,"Severity-based penalty used: hard blockers=0, major risks=0, review-required=1, soft warnings=1. Reasons: SUPPLIER_REVIEW_REQUIRED_WITH_SUPPLIER_CHANGE; FORECAST_CONFIDENCE_LOW",0,0,1,1,REVIEW_REQUIRED,,,SUPPLIER_REVIEW_REQUIRED_WITH_SUPPLIER_CHANGE,FORECAST_CONFIDENCE_LOW,0,500,100,600,False,RULE_BASED_ESTIMATE,True,False,True,True,FEASIBLE_WITH_REVIEW,,SUPPLIER_REVIEW_REQUIRED_WITH_SUPPLIER_CHANGE; FORECAST_CONFIDENCE_LOW,Scenario FAST_RELIABLE_SUPPLIER scored with FEASIBLE_WITH_REVIEW feasibility.
SKU-SUN-003,SPF 50 Sunscreen 200ml,Personal Care,SKU-SUN-003-SCN-005,MOST_RELIABLE_SUPPLIER,5,1,CURRENT_BUFFER,MOST_RELIABLE_SUPPLIER,NORMAL_DELIVERY,CURRENT_ORDER_CAP,NO_EXPIRY_ACTION,CURRENT_WAREHOUSE_PLAN,0.8,32.0,102.0,105.0,14.09,7.0,2.0,765.55,0.0,297.92,0.0,187.66,436.83,0.0,0.0,3.19,6.64,0.0,500,0,0,10.0,0,1697.8,600.0,0.0,2297.8,2297.8,0.0,True,PENALTY_ADJUSTED_TOTAL_COST,0.2611,False,Operational cost plus review-required penalty; review penalty is not direct operating cost.,"Severity-based penalty used: hard blockers=0, major risks=0, review-required=1, soft warnings=1. Reasons: SUPPLIER_REVIEW_REQUIRED_WITH_SUPPLIER_CHANGE; FORECAST_CONFIDENCE_LOW",0,0,1,1,REVIEW_REQUIRED,,,SUPPLIER_REVIEW_REQUIRED_WITH_SUPPLIER_CHANGE,FORECAST_CONFIDENCE_LOW,0,500,100,600,False,RULE_BASED_ESTIMATE,True,False,True,True,FEASIBLE_WITH_REVIEW,,SUPPLIER_REVIEW_REQUIRED_WITH_SUPPLIER_CHANGE; FORECAST_CONFIDENCE_LOW,Scenario MOST_RELIABLE_SUPPLIER scored with FEASIBLE_WITH_REVIEW feasibility.
SKU-SUN-003,SPF 50 Sunscreen 200ml,Personal Care,SKU-SUN-003-SCN-006,BALANCED_SUPPLIER,6,1,CURRENT_BUFFER,BALANCED_SUPPLIER,NORMAL_DELIVERY,CURRENT_ORDER_CAP,NO_EXPIRY_ACTION,CURRENT_WAREHOUSE_PLAN,0.8,32.0,102.0,105.0,14.09,7.0,2.0,685.67,0.0,297.92,0.0,187.66,436.83,0.0,0.0,3.19,6.64,0.0,500,0,0,10.0,0,1617.91,600.0,0.0,2217.91,2217.91,0.0,True,PENALTY_ADJUSTED_TOTAL_COST,0.2705,False,Operational cost plus review-required penalty; review penalty is not direct operating cost.,"Severity-based penalty used: hard blockers=0, major risks=0, review-required=1, soft warnings=1. Reasons: SUPPLIER_REVIEW_REQUIRED_WITH_SUPPLIER_CHANGE; FORECAST_CONFIDENCE_LOW",0,0,1,1,REVIEW_REQUIRED,,,SUPPLIER_REVIEW_REQUIRED_WITH_SUPPLIER_CHANGE,FORECAST_CONFIDENCE_LOW,0,500,100,600,False,RULE_BASED_ESTIMATE,True,False,True,True,FEASIBLE_WITH_REVIEW,,SUPPLIER_REVIEW_REQUIRED_WITH_SUPPLIER_CHANGE; FORECAST_CONFIDENCE_LOW,Scenario BALANCED_SUPPLIER scored with FEASIBLE_WITH_REVIEW feasibility.
SKU-SUN-003,SPF 50 Sunscreen 200ml,Personal Care,SKU-SUN-003-SCN-007,SUPPLIER_REVIEW_ONLY,7,1,CURRENT_BUFFER,SUPPLIER_REVIEW_ONLY,NORMAL_DELIVERY,CURRENT_ORDER_CAP,NO_EXPIRY_ACTION,CURRENT_WAREHOUSE_PLAN,0.8,32.0,102.0,105.0,14.09,7.0,2.0,665.7,0.0,297.92,0.0,187.66,436.83,0.0,0.0,3.19,6.64,0.0,500,0,0,10.0,0,1597.94,700.0,0.0,2297.94,2297.94,0.0,True,PENALTY_ADJUSTED_TOTAL_COST,0.3046,False,Operational cost plus review-required penalty; review penalty is not direct operating cost.,"Severity-based penalty used: hard blockers=0, major risks=0, review-required=1, soft warnings=2. Reasons: SUPPLIER_REVIEW_ONLY_SELECTED; SUPPLIER_RISK_REMAINS; FORECAST_CONFIDENCE_LOW",0,0,1,2,REVIEW_REQUIRED,,,SUPPLIER_REVIEW_ONLY_SELECTED,SUPPLIER_RISK_REMAINS; FORECAST_CONFIDENCE_LOW,0,500,200,700,False,RULE_BASED_ESTIMATE,True,False,True,True,FEASIBLE_WITH_REVIEW,,SUPPLIER_REVIEW_ONLY_SELECTED; SUPPLIER_RISK_REMAINS; FORECAST_CONFIDENCE_LOW,Scenario SUPPLIER_REVIEW_ONLY scored with FEASIBLE_WITH_REVIEW feasibility.
SKU-SUN-003,SPF 50 Sunscreen 200ml,Personal Care,SKU-SUN-003-SCN-008,DELAY_NONURGENT_ORDER,8,1,CURRENT_BUFFER,CURRENT_SUPPLIER,DELAY_NONURGENT_ORDER,CURRENT_ORDER_CAP,NO_EXPIRY_ACTION,CURRENT_WAREHOUSE_PLAN,0.8,32.0,102.0,26.25,14.09,7.0,2.0,41.61,0.0,297.92,0.0,187.66,436.83,0.0,0.0,3.19,6.64,0.0,0,0,0,10.0,0,973.85,200.0,0.0,1173.85,1173.85,0.0,True,PENALTY_ADJUSTED_TOTAL_COST,0.1704,False,Operational cost plus severity-based risk/review/constraint penalties; not direct cash cost.,"Severity-based penalty used: hard blockers=0, major risks=0, review-required=0, soft warnings=2. Reasons: SUPPLIER_RISK_REMAINS; FORECAST_CONFIDENCE_LOW",0,0,0,2,SOFT_WARNING,,,,SUPPLIER_RISK_REMAINS; FORECAST_CONFIDENCE_LOW,0,0,200,200,False,RULE_BASED_ESTIMATE,True,False,True,False,FEASIBLE,,SUPPLIER_RISK_REMAINS; FORECAST_CONFIDENCE_LOW,Scenario DELAY_NONURGENT_ORDER scored with FEASIBLE feasibility.
SKU-SUN-003,SPF 50 Sunscreen 200ml,Personal Care,SKU-SUN-003-SCN-009,TIGHTEN_ORDER_CAP,9,1,CURRENT_BUFFER,CURRENT_SUPPLIER,NORMAL_DELIVERY,TIGHTEN_ORDER_CAP,NO_EXPIRY_ACTION,CURRENT_WAREHOUSE_PLAN,0.8,32.0,102.0,78.75,10.57,7.0,2.0,499.27,0.0,297.92,0.0,187.66,436.83,0.0,0.0,3.19,6.64,0.0,0,0,0,10.0,0,1431.52,200.0,0.0,1631.52,1631.52,0.0,True,PENALTY_ADJUSTED_TOTAL_COST,0.1226,False,Operational cost plus severity-based risk/review/constraint penalties; not direct cash cost.,"Severity-based penalty used: hard blockers=0, major risks=0, review-required=0, soft warnings=2. Reasons: SUPPLIER_RISK_REMAINS; FORECAST_CONFIDENCE_LOW",0,0,0,2,SOFT_WARNING,,,,SUPPLIER_RISK_REMAINS; FORECAST_CONFIDENCE_LOW,0,0,200,200,False,RULE_BASED_ESTIMATE,True,False,True,False,FEASIBLE,,SUPPLIER_RISK_REMAINS; FORECAST_CONFIDENCE_LOW,Scenario TIGHTEN_ORDER_CAP scored with FEASIBLE feasibility.
SKU-SUN-003,SPF 50 Sunscreen 200ml,Personal Care,SKU-SUN-003-SCN-010,CAP_BY_EXPIRY_OR_MOVEMENT,10,1,CURRENT_BUFFER,CURRENT_SUPPLIER,NORMAL_DELIVERY,CAP_BY_EXPIRY_OR_MOVEMENT,NO_EXPIRY_ACTION,CURRENT_WAREHOUSE_PLAN,0.8,32.0,102.0,63.0,14.09,7.0,2.0,399.42,0.0,297.92,0.0,187.66,436.83,0.0,0.0,3.19,6.64,0.0,0,0,0,10.0,0,1331.66,200.0,0.0,1531.66,1531.66,0.0,True,PENALTY_ADJUSTED_TOTAL_COST,0.1306,False,Operational cost plus severity-based risk/review/constraint penalties; not direct cash cost.,"Severity-based penalty used: hard blockers=0, major risks=0, review-required=0, soft warnings=2. Reasons: SUPPLIER_RISK_REMAINS; FORECAST_CONFIDENCE_LOW",0,0,0,2,SOFT_WARNING,,,,SUPPLIER_RISK_REMAINS; FORECAST_CONFIDENCE_LOW,0,0,200,200,False,RULE_BASED_ESTIMATE,True,False,True,False,FEASIBLE,,SUPPLIER_RISK_REMAINS; FORECAST_CONFIDENCE_LOW,Scenario CAP_BY_EXPIRY_OR_MOVEMENT scored with FEASIBLE feasibility.
SKU-SUN-003,SPF 50 Sunscreen 200ml,Personal Care,SKU-SUN-003-SCN-011,LIQUIDATE_DEAD_STOCK,11,1,CURRENT_BUFFER,CURRENT_SUPPLIER,NORMAL_DELIVERY,CURRENT_ORDER_CAP,LIQUIDATE_DEAD_STOCK,CURRENT_WAREHOUSE_PLAN,0.8,32.0,102.0,105.0,14.09,7.0,2.0,665.7,0.0,238.34,0.0,187.66,436.83,0.0,0.0,3.19,6.64,0.0,0,0,0,10.0,0,1538.36,200.0,0.0,1738.36,1738.36,0.0,True,PENALTY_ADJUSTED_TOTAL_COST,0.1151,False,Operational cost plus severity-based risk/review/constraint penalties; not direct cash cost.,"Severity-based penalty used: hard blockers=0, major risks=0, review-required=0, soft warnings=2. Reasons: SUPPLIER_RISK_REMAINS; FORECAST_CONFIDENCE_LOW",0,0,0,2,SOFT_WARNING,,,,SUPPLIER_RISK_REMAINS; FORECAST_CONFIDENCE_LOW,0,0,200,200,False,RULE_BASED_ESTIMATE,True,False,True,False,FEASIBLE,,SUPPLIER_RISK_REMAINS; FORECAST_CONFIDENCE_LOW,Scenario LIQUIDATE_DEAD_STOCK scored with FEASIBLE feasibility.
SKU-SUN-003,SPF 50 Sunscreen 200ml,Personal Care,SKU-SUN-003-SCN-012,MARKDOWN_NEAR_EXPIRY,12,1,CURRENT_BUFFER,CURRENT_SUPPLIER,NORMAL_DELIVERY,CURRENT_ORDER_CAP,MARKDOWN_NEAR_EXPIRY,CURRENT_WAREHOUSE_PLAN,0.8,32.0,102.0,105.0,14.09,7.0,2.0,665.7,0.0,297.92,0.0,150.13,262.1,0.0,0.0,3.19,6.64,0.0,0,0,0,10.0,0,1385.68,200.0,0.0,1585.68,1585.68,0.0,True,PENALTY_ADJUSTED_TOTAL_COST,0.1261,False,Operational cost plus severity-based risk/review/constraint penalties; not direct cash cost.,"Severity-based penalty used: hard blockers=0, major risks=0, review-required=0, soft warnings=2. Reasons: SUPPLIER_RISK_REMAINS; FORECAST_CONFIDENCE_LOW",0,0,0,2,SOFT_WARNING,,,,SUPPLIER_RISK_REMAINS; FORECAST_CONFIDENCE_LOW,0,0,200,200,False,RULE_BASED_ESTIMATE,True,False,True,False,FEASIBLE,,SUPPLIER_RISK_REMAINS; FORECAST_CONFIDENCE_LOW,Scenario MARKDOWN_NEAR_EXPIRY scored with FEASIBLE feasibility.
SKU-SUN-003,SPF 50 Sunscreen 200ml,Personal Care,SKU-SUN-003-SCN-013,RETURN_TO_SUPPLIER_IF_ALLOWED,13,1,CURRENT_BUFFER,CURRENT_SUPPLIER,NORMAL_DELIVERY,CURRENT_ORDER_CAP,RETURN_TO_SUPPLIER_IF_ALLOWED,CURRENT_WAREHOUSE_PLAN,0.8,32.0,102.0,105.0,14.09,7.0,2.0,665.7,0.0,297.92,0.0,187.66,174.73,0.0,0.0,3.19,6.64,0.0,0,0,0,10.0,0,1335.84,200.0,0.0,1535.84,1535.84,0.0,True,PENALTY_ADJUSTED_TOTAL_COST,0.1302,False,Operational cost plus severity-based risk/review/constraint penalties; not direct cash cost.,"Severity-based penalty used: hard blockers=0, major risks=0, review-required=0, soft warnings=2. Reasons: SUPPLIER_RISK_REMAINS; FORECAST_CONFIDENCE_LOW",0,0,0,2,SOFT_WARNING,,,,SUPPLIER_RISK_REMAINS; FORECAST_CONFIDENCE_LOW,0,0,200,200,False,RULE_BASED_ESTIMATE,True,False,True,False,FEASIBLE,,SUPPLIER_RISK_REMAINS; FORECAST_CONFIDENCE_LOW,Scenario RETURN_TO_SUPPLIER_IF_ALLOWED scored with FEASIBLE feasibility.
SKU-SUN-003,SPF 50 Sunscreen 200ml,Personal Care,SKU-SUN-003-SCN-014,QUARANTINE_OR_SCRAP_EXPIRED,14,1,CURRENT_BUFFER,CURRENT_SUPPLIER,NORMAL_DELIVERY,CURRENT_ORDER_CAP,QUARANTINE_OR_SCRAP_EXPIRED,CURRENT_WAREHOUSE_PLAN,0.8,32.0,102.0,105.0,14.09,7.0,2.0,665.7,0.0,297.92,0.0,187.66,327.62,0.0,0.0,3.19,6.64,0.0,0,0,0,10.0,0,1488.73,200.0,0.0,1688.73,1688.73,0.0,True,PENALTY_ADJUSTED_TOTAL_COST,0.1184,False,Operational cost plus severity-based risk/review/constraint penalties; not direct cash cost.,"Severity-based penalty used: hard blockers=0, major risks=0, review-required=0, soft warnings=2. Reasons: SUPPLIER_RISK_REMAINS; FORECAST_CONFIDENCE_LOW",0,0,0,2,SOFT_WARNING,,,,SUPPLIER_RISK_REMAINS; FORECAST_CONFIDENCE_LOW,0,0,200,200,False,RULE_BASED_ESTIMATE,True,False,True,False,FEASIBLE,,SUPPLIER_RISK_REMAINS; FORECAST_CONFIDENCE_LOW,Scenario QUARANTINE_OR_SCRAP_EXPIRED scored with FEASIBLE feasibility.
SKU-SUN-003,SPF 50 Sunscreen 200ml,Personal Care,SKU-SUN-003-SCN-015,REVIEW_QUARANTINE_OR_FEFO,15,1,CURRENT_BUFFER,CURRENT_SUPPLIER,NORMAL_DELIVERY,CURRENT_ORDER_CAP,NO_EXPIRY_ACTION,REVIEW_QUARANTINE_OR_FEFO,0.8,32.0,102.0,105.0,14.09,7.0,2.0,665.7,0.0,297.92,0.0,187.66,436.83,0.0,0.0,3.19,6.64,0.0,500,0,0,10.0,0,1597.94,700.0,0.0,2297.94,2297.94,0.0,True,PENALTY_ADJUSTED_TOTAL_COST,0.3046,False,Operational cost plus review-required penalty; review penalty is not direct operating cost.,"Severity-based penalty used: hard blockers=0, major risks=0, review-required=1, soft warnings=2. Reasons: REVIEW_QUARANTINE_OR_FEFO_REQUIRES_REVIEW; SUPPLIER_RISK_REMAINS; FORECAST_CONFIDENCE_LOW",0,0,1,2,REVIEW_REQUIRED,,,REVIEW_QUARANTINE_OR_FEFO_REQUIRES_REVIEW,SUPPLIER_RISK_REMAINS; FORECAST_CONFIDENCE_LOW,0,500,200,700,False,RULE_BASED_ESTIMATE,True,False,True,True,FEASIBLE_WITH_REVIEW,,REVIEW_QUARANTINE_OR_FEFO_REQUIRES_REVIEW; SUPPLIER_RISK_REMAINS; FORECAST_CONFIDENCE_LOW,Scenario REVIEW_QUARANTINE_OR_FEFO scored with FEASIBLE_WITH_REVIEW feasibility.
SKU-SUN-003,SPF 50 Sunscreen 200ml,Personal Care,SKU-SUN-003-SCN-016,DECREASE_BUFFER__MARKDOWN_NEAR_EXPIRY,16,2,DECREASE_BUFFER,CURRENT_SUPPLIER,NORMAL_DELIVERY,CURRENT_ORDER_CAP,MARKDOWN_NEAR_EXPIRY,CURRENT_WAREHOUSE_PLAN,0.78,27.2,96.78,105.0,14.09,7.0,2.0,665.7,0.0,253.23,0.0,112.6,262.1,0.0,0.0,3.19,6.64,0.0,0,0,0,10.0,0,1303.46,200.0,0.0,1503.46,1503.46,0.0,True,PENALTY_ADJUSTED_TOTAL_COST,0.133,False,Operational cost plus severity-based risk/review/constraint penalties; not direct cash cost.,"Severity-based penalty used: hard blockers=0, major risks=0, review-required=0, soft warnings=2. Reasons: SUPPLIER_RISK_REMAINS; FORECAST_CONFIDENCE_LOW",0,0,0,2,SOFT_WARNING,,,,SUPPLIER_RISK_REMAINS; FORECAST_CONFIDENCE_LOW,0,0,200,200,False,RULE_BASED_ESTIMATE,True,False,True,False,FEASIBLE,,SUPPLIER_RISK_REMAINS; FORECAST_CONFIDENCE_LOW,Scenario DECREASE_BUFFER__MARKDOWN_NEAR_EXPIRY scored with FEASIBLE feasibility.
SKU-SUN-003,SPF 50 Sunscreen 200ml,Personal Care,SKU-SUN-003-SCN-017,TIGHTEN_ORDER_CAP__MARKDOWN_NEAR_EXPIRY,17,2,CURRENT_BUFFER,CURRENT_SUPPLIER,NORMAL_DELIVERY,TIGHTEN_ORDER_CAP,MARKDOWN_NEAR_EXPIRY,CURRENT_WAREHOUSE_PLAN,0.8,32.0,102.0,78.75,10.57,7.0,2.0,499.27,0.0,297.92,0.0,150.13,262.1,0.0,0.0,3.19,6.64,0.0,0,0,0,10.0,0,1219.25,200.0,0.0,1419.25,1419.25,0.0,True,PENALTY_ADJUSTED_TOTAL_COST,0.1409,False,Operational cost plus severity-based risk/review/constraint penalties; not direct cash cost.,"Severity-based penalty used: hard blockers=0, major risks=0, review-required=0, soft warnings=2. Reasons: SUPPLIER_RISK_REMAINS; FORECAST_CONFIDENCE_LOW",0,0,0,2,SOFT_WARNING,,,,SUPPLIER_RISK_REMAINS; FORECAST_CONFIDENCE_LOW,0,0,200,200,False,RULE_BASED_ESTIMATE,True,False,True,False,FEASIBLE,,SUPPLIER_RISK_REMAINS; FORECAST_CONFIDENCE_LOW,Scenario TIGHTEN_ORDER_CAP__MARKDOWN_NEAR_EXPIRY scored with FEASIBLE feasibility.
SKU-SUN-003,SPF 50 Sunscreen 200ml,Personal Care,SKU-SUN-003-SCN-018,DECREASE_BUFFER__CAP_BY_EXPIRY_OR_MOVEMENT,18,2,DECREASE_BUFFER,CURRENT_SUPPLIER,NORMAL_DELIVERY,CAP_BY_EXPIRY_OR_MOVEMENT,NO_EXPIRY_ACTION,CURRENT_WAREHOUSE_PLAN,0.78,27.2,96.78,63.0,14.09,7.0,2.0,399.42,0.0,253.23,0.0,140.75,436.83,0.0,0.0,3.19,6.64,0.0,0,0,0,10.0,0,1240.06,200.0,0.0,1440.06,1440.06,0.0,True,PENALTY_ADJUSTED_TOTAL_COST,0.1389,False,Operational cost plus severity-based risk/review/constraint penalties; not direct cash cost.,"Severity-based penalty used: hard blockers=0, major risks=0, review-required=0, soft warnings=2. Reasons: SUPPLIER_RISK_REMAINS; FORECAST_CONFIDENCE_LOW",0,0,0,2,SOFT_WARNING,,,,SUPPLIER_RISK_REMAINS; FORECAST_CONFIDENCE_LOW,0,0,200,200,False,RULE_BASED_ESTIMATE,True,False,True,False,FEASIBLE,,SUPPLIER_RISK_REMAINS; FORECAST_CONFIDENCE_LOW,Scenario DECREASE_BUFFER__CAP_BY_EXPIRY_OR_MOVEMENT scored with FEASIBLE feasibility.
SKU-SUN-003,SPF 50 Sunscreen 200ml,Personal Care,SKU-SUN-003-SCN-019,DECREASE_BUFFER__LIQUIDATE_DEAD_STOCK,19,2,DECREASE_BUFFER,CURRENT_SUPPLIER,NORMAL_DELIVERY,CURRENT_ORDER_CAP,LIQUIDATE_DEAD_STOCK,CURRENT_WAREHOUSE_PLAN,0.78,27.2,96.78,105.0,14.09,7.0,2.0,665.7,0.0,202.59,0.0,140.75,436.83,0.0,0.0,3.19,6.64,0.0,0,0,0,10.0,0,1455.69,200.0,0.0,1655.69,1655.69,0.0,True,PENALTY_ADJUSTED_TOTAL_COST,0.1208,False,Operational cost plus severity-based risk/review/constraint penalties; not direct cash cost.,"Severity-based penalty used: hard blockers=0, major risks=0, review-required=0, soft warnings=2. Reasons: SUPPLIER_RISK_REMAINS; FORECAST_CONFIDENCE_LOW",0,0,0,2,SOFT_WARNING,,,,SUPPLIER_RISK_REMAINS; FORECAST_CONFIDENCE_LOW,0,0,200,200,False,RULE_BASED_ESTIMATE,True,False,True,False,FEASIBLE,,SUPPLIER_RISK_REMAINS; FORECAST_CONFIDENCE_LOW,Scenario DECREASE_BUFFER__LIQUIDATE_DEAD_STOCK scored with FEASIBLE feasibility.
SKU-SUN-003,SPF 50 Sunscreen 200ml,Personal Care,SKU-SUN-003-SCN-020,MINIMUM_SAFE_BUFFER__TIGHTEN_ORDER_CAP,20,2,MINIMUM_SAFE_BUFFER,CURRENT_SUPPLIER,NORMAL_DELIVERY,TIGHTEN_ORDER_CAP,NO_EXPIRY_ACTION,CURRENT_WAREHOUSE_PLAN,0.8,24.0,93.58,78.75,10.57,7.0,2.0,499.27,0.0,253.23,0.0,140.75,436.83,0.0,0.0,3.19,6.64,0.0,0,0,0,10.0,0,1339.91,200.0,0.0,1539.91,1539.91,0.0,True,PENALTY_ADJUSTED_TOTAL_COST,0.1299,False,Operational cost plus severity-based risk/review/constraint penalties; not direct cash cost.,"Severity-based penalty used: hard blockers=0, major risks=0, review-required=0, soft warnings=2. Reasons: SUPPLIER_RISK_REMAINS; FORECAST_CONFIDENCE_LOW",0,0,0,2,SOFT_WARNING,,,,SUPPLIER_RISK_REMAINS; FORECAST_CONFIDENCE_LOW,0,0,200,200,False,RULE_BASED_ESTIMATE,True,False,True,False,FEASIBLE,,SUPPLIER_RISK_REMAINS; FORECAST_CONFIDENCE_LOW,Scenario MINIMUM_SAFE_BUFFER__TIGHTEN_ORDER_CAP scored with FEASIBLE feasibility.
SKU-SUN-003,SPF 50 Sunscreen 200ml,Personal Care,SKU-SUN-003-SCN-021,TIGHTEN_ORDER_CAP__RETURN_TO_SUPPLIER_IF_ALLOWED,21,2,CURRENT_BUFFER,CURRENT_SUPPLIER,NORMAL_DELIVERY,TIGHTEN_ORDER_CAP,RETURN_TO_SUPPLIER_IF_ALLOWED,CURRENT_WAREHOUSE_PLAN,0.8,32.0,102.0,78.75,10.57,7.0,2.0,499.27,0.0,297.92,0.0,187.66,174.73,0.0,0.0,3.19,6.64,0.0,0,0,0,10.0,0,1169.42,200.0,0.0,1369.42,1369.42,0.0,True,PENALTY_ADJUSTED_TOTAL_COST,0.146,False,Operational cost plus severity-based risk/review/constraint penalties; not direct cash cost.,"Severity-based penalty used: hard blockers=0, major risks=0, review-required=0, soft warnings=2. Reasons: SUPPLIER_RISK_REMAINS; FORECAST_CONFIDENCE_LOW",0,0,0,2,SOFT_WARNING,,,,SUPPLIER_RISK_REMAINS; FORECAST_CONFIDENCE_LOW,0,0,200,200,False,RULE_BASED_ESTIMATE,True,False,True,False,FEASIBLE,,SUPPLIER_RISK_REMAINS; FORECAST_CONFIDENCE_LOW,Scenario TIGHTEN_ORDER_CAP__RETURN_TO_SUPPLIER_IF_ALLOWED scored with FEASIBLE feasibility.
SKU-SUP-004,Winter Soup Mix 400g,Grocery,SKU-SUP-004-SCN-001,CURRENT_POLICY,1,0,CURRENT_BUFFER,CURRENT_SUPPLIER,NORMAL_DELIVERY,CURRENT_ORDER_CAP,NO_EXPIRY_ACTION,CURRENT_WAREHOUSE_PLAN,0.98,327.0,924.0,1200.0,56.97,16.0,2.0,8508.49,180.0,0.0,5201.51,0.0,0.0,0.0,31.48,43.2,9.66,750.0,500,3000,3000,10.0,3000,13974.34,1550.0,3000.0,18524.34,18524.34,0.0,True,PENALTY_ADJUSTED_TOTAL_COST,0.2456,False,Operational cost plus receiving capacity major-risk penalty; not direct cash cost.,"Severity-based penalty used: hard blockers=0, major risks=1, review-required=1, soft warnings=3. Reasons: PROJECTED_RECEIVING_OVER_CAPACITY_WITHOUT_SPLIT_OR_REVIEW; PHASE4_FINAL_POLICY_REVIEW_REQUIRED; SUPPLIER_RISK_REMAINS; FORECAST_CONFIDENCE_LOW; TRAVEL_WARNING_REMAINS",0,1,1,3,MAJOR_RISK,,PROJECTED_RECEIVING_OVER_CAPACITY_WITHOUT_SPLIT_OR_REVIEW,PHASE4_FINAL_POLICY_REVIEW_REQUIRED,SUPPLIER_RISK_REMAINS; FORECAST_CONFIDENCE_LOW; TRAVEL_WARNING_REMAINS,3000,500,300,3800,False,RULE_BASED_ESTIMATE,True,False,True,True,FEASIBLE_WITH_REVIEW,PROJECTED_RECEIVING_OVER_CAPACITY_WITHOUT_SPLIT_OR_REVIEW,PHASE4_FINAL_POLICY_REVIEW_REQUIRED; SUPPLIER_RISK_REMAINS; FORECAST_CONFIDENCE_LOW; TRAVEL_WARNING_REMAINS,Scenario CURRENT_POLICY scored with FEASIBLE_WITH_REVIEW feasibility.
SKU-SUP-004,Winter Soup Mix 400g,Grocery,SKU-SUP-004-SCN-002,INCREASE_BUFFER,2,1,INCREASE_BUFFER,CURRENT_SUPPLIER,NORMAL_DELIVERY,CURRENT_ORDER_CAP,NO_EXPIRY_ACTION,CURRENT_WAREHOUSE_PLAN,0.98,376.05,1062.6,1200.0,56.97,16.0,2.0,8508.49,180.0,0.0,3641.06,0.0,0.0,0.0,31.48,43.2,9.66,750.0,500,3000,3000,10.0,3000,12413.89,1550.0,3000.0,16963.89,16963.89,0.0,True,PENALTY_ADJUSTED_TOTAL_COST,0.2682,False,Operational cost plus receiving capacity major-risk penalty; not direct cash cost.,"Severity-based penalty used: hard blockers=0, major risks=1, review-required=1, soft warnings=3. Reasons: PROJECTED_RECEIVING_OVER_CAPACITY_WITHOUT_SPLIT_OR_REVIEW; PHASE4_FINAL_POLICY_WITHOUT_REVIEW; SUPPLIER_RISK_REMAINS; FORECAST_CONFIDENCE_LOW; TRAVEL_WARNING_REMAINS",0,1,1,3,MAJOR_RISK,,PROJECTED_RECEIVING_OVER_CAPACITY_WITHOUT_SPLIT_OR_REVIEW,PHASE4_FINAL_POLICY_WITHOUT_REVIEW,SUPPLIER_RISK_REMAINS; FORECAST_CONFIDENCE_LOW; TRAVEL_WARNING_REMAINS,3000,500,300,3800,False,RULE_BASED_ESTIMATE,True,False,True,True,FEASIBLE_WITH_REVIEW,PROJECTED_RECEIVING_OVER_CAPACITY_WITHOUT_SPLIT_OR_REVIEW,PHASE4_FINAL_POLICY_WITHOUT_REVIEW; SUPPLIER_RISK_REMAINS; FORECAST_CONFIDENCE_LOW; TRAVEL_WARNING_REMAINS,Scenario INCREASE_BUFFER scored with FEASIBLE_WITH_REVIEW feasibility.
SKU-SUP-004,Winter Soup Mix 400g,Grocery,SKU-SUP-004-SCN-003,FAST_RELIABLE_SUPPLIER,3,1,CURRENT_BUFFER,FAST_RELIABLE_SUPPLIER,NORMAL_DELIVERY,CURRENT_ORDER_CAP,NO_EXPIRY_ACTION,CURRENT_WAREHOUSE_PLAN,0.98,327.0,924.0,1200.0,56.97,16.0,2.0,9359.34,180.0,0.0,3120.91,0.0,0.0,0.0,18.89,43.2,9.66,750.0,1000,3000,3000,10.0,3000,12731.99,1950.0,3000.0,17681.99,17681.99,0.0,True,PENALTY_ADJUSTED_TOTAL_COST,0.2799,False,Operational cost plus receiving capacity major-risk penalty; not direct cash cost.,"Severity-based penalty used: hard blockers=0, major risks=1, review-required=2, soft warnings=2. Reasons: PROJECTED_RECEIVING_OVER_CAPACITY_WITHOUT_SPLIT_OR_REVIEW; SUPPLIER_REVIEW_REQUIRED_WITH_SUPPLIER_CHANGE; PHASE4_FINAL_POLICY_REVIEW_REQUIRED; FORECAST_CONFIDENCE_LOW; TRAVEL_WARNING_REMAINS",0,1,2,2,MAJOR_RISK,,PROJECTED_RECEIVING_OVER_CAPACITY_WITHOUT_SPLIT_OR_REVIEW,SUPPLIER_REVIEW_REQUIRED_WITH_SUPPLIER_CHANGE; PHASE4_FINAL_POLICY_REVIEW_REQUIRED,FORECAST_CONFIDENCE_LOW; TRAVEL_WARNING_REMAINS,3000,1000,200,4200,False,RULE_BASED_ESTIMATE,True,False,True,True,FEASIBLE_WITH_REVIEW,PROJECTED_RECEIVING_OVER_CAPACITY_WITHOUT_SPLIT_OR_REVIEW,SUPPLIER_REVIEW_REQUIRED_WITH_SUPPLIER_CHANGE; PHASE4_FINAL_POLICY_REVIEW_REQUIRED; FORECAST_CONFIDENCE_LOW; TRAVEL_WARNING_REMAINS,Scenario FAST_RELIABLE_SUPPLIER scored with FEASIBLE_WITH_REVIEW feasibility.
SKU-SUP-004,Winter Soup Mix 400g,Grocery,SKU-SUP-004-SCN-004,MOST_RELIABLE_SUPPLIER,4,1,CURRENT_BUFFER,MOST_RELIABLE_SUPPLIER,NORMAL_DELIVERY,CURRENT_ORDER_CAP,NO_EXPIRY_ACTION,CURRENT_WAREHOUSE_PLAN,0.98,327.0,924.0,1200.0,56.97,16.0,2.0,9784.76,180.0,0.0,5201.51,0.0,0.0,0.0,15.74,43.2,9.66,750.0,1000,3000,3000,10.0,3000,15234.87,1950.0,3000.0,20184.87,20184.87,-0.0,True,PENALTY_ADJUSTED_TOTAL_COST,0.2452,False,Operational cost plus receiving capacity major-risk penalty; not direct cash cost.,"Severity-based penalty used: hard blockers=0, major risks=1, review-required=2, soft warnings=2. Reasons: PROJECTED_RECEIVING_OVER_CAPACITY_WITHOUT_SPLIT_OR_REVIEW; SUPPLIER_REVIEW_REQUIRED_WITH_SUPPLIER_CHANGE; PHASE4_FINAL_POLICY_REVIEW_REQUIRED; FORECAST_CONFIDENCE_LOW; TRAVEL_WARNING_REMAINS",0,1,2,2,MAJOR_RISK,,PROJECTED_RECEIVING_OVER_CAPACITY_WITHOUT_SPLIT_OR_REVIEW,SUPPLIER_REVIEW_REQUIRED_WITH_SUPPLIER_CHANGE; PHASE4_FINAL_POLICY_REVIEW_REQUIRED,FORECAST_CONFIDENCE_LOW; TRAVEL_WARNING_REMAINS,3000,1000,200,4200,False,RULE_BASED_ESTIMATE,True,False,True,True,FEASIBLE_WITH_REVIEW,PROJECTED_RECEIVING_OVER_CAPACITY_WITHOUT_SPLIT_OR_REVIEW,SUPPLIER_REVIEW_REQUIRED_WITH_SUPPLIER_CHANGE; PHASE4_FINAL_POLICY_REVIEW_REQUIRED; FORECAST_CONFIDENCE_LOW; TRAVEL_WARNING_REMAINS,Scenario MOST_RELIABLE_SUPPLIER scored with FEASIBLE_WITH_REVIEW feasibility.
SKU-SUP-004,Winter Soup Mix 400g,Grocery,SKU-SUP-004-SCN-005,BALANCED_SUPPLIER,5,1,CURRENT_BUFFER,BALANCED_SUPPLIER,NORMAL_DELIVERY,CURRENT_ORDER_CAP,NO_EXPIRY_ACTION,CURRENT_WAREHOUSE_PLAN,0.98,327.0,924.0,1200.0,56.97,16.0,2.0,8763.74,180.0,0.0,5201.51,0.0,0.0,0.0,23.61,43.2,9.66,750.0,1000,3000,3000,10.0,3000,14221.72,1950.0,3000.0,19171.72,19171.72,0.0,True,PENALTY_ADJUSTED_TOTAL_COST,0.2582,False,Operational cost plus receiving capacity major-risk penalty; not direct cash cost.,"Severity-based penalty used: hard blockers=0, major risks=1, review-required=2, soft warnings=2. Reasons: PROJECTED_RECEIVING_OVER_CAPACITY_WITHOUT_SPLIT_OR_REVIEW; SUPPLIER_REVIEW_REQUIRED_WITH_SUPPLIER_CHANGE; PHASE4_FINAL_POLICY_REVIEW_REQUIRED; FORECAST_CONFIDENCE_LOW; TRAVEL_WARNING_REMAINS",0,1,2,2,MAJOR_RISK,,PROJECTED_RECEIVING_OVER_CAPACITY_WITHOUT_SPLIT_OR_REVIEW,SUPPLIER_REVIEW_REQUIRED_WITH_SUPPLIER_CHANGE; PHASE4_FINAL_POLICY_REVIEW_REQUIRED,FORECAST_CONFIDENCE_LOW; TRAVEL_WARNING_REMAINS,3000,1000,200,4200,False,RULE_BASED_ESTIMATE,True,False,True,True,FEASIBLE_WITH_REVIEW,PROJECTED_RECEIVING_OVER_CAPACITY_WITHOUT_SPLIT_OR_REVIEW,SUPPLIER_REVIEW_REQUIRED_WITH_SUPPLIER_CHANGE; PHASE4_FINAL_POLICY_REVIEW_REQUIRED; FORECAST_CONFIDENCE_LOW; TRAVEL_WARNING_REMAINS,Scenario BALANCED_SUPPLIER scored with FEASIBLE_WITH_REVIEW feasibility.
SKU-SUP-004,Winter Soup Mix 400g,Grocery,SKU-SUP-004-SCN-006,SUPPLIER_REVIEW_ONLY,6,1,CURRENT_BUFFER,SUPPLIER_REVIEW_ONLY,NORMAL_DELIVERY,CURRENT_ORDER_CAP,NO_EXPIRY_ACTION,CURRENT_WAREHOUSE_PLAN,0.98,327.0,924.0,1200.0,56.97,16.0,2.0,8508.49,180.0,0.0,5201.51,0.0,0.0,0.0,31.48,43.2,9.66,750.0,1000,3000,3000,10.0,3000,13974.34,2050.0,3000.0,19024.34,19024.34,0.0,True,PENALTY_ADJUSTED_TOTAL_COST,0.2654,False,Operational cost plus receiving capacity major-risk penalty; not direct cash cost.,"Severity-based penalty used: hard blockers=0, major risks=1, review-required=2, soft warnings=3. Reasons: PROJECTED_RECEIVING_OVER_CAPACITY_WITHOUT_SPLIT_OR_REVIEW; PHASE4_FINAL_POLICY_REVIEW_REQUIRED; SUPPLIER_REVIEW_ONLY_SELECTED; SUPPLIER_RISK_REMAINS; FORECAST_CONFIDENCE_LOW; TRAVEL_WARNING_REMAINS",0,1,2,3,MAJOR_RISK,,PROJECTED_RECEIVING_OVER_CAPACITY_WITHOUT_SPLIT_OR_REVIEW,PHASE4_FINAL_POLICY_REVIEW_REQUIRED; SUPPLIER_REVIEW_ONLY_SELECTED,SUPPLIER_RISK_REMAINS; FORECAST_CONFIDENCE_LOW; TRAVEL_WARNING_REMAINS,3000,1000,300,4300,False,RULE_BASED_ESTIMATE,True,False,True,True,FEASIBLE_WITH_REVIEW,PROJECTED_RECEIVING_OVER_CAPACITY_WITHOUT_SPLIT_OR_REVIEW,PHASE4_FINAL_POLICY_REVIEW_REQUIRED; SUPPLIER_REVIEW_ONLY_SELECTED; SUPPLIER_RISK_REMAINS; FORECAST_CONFIDENCE_LOW; TRAVEL_WARNING_REMAINS,Scenario SUPPLIER_REVIEW_ONLY scored with FEASIBLE_WITH_REVIEW feasibility.
SKU-SUP-004,Winter Soup Mix 400g,Grocery,SKU-SUP-004-SCN-007,EXPEDITE_DELIVERY,7,1,CURRENT_BUFFER,CURRENT_SUPPLIER,EXPEDITE_DELIVERY,CURRENT_ORDER_CAP,NO_EXPIRY_ACTION,CURRENT_WAREHOUSE_PLAN,0.98,327.0,924.0,1200.0,56.97,11.2,2.0,8508.49,225.0,0.0,3380.98,0.0,0.0,0.0,31.48,43.2,9.66,750.0,500,3000,3000,10.0,3000,12198.81,1550.0,3000.0,16748.81,16748.81,0.0,True,PENALTY_ADJUSTED_TOTAL_COST,0.2717,False,Operational cost plus receiving capacity major-risk penalty; not direct cash cost.,"Severity-based penalty used: hard blockers=0, major risks=1, review-required=1, soft warnings=3. Reasons: PROJECTED_RECEIVING_OVER_CAPACITY_WITHOUT_SPLIT_OR_REVIEW; PHASE4_FINAL_POLICY_REVIEW_REQUIRED; SUPPLIER_RISK_REMAINS; FORECAST_CONFIDENCE_LOW; TRAVEL_WARNING_REMAINS",0,1,1,3,MAJOR_RISK,,PROJECTED_RECEIVING_OVER_CAPACITY_WITHOUT_SPLIT_OR_REVIEW,PHASE4_FINAL_POLICY_REVIEW_REQUIRED,SUPPLIER_RISK_REMAINS; FORECAST_CONFIDENCE_LOW; TRAVEL_WARNING_REMAINS,3000,500,300,3800,False,RULE_BASED_ESTIMATE,True,False,True,True,FEASIBLE_WITH_REVIEW,PROJECTED_RECEIVING_OVER_CAPACITY_WITHOUT_SPLIT_OR_REVIEW,PHASE4_FINAL_POLICY_REVIEW_REQUIRED; SUPPLIER_RISK_REMAINS; FORECAST_CONFIDENCE_LOW; TRAVEL_WARNING_REMAINS,Scenario EXPEDITE_DELIVERY scored with FEASIBLE_WITH_REVIEW feasibility.
SKU-SUP-004,Winter Soup Mix 400g,Grocery,SKU-SUP-004-SCN-008,SPLIT_DELIVERY,8,1,CURRENT_BUFFER,CURRENT_SUPPLIER,SPLIT_DELIVERY,CURRENT_ORDER_CAP,NO_EXPIRY_ACTION,CURRENT_WAREHOUSE_PLAN,0.98,327.0,924.0,1200.0,56.97,16.0,2.0,8508.49,216.0,0.0,5201.51,0.0,0.0,0.0,31.48,43.2,9.66,93.75,500,0,0,10.0,0,14010.34,893.75,0.0,14904.09,14904.09,0.0,True,PENALTY_ADJUSTED_TOTAL_COST,0.06,False,Operational cost plus review-required penalty; review penalty is not direct operating cost.,"Severity-based penalty used: hard blockers=0, major risks=0, review-required=1, soft warnings=3. Reasons: PHASE4_FINAL_POLICY_REVIEW_REQUIRED; SUPPLIER_RISK_REMAINS; FORECAST_CONFIDENCE_LOW; TRAVEL_WARNING_REMAINS",0,0,1,3,REVIEW_REQUIRED,,,PHASE4_FINAL_POLICY_REVIEW_REQUIRED,SUPPLIER_RISK_REMAINS; FORECAST_CONFIDENCE_LOW; TRAVEL_WARNING_REMAINS,0,500,300,800,False,RULE_BASED_ESTIMATE,True,False,True,True,FEASIBLE_WITH_REVIEW,,PHASE4_FINAL_POLICY_REVIEW_REQUIRED; SUPPLIER_RISK_REMAINS; FORECAST_CONFIDENCE_LOW; TRAVEL_WARNING_REMAINS,Scenario SPLIT_DELIVERY scored with FEASIBLE_WITH_REVIEW feasibility.
SKU-SUP-004,Winter Soup Mix 400g,Grocery,SKU-SUP-004-SCN-009,TIGHTEN_ORDER_CAP,9,1,CURRENT_BUFFER,CURRENT_SUPPLIER,NORMAL_DELIVERY,TIGHTEN_ORDER_CAP,NO_EXPIRY_ACTION,CURRENT_WAREHOUSE_PLAN,0.98,327.0,924.0,900.0,42.73,16.0,2.0,6381.37,180.0,0.0,5201.51,0.0,0.0,0.0,31.48,43.2,9.66,750.0,500,3000,3000,10.0,3000,11847.22,1550.0,3000.0,16397.22,16397.22,0.0,True,PENALTY_ADJUSTED_TOTAL_COST,0.2775,False,Operational cost plus receiving capacity major-risk penalty; not direct cash cost.,"Severity-based penalty used: hard blockers=0, major risks=1, review-required=1, soft warnings=3. Reasons: PROJECTED_RECEIVING_OVER_CAPACITY_WITHOUT_SPLIT_OR_REVIEW; PHASE4_FINAL_POLICY_WITHOUT_REVIEW; SUPPLIER_RISK_REMAINS; FORECAST_CONFIDENCE_LOW; TRAVEL_WARNING_REMAINS",0,1,1,3,MAJOR_RISK,,PROJECTED_RECEIVING_OVER_CAPACITY_WITHOUT_SPLIT_OR_REVIEW,PHASE4_FINAL_POLICY_WITHOUT_REVIEW,SUPPLIER_RISK_REMAINS; FORECAST_CONFIDENCE_LOW; TRAVEL_WARNING_REMAINS,3000,500,300,3800,False,RULE_BASED_ESTIMATE,True,False,True,True,FEASIBLE_WITH_REVIEW,PROJECTED_RECEIVING_OVER_CAPACITY_WITHOUT_SPLIT_OR_REVIEW,PHASE4_FINAL_POLICY_WITHOUT_REVIEW; SUPPLIER_RISK_REMAINS; FORECAST_CONFIDENCE_LOW; TRAVEL_WARNING_REMAINS,Scenario TIGHTEN_ORDER_CAP scored with FEASIBLE_WITH_REVIEW feasibility.
SKU-SUP-004,Winter Soup Mix 400g,Grocery,SKU-SUP-004-SCN-010,REVIEW_RECEIVING_CAPACITY,10,1,CURRENT_BUFFER,CURRENT_SUPPLIER,NORMAL_DELIVERY,CURRENT_ORDER_CAP,NO_EXPIRY_ACTION,REVIEW_RECEIVING_CAPACITY,0.98,327.0,924.0,1200.0,56.97,16.0,2.0,8508.49,180.0,0.0,5201.51,0.0,0.0,0.0,31.48,43.2,9.66,375.0,1500,0,0,10.0,0,13974.34,2175.0,0.0,16149.34,16149.34,0.0,True,PENALTY_ADJUSTED_TOTAL_COST,0.1347,False,Operational cost plus review-required penalty; review penalty is not direct operating cost.,"Severity-based penalty used: hard blockers=0, major risks=0, review-required=3, soft warnings=3. Reasons: PROJECTED_RECEIVING_CAPACITY_REVIEW_REQUIRED; PHASE4_FINAL_POLICY_REVIEW_REQUIRED; REVIEW_RECEIVING_CAPACITY_REQUIRES_REVIEW; SUPPLIER_RISK_REMAINS; FORECAST_CONFIDENCE_LOW; TRAVEL_WARNING_REMAINS",0,0,3,3,REVIEW_REQUIRED,,,PROJECTED_RECEIVING_CAPACITY_REVIEW_REQUIRED; PHASE4_FINAL_POLICY_REVIEW_REQUIRED; REVIEW_RECEIVING_CAPACITY_REQUIRES_REVIEW,SUPPLIER_RISK_REMAINS; FORECAST_CONFIDENCE_LOW; TRAVEL_WARNING_REMAINS,0,1500,300,1800,False,RULE_BASED_ESTIMATE,True,False,True,True,FEASIBLE_WITH_REVIEW,,PROJECTED_RECEIVING_CAPACITY_REVIEW_REQUIRED; PHASE4_FINAL_POLICY_REVIEW_REQUIRED; REVIEW_RECEIVING_CAPACITY_REQUIRES_REVIEW; SUPPLIER_RISK_REMAINS; FORECAST_CONFIDENCE_LOW; TRAVEL_WARNING_REMAINS,Scenario REVIEW_RECEIVING_CAPACITY scored with FEASIBLE_WITH_REVIEW feasibility.
SKU-SUP-004,Winter Soup Mix 400g,Grocery,SKU-SUP-004-SCN-011,REVIEW_TRAVEL_DISTANCE,11,1,CURRENT_BUFFER,CURRENT_SUPPLIER,NORMAL_DELIVERY,CURRENT_ORDER_CAP,NO_EXPIRY_ACTION,REVIEW_TRAVEL_DISTANCE,0.98,327.0,924.0,1200.0,56.97,16.0,2.0,8508.49,180.0,0.0,5201.51,0.0,0.0,0.0,31.48,43.2,7.25,750.0,1000,3000,3000,10.0,3000,13971.93,1950.0,3000.0,18921.93,18921.93,0.0,True,PENALTY_ADJUSTED_TOTAL_COST,0.2616,False,Operational cost plus receiving capacity major-risk penalty; not direct cash cost.,"Severity-based penalty used: hard blockers=0, major risks=1, review-required=2, soft warnings=2. Reasons: PROJECTED_RECEIVING_OVER_CAPACITY_WITHOUT_SPLIT_OR_REVIEW; PHASE4_FINAL_POLICY_REVIEW_REQUIRED; REVIEW_TRAVEL_DISTANCE_REQUIRES_REVIEW; SUPPLIER_RISK_REMAINS; FORECAST_CONFIDENCE_LOW",0,1,2,2,MAJOR_RISK,,PROJECTED_RECEIVING_OVER_CAPACITY_WITHOUT_SPLIT_OR_REVIEW,PHASE4_FINAL_POLICY_REVIEW_REQUIRED; REVIEW_TRAVEL_DISTANCE_REQUIRES_REVIEW,SUPPLIER_RISK_REMAINS; FORECAST_CONFIDENCE_LOW,3000,1000,200,4200,False,RULE_BASED_ESTIMATE,True,False,True,True,FEASIBLE_WITH_REVIEW,PROJECTED_RECEIVING_OVER_CAPACITY_WITHOUT_SPLIT_OR_REVIEW,PHASE4_FINAL_POLICY_REVIEW_REQUIRED; REVIEW_TRAVEL_DISTANCE_REQUIRES_REVIEW; SUPPLIER_RISK_REMAINS; FORECAST_CONFIDENCE_LOW,Scenario REVIEW_TRAVEL_DISTANCE scored with FEASIBLE_WITH_REVIEW feasibility.
SKU-SUP-004,Winter Soup Mix 400g,Grocery,SKU-SUP-004-SCN-012,REVIEW_SLOT_LOCATION,12,1,CURRENT_BUFFER,CURRENT_SUPPLIER,NORMAL_DELIVERY,CURRENT_ORDER_CAP,NO_EXPIRY_ACTION,REVIEW_SLOT_LOCATION,0.98,327.0,924.0,1200.0,56.97,16.0,2.0,8508.49,180.0,0.0,5201.51,0.0,0.0,0.0,31.48,43.2,7.25,750.0,1000,3000,3000,10.0,3000,13971.93,1950.0,3000.0,18921.93,18921.93,0.0,True,PENALTY_ADJUSTED_TOTAL_COST,0.2616,False,Operational cost plus receiving capacity major-risk penalty; not direct cash cost.,"Severity-based penalty used: hard blockers=0, major risks=1, review-required=2, soft warnings=2. Reasons: PROJECTED_RECEIVING_OVER_CAPACITY_WITHOUT_SPLIT_OR_REVIEW; PHASE4_FINAL_POLICY_REVIEW_REQUIRED; REVIEW_SLOT_LOCATION_REQUIRES_REVIEW; SUPPLIER_RISK_REMAINS; FORECAST_CONFIDENCE_LOW",0,1,2,2,MAJOR_RISK,,PROJECTED_RECEIVING_OVER_CAPACITY_WITHOUT_SPLIT_OR_REVIEW,PHASE4_FINAL_POLICY_REVIEW_REQUIRED; REVIEW_SLOT_LOCATION_REQUIRES_REVIEW,SUPPLIER_RISK_REMAINS; FORECAST_CONFIDENCE_LOW,3000,1000,200,4200,False,RULE_BASED_ESTIMATE,True,False,True,True,FEASIBLE_WITH_REVIEW,PROJECTED_RECEIVING_OVER_CAPACITY_WITHOUT_SPLIT_OR_REVIEW,PHASE4_FINAL_POLICY_REVIEW_REQUIRED; REVIEW_SLOT_LOCATION_REQUIRES_REVIEW; SUPPLIER_RISK_REMAINS; FORECAST_CONFIDENCE_LOW,Scenario REVIEW_SLOT_LOCATION scored with FEASIBLE_WITH_REVIEW feasibility.
SKU-SUP-004,Winter Soup Mix 400g,Grocery,SKU-SUP-004-SCN-013,INCREASE_BUFFER__FAST_RELIABLE_SUPPLIER,13,2,INCREASE_BUFFER,FAST_RELIABLE_SUPPLIER,NORMAL_DELIVERY,CURRENT_ORDER_CAP,NO_EXPIRY_ACTION,CURRENT_WAREHOUSE_PLAN,0.98,376.05,1062.6,1200.0,56.97,16.0,2.0,9359.34,180.0,0.0,2184.63,0.0,0.0,0.0,18.89,43.2,9.66,750.0,1000,3000,3000,10.0,3000,11795.72,1950.0,3000.0,16745.72,16745.72,0.0,True,PENALTY_ADJUSTED_TOTAL_COST,0.2956,False,Operational cost plus receiving capacity major-risk penalty; not direct cash cost.,"Severity-based penalty used: hard blockers=0, major risks=1, review-required=2, soft warnings=2. Reasons: PROJECTED_RECEIVING_OVER_CAPACITY_WITHOUT_SPLIT_OR_REVIEW; SUPPLIER_REVIEW_REQUIRED_WITH_SUPPLIER_CHANGE; PHASE4_FINAL_POLICY_WITHOUT_REVIEW; FORECAST_CONFIDENCE_LOW; TRAVEL_WARNING_REMAINS",0,1,2,2,MAJOR_RISK,,PROJECTED_RECEIVING_OVER_CAPACITY_WITHOUT_SPLIT_OR_REVIEW,SUPPLIER_REVIEW_REQUIRED_WITH_SUPPLIER_CHANGE; PHASE4_FINAL_POLICY_WITHOUT_REVIEW,FORECAST_CONFIDENCE_LOW; TRAVEL_WARNING_REMAINS,3000,1000,200,4200,False,RULE_BASED_ESTIMATE,True,False,True,True,FEASIBLE_WITH_REVIEW,PROJECTED_RECEIVING_OVER_CAPACITY_WITHOUT_SPLIT_OR_REVIEW,SUPPLIER_REVIEW_REQUIRED_WITH_SUPPLIER_CHANGE; PHASE4_FINAL_POLICY_WITHOUT_REVIEW; FORECAST_CONFIDENCE_LOW; TRAVEL_WARNING_REMAINS,Scenario INCREASE_BUFFER__FAST_RELIABLE_SUPPLIER scored with FEASIBLE_WITH_REVIEW feasibility.
SKU-SUP-004,Winter Soup Mix 400g,Grocery,SKU-SUP-004-SCN-014,INCREASE_BUFFER__MOST_RELIABLE_SUPPLIER,14,2,INCREASE_BUFFER,MOST_RELIABLE_SUPPLIER,NORMAL_DELIVERY,CURRENT_ORDER_CAP,NO_EXPIRY_ACTION,CURRENT_WAREHOUSE_PLAN,0.98,376.05,1062.6,1200.0,56.97,16.0,2.0,9784.76,180.0,0.0,3641.06,0.0,0.0,0.0,15.74,43.2,9.66,750.0,1000,3000,3000,10.0,3000,13674.42,1950.0,3000.0,18624.42,18624.42,0.0,True,PENALTY_ADJUSTED_TOTAL_COST,0.2658,False,Operational cost plus receiving capacity major-risk penalty; not direct cash cost.,"Severity-based penalty used: hard blockers=0, major risks=1, review-required=2, soft warnings=2. Reasons: PROJECTED_RECEIVING_OVER_CAPACITY_WITHOUT_SPLIT_OR_REVIEW; SUPPLIER_REVIEW_REQUIRED_WITH_SUPPLIER_CHANGE; PHASE4_FINAL_POLICY_WITHOUT_REVIEW; FORECAST_CONFIDENCE_LOW; TRAVEL_WARNING_REMAINS",0,1,2,2,MAJOR_RISK,,PROJECTED_RECEIVING_OVER_CAPACITY_WITHOUT_SPLIT_OR_REVIEW,SUPPLIER_REVIEW_REQUIRED_WITH_SUPPLIER_CHANGE; PHASE4_FINAL_POLICY_WITHOUT_REVIEW,FORECAST_CONFIDENCE_LOW; TRAVEL_WARNING_REMAINS,3000,1000,200,4200,False,RULE_BASED_ESTIMATE,True,False,True,True,FEASIBLE_WITH_REVIEW,PROJECTED_RECEIVING_OVER_CAPACITY_WITHOUT_SPLIT_OR_REVIEW,SUPPLIER_REVIEW_REQUIRED_WITH_SUPPLIER_CHANGE; PHASE4_FINAL_POLICY_WITHOUT_REVIEW; FORECAST_CONFIDENCE_LOW; TRAVEL_WARNING_REMAINS,Scenario INCREASE_BUFFER__MOST_RELIABLE_SUPPLIER scored with FEASIBLE_WITH_REVIEW feasibility.
SKU-SUP-004,Winter Soup Mix 400g,Grocery,SKU-SUP-004-SCN-015,INCREASE_BUFFER__SPLIT_DELIVERY,15,2,INCREASE_BUFFER,CURRENT_SUPPLIER,SPLIT_DELIVERY,CURRENT_ORDER_CAP,NO_EXPIRY_ACTION,CURRENT_WAREHOUSE_PLAN,0.98,376.05,1062.6,1200.0,56.97,16.0,2.0,8508.49,216.0,0.0,3641.06,0.0,0.0,0.0,31.48,43.2,9.66,93.75,500,0,0,10.0,0,12449.89,893.75,0.0,13343.64,13343.64,0.0,True,PENALTY_ADJUSTED_TOTAL_COST,0.067,False,Operational cost plus review-required penalty; review penalty is not direct operating cost.,"Severity-based penalty used: hard blockers=0, major risks=0, review-required=1, soft warnings=3. Reasons: PHASE4_FINAL_POLICY_WITHOUT_REVIEW; SUPPLIER_RISK_REMAINS; FORECAST_CONFIDENCE_LOW; TRAVEL_WARNING_REMAINS",0,0,1,3,REVIEW_REQUIRED,,,PHASE4_FINAL_POLICY_WITHOUT_REVIEW,SUPPLIER_RISK_REMAINS; FORECAST_CONFIDENCE_LOW; TRAVEL_WARNING_REMAINS,0,500,300,800,False,RULE_BASED_ESTIMATE,True,False,True,True,FEASIBLE_WITH_REVIEW,,PHASE4_FINAL_POLICY_WITHOUT_REVIEW; SUPPLIER_RISK_REMAINS; FORECAST_CONFIDENCE_LOW; TRAVEL_WARNING_REMAINS,Scenario INCREASE_BUFFER__SPLIT_DELIVERY scored with FEASIBLE_WITH_REVIEW feasibility.
SKU-SUP-004,Winter Soup Mix 400g,Grocery,SKU-SUP-004-SCN-016,FAST_RELIABLE_SUPPLIER__SPLIT_DELIVERY,16,2,CURRENT_BUFFER,FAST_RELIABLE_SUPPLIER,SPLIT_DELIVERY,CURRENT_ORDER_CAP,NO_EXPIRY_ACTION,CURRENT_WAREHOUSE_PLAN,0.98,327.0,924.0,1200.0,56.97,16.0,2.0,9359.34,216.0,0.0,3120.91,0.0,0.0,0.0,18.89,43.2,9.66,93.75,1000,0,0,10.0,0,12767.99,1293.75,0.0,14061.74,14061.74,0.0,True,PENALTY_ADJUSTED_TOTAL_COST,0.092,False,Operational cost plus review-required penalty; review penalty is not direct operating cost.,"Severity-based penalty used: hard blockers=0, major risks=0, review-required=2, soft warnings=2. Reasons: SUPPLIER_REVIEW_REQUIRED_WITH_SUPPLIER_CHANGE; PHASE4_FINAL_POLICY_REVIEW_REQUIRED; FORECAST_CONFIDENCE_LOW; TRAVEL_WARNING_REMAINS",0,0,2,2,REVIEW_REQUIRED,,,SUPPLIER_REVIEW_REQUIRED_WITH_SUPPLIER_CHANGE; PHASE4_FINAL_POLICY_REVIEW_REQUIRED,FORECAST_CONFIDENCE_LOW; TRAVEL_WARNING_REMAINS,0,1000,200,1200,False,RULE_BASED_ESTIMATE,True,False,True,True,FEASIBLE_WITH_REVIEW,,SUPPLIER_REVIEW_REQUIRED_WITH_SUPPLIER_CHANGE; PHASE4_FINAL_POLICY_REVIEW_REQUIRED; FORECAST_CONFIDENCE_LOW; TRAVEL_WARNING_REMAINS,Scenario FAST_RELIABLE_SUPPLIER__SPLIT_DELIVERY scored with FEASIBLE_WITH_REVIEW feasibility.
SKU-SUP-004,Winter Soup Mix 400g,Grocery,SKU-SUP-004-SCN-017,INCREASE_BUFFER__FAST_RELIABLE_SUPPLIER__SPLIT_DELIVERY,17,3,INCREASE_BUFFER,FAST_RELIABLE_SUPPLIER,SPLIT_DELIVERY,CURRENT_ORDER_CAP,NO_EXPIRY_ACTION,CURRENT_WAREHOUSE_PLAN,0.98,376.05,1062.6,1200.0,56.97,16.0,2.0,9359.34,216.0,0.0,2184.63,0.0,0.0,0.0,18.89,43.2,9.66,93.75,1000,0,0,10.0,0,11831.72,1293.75,0.0,13125.47,13125.47,0.0,True,PENALTY_ADJUSTED_TOTAL_COST,0.0986,False,Operational cost plus review-required penalty; review penalty is not direct operating cost.,"Severity-based penalty used: hard blockers=0, major risks=0, review-required=2, soft warnings=2. Reasons: SUPPLIER_REVIEW_REQUIRED_WITH_SUPPLIER_CHANGE; PHASE4_FINAL_POLICY_WITHOUT_REVIEW; FORECAST_CONFIDENCE_LOW; TRAVEL_WARNING_REMAINS",0,0,2,2,REVIEW_REQUIRED,,,SUPPLIER_REVIEW_REQUIRED_WITH_SUPPLIER_CHANGE; PHASE4_FINAL_POLICY_WITHOUT_REVIEW,FORECAST_CONFIDENCE_LOW; TRAVEL_WARNING_REMAINS,0,1000,200,1200,False,RULE_BASED_ESTIMATE,True,False,True,True,FEASIBLE_WITH_REVIEW,,SUPPLIER_REVIEW_REQUIRED_WITH_SUPPLIER_CHANGE; PHASE4_FINAL_POLICY_WITHOUT_REVIEW; FORECAST_CONFIDENCE_LOW; TRAVEL_WARNING_REMAINS,Scenario INCREASE_BUFFER__FAST_RELIABLE_SUPPLIER__SPLIT_DELIVERY scored with FEASIBLE_WITH_REVIEW feasibility.
SKU-SUP-004,Winter Soup Mix 400g,Grocery,SKU-SUP-004-SCN-018,BALANCED_SUPPLIER__SPLIT_DELIVERY,18,2,CURRENT_BUFFER,BALANCED_SUPPLIER,SPLIT_DELIVERY,CURRENT_ORDER_CAP,NO_EXPIRY_ACTION,CURRENT_WAREHOUSE_PLAN,0.98,327.0,924.0,1200.0,56.97,16.0,2.0,8763.74,216.0,0.0,5201.51,0.0,0.0,0.0,23.61,43.2,9.66,93.75,1000,0,0,10.0,0,14257.72,1293.75,0.0,15551.47,15551.47,0.0,True,PENALTY_ADJUSTED_TOTAL_COST,0.0832,False,Operational cost plus review-required penalty; review penalty is not direct operating cost.,"Severity-based penalty used: hard blockers=0, major risks=0, review-required=2, soft warnings=2. Reasons: SUPPLIER_REVIEW_REQUIRED_WITH_SUPPLIER_CHANGE; PHASE4_FINAL_POLICY_REVIEW_REQUIRED; FORECAST_CONFIDENCE_LOW; TRAVEL_WARNING_REMAINS",0,0,2,2,REVIEW_REQUIRED,,,SUPPLIER_REVIEW_REQUIRED_WITH_SUPPLIER_CHANGE; PHASE4_FINAL_POLICY_REVIEW_REQUIRED,FORECAST_CONFIDENCE_LOW; TRAVEL_WARNING_REMAINS,0,1000,200,1200,False,RULE_BASED_ESTIMATE,True,False,True,True,FEASIBLE_WITH_REVIEW,,SUPPLIER_REVIEW_REQUIRED_WITH_SUPPLIER_CHANGE; PHASE4_FINAL_POLICY_REVIEW_REQUIRED; FORECAST_CONFIDENCE_LOW; TRAVEL_WARNING_REMAINS,Scenario BALANCED_SUPPLIER__SPLIT_DELIVERY scored with FEASIBLE_WITH_REVIEW feasibility.
SKU-CHC-005,Valentine Chocolate Box 250g,Confectionery,SKU-CHC-005-SCN-001,CURRENT_POLICY,1,0,CURRENT_BUFFER,CURRENT_SUPPLIER,NORMAL_DELIVERY,CURRENT_ORDER_CAP,NO_EXPIRY_ACTION,CURRENT_WAREHOUSE_PLAN,0.9,45.0,426.0,405.0,14.01,18.0,2.0,2758.05,0.0,25.27,0.0,0.0,238.35,0.0,0.0,3.86,4.98,0.0,0,0,0,10.0,0,3030.51,200.0,0.0,3230.51,3230.51,0.0,True,PENALTY_ADJUSTED_TOTAL_COST,0.0619,False,Operational cost plus severity-based risk/review/constraint penalties; not direct cash cost.,"Severity-based penalty used: hard blockers=0, major risks=0, review-required=0, soft warnings=2. Reasons: SUPPLIER_RISK_REMAINS; FORECAST_CONFIDENCE_LOW",0,0,0,2,SOFT_WARNING,,,,SUPPLIER_RISK_REMAINS; FORECAST_CONFIDENCE_LOW,0,0,200,200,False,RULE_BASED_ESTIMATE,True,False,True,False,BASELINE_ONLY,,SUPPLIER_RISK_REMAINS; FORECAST_CONFIDENCE_LOW,Scenario CURRENT_POLICY scored with BASELINE_ONLY feasibility.
SKU-CHC-005,Valentine Chocolate Box 250g,Confectionery,SKU-CHC-005-SCN-002,FAST_RELIABLE_SUPPLIER,2,1,CURRENT_BUFFER,FAST_RELIABLE_SUPPLIER,NORMAL_DELIVERY,CURRENT_ORDER_CAP,NO_EXPIRY_ACTION,CURRENT_WAREHOUSE_PLAN,0.9,45.0,426.0,405.0,14.01,18.0,2.0,3033.86,0.0,25.27,0.0,0.0,238.35,0.0,0.0,3.86,4.98,0.0,500,0,0,10.0,0,3306.32,600.0,0.0,3906.32,3906.32,0.0,True,PENALTY_ADJUSTED_TOTAL_COST,0.1536,False,Operational cost plus review-required penalty; review penalty is not direct operating cost.,"Severity-based penalty used: hard blockers=0, major risks=0, review-required=1, soft warnings=1. Reasons: SUPPLIER_REVIEW_REQUIRED_WITH_SUPPLIER_CHANGE; FORECAST_CONFIDENCE_LOW",0,0,1,1,REVIEW_REQUIRED,,,SUPPLIER_REVIEW_REQUIRED_WITH_SUPPLIER_CHANGE,FORECAST_CONFIDENCE_LOW,0,500,100,600,False,RULE_BASED_ESTIMATE,True,False,True,True,FEASIBLE_WITH_REVIEW,,SUPPLIER_REVIEW_REQUIRED_WITH_SUPPLIER_CHANGE; FORECAST_CONFIDENCE_LOW,Scenario FAST_RELIABLE_SUPPLIER scored with FEASIBLE_WITH_REVIEW feasibility.
SKU-CHC-005,Valentine Chocolate Box 250g,Confectionery,SKU-CHC-005-SCN-003,MOST_RELIABLE_SUPPLIER,3,1,CURRENT_BUFFER,MOST_RELIABLE_SUPPLIER,NORMAL_DELIVERY,CURRENT_ORDER_CAP,NO_EXPIRY_ACTION,CURRENT_WAREHOUSE_PLAN,0.9,45.0,426.0,405.0,14.01,18.0,2.0,3171.76,0.0,25.27,0.0,0.0,238.35,0.0,0.0,3.86,4.98,0.0,500,0,0,10.0,0,3444.22,600.0,0.0,4044.22,4044.22,0.0,True,PENALTY_ADJUSTED_TOTAL_COST,0.1484,False,Operational cost plus review-required penalty; review penalty is not direct operating cost.,"Severity-based penalty used: hard blockers=0, major risks=0, review-required=1, soft warnings=1. Reasons: SUPPLIER_REVIEW_REQUIRED_WITH_SUPPLIER_CHANGE; FORECAST_CONFIDENCE_LOW",0,0,1,1,REVIEW_REQUIRED,,,SUPPLIER_REVIEW_REQUIRED_WITH_SUPPLIER_CHANGE,FORECAST_CONFIDENCE_LOW,0,500,100,600,False,RULE_BASED_ESTIMATE,True,False,True,True,FEASIBLE_WITH_REVIEW,,SUPPLIER_REVIEW_REQUIRED_WITH_SUPPLIER_CHANGE; FORECAST_CONFIDENCE_LOW,Scenario MOST_RELIABLE_SUPPLIER scored with FEASIBLE_WITH_REVIEW feasibility.
SKU-CHC-005,Valentine Chocolate Box 250g,Confectionery,SKU-CHC-005-SCN-004,BALANCED_SUPPLIER,4,1,CURRENT_BUFFER,BALANCED_SUPPLIER,NORMAL_DELIVERY,CURRENT_ORDER_CAP,NO_EXPIRY_ACTION,CURRENT_WAREHOUSE_PLAN,0.9,45.0,426.0,405.0,14.01,18.0,2.0,2840.79,0.0,25.27,0.0,0.0,238.35,0.0,0.0,3.86,4.98,0.0,500,0,0,10.0,0,3113.25,600.0,0.0,3713.25,3713.25,0.0,True,PENALTY_ADJUSTED_TOTAL_COST,0.1616,False,Operational cost plus review-required penalty; review penalty is not direct operating cost.,"Severity-based penalty used: hard blockers=0, major risks=0, review-required=1, soft warnings=1. Reasons: SUPPLIER_REVIEW_REQUIRED_WITH_SUPPLIER_CHANGE; FORECAST_CONFIDENCE_LOW",0,0,1,1,REVIEW_REQUIRED,,,SUPPLIER_REVIEW_REQUIRED_WITH_SUPPLIER_CHANGE,FORECAST_CONFIDENCE_LOW,0,500,100,600,False,RULE_BASED_ESTIMATE,True,False,True,True,FEASIBLE_WITH_REVIEW,,SUPPLIER_REVIEW_REQUIRED_WITH_SUPPLIER_CHANGE; FORECAST_CONFIDENCE_LOW,Scenario BALANCED_SUPPLIER scored with FEASIBLE_WITH_REVIEW feasibility.
SKU-CHC-005,Valentine Chocolate Box 250g,Confectionery,SKU-CHC-005-SCN-005,SUPPLIER_REVIEW_ONLY,5,1,CURRENT_BUFFER,SUPPLIER_REVIEW_ONLY,NORMAL_DELIVERY,CURRENT_ORDER_CAP,NO_EXPIRY_ACTION,CURRENT_WAREHOUSE_PLAN,0.9,45.0,426.0,405.0,14.01,18.0,2.0,2758.05,0.0,25.27,0.0,0.0,238.35,0.0,0.0,3.86,4.98,0.0,500,0,0,10.0,0,3030.51,700.0,0.0,3730.51,3730.51,0.0,True,PENALTY_ADJUSTED_TOTAL_COST,0.1876,False,Operational cost plus review-required penalty; review penalty is not direct operating cost.,"Severity-based penalty used: hard blockers=0, major risks=0, review-required=1, soft warnings=2. Reasons: SUPPLIER_REVIEW_ONLY_SELECTED; SUPPLIER_RISK_REMAINS; FORECAST_CONFIDENCE_LOW",0,0,1,2,REVIEW_REQUIRED,,,SUPPLIER_REVIEW_ONLY_SELECTED,SUPPLIER_RISK_REMAINS; FORECAST_CONFIDENCE_LOW,0,500,200,700,False,RULE_BASED_ESTIMATE,True,False,True,True,FEASIBLE_WITH_REVIEW,,SUPPLIER_REVIEW_ONLY_SELECTED; SUPPLIER_RISK_REMAINS; FORECAST_CONFIDENCE_LOW,Scenario SUPPLIER_REVIEW_ONLY scored with FEASIBLE_WITH_REVIEW feasibility.
SKU-CHC-005,Valentine Chocolate Box 250g,Confectionery,SKU-CHC-005-SCN-006,CAP_BY_EXPIRY_OR_MOVEMENT,6,1,CURRENT_BUFFER,CURRENT_SUPPLIER,NORMAL_DELIVERY,CAP_BY_EXPIRY_OR_MOVEMENT,NO_EXPIRY_ACTION,CURRENT_WAREHOUSE_PLAN,0.9,45.0,426.0,243.0,14.01,18.0,2.0,1654.83,0.0,25.27,0.0,0.0,238.35,0.0,0.0,3.86,4.98,0.0,0,0,0,10.0,0,1927.29,200.0,0.0,2127.29,2127.29,0.0,True,PENALTY_ADJUSTED_TOTAL_COST,0.094,False,Operational cost plus severity-based risk/review/constraint penalties; not direct cash cost.,"Severity-based penalty used: hard blockers=0, major risks=0, review-required=0, soft warnings=2. Reasons: SUPPLIER_RISK_REMAINS; FORECAST_CONFIDENCE_LOW",0,0,0,2,SOFT_WARNING,,,,SUPPLIER_RISK_REMAINS; FORECAST_CONFIDENCE_LOW,0,0,200,200,False,RULE_BASED_ESTIMATE,True,False,True,False,FEASIBLE,,SUPPLIER_RISK_REMAINS; FORECAST_CONFIDENCE_LOW,Scenario CAP_BY_EXPIRY_OR_MOVEMENT scored with FEASIBLE feasibility.
SKU-CHC-005,Valentine Chocolate Box 250g,Confectionery,SKU-CHC-005-SCN-007,MARKDOWN_NEAR_EXPIRY,7,1,CURRENT_BUFFER,CURRENT_SUPPLIER,NORMAL_DELIVERY,CURRENT_ORDER_CAP,MARKDOWN_NEAR_EXPIRY,CURRENT_WAREHOUSE_PLAN,0.9,45.0,426.0,405.0,14.01,18.0,2.0,2758.05,0.0,25.27,0.0,0.0,143.01,0.0,0.0,3.86,4.98,0.0,0,0,0,10.0,0,2935.17,200.0,0.0,3135.17,3135.17,0.0,True,PENALTY_ADJUSTED_TOTAL_COST,0.0638,False,Operational cost plus severity-based risk/review/constraint penalties; not direct cash cost.,"Severity-based penalty used: hard blockers=0, major risks=0, review-required=0, soft warnings=2. Reasons: SUPPLIER_RISK_REMAINS; FORECAST_CONFIDENCE_LOW",0,0,0,2,SOFT_WARNING,,,,SUPPLIER_RISK_REMAINS; FORECAST_CONFIDENCE_LOW,0,0,200,200,False,RULE_BASED_ESTIMATE,True,False,True,False,FEASIBLE,,SUPPLIER_RISK_REMAINS; FORECAST_CONFIDENCE_LOW,Scenario MARKDOWN_NEAR_EXPIRY scored with FEASIBLE feasibility.
SKU-CHC-005,Valentine Chocolate Box 250g,Confectionery,SKU-CHC-005-SCN-008,RETURN_TO_SUPPLIER_IF_ALLOWED,8,1,CURRENT_BUFFER,CURRENT_SUPPLIER,NORMAL_DELIVERY,CURRENT_ORDER_CAP,RETURN_TO_SUPPLIER_IF_ALLOWED,CURRENT_WAREHOUSE_PLAN,0.9,45.0,426.0,405.0,14.01,18.0,2.0,2758.05,0.0,25.27,0.0,0.0,95.34,0.0,0.0,3.86,4.98,0.0,0,0,0,10.0,0,2887.5,200.0,0.0,3087.5,3087.5,0.0,True,PENALTY_ADJUSTED_TOTAL_COST,0.0648,False,Operational cost plus severity-based risk/review/constraint penalties; not direct cash cost.,"Severity-based penalty used: hard blockers=0, major risks=0, review-required=0, soft warnings=2. Reasons: SUPPLIER_RISK_REMAINS; FORECAST_CONFIDENCE_LOW",0,0,0,2,SOFT_WARNING,,,,SUPPLIER_RISK_REMAINS; FORECAST_CONFIDENCE_LOW,0,0,200,200,False,RULE_BASED_ESTIMATE,True,False,True,False,FEASIBLE,,SUPPLIER_RISK_REMAINS; FORECAST_CONFIDENCE_LOW,Scenario RETURN_TO_SUPPLIER_IF_ALLOWED scored with FEASIBLE feasibility.
SKU-CHC-005,Valentine Chocolate Box 250g,Confectionery,SKU-CHC-005-SCN-009,QUARANTINE_OR_SCRAP_EXPIRED,9,1,CURRENT_BUFFER,CURRENT_SUPPLIER,NORMAL_DELIVERY,CURRENT_ORDER_CAP,QUARANTINE_OR_SCRAP_EXPIRED,CURRENT_WAREHOUSE_PLAN,0.9,45.0,426.0,405.0,14.01,18.0,2.0,2758.05,0.0,25.27,0.0,0.0,178.76,0.0,0.0,3.86,4.98,0.0,0,0,0,10.0,0,2970.92,200.0,0.0,3170.92,3170.92,0.0,True,PENALTY_ADJUSTED_TOTAL_COST,0.0631,False,Operational cost plus severity-based risk/review/constraint penalties; not direct cash cost.,"Severity-based penalty used: hard blockers=0, major risks=0, review-required=0, soft warnings=2. Reasons: SUPPLIER_RISK_REMAINS; FORECAST_CONFIDENCE_LOW",0,0,0,2,SOFT_WARNING,,,,SUPPLIER_RISK_REMAINS; FORECAST_CONFIDENCE_LOW,0,0,200,200,False,RULE_BASED_ESTIMATE,True,False,True,False,FEASIBLE,,SUPPLIER_RISK_REMAINS; FORECAST_CONFIDENCE_LOW,Scenario QUARANTINE_OR_SCRAP_EXPIRED scored with FEASIBLE feasibility.
SKU-CHC-005,Valentine Chocolate Box 250g,Confectionery,SKU-CHC-005-SCN-010,REVIEW_QUARANTINE_OR_FEFO,10,1,CURRENT_BUFFER,CURRENT_SUPPLIER,NORMAL_DELIVERY,CURRENT_ORDER_CAP,NO_EXPIRY_ACTION,REVIEW_QUARANTINE_OR_FEFO,0.9,45.0,426.0,405.0,14.01,18.0,2.0,2758.05,0.0,25.27,0.0,0.0,238.35,0.0,0.0,3.86,4.98,0.0,500,0,0,10.0,0,3030.51,700.0,0.0,3730.51,3730.51,0.0,True,PENALTY_ADJUSTED_TOTAL_COST,0.1876,False,Operational cost plus review-required penalty; review penalty is not direct operating cost.,"Severity-based penalty used: hard blockers=0, major risks=0, review-required=1, soft warnings=2. Reasons: REVIEW_QUARANTINE_OR_FEFO_REQUIRES_REVIEW; SUPPLIER_RISK_REMAINS; FORECAST_CONFIDENCE_LOW",0,0,1,2,REVIEW_REQUIRED,,,REVIEW_QUARANTINE_OR_FEFO_REQUIRES_REVIEW,SUPPLIER_RISK_REMAINS; FORECAST_CONFIDENCE_LOW,0,500,200,700,False,RULE_BASED_ESTIMATE,True,False,True,True,FEASIBLE_WITH_REVIEW,,REVIEW_QUARANTINE_OR_FEFO_REQUIRES_REVIEW; SUPPLIER_RISK_REMAINS; FORECAST_CONFIDENCE_LOW,Scenario REVIEW_QUARANTINE_OR_FEFO scored with FEASIBLE_WITH_REVIEW feasibility.
SKU-BBQ-006,BBQ Charcoal 5kg,Outdoor,SKU-BBQ-006-SCN-001,CURRENT_POLICY,1,0,CURRENT_BUFFER,CURRENT_SUPPLIER,NORMAL_DELIVERY,CURRENT_ORDER_CAP,NO_EXPIRY_ACTION,CURRENT_WAREHOUSE_PLAN,0.9,84.0,327.0,0.0,56.44,19.0,2.0,0.0,0.0,1710.0,0.0,5425.26,0.0,0.0,0.0,144.0,3.63,0.0,500,0,0,10.0,0,7282.89,700.0,0.0,7982.89,7982.89,0.0,True,PENALTY_ADJUSTED_TOTAL_COST,0.0877,False,Operational cost plus review-required penalty; review penalty is not direct operating cost.,"Severity-based penalty used: hard blockers=0, major risks=0, review-required=1, soft warnings=2. Reasons: PHASE4_FINAL_POLICY_REVIEW_REQUIRED; SUPPLIER_RISK_REMAINS; FORECAST_CONFIDENCE_LOW",0,0,1,2,REVIEW_REQUIRED,,,PHASE4_FINAL_POLICY_REVIEW_REQUIRED,SUPPLIER_RISK_REMAINS; FORECAST_CONFIDENCE_LOW,0,500,200,700,False,RULE_BASED_ESTIMATE,True,False,True,True,FEASIBLE_WITH_REVIEW,,PHASE4_FINAL_POLICY_REVIEW_REQUIRED; SUPPLIER_RISK_REMAINS; FORECAST_CONFIDENCE_LOW,Scenario CURRENT_POLICY scored with FEASIBLE_WITH_REVIEW feasibility.
SKU-BBQ-006,BBQ Charcoal 5kg,Outdoor,SKU-BBQ-006-SCN-002,DECREASE_BUFFER,2,1,DECREASE_BUFFER,CURRENT_SUPPLIER,NORMAL_DELIVERY,CURRENT_ORDER_CAP,NO_EXPIRY_ACTION,CURRENT_WAREHOUSE_PLAN,0.88,71.4,313.79,0.0,56.44,19.0,2.0,0.0,0.0,1453.5,0.0,4068.95,0.0,0.0,0.0,144.0,3.63,0.0,500,0,0,10.0,0,5670.07,700.0,0.0,6370.07,6370.07,0.0,True,PENALTY_ADJUSTED_TOTAL_COST,0.1099,False,Operational cost plus review-required penalty; review penalty is not direct operating cost.,"Severity-based penalty used: hard blockers=0, major risks=0, review-required=1, soft warnings=2. Reasons: PHASE4_FINAL_POLICY_WITHOUT_REVIEW; SUPPLIER_RISK_REMAINS; FORECAST_CONFIDENCE_LOW",0,0,1,2,REVIEW_REQUIRED,,,PHASE4_FINAL_POLICY_WITHOUT_REVIEW,SUPPLIER_RISK_REMAINS; FORECAST_CONFIDENCE_LOW,0,500,200,700,False,RULE_BASED_ESTIMATE,True,False,True,True,FEASIBLE_WITH_REVIEW,,PHASE4_FINAL_POLICY_WITHOUT_REVIEW; SUPPLIER_RISK_REMAINS; FORECAST_CONFIDENCE_LOW,Scenario DECREASE_BUFFER scored with FEASIBLE_WITH_REVIEW feasibility.
SKU-BBQ-006,BBQ Charcoal 5kg,Outdoor,SKU-BBQ-006-SCN-003,MINIMUM_SAFE_BUFFER,3,1,MINIMUM_SAFE_BUFFER,CURRENT_SUPPLIER,NORMAL_DELIVERY,CURRENT_ORDER_CAP,NO_EXPIRY_ACTION,CURRENT_WAREHOUSE_PLAN,0.9,63.0,305.39,0.0,56.44,19.0,2.0,0.0,0.0,1453.5,0.0,4068.95,0.0,0.0,0.0,144.0,3.63,0.0,500,0,0,10.0,0,5670.07,700.0,0.0,6370.07,6370.07,0.0,True,PENALTY_ADJUSTED_TOTAL_COST,0.1099,False,Operational cost plus review-required penalty; review penalty is not direct operating cost.,"Severity-based penalty used: hard blockers=0, major risks=0, review-required=1, soft warnings=2. Reasons: PHASE4_FINAL_POLICY_WITHOUT_REVIEW; SUPPLIER_RISK_REMAINS; FORECAST_CONFIDENCE_LOW",0,0,1,2,REVIEW_REQUIRED,,,PHASE4_FINAL_POLICY_WITHOUT_REVIEW,SUPPLIER_RISK_REMAINS; FORECAST_CONFIDENCE_LOW,0,500,200,700,False,RULE_BASED_ESTIMATE,True,False,True,True,FEASIBLE_WITH_REVIEW,,PHASE4_FINAL_POLICY_WITHOUT_REVIEW; SUPPLIER_RISK_REMAINS; FORECAST_CONFIDENCE_LOW,Scenario MINIMUM_SAFE_BUFFER scored with FEASIBLE_WITH_REVIEW feasibility.
SKU-BBQ-006,BBQ Charcoal 5kg,Outdoor,SKU-BBQ-006-SCN-004,FAST_RELIABLE_SUPPLIER,4,1,CURRENT_BUFFER,FAST_RELIABLE_SUPPLIER,NORMAL_DELIVERY,CURRENT_ORDER_CAP,NO_EXPIRY_ACTION,CURRENT_WAREHOUSE_PLAN,0.9,84.0,327.0,0.0,56.44,19.0,2.0,0.0,0.0,1710.0,0.0,5425.26,0.0,0.0,0.0,144.0,3.63,0.0,1000,0,0,10.0,0,7282.89,1100.0,0.0,8382.89,8382.89,0.0,True,PENALTY_ADJUSTED_TOTAL_COST,0.1312,False,Operational cost plus review-required penalty; review penalty is not direct operating cost.,"Severity-based penalty used: hard blockers=0, major risks=0, review-required=2, soft warnings=1. Reasons: SUPPLIER_REVIEW_REQUIRED_WITH_SUPPLIER_CHANGE; PHASE4_FINAL_POLICY_REVIEW_REQUIRED; FORECAST_CONFIDENCE_LOW",0,0,2,1,REVIEW_REQUIRED,,,SUPPLIER_REVIEW_REQUIRED_WITH_SUPPLIER_CHANGE; PHASE4_FINAL_POLICY_REVIEW_REQUIRED,FORECAST_CONFIDENCE_LOW,0,1000,100,1100,False,RULE_BASED_ESTIMATE,True,False,True,True,FEASIBLE_WITH_REVIEW,,SUPPLIER_REVIEW_REQUIRED_WITH_SUPPLIER_CHANGE; PHASE4_FINAL_POLICY_REVIEW_REQUIRED; FORECAST_CONFIDENCE_LOW,Scenario FAST_RELIABLE_SUPPLIER scored with FEASIBLE_WITH_REVIEW feasibility.
SKU-BBQ-006,BBQ Charcoal 5kg,Outdoor,SKU-BBQ-006-SCN-005,MOST_RELIABLE_SUPPLIER,5,1,CURRENT_BUFFER,MOST_RELIABLE_SUPPLIER,NORMAL_DELIVERY,CURRENT_ORDER_CAP,NO_EXPIRY_ACTION,CURRENT_WAREHOUSE_PLAN,0.9,84.0,327.0,0.0,56.44,19.0,2.0,0.0,0.0,1710.0,0.0,5425.26,0.0,0.0,0.0,144.0,3.63,0.0,1000,0,0,10.0,0,7282.89,1100.0,0.0,8382.89,8382.89,0.0,True,PENALTY_ADJUSTED_TOTAL_COST,0.1312,False,Operational cost plus review-required penalty; review penalty is not direct operating cost.,"Severity-based penalty used: hard blockers=0, major risks=0, review-required=2, soft warnings=1. Reasons: SUPPLIER_REVIEW_REQUIRED_WITH_SUPPLIER_CHANGE; PHASE4_FINAL_POLICY_REVIEW_REQUIRED; FORECAST_CONFIDENCE_LOW",0,0,2,1,REVIEW_REQUIRED,,,SUPPLIER_REVIEW_REQUIRED_WITH_SUPPLIER_CHANGE; PHASE4_FINAL_POLICY_REVIEW_REQUIRED,FORECAST_CONFIDENCE_LOW,0,1000,100,1100,False,RULE_BASED_ESTIMATE,True,False,True,True,FEASIBLE_WITH_REVIEW,,SUPPLIER_REVIEW_REQUIRED_WITH_SUPPLIER_CHANGE; PHASE4_FINAL_POLICY_REVIEW_REQUIRED; FORECAST_CONFIDENCE_LOW,Scenario MOST_RELIABLE_SUPPLIER scored with FEASIBLE_WITH_REVIEW feasibility.
SKU-BBQ-006,BBQ Charcoal 5kg,Outdoor,SKU-BBQ-006-SCN-006,BALANCED_SUPPLIER,6,1,CURRENT_BUFFER,BALANCED_SUPPLIER,NORMAL_DELIVERY,CURRENT_ORDER_CAP,NO_EXPIRY_ACTION,CURRENT_WAREHOUSE_PLAN,0.9,84.0,327.0,0.0,56.44,19.0,2.0,0.0,0.0,1710.0,0.0,5425.26,0.0,0.0,0.0,144.0,3.63,0.0,1000,0,0,10.0,0,7282.89,1100.0,0.0,8382.89,8382.89,0.0,True,PENALTY_ADJUSTED_TOTAL_COST,0.1312,False,Operational cost plus review-required penalty; review penalty is not direct operating cost.,"Severity-based penalty used: hard blockers=0, major risks=0, review-required=2, soft warnings=1. Reasons: SUPPLIER_REVIEW_REQUIRED_WITH_SUPPLIER_CHANGE; PHASE4_FINAL_POLICY_REVIEW_REQUIRED; FORECAST_CONFIDENCE_LOW",0,0,2,1,REVIEW_REQUIRED,,,SUPPLIER_REVIEW_REQUIRED_WITH_SUPPLIER_CHANGE; PHASE4_FINAL_POLICY_REVIEW_REQUIRED,FORECAST_CONFIDENCE_LOW,0,1000,100,1100,False,RULE_BASED_ESTIMATE,True,False,True,True,FEASIBLE_WITH_REVIEW,,SUPPLIER_REVIEW_REQUIRED_WITH_SUPPLIER_CHANGE; PHASE4_FINAL_POLICY_REVIEW_REQUIRED; FORECAST_CONFIDENCE_LOW,Scenario BALANCED_SUPPLIER scored with FEASIBLE_WITH_REVIEW feasibility.
SKU-BBQ-006,BBQ Charcoal 5kg,Outdoor,SKU-BBQ-006-SCN-007,SUPPLIER_REVIEW_ONLY,7,1,CURRENT_BUFFER,SUPPLIER_REVIEW_ONLY,NORMAL_DELIVERY,CURRENT_ORDER_CAP,NO_EXPIRY_ACTION,CURRENT_WAREHOUSE_PLAN,0.9,84.0,327.0,0.0,56.44,19.0,2.0,0.0,0.0,1710.0,0.0,5425.26,0.0,0.0,0.0,144.0,3.63,0.0,1000,0,0,10.0,0,7282.89,1200.0,0.0,8482.89,8482.89,0.0,True,PENALTY_ADJUSTED_TOTAL_COST,0.1415,False,Operational cost plus review-required penalty; review penalty is not direct operating cost.,"Severity-based penalty used: hard blockers=0, major risks=0, review-required=2, soft warnings=2. Reasons: PHASE4_FINAL_POLICY_REVIEW_REQUIRED; SUPPLIER_REVIEW_ONLY_SELECTED; SUPPLIER_RISK_REMAINS; FORECAST_CONFIDENCE_LOW",0,0,2,2,REVIEW_REQUIRED,,,PHASE4_FINAL_POLICY_REVIEW_REQUIRED; SUPPLIER_REVIEW_ONLY_SELECTED,SUPPLIER_RISK_REMAINS; FORECAST_CONFIDENCE_LOW,0,1000,200,1200,False,RULE_BASED_ESTIMATE,True,False,True,True,FEASIBLE_WITH_REVIEW,,PHASE4_FINAL_POLICY_REVIEW_REQUIRED; SUPPLIER_REVIEW_ONLY_SELECTED; SUPPLIER_RISK_REMAINS; FORECAST_CONFIDENCE_LOW,Scenario SUPPLIER_REVIEW_ONLY scored with FEASIBLE_WITH_REVIEW feasibility.
SKU-BBQ-006,BBQ Charcoal 5kg,Outdoor,SKU-BBQ-006-SCN-008,DELAY_NONURGENT_ORDER,8,1,CURRENT_BUFFER,CURRENT_SUPPLIER,DELAY_NONURGENT_ORDER,CURRENT_ORDER_CAP,NO_EXPIRY_ACTION,CURRENT_WAREHOUSE_PLAN,0.9,84.0,327.0,0.0,56.44,19.0,2.0,0.0,0.0,1710.0,0.0,5425.26,0.0,0.0,0.0,144.0,3.63,0.0,500,0,0,10.0,0,7282.89,700.0,0.0,7982.89,7982.89,0.0,True,PENALTY_ADJUSTED_TOTAL_COST,0.0877,False,Operational cost plus review-required penalty; review penalty is not direct operating cost.,"Severity-based penalty used: hard blockers=0, major risks=0, review-required=1, soft warnings=2. Reasons: PHASE4_FINAL_POLICY_REVIEW_REQUIRED; SUPPLIER_RISK_REMAINS; FORECAST_CONFIDENCE_LOW",0,0,1,2,REVIEW_REQUIRED,,,PHASE4_FINAL_POLICY_REVIEW_REQUIRED,SUPPLIER_RISK_REMAINS; FORECAST_CONFIDENCE_LOW,0,500,200,700,False,RULE_BASED_ESTIMATE,True,False,True,True,FEASIBLE_WITH_REVIEW,,PHASE4_FINAL_POLICY_REVIEW_REQUIRED; SUPPLIER_RISK_REMAINS; FORECAST_CONFIDENCE_LOW,Scenario DELAY_NONURGENT_ORDER scored with FEASIBLE_WITH_REVIEW feasibility.
SKU-BBQ-006,BBQ Charcoal 5kg,Outdoor,SKU-BBQ-006-SCN-009,TIGHTEN_ORDER_CAP,9,1,CURRENT_BUFFER,CURRENT_SUPPLIER,NORMAL_DELIVERY,TIGHTEN_ORDER_CAP,NO_EXPIRY_ACTION,CURRENT_WAREHOUSE_PLAN,0.9,84.0,327.0,0.0,42.33,19.0,2.0,0.0,0.0,1710.0,0.0,5425.26,0.0,0.0,0.0,144.0,3.63,0.0,500,0,0,10.0,0,7282.89,700.0,0.0,7982.89,7982.89,0.0,True,PENALTY_ADJUSTED_TOTAL_COST,0.0877,False,Operational cost plus review-required penalty; review penalty is not direct operating cost.,"Severity-based penalty used: hard blockers=0, major risks=0, review-required=1, soft warnings=2. Reasons: PHASE4_FINAL_POLICY_WITHOUT_REVIEW; SUPPLIER_RISK_REMAINS; FORECAST_CONFIDENCE_LOW",0,0,1,2,REVIEW_REQUIRED,,,PHASE4_FINAL_POLICY_WITHOUT_REVIEW,SUPPLIER_RISK_REMAINS; FORECAST_CONFIDENCE_LOW,0,500,200,700,False,RULE_BASED_ESTIMATE,True,False,True,True,FEASIBLE_WITH_REVIEW,,PHASE4_FINAL_POLICY_WITHOUT_REVIEW; SUPPLIER_RISK_REMAINS; FORECAST_CONFIDENCE_LOW,Scenario TIGHTEN_ORDER_CAP scored with FEASIBLE_WITH_REVIEW feasibility.
SKU-BBQ-006,BBQ Charcoal 5kg,Outdoor,SKU-BBQ-006-SCN-010,LIQUIDATE_DEAD_STOCK,10,1,CURRENT_BUFFER,CURRENT_SUPPLIER,NORMAL_DELIVERY,CURRENT_ORDER_CAP,LIQUIDATE_DEAD_STOCK,CURRENT_WAREHOUSE_PLAN,0.9,84.0,327.0,0.0,56.44,19.0,2.0,0.0,0.0,1368.0,0.0,5425.26,0.0,0.0,0.0,144.0,3.63,0.0,500,0,0,10.0,0,6940.89,700.0,0.0,7640.89,7640.89,0.0,True,PENALTY_ADJUSTED_TOTAL_COST,0.0916,False,Operational cost plus review-required penalty; review penalty is not direct operating cost.,"Severity-based penalty used: hard blockers=0, major risks=0, review-required=1, soft warnings=2. Reasons: PHASE4_FINAL_POLICY_REVIEW_REQUIRED; SUPPLIER_RISK_REMAINS; FORECAST_CONFIDENCE_LOW",0,0,1,2,REVIEW_REQUIRED,,,PHASE4_FINAL_POLICY_REVIEW_REQUIRED,SUPPLIER_RISK_REMAINS; FORECAST_CONFIDENCE_LOW,0,500,200,700,False,RULE_BASED_ESTIMATE,True,False,True,True,FEASIBLE_WITH_REVIEW,,PHASE4_FINAL_POLICY_REVIEW_REQUIRED; SUPPLIER_RISK_REMAINS; FORECAST_CONFIDENCE_LOW,Scenario LIQUIDATE_DEAD_STOCK scored with FEASIBLE_WITH_REVIEW feasibility.
SKU-BBQ-006,BBQ Charcoal 5kg,Outdoor,SKU-BBQ-006-SCN-011,REVIEW_SLOT_LOCATION,11,1,CURRENT_BUFFER,CURRENT_SUPPLIER,NORMAL_DELIVERY,CURRENT_ORDER_CAP,NO_EXPIRY_ACTION,REVIEW_SLOT_LOCATION,0.9,84.0,327.0,0.0,56.44,19.0,2.0,0.0,0.0,1710.0,0.0,5425.26,0.0,0.0,0.0,144.0,2.72,0.0,1000,0,0,10.0,0,7281.98,1200.0,0.0,8481.98,8481.98,0.0,True,PENALTY_ADJUSTED_TOTAL_COST,0.1415,False,Operational cost plus review-required penalty; review penalty is not direct operating cost.,"Severity-based penalty used: hard blockers=0, major risks=0, review-required=2, soft warnings=2. Reasons: PHASE4_FINAL_POLICY_REVIEW_REQUIRED; REVIEW_SLOT_LOCATION_REQUIRES_REVIEW; SUPPLIER_RISK_REMAINS; FORECAST_CONFIDENCE_LOW",0,0,2,2,REVIEW_REQUIRED,,,PHASE4_FINAL_POLICY_REVIEW_REQUIRED; REVIEW_SLOT_LOCATION_REQUIRES_REVIEW,SUPPLIER_RISK_REMAINS; FORECAST_CONFIDENCE_LOW,0,1000,200,1200,False,RULE_BASED_ESTIMATE,True,False,True,True,FEASIBLE_WITH_REVIEW,,PHASE4_FINAL_POLICY_REVIEW_REQUIRED; REVIEW_SLOT_LOCATION_REQUIRES_REVIEW; SUPPLIER_RISK_REMAINS; FORECAST_CONFIDENCE_LOW,Scenario REVIEW_SLOT_LOCATION scored with FEASIBLE_WITH_REVIEW feasibility.
SKU-BBQ-006,BBQ Charcoal 5kg,Outdoor,SKU-BBQ-006-SCN-012,DECREASE_BUFFER__LIQUIDATE_DEAD_STOCK,12,2,DECREASE_BUFFER,CURRENT_SUPPLIER,NORMAL_DELIVERY,CURRENT_ORDER_CAP,LIQUIDATE_DEAD_STOCK,CURRENT_WAREHOUSE_PLAN,0.88,71.4,313.79,0.0,56.44,19.0,2.0,0.0,0.0,1162.8,0.0,4068.95,0.0,0.0,0.0,144.0,3.63,0.0,500,0,0,10.0,0,5379.38,700.0,0.0,6079.38,6079.38,0.0,True,PENALTY_ADJUSTED_TOTAL_COST,0.1151,False,Operational cost plus review-required penalty; review penalty is not direct operating cost.,"Severity-based penalty used: hard blockers=0, major risks=0, review-required=1, soft warnings=2. Reasons: PHASE4_FINAL_POLICY_WITHOUT_REVIEW; SUPPLIER_RISK_REMAINS; FORECAST_CONFIDENCE_LOW",0,0,1,2,REVIEW_REQUIRED,,,PHASE4_FINAL_POLICY_WITHOUT_REVIEW,SUPPLIER_RISK_REMAINS; FORECAST_CONFIDENCE_LOW,0,500,200,700,False,RULE_BASED_ESTIMATE,True,False,True,True,FEASIBLE_WITH_REVIEW,,PHASE4_FINAL_POLICY_WITHOUT_REVIEW; SUPPLIER_RISK_REMAINS; FORECAST_CONFIDENCE_LOW,Scenario DECREASE_BUFFER__LIQUIDATE_DEAD_STOCK scored with FEASIBLE_WITH_REVIEW feasibility.
SKU-BBQ-006,BBQ Charcoal 5kg,Outdoor,SKU-BBQ-006-SCN-013,MINIMUM_SAFE_BUFFER__TIGHTEN_ORDER_CAP,13,2,MINIMUM_SAFE_BUFFER,CURRENT_SUPPLIER,NORMAL_DELIVERY,TIGHTEN_ORDER_CAP,NO_EXPIRY_ACTION,CURRENT_WAREHOUSE_PLAN,0.9,63.0,305.39,0.0,42.33,19.0,2.0,0.0,0.0,1453.5,0.0,4068.95,0.0,0.0,0.0,144.0,3.63,0.0,500,0,0,10.0,0,5670.07,700.0,0.0,6370.07,6370.07,0.0,True,PENALTY_ADJUSTED_TOTAL_COST,0.1099,False,Operational cost plus review-required penalty; review penalty is not direct operating cost.,"Severity-based penalty used: hard blockers=0, major risks=0, review-required=1, soft warnings=2. Reasons: PHASE4_FINAL_POLICY_WITHOUT_REVIEW; SUPPLIER_RISK_REMAINS; FORECAST_CONFIDENCE_LOW",0,0,1,2,REVIEW_REQUIRED,,,PHASE4_FINAL_POLICY_WITHOUT_REVIEW,SUPPLIER_RISK_REMAINS; FORECAST_CONFIDENCE_LOW,0,500,200,700,False,RULE_BASED_ESTIMATE,True,False,True,True,FEASIBLE_WITH_REVIEW,,PHASE4_FINAL_POLICY_WITHOUT_REVIEW; SUPPLIER_RISK_REMAINS; FORECAST_CONFIDENCE_LOW,Scenario MINIMUM_SAFE_BUFFER__TIGHTEN_ORDER_CAP scored with FEASIBLE_WITH_REVIEW feasibility.
SKU-UMR-007,Compact Umbrella,Accessories,SKU-UMR-007-SCN-001,CURRENT_POLICY,1,0,CURRENT_BUFFER,CURRENT_SUPPLIER,NORMAL_DELIVERY,CURRENT_ORDER_CAP,NO_EXPIRY_ACTION,CURRENT_WAREHOUSE_PLAN,0.915,22.0,70.0,75.0,12.24,7.0,2.0,1262.58,35.0,21.28,317.26,0.0,0.0,0.0,5.27,15.9,3.32,0.0,0,0,0,10.0,0,1660.61,200.0,0.0,1860.61,1860.61,0.0,True,PENALTY_ADJUSTED_TOTAL_COST,0.1075,False,Operational cost plus severity-based risk/review/constraint penalties; not direct cash cost.,"Severity-based penalty used: hard blockers=0, major risks=0, review-required=0, soft warnings=2. Reasons: SUPPLIER_RISK_REMAINS; FORECAST_CONFIDENCE_LOW",0,0,0,2,SOFT_WARNING,,,,SUPPLIER_RISK_REMAINS; FORECAST_CONFIDENCE_LOW,0,0,200,200,False,RULE_BASED_ESTIMATE,True,False,True,False,BASELINE_ONLY,,SUPPLIER_RISK_REMAINS; FORECAST_CONFIDENCE_LOW,Scenario CURRENT_POLICY scored with BASELINE_ONLY feasibility.
SKU-UMR-007,Compact Umbrella,Accessories,SKU-UMR-007-SCN-002,INCREASE_BUFFER,2,1,INCREASE_BUFFER,CURRENT_SUPPLIER,NORMAL_DELIVERY,CURRENT_ORDER_CAP,NO_EXPIRY_ACTION,CURRENT_WAREHOUSE_PLAN,0.935,25.3,80.5,75.0,12.24,7.0,2.0,1262.58,35.0,23.83,222.08,0.0,0.0,0.0,5.27,15.9,3.32,0.0,0,0,0,10.0,0,1567.99,200.0,0.0,1767.99,1767.99,0.0,True,PENALTY_ADJUSTED_TOTAL_COST,0.1131,False,Operational cost plus severity-based risk/review/constraint penalties; not direct cash cost.,"Severity-based penalty used: hard blockers=0, major risks=0, review-required=0, soft warnings=2. Reasons: SUPPLIER_RISK_REMAINS; FORECAST_CONFIDENCE_LOW",0,0,0,2,SOFT_WARNING,,,,SUPPLIER_RISK_REMAINS; FORECAST_CONFIDENCE_LOW,0,0,200,200,False,RULE_BASED_ESTIMATE,True,False,True,False,FEASIBLE,,SUPPLIER_RISK_REMAINS; FORECAST_CONFIDENCE_LOW,Scenario INCREASE_BUFFER scored with FEASIBLE feasibility.
SKU-UMR-007,Compact Umbrella,Accessories,SKU-UMR-007-SCN-003,DECREASE_BUFFER,3,1,DECREASE_BUFFER,CURRENT_SUPPLIER,NORMAL_DELIVERY,CURRENT_ORDER_CAP,NO_EXPIRY_ACTION,CURRENT_WAREHOUSE_PLAN,0.9,18.7,66.16,75.0,12.24,7.0,2.0,1262.58,35.0,18.09,317.26,0.0,0.0,0.0,5.27,15.9,3.32,0.0,0,0,0,10.0,0,1657.42,200.0,0.0,1857.42,1857.42,0.0,True,PENALTY_ADJUSTED_TOTAL_COST,0.1077,False,Operational cost plus severity-based risk/review/constraint penalties; not direct cash cost.,"Severity-based penalty used: hard blockers=0, major risks=0, review-required=0, soft warnings=2. Reasons: SUPPLIER_RISK_REMAINS; FORECAST_CONFIDENCE_LOW",0,0,0,2,SOFT_WARNING,,,,SUPPLIER_RISK_REMAINS; FORECAST_CONFIDENCE_LOW,0,0,200,200,False,RULE_BASED_ESTIMATE,True,False,True,False,FEASIBLE,,SUPPLIER_RISK_REMAINS; FORECAST_CONFIDENCE_LOW,Scenario DECREASE_BUFFER scored with FEASIBLE feasibility.
SKU-UMR-007,Compact Umbrella,Accessories,SKU-UMR-007-SCN-004,MINIMUM_SAFE_BUFFER,4,1,MINIMUM_SAFE_BUFFER,CURRENT_SUPPLIER,NORMAL_DELIVERY,CURRENT_ORDER_CAP,NO_EXPIRY_ACTION,CURRENT_WAREHOUSE_PLAN,0.915,16.5,63.96,75.0,12.24,7.0,2.0,1262.58,35.0,18.09,317.26,0.0,0.0,0.0,5.27,15.9,3.32,0.0,0,0,0,10.0,0,1657.42,200.0,0.0,1857.42,1857.42,0.0,True,PENALTY_ADJUSTED_TOTAL_COST,0.1077,False,Operational cost plus severity-based risk/review/constraint penalties; not direct cash cost.,"Severity-based penalty used: hard blockers=0, major risks=0, review-required=0, soft warnings=2. Reasons: SUPPLIER_RISK_REMAINS; FORECAST_CONFIDENCE_LOW",0,0,0,2,SOFT_WARNING,,,,SUPPLIER_RISK_REMAINS; FORECAST_CONFIDENCE_LOW,0,0,200,200,False,RULE_BASED_ESTIMATE,True,False,True,False,FEASIBLE,,SUPPLIER_RISK_REMAINS; FORECAST_CONFIDENCE_LOW,Scenario MINIMUM_SAFE_BUFFER scored with FEASIBLE feasibility.
SKU-UMR-007,Compact Umbrella,Accessories,SKU-UMR-007-SCN-005,FAST_RELIABLE_SUPPLIER,5,1,CURRENT_BUFFER,FAST_RELIABLE_SUPPLIER,NORMAL_DELIVERY,CURRENT_ORDER_CAP,NO_EXPIRY_ACTION,CURRENT_WAREHOUSE_PLAN,0.915,22.0,70.0,75.0,12.24,7.0,2.0,1388.84,35.0,21.28,190.36,0.0,0.0,0.0,3.16,15.9,3.32,0.0,500,0,0,10.0,0,1657.86,600.0,0.0,2257.86,2257.86,0.0,True,PENALTY_ADJUSTED_TOTAL_COST,0.2657,False,Operational cost plus review-required penalty; review penalty is not direct operating cost.,"Severity-based penalty used: hard blockers=0, major risks=0, review-required=1, soft warnings=1. Reasons: SUPPLIER_REVIEW_REQUIRED_WITH_SUPPLIER_CHANGE; FORECAST_CONFIDENCE_LOW",0,0,1,1,REVIEW_REQUIRED,,,SUPPLIER_REVIEW_REQUIRED_WITH_SUPPLIER_CHANGE,FORECAST_CONFIDENCE_LOW,0,500,100,600,False,RULE_BASED_ESTIMATE,True,False,True,True,FEASIBLE_WITH_REVIEW,,SUPPLIER_REVIEW_REQUIRED_WITH_SUPPLIER_CHANGE; FORECAST_CONFIDENCE_LOW,Scenario FAST_RELIABLE_SUPPLIER scored with FEASIBLE_WITH_REVIEW feasibility.
SKU-UMR-007,Compact Umbrella,Accessories,SKU-UMR-007-SCN-006,MOST_RELIABLE_SUPPLIER,6,1,CURRENT_BUFFER,MOST_RELIABLE_SUPPLIER,NORMAL_DELIVERY,CURRENT_ORDER_CAP,NO_EXPIRY_ACTION,CURRENT_WAREHOUSE_PLAN,0.915,22.0,70.0,75.0,12.24,7.0,2.0,1451.97,35.0,21.28,317.26,0.0,0.0,0.0,2.63,15.9,3.32,0.0,500,0,0,10.0,0,1847.36,600.0,0.0,2447.36,2447.36,0.0,True,PENALTY_ADJUSTED_TOTAL_COST,0.2452,False,Operational cost plus review-required penalty; review penalty is not direct operating cost.,"Severity-based penalty used: hard blockers=0, major risks=0, review-required=1, soft warnings=1. Reasons: SUPPLIER_REVIEW_REQUIRED_WITH_SUPPLIER_CHANGE; FORECAST_CONFIDENCE_LOW",0,0,1,1,REVIEW_REQUIRED,,,SUPPLIER_REVIEW_REQUIRED_WITH_SUPPLIER_CHANGE,FORECAST_CONFIDENCE_LOW,0,500,100,600,False,RULE_BASED_ESTIMATE,True,False,True,True,FEASIBLE_WITH_REVIEW,,SUPPLIER_REVIEW_REQUIRED_WITH_SUPPLIER_CHANGE; FORECAST_CONFIDENCE_LOW,Scenario MOST_RELIABLE_SUPPLIER scored with FEASIBLE_WITH_REVIEW feasibility.
SKU-UMR-007,Compact Umbrella,Accessories,SKU-UMR-007-SCN-007,BALANCED_SUPPLIER,7,1,CURRENT_BUFFER,BALANCED_SUPPLIER,NORMAL_DELIVERY,CURRENT_ORDER_CAP,NO_EXPIRY_ACTION,CURRENT_WAREHOUSE_PLAN,0.915,22.0,70.0,75.0,12.24,7.0,2.0,1300.46,35.0,21.28,317.26,0.0,0.0,0.0,3.95,15.9,3.32,0.0,500,0,0,10.0,0,1697.17,600.0,0.0,2297.17,2297.17,0.0,True,PENALTY_ADJUSTED_TOTAL_COST,0.2612,False,Operational cost plus review-required penalty; review penalty is not direct operating cost.,"Severity-based penalty used: hard blockers=0, major risks=0, review-required=1, soft warnings=1. Reasons: SUPPLIER_REVIEW_REQUIRED_WITH_SUPPLIER_CHANGE; FORECAST_CONFIDENCE_LOW",0,0,1,1,REVIEW_REQUIRED,,,SUPPLIER_REVIEW_REQUIRED_WITH_SUPPLIER_CHANGE,FORECAST_CONFIDENCE_LOW,0,500,100,600,False,RULE_BASED_ESTIMATE,True,False,True,True,FEASIBLE_WITH_REVIEW,,SUPPLIER_REVIEW_REQUIRED_WITH_SUPPLIER_CHANGE; FORECAST_CONFIDENCE_LOW,Scenario BALANCED_SUPPLIER scored with FEASIBLE_WITH_REVIEW feasibility.
SKU-UMR-007,Compact Umbrella,Accessories,SKU-UMR-007-SCN-008,SUPPLIER_REVIEW_ONLY,8,1,CURRENT_BUFFER,SUPPLIER_REVIEW_ONLY,NORMAL_DELIVERY,CURRENT_ORDER_CAP,NO_EXPIRY_ACTION,CURRENT_WAREHOUSE_PLAN,0.915,22.0,70.0,75.0,12.24,7.0,2.0,1262.58,35.0,21.28,317.26,0.0,0.0,0.0,5.27,15.9,3.32,0.0,500,0,0,10.0,0,1660.61,700.0,0.0,2360.61,2360.61,0.0,True,PENALTY_ADJUSTED_TOTAL_COST,0.2965,False,Operational cost plus review-required penalty; review penalty is not direct operating cost.,"Severity-based penalty used: hard blockers=0, major risks=0, review-required=1, soft warnings=2. Reasons: SUPPLIER_REVIEW_ONLY_SELECTED; SUPPLIER_RISK_REMAINS; FORECAST_CONFIDENCE_LOW",0,0,1,2,REVIEW_REQUIRED,,,SUPPLIER_REVIEW_ONLY_SELECTED,SUPPLIER_RISK_REMAINS; FORECAST_CONFIDENCE_LOW,0,500,200,700,False,RULE_BASED_ESTIMATE,True,False,True,True,FEASIBLE_WITH_REVIEW,,SUPPLIER_REVIEW_ONLY_SELECTED; SUPPLIER_RISK_REMAINS; FORECAST_CONFIDENCE_LOW,Scenario SUPPLIER_REVIEW_ONLY scored with FEASIBLE_WITH_REVIEW feasibility.
SKU-UMR-007,Compact Umbrella,Accessories,SKU-UMR-007-SCN-009,EXPEDITE_DELIVERY,9,1,CURRENT_BUFFER,CURRENT_SUPPLIER,EXPEDITE_DELIVERY,CURRENT_ORDER_CAP,NO_EXPIRY_ACTION,CURRENT_WAREHOUSE_PLAN,0.915,22.0,70.0,75.0,12.24,4.9,2.0,1262.58,43.75,21.28,206.22,0.0,0.0,0.0,5.27,15.9,3.32,0.0,0,0,0,10.0,0,1558.32,200.0,0.0,1758.32,1758.32,0.0,True,PENALTY_ADJUSTED_TOTAL_COST,0.1137,False,Operational cost plus severity-based risk/review/constraint penalties; not direct cash cost.,"Severity-based penalty used: hard blockers=0, major risks=0, review-required=0, soft warnings=2. Reasons: SUPPLIER_RISK_REMAINS; FORECAST_CONFIDENCE_LOW",0,0,0,2,SOFT_WARNING,,,,SUPPLIER_RISK_REMAINS; FORECAST_CONFIDENCE_LOW,0,0,200,200,False,RULE_BASED_ESTIMATE,True,False,True,False,FEASIBLE,,SUPPLIER_RISK_REMAINS; FORECAST_CONFIDENCE_LOW,Scenario EXPEDITE_DELIVERY scored with FEASIBLE feasibility.
SKU-UMR-007,Compact Umbrella,Accessories,SKU-UMR-007-SCN-010,DELAY_NONURGENT_ORDER,10,1,CURRENT_BUFFER,CURRENT_SUPPLIER,DELAY_NONURGENT_ORDER,CURRENT_ORDER_CAP,NO_EXPIRY_ACTION,CURRENT_WAREHOUSE_PLAN,0.915,22.0,70.0,18.75,12.24,7.0,2.0,78.91,35.0,21.28,317.26,0.0,0.0,0.0,5.27,15.9,3.32,0.0,0,0,0,10.0,0,476.94,200.0,0.0,676.94,676.94,0.0,True,PENALTY_ADJUSTED_TOTAL_COST,0.2954,False,Operational cost plus severity-based risk/review/constraint penalties; not direct cash cost.,"Severity-based penalty used: hard blockers=0, major risks=0, review-required=0, soft warnings=2. Reasons: SUPPLIER_RISK_REMAINS; FORECAST_CONFIDENCE_LOW",0,0,0,2,SOFT_WARNING,,,,SUPPLIER_RISK_REMAINS; FORECAST_CONFIDENCE_LOW,0,0,200,200,False,RULE_BASED_ESTIMATE,True,False,True,False,FEASIBLE,,SUPPLIER_RISK_REMAINS; FORECAST_CONFIDENCE_LOW,Scenario DELAY_NONURGENT_ORDER scored with FEASIBLE feasibility.
SKU-UMR-007,Compact Umbrella,Accessories,SKU-UMR-007-SCN-011,LOOSEN_ORDER_CAP,11,1,CURRENT_BUFFER,CURRENT_SUPPLIER,NORMAL_DELIVERY,LOOSEN_ORDER_CAP,NO_EXPIRY_ACTION,CURRENT_WAREHOUSE_PLAN,0.915,22.0,70.0,93.75,15.3,7.0,2.0,1578.22,35.0,21.28,317.26,0.0,0.0,0.0,5.27,15.9,3.32,0.0,0,0,0,10.0,0,1976.25,200.0,0.0,2176.25,2176.25,0.0,True,PENALTY_ADJUSTED_TOTAL_COST,0.0919,False,Operational cost plus severity-based risk/review/constraint penalties; not direct cash cost.,"Severity-based penalty used: hard blockers=0, major risks=0, review-required=0, soft warnings=2. Reasons: SUPPLIER_RISK_REMAINS; FORECAST_CONFIDENCE_LOW",0,0,0,2,SOFT_WARNING,,,,SUPPLIER_RISK_REMAINS; FORECAST_CONFIDENCE_LOW,0,0,200,200,False,RULE_BASED_ESTIMATE,True,False,True,False,FEASIBLE,,SUPPLIER_RISK_REMAINS; FORECAST_CONFIDENCE_LOW,Scenario LOOSEN_ORDER_CAP scored with FEASIBLE feasibility.
SKU-UMR-007,Compact Umbrella,Accessories,SKU-UMR-007-SCN-012,TIGHTEN_ORDER_CAP,12,1,CURRENT_BUFFER,CURRENT_SUPPLIER,NORMAL_DELIVERY,TIGHTEN_ORDER_CAP,NO_EXPIRY_ACTION,CURRENT_WAREHOUSE_PLAN,0.915,22.0,70.0,56.25,9.18,7.0,2.0,946.93,35.0,21.28,317.26,0.0,0.0,0.0,5.27,15.9,3.32,0.0,0,0,0,10.0,0,1344.96,200.0,0.0,1544.96,1544.96,0.0,True,PENALTY_ADJUSTED_TOTAL_COST,0.1295,False,Operational cost plus severity-based risk/review/constraint penalties; not direct cash cost.,"Severity-based penalty used: hard blockers=0, major risks=0, review-required=0, soft warnings=2. Reasons: SUPPLIER_RISK_REMAINS; FORECAST_CONFIDENCE_LOW",0,0,0,2,SOFT_WARNING,,,,SUPPLIER_RISK_REMAINS; FORECAST_CONFIDENCE_LOW,0,0,200,200,False,RULE_BASED_ESTIMATE,True,False,True,False,FEASIBLE,,SUPPLIER_RISK_REMAINS; FORECAST_CONFIDENCE_LOW,Scenario TIGHTEN_ORDER_CAP scored with FEASIBLE feasibility.
SKU-UMR-007,Compact Umbrella,Accessories,SKU-UMR-007-SCN-013,LIQUIDATE_DEAD_STOCK,13,1,CURRENT_BUFFER,CURRENT_SUPPLIER,NORMAL_DELIVERY,CURRENT_ORDER_CAP,LIQUIDATE_DEAD_STOCK,CURRENT_WAREHOUSE_PLAN,0.915,22.0,70.0,75.0,12.24,7.0,2.0,1262.58,35.0,17.02,317.26,0.0,0.0,0.0,5.27,15.9,3.32,0.0,0,0,0,10.0,0,1656.35,200.0,0.0,1856.35,1856.35,0.0,True,PENALTY_ADJUSTED_TOTAL_COST,0.1077,False,Operational cost plus severity-based risk/review/constraint penalties; not direct cash cost.,"Severity-based penalty used: hard blockers=0, major risks=0, review-required=0, soft warnings=2. Reasons: SUPPLIER_RISK_REMAINS; FORECAST_CONFIDENCE_LOW",0,0,0,2,SOFT_WARNING,,,,SUPPLIER_RISK_REMAINS; FORECAST_CONFIDENCE_LOW,0,0,200,200,False,RULE_BASED_ESTIMATE,True,False,True,False,FEASIBLE,,SUPPLIER_RISK_REMAINS; FORECAST_CONFIDENCE_LOW,Scenario LIQUIDATE_DEAD_STOCK scored with FEASIBLE feasibility.
SKU-UMR-007,Compact Umbrella,Accessories,SKU-UMR-007-SCN-014,INCREASE_BUFFER__FAST_RELIABLE_SUPPLIER,14,2,INCREASE_BUFFER,FAST_RELIABLE_SUPPLIER,NORMAL_DELIVERY,CURRENT_ORDER_CAP,NO_EXPIRY_ACTION,CURRENT_WAREHOUSE_PLAN,0.935,25.3,80.5,75.0,12.24,7.0,2.0,1388.84,35.0,23.83,133.25,0.0,0.0,0.0,3.16,15.9,3.32,0.0,500,0,0,10.0,0,1603.3,600.0,0.0,2203.3,2203.3,0.0,True,PENALTY_ADJUSTED_TOTAL_COST,0.2723,False,Operational cost plus review-required penalty; review penalty is not direct operating cost.,"Severity-based penalty used: hard blockers=0, major risks=0, review-required=1, soft warnings=1. Reasons: SUPPLIER_REVIEW_REQUIRED_WITH_SUPPLIER_CHANGE; FORECAST_CONFIDENCE_LOW",0,0,1,1,REVIEW_REQUIRED,,,SUPPLIER_REVIEW_REQUIRED_WITH_SUPPLIER_CHANGE,FORECAST_CONFIDENCE_LOW,0,500,100,600,False,RULE_BASED_ESTIMATE,True,False,True,True,FEASIBLE_WITH_REVIEW,,SUPPLIER_REVIEW_REQUIRED_WITH_SUPPLIER_CHANGE; FORECAST_CONFIDENCE_LOW,Scenario INCREASE_BUFFER__FAST_RELIABLE_SUPPLIER scored with FEASIBLE_WITH_REVIEW feasibility.
SKU-UMR-007,Compact Umbrella,Accessories,SKU-UMR-007-SCN-015,INCREASE_BUFFER__MOST_RELIABLE_SUPPLIER,15,2,INCREASE_BUFFER,MOST_RELIABLE_SUPPLIER,NORMAL_DELIVERY,CURRENT_ORDER_CAP,NO_EXPIRY_ACTION,CURRENT_WAREHOUSE_PLAN,0.935,25.3,80.5,75.0,12.24,7.0,2.0,1451.97,35.0,23.83,222.08,0.0,0.0,0.0,2.63,15.9,3.32,0.0,500,0,0,10.0,0,1754.74,600.0,0.0,2354.74,2354.74,0.0,True,PENALTY_ADJUSTED_TOTAL_COST,0.2548,False,Operational cost plus review-required penalty; review penalty is not direct operating cost.,"Severity-based penalty used: hard blockers=0, major risks=0, review-required=1, soft warnings=1. Reasons: SUPPLIER_REVIEW_REQUIRED_WITH_SUPPLIER_CHANGE; FORECAST_CONFIDENCE_LOW",0,0,1,1,REVIEW_REQUIRED,,,SUPPLIER_REVIEW_REQUIRED_WITH_SUPPLIER_CHANGE,FORECAST_CONFIDENCE_LOW,0,500,100,600,False,RULE_BASED_ESTIMATE,True,False,True,True,FEASIBLE_WITH_REVIEW,,SUPPLIER_REVIEW_REQUIRED_WITH_SUPPLIER_CHANGE; FORECAST_CONFIDENCE_LOW,Scenario INCREASE_BUFFER__MOST_RELIABLE_SUPPLIER scored with FEASIBLE_WITH_REVIEW feasibility.
SKU-UMR-007,Compact Umbrella,Accessories,SKU-UMR-007-SCN-016,DECREASE_BUFFER__LIQUIDATE_DEAD_STOCK,16,2,DECREASE_BUFFER,CURRENT_SUPPLIER,NORMAL_DELIVERY,CURRENT_ORDER_CAP,LIQUIDATE_DEAD_STOCK,CURRENT_WAREHOUSE_PLAN,0.9,18.7,66.16,75.0,12.24,7.0,2.0,1262.58,35.0,14.47,317.26,0.0,0.0,0.0,5.27,15.9,3.32,0.0,0,0,0,10.0,0,1653.8,200.0,0.0,1853.8,1853.8,0.0,True,PENALTY_ADJUSTED_TOTAL_COST,0.1079,False,Operational cost plus severity-based risk/review/constraint penalties; not direct cash cost.,"Severity-based penalty used: hard blockers=0, major risks=0, review-required=0, soft warnings=2. Reasons: SUPPLIER_RISK_REMAINS; FORECAST_CONFIDENCE_LOW",0,0,0,2,SOFT_WARNING,,,,SUPPLIER_RISK_REMAINS; FORECAST_CONFIDENCE_LOW,0,0,200,200,False,RULE_BASED_ESTIMATE,True,False,True,False,FEASIBLE,,SUPPLIER_RISK_REMAINS; FORECAST_CONFIDENCE_LOW,Scenario DECREASE_BUFFER__LIQUIDATE_DEAD_STOCK scored with FEASIBLE feasibility.
SKU-UMR-007,Compact Umbrella,Accessories,SKU-UMR-007-SCN-017,MINIMUM_SAFE_BUFFER__TIGHTEN_ORDER_CAP,17,2,MINIMUM_SAFE_BUFFER,CURRENT_SUPPLIER,NORMAL_DELIVERY,TIGHTEN_ORDER_CAP,NO_EXPIRY_ACTION,CURRENT_WAREHOUSE_PLAN,0.915,16.5,63.96,56.25,9.18,7.0,2.0,946.93,35.0,18.09,317.26,0.0,0.0,0.0,5.27,15.9,3.32,0.0,0,0,0,10.0,0,1341.77,200.0,0.0,1541.77,1541.77,0.0,True,PENALTY_ADJUSTED_TOTAL_COST,0.1297,False,Operational cost plus severity-based risk/review/constraint penalties; not direct cash cost.,"Severity-based penalty used: hard blockers=0, major risks=0, review-required=0, soft warnings=2. Reasons: SUPPLIER_RISK_REMAINS; FORECAST_CONFIDENCE_LOW",0,0,0,2,SOFT_WARNING,,,,SUPPLIER_RISK_REMAINS; FORECAST_CONFIDENCE_LOW,0,0,200,200,False,RULE_BASED_ESTIMATE,True,False,True,False,FEASIBLE,,SUPPLIER_RISK_REMAINS; FORECAST_CONFIDENCE_LOW,Scenario MINIMUM_SAFE_BUFFER__TIGHTEN_ORDER_CAP scored with FEASIBLE feasibility.
SKU-BAT-008,Lithium Coin Battery CR2032,Electronics,SKU-BAT-008-SCN-001,CURRENT_POLICY,1,0,CURRENT_BUFFER,CURRENT_SUPPLIER,NORMAL_DELIVERY,CURRENT_ORDER_CAP,NO_EXPIRY_ACTION,CURRENT_WAREHOUSE_PLAN,0.98,67.0,119.0,400.0,182.41,18.0,2.0,5071.91,183.6,0.0,752.15,0.0,0.0,0.0,54.34,4.48,5.7,750.0,500,3000,3000,10.0,3000,6072.18,1450.0,3000.0,10522.18,10522.18,0.0,True,PENALTY_ADJUSTED_TOTAL_COST,0.4229,False,Operational cost plus receiving capacity major-risk penalty; not direct cash cost.,"Severity-based penalty used: hard blockers=0, major risks=1, review-required=1, soft warnings=2. Reasons: PROJECTED_RECEIVING_OVER_CAPACITY_WITHOUT_SPLIT_OR_REVIEW; PHASE4_FINAL_POLICY_REVIEW_REQUIRED; SUPPLIER_RISK_REMAINS; FORECAST_CONFIDENCE_LOW",0,1,1,2,MAJOR_RISK,,PROJECTED_RECEIVING_OVER_CAPACITY_WITHOUT_SPLIT_OR_REVIEW,PHASE4_FINAL_POLICY_REVIEW_REQUIRED,SUPPLIER_RISK_REMAINS; FORECAST_CONFIDENCE_LOW,3000,500,200,3700,False,RULE_BASED_ESTIMATE,True,False,True,True,FEASIBLE_WITH_REVIEW,PROJECTED_RECEIVING_OVER_CAPACITY_WITHOUT_SPLIT_OR_REVIEW,PHASE4_FINAL_POLICY_REVIEW_REQUIRED; SUPPLIER_RISK_REMAINS; FORECAST_CONFIDENCE_LOW,Scenario CURRENT_POLICY scored with FEASIBLE_WITH_REVIEW feasibility.
SKU-BAT-008,Lithium Coin Battery CR2032,Electronics,SKU-BAT-008-SCN-002,INCREASE_BUFFER,2,1,INCREASE_BUFFER,CURRENT_SUPPLIER,NORMAL_DELIVERY,CURRENT_ORDER_CAP,NO_EXPIRY_ACTION,CURRENT_WAREHOUSE_PLAN,0.98,77.05,136.85,400.0,182.41,18.0,2.0,5071.91,183.6,0.0,526.5,0.0,0.0,0.0,54.34,4.48,5.7,750.0,500,3000,3000,10.0,3000,5846.53,1450.0,3000.0,10296.53,10296.53,0.0,True,PENALTY_ADJUSTED_TOTAL_COST,0.4322,False,Operational cost plus receiving capacity major-risk penalty; not direct cash cost.,"Severity-based penalty used: hard blockers=0, major risks=1, review-required=1, soft warnings=2. Reasons: PROJECTED_RECEIVING_OVER_CAPACITY_WITHOUT_SPLIT_OR_REVIEW; PHASE4_FINAL_POLICY_WITHOUT_REVIEW; SUPPLIER_RISK_REMAINS; FORECAST_CONFIDENCE_LOW",0,1,1,2,MAJOR_RISK,,PROJECTED_RECEIVING_OVER_CAPACITY_WITHOUT_SPLIT_OR_REVIEW,PHASE4_FINAL_POLICY_WITHOUT_REVIEW,SUPPLIER_RISK_REMAINS; FORECAST_CONFIDENCE_LOW,3000,500,200,3700,False,RULE_BASED_ESTIMATE,True,False,True,True,FEASIBLE_WITH_REVIEW,PROJECTED_RECEIVING_OVER_CAPACITY_WITHOUT_SPLIT_OR_REVIEW,PHASE4_FINAL_POLICY_WITHOUT_REVIEW; SUPPLIER_RISK_REMAINS; FORECAST_CONFIDENCE_LOW,Scenario INCREASE_BUFFER scored with FEASIBLE_WITH_REVIEW feasibility.
SKU-BAT-008,Lithium Coin Battery CR2032,Electronics,SKU-BAT-008-SCN-003,FAST_RELIABLE_SUPPLIER,3,1,CURRENT_BUFFER,FAST_RELIABLE_SUPPLIER,NORMAL_DELIVERY,CURRENT_ORDER_CAP,NO_EXPIRY_ACTION,CURRENT_WAREHOUSE_PLAN,0.98,67.0,119.0,400.0,182.41,18.0,2.0,5579.1,183.6,0.0,451.29,0.0,0.0,0.0,32.6,4.48,5.7,750.0,1000,3000,3000,10.0,3000,6256.78,1850.0,3000.0,11106.78,11106.78,0.0,True,PENALTY_ADJUSTED_TOTAL_COST,0.4367,False,Operational cost plus receiving capacity major-risk penalty; not direct cash cost.,"Severity-based penalty used: hard blockers=0, major risks=1, review-required=2, soft warnings=1. Reasons: PROJECTED_RECEIVING_OVER_CAPACITY_WITHOUT_SPLIT_OR_REVIEW; SUPPLIER_REVIEW_REQUIRED_WITH_SUPPLIER_CHANGE; PHASE4_FINAL_POLICY_REVIEW_REQUIRED; FORECAST_CONFIDENCE_LOW",0,1,2,1,MAJOR_RISK,,PROJECTED_RECEIVING_OVER_CAPACITY_WITHOUT_SPLIT_OR_REVIEW,SUPPLIER_REVIEW_REQUIRED_WITH_SUPPLIER_CHANGE; PHASE4_FINAL_POLICY_REVIEW_REQUIRED,FORECAST_CONFIDENCE_LOW,3000,1000,100,4100,False,RULE_BASED_ESTIMATE,True,False,True,True,FEASIBLE_WITH_REVIEW,PROJECTED_RECEIVING_OVER_CAPACITY_WITHOUT_SPLIT_OR_REVIEW,SUPPLIER_REVIEW_REQUIRED_WITH_SUPPLIER_CHANGE; PHASE4_FINAL_POLICY_REVIEW_REQUIRED; FORECAST_CONFIDENCE_LOW,Scenario FAST_RELIABLE_SUPPLIER scored with FEASIBLE_WITH_REVIEW feasibility.
SKU-BAT-008,Lithium Coin Battery CR2032,Electronics,SKU-BAT-008-SCN-004,MOST_RELIABLE_SUPPLIER,4,1,CURRENT_BUFFER,MOST_RELIABLE_SUPPLIER,NORMAL_DELIVERY,CURRENT_ORDER_CAP,NO_EXPIRY_ACTION,CURRENT_WAREHOUSE_PLAN,0.98,67.0,119.0,400.0,182.41,18.0,2.0,5832.7,183.6,0.0,752.15,0.0,0.0,0.0,27.17,4.48,5.7,750.0,1000,3000,3000,10.0,3000,6805.8,1850.0,3000.0,11655.8,11655.8,0.0,True,PENALTY_ADJUSTED_TOTAL_COST,0.4161,False,Operational cost plus receiving capacity major-risk penalty; not direct cash cost.,"Severity-based penalty used: hard blockers=0, major risks=1, review-required=2, soft warnings=1. Reasons: PROJECTED_RECEIVING_OVER_CAPACITY_WITHOUT_SPLIT_OR_REVIEW; SUPPLIER_REVIEW_REQUIRED_WITH_SUPPLIER_CHANGE; PHASE4_FINAL_POLICY_REVIEW_REQUIRED; FORECAST_CONFIDENCE_LOW",0,1,2,1,MAJOR_RISK,,PROJECTED_RECEIVING_OVER_CAPACITY_WITHOUT_SPLIT_OR_REVIEW,SUPPLIER_REVIEW_REQUIRED_WITH_SUPPLIER_CHANGE; PHASE4_FINAL_POLICY_REVIEW_REQUIRED,FORECAST_CONFIDENCE_LOW,3000,1000,100,4100,False,RULE_BASED_ESTIMATE,True,False,True,True,FEASIBLE_WITH_REVIEW,PROJECTED_RECEIVING_OVER_CAPACITY_WITHOUT_SPLIT_OR_REVIEW,SUPPLIER_REVIEW_REQUIRED_WITH_SUPPLIER_CHANGE; PHASE4_FINAL_POLICY_REVIEW_REQUIRED; FORECAST_CONFIDENCE_LOW,Scenario MOST_RELIABLE_SUPPLIER scored with FEASIBLE_WITH_REVIEW feasibility.
SKU-BAT-008,Lithium Coin Battery CR2032,Electronics,SKU-BAT-008-SCN-005,BALANCED_SUPPLIER,5,1,CURRENT_BUFFER,BALANCED_SUPPLIER,NORMAL_DELIVERY,CURRENT_ORDER_CAP,NO_EXPIRY_ACTION,CURRENT_WAREHOUSE_PLAN,0.98,67.0,119.0,400.0,182.41,18.0,2.0,5224.07,183.6,0.0,752.15,0.0,0.0,0.0,40.76,4.48,5.7,750.0,1000,3000,3000,10.0,3000,6210.75,1850.0,3000.0,11060.75,11060.75,0.0,True,PENALTY_ADJUSTED_TOTAL_COST,0.4385,False,Operational cost plus receiving capacity major-risk penalty; not direct cash cost.,"Severity-based penalty used: hard blockers=0, major risks=1, review-required=2, soft warnings=1. Reasons: PROJECTED_RECEIVING_OVER_CAPACITY_WITHOUT_SPLIT_OR_REVIEW; SUPPLIER_REVIEW_REQUIRED_WITH_SUPPLIER_CHANGE; PHASE4_FINAL_POLICY_REVIEW_REQUIRED; FORECAST_CONFIDENCE_LOW",0,1,2,1,MAJOR_RISK,,PROJECTED_RECEIVING_OVER_CAPACITY_WITHOUT_SPLIT_OR_REVIEW,SUPPLIER_REVIEW_REQUIRED_WITH_SUPPLIER_CHANGE; PHASE4_FINAL_POLICY_REVIEW_REQUIRED,FORECAST_CONFIDENCE_LOW,3000,1000,100,4100,False,RULE_BASED_ESTIMATE,True,False,True,True,FEASIBLE_WITH_REVIEW,PROJECTED_RECEIVING_OVER_CAPACITY_WITHOUT_SPLIT_OR_REVIEW,SUPPLIER_REVIEW_REQUIRED_WITH_SUPPLIER_CHANGE; PHASE4_FINAL_POLICY_REVIEW_REQUIRED; FORECAST_CONFIDENCE_LOW,Scenario BALANCED_SUPPLIER scored with FEASIBLE_WITH_REVIEW feasibility.
SKU-BAT-008,Lithium Coin Battery CR2032,Electronics,SKU-BAT-008-SCN-006,SUPPLIER_REVIEW_ONLY,6,1,CURRENT_BUFFER,SUPPLIER_REVIEW_ONLY,NORMAL_DELIVERY,CURRENT_ORDER_CAP,NO_EXPIRY_ACTION,CURRENT_WAREHOUSE_PLAN,0.98,67.0,119.0,400.0,182.41,18.0,2.0,5071.91,183.6,0.0,752.15,0.0,0.0,0.0,54.34,4.48,5.7,750.0,1000,3000,3000,10.0,3000,6072.18,1950.0,3000.0,11022.18,11022.18,0.0,True,PENALTY_ADJUSTED_TOTAL_COST,0.4491,False,Operational cost plus receiving capacity major-risk penalty; not direct cash cost.,"Severity-based penalty used: hard blockers=0, major risks=1, review-required=2, soft warnings=2. Reasons: PROJECTED_RECEIVING_OVER_CAPACITY_WITHOUT_SPLIT_OR_REVIEW; PHASE4_FINAL_POLICY_REVIEW_REQUIRED; SUPPLIER_REVIEW_ONLY_SELECTED; SUPPLIER_RISK_REMAINS; FORECAST_CONFIDENCE_LOW",0,1,2,2,MAJOR_RISK,,PROJECTED_RECEIVING_OVER_CAPACITY_WITHOUT_SPLIT_OR_REVIEW,PHASE4_FINAL_POLICY_REVIEW_REQUIRED; SUPPLIER_REVIEW_ONLY_SELECTED,SUPPLIER_RISK_REMAINS; FORECAST_CONFIDENCE_LOW,3000,1000,200,4200,False,RULE_BASED_ESTIMATE,True,False,True,True,FEASIBLE_WITH_REVIEW,PROJECTED_RECEIVING_OVER_CAPACITY_WITHOUT_SPLIT_OR_REVIEW,PHASE4_FINAL_POLICY_REVIEW_REQUIRED; SUPPLIER_REVIEW_ONLY_SELECTED; SUPPLIER_RISK_REMAINS; FORECAST_CONFIDENCE_LOW,Scenario SUPPLIER_REVIEW_ONLY scored with FEASIBLE_WITH_REVIEW feasibility.
SKU-BAT-008,Lithium Coin Battery CR2032,Electronics,SKU-BAT-008-SCN-007,EXPEDITE_DELIVERY,7,1,CURRENT_BUFFER,CURRENT_SUPPLIER,EXPEDITE_DELIVERY,CURRENT_ORDER_CAP,NO_EXPIRY_ACTION,CURRENT_WAREHOUSE_PLAN,0.98,67.0,119.0,400.0,182.41,12.6,2.0,5071.91,229.5,0.0,488.9,0.0,0.0,0.0,54.34,4.48,5.7,750.0,500,3000,3000,10.0,3000,5854.83,1450.0,3000.0,10304.83,10304.83,0.0,True,PENALTY_ADJUSTED_TOTAL_COST,0.4318,False,Operational cost plus receiving capacity major-risk penalty; not direct cash cost.,"Severity-based penalty used: hard blockers=0, major risks=1, review-required=1, soft warnings=2. Reasons: PROJECTED_RECEIVING_OVER_CAPACITY_WITHOUT_SPLIT_OR_REVIEW; PHASE4_FINAL_POLICY_REVIEW_REQUIRED; SUPPLIER_RISK_REMAINS; FORECAST_CONFIDENCE_LOW",0,1,1,2,MAJOR_RISK,,PROJECTED_RECEIVING_OVER_CAPACITY_WITHOUT_SPLIT_OR_REVIEW,PHASE4_FINAL_POLICY_REVIEW_REQUIRED,SUPPLIER_RISK_REMAINS; FORECAST_CONFIDENCE_LOW,3000,500,200,3700,False,RULE_BASED_ESTIMATE,True,False,True,True,FEASIBLE_WITH_REVIEW,PROJECTED_RECEIVING_OVER_CAPACITY_WITHOUT_SPLIT_OR_REVIEW,PHASE4_FINAL_POLICY_REVIEW_REQUIRED; SUPPLIER_RISK_REMAINS; FORECAST_CONFIDENCE_LOW,Scenario EXPEDITE_DELIVERY scored with FEASIBLE_WITH_REVIEW feasibility.
SKU-BAT-008,Lithium Coin Battery CR2032,Electronics,SKU-BAT-008-SCN-008,SPLIT_DELIVERY,8,1,CURRENT_BUFFER,CURRENT_SUPPLIER,SPLIT_DELIVERY,CURRENT_ORDER_CAP,NO_EXPIRY_ACTION,CURRENT_WAREHOUSE_PLAN,0.98,67.0,119.0,400.0,182.41,18.0,2.0,5071.91,220.32,0.0,752.15,0.0,0.0,0.0,54.34,4.48,5.7,93.75,500,0,0,10.0,0,6108.9,793.75,0.0,6902.65,6902.65,0.0,True,PENALTY_ADJUSTED_TOTAL_COST,0.115,False,Operational cost plus review-required penalty; review penalty is not direct operating cost.,"Severity-based penalty used: hard blockers=0, major risks=0, review-required=1, soft warnings=2. Reasons: PHASE4_FINAL_POLICY_REVIEW_REQUIRED; SUPPLIER_RISK_REMAINS; FORECAST_CONFIDENCE_LOW",0,0,1,2,REVIEW_REQUIRED,,,PHASE4_FINAL_POLICY_REVIEW_REQUIRED,SUPPLIER_RISK_REMAINS; FORECAST_CONFIDENCE_LOW,0,500,200,700,False,RULE_BASED_ESTIMATE,True,False,True,True,FEASIBLE_WITH_REVIEW,,PHASE4_FINAL_POLICY_REVIEW_REQUIRED; SUPPLIER_RISK_REMAINS; FORECAST_CONFIDENCE_LOW,Scenario SPLIT_DELIVERY scored with FEASIBLE_WITH_REVIEW feasibility.
SKU-BAT-008,Lithium Coin Battery CR2032,Electronics,SKU-BAT-008-SCN-009,TIGHTEN_ORDER_CAP,9,1,CURRENT_BUFFER,CURRENT_SUPPLIER,NORMAL_DELIVERY,TIGHTEN_ORDER_CAP,NO_EXPIRY_ACTION,CURRENT_WAREHOUSE_PLAN,0.98,67.0,119.0,300.0,136.81,18.0,2.0,3803.93,183.6,0.0,752.15,0.0,0.0,0.0,54.34,4.48,5.7,750.0,500,3000,3000,10.0,3000,4804.2,1450.0,3000.0,9254.2,9254.2,0.0,True,PENALTY_ADJUSTED_TOTAL_COST,0.4809,False,Operational cost plus receiving capacity major-risk penalty; not direct cash cost.,"Severity-based penalty used: hard blockers=0, major risks=1, review-required=1, soft warnings=2. Reasons: PROJECTED_RECEIVING_OVER_CAPACITY_WITHOUT_SPLIT_OR_REVIEW; PHASE4_FINAL_POLICY_WITHOUT_REVIEW; SUPPLIER_RISK_REMAINS; FORECAST_CONFIDENCE_LOW",0,1,1,2,MAJOR_RISK,,PROJECTED_RECEIVING_OVER_CAPACITY_WITHOUT_SPLIT_OR_REVIEW,PHASE4_FINAL_POLICY_WITHOUT_REVIEW,SUPPLIER_RISK_REMAINS; FORECAST_CONFIDENCE_LOW,3000,500,200,3700,False,RULE_BASED_ESTIMATE,True,False,True,True,FEASIBLE_WITH_REVIEW,PROJECTED_RECEIVING_OVER_CAPACITY_WITHOUT_SPLIT_OR_REVIEW,PHASE4_FINAL_POLICY_WITHOUT_REVIEW; SUPPLIER_RISK_REMAINS; FORECAST_CONFIDENCE_LOW,Scenario TIGHTEN_ORDER_CAP scored with FEASIBLE_WITH_REVIEW feasibility.
SKU-BAT-008,Lithium Coin Battery CR2032,Electronics,SKU-BAT-008-SCN-010,REVIEW_RECEIVING_CAPACITY,10,1,CURRENT_BUFFER,CURRENT_SUPPLIER,NORMAL_DELIVERY,CURRENT_ORDER_CAP,NO_EXPIRY_ACTION,REVIEW_RECEIVING_CAPACITY,0.98,67.0,119.0,400.0,182.41,18.0,2.0,5071.91,183.6,0.0,752.15,0.0,0.0,0.0,54.34,4.48,5.7,375.0,1500,0,0,10.0,0,6072.18,2075.0,0.0,8147.18,8147.18,0.0,True,PENALTY_ADJUSTED_TOTAL_COST,0.2547,False,Operational cost plus review-required penalty; review penalty is not direct operating cost.,"Severity-based penalty used: hard blockers=0, major risks=0, review-required=3, soft warnings=2. Reasons: PROJECTED_RECEIVING_CAPACITY_REVIEW_REQUIRED; PHASE4_FINAL_POLICY_REVIEW_REQUIRED; REVIEW_RECEIVING_CAPACITY_REQUIRES_REVIEW; SUPPLIER_RISK_REMAINS; FORECAST_CONFIDENCE_LOW",0,0,3,2,REVIEW_REQUIRED,,,PROJECTED_RECEIVING_CAPACITY_REVIEW_REQUIRED; PHASE4_FINAL_POLICY_REVIEW_REQUIRED; REVIEW_RECEIVING_CAPACITY_REQUIRES_REVIEW,SUPPLIER_RISK_REMAINS; FORECAST_CONFIDENCE_LOW,0,1500,200,1700,False,RULE_BASED_ESTIMATE,True,False,True,True,FEASIBLE_WITH_REVIEW,,PROJECTED_RECEIVING_CAPACITY_REVIEW_REQUIRED; PHASE4_FINAL_POLICY_REVIEW_REQUIRED; REVIEW_RECEIVING_CAPACITY_REQUIRES_REVIEW; SUPPLIER_RISK_REMAINS; FORECAST_CONFIDENCE_LOW,Scenario REVIEW_RECEIVING_CAPACITY scored with FEASIBLE_WITH_REVIEW feasibility.
SKU-BAT-008,Lithium Coin Battery CR2032,Electronics,SKU-BAT-008-SCN-011,REVIEW_SLOT_LOCATION,11,1,CURRENT_BUFFER,CURRENT_SUPPLIER,NORMAL_DELIVERY,CURRENT_ORDER_CAP,NO_EXPIRY_ACTION,REVIEW_SLOT_LOCATION,0.98,67.0,119.0,400.0,182.41,18.0,2.0,5071.91,183.6,0.0,752.15,0.0,0.0,0.0,54.34,4.48,4.28,750.0,1000,3000,3000,10.0,3000,6070.75,1950.0,3000.0,11020.75,11020.75,0.0,True,PENALTY_ADJUSTED_TOTAL_COST,0.4492,False,Operational cost plus receiving capacity major-risk penalty; not direct cash cost.,"Severity-based penalty used: hard blockers=0, major risks=1, review-required=2, soft warnings=2. Reasons: PROJECTED_RECEIVING_OVER_CAPACITY_WITHOUT_SPLIT_OR_REVIEW; PHASE4_FINAL_POLICY_REVIEW_REQUIRED; REVIEW_SLOT_LOCATION_REQUIRES_REVIEW; SUPPLIER_RISK_REMAINS; FORECAST_CONFIDENCE_LOW",0,1,2,2,MAJOR_RISK,,PROJECTED_RECEIVING_OVER_CAPACITY_WITHOUT_SPLIT_OR_REVIEW,PHASE4_FINAL_POLICY_REVIEW_REQUIRED; REVIEW_SLOT_LOCATION_REQUIRES_REVIEW,SUPPLIER_RISK_REMAINS; FORECAST_CONFIDENCE_LOW,3000,1000,200,4200,False,RULE_BASED_ESTIMATE,True,False,True,True,FEASIBLE_WITH_REVIEW,PROJECTED_RECEIVING_OVER_CAPACITY_WITHOUT_SPLIT_OR_REVIEW,PHASE4_FINAL_POLICY_REVIEW_REQUIRED; REVIEW_SLOT_LOCATION_REQUIRES_REVIEW; SUPPLIER_RISK_REMAINS; FORECAST_CONFIDENCE_LOW,Scenario REVIEW_SLOT_LOCATION scored with FEASIBLE_WITH_REVIEW feasibility.
SKU-BAT-008,Lithium Coin Battery CR2032,Electronics,SKU-BAT-008-SCN-012,INCREASE_BUFFER__FAST_RELIABLE_SUPPLIER,12,2,INCREASE_BUFFER,FAST_RELIABLE_SUPPLIER,NORMAL_DELIVERY,CURRENT_ORDER_CAP,NO_EXPIRY_ACTION,CURRENT_WAREHOUSE_PLAN,0.98,77.05,136.85,400.0,182.41,18.0,2.0,5579.1,183.6,0.0,315.9,0.0,0.0,0.0,32.6,4.48,5.7,750.0,1000,3000,3000,10.0,3000,6121.39,1850.0,3000.0,10971.39,10971.39,0.0,True,PENALTY_ADJUSTED_TOTAL_COST,0.4421,False,Operational cost plus receiving capacity major-risk penalty; not direct cash cost.,"Severity-based penalty used: hard blockers=0, major risks=1, review-required=2, soft warnings=1. Reasons: PROJECTED_RECEIVING_OVER_CAPACITY_WITHOUT_SPLIT_OR_REVIEW; SUPPLIER_REVIEW_REQUIRED_WITH_SUPPLIER_CHANGE; PHASE4_FINAL_POLICY_WITHOUT_REVIEW; FORECAST_CONFIDENCE_LOW",0,1,2,1,MAJOR_RISK,,PROJECTED_RECEIVING_OVER_CAPACITY_WITHOUT_SPLIT_OR_REVIEW,SUPPLIER_REVIEW_REQUIRED_WITH_SUPPLIER_CHANGE; PHASE4_FINAL_POLICY_WITHOUT_REVIEW,FORECAST_CONFIDENCE_LOW,3000,1000,100,4100,False,RULE_BASED_ESTIMATE,True,False,True,True,FEASIBLE_WITH_REVIEW,PROJECTED_RECEIVING_OVER_CAPACITY_WITHOUT_SPLIT_OR_REVIEW,SUPPLIER_REVIEW_REQUIRED_WITH_SUPPLIER_CHANGE; PHASE4_FINAL_POLICY_WITHOUT_REVIEW; FORECAST_CONFIDENCE_LOW,Scenario INCREASE_BUFFER__FAST_RELIABLE_SUPPLIER scored with FEASIBLE_WITH_REVIEW feasibility.
SKU-BAT-008,Lithium Coin Battery CR2032,Electronics,SKU-BAT-008-SCN-013,INCREASE_BUFFER__MOST_RELIABLE_SUPPLIER,13,2,INCREASE_BUFFER,MOST_RELIABLE_SUPPLIER,NORMAL_DELIVERY,CURRENT_ORDER_CAP,NO_EXPIRY_ACTION,CURRENT_WAREHOUSE_PLAN,0.98,77.05,136.85,400.0,182.41,18.0,2.0,5832.7,183.6,0.0,526.5,0.0,0.0,0.0,27.17,4.48,5.7,750.0,1000,3000,3000,10.0,3000,6580.15,1850.0,3000.0,11430.15,11430.15,0.0,True,PENALTY_ADJUSTED_TOTAL_COST,0.4243,False,Operational cost plus receiving capacity major-risk penalty; not direct cash cost.,"Severity-based penalty used: hard blockers=0, major risks=1, review-required=2, soft warnings=1. Reasons: PROJECTED_RECEIVING_OVER_CAPACITY_WITHOUT_SPLIT_OR_REVIEW; SUPPLIER_REVIEW_REQUIRED_WITH_SUPPLIER_CHANGE; PHASE4_FINAL_POLICY_WITHOUT_REVIEW; FORECAST_CONFIDENCE_LOW",0,1,2,1,MAJOR_RISK,,PROJECTED_RECEIVING_OVER_CAPACITY_WITHOUT_SPLIT_OR_REVIEW,SUPPLIER_REVIEW_REQUIRED_WITH_SUPPLIER_CHANGE; PHASE4_FINAL_POLICY_WITHOUT_REVIEW,FORECAST_CONFIDENCE_LOW,3000,1000,100,4100,False,RULE_BASED_ESTIMATE,True,False,True,True,FEASIBLE_WITH_REVIEW,PROJECTED_RECEIVING_OVER_CAPACITY_WITHOUT_SPLIT_OR_REVIEW,SUPPLIER_REVIEW_REQUIRED_WITH_SUPPLIER_CHANGE; PHASE4_FINAL_POLICY_WITHOUT_REVIEW; FORECAST_CONFIDENCE_LOW,Scenario INCREASE_BUFFER__MOST_RELIABLE_SUPPLIER scored with FEASIBLE_WITH_REVIEW feasibility.
SKU-BAT-008,Lithium Coin Battery CR2032,Electronics,SKU-BAT-008-SCN-014,INCREASE_BUFFER__SPLIT_DELIVERY,14,2,INCREASE_BUFFER,CURRENT_SUPPLIER,SPLIT_DELIVERY,CURRENT_ORDER_CAP,NO_EXPIRY_ACTION,CURRENT_WAREHOUSE_PLAN,0.98,77.05,136.85,400.0,182.41,18.0,2.0,5071.91,220.32,0.0,526.5,0.0,0.0,0.0,54.34,4.48,5.7,93.75,500,0,0,10.0,0,5883.25,793.75,0.0,6677.0,6677.0,0.0,True,PENALTY_ADJUSTED_TOTAL_COST,0.1189,False,Operational cost plus review-required penalty; review penalty is not direct operating cost.,"Severity-based penalty used: hard blockers=0, major risks=0, review-required=1, soft warnings=2. Reasons: PHASE4_FINAL_POLICY_WITHOUT_REVIEW; SUPPLIER_RISK_REMAINS; FORECAST_CONFIDENCE_LOW",0,0,1,2,REVIEW_REQUIRED,,,PHASE4_FINAL_POLICY_WITHOUT_REVIEW,SUPPLIER_RISK_REMAINS; FORECAST_CONFIDENCE_LOW,0,500,200,700,False,RULE_BASED_ESTIMATE,True,False,True,True,FEASIBLE_WITH_REVIEW,,PHASE4_FINAL_POLICY_WITHOUT_REVIEW; SUPPLIER_RISK_REMAINS; FORECAST_CONFIDENCE_LOW,Scenario INCREASE_BUFFER__SPLIT_DELIVERY scored with FEASIBLE_WITH_REVIEW feasibility.
SKU-BAT-008,Lithium Coin Battery CR2032,Electronics,SKU-BAT-008-SCN-015,FAST_RELIABLE_SUPPLIER__SPLIT_DELIVERY,15,2,CURRENT_BUFFER,FAST_RELIABLE_SUPPLIER,SPLIT_DELIVERY,CURRENT_ORDER_CAP,NO_EXPIRY_ACTION,CURRENT_WAREHOUSE_PLAN,0.98,67.0,119.0,400.0,182.41,18.0,2.0,5579.1,220.32,0.0,451.29,0.0,0.0,0.0,32.6,4.48,5.7,93.75,1000,0,0,10.0,0,6293.49,1193.75,0.0,7487.24,7487.24,0.0,True,PENALTY_ADJUSTED_TOTAL_COST,0.1594,False,Operational cost plus review-required penalty; review penalty is not direct operating cost.,"Severity-based penalty used: hard blockers=0, major risks=0, review-required=2, soft warnings=1. Reasons: SUPPLIER_REVIEW_REQUIRED_WITH_SUPPLIER_CHANGE; PHASE4_FINAL_POLICY_REVIEW_REQUIRED; FORECAST_CONFIDENCE_LOW",0,0,2,1,REVIEW_REQUIRED,,,SUPPLIER_REVIEW_REQUIRED_WITH_SUPPLIER_CHANGE; PHASE4_FINAL_POLICY_REVIEW_REQUIRED,FORECAST_CONFIDENCE_LOW,0,1000,100,1100,False,RULE_BASED_ESTIMATE,True,False,True,True,FEASIBLE_WITH_REVIEW,,SUPPLIER_REVIEW_REQUIRED_WITH_SUPPLIER_CHANGE; PHASE4_FINAL_POLICY_REVIEW_REQUIRED; FORECAST_CONFIDENCE_LOW,Scenario FAST_RELIABLE_SUPPLIER__SPLIT_DELIVERY scored with FEASIBLE_WITH_REVIEW feasibility.
SKU-BAT-008,Lithium Coin Battery CR2032,Electronics,SKU-BAT-008-SCN-016,INCREASE_BUFFER__FAST_RELIABLE_SUPPLIER__SPLIT_DELIVERY,16,3,INCREASE_BUFFER,FAST_RELIABLE_SUPPLIER,SPLIT_DELIVERY,CURRENT_ORDER_CAP,NO_EXPIRY_ACTION,CURRENT_WAREHOUSE_PLAN,0.98,77.05,136.85,400.0,182.41,18.0,2.0,5579.1,220.32,0.0,315.9,0.0,0.0,0.0,32.6,4.48,5.7,93.75,1000,0,0,10.0,0,6158.11,1193.75,0.0,7351.86,7351.86,0.0,True,PENALTY_ADJUSTED_TOTAL_COST,0.1624,False,Operational cost plus review-required penalty; review penalty is not direct operating cost.,"Severity-based penalty used: hard blockers=0, major risks=0, review-required=2, soft warnings=1. Reasons: SUPPLIER_REVIEW_REQUIRED_WITH_SUPPLIER_CHANGE; PHASE4_FINAL_POLICY_WITHOUT_REVIEW; FORECAST_CONFIDENCE_LOW",0,0,2,1,REVIEW_REQUIRED,,,SUPPLIER_REVIEW_REQUIRED_WITH_SUPPLIER_CHANGE; PHASE4_FINAL_POLICY_WITHOUT_REVIEW,FORECAST_CONFIDENCE_LOW,0,1000,100,1100,False,RULE_BASED_ESTIMATE,True,False,True,True,FEASIBLE_WITH_REVIEW,,SUPPLIER_REVIEW_REQUIRED_WITH_SUPPLIER_CHANGE; PHASE4_FINAL_POLICY_WITHOUT_REVIEW; FORECAST_CONFIDENCE_LOW,Scenario INCREASE_BUFFER__FAST_RELIABLE_SUPPLIER__SPLIT_DELIVERY scored with FEASIBLE_WITH_REVIEW feasibility.
SKU-BAT-008,Lithium Coin Battery CR2032,Electronics,SKU-BAT-008-SCN-017,BALANCED_SUPPLIER__SPLIT_DELIVERY,17,2,CURRENT_BUFFER,BALANCED_SUPPLIER,SPLIT_DELIVERY,CURRENT_ORDER_CAP,NO_EXPIRY_ACTION,CURRENT_WAREHOUSE_PLAN,0.98,67.0,119.0,400.0,182.41,18.0,2.0,5224.07,220.32,0.0,752.15,0.0,0.0,0.0,40.76,4.48,5.7,93.75,1000,0,0,10.0,0,6247.47,1193.75,0.0,7441.22,7441.22,0.0,True,PENALTY_ADJUSTED_TOTAL_COST,0.1604,False,Operational cost plus review-required penalty; review penalty is not direct operating cost.,"Severity-based penalty used: hard blockers=0, major risks=0, review-required=2, soft warnings=1. Reasons: SUPPLIER_REVIEW_REQUIRED_WITH_SUPPLIER_CHANGE; PHASE4_FINAL_POLICY_REVIEW_REQUIRED; FORECAST_CONFIDENCE_LOW",0,0,2,1,REVIEW_REQUIRED,,,SUPPLIER_REVIEW_REQUIRED_WITH_SUPPLIER_CHANGE; PHASE4_FINAL_POLICY_REVIEW_REQUIRED,FORECAST_CONFIDENCE_LOW,0,1000,100,1100,False,RULE_BASED_ESTIMATE,True,False,True,True,FEASIBLE_WITH_REVIEW,,SUPPLIER_REVIEW_REQUIRED_WITH_SUPPLIER_CHANGE; PHASE4_FINAL_POLICY_REVIEW_REQUIRED; FORECAST_CONFIDENCE_LOW,Scenario BALANCED_SUPPLIER__SPLIT_DELIVERY scored with FEASIBLE_WITH_REVIEW feasibility.
SKU-FIL-009,Replacement Water Filter,Home,SKU-FIL-009-SCN-001,CURRENT_POLICY,1,0,CURRENT_BUFFER,CURRENT_SUPPLIER,NORMAL_DELIVERY,CURRENT_ORDER_CAP,NO_EXPIRY_ACTION,CURRENT_WAREHOUSE_PLAN,0.9,11.0,25.0,0.0,10.94,13.0,2.0,0.0,0.0,206.11,0.0,425.0,0.0,0.0,0.0,12.44,2.76,0.0,500,0,0,10.0,0,646.31,700.0,0.0,1346.31,1346.31,0.0,True,PENALTY_ADJUSTED_TOTAL_COST,0.5199,True,Operational cost plus review-required penalty; review penalty is not direct operating cost.,"Severity-based penalty used: hard blockers=0, major risks=0, review-required=1, soft warnings=2. Reasons: PHASE4_FINAL_POLICY_REVIEW_REQUIRED; SUPPLIER_RISK_REMAINS; FORECAST_CONFIDENCE_LOW",0,0,1,2,REVIEW_REQUIRED,,,PHASE4_FINAL_POLICY_REVIEW_REQUIRED,SUPPLIER_RISK_REMAINS; FORECAST_CONFIDENCE_LOW,0,500,200,700,False,RULE_BASED_ESTIMATE,True,False,True,True,FEASIBLE_WITH_REVIEW,,PHASE4_FINAL_POLICY_REVIEW_REQUIRED; SUPPLIER_RISK_REMAINS; FORECAST_CONFIDENCE_LOW,Scenario CURRENT_POLICY scored with FEASIBLE_WITH_REVIEW feasibility.
SKU-FIL-009,Replacement Water Filter,Home,SKU-FIL-009-SCN-002,DECREASE_BUFFER,2,1,DECREASE_BUFFER,CURRENT_SUPPLIER,NORMAL_DELIVERY,CURRENT_ORDER_CAP,NO_EXPIRY_ACTION,CURRENT_WAREHOUSE_PLAN,0.88,9.35,22.43,0.0,10.94,13.0,2.0,0.0,0.0,175.19,0.0,318.75,0.0,0.0,0.0,12.44,2.76,0.0,500,0,0,10.0,0,509.14,700.0,0.0,1209.14,1209.14,0.0,True,PENALTY_ADJUSTED_TOTAL_COST,0.5789,True,Operational cost plus review-required penalty; review penalty is not direct operating cost.,"Severity-based penalty used: hard blockers=0, major risks=0, review-required=1, soft warnings=2. Reasons: PHASE4_FINAL_POLICY_WITHOUT_REVIEW; SUPPLIER_RISK_REMAINS; FORECAST_CONFIDENCE_LOW",0,0,1,2,REVIEW_REQUIRED,,,PHASE4_FINAL_POLICY_WITHOUT_REVIEW,SUPPLIER_RISK_REMAINS; FORECAST_CONFIDENCE_LOW,0,500,200,700,False,RULE_BASED_ESTIMATE,True,False,True,True,FEASIBLE_WITH_REVIEW,,PHASE4_FINAL_POLICY_WITHOUT_REVIEW; SUPPLIER_RISK_REMAINS; FORECAST_CONFIDENCE_LOW,Scenario DECREASE_BUFFER scored with FEASIBLE_WITH_REVIEW feasibility.
SKU-FIL-009,Replacement Water Filter,Home,SKU-FIL-009-SCN-003,MINIMUM_SAFE_BUFFER,3,1,MINIMUM_SAFE_BUFFER,CURRENT_SUPPLIER,NORMAL_DELIVERY,CURRENT_ORDER_CAP,NO_EXPIRY_ACTION,CURRENT_WAREHOUSE_PLAN,0.9,8.25,21.33,0.0,10.94,13.0,2.0,0.0,0.0,175.19,0.0,318.75,0.0,0.0,0.0,12.44,2.76,0.0,500,0,0,10.0,0,509.14,700.0,0.0,1209.14,1209.14,0.0,True,PENALTY_ADJUSTED_TOTAL_COST,0.5789,True,Operational cost plus review-required penalty; review penalty is not direct operating cost.,"Severity-based penalty used: hard blockers=0, major risks=0, review-required=1, soft warnings=2. Reasons: PHASE4_FINAL_POLICY_WITHOUT_REVIEW; SUPPLIER_RISK_REMAINS; FORECAST_CONFIDENCE_LOW",0,0,1,2,REVIEW_REQUIRED,,,PHASE4_FINAL_POLICY_WITHOUT_REVIEW,SUPPLIER_RISK_REMAINS; FORECAST_CONFIDENCE_LOW,0,500,200,700,False,RULE_BASED_ESTIMATE,True,False,True,True,FEASIBLE_WITH_REVIEW,,PHASE4_FINAL_POLICY_WITHOUT_REVIEW; SUPPLIER_RISK_REMAINS; FORECAST_CONFIDENCE_LOW,Scenario MINIMUM_SAFE_BUFFER scored with FEASIBLE_WITH_REVIEW feasibility.
SKU-FIL-009,Replacement Water Filter,Home,SKU-FIL-009-SCN-004,FAST_RELIABLE_SUPPLIER,4,1,CURRENT_BUFFER,FAST_RELIABLE_SUPPLIER,NORMAL_DELIVERY,CURRENT_ORDER_CAP,NO_EXPIRY_ACTION,CURRENT_WAREHOUSE_PLAN,0.9,11.0,25.0,0.0,10.94,13.0,2.0,0.0,0.0,206.11,0.0,425.0,0.0,0.0,0.0,12.44,2.76,0.0,1000,0,0,10.0,0,646.31,1100.0,0.0,1746.31,1746.31,0.0,True,PENALTY_ADJUSTED_TOTAL_COST,0.6299,True,Operational cost plus review-required penalty; review penalty is not direct operating cost.,"Severity-based penalty used: hard blockers=0, major risks=0, review-required=2, soft warnings=1. Reasons: SUPPLIER_REVIEW_REQUIRED_WITH_SUPPLIER_CHANGE; PHASE4_FINAL_POLICY_REVIEW_REQUIRED; FORECAST_CONFIDENCE_LOW",0,0,2,1,REVIEW_REQUIRED,,,SUPPLIER_REVIEW_REQUIRED_WITH_SUPPLIER_CHANGE; PHASE4_FINAL_POLICY_REVIEW_REQUIRED,FORECAST_CONFIDENCE_LOW,0,1000,100,1100,False,RULE_BASED_ESTIMATE,True,False,True,True,FEASIBLE_WITH_REVIEW,,SUPPLIER_REVIEW_REQUIRED_WITH_SUPPLIER_CHANGE; PHASE4_FINAL_POLICY_REVIEW_REQUIRED; FORECAST_CONFIDENCE_LOW,Scenario FAST_RELIABLE_SUPPLIER scored with FEASIBLE_WITH_REVIEW feasibility.
SKU-FIL-009,Replacement Water Filter,Home,SKU-FIL-009-SCN-005,MOST_RELIABLE_SUPPLIER,5,1,CURRENT_BUFFER,MOST_RELIABLE_SUPPLIER,NORMAL_DELIVERY,CURRENT_ORDER_CAP,NO_EXPIRY_ACTION,CURRENT_WAREHOUSE_PLAN,0.9,11.0,25.0,0.0,10.94,13.0,2.0,0.0,0.0,206.11,0.0,425.0,0.0,0.0,0.0,12.44,2.76,0.0,1000,0,0,10.0,0,646.31,1100.0,0.0,1746.31,1746.31,0.0,True,PENALTY_ADJUSTED_TOTAL_COST,0.6299,True,Operational cost plus review-required penalty; review penalty is not direct operating cost.,"Severity-based penalty used: hard blockers=0, major risks=0, review-required=2, soft warnings=1. Reasons: SUPPLIER_REVIEW_REQUIRED_WITH_SUPPLIER_CHANGE; PHASE4_FINAL_POLICY_REVIEW_REQUIRED; FORECAST_CONFIDENCE_LOW",0,0,2,1,REVIEW_REQUIRED,,,SUPPLIER_REVIEW_REQUIRED_WITH_SUPPLIER_CHANGE; PHASE4_FINAL_POLICY_REVIEW_REQUIRED,FORECAST_CONFIDENCE_LOW,0,1000,100,1100,False,RULE_BASED_ESTIMATE,True,False,True,True,FEASIBLE_WITH_REVIEW,,SUPPLIER_REVIEW_REQUIRED_WITH_SUPPLIER_CHANGE; PHASE4_FINAL_POLICY_REVIEW_REQUIRED; FORECAST_CONFIDENCE_LOW,Scenario MOST_RELIABLE_SUPPLIER scored with FEASIBLE_WITH_REVIEW feasibility.
SKU-FIL-009,Replacement Water Filter,Home,SKU-FIL-009-SCN-006,BALANCED_SUPPLIER,6,1,CURRENT_BUFFER,BALANCED_SUPPLIER,NORMAL_DELIVERY,CURRENT_ORDER_CAP,NO_EXPIRY_ACTION,CURRENT_WAREHOUSE_PLAN,0.9,11.0,25.0,0.0,10.94,13.0,2.0,0.0,0.0,206.11,0.0,425.0,0.0,0.0,0.0,12.44,2.76,0.0,1000,0,0,10.0,0,646.31,1100.0,0.0,1746.31,1746.31,0.0,True,PENALTY_ADJUSTED_TOTAL_COST,0.6299,True,Operational cost plus review-required penalty; review penalty is not direct operating cost.,"Severity-based penalty used: hard blockers=0, major risks=0, review-required=2, soft warnings=1. Reasons: SUPPLIER_REVIEW_REQUIRED_WITH_SUPPLIER_CHANGE; PHASE4_FINAL_POLICY_REVIEW_REQUIRED; FORECAST_CONFIDENCE_LOW",0,0,2,1,REVIEW_REQUIRED,,,SUPPLIER_REVIEW_REQUIRED_WITH_SUPPLIER_CHANGE; PHASE4_FINAL_POLICY_REVIEW_REQUIRED,FORECAST_CONFIDENCE_LOW,0,1000,100,1100,False,RULE_BASED_ESTIMATE,True,False,True,True,FEASIBLE_WITH_REVIEW,,SUPPLIER_REVIEW_REQUIRED_WITH_SUPPLIER_CHANGE; PHASE4_FINAL_POLICY_REVIEW_REQUIRED; FORECAST_CONFIDENCE_LOW,Scenario BALANCED_SUPPLIER scored with FEASIBLE_WITH_REVIEW feasibility.
SKU-FIL-009,Replacement Water Filter,Home,SKU-FIL-009-SCN-007,SUPPLIER_REVIEW_ONLY,7,1,CURRENT_BUFFER,SUPPLIER_REVIEW_ONLY,NORMAL_DELIVERY,CURRENT_ORDER_CAP,NO_EXPIRY_ACTION,CURRENT_WAREHOUSE_PLAN,0.9,11.0,25.0,0.0,10.94,13.0,2.0,0.0,0.0,206.11,0.0,425.0,0.0,0.0,0.0,12.44,2.76,0.0,1000,0,0,10.0,0,646.31,1200.0,0.0,1846.31,1846.31,0.0,True,PENALTY_ADJUSTED_TOTAL_COST,0.6499,True,Operational cost plus review-required penalty; review penalty is not direct operating cost.,"Severity-based penalty used: hard blockers=0, major risks=0, review-required=2, soft warnings=2. Reasons: PHASE4_FINAL_POLICY_REVIEW_REQUIRED; SUPPLIER_REVIEW_ONLY_SELECTED; SUPPLIER_RISK_REMAINS; FORECAST_CONFIDENCE_LOW",0,0,2,2,REVIEW_REQUIRED,,,PHASE4_FINAL_POLICY_REVIEW_REQUIRED; SUPPLIER_REVIEW_ONLY_SELECTED,SUPPLIER_RISK_REMAINS; FORECAST_CONFIDENCE_LOW,0,1000,200,1200,False,RULE_BASED_ESTIMATE,True,False,True,True,FEASIBLE_WITH_REVIEW,,PHASE4_FINAL_POLICY_REVIEW_REQUIRED; SUPPLIER_REVIEW_ONLY_SELECTED; SUPPLIER_RISK_REMAINS; FORECAST_CONFIDENCE_LOW,Scenario SUPPLIER_REVIEW_ONLY scored with FEASIBLE_WITH_REVIEW feasibility.
SKU-FIL-009,Replacement Water Filter,Home,SKU-FIL-009-SCN-008,DELAY_NONURGENT_ORDER,8,1,CURRENT_BUFFER,CURRENT_SUPPLIER,DELAY_NONURGENT_ORDER,CURRENT_ORDER_CAP,NO_EXPIRY_ACTION,CURRENT_WAREHOUSE_PLAN,0.9,11.0,25.0,0.0,10.94,13.0,2.0,0.0,0.0,206.11,0.0,425.0,0.0,0.0,0.0,12.44,2.76,0.0,500,0,0,10.0,0,646.31,700.0,0.0,1346.31,1346.31,0.0,True,PENALTY_ADJUSTED_TOTAL_COST,0.5199,True,Operational cost plus review-required penalty; review penalty is not direct operating cost.,"Severity-based penalty used: hard blockers=0, major risks=0, review-required=1, soft warnings=2. Reasons: PHASE4_FINAL_POLICY_REVIEW_REQUIRED; SUPPLIER_RISK_REMAINS; FORECAST_CONFIDENCE_LOW",0,0,1,2,REVIEW_REQUIRED,,,PHASE4_FINAL_POLICY_REVIEW_REQUIRED,SUPPLIER_RISK_REMAINS; FORECAST_CONFIDENCE_LOW,0,500,200,700,False,RULE_BASED_ESTIMATE,True,False,True,True,FEASIBLE_WITH_REVIEW,,PHASE4_FINAL_POLICY_REVIEW_REQUIRED; SUPPLIER_RISK_REMAINS; FORECAST_CONFIDENCE_LOW,Scenario DELAY_NONURGENT_ORDER scored with FEASIBLE_WITH_REVIEW feasibility.
SKU-FIL-009,Replacement Water Filter,Home,SKU-FIL-009-SCN-009,TIGHTEN_ORDER_CAP,9,1,CURRENT_BUFFER,CURRENT_SUPPLIER,NORMAL_DELIVERY,TIGHTEN_ORDER_CAP,NO_EXPIRY_ACTION,CURRENT_WAREHOUSE_PLAN,0.9,11.0,25.0,0.0,8.21,13.0,2.0,0.0,0.0,206.11,0.0,425.0,0.0,0.0,0.0,12.44,2.76,0.0,500,0,0,10.0,0,646.31,700.0,0.0,1346.31,1346.31,0.0,True,PENALTY_ADJUSTED_TOTAL_COST,0.5199,True,Operational cost plus review-required penalty; review penalty is not direct operating cost.,"Severity-based penalty used: hard blockers=0, major risks=0, review-required=1, soft warnings=2. Reasons: PHASE4_FINAL_POLICY_WITHOUT_REVIEW; SUPPLIER_RISK_REMAINS; FORECAST_CONFIDENCE_LOW",0,0,1,2,REVIEW_REQUIRED,,,PHASE4_FINAL_POLICY_WITHOUT_REVIEW,SUPPLIER_RISK_REMAINS; FORECAST_CONFIDENCE_LOW,0,500,200,700,False,RULE_BASED_ESTIMATE,True,False,True,True,FEASIBLE_WITH_REVIEW,,PHASE4_FINAL_POLICY_WITHOUT_REVIEW; SUPPLIER_RISK_REMAINS; FORECAST_CONFIDENCE_LOW,Scenario TIGHTEN_ORDER_CAP scored with FEASIBLE_WITH_REVIEW feasibility.
SKU-FIL-009,Replacement Water Filter,Home,SKU-FIL-009-SCN-010,LIQUIDATE_DEAD_STOCK,10,1,CURRENT_BUFFER,CURRENT_SUPPLIER,NORMAL_DELIVERY,CURRENT_ORDER_CAP,LIQUIDATE_DEAD_STOCK,CURRENT_WAREHOUSE_PLAN,0.9,11.0,25.0,0.0,10.94,13.0,2.0,0.0,0.0,164.89,0.0,425.0,0.0,0.0,0.0,12.44,2.76,0.0,500,0,0,10.0,0,605.09,700.0,0.0,1305.09,1305.09,-0.0,True,PENALTY_ADJUSTED_TOTAL_COST,0.5364,True,Operational cost plus review-required penalty; review penalty is not direct operating cost.,"Severity-based penalty used: hard blockers=0, major risks=0, review-required=1, soft warnings=2. Reasons: PHASE4_FINAL_POLICY_REVIEW_REQUIRED; SUPPLIER_RISK_REMAINS; FORECAST_CONFIDENCE_LOW",0,0,1,2,REVIEW_REQUIRED,,,PHASE4_FINAL_POLICY_REVIEW_REQUIRED,SUPPLIER_RISK_REMAINS; FORECAST_CONFIDENCE_LOW,0,500,200,700,False,RULE_BASED_ESTIMATE,True,False,True,True,FEASIBLE_WITH_REVIEW,,PHASE4_FINAL_POLICY_REVIEW_REQUIRED; SUPPLIER_RISK_REMAINS; FORECAST_CONFIDENCE_LOW,Scenario LIQUIDATE_DEAD_STOCK scored with FEASIBLE_WITH_REVIEW feasibility.
SKU-FIL-009,Replacement Water Filter,Home,SKU-FIL-009-SCN-011,REVIEW_SLOT_LOCATION,11,1,CURRENT_BUFFER,CURRENT_SUPPLIER,NORMAL_DELIVERY,CURRENT_ORDER_CAP,NO_EXPIRY_ACTION,REVIEW_SLOT_LOCATION,0.9,11.0,25.0,0.0,10.94,13.0,2.0,0.0,0.0,206.11,0.0,425.0,0.0,0.0,0.0,12.44,2.07,0.0,1000,0,0,10.0,0,645.62,1200.0,0.0,1845.62,1845.62,0.0,True,PENALTY_ADJUSTED_TOTAL_COST,0.6502,True,Operational cost plus review-required penalty; review penalty is not direct operating cost.,"Severity-based penalty used: hard blockers=0, major risks=0, review-required=2, soft warnings=2. Reasons: PHASE4_FINAL_POLICY_REVIEW_REQUIRED; REVIEW_SLOT_LOCATION_REQUIRES_REVIEW; SUPPLIER_RISK_REMAINS; FORECAST_CONFIDENCE_LOW",0,0,2,2,REVIEW_REQUIRED,,,PHASE4_FINAL_POLICY_REVIEW_REQUIRED; REVIEW_SLOT_LOCATION_REQUIRES_REVIEW,SUPPLIER_RISK_REMAINS; FORECAST_CONFIDENCE_LOW,0,1000,200,1200,False,RULE_BASED_ESTIMATE,True,False,True,True,FEASIBLE_WITH_REVIEW,,PHASE4_FINAL_POLICY_REVIEW_REQUIRED; REVIEW_SLOT_LOCATION_REQUIRES_REVIEW; SUPPLIER_RISK_REMAINS; FORECAST_CONFIDENCE_LOW,Scenario REVIEW_SLOT_LOCATION scored with FEASIBLE_WITH_REVIEW feasibility.
SKU-FIL-009,Replacement Water Filter,Home,SKU-FIL-009-SCN-012,DECREASE_BUFFER__LIQUIDATE_DEAD_STOCK,12,2,DECREASE_BUFFER,CURRENT_SUPPLIER,NORMAL_DELIVERY,CURRENT_ORDER_CAP,LIQUIDATE_DEAD_STOCK,CURRENT_WAREHOUSE_PLAN,0.88,9.35,22.43,0.0,10.94,13.0,2.0,0.0,0.0,140.15,0.0,318.75,0.0,0.0,0.0,12.44,2.76,0.0,500,0,0,10.0,0,474.1,700.0,0.0,1174.1,1174.1,0.0,True,PENALTY_ADJUSTED_TOTAL_COST,0.5962,True,Operational cost plus review-required penalty; review penalty is not direct operating cost.,"Severity-based penalty used: hard blockers=0, major risks=0, review-required=1, soft warnings=2. Reasons: PHASE4_FINAL_POLICY_WITHOUT_REVIEW; SUPPLIER_RISK_REMAINS; FORECAST_CONFIDENCE_LOW",0,0,1,2,REVIEW_REQUIRED,,,PHASE4_FINAL_POLICY_WITHOUT_REVIEW,SUPPLIER_RISK_REMAINS; FORECAST_CONFIDENCE_LOW,0,500,200,700,False,RULE_BASED_ESTIMATE,True,False,True,True,FEASIBLE_WITH_REVIEW,,PHASE4_FINAL_POLICY_WITHOUT_REVIEW; SUPPLIER_RISK_REMAINS; FORECAST_CONFIDENCE_LOW,Scenario DECREASE_BUFFER__LIQUIDATE_DEAD_STOCK scored with FEASIBLE_WITH_REVIEW feasibility.
SKU-FIL-009,Replacement Water Filter,Home,SKU-FIL-009-SCN-013,MINIMUM_SAFE_BUFFER__TIGHTEN_ORDER_CAP,13,2,MINIMUM_SAFE_BUFFER,CURRENT_SUPPLIER,NORMAL_DELIVERY,TIGHTEN_ORDER_CAP,NO_EXPIRY_ACTION,CURRENT_WAREHOUSE_PLAN,0.9,8.25,21.33,0.0,8.21,13.0,2.0,0.0,0.0,175.19,0.0,318.75,0.0,0.0,0.0,12.44,2.76,0.0,500,0,0,10.0,0,509.14,700.0,0.0,1209.14,1209.14,0.0,True,PENALTY_ADJUSTED_TOTAL_COST,0.5789,True,Operational cost plus review-required penalty; review penalty is not direct operating cost.,"Severity-based penalty used: hard blockers=0, major risks=0, review-required=1, soft warnings=2. Reasons: PHASE4_FINAL_POLICY_WITHOUT_REVIEW; SUPPLIER_RISK_REMAINS; FORECAST_CONFIDENCE_LOW",0,0,1,2,REVIEW_REQUIRED,,,PHASE4_FINAL_POLICY_WITHOUT_REVIEW,SUPPLIER_RISK_REMAINS; FORECAST_CONFIDENCE_LOW,0,500,200,700,False,RULE_BASED_ESTIMATE,True,False,True,True,FEASIBLE_WITH_REVIEW,,PHASE4_FINAL_POLICY_WITHOUT_REVIEW; SUPPLIER_RISK_REMAINS; FORECAST_CONFIDENCE_LOW,Scenario MINIMUM_SAFE_BUFFER__TIGHTEN_ORDER_CAP scored with FEASIBLE_WITH_REVIEW feasibility.
SKU-GFT-010,Premium Gift Wrap Roll,Stationery,SKU-GFT-010-SCN-001,CURRENT_POLICY,1,0,CURRENT_BUFFER,CURRENT_SUPPLIER,NORMAL_DELIVERY,CURRENT_ORDER_CAP,NO_EXPIRY_ACTION,CURRENT_WAREHOUSE_PLAN,0.94,6.0,9.0,0.0,8.69,4.0,2.0,0.0,0.0,971.85,0.0,4256.0,0.0,0.0,0.0,44.64,8.45,0.0,0,0,0,10.0,0,5280.94,400.0,0.0,5680.94,5680.94,0.0,True,PENALTY_ADJUSTED_TOTAL_COST,0.0704,False,Operational cost plus severity-based risk/review/constraint penalties; not direct cash cost.,"Severity-based penalty used: hard blockers=0, major risks=0, review-required=0, soft warnings=4. Reasons: SUPPLIER_RISK_REMAINS; FORECAST_CONFIDENCE_LOW; TRAVEL_WARNING_REMAINS; Z_LEVEL_WARNING_REMAINS",0,0,0,4,SOFT_WARNING,,,,SUPPLIER_RISK_REMAINS; FORECAST_CONFIDENCE_LOW; TRAVEL_WARNING_REMAINS; Z_LEVEL_WARNING_REMAINS,0,0,400,400,False,RULE_BASED_ESTIMATE,True,False,True,False,BASELINE_ONLY,,SUPPLIER_RISK_REMAINS; FORECAST_CONFIDENCE_LOW; TRAVEL_WARNING_REMAINS; Z_LEVEL_WARNING_REMAINS,Scenario CURRENT_POLICY scored with BASELINE_ONLY feasibility.
SKU-GFT-010,Premium Gift Wrap Roll,Stationery,SKU-GFT-010-SCN-002,DECREASE_BUFFER,2,1,DECREASE_BUFFER,CURRENT_SUPPLIER,NORMAL_DELIVERY,CURRENT_ORDER_CAP,NO_EXPIRY_ACTION,CURRENT_WAREHOUSE_PLAN,0.92,5.1,7.87,0.0,8.69,4.0,2.0,0.0,0.0,826.07,0.0,3192.0,0.0,0.0,0.0,44.64,8.45,0.0,0,0,0,10.0,0,4071.16,400.0,0.0,4471.16,4471.16,0.0,True,PENALTY_ADJUSTED_TOTAL_COST,0.0895,False,Operational cost plus severity-based risk/review/constraint penalties; not direct cash cost.,"Severity-based penalty used: hard blockers=0, major risks=0, review-required=0, soft warnings=4. Reasons: SUPPLIER_RISK_REMAINS; FORECAST_CONFIDENCE_LOW; TRAVEL_WARNING_REMAINS; Z_LEVEL_WARNING_REMAINS",0,0,0,4,SOFT_WARNING,,,,SUPPLIER_RISK_REMAINS; FORECAST_CONFIDENCE_LOW; TRAVEL_WARNING_REMAINS; Z_LEVEL_WARNING_REMAINS,0,0,400,400,False,RULE_BASED_ESTIMATE,True,False,True,False,FEASIBLE,,SUPPLIER_RISK_REMAINS; FORECAST_CONFIDENCE_LOW; TRAVEL_WARNING_REMAINS; Z_LEVEL_WARNING_REMAINS,Scenario DECREASE_BUFFER scored with FEASIBLE feasibility.
SKU-GFT-010,Premium Gift Wrap Roll,Stationery,SKU-GFT-010-SCN-003,MINIMUM_SAFE_BUFFER,3,1,MINIMUM_SAFE_BUFFER,CURRENT_SUPPLIER,NORMAL_DELIVERY,CURRENT_ORDER_CAP,NO_EXPIRY_ACTION,CURRENT_WAREHOUSE_PLAN,0.94,4.5,7.27,0.0,8.69,4.0,2.0,0.0,0.0,826.07,0.0,3192.0,0.0,0.0,0.0,44.64,8.45,0.0,0,0,0,10.0,0,4071.16,400.0,0.0,4471.16,4471.16,0.0,True,PENALTY_ADJUSTED_TOTAL_COST,0.0895,False,Operational cost plus severity-based risk/review/constraint penalties; not direct cash cost.,"Severity-based penalty used: hard blockers=0, major risks=0, review-required=0, soft warnings=4. Reasons: SUPPLIER_RISK_REMAINS; FORECAST_CONFIDENCE_LOW; TRAVEL_WARNING_REMAINS; Z_LEVEL_WARNING_REMAINS",0,0,0,4,SOFT_WARNING,,,,SUPPLIER_RISK_REMAINS; FORECAST_CONFIDENCE_LOW; TRAVEL_WARNING_REMAINS; Z_LEVEL_WARNING_REMAINS,0,0,400,400,False,RULE_BASED_ESTIMATE,True,False,True,False,FEASIBLE,,SUPPLIER_RISK_REMAINS; FORECAST_CONFIDENCE_LOW; TRAVEL_WARNING_REMAINS; Z_LEVEL_WARNING_REMAINS,Scenario MINIMUM_SAFE_BUFFER scored with FEASIBLE feasibility.
SKU-GFT-010,Premium Gift Wrap Roll,Stationery,SKU-GFT-010-SCN-004,FAST_RELIABLE_SUPPLIER,4,1,CURRENT_BUFFER,FAST_RELIABLE_SUPPLIER,NORMAL_DELIVERY,CURRENT_ORDER_CAP,NO_EXPIRY_ACTION,CURRENT_WAREHOUSE_PLAN,0.94,6.0,9.0,0.0,8.69,4.0,2.0,0.0,0.0,971.85,0.0,4256.0,0.0,0.0,0.0,44.64,8.45,0.0,500,0,0,10.0,0,5280.94,800.0,0.0,6080.94,6080.94,0.0,True,PENALTY_ADJUSTED_TOTAL_COST,0.1316,False,Operational cost plus review-required penalty; review penalty is not direct operating cost.,"Severity-based penalty used: hard blockers=0, major risks=0, review-required=1, soft warnings=3. Reasons: SUPPLIER_REVIEW_REQUIRED_WITH_SUPPLIER_CHANGE; FORECAST_CONFIDENCE_LOW; TRAVEL_WARNING_REMAINS; Z_LEVEL_WARNING_REMAINS",0,0,1,3,REVIEW_REQUIRED,,,SUPPLIER_REVIEW_REQUIRED_WITH_SUPPLIER_CHANGE,FORECAST_CONFIDENCE_LOW; TRAVEL_WARNING_REMAINS; Z_LEVEL_WARNING_REMAINS,0,500,300,800,False,RULE_BASED_ESTIMATE,True,False,True,True,FEASIBLE_WITH_REVIEW,,SUPPLIER_REVIEW_REQUIRED_WITH_SUPPLIER_CHANGE; FORECAST_CONFIDENCE_LOW; TRAVEL_WARNING_REMAINS; Z_LEVEL_WARNING_REMAINS,Scenario FAST_RELIABLE_SUPPLIER scored with FEASIBLE_WITH_REVIEW feasibility.
SKU-GFT-010,Premium Gift Wrap Roll,Stationery,SKU-GFT-010-SCN-005,MOST_RELIABLE_SUPPLIER,5,1,CURRENT_BUFFER,MOST_RELIABLE_SUPPLIER,NORMAL_DELIVERY,CURRENT_ORDER_CAP,NO_EXPIRY_ACTION,CURRENT_WAREHOUSE_PLAN,0.94,6.0,9.0,0.0,8.69,4.0,2.0,0.0,0.0,971.85,0.0,4256.0,0.0,0.0,0.0,44.64,8.45,0.0,500,0,0,10.0,0,5280.94,800.0,0.0,6080.94,6080.94,0.0,True,PENALTY_ADJUSTED_TOTAL_COST,0.1316,False,Operational cost plus review-required penalty; review penalty is not direct operating cost.,"Severity-based penalty used: hard blockers=0, major risks=0, review-required=1, soft warnings=3. Reasons: SUPPLIER_REVIEW_REQUIRED_WITH_SUPPLIER_CHANGE; FORECAST_CONFIDENCE_LOW; TRAVEL_WARNING_REMAINS; Z_LEVEL_WARNING_REMAINS",0,0,1,3,REVIEW_REQUIRED,,,SUPPLIER_REVIEW_REQUIRED_WITH_SUPPLIER_CHANGE,FORECAST_CONFIDENCE_LOW; TRAVEL_WARNING_REMAINS; Z_LEVEL_WARNING_REMAINS,0,500,300,800,False,RULE_BASED_ESTIMATE,True,False,True,True,FEASIBLE_WITH_REVIEW,,SUPPLIER_REVIEW_REQUIRED_WITH_SUPPLIER_CHANGE; FORECAST_CONFIDENCE_LOW; TRAVEL_WARNING_REMAINS; Z_LEVEL_WARNING_REMAINS,Scenario MOST_RELIABLE_SUPPLIER scored with FEASIBLE_WITH_REVIEW feasibility.
SKU-GFT-010,Premium Gift Wrap Roll,Stationery,SKU-GFT-010-SCN-006,BALANCED_SUPPLIER,6,1,CURRENT_BUFFER,BALANCED_SUPPLIER,NORMAL_DELIVERY,CURRENT_ORDER_CAP,NO_EXPIRY_ACTION,CURRENT_WAREHOUSE_PLAN,0.94,6.0,9.0,0.0,8.69,4.0,2.0,0.0,0.0,971.85,0.0,4256.0,0.0,0.0,0.0,44.64,8.45,0.0,500,0,0,10.0,0,5280.94,800.0,0.0,6080.94,6080.94,0.0,True,PENALTY_ADJUSTED_TOTAL_COST,0.1316,False,Operational cost plus review-required penalty; review penalty is not direct operating cost.,"Severity-based penalty used: hard blockers=0, major risks=0, review-required=1, soft warnings=3. Reasons: SUPPLIER_REVIEW_REQUIRED_WITH_SUPPLIER_CHANGE; FORECAST_CONFIDENCE_LOW; TRAVEL_WARNING_REMAINS; Z_LEVEL_WARNING_REMAINS",0,0,1,3,REVIEW_REQUIRED,,,SUPPLIER_REVIEW_REQUIRED_WITH_SUPPLIER_CHANGE,FORECAST_CONFIDENCE_LOW; TRAVEL_WARNING_REMAINS; Z_LEVEL_WARNING_REMAINS,0,500,300,800,False,RULE_BASED_ESTIMATE,True,False,True,True,FEASIBLE_WITH_REVIEW,,SUPPLIER_REVIEW_REQUIRED_WITH_SUPPLIER_CHANGE; FORECAST_CONFIDENCE_LOW; TRAVEL_WARNING_REMAINS; Z_LEVEL_WARNING_REMAINS,Scenario BALANCED_SUPPLIER scored with FEASIBLE_WITH_REVIEW feasibility.
SKU-GFT-010,Premium Gift Wrap Roll,Stationery,SKU-GFT-010-SCN-007,SUPPLIER_REVIEW_ONLY,7,1,CURRENT_BUFFER,SUPPLIER_REVIEW_ONLY,NORMAL_DELIVERY,CURRENT_ORDER_CAP,NO_EXPIRY_ACTION,CURRENT_WAREHOUSE_PLAN,0.94,6.0,9.0,0.0,8.69,4.0,2.0,0.0,0.0,971.85,0.0,4256.0,0.0,0.0,0.0,44.64,8.45,0.0,500,0,0,10.0,0,5280.94,900.0,0.0,6180.94,6180.94,0.0,True,PENALTY_ADJUSTED_TOTAL_COST,0.1456,False,Operational cost plus review-required penalty; review penalty is not direct operating cost.,"Severity-based penalty used: hard blockers=0, major risks=0, review-required=1, soft warnings=4. Reasons: SUPPLIER_REVIEW_ONLY_SELECTED; SUPPLIER_RISK_REMAINS; FORECAST_CONFIDENCE_LOW; TRAVEL_WARNING_REMAINS; Z_LEVEL_WARNING_REMAINS",0,0,1,4,REVIEW_REQUIRED,,,SUPPLIER_REVIEW_ONLY_SELECTED,SUPPLIER_RISK_REMAINS; FORECAST_CONFIDENCE_LOW; TRAVEL_WARNING_REMAINS; Z_LEVEL_WARNING_REMAINS,0,500,400,900,False,RULE_BASED_ESTIMATE,True,False,True,True,FEASIBLE_WITH_REVIEW,,SUPPLIER_REVIEW_ONLY_SELECTED; SUPPLIER_RISK_REMAINS; FORECAST_CONFIDENCE_LOW; TRAVEL_WARNING_REMAINS; Z_LEVEL_WARNING_REMAINS,Scenario SUPPLIER_REVIEW_ONLY scored with FEASIBLE_WITH_REVIEW feasibility.
SKU-GFT-010,Premium Gift Wrap Roll,Stationery,SKU-GFT-010-SCN-008,DELAY_NONURGENT_ORDER,8,1,CURRENT_BUFFER,CURRENT_SUPPLIER,DELAY_NONURGENT_ORDER,CURRENT_ORDER_CAP,NO_EXPIRY_ACTION,CURRENT_WAREHOUSE_PLAN,0.94,6.0,9.0,0.0,8.69,4.0,2.0,0.0,0.0,971.85,0.0,4256.0,0.0,0.0,0.0,44.64,8.45,0.0,0,0,0,10.0,0,5280.94,400.0,0.0,5680.94,5680.94,0.0,True,PENALTY_ADJUSTED_TOTAL_COST,0.0704,False,Operational cost plus severity-based risk/review/constraint penalties; not direct cash cost.,"Severity-based penalty used: hard blockers=0, major risks=0, review-required=0, soft warnings=4. Reasons: SUPPLIER_RISK_REMAINS; FORECAST_CONFIDENCE_LOW; TRAVEL_WARNING_REMAINS; Z_LEVEL_WARNING_REMAINS",0,0,0,4,SOFT_WARNING,,,,SUPPLIER_RISK_REMAINS; FORECAST_CONFIDENCE_LOW; TRAVEL_WARNING_REMAINS; Z_LEVEL_WARNING_REMAINS,0,0,400,400,False,RULE_BASED_ESTIMATE,True,False,True,False,FEASIBLE,,SUPPLIER_RISK_REMAINS; FORECAST_CONFIDENCE_LOW; TRAVEL_WARNING_REMAINS; Z_LEVEL_WARNING_REMAINS,Scenario DELAY_NONURGENT_ORDER scored with FEASIBLE feasibility.
SKU-GFT-010,Premium Gift Wrap Roll,Stationery,SKU-GFT-010-SCN-009,TIGHTEN_ORDER_CAP,9,1,CURRENT_BUFFER,CURRENT_SUPPLIER,NORMAL_DELIVERY,TIGHTEN_ORDER_CAP,NO_EXPIRY_ACTION,CURRENT_WAREHOUSE_PLAN,0.94,6.0,9.0,0.0,6.52,4.0,2.0,0.0,0.0,971.85,0.0,4256.0,0.0,0.0,0.0,44.64,8.45,0.0,0,0,0,10.0,0,5280.94,400.0,0.0,5680.94,5680.94,0.0,True,PENALTY_ADJUSTED_TOTAL_COST,0.0704,False,Operational cost plus severity-based risk/review/constraint penalties; not direct cash cost.,"Severity-based penalty used: hard blockers=0, major risks=0, review-required=0, soft warnings=4. Reasons: SUPPLIER_RISK_REMAINS; FORECAST_CONFIDENCE_LOW; TRAVEL_WARNING_REMAINS; Z_LEVEL_WARNING_REMAINS",0,0,0,4,SOFT_WARNING,,,,SUPPLIER_RISK_REMAINS; FORECAST_CONFIDENCE_LOW; TRAVEL_WARNING_REMAINS; Z_LEVEL_WARNING_REMAINS,0,0,400,400,False,RULE_BASED_ESTIMATE,True,False,True,False,FEASIBLE,,SUPPLIER_RISK_REMAINS; FORECAST_CONFIDENCE_LOW; TRAVEL_WARNING_REMAINS; Z_LEVEL_WARNING_REMAINS,Scenario TIGHTEN_ORDER_CAP scored with FEASIBLE feasibility.
SKU-GFT-010,Premium Gift Wrap Roll,Stationery,SKU-GFT-010-SCN-010,LIQUIDATE_DEAD_STOCK,10,1,CURRENT_BUFFER,CURRENT_SUPPLIER,NORMAL_DELIVERY,CURRENT_ORDER_CAP,LIQUIDATE_DEAD_STOCK,CURRENT_WAREHOUSE_PLAN,0.94,6.0,9.0,0.0,8.69,4.0,2.0,0.0,0.0,777.48,0.0,4256.0,0.0,0.0,0.0,44.64,8.45,0.0,0,0,0,10.0,0,5086.57,400.0,0.0,5486.57,5486.57,0.0,True,PENALTY_ADJUSTED_TOTAL_COST,0.0729,False,Operational cost plus severity-based risk/review/constraint penalties; not direct cash cost.,"Severity-based penalty used: hard blockers=0, major risks=0, review-required=0, soft warnings=4. Reasons: SUPPLIER_RISK_REMAINS; FORECAST_CONFIDENCE_LOW; TRAVEL_WARNING_REMAINS; Z_LEVEL_WARNING_REMAINS",0,0,0,4,SOFT_WARNING,,,,SUPPLIER_RISK_REMAINS; FORECAST_CONFIDENCE_LOW; TRAVEL_WARNING_REMAINS; Z_LEVEL_WARNING_REMAINS,0,0,400,400,False,RULE_BASED_ESTIMATE,True,False,True,False,FEASIBLE,,SUPPLIER_RISK_REMAINS; FORECAST_CONFIDENCE_LOW; TRAVEL_WARNING_REMAINS; Z_LEVEL_WARNING_REMAINS,Scenario LIQUIDATE_DEAD_STOCK scored with FEASIBLE feasibility.
SKU-GFT-010,Premium Gift Wrap Roll,Stationery,SKU-GFT-010-SCN-011,REVIEW_TRAVEL_DISTANCE,11,1,CURRENT_BUFFER,CURRENT_SUPPLIER,NORMAL_DELIVERY,CURRENT_ORDER_CAP,NO_EXPIRY_ACTION,REVIEW_TRAVEL_DISTANCE,0.94,6.0,9.0,0.0,8.69,4.0,2.0,0.0,0.0,971.85,0.0,4256.0,0.0,0.0,0.0,44.64,6.34,0.0,500,0,0,10.0,0,5278.83,800.0,0.0,6078.83,6078.83,0.0,True,PENALTY_ADJUSTED_TOTAL_COST,0.1316,False,Operational cost plus review-required penalty; review penalty is not direct operating cost.,"Severity-based penalty used: hard blockers=0, major risks=0, review-required=1, soft warnings=3. Reasons: REVIEW_TRAVEL_DISTANCE_REQUIRES_REVIEW; SUPPLIER_RISK_REMAINS; FORECAST_CONFIDENCE_LOW; Z_LEVEL_WARNING_REMAINS",0,0,1,3,REVIEW_REQUIRED,,,REVIEW_TRAVEL_DISTANCE_REQUIRES_REVIEW,SUPPLIER_RISK_REMAINS; FORECAST_CONFIDENCE_LOW; Z_LEVEL_WARNING_REMAINS,0,500,300,800,False,RULE_BASED_ESTIMATE,True,False,True,True,FEASIBLE_WITH_REVIEW,,REVIEW_TRAVEL_DISTANCE_REQUIRES_REVIEW; SUPPLIER_RISK_REMAINS; FORECAST_CONFIDENCE_LOW; Z_LEVEL_WARNING_REMAINS,Scenario REVIEW_TRAVEL_DISTANCE scored with FEASIBLE_WITH_REVIEW feasibility.
SKU-GFT-010,Premium Gift Wrap Roll,Stationery,SKU-GFT-010-SCN-012,REVIEW_SLOT_LOCATION,12,1,CURRENT_BUFFER,CURRENT_SUPPLIER,NORMAL_DELIVERY,CURRENT_ORDER_CAP,NO_EXPIRY_ACTION,REVIEW_SLOT_LOCATION,0.94,6.0,9.0,0.0,8.69,4.0,2.0,0.0,0.0,971.85,0.0,4256.0,0.0,0.0,0.0,44.64,6.34,0.0,500,0,0,10.0,0,5278.83,800.0,0.0,6078.83,6078.83,0.0,True,PENALTY_ADJUSTED_TOTAL_COST,0.1316,False,Operational cost plus review-required penalty; review penalty is not direct operating cost.,"Severity-based penalty used: hard blockers=0, major risks=0, review-required=1, soft warnings=3. Reasons: REVIEW_SLOT_LOCATION_REQUIRES_REVIEW; SUPPLIER_RISK_REMAINS; FORECAST_CONFIDENCE_LOW; Z_LEVEL_WARNING_REMAINS",0,0,1,3,REVIEW_REQUIRED,,,REVIEW_SLOT_LOCATION_REQUIRES_REVIEW,SUPPLIER_RISK_REMAINS; FORECAST_CONFIDENCE_LOW; Z_LEVEL_WARNING_REMAINS,0,500,300,800,False,RULE_BASED_ESTIMATE,True,False,True,True,FEASIBLE_WITH_REVIEW,,REVIEW_SLOT_LOCATION_REQUIRES_REVIEW; SUPPLIER_RISK_REMAINS; FORECAST_CONFIDENCE_LOW; Z_LEVEL_WARNING_REMAINS,Scenario REVIEW_SLOT_LOCATION scored with FEASIBLE_WITH_REVIEW feasibility.
SKU-GFT-010,Premium Gift Wrap Roll,Stationery,SKU-GFT-010-SCN-013,REVIEW_Z_LEVEL_ERGONOMICS,13,1,CURRENT_BUFFER,CURRENT_SUPPLIER,NORMAL_DELIVERY,CURRENT_ORDER_CAP,NO_EXPIRY_ACTION,REVIEW_Z_LEVEL_ERGONOMICS,0.94,6.0,9.0,0.0,8.69,4.0,2.0,0.0,0.0,971.85,0.0,4256.0,0.0,0.0,0.0,44.64,6.34,0.0,500,0,0,10.0,0,5278.83,800.0,0.0,6078.83,6078.83,0.0,True,PENALTY_ADJUSTED_TOTAL_COST,0.1316,False,Operational cost plus review-required penalty; review penalty is not direct operating cost.,"Severity-based penalty used: hard blockers=0, major risks=0, review-required=1, soft warnings=3. Reasons: REVIEW_Z_LEVEL_ERGONOMICS_REQUIRES_REVIEW; SUPPLIER_RISK_REMAINS; FORECAST_CONFIDENCE_LOW; TRAVEL_WARNING_REMAINS",0,0,1,3,REVIEW_REQUIRED,,,REVIEW_Z_LEVEL_ERGONOMICS_REQUIRES_REVIEW,SUPPLIER_RISK_REMAINS; FORECAST_CONFIDENCE_LOW; TRAVEL_WARNING_REMAINS,0,500,300,800,False,RULE_BASED_ESTIMATE,True,False,True,True,FEASIBLE_WITH_REVIEW,,REVIEW_Z_LEVEL_ERGONOMICS_REQUIRES_REVIEW; SUPPLIER_RISK_REMAINS; FORECAST_CONFIDENCE_LOW; TRAVEL_WARNING_REMAINS,Scenario REVIEW_Z_LEVEL_ERGONOMICS scored with FEASIBLE_WITH_REVIEW feasibility.
SKU-GFT-010,Premium Gift Wrap Roll,Stationery,SKU-GFT-010-SCN-014,DECREASE_BUFFER__LIQUIDATE_DEAD_STOCK,14,2,DECREASE_BUFFER,CURRENT_SUPPLIER,NORMAL_DELIVERY,CURRENT_ORDER_CAP,LIQUIDATE_DEAD_STOCK,CURRENT_WAREHOUSE_PLAN,0.92,5.1,7.87,0.0,8.69,4.0,2.0,0.0,0.0,660.86,0.0,3192.0,0.0,0.0,0.0,44.64,8.45,0.0,0,0,0,10.0,0,3905.95,400.0,0.0,4305.95,4305.95,0.0,True,PENALTY_ADJUSTED_TOTAL_COST,0.0929,False,Operational cost plus severity-based risk/review/constraint penalties; not direct cash cost.,"Severity-based penalty used: hard blockers=0, major risks=0, review-required=0, soft warnings=4. Reasons: SUPPLIER_RISK_REMAINS; FORECAST_CONFIDENCE_LOW; TRAVEL_WARNING_REMAINS; Z_LEVEL_WARNING_REMAINS",0,0,0,4,SOFT_WARNING,,,,SUPPLIER_RISK_REMAINS; FORECAST_CONFIDENCE_LOW; TRAVEL_WARNING_REMAINS; Z_LEVEL_WARNING_REMAINS,0,0,400,400,False,RULE_BASED_ESTIMATE,True,False,True,False,FEASIBLE,,SUPPLIER_RISK_REMAINS; FORECAST_CONFIDENCE_LOW; TRAVEL_WARNING_REMAINS; Z_LEVEL_WARNING_REMAINS,Scenario DECREASE_BUFFER__LIQUIDATE_DEAD_STOCK scored with FEASIBLE feasibility.
SKU-GFT-010,Premium Gift Wrap Roll,Stationery,SKU-GFT-010-SCN-015,MINIMUM_SAFE_BUFFER__TIGHTEN_ORDER_CAP,15,2,MINIMUM_SAFE_BUFFER,CURRENT_SUPPLIER,NORMAL_DELIVERY,TIGHTEN_ORDER_CAP,NO_EXPIRY_ACTION,CURRENT_WAREHOUSE_PLAN,0.94,4.5,7.27,0.0,6.52,4.0,2.0,0.0,0.0,826.07,0.0,3192.0,0.0,0.0,0.0,44.64,8.45,0.0,0,0,0,10.0,0,4071.16,400.0,0.0,4471.16,4471.16,0.0,True,PENALTY_ADJUSTED_TOTAL_COST,0.0895,False,Operational cost plus severity-based risk/review/constraint penalties; not direct cash cost.,"Severity-based penalty used: hard blockers=0, major risks=0, review-required=0, soft warnings=4. Reasons: SUPPLIER_RISK_REMAINS; FORECAST_CONFIDENCE_LOW; TRAVEL_WARNING_REMAINS; Z_LEVEL_WARNING_REMAINS",0,0,0,4,SOFT_WARNING,,,,SUPPLIER_RISK_REMAINS; FORECAST_CONFIDENCE_LOW; TRAVEL_WARNING_REMAINS; Z_LEVEL_WARNING_REMAINS,0,0,400,400,False,RULE_BASED_ESTIMATE,True,False,True,False,FEASIBLE,,SUPPLIER_RISK_REMAINS; FORECAST_CONFIDENCE_LOW; TRAVEL_WARNING_REMAINS; Z_LEVEL_WARNING_REMAINS,Scenario MINIMUM_SAFE_BUFFER__TIGHTEN_ORDER_CAP scored with FEASIBLE feasibility.
