review_item_id,planning_run_id,schedule_candidate_id,finished_sku,operation_id,wip_item_id,wip_buffer_id,issue_type,issue_severity,issue_description,recommended_review_action,auto_action_allowed,advisory_only_flag
WIP8D-REV-0001,PHASE4-MPS-20260711141513,PSC-SKU-BIKE-MT-001-20260629,SKU-BIKE-MT-001,MT-OP-010,,,CAPACITY_STILL_BLOCKED_AFTER_WIP,CRITICAL,Capacity remains blocked after WIP is considered.,REVIEW_CAPACITY_CONSTRAINT,False,True
WIP8D-REV-0002,PHASE4-MPS-20260711141513,PSC-SKU-BIKE-MT-001-20260629,SKU-BIKE-MT-001,MT-OP-010,,,MAINTENANCE_STILL_BLOCKED_AFTER_WIP,CRITICAL,Maintenance remains blocked after WIP is considered.,REVIEW_MAINTENANCE_BLOCKER,False,True
WIP8D-REV-0003,PHASE4-MPS-20260711141513,PSC-SKU-BIKE-MT-001-20260629,SKU-BIKE-MT-001,MT-OP-020,WIP-MT-FRAME-TO-FORK,BUF-MT-FRAME-FORK,WIP_SHORTAGE_SCHEDULE_RISK,HIGH,Accepted WIP does not cover the downstream operation requirement.,REVIEW_WIP_BUFFER_BUILD_PLAN,False,True
WIP8D-REV-0004,PHASE4-MPS-20260711141513,PSC-SKU-BIKE-MT-001-20260629,SKU-BIKE-MT-001,MT-OP-020,WIP-MT-FRAME-TO-FORK,BUF-MT-FRAME-FORK,MAINTENANCE_STILL_BLOCKED_AFTER_WIP,CRITICAL,Maintenance remains blocked after WIP is considered.,REVIEW_MAINTENANCE_BLOCKER,False,True
WIP8D-REV-0005,PHASE4-MPS-20260711141513,PSC-SKU-BIKE-MT-001-20260629,SKU-BIKE-MT-001,MT-OP-030,WIP-MT-FRAME-TO-WHEEL,BUF-MT-FRAME-WHEEL,WIP_SHORTAGE_SCHEDULE_RISK,HIGH,Accepted WIP does not cover the downstream operation requirement.,REVIEW_WIP_BUFFER_BUILD_PLAN,False,True
WIP8D-REV-0006,PHASE4-MPS-20260711141513,PSC-SKU-BIKE-MT-001-20260629,SKU-BIKE-MT-001,MT-OP-030,WIP-MT-FRAME-TO-WHEEL,BUF-MT-FRAME-WHEEL,CAPACITY_STILL_BLOCKED_AFTER_WIP,CRITICAL,Capacity remains blocked after WIP is considered.,REVIEW_CAPACITY_CONSTRAINT,False,True
WIP8D-REV-0007,PHASE4-MPS-20260711141513,PSC-SKU-BIKE-MT-001-20260629,SKU-BIKE-MT-001,MT-OP-030,WIP-MT-FRAME-TO-WHEEL,BUF-MT-FRAME-WHEEL,MAINTENANCE_STILL_BLOCKED_AFTER_WIP,CRITICAL,Maintenance remains blocked after WIP is considered.,REVIEW_MAINTENANCE_BLOCKER,False,True
WIP8D-REV-0008,PHASE4-MPS-20260711141513,PSC-SKU-BIKE-MT-001-20260629,SKU-BIKE-MT-001,MT-OP-040,WIP-MT-FRAME-TO-BRAKE,BUF-MT-FRAME-BRAKE,WIP_SHORTAGE_SCHEDULE_RISK,HIGH,Accepted WIP does not cover the downstream operation requirement.,REVIEW_WIP_BUFFER_BUILD_PLAN,False,True
WIP8D-REV-0009,PHASE4-MPS-20260711141513,PSC-SKU-BIKE-MT-001-20260629,SKU-BIKE-MT-001,MT-OP-040,WIP-MT-FRAME-TO-BRAKE,BUF-MT-FRAME-BRAKE,CAPACITY_STILL_BLOCKED_AFTER_WIP,CRITICAL,Capacity remains blocked after WIP is considered.,REVIEW_CAPACITY_CONSTRAINT,False,True
WIP8D-REV-0010,PHASE4-MPS-20260711141513,PSC-SKU-BIKE-MT-001-20260629,SKU-BIKE-MT-001,MT-OP-040,WIP-MT-FRAME-TO-BRAKE,BUF-MT-FRAME-BRAKE,MAINTENANCE_STILL_BLOCKED_AFTER_WIP,CRITICAL,Maintenance remains blocked after WIP is considered.,REVIEW_MAINTENANCE_BLOCKER,False,True
WIP8D-REV-0011,PHASE4-MPS-20260711141513,PSC-SKU-BIKE-MT-001-20260629,SKU-BIKE-MT-001,MT-OP-050,WIP-MT-FORK-READY,BUF-MT-FORK,WIP_SHORTAGE_SCHEDULE_RISK,HIGH,Accepted WIP does not cover the downstream operation requirement.,REVIEW_WIP_BUFFER_BUILD_PLAN,False,True
WIP8D-REV-0012,PHASE4-MPS-20260711141513,PSC-SKU-BIKE-MT-001-20260629,SKU-BIKE-MT-001,MT-OP-050,WIP-MT-FORK-READY,BUF-MT-FORK,CAPACITY_STILL_BLOCKED_AFTER_WIP,CRITICAL,Capacity remains blocked after WIP is considered.,REVIEW_CAPACITY_CONSTRAINT,False,True
WIP8D-REV-0013,PHASE4-MPS-20260711141513,PSC-SKU-BIKE-MT-001-20260629,SKU-BIKE-MT-001,MT-OP-050,WIP-MT-FORK-READY,BUF-MT-FORK,MAINTENANCE_STILL_BLOCKED_AFTER_WIP,CRITICAL,Maintenance remains blocked after WIP is considered.,REVIEW_MAINTENANCE_BLOCKER,False,True
WIP8D-REV-0014,PHASE4-MPS-20260711141513,PSC-SKU-BIKE-MT-001-20260629,SKU-BIKE-MT-001,MT-OP-050,WIP-MT-WHEEL-SET-READY,BUF-MT-WHEEL,CAPACITY_STILL_BLOCKED_AFTER_WIP,CRITICAL,Capacity remains blocked after WIP is considered.,REVIEW_CAPACITY_CONSTRAINT,False,True
WIP8D-REV-0015,PHASE4-MPS-20260711141513,PSC-SKU-BIKE-MT-001-20260629,SKU-BIKE-MT-001,MT-OP-050,WIP-MT-WHEEL-SET-READY,BUF-MT-WHEEL,MAINTENANCE_STILL_BLOCKED_AFTER_WIP,CRITICAL,Maintenance remains blocked after WIP is considered.,REVIEW_MAINTENANCE_BLOCKER,False,True
WIP8D-REV-0016,PHASE4-MPS-20260711141513,PSC-SKU-BIKE-MT-001-20260629,SKU-BIKE-MT-001,MT-OP-050,WIP-MT-BRAKE-SET-READY,BUF-MT-BRAKE,CAPACITY_STILL_BLOCKED_AFTER_WIP,CRITICAL,Capacity remains blocked after WIP is considered.,REVIEW_CAPACITY_CONSTRAINT,False,True
WIP8D-REV-0017,PHASE4-MPS-20260711141513,PSC-SKU-BIKE-MT-001-20260629,SKU-BIKE-MT-001,MT-OP-050,WIP-MT-BRAKE-SET-READY,BUF-MT-BRAKE,MAINTENANCE_STILL_BLOCKED_AFTER_WIP,CRITICAL,Maintenance remains blocked after WIP is considered.,REVIEW_MAINTENANCE_BLOCKER,False,True
WIP8D-REV-0018,PHASE4-MPS-20260711141513,PSC-SKU-BIKE-MT-001-20260629,SKU-BIKE-MT-001,MT-OP-060,WIP-MT-FINAL-ASSEMBLY-READY,BUF-MT-ASM,WIP_SHORTAGE_SCHEDULE_RISK,HIGH,Accepted WIP does not cover the downstream operation requirement.,REVIEW_WIP_BUFFER_BUILD_PLAN,False,True
WIP8D-REV-0019,PHASE4-MPS-20260711141513,PSC-SKU-BIKE-MT-001-20260629,SKU-BIKE-MT-001,MT-OP-060,WIP-MT-FINAL-ASSEMBLY-READY,BUF-MT-ASM,MAINTENANCE_STILL_BLOCKED_AFTER_WIP,CRITICAL,Maintenance remains blocked after WIP is considered.,REVIEW_MAINTENANCE_BLOCKER,False,True
WIP8D-REV-0020,PHASE4-MPS-20260711141513,PSC-SKU-BIKE-MT-001-20260629,SKU-BIKE-MT-001,MT-OP-070,WIP-MT-QC-PASSED,BUF-MT-QC,MAINTENANCE_STILL_BLOCKED_AFTER_WIP,CRITICAL,Maintenance remains blocked after WIP is considered.,REVIEW_MAINTENANCE_BLOCKER,False,True
WIP8D-REV-0021,PHASE4-MPS-20260711141513,PSC-SKU-BIKE-MT-001-20260706,SKU-BIKE-MT-001,MT-OP-010,,,CAPACITY_STILL_BLOCKED_AFTER_WIP,CRITICAL,Capacity remains blocked after WIP is considered.,REVIEW_CAPACITY_CONSTRAINT,False,True
WIP8D-REV-0022,PHASE4-MPS-20260711141513,PSC-SKU-BIKE-MT-001-20260706,SKU-BIKE-MT-001,MT-OP-010,,,MAINTENANCE_STILL_BLOCKED_AFTER_WIP,CRITICAL,Maintenance remains blocked after WIP is considered.,REVIEW_MAINTENANCE_BLOCKER,False,True
WIP8D-REV-0023,PHASE4-MPS-20260711141513,PSC-SKU-BIKE-MT-001-20260706,SKU-BIKE-MT-001,MT-OP-020,WIP-MT-FRAME-TO-FORK,BUF-MT-FRAME-FORK,WIP_SHORTAGE_SCHEDULE_RISK,HIGH,Accepted WIP does not cover the downstream operation requirement.,REVIEW_WIP_BUFFER_BUILD_PLAN,False,True
WIP8D-REV-0024,PHASE4-MPS-20260711141513,PSC-SKU-BIKE-MT-001-20260706,SKU-BIKE-MT-001,MT-OP-020,WIP-MT-FRAME-TO-FORK,BUF-MT-FRAME-FORK,CAPACITY_STILL_BLOCKED_AFTER_WIP,CRITICAL,Capacity remains blocked after WIP is considered.,REVIEW_CAPACITY_CONSTRAINT,False,True
WIP8D-REV-0025,PHASE4-MPS-20260711141513,PSC-SKU-BIKE-MT-001-20260706,SKU-BIKE-MT-001,MT-OP-020,WIP-MT-FRAME-TO-FORK,BUF-MT-FRAME-FORK,MAINTENANCE_STILL_BLOCKED_AFTER_WIP,CRITICAL,Maintenance remains blocked after WIP is considered.,REVIEW_MAINTENANCE_BLOCKER,False,True
WIP8D-REV-0026,PHASE4-MPS-20260711141513,PSC-SKU-BIKE-MT-001-20260706,SKU-BIKE-MT-001,MT-OP-030,WIP-MT-FRAME-TO-WHEEL,BUF-MT-FRAME-WHEEL,WIP_SHORTAGE_SCHEDULE_RISK,HIGH,Accepted WIP does not cover the downstream operation requirement.,REVIEW_WIP_BUFFER_BUILD_PLAN,False,True
WIP8D-REV-0027,PHASE4-MPS-20260711141513,PSC-SKU-BIKE-MT-001-20260706,SKU-BIKE-MT-001,MT-OP-030,WIP-MT-FRAME-TO-WHEEL,BUF-MT-FRAME-WHEEL,CAPACITY_STILL_BLOCKED_AFTER_WIP,CRITICAL,Capacity remains blocked after WIP is considered.,REVIEW_CAPACITY_CONSTRAINT,False,True
WIP8D-REV-0028,PHASE4-MPS-20260711141513,PSC-SKU-BIKE-MT-001-20260706,SKU-BIKE-MT-001,MT-OP-030,WIP-MT-FRAME-TO-WHEEL,BUF-MT-FRAME-WHEEL,MAINTENANCE_STILL_BLOCKED_AFTER_WIP,CRITICAL,Maintenance remains blocked after WIP is considered.,REVIEW_MAINTENANCE_BLOCKER,False,True
WIP8D-REV-0029,PHASE4-MPS-20260711141513,PSC-SKU-BIKE-MT-001-20260706,SKU-BIKE-MT-001,MT-OP-040,WIP-MT-FRAME-TO-BRAKE,BUF-MT-FRAME-BRAKE,WIP_SHORTAGE_SCHEDULE_RISK,HIGH,Accepted WIP does not cover the downstream operation requirement.,REVIEW_WIP_BUFFER_BUILD_PLAN,False,True
WIP8D-REV-0030,PHASE4-MPS-20260711141513,PSC-SKU-BIKE-MT-001-20260706,SKU-BIKE-MT-001,MT-OP-040,WIP-MT-FRAME-TO-BRAKE,BUF-MT-FRAME-BRAKE,CAPACITY_STILL_BLOCKED_AFTER_WIP,CRITICAL,Capacity remains blocked after WIP is considered.,REVIEW_CAPACITY_CONSTRAINT,False,True
WIP8D-REV-0031,PHASE4-MPS-20260711141513,PSC-SKU-BIKE-MT-001-20260706,SKU-BIKE-MT-001,MT-OP-040,WIP-MT-FRAME-TO-BRAKE,BUF-MT-FRAME-BRAKE,MAINTENANCE_STILL_BLOCKED_AFTER_WIP,CRITICAL,Maintenance remains blocked after WIP is considered.,REVIEW_MAINTENANCE_BLOCKER,False,True
WIP8D-REV-0032,PHASE4-MPS-20260711141513,PSC-SKU-BIKE-MT-001-20260706,SKU-BIKE-MT-001,MT-OP-050,WIP-MT-FORK-READY,BUF-MT-FORK,WIP_SHORTAGE_SCHEDULE_RISK,HIGH,Accepted WIP does not cover the downstream operation requirement.,REVIEW_WIP_BUFFER_BUILD_PLAN,False,True
WIP8D-REV-0033,PHASE4-MPS-20260711141513,PSC-SKU-BIKE-MT-001-20260706,SKU-BIKE-MT-001,MT-OP-050,WIP-MT-FORK-READY,BUF-MT-FORK,CAPACITY_STILL_BLOCKED_AFTER_WIP,CRITICAL,Capacity remains blocked after WIP is considered.,REVIEW_CAPACITY_CONSTRAINT,False,True
WIP8D-REV-0034,PHASE4-MPS-20260711141513,PSC-SKU-BIKE-MT-001-20260706,SKU-BIKE-MT-001,MT-OP-050,WIP-MT-FORK-READY,BUF-MT-FORK,MAINTENANCE_STILL_BLOCKED_AFTER_WIP,CRITICAL,Maintenance remains blocked after WIP is considered.,REVIEW_MAINTENANCE_BLOCKER,False,True
WIP8D-REV-0035,PHASE4-MPS-20260711141513,PSC-SKU-BIKE-MT-001-20260706,SKU-BIKE-MT-001,MT-OP-050,WIP-MT-WHEEL-SET-READY,BUF-MT-WHEEL,CAPACITY_STILL_BLOCKED_AFTER_WIP,CRITICAL,Capacity remains blocked after WIP is considered.,REVIEW_CAPACITY_CONSTRAINT,False,True
WIP8D-REV-0036,PHASE4-MPS-20260711141513,PSC-SKU-BIKE-MT-001-20260706,SKU-BIKE-MT-001,MT-OP-050,WIP-MT-WHEEL-SET-READY,BUF-MT-WHEEL,MAINTENANCE_STILL_BLOCKED_AFTER_WIP,CRITICAL,Maintenance remains blocked after WIP is considered.,REVIEW_MAINTENANCE_BLOCKER,False,True
WIP8D-REV-0037,PHASE4-MPS-20260711141513,PSC-SKU-BIKE-MT-001-20260706,SKU-BIKE-MT-001,MT-OP-050,WIP-MT-BRAKE-SET-READY,BUF-MT-BRAKE,CAPACITY_STILL_BLOCKED_AFTER_WIP,CRITICAL,Capacity remains blocked after WIP is considered.,REVIEW_CAPACITY_CONSTRAINT,False,True
WIP8D-REV-0038,PHASE4-MPS-20260711141513,PSC-SKU-BIKE-MT-001-20260706,SKU-BIKE-MT-001,MT-OP-050,WIP-MT-BRAKE-SET-READY,BUF-MT-BRAKE,MAINTENANCE_STILL_BLOCKED_AFTER_WIP,CRITICAL,Maintenance remains blocked after WIP is considered.,REVIEW_MAINTENANCE_BLOCKER,False,True
WIP8D-REV-0039,PHASE4-MPS-20260711141513,PSC-SKU-BIKE-MT-001-20260706,SKU-BIKE-MT-001,MT-OP-060,WIP-MT-FINAL-ASSEMBLY-READY,BUF-MT-ASM,WIP_SHORTAGE_SCHEDULE_RISK,HIGH,Accepted WIP does not cover the downstream operation requirement.,REVIEW_WIP_BUFFER_BUILD_PLAN,False,True
WIP8D-REV-0040,PHASE4-MPS-20260711141513,PSC-SKU-BIKE-MT-001-20260706,SKU-BIKE-MT-001,MT-OP-060,WIP-MT-FINAL-ASSEMBLY-READY,BUF-MT-ASM,CAPACITY_STILL_BLOCKED_AFTER_WIP,CRITICAL,Capacity remains blocked after WIP is considered.,REVIEW_CAPACITY_CONSTRAINT,False,True
WIP8D-REV-0041,PHASE4-MPS-20260711141513,PSC-SKU-BIKE-MT-001-20260706,SKU-BIKE-MT-001,MT-OP-060,WIP-MT-FINAL-ASSEMBLY-READY,BUF-MT-ASM,MAINTENANCE_STILL_BLOCKED_AFTER_WIP,CRITICAL,Maintenance remains blocked after WIP is considered.,REVIEW_MAINTENANCE_BLOCKER,False,True
WIP8D-REV-0042,PHASE4-MPS-20260711141513,PSC-SKU-BIKE-MT-001-20260706,SKU-BIKE-MT-001,MT-OP-070,WIP-MT-QC-PASSED,BUF-MT-QC,CAPACITY_STILL_BLOCKED_AFTER_WIP,CRITICAL,Capacity remains blocked after WIP is considered.,REVIEW_CAPACITY_CONSTRAINT,False,True
WIP8D-REV-0043,PHASE4-MPS-20260711141513,PSC-SKU-BIKE-MT-001-20260706,SKU-BIKE-MT-001,MT-OP-070,WIP-MT-QC-PASSED,BUF-MT-QC,MAINTENANCE_STILL_BLOCKED_AFTER_WIP,CRITICAL,Maintenance remains blocked after WIP is considered.,REVIEW_MAINTENANCE_BLOCKER,False,True
WIP8D-REV-0044,PHASE4-MPS-20260711141513,PSC-SKU-BIKE-MT-001-20260713,SKU-BIKE-MT-001,MT-OP-010,,,CAPACITY_STILL_BLOCKED_AFTER_WIP,CRITICAL,Capacity remains blocked after WIP is considered.,REVIEW_CAPACITY_CONSTRAINT,False,True
WIP8D-REV-0045,PHASE4-MPS-20260711141513,PSC-SKU-BIKE-MT-001-20260713,SKU-BIKE-MT-001,MT-OP-010,,,MAINTENANCE_STILL_BLOCKED_AFTER_WIP,CRITICAL,Maintenance remains blocked after WIP is considered.,REVIEW_MAINTENANCE_BLOCKER,False,True
WIP8D-REV-0046,PHASE4-MPS-20260711141513,PSC-SKU-BIKE-MT-001-20260713,SKU-BIKE-MT-001,MT-OP-020,WIP-MT-FRAME-TO-FORK,BUF-MT-FRAME-FORK,WIP_SHORTAGE_SCHEDULE_RISK,HIGH,Accepted WIP does not cover the downstream operation requirement.,REVIEW_WIP_BUFFER_BUILD_PLAN,False,True
WIP8D-REV-0047,PHASE4-MPS-20260711141513,PSC-SKU-BIKE-MT-001-20260713,SKU-BIKE-MT-001,MT-OP-020,WIP-MT-FRAME-TO-FORK,BUF-MT-FRAME-FORK,CAPACITY_STILL_BLOCKED_AFTER_WIP,CRITICAL,Capacity remains blocked after WIP is considered.,REVIEW_CAPACITY_CONSTRAINT,False,True
WIP8D-REV-0048,PHASE4-MPS-20260711141513,PSC-SKU-BIKE-MT-001-20260713,SKU-BIKE-MT-001,MT-OP-020,WIP-MT-FRAME-TO-FORK,BUF-MT-FRAME-FORK,MAINTENANCE_STILL_BLOCKED_AFTER_WIP,CRITICAL,Maintenance remains blocked after WIP is considered.,REVIEW_MAINTENANCE_BLOCKER,False,True
WIP8D-REV-0049,PHASE4-MPS-20260711141513,PSC-SKU-BIKE-MT-001-20260713,SKU-BIKE-MT-001,MT-OP-030,WIP-MT-FRAME-TO-WHEEL,BUF-MT-FRAME-WHEEL,WIP_SHORTAGE_SCHEDULE_RISK,HIGH,Accepted WIP does not cover the downstream operation requirement.,REVIEW_WIP_BUFFER_BUILD_PLAN,False,True
WIP8D-REV-0050,PHASE4-MPS-20260711141513,PSC-SKU-BIKE-MT-001-20260713,SKU-BIKE-MT-001,MT-OP-030,WIP-MT-FRAME-TO-WHEEL,BUF-MT-FRAME-WHEEL,CAPACITY_STILL_BLOCKED_AFTER_WIP,CRITICAL,Capacity remains blocked after WIP is considered.,REVIEW_CAPACITY_CONSTRAINT,False,True
WIP8D-REV-0051,PHASE4-MPS-20260711141513,PSC-SKU-BIKE-MT-001-20260713,SKU-BIKE-MT-001,MT-OP-030,WIP-MT-FRAME-TO-WHEEL,BUF-MT-FRAME-WHEEL,MAINTENANCE_STILL_BLOCKED_AFTER_WIP,CRITICAL,Maintenance remains blocked after WIP is considered.,REVIEW_MAINTENANCE_BLOCKER,False,True
WIP8D-REV-0052,PHASE4-MPS-20260711141513,PSC-SKU-BIKE-MT-001-20260713,SKU-BIKE-MT-001,MT-OP-040,WIP-MT-FRAME-TO-BRAKE,BUF-MT-FRAME-BRAKE,WIP_SHORTAGE_SCHEDULE_RISK,HIGH,Accepted WIP does not cover the downstream operation requirement.,REVIEW_WIP_BUFFER_BUILD_PLAN,False,True
WIP8D-REV-0053,PHASE4-MPS-20260711141513,PSC-SKU-BIKE-MT-001-20260713,SKU-BIKE-MT-001,MT-OP-040,WIP-MT-FRAME-TO-BRAKE,BUF-MT-FRAME-BRAKE,CAPACITY_STILL_BLOCKED_AFTER_WIP,CRITICAL,Capacity remains blocked after WIP is considered.,REVIEW_CAPACITY_CONSTRAINT,False,True
WIP8D-REV-0054,PHASE4-MPS-20260711141513,PSC-SKU-BIKE-MT-001-20260713,SKU-BIKE-MT-001,MT-OP-040,WIP-MT-FRAME-TO-BRAKE,BUF-MT-FRAME-BRAKE,MAINTENANCE_STILL_BLOCKED_AFTER_WIP,CRITICAL,Maintenance remains blocked after WIP is considered.,REVIEW_MAINTENANCE_BLOCKER,False,True
WIP8D-REV-0055,PHASE4-MPS-20260711141513,PSC-SKU-BIKE-MT-001-20260713,SKU-BIKE-MT-001,MT-OP-050,WIP-MT-FORK-READY,BUF-MT-FORK,WIP_SHORTAGE_SCHEDULE_RISK,HIGH,Accepted WIP does not cover the downstream operation requirement.,REVIEW_WIP_BUFFER_BUILD_PLAN,False,True
WIP8D-REV-0056,PHASE4-MPS-20260711141513,PSC-SKU-BIKE-MT-001-20260713,SKU-BIKE-MT-001,MT-OP-050,WIP-MT-FORK-READY,BUF-MT-FORK,CAPACITY_STILL_BLOCKED_AFTER_WIP,CRITICAL,Capacity remains blocked after WIP is considered.,REVIEW_CAPACITY_CONSTRAINT,False,True
WIP8D-REV-0057,PHASE4-MPS-20260711141513,PSC-SKU-BIKE-MT-001-20260713,SKU-BIKE-MT-001,MT-OP-050,WIP-MT-FORK-READY,BUF-MT-FORK,MAINTENANCE_STILL_BLOCKED_AFTER_WIP,CRITICAL,Maintenance remains blocked after WIP is considered.,REVIEW_MAINTENANCE_BLOCKER,False,True
WIP8D-REV-0058,PHASE4-MPS-20260711141513,PSC-SKU-BIKE-MT-001-20260713,SKU-BIKE-MT-001,MT-OP-050,WIP-MT-WHEEL-SET-READY,BUF-MT-WHEEL,CAPACITY_STILL_BLOCKED_AFTER_WIP,CRITICAL,Capacity remains blocked after WIP is considered.,REVIEW_CAPACITY_CONSTRAINT,False,True
WIP8D-REV-0059,PHASE4-MPS-20260711141513,PSC-SKU-BIKE-MT-001-20260713,SKU-BIKE-MT-001,MT-OP-050,WIP-MT-WHEEL-SET-READY,BUF-MT-WHEEL,MAINTENANCE_STILL_BLOCKED_AFTER_WIP,CRITICAL,Maintenance remains blocked after WIP is considered.,REVIEW_MAINTENANCE_BLOCKER,False,True
WIP8D-REV-0060,PHASE4-MPS-20260711141513,PSC-SKU-BIKE-MT-001-20260713,SKU-BIKE-MT-001,MT-OP-050,WIP-MT-BRAKE-SET-READY,BUF-MT-BRAKE,CAPACITY_STILL_BLOCKED_AFTER_WIP,CRITICAL,Capacity remains blocked after WIP is considered.,REVIEW_CAPACITY_CONSTRAINT,False,True
WIP8D-REV-0061,PHASE4-MPS-20260711141513,PSC-SKU-BIKE-MT-001-20260713,SKU-BIKE-MT-001,MT-OP-050,WIP-MT-BRAKE-SET-READY,BUF-MT-BRAKE,MAINTENANCE_STILL_BLOCKED_AFTER_WIP,CRITICAL,Maintenance remains blocked after WIP is considered.,REVIEW_MAINTENANCE_BLOCKER,False,True
WIP8D-REV-0062,PHASE4-MPS-20260711141513,PSC-SKU-BIKE-MT-001-20260713,SKU-BIKE-MT-001,MT-OP-060,WIP-MT-FINAL-ASSEMBLY-READY,BUF-MT-ASM,WIP_SHORTAGE_SCHEDULE_RISK,HIGH,Accepted WIP does not cover the downstream operation requirement.,REVIEW_WIP_BUFFER_BUILD_PLAN,False,True
WIP8D-REV-0063,PHASE4-MPS-20260711141513,PSC-SKU-BIKE-MT-001-20260713,SKU-BIKE-MT-001,MT-OP-060,WIP-MT-FINAL-ASSEMBLY-READY,BUF-MT-ASM,CAPACITY_STILL_BLOCKED_AFTER_WIP,CRITICAL,Capacity remains blocked after WIP is considered.,REVIEW_CAPACITY_CONSTRAINT,False,True
WIP8D-REV-0064,PHASE4-MPS-20260711141513,PSC-SKU-BIKE-MT-001-20260713,SKU-BIKE-MT-001,MT-OP-060,WIP-MT-FINAL-ASSEMBLY-READY,BUF-MT-ASM,MAINTENANCE_STILL_BLOCKED_AFTER_WIP,CRITICAL,Maintenance remains blocked after WIP is considered.,REVIEW_MAINTENANCE_BLOCKER,False,True
WIP8D-REV-0065,PHASE4-MPS-20260711141513,PSC-SKU-BIKE-MT-001-20260713,SKU-BIKE-MT-001,MT-OP-070,WIP-MT-QC-PASSED,BUF-MT-QC,CAPACITY_STILL_BLOCKED_AFTER_WIP,CRITICAL,Capacity remains blocked after WIP is considered.,REVIEW_CAPACITY_CONSTRAINT,False,True
WIP8D-REV-0066,PHASE4-MPS-20260711141513,PSC-SKU-BIKE-MT-001-20260713,SKU-BIKE-MT-001,MT-OP-070,WIP-MT-QC-PASSED,BUF-MT-QC,MAINTENANCE_STILL_BLOCKED_AFTER_WIP,CRITICAL,Maintenance remains blocked after WIP is considered.,REVIEW_MAINTENANCE_BLOCKER,False,True
WIP8D-REV-0067,PHASE4-MPS-20260711141513,PSC-SKU-BIKE-MT-001-20260720,SKU-BIKE-MT-001,MT-OP-010,,,CAPACITY_STILL_BLOCKED_AFTER_WIP,CRITICAL,Capacity remains blocked after WIP is considered.,REVIEW_CAPACITY_CONSTRAINT,False,True
WIP8D-REV-0068,PHASE4-MPS-20260711141513,PSC-SKU-BIKE-MT-001-20260720,SKU-BIKE-MT-001,MT-OP-010,,,MAINTENANCE_STILL_BLOCKED_AFTER_WIP,CRITICAL,Maintenance remains blocked after WIP is considered.,REVIEW_MAINTENANCE_BLOCKER,False,True
WIP8D-REV-0069,PHASE4-MPS-20260711141513,PSC-SKU-BIKE-MT-001-20260720,SKU-BIKE-MT-001,MT-OP-020,WIP-MT-FRAME-TO-FORK,BUF-MT-FRAME-FORK,WIP_SHORTAGE_SCHEDULE_RISK,HIGH,Accepted WIP does not cover the downstream operation requirement.,REVIEW_WIP_BUFFER_BUILD_PLAN,False,True
WIP8D-REV-0070,PHASE4-MPS-20260711141513,PSC-SKU-BIKE-MT-001-20260720,SKU-BIKE-MT-001,MT-OP-020,WIP-MT-FRAME-TO-FORK,BUF-MT-FRAME-FORK,CAPACITY_STILL_BLOCKED_AFTER_WIP,CRITICAL,Capacity remains blocked after WIP is considered.,REVIEW_CAPACITY_CONSTRAINT,False,True
WIP8D-REV-0071,PHASE4-MPS-20260711141513,PSC-SKU-BIKE-MT-001-20260720,SKU-BIKE-MT-001,MT-OP-020,WIP-MT-FRAME-TO-FORK,BUF-MT-FRAME-FORK,MAINTENANCE_STILL_BLOCKED_AFTER_WIP,CRITICAL,Maintenance remains blocked after WIP is considered.,REVIEW_MAINTENANCE_BLOCKER,False,True
WIP8D-REV-0072,PHASE4-MPS-20260711141513,PSC-SKU-BIKE-MT-001-20260720,SKU-BIKE-MT-001,MT-OP-030,WIP-MT-FRAME-TO-WHEEL,BUF-MT-FRAME-WHEEL,WIP_SHORTAGE_SCHEDULE_RISK,HIGH,Accepted WIP does not cover the downstream operation requirement.,REVIEW_WIP_BUFFER_BUILD_PLAN,False,True
WIP8D-REV-0073,PHASE4-MPS-20260711141513,PSC-SKU-BIKE-MT-001-20260720,SKU-BIKE-MT-001,MT-OP-030,WIP-MT-FRAME-TO-WHEEL,BUF-MT-FRAME-WHEEL,CAPACITY_STILL_BLOCKED_AFTER_WIP,CRITICAL,Capacity remains blocked after WIP is considered.,REVIEW_CAPACITY_CONSTRAINT,False,True
WIP8D-REV-0074,PHASE4-MPS-20260711141513,PSC-SKU-BIKE-MT-001-20260720,SKU-BIKE-MT-001,MT-OP-030,WIP-MT-FRAME-TO-WHEEL,BUF-MT-FRAME-WHEEL,MAINTENANCE_STILL_BLOCKED_AFTER_WIP,CRITICAL,Maintenance remains blocked after WIP is considered.,REVIEW_MAINTENANCE_BLOCKER,False,True
WIP8D-REV-0075,PHASE4-MPS-20260711141513,PSC-SKU-BIKE-MT-001-20260720,SKU-BIKE-MT-001,MT-OP-040,WIP-MT-FRAME-TO-BRAKE,BUF-MT-FRAME-BRAKE,WIP_SHORTAGE_SCHEDULE_RISK,HIGH,Accepted WIP does not cover the downstream operation requirement.,REVIEW_WIP_BUFFER_BUILD_PLAN,False,True
WIP8D-REV-0076,PHASE4-MPS-20260711141513,PSC-SKU-BIKE-MT-001-20260720,SKU-BIKE-MT-001,MT-OP-040,WIP-MT-FRAME-TO-BRAKE,BUF-MT-FRAME-BRAKE,CAPACITY_STILL_BLOCKED_AFTER_WIP,CRITICAL,Capacity remains blocked after WIP is considered.,REVIEW_CAPACITY_CONSTRAINT,False,True
WIP8D-REV-0077,PHASE4-MPS-20260711141513,PSC-SKU-BIKE-MT-001-20260720,SKU-BIKE-MT-001,MT-OP-040,WIP-MT-FRAME-TO-BRAKE,BUF-MT-FRAME-BRAKE,MAINTENANCE_STILL_BLOCKED_AFTER_WIP,CRITICAL,Maintenance remains blocked after WIP is considered.,REVIEW_MAINTENANCE_BLOCKER,False,True
WIP8D-REV-0078,PHASE4-MPS-20260711141513,PSC-SKU-BIKE-MT-001-20260720,SKU-BIKE-MT-001,MT-OP-050,WIP-MT-FORK-READY,BUF-MT-FORK,WIP_SHORTAGE_SCHEDULE_RISK,HIGH,Accepted WIP does not cover the downstream operation requirement.,REVIEW_WIP_BUFFER_BUILD_PLAN,False,True
WIP8D-REV-0079,PHASE4-MPS-20260711141513,PSC-SKU-BIKE-MT-001-20260720,SKU-BIKE-MT-001,MT-OP-050,WIP-MT-FORK-READY,BUF-MT-FORK,CAPACITY_STILL_BLOCKED_AFTER_WIP,CRITICAL,Capacity remains blocked after WIP is considered.,REVIEW_CAPACITY_CONSTRAINT,False,True
WIP8D-REV-0080,PHASE4-MPS-20260711141513,PSC-SKU-BIKE-MT-001-20260720,SKU-BIKE-MT-001,MT-OP-050,WIP-MT-FORK-READY,BUF-MT-FORK,MAINTENANCE_STILL_BLOCKED_AFTER_WIP,CRITICAL,Maintenance remains blocked after WIP is considered.,REVIEW_MAINTENANCE_BLOCKER,False,True
WIP8D-REV-0081,PHASE4-MPS-20260711141513,PSC-SKU-BIKE-MT-001-20260720,SKU-BIKE-MT-001,MT-OP-050,WIP-MT-WHEEL-SET-READY,BUF-MT-WHEEL,CAPACITY_STILL_BLOCKED_AFTER_WIP,CRITICAL,Capacity remains blocked after WIP is considered.,REVIEW_CAPACITY_CONSTRAINT,False,True
WIP8D-REV-0082,PHASE4-MPS-20260711141513,PSC-SKU-BIKE-MT-001-20260720,SKU-BIKE-MT-001,MT-OP-050,WIP-MT-WHEEL-SET-READY,BUF-MT-WHEEL,MAINTENANCE_STILL_BLOCKED_AFTER_WIP,CRITICAL,Maintenance remains blocked after WIP is considered.,REVIEW_MAINTENANCE_BLOCKER,False,True
WIP8D-REV-0083,PHASE4-MPS-20260711141513,PSC-SKU-BIKE-MT-001-20260720,SKU-BIKE-MT-001,MT-OP-050,WIP-MT-BRAKE-SET-READY,BUF-MT-BRAKE,CAPACITY_STILL_BLOCKED_AFTER_WIP,CRITICAL,Capacity remains blocked after WIP is considered.,REVIEW_CAPACITY_CONSTRAINT,False,True
WIP8D-REV-0084,PHASE4-MPS-20260711141513,PSC-SKU-BIKE-MT-001-20260720,SKU-BIKE-MT-001,MT-OP-050,WIP-MT-BRAKE-SET-READY,BUF-MT-BRAKE,MAINTENANCE_STILL_BLOCKED_AFTER_WIP,CRITICAL,Maintenance remains blocked after WIP is considered.,REVIEW_MAINTENANCE_BLOCKER,False,True
WIP8D-REV-0085,PHASE4-MPS-20260711141513,PSC-SKU-BIKE-MT-001-20260720,SKU-BIKE-MT-001,MT-OP-060,WIP-MT-FINAL-ASSEMBLY-READY,BUF-MT-ASM,WIP_SHORTAGE_SCHEDULE_RISK,HIGH,Accepted WIP does not cover the downstream operation requirement.,REVIEW_WIP_BUFFER_BUILD_PLAN,False,True
WIP8D-REV-0086,PHASE4-MPS-20260711141513,PSC-SKU-BIKE-MT-001-20260720,SKU-BIKE-MT-001,MT-OP-060,WIP-MT-FINAL-ASSEMBLY-READY,BUF-MT-ASM,CAPACITY_STILL_BLOCKED_AFTER_WIP,CRITICAL,Capacity remains blocked after WIP is considered.,REVIEW_CAPACITY_CONSTRAINT,False,True
WIP8D-REV-0087,PHASE4-MPS-20260711141513,PSC-SKU-BIKE-MT-001-20260720,SKU-BIKE-MT-001,MT-OP-060,WIP-MT-FINAL-ASSEMBLY-READY,BUF-MT-ASM,MAINTENANCE_STILL_BLOCKED_AFTER_WIP,CRITICAL,Maintenance remains blocked after WIP is considered.,REVIEW_MAINTENANCE_BLOCKER,False,True
WIP8D-REV-0088,PHASE4-MPS-20260711141513,PSC-SKU-BIKE-MT-001-20260720,SKU-BIKE-MT-001,MT-OP-070,WIP-MT-QC-PASSED,BUF-MT-QC,CAPACITY_STILL_BLOCKED_AFTER_WIP,CRITICAL,Capacity remains blocked after WIP is considered.,REVIEW_CAPACITY_CONSTRAINT,False,True
WIP8D-REV-0089,PHASE4-MPS-20260711141513,PSC-SKU-BIKE-MT-001-20260720,SKU-BIKE-MT-001,MT-OP-070,WIP-MT-QC-PASSED,BUF-MT-QC,MAINTENANCE_STILL_BLOCKED_AFTER_WIP,CRITICAL,Maintenance remains blocked after WIP is considered.,REVIEW_MAINTENANCE_BLOCKER,False,True
WIP8D-REV-0090,PHASE4-MPS-20260711141513,PSC-SKU-BIKE-MT-001-20260727,SKU-BIKE-MT-001,MT-OP-010,,,CAPACITY_STILL_BLOCKED_AFTER_WIP,CRITICAL,Capacity remains blocked after WIP is considered.,REVIEW_CAPACITY_CONSTRAINT,False,True
WIP8D-REV-0091,PHASE4-MPS-20260711141513,PSC-SKU-BIKE-MT-001-20260727,SKU-BIKE-MT-001,MT-OP-010,,,MAINTENANCE_STILL_BLOCKED_AFTER_WIP,CRITICAL,Maintenance remains blocked after WIP is considered.,REVIEW_MAINTENANCE_BLOCKER,False,True
WIP8D-REV-0092,PHASE4-MPS-20260711141513,PSC-SKU-BIKE-MT-001-20260727,SKU-BIKE-MT-001,MT-OP-020,WIP-MT-FRAME-TO-FORK,BUF-MT-FRAME-FORK,WIP_SHORTAGE_SCHEDULE_RISK,HIGH,Accepted WIP does not cover the downstream operation requirement.,REVIEW_WIP_BUFFER_BUILD_PLAN,False,True
WIP8D-REV-0093,PHASE4-MPS-20260711141513,PSC-SKU-BIKE-MT-001-20260727,SKU-BIKE-MT-001,MT-OP-020,WIP-MT-FRAME-TO-FORK,BUF-MT-FRAME-FORK,CAPACITY_STILL_BLOCKED_AFTER_WIP,CRITICAL,Capacity remains blocked after WIP is considered.,REVIEW_CAPACITY_CONSTRAINT,False,True
WIP8D-REV-0094,PHASE4-MPS-20260711141513,PSC-SKU-BIKE-MT-001-20260727,SKU-BIKE-MT-001,MT-OP-020,WIP-MT-FRAME-TO-FORK,BUF-MT-FRAME-FORK,MAINTENANCE_STILL_BLOCKED_AFTER_WIP,CRITICAL,Maintenance remains blocked after WIP is considered.,REVIEW_MAINTENANCE_BLOCKER,False,True
WIP8D-REV-0095,PHASE4-MPS-20260711141513,PSC-SKU-BIKE-MT-001-20260727,SKU-BIKE-MT-001,MT-OP-030,WIP-MT-FRAME-TO-WHEEL,BUF-MT-FRAME-WHEEL,WIP_SHORTAGE_SCHEDULE_RISK,HIGH,Accepted WIP does not cover the downstream operation requirement.,REVIEW_WIP_BUFFER_BUILD_PLAN,False,True
WIP8D-REV-0096,PHASE4-MPS-20260711141513,PSC-SKU-BIKE-MT-001-20260727,SKU-BIKE-MT-001,MT-OP-030,WIP-MT-FRAME-TO-WHEEL,BUF-MT-FRAME-WHEEL,CAPACITY_STILL_BLOCKED_AFTER_WIP,CRITICAL,Capacity remains blocked after WIP is considered.,REVIEW_CAPACITY_CONSTRAINT,False,True
WIP8D-REV-0097,PHASE4-MPS-20260711141513,PSC-SKU-BIKE-MT-001-20260727,SKU-BIKE-MT-001,MT-OP-030,WIP-MT-FRAME-TO-WHEEL,BUF-MT-FRAME-WHEEL,MAINTENANCE_STILL_BLOCKED_AFTER_WIP,CRITICAL,Maintenance remains blocked after WIP is considered.,REVIEW_MAINTENANCE_BLOCKER,False,True
WIP8D-REV-0098,PHASE4-MPS-20260711141513,PSC-SKU-BIKE-MT-001-20260727,SKU-BIKE-MT-001,MT-OP-040,WIP-MT-FRAME-TO-BRAKE,BUF-MT-FRAME-BRAKE,WIP_SHORTAGE_SCHEDULE_RISK,HIGH,Accepted WIP does not cover the downstream operation requirement.,REVIEW_WIP_BUFFER_BUILD_PLAN,False,True
WIP8D-REV-0099,PHASE4-MPS-20260711141513,PSC-SKU-BIKE-MT-001-20260727,SKU-BIKE-MT-001,MT-OP-040,WIP-MT-FRAME-TO-BRAKE,BUF-MT-FRAME-BRAKE,CAPACITY_STILL_BLOCKED_AFTER_WIP,CRITICAL,Capacity remains blocked after WIP is considered.,REVIEW_CAPACITY_CONSTRAINT,False,True
WIP8D-REV-0100,PHASE4-MPS-20260711141513,PSC-SKU-BIKE-MT-001-20260727,SKU-BIKE-MT-001,MT-OP-040,WIP-MT-FRAME-TO-BRAKE,BUF-MT-FRAME-BRAKE,MAINTENANCE_STILL_BLOCKED_AFTER_WIP,CRITICAL,Maintenance remains blocked after WIP is considered.,REVIEW_MAINTENANCE_BLOCKER,False,True
WIP8D-REV-0101,PHASE4-MPS-20260711141513,PSC-SKU-BIKE-MT-001-20260727,SKU-BIKE-MT-001,MT-OP-050,WIP-MT-FORK-READY,BUF-MT-FORK,WIP_SHORTAGE_SCHEDULE_RISK,HIGH,Accepted WIP does not cover the downstream operation requirement.,REVIEW_WIP_BUFFER_BUILD_PLAN,False,True
WIP8D-REV-0102,PHASE4-MPS-20260711141513,PSC-SKU-BIKE-MT-001-20260727,SKU-BIKE-MT-001,MT-OP-050,WIP-MT-FORK-READY,BUF-MT-FORK,CAPACITY_STILL_BLOCKED_AFTER_WIP,CRITICAL,Capacity remains blocked after WIP is considered.,REVIEW_CAPACITY_CONSTRAINT,False,True
WIP8D-REV-0103,PHASE4-MPS-20260711141513,PSC-SKU-BIKE-MT-001-20260727,SKU-BIKE-MT-001,MT-OP-050,WIP-MT-FORK-READY,BUF-MT-FORK,MAINTENANCE_STILL_BLOCKED_AFTER_WIP,CRITICAL,Maintenance remains blocked after WIP is considered.,REVIEW_MAINTENANCE_BLOCKER,False,True
WIP8D-REV-0104,PHASE4-MPS-20260711141513,PSC-SKU-BIKE-MT-001-20260727,SKU-BIKE-MT-001,MT-OP-050,WIP-MT-WHEEL-SET-READY,BUF-MT-WHEEL,CAPACITY_STILL_BLOCKED_AFTER_WIP,CRITICAL,Capacity remains blocked after WIP is considered.,REVIEW_CAPACITY_CONSTRAINT,False,True
WIP8D-REV-0105,PHASE4-MPS-20260711141513,PSC-SKU-BIKE-MT-001-20260727,SKU-BIKE-MT-001,MT-OP-050,WIP-MT-WHEEL-SET-READY,BUF-MT-WHEEL,MAINTENANCE_STILL_BLOCKED_AFTER_WIP,CRITICAL,Maintenance remains blocked after WIP is considered.,REVIEW_MAINTENANCE_BLOCKER,False,True
WIP8D-REV-0106,PHASE4-MPS-20260711141513,PSC-SKU-BIKE-MT-001-20260727,SKU-BIKE-MT-001,MT-OP-050,WIP-MT-BRAKE-SET-READY,BUF-MT-BRAKE,CAPACITY_STILL_BLOCKED_AFTER_WIP,CRITICAL,Capacity remains blocked after WIP is considered.,REVIEW_CAPACITY_CONSTRAINT,False,True
WIP8D-REV-0107,PHASE4-MPS-20260711141513,PSC-SKU-BIKE-MT-001-20260727,SKU-BIKE-MT-001,MT-OP-050,WIP-MT-BRAKE-SET-READY,BUF-MT-BRAKE,MAINTENANCE_STILL_BLOCKED_AFTER_WIP,CRITICAL,Maintenance remains blocked after WIP is considered.,REVIEW_MAINTENANCE_BLOCKER,False,True
WIP8D-REV-0108,PHASE4-MPS-20260711141513,PSC-SKU-BIKE-MT-001-20260727,SKU-BIKE-MT-001,MT-OP-060,WIP-MT-FINAL-ASSEMBLY-READY,BUF-MT-ASM,WIP_SHORTAGE_SCHEDULE_RISK,HIGH,Accepted WIP does not cover the downstream operation requirement.,REVIEW_WIP_BUFFER_BUILD_PLAN,False,True
WIP8D-REV-0109,PHASE4-MPS-20260711141513,PSC-SKU-BIKE-MT-001-20260727,SKU-BIKE-MT-001,MT-OP-060,WIP-MT-FINAL-ASSEMBLY-READY,BUF-MT-ASM,CAPACITY_STILL_BLOCKED_AFTER_WIP,CRITICAL,Capacity remains blocked after WIP is considered.,REVIEW_CAPACITY_CONSTRAINT,False,True
WIP8D-REV-0110,PHASE4-MPS-20260711141513,PSC-SKU-BIKE-MT-001-20260727,SKU-BIKE-MT-001,MT-OP-060,WIP-MT-FINAL-ASSEMBLY-READY,BUF-MT-ASM,MAINTENANCE_STILL_BLOCKED_AFTER_WIP,CRITICAL,Maintenance remains blocked after WIP is considered.,REVIEW_MAINTENANCE_BLOCKER,False,True
WIP8D-REV-0111,PHASE4-MPS-20260711141513,PSC-SKU-BIKE-MT-001-20260727,SKU-BIKE-MT-001,MT-OP-070,WIP-MT-QC-PASSED,BUF-MT-QC,CAPACITY_STILL_BLOCKED_AFTER_WIP,CRITICAL,Capacity remains blocked after WIP is considered.,REVIEW_CAPACITY_CONSTRAINT,False,True
WIP8D-REV-0112,PHASE4-MPS-20260711141513,PSC-SKU-BIKE-MT-001-20260727,SKU-BIKE-MT-001,MT-OP-070,WIP-MT-QC-PASSED,BUF-MT-QC,MAINTENANCE_STILL_BLOCKED_AFTER_WIP,CRITICAL,Maintenance remains blocked after WIP is considered.,REVIEW_MAINTENANCE_BLOCKER,False,True
WIP8D-REV-0113,PHASE4-MPS-20260711141513,PSC-SKU-BIKE-MT-001-20260803,SKU-BIKE-MT-001,MT-OP-010,,,CAPACITY_STILL_BLOCKED_AFTER_WIP,CRITICAL,Capacity remains blocked after WIP is considered.,REVIEW_CAPACITY_CONSTRAINT,False,True
WIP8D-REV-0114,PHASE4-MPS-20260711141513,PSC-SKU-BIKE-MT-001-20260803,SKU-BIKE-MT-001,MT-OP-010,,,MAINTENANCE_STILL_BLOCKED_AFTER_WIP,CRITICAL,Maintenance remains blocked after WIP is considered.,REVIEW_MAINTENANCE_BLOCKER,False,True
WIP8D-REV-0115,PHASE4-MPS-20260711141513,PSC-SKU-BIKE-MT-001-20260803,SKU-BIKE-MT-001,MT-OP-020,WIP-MT-FRAME-TO-FORK,BUF-MT-FRAME-FORK,WIP_SHORTAGE_SCHEDULE_RISK,HIGH,Accepted WIP does not cover the downstream operation requirement.,REVIEW_WIP_BUFFER_BUILD_PLAN,False,True
WIP8D-REV-0116,PHASE4-MPS-20260711141513,PSC-SKU-BIKE-MT-001-20260803,SKU-BIKE-MT-001,MT-OP-020,WIP-MT-FRAME-TO-FORK,BUF-MT-FRAME-FORK,CAPACITY_STILL_BLOCKED_AFTER_WIP,CRITICAL,Capacity remains blocked after WIP is considered.,REVIEW_CAPACITY_CONSTRAINT,False,True
WIP8D-REV-0117,PHASE4-MPS-20260711141513,PSC-SKU-BIKE-MT-001-20260803,SKU-BIKE-MT-001,MT-OP-020,WIP-MT-FRAME-TO-FORK,BUF-MT-FRAME-FORK,MAINTENANCE_STILL_BLOCKED_AFTER_WIP,CRITICAL,Maintenance remains blocked after WIP is considered.,REVIEW_MAINTENANCE_BLOCKER,False,True
WIP8D-REV-0118,PHASE4-MPS-20260711141513,PSC-SKU-BIKE-MT-001-20260803,SKU-BIKE-MT-001,MT-OP-030,WIP-MT-FRAME-TO-WHEEL,BUF-MT-FRAME-WHEEL,WIP_SHORTAGE_SCHEDULE_RISK,HIGH,Accepted WIP does not cover the downstream operation requirement.,REVIEW_WIP_BUFFER_BUILD_PLAN,False,True
WIP8D-REV-0119,PHASE4-MPS-20260711141513,PSC-SKU-BIKE-MT-001-20260803,SKU-BIKE-MT-001,MT-OP-030,WIP-MT-FRAME-TO-WHEEL,BUF-MT-FRAME-WHEEL,CAPACITY_STILL_BLOCKED_AFTER_WIP,CRITICAL,Capacity remains blocked after WIP is considered.,REVIEW_CAPACITY_CONSTRAINT,False,True
WIP8D-REV-0120,PHASE4-MPS-20260711141513,PSC-SKU-BIKE-MT-001-20260803,SKU-BIKE-MT-001,MT-OP-030,WIP-MT-FRAME-TO-WHEEL,BUF-MT-FRAME-WHEEL,MAINTENANCE_STILL_BLOCKED_AFTER_WIP,CRITICAL,Maintenance remains blocked after WIP is considered.,REVIEW_MAINTENANCE_BLOCKER,False,True
WIP8D-REV-0121,PHASE4-MPS-20260711141513,PSC-SKU-BIKE-MT-001-20260803,SKU-BIKE-MT-001,MT-OP-040,WIP-MT-FRAME-TO-BRAKE,BUF-MT-FRAME-BRAKE,WIP_SHORTAGE_SCHEDULE_RISK,HIGH,Accepted WIP does not cover the downstream operation requirement.,REVIEW_WIP_BUFFER_BUILD_PLAN,False,True
WIP8D-REV-0122,PHASE4-MPS-20260711141513,PSC-SKU-BIKE-MT-001-20260803,SKU-BIKE-MT-001,MT-OP-040,WIP-MT-FRAME-TO-BRAKE,BUF-MT-FRAME-BRAKE,CAPACITY_STILL_BLOCKED_AFTER_WIP,CRITICAL,Capacity remains blocked after WIP is considered.,REVIEW_CAPACITY_CONSTRAINT,False,True
WIP8D-REV-0123,PHASE4-MPS-20260711141513,PSC-SKU-BIKE-MT-001-20260803,SKU-BIKE-MT-001,MT-OP-040,WIP-MT-FRAME-TO-BRAKE,BUF-MT-FRAME-BRAKE,MAINTENANCE_STILL_BLOCKED_AFTER_WIP,CRITICAL,Maintenance remains blocked after WIP is considered.,REVIEW_MAINTENANCE_BLOCKER,False,True
WIP8D-REV-0124,PHASE4-MPS-20260711141513,PSC-SKU-BIKE-MT-001-20260803,SKU-BIKE-MT-001,MT-OP-050,WIP-MT-FORK-READY,BUF-MT-FORK,WIP_SHORTAGE_SCHEDULE_RISK,HIGH,Accepted WIP does not cover the downstream operation requirement.,REVIEW_WIP_BUFFER_BUILD_PLAN,False,True
WIP8D-REV-0125,PHASE4-MPS-20260711141513,PSC-SKU-BIKE-MT-001-20260803,SKU-BIKE-MT-001,MT-OP-050,WIP-MT-FORK-READY,BUF-MT-FORK,CAPACITY_STILL_BLOCKED_AFTER_WIP,CRITICAL,Capacity remains blocked after WIP is considered.,REVIEW_CAPACITY_CONSTRAINT,False,True
WIP8D-REV-0126,PHASE4-MPS-20260711141513,PSC-SKU-BIKE-MT-001-20260803,SKU-BIKE-MT-001,MT-OP-050,WIP-MT-FORK-READY,BUF-MT-FORK,MAINTENANCE_STILL_BLOCKED_AFTER_WIP,CRITICAL,Maintenance remains blocked after WIP is considered.,REVIEW_MAINTENANCE_BLOCKER,False,True
WIP8D-REV-0127,PHASE4-MPS-20260711141513,PSC-SKU-BIKE-MT-001-20260803,SKU-BIKE-MT-001,MT-OP-050,WIP-MT-WHEEL-SET-READY,BUF-MT-WHEEL,CAPACITY_STILL_BLOCKED_AFTER_WIP,CRITICAL,Capacity remains blocked after WIP is considered.,REVIEW_CAPACITY_CONSTRAINT,False,True
WIP8D-REV-0128,PHASE4-MPS-20260711141513,PSC-SKU-BIKE-MT-001-20260803,SKU-BIKE-MT-001,MT-OP-050,WIP-MT-WHEEL-SET-READY,BUF-MT-WHEEL,MAINTENANCE_STILL_BLOCKED_AFTER_WIP,CRITICAL,Maintenance remains blocked after WIP is considered.,REVIEW_MAINTENANCE_BLOCKER,False,True
WIP8D-REV-0129,PHASE4-MPS-20260711141513,PSC-SKU-BIKE-MT-001-20260803,SKU-BIKE-MT-001,MT-OP-050,WIP-MT-BRAKE-SET-READY,BUF-MT-BRAKE,CAPACITY_STILL_BLOCKED_AFTER_WIP,CRITICAL,Capacity remains blocked after WIP is considered.,REVIEW_CAPACITY_CONSTRAINT,False,True
WIP8D-REV-0130,PHASE4-MPS-20260711141513,PSC-SKU-BIKE-MT-001-20260803,SKU-BIKE-MT-001,MT-OP-050,WIP-MT-BRAKE-SET-READY,BUF-MT-BRAKE,MAINTENANCE_STILL_BLOCKED_AFTER_WIP,CRITICAL,Maintenance remains blocked after WIP is considered.,REVIEW_MAINTENANCE_BLOCKER,False,True
WIP8D-REV-0131,PHASE4-MPS-20260711141513,PSC-SKU-BIKE-MT-001-20260803,SKU-BIKE-MT-001,MT-OP-060,WIP-MT-FINAL-ASSEMBLY-READY,BUF-MT-ASM,WIP_SHORTAGE_SCHEDULE_RISK,HIGH,Accepted WIP does not cover the downstream operation requirement.,REVIEW_WIP_BUFFER_BUILD_PLAN,False,True
WIP8D-REV-0132,PHASE4-MPS-20260711141513,PSC-SKU-BIKE-MT-001-20260803,SKU-BIKE-MT-001,MT-OP-060,WIP-MT-FINAL-ASSEMBLY-READY,BUF-MT-ASM,CAPACITY_STILL_BLOCKED_AFTER_WIP,CRITICAL,Capacity remains blocked after WIP is considered.,REVIEW_CAPACITY_CONSTRAINT,False,True
WIP8D-REV-0133,PHASE4-MPS-20260711141513,PSC-SKU-BIKE-MT-001-20260803,SKU-BIKE-MT-001,MT-OP-060,WIP-MT-FINAL-ASSEMBLY-READY,BUF-MT-ASM,MAINTENANCE_STILL_BLOCKED_AFTER_WIP,CRITICAL,Maintenance remains blocked after WIP is considered.,REVIEW_MAINTENANCE_BLOCKER,False,True
WIP8D-REV-0134,PHASE4-MPS-20260711141513,PSC-SKU-BIKE-MT-001-20260803,SKU-BIKE-MT-001,MT-OP-070,WIP-MT-QC-PASSED,BUF-MT-QC,CAPACITY_STILL_BLOCKED_AFTER_WIP,CRITICAL,Capacity remains blocked after WIP is considered.,REVIEW_CAPACITY_CONSTRAINT,False,True
WIP8D-REV-0135,PHASE4-MPS-20260711141513,PSC-SKU-BIKE-MT-001-20260803,SKU-BIKE-MT-001,MT-OP-070,WIP-MT-QC-PASSED,BUF-MT-QC,MAINTENANCE_STILL_BLOCKED_AFTER_WIP,CRITICAL,Maintenance remains blocked after WIP is considered.,REVIEW_MAINTENANCE_BLOCKER,False,True
WIP8D-REV-0136,PHASE4-MPS-20260711141513,PSC-SKU-BIKE-MT-001-20260810,SKU-BIKE-MT-001,MT-OP-010,,,CAPACITY_STILL_BLOCKED_AFTER_WIP,CRITICAL,Capacity remains blocked after WIP is considered.,REVIEW_CAPACITY_CONSTRAINT,False,True
WIP8D-REV-0137,PHASE4-MPS-20260711141513,PSC-SKU-BIKE-MT-001-20260810,SKU-BIKE-MT-001,MT-OP-010,,,MAINTENANCE_STILL_BLOCKED_AFTER_WIP,CRITICAL,Maintenance remains blocked after WIP is considered.,REVIEW_MAINTENANCE_BLOCKER,False,True
WIP8D-REV-0138,PHASE4-MPS-20260711141513,PSC-SKU-BIKE-MT-001-20260810,SKU-BIKE-MT-001,MT-OP-020,WIP-MT-FRAME-TO-FORK,BUF-MT-FRAME-FORK,WIP_SHORTAGE_SCHEDULE_RISK,HIGH,Accepted WIP does not cover the downstream operation requirement.,REVIEW_WIP_BUFFER_BUILD_PLAN,False,True
WIP8D-REV-0139,PHASE4-MPS-20260711141513,PSC-SKU-BIKE-MT-001-20260810,SKU-BIKE-MT-001,MT-OP-020,WIP-MT-FRAME-TO-FORK,BUF-MT-FRAME-FORK,CAPACITY_STILL_BLOCKED_AFTER_WIP,CRITICAL,Capacity remains blocked after WIP is considered.,REVIEW_CAPACITY_CONSTRAINT,False,True
WIP8D-REV-0140,PHASE4-MPS-20260711141513,PSC-SKU-BIKE-MT-001-20260810,SKU-BIKE-MT-001,MT-OP-020,WIP-MT-FRAME-TO-FORK,BUF-MT-FRAME-FORK,MAINTENANCE_STILL_BLOCKED_AFTER_WIP,CRITICAL,Maintenance remains blocked after WIP is considered.,REVIEW_MAINTENANCE_BLOCKER,False,True
WIP8D-REV-0141,PHASE4-MPS-20260711141513,PSC-SKU-BIKE-MT-001-20260810,SKU-BIKE-MT-001,MT-OP-030,WIP-MT-FRAME-TO-WHEEL,BUF-MT-FRAME-WHEEL,WIP_SHORTAGE_SCHEDULE_RISK,HIGH,Accepted WIP does not cover the downstream operation requirement.,REVIEW_WIP_BUFFER_BUILD_PLAN,False,True
WIP8D-REV-0142,PHASE4-MPS-20260711141513,PSC-SKU-BIKE-MT-001-20260810,SKU-BIKE-MT-001,MT-OP-030,WIP-MT-FRAME-TO-WHEEL,BUF-MT-FRAME-WHEEL,CAPACITY_STILL_BLOCKED_AFTER_WIP,CRITICAL,Capacity remains blocked after WIP is considered.,REVIEW_CAPACITY_CONSTRAINT,False,True
WIP8D-REV-0143,PHASE4-MPS-20260711141513,PSC-SKU-BIKE-MT-001-20260810,SKU-BIKE-MT-001,MT-OP-030,WIP-MT-FRAME-TO-WHEEL,BUF-MT-FRAME-WHEEL,MAINTENANCE_STILL_BLOCKED_AFTER_WIP,CRITICAL,Maintenance remains blocked after WIP is considered.,REVIEW_MAINTENANCE_BLOCKER,False,True
WIP8D-REV-0144,PHASE4-MPS-20260711141513,PSC-SKU-BIKE-MT-001-20260810,SKU-BIKE-MT-001,MT-OP-040,WIP-MT-FRAME-TO-BRAKE,BUF-MT-FRAME-BRAKE,WIP_SHORTAGE_SCHEDULE_RISK,HIGH,Accepted WIP does not cover the downstream operation requirement.,REVIEW_WIP_BUFFER_BUILD_PLAN,False,True
WIP8D-REV-0145,PHASE4-MPS-20260711141513,PSC-SKU-BIKE-MT-001-20260810,SKU-BIKE-MT-001,MT-OP-040,WIP-MT-FRAME-TO-BRAKE,BUF-MT-FRAME-BRAKE,CAPACITY_STILL_BLOCKED_AFTER_WIP,CRITICAL,Capacity remains blocked after WIP is considered.,REVIEW_CAPACITY_CONSTRAINT,False,True
WIP8D-REV-0146,PHASE4-MPS-20260711141513,PSC-SKU-BIKE-MT-001-20260810,SKU-BIKE-MT-001,MT-OP-040,WIP-MT-FRAME-TO-BRAKE,BUF-MT-FRAME-BRAKE,MAINTENANCE_STILL_BLOCKED_AFTER_WIP,CRITICAL,Maintenance remains blocked after WIP is considered.,REVIEW_MAINTENANCE_BLOCKER,False,True
WIP8D-REV-0147,PHASE4-MPS-20260711141513,PSC-SKU-BIKE-MT-001-20260810,SKU-BIKE-MT-001,MT-OP-050,WIP-MT-FORK-READY,BUF-MT-FORK,WIP_SHORTAGE_SCHEDULE_RISK,HIGH,Accepted WIP does not cover the downstream operation requirement.,REVIEW_WIP_BUFFER_BUILD_PLAN,False,True
WIP8D-REV-0148,PHASE4-MPS-20260711141513,PSC-SKU-BIKE-MT-001-20260810,SKU-BIKE-MT-001,MT-OP-050,WIP-MT-FORK-READY,BUF-MT-FORK,CAPACITY_STILL_BLOCKED_AFTER_WIP,CRITICAL,Capacity remains blocked after WIP is considered.,REVIEW_CAPACITY_CONSTRAINT,False,True
WIP8D-REV-0149,PHASE4-MPS-20260711141513,PSC-SKU-BIKE-MT-001-20260810,SKU-BIKE-MT-001,MT-OP-050,WIP-MT-FORK-READY,BUF-MT-FORK,MAINTENANCE_STILL_BLOCKED_AFTER_WIP,CRITICAL,Maintenance remains blocked after WIP is considered.,REVIEW_MAINTENANCE_BLOCKER,False,True
WIP8D-REV-0150,PHASE4-MPS-20260711141513,PSC-SKU-BIKE-MT-001-20260810,SKU-BIKE-MT-001,MT-OP-050,WIP-MT-WHEEL-SET-READY,BUF-MT-WHEEL,CAPACITY_STILL_BLOCKED_AFTER_WIP,CRITICAL,Capacity remains blocked after WIP is considered.,REVIEW_CAPACITY_CONSTRAINT,False,True
WIP8D-REV-0151,PHASE4-MPS-20260711141513,PSC-SKU-BIKE-MT-001-20260810,SKU-BIKE-MT-001,MT-OP-050,WIP-MT-WHEEL-SET-READY,BUF-MT-WHEEL,MAINTENANCE_STILL_BLOCKED_AFTER_WIP,CRITICAL,Maintenance remains blocked after WIP is considered.,REVIEW_MAINTENANCE_BLOCKER,False,True
WIP8D-REV-0152,PHASE4-MPS-20260711141513,PSC-SKU-BIKE-MT-001-20260810,SKU-BIKE-MT-001,MT-OP-050,WIP-MT-BRAKE-SET-READY,BUF-MT-BRAKE,CAPACITY_STILL_BLOCKED_AFTER_WIP,CRITICAL,Capacity remains blocked after WIP is considered.,REVIEW_CAPACITY_CONSTRAINT,False,True
WIP8D-REV-0153,PHASE4-MPS-20260711141513,PSC-SKU-BIKE-MT-001-20260810,SKU-BIKE-MT-001,MT-OP-050,WIP-MT-BRAKE-SET-READY,BUF-MT-BRAKE,MAINTENANCE_STILL_BLOCKED_AFTER_WIP,CRITICAL,Maintenance remains blocked after WIP is considered.,REVIEW_MAINTENANCE_BLOCKER,False,True
WIP8D-REV-0154,PHASE4-MPS-20260711141513,PSC-SKU-BIKE-MT-001-20260810,SKU-BIKE-MT-001,MT-OP-060,WIP-MT-FINAL-ASSEMBLY-READY,BUF-MT-ASM,WIP_SHORTAGE_SCHEDULE_RISK,HIGH,Accepted WIP does not cover the downstream operation requirement.,REVIEW_WIP_BUFFER_BUILD_PLAN,False,True
WIP8D-REV-0155,PHASE4-MPS-20260711141513,PSC-SKU-BIKE-MT-001-20260810,SKU-BIKE-MT-001,MT-OP-060,WIP-MT-FINAL-ASSEMBLY-READY,BUF-MT-ASM,CAPACITY_STILL_BLOCKED_AFTER_WIP,CRITICAL,Capacity remains blocked after WIP is considered.,REVIEW_CAPACITY_CONSTRAINT,False,True
WIP8D-REV-0156,PHASE4-MPS-20260711141513,PSC-SKU-BIKE-MT-001-20260810,SKU-BIKE-MT-001,MT-OP-060,WIP-MT-FINAL-ASSEMBLY-READY,BUF-MT-ASM,MAINTENANCE_STILL_BLOCKED_AFTER_WIP,CRITICAL,Maintenance remains blocked after WIP is considered.,REVIEW_MAINTENANCE_BLOCKER,False,True
WIP8D-REV-0157,PHASE4-MPS-20260711141513,PSC-SKU-BIKE-MT-001-20260810,SKU-BIKE-MT-001,MT-OP-070,WIP-MT-QC-PASSED,BUF-MT-QC,CAPACITY_STILL_BLOCKED_AFTER_WIP,CRITICAL,Capacity remains blocked after WIP is considered.,REVIEW_CAPACITY_CONSTRAINT,False,True
WIP8D-REV-0158,PHASE4-MPS-20260711141513,PSC-SKU-BIKE-MT-001-20260810,SKU-BIKE-MT-001,MT-OP-070,WIP-MT-QC-PASSED,BUF-MT-QC,MAINTENANCE_STILL_BLOCKED_AFTER_WIP,CRITICAL,Maintenance remains blocked after WIP is considered.,REVIEW_MAINTENANCE_BLOCKER,False,True
WIP8D-REV-0159,PHASE4-MPS-20260711141513,PSC-SKU-BIKE-MT-001-20260817,SKU-BIKE-MT-001,MT-OP-010,,,CAPACITY_STILL_BLOCKED_AFTER_WIP,CRITICAL,Capacity remains blocked after WIP is considered.,REVIEW_CAPACITY_CONSTRAINT,False,True
WIP8D-REV-0160,PHASE4-MPS-20260711141513,PSC-SKU-BIKE-MT-001-20260817,SKU-BIKE-MT-001,MT-OP-010,,,MAINTENANCE_STILL_BLOCKED_AFTER_WIP,CRITICAL,Maintenance remains blocked after WIP is considered.,REVIEW_MAINTENANCE_BLOCKER,False,True
WIP8D-REV-0161,PHASE4-MPS-20260711141513,PSC-SKU-BIKE-MT-001-20260817,SKU-BIKE-MT-001,MT-OP-020,WIP-MT-FRAME-TO-FORK,BUF-MT-FRAME-FORK,WIP_SHORTAGE_SCHEDULE_RISK,HIGH,Accepted WIP does not cover the downstream operation requirement.,REVIEW_WIP_BUFFER_BUILD_PLAN,False,True
WIP8D-REV-0162,PHASE4-MPS-20260711141513,PSC-SKU-BIKE-MT-001-20260817,SKU-BIKE-MT-001,MT-OP-020,WIP-MT-FRAME-TO-FORK,BUF-MT-FRAME-FORK,CAPACITY_STILL_BLOCKED_AFTER_WIP,CRITICAL,Capacity remains blocked after WIP is considered.,REVIEW_CAPACITY_CONSTRAINT,False,True
WIP8D-REV-0163,PHASE4-MPS-20260711141513,PSC-SKU-BIKE-MT-001-20260817,SKU-BIKE-MT-001,MT-OP-020,WIP-MT-FRAME-TO-FORK,BUF-MT-FRAME-FORK,MAINTENANCE_STILL_BLOCKED_AFTER_WIP,CRITICAL,Maintenance remains blocked after WIP is considered.,REVIEW_MAINTENANCE_BLOCKER,False,True
WIP8D-REV-0164,PHASE4-MPS-20260711141513,PSC-SKU-BIKE-MT-001-20260817,SKU-BIKE-MT-001,MT-OP-030,WIP-MT-FRAME-TO-WHEEL,BUF-MT-FRAME-WHEEL,WIP_SHORTAGE_SCHEDULE_RISK,HIGH,Accepted WIP does not cover the downstream operation requirement.,REVIEW_WIP_BUFFER_BUILD_PLAN,False,True
WIP8D-REV-0165,PHASE4-MPS-20260711141513,PSC-SKU-BIKE-MT-001-20260817,SKU-BIKE-MT-001,MT-OP-030,WIP-MT-FRAME-TO-WHEEL,BUF-MT-FRAME-WHEEL,CAPACITY_STILL_BLOCKED_AFTER_WIP,CRITICAL,Capacity remains blocked after WIP is considered.,REVIEW_CAPACITY_CONSTRAINT,False,True
WIP8D-REV-0166,PHASE4-MPS-20260711141513,PSC-SKU-BIKE-MT-001-20260817,SKU-BIKE-MT-001,MT-OP-030,WIP-MT-FRAME-TO-WHEEL,BUF-MT-FRAME-WHEEL,MAINTENANCE_STILL_BLOCKED_AFTER_WIP,CRITICAL,Maintenance remains blocked after WIP is considered.,REVIEW_MAINTENANCE_BLOCKER,False,True
WIP8D-REV-0167,PHASE4-MPS-20260711141513,PSC-SKU-BIKE-MT-001-20260817,SKU-BIKE-MT-001,MT-OP-040,WIP-MT-FRAME-TO-BRAKE,BUF-MT-FRAME-BRAKE,WIP_SHORTAGE_SCHEDULE_RISK,HIGH,Accepted WIP does not cover the downstream operation requirement.,REVIEW_WIP_BUFFER_BUILD_PLAN,False,True
WIP8D-REV-0168,PHASE4-MPS-20260711141513,PSC-SKU-BIKE-MT-001-20260817,SKU-BIKE-MT-001,MT-OP-040,WIP-MT-FRAME-TO-BRAKE,BUF-MT-FRAME-BRAKE,CAPACITY_STILL_BLOCKED_AFTER_WIP,CRITICAL,Capacity remains blocked after WIP is considered.,REVIEW_CAPACITY_CONSTRAINT,False,True
WIP8D-REV-0169,PHASE4-MPS-20260711141513,PSC-SKU-BIKE-MT-001-20260817,SKU-BIKE-MT-001,MT-OP-040,WIP-MT-FRAME-TO-BRAKE,BUF-MT-FRAME-BRAKE,MAINTENANCE_STILL_BLOCKED_AFTER_WIP,CRITICAL,Maintenance remains blocked after WIP is considered.,REVIEW_MAINTENANCE_BLOCKER,False,True
WIP8D-REV-0170,PHASE4-MPS-20260711141513,PSC-SKU-BIKE-MT-001-20260817,SKU-BIKE-MT-001,MT-OP-050,WIP-MT-FORK-READY,BUF-MT-FORK,WIP_SHORTAGE_SCHEDULE_RISK,HIGH,Accepted WIP does not cover the downstream operation requirement.,REVIEW_WIP_BUFFER_BUILD_PLAN,False,True
WIP8D-REV-0171,PHASE4-MPS-20260711141513,PSC-SKU-BIKE-MT-001-20260817,SKU-BIKE-MT-001,MT-OP-050,WIP-MT-FORK-READY,BUF-MT-FORK,CAPACITY_STILL_BLOCKED_AFTER_WIP,CRITICAL,Capacity remains blocked after WIP is considered.,REVIEW_CAPACITY_CONSTRAINT,False,True
WIP8D-REV-0172,PHASE4-MPS-20260711141513,PSC-SKU-BIKE-MT-001-20260817,SKU-BIKE-MT-001,MT-OP-050,WIP-MT-FORK-READY,BUF-MT-FORK,MAINTENANCE_STILL_BLOCKED_AFTER_WIP,CRITICAL,Maintenance remains blocked after WIP is considered.,REVIEW_MAINTENANCE_BLOCKER,False,True
WIP8D-REV-0173,PHASE4-MPS-20260711141513,PSC-SKU-BIKE-MT-001-20260817,SKU-BIKE-MT-001,MT-OP-050,WIP-MT-WHEEL-SET-READY,BUF-MT-WHEEL,CAPACITY_STILL_BLOCKED_AFTER_WIP,CRITICAL,Capacity remains blocked after WIP is considered.,REVIEW_CAPACITY_CONSTRAINT,False,True
WIP8D-REV-0174,PHASE4-MPS-20260711141513,PSC-SKU-BIKE-MT-001-20260817,SKU-BIKE-MT-001,MT-OP-050,WIP-MT-WHEEL-SET-READY,BUF-MT-WHEEL,MAINTENANCE_STILL_BLOCKED_AFTER_WIP,CRITICAL,Maintenance remains blocked after WIP is considered.,REVIEW_MAINTENANCE_BLOCKER,False,True
WIP8D-REV-0175,PHASE4-MPS-20260711141513,PSC-SKU-BIKE-MT-001-20260817,SKU-BIKE-MT-001,MT-OP-050,WIP-MT-BRAKE-SET-READY,BUF-MT-BRAKE,CAPACITY_STILL_BLOCKED_AFTER_WIP,CRITICAL,Capacity remains blocked after WIP is considered.,REVIEW_CAPACITY_CONSTRAINT,False,True
WIP8D-REV-0176,PHASE4-MPS-20260711141513,PSC-SKU-BIKE-MT-001-20260817,SKU-BIKE-MT-001,MT-OP-050,WIP-MT-BRAKE-SET-READY,BUF-MT-BRAKE,MAINTENANCE_STILL_BLOCKED_AFTER_WIP,CRITICAL,Maintenance remains blocked after WIP is considered.,REVIEW_MAINTENANCE_BLOCKER,False,True
WIP8D-REV-0177,PHASE4-MPS-20260711141513,PSC-SKU-BIKE-MT-001-20260817,SKU-BIKE-MT-001,MT-OP-060,WIP-MT-FINAL-ASSEMBLY-READY,BUF-MT-ASM,WIP_SHORTAGE_SCHEDULE_RISK,HIGH,Accepted WIP does not cover the downstream operation requirement.,REVIEW_WIP_BUFFER_BUILD_PLAN,False,True
WIP8D-REV-0178,PHASE4-MPS-20260711141513,PSC-SKU-BIKE-MT-001-20260817,SKU-BIKE-MT-001,MT-OP-060,WIP-MT-FINAL-ASSEMBLY-READY,BUF-MT-ASM,CAPACITY_STILL_BLOCKED_AFTER_WIP,CRITICAL,Capacity remains blocked after WIP is considered.,REVIEW_CAPACITY_CONSTRAINT,False,True
WIP8D-REV-0179,PHASE4-MPS-20260711141513,PSC-SKU-BIKE-MT-001-20260817,SKU-BIKE-MT-001,MT-OP-060,WIP-MT-FINAL-ASSEMBLY-READY,BUF-MT-ASM,MAINTENANCE_STILL_BLOCKED_AFTER_WIP,CRITICAL,Maintenance remains blocked after WIP is considered.,REVIEW_MAINTENANCE_BLOCKER,False,True
WIP8D-REV-0180,PHASE4-MPS-20260711141513,PSC-SKU-BIKE-MT-001-20260817,SKU-BIKE-MT-001,MT-OP-070,WIP-MT-QC-PASSED,BUF-MT-QC,CAPACITY_STILL_BLOCKED_AFTER_WIP,CRITICAL,Capacity remains blocked after WIP is considered.,REVIEW_CAPACITY_CONSTRAINT,False,True
WIP8D-REV-0181,PHASE4-MPS-20260711141513,PSC-SKU-BIKE-MT-001-20260817,SKU-BIKE-MT-001,MT-OP-070,WIP-MT-QC-PASSED,BUF-MT-QC,MAINTENANCE_STILL_BLOCKED_AFTER_WIP,CRITICAL,Maintenance remains blocked after WIP is considered.,REVIEW_MAINTENANCE_BLOCKER,False,True
WIP8D-REV-0182,PHASE4-MPS-20260711141513,PSC-SKU-BIKE-MT-001-20260824,SKU-BIKE-MT-001,MT-OP-010,,,CAPACITY_STILL_BLOCKED_AFTER_WIP,CRITICAL,Capacity remains blocked after WIP is considered.,REVIEW_CAPACITY_CONSTRAINT,False,True
WIP8D-REV-0183,PHASE4-MPS-20260711141513,PSC-SKU-BIKE-MT-001-20260824,SKU-BIKE-MT-001,MT-OP-010,,,MAINTENANCE_STILL_BLOCKED_AFTER_WIP,CRITICAL,Maintenance remains blocked after WIP is considered.,REVIEW_MAINTENANCE_BLOCKER,False,True
WIP8D-REV-0184,PHASE4-MPS-20260711141513,PSC-SKU-BIKE-MT-001-20260824,SKU-BIKE-MT-001,MT-OP-020,WIP-MT-FRAME-TO-FORK,BUF-MT-FRAME-FORK,WIP_SHORTAGE_SCHEDULE_RISK,HIGH,Accepted WIP does not cover the downstream operation requirement.,REVIEW_WIP_BUFFER_BUILD_PLAN,False,True
WIP8D-REV-0185,PHASE4-MPS-20260711141513,PSC-SKU-BIKE-MT-001-20260824,SKU-BIKE-MT-001,MT-OP-020,WIP-MT-FRAME-TO-FORK,BUF-MT-FRAME-FORK,CAPACITY_STILL_BLOCKED_AFTER_WIP,CRITICAL,Capacity remains blocked after WIP is considered.,REVIEW_CAPACITY_CONSTRAINT,False,True
WIP8D-REV-0186,PHASE4-MPS-20260711141513,PSC-SKU-BIKE-MT-001-20260824,SKU-BIKE-MT-001,MT-OP-020,WIP-MT-FRAME-TO-FORK,BUF-MT-FRAME-FORK,MAINTENANCE_STILL_BLOCKED_AFTER_WIP,CRITICAL,Maintenance remains blocked after WIP is considered.,REVIEW_MAINTENANCE_BLOCKER,False,True
WIP8D-REV-0187,PHASE4-MPS-20260711141513,PSC-SKU-BIKE-MT-001-20260824,SKU-BIKE-MT-001,MT-OP-030,WIP-MT-FRAME-TO-WHEEL,BUF-MT-FRAME-WHEEL,WIP_SHORTAGE_SCHEDULE_RISK,HIGH,Accepted WIP does not cover the downstream operation requirement.,REVIEW_WIP_BUFFER_BUILD_PLAN,False,True
WIP8D-REV-0188,PHASE4-MPS-20260711141513,PSC-SKU-BIKE-MT-001-20260824,SKU-BIKE-MT-001,MT-OP-030,WIP-MT-FRAME-TO-WHEEL,BUF-MT-FRAME-WHEEL,CAPACITY_STILL_BLOCKED_AFTER_WIP,CRITICAL,Capacity remains blocked after WIP is considered.,REVIEW_CAPACITY_CONSTRAINT,False,True
WIP8D-REV-0189,PHASE4-MPS-20260711141513,PSC-SKU-BIKE-MT-001-20260824,SKU-BIKE-MT-001,MT-OP-030,WIP-MT-FRAME-TO-WHEEL,BUF-MT-FRAME-WHEEL,MAINTENANCE_STILL_BLOCKED_AFTER_WIP,CRITICAL,Maintenance remains blocked after WIP is considered.,REVIEW_MAINTENANCE_BLOCKER,False,True
WIP8D-REV-0190,PHASE4-MPS-20260711141513,PSC-SKU-BIKE-MT-001-20260824,SKU-BIKE-MT-001,MT-OP-040,WIP-MT-FRAME-TO-BRAKE,BUF-MT-FRAME-BRAKE,WIP_SHORTAGE_SCHEDULE_RISK,HIGH,Accepted WIP does not cover the downstream operation requirement.,REVIEW_WIP_BUFFER_BUILD_PLAN,False,True
WIP8D-REV-0191,PHASE4-MPS-20260711141513,PSC-SKU-BIKE-MT-001-20260824,SKU-BIKE-MT-001,MT-OP-040,WIP-MT-FRAME-TO-BRAKE,BUF-MT-FRAME-BRAKE,CAPACITY_STILL_BLOCKED_AFTER_WIP,CRITICAL,Capacity remains blocked after WIP is considered.,REVIEW_CAPACITY_CONSTRAINT,False,True
WIP8D-REV-0192,PHASE4-MPS-20260711141513,PSC-SKU-BIKE-MT-001-20260824,SKU-BIKE-MT-001,MT-OP-040,WIP-MT-FRAME-TO-BRAKE,BUF-MT-FRAME-BRAKE,MAINTENANCE_STILL_BLOCKED_AFTER_WIP,CRITICAL,Maintenance remains blocked after WIP is considered.,REVIEW_MAINTENANCE_BLOCKER,False,True
WIP8D-REV-0193,PHASE4-MPS-20260711141513,PSC-SKU-BIKE-MT-001-20260824,SKU-BIKE-MT-001,MT-OP-050,WIP-MT-FORK-READY,BUF-MT-FORK,WIP_SHORTAGE_SCHEDULE_RISK,HIGH,Accepted WIP does not cover the downstream operation requirement.,REVIEW_WIP_BUFFER_BUILD_PLAN,False,True
WIP8D-REV-0194,PHASE4-MPS-20260711141513,PSC-SKU-BIKE-MT-001-20260824,SKU-BIKE-MT-001,MT-OP-050,WIP-MT-FORK-READY,BUF-MT-FORK,CAPACITY_STILL_BLOCKED_AFTER_WIP,CRITICAL,Capacity remains blocked after WIP is considered.,REVIEW_CAPACITY_CONSTRAINT,False,True
WIP8D-REV-0195,PHASE4-MPS-20260711141513,PSC-SKU-BIKE-MT-001-20260824,SKU-BIKE-MT-001,MT-OP-050,WIP-MT-FORK-READY,BUF-MT-FORK,MAINTENANCE_STILL_BLOCKED_AFTER_WIP,CRITICAL,Maintenance remains blocked after WIP is considered.,REVIEW_MAINTENANCE_BLOCKER,False,True
WIP8D-REV-0196,PHASE4-MPS-20260711141513,PSC-SKU-BIKE-MT-001-20260824,SKU-BIKE-MT-001,MT-OP-050,WIP-MT-WHEEL-SET-READY,BUF-MT-WHEEL,CAPACITY_STILL_BLOCKED_AFTER_WIP,CRITICAL,Capacity remains blocked after WIP is considered.,REVIEW_CAPACITY_CONSTRAINT,False,True
WIP8D-REV-0197,PHASE4-MPS-20260711141513,PSC-SKU-BIKE-MT-001-20260824,SKU-BIKE-MT-001,MT-OP-050,WIP-MT-WHEEL-SET-READY,BUF-MT-WHEEL,MAINTENANCE_STILL_BLOCKED_AFTER_WIP,CRITICAL,Maintenance remains blocked after WIP is considered.,REVIEW_MAINTENANCE_BLOCKER,False,True
WIP8D-REV-0198,PHASE4-MPS-20260711141513,PSC-SKU-BIKE-MT-001-20260824,SKU-BIKE-MT-001,MT-OP-050,WIP-MT-BRAKE-SET-READY,BUF-MT-BRAKE,CAPACITY_STILL_BLOCKED_AFTER_WIP,CRITICAL,Capacity remains blocked after WIP is considered.,REVIEW_CAPACITY_CONSTRAINT,False,True
WIP8D-REV-0199,PHASE4-MPS-20260711141513,PSC-SKU-BIKE-MT-001-20260824,SKU-BIKE-MT-001,MT-OP-050,WIP-MT-BRAKE-SET-READY,BUF-MT-BRAKE,MAINTENANCE_STILL_BLOCKED_AFTER_WIP,CRITICAL,Maintenance remains blocked after WIP is considered.,REVIEW_MAINTENANCE_BLOCKER,False,True
WIP8D-REV-0200,PHASE4-MPS-20260711141513,PSC-SKU-BIKE-MT-001-20260824,SKU-BIKE-MT-001,MT-OP-060,WIP-MT-FINAL-ASSEMBLY-READY,BUF-MT-ASM,WIP_SHORTAGE_SCHEDULE_RISK,HIGH,Accepted WIP does not cover the downstream operation requirement.,REVIEW_WIP_BUFFER_BUILD_PLAN,False,True
WIP8D-REV-0201,PHASE4-MPS-20260711141513,PSC-SKU-BIKE-MT-001-20260824,SKU-BIKE-MT-001,MT-OP-060,WIP-MT-FINAL-ASSEMBLY-READY,BUF-MT-ASM,CAPACITY_STILL_BLOCKED_AFTER_WIP,CRITICAL,Capacity remains blocked after WIP is considered.,REVIEW_CAPACITY_CONSTRAINT,False,True
WIP8D-REV-0202,PHASE4-MPS-20260711141513,PSC-SKU-BIKE-MT-001-20260824,SKU-BIKE-MT-001,MT-OP-060,WIP-MT-FINAL-ASSEMBLY-READY,BUF-MT-ASM,MAINTENANCE_STILL_BLOCKED_AFTER_WIP,CRITICAL,Maintenance remains blocked after WIP is considered.,REVIEW_MAINTENANCE_BLOCKER,False,True
WIP8D-REV-0203,PHASE4-MPS-20260711141513,PSC-SKU-BIKE-MT-001-20260824,SKU-BIKE-MT-001,MT-OP-070,WIP-MT-QC-PASSED,BUF-MT-QC,CAPACITY_STILL_BLOCKED_AFTER_WIP,CRITICAL,Capacity remains blocked after WIP is considered.,REVIEW_CAPACITY_CONSTRAINT,False,True
WIP8D-REV-0204,PHASE4-MPS-20260711141513,PSC-SKU-BIKE-MT-001-20260824,SKU-BIKE-MT-001,MT-OP-070,WIP-MT-QC-PASSED,BUF-MT-QC,MAINTENANCE_STILL_BLOCKED_AFTER_WIP,CRITICAL,Maintenance remains blocked after WIP is considered.,REVIEW_MAINTENANCE_BLOCKER,False,True
WIP8D-REV-0205,PHASE4-MPS-20260711141513,PSC-SKU-BIKE-MT-001-20260831,SKU-BIKE-MT-001,MT-OP-010,,,CAPACITY_STILL_BLOCKED_AFTER_WIP,CRITICAL,Capacity remains blocked after WIP is considered.,REVIEW_CAPACITY_CONSTRAINT,False,True
WIP8D-REV-0206,PHASE4-MPS-20260711141513,PSC-SKU-BIKE-MT-001-20260831,SKU-BIKE-MT-001,MT-OP-010,,,MAINTENANCE_STILL_BLOCKED_AFTER_WIP,CRITICAL,Maintenance remains blocked after WIP is considered.,REVIEW_MAINTENANCE_BLOCKER,False,True
WIP8D-REV-0207,PHASE4-MPS-20260711141513,PSC-SKU-BIKE-MT-001-20260831,SKU-BIKE-MT-001,MT-OP-020,WIP-MT-FRAME-TO-FORK,BUF-MT-FRAME-FORK,WIP_SHORTAGE_SCHEDULE_RISK,HIGH,Accepted WIP does not cover the downstream operation requirement.,REVIEW_WIP_BUFFER_BUILD_PLAN,False,True
WIP8D-REV-0208,PHASE4-MPS-20260711141513,PSC-SKU-BIKE-MT-001-20260831,SKU-BIKE-MT-001,MT-OP-020,WIP-MT-FRAME-TO-FORK,BUF-MT-FRAME-FORK,CAPACITY_STILL_BLOCKED_AFTER_WIP,CRITICAL,Capacity remains blocked after WIP is considered.,REVIEW_CAPACITY_CONSTRAINT,False,True
WIP8D-REV-0209,PHASE4-MPS-20260711141513,PSC-SKU-BIKE-MT-001-20260831,SKU-BIKE-MT-001,MT-OP-020,WIP-MT-FRAME-TO-FORK,BUF-MT-FRAME-FORK,MAINTENANCE_STILL_BLOCKED_AFTER_WIP,CRITICAL,Maintenance remains blocked after WIP is considered.,REVIEW_MAINTENANCE_BLOCKER,False,True
WIP8D-REV-0210,PHASE4-MPS-20260711141513,PSC-SKU-BIKE-MT-001-20260831,SKU-BIKE-MT-001,MT-OP-030,WIP-MT-FRAME-TO-WHEEL,BUF-MT-FRAME-WHEEL,WIP_SHORTAGE_SCHEDULE_RISK,HIGH,Accepted WIP does not cover the downstream operation requirement.,REVIEW_WIP_BUFFER_BUILD_PLAN,False,True
WIP8D-REV-0211,PHASE4-MPS-20260711141513,PSC-SKU-BIKE-MT-001-20260831,SKU-BIKE-MT-001,MT-OP-030,WIP-MT-FRAME-TO-WHEEL,BUF-MT-FRAME-WHEEL,CAPACITY_STILL_BLOCKED_AFTER_WIP,CRITICAL,Capacity remains blocked after WIP is considered.,REVIEW_CAPACITY_CONSTRAINT,False,True
WIP8D-REV-0212,PHASE4-MPS-20260711141513,PSC-SKU-BIKE-MT-001-20260831,SKU-BIKE-MT-001,MT-OP-030,WIP-MT-FRAME-TO-WHEEL,BUF-MT-FRAME-WHEEL,MAINTENANCE_STILL_BLOCKED_AFTER_WIP,CRITICAL,Maintenance remains blocked after WIP is considered.,REVIEW_MAINTENANCE_BLOCKER,False,True
WIP8D-REV-0213,PHASE4-MPS-20260711141513,PSC-SKU-BIKE-MT-001-20260831,SKU-BIKE-MT-001,MT-OP-040,WIP-MT-FRAME-TO-BRAKE,BUF-MT-FRAME-BRAKE,WIP_SHORTAGE_SCHEDULE_RISK,HIGH,Accepted WIP does not cover the downstream operation requirement.,REVIEW_WIP_BUFFER_BUILD_PLAN,False,True
WIP8D-REV-0214,PHASE4-MPS-20260711141513,PSC-SKU-BIKE-MT-001-20260831,SKU-BIKE-MT-001,MT-OP-040,WIP-MT-FRAME-TO-BRAKE,BUF-MT-FRAME-BRAKE,CAPACITY_STILL_BLOCKED_AFTER_WIP,CRITICAL,Capacity remains blocked after WIP is considered.,REVIEW_CAPACITY_CONSTRAINT,False,True
WIP8D-REV-0215,PHASE4-MPS-20260711141513,PSC-SKU-BIKE-MT-001-20260831,SKU-BIKE-MT-001,MT-OP-040,WIP-MT-FRAME-TO-BRAKE,BUF-MT-FRAME-BRAKE,MAINTENANCE_STILL_BLOCKED_AFTER_WIP,CRITICAL,Maintenance remains blocked after WIP is considered.,REVIEW_MAINTENANCE_BLOCKER,False,True
WIP8D-REV-0216,PHASE4-MPS-20260711141513,PSC-SKU-BIKE-MT-001-20260831,SKU-BIKE-MT-001,MT-OP-050,WIP-MT-FORK-READY,BUF-MT-FORK,WIP_SHORTAGE_SCHEDULE_RISK,HIGH,Accepted WIP does not cover the downstream operation requirement.,REVIEW_WIP_BUFFER_BUILD_PLAN,False,True
WIP8D-REV-0217,PHASE4-MPS-20260711141513,PSC-SKU-BIKE-MT-001-20260831,SKU-BIKE-MT-001,MT-OP-050,WIP-MT-FORK-READY,BUF-MT-FORK,CAPACITY_STILL_BLOCKED_AFTER_WIP,CRITICAL,Capacity remains blocked after WIP is considered.,REVIEW_CAPACITY_CONSTRAINT,False,True
WIP8D-REV-0218,PHASE4-MPS-20260711141513,PSC-SKU-BIKE-MT-001-20260831,SKU-BIKE-MT-001,MT-OP-050,WIP-MT-FORK-READY,BUF-MT-FORK,MAINTENANCE_STILL_BLOCKED_AFTER_WIP,CRITICAL,Maintenance remains blocked after WIP is considered.,REVIEW_MAINTENANCE_BLOCKER,False,True
WIP8D-REV-0219,PHASE4-MPS-20260711141513,PSC-SKU-BIKE-MT-001-20260831,SKU-BIKE-MT-001,MT-OP-050,WIP-MT-WHEEL-SET-READY,BUF-MT-WHEEL,CAPACITY_STILL_BLOCKED_AFTER_WIP,CRITICAL,Capacity remains blocked after WIP is considered.,REVIEW_CAPACITY_CONSTRAINT,False,True
WIP8D-REV-0220,PHASE4-MPS-20260711141513,PSC-SKU-BIKE-MT-001-20260831,SKU-BIKE-MT-001,MT-OP-050,WIP-MT-WHEEL-SET-READY,BUF-MT-WHEEL,MAINTENANCE_STILL_BLOCKED_AFTER_WIP,CRITICAL,Maintenance remains blocked after WIP is considered.,REVIEW_MAINTENANCE_BLOCKER,False,True
WIP8D-REV-0221,PHASE4-MPS-20260711141513,PSC-SKU-BIKE-MT-001-20260831,SKU-BIKE-MT-001,MT-OP-050,WIP-MT-BRAKE-SET-READY,BUF-MT-BRAKE,CAPACITY_STILL_BLOCKED_AFTER_WIP,CRITICAL,Capacity remains blocked after WIP is considered.,REVIEW_CAPACITY_CONSTRAINT,False,True
WIP8D-REV-0222,PHASE4-MPS-20260711141513,PSC-SKU-BIKE-MT-001-20260831,SKU-BIKE-MT-001,MT-OP-050,WIP-MT-BRAKE-SET-READY,BUF-MT-BRAKE,MAINTENANCE_STILL_BLOCKED_AFTER_WIP,CRITICAL,Maintenance remains blocked after WIP is considered.,REVIEW_MAINTENANCE_BLOCKER,False,True
WIP8D-REV-0223,PHASE4-MPS-20260711141513,PSC-SKU-BIKE-MT-001-20260831,SKU-BIKE-MT-001,MT-OP-060,WIP-MT-FINAL-ASSEMBLY-READY,BUF-MT-ASM,WIP_SHORTAGE_SCHEDULE_RISK,HIGH,Accepted WIP does not cover the downstream operation requirement.,REVIEW_WIP_BUFFER_BUILD_PLAN,False,True
WIP8D-REV-0224,PHASE4-MPS-20260711141513,PSC-SKU-BIKE-MT-001-20260831,SKU-BIKE-MT-001,MT-OP-060,WIP-MT-FINAL-ASSEMBLY-READY,BUF-MT-ASM,CAPACITY_STILL_BLOCKED_AFTER_WIP,CRITICAL,Capacity remains blocked after WIP is considered.,REVIEW_CAPACITY_CONSTRAINT,False,True
WIP8D-REV-0225,PHASE4-MPS-20260711141513,PSC-SKU-BIKE-MT-001-20260831,SKU-BIKE-MT-001,MT-OP-060,WIP-MT-FINAL-ASSEMBLY-READY,BUF-MT-ASM,MAINTENANCE_STILL_BLOCKED_AFTER_WIP,CRITICAL,Maintenance remains blocked after WIP is considered.,REVIEW_MAINTENANCE_BLOCKER,False,True
WIP8D-REV-0226,PHASE4-MPS-20260711141513,PSC-SKU-BIKE-MT-001-20260831,SKU-BIKE-MT-001,MT-OP-070,WIP-MT-QC-PASSED,BUF-MT-QC,CAPACITY_STILL_BLOCKED_AFTER_WIP,CRITICAL,Capacity remains blocked after WIP is considered.,REVIEW_CAPACITY_CONSTRAINT,False,True
WIP8D-REV-0227,PHASE4-MPS-20260711141513,PSC-SKU-BIKE-MT-001-20260831,SKU-BIKE-MT-001,MT-OP-070,WIP-MT-QC-PASSED,BUF-MT-QC,MAINTENANCE_STILL_BLOCKED_AFTER_WIP,CRITICAL,Maintenance remains blocked after WIP is considered.,REVIEW_MAINTENANCE_BLOCKER,False,True
WIP8D-REV-0228,PHASE4-MPS-20260711141513,PSC-SKU-BIKE-MT-001-20260907,SKU-BIKE-MT-001,MT-OP-010,,,CAPACITY_STILL_BLOCKED_AFTER_WIP,CRITICAL,Capacity remains blocked after WIP is considered.,REVIEW_CAPACITY_CONSTRAINT,False,True
WIP8D-REV-0229,PHASE4-MPS-20260711141513,PSC-SKU-BIKE-MT-001-20260907,SKU-BIKE-MT-001,MT-OP-010,,,MAINTENANCE_STILL_BLOCKED_AFTER_WIP,CRITICAL,Maintenance remains blocked after WIP is considered.,REVIEW_MAINTENANCE_BLOCKER,False,True
WIP8D-REV-0230,PHASE4-MPS-20260711141513,PSC-SKU-BIKE-MT-001-20260907,SKU-BIKE-MT-001,MT-OP-020,WIP-MT-FRAME-TO-FORK,BUF-MT-FRAME-FORK,WIP_SHORTAGE_SCHEDULE_RISK,HIGH,Accepted WIP does not cover the downstream operation requirement.,REVIEW_WIP_BUFFER_BUILD_PLAN,False,True
WIP8D-REV-0231,PHASE4-MPS-20260711141513,PSC-SKU-BIKE-MT-001-20260907,SKU-BIKE-MT-001,MT-OP-020,WIP-MT-FRAME-TO-FORK,BUF-MT-FRAME-FORK,CAPACITY_STILL_BLOCKED_AFTER_WIP,CRITICAL,Capacity remains blocked after WIP is considered.,REVIEW_CAPACITY_CONSTRAINT,False,True
WIP8D-REV-0232,PHASE4-MPS-20260711141513,PSC-SKU-BIKE-MT-001-20260907,SKU-BIKE-MT-001,MT-OP-020,WIP-MT-FRAME-TO-FORK,BUF-MT-FRAME-FORK,MAINTENANCE_STILL_BLOCKED_AFTER_WIP,CRITICAL,Maintenance remains blocked after WIP is considered.,REVIEW_MAINTENANCE_BLOCKER,False,True
WIP8D-REV-0233,PHASE4-MPS-20260711141513,PSC-SKU-BIKE-MT-001-20260907,SKU-BIKE-MT-001,MT-OP-030,WIP-MT-FRAME-TO-WHEEL,BUF-MT-FRAME-WHEEL,WIP_SHORTAGE_SCHEDULE_RISK,HIGH,Accepted WIP does not cover the downstream operation requirement.,REVIEW_WIP_BUFFER_BUILD_PLAN,False,True
WIP8D-REV-0234,PHASE4-MPS-20260711141513,PSC-SKU-BIKE-MT-001-20260907,SKU-BIKE-MT-001,MT-OP-030,WIP-MT-FRAME-TO-WHEEL,BUF-MT-FRAME-WHEEL,CAPACITY_STILL_BLOCKED_AFTER_WIP,CRITICAL,Capacity remains blocked after WIP is considered.,REVIEW_CAPACITY_CONSTRAINT,False,True
WIP8D-REV-0235,PHASE4-MPS-20260711141513,PSC-SKU-BIKE-MT-001-20260907,SKU-BIKE-MT-001,MT-OP-030,WIP-MT-FRAME-TO-WHEEL,BUF-MT-FRAME-WHEEL,MAINTENANCE_STILL_BLOCKED_AFTER_WIP,CRITICAL,Maintenance remains blocked after WIP is considered.,REVIEW_MAINTENANCE_BLOCKER,False,True
WIP8D-REV-0236,PHASE4-MPS-20260711141513,PSC-SKU-BIKE-MT-001-20260907,SKU-BIKE-MT-001,MT-OP-040,WIP-MT-FRAME-TO-BRAKE,BUF-MT-FRAME-BRAKE,WIP_SHORTAGE_SCHEDULE_RISK,HIGH,Accepted WIP does not cover the downstream operation requirement.,REVIEW_WIP_BUFFER_BUILD_PLAN,False,True
WIP8D-REV-0237,PHASE4-MPS-20260711141513,PSC-SKU-BIKE-MT-001-20260907,SKU-BIKE-MT-001,MT-OP-040,WIP-MT-FRAME-TO-BRAKE,BUF-MT-FRAME-BRAKE,CAPACITY_STILL_BLOCKED_AFTER_WIP,CRITICAL,Capacity remains blocked after WIP is considered.,REVIEW_CAPACITY_CONSTRAINT,False,True
WIP8D-REV-0238,PHASE4-MPS-20260711141513,PSC-SKU-BIKE-MT-001-20260907,SKU-BIKE-MT-001,MT-OP-040,WIP-MT-FRAME-TO-BRAKE,BUF-MT-FRAME-BRAKE,MAINTENANCE_STILL_BLOCKED_AFTER_WIP,CRITICAL,Maintenance remains blocked after WIP is considered.,REVIEW_MAINTENANCE_BLOCKER,False,True
WIP8D-REV-0239,PHASE4-MPS-20260711141513,PSC-SKU-BIKE-MT-001-20260907,SKU-BIKE-MT-001,MT-OP-050,WIP-MT-FORK-READY,BUF-MT-FORK,WIP_SHORTAGE_SCHEDULE_RISK,HIGH,Accepted WIP does not cover the downstream operation requirement.,REVIEW_WIP_BUFFER_BUILD_PLAN,False,True
WIP8D-REV-0240,PHASE4-MPS-20260711141513,PSC-SKU-BIKE-MT-001-20260907,SKU-BIKE-MT-001,MT-OP-050,WIP-MT-FORK-READY,BUF-MT-FORK,CAPACITY_STILL_BLOCKED_AFTER_WIP,CRITICAL,Capacity remains blocked after WIP is considered.,REVIEW_CAPACITY_CONSTRAINT,False,True
WIP8D-REV-0241,PHASE4-MPS-20260711141513,PSC-SKU-BIKE-MT-001-20260907,SKU-BIKE-MT-001,MT-OP-050,WIP-MT-FORK-READY,BUF-MT-FORK,MAINTENANCE_STILL_BLOCKED_AFTER_WIP,CRITICAL,Maintenance remains blocked after WIP is considered.,REVIEW_MAINTENANCE_BLOCKER,False,True
WIP8D-REV-0242,PHASE4-MPS-20260711141513,PSC-SKU-BIKE-MT-001-20260907,SKU-BIKE-MT-001,MT-OP-050,WIP-MT-WHEEL-SET-READY,BUF-MT-WHEEL,CAPACITY_STILL_BLOCKED_AFTER_WIP,CRITICAL,Capacity remains blocked after WIP is considered.,REVIEW_CAPACITY_CONSTRAINT,False,True
WIP8D-REV-0243,PHASE4-MPS-20260711141513,PSC-SKU-BIKE-MT-001-20260907,SKU-BIKE-MT-001,MT-OP-050,WIP-MT-WHEEL-SET-READY,BUF-MT-WHEEL,MAINTENANCE_STILL_BLOCKED_AFTER_WIP,CRITICAL,Maintenance remains blocked after WIP is considered.,REVIEW_MAINTENANCE_BLOCKER,False,True
WIP8D-REV-0244,PHASE4-MPS-20260711141513,PSC-SKU-BIKE-MT-001-20260907,SKU-BIKE-MT-001,MT-OP-050,WIP-MT-BRAKE-SET-READY,BUF-MT-BRAKE,CAPACITY_STILL_BLOCKED_AFTER_WIP,CRITICAL,Capacity remains blocked after WIP is considered.,REVIEW_CAPACITY_CONSTRAINT,False,True
WIP8D-REV-0245,PHASE4-MPS-20260711141513,PSC-SKU-BIKE-MT-001-20260907,SKU-BIKE-MT-001,MT-OP-050,WIP-MT-BRAKE-SET-READY,BUF-MT-BRAKE,MAINTENANCE_STILL_BLOCKED_AFTER_WIP,CRITICAL,Maintenance remains blocked after WIP is considered.,REVIEW_MAINTENANCE_BLOCKER,False,True
WIP8D-REV-0246,PHASE4-MPS-20260711141513,PSC-SKU-BIKE-MT-001-20260907,SKU-BIKE-MT-001,MT-OP-060,WIP-MT-FINAL-ASSEMBLY-READY,BUF-MT-ASM,WIP_SHORTAGE_SCHEDULE_RISK,HIGH,Accepted WIP does not cover the downstream operation requirement.,REVIEW_WIP_BUFFER_BUILD_PLAN,False,True
WIP8D-REV-0247,PHASE4-MPS-20260711141513,PSC-SKU-BIKE-MT-001-20260907,SKU-BIKE-MT-001,MT-OP-060,WIP-MT-FINAL-ASSEMBLY-READY,BUF-MT-ASM,CAPACITY_STILL_BLOCKED_AFTER_WIP,CRITICAL,Capacity remains blocked after WIP is considered.,REVIEW_CAPACITY_CONSTRAINT,False,True
WIP8D-REV-0248,PHASE4-MPS-20260711141513,PSC-SKU-BIKE-MT-001-20260907,SKU-BIKE-MT-001,MT-OP-060,WIP-MT-FINAL-ASSEMBLY-READY,BUF-MT-ASM,MAINTENANCE_STILL_BLOCKED_AFTER_WIP,CRITICAL,Maintenance remains blocked after WIP is considered.,REVIEW_MAINTENANCE_BLOCKER,False,True
WIP8D-REV-0249,PHASE4-MPS-20260711141513,PSC-SKU-BIKE-MT-001-20260907,SKU-BIKE-MT-001,MT-OP-070,WIP-MT-QC-PASSED,BUF-MT-QC,CAPACITY_STILL_BLOCKED_AFTER_WIP,CRITICAL,Capacity remains blocked after WIP is considered.,REVIEW_CAPACITY_CONSTRAINT,False,True
WIP8D-REV-0250,PHASE4-MPS-20260711141513,PSC-SKU-BIKE-MT-001-20260907,SKU-BIKE-MT-001,MT-OP-070,WIP-MT-QC-PASSED,BUF-MT-QC,MAINTENANCE_STILL_BLOCKED_AFTER_WIP,CRITICAL,Maintenance remains blocked after WIP is considered.,REVIEW_MAINTENANCE_BLOCKER,False,True
WIP8D-REV-0251,PHASE4-MPS-20260711141513,PSC-SKU-BIKE-MT-001-20260914,SKU-BIKE-MT-001,MT-OP-010,,,CAPACITY_STILL_BLOCKED_AFTER_WIP,CRITICAL,Capacity remains blocked after WIP is considered.,REVIEW_CAPACITY_CONSTRAINT,False,True
WIP8D-REV-0252,PHASE4-MPS-20260711141513,PSC-SKU-BIKE-MT-001-20260914,SKU-BIKE-MT-001,MT-OP-010,,,MAINTENANCE_STILL_BLOCKED_AFTER_WIP,CRITICAL,Maintenance remains blocked after WIP is considered.,REVIEW_MAINTENANCE_BLOCKER,False,True
WIP8D-REV-0253,PHASE4-MPS-20260711141513,PSC-SKU-BIKE-MT-001-20260914,SKU-BIKE-MT-001,MT-OP-020,WIP-MT-FRAME-TO-FORK,BUF-MT-FRAME-FORK,WIP_SHORTAGE_SCHEDULE_RISK,HIGH,Accepted WIP does not cover the downstream operation requirement.,REVIEW_WIP_BUFFER_BUILD_PLAN,False,True
WIP8D-REV-0254,PHASE4-MPS-20260711141513,PSC-SKU-BIKE-MT-001-20260914,SKU-BIKE-MT-001,MT-OP-020,WIP-MT-FRAME-TO-FORK,BUF-MT-FRAME-FORK,CAPACITY_STILL_BLOCKED_AFTER_WIP,CRITICAL,Capacity remains blocked after WIP is considered.,REVIEW_CAPACITY_CONSTRAINT,False,True
WIP8D-REV-0255,PHASE4-MPS-20260711141513,PSC-SKU-BIKE-MT-001-20260914,SKU-BIKE-MT-001,MT-OP-020,WIP-MT-FRAME-TO-FORK,BUF-MT-FRAME-FORK,MAINTENANCE_STILL_BLOCKED_AFTER_WIP,CRITICAL,Maintenance remains blocked after WIP is considered.,REVIEW_MAINTENANCE_BLOCKER,False,True
WIP8D-REV-0256,PHASE4-MPS-20260711141513,PSC-SKU-BIKE-MT-001-20260914,SKU-BIKE-MT-001,MT-OP-030,WIP-MT-FRAME-TO-WHEEL,BUF-MT-FRAME-WHEEL,WIP_SHORTAGE_SCHEDULE_RISK,HIGH,Accepted WIP does not cover the downstream operation requirement.,REVIEW_WIP_BUFFER_BUILD_PLAN,False,True
WIP8D-REV-0257,PHASE4-MPS-20260711141513,PSC-SKU-BIKE-MT-001-20260914,SKU-BIKE-MT-001,MT-OP-030,WIP-MT-FRAME-TO-WHEEL,BUF-MT-FRAME-WHEEL,CAPACITY_STILL_BLOCKED_AFTER_WIP,CRITICAL,Capacity remains blocked after WIP is considered.,REVIEW_CAPACITY_CONSTRAINT,False,True
WIP8D-REV-0258,PHASE4-MPS-20260711141513,PSC-SKU-BIKE-MT-001-20260914,SKU-BIKE-MT-001,MT-OP-030,WIP-MT-FRAME-TO-WHEEL,BUF-MT-FRAME-WHEEL,MAINTENANCE_STILL_BLOCKED_AFTER_WIP,CRITICAL,Maintenance remains blocked after WIP is considered.,REVIEW_MAINTENANCE_BLOCKER,False,True
WIP8D-REV-0259,PHASE4-MPS-20260711141513,PSC-SKU-BIKE-MT-001-20260914,SKU-BIKE-MT-001,MT-OP-040,WIP-MT-FRAME-TO-BRAKE,BUF-MT-FRAME-BRAKE,WIP_SHORTAGE_SCHEDULE_RISK,HIGH,Accepted WIP does not cover the downstream operation requirement.,REVIEW_WIP_BUFFER_BUILD_PLAN,False,True
WIP8D-REV-0260,PHASE4-MPS-20260711141513,PSC-SKU-BIKE-MT-001-20260914,SKU-BIKE-MT-001,MT-OP-040,WIP-MT-FRAME-TO-BRAKE,BUF-MT-FRAME-BRAKE,CAPACITY_STILL_BLOCKED_AFTER_WIP,CRITICAL,Capacity remains blocked after WIP is considered.,REVIEW_CAPACITY_CONSTRAINT,False,True
WIP8D-REV-0261,PHASE4-MPS-20260711141513,PSC-SKU-BIKE-MT-001-20260914,SKU-BIKE-MT-001,MT-OP-040,WIP-MT-FRAME-TO-BRAKE,BUF-MT-FRAME-BRAKE,MAINTENANCE_STILL_BLOCKED_AFTER_WIP,CRITICAL,Maintenance remains blocked after WIP is considered.,REVIEW_MAINTENANCE_BLOCKER,False,True
WIP8D-REV-0262,PHASE4-MPS-20260711141513,PSC-SKU-BIKE-MT-001-20260914,SKU-BIKE-MT-001,MT-OP-050,WIP-MT-FORK-READY,BUF-MT-FORK,WIP_SHORTAGE_SCHEDULE_RISK,HIGH,Accepted WIP does not cover the downstream operation requirement.,REVIEW_WIP_BUFFER_BUILD_PLAN,False,True
WIP8D-REV-0263,PHASE4-MPS-20260711141513,PSC-SKU-BIKE-MT-001-20260914,SKU-BIKE-MT-001,MT-OP-050,WIP-MT-FORK-READY,BUF-MT-FORK,CAPACITY_STILL_BLOCKED_AFTER_WIP,CRITICAL,Capacity remains blocked after WIP is considered.,REVIEW_CAPACITY_CONSTRAINT,False,True
WIP8D-REV-0264,PHASE4-MPS-20260711141513,PSC-SKU-BIKE-MT-001-20260914,SKU-BIKE-MT-001,MT-OP-050,WIP-MT-FORK-READY,BUF-MT-FORK,MAINTENANCE_STILL_BLOCKED_AFTER_WIP,CRITICAL,Maintenance remains blocked after WIP is considered.,REVIEW_MAINTENANCE_BLOCKER,False,True
WIP8D-REV-0265,PHASE4-MPS-20260711141513,PSC-SKU-BIKE-MT-001-20260914,SKU-BIKE-MT-001,MT-OP-050,WIP-MT-WHEEL-SET-READY,BUF-MT-WHEEL,CAPACITY_STILL_BLOCKED_AFTER_WIP,CRITICAL,Capacity remains blocked after WIP is considered.,REVIEW_CAPACITY_CONSTRAINT,False,True
WIP8D-REV-0266,PHASE4-MPS-20260711141513,PSC-SKU-BIKE-MT-001-20260914,SKU-BIKE-MT-001,MT-OP-050,WIP-MT-WHEEL-SET-READY,BUF-MT-WHEEL,MAINTENANCE_STILL_BLOCKED_AFTER_WIP,CRITICAL,Maintenance remains blocked after WIP is considered.,REVIEW_MAINTENANCE_BLOCKER,False,True
WIP8D-REV-0267,PHASE4-MPS-20260711141513,PSC-SKU-BIKE-MT-001-20260914,SKU-BIKE-MT-001,MT-OP-050,WIP-MT-BRAKE-SET-READY,BUF-MT-BRAKE,CAPACITY_STILL_BLOCKED_AFTER_WIP,CRITICAL,Capacity remains blocked after WIP is considered.,REVIEW_CAPACITY_CONSTRAINT,False,True
WIP8D-REV-0268,PHASE4-MPS-20260711141513,PSC-SKU-BIKE-MT-001-20260914,SKU-BIKE-MT-001,MT-OP-050,WIP-MT-BRAKE-SET-READY,BUF-MT-BRAKE,MAINTENANCE_STILL_BLOCKED_AFTER_WIP,CRITICAL,Maintenance remains blocked after WIP is considered.,REVIEW_MAINTENANCE_BLOCKER,False,True
WIP8D-REV-0269,PHASE4-MPS-20260711141513,PSC-SKU-BIKE-MT-001-20260914,SKU-BIKE-MT-001,MT-OP-060,WIP-MT-FINAL-ASSEMBLY-READY,BUF-MT-ASM,WIP_SHORTAGE_SCHEDULE_RISK,HIGH,Accepted WIP does not cover the downstream operation requirement.,REVIEW_WIP_BUFFER_BUILD_PLAN,False,True
WIP8D-REV-0270,PHASE4-MPS-20260711141513,PSC-SKU-BIKE-MT-001-20260914,SKU-BIKE-MT-001,MT-OP-060,WIP-MT-FINAL-ASSEMBLY-READY,BUF-MT-ASM,CAPACITY_STILL_BLOCKED_AFTER_WIP,CRITICAL,Capacity remains blocked after WIP is considered.,REVIEW_CAPACITY_CONSTRAINT,False,True
WIP8D-REV-0271,PHASE4-MPS-20260711141513,PSC-SKU-BIKE-MT-001-20260914,SKU-BIKE-MT-001,MT-OP-060,WIP-MT-FINAL-ASSEMBLY-READY,BUF-MT-ASM,MAINTENANCE_STILL_BLOCKED_AFTER_WIP,CRITICAL,Maintenance remains blocked after WIP is considered.,REVIEW_MAINTENANCE_BLOCKER,False,True
WIP8D-REV-0272,PHASE4-MPS-20260711141513,PSC-SKU-BIKE-MT-001-20260914,SKU-BIKE-MT-001,MT-OP-070,WIP-MT-QC-PASSED,BUF-MT-QC,CAPACITY_STILL_BLOCKED_AFTER_WIP,CRITICAL,Capacity remains blocked after WIP is considered.,REVIEW_CAPACITY_CONSTRAINT,False,True
WIP8D-REV-0273,PHASE4-MPS-20260711141513,PSC-SKU-BIKE-MT-001-20260914,SKU-BIKE-MT-001,MT-OP-070,WIP-MT-QC-PASSED,BUF-MT-QC,MAINTENANCE_STILL_BLOCKED_AFTER_WIP,CRITICAL,Maintenance remains blocked after WIP is considered.,REVIEW_MAINTENANCE_BLOCKER,False,True
WIP8D-REV-0274,PHASE4-MPS-20260711141513,PSC-SKU-BIKE-MT-001-20260921,SKU-BIKE-MT-001,MT-OP-010,,,CAPACITY_STILL_BLOCKED_AFTER_WIP,CRITICAL,Capacity remains blocked after WIP is considered.,REVIEW_CAPACITY_CONSTRAINT,False,True
WIP8D-REV-0275,PHASE4-MPS-20260711141513,PSC-SKU-BIKE-MT-001-20260921,SKU-BIKE-MT-001,MT-OP-010,,,MAINTENANCE_STILL_BLOCKED_AFTER_WIP,CRITICAL,Maintenance remains blocked after WIP is considered.,REVIEW_MAINTENANCE_BLOCKER,False,True
WIP8D-REV-0276,PHASE4-MPS-20260711141513,PSC-SKU-BIKE-MT-001-20260921,SKU-BIKE-MT-001,MT-OP-020,WIP-MT-FRAME-TO-FORK,BUF-MT-FRAME-FORK,WIP_SHORTAGE_SCHEDULE_RISK,HIGH,Accepted WIP does not cover the downstream operation requirement.,REVIEW_WIP_BUFFER_BUILD_PLAN,False,True
WIP8D-REV-0277,PHASE4-MPS-20260711141513,PSC-SKU-BIKE-MT-001-20260921,SKU-BIKE-MT-001,MT-OP-020,WIP-MT-FRAME-TO-FORK,BUF-MT-FRAME-FORK,CAPACITY_STILL_BLOCKED_AFTER_WIP,CRITICAL,Capacity remains blocked after WIP is considered.,REVIEW_CAPACITY_CONSTRAINT,False,True
WIP8D-REV-0278,PHASE4-MPS-20260711141513,PSC-SKU-BIKE-MT-001-20260921,SKU-BIKE-MT-001,MT-OP-020,WIP-MT-FRAME-TO-FORK,BUF-MT-FRAME-FORK,MAINTENANCE_STILL_BLOCKED_AFTER_WIP,CRITICAL,Maintenance remains blocked after WIP is considered.,REVIEW_MAINTENANCE_BLOCKER,False,True
WIP8D-REV-0279,PHASE4-MPS-20260711141513,PSC-SKU-BIKE-MT-001-20260921,SKU-BIKE-MT-001,MT-OP-030,WIP-MT-FRAME-TO-WHEEL,BUF-MT-FRAME-WHEEL,WIP_SHORTAGE_SCHEDULE_RISK,HIGH,Accepted WIP does not cover the downstream operation requirement.,REVIEW_WIP_BUFFER_BUILD_PLAN,False,True
WIP8D-REV-0280,PHASE4-MPS-20260711141513,PSC-SKU-BIKE-MT-001-20260921,SKU-BIKE-MT-001,MT-OP-030,WIP-MT-FRAME-TO-WHEEL,BUF-MT-FRAME-WHEEL,CAPACITY_STILL_BLOCKED_AFTER_WIP,CRITICAL,Capacity remains blocked after WIP is considered.,REVIEW_CAPACITY_CONSTRAINT,False,True
WIP8D-REV-0281,PHASE4-MPS-20260711141513,PSC-SKU-BIKE-MT-001-20260921,SKU-BIKE-MT-001,MT-OP-030,WIP-MT-FRAME-TO-WHEEL,BUF-MT-FRAME-WHEEL,MAINTENANCE_STILL_BLOCKED_AFTER_WIP,CRITICAL,Maintenance remains blocked after WIP is considered.,REVIEW_MAINTENANCE_BLOCKER,False,True
WIP8D-REV-0282,PHASE4-MPS-20260711141513,PSC-SKU-BIKE-MT-001-20260921,SKU-BIKE-MT-001,MT-OP-040,WIP-MT-FRAME-TO-BRAKE,BUF-MT-FRAME-BRAKE,WIP_SHORTAGE_SCHEDULE_RISK,HIGH,Accepted WIP does not cover the downstream operation requirement.,REVIEW_WIP_BUFFER_BUILD_PLAN,False,True
WIP8D-REV-0283,PHASE4-MPS-20260711141513,PSC-SKU-BIKE-MT-001-20260921,SKU-BIKE-MT-001,MT-OP-040,WIP-MT-FRAME-TO-BRAKE,BUF-MT-FRAME-BRAKE,CAPACITY_STILL_BLOCKED_AFTER_WIP,CRITICAL,Capacity remains blocked after WIP is considered.,REVIEW_CAPACITY_CONSTRAINT,False,True
WIP8D-REV-0284,PHASE4-MPS-20260711141513,PSC-SKU-BIKE-MT-001-20260921,SKU-BIKE-MT-001,MT-OP-040,WIP-MT-FRAME-TO-BRAKE,BUF-MT-FRAME-BRAKE,MAINTENANCE_STILL_BLOCKED_AFTER_WIP,CRITICAL,Maintenance remains blocked after WIP is considered.,REVIEW_MAINTENANCE_BLOCKER,False,True
WIP8D-REV-0285,PHASE4-MPS-20260711141513,PSC-SKU-BIKE-MT-001-20260921,SKU-BIKE-MT-001,MT-OP-050,WIP-MT-FORK-READY,BUF-MT-FORK,WIP_SHORTAGE_SCHEDULE_RISK,HIGH,Accepted WIP does not cover the downstream operation requirement.,REVIEW_WIP_BUFFER_BUILD_PLAN,False,True
WIP8D-REV-0286,PHASE4-MPS-20260711141513,PSC-SKU-BIKE-MT-001-20260921,SKU-BIKE-MT-001,MT-OP-050,WIP-MT-FORK-READY,BUF-MT-FORK,CAPACITY_STILL_BLOCKED_AFTER_WIP,CRITICAL,Capacity remains blocked after WIP is considered.,REVIEW_CAPACITY_CONSTRAINT,False,True
WIP8D-REV-0287,PHASE4-MPS-20260711141513,PSC-SKU-BIKE-MT-001-20260921,SKU-BIKE-MT-001,MT-OP-050,WIP-MT-FORK-READY,BUF-MT-FORK,MAINTENANCE_STILL_BLOCKED_AFTER_WIP,CRITICAL,Maintenance remains blocked after WIP is considered.,REVIEW_MAINTENANCE_BLOCKER,False,True
WIP8D-REV-0288,PHASE4-MPS-20260711141513,PSC-SKU-BIKE-MT-001-20260921,SKU-BIKE-MT-001,MT-OP-050,WIP-MT-WHEEL-SET-READY,BUF-MT-WHEEL,CAPACITY_STILL_BLOCKED_AFTER_WIP,CRITICAL,Capacity remains blocked after WIP is considered.,REVIEW_CAPACITY_CONSTRAINT,False,True
WIP8D-REV-0289,PHASE4-MPS-20260711141513,PSC-SKU-BIKE-MT-001-20260921,SKU-BIKE-MT-001,MT-OP-050,WIP-MT-WHEEL-SET-READY,BUF-MT-WHEEL,MAINTENANCE_STILL_BLOCKED_AFTER_WIP,CRITICAL,Maintenance remains blocked after WIP is considered.,REVIEW_MAINTENANCE_BLOCKER,False,True
WIP8D-REV-0290,PHASE4-MPS-20260711141513,PSC-SKU-BIKE-MT-001-20260921,SKU-BIKE-MT-001,MT-OP-050,WIP-MT-BRAKE-SET-READY,BUF-MT-BRAKE,CAPACITY_STILL_BLOCKED_AFTER_WIP,CRITICAL,Capacity remains blocked after WIP is considered.,REVIEW_CAPACITY_CONSTRAINT,False,True
WIP8D-REV-0291,PHASE4-MPS-20260711141513,PSC-SKU-BIKE-MT-001-20260921,SKU-BIKE-MT-001,MT-OP-050,WIP-MT-BRAKE-SET-READY,BUF-MT-BRAKE,MAINTENANCE_STILL_BLOCKED_AFTER_WIP,CRITICAL,Maintenance remains blocked after WIP is considered.,REVIEW_MAINTENANCE_BLOCKER,False,True
WIP8D-REV-0292,PHASE4-MPS-20260711141513,PSC-SKU-BIKE-MT-001-20260921,SKU-BIKE-MT-001,MT-OP-060,WIP-MT-FINAL-ASSEMBLY-READY,BUF-MT-ASM,WIP_SHORTAGE_SCHEDULE_RISK,HIGH,Accepted WIP does not cover the downstream operation requirement.,REVIEW_WIP_BUFFER_BUILD_PLAN,False,True
WIP8D-REV-0293,PHASE4-MPS-20260711141513,PSC-SKU-BIKE-MT-001-20260921,SKU-BIKE-MT-001,MT-OP-060,WIP-MT-FINAL-ASSEMBLY-READY,BUF-MT-ASM,CAPACITY_STILL_BLOCKED_AFTER_WIP,CRITICAL,Capacity remains blocked after WIP is considered.,REVIEW_CAPACITY_CONSTRAINT,False,True
WIP8D-REV-0294,PHASE4-MPS-20260711141513,PSC-SKU-BIKE-MT-001-20260921,SKU-BIKE-MT-001,MT-OP-060,WIP-MT-FINAL-ASSEMBLY-READY,BUF-MT-ASM,MAINTENANCE_STILL_BLOCKED_AFTER_WIP,CRITICAL,Maintenance remains blocked after WIP is considered.,REVIEW_MAINTENANCE_BLOCKER,False,True
WIP8D-REV-0295,PHASE4-MPS-20260711141513,PSC-SKU-BIKE-MT-001-20260921,SKU-BIKE-MT-001,MT-OP-070,WIP-MT-QC-PASSED,BUF-MT-QC,CAPACITY_STILL_BLOCKED_AFTER_WIP,CRITICAL,Capacity remains blocked after WIP is considered.,REVIEW_CAPACITY_CONSTRAINT,False,True
WIP8D-REV-0296,PHASE4-MPS-20260711141513,PSC-SKU-BIKE-MT-001-20260921,SKU-BIKE-MT-001,MT-OP-070,WIP-MT-QC-PASSED,BUF-MT-QC,MAINTENANCE_STILL_BLOCKED_AFTER_WIP,CRITICAL,Maintenance remains blocked after WIP is considered.,REVIEW_MAINTENANCE_BLOCKER,False,True
WIP8D-REV-0297,PHASE4-MPS-20260711141513,PSC-SKU-BIKE-MT-001-20260928,SKU-BIKE-MT-001,MT-OP-010,,,MAINTENANCE_STILL_BLOCKED_AFTER_WIP,CRITICAL,Maintenance remains blocked after WIP is considered.,REVIEW_MAINTENANCE_BLOCKER,False,True
WIP8D-REV-0298,PHASE4-MPS-20260711141513,PSC-SKU-BIKE-MT-001-20260928,SKU-BIKE-MT-001,MT-OP-020,WIP-MT-FRAME-TO-FORK,BUF-MT-FRAME-FORK,WIP_SHORTAGE_SCHEDULE_RISK,HIGH,Accepted WIP does not cover the downstream operation requirement.,REVIEW_WIP_BUFFER_BUILD_PLAN,False,True
WIP8D-REV-0299,PHASE4-MPS-20260711141513,PSC-SKU-BIKE-MT-001-20260928,SKU-BIKE-MT-001,MT-OP-020,WIP-MT-FRAME-TO-FORK,BUF-MT-FRAME-FORK,MAINTENANCE_STILL_BLOCKED_AFTER_WIP,CRITICAL,Maintenance remains blocked after WIP is considered.,REVIEW_MAINTENANCE_BLOCKER,False,True
WIP8D-REV-0300,PHASE4-MPS-20260711141513,PSC-SKU-BIKE-MT-001-20260928,SKU-BIKE-MT-001,MT-OP-030,WIP-MT-FRAME-TO-WHEEL,BUF-MT-FRAME-WHEEL,WIP_SHORTAGE_SCHEDULE_RISK,HIGH,Accepted WIP does not cover the downstream operation requirement.,REVIEW_WIP_BUFFER_BUILD_PLAN,False,True
WIP8D-REV-0301,PHASE4-MPS-20260711141513,PSC-SKU-BIKE-MT-001-20260928,SKU-BIKE-MT-001,MT-OP-030,WIP-MT-FRAME-TO-WHEEL,BUF-MT-FRAME-WHEEL,MAINTENANCE_STILL_BLOCKED_AFTER_WIP,CRITICAL,Maintenance remains blocked after WIP is considered.,REVIEW_MAINTENANCE_BLOCKER,False,True
WIP8D-REV-0302,PHASE4-MPS-20260711141513,PSC-SKU-BIKE-MT-001-20260928,SKU-BIKE-MT-001,MT-OP-040,WIP-MT-FRAME-TO-BRAKE,BUF-MT-FRAME-BRAKE,WIP_SHORTAGE_SCHEDULE_RISK,HIGH,Accepted WIP does not cover the downstream operation requirement.,REVIEW_WIP_BUFFER_BUILD_PLAN,False,True
WIP8D-REV-0303,PHASE4-MPS-20260711141513,PSC-SKU-BIKE-MT-001-20260928,SKU-BIKE-MT-001,MT-OP-040,WIP-MT-FRAME-TO-BRAKE,BUF-MT-FRAME-BRAKE,MAINTENANCE_STILL_BLOCKED_AFTER_WIP,CRITICAL,Maintenance remains blocked after WIP is considered.,REVIEW_MAINTENANCE_BLOCKER,False,True
WIP8D-REV-0304,PHASE4-MPS-20260711141513,PSC-SKU-BIKE-MT-001-20260928,SKU-BIKE-MT-001,MT-OP-050,WIP-MT-FORK-READY,BUF-MT-FORK,WIP_SHORTAGE_SCHEDULE_RISK,HIGH,Accepted WIP does not cover the downstream operation requirement.,REVIEW_WIP_BUFFER_BUILD_PLAN,False,True
WIP8D-REV-0305,PHASE4-MPS-20260711141513,PSC-SKU-BIKE-MT-001-20260928,SKU-BIKE-MT-001,MT-OP-050,WIP-MT-FORK-READY,BUF-MT-FORK,MAINTENANCE_STILL_BLOCKED_AFTER_WIP,CRITICAL,Maintenance remains blocked after WIP is considered.,REVIEW_MAINTENANCE_BLOCKER,False,True
WIP8D-REV-0306,PHASE4-MPS-20260711141513,PSC-SKU-BIKE-MT-001-20260928,SKU-BIKE-MT-001,MT-OP-050,WIP-MT-WHEEL-SET-READY,BUF-MT-WHEEL,MAINTENANCE_STILL_BLOCKED_AFTER_WIP,CRITICAL,Maintenance remains blocked after WIP is considered.,REVIEW_MAINTENANCE_BLOCKER,False,True
WIP8D-REV-0307,PHASE4-MPS-20260711141513,PSC-SKU-BIKE-MT-001-20260928,SKU-BIKE-MT-001,MT-OP-050,WIP-MT-BRAKE-SET-READY,BUF-MT-BRAKE,MAINTENANCE_STILL_BLOCKED_AFTER_WIP,CRITICAL,Maintenance remains blocked after WIP is considered.,REVIEW_MAINTENANCE_BLOCKER,False,True
WIP8D-REV-0308,PHASE4-MPS-20260711141513,PSC-SKU-BIKE-MT-001-20260928,SKU-BIKE-MT-001,MT-OP-060,WIP-MT-FINAL-ASSEMBLY-READY,BUF-MT-ASM,WIP_SHORTAGE_SCHEDULE_RISK,HIGH,Accepted WIP does not cover the downstream operation requirement.,REVIEW_WIP_BUFFER_BUILD_PLAN,False,True
WIP8D-REV-0309,PHASE4-MPS-20260711141513,PSC-SKU-BIKE-MT-001-20260928,SKU-BIKE-MT-001,MT-OP-060,WIP-MT-FINAL-ASSEMBLY-READY,BUF-MT-ASM,MAINTENANCE_STILL_BLOCKED_AFTER_WIP,CRITICAL,Maintenance remains blocked after WIP is considered.,REVIEW_MAINTENANCE_BLOCKER,False,True
WIP8D-REV-0310,PHASE4-MPS-20260711141513,PSC-SKU-BIKE-MT-001-20260928,SKU-BIKE-MT-001,MT-OP-070,WIP-MT-QC-PASSED,BUF-MT-QC,MAINTENANCE_STILL_BLOCKED_AFTER_WIP,CRITICAL,Maintenance remains blocked after WIP is considered.,REVIEW_MAINTENANCE_BLOCKER,False,True
WIP8D-REV-0311,PHASE4-MPS-20260711141513,PSC-SKU-BIKE-ROAD-001-20260629,SKU-BIKE-ROAD-001,ROAD-OP-010,,,CAPACITY_STILL_BLOCKED_AFTER_WIP,CRITICAL,Capacity remains blocked after WIP is considered.,REVIEW_CAPACITY_CONSTRAINT,False,True
WIP8D-REV-0312,PHASE4-MPS-20260711141513,PSC-SKU-BIKE-ROAD-001-20260629,SKU-BIKE-ROAD-001,ROAD-OP-010,,,MAINTENANCE_STILL_BLOCKED_AFTER_WIP,CRITICAL,Maintenance remains blocked after WIP is considered.,REVIEW_MAINTENANCE_BLOCKER,False,True
WIP8D-REV-0313,PHASE4-MPS-20260711141513,PSC-SKU-BIKE-ROAD-001-20260629,SKU-BIKE-ROAD-001,ROAD-OP-020,WIP-ROAD-FRAME-TO-WHEEL,BUF-ROAD-FRAME-WHEEL,WIP_SHORTAGE_SCHEDULE_RISK,HIGH,Accepted WIP does not cover the downstream operation requirement.,REVIEW_WIP_BUFFER_BUILD_PLAN,False,True
WIP8D-REV-0314,PHASE4-MPS-20260711141513,PSC-SKU-BIKE-ROAD-001-20260629,SKU-BIKE-ROAD-001,ROAD-OP-020,WIP-ROAD-FRAME-TO-WHEEL,BUF-ROAD-FRAME-WHEEL,CAPACITY_STILL_BLOCKED_AFTER_WIP,CRITICAL,Capacity remains blocked after WIP is considered.,REVIEW_CAPACITY_CONSTRAINT,False,True
WIP8D-REV-0315,PHASE4-MPS-20260711141513,PSC-SKU-BIKE-ROAD-001-20260629,SKU-BIKE-ROAD-001,ROAD-OP-020,WIP-ROAD-FRAME-TO-WHEEL,BUF-ROAD-FRAME-WHEEL,MAINTENANCE_STILL_BLOCKED_AFTER_WIP,CRITICAL,Maintenance remains blocked after WIP is considered.,REVIEW_MAINTENANCE_BLOCKER,False,True
WIP8D-REV-0316,PHASE4-MPS-20260711141513,PSC-SKU-BIKE-ROAD-001-20260629,SKU-BIKE-ROAD-001,ROAD-OP-030,WIP-ROAD-FRAME-TO-BRAKE,BUF-ROAD-FRAME-BRAKE,WIP_SHORTAGE_SCHEDULE_RISK,HIGH,Accepted WIP does not cover the downstream operation requirement.,REVIEW_WIP_BUFFER_BUILD_PLAN,False,True
WIP8D-REV-0317,PHASE4-MPS-20260711141513,PSC-SKU-BIKE-ROAD-001-20260629,SKU-BIKE-ROAD-001,ROAD-OP-030,WIP-ROAD-FRAME-TO-BRAKE,BUF-ROAD-FRAME-BRAKE,CAPACITY_STILL_BLOCKED_AFTER_WIP,CRITICAL,Capacity remains blocked after WIP is considered.,REVIEW_CAPACITY_CONSTRAINT,False,True
WIP8D-REV-0318,PHASE4-MPS-20260711141513,PSC-SKU-BIKE-ROAD-001-20260629,SKU-BIKE-ROAD-001,ROAD-OP-030,WIP-ROAD-FRAME-TO-BRAKE,BUF-ROAD-FRAME-BRAKE,MAINTENANCE_STILL_BLOCKED_AFTER_WIP,CRITICAL,Maintenance remains blocked after WIP is considered.,REVIEW_MAINTENANCE_BLOCKER,False,True
WIP8D-REV-0319,PHASE4-MPS-20260711141513,PSC-SKU-BIKE-ROAD-001-20260629,SKU-BIKE-ROAD-001,ROAD-OP-040,WIP-ROAD-WHEEL-SET-READY,BUF-ROAD-WHEEL,CAPACITY_STILL_BLOCKED_AFTER_WIP,CRITICAL,Capacity remains blocked after WIP is considered.,REVIEW_CAPACITY_CONSTRAINT,False,True
WIP8D-REV-0320,PHASE4-MPS-20260711141513,PSC-SKU-BIKE-ROAD-001-20260629,SKU-BIKE-ROAD-001,ROAD-OP-040,WIP-ROAD-WHEEL-SET-READY,BUF-ROAD-WHEEL,MAINTENANCE_STILL_BLOCKED_AFTER_WIP,CRITICAL,Maintenance remains blocked after WIP is considered.,REVIEW_MAINTENANCE_BLOCKER,False,True
WIP8D-REV-0321,PHASE4-MPS-20260711141513,PSC-SKU-BIKE-ROAD-001-20260629,SKU-BIKE-ROAD-001,ROAD-OP-040,WIP-ROAD-BRAKE-SET-READY,BUF-ROAD-BRAKE,CAPACITY_STILL_BLOCKED_AFTER_WIP,CRITICAL,Capacity remains blocked after WIP is considered.,REVIEW_CAPACITY_CONSTRAINT,False,True
WIP8D-REV-0322,PHASE4-MPS-20260711141513,PSC-SKU-BIKE-ROAD-001-20260629,SKU-BIKE-ROAD-001,ROAD-OP-040,WIP-ROAD-BRAKE-SET-READY,BUF-ROAD-BRAKE,MAINTENANCE_STILL_BLOCKED_AFTER_WIP,CRITICAL,Maintenance remains blocked after WIP is considered.,REVIEW_MAINTENANCE_BLOCKER,False,True
WIP8D-REV-0323,PHASE4-MPS-20260711141513,PSC-SKU-BIKE-ROAD-001-20260629,SKU-BIKE-ROAD-001,ROAD-OP-050,WIP-ROAD-FINAL-ASSEMBLY-READY,BUF-ROAD-ASM,WIP_SHORTAGE_SCHEDULE_RISK,HIGH,Accepted WIP does not cover the downstream operation requirement.,REVIEW_WIP_BUFFER_BUILD_PLAN,False,True
WIP8D-REV-0324,PHASE4-MPS-20260711141513,PSC-SKU-BIKE-ROAD-001-20260629,SKU-BIKE-ROAD-001,ROAD-OP-050,WIP-ROAD-FINAL-ASSEMBLY-READY,BUF-ROAD-ASM,MAINTENANCE_STILL_BLOCKED_AFTER_WIP,CRITICAL,Maintenance remains blocked after WIP is considered.,REVIEW_MAINTENANCE_BLOCKER,False,True
WIP8D-REV-0325,PHASE4-MPS-20260711141513,PSC-SKU-BIKE-ROAD-001-20260629,SKU-BIKE-ROAD-001,ROAD-OP-060,WIP-ROAD-QC-PASSED,BUF-ROAD-QC,MAINTENANCE_STILL_BLOCKED_AFTER_WIP,CRITICAL,Maintenance remains blocked after WIP is considered.,REVIEW_MAINTENANCE_BLOCKER,False,True
WIP8D-REV-0326,PHASE4-MPS-20260711141513,PSC-SKU-BIKE-ROAD-001-20260706,SKU-BIKE-ROAD-001,ROAD-OP-010,,,CAPACITY_STILL_BLOCKED_AFTER_WIP,CRITICAL,Capacity remains blocked after WIP is considered.,REVIEW_CAPACITY_CONSTRAINT,False,True
WIP8D-REV-0327,PHASE4-MPS-20260711141513,PSC-SKU-BIKE-ROAD-001-20260706,SKU-BIKE-ROAD-001,ROAD-OP-010,,,MAINTENANCE_STILL_BLOCKED_AFTER_WIP,CRITICAL,Maintenance remains blocked after WIP is considered.,REVIEW_MAINTENANCE_BLOCKER,False,True
WIP8D-REV-0328,PHASE4-MPS-20260711141513,PSC-SKU-BIKE-ROAD-001-20260706,SKU-BIKE-ROAD-001,ROAD-OP-020,WIP-ROAD-FRAME-TO-WHEEL,BUF-ROAD-FRAME-WHEEL,WIP_SHORTAGE_SCHEDULE_RISK,HIGH,Accepted WIP does not cover the downstream operation requirement.,REVIEW_WIP_BUFFER_BUILD_PLAN,False,True
WIP8D-REV-0329,PHASE4-MPS-20260711141513,PSC-SKU-BIKE-ROAD-001-20260706,SKU-BIKE-ROAD-001,ROAD-OP-020,WIP-ROAD-FRAME-TO-WHEEL,BUF-ROAD-FRAME-WHEEL,CAPACITY_STILL_BLOCKED_AFTER_WIP,CRITICAL,Capacity remains blocked after WIP is considered.,REVIEW_CAPACITY_CONSTRAINT,False,True
WIP8D-REV-0330,PHASE4-MPS-20260711141513,PSC-SKU-BIKE-ROAD-001-20260706,SKU-BIKE-ROAD-001,ROAD-OP-020,WIP-ROAD-FRAME-TO-WHEEL,BUF-ROAD-FRAME-WHEEL,MAINTENANCE_STILL_BLOCKED_AFTER_WIP,CRITICAL,Maintenance remains blocked after WIP is considered.,REVIEW_MAINTENANCE_BLOCKER,False,True
WIP8D-REV-0331,PHASE4-MPS-20260711141513,PSC-SKU-BIKE-ROAD-001-20260706,SKU-BIKE-ROAD-001,ROAD-OP-030,WIP-ROAD-FRAME-TO-BRAKE,BUF-ROAD-FRAME-BRAKE,WIP_SHORTAGE_SCHEDULE_RISK,HIGH,Accepted WIP does not cover the downstream operation requirement.,REVIEW_WIP_BUFFER_BUILD_PLAN,False,True
WIP8D-REV-0332,PHASE4-MPS-20260711141513,PSC-SKU-BIKE-ROAD-001-20260706,SKU-BIKE-ROAD-001,ROAD-OP-030,WIP-ROAD-FRAME-TO-BRAKE,BUF-ROAD-FRAME-BRAKE,CAPACITY_STILL_BLOCKED_AFTER_WIP,CRITICAL,Capacity remains blocked after WIP is considered.,REVIEW_CAPACITY_CONSTRAINT,False,True
WIP8D-REV-0333,PHASE4-MPS-20260711141513,PSC-SKU-BIKE-ROAD-001-20260706,SKU-BIKE-ROAD-001,ROAD-OP-030,WIP-ROAD-FRAME-TO-BRAKE,BUF-ROAD-FRAME-BRAKE,MAINTENANCE_STILL_BLOCKED_AFTER_WIP,CRITICAL,Maintenance remains blocked after WIP is considered.,REVIEW_MAINTENANCE_BLOCKER,False,True
WIP8D-REV-0334,PHASE4-MPS-20260711141513,PSC-SKU-BIKE-ROAD-001-20260706,SKU-BIKE-ROAD-001,ROAD-OP-040,WIP-ROAD-WHEEL-SET-READY,BUF-ROAD-WHEEL,CAPACITY_STILL_BLOCKED_AFTER_WIP,CRITICAL,Capacity remains blocked after WIP is considered.,REVIEW_CAPACITY_CONSTRAINT,False,True
WIP8D-REV-0335,PHASE4-MPS-20260711141513,PSC-SKU-BIKE-ROAD-001-20260706,SKU-BIKE-ROAD-001,ROAD-OP-040,WIP-ROAD-WHEEL-SET-READY,BUF-ROAD-WHEEL,MAINTENANCE_STILL_BLOCKED_AFTER_WIP,CRITICAL,Maintenance remains blocked after WIP is considered.,REVIEW_MAINTENANCE_BLOCKER,False,True
WIP8D-REV-0336,PHASE4-MPS-20260711141513,PSC-SKU-BIKE-ROAD-001-20260706,SKU-BIKE-ROAD-001,ROAD-OP-040,WIP-ROAD-BRAKE-SET-READY,BUF-ROAD-BRAKE,CAPACITY_STILL_BLOCKED_AFTER_WIP,CRITICAL,Capacity remains blocked after WIP is considered.,REVIEW_CAPACITY_CONSTRAINT,False,True
WIP8D-REV-0337,PHASE4-MPS-20260711141513,PSC-SKU-BIKE-ROAD-001-20260706,SKU-BIKE-ROAD-001,ROAD-OP-040,WIP-ROAD-BRAKE-SET-READY,BUF-ROAD-BRAKE,MAINTENANCE_STILL_BLOCKED_AFTER_WIP,CRITICAL,Maintenance remains blocked after WIP is considered.,REVIEW_MAINTENANCE_BLOCKER,False,True
WIP8D-REV-0338,PHASE4-MPS-20260711141513,PSC-SKU-BIKE-ROAD-001-20260706,SKU-BIKE-ROAD-001,ROAD-OP-050,WIP-ROAD-FINAL-ASSEMBLY-READY,BUF-ROAD-ASM,WIP_SHORTAGE_SCHEDULE_RISK,HIGH,Accepted WIP does not cover the downstream operation requirement.,REVIEW_WIP_BUFFER_BUILD_PLAN,False,True
WIP8D-REV-0339,PHASE4-MPS-20260711141513,PSC-SKU-BIKE-ROAD-001-20260706,SKU-BIKE-ROAD-001,ROAD-OP-050,WIP-ROAD-FINAL-ASSEMBLY-READY,BUF-ROAD-ASM,CAPACITY_STILL_BLOCKED_AFTER_WIP,CRITICAL,Capacity remains blocked after WIP is considered.,REVIEW_CAPACITY_CONSTRAINT,False,True
WIP8D-REV-0340,PHASE4-MPS-20260711141513,PSC-SKU-BIKE-ROAD-001-20260706,SKU-BIKE-ROAD-001,ROAD-OP-050,WIP-ROAD-FINAL-ASSEMBLY-READY,BUF-ROAD-ASM,MAINTENANCE_STILL_BLOCKED_AFTER_WIP,CRITICAL,Maintenance remains blocked after WIP is considered.,REVIEW_MAINTENANCE_BLOCKER,False,True
WIP8D-REV-0341,PHASE4-MPS-20260711141513,PSC-SKU-BIKE-ROAD-001-20260706,SKU-BIKE-ROAD-001,ROAD-OP-060,WIP-ROAD-QC-PASSED,BUF-ROAD-QC,CAPACITY_STILL_BLOCKED_AFTER_WIP,CRITICAL,Capacity remains blocked after WIP is considered.,REVIEW_CAPACITY_CONSTRAINT,False,True
WIP8D-REV-0342,PHASE4-MPS-20260711141513,PSC-SKU-BIKE-ROAD-001-20260706,SKU-BIKE-ROAD-001,ROAD-OP-060,WIP-ROAD-QC-PASSED,BUF-ROAD-QC,MAINTENANCE_STILL_BLOCKED_AFTER_WIP,CRITICAL,Maintenance remains blocked after WIP is considered.,REVIEW_MAINTENANCE_BLOCKER,False,True
WIP8D-REV-0343,PHASE4-MPS-20260711141513,PSC-SKU-BIKE-ROAD-001-20260713,SKU-BIKE-ROAD-001,ROAD-OP-010,,,CAPACITY_STILL_BLOCKED_AFTER_WIP,CRITICAL,Capacity remains blocked after WIP is considered.,REVIEW_CAPACITY_CONSTRAINT,False,True
WIP8D-REV-0344,PHASE4-MPS-20260711141513,PSC-SKU-BIKE-ROAD-001-20260713,SKU-BIKE-ROAD-001,ROAD-OP-010,,,MAINTENANCE_STILL_BLOCKED_AFTER_WIP,CRITICAL,Maintenance remains blocked after WIP is considered.,REVIEW_MAINTENANCE_BLOCKER,False,True
WIP8D-REV-0345,PHASE4-MPS-20260711141513,PSC-SKU-BIKE-ROAD-001-20260713,SKU-BIKE-ROAD-001,ROAD-OP-020,WIP-ROAD-FRAME-TO-WHEEL,BUF-ROAD-FRAME-WHEEL,WIP_SHORTAGE_SCHEDULE_RISK,HIGH,Accepted WIP does not cover the downstream operation requirement.,REVIEW_WIP_BUFFER_BUILD_PLAN,False,True
WIP8D-REV-0346,PHASE4-MPS-20260711141513,PSC-SKU-BIKE-ROAD-001-20260713,SKU-BIKE-ROAD-001,ROAD-OP-020,WIP-ROAD-FRAME-TO-WHEEL,BUF-ROAD-FRAME-WHEEL,CAPACITY_STILL_BLOCKED_AFTER_WIP,CRITICAL,Capacity remains blocked after WIP is considered.,REVIEW_CAPACITY_CONSTRAINT,False,True
WIP8D-REV-0347,PHASE4-MPS-20260711141513,PSC-SKU-BIKE-ROAD-001-20260713,SKU-BIKE-ROAD-001,ROAD-OP-020,WIP-ROAD-FRAME-TO-WHEEL,BUF-ROAD-FRAME-WHEEL,MAINTENANCE_STILL_BLOCKED_AFTER_WIP,CRITICAL,Maintenance remains blocked after WIP is considered.,REVIEW_MAINTENANCE_BLOCKER,False,True
WIP8D-REV-0348,PHASE4-MPS-20260711141513,PSC-SKU-BIKE-ROAD-001-20260713,SKU-BIKE-ROAD-001,ROAD-OP-030,WIP-ROAD-FRAME-TO-BRAKE,BUF-ROAD-FRAME-BRAKE,WIP_SHORTAGE_SCHEDULE_RISK,HIGH,Accepted WIP does not cover the downstream operation requirement.,REVIEW_WIP_BUFFER_BUILD_PLAN,False,True
WIP8D-REV-0349,PHASE4-MPS-20260711141513,PSC-SKU-BIKE-ROAD-001-20260713,SKU-BIKE-ROAD-001,ROAD-OP-030,WIP-ROAD-FRAME-TO-BRAKE,BUF-ROAD-FRAME-BRAKE,CAPACITY_STILL_BLOCKED_AFTER_WIP,CRITICAL,Capacity remains blocked after WIP is considered.,REVIEW_CAPACITY_CONSTRAINT,False,True
WIP8D-REV-0350,PHASE4-MPS-20260711141513,PSC-SKU-BIKE-ROAD-001-20260713,SKU-BIKE-ROAD-001,ROAD-OP-030,WIP-ROAD-FRAME-TO-BRAKE,BUF-ROAD-FRAME-BRAKE,MAINTENANCE_STILL_BLOCKED_AFTER_WIP,CRITICAL,Maintenance remains blocked after WIP is considered.,REVIEW_MAINTENANCE_BLOCKER,False,True
WIP8D-REV-0351,PHASE4-MPS-20260711141513,PSC-SKU-BIKE-ROAD-001-20260713,SKU-BIKE-ROAD-001,ROAD-OP-040,WIP-ROAD-WHEEL-SET-READY,BUF-ROAD-WHEEL,CAPACITY_STILL_BLOCKED_AFTER_WIP,CRITICAL,Capacity remains blocked after WIP is considered.,REVIEW_CAPACITY_CONSTRAINT,False,True
WIP8D-REV-0352,PHASE4-MPS-20260711141513,PSC-SKU-BIKE-ROAD-001-20260713,SKU-BIKE-ROAD-001,ROAD-OP-040,WIP-ROAD-WHEEL-SET-READY,BUF-ROAD-WHEEL,MAINTENANCE_STILL_BLOCKED_AFTER_WIP,CRITICAL,Maintenance remains blocked after WIP is considered.,REVIEW_MAINTENANCE_BLOCKER,False,True
WIP8D-REV-0353,PHASE4-MPS-20260711141513,PSC-SKU-BIKE-ROAD-001-20260713,SKU-BIKE-ROAD-001,ROAD-OP-040,WIP-ROAD-BRAKE-SET-READY,BUF-ROAD-BRAKE,CAPACITY_STILL_BLOCKED_AFTER_WIP,CRITICAL,Capacity remains blocked after WIP is considered.,REVIEW_CAPACITY_CONSTRAINT,False,True
WIP8D-REV-0354,PHASE4-MPS-20260711141513,PSC-SKU-BIKE-ROAD-001-20260713,SKU-BIKE-ROAD-001,ROAD-OP-040,WIP-ROAD-BRAKE-SET-READY,BUF-ROAD-BRAKE,MAINTENANCE_STILL_BLOCKED_AFTER_WIP,CRITICAL,Maintenance remains blocked after WIP is considered.,REVIEW_MAINTENANCE_BLOCKER,False,True
WIP8D-REV-0355,PHASE4-MPS-20260711141513,PSC-SKU-BIKE-ROAD-001-20260713,SKU-BIKE-ROAD-001,ROAD-OP-050,WIP-ROAD-FINAL-ASSEMBLY-READY,BUF-ROAD-ASM,WIP_SHORTAGE_SCHEDULE_RISK,HIGH,Accepted WIP does not cover the downstream operation requirement.,REVIEW_WIP_BUFFER_BUILD_PLAN,False,True
WIP8D-REV-0356,PHASE4-MPS-20260711141513,PSC-SKU-BIKE-ROAD-001-20260713,SKU-BIKE-ROAD-001,ROAD-OP-050,WIP-ROAD-FINAL-ASSEMBLY-READY,BUF-ROAD-ASM,CAPACITY_STILL_BLOCKED_AFTER_WIP,CRITICAL,Capacity remains blocked after WIP is considered.,REVIEW_CAPACITY_CONSTRAINT,False,True
WIP8D-REV-0357,PHASE4-MPS-20260711141513,PSC-SKU-BIKE-ROAD-001-20260713,SKU-BIKE-ROAD-001,ROAD-OP-050,WIP-ROAD-FINAL-ASSEMBLY-READY,BUF-ROAD-ASM,MAINTENANCE_STILL_BLOCKED_AFTER_WIP,CRITICAL,Maintenance remains blocked after WIP is considered.,REVIEW_MAINTENANCE_BLOCKER,False,True
WIP8D-REV-0358,PHASE4-MPS-20260711141513,PSC-SKU-BIKE-ROAD-001-20260713,SKU-BIKE-ROAD-001,ROAD-OP-060,WIP-ROAD-QC-PASSED,BUF-ROAD-QC,CAPACITY_STILL_BLOCKED_AFTER_WIP,CRITICAL,Capacity remains blocked after WIP is considered.,REVIEW_CAPACITY_CONSTRAINT,False,True
WIP8D-REV-0359,PHASE4-MPS-20260711141513,PSC-SKU-BIKE-ROAD-001-20260713,SKU-BIKE-ROAD-001,ROAD-OP-060,WIP-ROAD-QC-PASSED,BUF-ROAD-QC,MAINTENANCE_STILL_BLOCKED_AFTER_WIP,CRITICAL,Maintenance remains blocked after WIP is considered.,REVIEW_MAINTENANCE_BLOCKER,False,True
WIP8D-REV-0360,PHASE4-MPS-20260711141513,PSC-SKU-BIKE-ROAD-001-20260720,SKU-BIKE-ROAD-001,ROAD-OP-010,,,CAPACITY_STILL_BLOCKED_AFTER_WIP,CRITICAL,Capacity remains blocked after WIP is considered.,REVIEW_CAPACITY_CONSTRAINT,False,True
WIP8D-REV-0361,PHASE4-MPS-20260711141513,PSC-SKU-BIKE-ROAD-001-20260720,SKU-BIKE-ROAD-001,ROAD-OP-010,,,MAINTENANCE_STILL_BLOCKED_AFTER_WIP,CRITICAL,Maintenance remains blocked after WIP is considered.,REVIEW_MAINTENANCE_BLOCKER,False,True
WIP8D-REV-0362,PHASE4-MPS-20260711141513,PSC-SKU-BIKE-ROAD-001-20260720,SKU-BIKE-ROAD-001,ROAD-OP-020,WIP-ROAD-FRAME-TO-WHEEL,BUF-ROAD-FRAME-WHEEL,WIP_SHORTAGE_SCHEDULE_RISK,HIGH,Accepted WIP does not cover the downstream operation requirement.,REVIEW_WIP_BUFFER_BUILD_PLAN,False,True
WIP8D-REV-0363,PHASE4-MPS-20260711141513,PSC-SKU-BIKE-ROAD-001-20260720,SKU-BIKE-ROAD-001,ROAD-OP-020,WIP-ROAD-FRAME-TO-WHEEL,BUF-ROAD-FRAME-WHEEL,CAPACITY_STILL_BLOCKED_AFTER_WIP,CRITICAL,Capacity remains blocked after WIP is considered.,REVIEW_CAPACITY_CONSTRAINT,False,True
WIP8D-REV-0364,PHASE4-MPS-20260711141513,PSC-SKU-BIKE-ROAD-001-20260720,SKU-BIKE-ROAD-001,ROAD-OP-020,WIP-ROAD-FRAME-TO-WHEEL,BUF-ROAD-FRAME-WHEEL,MAINTENANCE_STILL_BLOCKED_AFTER_WIP,CRITICAL,Maintenance remains blocked after WIP is considered.,REVIEW_MAINTENANCE_BLOCKER,False,True
WIP8D-REV-0365,PHASE4-MPS-20260711141513,PSC-SKU-BIKE-ROAD-001-20260720,SKU-BIKE-ROAD-001,ROAD-OP-030,WIP-ROAD-FRAME-TO-BRAKE,BUF-ROAD-FRAME-BRAKE,WIP_SHORTAGE_SCHEDULE_RISK,HIGH,Accepted WIP does not cover the downstream operation requirement.,REVIEW_WIP_BUFFER_BUILD_PLAN,False,True
WIP8D-REV-0366,PHASE4-MPS-20260711141513,PSC-SKU-BIKE-ROAD-001-20260720,SKU-BIKE-ROAD-001,ROAD-OP-030,WIP-ROAD-FRAME-TO-BRAKE,BUF-ROAD-FRAME-BRAKE,CAPACITY_STILL_BLOCKED_AFTER_WIP,CRITICAL,Capacity remains blocked after WIP is considered.,REVIEW_CAPACITY_CONSTRAINT,False,True
WIP8D-REV-0367,PHASE4-MPS-20260711141513,PSC-SKU-BIKE-ROAD-001-20260720,SKU-BIKE-ROAD-001,ROAD-OP-030,WIP-ROAD-FRAME-TO-BRAKE,BUF-ROAD-FRAME-BRAKE,MAINTENANCE_STILL_BLOCKED_AFTER_WIP,CRITICAL,Maintenance remains blocked after WIP is considered.,REVIEW_MAINTENANCE_BLOCKER,False,True
WIP8D-REV-0368,PHASE4-MPS-20260711141513,PSC-SKU-BIKE-ROAD-001-20260720,SKU-BIKE-ROAD-001,ROAD-OP-040,WIP-ROAD-WHEEL-SET-READY,BUF-ROAD-WHEEL,CAPACITY_STILL_BLOCKED_AFTER_WIP,CRITICAL,Capacity remains blocked after WIP is considered.,REVIEW_CAPACITY_CONSTRAINT,False,True
WIP8D-REV-0369,PHASE4-MPS-20260711141513,PSC-SKU-BIKE-ROAD-001-20260720,SKU-BIKE-ROAD-001,ROAD-OP-040,WIP-ROAD-WHEEL-SET-READY,BUF-ROAD-WHEEL,MAINTENANCE_STILL_BLOCKED_AFTER_WIP,CRITICAL,Maintenance remains blocked after WIP is considered.,REVIEW_MAINTENANCE_BLOCKER,False,True
WIP8D-REV-0370,PHASE4-MPS-20260711141513,PSC-SKU-BIKE-ROAD-001-20260720,SKU-BIKE-ROAD-001,ROAD-OP-040,WIP-ROAD-BRAKE-SET-READY,BUF-ROAD-BRAKE,CAPACITY_STILL_BLOCKED_AFTER_WIP,CRITICAL,Capacity remains blocked after WIP is considered.,REVIEW_CAPACITY_CONSTRAINT,False,True
WIP8D-REV-0371,PHASE4-MPS-20260711141513,PSC-SKU-BIKE-ROAD-001-20260720,SKU-BIKE-ROAD-001,ROAD-OP-040,WIP-ROAD-BRAKE-SET-READY,BUF-ROAD-BRAKE,MAINTENANCE_STILL_BLOCKED_AFTER_WIP,CRITICAL,Maintenance remains blocked after WIP is considered.,REVIEW_MAINTENANCE_BLOCKER,False,True
WIP8D-REV-0372,PHASE4-MPS-20260711141513,PSC-SKU-BIKE-ROAD-001-20260720,SKU-BIKE-ROAD-001,ROAD-OP-050,WIP-ROAD-FINAL-ASSEMBLY-READY,BUF-ROAD-ASM,WIP_SHORTAGE_SCHEDULE_RISK,HIGH,Accepted WIP does not cover the downstream operation requirement.,REVIEW_WIP_BUFFER_BUILD_PLAN,False,True
WIP8D-REV-0373,PHASE4-MPS-20260711141513,PSC-SKU-BIKE-ROAD-001-20260720,SKU-BIKE-ROAD-001,ROAD-OP-050,WIP-ROAD-FINAL-ASSEMBLY-READY,BUF-ROAD-ASM,CAPACITY_STILL_BLOCKED_AFTER_WIP,CRITICAL,Capacity remains blocked after WIP is considered.,REVIEW_CAPACITY_CONSTRAINT,False,True
WIP8D-REV-0374,PHASE4-MPS-20260711141513,PSC-SKU-BIKE-ROAD-001-20260720,SKU-BIKE-ROAD-001,ROAD-OP-050,WIP-ROAD-FINAL-ASSEMBLY-READY,BUF-ROAD-ASM,MAINTENANCE_STILL_BLOCKED_AFTER_WIP,CRITICAL,Maintenance remains blocked after WIP is considered.,REVIEW_MAINTENANCE_BLOCKER,False,True
WIP8D-REV-0375,PHASE4-MPS-20260711141513,PSC-SKU-BIKE-ROAD-001-20260720,SKU-BIKE-ROAD-001,ROAD-OP-060,WIP-ROAD-QC-PASSED,BUF-ROAD-QC,CAPACITY_STILL_BLOCKED_AFTER_WIP,CRITICAL,Capacity remains blocked after WIP is considered.,REVIEW_CAPACITY_CONSTRAINT,False,True
WIP8D-REV-0376,PHASE4-MPS-20260711141513,PSC-SKU-BIKE-ROAD-001-20260720,SKU-BIKE-ROAD-001,ROAD-OP-060,WIP-ROAD-QC-PASSED,BUF-ROAD-QC,MAINTENANCE_STILL_BLOCKED_AFTER_WIP,CRITICAL,Maintenance remains blocked after WIP is considered.,REVIEW_MAINTENANCE_BLOCKER,False,True
WIP8D-REV-0377,PHASE4-MPS-20260711141513,PSC-SKU-BIKE-ROAD-001-20260727,SKU-BIKE-ROAD-001,ROAD-OP-010,,,CAPACITY_STILL_BLOCKED_AFTER_WIP,CRITICAL,Capacity remains blocked after WIP is considered.,REVIEW_CAPACITY_CONSTRAINT,False,True
WIP8D-REV-0378,PHASE4-MPS-20260711141513,PSC-SKU-BIKE-ROAD-001-20260727,SKU-BIKE-ROAD-001,ROAD-OP-010,,,MAINTENANCE_STILL_BLOCKED_AFTER_WIP,CRITICAL,Maintenance remains blocked after WIP is considered.,REVIEW_MAINTENANCE_BLOCKER,False,True
WIP8D-REV-0379,PHASE4-MPS-20260711141513,PSC-SKU-BIKE-ROAD-001-20260727,SKU-BIKE-ROAD-001,ROAD-OP-020,WIP-ROAD-FRAME-TO-WHEEL,BUF-ROAD-FRAME-WHEEL,WIP_SHORTAGE_SCHEDULE_RISK,HIGH,Accepted WIP does not cover the downstream operation requirement.,REVIEW_WIP_BUFFER_BUILD_PLAN,False,True
WIP8D-REV-0380,PHASE4-MPS-20260711141513,PSC-SKU-BIKE-ROAD-001-20260727,SKU-BIKE-ROAD-001,ROAD-OP-020,WIP-ROAD-FRAME-TO-WHEEL,BUF-ROAD-FRAME-WHEEL,CAPACITY_STILL_BLOCKED_AFTER_WIP,CRITICAL,Capacity remains blocked after WIP is considered.,REVIEW_CAPACITY_CONSTRAINT,False,True
WIP8D-REV-0381,PHASE4-MPS-20260711141513,PSC-SKU-BIKE-ROAD-001-20260727,SKU-BIKE-ROAD-001,ROAD-OP-020,WIP-ROAD-FRAME-TO-WHEEL,BUF-ROAD-FRAME-WHEEL,MAINTENANCE_STILL_BLOCKED_AFTER_WIP,CRITICAL,Maintenance remains blocked after WIP is considered.,REVIEW_MAINTENANCE_BLOCKER,False,True
WIP8D-REV-0382,PHASE4-MPS-20260711141513,PSC-SKU-BIKE-ROAD-001-20260727,SKU-BIKE-ROAD-001,ROAD-OP-030,WIP-ROAD-FRAME-TO-BRAKE,BUF-ROAD-FRAME-BRAKE,WIP_SHORTAGE_SCHEDULE_RISK,HIGH,Accepted WIP does not cover the downstream operation requirement.,REVIEW_WIP_BUFFER_BUILD_PLAN,False,True
WIP8D-REV-0383,PHASE4-MPS-20260711141513,PSC-SKU-BIKE-ROAD-001-20260727,SKU-BIKE-ROAD-001,ROAD-OP-030,WIP-ROAD-FRAME-TO-BRAKE,BUF-ROAD-FRAME-BRAKE,CAPACITY_STILL_BLOCKED_AFTER_WIP,CRITICAL,Capacity remains blocked after WIP is considered.,REVIEW_CAPACITY_CONSTRAINT,False,True
WIP8D-REV-0384,PHASE4-MPS-20260711141513,PSC-SKU-BIKE-ROAD-001-20260727,SKU-BIKE-ROAD-001,ROAD-OP-030,WIP-ROAD-FRAME-TO-BRAKE,BUF-ROAD-FRAME-BRAKE,MAINTENANCE_STILL_BLOCKED_AFTER_WIP,CRITICAL,Maintenance remains blocked after WIP is considered.,REVIEW_MAINTENANCE_BLOCKER,False,True
WIP8D-REV-0385,PHASE4-MPS-20260711141513,PSC-SKU-BIKE-ROAD-001-20260727,SKU-BIKE-ROAD-001,ROAD-OP-040,WIP-ROAD-WHEEL-SET-READY,BUF-ROAD-WHEEL,CAPACITY_STILL_BLOCKED_AFTER_WIP,CRITICAL,Capacity remains blocked after WIP is considered.,REVIEW_CAPACITY_CONSTRAINT,False,True
WIP8D-REV-0386,PHASE4-MPS-20260711141513,PSC-SKU-BIKE-ROAD-001-20260727,SKU-BIKE-ROAD-001,ROAD-OP-040,WIP-ROAD-WHEEL-SET-READY,BUF-ROAD-WHEEL,MAINTENANCE_STILL_BLOCKED_AFTER_WIP,CRITICAL,Maintenance remains blocked after WIP is considered.,REVIEW_MAINTENANCE_BLOCKER,False,True
WIP8D-REV-0387,PHASE4-MPS-20260711141513,PSC-SKU-BIKE-ROAD-001-20260727,SKU-BIKE-ROAD-001,ROAD-OP-040,WIP-ROAD-BRAKE-SET-READY,BUF-ROAD-BRAKE,CAPACITY_STILL_BLOCKED_AFTER_WIP,CRITICAL,Capacity remains blocked after WIP is considered.,REVIEW_CAPACITY_CONSTRAINT,False,True
WIP8D-REV-0388,PHASE4-MPS-20260711141513,PSC-SKU-BIKE-ROAD-001-20260727,SKU-BIKE-ROAD-001,ROAD-OP-040,WIP-ROAD-BRAKE-SET-READY,BUF-ROAD-BRAKE,MAINTENANCE_STILL_BLOCKED_AFTER_WIP,CRITICAL,Maintenance remains blocked after WIP is considered.,REVIEW_MAINTENANCE_BLOCKER,False,True
WIP8D-REV-0389,PHASE4-MPS-20260711141513,PSC-SKU-BIKE-ROAD-001-20260727,SKU-BIKE-ROAD-001,ROAD-OP-050,WIP-ROAD-FINAL-ASSEMBLY-READY,BUF-ROAD-ASM,WIP_SHORTAGE_SCHEDULE_RISK,HIGH,Accepted WIP does not cover the downstream operation requirement.,REVIEW_WIP_BUFFER_BUILD_PLAN,False,True
WIP8D-REV-0390,PHASE4-MPS-20260711141513,PSC-SKU-BIKE-ROAD-001-20260727,SKU-BIKE-ROAD-001,ROAD-OP-050,WIP-ROAD-FINAL-ASSEMBLY-READY,BUF-ROAD-ASM,CAPACITY_STILL_BLOCKED_AFTER_WIP,CRITICAL,Capacity remains blocked after WIP is considered.,REVIEW_CAPACITY_CONSTRAINT,False,True
WIP8D-REV-0391,PHASE4-MPS-20260711141513,PSC-SKU-BIKE-ROAD-001-20260727,SKU-BIKE-ROAD-001,ROAD-OP-050,WIP-ROAD-FINAL-ASSEMBLY-READY,BUF-ROAD-ASM,MAINTENANCE_STILL_BLOCKED_AFTER_WIP,CRITICAL,Maintenance remains blocked after WIP is considered.,REVIEW_MAINTENANCE_BLOCKER,False,True
WIP8D-REV-0392,PHASE4-MPS-20260711141513,PSC-SKU-BIKE-ROAD-001-20260727,SKU-BIKE-ROAD-001,ROAD-OP-060,WIP-ROAD-QC-PASSED,BUF-ROAD-QC,CAPACITY_STILL_BLOCKED_AFTER_WIP,CRITICAL,Capacity remains blocked after WIP is considered.,REVIEW_CAPACITY_CONSTRAINT,False,True
WIP8D-REV-0393,PHASE4-MPS-20260711141513,PSC-SKU-BIKE-ROAD-001-20260727,SKU-BIKE-ROAD-001,ROAD-OP-060,WIP-ROAD-QC-PASSED,BUF-ROAD-QC,MAINTENANCE_STILL_BLOCKED_AFTER_WIP,CRITICAL,Maintenance remains blocked after WIP is considered.,REVIEW_MAINTENANCE_BLOCKER,False,True
WIP8D-REV-0394,PHASE4-MPS-20260711141513,PSC-SKU-BIKE-ROAD-001-20260803,SKU-BIKE-ROAD-001,ROAD-OP-010,,,CAPACITY_STILL_BLOCKED_AFTER_WIP,CRITICAL,Capacity remains blocked after WIP is considered.,REVIEW_CAPACITY_CONSTRAINT,False,True
WIP8D-REV-0395,PHASE4-MPS-20260711141513,PSC-SKU-BIKE-ROAD-001-20260803,SKU-BIKE-ROAD-001,ROAD-OP-010,,,MAINTENANCE_STILL_BLOCKED_AFTER_WIP,CRITICAL,Maintenance remains blocked after WIP is considered.,REVIEW_MAINTENANCE_BLOCKER,False,True
WIP8D-REV-0396,PHASE4-MPS-20260711141513,PSC-SKU-BIKE-ROAD-001-20260803,SKU-BIKE-ROAD-001,ROAD-OP-020,WIP-ROAD-FRAME-TO-WHEEL,BUF-ROAD-FRAME-WHEEL,WIP_SHORTAGE_SCHEDULE_RISK,HIGH,Accepted WIP does not cover the downstream operation requirement.,REVIEW_WIP_BUFFER_BUILD_PLAN,False,True
WIP8D-REV-0397,PHASE4-MPS-20260711141513,PSC-SKU-BIKE-ROAD-001-20260803,SKU-BIKE-ROAD-001,ROAD-OP-020,WIP-ROAD-FRAME-TO-WHEEL,BUF-ROAD-FRAME-WHEEL,CAPACITY_STILL_BLOCKED_AFTER_WIP,CRITICAL,Capacity remains blocked after WIP is considered.,REVIEW_CAPACITY_CONSTRAINT,False,True
WIP8D-REV-0398,PHASE4-MPS-20260711141513,PSC-SKU-BIKE-ROAD-001-20260803,SKU-BIKE-ROAD-001,ROAD-OP-020,WIP-ROAD-FRAME-TO-WHEEL,BUF-ROAD-FRAME-WHEEL,MAINTENANCE_STILL_BLOCKED_AFTER_WIP,CRITICAL,Maintenance remains blocked after WIP is considered.,REVIEW_MAINTENANCE_BLOCKER,False,True
WIP8D-REV-0399,PHASE4-MPS-20260711141513,PSC-SKU-BIKE-ROAD-001-20260803,SKU-BIKE-ROAD-001,ROAD-OP-030,WIP-ROAD-FRAME-TO-BRAKE,BUF-ROAD-FRAME-BRAKE,WIP_SHORTAGE_SCHEDULE_RISK,HIGH,Accepted WIP does not cover the downstream operation requirement.,REVIEW_WIP_BUFFER_BUILD_PLAN,False,True
WIP8D-REV-0400,PHASE4-MPS-20260711141513,PSC-SKU-BIKE-ROAD-001-20260803,SKU-BIKE-ROAD-001,ROAD-OP-030,WIP-ROAD-FRAME-TO-BRAKE,BUF-ROAD-FRAME-BRAKE,CAPACITY_STILL_BLOCKED_AFTER_WIP,CRITICAL,Capacity remains blocked after WIP is considered.,REVIEW_CAPACITY_CONSTRAINT,False,True
WIP8D-REV-0401,PHASE4-MPS-20260711141513,PSC-SKU-BIKE-ROAD-001-20260803,SKU-BIKE-ROAD-001,ROAD-OP-030,WIP-ROAD-FRAME-TO-BRAKE,BUF-ROAD-FRAME-BRAKE,MAINTENANCE_STILL_BLOCKED_AFTER_WIP,CRITICAL,Maintenance remains blocked after WIP is considered.,REVIEW_MAINTENANCE_BLOCKER,False,True
WIP8D-REV-0402,PHASE4-MPS-20260711141513,PSC-SKU-BIKE-ROAD-001-20260803,SKU-BIKE-ROAD-001,ROAD-OP-040,WIP-ROAD-WHEEL-SET-READY,BUF-ROAD-WHEEL,CAPACITY_STILL_BLOCKED_AFTER_WIP,CRITICAL,Capacity remains blocked after WIP is considered.,REVIEW_CAPACITY_CONSTRAINT,False,True
WIP8D-REV-0403,PHASE4-MPS-20260711141513,PSC-SKU-BIKE-ROAD-001-20260803,SKU-BIKE-ROAD-001,ROAD-OP-040,WIP-ROAD-WHEEL-SET-READY,BUF-ROAD-WHEEL,MAINTENANCE_STILL_BLOCKED_AFTER_WIP,CRITICAL,Maintenance remains blocked after WIP is considered.,REVIEW_MAINTENANCE_BLOCKER,False,True
WIP8D-REV-0404,PHASE4-MPS-20260711141513,PSC-SKU-BIKE-ROAD-001-20260803,SKU-BIKE-ROAD-001,ROAD-OP-040,WIP-ROAD-BRAKE-SET-READY,BUF-ROAD-BRAKE,CAPACITY_STILL_BLOCKED_AFTER_WIP,CRITICAL,Capacity remains blocked after WIP is considered.,REVIEW_CAPACITY_CONSTRAINT,False,True
WIP8D-REV-0405,PHASE4-MPS-20260711141513,PSC-SKU-BIKE-ROAD-001-20260803,SKU-BIKE-ROAD-001,ROAD-OP-040,WIP-ROAD-BRAKE-SET-READY,BUF-ROAD-BRAKE,MAINTENANCE_STILL_BLOCKED_AFTER_WIP,CRITICAL,Maintenance remains blocked after WIP is considered.,REVIEW_MAINTENANCE_BLOCKER,False,True
WIP8D-REV-0406,PHASE4-MPS-20260711141513,PSC-SKU-BIKE-ROAD-001-20260803,SKU-BIKE-ROAD-001,ROAD-OP-050,WIP-ROAD-FINAL-ASSEMBLY-READY,BUF-ROAD-ASM,WIP_SHORTAGE_SCHEDULE_RISK,HIGH,Accepted WIP does not cover the downstream operation requirement.,REVIEW_WIP_BUFFER_BUILD_PLAN,False,True
WIP8D-REV-0407,PHASE4-MPS-20260711141513,PSC-SKU-BIKE-ROAD-001-20260803,SKU-BIKE-ROAD-001,ROAD-OP-050,WIP-ROAD-FINAL-ASSEMBLY-READY,BUF-ROAD-ASM,CAPACITY_STILL_BLOCKED_AFTER_WIP,CRITICAL,Capacity remains blocked after WIP is considered.,REVIEW_CAPACITY_CONSTRAINT,False,True
WIP8D-REV-0408,PHASE4-MPS-20260711141513,PSC-SKU-BIKE-ROAD-001-20260803,SKU-BIKE-ROAD-001,ROAD-OP-050,WIP-ROAD-FINAL-ASSEMBLY-READY,BUF-ROAD-ASM,MAINTENANCE_STILL_BLOCKED_AFTER_WIP,CRITICAL,Maintenance remains blocked after WIP is considered.,REVIEW_MAINTENANCE_BLOCKER,False,True
WIP8D-REV-0409,PHASE4-MPS-20260711141513,PSC-SKU-BIKE-ROAD-001-20260803,SKU-BIKE-ROAD-001,ROAD-OP-060,WIP-ROAD-QC-PASSED,BUF-ROAD-QC,CAPACITY_STILL_BLOCKED_AFTER_WIP,CRITICAL,Capacity remains blocked after WIP is considered.,REVIEW_CAPACITY_CONSTRAINT,False,True
WIP8D-REV-0410,PHASE4-MPS-20260711141513,PSC-SKU-BIKE-ROAD-001-20260803,SKU-BIKE-ROAD-001,ROAD-OP-060,WIP-ROAD-QC-PASSED,BUF-ROAD-QC,MAINTENANCE_STILL_BLOCKED_AFTER_WIP,CRITICAL,Maintenance remains blocked after WIP is considered.,REVIEW_MAINTENANCE_BLOCKER,False,True
WIP8D-REV-0411,PHASE4-MPS-20260711141513,PSC-SKU-BIKE-ROAD-001-20260810,SKU-BIKE-ROAD-001,ROAD-OP-010,,,CAPACITY_STILL_BLOCKED_AFTER_WIP,CRITICAL,Capacity remains blocked after WIP is considered.,REVIEW_CAPACITY_CONSTRAINT,False,True
WIP8D-REV-0412,PHASE4-MPS-20260711141513,PSC-SKU-BIKE-ROAD-001-20260810,SKU-BIKE-ROAD-001,ROAD-OP-010,,,MAINTENANCE_STILL_BLOCKED_AFTER_WIP,CRITICAL,Maintenance remains blocked after WIP is considered.,REVIEW_MAINTENANCE_BLOCKER,False,True
WIP8D-REV-0413,PHASE4-MPS-20260711141513,PSC-SKU-BIKE-ROAD-001-20260810,SKU-BIKE-ROAD-001,ROAD-OP-020,WIP-ROAD-FRAME-TO-WHEEL,BUF-ROAD-FRAME-WHEEL,WIP_SHORTAGE_SCHEDULE_RISK,HIGH,Accepted WIP does not cover the downstream operation requirement.,REVIEW_WIP_BUFFER_BUILD_PLAN,False,True
WIP8D-REV-0414,PHASE4-MPS-20260711141513,PSC-SKU-BIKE-ROAD-001-20260810,SKU-BIKE-ROAD-001,ROAD-OP-020,WIP-ROAD-FRAME-TO-WHEEL,BUF-ROAD-FRAME-WHEEL,CAPACITY_STILL_BLOCKED_AFTER_WIP,CRITICAL,Capacity remains blocked after WIP is considered.,REVIEW_CAPACITY_CONSTRAINT,False,True
WIP8D-REV-0415,PHASE4-MPS-20260711141513,PSC-SKU-BIKE-ROAD-001-20260810,SKU-BIKE-ROAD-001,ROAD-OP-020,WIP-ROAD-FRAME-TO-WHEEL,BUF-ROAD-FRAME-WHEEL,MAINTENANCE_STILL_BLOCKED_AFTER_WIP,CRITICAL,Maintenance remains blocked after WIP is considered.,REVIEW_MAINTENANCE_BLOCKER,False,True
WIP8D-REV-0416,PHASE4-MPS-20260711141513,PSC-SKU-BIKE-ROAD-001-20260810,SKU-BIKE-ROAD-001,ROAD-OP-030,WIP-ROAD-FRAME-TO-BRAKE,BUF-ROAD-FRAME-BRAKE,WIP_SHORTAGE_SCHEDULE_RISK,HIGH,Accepted WIP does not cover the downstream operation requirement.,REVIEW_WIP_BUFFER_BUILD_PLAN,False,True
WIP8D-REV-0417,PHASE4-MPS-20260711141513,PSC-SKU-BIKE-ROAD-001-20260810,SKU-BIKE-ROAD-001,ROAD-OP-030,WIP-ROAD-FRAME-TO-BRAKE,BUF-ROAD-FRAME-BRAKE,CAPACITY_STILL_BLOCKED_AFTER_WIP,CRITICAL,Capacity remains blocked after WIP is considered.,REVIEW_CAPACITY_CONSTRAINT,False,True
WIP8D-REV-0418,PHASE4-MPS-20260711141513,PSC-SKU-BIKE-ROAD-001-20260810,SKU-BIKE-ROAD-001,ROAD-OP-030,WIP-ROAD-FRAME-TO-BRAKE,BUF-ROAD-FRAME-BRAKE,MAINTENANCE_STILL_BLOCKED_AFTER_WIP,CRITICAL,Maintenance remains blocked after WIP is considered.,REVIEW_MAINTENANCE_BLOCKER,False,True
WIP8D-REV-0419,PHASE4-MPS-20260711141513,PSC-SKU-BIKE-ROAD-001-20260810,SKU-BIKE-ROAD-001,ROAD-OP-040,WIP-ROAD-WHEEL-SET-READY,BUF-ROAD-WHEEL,CAPACITY_STILL_BLOCKED_AFTER_WIP,CRITICAL,Capacity remains blocked after WIP is considered.,REVIEW_CAPACITY_CONSTRAINT,False,True
WIP8D-REV-0420,PHASE4-MPS-20260711141513,PSC-SKU-BIKE-ROAD-001-20260810,SKU-BIKE-ROAD-001,ROAD-OP-040,WIP-ROAD-WHEEL-SET-READY,BUF-ROAD-WHEEL,MAINTENANCE_STILL_BLOCKED_AFTER_WIP,CRITICAL,Maintenance remains blocked after WIP is considered.,REVIEW_MAINTENANCE_BLOCKER,False,True
WIP8D-REV-0421,PHASE4-MPS-20260711141513,PSC-SKU-BIKE-ROAD-001-20260810,SKU-BIKE-ROAD-001,ROAD-OP-040,WIP-ROAD-BRAKE-SET-READY,BUF-ROAD-BRAKE,CAPACITY_STILL_BLOCKED_AFTER_WIP,CRITICAL,Capacity remains blocked after WIP is considered.,REVIEW_CAPACITY_CONSTRAINT,False,True
WIP8D-REV-0422,PHASE4-MPS-20260711141513,PSC-SKU-BIKE-ROAD-001-20260810,SKU-BIKE-ROAD-001,ROAD-OP-040,WIP-ROAD-BRAKE-SET-READY,BUF-ROAD-BRAKE,MAINTENANCE_STILL_BLOCKED_AFTER_WIP,CRITICAL,Maintenance remains blocked after WIP is considered.,REVIEW_MAINTENANCE_BLOCKER,False,True
WIP8D-REV-0423,PHASE4-MPS-20260711141513,PSC-SKU-BIKE-ROAD-001-20260810,SKU-BIKE-ROAD-001,ROAD-OP-050,WIP-ROAD-FINAL-ASSEMBLY-READY,BUF-ROAD-ASM,WIP_SHORTAGE_SCHEDULE_RISK,HIGH,Accepted WIP does not cover the downstream operation requirement.,REVIEW_WIP_BUFFER_BUILD_PLAN,False,True
WIP8D-REV-0424,PHASE4-MPS-20260711141513,PSC-SKU-BIKE-ROAD-001-20260810,SKU-BIKE-ROAD-001,ROAD-OP-050,WIP-ROAD-FINAL-ASSEMBLY-READY,BUF-ROAD-ASM,CAPACITY_STILL_BLOCKED_AFTER_WIP,CRITICAL,Capacity remains blocked after WIP is considered.,REVIEW_CAPACITY_CONSTRAINT,False,True
WIP8D-REV-0425,PHASE4-MPS-20260711141513,PSC-SKU-BIKE-ROAD-001-20260810,SKU-BIKE-ROAD-001,ROAD-OP-050,WIP-ROAD-FINAL-ASSEMBLY-READY,BUF-ROAD-ASM,MAINTENANCE_STILL_BLOCKED_AFTER_WIP,CRITICAL,Maintenance remains blocked after WIP is considered.,REVIEW_MAINTENANCE_BLOCKER,False,True
WIP8D-REV-0426,PHASE4-MPS-20260711141513,PSC-SKU-BIKE-ROAD-001-20260810,SKU-BIKE-ROAD-001,ROAD-OP-060,WIP-ROAD-QC-PASSED,BUF-ROAD-QC,CAPACITY_STILL_BLOCKED_AFTER_WIP,CRITICAL,Capacity remains blocked after WIP is considered.,REVIEW_CAPACITY_CONSTRAINT,False,True
WIP8D-REV-0427,PHASE4-MPS-20260711141513,PSC-SKU-BIKE-ROAD-001-20260810,SKU-BIKE-ROAD-001,ROAD-OP-060,WIP-ROAD-QC-PASSED,BUF-ROAD-QC,MAINTENANCE_STILL_BLOCKED_AFTER_WIP,CRITICAL,Maintenance remains blocked after WIP is considered.,REVIEW_MAINTENANCE_BLOCKER,False,True
WIP8D-REV-0428,PHASE4-MPS-20260711141513,PSC-SKU-BIKE-ROAD-001-20260817,SKU-BIKE-ROAD-001,ROAD-OP-010,,,CAPACITY_STILL_BLOCKED_AFTER_WIP,CRITICAL,Capacity remains blocked after WIP is considered.,REVIEW_CAPACITY_CONSTRAINT,False,True
WIP8D-REV-0429,PHASE4-MPS-20260711141513,PSC-SKU-BIKE-ROAD-001-20260817,SKU-BIKE-ROAD-001,ROAD-OP-010,,,MAINTENANCE_STILL_BLOCKED_AFTER_WIP,CRITICAL,Maintenance remains blocked after WIP is considered.,REVIEW_MAINTENANCE_BLOCKER,False,True
WIP8D-REV-0430,PHASE4-MPS-20260711141513,PSC-SKU-BIKE-ROAD-001-20260817,SKU-BIKE-ROAD-001,ROAD-OP-020,WIP-ROAD-FRAME-TO-WHEEL,BUF-ROAD-FRAME-WHEEL,WIP_SHORTAGE_SCHEDULE_RISK,HIGH,Accepted WIP does not cover the downstream operation requirement.,REVIEW_WIP_BUFFER_BUILD_PLAN,False,True
WIP8D-REV-0431,PHASE4-MPS-20260711141513,PSC-SKU-BIKE-ROAD-001-20260817,SKU-BIKE-ROAD-001,ROAD-OP-020,WIP-ROAD-FRAME-TO-WHEEL,BUF-ROAD-FRAME-WHEEL,CAPACITY_STILL_BLOCKED_AFTER_WIP,CRITICAL,Capacity remains blocked after WIP is considered.,REVIEW_CAPACITY_CONSTRAINT,False,True
WIP8D-REV-0432,PHASE4-MPS-20260711141513,PSC-SKU-BIKE-ROAD-001-20260817,SKU-BIKE-ROAD-001,ROAD-OP-020,WIP-ROAD-FRAME-TO-WHEEL,BUF-ROAD-FRAME-WHEEL,MAINTENANCE_STILL_BLOCKED_AFTER_WIP,CRITICAL,Maintenance remains blocked after WIP is considered.,REVIEW_MAINTENANCE_BLOCKER,False,True
WIP8D-REV-0433,PHASE4-MPS-20260711141513,PSC-SKU-BIKE-ROAD-001-20260817,SKU-BIKE-ROAD-001,ROAD-OP-030,WIP-ROAD-FRAME-TO-BRAKE,BUF-ROAD-FRAME-BRAKE,WIP_SHORTAGE_SCHEDULE_RISK,HIGH,Accepted WIP does not cover the downstream operation requirement.,REVIEW_WIP_BUFFER_BUILD_PLAN,False,True
WIP8D-REV-0434,PHASE4-MPS-20260711141513,PSC-SKU-BIKE-ROAD-001-20260817,SKU-BIKE-ROAD-001,ROAD-OP-030,WIP-ROAD-FRAME-TO-BRAKE,BUF-ROAD-FRAME-BRAKE,CAPACITY_STILL_BLOCKED_AFTER_WIP,CRITICAL,Capacity remains blocked after WIP is considered.,REVIEW_CAPACITY_CONSTRAINT,False,True
WIP8D-REV-0435,PHASE4-MPS-20260711141513,PSC-SKU-BIKE-ROAD-001-20260817,SKU-BIKE-ROAD-001,ROAD-OP-030,WIP-ROAD-FRAME-TO-BRAKE,BUF-ROAD-FRAME-BRAKE,MAINTENANCE_STILL_BLOCKED_AFTER_WIP,CRITICAL,Maintenance remains blocked after WIP is considered.,REVIEW_MAINTENANCE_BLOCKER,False,True
WIP8D-REV-0436,PHASE4-MPS-20260711141513,PSC-SKU-BIKE-ROAD-001-20260817,SKU-BIKE-ROAD-001,ROAD-OP-040,WIP-ROAD-WHEEL-SET-READY,BUF-ROAD-WHEEL,CAPACITY_STILL_BLOCKED_AFTER_WIP,CRITICAL,Capacity remains blocked after WIP is considered.,REVIEW_CAPACITY_CONSTRAINT,False,True
WIP8D-REV-0437,PHASE4-MPS-20260711141513,PSC-SKU-BIKE-ROAD-001-20260817,SKU-BIKE-ROAD-001,ROAD-OP-040,WIP-ROAD-WHEEL-SET-READY,BUF-ROAD-WHEEL,MAINTENANCE_STILL_BLOCKED_AFTER_WIP,CRITICAL,Maintenance remains blocked after WIP is considered.,REVIEW_MAINTENANCE_BLOCKER,False,True
WIP8D-REV-0438,PHASE4-MPS-20260711141513,PSC-SKU-BIKE-ROAD-001-20260817,SKU-BIKE-ROAD-001,ROAD-OP-040,WIP-ROAD-BRAKE-SET-READY,BUF-ROAD-BRAKE,CAPACITY_STILL_BLOCKED_AFTER_WIP,CRITICAL,Capacity remains blocked after WIP is considered.,REVIEW_CAPACITY_CONSTRAINT,False,True
WIP8D-REV-0439,PHASE4-MPS-20260711141513,PSC-SKU-BIKE-ROAD-001-20260817,SKU-BIKE-ROAD-001,ROAD-OP-040,WIP-ROAD-BRAKE-SET-READY,BUF-ROAD-BRAKE,MAINTENANCE_STILL_BLOCKED_AFTER_WIP,CRITICAL,Maintenance remains blocked after WIP is considered.,REVIEW_MAINTENANCE_BLOCKER,False,True
WIP8D-REV-0440,PHASE4-MPS-20260711141513,PSC-SKU-BIKE-ROAD-001-20260817,SKU-BIKE-ROAD-001,ROAD-OP-050,WIP-ROAD-FINAL-ASSEMBLY-READY,BUF-ROAD-ASM,WIP_SHORTAGE_SCHEDULE_RISK,HIGH,Accepted WIP does not cover the downstream operation requirement.,REVIEW_WIP_BUFFER_BUILD_PLAN,False,True
WIP8D-REV-0441,PHASE4-MPS-20260711141513,PSC-SKU-BIKE-ROAD-001-20260817,SKU-BIKE-ROAD-001,ROAD-OP-050,WIP-ROAD-FINAL-ASSEMBLY-READY,BUF-ROAD-ASM,CAPACITY_STILL_BLOCKED_AFTER_WIP,CRITICAL,Capacity remains blocked after WIP is considered.,REVIEW_CAPACITY_CONSTRAINT,False,True
WIP8D-REV-0442,PHASE4-MPS-20260711141513,PSC-SKU-BIKE-ROAD-001-20260817,SKU-BIKE-ROAD-001,ROAD-OP-050,WIP-ROAD-FINAL-ASSEMBLY-READY,BUF-ROAD-ASM,MAINTENANCE_STILL_BLOCKED_AFTER_WIP,CRITICAL,Maintenance remains blocked after WIP is considered.,REVIEW_MAINTENANCE_BLOCKER,False,True
WIP8D-REV-0443,PHASE4-MPS-20260711141513,PSC-SKU-BIKE-ROAD-001-20260817,SKU-BIKE-ROAD-001,ROAD-OP-060,WIP-ROAD-QC-PASSED,BUF-ROAD-QC,CAPACITY_STILL_BLOCKED_AFTER_WIP,CRITICAL,Capacity remains blocked after WIP is considered.,REVIEW_CAPACITY_CONSTRAINT,False,True
WIP8D-REV-0444,PHASE4-MPS-20260711141513,PSC-SKU-BIKE-ROAD-001-20260817,SKU-BIKE-ROAD-001,ROAD-OP-060,WIP-ROAD-QC-PASSED,BUF-ROAD-QC,MAINTENANCE_STILL_BLOCKED_AFTER_WIP,CRITICAL,Maintenance remains blocked after WIP is considered.,REVIEW_MAINTENANCE_BLOCKER,False,True
WIP8D-REV-0445,PHASE4-MPS-20260711141513,PSC-SKU-BIKE-ROAD-001-20260824,SKU-BIKE-ROAD-001,ROAD-OP-010,,,CAPACITY_STILL_BLOCKED_AFTER_WIP,CRITICAL,Capacity remains blocked after WIP is considered.,REVIEW_CAPACITY_CONSTRAINT,False,True
WIP8D-REV-0446,PHASE4-MPS-20260711141513,PSC-SKU-BIKE-ROAD-001-20260824,SKU-BIKE-ROAD-001,ROAD-OP-010,,,MAINTENANCE_STILL_BLOCKED_AFTER_WIP,CRITICAL,Maintenance remains blocked after WIP is considered.,REVIEW_MAINTENANCE_BLOCKER,False,True
WIP8D-REV-0447,PHASE4-MPS-20260711141513,PSC-SKU-BIKE-ROAD-001-20260824,SKU-BIKE-ROAD-001,ROAD-OP-020,WIP-ROAD-FRAME-TO-WHEEL,BUF-ROAD-FRAME-WHEEL,WIP_SHORTAGE_SCHEDULE_RISK,HIGH,Accepted WIP does not cover the downstream operation requirement.,REVIEW_WIP_BUFFER_BUILD_PLAN,False,True
WIP8D-REV-0448,PHASE4-MPS-20260711141513,PSC-SKU-BIKE-ROAD-001-20260824,SKU-BIKE-ROAD-001,ROAD-OP-020,WIP-ROAD-FRAME-TO-WHEEL,BUF-ROAD-FRAME-WHEEL,CAPACITY_STILL_BLOCKED_AFTER_WIP,CRITICAL,Capacity remains blocked after WIP is considered.,REVIEW_CAPACITY_CONSTRAINT,False,True
WIP8D-REV-0449,PHASE4-MPS-20260711141513,PSC-SKU-BIKE-ROAD-001-20260824,SKU-BIKE-ROAD-001,ROAD-OP-020,WIP-ROAD-FRAME-TO-WHEEL,BUF-ROAD-FRAME-WHEEL,MAINTENANCE_STILL_BLOCKED_AFTER_WIP,CRITICAL,Maintenance remains blocked after WIP is considered.,REVIEW_MAINTENANCE_BLOCKER,False,True
WIP8D-REV-0450,PHASE4-MPS-20260711141513,PSC-SKU-BIKE-ROAD-001-20260824,SKU-BIKE-ROAD-001,ROAD-OP-030,WIP-ROAD-FRAME-TO-BRAKE,BUF-ROAD-FRAME-BRAKE,WIP_SHORTAGE_SCHEDULE_RISK,HIGH,Accepted WIP does not cover the downstream operation requirement.,REVIEW_WIP_BUFFER_BUILD_PLAN,False,True
WIP8D-REV-0451,PHASE4-MPS-20260711141513,PSC-SKU-BIKE-ROAD-001-20260824,SKU-BIKE-ROAD-001,ROAD-OP-030,WIP-ROAD-FRAME-TO-BRAKE,BUF-ROAD-FRAME-BRAKE,CAPACITY_STILL_BLOCKED_AFTER_WIP,CRITICAL,Capacity remains blocked after WIP is considered.,REVIEW_CAPACITY_CONSTRAINT,False,True
WIP8D-REV-0452,PHASE4-MPS-20260711141513,PSC-SKU-BIKE-ROAD-001-20260824,SKU-BIKE-ROAD-001,ROAD-OP-030,WIP-ROAD-FRAME-TO-BRAKE,BUF-ROAD-FRAME-BRAKE,MAINTENANCE_STILL_BLOCKED_AFTER_WIP,CRITICAL,Maintenance remains blocked after WIP is considered.,REVIEW_MAINTENANCE_BLOCKER,False,True
WIP8D-REV-0453,PHASE4-MPS-20260711141513,PSC-SKU-BIKE-ROAD-001-20260824,SKU-BIKE-ROAD-001,ROAD-OP-040,WIP-ROAD-WHEEL-SET-READY,BUF-ROAD-WHEEL,CAPACITY_STILL_BLOCKED_AFTER_WIP,CRITICAL,Capacity remains blocked after WIP is considered.,REVIEW_CAPACITY_CONSTRAINT,False,True
WIP8D-REV-0454,PHASE4-MPS-20260711141513,PSC-SKU-BIKE-ROAD-001-20260824,SKU-BIKE-ROAD-001,ROAD-OP-040,WIP-ROAD-WHEEL-SET-READY,BUF-ROAD-WHEEL,MAINTENANCE_STILL_BLOCKED_AFTER_WIP,CRITICAL,Maintenance remains blocked after WIP is considered.,REVIEW_MAINTENANCE_BLOCKER,False,True
WIP8D-REV-0455,PHASE4-MPS-20260711141513,PSC-SKU-BIKE-ROAD-001-20260824,SKU-BIKE-ROAD-001,ROAD-OP-040,WIP-ROAD-BRAKE-SET-READY,BUF-ROAD-BRAKE,CAPACITY_STILL_BLOCKED_AFTER_WIP,CRITICAL,Capacity remains blocked after WIP is considered.,REVIEW_CAPACITY_CONSTRAINT,False,True
WIP8D-REV-0456,PHASE4-MPS-20260711141513,PSC-SKU-BIKE-ROAD-001-20260824,SKU-BIKE-ROAD-001,ROAD-OP-040,WIP-ROAD-BRAKE-SET-READY,BUF-ROAD-BRAKE,MAINTENANCE_STILL_BLOCKED_AFTER_WIP,CRITICAL,Maintenance remains blocked after WIP is considered.,REVIEW_MAINTENANCE_BLOCKER,False,True
WIP8D-REV-0457,PHASE4-MPS-20260711141513,PSC-SKU-BIKE-ROAD-001-20260824,SKU-BIKE-ROAD-001,ROAD-OP-050,WIP-ROAD-FINAL-ASSEMBLY-READY,BUF-ROAD-ASM,WIP_SHORTAGE_SCHEDULE_RISK,HIGH,Accepted WIP does not cover the downstream operation requirement.,REVIEW_WIP_BUFFER_BUILD_PLAN,False,True
WIP8D-REV-0458,PHASE4-MPS-20260711141513,PSC-SKU-BIKE-ROAD-001-20260824,SKU-BIKE-ROAD-001,ROAD-OP-050,WIP-ROAD-FINAL-ASSEMBLY-READY,BUF-ROAD-ASM,CAPACITY_STILL_BLOCKED_AFTER_WIP,CRITICAL,Capacity remains blocked after WIP is considered.,REVIEW_CAPACITY_CONSTRAINT,False,True
WIP8D-REV-0459,PHASE4-MPS-20260711141513,PSC-SKU-BIKE-ROAD-001-20260824,SKU-BIKE-ROAD-001,ROAD-OP-050,WIP-ROAD-FINAL-ASSEMBLY-READY,BUF-ROAD-ASM,MAINTENANCE_STILL_BLOCKED_AFTER_WIP,CRITICAL,Maintenance remains blocked after WIP is considered.,REVIEW_MAINTENANCE_BLOCKER,False,True
WIP8D-REV-0460,PHASE4-MPS-20260711141513,PSC-SKU-BIKE-ROAD-001-20260824,SKU-BIKE-ROAD-001,ROAD-OP-060,WIP-ROAD-QC-PASSED,BUF-ROAD-QC,CAPACITY_STILL_BLOCKED_AFTER_WIP,CRITICAL,Capacity remains blocked after WIP is considered.,REVIEW_CAPACITY_CONSTRAINT,False,True
WIP8D-REV-0461,PHASE4-MPS-20260711141513,PSC-SKU-BIKE-ROAD-001-20260824,SKU-BIKE-ROAD-001,ROAD-OP-060,WIP-ROAD-QC-PASSED,BUF-ROAD-QC,MAINTENANCE_STILL_BLOCKED_AFTER_WIP,CRITICAL,Maintenance remains blocked after WIP is considered.,REVIEW_MAINTENANCE_BLOCKER,False,True
WIP8D-REV-0462,PHASE4-MPS-20260711141513,PSC-SKU-BIKE-ROAD-001-20260831,SKU-BIKE-ROAD-001,ROAD-OP-010,,,CAPACITY_STILL_BLOCKED_AFTER_WIP,CRITICAL,Capacity remains blocked after WIP is considered.,REVIEW_CAPACITY_CONSTRAINT,False,True
WIP8D-REV-0463,PHASE4-MPS-20260711141513,PSC-SKU-BIKE-ROAD-001-20260831,SKU-BIKE-ROAD-001,ROAD-OP-010,,,MAINTENANCE_STILL_BLOCKED_AFTER_WIP,CRITICAL,Maintenance remains blocked after WIP is considered.,REVIEW_MAINTENANCE_BLOCKER,False,True
WIP8D-REV-0464,PHASE4-MPS-20260711141513,PSC-SKU-BIKE-ROAD-001-20260831,SKU-BIKE-ROAD-001,ROAD-OP-020,WIP-ROAD-FRAME-TO-WHEEL,BUF-ROAD-FRAME-WHEEL,WIP_SHORTAGE_SCHEDULE_RISK,HIGH,Accepted WIP does not cover the downstream operation requirement.,REVIEW_WIP_BUFFER_BUILD_PLAN,False,True
WIP8D-REV-0465,PHASE4-MPS-20260711141513,PSC-SKU-BIKE-ROAD-001-20260831,SKU-BIKE-ROAD-001,ROAD-OP-020,WIP-ROAD-FRAME-TO-WHEEL,BUF-ROAD-FRAME-WHEEL,CAPACITY_STILL_BLOCKED_AFTER_WIP,CRITICAL,Capacity remains blocked after WIP is considered.,REVIEW_CAPACITY_CONSTRAINT,False,True
WIP8D-REV-0466,PHASE4-MPS-20260711141513,PSC-SKU-BIKE-ROAD-001-20260831,SKU-BIKE-ROAD-001,ROAD-OP-020,WIP-ROAD-FRAME-TO-WHEEL,BUF-ROAD-FRAME-WHEEL,MAINTENANCE_STILL_BLOCKED_AFTER_WIP,CRITICAL,Maintenance remains blocked after WIP is considered.,REVIEW_MAINTENANCE_BLOCKER,False,True
WIP8D-REV-0467,PHASE4-MPS-20260711141513,PSC-SKU-BIKE-ROAD-001-20260831,SKU-BIKE-ROAD-001,ROAD-OP-030,WIP-ROAD-FRAME-TO-BRAKE,BUF-ROAD-FRAME-BRAKE,WIP_SHORTAGE_SCHEDULE_RISK,HIGH,Accepted WIP does not cover the downstream operation requirement.,REVIEW_WIP_BUFFER_BUILD_PLAN,False,True
WIP8D-REV-0468,PHASE4-MPS-20260711141513,PSC-SKU-BIKE-ROAD-001-20260831,SKU-BIKE-ROAD-001,ROAD-OP-030,WIP-ROAD-FRAME-TO-BRAKE,BUF-ROAD-FRAME-BRAKE,CAPACITY_STILL_BLOCKED_AFTER_WIP,CRITICAL,Capacity remains blocked after WIP is considered.,REVIEW_CAPACITY_CONSTRAINT,False,True
WIP8D-REV-0469,PHASE4-MPS-20260711141513,PSC-SKU-BIKE-ROAD-001-20260831,SKU-BIKE-ROAD-001,ROAD-OP-030,WIP-ROAD-FRAME-TO-BRAKE,BUF-ROAD-FRAME-BRAKE,MAINTENANCE_STILL_BLOCKED_AFTER_WIP,CRITICAL,Maintenance remains blocked after WIP is considered.,REVIEW_MAINTENANCE_BLOCKER,False,True
WIP8D-REV-0470,PHASE4-MPS-20260711141513,PSC-SKU-BIKE-ROAD-001-20260831,SKU-BIKE-ROAD-001,ROAD-OP-040,WIP-ROAD-WHEEL-SET-READY,BUF-ROAD-WHEEL,CAPACITY_STILL_BLOCKED_AFTER_WIP,CRITICAL,Capacity remains blocked after WIP is considered.,REVIEW_CAPACITY_CONSTRAINT,False,True
WIP8D-REV-0471,PHASE4-MPS-20260711141513,PSC-SKU-BIKE-ROAD-001-20260831,SKU-BIKE-ROAD-001,ROAD-OP-040,WIP-ROAD-WHEEL-SET-READY,BUF-ROAD-WHEEL,MAINTENANCE_STILL_BLOCKED_AFTER_WIP,CRITICAL,Maintenance remains blocked after WIP is considered.,REVIEW_MAINTENANCE_BLOCKER,False,True
WIP8D-REV-0472,PHASE4-MPS-20260711141513,PSC-SKU-BIKE-ROAD-001-20260831,SKU-BIKE-ROAD-001,ROAD-OP-040,WIP-ROAD-BRAKE-SET-READY,BUF-ROAD-BRAKE,CAPACITY_STILL_BLOCKED_AFTER_WIP,CRITICAL,Capacity remains blocked after WIP is considered.,REVIEW_CAPACITY_CONSTRAINT,False,True
WIP8D-REV-0473,PHASE4-MPS-20260711141513,PSC-SKU-BIKE-ROAD-001-20260831,SKU-BIKE-ROAD-001,ROAD-OP-040,WIP-ROAD-BRAKE-SET-READY,BUF-ROAD-BRAKE,MAINTENANCE_STILL_BLOCKED_AFTER_WIP,CRITICAL,Maintenance remains blocked after WIP is considered.,REVIEW_MAINTENANCE_BLOCKER,False,True
WIP8D-REV-0474,PHASE4-MPS-20260711141513,PSC-SKU-BIKE-ROAD-001-20260831,SKU-BIKE-ROAD-001,ROAD-OP-050,WIP-ROAD-FINAL-ASSEMBLY-READY,BUF-ROAD-ASM,WIP_SHORTAGE_SCHEDULE_RISK,HIGH,Accepted WIP does not cover the downstream operation requirement.,REVIEW_WIP_BUFFER_BUILD_PLAN,False,True
WIP8D-REV-0475,PHASE4-MPS-20260711141513,PSC-SKU-BIKE-ROAD-001-20260831,SKU-BIKE-ROAD-001,ROAD-OP-050,WIP-ROAD-FINAL-ASSEMBLY-READY,BUF-ROAD-ASM,CAPACITY_STILL_BLOCKED_AFTER_WIP,CRITICAL,Capacity remains blocked after WIP is considered.,REVIEW_CAPACITY_CONSTRAINT,False,True
WIP8D-REV-0476,PHASE4-MPS-20260711141513,PSC-SKU-BIKE-ROAD-001-20260831,SKU-BIKE-ROAD-001,ROAD-OP-050,WIP-ROAD-FINAL-ASSEMBLY-READY,BUF-ROAD-ASM,MAINTENANCE_STILL_BLOCKED_AFTER_WIP,CRITICAL,Maintenance remains blocked after WIP is considered.,REVIEW_MAINTENANCE_BLOCKER,False,True
WIP8D-REV-0477,PHASE4-MPS-20260711141513,PSC-SKU-BIKE-ROAD-001-20260831,SKU-BIKE-ROAD-001,ROAD-OP-060,WIP-ROAD-QC-PASSED,BUF-ROAD-QC,CAPACITY_STILL_BLOCKED_AFTER_WIP,CRITICAL,Capacity remains blocked after WIP is considered.,REVIEW_CAPACITY_CONSTRAINT,False,True
WIP8D-REV-0478,PHASE4-MPS-20260711141513,PSC-SKU-BIKE-ROAD-001-20260831,SKU-BIKE-ROAD-001,ROAD-OP-060,WIP-ROAD-QC-PASSED,BUF-ROAD-QC,MAINTENANCE_STILL_BLOCKED_AFTER_WIP,CRITICAL,Maintenance remains blocked after WIP is considered.,REVIEW_MAINTENANCE_BLOCKER,False,True
WIP8D-REV-0479,PHASE4-MPS-20260711141513,PSC-SKU-BIKE-ROAD-001-20260907,SKU-BIKE-ROAD-001,ROAD-OP-010,,,CAPACITY_STILL_BLOCKED_AFTER_WIP,CRITICAL,Capacity remains blocked after WIP is considered.,REVIEW_CAPACITY_CONSTRAINT,False,True
WIP8D-REV-0480,PHASE4-MPS-20260711141513,PSC-SKU-BIKE-ROAD-001-20260907,SKU-BIKE-ROAD-001,ROAD-OP-010,,,MAINTENANCE_STILL_BLOCKED_AFTER_WIP,CRITICAL,Maintenance remains blocked after WIP is considered.,REVIEW_MAINTENANCE_BLOCKER,False,True
WIP8D-REV-0481,PHASE4-MPS-20260711141513,PSC-SKU-BIKE-ROAD-001-20260907,SKU-BIKE-ROAD-001,ROAD-OP-020,WIP-ROAD-FRAME-TO-WHEEL,BUF-ROAD-FRAME-WHEEL,WIP_SHORTAGE_SCHEDULE_RISK,HIGH,Accepted WIP does not cover the downstream operation requirement.,REVIEW_WIP_BUFFER_BUILD_PLAN,False,True
WIP8D-REV-0482,PHASE4-MPS-20260711141513,PSC-SKU-BIKE-ROAD-001-20260907,SKU-BIKE-ROAD-001,ROAD-OP-020,WIP-ROAD-FRAME-TO-WHEEL,BUF-ROAD-FRAME-WHEEL,CAPACITY_STILL_BLOCKED_AFTER_WIP,CRITICAL,Capacity remains blocked after WIP is considered.,REVIEW_CAPACITY_CONSTRAINT,False,True
WIP8D-REV-0483,PHASE4-MPS-20260711141513,PSC-SKU-BIKE-ROAD-001-20260907,SKU-BIKE-ROAD-001,ROAD-OP-020,WIP-ROAD-FRAME-TO-WHEEL,BUF-ROAD-FRAME-WHEEL,MAINTENANCE_STILL_BLOCKED_AFTER_WIP,CRITICAL,Maintenance remains blocked after WIP is considered.,REVIEW_MAINTENANCE_BLOCKER,False,True
WIP8D-REV-0484,PHASE4-MPS-20260711141513,PSC-SKU-BIKE-ROAD-001-20260907,SKU-BIKE-ROAD-001,ROAD-OP-030,WIP-ROAD-FRAME-TO-BRAKE,BUF-ROAD-FRAME-BRAKE,WIP_SHORTAGE_SCHEDULE_RISK,HIGH,Accepted WIP does not cover the downstream operation requirement.,REVIEW_WIP_BUFFER_BUILD_PLAN,False,True
WIP8D-REV-0485,PHASE4-MPS-20260711141513,PSC-SKU-BIKE-ROAD-001-20260907,SKU-BIKE-ROAD-001,ROAD-OP-030,WIP-ROAD-FRAME-TO-BRAKE,BUF-ROAD-FRAME-BRAKE,CAPACITY_STILL_BLOCKED_AFTER_WIP,CRITICAL,Capacity remains blocked after WIP is considered.,REVIEW_CAPACITY_CONSTRAINT,False,True
WIP8D-REV-0486,PHASE4-MPS-20260711141513,PSC-SKU-BIKE-ROAD-001-20260907,SKU-BIKE-ROAD-001,ROAD-OP-030,WIP-ROAD-FRAME-TO-BRAKE,BUF-ROAD-FRAME-BRAKE,MAINTENANCE_STILL_BLOCKED_AFTER_WIP,CRITICAL,Maintenance remains blocked after WIP is considered.,REVIEW_MAINTENANCE_BLOCKER,False,True
WIP8D-REV-0487,PHASE4-MPS-20260711141513,PSC-SKU-BIKE-ROAD-001-20260907,SKU-BIKE-ROAD-001,ROAD-OP-040,WIP-ROAD-WHEEL-SET-READY,BUF-ROAD-WHEEL,CAPACITY_STILL_BLOCKED_AFTER_WIP,CRITICAL,Capacity remains blocked after WIP is considered.,REVIEW_CAPACITY_CONSTRAINT,False,True
WIP8D-REV-0488,PHASE4-MPS-20260711141513,PSC-SKU-BIKE-ROAD-001-20260907,SKU-BIKE-ROAD-001,ROAD-OP-040,WIP-ROAD-WHEEL-SET-READY,BUF-ROAD-WHEEL,MAINTENANCE_STILL_BLOCKED_AFTER_WIP,CRITICAL,Maintenance remains blocked after WIP is considered.,REVIEW_MAINTENANCE_BLOCKER,False,True
WIP8D-REV-0489,PHASE4-MPS-20260711141513,PSC-SKU-BIKE-ROAD-001-20260907,SKU-BIKE-ROAD-001,ROAD-OP-040,WIP-ROAD-BRAKE-SET-READY,BUF-ROAD-BRAKE,CAPACITY_STILL_BLOCKED_AFTER_WIP,CRITICAL,Capacity remains blocked after WIP is considered.,REVIEW_CAPACITY_CONSTRAINT,False,True
WIP8D-REV-0490,PHASE4-MPS-20260711141513,PSC-SKU-BIKE-ROAD-001-20260907,SKU-BIKE-ROAD-001,ROAD-OP-040,WIP-ROAD-BRAKE-SET-READY,BUF-ROAD-BRAKE,MAINTENANCE_STILL_BLOCKED_AFTER_WIP,CRITICAL,Maintenance remains blocked after WIP is considered.,REVIEW_MAINTENANCE_BLOCKER,False,True
WIP8D-REV-0491,PHASE4-MPS-20260711141513,PSC-SKU-BIKE-ROAD-001-20260907,SKU-BIKE-ROAD-001,ROAD-OP-050,WIP-ROAD-FINAL-ASSEMBLY-READY,BUF-ROAD-ASM,WIP_SHORTAGE_SCHEDULE_RISK,HIGH,Accepted WIP does not cover the downstream operation requirement.,REVIEW_WIP_BUFFER_BUILD_PLAN,False,True
WIP8D-REV-0492,PHASE4-MPS-20260711141513,PSC-SKU-BIKE-ROAD-001-20260907,SKU-BIKE-ROAD-001,ROAD-OP-050,WIP-ROAD-FINAL-ASSEMBLY-READY,BUF-ROAD-ASM,CAPACITY_STILL_BLOCKED_AFTER_WIP,CRITICAL,Capacity remains blocked after WIP is considered.,REVIEW_CAPACITY_CONSTRAINT,False,True
WIP8D-REV-0493,PHASE4-MPS-20260711141513,PSC-SKU-BIKE-ROAD-001-20260907,SKU-BIKE-ROAD-001,ROAD-OP-050,WIP-ROAD-FINAL-ASSEMBLY-READY,BUF-ROAD-ASM,MAINTENANCE_STILL_BLOCKED_AFTER_WIP,CRITICAL,Maintenance remains blocked after WIP is considered.,REVIEW_MAINTENANCE_BLOCKER,False,True
WIP8D-REV-0494,PHASE4-MPS-20260711141513,PSC-SKU-BIKE-ROAD-001-20260907,SKU-BIKE-ROAD-001,ROAD-OP-060,WIP-ROAD-QC-PASSED,BUF-ROAD-QC,CAPACITY_STILL_BLOCKED_AFTER_WIP,CRITICAL,Capacity remains blocked after WIP is considered.,REVIEW_CAPACITY_CONSTRAINT,False,True
WIP8D-REV-0495,PHASE4-MPS-20260711141513,PSC-SKU-BIKE-ROAD-001-20260907,SKU-BIKE-ROAD-001,ROAD-OP-060,WIP-ROAD-QC-PASSED,BUF-ROAD-QC,MAINTENANCE_STILL_BLOCKED_AFTER_WIP,CRITICAL,Maintenance remains blocked after WIP is considered.,REVIEW_MAINTENANCE_BLOCKER,False,True
WIP8D-REV-0496,PHASE4-MPS-20260711141513,PSC-SKU-BIKE-ROAD-001-20260914,SKU-BIKE-ROAD-001,ROAD-OP-010,,,CAPACITY_STILL_BLOCKED_AFTER_WIP,CRITICAL,Capacity remains blocked after WIP is considered.,REVIEW_CAPACITY_CONSTRAINT,False,True
WIP8D-REV-0497,PHASE4-MPS-20260711141513,PSC-SKU-BIKE-ROAD-001-20260914,SKU-BIKE-ROAD-001,ROAD-OP-010,,,MAINTENANCE_STILL_BLOCKED_AFTER_WIP,CRITICAL,Maintenance remains blocked after WIP is considered.,REVIEW_MAINTENANCE_BLOCKER,False,True
WIP8D-REV-0498,PHASE4-MPS-20260711141513,PSC-SKU-BIKE-ROAD-001-20260914,SKU-BIKE-ROAD-001,ROAD-OP-020,WIP-ROAD-FRAME-TO-WHEEL,BUF-ROAD-FRAME-WHEEL,WIP_SHORTAGE_SCHEDULE_RISK,HIGH,Accepted WIP does not cover the downstream operation requirement.,REVIEW_WIP_BUFFER_BUILD_PLAN,False,True
WIP8D-REV-0499,PHASE4-MPS-20260711141513,PSC-SKU-BIKE-ROAD-001-20260914,SKU-BIKE-ROAD-001,ROAD-OP-020,WIP-ROAD-FRAME-TO-WHEEL,BUF-ROAD-FRAME-WHEEL,CAPACITY_STILL_BLOCKED_AFTER_WIP,CRITICAL,Capacity remains blocked after WIP is considered.,REVIEW_CAPACITY_CONSTRAINT,False,True
WIP8D-REV-0500,PHASE4-MPS-20260711141513,PSC-SKU-BIKE-ROAD-001-20260914,SKU-BIKE-ROAD-001,ROAD-OP-020,WIP-ROAD-FRAME-TO-WHEEL,BUF-ROAD-FRAME-WHEEL,MAINTENANCE_STILL_BLOCKED_AFTER_WIP,CRITICAL,Maintenance remains blocked after WIP is considered.,REVIEW_MAINTENANCE_BLOCKER,False,True
WIP8D-REV-0501,PHASE4-MPS-20260711141513,PSC-SKU-BIKE-ROAD-001-20260914,SKU-BIKE-ROAD-001,ROAD-OP-030,WIP-ROAD-FRAME-TO-BRAKE,BUF-ROAD-FRAME-BRAKE,WIP_SHORTAGE_SCHEDULE_RISK,HIGH,Accepted WIP does not cover the downstream operation requirement.,REVIEW_WIP_BUFFER_BUILD_PLAN,False,True
WIP8D-REV-0502,PHASE4-MPS-20260711141513,PSC-SKU-BIKE-ROAD-001-20260914,SKU-BIKE-ROAD-001,ROAD-OP-030,WIP-ROAD-FRAME-TO-BRAKE,BUF-ROAD-FRAME-BRAKE,CAPACITY_STILL_BLOCKED_AFTER_WIP,CRITICAL,Capacity remains blocked after WIP is considered.,REVIEW_CAPACITY_CONSTRAINT,False,True
WIP8D-REV-0503,PHASE4-MPS-20260711141513,PSC-SKU-BIKE-ROAD-001-20260914,SKU-BIKE-ROAD-001,ROAD-OP-030,WIP-ROAD-FRAME-TO-BRAKE,BUF-ROAD-FRAME-BRAKE,MAINTENANCE_STILL_BLOCKED_AFTER_WIP,CRITICAL,Maintenance remains blocked after WIP is considered.,REVIEW_MAINTENANCE_BLOCKER,False,True
WIP8D-REV-0504,PHASE4-MPS-20260711141513,PSC-SKU-BIKE-ROAD-001-20260914,SKU-BIKE-ROAD-001,ROAD-OP-040,WIP-ROAD-WHEEL-SET-READY,BUF-ROAD-WHEEL,CAPACITY_STILL_BLOCKED_AFTER_WIP,CRITICAL,Capacity remains blocked after WIP is considered.,REVIEW_CAPACITY_CONSTRAINT,False,True
WIP8D-REV-0505,PHASE4-MPS-20260711141513,PSC-SKU-BIKE-ROAD-001-20260914,SKU-BIKE-ROAD-001,ROAD-OP-040,WIP-ROAD-WHEEL-SET-READY,BUF-ROAD-WHEEL,MAINTENANCE_STILL_BLOCKED_AFTER_WIP,CRITICAL,Maintenance remains blocked after WIP is considered.,REVIEW_MAINTENANCE_BLOCKER,False,True
WIP8D-REV-0506,PHASE4-MPS-20260711141513,PSC-SKU-BIKE-ROAD-001-20260914,SKU-BIKE-ROAD-001,ROAD-OP-040,WIP-ROAD-BRAKE-SET-READY,BUF-ROAD-BRAKE,CAPACITY_STILL_BLOCKED_AFTER_WIP,CRITICAL,Capacity remains blocked after WIP is considered.,REVIEW_CAPACITY_CONSTRAINT,False,True
WIP8D-REV-0507,PHASE4-MPS-20260711141513,PSC-SKU-BIKE-ROAD-001-20260914,SKU-BIKE-ROAD-001,ROAD-OP-040,WIP-ROAD-BRAKE-SET-READY,BUF-ROAD-BRAKE,MAINTENANCE_STILL_BLOCKED_AFTER_WIP,CRITICAL,Maintenance remains blocked after WIP is considered.,REVIEW_MAINTENANCE_BLOCKER,False,True
WIP8D-REV-0508,PHASE4-MPS-20260711141513,PSC-SKU-BIKE-ROAD-001-20260914,SKU-BIKE-ROAD-001,ROAD-OP-050,WIP-ROAD-FINAL-ASSEMBLY-READY,BUF-ROAD-ASM,WIP_SHORTAGE_SCHEDULE_RISK,HIGH,Accepted WIP does not cover the downstream operation requirement.,REVIEW_WIP_BUFFER_BUILD_PLAN,False,True
WIP8D-REV-0509,PHASE4-MPS-20260711141513,PSC-SKU-BIKE-ROAD-001-20260914,SKU-BIKE-ROAD-001,ROAD-OP-050,WIP-ROAD-FINAL-ASSEMBLY-READY,BUF-ROAD-ASM,CAPACITY_STILL_BLOCKED_AFTER_WIP,CRITICAL,Capacity remains blocked after WIP is considered.,REVIEW_CAPACITY_CONSTRAINT,False,True
WIP8D-REV-0510,PHASE4-MPS-20260711141513,PSC-SKU-BIKE-ROAD-001-20260914,SKU-BIKE-ROAD-001,ROAD-OP-050,WIP-ROAD-FINAL-ASSEMBLY-READY,BUF-ROAD-ASM,MAINTENANCE_STILL_BLOCKED_AFTER_WIP,CRITICAL,Maintenance remains blocked after WIP is considered.,REVIEW_MAINTENANCE_BLOCKER,False,True
WIP8D-REV-0511,PHASE4-MPS-20260711141513,PSC-SKU-BIKE-ROAD-001-20260914,SKU-BIKE-ROAD-001,ROAD-OP-060,WIP-ROAD-QC-PASSED,BUF-ROAD-QC,CAPACITY_STILL_BLOCKED_AFTER_WIP,CRITICAL,Capacity remains blocked after WIP is considered.,REVIEW_CAPACITY_CONSTRAINT,False,True
WIP8D-REV-0512,PHASE4-MPS-20260711141513,PSC-SKU-BIKE-ROAD-001-20260914,SKU-BIKE-ROAD-001,ROAD-OP-060,WIP-ROAD-QC-PASSED,BUF-ROAD-QC,MAINTENANCE_STILL_BLOCKED_AFTER_WIP,CRITICAL,Maintenance remains blocked after WIP is considered.,REVIEW_MAINTENANCE_BLOCKER,False,True
WIP8D-REV-0513,PHASE4-MPS-20260711141513,PSC-SKU-BIKE-ROAD-001-20260921,SKU-BIKE-ROAD-001,ROAD-OP-010,,,CAPACITY_STILL_BLOCKED_AFTER_WIP,CRITICAL,Capacity remains blocked after WIP is considered.,REVIEW_CAPACITY_CONSTRAINT,False,True
WIP8D-REV-0514,PHASE4-MPS-20260711141513,PSC-SKU-BIKE-ROAD-001-20260921,SKU-BIKE-ROAD-001,ROAD-OP-010,,,MAINTENANCE_STILL_BLOCKED_AFTER_WIP,CRITICAL,Maintenance remains blocked after WIP is considered.,REVIEW_MAINTENANCE_BLOCKER,False,True
WIP8D-REV-0515,PHASE4-MPS-20260711141513,PSC-SKU-BIKE-ROAD-001-20260921,SKU-BIKE-ROAD-001,ROAD-OP-020,WIP-ROAD-FRAME-TO-WHEEL,BUF-ROAD-FRAME-WHEEL,WIP_SHORTAGE_SCHEDULE_RISK,HIGH,Accepted WIP does not cover the downstream operation requirement.,REVIEW_WIP_BUFFER_BUILD_PLAN,False,True
WIP8D-REV-0516,PHASE4-MPS-20260711141513,PSC-SKU-BIKE-ROAD-001-20260921,SKU-BIKE-ROAD-001,ROAD-OP-020,WIP-ROAD-FRAME-TO-WHEEL,BUF-ROAD-FRAME-WHEEL,CAPACITY_STILL_BLOCKED_AFTER_WIP,CRITICAL,Capacity remains blocked after WIP is considered.,REVIEW_CAPACITY_CONSTRAINT,False,True
WIP8D-REV-0517,PHASE4-MPS-20260711141513,PSC-SKU-BIKE-ROAD-001-20260921,SKU-BIKE-ROAD-001,ROAD-OP-020,WIP-ROAD-FRAME-TO-WHEEL,BUF-ROAD-FRAME-WHEEL,MAINTENANCE_STILL_BLOCKED_AFTER_WIP,CRITICAL,Maintenance remains blocked after WIP is considered.,REVIEW_MAINTENANCE_BLOCKER,False,True
WIP8D-REV-0518,PHASE4-MPS-20260711141513,PSC-SKU-BIKE-ROAD-001-20260921,SKU-BIKE-ROAD-001,ROAD-OP-030,WIP-ROAD-FRAME-TO-BRAKE,BUF-ROAD-FRAME-BRAKE,WIP_SHORTAGE_SCHEDULE_RISK,HIGH,Accepted WIP does not cover the downstream operation requirement.,REVIEW_WIP_BUFFER_BUILD_PLAN,False,True
WIP8D-REV-0519,PHASE4-MPS-20260711141513,PSC-SKU-BIKE-ROAD-001-20260921,SKU-BIKE-ROAD-001,ROAD-OP-030,WIP-ROAD-FRAME-TO-BRAKE,BUF-ROAD-FRAME-BRAKE,CAPACITY_STILL_BLOCKED_AFTER_WIP,CRITICAL,Capacity remains blocked after WIP is considered.,REVIEW_CAPACITY_CONSTRAINT,False,True
WIP8D-REV-0520,PHASE4-MPS-20260711141513,PSC-SKU-BIKE-ROAD-001-20260921,SKU-BIKE-ROAD-001,ROAD-OP-030,WIP-ROAD-FRAME-TO-BRAKE,BUF-ROAD-FRAME-BRAKE,MAINTENANCE_STILL_BLOCKED_AFTER_WIP,CRITICAL,Maintenance remains blocked after WIP is considered.,REVIEW_MAINTENANCE_BLOCKER,False,True
WIP8D-REV-0521,PHASE4-MPS-20260711141513,PSC-SKU-BIKE-ROAD-001-20260921,SKU-BIKE-ROAD-001,ROAD-OP-040,WIP-ROAD-WHEEL-SET-READY,BUF-ROAD-WHEEL,CAPACITY_STILL_BLOCKED_AFTER_WIP,CRITICAL,Capacity remains blocked after WIP is considered.,REVIEW_CAPACITY_CONSTRAINT,False,True
WIP8D-REV-0522,PHASE4-MPS-20260711141513,PSC-SKU-BIKE-ROAD-001-20260921,SKU-BIKE-ROAD-001,ROAD-OP-040,WIP-ROAD-WHEEL-SET-READY,BUF-ROAD-WHEEL,MAINTENANCE_STILL_BLOCKED_AFTER_WIP,CRITICAL,Maintenance remains blocked after WIP is considered.,REVIEW_MAINTENANCE_BLOCKER,False,True
WIP8D-REV-0523,PHASE4-MPS-20260711141513,PSC-SKU-BIKE-ROAD-001-20260921,SKU-BIKE-ROAD-001,ROAD-OP-040,WIP-ROAD-BRAKE-SET-READY,BUF-ROAD-BRAKE,CAPACITY_STILL_BLOCKED_AFTER_WIP,CRITICAL,Capacity remains blocked after WIP is considered.,REVIEW_CAPACITY_CONSTRAINT,False,True
WIP8D-REV-0524,PHASE4-MPS-20260711141513,PSC-SKU-BIKE-ROAD-001-20260921,SKU-BIKE-ROAD-001,ROAD-OP-040,WIP-ROAD-BRAKE-SET-READY,BUF-ROAD-BRAKE,MAINTENANCE_STILL_BLOCKED_AFTER_WIP,CRITICAL,Maintenance remains blocked after WIP is considered.,REVIEW_MAINTENANCE_BLOCKER,False,True
WIP8D-REV-0525,PHASE4-MPS-20260711141513,PSC-SKU-BIKE-ROAD-001-20260921,SKU-BIKE-ROAD-001,ROAD-OP-050,WIP-ROAD-FINAL-ASSEMBLY-READY,BUF-ROAD-ASM,WIP_SHORTAGE_SCHEDULE_RISK,HIGH,Accepted WIP does not cover the downstream operation requirement.,REVIEW_WIP_BUFFER_BUILD_PLAN,False,True
WIP8D-REV-0526,PHASE4-MPS-20260711141513,PSC-SKU-BIKE-ROAD-001-20260921,SKU-BIKE-ROAD-001,ROAD-OP-050,WIP-ROAD-FINAL-ASSEMBLY-READY,BUF-ROAD-ASM,CAPACITY_STILL_BLOCKED_AFTER_WIP,CRITICAL,Capacity remains blocked after WIP is considered.,REVIEW_CAPACITY_CONSTRAINT,False,True
WIP8D-REV-0527,PHASE4-MPS-20260711141513,PSC-SKU-BIKE-ROAD-001-20260921,SKU-BIKE-ROAD-001,ROAD-OP-050,WIP-ROAD-FINAL-ASSEMBLY-READY,BUF-ROAD-ASM,MAINTENANCE_STILL_BLOCKED_AFTER_WIP,CRITICAL,Maintenance remains blocked after WIP is considered.,REVIEW_MAINTENANCE_BLOCKER,False,True
WIP8D-REV-0528,PHASE4-MPS-20260711141513,PSC-SKU-BIKE-ROAD-001-20260921,SKU-BIKE-ROAD-001,ROAD-OP-060,WIP-ROAD-QC-PASSED,BUF-ROAD-QC,CAPACITY_STILL_BLOCKED_AFTER_WIP,CRITICAL,Capacity remains blocked after WIP is considered.,REVIEW_CAPACITY_CONSTRAINT,False,True
WIP8D-REV-0529,PHASE4-MPS-20260711141513,PSC-SKU-BIKE-ROAD-001-20260921,SKU-BIKE-ROAD-001,ROAD-OP-060,WIP-ROAD-QC-PASSED,BUF-ROAD-QC,MAINTENANCE_STILL_BLOCKED_AFTER_WIP,CRITICAL,Maintenance remains blocked after WIP is considered.,REVIEW_MAINTENANCE_BLOCKER,False,True
WIP8D-REV-0530,PHASE4-MPS-20260711141513,PSC-SKU-BIKE-ROAD-001-20260928,SKU-BIKE-ROAD-001,ROAD-OP-010,,,MAINTENANCE_STILL_BLOCKED_AFTER_WIP,CRITICAL,Maintenance remains blocked after WIP is considered.,REVIEW_MAINTENANCE_BLOCKER,False,True
WIP8D-REV-0531,PHASE4-MPS-20260711141513,PSC-SKU-BIKE-ROAD-001-20260928,SKU-BIKE-ROAD-001,ROAD-OP-020,WIP-ROAD-FRAME-TO-WHEEL,BUF-ROAD-FRAME-WHEEL,WIP_SHORTAGE_SCHEDULE_RISK,HIGH,Accepted WIP does not cover the downstream operation requirement.,REVIEW_WIP_BUFFER_BUILD_PLAN,False,True
WIP8D-REV-0532,PHASE4-MPS-20260711141513,PSC-SKU-BIKE-ROAD-001-20260928,SKU-BIKE-ROAD-001,ROAD-OP-020,WIP-ROAD-FRAME-TO-WHEEL,BUF-ROAD-FRAME-WHEEL,MAINTENANCE_STILL_BLOCKED_AFTER_WIP,CRITICAL,Maintenance remains blocked after WIP is considered.,REVIEW_MAINTENANCE_BLOCKER,False,True
WIP8D-REV-0533,PHASE4-MPS-20260711141513,PSC-SKU-BIKE-ROAD-001-20260928,SKU-BIKE-ROAD-001,ROAD-OP-030,WIP-ROAD-FRAME-TO-BRAKE,BUF-ROAD-FRAME-BRAKE,WIP_SHORTAGE_SCHEDULE_RISK,HIGH,Accepted WIP does not cover the downstream operation requirement.,REVIEW_WIP_BUFFER_BUILD_PLAN,False,True
WIP8D-REV-0534,PHASE4-MPS-20260711141513,PSC-SKU-BIKE-ROAD-001-20260928,SKU-BIKE-ROAD-001,ROAD-OP-030,WIP-ROAD-FRAME-TO-BRAKE,BUF-ROAD-FRAME-BRAKE,MAINTENANCE_STILL_BLOCKED_AFTER_WIP,CRITICAL,Maintenance remains blocked after WIP is considered.,REVIEW_MAINTENANCE_BLOCKER,False,True
WIP8D-REV-0535,PHASE4-MPS-20260711141513,PSC-SKU-BIKE-ROAD-001-20260928,SKU-BIKE-ROAD-001,ROAD-OP-040,WIP-ROAD-WHEEL-SET-READY,BUF-ROAD-WHEEL,MAINTENANCE_STILL_BLOCKED_AFTER_WIP,CRITICAL,Maintenance remains blocked after WIP is considered.,REVIEW_MAINTENANCE_BLOCKER,False,True
WIP8D-REV-0536,PHASE4-MPS-20260711141513,PSC-SKU-BIKE-ROAD-001-20260928,SKU-BIKE-ROAD-001,ROAD-OP-040,WIP-ROAD-BRAKE-SET-READY,BUF-ROAD-BRAKE,MAINTENANCE_STILL_BLOCKED_AFTER_WIP,CRITICAL,Maintenance remains blocked after WIP is considered.,REVIEW_MAINTENANCE_BLOCKER,False,True
WIP8D-REV-0537,PHASE4-MPS-20260711141513,PSC-SKU-BIKE-ROAD-001-20260928,SKU-BIKE-ROAD-001,ROAD-OP-050,WIP-ROAD-FINAL-ASSEMBLY-READY,BUF-ROAD-ASM,WIP_SHORTAGE_SCHEDULE_RISK,HIGH,Accepted WIP does not cover the downstream operation requirement.,REVIEW_WIP_BUFFER_BUILD_PLAN,False,True
WIP8D-REV-0538,PHASE4-MPS-20260711141513,PSC-SKU-BIKE-ROAD-001-20260928,SKU-BIKE-ROAD-001,ROAD-OP-050,WIP-ROAD-FINAL-ASSEMBLY-READY,BUF-ROAD-ASM,MAINTENANCE_STILL_BLOCKED_AFTER_WIP,CRITICAL,Maintenance remains blocked after WIP is considered.,REVIEW_MAINTENANCE_BLOCKER,False,True
WIP8D-REV-0539,PHASE4-MPS-20260711141513,PSC-SKU-BIKE-ROAD-001-20260928,SKU-BIKE-ROAD-001,ROAD-OP-060,WIP-ROAD-QC-PASSED,BUF-ROAD-QC,MAINTENANCE_STILL_BLOCKED_AFTER_WIP,CRITICAL,Maintenance remains blocked after WIP is considered.,REVIEW_MAINTENANCE_BLOCKER,False,True
