review_item_id,planning_run_id,alternative_id,schedule_candidate_id,finished_sku,operation_id,issue_type,issue_severity,issue_description,recommended_review_action,auto_action_allowed,advisory_only_flag
SALT-REV-0001,PHASE4-MPS-20260726202343,ALT-BASELINE,,,,HIGH_PROXY_COST_ASSUMPTION,HIGH,Alternative uses high proxy penalties; these are not real euros.,REVIEW_COST_ASSUMPTIONS,False,True
SALT-REV-0002,PHASE4-MPS-20260726202343,ALT-BASELINE,,,,LOW_DEMAND_COVERAGE,HIGH,Completed full-route quantity does not cover planned demand.,REVIEW_DEMAND_SATISFACTION,False,True
SALT-REV-0003,PHASE4-MPS-20260726202343,ALT-MAINT,,,,HIGH_PROXY_COST_ASSUMPTION,HIGH,Alternative uses high proxy penalties; these are not real euros.,REVIEW_COST_ASSUMPTIONS,False,True
SALT-REV-0004,PHASE4-MPS-20260726202343,ALT-MAINT,,,,LOW_DEMAND_COVERAGE,HIGH,Completed full-route quantity does not cover planned demand.,REVIEW_DEMAND_SATISFACTION,False,True
SALT-REV-0005,PHASE4-MPS-20260726202343,ALT-WIP,,,,HIGH_PROXY_COST_ASSUMPTION,HIGH,Alternative uses high proxy penalties; these are not real euros.,REVIEW_COST_ASSUMPTIONS,False,True
SALT-REV-0006,PHASE4-MPS-20260726202343,ALT-WIP,,,,LOW_DEMAND_COVERAGE,HIGH,Completed full-route quantity does not cover planned demand.,REVIEW_DEMAND_SATISFACTION,False,True
SALT-REV-0007,PHASE4-MPS-20260726202343,ALT-COMBINED,,,,HIGH_PROXY_COST_ASSUMPTION,HIGH,Alternative uses high proxy penalties; these are not real euros.,REVIEW_COST_ASSUMPTIONS,False,True
SALT-REV-0008,PHASE4-MPS-20260726202343,ALT-COMBINED,,,,LOW_DEMAND_COVERAGE,HIGH,Completed full-route quantity does not cover planned demand.,REVIEW_DEMAND_SATISFACTION,False,True
SALT-REV-0009,PHASE4-MPS-20260726202343,ALT-BN-CP,,,,HIGH_PROXY_COST_ASSUMPTION,HIGH,Alternative uses high proxy penalties; these are not real euros.,REVIEW_COST_ASSUMPTIONS,False,True
SALT-REV-0010,PHASE4-MPS-20260726202343,ALT-BN-CP,,,,LOW_DEMAND_COVERAGE,HIGH,Completed full-route quantity does not cover planned demand.,REVIEW_DEMAND_SATISFACTION,False,True
SALT-REV-0011,PHASE4-MPS-20260726202343,ALT-SETUP,,,,HIGH_PROXY_COST_ASSUMPTION,HIGH,Alternative uses high proxy penalties; these are not real euros.,REVIEW_COST_ASSUMPTIONS,False,True
SALT-REV-0012,PHASE4-MPS-20260726202343,ALT-SETUP,,,,LOW_DEMAND_COVERAGE,HIGH,Completed full-route quantity does not cover planned demand.,REVIEW_DEMAND_SATISFACTION,False,True
SALT-REV-0013,PHASE4-MPS-20260726202343,ALT-BASELINE,PSC-SKU-BIKE-MT-001-20260629,SKU-BIKE-MT-001,MT-OP-020,REVIEW_REQUIRED,HIGH,Allocated across real dated resource calendar window(s). Output buffer space reserved at completion time.,REVIEW_OPERATION_PLACEMENT,False,True
SALT-REV-0014,PHASE4-MPS-20260726202343,ALT-BASELINE,PSC-SKU-BIKE-MT-001-20260629,SKU-BIKE-MT-001,MT-OP-030,REVIEW_REQUIRED,HIGH,Allocated across real dated resource calendar window(s). Output buffer space reserved at completion time.,REVIEW_OPERATION_PLACEMENT,False,True
SALT-REV-0015,PHASE4-MPS-20260726202343,ALT-BASELINE,PSC-SKU-BIKE-MT-001-20260629,SKU-BIKE-MT-001,MT-OP-040,REVIEW_REQUIRED,HIGH,Allocated across real dated resource calendar window(s). Output buffer space reserved at completion time.,REVIEW_OPERATION_PLACEMENT,False,True
SALT-REV-0016,PHASE4-MPS-20260726202343,ALT-BASELINE,PSC-SKU-BIKE-MT-001-20260629,SKU-BIKE-MT-001,MT-OP-070,REVIEW_REQUIRED,HIGH,Allocated across real dated resource calendar window(s). Output buffer space reserved at completion time.,REVIEW_OPERATION_PLACEMENT,False,True
SALT-REV-0017,PHASE4-MPS-20260726202343,ALT-BASELINE,PSC-SKU-BIKE-ROAD-001-20260629,SKU-BIKE-ROAD-001,ROAD-OP-020,REVIEW_REQUIRED,HIGH,Allocated across real dated resource calendar window(s). Output buffer space reserved at completion time.,REVIEW_OPERATION_PLACEMENT,False,True
SALT-REV-0018,PHASE4-MPS-20260726202343,ALT-BASELINE,PSC-SKU-BIKE-ROAD-001-20260629,SKU-BIKE-ROAD-001,ROAD-OP-030,REVIEW_REQUIRED,HIGH,Allocated across real dated resource calendar window(s). Output buffer space reserved at completion time.,REVIEW_OPERATION_PLACEMENT,False,True
SALT-REV-0019,PHASE4-MPS-20260726202343,ALT-BASELINE,PSC-SKU-BIKE-ROAD-001-20260629,SKU-BIKE-ROAD-001,ROAD-OP-060,REVIEW_REQUIRED,HIGH,Allocated across real dated resource calendar window(s). Output buffer space reserved at completion time.,REVIEW_OPERATION_PLACEMENT,False,True
SALT-REV-0020,PHASE4-MPS-20260726202343,ALT-BASELINE,PSC-SKU-BIKE-MT-001-20260810,SKU-BIKE-MT-001,MT-OP-060,REVIEW_REQUIRED,HIGH,No real calendar window has enough remaining cumulative capacity.,REVIEW_OPERATION_PLACEMENT,False,True
SALT-REV-0021,PHASE4-MPS-20260726202343,ALT-BASELINE,PSC-SKU-BIKE-MT-001-20260810,SKU-BIKE-MT-001,MT-OP-070,REVIEW_REQUIRED,HIGH,NO_PREDECESSOR_OR_SHADOW_WIP_QUANTITY_AVAILABLE,REVIEW_OPERATION_PLACEMENT,False,True
SALT-REV-0022,PHASE4-MPS-20260726202343,ALT-BASELINE,PSC-SKU-BIKE-ROAD-001-20260810,SKU-BIKE-ROAD-001,ROAD-OP-040,REVIEW_REQUIRED,HIGH,No real calendar window has enough remaining cumulative capacity.,REVIEW_OPERATION_PLACEMENT,False,True
SALT-REV-0023,PHASE4-MPS-20260726202343,ALT-BASELINE,PSC-SKU-BIKE-ROAD-001-20260810,SKU-BIKE-ROAD-001,ROAD-OP-050,REVIEW_REQUIRED,HIGH,NO_PREDECESSOR_OR_SHADOW_WIP_QUANTITY_AVAILABLE,REVIEW_OPERATION_PLACEMENT,False,True
SALT-REV-0024,PHASE4-MPS-20260726202343,ALT-BASELINE,PSC-SKU-BIKE-ROAD-001-20260810,SKU-BIKE-ROAD-001,ROAD-OP-060,REVIEW_REQUIRED,HIGH,No real calendar window has enough remaining cumulative capacity.,REVIEW_OPERATION_PLACEMENT,False,True
SALT-REV-0025,PHASE4-MPS-20260726202343,ALT-BASELINE,PSC-SKU-BIKE-MT-001-20260817,SKU-BIKE-MT-001,MT-OP-010,REVIEW_REQUIRED,HIGH,OUTPUT_BUFFER_CAPACITY_BLOCK,REVIEW_OPERATION_PLACEMENT,False,True
SALT-REV-0026,PHASE4-MPS-20260726202343,ALT-BASELINE,PSC-SKU-BIKE-MT-001-20260817,SKU-BIKE-MT-001,MT-OP-020,REVIEW_REQUIRED,HIGH,NO_PREDECESSOR_OR_SHADOW_WIP_QUANTITY_AVAILABLE,REVIEW_OPERATION_PLACEMENT,False,True
SALT-REV-0027,PHASE4-MPS-20260726202343,ALT-BASELINE,PSC-SKU-BIKE-MT-001-20260817,SKU-BIKE-MT-001,MT-OP-050,REVIEW_REQUIRED,HIGH,No real calendar window has enough remaining cumulative capacity.,REVIEW_OPERATION_PLACEMENT,False,True
SALT-REV-0028,PHASE4-MPS-20260726202343,ALT-BASELINE,PSC-SKU-BIKE-MT-001-20260817,SKU-BIKE-MT-001,MT-OP-060,REVIEW_REQUIRED,HIGH,No real calendar window has enough remaining cumulative capacity.,REVIEW_OPERATION_PLACEMENT,False,True
SALT-REV-0029,PHASE4-MPS-20260726202343,ALT-BASELINE,PSC-SKU-BIKE-MT-001-20260817,SKU-BIKE-MT-001,MT-OP-070,REVIEW_REQUIRED,HIGH,NO_PREDECESSOR_OR_SHADOW_WIP_QUANTITY_AVAILABLE,REVIEW_OPERATION_PLACEMENT,False,True
SALT-REV-0030,PHASE4-MPS-20260726202343,ALT-BASELINE,PSC-SKU-BIKE-ROAD-001-20260817,SKU-BIKE-ROAD-001,ROAD-OP-020,REVIEW_REQUIRED,HIGH,OUTPUT_BUFFER_CAPACITY_BLOCK,REVIEW_OPERATION_PLACEMENT,False,True
SALT-REV-0031,PHASE4-MPS-20260726202343,ALT-BASELINE,PSC-SKU-BIKE-ROAD-001-20260817,SKU-BIKE-ROAD-001,ROAD-OP-030,REVIEW_REQUIRED,HIGH,OUTPUT_BUFFER_CAPACITY_BLOCK,REVIEW_OPERATION_PLACEMENT,False,True
SALT-REV-0032,PHASE4-MPS-20260726202343,ALT-BASELINE,PSC-SKU-BIKE-ROAD-001-20260817,SKU-BIKE-ROAD-001,ROAD-OP-040,REVIEW_REQUIRED,HIGH,No real calendar window has enough remaining cumulative capacity.,REVIEW_OPERATION_PLACEMENT,False,True
SALT-REV-0033,PHASE4-MPS-20260726202343,ALT-BASELINE,PSC-SKU-BIKE-ROAD-001-20260817,SKU-BIKE-ROAD-001,ROAD-OP-050,REVIEW_REQUIRED,HIGH,NO_PREDECESSOR_OR_SHADOW_WIP_QUANTITY_AVAILABLE,REVIEW_OPERATION_PLACEMENT,False,True
SALT-REV-0034,PHASE4-MPS-20260726202343,ALT-BASELINE,PSC-SKU-BIKE-ROAD-001-20260817,SKU-BIKE-ROAD-001,ROAD-OP-060,REVIEW_REQUIRED,HIGH,No real calendar window has enough remaining cumulative capacity.,REVIEW_OPERATION_PLACEMENT,False,True
SALT-REV-0035,PHASE4-MPS-20260726202343,ALT-BASELINE,PSC-SKU-BIKE-MT-001-20260824,SKU-BIKE-MT-001,MT-OP-050,REVIEW_REQUIRED,HIGH,No real calendar window has enough remaining cumulative capacity.,REVIEW_OPERATION_PLACEMENT,False,True
SALT-REV-0036,PHASE4-MPS-20260726202343,ALT-BASELINE,PSC-SKU-BIKE-MT-001-20260824,SKU-BIKE-MT-001,MT-OP-060,REVIEW_REQUIRED,HIGH,No real calendar window has enough remaining cumulative capacity.,REVIEW_OPERATION_PLACEMENT,False,True
SALT-REV-0037,PHASE4-MPS-20260726202343,ALT-BASELINE,PSC-SKU-BIKE-MT-001-20260824,SKU-BIKE-MT-001,MT-OP-070,REVIEW_REQUIRED,HIGH,NO_PREDECESSOR_OR_SHADOW_WIP_QUANTITY_AVAILABLE,REVIEW_OPERATION_PLACEMENT,False,True
SALT-REV-0038,PHASE4-MPS-20260726202343,ALT-BASELINE,PSC-SKU-BIKE-ROAD-001-20260824,SKU-BIKE-ROAD-001,ROAD-OP-010,REVIEW_REQUIRED,HIGH,OUTPUT_BUFFER_CAPACITY_BLOCK,REVIEW_OPERATION_PLACEMENT,False,True
SALT-REV-0039,PHASE4-MPS-20260726202343,ALT-BASELINE,PSC-SKU-BIKE-ROAD-001-20260824,SKU-BIKE-ROAD-001,ROAD-OP-020,REVIEW_REQUIRED,HIGH,OUTPUT_BUFFER_CAPACITY_BLOCK,REVIEW_OPERATION_PLACEMENT,False,True
SALT-REV-0040,PHASE4-MPS-20260726202343,ALT-BASELINE,PSC-SKU-BIKE-ROAD-001-20260824,SKU-BIKE-ROAD-001,ROAD-OP-030,REVIEW_REQUIRED,HIGH,OUTPUT_BUFFER_CAPACITY_BLOCK,REVIEW_OPERATION_PLACEMENT,False,True
SALT-REV-0041,PHASE4-MPS-20260726202343,ALT-BASELINE,PSC-SKU-BIKE-ROAD-001-20260824,SKU-BIKE-ROAD-001,ROAD-OP-040,REVIEW_REQUIRED,HIGH,No real calendar window has enough remaining cumulative capacity.,REVIEW_OPERATION_PLACEMENT,False,True
SALT-REV-0042,PHASE4-MPS-20260726202343,ALT-BASELINE,PSC-SKU-BIKE-ROAD-001-20260824,SKU-BIKE-ROAD-001,ROAD-OP-050,REVIEW_REQUIRED,HIGH,NO_PREDECESSOR_OR_SHADOW_WIP_QUANTITY_AVAILABLE,REVIEW_OPERATION_PLACEMENT,False,True
SALT-REV-0043,PHASE4-MPS-20260726202343,ALT-BASELINE,PSC-SKU-BIKE-ROAD-001-20260824,SKU-BIKE-ROAD-001,ROAD-OP-060,REVIEW_REQUIRED,HIGH,No real calendar window has enough remaining cumulative capacity.,REVIEW_OPERATION_PLACEMENT,False,True
SALT-REV-0044,PHASE4-MPS-20260726202343,ALT-BASELINE,PSC-SKU-BIKE-MT-001-20260831,SKU-BIKE-MT-001,MT-OP-030,REVIEW_REQUIRED,HIGH,OUTPUT_BUFFER_CAPACITY_BLOCK,REVIEW_OPERATION_PLACEMENT,False,True
SALT-REV-0045,PHASE4-MPS-20260726202343,ALT-BASELINE,PSC-SKU-BIKE-MT-001-20260831,SKU-BIKE-MT-001,MT-OP-040,REVIEW_REQUIRED,HIGH,OUTPUT_BUFFER_CAPACITY_BLOCK,REVIEW_OPERATION_PLACEMENT,False,True
SALT-REV-0046,PHASE4-MPS-20260726202343,ALT-BASELINE,PSC-SKU-BIKE-MT-001-20260831,SKU-BIKE-MT-001,MT-OP-050,REVIEW_REQUIRED,HIGH,No real calendar window has enough remaining cumulative capacity.,REVIEW_OPERATION_PLACEMENT,False,True
SALT-REV-0047,PHASE4-MPS-20260726202343,ALT-BASELINE,PSC-SKU-BIKE-MT-001-20260831,SKU-BIKE-MT-001,MT-OP-060,REVIEW_REQUIRED,HIGH,No real calendar window has enough remaining cumulative capacity.,REVIEW_OPERATION_PLACEMENT,False,True
SALT-REV-0048,PHASE4-MPS-20260726202343,ALT-BASELINE,PSC-SKU-BIKE-MT-001-20260831,SKU-BIKE-MT-001,MT-OP-070,REVIEW_REQUIRED,HIGH,NO_PREDECESSOR_OR_SHADOW_WIP_QUANTITY_AVAILABLE,REVIEW_OPERATION_PLACEMENT,False,True
SALT-REV-0049,PHASE4-MPS-20260726202343,ALT-BASELINE,PSC-SKU-BIKE-ROAD-001-20260831,SKU-BIKE-ROAD-001,ROAD-OP-020,REVIEW_REQUIRED,HIGH,OUTPUT_BUFFER_CAPACITY_BLOCK,REVIEW_OPERATION_PLACEMENT,False,True
SALT-REV-0050,PHASE4-MPS-20260726202343,ALT-BASELINE,PSC-SKU-BIKE-ROAD-001-20260831,SKU-BIKE-ROAD-001,ROAD-OP-030,REVIEW_REQUIRED,HIGH,OUTPUT_BUFFER_CAPACITY_BLOCK,REVIEW_OPERATION_PLACEMENT,False,True
SALT-REV-0051,PHASE4-MPS-20260726202343,ALT-BASELINE,PSC-SKU-BIKE-ROAD-001-20260831,SKU-BIKE-ROAD-001,ROAD-OP-040,REVIEW_REQUIRED,HIGH,No real calendar window has enough remaining cumulative capacity.,REVIEW_OPERATION_PLACEMENT,False,True
SALT-REV-0052,PHASE4-MPS-20260726202343,ALT-BASELINE,PSC-SKU-BIKE-ROAD-001-20260831,SKU-BIKE-ROAD-001,ROAD-OP-050,REVIEW_REQUIRED,HIGH,NO_PREDECESSOR_OR_SHADOW_WIP_QUANTITY_AVAILABLE,REVIEW_OPERATION_PLACEMENT,False,True
SALT-REV-0053,PHASE4-MPS-20260726202343,ALT-BASELINE,PSC-SKU-BIKE-ROAD-001-20260831,SKU-BIKE-ROAD-001,ROAD-OP-060,REVIEW_REQUIRED,HIGH,No real calendar window has enough remaining cumulative capacity.,REVIEW_OPERATION_PLACEMENT,False,True
SALT-REV-0054,PHASE4-MPS-20260726202343,ALT-BASELINE,PSC-SKU-BIKE-MT-001-20260907,SKU-BIKE-MT-001,MT-OP-020,REVIEW_REQUIRED,HIGH,OUTPUT_BUFFER_CAPACITY_BLOCK,REVIEW_OPERATION_PLACEMENT,False,True
SALT-REV-0055,PHASE4-MPS-20260726202343,ALT-BASELINE,PSC-SKU-BIKE-MT-001-20260907,SKU-BIKE-MT-001,MT-OP-030,REVIEW_REQUIRED,HIGH,OUTPUT_BUFFER_CAPACITY_BLOCK,REVIEW_OPERATION_PLACEMENT,False,True
SALT-REV-0056,PHASE4-MPS-20260726202343,ALT-BASELINE,PSC-SKU-BIKE-MT-001-20260907,SKU-BIKE-MT-001,MT-OP-040,REVIEW_REQUIRED,HIGH,OUTPUT_BUFFER_CAPACITY_BLOCK,REVIEW_OPERATION_PLACEMENT,False,True
SALT-REV-0057,PHASE4-MPS-20260726202343,ALT-BASELINE,PSC-SKU-BIKE-MT-001-20260907,SKU-BIKE-MT-001,MT-OP-050,REVIEW_REQUIRED,HIGH,No real calendar window has enough remaining cumulative capacity.,REVIEW_OPERATION_PLACEMENT,False,True
SALT-REV-0058,PHASE4-MPS-20260726202343,ALT-BASELINE,PSC-SKU-BIKE-MT-001-20260907,SKU-BIKE-MT-001,MT-OP-060,REVIEW_REQUIRED,HIGH,No real calendar window has enough remaining cumulative capacity.,REVIEW_OPERATION_PLACEMENT,False,True
SALT-REV-0059,PHASE4-MPS-20260726202343,ALT-BASELINE,PSC-SKU-BIKE-MT-001-20260907,SKU-BIKE-MT-001,MT-OP-070,REVIEW_REQUIRED,HIGH,NO_PREDECESSOR_OR_SHADOW_WIP_QUANTITY_AVAILABLE,REVIEW_OPERATION_PLACEMENT,False,True
SALT-REV-0060,PHASE4-MPS-20260726202343,ALT-BASELINE,PSC-SKU-BIKE-ROAD-001-20260907,SKU-BIKE-ROAD-001,ROAD-OP-010,REVIEW_REQUIRED,HIGH,OUTPUT_BUFFER_CAPACITY_BLOCK,REVIEW_OPERATION_PLACEMENT,False,True
SALT-REV-0061,PHASE4-MPS-20260726202343,ALT-BASELINE,PSC-SKU-BIKE-ROAD-001-20260907,SKU-BIKE-ROAD-001,ROAD-OP-020,REVIEW_REQUIRED,HIGH,OUTPUT_BUFFER_CAPACITY_BLOCK,REVIEW_OPERATION_PLACEMENT,False,True
SALT-REV-0062,PHASE4-MPS-20260726202343,ALT-BASELINE,PSC-SKU-BIKE-ROAD-001-20260907,SKU-BIKE-ROAD-001,ROAD-OP-030,REVIEW_REQUIRED,HIGH,OUTPUT_BUFFER_CAPACITY_BLOCK,REVIEW_OPERATION_PLACEMENT,False,True
SALT-REV-0063,PHASE4-MPS-20260726202343,ALT-BASELINE,PSC-SKU-BIKE-ROAD-001-20260907,SKU-BIKE-ROAD-001,ROAD-OP-040,REVIEW_REQUIRED,HIGH,No real calendar window has enough remaining cumulative capacity.,REVIEW_OPERATION_PLACEMENT,False,True
SALT-REV-0064,PHASE4-MPS-20260726202343,ALT-BASELINE,PSC-SKU-BIKE-ROAD-001-20260907,SKU-BIKE-ROAD-001,ROAD-OP-050,REVIEW_REQUIRED,HIGH,NO_PREDECESSOR_OR_SHADOW_WIP_QUANTITY_AVAILABLE,REVIEW_OPERATION_PLACEMENT,False,True
SALT-REV-0065,PHASE4-MPS-20260726202343,ALT-BASELINE,PSC-SKU-BIKE-ROAD-001-20260907,SKU-BIKE-ROAD-001,ROAD-OP-060,REVIEW_REQUIRED,HIGH,No real calendar window has enough remaining cumulative capacity.,REVIEW_OPERATION_PLACEMENT,False,True
SALT-REV-0066,PHASE4-MPS-20260726202343,ALT-BASELINE,PSC-SKU-BIKE-MT-001-20260914,SKU-BIKE-MT-001,MT-OP-020,REVIEW_REQUIRED,HIGH,OUTPUT_BUFFER_CAPACITY_BLOCK,REVIEW_OPERATION_PLACEMENT,False,True
SALT-REV-0067,PHASE4-MPS-20260726202343,ALT-BASELINE,PSC-SKU-BIKE-MT-001-20260914,SKU-BIKE-MT-001,MT-OP-030,REVIEW_REQUIRED,HIGH,OUTPUT_BUFFER_CAPACITY_BLOCK,REVIEW_OPERATION_PLACEMENT,False,True
SALT-REV-0068,PHASE4-MPS-20260726202343,ALT-BASELINE,PSC-SKU-BIKE-MT-001-20260914,SKU-BIKE-MT-001,MT-OP-040,REVIEW_REQUIRED,HIGH,OUTPUT_BUFFER_CAPACITY_BLOCK,REVIEW_OPERATION_PLACEMENT,False,True
SALT-REV-0069,PHASE4-MPS-20260726202343,ALT-BASELINE,PSC-SKU-BIKE-MT-001-20260914,SKU-BIKE-MT-001,MT-OP-050,REVIEW_REQUIRED,HIGH,No real calendar window has enough remaining cumulative capacity.,REVIEW_OPERATION_PLACEMENT,False,True
SALT-REV-0070,PHASE4-MPS-20260726202343,ALT-BASELINE,PSC-SKU-BIKE-MT-001-20260914,SKU-BIKE-MT-001,MT-OP-060,REVIEW_REQUIRED,HIGH,No real calendar window has enough remaining cumulative capacity.,REVIEW_OPERATION_PLACEMENT,False,True
SALT-REV-0071,PHASE4-MPS-20260726202343,ALT-BASELINE,PSC-SKU-BIKE-MT-001-20260914,SKU-BIKE-MT-001,MT-OP-070,REVIEW_REQUIRED,HIGH,NO_PREDECESSOR_OR_SHADOW_WIP_QUANTITY_AVAILABLE,REVIEW_OPERATION_PLACEMENT,False,True
SALT-REV-0072,PHASE4-MPS-20260726202343,ALT-BASELINE,PSC-SKU-BIKE-ROAD-001-20260914,SKU-BIKE-ROAD-001,ROAD-OP-010,REVIEW_REQUIRED,HIGH,OUTPUT_BUFFER_CAPACITY_BLOCK,REVIEW_OPERATION_PLACEMENT,False,True
SALT-REV-0073,PHASE4-MPS-20260726202343,ALT-BASELINE,PSC-SKU-BIKE-ROAD-001-20260914,SKU-BIKE-ROAD-001,ROAD-OP-020,REVIEW_REQUIRED,HIGH,OUTPUT_BUFFER_CAPACITY_BLOCK,REVIEW_OPERATION_PLACEMENT,False,True
SALT-REV-0074,PHASE4-MPS-20260726202343,ALT-BASELINE,PSC-SKU-BIKE-ROAD-001-20260914,SKU-BIKE-ROAD-001,ROAD-OP-030,REVIEW_REQUIRED,HIGH,OUTPUT_BUFFER_CAPACITY_BLOCK,REVIEW_OPERATION_PLACEMENT,False,True
SALT-REV-0075,PHASE4-MPS-20260726202343,ALT-BASELINE,PSC-SKU-BIKE-ROAD-001-20260914,SKU-BIKE-ROAD-001,ROAD-OP-040,REVIEW_REQUIRED,HIGH,No real calendar window has enough remaining cumulative capacity.,REVIEW_OPERATION_PLACEMENT,False,True
SALT-REV-0076,PHASE4-MPS-20260726202343,ALT-BASELINE,PSC-SKU-BIKE-ROAD-001-20260914,SKU-BIKE-ROAD-001,ROAD-OP-050,REVIEW_REQUIRED,HIGH,NO_PREDECESSOR_OR_SHADOW_WIP_QUANTITY_AVAILABLE,REVIEW_OPERATION_PLACEMENT,False,True
SALT-REV-0077,PHASE4-MPS-20260726202343,ALT-BASELINE,PSC-SKU-BIKE-ROAD-001-20260914,SKU-BIKE-ROAD-001,ROAD-OP-060,REVIEW_REQUIRED,HIGH,No real calendar window has enough remaining cumulative capacity.,REVIEW_OPERATION_PLACEMENT,False,True
SALT-REV-0078,PHASE4-MPS-20260726202343,ALT-BASELINE,PSC-SKU-BIKE-MT-001-20260921,SKU-BIKE-MT-001,MT-OP-020,REVIEW_REQUIRED,HIGH,OUTPUT_BUFFER_CAPACITY_BLOCK,REVIEW_OPERATION_PLACEMENT,False,True
SALT-REV-0079,PHASE4-MPS-20260726202343,ALT-BASELINE,PSC-SKU-BIKE-MT-001-20260921,SKU-BIKE-MT-001,MT-OP-030,REVIEW_REQUIRED,HIGH,OUTPUT_BUFFER_CAPACITY_BLOCK,REVIEW_OPERATION_PLACEMENT,False,True
SALT-REV-0080,PHASE4-MPS-20260726202343,ALT-BASELINE,PSC-SKU-BIKE-MT-001-20260921,SKU-BIKE-MT-001,MT-OP-040,REVIEW_REQUIRED,HIGH,OUTPUT_BUFFER_CAPACITY_BLOCK,REVIEW_OPERATION_PLACEMENT,False,True
SALT-REV-0081,PHASE4-MPS-20260726202343,ALT-BASELINE,PSC-SKU-BIKE-MT-001-20260921,SKU-BIKE-MT-001,MT-OP-050,REVIEW_REQUIRED,HIGH,No real calendar window has enough remaining cumulative capacity.,REVIEW_OPERATION_PLACEMENT,False,True
SALT-REV-0082,PHASE4-MPS-20260726202343,ALT-BASELINE,PSC-SKU-BIKE-MT-001-20260921,SKU-BIKE-MT-001,MT-OP-060,REVIEW_REQUIRED,HIGH,No real calendar window has enough remaining cumulative capacity.,REVIEW_OPERATION_PLACEMENT,False,True
SALT-REV-0083,PHASE4-MPS-20260726202343,ALT-BASELINE,PSC-SKU-BIKE-MT-001-20260921,SKU-BIKE-MT-001,MT-OP-070,REVIEW_REQUIRED,HIGH,NO_PREDECESSOR_OR_SHADOW_WIP_QUANTITY_AVAILABLE,REVIEW_OPERATION_PLACEMENT,False,True
SALT-REV-0084,PHASE4-MPS-20260726202343,ALT-BASELINE,PSC-SKU-BIKE-ROAD-001-20260921,SKU-BIKE-ROAD-001,ROAD-OP-010,REVIEW_REQUIRED,HIGH,OUTPUT_BUFFER_CAPACITY_BLOCK,REVIEW_OPERATION_PLACEMENT,False,True
SALT-REV-0085,PHASE4-MPS-20260726202343,ALT-BASELINE,PSC-SKU-BIKE-ROAD-001-20260921,SKU-BIKE-ROAD-001,ROAD-OP-020,REVIEW_REQUIRED,HIGH,OUTPUT_BUFFER_CAPACITY_BLOCK,REVIEW_OPERATION_PLACEMENT,False,True
SALT-REV-0086,PHASE4-MPS-20260726202343,ALT-BASELINE,PSC-SKU-BIKE-ROAD-001-20260921,SKU-BIKE-ROAD-001,ROAD-OP-030,REVIEW_REQUIRED,HIGH,OUTPUT_BUFFER_CAPACITY_BLOCK,REVIEW_OPERATION_PLACEMENT,False,True
SALT-REV-0087,PHASE4-MPS-20260726202343,ALT-BASELINE,PSC-SKU-BIKE-ROAD-001-20260921,SKU-BIKE-ROAD-001,ROAD-OP-040,REVIEW_REQUIRED,HIGH,No real calendar window has enough remaining cumulative capacity.,REVIEW_OPERATION_PLACEMENT,False,True
SALT-REV-0088,PHASE4-MPS-20260726202343,ALT-BASELINE,PSC-SKU-BIKE-ROAD-001-20260921,SKU-BIKE-ROAD-001,ROAD-OP-050,REVIEW_REQUIRED,HIGH,NO_PREDECESSOR_OR_SHADOW_WIP_QUANTITY_AVAILABLE,REVIEW_OPERATION_PLACEMENT,False,True
SALT-REV-0089,PHASE4-MPS-20260726202343,ALT-BASELINE,PSC-SKU-BIKE-ROAD-001-20260921,SKU-BIKE-ROAD-001,ROAD-OP-060,REVIEW_REQUIRED,HIGH,No real calendar window has enough remaining cumulative capacity.,REVIEW_OPERATION_PLACEMENT,False,True
SALT-REV-0090,PHASE4-MPS-20260726202343,ALT-BASELINE,PSC-SKU-BIKE-MT-001-20260928,SKU-BIKE-MT-001,MT-OP-020,REVIEW_REQUIRED,HIGH,Allocated across real dated resource calendar window(s). Output buffer space reserved at completion time.,REVIEW_OPERATION_PLACEMENT,False,True
SALT-REV-0091,PHASE4-MPS-20260726202343,ALT-BASELINE,PSC-SKU-BIKE-MT-001-20260928,SKU-BIKE-MT-001,MT-OP-030,REVIEW_REQUIRED,HIGH,Allocated across real dated resource calendar window(s). Output buffer space reserved at completion time.,REVIEW_OPERATION_PLACEMENT,False,True
SALT-REV-0092,PHASE4-MPS-20260726202343,ALT-BASELINE,PSC-SKU-BIKE-MT-001-20260928,SKU-BIKE-MT-001,MT-OP-040,REVIEW_REQUIRED,HIGH,Allocated across real dated resource calendar window(s). Output buffer space reserved at completion time.,REVIEW_OPERATION_PLACEMENT,False,True
SALT-REV-0093,PHASE4-MPS-20260726202343,ALT-BASELINE,PSC-SKU-BIKE-MT-001-20260928,SKU-BIKE-MT-001,MT-OP-060,REVIEW_REQUIRED,HIGH,No real calendar window has enough remaining cumulative capacity.,REVIEW_OPERATION_PLACEMENT,False,True
SALT-REV-0094,PHASE4-MPS-20260726202343,ALT-BASELINE,PSC-SKU-BIKE-MT-001-20260928,SKU-BIKE-MT-001,MT-OP-070,REVIEW_REQUIRED,HIGH,NO_PREDECESSOR_OR_SHADOW_WIP_QUANTITY_AVAILABLE,REVIEW_OPERATION_PLACEMENT,False,True
SALT-REV-0095,PHASE4-MPS-20260726202343,ALT-BASELINE,PSC-SKU-BIKE-ROAD-001-20260928,SKU-BIKE-ROAD-001,ROAD-OP-030,REVIEW_REQUIRED,HIGH,Allocated across real dated resource calendar window(s). Output buffer space reserved at completion time.,REVIEW_OPERATION_PLACEMENT,False,True
SALT-REV-0096,PHASE4-MPS-20260726202343,ALT-BASELINE,PSC-SKU-BIKE-ROAD-001-20260928,SKU-BIKE-ROAD-001,ROAD-OP-040,REVIEW_REQUIRED,HIGH,No real calendar window has enough remaining cumulative capacity.,REVIEW_OPERATION_PLACEMENT,False,True
SALT-REV-0097,PHASE4-MPS-20260726202343,ALT-BASELINE,PSC-SKU-BIKE-ROAD-001-20260928,SKU-BIKE-ROAD-001,ROAD-OP-050,REVIEW_REQUIRED,HIGH,NO_PREDECESSOR_OR_SHADOW_WIP_QUANTITY_AVAILABLE,REVIEW_OPERATION_PLACEMENT,False,True
SALT-REV-0098,PHASE4-MPS-20260726202343,ALT-BASELINE,PSC-SKU-BIKE-ROAD-001-20260928,SKU-BIKE-ROAD-001,ROAD-OP-060,REVIEW_REQUIRED,HIGH,No real calendar window has enough remaining cumulative capacity.,REVIEW_OPERATION_PLACEMENT,False,True
SALT-REV-0099,PHASE4-MPS-20260726202343,ALT-BN-CP,PSC-SKU-BIKE-MT-001-20260629,SKU-BIKE-MT-001,MT-OP-020,REVIEW_REQUIRED,HIGH,Allocated across real dated resource calendar window(s). Output buffer space reserved at completion time.,REVIEW_OPERATION_PLACEMENT,False,True
SALT-REV-0100,PHASE4-MPS-20260726202343,ALT-BN-CP,PSC-SKU-BIKE-MT-001-20260629,SKU-BIKE-MT-001,MT-OP-040,REVIEW_REQUIRED,HIGH,Allocated across real dated resource calendar window(s). Output buffer space reserved at completion time.,REVIEW_OPERATION_PLACEMENT,False,True
SALT-REV-0101,PHASE4-MPS-20260726202343,ALT-BN-CP,PSC-SKU-BIKE-MT-001-20260629,SKU-BIKE-MT-001,MT-OP-050,REVIEW_REQUIRED,HIGH,NO_PREDECESSOR_OR_SHADOW_WIP_QUANTITY_AVAILABLE,REVIEW_OPERATION_PLACEMENT,False,True
SALT-REV-0102,PHASE4-MPS-20260726202343,ALT-BN-CP,PSC-SKU-BIKE-MT-001-20260629,SKU-BIKE-MT-001,MT-OP-060,REVIEW_REQUIRED,HIGH,NO_PREDECESSOR_OR_SHADOW_WIP_QUANTITY_AVAILABLE,REVIEW_OPERATION_PLACEMENT,False,True
SALT-REV-0103,PHASE4-MPS-20260726202343,ALT-BN-CP,PSC-SKU-BIKE-ROAD-001-20260928,SKU-BIKE-ROAD-001,ROAD-OP-010,REVIEW_REQUIRED,HIGH,OUTPUT_BUFFER_CAPACITY_BLOCK,REVIEW_OPERATION_PLACEMENT,False,True
SALT-REV-0104,PHASE4-MPS-20260726202343,ALT-BN-CP,PSC-SKU-BIKE-ROAD-001-20260928,SKU-BIKE-ROAD-001,ROAD-OP-020,REVIEW_REQUIRED,HIGH,NO_PREDECESSOR_OR_SHADOW_WIP_QUANTITY_AVAILABLE,REVIEW_OPERATION_PLACEMENT,False,True
SALT-REV-0105,PHASE4-MPS-20260726202343,ALT-BN-CP,PSC-SKU-BIKE-ROAD-001-20260928,SKU-BIKE-ROAD-001,ROAD-OP-030,REVIEW_REQUIRED,HIGH,NO_PREDECESSOR_OR_SHADOW_WIP_QUANTITY_AVAILABLE,REVIEW_OPERATION_PLACEMENT,False,True
SALT-REV-0106,PHASE4-MPS-20260726202343,ALT-BN-CP,PSC-SKU-BIKE-ROAD-001-20260928,SKU-BIKE-ROAD-001,ROAD-OP-050,REVIEW_REQUIRED,HIGH,Allocated across real dated resource calendar window(s). Output buffer space reserved at completion time.,REVIEW_OPERATION_PLACEMENT,False,True
SALT-REV-0107,PHASE4-MPS-20260726202343,ALT-BN-CP,PSC-SKU-BIKE-MT-001-20260928,SKU-BIKE-MT-001,MT-OP-010,REVIEW_REQUIRED,HIGH,OUTPUT_BUFFER_CAPACITY_BLOCK,REVIEW_OPERATION_PLACEMENT,False,True
SALT-REV-0108,PHASE4-MPS-20260726202343,ALT-BN-CP,PSC-SKU-BIKE-MT-001-20260928,SKU-BIKE-MT-001,MT-OP-020,REVIEW_REQUIRED,HIGH,NO_PREDECESSOR_OR_SHADOW_WIP_QUANTITY_AVAILABLE,REVIEW_OPERATION_PLACEMENT,False,True
SALT-REV-0109,PHASE4-MPS-20260726202343,ALT-BN-CP,PSC-SKU-BIKE-MT-001-20260928,SKU-BIKE-MT-001,MT-OP-030,REVIEW_REQUIRED,HIGH,NO_PREDECESSOR_OR_SHADOW_WIP_QUANTITY_AVAILABLE,REVIEW_OPERATION_PLACEMENT,False,True
SALT-REV-0110,PHASE4-MPS-20260726202343,ALT-BN-CP,PSC-SKU-BIKE-MT-001-20260928,SKU-BIKE-MT-001,MT-OP-040,REVIEW_REQUIRED,HIGH,NO_PREDECESSOR_OR_SHADOW_WIP_QUANTITY_AVAILABLE,REVIEW_OPERATION_PLACEMENT,False,True
SALT-REV-0111,PHASE4-MPS-20260726202343,ALT-BN-CP,PSC-SKU-BIKE-MT-001-20260928,SKU-BIKE-MT-001,MT-OP-050,REVIEW_REQUIRED,HIGH,NO_PREDECESSOR_OR_SHADOW_WIP_QUANTITY_AVAILABLE,REVIEW_OPERATION_PLACEMENT,False,True
SALT-REV-0112,PHASE4-MPS-20260726202343,ALT-BN-CP,PSC-SKU-BIKE-MT-001-20260928,SKU-BIKE-MT-001,MT-OP-060,REVIEW_REQUIRED,HIGH,NO_PREDECESSOR_OR_SHADOW_WIP_QUANTITY_AVAILABLE,REVIEW_OPERATION_PLACEMENT,False,True
SALT-REV-0113,PHASE4-MPS-20260726202343,ALT-BN-CP,PSC-SKU-BIKE-MT-001-20260928,SKU-BIKE-MT-001,MT-OP-070,REVIEW_REQUIRED,HIGH,NO_PREDECESSOR_OR_SHADOW_WIP_QUANTITY_AVAILABLE,REVIEW_OPERATION_PLACEMENT,False,True
SALT-REV-0114,PHASE4-MPS-20260726202343,ALT-BN-CP,PSC-SKU-BIKE-ROAD-001-20260629,SKU-BIKE-ROAD-001,ROAD-OP-020,REVIEW_REQUIRED,HIGH,Allocated across real dated resource calendar window(s). Output buffer space reserved at completion time.,REVIEW_OPERATION_PLACEMENT,False,True
SALT-REV-0115,PHASE4-MPS-20260726202343,ALT-BN-CP,PSC-SKU-BIKE-ROAD-001-20260629,SKU-BIKE-ROAD-001,ROAD-OP-030,REVIEW_REQUIRED,HIGH,Allocated across real dated resource calendar window(s). Output buffer space reserved at completion time.,REVIEW_OPERATION_PLACEMENT,False,True
SALT-REV-0116,PHASE4-MPS-20260726202343,ALT-BN-CP,PSC-SKU-BIKE-ROAD-001-20260713,SKU-BIKE-ROAD-001,ROAD-OP-010,REVIEW_REQUIRED,HIGH,OUTPUT_BUFFER_CAPACITY_BLOCK,REVIEW_OPERATION_PLACEMENT,False,True
SALT-REV-0117,PHASE4-MPS-20260726202343,ALT-BN-CP,PSC-SKU-BIKE-ROAD-001-20260713,SKU-BIKE-ROAD-001,ROAD-OP-020,REVIEW_REQUIRED,HIGH,NO_PREDECESSOR_OR_SHADOW_WIP_QUANTITY_AVAILABLE,REVIEW_OPERATION_PLACEMENT,False,True
SALT-REV-0118,PHASE4-MPS-20260726202343,ALT-BN-CP,PSC-SKU-BIKE-ROAD-001-20260713,SKU-BIKE-ROAD-001,ROAD-OP-030,REVIEW_REQUIRED,HIGH,NO_PREDECESSOR_OR_SHADOW_WIP_QUANTITY_AVAILABLE,REVIEW_OPERATION_PLACEMENT,False,True
SALT-REV-0119,PHASE4-MPS-20260726202343,ALT-BN-CP,PSC-SKU-BIKE-MT-001-20260713,SKU-BIKE-MT-001,MT-OP-010,REVIEW_REQUIRED,HIGH,OUTPUT_BUFFER_CAPACITY_BLOCK,REVIEW_OPERATION_PLACEMENT,False,True
SALT-REV-0120,PHASE4-MPS-20260726202343,ALT-BN-CP,PSC-SKU-BIKE-MT-001-20260713,SKU-BIKE-MT-001,MT-OP-020,REVIEW_REQUIRED,HIGH,NO_PREDECESSOR_OR_SHADOW_WIP_QUANTITY_AVAILABLE,REVIEW_OPERATION_PLACEMENT,False,True
SALT-REV-0121,PHASE4-MPS-20260726202343,ALT-BN-CP,PSC-SKU-BIKE-MT-001-20260713,SKU-BIKE-MT-001,MT-OP-040,REVIEW_REQUIRED,HIGH,NO_PREDECESSOR_OR_SHADOW_WIP_QUANTITY_AVAILABLE,REVIEW_OPERATION_PLACEMENT,False,True
SALT-REV-0122,PHASE4-MPS-20260726202343,ALT-BN-CP,PSC-SKU-BIKE-ROAD-001-20260720,SKU-BIKE-ROAD-001,ROAD-OP-010,REVIEW_REQUIRED,HIGH,OUTPUT_BUFFER_CAPACITY_BLOCK,REVIEW_OPERATION_PLACEMENT,False,True
SALT-REV-0123,PHASE4-MPS-20260726202343,ALT-BN-CP,PSC-SKU-BIKE-ROAD-001-20260720,SKU-BIKE-ROAD-001,ROAD-OP-020,REVIEW_REQUIRED,HIGH,NO_PREDECESSOR_OR_SHADOW_WIP_QUANTITY_AVAILABLE,REVIEW_OPERATION_PLACEMENT,False,True
SALT-REV-0124,PHASE4-MPS-20260726202343,ALT-BN-CP,PSC-SKU-BIKE-ROAD-001-20260720,SKU-BIKE-ROAD-001,ROAD-OP-030,REVIEW_REQUIRED,HIGH,NO_PREDECESSOR_OR_SHADOW_WIP_QUANTITY_AVAILABLE,REVIEW_OPERATION_PLACEMENT,False,True
SALT-REV-0125,PHASE4-MPS-20260726202343,ALT-BN-CP,PSC-SKU-BIKE-ROAD-001-20260720,SKU-BIKE-ROAD-001,ROAD-OP-040,REVIEW_REQUIRED,HIGH,NO_PREDECESSOR_OR_SHADOW_WIP_QUANTITY_AVAILABLE,REVIEW_OPERATION_PLACEMENT,False,True
SALT-REV-0126,PHASE4-MPS-20260726202343,ALT-BN-CP,PSC-SKU-BIKE-ROAD-001-20260720,SKU-BIKE-ROAD-001,ROAD-OP-050,REVIEW_REQUIRED,HIGH,NO_PREDECESSOR_OR_SHADOW_WIP_QUANTITY_AVAILABLE,REVIEW_OPERATION_PLACEMENT,False,True
SALT-REV-0127,PHASE4-MPS-20260726202343,ALT-BN-CP,PSC-SKU-BIKE-ROAD-001-20260720,SKU-BIKE-ROAD-001,ROAD-OP-060,REVIEW_REQUIRED,HIGH,NO_PREDECESSOR_OR_SHADOW_WIP_QUANTITY_AVAILABLE,REVIEW_OPERATION_PLACEMENT,False,True
SALT-REV-0128,PHASE4-MPS-20260726202343,ALT-BN-CP,PSC-SKU-BIKE-MT-001-20260720,SKU-BIKE-MT-001,MT-OP-010,REVIEW_REQUIRED,HIGH,OUTPUT_BUFFER_CAPACITY_BLOCK,REVIEW_OPERATION_PLACEMENT,False,True
SALT-REV-0129,PHASE4-MPS-20260726202343,ALT-BN-CP,PSC-SKU-BIKE-MT-001-20260720,SKU-BIKE-MT-001,MT-OP-020,REVIEW_REQUIRED,HIGH,NO_PREDECESSOR_OR_SHADOW_WIP_QUANTITY_AVAILABLE,REVIEW_OPERATION_PLACEMENT,False,True
SALT-REV-0130,PHASE4-MPS-20260726202343,ALT-BN-CP,PSC-SKU-BIKE-MT-001-20260720,SKU-BIKE-MT-001,MT-OP-030,REVIEW_REQUIRED,HIGH,NO_PREDECESSOR_OR_SHADOW_WIP_QUANTITY_AVAILABLE,REVIEW_OPERATION_PLACEMENT,False,True
SALT-REV-0131,PHASE4-MPS-20260726202343,ALT-BN-CP,PSC-SKU-BIKE-MT-001-20260720,SKU-BIKE-MT-001,MT-OP-040,REVIEW_REQUIRED,HIGH,NO_PREDECESSOR_OR_SHADOW_WIP_QUANTITY_AVAILABLE,REVIEW_OPERATION_PLACEMENT,False,True
SALT-REV-0132,PHASE4-MPS-20260726202343,ALT-BN-CP,PSC-SKU-BIKE-MT-001-20260720,SKU-BIKE-MT-001,MT-OP-050,REVIEW_REQUIRED,HIGH,NO_PREDECESSOR_OR_SHADOW_WIP_QUANTITY_AVAILABLE,REVIEW_OPERATION_PLACEMENT,False,True
SALT-REV-0133,PHASE4-MPS-20260726202343,ALT-BN-CP,PSC-SKU-BIKE-MT-001-20260720,SKU-BIKE-MT-001,MT-OP-060,REVIEW_REQUIRED,HIGH,NO_PREDECESSOR_OR_SHADOW_WIP_QUANTITY_AVAILABLE,REVIEW_OPERATION_PLACEMENT,False,True
SALT-REV-0134,PHASE4-MPS-20260726202343,ALT-BN-CP,PSC-SKU-BIKE-MT-001-20260720,SKU-BIKE-MT-001,MT-OP-070,REVIEW_REQUIRED,HIGH,NO_PREDECESSOR_OR_SHADOW_WIP_QUANTITY_AVAILABLE,REVIEW_OPERATION_PLACEMENT,False,True
SALT-REV-0135,PHASE4-MPS-20260726202343,ALT-BN-CP,PSC-SKU-BIKE-MT-001-20260727,SKU-BIKE-MT-001,MT-OP-010,REVIEW_REQUIRED,HIGH,OUTPUT_BUFFER_CAPACITY_BLOCK,REVIEW_OPERATION_PLACEMENT,False,True
SALT-REV-0136,PHASE4-MPS-20260726202343,ALT-BN-CP,PSC-SKU-BIKE-MT-001-20260727,SKU-BIKE-MT-001,MT-OP-020,REVIEW_REQUIRED,HIGH,NO_PREDECESSOR_OR_SHADOW_WIP_QUANTITY_AVAILABLE,REVIEW_OPERATION_PLACEMENT,False,True
SALT-REV-0137,PHASE4-MPS-20260726202343,ALT-BN-CP,PSC-SKU-BIKE-MT-001-20260727,SKU-BIKE-MT-001,MT-OP-030,REVIEW_REQUIRED,HIGH,NO_PREDECESSOR_OR_SHADOW_WIP_QUANTITY_AVAILABLE,REVIEW_OPERATION_PLACEMENT,False,True
SALT-REV-0138,PHASE4-MPS-20260726202343,ALT-BN-CP,PSC-SKU-BIKE-MT-001-20260727,SKU-BIKE-MT-001,MT-OP-040,REVIEW_REQUIRED,HIGH,NO_PREDECESSOR_OR_SHADOW_WIP_QUANTITY_AVAILABLE,REVIEW_OPERATION_PLACEMENT,False,True
SALT-REV-0139,PHASE4-MPS-20260726202343,ALT-BN-CP,PSC-SKU-BIKE-MT-001-20260727,SKU-BIKE-MT-001,MT-OP-050,REVIEW_REQUIRED,HIGH,NO_PREDECESSOR_OR_SHADOW_WIP_QUANTITY_AVAILABLE,REVIEW_OPERATION_PLACEMENT,False,True
SALT-REV-0140,PHASE4-MPS-20260726202343,ALT-BN-CP,PSC-SKU-BIKE-MT-001-20260727,SKU-BIKE-MT-001,MT-OP-060,REVIEW_REQUIRED,HIGH,NO_PREDECESSOR_OR_SHADOW_WIP_QUANTITY_AVAILABLE,REVIEW_OPERATION_PLACEMENT,False,True
SALT-REV-0141,PHASE4-MPS-20260726202343,ALT-BN-CP,PSC-SKU-BIKE-MT-001-20260727,SKU-BIKE-MT-001,MT-OP-070,REVIEW_REQUIRED,HIGH,NO_PREDECESSOR_OR_SHADOW_WIP_QUANTITY_AVAILABLE,REVIEW_OPERATION_PLACEMENT,False,True
SALT-REV-0142,PHASE4-MPS-20260726202343,ALT-BN-CP,PSC-SKU-BIKE-ROAD-001-20260727,SKU-BIKE-ROAD-001,ROAD-OP-010,REVIEW_REQUIRED,HIGH,OUTPUT_BUFFER_CAPACITY_BLOCK,REVIEW_OPERATION_PLACEMENT,False,True
SALT-REV-0143,PHASE4-MPS-20260726202343,ALT-BN-CP,PSC-SKU-BIKE-ROAD-001-20260727,SKU-BIKE-ROAD-001,ROAD-OP-020,REVIEW_REQUIRED,HIGH,NO_PREDECESSOR_OR_SHADOW_WIP_QUANTITY_AVAILABLE,REVIEW_OPERATION_PLACEMENT,False,True
SALT-REV-0144,PHASE4-MPS-20260726202343,ALT-BN-CP,PSC-SKU-BIKE-ROAD-001-20260727,SKU-BIKE-ROAD-001,ROAD-OP-030,REVIEW_REQUIRED,HIGH,NO_PREDECESSOR_OR_SHADOW_WIP_QUANTITY_AVAILABLE,REVIEW_OPERATION_PLACEMENT,False,True
SALT-REV-0145,PHASE4-MPS-20260726202343,ALT-BN-CP,PSC-SKU-BIKE-ROAD-001-20260727,SKU-BIKE-ROAD-001,ROAD-OP-040,REVIEW_REQUIRED,HIGH,NO_PREDECESSOR_OR_SHADOW_WIP_QUANTITY_AVAILABLE,REVIEW_OPERATION_PLACEMENT,False,True
SALT-REV-0146,PHASE4-MPS-20260726202343,ALT-BN-CP,PSC-SKU-BIKE-ROAD-001-20260727,SKU-BIKE-ROAD-001,ROAD-OP-050,REVIEW_REQUIRED,HIGH,NO_PREDECESSOR_OR_SHADOW_WIP_QUANTITY_AVAILABLE,REVIEW_OPERATION_PLACEMENT,False,True
SALT-REV-0147,PHASE4-MPS-20260726202343,ALT-BN-CP,PSC-SKU-BIKE-ROAD-001-20260727,SKU-BIKE-ROAD-001,ROAD-OP-060,REVIEW_REQUIRED,HIGH,NO_PREDECESSOR_OR_SHADOW_WIP_QUANTITY_AVAILABLE,REVIEW_OPERATION_PLACEMENT,False,True
SALT-REV-0148,PHASE4-MPS-20260726202343,ALT-BN-CP,PSC-SKU-BIKE-ROAD-001-20260803,SKU-BIKE-ROAD-001,ROAD-OP-010,REVIEW_REQUIRED,HIGH,OUTPUT_BUFFER_CAPACITY_BLOCK,REVIEW_OPERATION_PLACEMENT,False,True
SALT-REV-0149,PHASE4-MPS-20260726202343,ALT-BN-CP,PSC-SKU-BIKE-ROAD-001-20260803,SKU-BIKE-ROAD-001,ROAD-OP-020,REVIEW_REQUIRED,HIGH,NO_PREDECESSOR_OR_SHADOW_WIP_QUANTITY_AVAILABLE,REVIEW_OPERATION_PLACEMENT,False,True
SALT-REV-0150,PHASE4-MPS-20260726202343,ALT-BN-CP,PSC-SKU-BIKE-ROAD-001-20260803,SKU-BIKE-ROAD-001,ROAD-OP-030,REVIEW_REQUIRED,HIGH,NO_PREDECESSOR_OR_SHADOW_WIP_QUANTITY_AVAILABLE,REVIEW_OPERATION_PLACEMENT,False,True
SALT-REV-0151,PHASE4-MPS-20260726202343,ALT-BN-CP,PSC-SKU-BIKE-ROAD-001-20260803,SKU-BIKE-ROAD-001,ROAD-OP-040,REVIEW_REQUIRED,HIGH,NO_PREDECESSOR_OR_SHADOW_WIP_QUANTITY_AVAILABLE,REVIEW_OPERATION_PLACEMENT,False,True
SALT-REV-0152,PHASE4-MPS-20260726202343,ALT-BN-CP,PSC-SKU-BIKE-ROAD-001-20260803,SKU-BIKE-ROAD-001,ROAD-OP-050,REVIEW_REQUIRED,HIGH,NO_PREDECESSOR_OR_SHADOW_WIP_QUANTITY_AVAILABLE,REVIEW_OPERATION_PLACEMENT,False,True
SALT-REV-0153,PHASE4-MPS-20260726202343,ALT-BN-CP,PSC-SKU-BIKE-ROAD-001-20260803,SKU-BIKE-ROAD-001,ROAD-OP-060,REVIEW_REQUIRED,HIGH,NO_PREDECESSOR_OR_SHADOW_WIP_QUANTITY_AVAILABLE,REVIEW_OPERATION_PLACEMENT,False,True
SALT-REV-0154,PHASE4-MPS-20260726202343,ALT-BN-CP,PSC-SKU-BIKE-MT-001-20260803,SKU-BIKE-MT-001,MT-OP-010,REVIEW_REQUIRED,HIGH,OUTPUT_BUFFER_CAPACITY_BLOCK,REVIEW_OPERATION_PLACEMENT,False,True
SALT-REV-0155,PHASE4-MPS-20260726202343,ALT-BN-CP,PSC-SKU-BIKE-MT-001-20260803,SKU-BIKE-MT-001,MT-OP-020,REVIEW_REQUIRED,HIGH,NO_PREDECESSOR_OR_SHADOW_WIP_QUANTITY_AVAILABLE,REVIEW_OPERATION_PLACEMENT,False,True
SALT-REV-0156,PHASE4-MPS-20260726202343,ALT-BN-CP,PSC-SKU-BIKE-MT-001-20260803,SKU-BIKE-MT-001,MT-OP-030,REVIEW_REQUIRED,HIGH,NO_PREDECESSOR_OR_SHADOW_WIP_QUANTITY_AVAILABLE,REVIEW_OPERATION_PLACEMENT,False,True
SALT-REV-0157,PHASE4-MPS-20260726202343,ALT-BN-CP,PSC-SKU-BIKE-MT-001-20260803,SKU-BIKE-MT-001,MT-OP-040,REVIEW_REQUIRED,HIGH,NO_PREDECESSOR_OR_SHADOW_WIP_QUANTITY_AVAILABLE,REVIEW_OPERATION_PLACEMENT,False,True
SALT-REV-0158,PHASE4-MPS-20260726202343,ALT-BN-CP,PSC-SKU-BIKE-MT-001-20260803,SKU-BIKE-MT-001,MT-OP-050,REVIEW_REQUIRED,HIGH,NO_PREDECESSOR_OR_SHADOW_WIP_QUANTITY_AVAILABLE,REVIEW_OPERATION_PLACEMENT,False,True
SALT-REV-0159,PHASE4-MPS-20260726202343,ALT-BN-CP,PSC-SKU-BIKE-MT-001-20260803,SKU-BIKE-MT-001,MT-OP-060,REVIEW_REQUIRED,HIGH,NO_PREDECESSOR_OR_SHADOW_WIP_QUANTITY_AVAILABLE,REVIEW_OPERATION_PLACEMENT,False,True
SALT-REV-0160,PHASE4-MPS-20260726202343,ALT-BN-CP,PSC-SKU-BIKE-MT-001-20260803,SKU-BIKE-MT-001,MT-OP-070,REVIEW_REQUIRED,HIGH,NO_PREDECESSOR_OR_SHADOW_WIP_QUANTITY_AVAILABLE,REVIEW_OPERATION_PLACEMENT,False,True
SALT-REV-0161,PHASE4-MPS-20260726202343,ALT-BN-CP,PSC-SKU-BIKE-MT-001-20260810,SKU-BIKE-MT-001,MT-OP-010,REVIEW_REQUIRED,HIGH,OUTPUT_BUFFER_CAPACITY_BLOCK,REVIEW_OPERATION_PLACEMENT,False,True
SALT-REV-0162,PHASE4-MPS-20260726202343,ALT-BN-CP,PSC-SKU-BIKE-MT-001-20260810,SKU-BIKE-MT-001,MT-OP-020,REVIEW_REQUIRED,HIGH,NO_PREDECESSOR_OR_SHADOW_WIP_QUANTITY_AVAILABLE,REVIEW_OPERATION_PLACEMENT,False,True
SALT-REV-0163,PHASE4-MPS-20260726202343,ALT-BN-CP,PSC-SKU-BIKE-MT-001-20260810,SKU-BIKE-MT-001,MT-OP-030,REVIEW_REQUIRED,HIGH,NO_PREDECESSOR_OR_SHADOW_WIP_QUANTITY_AVAILABLE,REVIEW_OPERATION_PLACEMENT,False,True
SALT-REV-0164,PHASE4-MPS-20260726202343,ALT-BN-CP,PSC-SKU-BIKE-MT-001-20260810,SKU-BIKE-MT-001,MT-OP-040,REVIEW_REQUIRED,HIGH,NO_PREDECESSOR_OR_SHADOW_WIP_QUANTITY_AVAILABLE,REVIEW_OPERATION_PLACEMENT,False,True
SALT-REV-0165,PHASE4-MPS-20260726202343,ALT-BN-CP,PSC-SKU-BIKE-MT-001-20260810,SKU-BIKE-MT-001,MT-OP-050,REVIEW_REQUIRED,HIGH,NO_PREDECESSOR_OR_SHADOW_WIP_QUANTITY_AVAILABLE,REVIEW_OPERATION_PLACEMENT,False,True
SALT-REV-0166,PHASE4-MPS-20260726202343,ALT-BN-CP,PSC-SKU-BIKE-MT-001-20260810,SKU-BIKE-MT-001,MT-OP-060,REVIEW_REQUIRED,HIGH,NO_PREDECESSOR_OR_SHADOW_WIP_QUANTITY_AVAILABLE,REVIEW_OPERATION_PLACEMENT,False,True
SALT-REV-0167,PHASE4-MPS-20260726202343,ALT-BN-CP,PSC-SKU-BIKE-MT-001-20260810,SKU-BIKE-MT-001,MT-OP-070,REVIEW_REQUIRED,HIGH,NO_PREDECESSOR_OR_SHADOW_WIP_QUANTITY_AVAILABLE,REVIEW_OPERATION_PLACEMENT,False,True
SALT-REV-0168,PHASE4-MPS-20260726202343,ALT-BN-CP,PSC-SKU-BIKE-ROAD-001-20260810,SKU-BIKE-ROAD-001,ROAD-OP-010,REVIEW_REQUIRED,HIGH,OUTPUT_BUFFER_CAPACITY_BLOCK,REVIEW_OPERATION_PLACEMENT,False,True
SALT-REV-0169,PHASE4-MPS-20260726202343,ALT-BN-CP,PSC-SKU-BIKE-ROAD-001-20260810,SKU-BIKE-ROAD-001,ROAD-OP-020,REVIEW_REQUIRED,HIGH,NO_PREDECESSOR_OR_SHADOW_WIP_QUANTITY_AVAILABLE,REVIEW_OPERATION_PLACEMENT,False,True
SALT-REV-0170,PHASE4-MPS-20260726202343,ALT-BN-CP,PSC-SKU-BIKE-ROAD-001-20260810,SKU-BIKE-ROAD-001,ROAD-OP-030,REVIEW_REQUIRED,HIGH,NO_PREDECESSOR_OR_SHADOW_WIP_QUANTITY_AVAILABLE,REVIEW_OPERATION_PLACEMENT,False,True
SALT-REV-0171,PHASE4-MPS-20260726202343,ALT-BN-CP,PSC-SKU-BIKE-ROAD-001-20260810,SKU-BIKE-ROAD-001,ROAD-OP-040,REVIEW_REQUIRED,HIGH,NO_PREDECESSOR_OR_SHADOW_WIP_QUANTITY_AVAILABLE,REVIEW_OPERATION_PLACEMENT,False,True
SALT-REV-0172,PHASE4-MPS-20260726202343,ALT-BN-CP,PSC-SKU-BIKE-ROAD-001-20260810,SKU-BIKE-ROAD-001,ROAD-OP-050,REVIEW_REQUIRED,HIGH,NO_PREDECESSOR_OR_SHADOW_WIP_QUANTITY_AVAILABLE,REVIEW_OPERATION_PLACEMENT,False,True
SALT-REV-0173,PHASE4-MPS-20260726202343,ALT-BN-CP,PSC-SKU-BIKE-ROAD-001-20260810,SKU-BIKE-ROAD-001,ROAD-OP-060,REVIEW_REQUIRED,HIGH,NO_PREDECESSOR_OR_SHADOW_WIP_QUANTITY_AVAILABLE,REVIEW_OPERATION_PLACEMENT,False,True
SALT-REV-0174,PHASE4-MPS-20260726202343,ALT-BN-CP,PSC-SKU-BIKE-MT-001-20260817,SKU-BIKE-MT-001,MT-OP-010,REVIEW_REQUIRED,HIGH,OUTPUT_BUFFER_CAPACITY_BLOCK,REVIEW_OPERATION_PLACEMENT,False,True
SALT-REV-0175,PHASE4-MPS-20260726202343,ALT-BN-CP,PSC-SKU-BIKE-MT-001-20260817,SKU-BIKE-MT-001,MT-OP-020,REVIEW_REQUIRED,HIGH,NO_PREDECESSOR_OR_SHADOW_WIP_QUANTITY_AVAILABLE,REVIEW_OPERATION_PLACEMENT,False,True
SALT-REV-0176,PHASE4-MPS-20260726202343,ALT-BN-CP,PSC-SKU-BIKE-MT-001-20260817,SKU-BIKE-MT-001,MT-OP-030,REVIEW_REQUIRED,HIGH,NO_PREDECESSOR_OR_SHADOW_WIP_QUANTITY_AVAILABLE,REVIEW_OPERATION_PLACEMENT,False,True
SALT-REV-0177,PHASE4-MPS-20260726202343,ALT-BN-CP,PSC-SKU-BIKE-MT-001-20260817,SKU-BIKE-MT-001,MT-OP-040,REVIEW_REQUIRED,HIGH,NO_PREDECESSOR_OR_SHADOW_WIP_QUANTITY_AVAILABLE,REVIEW_OPERATION_PLACEMENT,False,True
SALT-REV-0178,PHASE4-MPS-20260726202343,ALT-BN-CP,PSC-SKU-BIKE-MT-001-20260817,SKU-BIKE-MT-001,MT-OP-050,REVIEW_REQUIRED,HIGH,NO_PREDECESSOR_OR_SHADOW_WIP_QUANTITY_AVAILABLE,REVIEW_OPERATION_PLACEMENT,False,True
SALT-REV-0179,PHASE4-MPS-20260726202343,ALT-BN-CP,PSC-SKU-BIKE-MT-001-20260817,SKU-BIKE-MT-001,MT-OP-060,REVIEW_REQUIRED,HIGH,NO_PREDECESSOR_OR_SHADOW_WIP_QUANTITY_AVAILABLE,REVIEW_OPERATION_PLACEMENT,False,True
SALT-REV-0180,PHASE4-MPS-20260726202343,ALT-BN-CP,PSC-SKU-BIKE-MT-001-20260817,SKU-BIKE-MT-001,MT-OP-070,REVIEW_REQUIRED,HIGH,NO_PREDECESSOR_OR_SHADOW_WIP_QUANTITY_AVAILABLE,REVIEW_OPERATION_PLACEMENT,False,True
SALT-REV-0181,PHASE4-MPS-20260726202343,ALT-BN-CP,PSC-SKU-BIKE-ROAD-001-20260817,SKU-BIKE-ROAD-001,ROAD-OP-010,REVIEW_REQUIRED,HIGH,OUTPUT_BUFFER_CAPACITY_BLOCK,REVIEW_OPERATION_PLACEMENT,False,True
SALT-REV-0182,PHASE4-MPS-20260726202343,ALT-BN-CP,PSC-SKU-BIKE-ROAD-001-20260817,SKU-BIKE-ROAD-001,ROAD-OP-020,REVIEW_REQUIRED,HIGH,NO_PREDECESSOR_OR_SHADOW_WIP_QUANTITY_AVAILABLE,REVIEW_OPERATION_PLACEMENT,False,True
SALT-REV-0183,PHASE4-MPS-20260726202343,ALT-BN-CP,PSC-SKU-BIKE-ROAD-001-20260817,SKU-BIKE-ROAD-001,ROAD-OP-030,REVIEW_REQUIRED,HIGH,NO_PREDECESSOR_OR_SHADOW_WIP_QUANTITY_AVAILABLE,REVIEW_OPERATION_PLACEMENT,False,True
SALT-REV-0184,PHASE4-MPS-20260726202343,ALT-BN-CP,PSC-SKU-BIKE-ROAD-001-20260817,SKU-BIKE-ROAD-001,ROAD-OP-040,REVIEW_REQUIRED,HIGH,NO_PREDECESSOR_OR_SHADOW_WIP_QUANTITY_AVAILABLE,REVIEW_OPERATION_PLACEMENT,False,True
SALT-REV-0185,PHASE4-MPS-20260726202343,ALT-BN-CP,PSC-SKU-BIKE-ROAD-001-20260817,SKU-BIKE-ROAD-001,ROAD-OP-050,REVIEW_REQUIRED,HIGH,NO_PREDECESSOR_OR_SHADOW_WIP_QUANTITY_AVAILABLE,REVIEW_OPERATION_PLACEMENT,False,True
SALT-REV-0186,PHASE4-MPS-20260726202343,ALT-BN-CP,PSC-SKU-BIKE-ROAD-001-20260817,SKU-BIKE-ROAD-001,ROAD-OP-060,REVIEW_REQUIRED,HIGH,NO_PREDECESSOR_OR_SHADOW_WIP_QUANTITY_AVAILABLE,REVIEW_OPERATION_PLACEMENT,False,True
SALT-REV-0187,PHASE4-MPS-20260726202343,ALT-BN-CP,PSC-SKU-BIKE-ROAD-001-20260824,SKU-BIKE-ROAD-001,ROAD-OP-010,REVIEW_REQUIRED,HIGH,OUTPUT_BUFFER_CAPACITY_BLOCK,REVIEW_OPERATION_PLACEMENT,False,True
SALT-REV-0188,PHASE4-MPS-20260726202343,ALT-BN-CP,PSC-SKU-BIKE-ROAD-001-20260824,SKU-BIKE-ROAD-001,ROAD-OP-020,REVIEW_REQUIRED,HIGH,NO_PREDECESSOR_OR_SHADOW_WIP_QUANTITY_AVAILABLE,REVIEW_OPERATION_PLACEMENT,False,True
SALT-REV-0189,PHASE4-MPS-20260726202343,ALT-BN-CP,PSC-SKU-BIKE-ROAD-001-20260824,SKU-BIKE-ROAD-001,ROAD-OP-030,REVIEW_REQUIRED,HIGH,NO_PREDECESSOR_OR_SHADOW_WIP_QUANTITY_AVAILABLE,REVIEW_OPERATION_PLACEMENT,False,True
SALT-REV-0190,PHASE4-MPS-20260726202343,ALT-BN-CP,PSC-SKU-BIKE-ROAD-001-20260824,SKU-BIKE-ROAD-001,ROAD-OP-040,REVIEW_REQUIRED,HIGH,NO_PREDECESSOR_OR_SHADOW_WIP_QUANTITY_AVAILABLE,REVIEW_OPERATION_PLACEMENT,False,True
SALT-REV-0191,PHASE4-MPS-20260726202343,ALT-BN-CP,PSC-SKU-BIKE-ROAD-001-20260824,SKU-BIKE-ROAD-001,ROAD-OP-050,REVIEW_REQUIRED,HIGH,NO_PREDECESSOR_OR_SHADOW_WIP_QUANTITY_AVAILABLE,REVIEW_OPERATION_PLACEMENT,False,True
SALT-REV-0192,PHASE4-MPS-20260726202343,ALT-BN-CP,PSC-SKU-BIKE-ROAD-001-20260824,SKU-BIKE-ROAD-001,ROAD-OP-060,REVIEW_REQUIRED,HIGH,NO_PREDECESSOR_OR_SHADOW_WIP_QUANTITY_AVAILABLE,REVIEW_OPERATION_PLACEMENT,False,True
SALT-REV-0193,PHASE4-MPS-20260726202343,ALT-BN-CP,PSC-SKU-BIKE-MT-001-20260824,SKU-BIKE-MT-001,MT-OP-010,REVIEW_REQUIRED,HIGH,OUTPUT_BUFFER_CAPACITY_BLOCK,REVIEW_OPERATION_PLACEMENT,False,True
SALT-REV-0194,PHASE4-MPS-20260726202343,ALT-BN-CP,PSC-SKU-BIKE-MT-001-20260824,SKU-BIKE-MT-001,MT-OP-020,REVIEW_REQUIRED,HIGH,NO_PREDECESSOR_OR_SHADOW_WIP_QUANTITY_AVAILABLE,REVIEW_OPERATION_PLACEMENT,False,True
SALT-REV-0195,PHASE4-MPS-20260726202343,ALT-BN-CP,PSC-SKU-BIKE-MT-001-20260824,SKU-BIKE-MT-001,MT-OP-030,REVIEW_REQUIRED,HIGH,NO_PREDECESSOR_OR_SHADOW_WIP_QUANTITY_AVAILABLE,REVIEW_OPERATION_PLACEMENT,False,True
SALT-REV-0196,PHASE4-MPS-20260726202343,ALT-BN-CP,PSC-SKU-BIKE-MT-001-20260824,SKU-BIKE-MT-001,MT-OP-040,REVIEW_REQUIRED,HIGH,NO_PREDECESSOR_OR_SHADOW_WIP_QUANTITY_AVAILABLE,REVIEW_OPERATION_PLACEMENT,False,True
SALT-REV-0197,PHASE4-MPS-20260726202343,ALT-BN-CP,PSC-SKU-BIKE-MT-001-20260824,SKU-BIKE-MT-001,MT-OP-050,REVIEW_REQUIRED,HIGH,NO_PREDECESSOR_OR_SHADOW_WIP_QUANTITY_AVAILABLE,REVIEW_OPERATION_PLACEMENT,False,True
SALT-REV-0198,PHASE4-MPS-20260726202343,ALT-BN-CP,PSC-SKU-BIKE-MT-001-20260824,SKU-BIKE-MT-001,MT-OP-060,REVIEW_REQUIRED,HIGH,NO_PREDECESSOR_OR_SHADOW_WIP_QUANTITY_AVAILABLE,REVIEW_OPERATION_PLACEMENT,False,True
SALT-REV-0199,PHASE4-MPS-20260726202343,ALT-BN-CP,PSC-SKU-BIKE-MT-001-20260824,SKU-BIKE-MT-001,MT-OP-070,REVIEW_REQUIRED,HIGH,NO_PREDECESSOR_OR_SHADOW_WIP_QUANTITY_AVAILABLE,REVIEW_OPERATION_PLACEMENT,False,True
SALT-REV-0200,PHASE4-MPS-20260726202343,ALT-BN-CP,PSC-SKU-BIKE-ROAD-001-20260831,SKU-BIKE-ROAD-001,ROAD-OP-010,REVIEW_REQUIRED,HIGH,OUTPUT_BUFFER_CAPACITY_BLOCK,REVIEW_OPERATION_PLACEMENT,False,True
SALT-REV-0201,PHASE4-MPS-20260726202343,ALT-BN-CP,PSC-SKU-BIKE-ROAD-001-20260831,SKU-BIKE-ROAD-001,ROAD-OP-020,REVIEW_REQUIRED,HIGH,NO_PREDECESSOR_OR_SHADOW_WIP_QUANTITY_AVAILABLE,REVIEW_OPERATION_PLACEMENT,False,True
SALT-REV-0202,PHASE4-MPS-20260726202343,ALT-BN-CP,PSC-SKU-BIKE-ROAD-001-20260831,SKU-BIKE-ROAD-001,ROAD-OP-030,REVIEW_REQUIRED,HIGH,NO_PREDECESSOR_OR_SHADOW_WIP_QUANTITY_AVAILABLE,REVIEW_OPERATION_PLACEMENT,False,True
SALT-REV-0203,PHASE4-MPS-20260726202343,ALT-BN-CP,PSC-SKU-BIKE-ROAD-001-20260831,SKU-BIKE-ROAD-001,ROAD-OP-040,REVIEW_REQUIRED,HIGH,NO_PREDECESSOR_OR_SHADOW_WIP_QUANTITY_AVAILABLE,REVIEW_OPERATION_PLACEMENT,False,True
SALT-REV-0204,PHASE4-MPS-20260726202343,ALT-BN-CP,PSC-SKU-BIKE-ROAD-001-20260831,SKU-BIKE-ROAD-001,ROAD-OP-050,REVIEW_REQUIRED,HIGH,NO_PREDECESSOR_OR_SHADOW_WIP_QUANTITY_AVAILABLE,REVIEW_OPERATION_PLACEMENT,False,True
SALT-REV-0205,PHASE4-MPS-20260726202343,ALT-BN-CP,PSC-SKU-BIKE-ROAD-001-20260831,SKU-BIKE-ROAD-001,ROAD-OP-060,REVIEW_REQUIRED,HIGH,NO_PREDECESSOR_OR_SHADOW_WIP_QUANTITY_AVAILABLE,REVIEW_OPERATION_PLACEMENT,False,True
SALT-REV-0206,PHASE4-MPS-20260726202343,ALT-BN-CP,PSC-SKU-BIKE-MT-001-20260831,SKU-BIKE-MT-001,MT-OP-010,REVIEW_REQUIRED,HIGH,OUTPUT_BUFFER_CAPACITY_BLOCK,REVIEW_OPERATION_PLACEMENT,False,True
SALT-REV-0207,PHASE4-MPS-20260726202343,ALT-BN-CP,PSC-SKU-BIKE-MT-001-20260831,SKU-BIKE-MT-001,MT-OP-020,REVIEW_REQUIRED,HIGH,NO_PREDECESSOR_OR_SHADOW_WIP_QUANTITY_AVAILABLE,REVIEW_OPERATION_PLACEMENT,False,True
SALT-REV-0208,PHASE4-MPS-20260726202343,ALT-BN-CP,PSC-SKU-BIKE-MT-001-20260831,SKU-BIKE-MT-001,MT-OP-030,REVIEW_REQUIRED,HIGH,NO_PREDECESSOR_OR_SHADOW_WIP_QUANTITY_AVAILABLE,REVIEW_OPERATION_PLACEMENT,False,True
SALT-REV-0209,PHASE4-MPS-20260726202343,ALT-BN-CP,PSC-SKU-BIKE-MT-001-20260831,SKU-BIKE-MT-001,MT-OP-040,REVIEW_REQUIRED,HIGH,NO_PREDECESSOR_OR_SHADOW_WIP_QUANTITY_AVAILABLE,REVIEW_OPERATION_PLACEMENT,False,True
SALT-REV-0210,PHASE4-MPS-20260726202343,ALT-BN-CP,PSC-SKU-BIKE-MT-001-20260831,SKU-BIKE-MT-001,MT-OP-050,REVIEW_REQUIRED,HIGH,NO_PREDECESSOR_OR_SHADOW_WIP_QUANTITY_AVAILABLE,REVIEW_OPERATION_PLACEMENT,False,True
SALT-REV-0211,PHASE4-MPS-20260726202343,ALT-BN-CP,PSC-SKU-BIKE-MT-001-20260831,SKU-BIKE-MT-001,MT-OP-060,REVIEW_REQUIRED,HIGH,NO_PREDECESSOR_OR_SHADOW_WIP_QUANTITY_AVAILABLE,REVIEW_OPERATION_PLACEMENT,False,True
SALT-REV-0212,PHASE4-MPS-20260726202343,ALT-BN-CP,PSC-SKU-BIKE-MT-001-20260831,SKU-BIKE-MT-001,MT-OP-070,REVIEW_REQUIRED,HIGH,NO_PREDECESSOR_OR_SHADOW_WIP_QUANTITY_AVAILABLE,REVIEW_OPERATION_PLACEMENT,False,True
SALT-REV-0213,PHASE4-MPS-20260726202343,ALT-BN-CP,PSC-SKU-BIKE-ROAD-001-20260907,SKU-BIKE-ROAD-001,ROAD-OP-010,REVIEW_REQUIRED,HIGH,OUTPUT_BUFFER_CAPACITY_BLOCK,REVIEW_OPERATION_PLACEMENT,False,True
SALT-REV-0214,PHASE4-MPS-20260726202343,ALT-BN-CP,PSC-SKU-BIKE-ROAD-001-20260907,SKU-BIKE-ROAD-001,ROAD-OP-020,REVIEW_REQUIRED,HIGH,NO_PREDECESSOR_OR_SHADOW_WIP_QUANTITY_AVAILABLE,REVIEW_OPERATION_PLACEMENT,False,True
SALT-REV-0215,PHASE4-MPS-20260726202343,ALT-BN-CP,PSC-SKU-BIKE-ROAD-001-20260907,SKU-BIKE-ROAD-001,ROAD-OP-030,REVIEW_REQUIRED,HIGH,NO_PREDECESSOR_OR_SHADOW_WIP_QUANTITY_AVAILABLE,REVIEW_OPERATION_PLACEMENT,False,True
SALT-REV-0216,PHASE4-MPS-20260726202343,ALT-BN-CP,PSC-SKU-BIKE-ROAD-001-20260907,SKU-BIKE-ROAD-001,ROAD-OP-040,REVIEW_REQUIRED,HIGH,NO_PREDECESSOR_OR_SHADOW_WIP_QUANTITY_AVAILABLE,REVIEW_OPERATION_PLACEMENT,False,True
SALT-REV-0217,PHASE4-MPS-20260726202343,ALT-BN-CP,PSC-SKU-BIKE-ROAD-001-20260907,SKU-BIKE-ROAD-001,ROAD-OP-050,REVIEW_REQUIRED,HIGH,NO_PREDECESSOR_OR_SHADOW_WIP_QUANTITY_AVAILABLE,REVIEW_OPERATION_PLACEMENT,False,True
SALT-REV-0218,PHASE4-MPS-20260726202343,ALT-BN-CP,PSC-SKU-BIKE-ROAD-001-20260907,SKU-BIKE-ROAD-001,ROAD-OP-060,REVIEW_REQUIRED,HIGH,NO_PREDECESSOR_OR_SHADOW_WIP_QUANTITY_AVAILABLE,REVIEW_OPERATION_PLACEMENT,False,True
SALT-REV-0219,PHASE4-MPS-20260726202343,ALT-BN-CP,PSC-SKU-BIKE-MT-001-20260907,SKU-BIKE-MT-001,MT-OP-010,REVIEW_REQUIRED,HIGH,OUTPUT_BUFFER_CAPACITY_BLOCK,REVIEW_OPERATION_PLACEMENT,False,True
SALT-REV-0220,PHASE4-MPS-20260726202343,ALT-BN-CP,PSC-SKU-BIKE-MT-001-20260907,SKU-BIKE-MT-001,MT-OP-020,REVIEW_REQUIRED,HIGH,NO_PREDECESSOR_OR_SHADOW_WIP_QUANTITY_AVAILABLE,REVIEW_OPERATION_PLACEMENT,False,True
SALT-REV-0221,PHASE4-MPS-20260726202343,ALT-BN-CP,PSC-SKU-BIKE-MT-001-20260907,SKU-BIKE-MT-001,MT-OP-030,REVIEW_REQUIRED,HIGH,NO_PREDECESSOR_OR_SHADOW_WIP_QUANTITY_AVAILABLE,REVIEW_OPERATION_PLACEMENT,False,True
SALT-REV-0222,PHASE4-MPS-20260726202343,ALT-BN-CP,PSC-SKU-BIKE-MT-001-20260907,SKU-BIKE-MT-001,MT-OP-040,REVIEW_REQUIRED,HIGH,NO_PREDECESSOR_OR_SHADOW_WIP_QUANTITY_AVAILABLE,REVIEW_OPERATION_PLACEMENT,False,True
SALT-REV-0223,PHASE4-MPS-20260726202343,ALT-BN-CP,PSC-SKU-BIKE-MT-001-20260907,SKU-BIKE-MT-001,MT-OP-050,REVIEW_REQUIRED,HIGH,NO_PREDECESSOR_OR_SHADOW_WIP_QUANTITY_AVAILABLE,REVIEW_OPERATION_PLACEMENT,False,True
SALT-REV-0224,PHASE4-MPS-20260726202343,ALT-BN-CP,PSC-SKU-BIKE-MT-001-20260907,SKU-BIKE-MT-001,MT-OP-060,REVIEW_REQUIRED,HIGH,NO_PREDECESSOR_OR_SHADOW_WIP_QUANTITY_AVAILABLE,REVIEW_OPERATION_PLACEMENT,False,True
SALT-REV-0225,PHASE4-MPS-20260726202343,ALT-BN-CP,PSC-SKU-BIKE-MT-001-20260907,SKU-BIKE-MT-001,MT-OP-070,REVIEW_REQUIRED,HIGH,NO_PREDECESSOR_OR_SHADOW_WIP_QUANTITY_AVAILABLE,REVIEW_OPERATION_PLACEMENT,False,True
SALT-REV-0226,PHASE4-MPS-20260726202343,ALT-BN-CP,PSC-SKU-BIKE-MT-001-20260914,SKU-BIKE-MT-001,MT-OP-010,REVIEW_REQUIRED,HIGH,OUTPUT_BUFFER_CAPACITY_BLOCK,REVIEW_OPERATION_PLACEMENT,False,True
SALT-REV-0227,PHASE4-MPS-20260726202343,ALT-BN-CP,PSC-SKU-BIKE-MT-001-20260914,SKU-BIKE-MT-001,MT-OP-020,REVIEW_REQUIRED,HIGH,NO_PREDECESSOR_OR_SHADOW_WIP_QUANTITY_AVAILABLE,REVIEW_OPERATION_PLACEMENT,False,True
SALT-REV-0228,PHASE4-MPS-20260726202343,ALT-BN-CP,PSC-SKU-BIKE-MT-001-20260914,SKU-BIKE-MT-001,MT-OP-030,REVIEW_REQUIRED,HIGH,NO_PREDECESSOR_OR_SHADOW_WIP_QUANTITY_AVAILABLE,REVIEW_OPERATION_PLACEMENT,False,True
SALT-REV-0229,PHASE4-MPS-20260726202343,ALT-BN-CP,PSC-SKU-BIKE-MT-001-20260914,SKU-BIKE-MT-001,MT-OP-040,REVIEW_REQUIRED,HIGH,NO_PREDECESSOR_OR_SHADOW_WIP_QUANTITY_AVAILABLE,REVIEW_OPERATION_PLACEMENT,False,True
SALT-REV-0230,PHASE4-MPS-20260726202343,ALT-BN-CP,PSC-SKU-BIKE-MT-001-20260914,SKU-BIKE-MT-001,MT-OP-050,REVIEW_REQUIRED,HIGH,NO_PREDECESSOR_OR_SHADOW_WIP_QUANTITY_AVAILABLE,REVIEW_OPERATION_PLACEMENT,False,True
SALT-REV-0231,PHASE4-MPS-20260726202343,ALT-BN-CP,PSC-SKU-BIKE-MT-001-20260914,SKU-BIKE-MT-001,MT-OP-060,REVIEW_REQUIRED,HIGH,NO_PREDECESSOR_OR_SHADOW_WIP_QUANTITY_AVAILABLE,REVIEW_OPERATION_PLACEMENT,False,True
SALT-REV-0232,PHASE4-MPS-20260726202343,ALT-BN-CP,PSC-SKU-BIKE-MT-001-20260914,SKU-BIKE-MT-001,MT-OP-070,REVIEW_REQUIRED,HIGH,NO_PREDECESSOR_OR_SHADOW_WIP_QUANTITY_AVAILABLE,REVIEW_OPERATION_PLACEMENT,False,True
SALT-REV-0233,PHASE4-MPS-20260726202343,ALT-BN-CP,PSC-SKU-BIKE-ROAD-001-20260914,SKU-BIKE-ROAD-001,ROAD-OP-010,REVIEW_REQUIRED,HIGH,OUTPUT_BUFFER_CAPACITY_BLOCK,REVIEW_OPERATION_PLACEMENT,False,True
SALT-REV-0234,PHASE4-MPS-20260726202343,ALT-BN-CP,PSC-SKU-BIKE-ROAD-001-20260914,SKU-BIKE-ROAD-001,ROAD-OP-020,REVIEW_REQUIRED,HIGH,NO_PREDECESSOR_OR_SHADOW_WIP_QUANTITY_AVAILABLE,REVIEW_OPERATION_PLACEMENT,False,True
SALT-REV-0235,PHASE4-MPS-20260726202343,ALT-BN-CP,PSC-SKU-BIKE-ROAD-001-20260914,SKU-BIKE-ROAD-001,ROAD-OP-030,REVIEW_REQUIRED,HIGH,NO_PREDECESSOR_OR_SHADOW_WIP_QUANTITY_AVAILABLE,REVIEW_OPERATION_PLACEMENT,False,True
SALT-REV-0236,PHASE4-MPS-20260726202343,ALT-BN-CP,PSC-SKU-BIKE-ROAD-001-20260914,SKU-BIKE-ROAD-001,ROAD-OP-040,REVIEW_REQUIRED,HIGH,NO_PREDECESSOR_OR_SHADOW_WIP_QUANTITY_AVAILABLE,REVIEW_OPERATION_PLACEMENT,False,True
SALT-REV-0237,PHASE4-MPS-20260726202343,ALT-BN-CP,PSC-SKU-BIKE-ROAD-001-20260914,SKU-BIKE-ROAD-001,ROAD-OP-050,REVIEW_REQUIRED,HIGH,NO_PREDECESSOR_OR_SHADOW_WIP_QUANTITY_AVAILABLE,REVIEW_OPERATION_PLACEMENT,False,True
SALT-REV-0238,PHASE4-MPS-20260726202343,ALT-BN-CP,PSC-SKU-BIKE-ROAD-001-20260914,SKU-BIKE-ROAD-001,ROAD-OP-060,REVIEW_REQUIRED,HIGH,NO_PREDECESSOR_OR_SHADOW_WIP_QUANTITY_AVAILABLE,REVIEW_OPERATION_PLACEMENT,False,True
SALT-REV-0239,PHASE4-MPS-20260726202343,ALT-BN-CP,PSC-SKU-BIKE-ROAD-001-20260921,SKU-BIKE-ROAD-001,ROAD-OP-010,REVIEW_REQUIRED,HIGH,OUTPUT_BUFFER_CAPACITY_BLOCK,REVIEW_OPERATION_PLACEMENT,False,True
SALT-REV-0240,PHASE4-MPS-20260726202343,ALT-BN-CP,PSC-SKU-BIKE-ROAD-001-20260921,SKU-BIKE-ROAD-001,ROAD-OP-020,REVIEW_REQUIRED,HIGH,NO_PREDECESSOR_OR_SHADOW_WIP_QUANTITY_AVAILABLE,REVIEW_OPERATION_PLACEMENT,False,True
SALT-REV-0241,PHASE4-MPS-20260726202343,ALT-BN-CP,PSC-SKU-BIKE-ROAD-001-20260921,SKU-BIKE-ROAD-001,ROAD-OP-030,REVIEW_REQUIRED,HIGH,NO_PREDECESSOR_OR_SHADOW_WIP_QUANTITY_AVAILABLE,REVIEW_OPERATION_PLACEMENT,False,True
SALT-REV-0242,PHASE4-MPS-20260726202343,ALT-BN-CP,PSC-SKU-BIKE-ROAD-001-20260921,SKU-BIKE-ROAD-001,ROAD-OP-040,REVIEW_REQUIRED,HIGH,NO_PREDECESSOR_OR_SHADOW_WIP_QUANTITY_AVAILABLE,REVIEW_OPERATION_PLACEMENT,False,True
SALT-REV-0243,PHASE4-MPS-20260726202343,ALT-BN-CP,PSC-SKU-BIKE-ROAD-001-20260921,SKU-BIKE-ROAD-001,ROAD-OP-050,REVIEW_REQUIRED,HIGH,NO_PREDECESSOR_OR_SHADOW_WIP_QUANTITY_AVAILABLE,REVIEW_OPERATION_PLACEMENT,False,True
SALT-REV-0244,PHASE4-MPS-20260726202343,ALT-BN-CP,PSC-SKU-BIKE-ROAD-001-20260921,SKU-BIKE-ROAD-001,ROAD-OP-060,REVIEW_REQUIRED,HIGH,NO_PREDECESSOR_OR_SHADOW_WIP_QUANTITY_AVAILABLE,REVIEW_OPERATION_PLACEMENT,False,True
SALT-REV-0245,PHASE4-MPS-20260726202343,ALT-BN-CP,PSC-SKU-BIKE-MT-001-20260921,SKU-BIKE-MT-001,MT-OP-010,REVIEW_REQUIRED,HIGH,OUTPUT_BUFFER_CAPACITY_BLOCK,REVIEW_OPERATION_PLACEMENT,False,True
SALT-REV-0246,PHASE4-MPS-20260726202343,ALT-BN-CP,PSC-SKU-BIKE-MT-001-20260921,SKU-BIKE-MT-001,MT-OP-020,REVIEW_REQUIRED,HIGH,NO_PREDECESSOR_OR_SHADOW_WIP_QUANTITY_AVAILABLE,REVIEW_OPERATION_PLACEMENT,False,True
SALT-REV-0247,PHASE4-MPS-20260726202343,ALT-BN-CP,PSC-SKU-BIKE-MT-001-20260921,SKU-BIKE-MT-001,MT-OP-030,REVIEW_REQUIRED,HIGH,NO_PREDECESSOR_OR_SHADOW_WIP_QUANTITY_AVAILABLE,REVIEW_OPERATION_PLACEMENT,False,True
SALT-REV-0248,PHASE4-MPS-20260726202343,ALT-BN-CP,PSC-SKU-BIKE-MT-001-20260921,SKU-BIKE-MT-001,MT-OP-040,REVIEW_REQUIRED,HIGH,NO_PREDECESSOR_OR_SHADOW_WIP_QUANTITY_AVAILABLE,REVIEW_OPERATION_PLACEMENT,False,True
SALT-REV-0249,PHASE4-MPS-20260726202343,ALT-BN-CP,PSC-SKU-BIKE-MT-001-20260921,SKU-BIKE-MT-001,MT-OP-050,REVIEW_REQUIRED,HIGH,NO_PREDECESSOR_OR_SHADOW_WIP_QUANTITY_AVAILABLE,REVIEW_OPERATION_PLACEMENT,False,True
SALT-REV-0250,PHASE4-MPS-20260726202343,ALT-BN-CP,PSC-SKU-BIKE-MT-001-20260921,SKU-BIKE-MT-001,MT-OP-060,REVIEW_REQUIRED,HIGH,NO_PREDECESSOR_OR_SHADOW_WIP_QUANTITY_AVAILABLE,REVIEW_OPERATION_PLACEMENT,False,True
SALT-REV-0251,PHASE4-MPS-20260726202343,ALT-BN-CP,PSC-SKU-BIKE-MT-001-20260921,SKU-BIKE-MT-001,MT-OP-070,REVIEW_REQUIRED,HIGH,NO_PREDECESSOR_OR_SHADOW_WIP_QUANTITY_AVAILABLE,REVIEW_OPERATION_PLACEMENT,False,True
SALT-REV-0252,PHASE4-MPS-20260726202343,ALT-SETUP,PSC-SKU-BIKE-MT-001-20260629,SKU-BIKE-MT-001,MT-OP-020,REVIEW_REQUIRED,HIGH,Allocated across real dated resource calendar window(s). Output buffer space reserved at completion time.,REVIEW_OPERATION_PLACEMENT,False,True
SALT-REV-0253,PHASE4-MPS-20260726202343,ALT-SETUP,PSC-SKU-BIKE-MT-001-20260629,SKU-BIKE-MT-001,MT-OP-030,REVIEW_REQUIRED,HIGH,Allocated across real dated resource calendar window(s). Output buffer space reserved at completion time.,REVIEW_OPERATION_PLACEMENT,False,True
SALT-REV-0254,PHASE4-MPS-20260726202343,ALT-SETUP,PSC-SKU-BIKE-MT-001-20260629,SKU-BIKE-MT-001,MT-OP-040,REVIEW_REQUIRED,HIGH,Allocated across real dated resource calendar window(s). Output buffer space reserved at completion time.,REVIEW_OPERATION_PLACEMENT,False,True
SALT-REV-0255,PHASE4-MPS-20260726202343,ALT-SETUP,PSC-SKU-BIKE-MT-001-20260629,SKU-BIKE-MT-001,MT-OP-050,REVIEW_REQUIRED,HIGH,NO_PREDECESSOR_OR_SHADOW_WIP_QUANTITY_AVAILABLE,REVIEW_OPERATION_PLACEMENT,False,True
SALT-REV-0256,PHASE4-MPS-20260726202343,ALT-SETUP,PSC-SKU-BIKE-MT-001-20260629,SKU-BIKE-MT-001,MT-OP-060,REVIEW_REQUIRED,HIGH,NO_PREDECESSOR_OR_SHADOW_WIP_QUANTITY_AVAILABLE,REVIEW_OPERATION_PLACEMENT,False,True
SALT-REV-0257,PHASE4-MPS-20260726202343,ALT-SETUP,PSC-SKU-BIKE-MT-001-20260928,SKU-BIKE-MT-001,MT-OP-010,REVIEW_REQUIRED,HIGH,OUTPUT_BUFFER_CAPACITY_BLOCK,REVIEW_OPERATION_PLACEMENT,False,True
SALT-REV-0258,PHASE4-MPS-20260726202343,ALT-SETUP,PSC-SKU-BIKE-MT-001-20260928,SKU-BIKE-MT-001,MT-OP-020,REVIEW_REQUIRED,HIGH,NO_PREDECESSOR_OR_SHADOW_WIP_QUANTITY_AVAILABLE,REVIEW_OPERATION_PLACEMENT,False,True
SALT-REV-0259,PHASE4-MPS-20260726202343,ALT-SETUP,PSC-SKU-BIKE-MT-001-20260928,SKU-BIKE-MT-001,MT-OP-030,REVIEW_REQUIRED,HIGH,NO_PREDECESSOR_OR_SHADOW_WIP_QUANTITY_AVAILABLE,REVIEW_OPERATION_PLACEMENT,False,True
SALT-REV-0260,PHASE4-MPS-20260726202343,ALT-SETUP,PSC-SKU-BIKE-MT-001-20260928,SKU-BIKE-MT-001,MT-OP-040,REVIEW_REQUIRED,HIGH,NO_PREDECESSOR_OR_SHADOW_WIP_QUANTITY_AVAILABLE,REVIEW_OPERATION_PLACEMENT,False,True
SALT-REV-0261,PHASE4-MPS-20260726202343,ALT-SETUP,PSC-SKU-BIKE-MT-001-20260928,SKU-BIKE-MT-001,MT-OP-050,REVIEW_REQUIRED,HIGH,NO_PREDECESSOR_OR_SHADOW_WIP_QUANTITY_AVAILABLE,REVIEW_OPERATION_PLACEMENT,False,True
SALT-REV-0262,PHASE4-MPS-20260726202343,ALT-SETUP,PSC-SKU-BIKE-MT-001-20260928,SKU-BIKE-MT-001,MT-OP-060,REVIEW_REQUIRED,HIGH,NO_PREDECESSOR_OR_SHADOW_WIP_QUANTITY_AVAILABLE,REVIEW_OPERATION_PLACEMENT,False,True
SALT-REV-0263,PHASE4-MPS-20260726202343,ALT-SETUP,PSC-SKU-BIKE-MT-001-20260713,SKU-BIKE-MT-001,MT-OP-010,REVIEW_REQUIRED,HIGH,OUTPUT_BUFFER_CAPACITY_BLOCK,REVIEW_OPERATION_PLACEMENT,False,True
SALT-REV-0264,PHASE4-MPS-20260726202343,ALT-SETUP,PSC-SKU-BIKE-MT-001-20260713,SKU-BIKE-MT-001,MT-OP-020,REVIEW_REQUIRED,HIGH,NO_PREDECESSOR_OR_SHADOW_WIP_QUANTITY_AVAILABLE,REVIEW_OPERATION_PLACEMENT,False,True
SALT-REV-0265,PHASE4-MPS-20260726202343,ALT-SETUP,PSC-SKU-BIKE-MT-001-20260713,SKU-BIKE-MT-001,MT-OP-040,REVIEW_REQUIRED,HIGH,NO_PREDECESSOR_OR_SHADOW_WIP_QUANTITY_AVAILABLE,REVIEW_OPERATION_PLACEMENT,False,True
SALT-REV-0266,PHASE4-MPS-20260726202343,ALT-SETUP,PSC-SKU-BIKE-MT-001-20260713,SKU-BIKE-MT-001,MT-OP-050,REVIEW_REQUIRED,HIGH,OUTPUT_BUFFER_CAPACITY_BLOCK,REVIEW_OPERATION_PLACEMENT,False,True
SALT-REV-0267,PHASE4-MPS-20260726202343,ALT-SETUP,PSC-SKU-BIKE-MT-001-20260713,SKU-BIKE-MT-001,MT-OP-060,REVIEW_REQUIRED,HIGH,NO_PREDECESSOR_OR_SHADOW_WIP_QUANTITY_AVAILABLE,REVIEW_OPERATION_PLACEMENT,False,True
SALT-REV-0268,PHASE4-MPS-20260726202343,ALT-SETUP,PSC-SKU-BIKE-MT-001-20260713,SKU-BIKE-MT-001,MT-OP-070,REVIEW_REQUIRED,HIGH,NO_PREDECESSOR_OR_SHADOW_WIP_QUANTITY_AVAILABLE,REVIEW_OPERATION_PLACEMENT,False,True
SALT-REV-0269,PHASE4-MPS-20260726202343,ALT-SETUP,PSC-SKU-BIKE-MT-001-20260720,SKU-BIKE-MT-001,MT-OP-010,REVIEW_REQUIRED,HIGH,OUTPUT_BUFFER_CAPACITY_BLOCK,REVIEW_OPERATION_PLACEMENT,False,True
SALT-REV-0270,PHASE4-MPS-20260726202343,ALT-SETUP,PSC-SKU-BIKE-MT-001-20260720,SKU-BIKE-MT-001,MT-OP-020,REVIEW_REQUIRED,HIGH,NO_PREDECESSOR_OR_SHADOW_WIP_QUANTITY_AVAILABLE,REVIEW_OPERATION_PLACEMENT,False,True
SALT-REV-0271,PHASE4-MPS-20260726202343,ALT-SETUP,PSC-SKU-BIKE-MT-001-20260720,SKU-BIKE-MT-001,MT-OP-030,REVIEW_REQUIRED,HIGH,NO_PREDECESSOR_OR_SHADOW_WIP_QUANTITY_AVAILABLE,REVIEW_OPERATION_PLACEMENT,False,True
SALT-REV-0272,PHASE4-MPS-20260726202343,ALT-SETUP,PSC-SKU-BIKE-MT-001-20260720,SKU-BIKE-MT-001,MT-OP-040,REVIEW_REQUIRED,HIGH,NO_PREDECESSOR_OR_SHADOW_WIP_QUANTITY_AVAILABLE,REVIEW_OPERATION_PLACEMENT,False,True
SALT-REV-0273,PHASE4-MPS-20260726202343,ALT-SETUP,PSC-SKU-BIKE-MT-001-20260720,SKU-BIKE-MT-001,MT-OP-050,REVIEW_REQUIRED,HIGH,OUTPUT_BUFFER_CAPACITY_BLOCK,REVIEW_OPERATION_PLACEMENT,False,True
SALT-REV-0274,PHASE4-MPS-20260726202343,ALT-SETUP,PSC-SKU-BIKE-MT-001-20260720,SKU-BIKE-MT-001,MT-OP-060,REVIEW_REQUIRED,HIGH,NO_PREDECESSOR_OR_SHADOW_WIP_QUANTITY_AVAILABLE,REVIEW_OPERATION_PLACEMENT,False,True
SALT-REV-0275,PHASE4-MPS-20260726202343,ALT-SETUP,PSC-SKU-BIKE-MT-001-20260720,SKU-BIKE-MT-001,MT-OP-070,REVIEW_REQUIRED,HIGH,NO_PREDECESSOR_OR_SHADOW_WIP_QUANTITY_AVAILABLE,REVIEW_OPERATION_PLACEMENT,False,True
SALT-REV-0276,PHASE4-MPS-20260726202343,ALT-SETUP,PSC-SKU-BIKE-MT-001-20260727,SKU-BIKE-MT-001,MT-OP-010,REVIEW_REQUIRED,HIGH,OUTPUT_BUFFER_CAPACITY_BLOCK,REVIEW_OPERATION_PLACEMENT,False,True
SALT-REV-0277,PHASE4-MPS-20260726202343,ALT-SETUP,PSC-SKU-BIKE-MT-001-20260727,SKU-BIKE-MT-001,MT-OP-020,REVIEW_REQUIRED,HIGH,NO_PREDECESSOR_OR_SHADOW_WIP_QUANTITY_AVAILABLE,REVIEW_OPERATION_PLACEMENT,False,True
SALT-REV-0278,PHASE4-MPS-20260726202343,ALT-SETUP,PSC-SKU-BIKE-MT-001-20260727,SKU-BIKE-MT-001,MT-OP-030,REVIEW_REQUIRED,HIGH,NO_PREDECESSOR_OR_SHADOW_WIP_QUANTITY_AVAILABLE,REVIEW_OPERATION_PLACEMENT,False,True
SALT-REV-0279,PHASE4-MPS-20260726202343,ALT-SETUP,PSC-SKU-BIKE-MT-001-20260727,SKU-BIKE-MT-001,MT-OP-040,REVIEW_REQUIRED,HIGH,NO_PREDECESSOR_OR_SHADOW_WIP_QUANTITY_AVAILABLE,REVIEW_OPERATION_PLACEMENT,False,True
SALT-REV-0280,PHASE4-MPS-20260726202343,ALT-SETUP,PSC-SKU-BIKE-MT-001-20260727,SKU-BIKE-MT-001,MT-OP-050,REVIEW_REQUIRED,HIGH,OUTPUT_BUFFER_CAPACITY_BLOCK,REVIEW_OPERATION_PLACEMENT,False,True
SALT-REV-0281,PHASE4-MPS-20260726202343,ALT-SETUP,PSC-SKU-BIKE-MT-001-20260727,SKU-BIKE-MT-001,MT-OP-060,REVIEW_REQUIRED,HIGH,NO_PREDECESSOR_OR_SHADOW_WIP_QUANTITY_AVAILABLE,REVIEW_OPERATION_PLACEMENT,False,True
SALT-REV-0282,PHASE4-MPS-20260726202343,ALT-SETUP,PSC-SKU-BIKE-MT-001-20260727,SKU-BIKE-MT-001,MT-OP-070,REVIEW_REQUIRED,HIGH,NO_PREDECESSOR_OR_SHADOW_WIP_QUANTITY_AVAILABLE,REVIEW_OPERATION_PLACEMENT,False,True
SALT-REV-0283,PHASE4-MPS-20260726202343,ALT-SETUP,PSC-SKU-BIKE-MT-001-20260803,SKU-BIKE-MT-001,MT-OP-010,REVIEW_REQUIRED,HIGH,OUTPUT_BUFFER_CAPACITY_BLOCK,REVIEW_OPERATION_PLACEMENT,False,True
SALT-REV-0284,PHASE4-MPS-20260726202343,ALT-SETUP,PSC-SKU-BIKE-MT-001-20260803,SKU-BIKE-MT-001,MT-OP-020,REVIEW_REQUIRED,HIGH,NO_PREDECESSOR_OR_SHADOW_WIP_QUANTITY_AVAILABLE,REVIEW_OPERATION_PLACEMENT,False,True
SALT-REV-0285,PHASE4-MPS-20260726202343,ALT-SETUP,PSC-SKU-BIKE-MT-001-20260803,SKU-BIKE-MT-001,MT-OP-030,REVIEW_REQUIRED,HIGH,NO_PREDECESSOR_OR_SHADOW_WIP_QUANTITY_AVAILABLE,REVIEW_OPERATION_PLACEMENT,False,True
SALT-REV-0286,PHASE4-MPS-20260726202343,ALT-SETUP,PSC-SKU-BIKE-MT-001-20260803,SKU-BIKE-MT-001,MT-OP-040,REVIEW_REQUIRED,HIGH,NO_PREDECESSOR_OR_SHADOW_WIP_QUANTITY_AVAILABLE,REVIEW_OPERATION_PLACEMENT,False,True
SALT-REV-0287,PHASE4-MPS-20260726202343,ALT-SETUP,PSC-SKU-BIKE-MT-001-20260803,SKU-BIKE-MT-001,MT-OP-050,REVIEW_REQUIRED,HIGH,OUTPUT_BUFFER_CAPACITY_BLOCK,REVIEW_OPERATION_PLACEMENT,False,True
SALT-REV-0288,PHASE4-MPS-20260726202343,ALT-SETUP,PSC-SKU-BIKE-MT-001-20260803,SKU-BIKE-MT-001,MT-OP-060,REVIEW_REQUIRED,HIGH,NO_PREDECESSOR_OR_SHADOW_WIP_QUANTITY_AVAILABLE,REVIEW_OPERATION_PLACEMENT,False,True
SALT-REV-0289,PHASE4-MPS-20260726202343,ALT-SETUP,PSC-SKU-BIKE-MT-001-20260803,SKU-BIKE-MT-001,MT-OP-070,REVIEW_REQUIRED,HIGH,NO_PREDECESSOR_OR_SHADOW_WIP_QUANTITY_AVAILABLE,REVIEW_OPERATION_PLACEMENT,False,True
SALT-REV-0290,PHASE4-MPS-20260726202343,ALT-SETUP,PSC-SKU-BIKE-MT-001-20260810,SKU-BIKE-MT-001,MT-OP-010,REVIEW_REQUIRED,HIGH,OUTPUT_BUFFER_CAPACITY_BLOCK,REVIEW_OPERATION_PLACEMENT,False,True
SALT-REV-0291,PHASE4-MPS-20260726202343,ALT-SETUP,PSC-SKU-BIKE-MT-001-20260810,SKU-BIKE-MT-001,MT-OP-020,REVIEW_REQUIRED,HIGH,NO_PREDECESSOR_OR_SHADOW_WIP_QUANTITY_AVAILABLE,REVIEW_OPERATION_PLACEMENT,False,True
SALT-REV-0292,PHASE4-MPS-20260726202343,ALT-SETUP,PSC-SKU-BIKE-MT-001-20260810,SKU-BIKE-MT-001,MT-OP-030,REVIEW_REQUIRED,HIGH,NO_PREDECESSOR_OR_SHADOW_WIP_QUANTITY_AVAILABLE,REVIEW_OPERATION_PLACEMENT,False,True
SALT-REV-0293,PHASE4-MPS-20260726202343,ALT-SETUP,PSC-SKU-BIKE-MT-001-20260810,SKU-BIKE-MT-001,MT-OP-040,REVIEW_REQUIRED,HIGH,NO_PREDECESSOR_OR_SHADOW_WIP_QUANTITY_AVAILABLE,REVIEW_OPERATION_PLACEMENT,False,True
SALT-REV-0294,PHASE4-MPS-20260726202343,ALT-SETUP,PSC-SKU-BIKE-MT-001-20260810,SKU-BIKE-MT-001,MT-OP-050,REVIEW_REQUIRED,HIGH,OUTPUT_BUFFER_CAPACITY_BLOCK,REVIEW_OPERATION_PLACEMENT,False,True
SALT-REV-0295,PHASE4-MPS-20260726202343,ALT-SETUP,PSC-SKU-BIKE-MT-001-20260810,SKU-BIKE-MT-001,MT-OP-060,REVIEW_REQUIRED,HIGH,NO_PREDECESSOR_OR_SHADOW_WIP_QUANTITY_AVAILABLE,REVIEW_OPERATION_PLACEMENT,False,True
SALT-REV-0296,PHASE4-MPS-20260726202343,ALT-SETUP,PSC-SKU-BIKE-MT-001-20260810,SKU-BIKE-MT-001,MT-OP-070,REVIEW_REQUIRED,HIGH,NO_PREDECESSOR_OR_SHADOW_WIP_QUANTITY_AVAILABLE,REVIEW_OPERATION_PLACEMENT,False,True
SALT-REV-0297,PHASE4-MPS-20260726202343,ALT-SETUP,PSC-SKU-BIKE-MT-001-20260817,SKU-BIKE-MT-001,MT-OP-010,REVIEW_REQUIRED,HIGH,OUTPUT_BUFFER_CAPACITY_BLOCK,REVIEW_OPERATION_PLACEMENT,False,True
SALT-REV-0298,PHASE4-MPS-20260726202343,ALT-SETUP,PSC-SKU-BIKE-MT-001-20260817,SKU-BIKE-MT-001,MT-OP-020,REVIEW_REQUIRED,HIGH,NO_PREDECESSOR_OR_SHADOW_WIP_QUANTITY_AVAILABLE,REVIEW_OPERATION_PLACEMENT,False,True
SALT-REV-0299,PHASE4-MPS-20260726202343,ALT-SETUP,PSC-SKU-BIKE-MT-001-20260817,SKU-BIKE-MT-001,MT-OP-030,REVIEW_REQUIRED,HIGH,NO_PREDECESSOR_OR_SHADOW_WIP_QUANTITY_AVAILABLE,REVIEW_OPERATION_PLACEMENT,False,True
SALT-REV-0300,PHASE4-MPS-20260726202343,ALT-SETUP,PSC-SKU-BIKE-MT-001-20260817,SKU-BIKE-MT-001,MT-OP-040,REVIEW_REQUIRED,HIGH,NO_PREDECESSOR_OR_SHADOW_WIP_QUANTITY_AVAILABLE,REVIEW_OPERATION_PLACEMENT,False,True
SALT-REV-0301,PHASE4-MPS-20260726202343,ALT-SETUP,PSC-SKU-BIKE-MT-001-20260817,SKU-BIKE-MT-001,MT-OP-050,REVIEW_REQUIRED,HIGH,OUTPUT_BUFFER_CAPACITY_BLOCK,REVIEW_OPERATION_PLACEMENT,False,True
SALT-REV-0302,PHASE4-MPS-20260726202343,ALT-SETUP,PSC-SKU-BIKE-MT-001-20260817,SKU-BIKE-MT-001,MT-OP-060,REVIEW_REQUIRED,HIGH,NO_PREDECESSOR_OR_SHADOW_WIP_QUANTITY_AVAILABLE,REVIEW_OPERATION_PLACEMENT,False,True
SALT-REV-0303,PHASE4-MPS-20260726202343,ALT-SETUP,PSC-SKU-BIKE-MT-001-20260817,SKU-BIKE-MT-001,MT-OP-070,REVIEW_REQUIRED,HIGH,NO_PREDECESSOR_OR_SHADOW_WIP_QUANTITY_AVAILABLE,REVIEW_OPERATION_PLACEMENT,False,True
SALT-REV-0304,PHASE4-MPS-20260726202343,ALT-SETUP,PSC-SKU-BIKE-MT-001-20260824,SKU-BIKE-MT-001,MT-OP-010,REVIEW_REQUIRED,HIGH,OUTPUT_BUFFER_CAPACITY_BLOCK,REVIEW_OPERATION_PLACEMENT,False,True
SALT-REV-0305,PHASE4-MPS-20260726202343,ALT-SETUP,PSC-SKU-BIKE-MT-001-20260824,SKU-BIKE-MT-001,MT-OP-020,REVIEW_REQUIRED,HIGH,NO_PREDECESSOR_OR_SHADOW_WIP_QUANTITY_AVAILABLE,REVIEW_OPERATION_PLACEMENT,False,True
SALT-REV-0306,PHASE4-MPS-20260726202343,ALT-SETUP,PSC-SKU-BIKE-MT-001-20260824,SKU-BIKE-MT-001,MT-OP-030,REVIEW_REQUIRED,HIGH,NO_PREDECESSOR_OR_SHADOW_WIP_QUANTITY_AVAILABLE,REVIEW_OPERATION_PLACEMENT,False,True
SALT-REV-0307,PHASE4-MPS-20260726202343,ALT-SETUP,PSC-SKU-BIKE-MT-001-20260824,SKU-BIKE-MT-001,MT-OP-040,REVIEW_REQUIRED,HIGH,NO_PREDECESSOR_OR_SHADOW_WIP_QUANTITY_AVAILABLE,REVIEW_OPERATION_PLACEMENT,False,True
SALT-REV-0308,PHASE4-MPS-20260726202343,ALT-SETUP,PSC-SKU-BIKE-MT-001-20260824,SKU-BIKE-MT-001,MT-OP-050,REVIEW_REQUIRED,HIGH,OUTPUT_BUFFER_CAPACITY_BLOCK,REVIEW_OPERATION_PLACEMENT,False,True
SALT-REV-0309,PHASE4-MPS-20260726202343,ALT-SETUP,PSC-SKU-BIKE-MT-001-20260824,SKU-BIKE-MT-001,MT-OP-060,REVIEW_REQUIRED,HIGH,NO_PREDECESSOR_OR_SHADOW_WIP_QUANTITY_AVAILABLE,REVIEW_OPERATION_PLACEMENT,False,True
SALT-REV-0310,PHASE4-MPS-20260726202343,ALT-SETUP,PSC-SKU-BIKE-MT-001-20260824,SKU-BIKE-MT-001,MT-OP-070,REVIEW_REQUIRED,HIGH,NO_PREDECESSOR_OR_SHADOW_WIP_QUANTITY_AVAILABLE,REVIEW_OPERATION_PLACEMENT,False,True
SALT-REV-0311,PHASE4-MPS-20260726202343,ALT-SETUP,PSC-SKU-BIKE-MT-001-20260831,SKU-BIKE-MT-001,MT-OP-010,REVIEW_REQUIRED,HIGH,OUTPUT_BUFFER_CAPACITY_BLOCK,REVIEW_OPERATION_PLACEMENT,False,True
SALT-REV-0312,PHASE4-MPS-20260726202343,ALT-SETUP,PSC-SKU-BIKE-MT-001-20260831,SKU-BIKE-MT-001,MT-OP-020,REVIEW_REQUIRED,HIGH,NO_PREDECESSOR_OR_SHADOW_WIP_QUANTITY_AVAILABLE,REVIEW_OPERATION_PLACEMENT,False,True
SALT-REV-0313,PHASE4-MPS-20260726202343,ALT-SETUP,PSC-SKU-BIKE-MT-001-20260831,SKU-BIKE-MT-001,MT-OP-030,REVIEW_REQUIRED,HIGH,NO_PREDECESSOR_OR_SHADOW_WIP_QUANTITY_AVAILABLE,REVIEW_OPERATION_PLACEMENT,False,True
SALT-REV-0314,PHASE4-MPS-20260726202343,ALT-SETUP,PSC-SKU-BIKE-MT-001-20260831,SKU-BIKE-MT-001,MT-OP-040,REVIEW_REQUIRED,HIGH,NO_PREDECESSOR_OR_SHADOW_WIP_QUANTITY_AVAILABLE,REVIEW_OPERATION_PLACEMENT,False,True
SALT-REV-0315,PHASE4-MPS-20260726202343,ALT-SETUP,PSC-SKU-BIKE-MT-001-20260831,SKU-BIKE-MT-001,MT-OP-050,REVIEW_REQUIRED,HIGH,OUTPUT_BUFFER_CAPACITY_BLOCK,REVIEW_OPERATION_PLACEMENT,False,True
SALT-REV-0316,PHASE4-MPS-20260726202343,ALT-SETUP,PSC-SKU-BIKE-MT-001-20260831,SKU-BIKE-MT-001,MT-OP-060,REVIEW_REQUIRED,HIGH,NO_PREDECESSOR_OR_SHADOW_WIP_QUANTITY_AVAILABLE,REVIEW_OPERATION_PLACEMENT,False,True
SALT-REV-0317,PHASE4-MPS-20260726202343,ALT-SETUP,PSC-SKU-BIKE-MT-001-20260831,SKU-BIKE-MT-001,MT-OP-070,REVIEW_REQUIRED,HIGH,NO_PREDECESSOR_OR_SHADOW_WIP_QUANTITY_AVAILABLE,REVIEW_OPERATION_PLACEMENT,False,True
SALT-REV-0318,PHASE4-MPS-20260726202343,ALT-SETUP,PSC-SKU-BIKE-MT-001-20260907,SKU-BIKE-MT-001,MT-OP-010,REVIEW_REQUIRED,HIGH,OUTPUT_BUFFER_CAPACITY_BLOCK,REVIEW_OPERATION_PLACEMENT,False,True
SALT-REV-0319,PHASE4-MPS-20260726202343,ALT-SETUP,PSC-SKU-BIKE-MT-001-20260907,SKU-BIKE-MT-001,MT-OP-020,REVIEW_REQUIRED,HIGH,NO_PREDECESSOR_OR_SHADOW_WIP_QUANTITY_AVAILABLE,REVIEW_OPERATION_PLACEMENT,False,True
SALT-REV-0320,PHASE4-MPS-20260726202343,ALT-SETUP,PSC-SKU-BIKE-MT-001-20260907,SKU-BIKE-MT-001,MT-OP-030,REVIEW_REQUIRED,HIGH,NO_PREDECESSOR_OR_SHADOW_WIP_QUANTITY_AVAILABLE,REVIEW_OPERATION_PLACEMENT,False,True
SALT-REV-0321,PHASE4-MPS-20260726202343,ALT-SETUP,PSC-SKU-BIKE-MT-001-20260907,SKU-BIKE-MT-001,MT-OP-040,REVIEW_REQUIRED,HIGH,NO_PREDECESSOR_OR_SHADOW_WIP_QUANTITY_AVAILABLE,REVIEW_OPERATION_PLACEMENT,False,True
SALT-REV-0322,PHASE4-MPS-20260726202343,ALT-SETUP,PSC-SKU-BIKE-MT-001-20260907,SKU-BIKE-MT-001,MT-OP-050,REVIEW_REQUIRED,HIGH,OUTPUT_BUFFER_CAPACITY_BLOCK,REVIEW_OPERATION_PLACEMENT,False,True
SALT-REV-0323,PHASE4-MPS-20260726202343,ALT-SETUP,PSC-SKU-BIKE-MT-001-20260907,SKU-BIKE-MT-001,MT-OP-060,REVIEW_REQUIRED,HIGH,NO_PREDECESSOR_OR_SHADOW_WIP_QUANTITY_AVAILABLE,REVIEW_OPERATION_PLACEMENT,False,True
SALT-REV-0324,PHASE4-MPS-20260726202343,ALT-SETUP,PSC-SKU-BIKE-MT-001-20260907,SKU-BIKE-MT-001,MT-OP-070,REVIEW_REQUIRED,HIGH,NO_PREDECESSOR_OR_SHADOW_WIP_QUANTITY_AVAILABLE,REVIEW_OPERATION_PLACEMENT,False,True
SALT-REV-0325,PHASE4-MPS-20260726202343,ALT-SETUP,PSC-SKU-BIKE-MT-001-20260914,SKU-BIKE-MT-001,MT-OP-010,REVIEW_REQUIRED,HIGH,OUTPUT_BUFFER_CAPACITY_BLOCK,REVIEW_OPERATION_PLACEMENT,False,True
SALT-REV-0326,PHASE4-MPS-20260726202343,ALT-SETUP,PSC-SKU-BIKE-MT-001-20260914,SKU-BIKE-MT-001,MT-OP-020,REVIEW_REQUIRED,HIGH,NO_PREDECESSOR_OR_SHADOW_WIP_QUANTITY_AVAILABLE,REVIEW_OPERATION_PLACEMENT,False,True
SALT-REV-0327,PHASE4-MPS-20260726202343,ALT-SETUP,PSC-SKU-BIKE-MT-001-20260914,SKU-BIKE-MT-001,MT-OP-030,REVIEW_REQUIRED,HIGH,NO_PREDECESSOR_OR_SHADOW_WIP_QUANTITY_AVAILABLE,REVIEW_OPERATION_PLACEMENT,False,True
SALT-REV-0328,PHASE4-MPS-20260726202343,ALT-SETUP,PSC-SKU-BIKE-MT-001-20260914,SKU-BIKE-MT-001,MT-OP-040,REVIEW_REQUIRED,HIGH,NO_PREDECESSOR_OR_SHADOW_WIP_QUANTITY_AVAILABLE,REVIEW_OPERATION_PLACEMENT,False,True
SALT-REV-0329,PHASE4-MPS-20260726202343,ALT-SETUP,PSC-SKU-BIKE-MT-001-20260914,SKU-BIKE-MT-001,MT-OP-050,REVIEW_REQUIRED,HIGH,OUTPUT_BUFFER_CAPACITY_BLOCK,REVIEW_OPERATION_PLACEMENT,False,True
SALT-REV-0330,PHASE4-MPS-20260726202343,ALT-SETUP,PSC-SKU-BIKE-MT-001-20260914,SKU-BIKE-MT-001,MT-OP-060,REVIEW_REQUIRED,HIGH,NO_PREDECESSOR_OR_SHADOW_WIP_QUANTITY_AVAILABLE,REVIEW_OPERATION_PLACEMENT,False,True
SALT-REV-0331,PHASE4-MPS-20260726202343,ALT-SETUP,PSC-SKU-BIKE-MT-001-20260914,SKU-BIKE-MT-001,MT-OP-070,REVIEW_REQUIRED,HIGH,NO_PREDECESSOR_OR_SHADOW_WIP_QUANTITY_AVAILABLE,REVIEW_OPERATION_PLACEMENT,False,True
SALT-REV-0332,PHASE4-MPS-20260726202343,ALT-SETUP,PSC-SKU-BIKE-MT-001-20260921,SKU-BIKE-MT-001,MT-OP-010,REVIEW_REQUIRED,HIGH,OUTPUT_BUFFER_CAPACITY_BLOCK,REVIEW_OPERATION_PLACEMENT,False,True
SALT-REV-0333,PHASE4-MPS-20260726202343,ALT-SETUP,PSC-SKU-BIKE-MT-001-20260921,SKU-BIKE-MT-001,MT-OP-020,REVIEW_REQUIRED,HIGH,NO_PREDECESSOR_OR_SHADOW_WIP_QUANTITY_AVAILABLE,REVIEW_OPERATION_PLACEMENT,False,True
SALT-REV-0334,PHASE4-MPS-20260726202343,ALT-SETUP,PSC-SKU-BIKE-MT-001-20260921,SKU-BIKE-MT-001,MT-OP-030,REVIEW_REQUIRED,HIGH,NO_PREDECESSOR_OR_SHADOW_WIP_QUANTITY_AVAILABLE,REVIEW_OPERATION_PLACEMENT,False,True
SALT-REV-0335,PHASE4-MPS-20260726202343,ALT-SETUP,PSC-SKU-BIKE-MT-001-20260921,SKU-BIKE-MT-001,MT-OP-040,REVIEW_REQUIRED,HIGH,NO_PREDECESSOR_OR_SHADOW_WIP_QUANTITY_AVAILABLE,REVIEW_OPERATION_PLACEMENT,False,True
SALT-REV-0336,PHASE4-MPS-20260726202343,ALT-SETUP,PSC-SKU-BIKE-MT-001-20260921,SKU-BIKE-MT-001,MT-OP-050,REVIEW_REQUIRED,HIGH,OUTPUT_BUFFER_CAPACITY_BLOCK,REVIEW_OPERATION_PLACEMENT,False,True
SALT-REV-0337,PHASE4-MPS-20260726202343,ALT-SETUP,PSC-SKU-BIKE-MT-001-20260921,SKU-BIKE-MT-001,MT-OP-060,REVIEW_REQUIRED,HIGH,NO_PREDECESSOR_OR_SHADOW_WIP_QUANTITY_AVAILABLE,REVIEW_OPERATION_PLACEMENT,False,True
SALT-REV-0338,PHASE4-MPS-20260726202343,ALT-SETUP,PSC-SKU-BIKE-MT-001-20260921,SKU-BIKE-MT-001,MT-OP-070,REVIEW_REQUIRED,HIGH,NO_PREDECESSOR_OR_SHADOW_WIP_QUANTITY_AVAILABLE,REVIEW_OPERATION_PLACEMENT,False,True
SALT-REV-0339,PHASE4-MPS-20260726202343,ALT-SETUP,PSC-SKU-BIKE-ROAD-001-20260928,SKU-BIKE-ROAD-001,ROAD-OP-010,REVIEW_REQUIRED,HIGH,OUTPUT_BUFFER_CAPACITY_BLOCK,REVIEW_OPERATION_PLACEMENT,False,True
SALT-REV-0340,PHASE4-MPS-20260726202343,ALT-SETUP,PSC-SKU-BIKE-ROAD-001-20260928,SKU-BIKE-ROAD-001,ROAD-OP-020,REVIEW_REQUIRED,HIGH,NO_PREDECESSOR_OR_SHADOW_WIP_QUANTITY_AVAILABLE,REVIEW_OPERATION_PLACEMENT,False,True
SALT-REV-0341,PHASE4-MPS-20260726202343,ALT-SETUP,PSC-SKU-BIKE-ROAD-001-20260928,SKU-BIKE-ROAD-001,ROAD-OP-030,REVIEW_REQUIRED,HIGH,NO_PREDECESSOR_OR_SHADOW_WIP_QUANTITY_AVAILABLE,REVIEW_OPERATION_PLACEMENT,False,True
SALT-REV-0342,PHASE4-MPS-20260726202343,ALT-SETUP,PSC-SKU-BIKE-ROAD-001-20260629,SKU-BIKE-ROAD-001,ROAD-OP-020,REVIEW_REQUIRED,HIGH,Allocated across real dated resource calendar window(s). Output buffer space reserved at completion time.,REVIEW_OPERATION_PLACEMENT,False,True
SALT-REV-0343,PHASE4-MPS-20260726202343,ALT-SETUP,PSC-SKU-BIKE-ROAD-001-20260629,SKU-BIKE-ROAD-001,ROAD-OP-030,REVIEW_REQUIRED,HIGH,Allocated across real dated resource calendar window(s). Output buffer space reserved at completion time.,REVIEW_OPERATION_PLACEMENT,False,True
SALT-REV-0344,PHASE4-MPS-20260726202343,ALT-SETUP,PSC-SKU-BIKE-ROAD-001-20260629,SKU-BIKE-ROAD-001,ROAD-OP-060,REVIEW_REQUIRED,HIGH,Allocated across real dated resource calendar window(s). Output buffer space reserved at completion time.,REVIEW_OPERATION_PLACEMENT,False,True
SALT-REV-0345,PHASE4-MPS-20260726202343,ALT-SETUP,PSC-SKU-BIKE-ROAD-001-20260713,SKU-BIKE-ROAD-001,ROAD-OP-010,REVIEW_REQUIRED,HIGH,OUTPUT_BUFFER_CAPACITY_BLOCK,REVIEW_OPERATION_PLACEMENT,False,True
SALT-REV-0346,PHASE4-MPS-20260726202343,ALT-SETUP,PSC-SKU-BIKE-ROAD-001-20260713,SKU-BIKE-ROAD-001,ROAD-OP-020,REVIEW_REQUIRED,HIGH,NO_PREDECESSOR_OR_SHADOW_WIP_QUANTITY_AVAILABLE,REVIEW_OPERATION_PLACEMENT,False,True
SALT-REV-0347,PHASE4-MPS-20260726202343,ALT-SETUP,PSC-SKU-BIKE-ROAD-001-20260713,SKU-BIKE-ROAD-001,ROAD-OP-030,REVIEW_REQUIRED,HIGH,NO_PREDECESSOR_OR_SHADOW_WIP_QUANTITY_AVAILABLE,REVIEW_OPERATION_PLACEMENT,False,True
SALT-REV-0348,PHASE4-MPS-20260726202343,ALT-SETUP,PSC-SKU-BIKE-ROAD-001-20260720,SKU-BIKE-ROAD-001,ROAD-OP-010,REVIEW_REQUIRED,HIGH,OUTPUT_BUFFER_CAPACITY_BLOCK,REVIEW_OPERATION_PLACEMENT,False,True
SALT-REV-0349,PHASE4-MPS-20260726202343,ALT-SETUP,PSC-SKU-BIKE-ROAD-001-20260720,SKU-BIKE-ROAD-001,ROAD-OP-020,REVIEW_REQUIRED,HIGH,NO_PREDECESSOR_OR_SHADOW_WIP_QUANTITY_AVAILABLE,REVIEW_OPERATION_PLACEMENT,False,True
SALT-REV-0350,PHASE4-MPS-20260726202343,ALT-SETUP,PSC-SKU-BIKE-ROAD-001-20260720,SKU-BIKE-ROAD-001,ROAD-OP-030,REVIEW_REQUIRED,HIGH,NO_PREDECESSOR_OR_SHADOW_WIP_QUANTITY_AVAILABLE,REVIEW_OPERATION_PLACEMENT,False,True
SALT-REV-0351,PHASE4-MPS-20260726202343,ALT-SETUP,PSC-SKU-BIKE-ROAD-001-20260720,SKU-BIKE-ROAD-001,ROAD-OP-040,REVIEW_REQUIRED,HIGH,NO_PREDECESSOR_OR_SHADOW_WIP_QUANTITY_AVAILABLE,REVIEW_OPERATION_PLACEMENT,False,True
SALT-REV-0352,PHASE4-MPS-20260726202343,ALT-SETUP,PSC-SKU-BIKE-ROAD-001-20260720,SKU-BIKE-ROAD-001,ROAD-OP-050,REVIEW_REQUIRED,HIGH,NO_PREDECESSOR_OR_SHADOW_WIP_QUANTITY_AVAILABLE,REVIEW_OPERATION_PLACEMENT,False,True
SALT-REV-0353,PHASE4-MPS-20260726202343,ALT-SETUP,PSC-SKU-BIKE-ROAD-001-20260720,SKU-BIKE-ROAD-001,ROAD-OP-060,REVIEW_REQUIRED,HIGH,NO_PREDECESSOR_OR_SHADOW_WIP_QUANTITY_AVAILABLE,REVIEW_OPERATION_PLACEMENT,False,True
SALT-REV-0354,PHASE4-MPS-20260726202343,ALT-SETUP,PSC-SKU-BIKE-ROAD-001-20260727,SKU-BIKE-ROAD-001,ROAD-OP-010,REVIEW_REQUIRED,HIGH,OUTPUT_BUFFER_CAPACITY_BLOCK,REVIEW_OPERATION_PLACEMENT,False,True
SALT-REV-0355,PHASE4-MPS-20260726202343,ALT-SETUP,PSC-SKU-BIKE-ROAD-001-20260727,SKU-BIKE-ROAD-001,ROAD-OP-020,REVIEW_REQUIRED,HIGH,NO_PREDECESSOR_OR_SHADOW_WIP_QUANTITY_AVAILABLE,REVIEW_OPERATION_PLACEMENT,False,True
SALT-REV-0356,PHASE4-MPS-20260726202343,ALT-SETUP,PSC-SKU-BIKE-ROAD-001-20260727,SKU-BIKE-ROAD-001,ROAD-OP-030,REVIEW_REQUIRED,HIGH,NO_PREDECESSOR_OR_SHADOW_WIP_QUANTITY_AVAILABLE,REVIEW_OPERATION_PLACEMENT,False,True
SALT-REV-0357,PHASE4-MPS-20260726202343,ALT-SETUP,PSC-SKU-BIKE-ROAD-001-20260727,SKU-BIKE-ROAD-001,ROAD-OP-040,REVIEW_REQUIRED,HIGH,NO_PREDECESSOR_OR_SHADOW_WIP_QUANTITY_AVAILABLE,REVIEW_OPERATION_PLACEMENT,False,True
SALT-REV-0358,PHASE4-MPS-20260726202343,ALT-SETUP,PSC-SKU-BIKE-ROAD-001-20260727,SKU-BIKE-ROAD-001,ROAD-OP-050,REVIEW_REQUIRED,HIGH,NO_PREDECESSOR_OR_SHADOW_WIP_QUANTITY_AVAILABLE,REVIEW_OPERATION_PLACEMENT,False,True
SALT-REV-0359,PHASE4-MPS-20260726202343,ALT-SETUP,PSC-SKU-BIKE-ROAD-001-20260727,SKU-BIKE-ROAD-001,ROAD-OP-060,REVIEW_REQUIRED,HIGH,NO_PREDECESSOR_OR_SHADOW_WIP_QUANTITY_AVAILABLE,REVIEW_OPERATION_PLACEMENT,False,True
SALT-REV-0360,PHASE4-MPS-20260726202343,ALT-SETUP,PSC-SKU-BIKE-ROAD-001-20260803,SKU-BIKE-ROAD-001,ROAD-OP-010,REVIEW_REQUIRED,HIGH,OUTPUT_BUFFER_CAPACITY_BLOCK,REVIEW_OPERATION_PLACEMENT,False,True
SALT-REV-0361,PHASE4-MPS-20260726202343,ALT-SETUP,PSC-SKU-BIKE-ROAD-001-20260803,SKU-BIKE-ROAD-001,ROAD-OP-020,REVIEW_REQUIRED,HIGH,NO_PREDECESSOR_OR_SHADOW_WIP_QUANTITY_AVAILABLE,REVIEW_OPERATION_PLACEMENT,False,True
SALT-REV-0362,PHASE4-MPS-20260726202343,ALT-SETUP,PSC-SKU-BIKE-ROAD-001-20260803,SKU-BIKE-ROAD-001,ROAD-OP-030,REVIEW_REQUIRED,HIGH,NO_PREDECESSOR_OR_SHADOW_WIP_QUANTITY_AVAILABLE,REVIEW_OPERATION_PLACEMENT,False,True
SALT-REV-0363,PHASE4-MPS-20260726202343,ALT-SETUP,PSC-SKU-BIKE-ROAD-001-20260803,SKU-BIKE-ROAD-001,ROAD-OP-040,REVIEW_REQUIRED,HIGH,NO_PREDECESSOR_OR_SHADOW_WIP_QUANTITY_AVAILABLE,REVIEW_OPERATION_PLACEMENT,False,True
SALT-REV-0364,PHASE4-MPS-20260726202343,ALT-SETUP,PSC-SKU-BIKE-ROAD-001-20260803,SKU-BIKE-ROAD-001,ROAD-OP-050,REVIEW_REQUIRED,HIGH,NO_PREDECESSOR_OR_SHADOW_WIP_QUANTITY_AVAILABLE,REVIEW_OPERATION_PLACEMENT,False,True
SALT-REV-0365,PHASE4-MPS-20260726202343,ALT-SETUP,PSC-SKU-BIKE-ROAD-001-20260803,SKU-BIKE-ROAD-001,ROAD-OP-060,REVIEW_REQUIRED,HIGH,NO_PREDECESSOR_OR_SHADOW_WIP_QUANTITY_AVAILABLE,REVIEW_OPERATION_PLACEMENT,False,True
SALT-REV-0366,PHASE4-MPS-20260726202343,ALT-SETUP,PSC-SKU-BIKE-ROAD-001-20260810,SKU-BIKE-ROAD-001,ROAD-OP-010,REVIEW_REQUIRED,HIGH,OUTPUT_BUFFER_CAPACITY_BLOCK,REVIEW_OPERATION_PLACEMENT,False,True
SALT-REV-0367,PHASE4-MPS-20260726202343,ALT-SETUP,PSC-SKU-BIKE-ROAD-001-20260810,SKU-BIKE-ROAD-001,ROAD-OP-020,REVIEW_REQUIRED,HIGH,NO_PREDECESSOR_OR_SHADOW_WIP_QUANTITY_AVAILABLE,REVIEW_OPERATION_PLACEMENT,False,True
SALT-REV-0368,PHASE4-MPS-20260726202343,ALT-SETUP,PSC-SKU-BIKE-ROAD-001-20260810,SKU-BIKE-ROAD-001,ROAD-OP-030,REVIEW_REQUIRED,HIGH,NO_PREDECESSOR_OR_SHADOW_WIP_QUANTITY_AVAILABLE,REVIEW_OPERATION_PLACEMENT,False,True
SALT-REV-0369,PHASE4-MPS-20260726202343,ALT-SETUP,PSC-SKU-BIKE-ROAD-001-20260810,SKU-BIKE-ROAD-001,ROAD-OP-040,REVIEW_REQUIRED,HIGH,NO_PREDECESSOR_OR_SHADOW_WIP_QUANTITY_AVAILABLE,REVIEW_OPERATION_PLACEMENT,False,True
SALT-REV-0370,PHASE4-MPS-20260726202343,ALT-SETUP,PSC-SKU-BIKE-ROAD-001-20260810,SKU-BIKE-ROAD-001,ROAD-OP-050,REVIEW_REQUIRED,HIGH,NO_PREDECESSOR_OR_SHADOW_WIP_QUANTITY_AVAILABLE,REVIEW_OPERATION_PLACEMENT,False,True
SALT-REV-0371,PHASE4-MPS-20260726202343,ALT-SETUP,PSC-SKU-BIKE-ROAD-001-20260810,SKU-BIKE-ROAD-001,ROAD-OP-060,REVIEW_REQUIRED,HIGH,NO_PREDECESSOR_OR_SHADOW_WIP_QUANTITY_AVAILABLE,REVIEW_OPERATION_PLACEMENT,False,True
SALT-REV-0372,PHASE4-MPS-20260726202343,ALT-SETUP,PSC-SKU-BIKE-ROAD-001-20260817,SKU-BIKE-ROAD-001,ROAD-OP-010,REVIEW_REQUIRED,HIGH,OUTPUT_BUFFER_CAPACITY_BLOCK,REVIEW_OPERATION_PLACEMENT,False,True
SALT-REV-0373,PHASE4-MPS-20260726202343,ALT-SETUP,PSC-SKU-BIKE-ROAD-001-20260817,SKU-BIKE-ROAD-001,ROAD-OP-020,REVIEW_REQUIRED,HIGH,NO_PREDECESSOR_OR_SHADOW_WIP_QUANTITY_AVAILABLE,REVIEW_OPERATION_PLACEMENT,False,True
SALT-REV-0374,PHASE4-MPS-20260726202343,ALT-SETUP,PSC-SKU-BIKE-ROAD-001-20260817,SKU-BIKE-ROAD-001,ROAD-OP-030,REVIEW_REQUIRED,HIGH,NO_PREDECESSOR_OR_SHADOW_WIP_QUANTITY_AVAILABLE,REVIEW_OPERATION_PLACEMENT,False,True
SALT-REV-0375,PHASE4-MPS-20260726202343,ALT-SETUP,PSC-SKU-BIKE-ROAD-001-20260817,SKU-BIKE-ROAD-001,ROAD-OP-040,REVIEW_REQUIRED,HIGH,NO_PREDECESSOR_OR_SHADOW_WIP_QUANTITY_AVAILABLE,REVIEW_OPERATION_PLACEMENT,False,True
SALT-REV-0376,PHASE4-MPS-20260726202343,ALT-SETUP,PSC-SKU-BIKE-ROAD-001-20260817,SKU-BIKE-ROAD-001,ROAD-OP-050,REVIEW_REQUIRED,HIGH,NO_PREDECESSOR_OR_SHADOW_WIP_QUANTITY_AVAILABLE,REVIEW_OPERATION_PLACEMENT,False,True
SALT-REV-0377,PHASE4-MPS-20260726202343,ALT-SETUP,PSC-SKU-BIKE-ROAD-001-20260817,SKU-BIKE-ROAD-001,ROAD-OP-060,REVIEW_REQUIRED,HIGH,NO_PREDECESSOR_OR_SHADOW_WIP_QUANTITY_AVAILABLE,REVIEW_OPERATION_PLACEMENT,False,True
SALT-REV-0378,PHASE4-MPS-20260726202343,ALT-SETUP,PSC-SKU-BIKE-ROAD-001-20260824,SKU-BIKE-ROAD-001,ROAD-OP-010,REVIEW_REQUIRED,HIGH,OUTPUT_BUFFER_CAPACITY_BLOCK,REVIEW_OPERATION_PLACEMENT,False,True
SALT-REV-0379,PHASE4-MPS-20260726202343,ALT-SETUP,PSC-SKU-BIKE-ROAD-001-20260824,SKU-BIKE-ROAD-001,ROAD-OP-020,REVIEW_REQUIRED,HIGH,NO_PREDECESSOR_OR_SHADOW_WIP_QUANTITY_AVAILABLE,REVIEW_OPERATION_PLACEMENT,False,True
SALT-REV-0380,PHASE4-MPS-20260726202343,ALT-SETUP,PSC-SKU-BIKE-ROAD-001-20260824,SKU-BIKE-ROAD-001,ROAD-OP-030,REVIEW_REQUIRED,HIGH,NO_PREDECESSOR_OR_SHADOW_WIP_QUANTITY_AVAILABLE,REVIEW_OPERATION_PLACEMENT,False,True
SALT-REV-0381,PHASE4-MPS-20260726202343,ALT-SETUP,PSC-SKU-BIKE-ROAD-001-20260824,SKU-BIKE-ROAD-001,ROAD-OP-040,REVIEW_REQUIRED,HIGH,NO_PREDECESSOR_OR_SHADOW_WIP_QUANTITY_AVAILABLE,REVIEW_OPERATION_PLACEMENT,False,True
SALT-REV-0382,PHASE4-MPS-20260726202343,ALT-SETUP,PSC-SKU-BIKE-ROAD-001-20260824,SKU-BIKE-ROAD-001,ROAD-OP-050,REVIEW_REQUIRED,HIGH,NO_PREDECESSOR_OR_SHADOW_WIP_QUANTITY_AVAILABLE,REVIEW_OPERATION_PLACEMENT,False,True
SALT-REV-0383,PHASE4-MPS-20260726202343,ALT-SETUP,PSC-SKU-BIKE-ROAD-001-20260824,SKU-BIKE-ROAD-001,ROAD-OP-060,REVIEW_REQUIRED,HIGH,NO_PREDECESSOR_OR_SHADOW_WIP_QUANTITY_AVAILABLE,REVIEW_OPERATION_PLACEMENT,False,True
SALT-REV-0384,PHASE4-MPS-20260726202343,ALT-SETUP,PSC-SKU-BIKE-ROAD-001-20260831,SKU-BIKE-ROAD-001,ROAD-OP-010,REVIEW_REQUIRED,HIGH,OUTPUT_BUFFER_CAPACITY_BLOCK,REVIEW_OPERATION_PLACEMENT,False,True
SALT-REV-0385,PHASE4-MPS-20260726202343,ALT-SETUP,PSC-SKU-BIKE-ROAD-001-20260831,SKU-BIKE-ROAD-001,ROAD-OP-020,REVIEW_REQUIRED,HIGH,NO_PREDECESSOR_OR_SHADOW_WIP_QUANTITY_AVAILABLE,REVIEW_OPERATION_PLACEMENT,False,True
SALT-REV-0386,PHASE4-MPS-20260726202343,ALT-SETUP,PSC-SKU-BIKE-ROAD-001-20260831,SKU-BIKE-ROAD-001,ROAD-OP-030,REVIEW_REQUIRED,HIGH,NO_PREDECESSOR_OR_SHADOW_WIP_QUANTITY_AVAILABLE,REVIEW_OPERATION_PLACEMENT,False,True
SALT-REV-0387,PHASE4-MPS-20260726202343,ALT-SETUP,PSC-SKU-BIKE-ROAD-001-20260831,SKU-BIKE-ROAD-001,ROAD-OP-040,REVIEW_REQUIRED,HIGH,NO_PREDECESSOR_OR_SHADOW_WIP_QUANTITY_AVAILABLE,REVIEW_OPERATION_PLACEMENT,False,True
SALT-REV-0388,PHASE4-MPS-20260726202343,ALT-SETUP,PSC-SKU-BIKE-ROAD-001-20260831,SKU-BIKE-ROAD-001,ROAD-OP-050,REVIEW_REQUIRED,HIGH,NO_PREDECESSOR_OR_SHADOW_WIP_QUANTITY_AVAILABLE,REVIEW_OPERATION_PLACEMENT,False,True
SALT-REV-0389,PHASE4-MPS-20260726202343,ALT-SETUP,PSC-SKU-BIKE-ROAD-001-20260831,SKU-BIKE-ROAD-001,ROAD-OP-060,REVIEW_REQUIRED,HIGH,NO_PREDECESSOR_OR_SHADOW_WIP_QUANTITY_AVAILABLE,REVIEW_OPERATION_PLACEMENT,False,True
SALT-REV-0390,PHASE4-MPS-20260726202343,ALT-SETUP,PSC-SKU-BIKE-ROAD-001-20260907,SKU-BIKE-ROAD-001,ROAD-OP-010,REVIEW_REQUIRED,HIGH,OUTPUT_BUFFER_CAPACITY_BLOCK,REVIEW_OPERATION_PLACEMENT,False,True
SALT-REV-0391,PHASE4-MPS-20260726202343,ALT-SETUP,PSC-SKU-BIKE-ROAD-001-20260907,SKU-BIKE-ROAD-001,ROAD-OP-020,REVIEW_REQUIRED,HIGH,NO_PREDECESSOR_OR_SHADOW_WIP_QUANTITY_AVAILABLE,REVIEW_OPERATION_PLACEMENT,False,True
SALT-REV-0392,PHASE4-MPS-20260726202343,ALT-SETUP,PSC-SKU-BIKE-ROAD-001-20260907,SKU-BIKE-ROAD-001,ROAD-OP-030,REVIEW_REQUIRED,HIGH,NO_PREDECESSOR_OR_SHADOW_WIP_QUANTITY_AVAILABLE,REVIEW_OPERATION_PLACEMENT,False,True
SALT-REV-0393,PHASE4-MPS-20260726202343,ALT-SETUP,PSC-SKU-BIKE-ROAD-001-20260907,SKU-BIKE-ROAD-001,ROAD-OP-040,REVIEW_REQUIRED,HIGH,NO_PREDECESSOR_OR_SHADOW_WIP_QUANTITY_AVAILABLE,REVIEW_OPERATION_PLACEMENT,False,True
SALT-REV-0394,PHASE4-MPS-20260726202343,ALT-SETUP,PSC-SKU-BIKE-ROAD-001-20260907,SKU-BIKE-ROAD-001,ROAD-OP-050,REVIEW_REQUIRED,HIGH,NO_PREDECESSOR_OR_SHADOW_WIP_QUANTITY_AVAILABLE,REVIEW_OPERATION_PLACEMENT,False,True
SALT-REV-0395,PHASE4-MPS-20260726202343,ALT-SETUP,PSC-SKU-BIKE-ROAD-001-20260907,SKU-BIKE-ROAD-001,ROAD-OP-060,REVIEW_REQUIRED,HIGH,NO_PREDECESSOR_OR_SHADOW_WIP_QUANTITY_AVAILABLE,REVIEW_OPERATION_PLACEMENT,False,True
SALT-REV-0396,PHASE4-MPS-20260726202343,ALT-SETUP,PSC-SKU-BIKE-ROAD-001-20260914,SKU-BIKE-ROAD-001,ROAD-OP-010,REVIEW_REQUIRED,HIGH,OUTPUT_BUFFER_CAPACITY_BLOCK,REVIEW_OPERATION_PLACEMENT,False,True
SALT-REV-0397,PHASE4-MPS-20260726202343,ALT-SETUP,PSC-SKU-BIKE-ROAD-001-20260914,SKU-BIKE-ROAD-001,ROAD-OP-020,REVIEW_REQUIRED,HIGH,NO_PREDECESSOR_OR_SHADOW_WIP_QUANTITY_AVAILABLE,REVIEW_OPERATION_PLACEMENT,False,True
SALT-REV-0398,PHASE4-MPS-20260726202343,ALT-SETUP,PSC-SKU-BIKE-ROAD-001-20260914,SKU-BIKE-ROAD-001,ROAD-OP-030,REVIEW_REQUIRED,HIGH,NO_PREDECESSOR_OR_SHADOW_WIP_QUANTITY_AVAILABLE,REVIEW_OPERATION_PLACEMENT,False,True
SALT-REV-0399,PHASE4-MPS-20260726202343,ALT-SETUP,PSC-SKU-BIKE-ROAD-001-20260914,SKU-BIKE-ROAD-001,ROAD-OP-040,REVIEW_REQUIRED,HIGH,NO_PREDECESSOR_OR_SHADOW_WIP_QUANTITY_AVAILABLE,REVIEW_OPERATION_PLACEMENT,False,True
SALT-REV-0400,PHASE4-MPS-20260726202343,ALT-SETUP,PSC-SKU-BIKE-ROAD-001-20260914,SKU-BIKE-ROAD-001,ROAD-OP-050,REVIEW_REQUIRED,HIGH,NO_PREDECESSOR_OR_SHADOW_WIP_QUANTITY_AVAILABLE,REVIEW_OPERATION_PLACEMENT,False,True
SALT-REV-0401,PHASE4-MPS-20260726202343,ALT-SETUP,PSC-SKU-BIKE-ROAD-001-20260914,SKU-BIKE-ROAD-001,ROAD-OP-060,REVIEW_REQUIRED,HIGH,NO_PREDECESSOR_OR_SHADOW_WIP_QUANTITY_AVAILABLE,REVIEW_OPERATION_PLACEMENT,False,True
SALT-REV-0402,PHASE4-MPS-20260726202343,ALT-SETUP,PSC-SKU-BIKE-ROAD-001-20260921,SKU-BIKE-ROAD-001,ROAD-OP-010,REVIEW_REQUIRED,HIGH,OUTPUT_BUFFER_CAPACITY_BLOCK,REVIEW_OPERATION_PLACEMENT,False,True
SALT-REV-0403,PHASE4-MPS-20260726202343,ALT-SETUP,PSC-SKU-BIKE-ROAD-001-20260921,SKU-BIKE-ROAD-001,ROAD-OP-020,REVIEW_REQUIRED,HIGH,NO_PREDECESSOR_OR_SHADOW_WIP_QUANTITY_AVAILABLE,REVIEW_OPERATION_PLACEMENT,False,True
SALT-REV-0404,PHASE4-MPS-20260726202343,ALT-SETUP,PSC-SKU-BIKE-ROAD-001-20260921,SKU-BIKE-ROAD-001,ROAD-OP-030,REVIEW_REQUIRED,HIGH,NO_PREDECESSOR_OR_SHADOW_WIP_QUANTITY_AVAILABLE,REVIEW_OPERATION_PLACEMENT,False,True
SALT-REV-0405,PHASE4-MPS-20260726202343,ALT-SETUP,PSC-SKU-BIKE-ROAD-001-20260921,SKU-BIKE-ROAD-001,ROAD-OP-040,REVIEW_REQUIRED,HIGH,NO_PREDECESSOR_OR_SHADOW_WIP_QUANTITY_AVAILABLE,REVIEW_OPERATION_PLACEMENT,False,True
SALT-REV-0406,PHASE4-MPS-20260726202343,ALT-SETUP,PSC-SKU-BIKE-ROAD-001-20260921,SKU-BIKE-ROAD-001,ROAD-OP-050,REVIEW_REQUIRED,HIGH,NO_PREDECESSOR_OR_SHADOW_WIP_QUANTITY_AVAILABLE,REVIEW_OPERATION_PLACEMENT,False,True
SALT-REV-0407,PHASE4-MPS-20260726202343,ALT-SETUP,PSC-SKU-BIKE-ROAD-001-20260921,SKU-BIKE-ROAD-001,ROAD-OP-060,REVIEW_REQUIRED,HIGH,NO_PREDECESSOR_OR_SHADOW_WIP_QUANTITY_AVAILABLE,REVIEW_OPERATION_PLACEMENT,False,True
SALT-REV-0408,PHASE4-MPS-20260726202343,ALT-WIP,PSC-SKU-BIKE-MT-001-20260629,SKU-BIKE-MT-001,MT-OP-020,REVIEW_REQUIRED,HIGH,Allocated across real dated resource calendar window(s). Output buffer space reserved at completion time.,REVIEW_OPERATION_PLACEMENT,False,True
SALT-REV-0409,PHASE4-MPS-20260726202343,ALT-WIP,PSC-SKU-BIKE-MT-001-20260629,SKU-BIKE-MT-001,MT-OP-030,REVIEW_REQUIRED,HIGH,Allocated across real dated resource calendar window(s). Output buffer space reserved at completion time.,REVIEW_OPERATION_PLACEMENT,False,True
SALT-REV-0410,PHASE4-MPS-20260726202343,ALT-WIP,PSC-SKU-BIKE-MT-001-20260629,SKU-BIKE-MT-001,MT-OP-040,REVIEW_REQUIRED,HIGH,Allocated across real dated resource calendar window(s). Output buffer space reserved at completion time.,REVIEW_OPERATION_PLACEMENT,False,True
SALT-REV-0411,PHASE4-MPS-20260726202343,ALT-WIP,PSC-SKU-BIKE-MT-001-20260629,SKU-BIKE-MT-001,MT-OP-070,REVIEW_REQUIRED,HIGH,Allocated across real dated resource calendar window(s). Output buffer space reserved at completion time.,REVIEW_OPERATION_PLACEMENT,False,True
SALT-REV-0412,PHASE4-MPS-20260726202343,ALT-WIP,PSC-SKU-BIKE-ROAD-001-20260629,SKU-BIKE-ROAD-001,ROAD-OP-020,REVIEW_REQUIRED,HIGH,Allocated across real dated resource calendar window(s). Output buffer space reserved at completion time.,REVIEW_OPERATION_PLACEMENT,False,True
SALT-REV-0413,PHASE4-MPS-20260726202343,ALT-BASELINE,,,,CAPACITY_OVERLOAD,HIGH,Finite cumulative capacity could not cover the full requested workload.,REVIEW_CAPACITY,False,True
SALT-REV-0414,PHASE4-MPS-20260726202343,ALT-BASELINE,,,,CAPACITY_OVERLOAD,HIGH,Finite cumulative capacity could not cover the full requested workload.,REVIEW_CAPACITY,False,True
SALT-REV-0415,PHASE4-MPS-20260726202343,ALT-BASELINE,,,,CAPACITY_OVERLOAD,HIGH,Finite cumulative capacity could not cover the full requested workload.,REVIEW_CAPACITY,False,True
SALT-REV-0416,PHASE4-MPS-20260726202343,ALT-BASELINE,,,,CAPACITY_OVERLOAD,HIGH,Finite cumulative capacity could not cover the full requested workload.,REVIEW_CAPACITY,False,True
SALT-REV-0417,PHASE4-MPS-20260726202343,ALT-BASELINE,,,,CAPACITY_OVERLOAD,HIGH,Finite cumulative capacity could not cover the full requested workload.,REVIEW_CAPACITY,False,True
SALT-REV-0418,PHASE4-MPS-20260726202343,ALT-BASELINE,,,,CAPACITY_OVERLOAD,HIGH,Finite cumulative capacity could not cover the full requested workload.,REVIEW_CAPACITY,False,True
SALT-REV-0419,PHASE4-MPS-20260726202343,ALT-BASELINE,,,,CAPACITY_OVERLOAD,HIGH,Finite cumulative capacity could not cover the full requested workload.,REVIEW_CAPACITY,False,True
SALT-REV-0420,PHASE4-MPS-20260726202343,ALT-BASELINE,,,,CAPACITY_OVERLOAD,HIGH,Finite cumulative capacity could not cover the full requested workload.,REVIEW_CAPACITY,False,True
SALT-REV-0421,PHASE4-MPS-20260726202343,ALT-BASELINE,,,,CAPACITY_OVERLOAD,HIGH,Finite cumulative capacity could not cover the full requested workload.,REVIEW_CAPACITY,False,True
SALT-REV-0422,PHASE4-MPS-20260726202343,ALT-BASELINE,,,,CAPACITY_OVERLOAD,HIGH,Finite cumulative capacity could not cover the full requested workload.,REVIEW_CAPACITY,False,True
SALT-REV-0423,PHASE4-MPS-20260726202343,ALT-BASELINE,,,,CAPACITY_OVERLOAD,HIGH,Finite cumulative capacity could not cover the full requested workload.,REVIEW_CAPACITY,False,True
SALT-REV-0424,PHASE4-MPS-20260726202343,ALT-BASELINE,,,,CAPACITY_OVERLOAD,HIGH,Finite cumulative capacity could not cover the full requested workload.,REVIEW_CAPACITY,False,True
SALT-REV-0425,PHASE4-MPS-20260726202343,ALT-BASELINE,,,,CAPACITY_OVERLOAD,HIGH,Finite cumulative capacity could not cover the full requested workload.,REVIEW_CAPACITY,False,True
SALT-REV-0426,PHASE4-MPS-20260726202343,ALT-BASELINE,,,,CAPACITY_OVERLOAD,HIGH,Finite cumulative capacity could not cover the full requested workload.,REVIEW_CAPACITY,False,True
SALT-REV-0427,PHASE4-MPS-20260726202343,ALT-BASELINE,,,,CAPACITY_OVERLOAD,HIGH,Finite cumulative capacity could not cover the full requested workload.,REVIEW_CAPACITY,False,True
SALT-REV-0428,PHASE4-MPS-20260726202343,ALT-BASELINE,,,,CAPACITY_OVERLOAD,HIGH,Finite cumulative capacity could not cover the full requested workload.,REVIEW_CAPACITY,False,True
SALT-REV-0429,PHASE4-MPS-20260726202343,ALT-BASELINE,,,,CAPACITY_OVERLOAD,HIGH,Finite cumulative capacity could not cover the full requested workload.,REVIEW_CAPACITY,False,True
SALT-REV-0430,PHASE4-MPS-20260726202343,ALT-BASELINE,,,,CAPACITY_OVERLOAD,HIGH,Finite cumulative capacity could not cover the full requested workload.,REVIEW_CAPACITY,False,True
SALT-REV-0431,PHASE4-MPS-20260726202343,ALT-BASELINE,,,,CAPACITY_OVERLOAD,HIGH,Finite cumulative capacity could not cover the full requested workload.,REVIEW_CAPACITY,False,True
SALT-REV-0432,PHASE4-MPS-20260726202343,ALT-BASELINE,,,,CAPACITY_OVERLOAD,HIGH,Finite cumulative capacity could not cover the full requested workload.,REVIEW_CAPACITY,False,True
SALT-REV-0433,PHASE4-MPS-20260726202343,ALT-BASELINE,,,,CAPACITY_OVERLOAD,HIGH,Finite cumulative capacity could not cover the full requested workload.,REVIEW_CAPACITY,False,True
SALT-REV-0434,PHASE4-MPS-20260726202343,ALT-BASELINE,,,,CAPACITY_OVERLOAD,HIGH,Finite cumulative capacity could not cover the full requested workload.,REVIEW_CAPACITY,False,True
SALT-REV-0435,PHASE4-MPS-20260726202343,ALT-BASELINE,,,,CAPACITY_OVERLOAD,HIGH,Finite cumulative capacity could not cover the full requested workload.,REVIEW_CAPACITY,False,True
SALT-REV-0436,PHASE4-MPS-20260726202343,ALT-BASELINE,,,,CAPACITY_OVERLOAD,HIGH,Finite cumulative capacity could not cover the full requested workload.,REVIEW_CAPACITY,False,True
SALT-REV-0437,PHASE4-MPS-20260726202343,ALT-BASELINE,,,,CAPACITY_OVERLOAD,HIGH,Finite cumulative capacity could not cover the full requested workload.,REVIEW_CAPACITY,False,True
SALT-REV-0438,PHASE4-MPS-20260726202343,ALT-BASELINE,,,,CAPACITY_OVERLOAD,HIGH,Finite cumulative capacity could not cover the full requested workload.,REVIEW_CAPACITY,False,True
SALT-REV-0439,PHASE4-MPS-20260726202343,ALT-BASELINE,,,,CAPACITY_OVERLOAD,HIGH,Finite cumulative capacity could not cover the full requested workload.,REVIEW_CAPACITY,False,True
SALT-REV-0440,PHASE4-MPS-20260726202343,ALT-BASELINE,,,,CAPACITY_OVERLOAD,HIGH,Finite cumulative capacity could not cover the full requested workload.,REVIEW_CAPACITY,False,True
SALT-REV-0441,PHASE4-MPS-20260726202343,ALT-BASELINE,,,,CAPACITY_OVERLOAD,HIGH,Finite cumulative capacity could not cover the full requested workload.,REVIEW_CAPACITY,False,True
SALT-REV-0442,PHASE4-MPS-20260726202343,ALT-BASELINE,,,,CAPACITY_OVERLOAD,HIGH,Finite cumulative capacity could not cover the full requested workload.,REVIEW_CAPACITY,False,True
SALT-REV-0443,PHASE4-MPS-20260726202343,ALT-BASELINE,,,,CAPACITY_OVERLOAD,HIGH,Finite cumulative capacity could not cover the full requested workload.,REVIEW_CAPACITY,False,True
SALT-REV-0444,PHASE4-MPS-20260726202343,ALT-BASELINE,,,,CAPACITY_OVERLOAD,HIGH,Finite cumulative capacity could not cover the full requested workload.,REVIEW_CAPACITY,False,True
SALT-REV-0445,PHASE4-MPS-20260726202343,ALT-BASELINE,,,,CAPACITY_OVERLOAD,HIGH,Finite cumulative capacity could not cover the full requested workload.,REVIEW_CAPACITY,False,True
SALT-REV-0446,PHASE4-MPS-20260726202343,ALT-BASELINE,,,,CAPACITY_OVERLOAD,HIGH,Finite cumulative capacity could not cover the full requested workload.,REVIEW_CAPACITY,False,True
SALT-REV-0447,PHASE4-MPS-20260726202343,ALT-BASELINE,,,,CAPACITY_OVERLOAD,HIGH,Finite cumulative capacity could not cover the full requested workload.,REVIEW_CAPACITY,False,True
SALT-REV-0448,PHASE4-MPS-20260726202343,ALT-BASELINE,,,,CAPACITY_OVERLOAD,HIGH,Finite cumulative capacity could not cover the full requested workload.,REVIEW_CAPACITY,False,True
SALT-REV-0449,PHASE4-MPS-20260726202343,ALT-BASELINE,,,,CAPACITY_OVERLOAD,HIGH,Finite cumulative capacity could not cover the full requested workload.,REVIEW_CAPACITY,False,True
SALT-REV-0450,PHASE4-MPS-20260726202343,ALT-BASELINE,,,,CAPACITY_OVERLOAD,HIGH,Finite cumulative capacity could not cover the full requested workload.,REVIEW_CAPACITY,False,True
SALT-REV-0451,PHASE4-MPS-20260726202343,ALT-BASELINE,,,,CAPACITY_OVERLOAD,HIGH,Finite cumulative capacity could not cover the full requested workload.,REVIEW_CAPACITY,False,True
SALT-REV-0452,PHASE4-MPS-20260726202343,ALT-BASELINE,,,,CAPACITY_OVERLOAD,HIGH,Finite cumulative capacity could not cover the full requested workload.,REVIEW_CAPACITY,False,True
SALT-REV-0453,PHASE4-MPS-20260726202343,ALT-BASELINE,,,,CAPACITY_OVERLOAD,HIGH,Finite cumulative capacity could not cover the full requested workload.,REVIEW_CAPACITY,False,True
SALT-REV-0454,PHASE4-MPS-20260726202343,ALT-BASELINE,,,,CAPACITY_OVERLOAD,HIGH,Finite cumulative capacity could not cover the full requested workload.,REVIEW_CAPACITY,False,True
SALT-REV-0455,PHASE4-MPS-20260726202343,ALT-BASELINE,,,,CAPACITY_OVERLOAD,HIGH,Finite cumulative capacity could not cover the full requested workload.,REVIEW_CAPACITY,False,True
SALT-REV-0456,PHASE4-MPS-20260726202343,ALT-BASELINE,,,,CAPACITY_OVERLOAD,HIGH,Finite cumulative capacity could not cover the full requested workload.,REVIEW_CAPACITY,False,True
SALT-REV-0457,PHASE4-MPS-20260726202343,ALT-BASELINE,,,,CAPACITY_OVERLOAD,HIGH,Finite cumulative capacity could not cover the full requested workload.,REVIEW_CAPACITY,False,True
SALT-REV-0458,PHASE4-MPS-20260726202343,ALT-BASELINE,,,,CAPACITY_OVERLOAD,HIGH,Finite cumulative capacity could not cover the full requested workload.,REVIEW_CAPACITY,False,True
SALT-REV-0459,PHASE4-MPS-20260726202343,ALT-BASELINE,,,,CAPACITY_OVERLOAD,HIGH,Finite cumulative capacity could not cover the full requested workload.,REVIEW_CAPACITY,False,True
SALT-REV-0460,PHASE4-MPS-20260726202343,ALT-BASELINE,,,,CAPACITY_OVERLOAD,HIGH,Finite cumulative capacity could not cover the full requested workload.,REVIEW_CAPACITY,False,True
SALT-REV-0461,PHASE4-MPS-20260726202343,ALT-BASELINE,,,,CAPACITY_OVERLOAD,HIGH,Finite cumulative capacity could not cover the full requested workload.,REVIEW_CAPACITY,False,True
SALT-REV-0462,PHASE4-MPS-20260726202343,ALT-BASELINE,,,,CAPACITY_OVERLOAD,HIGH,Finite cumulative capacity could not cover the full requested workload.,REVIEW_CAPACITY,False,True
SALT-REV-0463,PHASE4-MPS-20260726202343,ALT-BASELINE,,,,CAPACITY_OVERLOAD,HIGH,Finite cumulative capacity could not cover the full requested workload.,REVIEW_CAPACITY,False,True
SALT-REV-0464,PHASE4-MPS-20260726202343,ALT-BASELINE,,,,CAPACITY_OVERLOAD,HIGH,Finite cumulative capacity could not cover the full requested workload.,REVIEW_CAPACITY,False,True
SALT-REV-0465,PHASE4-MPS-20260726202343,ALT-BASELINE,,,,CAPACITY_OVERLOAD,HIGH,Finite cumulative capacity could not cover the full requested workload.,REVIEW_CAPACITY,False,True
SALT-REV-0466,PHASE4-MPS-20260726202343,ALT-BASELINE,,,,CAPACITY_OVERLOAD,HIGH,Finite cumulative capacity could not cover the full requested workload.,REVIEW_CAPACITY,False,True
SALT-REV-0467,PHASE4-MPS-20260726202343,ALT-BASELINE,,,,CAPACITY_OVERLOAD,HIGH,Finite cumulative capacity could not cover the full requested workload.,REVIEW_CAPACITY,False,True
SALT-REV-0468,PHASE4-MPS-20260726202343,ALT-BASELINE,,,,CAPACITY_OVERLOAD,HIGH,Finite cumulative capacity could not cover the full requested workload.,REVIEW_CAPACITY,False,True
SALT-REV-0469,PHASE4-MPS-20260726202343,ALT-BASELINE,,,,CAPACITY_OVERLOAD,HIGH,Finite cumulative capacity could not cover the full requested workload.,REVIEW_CAPACITY,False,True
SALT-REV-0470,PHASE4-MPS-20260726202343,ALT-BASELINE,,,,CAPACITY_OVERLOAD,HIGH,Finite cumulative capacity could not cover the full requested workload.,REVIEW_CAPACITY,False,True
SALT-REV-0471,PHASE4-MPS-20260726202343,ALT-BASELINE,,,,CAPACITY_OVERLOAD,HIGH,Finite cumulative capacity could not cover the full requested workload.,REVIEW_CAPACITY,False,True
SALT-REV-0472,PHASE4-MPS-20260726202343,ALT-BASELINE,,,,CAPACITY_OVERLOAD,HIGH,Finite cumulative capacity could not cover the full requested workload.,REVIEW_CAPACITY,False,True
SALT-REV-0473,PHASE4-MPS-20260726202343,ALT-BASELINE,,,,CAPACITY_OVERLOAD,HIGH,Finite cumulative capacity could not cover the full requested workload.,REVIEW_CAPACITY,False,True
SALT-REV-0474,PHASE4-MPS-20260726202343,ALT-BASELINE,,,,CAPACITY_OVERLOAD,HIGH,Finite cumulative capacity could not cover the full requested workload.,REVIEW_CAPACITY,False,True
SALT-REV-0475,PHASE4-MPS-20260726202343,ALT-BASELINE,,,,CAPACITY_OVERLOAD,HIGH,Finite cumulative capacity could not cover the full requested workload.,REVIEW_CAPACITY,False,True
SALT-REV-0476,PHASE4-MPS-20260726202343,ALT-BASELINE,,,,CAPACITY_OVERLOAD,HIGH,Finite cumulative capacity could not cover the full requested workload.,REVIEW_CAPACITY,False,True
SALT-REV-0477,PHASE4-MPS-20260726202343,ALT-BASELINE,,,,CAPACITY_OVERLOAD,HIGH,Finite cumulative capacity could not cover the full requested workload.,REVIEW_CAPACITY,False,True
SALT-REV-0478,PHASE4-MPS-20260726202343,ALT-BASELINE,,,,CAPACITY_OVERLOAD,HIGH,Finite cumulative capacity could not cover the full requested workload.,REVIEW_CAPACITY,False,True
SALT-REV-0479,PHASE4-MPS-20260726202343,ALT-BASELINE,,,,CAPACITY_OVERLOAD,HIGH,Finite cumulative capacity could not cover the full requested workload.,REVIEW_CAPACITY,False,True
SALT-REV-0480,PHASE4-MPS-20260726202343,ALT-BASELINE,,,,CAPACITY_OVERLOAD,HIGH,Finite cumulative capacity could not cover the full requested workload.,REVIEW_CAPACITY,False,True
SALT-REV-0481,PHASE4-MPS-20260726202343,ALT-BASELINE,,,,CAPACITY_OVERLOAD,HIGH,Finite cumulative capacity could not cover the full requested workload.,REVIEW_CAPACITY,False,True
SALT-REV-0482,PHASE4-MPS-20260726202343,ALT-BASELINE,,,,CAPACITY_OVERLOAD,HIGH,Finite cumulative capacity could not cover the full requested workload.,REVIEW_CAPACITY,False,True
SALT-REV-0483,PHASE4-MPS-20260726202343,ALT-BASELINE,,,,CAPACITY_OVERLOAD,HIGH,Finite cumulative capacity could not cover the full requested workload.,REVIEW_CAPACITY,False,True
SALT-REV-0484,PHASE4-MPS-20260726202343,ALT-BASELINE,,,,CAPACITY_OVERLOAD,HIGH,Finite cumulative capacity could not cover the full requested workload.,REVIEW_CAPACITY,False,True
SALT-REV-0485,PHASE4-MPS-20260726202343,ALT-BASELINE,,,,CAPACITY_OVERLOAD,HIGH,Finite cumulative capacity could not cover the full requested workload.,REVIEW_CAPACITY,False,True
SALT-REV-0486,PHASE4-MPS-20260726202343,ALT-BASELINE,,,,CAPACITY_OVERLOAD,HIGH,Finite cumulative capacity could not cover the full requested workload.,REVIEW_CAPACITY,False,True
SALT-REV-0487,PHASE4-MPS-20260726202343,ALT-BASELINE,,,,CAPACITY_OVERLOAD,HIGH,Finite cumulative capacity could not cover the full requested workload.,REVIEW_CAPACITY,False,True
SALT-REV-0488,PHASE4-MPS-20260726202343,ALT-BASELINE,,,,CAPACITY_OVERLOAD,HIGH,Finite cumulative capacity could not cover the full requested workload.,REVIEW_CAPACITY,False,True
SALT-REV-0489,PHASE4-MPS-20260726202343,ALT-BASELINE,,,,CAPACITY_OVERLOAD,HIGH,Finite cumulative capacity could not cover the full requested workload.,REVIEW_CAPACITY,False,True
SALT-REV-0490,PHASE4-MPS-20260726202343,ALT-BASELINE,,,,CAPACITY_OVERLOAD,HIGH,Finite cumulative capacity could not cover the full requested workload.,REVIEW_CAPACITY,False,True
SALT-REV-0491,PHASE4-MPS-20260726202343,ALT-BASELINE,,,,CAPACITY_OVERLOAD,HIGH,Finite cumulative capacity could not cover the full requested workload.,REVIEW_CAPACITY,False,True
SALT-REV-0492,PHASE4-MPS-20260726202343,ALT-BN-CP,,,,CAPACITY_OVERLOAD,HIGH,Finite cumulative capacity could not cover the full requested workload.,REVIEW_CAPACITY,False,True
SALT-REV-0493,PHASE4-MPS-20260726202343,ALT-BN-CP,,,,CAPACITY_OVERLOAD,HIGH,Finite cumulative capacity could not cover the full requested workload.,REVIEW_CAPACITY,False,True
SALT-REV-0494,PHASE4-MPS-20260726202343,ALT-BN-CP,,,,CAPACITY_OVERLOAD,HIGH,Finite cumulative capacity could not cover the full requested workload.,REVIEW_CAPACITY,False,True
SALT-REV-0495,PHASE4-MPS-20260726202343,ALT-BN-CP,,,,CAPACITY_OVERLOAD,HIGH,Finite cumulative capacity could not cover the full requested workload.,REVIEW_CAPACITY,False,True
SALT-REV-0496,PHASE4-MPS-20260726202343,ALT-BN-CP,,,,CAPACITY_OVERLOAD,HIGH,Finite cumulative capacity could not cover the full requested workload.,REVIEW_CAPACITY,False,True
SALT-REV-0497,PHASE4-MPS-20260726202343,ALT-BN-CP,,,,CAPACITY_OVERLOAD,HIGH,Finite cumulative capacity could not cover the full requested workload.,REVIEW_CAPACITY,False,True
SALT-REV-0498,PHASE4-MPS-20260726202343,ALT-BN-CP,,,,CAPACITY_OVERLOAD,HIGH,Finite cumulative capacity could not cover the full requested workload.,REVIEW_CAPACITY,False,True
SALT-REV-0499,PHASE4-MPS-20260726202343,ALT-BN-CP,,,,CAPACITY_OVERLOAD,HIGH,Finite cumulative capacity could not cover the full requested workload.,REVIEW_CAPACITY,False,True
SALT-REV-0500,PHASE4-MPS-20260726202343,ALT-BN-CP,,,,CAPACITY_OVERLOAD,HIGH,Finite cumulative capacity could not cover the full requested workload.,REVIEW_CAPACITY,False,True
SALT-REV-0501,PHASE4-MPS-20260726202343,ALT-BN-CP,,,,CAPACITY_OVERLOAD,HIGH,Finite cumulative capacity could not cover the full requested workload.,REVIEW_CAPACITY,False,True
SALT-REV-0502,PHASE4-MPS-20260726202343,ALT-BN-CP,,,,CAPACITY_OVERLOAD,HIGH,Finite cumulative capacity could not cover the full requested workload.,REVIEW_CAPACITY,False,True
SALT-REV-0503,PHASE4-MPS-20260726202343,ALT-BN-CP,,,,CAPACITY_OVERLOAD,HIGH,Finite cumulative capacity could not cover the full requested workload.,REVIEW_CAPACITY,False,True
SALT-REV-0504,PHASE4-MPS-20260726202343,ALT-BN-CP,,,,CAPACITY_OVERLOAD,HIGH,Finite cumulative capacity could not cover the full requested workload.,REVIEW_CAPACITY,False,True
SALT-REV-0505,PHASE4-MPS-20260726202343,ALT-BN-CP,,,,CAPACITY_OVERLOAD,HIGH,Finite cumulative capacity could not cover the full requested workload.,REVIEW_CAPACITY,False,True
SALT-REV-0506,PHASE4-MPS-20260726202343,ALT-BN-CP,,,,CAPACITY_OVERLOAD,HIGH,Finite cumulative capacity could not cover the full requested workload.,REVIEW_CAPACITY,False,True
SALT-REV-0507,PHASE4-MPS-20260726202343,ALT-BN-CP,,,,CAPACITY_OVERLOAD,HIGH,Finite cumulative capacity could not cover the full requested workload.,REVIEW_CAPACITY,False,True
SALT-REV-0508,PHASE4-MPS-20260726202343,ALT-BN-CP,,,,CAPACITY_OVERLOAD,HIGH,Finite cumulative capacity could not cover the full requested workload.,REVIEW_CAPACITY,False,True
SALT-REV-0509,PHASE4-MPS-20260726202343,ALT-BN-CP,,,,CAPACITY_OVERLOAD,HIGH,Finite cumulative capacity could not cover the full requested workload.,REVIEW_CAPACITY,False,True
SALT-REV-0510,PHASE4-MPS-20260726202343,ALT-BN-CP,,,,CAPACITY_OVERLOAD,HIGH,Finite cumulative capacity could not cover the full requested workload.,REVIEW_CAPACITY,False,True
SALT-REV-0511,PHASE4-MPS-20260726202343,ALT-BN-CP,,,,CAPACITY_OVERLOAD,HIGH,Finite cumulative capacity could not cover the full requested workload.,REVIEW_CAPACITY,False,True
SALT-REV-0512,PHASE4-MPS-20260726202343,ALT-BN-CP,,,,CAPACITY_OVERLOAD,HIGH,Finite cumulative capacity could not cover the full requested workload.,REVIEW_CAPACITY,False,True
SALT-REV-0513,PHASE4-MPS-20260726202343,ALT-BN-CP,,,,CAPACITY_OVERLOAD,HIGH,Finite cumulative capacity could not cover the full requested workload.,REVIEW_CAPACITY,False,True
SALT-REV-0514,PHASE4-MPS-20260726202343,ALT-BN-CP,,,,CAPACITY_OVERLOAD,HIGH,Finite cumulative capacity could not cover the full requested workload.,REVIEW_CAPACITY,False,True
SALT-REV-0515,PHASE4-MPS-20260726202343,ALT-BN-CP,,,,CAPACITY_OVERLOAD,HIGH,Finite cumulative capacity could not cover the full requested workload.,REVIEW_CAPACITY,False,True
SALT-REV-0516,PHASE4-MPS-20260726202343,ALT-BN-CP,,,,CAPACITY_OVERLOAD,HIGH,Finite cumulative capacity could not cover the full requested workload.,REVIEW_CAPACITY,False,True
SALT-REV-0517,PHASE4-MPS-20260726202343,ALT-BN-CP,,,,CAPACITY_OVERLOAD,HIGH,Finite cumulative capacity could not cover the full requested workload.,REVIEW_CAPACITY,False,True
SALT-REV-0518,PHASE4-MPS-20260726202343,ALT-BN-CP,,,,CAPACITY_OVERLOAD,HIGH,Finite cumulative capacity could not cover the full requested workload.,REVIEW_CAPACITY,False,True
SALT-REV-0519,PHASE4-MPS-20260726202343,ALT-BN-CP,,,,CAPACITY_OVERLOAD,HIGH,Finite cumulative capacity could not cover the full requested workload.,REVIEW_CAPACITY,False,True
SALT-REV-0520,PHASE4-MPS-20260726202343,ALT-BN-CP,,,,CAPACITY_OVERLOAD,HIGH,Finite cumulative capacity could not cover the full requested workload.,REVIEW_CAPACITY,False,True
SALT-REV-0521,PHASE4-MPS-20260726202343,ALT-BN-CP,,,,CAPACITY_OVERLOAD,HIGH,Finite cumulative capacity could not cover the full requested workload.,REVIEW_CAPACITY,False,True
SALT-REV-0522,PHASE4-MPS-20260726202343,ALT-BN-CP,,,,CAPACITY_OVERLOAD,HIGH,Finite cumulative capacity could not cover the full requested workload.,REVIEW_CAPACITY,False,True
SALT-REV-0523,PHASE4-MPS-20260726202343,ALT-BN-CP,,,,CAPACITY_OVERLOAD,HIGH,Finite cumulative capacity could not cover the full requested workload.,REVIEW_CAPACITY,False,True
SALT-REV-0524,PHASE4-MPS-20260726202343,ALT-BN-CP,,,,CAPACITY_OVERLOAD,HIGH,Finite cumulative capacity could not cover the full requested workload.,REVIEW_CAPACITY,False,True
SALT-REV-0525,PHASE4-MPS-20260726202343,ALT-BN-CP,,,,CAPACITY_OVERLOAD,HIGH,Finite cumulative capacity could not cover the full requested workload.,REVIEW_CAPACITY,False,True
SALT-REV-0526,PHASE4-MPS-20260726202343,ALT-BN-CP,,,,CAPACITY_OVERLOAD,HIGH,Finite cumulative capacity could not cover the full requested workload.,REVIEW_CAPACITY,False,True
SALT-REV-0527,PHASE4-MPS-20260726202343,ALT-BN-CP,,,,CAPACITY_OVERLOAD,HIGH,Finite cumulative capacity could not cover the full requested workload.,REVIEW_CAPACITY,False,True
SALT-REV-0528,PHASE4-MPS-20260726202343,ALT-BN-CP,,,,CAPACITY_OVERLOAD,HIGH,Finite cumulative capacity could not cover the full requested workload.,REVIEW_CAPACITY,False,True
SALT-REV-0529,PHASE4-MPS-20260726202343,ALT-BN-CP,,,,CAPACITY_OVERLOAD,HIGH,Finite cumulative capacity could not cover the full requested workload.,REVIEW_CAPACITY,False,True
SALT-REV-0530,PHASE4-MPS-20260726202343,ALT-BN-CP,,,,CAPACITY_OVERLOAD,HIGH,Finite cumulative capacity could not cover the full requested workload.,REVIEW_CAPACITY,False,True
SALT-REV-0531,PHASE4-MPS-20260726202343,ALT-BN-CP,,,,CAPACITY_OVERLOAD,HIGH,Finite cumulative capacity could not cover the full requested workload.,REVIEW_CAPACITY,False,True
SALT-REV-0532,PHASE4-MPS-20260726202343,ALT-BN-CP,,,,CAPACITY_OVERLOAD,HIGH,Finite cumulative capacity could not cover the full requested workload.,REVIEW_CAPACITY,False,True
SALT-REV-0533,PHASE4-MPS-20260726202343,ALT-BN-CP,,,,CAPACITY_OVERLOAD,HIGH,Finite cumulative capacity could not cover the full requested workload.,REVIEW_CAPACITY,False,True
SALT-REV-0534,PHASE4-MPS-20260726202343,ALT-BN-CP,,,,CAPACITY_OVERLOAD,HIGH,Finite cumulative capacity could not cover the full requested workload.,REVIEW_CAPACITY,False,True
SALT-REV-0535,PHASE4-MPS-20260726202343,ALT-BN-CP,,,,CAPACITY_OVERLOAD,HIGH,Finite cumulative capacity could not cover the full requested workload.,REVIEW_CAPACITY,False,True
SALT-REV-0536,PHASE4-MPS-20260726202343,ALT-BN-CP,,,,CAPACITY_OVERLOAD,HIGH,Finite cumulative capacity could not cover the full requested workload.,REVIEW_CAPACITY,False,True
SALT-REV-0537,PHASE4-MPS-20260726202343,ALT-BN-CP,,,,CAPACITY_OVERLOAD,HIGH,Finite cumulative capacity could not cover the full requested workload.,REVIEW_CAPACITY,False,True
SALT-REV-0538,PHASE4-MPS-20260726202343,ALT-BN-CP,,,,CAPACITY_OVERLOAD,HIGH,Finite cumulative capacity could not cover the full requested workload.,REVIEW_CAPACITY,False,True
SALT-REV-0539,PHASE4-MPS-20260726202343,ALT-BN-CP,,,,CAPACITY_OVERLOAD,HIGH,Finite cumulative capacity could not cover the full requested workload.,REVIEW_CAPACITY,False,True
SALT-REV-0540,PHASE4-MPS-20260726202343,ALT-BN-CP,,,,CAPACITY_OVERLOAD,HIGH,Finite cumulative capacity could not cover the full requested workload.,REVIEW_CAPACITY,False,True
SALT-REV-0541,PHASE4-MPS-20260726202343,ALT-BN-CP,,,,CAPACITY_OVERLOAD,HIGH,Finite cumulative capacity could not cover the full requested workload.,REVIEW_CAPACITY,False,True
SALT-REV-0542,PHASE4-MPS-20260726202343,ALT-BN-CP,,,,CAPACITY_OVERLOAD,HIGH,Finite cumulative capacity could not cover the full requested workload.,REVIEW_CAPACITY,False,True
SALT-REV-0543,PHASE4-MPS-20260726202343,ALT-BN-CP,,,,CAPACITY_OVERLOAD,HIGH,Finite cumulative capacity could not cover the full requested workload.,REVIEW_CAPACITY,False,True
SALT-REV-0544,PHASE4-MPS-20260726202343,ALT-BN-CP,,,,CAPACITY_OVERLOAD,HIGH,Finite cumulative capacity could not cover the full requested workload.,REVIEW_CAPACITY,False,True
SALT-REV-0545,PHASE4-MPS-20260726202343,ALT-BN-CP,,,,CAPACITY_OVERLOAD,HIGH,Finite cumulative capacity could not cover the full requested workload.,REVIEW_CAPACITY,False,True
SALT-REV-0546,PHASE4-MPS-20260726202343,ALT-BN-CP,,,,CAPACITY_OVERLOAD,HIGH,Finite cumulative capacity could not cover the full requested workload.,REVIEW_CAPACITY,False,True
SALT-REV-0547,PHASE4-MPS-20260726202343,ALT-BN-CP,,,,CAPACITY_OVERLOAD,HIGH,Finite cumulative capacity could not cover the full requested workload.,REVIEW_CAPACITY,False,True
SALT-REV-0548,PHASE4-MPS-20260726202343,ALT-BN-CP,,,,CAPACITY_OVERLOAD,HIGH,Finite cumulative capacity could not cover the full requested workload.,REVIEW_CAPACITY,False,True
SALT-REV-0549,PHASE4-MPS-20260726202343,ALT-BN-CP,,,,CAPACITY_OVERLOAD,HIGH,Finite cumulative capacity could not cover the full requested workload.,REVIEW_CAPACITY,False,True
SALT-REV-0550,PHASE4-MPS-20260726202343,ALT-BN-CP,,,,CAPACITY_OVERLOAD,HIGH,Finite cumulative capacity could not cover the full requested workload.,REVIEW_CAPACITY,False,True
SALT-REV-0551,PHASE4-MPS-20260726202343,ALT-BN-CP,,,,CAPACITY_OVERLOAD,HIGH,Finite cumulative capacity could not cover the full requested workload.,REVIEW_CAPACITY,False,True
SALT-REV-0552,PHASE4-MPS-20260726202343,ALT-BN-CP,,,,CAPACITY_OVERLOAD,HIGH,Finite cumulative capacity could not cover the full requested workload.,REVIEW_CAPACITY,False,True
SALT-REV-0553,PHASE4-MPS-20260726202343,ALT-BN-CP,,,,CAPACITY_OVERLOAD,HIGH,Finite cumulative capacity could not cover the full requested workload.,REVIEW_CAPACITY,False,True
SALT-REV-0554,PHASE4-MPS-20260726202343,ALT-BN-CP,,,,CAPACITY_OVERLOAD,HIGH,Finite cumulative capacity could not cover the full requested workload.,REVIEW_CAPACITY,False,True
SALT-REV-0555,PHASE4-MPS-20260726202343,ALT-BN-CP,,,,CAPACITY_OVERLOAD,HIGH,Finite cumulative capacity could not cover the full requested workload.,REVIEW_CAPACITY,False,True
SALT-REV-0556,PHASE4-MPS-20260726202343,ALT-BN-CP,,,,CAPACITY_OVERLOAD,HIGH,Finite cumulative capacity could not cover the full requested workload.,REVIEW_CAPACITY,False,True
SALT-REV-0557,PHASE4-MPS-20260726202343,ALT-BN-CP,,,,CAPACITY_OVERLOAD,HIGH,Finite cumulative capacity could not cover the full requested workload.,REVIEW_CAPACITY,False,True
SALT-REV-0558,PHASE4-MPS-20260726202343,ALT-BN-CP,,,,CAPACITY_OVERLOAD,HIGH,Finite cumulative capacity could not cover the full requested workload.,REVIEW_CAPACITY,False,True
SALT-REV-0559,PHASE4-MPS-20260726202343,ALT-BN-CP,,,,CAPACITY_OVERLOAD,HIGH,Finite cumulative capacity could not cover the full requested workload.,REVIEW_CAPACITY,False,True
SALT-REV-0560,PHASE4-MPS-20260726202343,ALT-BN-CP,,,,CAPACITY_OVERLOAD,HIGH,Finite cumulative capacity could not cover the full requested workload.,REVIEW_CAPACITY,False,True
SALT-REV-0561,PHASE4-MPS-20260726202343,ALT-BN-CP,,,,CAPACITY_OVERLOAD,HIGH,Finite cumulative capacity could not cover the full requested workload.,REVIEW_CAPACITY,False,True
SALT-REV-0562,PHASE4-MPS-20260726202343,ALT-BN-CP,,,,CAPACITY_OVERLOAD,HIGH,Finite cumulative capacity could not cover the full requested workload.,REVIEW_CAPACITY,False,True
SALT-REV-0563,PHASE4-MPS-20260726202343,ALT-BN-CP,,,,CAPACITY_OVERLOAD,HIGH,Finite cumulative capacity could not cover the full requested workload.,REVIEW_CAPACITY,False,True
SALT-REV-0564,PHASE4-MPS-20260726202343,ALT-BN-CP,,,,CAPACITY_OVERLOAD,HIGH,Finite cumulative capacity could not cover the full requested workload.,REVIEW_CAPACITY,False,True
SALT-REV-0565,PHASE4-MPS-20260726202343,ALT-BN-CP,,,,CAPACITY_OVERLOAD,HIGH,Finite cumulative capacity could not cover the full requested workload.,REVIEW_CAPACITY,False,True
SALT-REV-0566,PHASE4-MPS-20260726202343,ALT-BN-CP,,,,CAPACITY_OVERLOAD,HIGH,Finite cumulative capacity could not cover the full requested workload.,REVIEW_CAPACITY,False,True
SALT-REV-0567,PHASE4-MPS-20260726202343,ALT-BN-CP,,,,CAPACITY_OVERLOAD,HIGH,Finite cumulative capacity could not cover the full requested workload.,REVIEW_CAPACITY,False,True
SALT-REV-0568,PHASE4-MPS-20260726202343,ALT-BN-CP,,,,CAPACITY_OVERLOAD,HIGH,Finite cumulative capacity could not cover the full requested workload.,REVIEW_CAPACITY,False,True
SALT-REV-0569,PHASE4-MPS-20260726202343,ALT-BN-CP,,,,CAPACITY_OVERLOAD,HIGH,Finite cumulative capacity could not cover the full requested workload.,REVIEW_CAPACITY,False,True
SALT-REV-0570,PHASE4-MPS-20260726202343,ALT-BN-CP,,,,CAPACITY_OVERLOAD,HIGH,Finite cumulative capacity could not cover the full requested workload.,REVIEW_CAPACITY,False,True
SALT-REV-0571,PHASE4-MPS-20260726202343,ALT-BN-CP,,,,CAPACITY_OVERLOAD,HIGH,Finite cumulative capacity could not cover the full requested workload.,REVIEW_CAPACITY,False,True
SALT-REV-0572,PHASE4-MPS-20260726202343,ALT-BN-CP,,,,CAPACITY_OVERLOAD,HIGH,Finite cumulative capacity could not cover the full requested workload.,REVIEW_CAPACITY,False,True
SALT-REV-0573,PHASE4-MPS-20260726202343,ALT-BN-CP,,,,CAPACITY_OVERLOAD,HIGH,Finite cumulative capacity could not cover the full requested workload.,REVIEW_CAPACITY,False,True
SALT-REV-0574,PHASE4-MPS-20260726202343,ALT-BN-CP,,,,CAPACITY_OVERLOAD,HIGH,Finite cumulative capacity could not cover the full requested workload.,REVIEW_CAPACITY,False,True
SALT-REV-0575,PHASE4-MPS-20260726202343,ALT-BN-CP,,,,CAPACITY_OVERLOAD,HIGH,Finite cumulative capacity could not cover the full requested workload.,REVIEW_CAPACITY,False,True
SALT-REV-0576,PHASE4-MPS-20260726202343,ALT-BN-CP,,,,CAPACITY_OVERLOAD,HIGH,Finite cumulative capacity could not cover the full requested workload.,REVIEW_CAPACITY,False,True
SALT-REV-0577,PHASE4-MPS-20260726202343,ALT-BN-CP,,,,CAPACITY_OVERLOAD,HIGH,Finite cumulative capacity could not cover the full requested workload.,REVIEW_CAPACITY,False,True
SALT-REV-0578,PHASE4-MPS-20260726202343,ALT-BN-CP,,,,CAPACITY_OVERLOAD,HIGH,Finite cumulative capacity could not cover the full requested workload.,REVIEW_CAPACITY,False,True
SALT-REV-0579,PHASE4-MPS-20260726202343,ALT-BN-CP,,,,CAPACITY_OVERLOAD,HIGH,Finite cumulative capacity could not cover the full requested workload.,REVIEW_CAPACITY,False,True
SALT-REV-0580,PHASE4-MPS-20260726202343,ALT-BN-CP,,,,CAPACITY_OVERLOAD,HIGH,Finite cumulative capacity could not cover the full requested workload.,REVIEW_CAPACITY,False,True
SALT-REV-0581,PHASE4-MPS-20260726202343,ALT-BN-CP,,,,CAPACITY_OVERLOAD,HIGH,Finite cumulative capacity could not cover the full requested workload.,REVIEW_CAPACITY,False,True
SALT-REV-0582,PHASE4-MPS-20260726202343,ALT-BN-CP,,,,CAPACITY_OVERLOAD,HIGH,Finite cumulative capacity could not cover the full requested workload.,REVIEW_CAPACITY,False,True
SALT-REV-0583,PHASE4-MPS-20260726202343,ALT-BN-CP,,,,CAPACITY_OVERLOAD,HIGH,Finite cumulative capacity could not cover the full requested workload.,REVIEW_CAPACITY,False,True
SALT-REV-0584,PHASE4-MPS-20260726202343,ALT-BN-CP,,,,CAPACITY_OVERLOAD,HIGH,Finite cumulative capacity could not cover the full requested workload.,REVIEW_CAPACITY,False,True
SALT-REV-0585,PHASE4-MPS-20260726202343,ALT-BN-CP,,,,CAPACITY_OVERLOAD,HIGH,Finite cumulative capacity could not cover the full requested workload.,REVIEW_CAPACITY,False,True
SALT-REV-0586,PHASE4-MPS-20260726202343,ALT-BN-CP,,,,CAPACITY_OVERLOAD,HIGH,Finite cumulative capacity could not cover the full requested workload.,REVIEW_CAPACITY,False,True
SALT-REV-0587,PHASE4-MPS-20260726202343,ALT-BN-CP,,,,CAPACITY_OVERLOAD,HIGH,Finite cumulative capacity could not cover the full requested workload.,REVIEW_CAPACITY,False,True
SALT-REV-0588,PHASE4-MPS-20260726202343,ALT-BN-CP,,,,CAPACITY_OVERLOAD,HIGH,Finite cumulative capacity could not cover the full requested workload.,REVIEW_CAPACITY,False,True
SALT-REV-0589,PHASE4-MPS-20260726202343,ALT-BN-CP,,,,CAPACITY_OVERLOAD,HIGH,Finite cumulative capacity could not cover the full requested workload.,REVIEW_CAPACITY,False,True
SALT-REV-0590,PHASE4-MPS-20260726202343,ALT-BN-CP,,,,CAPACITY_OVERLOAD,HIGH,Finite cumulative capacity could not cover the full requested workload.,REVIEW_CAPACITY,False,True
SALT-REV-0591,PHASE4-MPS-20260726202343,ALT-BN-CP,,,,CAPACITY_OVERLOAD,HIGH,Finite cumulative capacity could not cover the full requested workload.,REVIEW_CAPACITY,False,True
SALT-REV-0592,PHASE4-MPS-20260726202343,ALT-BN-CP,,,,CAPACITY_OVERLOAD,HIGH,Finite cumulative capacity could not cover the full requested workload.,REVIEW_CAPACITY,False,True
SALT-REV-0593,PHASE4-MPS-20260726202343,ALT-BN-CP,,,,CAPACITY_OVERLOAD,HIGH,Finite cumulative capacity could not cover the full requested workload.,REVIEW_CAPACITY,False,True
SALT-REV-0594,PHASE4-MPS-20260726202343,ALT-BN-CP,,,,CAPACITY_OVERLOAD,HIGH,Finite cumulative capacity could not cover the full requested workload.,REVIEW_CAPACITY,False,True
SALT-REV-0595,PHASE4-MPS-20260726202343,ALT-BN-CP,,,,CAPACITY_OVERLOAD,HIGH,Finite cumulative capacity could not cover the full requested workload.,REVIEW_CAPACITY,False,True
SALT-REV-0596,PHASE4-MPS-20260726202343,ALT-BN-CP,,,,CAPACITY_OVERLOAD,HIGH,Finite cumulative capacity could not cover the full requested workload.,REVIEW_CAPACITY,False,True
SALT-REV-0597,PHASE4-MPS-20260726202343,ALT-BN-CP,,,,CAPACITY_OVERLOAD,HIGH,Finite cumulative capacity could not cover the full requested workload.,REVIEW_CAPACITY,False,True
SALT-REV-0598,PHASE4-MPS-20260726202343,ALT-BN-CP,,,,CAPACITY_OVERLOAD,HIGH,Finite cumulative capacity could not cover the full requested workload.,REVIEW_CAPACITY,False,True
SALT-REV-0599,PHASE4-MPS-20260726202343,ALT-BN-CP,,,,CAPACITY_OVERLOAD,HIGH,Finite cumulative capacity could not cover the full requested workload.,REVIEW_CAPACITY,False,True
SALT-REV-0600,PHASE4-MPS-20260726202343,ALT-BN-CP,,,,CAPACITY_OVERLOAD,HIGH,Finite cumulative capacity could not cover the full requested workload.,REVIEW_CAPACITY,False,True
SALT-REV-0601,PHASE4-MPS-20260726202343,ALT-BN-CP,,,,CAPACITY_OVERLOAD,HIGH,Finite cumulative capacity could not cover the full requested workload.,REVIEW_CAPACITY,False,True
SALT-REV-0602,PHASE4-MPS-20260726202343,ALT-BN-CP,,,,CAPACITY_OVERLOAD,HIGH,Finite cumulative capacity could not cover the full requested workload.,REVIEW_CAPACITY,False,True
SALT-REV-0603,PHASE4-MPS-20260726202343,ALT-BN-CP,,,,CAPACITY_OVERLOAD,HIGH,Finite cumulative capacity could not cover the full requested workload.,REVIEW_CAPACITY,False,True
SALT-REV-0604,PHASE4-MPS-20260726202343,ALT-BN-CP,,,,CAPACITY_OVERLOAD,HIGH,Finite cumulative capacity could not cover the full requested workload.,REVIEW_CAPACITY,False,True
SALT-REV-0605,PHASE4-MPS-20260726202343,ALT-BN-CP,,,,CAPACITY_OVERLOAD,HIGH,Finite cumulative capacity could not cover the full requested workload.,REVIEW_CAPACITY,False,True
SALT-REV-0606,PHASE4-MPS-20260726202343,ALT-BN-CP,,,,CAPACITY_OVERLOAD,HIGH,Finite cumulative capacity could not cover the full requested workload.,REVIEW_CAPACITY,False,True
SALT-REV-0607,PHASE4-MPS-20260726202343,ALT-BN-CP,,,,CAPACITY_OVERLOAD,HIGH,Finite cumulative capacity could not cover the full requested workload.,REVIEW_CAPACITY,False,True
SALT-REV-0608,PHASE4-MPS-20260726202343,ALT-BN-CP,,,,CAPACITY_OVERLOAD,HIGH,Finite cumulative capacity could not cover the full requested workload.,REVIEW_CAPACITY,False,True
SALT-REV-0609,PHASE4-MPS-20260726202343,ALT-BN-CP,,,,CAPACITY_OVERLOAD,HIGH,Finite cumulative capacity could not cover the full requested workload.,REVIEW_CAPACITY,False,True
SALT-REV-0610,PHASE4-MPS-20260726202343,ALT-BN-CP,,,,CAPACITY_OVERLOAD,HIGH,Finite cumulative capacity could not cover the full requested workload.,REVIEW_CAPACITY,False,True
SALT-REV-0611,PHASE4-MPS-20260726202343,ALT-BN-CP,,,,CAPACITY_OVERLOAD,HIGH,Finite cumulative capacity could not cover the full requested workload.,REVIEW_CAPACITY,False,True
SALT-REV-0612,PHASE4-MPS-20260726202343,ALT-BN-CP,,,,CAPACITY_OVERLOAD,HIGH,Finite cumulative capacity could not cover the full requested workload.,REVIEW_CAPACITY,False,True
SALT-REV-0613,PHASE4-MPS-20260726202343,ALT-BN-CP,,,,CAPACITY_OVERLOAD,HIGH,Finite cumulative capacity could not cover the full requested workload.,REVIEW_CAPACITY,False,True
SALT-REV-0614,PHASE4-MPS-20260726202343,ALT-BN-CP,,,,CAPACITY_OVERLOAD,HIGH,Finite cumulative capacity could not cover the full requested workload.,REVIEW_CAPACITY,False,True
SALT-REV-0615,PHASE4-MPS-20260726202343,ALT-BN-CP,,,,CAPACITY_OVERLOAD,HIGH,Finite cumulative capacity could not cover the full requested workload.,REVIEW_CAPACITY,False,True
SALT-REV-0616,PHASE4-MPS-20260726202343,ALT-BN-CP,,,,CAPACITY_OVERLOAD,HIGH,Finite cumulative capacity could not cover the full requested workload.,REVIEW_CAPACITY,False,True
SALT-REV-0617,PHASE4-MPS-20260726202343,ALT-BN-CP,,,,CAPACITY_OVERLOAD,HIGH,Finite cumulative capacity could not cover the full requested workload.,REVIEW_CAPACITY,False,True
SALT-REV-0618,PHASE4-MPS-20260726202343,ALT-BN-CP,,,,CAPACITY_OVERLOAD,HIGH,Finite cumulative capacity could not cover the full requested workload.,REVIEW_CAPACITY,False,True
SALT-REV-0619,PHASE4-MPS-20260726202343,ALT-BN-CP,,,,CAPACITY_OVERLOAD,HIGH,Finite cumulative capacity could not cover the full requested workload.,REVIEW_CAPACITY,False,True
SALT-REV-0620,PHASE4-MPS-20260726202343,ALT-BN-CP,,,,CAPACITY_OVERLOAD,HIGH,Finite cumulative capacity could not cover the full requested workload.,REVIEW_CAPACITY,False,True
SALT-REV-0621,PHASE4-MPS-20260726202343,ALT-BN-CP,,,,CAPACITY_OVERLOAD,HIGH,Finite cumulative capacity could not cover the full requested workload.,REVIEW_CAPACITY,False,True
SALT-REV-0622,PHASE4-MPS-20260726202343,ALT-BN-CP,,,,CAPACITY_OVERLOAD,HIGH,Finite cumulative capacity could not cover the full requested workload.,REVIEW_CAPACITY,False,True
SALT-REV-0623,PHASE4-MPS-20260726202343,ALT-BN-CP,,,,CAPACITY_OVERLOAD,HIGH,Finite cumulative capacity could not cover the full requested workload.,REVIEW_CAPACITY,False,True
SALT-REV-0624,PHASE4-MPS-20260726202343,ALT-BN-CP,,,,CAPACITY_OVERLOAD,HIGH,Finite cumulative capacity could not cover the full requested workload.,REVIEW_CAPACITY,False,True
SALT-REV-0625,PHASE4-MPS-20260726202343,ALT-BN-CP,,,,CAPACITY_OVERLOAD,HIGH,Finite cumulative capacity could not cover the full requested workload.,REVIEW_CAPACITY,False,True
SALT-REV-0626,PHASE4-MPS-20260726202343,ALT-BN-CP,,,,CAPACITY_OVERLOAD,HIGH,Finite cumulative capacity could not cover the full requested workload.,REVIEW_CAPACITY,False,True
SALT-REV-0627,PHASE4-MPS-20260726202343,ALT-BN-CP,,,,CAPACITY_OVERLOAD,HIGH,Finite cumulative capacity could not cover the full requested workload.,REVIEW_CAPACITY,False,True
SALT-REV-0628,PHASE4-MPS-20260726202343,ALT-BN-CP,,,,CAPACITY_OVERLOAD,HIGH,Finite cumulative capacity could not cover the full requested workload.,REVIEW_CAPACITY,False,True
SALT-REV-0629,PHASE4-MPS-20260726202343,ALT-BN-CP,,,,CAPACITY_OVERLOAD,HIGH,Finite cumulative capacity could not cover the full requested workload.,REVIEW_CAPACITY,False,True
SALT-REV-0630,PHASE4-MPS-20260726202343,ALT-BN-CP,,,,CAPACITY_OVERLOAD,HIGH,Finite cumulative capacity could not cover the full requested workload.,REVIEW_CAPACITY,False,True
SALT-REV-0631,PHASE4-MPS-20260726202343,ALT-BN-CP,,,,CAPACITY_OVERLOAD,HIGH,Finite cumulative capacity could not cover the full requested workload.,REVIEW_CAPACITY,False,True
SALT-REV-0632,PHASE4-MPS-20260726202343,ALT-BN-CP,,,,CAPACITY_OVERLOAD,HIGH,Finite cumulative capacity could not cover the full requested workload.,REVIEW_CAPACITY,False,True
SALT-REV-0633,PHASE4-MPS-20260726202343,ALT-BN-CP,,,,CAPACITY_OVERLOAD,HIGH,Finite cumulative capacity could not cover the full requested workload.,REVIEW_CAPACITY,False,True
SALT-REV-0634,PHASE4-MPS-20260726202343,ALT-BN-CP,,,,CAPACITY_OVERLOAD,HIGH,Finite cumulative capacity could not cover the full requested workload.,REVIEW_CAPACITY,False,True
SALT-REV-0635,PHASE4-MPS-20260726202343,ALT-BN-CP,,,,CAPACITY_OVERLOAD,HIGH,Finite cumulative capacity could not cover the full requested workload.,REVIEW_CAPACITY,False,True
SALT-REV-0636,PHASE4-MPS-20260726202343,ALT-BN-CP,,,,CAPACITY_OVERLOAD,HIGH,Finite cumulative capacity could not cover the full requested workload.,REVIEW_CAPACITY,False,True
SALT-REV-0637,PHASE4-MPS-20260726202343,ALT-BN-CP,,,,CAPACITY_OVERLOAD,HIGH,Finite cumulative capacity could not cover the full requested workload.,REVIEW_CAPACITY,False,True
SALT-REV-0638,PHASE4-MPS-20260726202343,ALT-BN-CP,,,,CAPACITY_OVERLOAD,HIGH,Finite cumulative capacity could not cover the full requested workload.,REVIEW_CAPACITY,False,True
SALT-REV-0639,PHASE4-MPS-20260726202343,ALT-BN-CP,,,,CAPACITY_OVERLOAD,HIGH,Finite cumulative capacity could not cover the full requested workload.,REVIEW_CAPACITY,False,True
SALT-REV-0640,PHASE4-MPS-20260726202343,ALT-SETUP,,,,CAPACITY_OVERLOAD,HIGH,Finite cumulative capacity could not cover the full requested workload.,REVIEW_CAPACITY,False,True
SALT-REV-0641,PHASE4-MPS-20260726202343,ALT-SETUP,,,,CAPACITY_OVERLOAD,HIGH,Finite cumulative capacity could not cover the full requested workload.,REVIEW_CAPACITY,False,True
SALT-REV-0642,PHASE4-MPS-20260726202343,ALT-SETUP,,,,CAPACITY_OVERLOAD,HIGH,Finite cumulative capacity could not cover the full requested workload.,REVIEW_CAPACITY,False,True
SALT-REV-0643,PHASE4-MPS-20260726202343,ALT-SETUP,,,,CAPACITY_OVERLOAD,HIGH,Finite cumulative capacity could not cover the full requested workload.,REVIEW_CAPACITY,False,True
SALT-REV-0644,PHASE4-MPS-20260726202343,ALT-SETUP,,,,CAPACITY_OVERLOAD,HIGH,Finite cumulative capacity could not cover the full requested workload.,REVIEW_CAPACITY,False,True
SALT-REV-0645,PHASE4-MPS-20260726202343,ALT-SETUP,,,,CAPACITY_OVERLOAD,HIGH,Finite cumulative capacity could not cover the full requested workload.,REVIEW_CAPACITY,False,True
SALT-REV-0646,PHASE4-MPS-20260726202343,ALT-SETUP,,,,CAPACITY_OVERLOAD,HIGH,Finite cumulative capacity could not cover the full requested workload.,REVIEW_CAPACITY,False,True
SALT-REV-0647,PHASE4-MPS-20260726202343,ALT-SETUP,,,,CAPACITY_OVERLOAD,HIGH,Finite cumulative capacity could not cover the full requested workload.,REVIEW_CAPACITY,False,True
SALT-REV-0648,PHASE4-MPS-20260726202343,ALT-SETUP,,,,CAPACITY_OVERLOAD,HIGH,Finite cumulative capacity could not cover the full requested workload.,REVIEW_CAPACITY,False,True
SALT-REV-0649,PHASE4-MPS-20260726202343,ALT-SETUP,,,,CAPACITY_OVERLOAD,HIGH,Finite cumulative capacity could not cover the full requested workload.,REVIEW_CAPACITY,False,True
SALT-REV-0650,PHASE4-MPS-20260726202343,ALT-SETUP,,,,CAPACITY_OVERLOAD,HIGH,Finite cumulative capacity could not cover the full requested workload.,REVIEW_CAPACITY,False,True
SALT-REV-0651,PHASE4-MPS-20260726202343,ALT-SETUP,,,,CAPACITY_OVERLOAD,HIGH,Finite cumulative capacity could not cover the full requested workload.,REVIEW_CAPACITY,False,True
SALT-REV-0652,PHASE4-MPS-20260726202343,ALT-SETUP,,,,CAPACITY_OVERLOAD,HIGH,Finite cumulative capacity could not cover the full requested workload.,REVIEW_CAPACITY,False,True
SALT-REV-0653,PHASE4-MPS-20260726202343,ALT-SETUP,,,,CAPACITY_OVERLOAD,HIGH,Finite cumulative capacity could not cover the full requested workload.,REVIEW_CAPACITY,False,True
SALT-REV-0654,PHASE4-MPS-20260726202343,ALT-SETUP,,,,CAPACITY_OVERLOAD,HIGH,Finite cumulative capacity could not cover the full requested workload.,REVIEW_CAPACITY,False,True
SALT-REV-0655,PHASE4-MPS-20260726202343,ALT-SETUP,,,,CAPACITY_OVERLOAD,HIGH,Finite cumulative capacity could not cover the full requested workload.,REVIEW_CAPACITY,False,True
SALT-REV-0656,PHASE4-MPS-20260726202343,ALT-SETUP,,,,CAPACITY_OVERLOAD,HIGH,Finite cumulative capacity could not cover the full requested workload.,REVIEW_CAPACITY,False,True
SALT-REV-0657,PHASE4-MPS-20260726202343,ALT-SETUP,,,,CAPACITY_OVERLOAD,HIGH,Finite cumulative capacity could not cover the full requested workload.,REVIEW_CAPACITY,False,True
SALT-REV-0658,PHASE4-MPS-20260726202343,ALT-SETUP,,,,CAPACITY_OVERLOAD,HIGH,Finite cumulative capacity could not cover the full requested workload.,REVIEW_CAPACITY,False,True
SALT-REV-0659,PHASE4-MPS-20260726202343,ALT-SETUP,,,,CAPACITY_OVERLOAD,HIGH,Finite cumulative capacity could not cover the full requested workload.,REVIEW_CAPACITY,False,True
SALT-REV-0660,PHASE4-MPS-20260726202343,ALT-SETUP,,,,CAPACITY_OVERLOAD,HIGH,Finite cumulative capacity could not cover the full requested workload.,REVIEW_CAPACITY,False,True
SALT-REV-0661,PHASE4-MPS-20260726202343,ALT-SETUP,,,,CAPACITY_OVERLOAD,HIGH,Finite cumulative capacity could not cover the full requested workload.,REVIEW_CAPACITY,False,True
SALT-REV-0662,PHASE4-MPS-20260726202343,ALT-SETUP,,,,CAPACITY_OVERLOAD,HIGH,Finite cumulative capacity could not cover the full requested workload.,REVIEW_CAPACITY,False,True
SALT-REV-0663,PHASE4-MPS-20260726202343,ALT-SETUP,,,,CAPACITY_OVERLOAD,HIGH,Finite cumulative capacity could not cover the full requested workload.,REVIEW_CAPACITY,False,True
SALT-REV-0664,PHASE4-MPS-20260726202343,ALT-SETUP,,,,CAPACITY_OVERLOAD,HIGH,Finite cumulative capacity could not cover the full requested workload.,REVIEW_CAPACITY,False,True
SALT-REV-0665,PHASE4-MPS-20260726202343,ALT-SETUP,,,,CAPACITY_OVERLOAD,HIGH,Finite cumulative capacity could not cover the full requested workload.,REVIEW_CAPACITY,False,True
SALT-REV-0666,PHASE4-MPS-20260726202343,ALT-SETUP,,,,CAPACITY_OVERLOAD,HIGH,Finite cumulative capacity could not cover the full requested workload.,REVIEW_CAPACITY,False,True
SALT-REV-0667,PHASE4-MPS-20260726202343,ALT-SETUP,,,,CAPACITY_OVERLOAD,HIGH,Finite cumulative capacity could not cover the full requested workload.,REVIEW_CAPACITY,False,True
SALT-REV-0668,PHASE4-MPS-20260726202343,ALT-SETUP,,,,CAPACITY_OVERLOAD,HIGH,Finite cumulative capacity could not cover the full requested workload.,REVIEW_CAPACITY,False,True
SALT-REV-0669,PHASE4-MPS-20260726202343,ALT-SETUP,,,,CAPACITY_OVERLOAD,HIGH,Finite cumulative capacity could not cover the full requested workload.,REVIEW_CAPACITY,False,True
SALT-REV-0670,PHASE4-MPS-20260726202343,ALT-SETUP,,,,CAPACITY_OVERLOAD,HIGH,Finite cumulative capacity could not cover the full requested workload.,REVIEW_CAPACITY,False,True
SALT-REV-0671,PHASE4-MPS-20260726202343,ALT-SETUP,,,,CAPACITY_OVERLOAD,HIGH,Finite cumulative capacity could not cover the full requested workload.,REVIEW_CAPACITY,False,True
SALT-REV-0672,PHASE4-MPS-20260726202343,ALT-SETUP,,,,CAPACITY_OVERLOAD,HIGH,Finite cumulative capacity could not cover the full requested workload.,REVIEW_CAPACITY,False,True
SALT-REV-0673,PHASE4-MPS-20260726202343,ALT-SETUP,,,,CAPACITY_OVERLOAD,HIGH,Finite cumulative capacity could not cover the full requested workload.,REVIEW_CAPACITY,False,True
SALT-REV-0674,PHASE4-MPS-20260726202343,ALT-SETUP,,,,CAPACITY_OVERLOAD,HIGH,Finite cumulative capacity could not cover the full requested workload.,REVIEW_CAPACITY,False,True
SALT-REV-0675,PHASE4-MPS-20260726202343,ALT-SETUP,,,,CAPACITY_OVERLOAD,HIGH,Finite cumulative capacity could not cover the full requested workload.,REVIEW_CAPACITY,False,True
SALT-REV-0676,PHASE4-MPS-20260726202343,ALT-SETUP,,,,CAPACITY_OVERLOAD,HIGH,Finite cumulative capacity could not cover the full requested workload.,REVIEW_CAPACITY,False,True
SALT-REV-0677,PHASE4-MPS-20260726202343,ALT-SETUP,,,,CAPACITY_OVERLOAD,HIGH,Finite cumulative capacity could not cover the full requested workload.,REVIEW_CAPACITY,False,True
SALT-REV-0678,PHASE4-MPS-20260726202343,ALT-SETUP,,,,CAPACITY_OVERLOAD,HIGH,Finite cumulative capacity could not cover the full requested workload.,REVIEW_CAPACITY,False,True
SALT-REV-0679,PHASE4-MPS-20260726202343,ALT-SETUP,,,,CAPACITY_OVERLOAD,HIGH,Finite cumulative capacity could not cover the full requested workload.,REVIEW_CAPACITY,False,True
SALT-REV-0680,PHASE4-MPS-20260726202343,ALT-SETUP,,,,CAPACITY_OVERLOAD,HIGH,Finite cumulative capacity could not cover the full requested workload.,REVIEW_CAPACITY,False,True
SALT-REV-0681,PHASE4-MPS-20260726202343,ALT-SETUP,,,,CAPACITY_OVERLOAD,HIGH,Finite cumulative capacity could not cover the full requested workload.,REVIEW_CAPACITY,False,True
SALT-REV-0682,PHASE4-MPS-20260726202343,ALT-SETUP,,,,CAPACITY_OVERLOAD,HIGH,Finite cumulative capacity could not cover the full requested workload.,REVIEW_CAPACITY,False,True
SALT-REV-0683,PHASE4-MPS-20260726202343,ALT-SETUP,,,,CAPACITY_OVERLOAD,HIGH,Finite cumulative capacity could not cover the full requested workload.,REVIEW_CAPACITY,False,True
SALT-REV-0684,PHASE4-MPS-20260726202343,ALT-SETUP,,,,CAPACITY_OVERLOAD,HIGH,Finite cumulative capacity could not cover the full requested workload.,REVIEW_CAPACITY,False,True
SALT-REV-0685,PHASE4-MPS-20260726202343,ALT-SETUP,,,,CAPACITY_OVERLOAD,HIGH,Finite cumulative capacity could not cover the full requested workload.,REVIEW_CAPACITY,False,True
SALT-REV-0686,PHASE4-MPS-20260726202343,ALT-SETUP,,,,CAPACITY_OVERLOAD,HIGH,Finite cumulative capacity could not cover the full requested workload.,REVIEW_CAPACITY,False,True
SALT-REV-0687,PHASE4-MPS-20260726202343,ALT-SETUP,,,,CAPACITY_OVERLOAD,HIGH,Finite cumulative capacity could not cover the full requested workload.,REVIEW_CAPACITY,False,True
SALT-REV-0688,PHASE4-MPS-20260726202343,ALT-SETUP,,,,CAPACITY_OVERLOAD,HIGH,Finite cumulative capacity could not cover the full requested workload.,REVIEW_CAPACITY,False,True
SALT-REV-0689,PHASE4-MPS-20260726202343,ALT-SETUP,,,,CAPACITY_OVERLOAD,HIGH,Finite cumulative capacity could not cover the full requested workload.,REVIEW_CAPACITY,False,True
SALT-REV-0690,PHASE4-MPS-20260726202343,ALT-SETUP,,,,CAPACITY_OVERLOAD,HIGH,Finite cumulative capacity could not cover the full requested workload.,REVIEW_CAPACITY,False,True
SALT-REV-0691,PHASE4-MPS-20260726202343,ALT-SETUP,,,,CAPACITY_OVERLOAD,HIGH,Finite cumulative capacity could not cover the full requested workload.,REVIEW_CAPACITY,False,True
SALT-REV-0692,PHASE4-MPS-20260726202343,ALT-SETUP,,,,CAPACITY_OVERLOAD,HIGH,Finite cumulative capacity could not cover the full requested workload.,REVIEW_CAPACITY,False,True
SALT-REV-0693,PHASE4-MPS-20260726202343,ALT-SETUP,,,,CAPACITY_OVERLOAD,HIGH,Finite cumulative capacity could not cover the full requested workload.,REVIEW_CAPACITY,False,True
SALT-REV-0694,PHASE4-MPS-20260726202343,ALT-SETUP,,,,CAPACITY_OVERLOAD,HIGH,Finite cumulative capacity could not cover the full requested workload.,REVIEW_CAPACITY,False,True
SALT-REV-0695,PHASE4-MPS-20260726202343,ALT-SETUP,,,,CAPACITY_OVERLOAD,HIGH,Finite cumulative capacity could not cover the full requested workload.,REVIEW_CAPACITY,False,True
SALT-REV-0696,PHASE4-MPS-20260726202343,ALT-SETUP,,,,CAPACITY_OVERLOAD,HIGH,Finite cumulative capacity could not cover the full requested workload.,REVIEW_CAPACITY,False,True
SALT-REV-0697,PHASE4-MPS-20260726202343,ALT-SETUP,,,,CAPACITY_OVERLOAD,HIGH,Finite cumulative capacity could not cover the full requested workload.,REVIEW_CAPACITY,False,True
SALT-REV-0698,PHASE4-MPS-20260726202343,ALT-SETUP,,,,CAPACITY_OVERLOAD,HIGH,Finite cumulative capacity could not cover the full requested workload.,REVIEW_CAPACITY,False,True
SALT-REV-0699,PHASE4-MPS-20260726202343,ALT-SETUP,,,,CAPACITY_OVERLOAD,HIGH,Finite cumulative capacity could not cover the full requested workload.,REVIEW_CAPACITY,False,True
SALT-REV-0700,PHASE4-MPS-20260726202343,ALT-SETUP,,,,CAPACITY_OVERLOAD,HIGH,Finite cumulative capacity could not cover the full requested workload.,REVIEW_CAPACITY,False,True
SALT-REV-0701,PHASE4-MPS-20260726202343,ALT-SETUP,,,,CAPACITY_OVERLOAD,HIGH,Finite cumulative capacity could not cover the full requested workload.,REVIEW_CAPACITY,False,True
SALT-REV-0702,PHASE4-MPS-20260726202343,ALT-SETUP,,,,CAPACITY_OVERLOAD,HIGH,Finite cumulative capacity could not cover the full requested workload.,REVIEW_CAPACITY,False,True
SALT-REV-0703,PHASE4-MPS-20260726202343,ALT-SETUP,,,,CAPACITY_OVERLOAD,HIGH,Finite cumulative capacity could not cover the full requested workload.,REVIEW_CAPACITY,False,True
SALT-REV-0704,PHASE4-MPS-20260726202343,ALT-SETUP,,,,CAPACITY_OVERLOAD,HIGH,Finite cumulative capacity could not cover the full requested workload.,REVIEW_CAPACITY,False,True
SALT-REV-0705,PHASE4-MPS-20260726202343,ALT-SETUP,,,,CAPACITY_OVERLOAD,HIGH,Finite cumulative capacity could not cover the full requested workload.,REVIEW_CAPACITY,False,True
SALT-REV-0706,PHASE4-MPS-20260726202343,ALT-SETUP,,,,CAPACITY_OVERLOAD,HIGH,Finite cumulative capacity could not cover the full requested workload.,REVIEW_CAPACITY,False,True
SALT-REV-0707,PHASE4-MPS-20260726202343,ALT-SETUP,,,,CAPACITY_OVERLOAD,HIGH,Finite cumulative capacity could not cover the full requested workload.,REVIEW_CAPACITY,False,True
SALT-REV-0708,PHASE4-MPS-20260726202343,ALT-SETUP,,,,CAPACITY_OVERLOAD,HIGH,Finite cumulative capacity could not cover the full requested workload.,REVIEW_CAPACITY,False,True
SALT-REV-0709,PHASE4-MPS-20260726202343,ALT-SETUP,,,,CAPACITY_OVERLOAD,HIGH,Finite cumulative capacity could not cover the full requested workload.,REVIEW_CAPACITY,False,True
SALT-REV-0710,PHASE4-MPS-20260726202343,ALT-SETUP,,,,CAPACITY_OVERLOAD,HIGH,Finite cumulative capacity could not cover the full requested workload.,REVIEW_CAPACITY,False,True
SALT-REV-0711,PHASE4-MPS-20260726202343,ALT-SETUP,,,,CAPACITY_OVERLOAD,HIGH,Finite cumulative capacity could not cover the full requested workload.,REVIEW_CAPACITY,False,True
SALT-REV-0712,PHASE4-MPS-20260726202343,ALT-SETUP,,,,CAPACITY_OVERLOAD,HIGH,Finite cumulative capacity could not cover the full requested workload.,REVIEW_CAPACITY,False,True
SALT-REV-0713,PHASE4-MPS-20260726202343,ALT-SETUP,,,,CAPACITY_OVERLOAD,HIGH,Finite cumulative capacity could not cover the full requested workload.,REVIEW_CAPACITY,False,True
SALT-REV-0714,PHASE4-MPS-20260726202343,ALT-SETUP,,,,CAPACITY_OVERLOAD,HIGH,Finite cumulative capacity could not cover the full requested workload.,REVIEW_CAPACITY,False,True
SALT-REV-0715,PHASE4-MPS-20260726202343,ALT-SETUP,,,,CAPACITY_OVERLOAD,HIGH,Finite cumulative capacity could not cover the full requested workload.,REVIEW_CAPACITY,False,True
SALT-REV-0716,PHASE4-MPS-20260726202343,ALT-SETUP,,,,CAPACITY_OVERLOAD,HIGH,Finite cumulative capacity could not cover the full requested workload.,REVIEW_CAPACITY,False,True
SALT-REV-0717,PHASE4-MPS-20260726202343,ALT-SETUP,,,,CAPACITY_OVERLOAD,HIGH,Finite cumulative capacity could not cover the full requested workload.,REVIEW_CAPACITY,False,True
SALT-REV-0718,PHASE4-MPS-20260726202343,ALT-SETUP,,,,CAPACITY_OVERLOAD,HIGH,Finite cumulative capacity could not cover the full requested workload.,REVIEW_CAPACITY,False,True
SALT-REV-0719,PHASE4-MPS-20260726202343,ALT-SETUP,,,,CAPACITY_OVERLOAD,HIGH,Finite cumulative capacity could not cover the full requested workload.,REVIEW_CAPACITY,False,True
SALT-REV-0720,PHASE4-MPS-20260726202343,ALT-SETUP,,,,CAPACITY_OVERLOAD,HIGH,Finite cumulative capacity could not cover the full requested workload.,REVIEW_CAPACITY,False,True
SALT-REV-0721,PHASE4-MPS-20260726202343,ALT-SETUP,,,,CAPACITY_OVERLOAD,HIGH,Finite cumulative capacity could not cover the full requested workload.,REVIEW_CAPACITY,False,True
SALT-REV-0722,PHASE4-MPS-20260726202343,ALT-SETUP,,,,CAPACITY_OVERLOAD,HIGH,Finite cumulative capacity could not cover the full requested workload.,REVIEW_CAPACITY,False,True
SALT-REV-0723,PHASE4-MPS-20260726202343,ALT-SETUP,,,,CAPACITY_OVERLOAD,HIGH,Finite cumulative capacity could not cover the full requested workload.,REVIEW_CAPACITY,False,True
SALT-REV-0724,PHASE4-MPS-20260726202343,ALT-SETUP,,,,CAPACITY_OVERLOAD,HIGH,Finite cumulative capacity could not cover the full requested workload.,REVIEW_CAPACITY,False,True
SALT-REV-0725,PHASE4-MPS-20260726202343,ALT-SETUP,,,,CAPACITY_OVERLOAD,HIGH,Finite cumulative capacity could not cover the full requested workload.,REVIEW_CAPACITY,False,True
SALT-REV-0726,PHASE4-MPS-20260726202343,ALT-SETUP,,,,CAPACITY_OVERLOAD,HIGH,Finite cumulative capacity could not cover the full requested workload.,REVIEW_CAPACITY,False,True
SALT-REV-0727,PHASE4-MPS-20260726202343,ALT-SETUP,,,,CAPACITY_OVERLOAD,HIGH,Finite cumulative capacity could not cover the full requested workload.,REVIEW_CAPACITY,False,True
SALT-REV-0728,PHASE4-MPS-20260726202343,ALT-SETUP,,,,CAPACITY_OVERLOAD,HIGH,Finite cumulative capacity could not cover the full requested workload.,REVIEW_CAPACITY,False,True
SALT-REV-0729,PHASE4-MPS-20260726202343,ALT-SETUP,,,,CAPACITY_OVERLOAD,HIGH,Finite cumulative capacity could not cover the full requested workload.,REVIEW_CAPACITY,False,True
SALT-REV-0730,PHASE4-MPS-20260726202343,ALT-SETUP,,,,CAPACITY_OVERLOAD,HIGH,Finite cumulative capacity could not cover the full requested workload.,REVIEW_CAPACITY,False,True
SALT-REV-0731,PHASE4-MPS-20260726202343,ALT-SETUP,,,,CAPACITY_OVERLOAD,HIGH,Finite cumulative capacity could not cover the full requested workload.,REVIEW_CAPACITY,False,True
SALT-REV-0732,PHASE4-MPS-20260726202343,ALT-SETUP,,,,CAPACITY_OVERLOAD,HIGH,Finite cumulative capacity could not cover the full requested workload.,REVIEW_CAPACITY,False,True
SALT-REV-0733,PHASE4-MPS-20260726202343,ALT-SETUP,,,,CAPACITY_OVERLOAD,HIGH,Finite cumulative capacity could not cover the full requested workload.,REVIEW_CAPACITY,False,True
SALT-REV-0734,PHASE4-MPS-20260726202343,ALT-SETUP,,,,CAPACITY_OVERLOAD,HIGH,Finite cumulative capacity could not cover the full requested workload.,REVIEW_CAPACITY,False,True
SALT-REV-0735,PHASE4-MPS-20260726202343,ALT-SETUP,,,,CAPACITY_OVERLOAD,HIGH,Finite cumulative capacity could not cover the full requested workload.,REVIEW_CAPACITY,False,True
SALT-REV-0736,PHASE4-MPS-20260726202343,ALT-SETUP,,,,CAPACITY_OVERLOAD,HIGH,Finite cumulative capacity could not cover the full requested workload.,REVIEW_CAPACITY,False,True
SALT-REV-0737,PHASE4-MPS-20260726202343,ALT-SETUP,,,,CAPACITY_OVERLOAD,HIGH,Finite cumulative capacity could not cover the full requested workload.,REVIEW_CAPACITY,False,True
SALT-REV-0738,PHASE4-MPS-20260726202343,ALT-SETUP,,,,CAPACITY_OVERLOAD,HIGH,Finite cumulative capacity could not cover the full requested workload.,REVIEW_CAPACITY,False,True
SALT-REV-0739,PHASE4-MPS-20260726202343,ALT-SETUP,,,,CAPACITY_OVERLOAD,HIGH,Finite cumulative capacity could not cover the full requested workload.,REVIEW_CAPACITY,False,True
SALT-REV-0740,PHASE4-MPS-20260726202343,ALT-SETUP,,,,CAPACITY_OVERLOAD,HIGH,Finite cumulative capacity could not cover the full requested workload.,REVIEW_CAPACITY,False,True
SALT-REV-0741,PHASE4-MPS-20260726202343,ALT-SETUP,,,,CAPACITY_OVERLOAD,HIGH,Finite cumulative capacity could not cover the full requested workload.,REVIEW_CAPACITY,False,True
SALT-REV-0742,PHASE4-MPS-20260726202343,ALT-SETUP,,,,CAPACITY_OVERLOAD,HIGH,Finite cumulative capacity could not cover the full requested workload.,REVIEW_CAPACITY,False,True
SALT-REV-0743,PHASE4-MPS-20260726202343,ALT-SETUP,,,,CAPACITY_OVERLOAD,HIGH,Finite cumulative capacity could not cover the full requested workload.,REVIEW_CAPACITY,False,True
SALT-REV-0744,PHASE4-MPS-20260726202343,ALT-SETUP,,,,CAPACITY_OVERLOAD,HIGH,Finite cumulative capacity could not cover the full requested workload.,REVIEW_CAPACITY,False,True
SALT-REV-0745,PHASE4-MPS-20260726202343,ALT-SETUP,,,,CAPACITY_OVERLOAD,HIGH,Finite cumulative capacity could not cover the full requested workload.,REVIEW_CAPACITY,False,True
SALT-REV-0746,PHASE4-MPS-20260726202343,ALT-SETUP,,,,CAPACITY_OVERLOAD,HIGH,Finite cumulative capacity could not cover the full requested workload.,REVIEW_CAPACITY,False,True
SALT-REV-0747,PHASE4-MPS-20260726202343,ALT-SETUP,,,,CAPACITY_OVERLOAD,HIGH,Finite cumulative capacity could not cover the full requested workload.,REVIEW_CAPACITY,False,True
SALT-REV-0748,PHASE4-MPS-20260726202343,ALT-SETUP,,,,CAPACITY_OVERLOAD,HIGH,Finite cumulative capacity could not cover the full requested workload.,REVIEW_CAPACITY,False,True
SALT-REV-0749,PHASE4-MPS-20260726202343,ALT-SETUP,,,,CAPACITY_OVERLOAD,HIGH,Finite cumulative capacity could not cover the full requested workload.,REVIEW_CAPACITY,False,True
SALT-REV-0750,PHASE4-MPS-20260726202343,ALT-SETUP,,,,CAPACITY_OVERLOAD,HIGH,Finite cumulative capacity could not cover the full requested workload.,REVIEW_CAPACITY,False,True
SALT-REV-0751,PHASE4-MPS-20260726202343,ALT-SETUP,,,,CAPACITY_OVERLOAD,HIGH,Finite cumulative capacity could not cover the full requested workload.,REVIEW_CAPACITY,False,True
SALT-REV-0752,PHASE4-MPS-20260726202343,ALT-SETUP,,,,CAPACITY_OVERLOAD,HIGH,Finite cumulative capacity could not cover the full requested workload.,REVIEW_CAPACITY,False,True
SALT-REV-0753,PHASE4-MPS-20260726202343,ALT-SETUP,,,,CAPACITY_OVERLOAD,HIGH,Finite cumulative capacity could not cover the full requested workload.,REVIEW_CAPACITY,False,True
SALT-REV-0754,PHASE4-MPS-20260726202343,ALT-SETUP,,,,CAPACITY_OVERLOAD,HIGH,Finite cumulative capacity could not cover the full requested workload.,REVIEW_CAPACITY,False,True
SALT-REV-0755,PHASE4-MPS-20260726202343,ALT-SETUP,,,,CAPACITY_OVERLOAD,HIGH,Finite cumulative capacity could not cover the full requested workload.,REVIEW_CAPACITY,False,True
SALT-REV-0756,PHASE4-MPS-20260726202343,ALT-SETUP,,,,CAPACITY_OVERLOAD,HIGH,Finite cumulative capacity could not cover the full requested workload.,REVIEW_CAPACITY,False,True
SALT-REV-0757,PHASE4-MPS-20260726202343,ALT-SETUP,,,,CAPACITY_OVERLOAD,HIGH,Finite cumulative capacity could not cover the full requested workload.,REVIEW_CAPACITY,False,True
SALT-REV-0758,PHASE4-MPS-20260726202343,ALT-SETUP,,,,CAPACITY_OVERLOAD,HIGH,Finite cumulative capacity could not cover the full requested workload.,REVIEW_CAPACITY,False,True
SALT-REV-0759,PHASE4-MPS-20260726202343,ALT-SETUP,,,,CAPACITY_OVERLOAD,HIGH,Finite cumulative capacity could not cover the full requested workload.,REVIEW_CAPACITY,False,True
SALT-REV-0760,PHASE4-MPS-20260726202343,ALT-SETUP,,,,CAPACITY_OVERLOAD,HIGH,Finite cumulative capacity could not cover the full requested workload.,REVIEW_CAPACITY,False,True
SALT-REV-0761,PHASE4-MPS-20260726202343,ALT-SETUP,,,,CAPACITY_OVERLOAD,HIGH,Finite cumulative capacity could not cover the full requested workload.,REVIEW_CAPACITY,False,True
SALT-REV-0762,PHASE4-MPS-20260726202343,ALT-SETUP,,,,CAPACITY_OVERLOAD,HIGH,Finite cumulative capacity could not cover the full requested workload.,REVIEW_CAPACITY,False,True
SALT-REV-0763,PHASE4-MPS-20260726202343,ALT-SETUP,,,,CAPACITY_OVERLOAD,HIGH,Finite cumulative capacity could not cover the full requested workload.,REVIEW_CAPACITY,False,True
SALT-REV-0764,PHASE4-MPS-20260726202343,ALT-SETUP,,,,CAPACITY_OVERLOAD,HIGH,Finite cumulative capacity could not cover the full requested workload.,REVIEW_CAPACITY,False,True
SALT-REV-0765,PHASE4-MPS-20260726202343,ALT-SETUP,,,,CAPACITY_OVERLOAD,HIGH,Finite cumulative capacity could not cover the full requested workload.,REVIEW_CAPACITY,False,True
SALT-REV-0766,PHASE4-MPS-20260726202343,ALT-SETUP,,,,CAPACITY_OVERLOAD,HIGH,Finite cumulative capacity could not cover the full requested workload.,REVIEW_CAPACITY,False,True
SALT-REV-0767,PHASE4-MPS-20260726202343,ALT-SETUP,,,,CAPACITY_OVERLOAD,HIGH,Finite cumulative capacity could not cover the full requested workload.,REVIEW_CAPACITY,False,True
SALT-REV-0768,PHASE4-MPS-20260726202343,ALT-SETUP,,,,CAPACITY_OVERLOAD,HIGH,Finite cumulative capacity could not cover the full requested workload.,REVIEW_CAPACITY,False,True
SALT-REV-0769,PHASE4-MPS-20260726202343,ALT-SETUP,,,,CAPACITY_OVERLOAD,HIGH,Finite cumulative capacity could not cover the full requested workload.,REVIEW_CAPACITY,False,True
SALT-REV-0770,PHASE4-MPS-20260726202343,ALT-SETUP,,,,CAPACITY_OVERLOAD,HIGH,Finite cumulative capacity could not cover the full requested workload.,REVIEW_CAPACITY,False,True
SALT-REV-0771,PHASE4-MPS-20260726202343,ALT-SETUP,,,,CAPACITY_OVERLOAD,HIGH,Finite cumulative capacity could not cover the full requested workload.,REVIEW_CAPACITY,False,True
SALT-REV-0772,PHASE4-MPS-20260726202343,ALT-SETUP,,,,CAPACITY_OVERLOAD,HIGH,Finite cumulative capacity could not cover the full requested workload.,REVIEW_CAPACITY,False,True
SALT-REV-0773,PHASE4-MPS-20260726202343,ALT-SETUP,,,,CAPACITY_OVERLOAD,HIGH,Finite cumulative capacity could not cover the full requested workload.,REVIEW_CAPACITY,False,True
SALT-REV-0774,PHASE4-MPS-20260726202343,ALT-SETUP,,,,CAPACITY_OVERLOAD,HIGH,Finite cumulative capacity could not cover the full requested workload.,REVIEW_CAPACITY,False,True
SALT-REV-0775,PHASE4-MPS-20260726202343,ALT-SETUP,,,,CAPACITY_OVERLOAD,HIGH,Finite cumulative capacity could not cover the full requested workload.,REVIEW_CAPACITY,False,True
SALT-REV-0776,PHASE4-MPS-20260726202343,ALT-SETUP,,,,CAPACITY_OVERLOAD,HIGH,Finite cumulative capacity could not cover the full requested workload.,REVIEW_CAPACITY,False,True
SALT-REV-0777,PHASE4-MPS-20260726202343,ALT-SETUP,,,,CAPACITY_OVERLOAD,HIGH,Finite cumulative capacity could not cover the full requested workload.,REVIEW_CAPACITY,False,True
SALT-REV-0778,PHASE4-MPS-20260726202343,ALT-SETUP,,,,CAPACITY_OVERLOAD,HIGH,Finite cumulative capacity could not cover the full requested workload.,REVIEW_CAPACITY,False,True
SALT-REV-0779,PHASE4-MPS-20260726202343,ALT-SETUP,,,,CAPACITY_OVERLOAD,HIGH,Finite cumulative capacity could not cover the full requested workload.,REVIEW_CAPACITY,False,True
SALT-REV-0780,PHASE4-MPS-20260726202343,ALT-SETUP,,,,CAPACITY_OVERLOAD,HIGH,Finite cumulative capacity could not cover the full requested workload.,REVIEW_CAPACITY,False,True
SALT-REV-0781,PHASE4-MPS-20260726202343,ALT-SETUP,,,,CAPACITY_OVERLOAD,HIGH,Finite cumulative capacity could not cover the full requested workload.,REVIEW_CAPACITY,False,True
SALT-REV-0782,PHASE4-MPS-20260726202343,ALT-SETUP,,,,CAPACITY_OVERLOAD,HIGH,Finite cumulative capacity could not cover the full requested workload.,REVIEW_CAPACITY,False,True
SALT-REV-0783,PHASE4-MPS-20260726202343,ALT-SETUP,,,,CAPACITY_OVERLOAD,HIGH,Finite cumulative capacity could not cover the full requested workload.,REVIEW_CAPACITY,False,True
SALT-REV-0784,PHASE4-MPS-20260726202343,ALT-SETUP,,,,CAPACITY_OVERLOAD,HIGH,Finite cumulative capacity could not cover the full requested workload.,REVIEW_CAPACITY,False,True
SALT-REV-0785,PHASE4-MPS-20260726202343,ALT-SETUP,,,,CAPACITY_OVERLOAD,HIGH,Finite cumulative capacity could not cover the full requested workload.,REVIEW_CAPACITY,False,True
SALT-REV-0786,PHASE4-MPS-20260726202343,ALT-SETUP,,,,CAPACITY_OVERLOAD,HIGH,Finite cumulative capacity could not cover the full requested workload.,REVIEW_CAPACITY,False,True
SALT-REV-0787,PHASE4-MPS-20260726202343,ALT-SETUP,,,,CAPACITY_OVERLOAD,HIGH,Finite cumulative capacity could not cover the full requested workload.,REVIEW_CAPACITY,False,True
SALT-REV-0788,PHASE4-MPS-20260726202343,ALT-SETUP,,,,CAPACITY_OVERLOAD,HIGH,Finite cumulative capacity could not cover the full requested workload.,REVIEW_CAPACITY,False,True
SALT-REV-0789,PHASE4-MPS-20260726202343,ALT-SETUP,,,,CAPACITY_OVERLOAD,HIGH,Finite cumulative capacity could not cover the full requested workload.,REVIEW_CAPACITY,False,True
SALT-REV-0790,PHASE4-MPS-20260726202343,ALT-WIP,,,,CAPACITY_OVERLOAD,HIGH,Finite cumulative capacity could not cover the full requested workload.,REVIEW_CAPACITY,False,True
SALT-REV-0791,PHASE4-MPS-20260726202343,ALT-WIP,,,,CAPACITY_OVERLOAD,HIGH,Finite cumulative capacity could not cover the full requested workload.,REVIEW_CAPACITY,False,True
SALT-REV-0792,PHASE4-MPS-20260726202343,ALT-WIP,,,,CAPACITY_OVERLOAD,HIGH,Finite cumulative capacity could not cover the full requested workload.,REVIEW_CAPACITY,False,True
SALT-REV-0793,PHASE4-MPS-20260726202343,ALT-WIP,,,,CAPACITY_OVERLOAD,HIGH,Finite cumulative capacity could not cover the full requested workload.,REVIEW_CAPACITY,False,True
SALT-REV-0794,PHASE4-MPS-20260726202343,ALT-WIP,,,,CAPACITY_OVERLOAD,HIGH,Finite cumulative capacity could not cover the full requested workload.,REVIEW_CAPACITY,False,True
SALT-REV-0795,PHASE4-MPS-20260726202343,ALT-WIP,,,,CAPACITY_OVERLOAD,HIGH,Finite cumulative capacity could not cover the full requested workload.,REVIEW_CAPACITY,False,True
SALT-REV-0796,PHASE4-MPS-20260726202343,ALT-WIP,,,,CAPACITY_OVERLOAD,HIGH,Finite cumulative capacity could not cover the full requested workload.,REVIEW_CAPACITY,False,True
SALT-REV-0797,PHASE4-MPS-20260726202343,ALT-WIP,,,,CAPACITY_OVERLOAD,HIGH,Finite cumulative capacity could not cover the full requested workload.,REVIEW_CAPACITY,False,True
SALT-REV-0798,PHASE4-MPS-20260726202343,ALT-WIP,,,,CAPACITY_OVERLOAD,HIGH,Finite cumulative capacity could not cover the full requested workload.,REVIEW_CAPACITY,False,True
SALT-REV-0799,PHASE4-MPS-20260726202343,ALT-WIP,,,,CAPACITY_OVERLOAD,HIGH,Finite cumulative capacity could not cover the full requested workload.,REVIEW_CAPACITY,False,True
SALT-REV-0800,PHASE4-MPS-20260726202343,ALT-WIP,,,,CAPACITY_OVERLOAD,HIGH,Finite cumulative capacity could not cover the full requested workload.,REVIEW_CAPACITY,False,True
SALT-REV-0801,PHASE4-MPS-20260726202343,ALT-WIP,,,,CAPACITY_OVERLOAD,HIGH,Finite cumulative capacity could not cover the full requested workload.,REVIEW_CAPACITY,False,True
SALT-REV-0802,PHASE4-MPS-20260726202343,ALT-WIP,,,,CAPACITY_OVERLOAD,HIGH,Finite cumulative capacity could not cover the full requested workload.,REVIEW_CAPACITY,False,True
SALT-REV-0803,PHASE4-MPS-20260726202343,ALT-WIP,,,,CAPACITY_OVERLOAD,HIGH,Finite cumulative capacity could not cover the full requested workload.,REVIEW_CAPACITY,False,True
SALT-REV-0804,PHASE4-MPS-20260726202343,ALT-WIP,,,,CAPACITY_OVERLOAD,HIGH,Finite cumulative capacity could not cover the full requested workload.,REVIEW_CAPACITY,False,True
SALT-REV-0805,PHASE4-MPS-20260726202343,ALT-WIP,,,,CAPACITY_OVERLOAD,HIGH,Finite cumulative capacity could not cover the full requested workload.,REVIEW_CAPACITY,False,True
SALT-REV-0806,PHASE4-MPS-20260726202343,ALT-WIP,,,,CAPACITY_OVERLOAD,HIGH,Finite cumulative capacity could not cover the full requested workload.,REVIEW_CAPACITY,False,True
SALT-REV-0807,PHASE4-MPS-20260726202343,ALT-WIP,,,,CAPACITY_OVERLOAD,HIGH,Finite cumulative capacity could not cover the full requested workload.,REVIEW_CAPACITY,False,True
SALT-REV-0808,PHASE4-MPS-20260726202343,ALT-WIP,,,,CAPACITY_OVERLOAD,HIGH,Finite cumulative capacity could not cover the full requested workload.,REVIEW_CAPACITY,False,True
SALT-REV-0809,PHASE4-MPS-20260726202343,ALT-WIP,,,,CAPACITY_OVERLOAD,HIGH,Finite cumulative capacity could not cover the full requested workload.,REVIEW_CAPACITY,False,True
SALT-REV-0810,PHASE4-MPS-20260726202343,ALT-WIP,,,,CAPACITY_OVERLOAD,HIGH,Finite cumulative capacity could not cover the full requested workload.,REVIEW_CAPACITY,False,True
SALT-REV-0811,PHASE4-MPS-20260726202343,ALT-WIP,,,,CAPACITY_OVERLOAD,HIGH,Finite cumulative capacity could not cover the full requested workload.,REVIEW_CAPACITY,False,True
SALT-REV-0812,PHASE4-MPS-20260726202343,ALT-WIP,,,,CAPACITY_OVERLOAD,HIGH,Finite cumulative capacity could not cover the full requested workload.,REVIEW_CAPACITY,False,True
SALT-REV-0813,PHASE4-MPS-20260726202343,ALT-BASELINE,,SKU-BIKE-MT-001,MT-OP-020,WIP_SHORTAGE_OR_OVERFLOW,HIGH,WIP status WIP_SHORTAGE_RISK remains after advisory placement.,REVIEW_WIP_BUFFER,False,True
SALT-REV-0814,PHASE4-MPS-20260726202343,ALT-BASELINE,,SKU-BIKE-MT-001,MT-OP-030,WIP_SHORTAGE_OR_OVERFLOW,HIGH,WIP status WIP_SHORTAGE_RISK remains after advisory placement.,REVIEW_WIP_BUFFER,False,True
SALT-REV-0815,PHASE4-MPS-20260726202343,ALT-BASELINE,,SKU-BIKE-MT-001,MT-OP-040,WIP_SHORTAGE_OR_OVERFLOW,HIGH,WIP status WIP_SHORTAGE_RISK remains after advisory placement.,REVIEW_WIP_BUFFER,False,True
SALT-REV-0816,PHASE4-MPS-20260726202343,ALT-BASELINE,,SKU-BIKE-MT-001,MT-OP-050,WIP_SHORTAGE_OR_OVERFLOW,HIGH,WIP status WIP_SHORTAGE_RISK remains after advisory placement.,REVIEW_WIP_BUFFER,False,True
SALT-REV-0817,PHASE4-MPS-20260726202343,ALT-BASELINE,,SKU-BIKE-MT-001,MT-OP-060,WIP_SHORTAGE_OR_OVERFLOW,HIGH,WIP status WIP_SHORTAGE_RISK remains after advisory placement.,REVIEW_WIP_BUFFER,False,True
SALT-REV-0818,PHASE4-MPS-20260726202343,ALT-BASELINE,,SKU-BIKE-ROAD-001,ROAD-OP-020,WIP_SHORTAGE_OR_OVERFLOW,HIGH,WIP status WIP_SHORTAGE_RISK remains after advisory placement.,REVIEW_WIP_BUFFER,False,True
SALT-REV-0819,PHASE4-MPS-20260726202343,ALT-BASELINE,,SKU-BIKE-ROAD-001,ROAD-OP-030,WIP_SHORTAGE_OR_OVERFLOW,HIGH,WIP status WIP_SHORTAGE_RISK remains after advisory placement.,REVIEW_WIP_BUFFER,False,True
SALT-REV-0820,PHASE4-MPS-20260726202343,ALT-BASELINE,,SKU-BIKE-ROAD-001,ROAD-OP-050,WIP_SHORTAGE_OR_OVERFLOW,HIGH,WIP status WIP_SHORTAGE_RISK remains after advisory placement.,REVIEW_WIP_BUFFER,False,True
SALT-REV-0821,PHASE4-MPS-20260726202343,ALT-BASELINE,,SKU-BIKE-MT-001,MT-OP-020,WIP_SHORTAGE_OR_OVERFLOW,HIGH,WIP status WIP_SHORTAGE_RISK remains after advisory placement.,REVIEW_WIP_BUFFER,False,True
SALT-REV-0822,PHASE4-MPS-20260726202343,ALT-BASELINE,,SKU-BIKE-MT-001,MT-OP-030,WIP_SHORTAGE_OR_OVERFLOW,HIGH,WIP status WIP_SHORTAGE_RISK remains after advisory placement.,REVIEW_WIP_BUFFER,False,True
SALT-REV-0823,PHASE4-MPS-20260726202343,ALT-BASELINE,,SKU-BIKE-MT-001,MT-OP-040,WIP_SHORTAGE_OR_OVERFLOW,HIGH,WIP status WIP_SHORTAGE_RISK remains after advisory placement.,REVIEW_WIP_BUFFER,False,True
SALT-REV-0824,PHASE4-MPS-20260726202343,ALT-BASELINE,,SKU-BIKE-MT-001,MT-OP-050,WIP_SHORTAGE_OR_OVERFLOW,HIGH,WIP status WIP_SHORTAGE_RISK remains after advisory placement.,REVIEW_WIP_BUFFER,False,True
SALT-REV-0825,PHASE4-MPS-20260726202343,ALT-BASELINE,,SKU-BIKE-MT-001,MT-OP-060,WIP_SHORTAGE_OR_OVERFLOW,HIGH,WIP status WIP_SHORTAGE_RISK remains after advisory placement.,REVIEW_WIP_BUFFER,False,True
SALT-REV-0826,PHASE4-MPS-20260726202343,ALT-BASELINE,,SKU-BIKE-ROAD-001,ROAD-OP-020,WIP_SHORTAGE_OR_OVERFLOW,HIGH,WIP status WIP_SHORTAGE_RISK remains after advisory placement.,REVIEW_WIP_BUFFER,False,True
SALT-REV-0827,PHASE4-MPS-20260726202343,ALT-BASELINE,,SKU-BIKE-ROAD-001,ROAD-OP-030,WIP_SHORTAGE_OR_OVERFLOW,HIGH,WIP status WIP_SHORTAGE_RISK remains after advisory placement.,REVIEW_WIP_BUFFER,False,True
SALT-REV-0828,PHASE4-MPS-20260726202343,ALT-BASELINE,,SKU-BIKE-ROAD-001,ROAD-OP-050,WIP_SHORTAGE_OR_OVERFLOW,HIGH,WIP status WIP_SHORTAGE_RISK remains after advisory placement.,REVIEW_WIP_BUFFER,False,True
SALT-REV-0829,PHASE4-MPS-20260726202343,ALT-BASELINE,,SKU-BIKE-MT-001,MT-OP-020,WIP_SHORTAGE_OR_OVERFLOW,HIGH,WIP status WIP_SHORTAGE_RISK remains after advisory placement.,REVIEW_WIP_BUFFER,False,True
SALT-REV-0830,PHASE4-MPS-20260726202343,ALT-BASELINE,,SKU-BIKE-MT-001,MT-OP-030,WIP_SHORTAGE_OR_OVERFLOW,HIGH,WIP status WIP_SHORTAGE_RISK remains after advisory placement.,REVIEW_WIP_BUFFER,False,True
SALT-REV-0831,PHASE4-MPS-20260726202343,ALT-BASELINE,,SKU-BIKE-MT-001,MT-OP-040,WIP_SHORTAGE_OR_OVERFLOW,HIGH,WIP status WIP_SHORTAGE_RISK remains after advisory placement.,REVIEW_WIP_BUFFER,False,True
SALT-REV-0832,PHASE4-MPS-20260726202343,ALT-BASELINE,,SKU-BIKE-MT-001,MT-OP-050,WIP_SHORTAGE_OR_OVERFLOW,HIGH,WIP status WIP_SHORTAGE_RISK remains after advisory placement.,REVIEW_WIP_BUFFER,False,True
SALT-REV-0833,PHASE4-MPS-20260726202343,ALT-BASELINE,,SKU-BIKE-MT-001,MT-OP-060,WIP_SHORTAGE_OR_OVERFLOW,HIGH,WIP status WIP_SHORTAGE_RISK remains after advisory placement.,REVIEW_WIP_BUFFER,False,True
SALT-REV-0834,PHASE4-MPS-20260726202343,ALT-BASELINE,,SKU-BIKE-ROAD-001,ROAD-OP-020,WIP_SHORTAGE_OR_OVERFLOW,HIGH,WIP status WIP_SHORTAGE_RISK remains after advisory placement.,REVIEW_WIP_BUFFER,False,True
SALT-REV-0835,PHASE4-MPS-20260726202343,ALT-BASELINE,,SKU-BIKE-ROAD-001,ROAD-OP-030,WIP_SHORTAGE_OR_OVERFLOW,HIGH,WIP status WIP_SHORTAGE_RISK remains after advisory placement.,REVIEW_WIP_BUFFER,False,True
SALT-REV-0836,PHASE4-MPS-20260726202343,ALT-BASELINE,,SKU-BIKE-ROAD-001,ROAD-OP-050,WIP_SHORTAGE_OR_OVERFLOW,HIGH,WIP status WIP_SHORTAGE_RISK remains after advisory placement.,REVIEW_WIP_BUFFER,False,True
SALT-REV-0837,PHASE4-MPS-20260726202343,ALT-BASELINE,,SKU-BIKE-MT-001,MT-OP-020,WIP_SHORTAGE_OR_OVERFLOW,HIGH,WIP status WIP_SHORTAGE_RISK remains after advisory placement.,REVIEW_WIP_BUFFER,False,True
SALT-REV-0838,PHASE4-MPS-20260726202343,ALT-BASELINE,,SKU-BIKE-MT-001,MT-OP-030,WIP_SHORTAGE_OR_OVERFLOW,HIGH,WIP status WIP_SHORTAGE_RISK remains after advisory placement.,REVIEW_WIP_BUFFER,False,True
SALT-REV-0839,PHASE4-MPS-20260726202343,ALT-BASELINE,,SKU-BIKE-MT-001,MT-OP-040,WIP_SHORTAGE_OR_OVERFLOW,HIGH,WIP status WIP_SHORTAGE_RISK remains after advisory placement.,REVIEW_WIP_BUFFER,False,True
SALT-REV-0840,PHASE4-MPS-20260726202343,ALT-BASELINE,,SKU-BIKE-MT-001,MT-OP-050,WIP_SHORTAGE_OR_OVERFLOW,HIGH,WIP status WIP_SHORTAGE_RISK remains after advisory placement.,REVIEW_WIP_BUFFER,False,True
SALT-REV-0841,PHASE4-MPS-20260726202343,ALT-BASELINE,,SKU-BIKE-MT-001,MT-OP-060,WIP_SHORTAGE_OR_OVERFLOW,HIGH,WIP status WIP_SHORTAGE_RISK remains after advisory placement.,REVIEW_WIP_BUFFER,False,True
SALT-REV-0842,PHASE4-MPS-20260726202343,ALT-BASELINE,,SKU-BIKE-ROAD-001,ROAD-OP-020,WIP_SHORTAGE_OR_OVERFLOW,HIGH,WIP status WIP_SHORTAGE_RISK remains after advisory placement.,REVIEW_WIP_BUFFER,False,True
SALT-REV-0843,PHASE4-MPS-20260726202343,ALT-BASELINE,,SKU-BIKE-ROAD-001,ROAD-OP-030,WIP_SHORTAGE_OR_OVERFLOW,HIGH,WIP status WIP_SHORTAGE_RISK remains after advisory placement.,REVIEW_WIP_BUFFER,False,True
SALT-REV-0844,PHASE4-MPS-20260726202343,ALT-BASELINE,,SKU-BIKE-ROAD-001,ROAD-OP-050,WIP_SHORTAGE_OR_OVERFLOW,HIGH,WIP status WIP_SHORTAGE_RISK remains after advisory placement.,REVIEW_WIP_BUFFER,False,True
SALT-REV-0845,PHASE4-MPS-20260726202343,ALT-BASELINE,,SKU-BIKE-MT-001,MT-OP-020,WIP_SHORTAGE_OR_OVERFLOW,HIGH,WIP status WIP_SHORTAGE_RISK remains after advisory placement.,REVIEW_WIP_BUFFER,False,True
SALT-REV-0846,PHASE4-MPS-20260726202343,ALT-BASELINE,,SKU-BIKE-MT-001,MT-OP-030,WIP_SHORTAGE_OR_OVERFLOW,HIGH,WIP status WIP_SHORTAGE_RISK remains after advisory placement.,REVIEW_WIP_BUFFER,False,True
SALT-REV-0847,PHASE4-MPS-20260726202343,ALT-BASELINE,,SKU-BIKE-MT-001,MT-OP-040,WIP_SHORTAGE_OR_OVERFLOW,HIGH,WIP status WIP_SHORTAGE_RISK remains after advisory placement.,REVIEW_WIP_BUFFER,False,True
SALT-REV-0848,PHASE4-MPS-20260726202343,ALT-BASELINE,,SKU-BIKE-MT-001,MT-OP-050,WIP_SHORTAGE_OR_OVERFLOW,HIGH,WIP status WIP_SHORTAGE_RISK remains after advisory placement.,REVIEW_WIP_BUFFER,False,True
SALT-REV-0849,PHASE4-MPS-20260726202343,ALT-BASELINE,,SKU-BIKE-MT-001,MT-OP-060,WIP_SHORTAGE_OR_OVERFLOW,HIGH,WIP status WIP_SHORTAGE_RISK remains after advisory placement.,REVIEW_WIP_BUFFER,False,True
SALT-REV-0850,PHASE4-MPS-20260726202343,ALT-BASELINE,,SKU-BIKE-ROAD-001,ROAD-OP-020,WIP_SHORTAGE_OR_OVERFLOW,HIGH,WIP status WIP_SHORTAGE_RISK remains after advisory placement.,REVIEW_WIP_BUFFER,False,True
SALT-REV-0851,PHASE4-MPS-20260726202343,ALT-BASELINE,,SKU-BIKE-ROAD-001,ROAD-OP-030,WIP_SHORTAGE_OR_OVERFLOW,HIGH,WIP status WIP_SHORTAGE_RISK remains after advisory placement.,REVIEW_WIP_BUFFER,False,True
SALT-REV-0852,PHASE4-MPS-20260726202343,ALT-BASELINE,,SKU-BIKE-ROAD-001,ROAD-OP-050,WIP_SHORTAGE_OR_OVERFLOW,HIGH,WIP status WIP_SHORTAGE_RISK remains after advisory placement.,REVIEW_WIP_BUFFER,False,True
SALT-REV-0853,PHASE4-MPS-20260726202343,ALT-BASELINE,,SKU-BIKE-MT-001,MT-OP-020,WIP_SHORTAGE_OR_OVERFLOW,HIGH,WIP status WIP_SHORTAGE_RISK remains after advisory placement.,REVIEW_WIP_BUFFER,False,True
SALT-REV-0854,PHASE4-MPS-20260726202343,ALT-BASELINE,,SKU-BIKE-MT-001,MT-OP-030,WIP_SHORTAGE_OR_OVERFLOW,HIGH,WIP status WIP_SHORTAGE_RISK remains after advisory placement.,REVIEW_WIP_BUFFER,False,True
SALT-REV-0855,PHASE4-MPS-20260726202343,ALT-BASELINE,,SKU-BIKE-MT-001,MT-OP-040,WIP_SHORTAGE_OR_OVERFLOW,HIGH,WIP status WIP_SHORTAGE_RISK remains after advisory placement.,REVIEW_WIP_BUFFER,False,True
SALT-REV-0856,PHASE4-MPS-20260726202343,ALT-BASELINE,,SKU-BIKE-MT-001,MT-OP-050,WIP_SHORTAGE_OR_OVERFLOW,HIGH,WIP status WIP_SHORTAGE_RISK remains after advisory placement.,REVIEW_WIP_BUFFER,False,True
SALT-REV-0857,PHASE4-MPS-20260726202343,ALT-BASELINE,,SKU-BIKE-MT-001,MT-OP-060,WIP_SHORTAGE_OR_OVERFLOW,HIGH,WIP status WIP_SHORTAGE_RISK remains after advisory placement.,REVIEW_WIP_BUFFER,False,True
SALT-REV-0858,PHASE4-MPS-20260726202343,ALT-BASELINE,,SKU-BIKE-ROAD-001,ROAD-OP-020,WIP_SHORTAGE_OR_OVERFLOW,HIGH,WIP status WIP_SHORTAGE_RISK remains after advisory placement.,REVIEW_WIP_BUFFER,False,True
SALT-REV-0859,PHASE4-MPS-20260726202343,ALT-BASELINE,,SKU-BIKE-ROAD-001,ROAD-OP-030,WIP_SHORTAGE_OR_OVERFLOW,HIGH,WIP status WIP_SHORTAGE_RISK remains after advisory placement.,REVIEW_WIP_BUFFER,False,True
SALT-REV-0860,PHASE4-MPS-20260726202343,ALT-BASELINE,,SKU-BIKE-ROAD-001,ROAD-OP-050,WIP_SHORTAGE_OR_OVERFLOW,HIGH,WIP status WIP_SHORTAGE_RISK remains after advisory placement.,REVIEW_WIP_BUFFER,False,True
SALT-REV-0861,PHASE4-MPS-20260726202343,ALT-BASELINE,,SKU-BIKE-MT-001,MT-OP-020,WIP_SHORTAGE_OR_OVERFLOW,HIGH,WIP status WIP_SHORTAGE_RISK remains after advisory placement.,REVIEW_WIP_BUFFER,False,True
SALT-REV-0862,PHASE4-MPS-20260726202343,ALT-BASELINE,,SKU-BIKE-MT-001,MT-OP-030,WIP_SHORTAGE_OR_OVERFLOW,HIGH,WIP status WIP_SHORTAGE_RISK remains after advisory placement.,REVIEW_WIP_BUFFER,False,True
SALT-REV-0863,PHASE4-MPS-20260726202343,ALT-BASELINE,,SKU-BIKE-MT-001,MT-OP-040,WIP_SHORTAGE_OR_OVERFLOW,HIGH,WIP status WIP_SHORTAGE_RISK remains after advisory placement.,REVIEW_WIP_BUFFER,False,True
SALT-REV-0864,PHASE4-MPS-20260726202343,ALT-BASELINE,,SKU-BIKE-MT-001,MT-OP-050,WIP_SHORTAGE_OR_OVERFLOW,HIGH,WIP status WIP_SHORTAGE_RISK remains after advisory placement.,REVIEW_WIP_BUFFER,False,True
SALT-REV-0865,PHASE4-MPS-20260726202343,ALT-BASELINE,,SKU-BIKE-MT-001,MT-OP-060,WIP_SHORTAGE_OR_OVERFLOW,HIGH,WIP status OUTPUT_BUFFER_CAPACITY_BLOCK remains after advisory placement.,REVIEW_WIP_BUFFER,False,True
SALT-REV-0866,PHASE4-MPS-20260726202343,ALT-BASELINE,,SKU-BIKE-ROAD-001,ROAD-OP-020,WIP_SHORTAGE_OR_OVERFLOW,HIGH,WIP status WIP_SHORTAGE_RISK remains after advisory placement.,REVIEW_WIP_BUFFER,False,True
SALT-REV-0867,PHASE4-MPS-20260726202343,ALT-BASELINE,,SKU-BIKE-ROAD-001,ROAD-OP-030,WIP_SHORTAGE_OR_OVERFLOW,HIGH,WIP status WIP_SHORTAGE_RISK remains after advisory placement.,REVIEW_WIP_BUFFER,False,True
SALT-REV-0868,PHASE4-MPS-20260726202343,ALT-BASELINE,,SKU-BIKE-ROAD-001,ROAD-OP-040,WIP_SHORTAGE_OR_OVERFLOW,HIGH,WIP status OUTPUT_BUFFER_CAPACITY_BLOCK remains after advisory placement.,REVIEW_WIP_BUFFER,False,True
SALT-REV-0869,PHASE4-MPS-20260726202343,ALT-BASELINE,,SKU-BIKE-ROAD-001,ROAD-OP-040,WIP_SHORTAGE_OR_OVERFLOW,HIGH,WIP status OUTPUT_BUFFER_CAPACITY_BLOCK remains after advisory placement.,REVIEW_WIP_BUFFER,False,True
SALT-REV-0870,PHASE4-MPS-20260726202343,ALT-BASELINE,,SKU-BIKE-ROAD-001,ROAD-OP-050,WIP_SHORTAGE_OR_OVERFLOW,HIGH,WIP status WIP_SHORTAGE_RISK remains after advisory placement.,REVIEW_WIP_BUFFER,False,True
SALT-REV-0871,PHASE4-MPS-20260726202343,ALT-BASELINE,,SKU-BIKE-MT-001,MT-OP-010,WIP_SHORTAGE_OR_OVERFLOW,HIGH,WIP status OUTPUT_BUFFER_CAPACITY_BLOCK remains after advisory placement.,REVIEW_WIP_BUFFER,False,True
SALT-REV-0872,PHASE4-MPS-20260726202343,ALT-BASELINE,,SKU-BIKE-MT-001,MT-OP-020,WIP_SHORTAGE_OR_OVERFLOW,HIGH,WIP status WIP_SHORTAGE_RISK remains after advisory placement.,REVIEW_WIP_BUFFER,False,True
SALT-REV-0873,PHASE4-MPS-20260726202343,ALT-BASELINE,,SKU-BIKE-MT-001,MT-OP-030,WIP_SHORTAGE_OR_OVERFLOW,HIGH,WIP status WIP_SHORTAGE_RISK remains after advisory placement.,REVIEW_WIP_BUFFER,False,True
SALT-REV-0874,PHASE4-MPS-20260726202343,ALT-BASELINE,,SKU-BIKE-MT-001,MT-OP-040,WIP_SHORTAGE_OR_OVERFLOW,HIGH,WIP status WIP_SHORTAGE_RISK remains after advisory placement.,REVIEW_WIP_BUFFER,False,True
SALT-REV-0875,PHASE4-MPS-20260726202343,ALT-BASELINE,,SKU-BIKE-MT-001,MT-OP-050,WIP_SHORTAGE_OR_OVERFLOW,HIGH,WIP status OUTPUT_BUFFER_CAPACITY_BLOCK remains after advisory placement.,REVIEW_WIP_BUFFER,False,True
SALT-REV-0876,PHASE4-MPS-20260726202343,ALT-BASELINE,,SKU-BIKE-MT-001,MT-OP-050,WIP_SHORTAGE_OR_OVERFLOW,HIGH,WIP status OUTPUT_BUFFER_CAPACITY_BLOCK remains after advisory placement.,REVIEW_WIP_BUFFER,False,True
SALT-REV-0877,PHASE4-MPS-20260726202343,ALT-BASELINE,,SKU-BIKE-MT-001,MT-OP-050,WIP_SHORTAGE_OR_OVERFLOW,HIGH,WIP status OUTPUT_BUFFER_CAPACITY_BLOCK remains after advisory placement.,REVIEW_WIP_BUFFER,False,True
SALT-REV-0878,PHASE4-MPS-20260726202343,ALT-BASELINE,,SKU-BIKE-MT-001,MT-OP-060,WIP_SHORTAGE_OR_OVERFLOW,HIGH,WIP status OUTPUT_BUFFER_CAPACITY_BLOCK remains after advisory placement.,REVIEW_WIP_BUFFER,False,True
SALT-REV-0879,PHASE4-MPS-20260726202343,ALT-BASELINE,,SKU-BIKE-ROAD-001,ROAD-OP-020,WIP_SHORTAGE_OR_OVERFLOW,HIGH,WIP status OUTPUT_BUFFER_CAPACITY_BLOCK remains after advisory placement.,REVIEW_WIP_BUFFER,False,True
SALT-REV-0880,PHASE4-MPS-20260726202343,ALT-BASELINE,,SKU-BIKE-ROAD-001,ROAD-OP-030,WIP_SHORTAGE_OR_OVERFLOW,HIGH,WIP status OUTPUT_BUFFER_CAPACITY_BLOCK remains after advisory placement.,REVIEW_WIP_BUFFER,False,True
SALT-REV-0881,PHASE4-MPS-20260726202343,ALT-BASELINE,,SKU-BIKE-ROAD-001,ROAD-OP-040,WIP_SHORTAGE_OR_OVERFLOW,HIGH,WIP status OUTPUT_BUFFER_CAPACITY_BLOCK remains after advisory placement.,REVIEW_WIP_BUFFER,False,True
SALT-REV-0882,PHASE4-MPS-20260726202343,ALT-BASELINE,,SKU-BIKE-ROAD-001,ROAD-OP-040,WIP_SHORTAGE_OR_OVERFLOW,HIGH,WIP status OUTPUT_BUFFER_CAPACITY_BLOCK remains after advisory placement.,REVIEW_WIP_BUFFER,False,True
SALT-REV-0883,PHASE4-MPS-20260726202343,ALT-BASELINE,,SKU-BIKE-ROAD-001,ROAD-OP-050,WIP_SHORTAGE_OR_OVERFLOW,HIGH,WIP status WIP_SHORTAGE_RISK remains after advisory placement.,REVIEW_WIP_BUFFER,False,True
SALT-REV-0884,PHASE4-MPS-20260726202343,ALT-BASELINE,,SKU-BIKE-MT-001,MT-OP-020,WIP_SHORTAGE_OR_OVERFLOW,HIGH,WIP status WIP_SHORTAGE_RISK remains after advisory placement.,REVIEW_WIP_BUFFER,False,True
SALT-REV-0885,PHASE4-MPS-20260726202343,ALT-BASELINE,,SKU-BIKE-MT-001,MT-OP-030,WIP_SHORTAGE_OR_OVERFLOW,HIGH,WIP status WIP_SHORTAGE_RISK remains after advisory placement.,REVIEW_WIP_BUFFER,False,True
SALT-REV-0886,PHASE4-MPS-20260726202343,ALT-BASELINE,,SKU-BIKE-MT-001,MT-OP-040,WIP_SHORTAGE_OR_OVERFLOW,HIGH,WIP status WIP_SHORTAGE_RISK remains after advisory placement.,REVIEW_WIP_BUFFER,False,True
SALT-REV-0887,PHASE4-MPS-20260726202343,ALT-BASELINE,,SKU-BIKE-MT-001,MT-OP-050,WIP_SHORTAGE_OR_OVERFLOW,HIGH,WIP status OUTPUT_BUFFER_CAPACITY_BLOCK remains after advisory placement.,REVIEW_WIP_BUFFER,False,True
SALT-REV-0888,PHASE4-MPS-20260726202343,ALT-BASELINE,,SKU-BIKE-MT-001,MT-OP-050,WIP_SHORTAGE_OR_OVERFLOW,HIGH,WIP status OUTPUT_BUFFER_CAPACITY_BLOCK remains after advisory placement.,REVIEW_WIP_BUFFER,False,True
SALT-REV-0889,PHASE4-MPS-20260726202343,ALT-BASELINE,,SKU-BIKE-MT-001,MT-OP-050,WIP_SHORTAGE_OR_OVERFLOW,HIGH,WIP status OUTPUT_BUFFER_CAPACITY_BLOCK remains after advisory placement.,REVIEW_WIP_BUFFER,False,True
SALT-REV-0890,PHASE4-MPS-20260726202343,ALT-BASELINE,,SKU-BIKE-MT-001,MT-OP-060,WIP_SHORTAGE_OR_OVERFLOW,HIGH,WIP status OUTPUT_BUFFER_CAPACITY_BLOCK remains after advisory placement.,REVIEW_WIP_BUFFER,False,True
SALT-REV-0891,PHASE4-MPS-20260726202343,ALT-BASELINE,,SKU-BIKE-ROAD-001,ROAD-OP-010,WIP_SHORTAGE_OR_OVERFLOW,HIGH,WIP status OUTPUT_BUFFER_CAPACITY_BLOCK remains after advisory placement.,REVIEW_WIP_BUFFER,False,True
SALT-REV-0892,PHASE4-MPS-20260726202343,ALT-BASELINE,,SKU-BIKE-ROAD-001,ROAD-OP-020,WIP_SHORTAGE_OR_OVERFLOW,HIGH,WIP status OUTPUT_BUFFER_CAPACITY_BLOCK remains after advisory placement.,REVIEW_WIP_BUFFER,False,True
SALT-REV-0893,PHASE4-MPS-20260726202343,ALT-BASELINE,,SKU-BIKE-ROAD-001,ROAD-OP-030,WIP_SHORTAGE_OR_OVERFLOW,HIGH,WIP status OUTPUT_BUFFER_CAPACITY_BLOCK remains after advisory placement.,REVIEW_WIP_BUFFER,False,True
SALT-REV-0894,PHASE4-MPS-20260726202343,ALT-BASELINE,,SKU-BIKE-ROAD-001,ROAD-OP-040,WIP_SHORTAGE_OR_OVERFLOW,HIGH,WIP status OUTPUT_BUFFER_CAPACITY_BLOCK remains after advisory placement.,REVIEW_WIP_BUFFER,False,True
SALT-REV-0895,PHASE4-MPS-20260726202343,ALT-BASELINE,,SKU-BIKE-ROAD-001,ROAD-OP-040,WIP_SHORTAGE_OR_OVERFLOW,HIGH,WIP status OUTPUT_BUFFER_CAPACITY_BLOCK remains after advisory placement.,REVIEW_WIP_BUFFER,False,True
SALT-REV-0896,PHASE4-MPS-20260726202343,ALT-BASELINE,,SKU-BIKE-ROAD-001,ROAD-OP-050,WIP_SHORTAGE_OR_OVERFLOW,HIGH,WIP status WIP_SHORTAGE_RISK remains after advisory placement.,REVIEW_WIP_BUFFER,False,True
SALT-REV-0897,PHASE4-MPS-20260726202343,ALT-BASELINE,,SKU-BIKE-MT-001,MT-OP-020,WIP_SHORTAGE_OR_OVERFLOW,HIGH,WIP status WIP_SHORTAGE_RISK remains after advisory placement.,REVIEW_WIP_BUFFER,False,True
SALT-REV-0898,PHASE4-MPS-20260726202343,ALT-BASELINE,,SKU-BIKE-MT-001,MT-OP-030,WIP_SHORTAGE_OR_OVERFLOW,HIGH,WIP status OUTPUT_BUFFER_CAPACITY_BLOCK remains after advisory placement.,REVIEW_WIP_BUFFER,False,True
SALT-REV-0899,PHASE4-MPS-20260726202343,ALT-BASELINE,,SKU-BIKE-MT-001,MT-OP-040,WIP_SHORTAGE_OR_OVERFLOW,HIGH,WIP status OUTPUT_BUFFER_CAPACITY_BLOCK remains after advisory placement.,REVIEW_WIP_BUFFER,False,True
SALT-REV-0900,PHASE4-MPS-20260726202343,ALT-BASELINE,,SKU-BIKE-MT-001,MT-OP-050,WIP_SHORTAGE_OR_OVERFLOW,HIGH,WIP status OUTPUT_BUFFER_CAPACITY_BLOCK remains after advisory placement.,REVIEW_WIP_BUFFER,False,True
SALT-REV-0901,PHASE4-MPS-20260726202343,ALT-BASELINE,,SKU-BIKE-MT-001,MT-OP-050,WIP_SHORTAGE_OR_OVERFLOW,HIGH,WIP status OUTPUT_BUFFER_CAPACITY_BLOCK remains after advisory placement.,REVIEW_WIP_BUFFER,False,True
SALT-REV-0902,PHASE4-MPS-20260726202343,ALT-BASELINE,,SKU-BIKE-MT-001,MT-OP-050,WIP_SHORTAGE_OR_OVERFLOW,HIGH,WIP status OUTPUT_BUFFER_CAPACITY_BLOCK remains after advisory placement.,REVIEW_WIP_BUFFER,False,True
SALT-REV-0903,PHASE4-MPS-20260726202343,ALT-BASELINE,,SKU-BIKE-MT-001,MT-OP-060,WIP_SHORTAGE_OR_OVERFLOW,HIGH,WIP status OUTPUT_BUFFER_CAPACITY_BLOCK remains after advisory placement.,REVIEW_WIP_BUFFER,False,True
SALT-REV-0904,PHASE4-MPS-20260726202343,ALT-BASELINE,,SKU-BIKE-ROAD-001,ROAD-OP-020,WIP_SHORTAGE_OR_OVERFLOW,HIGH,WIP status OUTPUT_BUFFER_CAPACITY_BLOCK remains after advisory placement.,REVIEW_WIP_BUFFER,False,True
SALT-REV-0905,PHASE4-MPS-20260726202343,ALT-BASELINE,,SKU-BIKE-ROAD-001,ROAD-OP-030,WIP_SHORTAGE_OR_OVERFLOW,HIGH,WIP status OUTPUT_BUFFER_CAPACITY_BLOCK remains after advisory placement.,REVIEW_WIP_BUFFER,False,True
SALT-REV-0906,PHASE4-MPS-20260726202343,ALT-BASELINE,,SKU-BIKE-ROAD-001,ROAD-OP-040,WIP_SHORTAGE_OR_OVERFLOW,HIGH,WIP status OUTPUT_BUFFER_CAPACITY_BLOCK remains after advisory placement.,REVIEW_WIP_BUFFER,False,True
SALT-REV-0907,PHASE4-MPS-20260726202343,ALT-BASELINE,,SKU-BIKE-ROAD-001,ROAD-OP-040,WIP_SHORTAGE_OR_OVERFLOW,HIGH,WIP status OUTPUT_BUFFER_CAPACITY_BLOCK remains after advisory placement.,REVIEW_WIP_BUFFER,False,True
SALT-REV-0908,PHASE4-MPS-20260726202343,ALT-BASELINE,,SKU-BIKE-ROAD-001,ROAD-OP-050,WIP_SHORTAGE_OR_OVERFLOW,HIGH,WIP status WIP_SHORTAGE_RISK remains after advisory placement.,REVIEW_WIP_BUFFER,False,True
SALT-REV-0909,PHASE4-MPS-20260726202343,ALT-BASELINE,,SKU-BIKE-MT-001,MT-OP-020,WIP_SHORTAGE_OR_OVERFLOW,HIGH,WIP status OUTPUT_BUFFER_CAPACITY_BLOCK remains after advisory placement.,REVIEW_WIP_BUFFER,False,True
SALT-REV-0910,PHASE4-MPS-20260726202343,ALT-BASELINE,,SKU-BIKE-MT-001,MT-OP-030,WIP_SHORTAGE_OR_OVERFLOW,HIGH,WIP status OUTPUT_BUFFER_CAPACITY_BLOCK remains after advisory placement.,REVIEW_WIP_BUFFER,False,True
SALT-REV-0911,PHASE4-MPS-20260726202343,ALT-BASELINE,,SKU-BIKE-MT-001,MT-OP-040,WIP_SHORTAGE_OR_OVERFLOW,HIGH,WIP status OUTPUT_BUFFER_CAPACITY_BLOCK remains after advisory placement.,REVIEW_WIP_BUFFER,False,True
SALT-REV-0912,PHASE4-MPS-20260726202343,ALT-BASELINE,,SKU-BIKE-MT-001,MT-OP-050,WIP_SHORTAGE_OR_OVERFLOW,HIGH,WIP status OUTPUT_BUFFER_CAPACITY_BLOCK remains after advisory placement.,REVIEW_WIP_BUFFER,False,True
SALT-REV-0913,PHASE4-MPS-20260726202343,ALT-BASELINE,,SKU-BIKE-MT-001,MT-OP-050,WIP_SHORTAGE_OR_OVERFLOW,HIGH,WIP status OUTPUT_BUFFER_CAPACITY_BLOCK remains after advisory placement.,REVIEW_WIP_BUFFER,False,True
SALT-REV-0914,PHASE4-MPS-20260726202343,ALT-BASELINE,,SKU-BIKE-MT-001,MT-OP-050,WIP_SHORTAGE_OR_OVERFLOW,HIGH,WIP status OUTPUT_BUFFER_CAPACITY_BLOCK remains after advisory placement.,REVIEW_WIP_BUFFER,False,True
SALT-REV-0915,PHASE4-MPS-20260726202343,ALT-BASELINE,,SKU-BIKE-MT-001,MT-OP-060,WIP_SHORTAGE_OR_OVERFLOW,HIGH,WIP status OUTPUT_BUFFER_CAPACITY_BLOCK remains after advisory placement.,REVIEW_WIP_BUFFER,False,True
SALT-REV-0916,PHASE4-MPS-20260726202343,ALT-BASELINE,,SKU-BIKE-ROAD-001,ROAD-OP-010,WIP_SHORTAGE_OR_OVERFLOW,HIGH,WIP status OUTPUT_BUFFER_CAPACITY_BLOCK remains after advisory placement.,REVIEW_WIP_BUFFER,False,True
SALT-REV-0917,PHASE4-MPS-20260726202343,ALT-BASELINE,,SKU-BIKE-ROAD-001,ROAD-OP-020,WIP_SHORTAGE_OR_OVERFLOW,HIGH,WIP status OUTPUT_BUFFER_CAPACITY_BLOCK remains after advisory placement.,REVIEW_WIP_BUFFER,False,True
SALT-REV-0918,PHASE4-MPS-20260726202343,ALT-BASELINE,,SKU-BIKE-ROAD-001,ROAD-OP-030,WIP_SHORTAGE_OR_OVERFLOW,HIGH,WIP status OUTPUT_BUFFER_CAPACITY_BLOCK remains after advisory placement.,REVIEW_WIP_BUFFER,False,True
SALT-REV-0919,PHASE4-MPS-20260726202343,ALT-BASELINE,,SKU-BIKE-ROAD-001,ROAD-OP-040,WIP_SHORTAGE_OR_OVERFLOW,HIGH,WIP status OUTPUT_BUFFER_CAPACITY_BLOCK remains after advisory placement.,REVIEW_WIP_BUFFER,False,True
SALT-REV-0920,PHASE4-MPS-20260726202343,ALT-BASELINE,,SKU-BIKE-ROAD-001,ROAD-OP-040,WIP_SHORTAGE_OR_OVERFLOW,HIGH,WIP status OUTPUT_BUFFER_CAPACITY_BLOCK remains after advisory placement.,REVIEW_WIP_BUFFER,False,True
SALT-REV-0921,PHASE4-MPS-20260726202343,ALT-BASELINE,,SKU-BIKE-ROAD-001,ROAD-OP-050,WIP_SHORTAGE_OR_OVERFLOW,HIGH,WIP status WIP_SHORTAGE_RISK remains after advisory placement.,REVIEW_WIP_BUFFER,False,True
SALT-REV-0922,PHASE4-MPS-20260726202343,ALT-BASELINE,,SKU-BIKE-MT-001,MT-OP-020,WIP_SHORTAGE_OR_OVERFLOW,HIGH,WIP status OUTPUT_BUFFER_CAPACITY_BLOCK remains after advisory placement.,REVIEW_WIP_BUFFER,False,True
SALT-REV-0923,PHASE4-MPS-20260726202343,ALT-BASELINE,,SKU-BIKE-MT-001,MT-OP-030,WIP_SHORTAGE_OR_OVERFLOW,HIGH,WIP status OUTPUT_BUFFER_CAPACITY_BLOCK remains after advisory placement.,REVIEW_WIP_BUFFER,False,True
SALT-REV-0924,PHASE4-MPS-20260726202343,ALT-BASELINE,,SKU-BIKE-MT-001,MT-OP-040,WIP_SHORTAGE_OR_OVERFLOW,HIGH,WIP status OUTPUT_BUFFER_CAPACITY_BLOCK remains after advisory placement.,REVIEW_WIP_BUFFER,False,True
SALT-REV-0925,PHASE4-MPS-20260726202343,ALT-BASELINE,,SKU-BIKE-MT-001,MT-OP-050,WIP_SHORTAGE_OR_OVERFLOW,HIGH,WIP status OUTPUT_BUFFER_CAPACITY_BLOCK remains after advisory placement.,REVIEW_WIP_BUFFER,False,True
SALT-REV-0926,PHASE4-MPS-20260726202343,ALT-BASELINE,,SKU-BIKE-MT-001,MT-OP-050,WIP_SHORTAGE_OR_OVERFLOW,HIGH,WIP status OUTPUT_BUFFER_CAPACITY_BLOCK remains after advisory placement.,REVIEW_WIP_BUFFER,False,True
SALT-REV-0927,PHASE4-MPS-20260726202343,ALT-BASELINE,,SKU-BIKE-MT-001,MT-OP-050,WIP_SHORTAGE_OR_OVERFLOW,HIGH,WIP status OUTPUT_BUFFER_CAPACITY_BLOCK remains after advisory placement.,REVIEW_WIP_BUFFER,False,True
SALT-REV-0928,PHASE4-MPS-20260726202343,ALT-BASELINE,,SKU-BIKE-MT-001,MT-OP-060,WIP_SHORTAGE_OR_OVERFLOW,HIGH,WIP status OUTPUT_BUFFER_CAPACITY_BLOCK remains after advisory placement.,REVIEW_WIP_BUFFER,False,True
SALT-REV-0929,PHASE4-MPS-20260726202343,ALT-BASELINE,,SKU-BIKE-ROAD-001,ROAD-OP-010,WIP_SHORTAGE_OR_OVERFLOW,HIGH,WIP status OUTPUT_BUFFER_CAPACITY_BLOCK remains after advisory placement.,REVIEW_WIP_BUFFER,False,True
SALT-REV-0930,PHASE4-MPS-20260726202343,ALT-BASELINE,,SKU-BIKE-ROAD-001,ROAD-OP-020,WIP_SHORTAGE_OR_OVERFLOW,HIGH,WIP status OUTPUT_BUFFER_CAPACITY_BLOCK remains after advisory placement.,REVIEW_WIP_BUFFER,False,True
SALT-REV-0931,PHASE4-MPS-20260726202343,ALT-BASELINE,,SKU-BIKE-ROAD-001,ROAD-OP-030,WIP_SHORTAGE_OR_OVERFLOW,HIGH,WIP status OUTPUT_BUFFER_CAPACITY_BLOCK remains after advisory placement.,REVIEW_WIP_BUFFER,False,True
SALT-REV-0932,PHASE4-MPS-20260726202343,ALT-BASELINE,,SKU-BIKE-ROAD-001,ROAD-OP-040,WIP_SHORTAGE_OR_OVERFLOW,HIGH,WIP status OUTPUT_BUFFER_CAPACITY_BLOCK remains after advisory placement.,REVIEW_WIP_BUFFER,False,True
SALT-REV-0933,PHASE4-MPS-20260726202343,ALT-BASELINE,,SKU-BIKE-ROAD-001,ROAD-OP-040,WIP_SHORTAGE_OR_OVERFLOW,HIGH,WIP status OUTPUT_BUFFER_CAPACITY_BLOCK remains after advisory placement.,REVIEW_WIP_BUFFER,False,True
SALT-REV-0934,PHASE4-MPS-20260726202343,ALT-BASELINE,,SKU-BIKE-ROAD-001,ROAD-OP-050,WIP_SHORTAGE_OR_OVERFLOW,HIGH,WIP status WIP_SHORTAGE_RISK remains after advisory placement.,REVIEW_WIP_BUFFER,False,True
SALT-REV-0935,PHASE4-MPS-20260726202343,ALT-BASELINE,,SKU-BIKE-MT-001,MT-OP-020,WIP_SHORTAGE_OR_OVERFLOW,HIGH,WIP status OUTPUT_BUFFER_CAPACITY_BLOCK remains after advisory placement.,REVIEW_WIP_BUFFER,False,True
SALT-REV-0936,PHASE4-MPS-20260726202343,ALT-BASELINE,,SKU-BIKE-MT-001,MT-OP-030,WIP_SHORTAGE_OR_OVERFLOW,HIGH,WIP status OUTPUT_BUFFER_CAPACITY_BLOCK remains after advisory placement.,REVIEW_WIP_BUFFER,False,True
SALT-REV-0937,PHASE4-MPS-20260726202343,ALT-BASELINE,,SKU-BIKE-MT-001,MT-OP-040,WIP_SHORTAGE_OR_OVERFLOW,HIGH,WIP status OUTPUT_BUFFER_CAPACITY_BLOCK remains after advisory placement.,REVIEW_WIP_BUFFER,False,True
SALT-REV-0938,PHASE4-MPS-20260726202343,ALT-BASELINE,,SKU-BIKE-MT-001,MT-OP-050,WIP_SHORTAGE_OR_OVERFLOW,HIGH,WIP status OUTPUT_BUFFER_CAPACITY_BLOCK remains after advisory placement.,REVIEW_WIP_BUFFER,False,True
SALT-REV-0939,PHASE4-MPS-20260726202343,ALT-BASELINE,,SKU-BIKE-MT-001,MT-OP-050,WIP_SHORTAGE_OR_OVERFLOW,HIGH,WIP status OUTPUT_BUFFER_CAPACITY_BLOCK remains after advisory placement.,REVIEW_WIP_BUFFER,False,True
SALT-REV-0940,PHASE4-MPS-20260726202343,ALT-BASELINE,,SKU-BIKE-MT-001,MT-OP-050,WIP_SHORTAGE_OR_OVERFLOW,HIGH,WIP status OUTPUT_BUFFER_CAPACITY_BLOCK remains after advisory placement.,REVIEW_WIP_BUFFER,False,True
SALT-REV-0941,PHASE4-MPS-20260726202343,ALT-BASELINE,,SKU-BIKE-MT-001,MT-OP-060,WIP_SHORTAGE_OR_OVERFLOW,HIGH,WIP status OUTPUT_BUFFER_CAPACITY_BLOCK remains after advisory placement.,REVIEW_WIP_BUFFER,False,True
SALT-REV-0942,PHASE4-MPS-20260726202343,ALT-BASELINE,,SKU-BIKE-ROAD-001,ROAD-OP-010,WIP_SHORTAGE_OR_OVERFLOW,HIGH,WIP status OUTPUT_BUFFER_CAPACITY_BLOCK remains after advisory placement.,REVIEW_WIP_BUFFER,False,True
SALT-REV-0943,PHASE4-MPS-20260726202343,ALT-BASELINE,,SKU-BIKE-ROAD-001,ROAD-OP-020,WIP_SHORTAGE_OR_OVERFLOW,HIGH,WIP status OUTPUT_BUFFER_CAPACITY_BLOCK remains after advisory placement.,REVIEW_WIP_BUFFER,False,True
SALT-REV-0944,PHASE4-MPS-20260726202343,ALT-BASELINE,,SKU-BIKE-ROAD-001,ROAD-OP-030,WIP_SHORTAGE_OR_OVERFLOW,HIGH,WIP status OUTPUT_BUFFER_CAPACITY_BLOCK remains after advisory placement.,REVIEW_WIP_BUFFER,False,True
SALT-REV-0945,PHASE4-MPS-20260726202343,ALT-BASELINE,,SKU-BIKE-ROAD-001,ROAD-OP-040,WIP_SHORTAGE_OR_OVERFLOW,HIGH,WIP status OUTPUT_BUFFER_CAPACITY_BLOCK remains after advisory placement.,REVIEW_WIP_BUFFER,False,True
SALT-REV-0946,PHASE4-MPS-20260726202343,ALT-BASELINE,,SKU-BIKE-ROAD-001,ROAD-OP-040,WIP_SHORTAGE_OR_OVERFLOW,HIGH,WIP status OUTPUT_BUFFER_CAPACITY_BLOCK remains after advisory placement.,REVIEW_WIP_BUFFER,False,True
SALT-REV-0947,PHASE4-MPS-20260726202343,ALT-BASELINE,,SKU-BIKE-ROAD-001,ROAD-OP-050,WIP_SHORTAGE_OR_OVERFLOW,HIGH,WIP status WIP_SHORTAGE_RISK remains after advisory placement.,REVIEW_WIP_BUFFER,False,True
SALT-REV-0948,PHASE4-MPS-20260726202343,ALT-BASELINE,,SKU-BIKE-MT-001,MT-OP-020,WIP_SHORTAGE_OR_OVERFLOW,HIGH,WIP status WIP_SHORTAGE_RISK remains after advisory placement.,REVIEW_WIP_BUFFER,False,True
SALT-REV-0949,PHASE4-MPS-20260726202343,ALT-BASELINE,,SKU-BIKE-MT-001,MT-OP-030,WIP_SHORTAGE_OR_OVERFLOW,HIGH,WIP status WIP_SHORTAGE_RISK remains after advisory placement.,REVIEW_WIP_BUFFER,False,True
SALT-REV-0950,PHASE4-MPS-20260726202343,ALT-BASELINE,,SKU-BIKE-MT-001,MT-OP-040,WIP_SHORTAGE_OR_OVERFLOW,HIGH,WIP status WIP_SHORTAGE_RISK remains after advisory placement.,REVIEW_WIP_BUFFER,False,True
SALT-REV-0951,PHASE4-MPS-20260726202343,ALT-BASELINE,,SKU-BIKE-MT-001,MT-OP-050,WIP_SHORTAGE_OR_OVERFLOW,HIGH,WIP status WIP_SHORTAGE_RISK remains after advisory placement.,REVIEW_WIP_BUFFER,False,True
SALT-REV-0952,PHASE4-MPS-20260726202343,ALT-BASELINE,,SKU-BIKE-MT-001,MT-OP-060,WIP_SHORTAGE_OR_OVERFLOW,HIGH,WIP status OUTPUT_BUFFER_CAPACITY_BLOCK remains after advisory placement.,REVIEW_WIP_BUFFER,False,True
SALT-REV-0953,PHASE4-MPS-20260726202343,ALT-BASELINE,,SKU-BIKE-ROAD-001,ROAD-OP-020,WIP_SHORTAGE_OR_OVERFLOW,HIGH,WIP status WIP_SHORTAGE_RISK remains after advisory placement.,REVIEW_WIP_BUFFER,False,True
SALT-REV-0954,PHASE4-MPS-20260726202343,ALT-BASELINE,,SKU-BIKE-ROAD-001,ROAD-OP-030,WIP_SHORTAGE_OR_OVERFLOW,HIGH,WIP status WIP_SHORTAGE_RISK remains after advisory placement.,REVIEW_WIP_BUFFER,False,True
SALT-REV-0955,PHASE4-MPS-20260726202343,ALT-BASELINE,,SKU-BIKE-ROAD-001,ROAD-OP-040,WIP_SHORTAGE_OR_OVERFLOW,HIGH,WIP status OUTPUT_BUFFER_CAPACITY_BLOCK remains after advisory placement.,REVIEW_WIP_BUFFER,False,True
SALT-REV-0956,PHASE4-MPS-20260726202343,ALT-BASELINE,,SKU-BIKE-ROAD-001,ROAD-OP-040,WIP_SHORTAGE_OR_OVERFLOW,HIGH,WIP status OUTPUT_BUFFER_CAPACITY_BLOCK remains after advisory placement.,REVIEW_WIP_BUFFER,False,True
SALT-REV-0957,PHASE4-MPS-20260726202343,ALT-BASELINE,,SKU-BIKE-ROAD-001,ROAD-OP-050,WIP_SHORTAGE_OR_OVERFLOW,HIGH,WIP status WIP_SHORTAGE_RISK remains after advisory placement.,REVIEW_WIP_BUFFER,False,True
SALT-REV-0958,PHASE4-MPS-20260726202343,ALT-BN-CP,,SKU-BIKE-MT-001,MT-OP-050,WIP_SHORTAGE_OR_OVERFLOW,HIGH,WIP status WIP_SHORTAGE_RISK remains after advisory placement.,REVIEW_WIP_BUFFER,False,True
SALT-REV-0959,PHASE4-MPS-20260726202343,ALT-BN-CP,,SKU-BIKE-MT-001,MT-OP-050,WIP_SHORTAGE_OR_OVERFLOW,HIGH,WIP status WIP_SHORTAGE_RISK remains after advisory placement.,REVIEW_WIP_BUFFER,False,True
SALT-REV-0960,PHASE4-MPS-20260726202343,ALT-BN-CP,,SKU-BIKE-ROAD-001,ROAD-OP-020,WIP_SHORTAGE_OR_OVERFLOW,HIGH,WIP status WIP_SHORTAGE_RISK remains after advisory placement.,REVIEW_WIP_BUFFER,False,True
SALT-REV-0961,PHASE4-MPS-20260726202343,ALT-BN-CP,,SKU-BIKE-MT-001,MT-OP-030,WIP_SHORTAGE_OR_OVERFLOW,HIGH,WIP status WIP_SHORTAGE_RISK remains after advisory placement.,REVIEW_WIP_BUFFER,False,True
SALT-REV-0962,PHASE4-MPS-20260726202343,ALT-BN-CP,,SKU-BIKE-ROAD-001,ROAD-OP-020,WIP_SHORTAGE_OR_OVERFLOW,HIGH,WIP status WIP_SHORTAGE_RISK remains after advisory placement.,REVIEW_WIP_BUFFER,False,True
SALT-REV-0963,PHASE4-MPS-20260726202343,ALT-BN-CP,,SKU-BIKE-MT-001,MT-OP-030,WIP_SHORTAGE_OR_OVERFLOW,HIGH,WIP status WIP_SHORTAGE_RISK remains after advisory placement.,REVIEW_WIP_BUFFER,False,True
SALT-REV-0964,PHASE4-MPS-20260726202343,ALT-BN-CP,,SKU-BIKE-ROAD-001,ROAD-OP-010,WIP_SHORTAGE_OR_OVERFLOW,HIGH,WIP status OUTPUT_BUFFER_CAPACITY_BLOCK remains after advisory placement.,REVIEW_WIP_BUFFER,False,True
SALT-REV-0965,PHASE4-MPS-20260726202343,ALT-BN-CP,,SKU-BIKE-MT-001,MT-OP-010,WIP_SHORTAGE_OR_OVERFLOW,HIGH,WIP status OUTPUT_BUFFER_CAPACITY_BLOCK remains after advisory placement.,REVIEW_WIP_BUFFER,False,True
SALT-REV-0966,PHASE4-MPS-20260726202343,ALT-BN-CP,,SKU-BIKE-ROAD-001,ROAD-OP-020,WIP_SHORTAGE_OR_OVERFLOW,HIGH,WIP status WIP_SHORTAGE_RISK remains after advisory placement.,REVIEW_WIP_BUFFER,False,True
SALT-REV-0967,PHASE4-MPS-20260726202343,ALT-BN-CP,,SKU-BIKE-MT-001,MT-OP-030,WIP_SHORTAGE_OR_OVERFLOW,HIGH,WIP status WIP_SHORTAGE_RISK remains after advisory placement.,REVIEW_WIP_BUFFER,False,True
SALT-REV-0968,PHASE4-MPS-20260726202343,ALT-BN-CP,,SKU-BIKE-ROAD-001,ROAD-OP-010,WIP_SHORTAGE_OR_OVERFLOW,HIGH,WIP status OUTPUT_BUFFER_CAPACITY_BLOCK remains after advisory placement.,REVIEW_WIP_BUFFER,False,True
SALT-REV-0969,PHASE4-MPS-20260726202343,ALT-BN-CP,,SKU-BIKE-MT-001,MT-OP-010,WIP_SHORTAGE_OR_OVERFLOW,HIGH,WIP status OUTPUT_BUFFER_CAPACITY_BLOCK remains after advisory placement.,REVIEW_WIP_BUFFER,False,True
SALT-REV-0970,PHASE4-MPS-20260726202343,ALT-BN-CP,,SKU-BIKE-ROAD-001,ROAD-OP-020,WIP_SHORTAGE_OR_OVERFLOW,HIGH,WIP status WIP_SHORTAGE_RISK remains after advisory placement.,REVIEW_WIP_BUFFER,False,True
SALT-REV-0971,PHASE4-MPS-20260726202343,ALT-BN-CP,,SKU-BIKE-MT-001,MT-OP-030,WIP_SHORTAGE_OR_OVERFLOW,HIGH,WIP status WIP_SHORTAGE_RISK remains after advisory placement.,REVIEW_WIP_BUFFER,False,True
SALT-REV-0972,PHASE4-MPS-20260726202343,ALT-BN-CP,,SKU-BIKE-MT-001,MT-OP-010,WIP_SHORTAGE_OR_OVERFLOW,HIGH,WIP status OUTPUT_BUFFER_CAPACITY_BLOCK remains after advisory placement.,REVIEW_WIP_BUFFER,False,True
SALT-REV-0973,PHASE4-MPS-20260726202343,ALT-BN-CP,,SKU-BIKE-ROAD-001,ROAD-OP-010,WIP_SHORTAGE_OR_OVERFLOW,HIGH,WIP status OUTPUT_BUFFER_CAPACITY_BLOCK remains after advisory placement.,REVIEW_WIP_BUFFER,False,True
SALT-REV-0974,PHASE4-MPS-20260726202343,ALT-BN-CP,,SKU-BIKE-ROAD-001,ROAD-OP-020,WIP_SHORTAGE_OR_OVERFLOW,HIGH,WIP status WIP_SHORTAGE_RISK remains after advisory placement.,REVIEW_WIP_BUFFER,False,True
SALT-REV-0975,PHASE4-MPS-20260726202343,ALT-BN-CP,,SKU-BIKE-MT-001,MT-OP-030,WIP_SHORTAGE_OR_OVERFLOW,HIGH,WIP status WIP_SHORTAGE_RISK remains after advisory placement.,REVIEW_WIP_BUFFER,False,True
SALT-REV-0976,PHASE4-MPS-20260726202343,ALT-BN-CP,,SKU-BIKE-ROAD-001,ROAD-OP-010,WIP_SHORTAGE_OR_OVERFLOW,HIGH,WIP status OUTPUT_BUFFER_CAPACITY_BLOCK remains after advisory placement.,REVIEW_WIP_BUFFER,False,True
SALT-REV-0977,PHASE4-MPS-20260726202343,ALT-BN-CP,,SKU-BIKE-MT-001,MT-OP-010,WIP_SHORTAGE_OR_OVERFLOW,HIGH,WIP status OUTPUT_BUFFER_CAPACITY_BLOCK remains after advisory placement.,REVIEW_WIP_BUFFER,False,True
SALT-REV-0978,PHASE4-MPS-20260726202343,ALT-BN-CP,,SKU-BIKE-ROAD-001,ROAD-OP-020,WIP_SHORTAGE_OR_OVERFLOW,HIGH,WIP status WIP_SHORTAGE_RISK remains after advisory placement.,REVIEW_WIP_BUFFER,False,True
SALT-REV-0979,PHASE4-MPS-20260726202343,ALT-BN-CP,,SKU-BIKE-MT-001,MT-OP-030,WIP_SHORTAGE_OR_OVERFLOW,HIGH,WIP status WIP_SHORTAGE_RISK remains after advisory placement.,REVIEW_WIP_BUFFER,False,True
SALT-REV-0980,PHASE4-MPS-20260726202343,ALT-BN-CP,,SKU-BIKE-MT-001,MT-OP-010,WIP_SHORTAGE_OR_OVERFLOW,HIGH,WIP status OUTPUT_BUFFER_CAPACITY_BLOCK remains after advisory placement.,REVIEW_WIP_BUFFER,False,True
SALT-REV-0981,PHASE4-MPS-20260726202343,ALT-BN-CP,,SKU-BIKE-ROAD-001,ROAD-OP-010,WIP_SHORTAGE_OR_OVERFLOW,HIGH,WIP status OUTPUT_BUFFER_CAPACITY_BLOCK remains after advisory placement.,REVIEW_WIP_BUFFER,False,True
SALT-REV-0982,PHASE4-MPS-20260726202343,ALT-BN-CP,,SKU-BIKE-ROAD-001,ROAD-OP-020,WIP_SHORTAGE_OR_OVERFLOW,HIGH,WIP status WIP_SHORTAGE_RISK remains after advisory placement.,REVIEW_WIP_BUFFER,False,True
SALT-REV-0983,PHASE4-MPS-20260726202343,ALT-BN-CP,,SKU-BIKE-MT-001,MT-OP-030,WIP_SHORTAGE_OR_OVERFLOW,HIGH,WIP status WIP_SHORTAGE_RISK remains after advisory placement.,REVIEW_WIP_BUFFER,False,True
SALT-REV-0984,PHASE4-MPS-20260726202343,ALT-BN-CP,,SKU-BIKE-MT-001,MT-OP-010,WIP_SHORTAGE_OR_OVERFLOW,HIGH,WIP status OUTPUT_BUFFER_CAPACITY_BLOCK remains after advisory placement.,REVIEW_WIP_BUFFER,False,True
SALT-REV-0985,PHASE4-MPS-20260726202343,ALT-BN-CP,,SKU-BIKE-ROAD-001,ROAD-OP-010,WIP_SHORTAGE_OR_OVERFLOW,HIGH,WIP status OUTPUT_BUFFER_CAPACITY_BLOCK remains after advisory placement.,REVIEW_WIP_BUFFER,False,True
SALT-REV-0986,PHASE4-MPS-20260726202343,ALT-BN-CP,,SKU-BIKE-ROAD-001,ROAD-OP-020,WIP_SHORTAGE_OR_OVERFLOW,HIGH,WIP status WIP_SHORTAGE_RISK remains after advisory placement.,REVIEW_WIP_BUFFER,False,True
SALT-REV-0987,PHASE4-MPS-20260726202343,ALT-BN-CP,,SKU-BIKE-MT-001,MT-OP-030,WIP_SHORTAGE_OR_OVERFLOW,HIGH,WIP status WIP_SHORTAGE_RISK remains after advisory placement.,REVIEW_WIP_BUFFER,False,True
SALT-REV-0988,PHASE4-MPS-20260726202343,ALT-BN-CP,,SKU-BIKE-ROAD-001,ROAD-OP-010,WIP_SHORTAGE_OR_OVERFLOW,HIGH,WIP status OUTPUT_BUFFER_CAPACITY_BLOCK remains after advisory placement.,REVIEW_WIP_BUFFER,False,True
SALT-REV-0989,PHASE4-MPS-20260726202343,ALT-BN-CP,,SKU-BIKE-MT-001,MT-OP-010,WIP_SHORTAGE_OR_OVERFLOW,HIGH,WIP status OUTPUT_BUFFER_CAPACITY_BLOCK remains after advisory placement.,REVIEW_WIP_BUFFER,False,True
SALT-REV-0990,PHASE4-MPS-20260726202343,ALT-BN-CP,,SKU-BIKE-ROAD-001,ROAD-OP-020,WIP_SHORTAGE_OR_OVERFLOW,HIGH,WIP status WIP_SHORTAGE_RISK remains after advisory placement.,REVIEW_WIP_BUFFER,False,True
SALT-REV-0991,PHASE4-MPS-20260726202343,ALT-BN-CP,,SKU-BIKE-MT-001,MT-OP-030,WIP_SHORTAGE_OR_OVERFLOW,HIGH,WIP status WIP_SHORTAGE_RISK remains after advisory placement.,REVIEW_WIP_BUFFER,False,True
SALT-REV-0992,PHASE4-MPS-20260726202343,ALT-BN-CP,,SKU-BIKE-ROAD-001,ROAD-OP-010,WIP_SHORTAGE_OR_OVERFLOW,HIGH,WIP status OUTPUT_BUFFER_CAPACITY_BLOCK remains after advisory placement.,REVIEW_WIP_BUFFER,False,True
SALT-REV-0993,PHASE4-MPS-20260726202343,ALT-BN-CP,,SKU-BIKE-MT-001,MT-OP-010,WIP_SHORTAGE_OR_OVERFLOW,HIGH,WIP status OUTPUT_BUFFER_CAPACITY_BLOCK remains after advisory placement.,REVIEW_WIP_BUFFER,False,True
SALT-REV-0994,PHASE4-MPS-20260726202343,ALT-BN-CP,,SKU-BIKE-ROAD-001,ROAD-OP-020,WIP_SHORTAGE_OR_OVERFLOW,HIGH,WIP status WIP_SHORTAGE_RISK remains after advisory placement.,REVIEW_WIP_BUFFER,False,True
SALT-REV-0995,PHASE4-MPS-20260726202343,ALT-BN-CP,,SKU-BIKE-MT-001,MT-OP-030,WIP_SHORTAGE_OR_OVERFLOW,HIGH,WIP status WIP_SHORTAGE_RISK remains after advisory placement.,REVIEW_WIP_BUFFER,False,True
SALT-REV-0996,PHASE4-MPS-20260726202343,ALT-BN-CP,,SKU-BIKE-ROAD-001,ROAD-OP-010,WIP_SHORTAGE_OR_OVERFLOW,HIGH,WIP status OUTPUT_BUFFER_CAPACITY_BLOCK remains after advisory placement.,REVIEW_WIP_BUFFER,False,True
SALT-REV-0997,PHASE4-MPS-20260726202343,ALT-BN-CP,,SKU-BIKE-MT-001,MT-OP-010,WIP_SHORTAGE_OR_OVERFLOW,HIGH,WIP status OUTPUT_BUFFER_CAPACITY_BLOCK remains after advisory placement.,REVIEW_WIP_BUFFER,False,True
SALT-REV-0998,PHASE4-MPS-20260726202343,ALT-BN-CP,,SKU-BIKE-ROAD-001,ROAD-OP-020,WIP_SHORTAGE_OR_OVERFLOW,HIGH,WIP status WIP_SHORTAGE_RISK remains after advisory placement.,REVIEW_WIP_BUFFER,False,True
SALT-REV-0999,PHASE4-MPS-20260726202343,ALT-BN-CP,,SKU-BIKE-MT-001,MT-OP-030,WIP_SHORTAGE_OR_OVERFLOW,HIGH,WIP status WIP_SHORTAGE_RISK remains after advisory placement.,REVIEW_WIP_BUFFER,False,True
SALT-REV-1000,PHASE4-MPS-20260726202343,ALT-BN-CP,,SKU-BIKE-MT-001,MT-OP-010,WIP_SHORTAGE_OR_OVERFLOW,HIGH,WIP status OUTPUT_BUFFER_CAPACITY_BLOCK remains after advisory placement.,REVIEW_WIP_BUFFER,False,True
SALT-REV-1001,PHASE4-MPS-20260726202343,ALT-BN-CP,,SKU-BIKE-ROAD-001,ROAD-OP-010,WIP_SHORTAGE_OR_OVERFLOW,HIGH,WIP status OUTPUT_BUFFER_CAPACITY_BLOCK remains after advisory placement.,REVIEW_WIP_BUFFER,False,True
SALT-REV-1002,PHASE4-MPS-20260726202343,ALT-BN-CP,,SKU-BIKE-ROAD-001,ROAD-OP-020,WIP_SHORTAGE_OR_OVERFLOW,HIGH,WIP status WIP_SHORTAGE_RISK remains after advisory placement.,REVIEW_WIP_BUFFER,False,True
SALT-REV-1003,PHASE4-MPS-20260726202343,ALT-BN-CP,,SKU-BIKE-MT-001,MT-OP-030,WIP_SHORTAGE_OR_OVERFLOW,HIGH,WIP status WIP_SHORTAGE_RISK remains after advisory placement.,REVIEW_WIP_BUFFER,False,True
SALT-REV-1004,PHASE4-MPS-20260726202343,ALT-BN-CP,,SKU-BIKE-ROAD-001,ROAD-OP-010,WIP_SHORTAGE_OR_OVERFLOW,HIGH,WIP status OUTPUT_BUFFER_CAPACITY_BLOCK remains after advisory placement.,REVIEW_WIP_BUFFER,False,True
SALT-REV-1005,PHASE4-MPS-20260726202343,ALT-BN-CP,,SKU-BIKE-MT-001,MT-OP-010,WIP_SHORTAGE_OR_OVERFLOW,HIGH,WIP status OUTPUT_BUFFER_CAPACITY_BLOCK remains after advisory placement.,REVIEW_WIP_BUFFER,False,True
SALT-REV-1006,PHASE4-MPS-20260726202343,ALT-BN-CP,,SKU-BIKE-ROAD-001,ROAD-OP-020,WIP_SHORTAGE_OR_OVERFLOW,HIGH,WIP status WIP_SHORTAGE_RISK remains after advisory placement.,REVIEW_WIP_BUFFER,False,True
SALT-REV-1007,PHASE4-MPS-20260726202343,ALT-BN-CP,,SKU-BIKE-MT-001,MT-OP-030,WIP_SHORTAGE_OR_OVERFLOW,HIGH,WIP status WIP_SHORTAGE_RISK remains after advisory placement.,REVIEW_WIP_BUFFER,False,True
SALT-REV-1008,PHASE4-MPS-20260726202343,ALT-BN-CP,,SKU-BIKE-MT-001,MT-OP-010,WIP_SHORTAGE_OR_OVERFLOW,HIGH,WIP status OUTPUT_BUFFER_CAPACITY_BLOCK remains after advisory placement.,REVIEW_WIP_BUFFER,False,True
SALT-REV-1009,PHASE4-MPS-20260726202343,ALT-BN-CP,,SKU-BIKE-ROAD-001,ROAD-OP-010,WIP_SHORTAGE_OR_OVERFLOW,HIGH,WIP status OUTPUT_BUFFER_CAPACITY_BLOCK remains after advisory placement.,REVIEW_WIP_BUFFER,False,True
SALT-REV-1010,PHASE4-MPS-20260726202343,ALT-BN-CP,,SKU-BIKE-ROAD-001,ROAD-OP-020,WIP_SHORTAGE_OR_OVERFLOW,HIGH,WIP status WIP_SHORTAGE_RISK remains after advisory placement.,REVIEW_WIP_BUFFER,False,True
SALT-REV-1011,PHASE4-MPS-20260726202343,ALT-BN-CP,,SKU-BIKE-MT-001,MT-OP-030,WIP_SHORTAGE_OR_OVERFLOW,HIGH,WIP status WIP_SHORTAGE_RISK remains after advisory placement.,REVIEW_WIP_BUFFER,False,True
SALT-REV-1012,PHASE4-MPS-20260726202343,ALT-BN-CP,,SKU-BIKE-MT-001,MT-OP-060,WIP_SHORTAGE_OR_OVERFLOW,HIGH,WIP status WIP_SHORTAGE_RISK remains after advisory placement.,REVIEW_WIP_BUFFER,False,True
SALT-REV-1013,PHASE4-MPS-20260726202343,ALT-BN-CP,,SKU-BIKE-ROAD-001,ROAD-OP-050,WIP_SHORTAGE_OR_OVERFLOW,HIGH,WIP status WIP_SHORTAGE_RISK remains after advisory placement.,REVIEW_WIP_BUFFER,False,True
SALT-REV-1014,PHASE4-MPS-20260726202343,ALT-BN-CP,,SKU-BIKE-MT-001,MT-OP-060,WIP_SHORTAGE_OR_OVERFLOW,HIGH,WIP status WIP_SHORTAGE_RISK remains after advisory placement.,REVIEW_WIP_BUFFER,False,True
SALT-REV-1015,PHASE4-MPS-20260726202343,ALT-BN-CP,,SKU-BIKE-ROAD-001,ROAD-OP-030,WIP_SHORTAGE_OR_OVERFLOW,HIGH,WIP status WIP_SHORTAGE_RISK remains after advisory placement.,REVIEW_WIP_BUFFER,False,True
SALT-REV-1016,PHASE4-MPS-20260726202343,ALT-BN-CP,,SKU-BIKE-ROAD-001,ROAD-OP-050,WIP_SHORTAGE_OR_OVERFLOW,HIGH,WIP status WIP_SHORTAGE_RISK remains after advisory placement.,REVIEW_WIP_BUFFER,False,True
SALT-REV-1017,PHASE4-MPS-20260726202343,ALT-BN-CP,,SKU-BIKE-ROAD-001,ROAD-OP-030,WIP_SHORTAGE_OR_OVERFLOW,HIGH,WIP status WIP_SHORTAGE_RISK remains after advisory placement.,REVIEW_WIP_BUFFER,False,True
SALT-REV-1018,PHASE4-MPS-20260726202343,ALT-BN-CP,,SKU-BIKE-ROAD-001,ROAD-OP-050,WIP_SHORTAGE_OR_OVERFLOW,HIGH,WIP status WIP_SHORTAGE_RISK remains after advisory placement.,REVIEW_WIP_BUFFER,False,True
SALT-REV-1019,PHASE4-MPS-20260726202343,ALT-BN-CP,,SKU-BIKE-ROAD-001,ROAD-OP-030,WIP_SHORTAGE_OR_OVERFLOW,HIGH,WIP status WIP_SHORTAGE_RISK remains after advisory placement.,REVIEW_WIP_BUFFER,False,True
SALT-REV-1020,PHASE4-MPS-20260726202343,ALT-BN-CP,,SKU-BIKE-ROAD-001,ROAD-OP-050,WIP_SHORTAGE_OR_OVERFLOW,HIGH,WIP status WIP_SHORTAGE_RISK remains after advisory placement.,REVIEW_WIP_BUFFER,False,True
SALT-REV-1021,PHASE4-MPS-20260726202343,ALT-BN-CP,,SKU-BIKE-ROAD-001,ROAD-OP-030,WIP_SHORTAGE_OR_OVERFLOW,HIGH,WIP status WIP_SHORTAGE_RISK remains after advisory placement.,REVIEW_WIP_BUFFER,False,True
SALT-REV-1022,PHASE4-MPS-20260726202343,ALT-BN-CP,,SKU-BIKE-ROAD-001,ROAD-OP-050,WIP_SHORTAGE_OR_OVERFLOW,HIGH,WIP status WIP_SHORTAGE_RISK remains after advisory placement.,REVIEW_WIP_BUFFER,False,True
SALT-REV-1023,PHASE4-MPS-20260726202343,ALT-BN-CP,,SKU-BIKE-ROAD-001,ROAD-OP-030,WIP_SHORTAGE_OR_OVERFLOW,HIGH,WIP status WIP_SHORTAGE_RISK remains after advisory placement.,REVIEW_WIP_BUFFER,False,True
SALT-REV-1024,PHASE4-MPS-20260726202343,ALT-BN-CP,,SKU-BIKE-ROAD-001,ROAD-OP-050,WIP_SHORTAGE_OR_OVERFLOW,HIGH,WIP status WIP_SHORTAGE_RISK remains after advisory placement.,REVIEW_WIP_BUFFER,False,True
SALT-REV-1025,PHASE4-MPS-20260726202343,ALT-BN-CP,,SKU-BIKE-ROAD-001,ROAD-OP-030,WIP_SHORTAGE_OR_OVERFLOW,HIGH,WIP status WIP_SHORTAGE_RISK remains after advisory placement.,REVIEW_WIP_BUFFER,False,True
SALT-REV-1026,PHASE4-MPS-20260726202343,ALT-BN-CP,,SKU-BIKE-ROAD-001,ROAD-OP-050,WIP_SHORTAGE_OR_OVERFLOW,HIGH,WIP status WIP_SHORTAGE_RISK remains after advisory placement.,REVIEW_WIP_BUFFER,False,True
SALT-REV-1027,PHASE4-MPS-20260726202343,ALT-BN-CP,,SKU-BIKE-ROAD-001,ROAD-OP-030,WIP_SHORTAGE_OR_OVERFLOW,HIGH,WIP status WIP_SHORTAGE_RISK remains after advisory placement.,REVIEW_WIP_BUFFER,False,True
SALT-REV-1028,PHASE4-MPS-20260726202343,ALT-BN-CP,,SKU-BIKE-ROAD-001,ROAD-OP-050,WIP_SHORTAGE_OR_OVERFLOW,HIGH,WIP status WIP_SHORTAGE_RISK remains after advisory placement.,REVIEW_WIP_BUFFER,False,True
SALT-REV-1029,PHASE4-MPS-20260726202343,ALT-BN-CP,,SKU-BIKE-ROAD-001,ROAD-OP-030,WIP_SHORTAGE_OR_OVERFLOW,HIGH,WIP status WIP_SHORTAGE_RISK remains after advisory placement.,REVIEW_WIP_BUFFER,False,True
SALT-REV-1030,PHASE4-MPS-20260726202343,ALT-BN-CP,,SKU-BIKE-ROAD-001,ROAD-OP-050,WIP_SHORTAGE_OR_OVERFLOW,HIGH,WIP status WIP_SHORTAGE_RISK remains after advisory placement.,REVIEW_WIP_BUFFER,False,True
SALT-REV-1031,PHASE4-MPS-20260726202343,ALT-BN-CP,,SKU-BIKE-ROAD-001,ROAD-OP-030,WIP_SHORTAGE_OR_OVERFLOW,HIGH,WIP status WIP_SHORTAGE_RISK remains after advisory placement.,REVIEW_WIP_BUFFER,False,True
SALT-REV-1032,PHASE4-MPS-20260726202343,ALT-BN-CP,,SKU-BIKE-ROAD-001,ROAD-OP-050,WIP_SHORTAGE_OR_OVERFLOW,HIGH,WIP status WIP_SHORTAGE_RISK remains after advisory placement.,REVIEW_WIP_BUFFER,False,True
SALT-REV-1033,PHASE4-MPS-20260726202343,ALT-BN-CP,,SKU-BIKE-ROAD-001,ROAD-OP-030,WIP_SHORTAGE_OR_OVERFLOW,HIGH,WIP status WIP_SHORTAGE_RISK remains after advisory placement.,REVIEW_WIP_BUFFER,False,True
SALT-REV-1034,PHASE4-MPS-20260726202343,ALT-BN-CP,,SKU-BIKE-ROAD-001,ROAD-OP-050,WIP_SHORTAGE_OR_OVERFLOW,HIGH,WIP status WIP_SHORTAGE_RISK remains after advisory placement.,REVIEW_WIP_BUFFER,False,True
SALT-REV-1035,PHASE4-MPS-20260726202343,ALT-BN-CP,,SKU-BIKE-ROAD-001,ROAD-OP-030,WIP_SHORTAGE_OR_OVERFLOW,HIGH,WIP status WIP_SHORTAGE_RISK remains after advisory placement.,REVIEW_WIP_BUFFER,False,True
SALT-REV-1036,PHASE4-MPS-20260726202343,ALT-BN-CP,,SKU-BIKE-ROAD-001,ROAD-OP-050,WIP_SHORTAGE_OR_OVERFLOW,HIGH,WIP status WIP_SHORTAGE_RISK remains after advisory placement.,REVIEW_WIP_BUFFER,False,True
SALT-REV-1037,PHASE4-MPS-20260726202343,ALT-BN-CP,,SKU-BIKE-ROAD-001,ROAD-OP-030,WIP_SHORTAGE_OR_OVERFLOW,HIGH,WIP status WIP_SHORTAGE_RISK remains after advisory placement.,REVIEW_WIP_BUFFER,False,True
SALT-REV-1038,PHASE4-MPS-20260726202343,ALT-BN-CP,,SKU-BIKE-ROAD-001,ROAD-OP-050,WIP_SHORTAGE_OR_OVERFLOW,HIGH,WIP status WIP_SHORTAGE_RISK remains after advisory placement.,REVIEW_WIP_BUFFER,False,True
SALT-REV-1039,PHASE4-MPS-20260726202343,ALT-BN-CP,,SKU-BIKE-ROAD-001,ROAD-OP-030,WIP_SHORTAGE_OR_OVERFLOW,HIGH,WIP status WIP_SHORTAGE_RISK remains after advisory placement.,REVIEW_WIP_BUFFER,False,True
SALT-REV-1040,PHASE4-MPS-20260726202343,ALT-BN-CP,,SKU-BIKE-ROAD-001,ROAD-OP-050,WIP_SHORTAGE_OR_OVERFLOW,HIGH,WIP status WIP_SHORTAGE_RISK remains after advisory placement.,REVIEW_WIP_BUFFER,False,True
SALT-REV-1041,PHASE4-MPS-20260726202343,ALT-BN-CP,,SKU-BIKE-ROAD-001,ROAD-OP-030,WIP_SHORTAGE_OR_OVERFLOW,HIGH,WIP status WIP_SHORTAGE_RISK remains after advisory placement.,REVIEW_WIP_BUFFER,False,True
SALT-REV-1042,PHASE4-MPS-20260726202343,ALT-BN-CP,,SKU-BIKE-MT-001,MT-OP-040,WIP_SHORTAGE_OR_OVERFLOW,HIGH,WIP status WIP_SHORTAGE_RISK remains after advisory placement.,REVIEW_WIP_BUFFER,False,True
SALT-REV-1043,PHASE4-MPS-20260726202343,ALT-BN-CP,,SKU-BIKE-MT-001,MT-OP-040,WIP_SHORTAGE_OR_OVERFLOW,HIGH,WIP status WIP_SHORTAGE_RISK remains after advisory placement.,REVIEW_WIP_BUFFER,False,True
SALT-REV-1044,PHASE4-MPS-20260726202343,ALT-BN-CP,,SKU-BIKE-MT-001,MT-OP-040,WIP_SHORTAGE_OR_OVERFLOW,HIGH,WIP status WIP_SHORTAGE_RISK remains after advisory placement.,REVIEW_WIP_BUFFER,False,True
SALT-REV-1045,PHASE4-MPS-20260726202343,ALT-BN-CP,,SKU-BIKE-MT-001,MT-OP-040,WIP_SHORTAGE_OR_OVERFLOW,HIGH,WIP status WIP_SHORTAGE_RISK remains after advisory placement.,REVIEW_WIP_BUFFER,False,True
SALT-REV-1046,PHASE4-MPS-20260726202343,ALT-BN-CP,,SKU-BIKE-MT-001,MT-OP-040,WIP_SHORTAGE_OR_OVERFLOW,HIGH,WIP status WIP_SHORTAGE_RISK remains after advisory placement.,REVIEW_WIP_BUFFER,False,True
SALT-REV-1047,PHASE4-MPS-20260726202343,ALT-BN-CP,,SKU-BIKE-MT-001,MT-OP-040,WIP_SHORTAGE_OR_OVERFLOW,HIGH,WIP status WIP_SHORTAGE_RISK remains after advisory placement.,REVIEW_WIP_BUFFER,False,True
SALT-REV-1048,PHASE4-MPS-20260726202343,ALT-BN-CP,,SKU-BIKE-MT-001,MT-OP-040,WIP_SHORTAGE_OR_OVERFLOW,HIGH,WIP status WIP_SHORTAGE_RISK remains after advisory placement.,REVIEW_WIP_BUFFER,False,True
SALT-REV-1049,PHASE4-MPS-20260726202343,ALT-BN-CP,,SKU-BIKE-MT-001,MT-OP-040,WIP_SHORTAGE_OR_OVERFLOW,HIGH,WIP status WIP_SHORTAGE_RISK remains after advisory placement.,REVIEW_WIP_BUFFER,False,True
SALT-REV-1050,PHASE4-MPS-20260726202343,ALT-BN-CP,,SKU-BIKE-MT-001,MT-OP-040,WIP_SHORTAGE_OR_OVERFLOW,HIGH,WIP status WIP_SHORTAGE_RISK remains after advisory placement.,REVIEW_WIP_BUFFER,False,True
SALT-REV-1051,PHASE4-MPS-20260726202343,ALT-BN-CP,,SKU-BIKE-MT-001,MT-OP-040,WIP_SHORTAGE_OR_OVERFLOW,HIGH,WIP status WIP_SHORTAGE_RISK remains after advisory placement.,REVIEW_WIP_BUFFER,False,True
SALT-REV-1052,PHASE4-MPS-20260726202343,ALT-BN-CP,,SKU-BIKE-MT-001,MT-OP-040,WIP_SHORTAGE_OR_OVERFLOW,HIGH,WIP status WIP_SHORTAGE_RISK remains after advisory placement.,REVIEW_WIP_BUFFER,False,True
SALT-REV-1053,PHASE4-MPS-20260726202343,ALT-BN-CP,,SKU-BIKE-MT-001,MT-OP-040,WIP_SHORTAGE_OR_OVERFLOW,HIGH,WIP status WIP_SHORTAGE_RISK remains after advisory placement.,REVIEW_WIP_BUFFER,False,True
SALT-REV-1054,PHASE4-MPS-20260726202343,ALT-BN-CP,,SKU-BIKE-MT-001,MT-OP-040,WIP_SHORTAGE_OR_OVERFLOW,HIGH,WIP status WIP_SHORTAGE_RISK remains after advisory placement.,REVIEW_WIP_BUFFER,False,True
SALT-REV-1055,PHASE4-MPS-20260726202343,ALT-BN-CP,,SKU-BIKE-MT-001,MT-OP-040,WIP_SHORTAGE_OR_OVERFLOW,HIGH,WIP status WIP_SHORTAGE_RISK remains after advisory placement.,REVIEW_WIP_BUFFER,False,True
SALT-REV-1056,PHASE4-MPS-20260726202343,ALT-BN-CP,,SKU-BIKE-MT-001,MT-OP-020,WIP_SHORTAGE_OR_OVERFLOW,HIGH,WIP status WIP_SHORTAGE_RISK remains after advisory placement.,REVIEW_WIP_BUFFER,False,True
SALT-REV-1057,PHASE4-MPS-20260726202343,ALT-BN-CP,,SKU-BIKE-MT-001,MT-OP-020,WIP_SHORTAGE_OR_OVERFLOW,HIGH,WIP status WIP_SHORTAGE_RISK remains after advisory placement.,REVIEW_WIP_BUFFER,False,True
SALT-REV-1058,PHASE4-MPS-20260726202343,ALT-BN-CP,,SKU-BIKE-MT-001,MT-OP-050,WIP_SHORTAGE_OR_OVERFLOW,HIGH,WIP status WIP_SHORTAGE_RISK remains after advisory placement.,REVIEW_WIP_BUFFER,False,True
SALT-REV-1059,PHASE4-MPS-20260726202343,ALT-BN-CP,,SKU-BIKE-MT-001,MT-OP-060,WIP_SHORTAGE_OR_OVERFLOW,HIGH,WIP status WIP_SHORTAGE_RISK remains after advisory placement.,REVIEW_WIP_BUFFER,False,True
SALT-REV-1060,PHASE4-MPS-20260726202343,ALT-BN-CP,,SKU-BIKE-MT-001,MT-OP-020,WIP_SHORTAGE_OR_OVERFLOW,HIGH,WIP status WIP_SHORTAGE_RISK remains after advisory placement.,REVIEW_WIP_BUFFER,False,True
SALT-REV-1061,PHASE4-MPS-20260726202343,ALT-BN-CP,,SKU-BIKE-MT-001,MT-OP-050,WIP_SHORTAGE_OR_OVERFLOW,HIGH,WIP status WIP_SHORTAGE_RISK remains after advisory placement.,REVIEW_WIP_BUFFER,False,True
SALT-REV-1062,PHASE4-MPS-20260726202343,ALT-BN-CP,,SKU-BIKE-MT-001,MT-OP-060,WIP_SHORTAGE_OR_OVERFLOW,HIGH,WIP status WIP_SHORTAGE_RISK remains after advisory placement.,REVIEW_WIP_BUFFER,False,True
SALT-REV-1063,PHASE4-MPS-20260726202343,ALT-BN-CP,,SKU-BIKE-MT-001,MT-OP-020,WIP_SHORTAGE_OR_OVERFLOW,HIGH,WIP status WIP_SHORTAGE_RISK remains after advisory placement.,REVIEW_WIP_BUFFER,False,True
SALT-REV-1064,PHASE4-MPS-20260726202343,ALT-BN-CP,,SKU-BIKE-MT-001,MT-OP-050,WIP_SHORTAGE_OR_OVERFLOW,HIGH,WIP status WIP_SHORTAGE_RISK remains after advisory placement.,REVIEW_WIP_BUFFER,False,True
SALT-REV-1065,PHASE4-MPS-20260726202343,ALT-BN-CP,,SKU-BIKE-MT-001,MT-OP-060,WIP_SHORTAGE_OR_OVERFLOW,HIGH,WIP status WIP_SHORTAGE_RISK remains after advisory placement.,REVIEW_WIP_BUFFER,False,True
SALT-REV-1066,PHASE4-MPS-20260726202343,ALT-BN-CP,,SKU-BIKE-MT-001,MT-OP-020,WIP_SHORTAGE_OR_OVERFLOW,HIGH,WIP status WIP_SHORTAGE_RISK remains after advisory placement.,REVIEW_WIP_BUFFER,False,True
SALT-REV-1067,PHASE4-MPS-20260726202343,ALT-BN-CP,,SKU-BIKE-MT-001,MT-OP-050,WIP_SHORTAGE_OR_OVERFLOW,HIGH,WIP status WIP_SHORTAGE_RISK remains after advisory placement.,REVIEW_WIP_BUFFER,False,True
SALT-REV-1068,PHASE4-MPS-20260726202343,ALT-BN-CP,,SKU-BIKE-MT-001,MT-OP-060,WIP_SHORTAGE_OR_OVERFLOW,HIGH,WIP status WIP_SHORTAGE_RISK remains after advisory placement.,REVIEW_WIP_BUFFER,False,True
SALT-REV-1069,PHASE4-MPS-20260726202343,ALT-BN-CP,,SKU-BIKE-MT-001,MT-OP-020,WIP_SHORTAGE_OR_OVERFLOW,HIGH,WIP status WIP_SHORTAGE_RISK remains after advisory placement.,REVIEW_WIP_BUFFER,False,True
SALT-REV-1070,PHASE4-MPS-20260726202343,ALT-BN-CP,,SKU-BIKE-MT-001,MT-OP-050,WIP_SHORTAGE_OR_OVERFLOW,HIGH,WIP status WIP_SHORTAGE_RISK remains after advisory placement.,REVIEW_WIP_BUFFER,False,True
SALT-REV-1071,PHASE4-MPS-20260726202343,ALT-BN-CP,,SKU-BIKE-MT-001,MT-OP-060,WIP_SHORTAGE_OR_OVERFLOW,HIGH,WIP status WIP_SHORTAGE_RISK remains after advisory placement.,REVIEW_WIP_BUFFER,False,True
SALT-REV-1072,PHASE4-MPS-20260726202343,ALT-BN-CP,,SKU-BIKE-MT-001,MT-OP-020,WIP_SHORTAGE_OR_OVERFLOW,HIGH,WIP status WIP_SHORTAGE_RISK remains after advisory placement.,REVIEW_WIP_BUFFER,False,True
SALT-REV-1073,PHASE4-MPS-20260726202343,ALT-BN-CP,,SKU-BIKE-MT-001,MT-OP-050,WIP_SHORTAGE_OR_OVERFLOW,HIGH,WIP status WIP_SHORTAGE_RISK remains after advisory placement.,REVIEW_WIP_BUFFER,False,True
SALT-REV-1074,PHASE4-MPS-20260726202343,ALT-BN-CP,,SKU-BIKE-MT-001,MT-OP-060,WIP_SHORTAGE_OR_OVERFLOW,HIGH,WIP status WIP_SHORTAGE_RISK remains after advisory placement.,REVIEW_WIP_BUFFER,False,True
SALT-REV-1075,PHASE4-MPS-20260726202343,ALT-BN-CP,,SKU-BIKE-MT-001,MT-OP-020,WIP_SHORTAGE_OR_OVERFLOW,HIGH,WIP status WIP_SHORTAGE_RISK remains after advisory placement.,REVIEW_WIP_BUFFER,False,True
SALT-REV-1076,PHASE4-MPS-20260726202343,ALT-BN-CP,,SKU-BIKE-MT-001,MT-OP-050,WIP_SHORTAGE_OR_OVERFLOW,HIGH,WIP status WIP_SHORTAGE_RISK remains after advisory placement.,REVIEW_WIP_BUFFER,False,True
SALT-REV-1077,PHASE4-MPS-20260726202343,ALT-BN-CP,,SKU-BIKE-MT-001,MT-OP-060,WIP_SHORTAGE_OR_OVERFLOW,HIGH,WIP status WIP_SHORTAGE_RISK remains after advisory placement.,REVIEW_WIP_BUFFER,False,True
SALT-REV-1078,PHASE4-MPS-20260726202343,ALT-BN-CP,,SKU-BIKE-MT-001,MT-OP-020,WIP_SHORTAGE_OR_OVERFLOW,HIGH,WIP status WIP_SHORTAGE_RISK remains after advisory placement.,REVIEW_WIP_BUFFER,False,True
SALT-REV-1079,PHASE4-MPS-20260726202343,ALT-BN-CP,,SKU-BIKE-MT-001,MT-OP-050,WIP_SHORTAGE_OR_OVERFLOW,HIGH,WIP status WIP_SHORTAGE_RISK remains after advisory placement.,REVIEW_WIP_BUFFER,False,True
SALT-REV-1080,PHASE4-MPS-20260726202343,ALT-BN-CP,,SKU-BIKE-MT-001,MT-OP-060,WIP_SHORTAGE_OR_OVERFLOW,HIGH,WIP status WIP_SHORTAGE_RISK remains after advisory placement.,REVIEW_WIP_BUFFER,False,True
SALT-REV-1081,PHASE4-MPS-20260726202343,ALT-BN-CP,,SKU-BIKE-MT-001,MT-OP-020,WIP_SHORTAGE_OR_OVERFLOW,HIGH,WIP status WIP_SHORTAGE_RISK remains after advisory placement.,REVIEW_WIP_BUFFER,False,True
SALT-REV-1082,PHASE4-MPS-20260726202343,ALT-BN-CP,,SKU-BIKE-MT-001,MT-OP-050,WIP_SHORTAGE_OR_OVERFLOW,HIGH,WIP status WIP_SHORTAGE_RISK remains after advisory placement.,REVIEW_WIP_BUFFER,False,True
SALT-REV-1083,PHASE4-MPS-20260726202343,ALT-BN-CP,,SKU-BIKE-MT-001,MT-OP-060,WIP_SHORTAGE_OR_OVERFLOW,HIGH,WIP status WIP_SHORTAGE_RISK remains after advisory placement.,REVIEW_WIP_BUFFER,False,True
SALT-REV-1084,PHASE4-MPS-20260726202343,ALT-BN-CP,,SKU-BIKE-MT-001,MT-OP-020,WIP_SHORTAGE_OR_OVERFLOW,HIGH,WIP status WIP_SHORTAGE_RISK remains after advisory placement.,REVIEW_WIP_BUFFER,False,True
SALT-REV-1085,PHASE4-MPS-20260726202343,ALT-BN-CP,,SKU-BIKE-MT-001,MT-OP-050,WIP_SHORTAGE_OR_OVERFLOW,HIGH,WIP status WIP_SHORTAGE_RISK remains after advisory placement.,REVIEW_WIP_BUFFER,False,True
SALT-REV-1086,PHASE4-MPS-20260726202343,ALT-BN-CP,,SKU-BIKE-MT-001,MT-OP-060,WIP_SHORTAGE_OR_OVERFLOW,HIGH,WIP status WIP_SHORTAGE_RISK remains after advisory placement.,REVIEW_WIP_BUFFER,False,True
SALT-REV-1087,PHASE4-MPS-20260726202343,ALT-BN-CP,,SKU-BIKE-MT-001,MT-OP-020,WIP_SHORTAGE_OR_OVERFLOW,HIGH,WIP status WIP_SHORTAGE_RISK remains after advisory placement.,REVIEW_WIP_BUFFER,False,True
SALT-REV-1088,PHASE4-MPS-20260726202343,ALT-BN-CP,,SKU-BIKE-MT-001,MT-OP-050,WIP_SHORTAGE_OR_OVERFLOW,HIGH,WIP status WIP_SHORTAGE_RISK remains after advisory placement.,REVIEW_WIP_BUFFER,False,True
SALT-REV-1089,PHASE4-MPS-20260726202343,ALT-BN-CP,,SKU-BIKE-MT-001,MT-OP-060,WIP_SHORTAGE_OR_OVERFLOW,HIGH,WIP status WIP_SHORTAGE_RISK remains after advisory placement.,REVIEW_WIP_BUFFER,False,True
SALT-REV-1090,PHASE4-MPS-20260726202343,ALT-BN-CP,,SKU-BIKE-MT-001,MT-OP-020,WIP_SHORTAGE_OR_OVERFLOW,HIGH,WIP status WIP_SHORTAGE_RISK remains after advisory placement.,REVIEW_WIP_BUFFER,False,True
SALT-REV-1091,PHASE4-MPS-20260726202343,ALT-BN-CP,,SKU-BIKE-MT-001,MT-OP-050,WIP_SHORTAGE_OR_OVERFLOW,HIGH,WIP status WIP_SHORTAGE_RISK remains after advisory placement.,REVIEW_WIP_BUFFER,False,True
SALT-REV-1092,PHASE4-MPS-20260726202343,ALT-BN-CP,,SKU-BIKE-MT-001,MT-OP-060,WIP_SHORTAGE_OR_OVERFLOW,HIGH,WIP status WIP_SHORTAGE_RISK remains after advisory placement.,REVIEW_WIP_BUFFER,False,True
SALT-REV-1093,PHASE4-MPS-20260726202343,ALT-BN-CP,,SKU-BIKE-MT-001,MT-OP-020,WIP_SHORTAGE_OR_OVERFLOW,HIGH,WIP status WIP_SHORTAGE_RISK remains after advisory placement.,REVIEW_WIP_BUFFER,False,True
SALT-REV-1094,PHASE4-MPS-20260726202343,ALT-SETUP,,SKU-BIKE-MT-001,MT-OP-050,WIP_SHORTAGE_OR_OVERFLOW,HIGH,WIP status WIP_SHORTAGE_RISK remains after advisory placement.,REVIEW_WIP_BUFFER,False,True
SALT-REV-1095,PHASE4-MPS-20260726202343,ALT-SETUP,,SKU-BIKE-MT-001,MT-OP-050,WIP_SHORTAGE_OR_OVERFLOW,HIGH,WIP status WIP_SHORTAGE_RISK remains after advisory placement.,REVIEW_WIP_BUFFER,False,True
SALT-REV-1096,PHASE4-MPS-20260726202343,ALT-SETUP,,SKU-BIKE-MT-001,MT-OP-010,WIP_SHORTAGE_OR_OVERFLOW,HIGH,WIP status OUTPUT_BUFFER_CAPACITY_BLOCK remains after advisory placement.,REVIEW_WIP_BUFFER,False,True
SALT-REV-1097,PHASE4-MPS-20260726202343,ALT-SETUP,,SKU-BIKE-MT-001,MT-OP-010,WIP_SHORTAGE_OR_OVERFLOW,HIGH,WIP status OUTPUT_BUFFER_CAPACITY_BLOCK remains after advisory placement.,REVIEW_WIP_BUFFER,False,True
SALT-REV-1098,PHASE4-MPS-20260726202343,ALT-SETUP,,SKU-BIKE-MT-001,MT-OP-010,WIP_SHORTAGE_OR_OVERFLOW,HIGH,WIP status OUTPUT_BUFFER_CAPACITY_BLOCK remains after advisory placement.,REVIEW_WIP_BUFFER,False,True
SALT-REV-1099,PHASE4-MPS-20260726202343,ALT-SETUP,,SKU-BIKE-MT-001,MT-OP-010,WIP_SHORTAGE_OR_OVERFLOW,HIGH,WIP status OUTPUT_BUFFER_CAPACITY_BLOCK remains after advisory placement.,REVIEW_WIP_BUFFER,False,True
SALT-REV-1100,PHASE4-MPS-20260726202343,ALT-SETUP,,SKU-BIKE-MT-001,MT-OP-010,WIP_SHORTAGE_OR_OVERFLOW,HIGH,WIP status OUTPUT_BUFFER_CAPACITY_BLOCK remains after advisory placement.,REVIEW_WIP_BUFFER,False,True
SALT-REV-1101,PHASE4-MPS-20260726202343,ALT-SETUP,,SKU-BIKE-MT-001,MT-OP-010,WIP_SHORTAGE_OR_OVERFLOW,HIGH,WIP status OUTPUT_BUFFER_CAPACITY_BLOCK remains after advisory placement.,REVIEW_WIP_BUFFER,False,True
SALT-REV-1102,PHASE4-MPS-20260726202343,ALT-SETUP,,SKU-BIKE-MT-001,MT-OP-010,WIP_SHORTAGE_OR_OVERFLOW,HIGH,WIP status OUTPUT_BUFFER_CAPACITY_BLOCK remains after advisory placement.,REVIEW_WIP_BUFFER,False,True
SALT-REV-1103,PHASE4-MPS-20260726202343,ALT-SETUP,,SKU-BIKE-MT-001,MT-OP-010,WIP_SHORTAGE_OR_OVERFLOW,HIGH,WIP status OUTPUT_BUFFER_CAPACITY_BLOCK remains after advisory placement.,REVIEW_WIP_BUFFER,False,True
SALT-REV-1104,PHASE4-MPS-20260726202343,ALT-SETUP,,SKU-BIKE-MT-001,MT-OP-010,WIP_SHORTAGE_OR_OVERFLOW,HIGH,WIP status OUTPUT_BUFFER_CAPACITY_BLOCK remains after advisory placement.,REVIEW_WIP_BUFFER,False,True
SALT-REV-1105,PHASE4-MPS-20260726202343,ALT-SETUP,,SKU-BIKE-MT-001,MT-OP-010,WIP_SHORTAGE_OR_OVERFLOW,HIGH,WIP status OUTPUT_BUFFER_CAPACITY_BLOCK remains after advisory placement.,REVIEW_WIP_BUFFER,False,True
SALT-REV-1106,PHASE4-MPS-20260726202343,ALT-SETUP,,SKU-BIKE-MT-001,MT-OP-010,WIP_SHORTAGE_OR_OVERFLOW,HIGH,WIP status OUTPUT_BUFFER_CAPACITY_BLOCK remains after advisory placement.,REVIEW_WIP_BUFFER,False,True
SALT-REV-1107,PHASE4-MPS-20260726202343,ALT-SETUP,,SKU-BIKE-MT-001,MT-OP-010,WIP_SHORTAGE_OR_OVERFLOW,HIGH,WIP status OUTPUT_BUFFER_CAPACITY_BLOCK remains after advisory placement.,REVIEW_WIP_BUFFER,False,True
SALT-REV-1108,PHASE4-MPS-20260726202343,ALT-SETUP,,SKU-BIKE-MT-001,MT-OP-020,WIP_SHORTAGE_OR_OVERFLOW,HIGH,WIP status WIP_SHORTAGE_RISK remains after advisory placement.,REVIEW_WIP_BUFFER,False,True
SALT-REV-1109,PHASE4-MPS-20260726202343,ALT-SETUP,,SKU-BIKE-MT-001,MT-OP-020,WIP_SHORTAGE_OR_OVERFLOW,HIGH,WIP status WIP_SHORTAGE_RISK remains after advisory placement.,REVIEW_WIP_BUFFER,False,True
SALT-REV-1110,PHASE4-MPS-20260726202343,ALT-SETUP,,SKU-BIKE-MT-001,MT-OP-020,WIP_SHORTAGE_OR_OVERFLOW,HIGH,WIP status WIP_SHORTAGE_RISK remains after advisory placement.,REVIEW_WIP_BUFFER,False,True
SALT-REV-1111,PHASE4-MPS-20260726202343,ALT-SETUP,,SKU-BIKE-MT-001,MT-OP-020,WIP_SHORTAGE_OR_OVERFLOW,HIGH,WIP status WIP_SHORTAGE_RISK remains after advisory placement.,REVIEW_WIP_BUFFER,False,True
SALT-REV-1112,PHASE4-MPS-20260726202343,ALT-SETUP,,SKU-BIKE-MT-001,MT-OP-020,WIP_SHORTAGE_OR_OVERFLOW,HIGH,WIP status WIP_SHORTAGE_RISK remains after advisory placement.,REVIEW_WIP_BUFFER,False,True
SALT-REV-1113,PHASE4-MPS-20260726202343,ALT-SETUP,,SKU-BIKE-MT-001,MT-OP-020,WIP_SHORTAGE_OR_OVERFLOW,HIGH,WIP status WIP_SHORTAGE_RISK remains after advisory placement.,REVIEW_WIP_BUFFER,False,True
SALT-REV-1114,PHASE4-MPS-20260726202343,ALT-SETUP,,SKU-BIKE-MT-001,MT-OP-020,WIP_SHORTAGE_OR_OVERFLOW,HIGH,WIP status WIP_SHORTAGE_RISK remains after advisory placement.,REVIEW_WIP_BUFFER,False,True
SALT-REV-1115,PHASE4-MPS-20260726202343,ALT-SETUP,,SKU-BIKE-MT-001,MT-OP-020,WIP_SHORTAGE_OR_OVERFLOW,HIGH,WIP status WIP_SHORTAGE_RISK remains after advisory placement.,REVIEW_WIP_BUFFER,False,True
SALT-REV-1116,PHASE4-MPS-20260726202343,ALT-SETUP,,SKU-BIKE-MT-001,MT-OP-020,WIP_SHORTAGE_OR_OVERFLOW,HIGH,WIP status WIP_SHORTAGE_RISK remains after advisory placement.,REVIEW_WIP_BUFFER,False,True
SALT-REV-1117,PHASE4-MPS-20260726202343,ALT-SETUP,,SKU-BIKE-MT-001,MT-OP-020,WIP_SHORTAGE_OR_OVERFLOW,HIGH,WIP status WIP_SHORTAGE_RISK remains after advisory placement.,REVIEW_WIP_BUFFER,False,True
SALT-REV-1118,PHASE4-MPS-20260726202343,ALT-SETUP,,SKU-BIKE-MT-001,MT-OP-020,WIP_SHORTAGE_OR_OVERFLOW,HIGH,WIP status WIP_SHORTAGE_RISK remains after advisory placement.,REVIEW_WIP_BUFFER,False,True
SALT-REV-1119,PHASE4-MPS-20260726202343,ALT-SETUP,,SKU-BIKE-MT-001,MT-OP-020,WIP_SHORTAGE_OR_OVERFLOW,HIGH,WIP status WIP_SHORTAGE_RISK remains after advisory placement.,REVIEW_WIP_BUFFER,False,True
SALT-REV-1120,PHASE4-MPS-20260726202343,ALT-SETUP,,SKU-BIKE-MT-001,MT-OP-020,WIP_SHORTAGE_OR_OVERFLOW,HIGH,WIP status WIP_SHORTAGE_RISK remains after advisory placement.,REVIEW_WIP_BUFFER,False,True
SALT-REV-1121,PHASE4-MPS-20260726202343,ALT-SETUP,,SKU-BIKE-MT-001,MT-OP-020,WIP_SHORTAGE_OR_OVERFLOW,HIGH,WIP status WIP_SHORTAGE_RISK remains after advisory placement.,REVIEW_WIP_BUFFER,False,True
SALT-REV-1122,PHASE4-MPS-20260726202343,ALT-SETUP,,SKU-BIKE-MT-001,MT-OP-040,WIP_SHORTAGE_OR_OVERFLOW,HIGH,WIP status WIP_SHORTAGE_RISK remains after advisory placement.,REVIEW_WIP_BUFFER,False,True
SALT-REV-1123,PHASE4-MPS-20260726202343,ALT-SETUP,,SKU-BIKE-MT-001,MT-OP-040,WIP_SHORTAGE_OR_OVERFLOW,HIGH,WIP status WIP_SHORTAGE_RISK remains after advisory placement.,REVIEW_WIP_BUFFER,False,True
SALT-REV-1124,PHASE4-MPS-20260726202343,ALT-SETUP,,SKU-BIKE-MT-001,MT-OP-040,WIP_SHORTAGE_OR_OVERFLOW,HIGH,WIP status WIP_SHORTAGE_RISK remains after advisory placement.,REVIEW_WIP_BUFFER,False,True
SALT-REV-1125,PHASE4-MPS-20260726202343,ALT-SETUP,,SKU-BIKE-MT-001,MT-OP-040,WIP_SHORTAGE_OR_OVERFLOW,HIGH,WIP status WIP_SHORTAGE_RISK remains after advisory placement.,REVIEW_WIP_BUFFER,False,True
SALT-REV-1126,PHASE4-MPS-20260726202343,ALT-SETUP,,SKU-BIKE-MT-001,MT-OP-040,WIP_SHORTAGE_OR_OVERFLOW,HIGH,WIP status WIP_SHORTAGE_RISK remains after advisory placement.,REVIEW_WIP_BUFFER,False,True
SALT-REV-1127,PHASE4-MPS-20260726202343,ALT-SETUP,,SKU-BIKE-MT-001,MT-OP-040,WIP_SHORTAGE_OR_OVERFLOW,HIGH,WIP status WIP_SHORTAGE_RISK remains after advisory placement.,REVIEW_WIP_BUFFER,False,True
SALT-REV-1128,PHASE4-MPS-20260726202343,ALT-SETUP,,SKU-BIKE-MT-001,MT-OP-040,WIP_SHORTAGE_OR_OVERFLOW,HIGH,WIP status WIP_SHORTAGE_RISK remains after advisory placement.,REVIEW_WIP_BUFFER,False,True
SALT-REV-1129,PHASE4-MPS-20260726202343,ALT-SETUP,,SKU-BIKE-MT-001,MT-OP-040,WIP_SHORTAGE_OR_OVERFLOW,HIGH,WIP status WIP_SHORTAGE_RISK remains after advisory placement.,REVIEW_WIP_BUFFER,False,True
SALT-REV-1130,PHASE4-MPS-20260726202343,ALT-SETUP,,SKU-BIKE-MT-001,MT-OP-040,WIP_SHORTAGE_OR_OVERFLOW,HIGH,WIP status WIP_SHORTAGE_RISK remains after advisory placement.,REVIEW_WIP_BUFFER,False,True
SALT-REV-1131,PHASE4-MPS-20260726202343,ALT-SETUP,,SKU-BIKE-MT-001,MT-OP-040,WIP_SHORTAGE_OR_OVERFLOW,HIGH,WIP status WIP_SHORTAGE_RISK remains after advisory placement.,REVIEW_WIP_BUFFER,False,True
SALT-REV-1132,PHASE4-MPS-20260726202343,ALT-SETUP,,SKU-BIKE-MT-001,MT-OP-040,WIP_SHORTAGE_OR_OVERFLOW,HIGH,WIP status WIP_SHORTAGE_RISK remains after advisory placement.,REVIEW_WIP_BUFFER,False,True
SALT-REV-1133,PHASE4-MPS-20260726202343,ALT-SETUP,,SKU-BIKE-MT-001,MT-OP-040,WIP_SHORTAGE_OR_OVERFLOW,HIGH,WIP status WIP_SHORTAGE_RISK remains after advisory placement.,REVIEW_WIP_BUFFER,False,True
SALT-REV-1134,PHASE4-MPS-20260726202343,ALT-SETUP,,SKU-BIKE-MT-001,MT-OP-040,WIP_SHORTAGE_OR_OVERFLOW,HIGH,WIP status WIP_SHORTAGE_RISK remains after advisory placement.,REVIEW_WIP_BUFFER,False,True
SALT-REV-1135,PHASE4-MPS-20260726202343,ALT-SETUP,,SKU-BIKE-MT-001,MT-OP-040,WIP_SHORTAGE_OR_OVERFLOW,HIGH,WIP status WIP_SHORTAGE_RISK remains after advisory placement.,REVIEW_WIP_BUFFER,False,True
SALT-REV-1136,PHASE4-MPS-20260726202343,ALT-SETUP,,SKU-BIKE-MT-001,MT-OP-060,WIP_SHORTAGE_OR_OVERFLOW,HIGH,WIP status WIP_SHORTAGE_RISK remains after advisory placement.,REVIEW_WIP_BUFFER,False,True
SALT-REV-1137,PHASE4-MPS-20260726202343,ALT-SETUP,,SKU-BIKE-MT-001,MT-OP-060,WIP_SHORTAGE_OR_OVERFLOW,HIGH,WIP status WIP_SHORTAGE_RISK remains after advisory placement.,REVIEW_WIP_BUFFER,False,True
SALT-REV-1138,PHASE4-MPS-20260726202343,ALT-SETUP,,SKU-BIKE-MT-001,MT-OP-030,WIP_SHORTAGE_OR_OVERFLOW,HIGH,WIP status WIP_SHORTAGE_RISK remains after advisory placement.,REVIEW_WIP_BUFFER,False,True
SALT-REV-1139,PHASE4-MPS-20260726202343,ALT-SETUP,,SKU-BIKE-MT-001,MT-OP-030,WIP_SHORTAGE_OR_OVERFLOW,HIGH,WIP status WIP_SHORTAGE_RISK remains after advisory placement.,REVIEW_WIP_BUFFER,False,True
SALT-REV-1140,PHASE4-MPS-20260726202343,ALT-SETUP,,SKU-BIKE-MT-001,MT-OP-030,WIP_SHORTAGE_OR_OVERFLOW,HIGH,WIP status WIP_SHORTAGE_RISK remains after advisory placement.,REVIEW_WIP_BUFFER,False,True
SALT-REV-1141,PHASE4-MPS-20260726202343,ALT-SETUP,,SKU-BIKE-MT-001,MT-OP-030,WIP_SHORTAGE_OR_OVERFLOW,HIGH,WIP status WIP_SHORTAGE_RISK remains after advisory placement.,REVIEW_WIP_BUFFER,False,True
SALT-REV-1142,PHASE4-MPS-20260726202343,ALT-SETUP,,SKU-BIKE-MT-001,MT-OP-030,WIP_SHORTAGE_OR_OVERFLOW,HIGH,WIP status WIP_SHORTAGE_RISK remains after advisory placement.,REVIEW_WIP_BUFFER,False,True
SALT-REV-1143,PHASE4-MPS-20260726202343,ALT-SETUP,,SKU-BIKE-MT-001,MT-OP-030,WIP_SHORTAGE_OR_OVERFLOW,HIGH,WIP status WIP_SHORTAGE_RISK remains after advisory placement.,REVIEW_WIP_BUFFER,False,True
SALT-REV-1144,PHASE4-MPS-20260726202343,ALT-SETUP,,SKU-BIKE-MT-001,MT-OP-030,WIP_SHORTAGE_OR_OVERFLOW,HIGH,WIP status WIP_SHORTAGE_RISK remains after advisory placement.,REVIEW_WIP_BUFFER,False,True
SALT-REV-1145,PHASE4-MPS-20260726202343,ALT-SETUP,,SKU-BIKE-MT-001,MT-OP-030,WIP_SHORTAGE_OR_OVERFLOW,HIGH,WIP status WIP_SHORTAGE_RISK remains after advisory placement.,REVIEW_WIP_BUFFER,False,True
SALT-REV-1146,PHASE4-MPS-20260726202343,ALT-SETUP,,SKU-BIKE-MT-001,MT-OP-030,WIP_SHORTAGE_OR_OVERFLOW,HIGH,WIP status WIP_SHORTAGE_RISK remains after advisory placement.,REVIEW_WIP_BUFFER,False,True
SALT-REV-1147,PHASE4-MPS-20260726202343,ALT-SETUP,,SKU-BIKE-MT-001,MT-OP-030,WIP_SHORTAGE_OR_OVERFLOW,HIGH,WIP status WIP_SHORTAGE_RISK remains after advisory placement.,REVIEW_WIP_BUFFER,False,True
SALT-REV-1148,PHASE4-MPS-20260726202343,ALT-SETUP,,SKU-BIKE-MT-001,MT-OP-030,WIP_SHORTAGE_OR_OVERFLOW,HIGH,WIP status WIP_SHORTAGE_RISK remains after advisory placement.,REVIEW_WIP_BUFFER,False,True
SALT-REV-1149,PHASE4-MPS-20260726202343,ALT-SETUP,,SKU-BIKE-MT-001,MT-OP-030,WIP_SHORTAGE_OR_OVERFLOW,HIGH,WIP status WIP_SHORTAGE_RISK remains after advisory placement.,REVIEW_WIP_BUFFER,False,True
SALT-REV-1150,PHASE4-MPS-20260726202343,ALT-SETUP,,SKU-BIKE-MT-001,MT-OP-030,WIP_SHORTAGE_OR_OVERFLOW,HIGH,WIP status WIP_SHORTAGE_RISK remains after advisory placement.,REVIEW_WIP_BUFFER,False,True
SALT-REV-1151,PHASE4-MPS-20260726202343,ALT-SETUP,,SKU-BIKE-MT-001,MT-OP-030,WIP_SHORTAGE_OR_OVERFLOW,HIGH,WIP status WIP_SHORTAGE_RISK remains after advisory placement.,REVIEW_WIP_BUFFER,False,True
SALT-REV-1152,PHASE4-MPS-20260726202343,ALT-SETUP,,SKU-BIKE-MT-001,MT-OP-050,WIP_SHORTAGE_OR_OVERFLOW,HIGH,WIP status WIP_SHORTAGE_RISK remains after advisory placement.,REVIEW_WIP_BUFFER,False,True
SALT-REV-1153,PHASE4-MPS-20260726202343,ALT-SETUP,,SKU-BIKE-MT-001,MT-OP-050,WIP_SHORTAGE_OR_OVERFLOW,HIGH,WIP status OUTPUT_BUFFER_CAPACITY_BLOCK remains after advisory placement.,REVIEW_WIP_BUFFER,False,True
SALT-REV-1154,PHASE4-MPS-20260726202343,ALT-SETUP,,SKU-BIKE-MT-001,MT-OP-050,WIP_SHORTAGE_OR_OVERFLOW,HIGH,WIP status OUTPUT_BUFFER_CAPACITY_BLOCK remains after advisory placement.,REVIEW_WIP_BUFFER,False,True
SALT-REV-1155,PHASE4-MPS-20260726202343,ALT-SETUP,,SKU-BIKE-MT-001,MT-OP-050,WIP_SHORTAGE_OR_OVERFLOW,HIGH,WIP status OUTPUT_BUFFER_CAPACITY_BLOCK remains after advisory placement.,REVIEW_WIP_BUFFER,False,True
SALT-REV-1156,PHASE4-MPS-20260726202343,ALT-SETUP,,SKU-BIKE-MT-001,MT-OP-050,WIP_SHORTAGE_OR_OVERFLOW,HIGH,WIP status OUTPUT_BUFFER_CAPACITY_BLOCK remains after advisory placement.,REVIEW_WIP_BUFFER,False,True
SALT-REV-1157,PHASE4-MPS-20260726202343,ALT-SETUP,,SKU-BIKE-MT-001,MT-OP-050,WIP_SHORTAGE_OR_OVERFLOW,HIGH,WIP status OUTPUT_BUFFER_CAPACITY_BLOCK remains after advisory placement.,REVIEW_WIP_BUFFER,False,True
SALT-REV-1158,PHASE4-MPS-20260726202343,ALT-SETUP,,SKU-BIKE-MT-001,MT-OP-050,WIP_SHORTAGE_OR_OVERFLOW,HIGH,WIP status OUTPUT_BUFFER_CAPACITY_BLOCK remains after advisory placement.,REVIEW_WIP_BUFFER,False,True
SALT-REV-1159,PHASE4-MPS-20260726202343,ALT-SETUP,,SKU-BIKE-MT-001,MT-OP-050,WIP_SHORTAGE_OR_OVERFLOW,HIGH,WIP status OUTPUT_BUFFER_CAPACITY_BLOCK remains after advisory placement.,REVIEW_WIP_BUFFER,False,True
SALT-REV-1160,PHASE4-MPS-20260726202343,ALT-SETUP,,SKU-BIKE-MT-001,MT-OP-050,WIP_SHORTAGE_OR_OVERFLOW,HIGH,WIP status OUTPUT_BUFFER_CAPACITY_BLOCK remains after advisory placement.,REVIEW_WIP_BUFFER,False,True
SALT-REV-1161,PHASE4-MPS-20260726202343,ALT-SETUP,,SKU-BIKE-MT-001,MT-OP-050,WIP_SHORTAGE_OR_OVERFLOW,HIGH,WIP status OUTPUT_BUFFER_CAPACITY_BLOCK remains after advisory placement.,REVIEW_WIP_BUFFER,False,True
SALT-REV-1162,PHASE4-MPS-20260726202343,ALT-SETUP,,SKU-BIKE-MT-001,MT-OP-050,WIP_SHORTAGE_OR_OVERFLOW,HIGH,WIP status OUTPUT_BUFFER_CAPACITY_BLOCK remains after advisory placement.,REVIEW_WIP_BUFFER,False,True
SALT-REV-1163,PHASE4-MPS-20260726202343,ALT-SETUP,,SKU-BIKE-MT-001,MT-OP-050,WIP_SHORTAGE_OR_OVERFLOW,HIGH,WIP status OUTPUT_BUFFER_CAPACITY_BLOCK remains after advisory placement.,REVIEW_WIP_BUFFER,False,True
SALT-REV-1164,PHASE4-MPS-20260726202343,ALT-SETUP,,SKU-BIKE-MT-001,MT-OP-050,WIP_SHORTAGE_OR_OVERFLOW,HIGH,WIP status OUTPUT_BUFFER_CAPACITY_BLOCK remains after advisory placement.,REVIEW_WIP_BUFFER,False,True
SALT-REV-1165,PHASE4-MPS-20260726202343,ALT-SETUP,,SKU-BIKE-MT-001,MT-OP-050,WIP_SHORTAGE_OR_OVERFLOW,HIGH,WIP status OUTPUT_BUFFER_CAPACITY_BLOCK remains after advisory placement.,REVIEW_WIP_BUFFER,False,True
SALT-REV-1166,PHASE4-MPS-20260726202343,ALT-SETUP,,SKU-BIKE-MT-001,MT-OP-050,WIP_SHORTAGE_OR_OVERFLOW,HIGH,WIP status OUTPUT_BUFFER_CAPACITY_BLOCK remains after advisory placement.,REVIEW_WIP_BUFFER,False,True
SALT-REV-1167,PHASE4-MPS-20260726202343,ALT-SETUP,,SKU-BIKE-MT-001,MT-OP-050,WIP_SHORTAGE_OR_OVERFLOW,HIGH,WIP status OUTPUT_BUFFER_CAPACITY_BLOCK remains after advisory placement.,REVIEW_WIP_BUFFER,False,True
SALT-REV-1168,PHASE4-MPS-20260726202343,ALT-SETUP,,SKU-BIKE-MT-001,MT-OP-050,WIP_SHORTAGE_OR_OVERFLOW,HIGH,WIP status OUTPUT_BUFFER_CAPACITY_BLOCK remains after advisory placement.,REVIEW_WIP_BUFFER,False,True
SALT-REV-1169,PHASE4-MPS-20260726202343,ALT-SETUP,,SKU-BIKE-MT-001,MT-OP-050,WIP_SHORTAGE_OR_OVERFLOW,HIGH,WIP status OUTPUT_BUFFER_CAPACITY_BLOCK remains after advisory placement.,REVIEW_WIP_BUFFER,False,True
SALT-REV-1170,PHASE4-MPS-20260726202343,ALT-SETUP,,SKU-BIKE-MT-001,MT-OP-050,WIP_SHORTAGE_OR_OVERFLOW,HIGH,WIP status OUTPUT_BUFFER_CAPACITY_BLOCK remains after advisory placement.,REVIEW_WIP_BUFFER,False,True
SALT-REV-1171,PHASE4-MPS-20260726202343,ALT-SETUP,,SKU-BIKE-MT-001,MT-OP-050,WIP_SHORTAGE_OR_OVERFLOW,HIGH,WIP status OUTPUT_BUFFER_CAPACITY_BLOCK remains after advisory placement.,REVIEW_WIP_BUFFER,False,True
SALT-REV-1172,PHASE4-MPS-20260726202343,ALT-SETUP,,SKU-BIKE-MT-001,MT-OP-050,WIP_SHORTAGE_OR_OVERFLOW,HIGH,WIP status OUTPUT_BUFFER_CAPACITY_BLOCK remains after advisory placement.,REVIEW_WIP_BUFFER,False,True
SALT-REV-1173,PHASE4-MPS-20260726202343,ALT-SETUP,,SKU-BIKE-MT-001,MT-OP-050,WIP_SHORTAGE_OR_OVERFLOW,HIGH,WIP status OUTPUT_BUFFER_CAPACITY_BLOCK remains after advisory placement.,REVIEW_WIP_BUFFER,False,True
SALT-REV-1174,PHASE4-MPS-20260726202343,ALT-SETUP,,SKU-BIKE-MT-001,MT-OP-050,WIP_SHORTAGE_OR_OVERFLOW,HIGH,WIP status OUTPUT_BUFFER_CAPACITY_BLOCK remains after advisory placement.,REVIEW_WIP_BUFFER,False,True
SALT-REV-1175,PHASE4-MPS-20260726202343,ALT-SETUP,,SKU-BIKE-MT-001,MT-OP-050,WIP_SHORTAGE_OR_OVERFLOW,HIGH,WIP status OUTPUT_BUFFER_CAPACITY_BLOCK remains after advisory placement.,REVIEW_WIP_BUFFER,False,True
SALT-REV-1176,PHASE4-MPS-20260726202343,ALT-SETUP,,SKU-BIKE-MT-001,MT-OP-050,WIP_SHORTAGE_OR_OVERFLOW,HIGH,WIP status OUTPUT_BUFFER_CAPACITY_BLOCK remains after advisory placement.,REVIEW_WIP_BUFFER,False,True
SALT-REV-1177,PHASE4-MPS-20260726202343,ALT-SETUP,,SKU-BIKE-MT-001,MT-OP-050,WIP_SHORTAGE_OR_OVERFLOW,HIGH,WIP status OUTPUT_BUFFER_CAPACITY_BLOCK remains after advisory placement.,REVIEW_WIP_BUFFER,False,True
SALT-REV-1178,PHASE4-MPS-20260726202343,ALT-SETUP,,SKU-BIKE-MT-001,MT-OP-050,WIP_SHORTAGE_OR_OVERFLOW,HIGH,WIP status OUTPUT_BUFFER_CAPACITY_BLOCK remains after advisory placement.,REVIEW_WIP_BUFFER,False,True
SALT-REV-1179,PHASE4-MPS-20260726202343,ALT-SETUP,,SKU-BIKE-MT-001,MT-OP-050,WIP_SHORTAGE_OR_OVERFLOW,HIGH,WIP status OUTPUT_BUFFER_CAPACITY_BLOCK remains after advisory placement.,REVIEW_WIP_BUFFER,False,True
SALT-REV-1180,PHASE4-MPS-20260726202343,ALT-SETUP,,SKU-BIKE-MT-001,MT-OP-050,WIP_SHORTAGE_OR_OVERFLOW,HIGH,WIP status OUTPUT_BUFFER_CAPACITY_BLOCK remains after advisory placement.,REVIEW_WIP_BUFFER,False,True
SALT-REV-1181,PHASE4-MPS-20260726202343,ALT-SETUP,,SKU-BIKE-MT-001,MT-OP-050,WIP_SHORTAGE_OR_OVERFLOW,HIGH,WIP status OUTPUT_BUFFER_CAPACITY_BLOCK remains after advisory placement.,REVIEW_WIP_BUFFER,False,True
SALT-REV-1182,PHASE4-MPS-20260726202343,ALT-SETUP,,SKU-BIKE-MT-001,MT-OP-050,WIP_SHORTAGE_OR_OVERFLOW,HIGH,WIP status OUTPUT_BUFFER_CAPACITY_BLOCK remains after advisory placement.,REVIEW_WIP_BUFFER,False,True
SALT-REV-1183,PHASE4-MPS-20260726202343,ALT-SETUP,,SKU-BIKE-MT-001,MT-OP-050,WIP_SHORTAGE_OR_OVERFLOW,HIGH,WIP status OUTPUT_BUFFER_CAPACITY_BLOCK remains after advisory placement.,REVIEW_WIP_BUFFER,False,True
SALT-REV-1184,PHASE4-MPS-20260726202343,ALT-SETUP,,SKU-BIKE-MT-001,MT-OP-050,WIP_SHORTAGE_OR_OVERFLOW,HIGH,WIP status OUTPUT_BUFFER_CAPACITY_BLOCK remains after advisory placement.,REVIEW_WIP_BUFFER,False,True
SALT-REV-1185,PHASE4-MPS-20260726202343,ALT-SETUP,,SKU-BIKE-MT-001,MT-OP-050,WIP_SHORTAGE_OR_OVERFLOW,HIGH,WIP status OUTPUT_BUFFER_CAPACITY_BLOCK remains after advisory placement.,REVIEW_WIP_BUFFER,False,True
SALT-REV-1186,PHASE4-MPS-20260726202343,ALT-SETUP,,SKU-BIKE-MT-001,MT-OP-060,WIP_SHORTAGE_OR_OVERFLOW,HIGH,WIP status WIP_SHORTAGE_RISK remains after advisory placement.,REVIEW_WIP_BUFFER,False,True
SALT-REV-1187,PHASE4-MPS-20260726202343,ALT-SETUP,,SKU-BIKE-MT-001,MT-OP-060,WIP_SHORTAGE_OR_OVERFLOW,HIGH,WIP status WIP_SHORTAGE_RISK remains after advisory placement.,REVIEW_WIP_BUFFER,False,True
SALT-REV-1188,PHASE4-MPS-20260726202343,ALT-SETUP,,SKU-BIKE-MT-001,MT-OP-060,WIP_SHORTAGE_OR_OVERFLOW,HIGH,WIP status WIP_SHORTAGE_RISK remains after advisory placement.,REVIEW_WIP_BUFFER,False,True
SALT-REV-1189,PHASE4-MPS-20260726202343,ALT-SETUP,,SKU-BIKE-MT-001,MT-OP-060,WIP_SHORTAGE_OR_OVERFLOW,HIGH,WIP status WIP_SHORTAGE_RISK remains after advisory placement.,REVIEW_WIP_BUFFER,False,True
SALT-REV-1190,PHASE4-MPS-20260726202343,ALT-SETUP,,SKU-BIKE-MT-001,MT-OP-060,WIP_SHORTAGE_OR_OVERFLOW,HIGH,WIP status WIP_SHORTAGE_RISK remains after advisory placement.,REVIEW_WIP_BUFFER,False,True
SALT-REV-1191,PHASE4-MPS-20260726202343,ALT-SETUP,,SKU-BIKE-MT-001,MT-OP-060,WIP_SHORTAGE_OR_OVERFLOW,HIGH,WIP status WIP_SHORTAGE_RISK remains after advisory placement.,REVIEW_WIP_BUFFER,False,True
SALT-REV-1192,PHASE4-MPS-20260726202343,ALT-SETUP,,SKU-BIKE-MT-001,MT-OP-060,WIP_SHORTAGE_OR_OVERFLOW,HIGH,WIP status WIP_SHORTAGE_RISK remains after advisory placement.,REVIEW_WIP_BUFFER,False,True
SALT-REV-1193,PHASE4-MPS-20260726202343,ALT-SETUP,,SKU-BIKE-MT-001,MT-OP-060,WIP_SHORTAGE_OR_OVERFLOW,HIGH,WIP status WIP_SHORTAGE_RISK remains after advisory placement.,REVIEW_WIP_BUFFER,False,True
SALT-REV-1194,PHASE4-MPS-20260726202343,ALT-SETUP,,SKU-BIKE-MT-001,MT-OP-060,WIP_SHORTAGE_OR_OVERFLOW,HIGH,WIP status WIP_SHORTAGE_RISK remains after advisory placement.,REVIEW_WIP_BUFFER,False,True
SALT-REV-1195,PHASE4-MPS-20260726202343,ALT-SETUP,,SKU-BIKE-MT-001,MT-OP-060,WIP_SHORTAGE_OR_OVERFLOW,HIGH,WIP status WIP_SHORTAGE_RISK remains after advisory placement.,REVIEW_WIP_BUFFER,False,True
SALT-REV-1196,PHASE4-MPS-20260726202343,ALT-SETUP,,SKU-BIKE-MT-001,MT-OP-060,WIP_SHORTAGE_OR_OVERFLOW,HIGH,WIP status WIP_SHORTAGE_RISK remains after advisory placement.,REVIEW_WIP_BUFFER,False,True
SALT-REV-1197,PHASE4-MPS-20260726202343,ALT-SETUP,,SKU-BIKE-MT-001,MT-OP-060,WIP_SHORTAGE_OR_OVERFLOW,HIGH,WIP status WIP_SHORTAGE_RISK remains after advisory placement.,REVIEW_WIP_BUFFER,False,True
SALT-REV-1198,PHASE4-MPS-20260726202343,ALT-SETUP,,SKU-BIKE-ROAD-001,ROAD-OP-010,WIP_SHORTAGE_OR_OVERFLOW,HIGH,WIP status OUTPUT_BUFFER_CAPACITY_BLOCK remains after advisory placement.,REVIEW_WIP_BUFFER,False,True
SALT-REV-1199,PHASE4-MPS-20260726202343,ALT-SETUP,,SKU-BIKE-ROAD-001,ROAD-OP-010,WIP_SHORTAGE_OR_OVERFLOW,HIGH,WIP status OUTPUT_BUFFER_CAPACITY_BLOCK remains after advisory placement.,REVIEW_WIP_BUFFER,False,True
SALT-REV-1200,PHASE4-MPS-20260726202343,ALT-SETUP,,SKU-BIKE-ROAD-001,ROAD-OP-010,WIP_SHORTAGE_OR_OVERFLOW,HIGH,WIP status OUTPUT_BUFFER_CAPACITY_BLOCK remains after advisory placement.,REVIEW_WIP_BUFFER,False,True
SALT-REV-1201,PHASE4-MPS-20260726202343,ALT-SETUP,,SKU-BIKE-ROAD-001,ROAD-OP-010,WIP_SHORTAGE_OR_OVERFLOW,HIGH,WIP status OUTPUT_BUFFER_CAPACITY_BLOCK remains after advisory placement.,REVIEW_WIP_BUFFER,False,True
SALT-REV-1202,PHASE4-MPS-20260726202343,ALT-SETUP,,SKU-BIKE-ROAD-001,ROAD-OP-010,WIP_SHORTAGE_OR_OVERFLOW,HIGH,WIP status OUTPUT_BUFFER_CAPACITY_BLOCK remains after advisory placement.,REVIEW_WIP_BUFFER,False,True
SALT-REV-1203,PHASE4-MPS-20260726202343,ALT-SETUP,,SKU-BIKE-ROAD-001,ROAD-OP-010,WIP_SHORTAGE_OR_OVERFLOW,HIGH,WIP status OUTPUT_BUFFER_CAPACITY_BLOCK remains after advisory placement.,REVIEW_WIP_BUFFER,False,True
SALT-REV-1204,PHASE4-MPS-20260726202343,ALT-SETUP,,SKU-BIKE-ROAD-001,ROAD-OP-010,WIP_SHORTAGE_OR_OVERFLOW,HIGH,WIP status OUTPUT_BUFFER_CAPACITY_BLOCK remains after advisory placement.,REVIEW_WIP_BUFFER,False,True
SALT-REV-1205,PHASE4-MPS-20260726202343,ALT-SETUP,,SKU-BIKE-ROAD-001,ROAD-OP-010,WIP_SHORTAGE_OR_OVERFLOW,HIGH,WIP status OUTPUT_BUFFER_CAPACITY_BLOCK remains after advisory placement.,REVIEW_WIP_BUFFER,False,True
SALT-REV-1206,PHASE4-MPS-20260726202343,ALT-SETUP,,SKU-BIKE-ROAD-001,ROAD-OP-010,WIP_SHORTAGE_OR_OVERFLOW,HIGH,WIP status OUTPUT_BUFFER_CAPACITY_BLOCK remains after advisory placement.,REVIEW_WIP_BUFFER,False,True
SALT-REV-1207,PHASE4-MPS-20260726202343,ALT-SETUP,,SKU-BIKE-ROAD-001,ROAD-OP-010,WIP_SHORTAGE_OR_OVERFLOW,HIGH,WIP status OUTPUT_BUFFER_CAPACITY_BLOCK remains after advisory placement.,REVIEW_WIP_BUFFER,False,True
SALT-REV-1208,PHASE4-MPS-20260726202343,ALT-SETUP,,SKU-BIKE-ROAD-001,ROAD-OP-010,WIP_SHORTAGE_OR_OVERFLOW,HIGH,WIP status OUTPUT_BUFFER_CAPACITY_BLOCK remains after advisory placement.,REVIEW_WIP_BUFFER,False,True
SALT-REV-1209,PHASE4-MPS-20260726202343,ALT-SETUP,,SKU-BIKE-ROAD-001,ROAD-OP-010,WIP_SHORTAGE_OR_OVERFLOW,HIGH,WIP status OUTPUT_BUFFER_CAPACITY_BLOCK remains after advisory placement.,REVIEW_WIP_BUFFER,False,True
SALT-REV-1210,PHASE4-MPS-20260726202343,ALT-SETUP,,SKU-BIKE-ROAD-001,ROAD-OP-030,WIP_SHORTAGE_OR_OVERFLOW,HIGH,WIP status WIP_SHORTAGE_RISK remains after advisory placement.,REVIEW_WIP_BUFFER,False,True
SALT-REV-1211,PHASE4-MPS-20260726202343,ALT-SETUP,,SKU-BIKE-ROAD-001,ROAD-OP-030,WIP_SHORTAGE_OR_OVERFLOW,HIGH,WIP status WIP_SHORTAGE_RISK remains after advisory placement.,REVIEW_WIP_BUFFER,False,True
SALT-REV-1212,PHASE4-MPS-20260726202343,ALT-SETUP,,SKU-BIKE-ROAD-001,ROAD-OP-030,WIP_SHORTAGE_OR_OVERFLOW,HIGH,WIP status WIP_SHORTAGE_RISK remains after advisory placement.,REVIEW_WIP_BUFFER,False,True
SALT-REV-1213,PHASE4-MPS-20260726202343,ALT-BASELINE,,,MT-OP-010,HIGH_SETUP_IMPACT,MEDIUM,Actual sequence has material setup/changeover exposure.,REVIEW_SETUP_SEQUENCE,False,True
SALT-REV-1214,PHASE4-MPS-20260726202343,ALT-BASELINE,,,MT-OP-050,HIGH_SETUP_IMPACT,MEDIUM,Actual sequence has material setup/changeover exposure.,REVIEW_SETUP_SEQUENCE,False,True
SALT-REV-1215,PHASE4-MPS-20260726202343,ALT-BASELINE,,,ROAD-OP-010,HIGH_SETUP_IMPACT,MEDIUM,Actual sequence has material setup/changeover exposure.,REVIEW_SETUP_SEQUENCE,False,True
SALT-REV-1216,PHASE4-MPS-20260726202343,ALT-BASELINE,,,ROAD-OP-040,HIGH_SETUP_IMPACT,MEDIUM,Actual sequence has material setup/changeover exposure.,REVIEW_SETUP_SEQUENCE,False,True
SALT-REV-1217,PHASE4-MPS-20260726202343,ALT-BASELINE,,,MT-OP-010,HIGH_SETUP_IMPACT,MEDIUM,Actual sequence has material setup/changeover exposure.,REVIEW_SETUP_SEQUENCE,False,True
SALT-REV-1218,PHASE4-MPS-20260726202343,ALT-BASELINE,,,MT-OP-050,HIGH_SETUP_IMPACT,MEDIUM,Actual sequence has material setup/changeover exposure.,REVIEW_SETUP_SEQUENCE,False,True
SALT-REV-1219,PHASE4-MPS-20260726202343,ALT-BASELINE,,,ROAD-OP-010,HIGH_SETUP_IMPACT,MEDIUM,Actual sequence has material setup/changeover exposure.,REVIEW_SETUP_SEQUENCE,False,True
SALT-REV-1220,PHASE4-MPS-20260726202343,ALT-BASELINE,,,ROAD-OP-040,HIGH_SETUP_IMPACT,MEDIUM,Actual sequence has material setup/changeover exposure.,REVIEW_SETUP_SEQUENCE,False,True
SALT-REV-1221,PHASE4-MPS-20260726202343,ALT-BASELINE,,,MT-OP-010,HIGH_SETUP_IMPACT,MEDIUM,Actual sequence has material setup/changeover exposure.,REVIEW_SETUP_SEQUENCE,False,True
SALT-REV-1222,PHASE4-MPS-20260726202343,ALT-BASELINE,,,MT-OP-050,HIGH_SETUP_IMPACT,MEDIUM,Actual sequence has material setup/changeover exposure.,REVIEW_SETUP_SEQUENCE,False,True
SALT-REV-1223,PHASE4-MPS-20260726202343,ALT-BASELINE,,,ROAD-OP-010,HIGH_SETUP_IMPACT,MEDIUM,Actual sequence has material setup/changeover exposure.,REVIEW_SETUP_SEQUENCE,False,True
SALT-REV-1224,PHASE4-MPS-20260726202343,ALT-BASELINE,,,ROAD-OP-040,HIGH_SETUP_IMPACT,MEDIUM,Actual sequence has material setup/changeover exposure.,REVIEW_SETUP_SEQUENCE,False,True
SALT-REV-1225,PHASE4-MPS-20260726202343,ALT-BASELINE,,,MT-OP-010,HIGH_SETUP_IMPACT,MEDIUM,Actual sequence has material setup/changeover exposure.,REVIEW_SETUP_SEQUENCE,False,True
SALT-REV-1226,PHASE4-MPS-20260726202343,ALT-BASELINE,,,MT-OP-050,HIGH_SETUP_IMPACT,MEDIUM,Actual sequence has material setup/changeover exposure.,REVIEW_SETUP_SEQUENCE,False,True
SALT-REV-1227,PHASE4-MPS-20260726202343,ALT-BASELINE,,,ROAD-OP-010,HIGH_SETUP_IMPACT,MEDIUM,Actual sequence has material setup/changeover exposure.,REVIEW_SETUP_SEQUENCE,False,True
SALT-REV-1228,PHASE4-MPS-20260726202343,ALT-BASELINE,,,ROAD-OP-040,HIGH_SETUP_IMPACT,MEDIUM,Actual sequence has material setup/changeover exposure.,REVIEW_SETUP_SEQUENCE,False,True
SALT-REV-1229,PHASE4-MPS-20260726202343,ALT-BASELINE,,,MT-OP-010,HIGH_SETUP_IMPACT,MEDIUM,Actual sequence has material setup/changeover exposure.,REVIEW_SETUP_SEQUENCE,False,True
SALT-REV-1230,PHASE4-MPS-20260726202343,ALT-BASELINE,,,MT-OP-050,HIGH_SETUP_IMPACT,MEDIUM,Actual sequence has material setup/changeover exposure.,REVIEW_SETUP_SEQUENCE,False,True
SALT-REV-1231,PHASE4-MPS-20260726202343,ALT-BASELINE,,,ROAD-OP-010,HIGH_SETUP_IMPACT,MEDIUM,Actual sequence has material setup/changeover exposure.,REVIEW_SETUP_SEQUENCE,False,True
SALT-REV-1232,PHASE4-MPS-20260726202343,ALT-BASELINE,,,ROAD-OP-040,HIGH_SETUP_IMPACT,MEDIUM,Actual sequence has material setup/changeover exposure.,REVIEW_SETUP_SEQUENCE,False,True
SALT-REV-1233,PHASE4-MPS-20260726202343,ALT-BASELINE,,,MT-OP-010,HIGH_SETUP_IMPACT,MEDIUM,Actual sequence has material setup/changeover exposure.,REVIEW_SETUP_SEQUENCE,False,True
SALT-REV-1234,PHASE4-MPS-20260726202343,ALT-BASELINE,,,MT-OP-050,HIGH_SETUP_IMPACT,MEDIUM,Actual sequence has material setup/changeover exposure.,REVIEW_SETUP_SEQUENCE,False,True
SALT-REV-1235,PHASE4-MPS-20260726202343,ALT-BASELINE,,,ROAD-OP-010,HIGH_SETUP_IMPACT,MEDIUM,Actual sequence has material setup/changeover exposure.,REVIEW_SETUP_SEQUENCE,False,True
SALT-REV-1236,PHASE4-MPS-20260726202343,ALT-BASELINE,,,ROAD-OP-040,HIGH_SETUP_IMPACT,MEDIUM,Actual sequence has material setup/changeover exposure.,REVIEW_SETUP_SEQUENCE,False,True
SALT-REV-1237,PHASE4-MPS-20260726202343,ALT-BASELINE,,,MT-OP-010,HIGH_SETUP_IMPACT,MEDIUM,Actual sequence has material setup/changeover exposure.,REVIEW_SETUP_SEQUENCE,False,True
SALT-REV-1238,PHASE4-MPS-20260726202343,ALT-BASELINE,,,ROAD-OP-010,HIGH_SETUP_IMPACT,MEDIUM,Actual sequence has material setup/changeover exposure.,REVIEW_SETUP_SEQUENCE,False,True
SALT-REV-1239,PHASE4-MPS-20260726202343,ALT-BASELINE,,,MT-OP-010,HIGH_SETUP_IMPACT,MEDIUM,Actual sequence has material setup/changeover exposure.,REVIEW_SETUP_SEQUENCE,False,True
SALT-REV-1240,PHASE4-MPS-20260726202343,ALT-BASELINE,,,ROAD-OP-010,HIGH_SETUP_IMPACT,MEDIUM,Actual sequence has material setup/changeover exposure.,REVIEW_SETUP_SEQUENCE,False,True
SALT-REV-1241,PHASE4-MPS-20260726202343,ALT-BASELINE,,,MT-OP-010,HIGH_SETUP_IMPACT,MEDIUM,Actual sequence has material setup/changeover exposure.,REVIEW_SETUP_SEQUENCE,False,True
SALT-REV-1242,PHASE4-MPS-20260726202343,ALT-BN-CP,,,MT-OP-010,HIGH_SETUP_IMPACT,MEDIUM,Actual sequence has material setup/changeover exposure.,REVIEW_SETUP_SEQUENCE,False,True
SALT-REV-1243,PHASE4-MPS-20260726202343,ALT-BN-CP,,,ROAD-OP-010,HIGH_SETUP_IMPACT,MEDIUM,Actual sequence has material setup/changeover exposure.,REVIEW_SETUP_SEQUENCE,False,True
SALT-REV-1244,PHASE4-MPS-20260726202343,ALT-BN-CP,,,MT-OP-010,HIGH_SETUP_IMPACT,MEDIUM,Actual sequence has material setup/changeover exposure.,REVIEW_SETUP_SEQUENCE,False,True
SALT-REV-1245,PHASE4-MPS-20260726202343,ALT-BN-CP,,,ROAD-OP-040,HIGH_SETUP_IMPACT,MEDIUM,Actual sequence has material setup/changeover exposure.,REVIEW_SETUP_SEQUENCE,False,True
SALT-REV-1246,PHASE4-MPS-20260726202343,ALT-SETUP,,,MT-OP-050,HIGH_SETUP_IMPACT,MEDIUM,Actual sequence has material setup/changeover exposure.,REVIEW_SETUP_SEQUENCE,False,True
SALT-REV-1247,PHASE4-MPS-20260726202343,ALT-SETUP,,,MT-OP-010,HIGH_SETUP_IMPACT,MEDIUM,Actual sequence has material setup/changeover exposure.,REVIEW_SETUP_SEQUENCE,False,True
SALT-REV-1248,PHASE4-MPS-20260726202343,ALT-WIP,,,MT-OP-010,HIGH_SETUP_IMPACT,MEDIUM,Actual sequence has material setup/changeover exposure.,REVIEW_SETUP_SEQUENCE,False,True
SALT-REV-1249,PHASE4-MPS-20260726202343,ALT-WIP,,,MT-OP-050,HIGH_SETUP_IMPACT,MEDIUM,Actual sequence has material setup/changeover exposure.,REVIEW_SETUP_SEQUENCE,False,True
SALT-REV-1250,PHASE4-MPS-20260726202343,ALT-WIP,,,ROAD-OP-010,HIGH_SETUP_IMPACT,MEDIUM,Actual sequence has material setup/changeover exposure.,REVIEW_SETUP_SEQUENCE,False,True
SALT-REV-1251,PHASE4-MPS-20260726202343,ALT-WIP,,,ROAD-OP-040,HIGH_SETUP_IMPACT,MEDIUM,Actual sequence has material setup/changeover exposure.,REVIEW_SETUP_SEQUENCE,False,True
SALT-REV-1252,PHASE4-MPS-20260726202343,ALT-WIP,,,MT-OP-010,HIGH_SETUP_IMPACT,MEDIUM,Actual sequence has material setup/changeover exposure.,REVIEW_SETUP_SEQUENCE,False,True
SALT-REV-1253,PHASE4-MPS-20260726202343,ALT-WIP,,,MT-OP-050,HIGH_SETUP_IMPACT,MEDIUM,Actual sequence has material setup/changeover exposure.,REVIEW_SETUP_SEQUENCE,False,True
SALT-REV-1254,PHASE4-MPS-20260726202343,ALT-WIP,,,ROAD-OP-010,HIGH_SETUP_IMPACT,MEDIUM,Actual sequence has material setup/changeover exposure.,REVIEW_SETUP_SEQUENCE,False,True
SALT-REV-1255,PHASE4-MPS-20260726202343,ALT-WIP,,,ROAD-OP-040,HIGH_SETUP_IMPACT,MEDIUM,Actual sequence has material setup/changeover exposure.,REVIEW_SETUP_SEQUENCE,False,True
SALT-REV-1256,PHASE4-MPS-20260726202343,ALT-WIP,,,MT-OP-010,HIGH_SETUP_IMPACT,MEDIUM,Actual sequence has material setup/changeover exposure.,REVIEW_SETUP_SEQUENCE,False,True
SALT-REV-1257,PHASE4-MPS-20260726202343,ALT-WIP,,,MT-OP-050,HIGH_SETUP_IMPACT,MEDIUM,Actual sequence has material setup/changeover exposure.,REVIEW_SETUP_SEQUENCE,False,True
SALT-REV-1258,PHASE4-MPS-20260726202343,ALT-WIP,,,ROAD-OP-010,HIGH_SETUP_IMPACT,MEDIUM,Actual sequence has material setup/changeover exposure.,REVIEW_SETUP_SEQUENCE,False,True
SALT-REV-1259,PHASE4-MPS-20260726202343,ALT-WIP,,,ROAD-OP-040,HIGH_SETUP_IMPACT,MEDIUM,Actual sequence has material setup/changeover exposure.,REVIEW_SETUP_SEQUENCE,False,True
SALT-REV-1260,PHASE4-MPS-20260726202343,ALT-WIP,,,MT-OP-010,HIGH_SETUP_IMPACT,MEDIUM,Actual sequence has material setup/changeover exposure.,REVIEW_SETUP_SEQUENCE,False,True
SALT-REV-1261,PHASE4-MPS-20260726202343,ALT-WIP,,,MT-OP-050,HIGH_SETUP_IMPACT,MEDIUM,Actual sequence has material setup/changeover exposure.,REVIEW_SETUP_SEQUENCE,False,True
SALT-REV-1262,PHASE4-MPS-20260726202343,ALT-WIP,,,ROAD-OP-010,HIGH_SETUP_IMPACT,MEDIUM,Actual sequence has material setup/changeover exposure.,REVIEW_SETUP_SEQUENCE,False,True
SALT-REV-1263,PHASE4-MPS-20260726202343,ALT-WIP,,,ROAD-OP-040,HIGH_SETUP_IMPACT,MEDIUM,Actual sequence has material setup/changeover exposure.,REVIEW_SETUP_SEQUENCE,False,True
SALT-REV-1264,PHASE4-MPS-20260726202343,ALT-WIP,,,MT-OP-010,HIGH_SETUP_IMPACT,MEDIUM,Actual sequence has material setup/changeover exposure.,REVIEW_SETUP_SEQUENCE,False,True
SALT-REV-1265,PHASE4-MPS-20260726202343,ALT-WIP,,,MT-OP-050,HIGH_SETUP_IMPACT,MEDIUM,Actual sequence has material setup/changeover exposure.,REVIEW_SETUP_SEQUENCE,False,True
SALT-REV-1266,PHASE4-MPS-20260726202343,ALT-WIP,,,ROAD-OP-010,HIGH_SETUP_IMPACT,MEDIUM,Actual sequence has material setup/changeover exposure.,REVIEW_SETUP_SEQUENCE,False,True
SALT-REV-1267,PHASE4-MPS-20260726202343,ALT-WIP,,,ROAD-OP-040,HIGH_SETUP_IMPACT,MEDIUM,Actual sequence has material setup/changeover exposure.,REVIEW_SETUP_SEQUENCE,False,True
SALT-REV-1268,PHASE4-MPS-20260726202343,ALT-WIP,,,MT-OP-010,HIGH_SETUP_IMPACT,MEDIUM,Actual sequence has material setup/changeover exposure.,REVIEW_SETUP_SEQUENCE,False,True
SALT-REV-1269,PHASE4-MPS-20260726202343,ALT-WIP,,,MT-OP-050,HIGH_SETUP_IMPACT,MEDIUM,Actual sequence has material setup/changeover exposure.,REVIEW_SETUP_SEQUENCE,False,True
SALT-REV-1270,PHASE4-MPS-20260726202343,ALT-WIP,,,ROAD-OP-010,HIGH_SETUP_IMPACT,MEDIUM,Actual sequence has material setup/changeover exposure.,REVIEW_SETUP_SEQUENCE,False,True
SALT-REV-1271,PHASE4-MPS-20260726202343,ALT-WIP,,,ROAD-OP-040,HIGH_SETUP_IMPACT,MEDIUM,Actual sequence has material setup/changeover exposure.,REVIEW_SETUP_SEQUENCE,False,True
SALT-REV-1272,PHASE4-MPS-20260726202343,ALT-WIP,,,MT-OP-010,HIGH_SETUP_IMPACT,MEDIUM,Actual sequence has material setup/changeover exposure.,REVIEW_SETUP_SEQUENCE,False,True
SALT-REV-1273,PHASE4-MPS-20260726202343,ALT-WIP,,,ROAD-OP-010,HIGH_SETUP_IMPACT,MEDIUM,Actual sequence has material setup/changeover exposure.,REVIEW_SETUP_SEQUENCE,False,True
SALT-REV-1274,PHASE4-MPS-20260726202343,ALT-WIP,,,MT-OP-010,HIGH_SETUP_IMPACT,MEDIUM,Actual sequence has material setup/changeover exposure.,REVIEW_SETUP_SEQUENCE,False,True
SALT-REV-1275,PHASE4-MPS-20260726202343,ALT-WIP,,,ROAD-OP-010,HIGH_SETUP_IMPACT,MEDIUM,Actual sequence has material setup/changeover exposure.,REVIEW_SETUP_SEQUENCE,False,True
SALT-REV-1276,PHASE4-MPS-20260726202343,ALT-WIP,,,MT-OP-010,HIGH_SETUP_IMPACT,MEDIUM,Actual sequence has material setup/changeover exposure.,REVIEW_SETUP_SEQUENCE,False,True
SALT-REV-1277,PHASE4-MPS-20260726202343,ALT-MAINT,,,MT-OP-010,HIGH_SETUP_IMPACT,MEDIUM,Actual sequence has material setup/changeover exposure.,REVIEW_SETUP_SEQUENCE,False,True
SALT-REV-1278,PHASE4-MPS-20260726202343,ALT-MAINT,,,MT-OP-050,HIGH_SETUP_IMPACT,MEDIUM,Actual sequence has material setup/changeover exposure.,REVIEW_SETUP_SEQUENCE,False,True
SALT-REV-1279,PHASE4-MPS-20260726202343,ALT-MAINT,,,ROAD-OP-010,HIGH_SETUP_IMPACT,MEDIUM,Actual sequence has material setup/changeover exposure.,REVIEW_SETUP_SEQUENCE,False,True
SALT-REV-1280,PHASE4-MPS-20260726202343,ALT-MAINT,,,ROAD-OP-040,HIGH_SETUP_IMPACT,MEDIUM,Actual sequence has material setup/changeover exposure.,REVIEW_SETUP_SEQUENCE,False,True
SALT-REV-1281,PHASE4-MPS-20260726202343,ALT-MAINT,,,MT-OP-010,HIGH_SETUP_IMPACT,MEDIUM,Actual sequence has material setup/changeover exposure.,REVIEW_SETUP_SEQUENCE,False,True
SALT-REV-1282,PHASE4-MPS-20260726202343,ALT-MAINT,,,MT-OP-050,HIGH_SETUP_IMPACT,MEDIUM,Actual sequence has material setup/changeover exposure.,REVIEW_SETUP_SEQUENCE,False,True
SALT-REV-1283,PHASE4-MPS-20260726202343,ALT-MAINT,,,ROAD-OP-010,HIGH_SETUP_IMPACT,MEDIUM,Actual sequence has material setup/changeover exposure.,REVIEW_SETUP_SEQUENCE,False,True
SALT-REV-1284,PHASE4-MPS-20260726202343,ALT-MAINT,,,ROAD-OP-040,HIGH_SETUP_IMPACT,MEDIUM,Actual sequence has material setup/changeover exposure.,REVIEW_SETUP_SEQUENCE,False,True
SALT-REV-1285,PHASE4-MPS-20260726202343,ALT-MAINT,,,MT-OP-010,HIGH_SETUP_IMPACT,MEDIUM,Actual sequence has material setup/changeover exposure.,REVIEW_SETUP_SEQUENCE,False,True
SALT-REV-1286,PHASE4-MPS-20260726202343,ALT-MAINT,,,MT-OP-050,HIGH_SETUP_IMPACT,MEDIUM,Actual sequence has material setup/changeover exposure.,REVIEW_SETUP_SEQUENCE,False,True
SALT-REV-1287,PHASE4-MPS-20260726202343,ALT-MAINT,,,ROAD-OP-010,HIGH_SETUP_IMPACT,MEDIUM,Actual sequence has material setup/changeover exposure.,REVIEW_SETUP_SEQUENCE,False,True
SALT-REV-1288,PHASE4-MPS-20260726202343,ALT-MAINT,,,ROAD-OP-040,HIGH_SETUP_IMPACT,MEDIUM,Actual sequence has material setup/changeover exposure.,REVIEW_SETUP_SEQUENCE,False,True
SALT-REV-1289,PHASE4-MPS-20260726202343,ALT-MAINT,,,MT-OP-010,HIGH_SETUP_IMPACT,MEDIUM,Actual sequence has material setup/changeover exposure.,REVIEW_SETUP_SEQUENCE,False,True
SALT-REV-1290,PHASE4-MPS-20260726202343,ALT-MAINT,,,MT-OP-050,HIGH_SETUP_IMPACT,MEDIUM,Actual sequence has material setup/changeover exposure.,REVIEW_SETUP_SEQUENCE,False,True
SALT-REV-1291,PHASE4-MPS-20260726202343,ALT-MAINT,,,ROAD-OP-010,HIGH_SETUP_IMPACT,MEDIUM,Actual sequence has material setup/changeover exposure.,REVIEW_SETUP_SEQUENCE,False,True
SALT-REV-1292,PHASE4-MPS-20260726202343,ALT-MAINT,,,ROAD-OP-040,HIGH_SETUP_IMPACT,MEDIUM,Actual sequence has material setup/changeover exposure.,REVIEW_SETUP_SEQUENCE,False,True
SALT-REV-1293,PHASE4-MPS-20260726202343,ALT-MAINT,,,MT-OP-010,HIGH_SETUP_IMPACT,MEDIUM,Actual sequence has material setup/changeover exposure.,REVIEW_SETUP_SEQUENCE,False,True
SALT-REV-1294,PHASE4-MPS-20260726202343,ALT-MAINT,,,MT-OP-050,HIGH_SETUP_IMPACT,MEDIUM,Actual sequence has material setup/changeover exposure.,REVIEW_SETUP_SEQUENCE,False,True
SALT-REV-1295,PHASE4-MPS-20260726202343,ALT-MAINT,,,ROAD-OP-010,HIGH_SETUP_IMPACT,MEDIUM,Actual sequence has material setup/changeover exposure.,REVIEW_SETUP_SEQUENCE,False,True
SALT-REV-1296,PHASE4-MPS-20260726202343,ALT-MAINT,,,ROAD-OP-040,HIGH_SETUP_IMPACT,MEDIUM,Actual sequence has material setup/changeover exposure.,REVIEW_SETUP_SEQUENCE,False,True
SALT-REV-1297,PHASE4-MPS-20260726202343,ALT-MAINT,,,MT-OP-010,HIGH_SETUP_IMPACT,MEDIUM,Actual sequence has material setup/changeover exposure.,REVIEW_SETUP_SEQUENCE,False,True
SALT-REV-1298,PHASE4-MPS-20260726202343,ALT-MAINT,,,MT-OP-050,HIGH_SETUP_IMPACT,MEDIUM,Actual sequence has material setup/changeover exposure.,REVIEW_SETUP_SEQUENCE,False,True
SALT-REV-1299,PHASE4-MPS-20260726202343,ALT-MAINT,,,ROAD-OP-010,HIGH_SETUP_IMPACT,MEDIUM,Actual sequence has material setup/changeover exposure.,REVIEW_SETUP_SEQUENCE,False,True
SALT-REV-1300,PHASE4-MPS-20260726202343,ALT-MAINT,,,ROAD-OP-040,HIGH_SETUP_IMPACT,MEDIUM,Actual sequence has material setup/changeover exposure.,REVIEW_SETUP_SEQUENCE,False,True
SALT-REV-1301,PHASE4-MPS-20260726202343,ALT-MAINT,,,MT-OP-010,HIGH_SETUP_IMPACT,MEDIUM,Actual sequence has material setup/changeover exposure.,REVIEW_SETUP_SEQUENCE,False,True
SALT-REV-1302,PHASE4-MPS-20260726202343,ALT-MAINT,,,ROAD-OP-010,HIGH_SETUP_IMPACT,MEDIUM,Actual sequence has material setup/changeover exposure.,REVIEW_SETUP_SEQUENCE,False,True
SALT-REV-1303,PHASE4-MPS-20260726202343,ALT-MAINT,,,MT-OP-010,HIGH_SETUP_IMPACT,MEDIUM,Actual sequence has material setup/changeover exposure.,REVIEW_SETUP_SEQUENCE,False,True
SALT-REV-1304,PHASE4-MPS-20260726202343,ALT-MAINT,,,ROAD-OP-010,HIGH_SETUP_IMPACT,MEDIUM,Actual sequence has material setup/changeover exposure.,REVIEW_SETUP_SEQUENCE,False,True
SALT-REV-1305,PHASE4-MPS-20260726202343,ALT-MAINT,,,MT-OP-010,HIGH_SETUP_IMPACT,MEDIUM,Actual sequence has material setup/changeover exposure.,REVIEW_SETUP_SEQUENCE,False,True
SALT-REV-1306,PHASE4-MPS-20260726202343,ALT-COMBINED,,,MT-OP-010,HIGH_SETUP_IMPACT,MEDIUM,Actual sequence has material setup/changeover exposure.,REVIEW_SETUP_SEQUENCE,False,True
SALT-REV-1307,PHASE4-MPS-20260726202343,ALT-COMBINED,,,ROAD-OP-040,HIGH_SETUP_IMPACT,MEDIUM,Actual sequence has material setup/changeover exposure.,REVIEW_SETUP_SEQUENCE,False,True
SALT-REV-1308,PHASE4-MPS-20260726202343,ALT-BASELINE,,,,RECOMMENDED_ALTERNATIVE_APPROVAL,MEDIUM,Top advisory alternative requires manager review before any execution step.,MANAGER_APPROVAL_REQUIRED,False,True
