review_item_id,planning_run_id,period_start,period_end,workstation_id,workstation_name,operation_id,issue_type,issue_severity,issue_description,recommended_review_action,auto_action_allowed,advisory_only_flag
QAC-REV-0001,PHASE4-MPS-20260701125813,2026-06-29,2026-07-05,WS-FRAME-PREP,Frame Preparation Station,MT-OP-010,LARGE_OTHER_DEFECT_DISPOSITION,MEDIUM,defect_rate=0.0400; rework_hours=0.20; processing_trend=IMPROVING; adjusted_hours=19.29,REVIEW_QUALITY_REWORK_AND_PROCESSING_TIME,False,True
QAC-REV-0002,PHASE4-MPS-20260701125813,2026-06-29,2026-07-05,WS-FORK-SUSP,Fork and Suspension Prep Station,MT-OP-020,HIGH_EXPECTED_LOSS_UNITS,HIGH,defect_rate=0.0500; rework_hours=0.50; processing_trend=WORSENING; adjusted_hours=23.58,REVIEW_QUALITY_REWORK_AND_PROCESSING_TIME,False,True
QAC-REV-0003,PHASE4-MPS-20260701125813,2026-06-29,2026-07-05,WS-WHEEL-SUB,Wheel Subassembly Station,MT-OP-030,HIGH_EXPECTED_LOSS_UNITS,HIGH,defect_rate=0.0500; rework_hours=0.42; processing_trend=WORSENING; adjusted_hours=23.66,REVIEW_QUALITY_REWORK_AND_PROCESSING_TIME,False,True
QAC-REV-0004,PHASE4-MPS-20260701125813,2026-06-29,2026-07-05,WS-FINAL-ASM,Final Assembly Station,MT-OP-050,HIGH_EXPECTED_LOSS_UNITS,HIGH,defect_rate=0.0700; rework_hours=1.01; processing_trend=WORSENING; adjusted_hours=38.30,REVIEW_QUALITY_REWORK_AND_PROCESSING_TIME,False,True
QAC-REV-0005,PHASE4-MPS-20260701125813,2026-06-29,2026-07-05,WS-QC,Final Quality Control Station,MT-OP-060,HIGH_EXPECTED_LOSS_UNITS,MEDIUM,defect_rate=0.0450; rework_hours=0.38; processing_trend=STABLE; adjusted_hours=15.91,REVIEW_QUALITY_REWORK_AND_PROCESSING_TIME,False,True
QAC-REV-0006,PHASE4-MPS-20260701125813,2026-06-29,2026-07-05,WS-PACK,Packaging Station,MT-OP-070,LARGE_OTHER_DEFECT_DISPOSITION,MEDIUM,defect_rate=0.0200; rework_hours=0.02; processing_trend=STABLE; adjusted_hours=12.02,REVIEW_QUALITY_REWORK_AND_PROCESSING_TIME,False,True
QAC-REV-0007,PHASE4-MPS-20260701125813,2026-07-06,2026-07-12,WS-FRAME-PREP,Frame Preparation Station,MT-OP-010,HIGH_EXPECTED_LOSS_UNITS,MEDIUM,defect_rate=0.0400; rework_hours=0.36; processing_trend=IMPROVING; adjusted_hours=35.04,REVIEW_QUALITY_REWORK_AND_PROCESSING_TIME,False,True
QAC-REV-0008,PHASE4-MPS-20260701125813,2026-07-06,2026-07-12,WS-FORK-SUSP,Fork and Suspension Prep Station,MT-OP-020,HIGH_EXPECTED_LOSS_UNITS,HIGH,defect_rate=0.0500; rework_hours=0.92; processing_trend=WORSENING; adjusted_hours=43.00,REVIEW_QUALITY_REWORK_AND_PROCESSING_TIME,False,True
QAC-REV-0009,PHASE4-MPS-20260701125813,2026-07-06,2026-07-12,WS-WHEEL-SUB,Wheel Subassembly Station,MT-OP-030,HIGH_EXPECTED_LOSS_UNITS,HIGH,defect_rate=0.0500; rework_hours=0.77; processing_trend=WORSENING; adjusted_hours=43.18,REVIEW_QUALITY_REWORK_AND_PROCESSING_TIME,False,True
QAC-REV-0010,PHASE4-MPS-20260701125813,2026-07-06,2026-07-12,WS-BRAKE-SUB,Brake Subassembly Station,MT-OP-040,HIGH_EXPECTED_LOSS_UNITS,MEDIUM,defect_rate=0.0350; rework_hours=0.38; processing_trend=STABLE; adjusted_hours=32.66,REVIEW_QUALITY_REWORK_AND_PROCESSING_TIME,False,True
QAC-REV-0011,PHASE4-MPS-20260701125813,2026-07-06,2026-07-12,WS-FINAL-ASM,Final Assembly Station,MT-OP-050,HIGH_EXPECTED_LOSS_UNITS,HIGH,defect_rate=0.0700; rework_hours=1.85; processing_trend=WORSENING; adjusted_hours=69.88,REVIEW_QUALITY_REWORK_AND_PROCESSING_TIME,False,True
QAC-REV-0012,PHASE4-MPS-20260701125813,2026-07-06,2026-07-12,WS-QC,Final Quality Control Station,MT-OP-060,HIGH_EXPECTED_LOSS_UNITS,MEDIUM,defect_rate=0.0450; rework_hours=0.71; processing_trend=STABLE; adjusted_hours=29.06,REVIEW_QUALITY_REWORK_AND_PROCESSING_TIME,False,True
QAC-REV-0013,PHASE4-MPS-20260701125813,2026-07-06,2026-07-12,WS-PACK,Packaging Station,MT-OP-070,HIGH_EXPECTED_LOSS_UNITS,MEDIUM,defect_rate=0.0200; rework_hours=0.04; processing_trend=STABLE; adjusted_hours=21.95,REVIEW_QUALITY_REWORK_AND_PROCESSING_TIME,False,True
QAC-REV-0014,PHASE4-MPS-20260701125813,2026-07-13,2026-07-19,WS-FRAME-PREP,Frame Preparation Station,MT-OP-010,HIGH_EXPECTED_LOSS_UNITS,MEDIUM,defect_rate=0.0400; rework_hours=0.36; processing_trend=IMPROVING; adjusted_hours=35.04,REVIEW_QUALITY_REWORK_AND_PROCESSING_TIME,False,True
QAC-REV-0015,PHASE4-MPS-20260701125813,2026-07-13,2026-07-19,WS-FORK-SUSP,Fork and Suspension Prep Station,MT-OP-020,HIGH_EXPECTED_LOSS_UNITS,HIGH,defect_rate=0.0500; rework_hours=0.92; processing_trend=WORSENING; adjusted_hours=43.00,REVIEW_QUALITY_REWORK_AND_PROCESSING_TIME,False,True
QAC-REV-0016,PHASE4-MPS-20260701125813,2026-07-13,2026-07-19,WS-WHEEL-SUB,Wheel Subassembly Station,MT-OP-030,HIGH_EXPECTED_LOSS_UNITS,HIGH,defect_rate=0.0500; rework_hours=0.77; processing_trend=WORSENING; adjusted_hours=43.18,REVIEW_QUALITY_REWORK_AND_PROCESSING_TIME,False,True
QAC-REV-0017,PHASE4-MPS-20260701125813,2026-07-13,2026-07-19,WS-BRAKE-SUB,Brake Subassembly Station,MT-OP-040,HIGH_EXPECTED_LOSS_UNITS,MEDIUM,defect_rate=0.0350; rework_hours=0.38; processing_trend=STABLE; adjusted_hours=32.66,REVIEW_QUALITY_REWORK_AND_PROCESSING_TIME,False,True
QAC-REV-0018,PHASE4-MPS-20260701125813,2026-07-13,2026-07-19,WS-FINAL-ASM,Final Assembly Station,MT-OP-050,HIGH_EXPECTED_LOSS_UNITS,HIGH,defect_rate=0.0700; rework_hours=1.85; processing_trend=WORSENING; adjusted_hours=69.88,REVIEW_QUALITY_REWORK_AND_PROCESSING_TIME,False,True
QAC-REV-0019,PHASE4-MPS-20260701125813,2026-07-13,2026-07-19,WS-QC,Final Quality Control Station,MT-OP-060,HIGH_EXPECTED_LOSS_UNITS,MEDIUM,defect_rate=0.0450; rework_hours=0.71; processing_trend=STABLE; adjusted_hours=29.06,REVIEW_QUALITY_REWORK_AND_PROCESSING_TIME,False,True
QAC-REV-0020,PHASE4-MPS-20260701125813,2026-07-13,2026-07-19,WS-PACK,Packaging Station,MT-OP-070,HIGH_EXPECTED_LOSS_UNITS,MEDIUM,defect_rate=0.0200; rework_hours=0.04; processing_trend=STABLE; adjusted_hours=21.95,REVIEW_QUALITY_REWORK_AND_PROCESSING_TIME,False,True
QAC-REV-0021,PHASE4-MPS-20260701125813,2026-07-20,2026-07-26,WS-FRAME-PREP,Frame Preparation Station,MT-OP-010,HIGH_EXPECTED_LOSS_UNITS,MEDIUM,defect_rate=0.0400; rework_hours=0.36; processing_trend=IMPROVING; adjusted_hours=35.04,REVIEW_QUALITY_REWORK_AND_PROCESSING_TIME,False,True
QAC-REV-0022,PHASE4-MPS-20260701125813,2026-07-20,2026-07-26,WS-FORK-SUSP,Fork and Suspension Prep Station,MT-OP-020,HIGH_EXPECTED_LOSS_UNITS,HIGH,defect_rate=0.0500; rework_hours=0.92; processing_trend=WORSENING; adjusted_hours=43.00,REVIEW_QUALITY_REWORK_AND_PROCESSING_TIME,False,True
QAC-REV-0023,PHASE4-MPS-20260701125813,2026-07-20,2026-07-26,WS-WHEEL-SUB,Wheel Subassembly Station,MT-OP-030,HIGH_EXPECTED_LOSS_UNITS,HIGH,defect_rate=0.0500; rework_hours=0.77; processing_trend=WORSENING; adjusted_hours=43.18,REVIEW_QUALITY_REWORK_AND_PROCESSING_TIME,False,True
QAC-REV-0024,PHASE4-MPS-20260701125813,2026-07-20,2026-07-26,WS-BRAKE-SUB,Brake Subassembly Station,MT-OP-040,HIGH_EXPECTED_LOSS_UNITS,MEDIUM,defect_rate=0.0350; rework_hours=0.38; processing_trend=STABLE; adjusted_hours=32.66,REVIEW_QUALITY_REWORK_AND_PROCESSING_TIME,False,True
QAC-REV-0025,PHASE4-MPS-20260701125813,2026-07-20,2026-07-26,WS-FINAL-ASM,Final Assembly Station,MT-OP-050,HIGH_EXPECTED_LOSS_UNITS,HIGH,defect_rate=0.0700; rework_hours=1.85; processing_trend=WORSENING; adjusted_hours=69.88,REVIEW_QUALITY_REWORK_AND_PROCESSING_TIME,False,True
QAC-REV-0026,PHASE4-MPS-20260701125813,2026-07-20,2026-07-26,WS-QC,Final Quality Control Station,MT-OP-060,HIGH_EXPECTED_LOSS_UNITS,MEDIUM,defect_rate=0.0450; rework_hours=0.71; processing_trend=STABLE; adjusted_hours=29.06,REVIEW_QUALITY_REWORK_AND_PROCESSING_TIME,False,True
QAC-REV-0027,PHASE4-MPS-20260701125813,2026-07-20,2026-07-26,WS-PACK,Packaging Station,MT-OP-070,HIGH_EXPECTED_LOSS_UNITS,MEDIUM,defect_rate=0.0200; rework_hours=0.04; processing_trend=STABLE; adjusted_hours=21.95,REVIEW_QUALITY_REWORK_AND_PROCESSING_TIME,False,True
QAC-REV-0028,PHASE4-MPS-20260701125813,2026-07-27,2026-08-02,WS-FRAME-PREP,Frame Preparation Station,MT-OP-010,HIGH_EXPECTED_LOSS_UNITS,MEDIUM,defect_rate=0.0400; rework_hours=0.36; processing_trend=IMPROVING; adjusted_hours=35.04,REVIEW_QUALITY_REWORK_AND_PROCESSING_TIME,False,True
QAC-REV-0029,PHASE4-MPS-20260701125813,2026-07-27,2026-08-02,WS-FORK-SUSP,Fork and Suspension Prep Station,MT-OP-020,HIGH_EXPECTED_LOSS_UNITS,HIGH,defect_rate=0.0500; rework_hours=0.92; processing_trend=WORSENING; adjusted_hours=43.00,REVIEW_QUALITY_REWORK_AND_PROCESSING_TIME,False,True
QAC-REV-0030,PHASE4-MPS-20260701125813,2026-07-27,2026-08-02,WS-WHEEL-SUB,Wheel Subassembly Station,MT-OP-030,HIGH_EXPECTED_LOSS_UNITS,HIGH,defect_rate=0.0500; rework_hours=0.77; processing_trend=WORSENING; adjusted_hours=43.18,REVIEW_QUALITY_REWORK_AND_PROCESSING_TIME,False,True
QAC-REV-0031,PHASE4-MPS-20260701125813,2026-07-27,2026-08-02,WS-BRAKE-SUB,Brake Subassembly Station,MT-OP-040,HIGH_EXPECTED_LOSS_UNITS,MEDIUM,defect_rate=0.0350; rework_hours=0.38; processing_trend=STABLE; adjusted_hours=32.66,REVIEW_QUALITY_REWORK_AND_PROCESSING_TIME,False,True
QAC-REV-0032,PHASE4-MPS-20260701125813,2026-07-27,2026-08-02,WS-FINAL-ASM,Final Assembly Station,MT-OP-050,HIGH_EXPECTED_LOSS_UNITS,HIGH,defect_rate=0.0700; rework_hours=1.85; processing_trend=WORSENING; adjusted_hours=69.88,REVIEW_QUALITY_REWORK_AND_PROCESSING_TIME,False,True
QAC-REV-0033,PHASE4-MPS-20260701125813,2026-07-27,2026-08-02,WS-QC,Final Quality Control Station,MT-OP-060,HIGH_EXPECTED_LOSS_UNITS,MEDIUM,defect_rate=0.0450; rework_hours=0.71; processing_trend=STABLE; adjusted_hours=29.06,REVIEW_QUALITY_REWORK_AND_PROCESSING_TIME,False,True
QAC-REV-0034,PHASE4-MPS-20260701125813,2026-07-27,2026-08-02,WS-PACK,Packaging Station,MT-OP-070,HIGH_EXPECTED_LOSS_UNITS,MEDIUM,defect_rate=0.0200; rework_hours=0.04; processing_trend=STABLE; adjusted_hours=21.95,REVIEW_QUALITY_REWORK_AND_PROCESSING_TIME,False,True
QAC-REV-0035,PHASE4-MPS-20260701125813,2026-08-03,2026-08-09,WS-FRAME-PREP,Frame Preparation Station,MT-OP-010,HIGH_EXPECTED_LOSS_UNITS,MEDIUM,defect_rate=0.0400; rework_hours=0.36; processing_trend=IMPROVING; adjusted_hours=35.04,REVIEW_QUALITY_REWORK_AND_PROCESSING_TIME,False,True
QAC-REV-0036,PHASE4-MPS-20260701125813,2026-08-03,2026-08-09,WS-FORK-SUSP,Fork and Suspension Prep Station,MT-OP-020,HIGH_EXPECTED_LOSS_UNITS,HIGH,defect_rate=0.0500; rework_hours=0.92; processing_trend=WORSENING; adjusted_hours=43.00,REVIEW_QUALITY_REWORK_AND_PROCESSING_TIME,False,True
QAC-REV-0037,PHASE4-MPS-20260701125813,2026-08-03,2026-08-09,WS-WHEEL-SUB,Wheel Subassembly Station,MT-OP-030,HIGH_EXPECTED_LOSS_UNITS,HIGH,defect_rate=0.0500; rework_hours=0.77; processing_trend=WORSENING; adjusted_hours=43.18,REVIEW_QUALITY_REWORK_AND_PROCESSING_TIME,False,True
QAC-REV-0038,PHASE4-MPS-20260701125813,2026-08-03,2026-08-09,WS-BRAKE-SUB,Brake Subassembly Station,MT-OP-040,HIGH_EXPECTED_LOSS_UNITS,MEDIUM,defect_rate=0.0350; rework_hours=0.38; processing_trend=STABLE; adjusted_hours=32.66,REVIEW_QUALITY_REWORK_AND_PROCESSING_TIME,False,True
QAC-REV-0039,PHASE4-MPS-20260701125813,2026-08-03,2026-08-09,WS-FINAL-ASM,Final Assembly Station,MT-OP-050,HIGH_EXPECTED_LOSS_UNITS,HIGH,defect_rate=0.0700; rework_hours=1.85; processing_trend=WORSENING; adjusted_hours=69.88,REVIEW_QUALITY_REWORK_AND_PROCESSING_TIME,False,True
QAC-REV-0040,PHASE4-MPS-20260701125813,2026-08-03,2026-08-09,WS-QC,Final Quality Control Station,MT-OP-060,HIGH_EXPECTED_LOSS_UNITS,MEDIUM,defect_rate=0.0450; rework_hours=0.71; processing_trend=STABLE; adjusted_hours=29.06,REVIEW_QUALITY_REWORK_AND_PROCESSING_TIME,False,True
QAC-REV-0041,PHASE4-MPS-20260701125813,2026-08-03,2026-08-09,WS-PACK,Packaging Station,MT-OP-070,HIGH_EXPECTED_LOSS_UNITS,MEDIUM,defect_rate=0.0200; rework_hours=0.04; processing_trend=STABLE; adjusted_hours=21.95,REVIEW_QUALITY_REWORK_AND_PROCESSING_TIME,False,True
QAC-REV-0042,PHASE4-MPS-20260701125813,2026-08-10,2026-08-16,WS-FRAME-PREP,Frame Preparation Station,MT-OP-010,HIGH_EXPECTED_LOSS_UNITS,MEDIUM,defect_rate=0.0400; rework_hours=0.36; processing_trend=IMPROVING; adjusted_hours=35.04,REVIEW_QUALITY_REWORK_AND_PROCESSING_TIME,False,True
QAC-REV-0043,PHASE4-MPS-20260701125813,2026-08-10,2026-08-16,WS-FORK-SUSP,Fork and Suspension Prep Station,MT-OP-020,HIGH_EXPECTED_LOSS_UNITS,HIGH,defect_rate=0.0500; rework_hours=0.92; processing_trend=WORSENING; adjusted_hours=43.00,REVIEW_QUALITY_REWORK_AND_PROCESSING_TIME,False,True
QAC-REV-0044,PHASE4-MPS-20260701125813,2026-08-10,2026-08-16,WS-WHEEL-SUB,Wheel Subassembly Station,MT-OP-030,HIGH_EXPECTED_LOSS_UNITS,HIGH,defect_rate=0.0500; rework_hours=0.77; processing_trend=WORSENING; adjusted_hours=43.18,REVIEW_QUALITY_REWORK_AND_PROCESSING_TIME,False,True
QAC-REV-0045,PHASE4-MPS-20260701125813,2026-08-10,2026-08-16,WS-BRAKE-SUB,Brake Subassembly Station,MT-OP-040,HIGH_EXPECTED_LOSS_UNITS,MEDIUM,defect_rate=0.0350; rework_hours=0.38; processing_trend=STABLE; adjusted_hours=32.66,REVIEW_QUALITY_REWORK_AND_PROCESSING_TIME,False,True
QAC-REV-0046,PHASE4-MPS-20260701125813,2026-08-10,2026-08-16,WS-FINAL-ASM,Final Assembly Station,MT-OP-050,HIGH_EXPECTED_LOSS_UNITS,HIGH,defect_rate=0.0700; rework_hours=1.85; processing_trend=WORSENING; adjusted_hours=69.88,REVIEW_QUALITY_REWORK_AND_PROCESSING_TIME,False,True
QAC-REV-0047,PHASE4-MPS-20260701125813,2026-08-10,2026-08-16,WS-QC,Final Quality Control Station,MT-OP-060,HIGH_EXPECTED_LOSS_UNITS,MEDIUM,defect_rate=0.0450; rework_hours=0.71; processing_trend=STABLE; adjusted_hours=29.06,REVIEW_QUALITY_REWORK_AND_PROCESSING_TIME,False,True
QAC-REV-0048,PHASE4-MPS-20260701125813,2026-08-10,2026-08-16,WS-PACK,Packaging Station,MT-OP-070,HIGH_EXPECTED_LOSS_UNITS,MEDIUM,defect_rate=0.0200; rework_hours=0.04; processing_trend=STABLE; adjusted_hours=21.95,REVIEW_QUALITY_REWORK_AND_PROCESSING_TIME,False,True
QAC-REV-0049,PHASE4-MPS-20260701125813,2026-08-17,2026-08-23,WS-FRAME-PREP,Frame Preparation Station,MT-OP-010,HIGH_EXPECTED_LOSS_UNITS,MEDIUM,defect_rate=0.0400; rework_hours=0.36; processing_trend=IMPROVING; adjusted_hours=35.04,REVIEW_QUALITY_REWORK_AND_PROCESSING_TIME,False,True
QAC-REV-0050,PHASE4-MPS-20260701125813,2026-08-17,2026-08-23,WS-FORK-SUSP,Fork and Suspension Prep Station,MT-OP-020,HIGH_EXPECTED_LOSS_UNITS,HIGH,defect_rate=0.0500; rework_hours=0.92; processing_trend=WORSENING; adjusted_hours=43.00,REVIEW_QUALITY_REWORK_AND_PROCESSING_TIME,False,True
QAC-REV-0051,PHASE4-MPS-20260701125813,2026-08-17,2026-08-23,WS-WHEEL-SUB,Wheel Subassembly Station,MT-OP-030,HIGH_EXPECTED_LOSS_UNITS,HIGH,defect_rate=0.0500; rework_hours=0.77; processing_trend=WORSENING; adjusted_hours=43.18,REVIEW_QUALITY_REWORK_AND_PROCESSING_TIME,False,True
QAC-REV-0052,PHASE4-MPS-20260701125813,2026-08-17,2026-08-23,WS-BRAKE-SUB,Brake Subassembly Station,MT-OP-040,HIGH_EXPECTED_LOSS_UNITS,MEDIUM,defect_rate=0.0350; rework_hours=0.38; processing_trend=STABLE; adjusted_hours=32.66,REVIEW_QUALITY_REWORK_AND_PROCESSING_TIME,False,True
QAC-REV-0053,PHASE4-MPS-20260701125813,2026-08-17,2026-08-23,WS-FINAL-ASM,Final Assembly Station,MT-OP-050,HIGH_EXPECTED_LOSS_UNITS,HIGH,defect_rate=0.0700; rework_hours=1.85; processing_trend=WORSENING; adjusted_hours=69.88,REVIEW_QUALITY_REWORK_AND_PROCESSING_TIME,False,True
QAC-REV-0054,PHASE4-MPS-20260701125813,2026-08-17,2026-08-23,WS-QC,Final Quality Control Station,MT-OP-060,HIGH_EXPECTED_LOSS_UNITS,MEDIUM,defect_rate=0.0450; rework_hours=0.71; processing_trend=STABLE; adjusted_hours=29.06,REVIEW_QUALITY_REWORK_AND_PROCESSING_TIME,False,True
QAC-REV-0055,PHASE4-MPS-20260701125813,2026-08-17,2026-08-23,WS-PACK,Packaging Station,MT-OP-070,HIGH_EXPECTED_LOSS_UNITS,MEDIUM,defect_rate=0.0200; rework_hours=0.04; processing_trend=STABLE; adjusted_hours=21.95,REVIEW_QUALITY_REWORK_AND_PROCESSING_TIME,False,True
QAC-REV-0056,PHASE4-MPS-20260701125813,2026-08-24,2026-08-30,WS-FRAME-PREP,Frame Preparation Station,MT-OP-010,HIGH_EXPECTED_LOSS_UNITS,MEDIUM,defect_rate=0.0400; rework_hours=0.36; processing_trend=IMPROVING; adjusted_hours=35.04,REVIEW_QUALITY_REWORK_AND_PROCESSING_TIME,False,True
QAC-REV-0057,PHASE4-MPS-20260701125813,2026-08-24,2026-08-30,WS-FORK-SUSP,Fork and Suspension Prep Station,MT-OP-020,HIGH_EXPECTED_LOSS_UNITS,HIGH,defect_rate=0.0500; rework_hours=0.92; processing_trend=WORSENING; adjusted_hours=43.00,REVIEW_QUALITY_REWORK_AND_PROCESSING_TIME,False,True
QAC-REV-0058,PHASE4-MPS-20260701125813,2026-08-24,2026-08-30,WS-WHEEL-SUB,Wheel Subassembly Station,MT-OP-030,HIGH_EXPECTED_LOSS_UNITS,HIGH,defect_rate=0.0500; rework_hours=0.77; processing_trend=WORSENING; adjusted_hours=43.18,REVIEW_QUALITY_REWORK_AND_PROCESSING_TIME,False,True
QAC-REV-0059,PHASE4-MPS-20260701125813,2026-08-24,2026-08-30,WS-BRAKE-SUB,Brake Subassembly Station,MT-OP-040,HIGH_EXPECTED_LOSS_UNITS,MEDIUM,defect_rate=0.0350; rework_hours=0.38; processing_trend=STABLE; adjusted_hours=32.66,REVIEW_QUALITY_REWORK_AND_PROCESSING_TIME,False,True
QAC-REV-0060,PHASE4-MPS-20260701125813,2026-08-24,2026-08-30,WS-FINAL-ASM,Final Assembly Station,MT-OP-050,HIGH_EXPECTED_LOSS_UNITS,HIGH,defect_rate=0.0700; rework_hours=1.85; processing_trend=WORSENING; adjusted_hours=69.88,REVIEW_QUALITY_REWORK_AND_PROCESSING_TIME,False,True
QAC-REV-0061,PHASE4-MPS-20260701125813,2026-08-24,2026-08-30,WS-QC,Final Quality Control Station,MT-OP-060,HIGH_EXPECTED_LOSS_UNITS,MEDIUM,defect_rate=0.0450; rework_hours=0.71; processing_trend=STABLE; adjusted_hours=29.06,REVIEW_QUALITY_REWORK_AND_PROCESSING_TIME,False,True
QAC-REV-0062,PHASE4-MPS-20260701125813,2026-08-24,2026-08-30,WS-PACK,Packaging Station,MT-OP-070,HIGH_EXPECTED_LOSS_UNITS,MEDIUM,defect_rate=0.0200; rework_hours=0.04; processing_trend=STABLE; adjusted_hours=21.95,REVIEW_QUALITY_REWORK_AND_PROCESSING_TIME,False,True
QAC-REV-0063,PHASE4-MPS-20260701125813,2026-08-31,2026-09-06,WS-FRAME-PREP,Frame Preparation Station,MT-OP-010,HIGH_EXPECTED_LOSS_UNITS,MEDIUM,defect_rate=0.0400; rework_hours=0.36; processing_trend=IMPROVING; adjusted_hours=35.04,REVIEW_QUALITY_REWORK_AND_PROCESSING_TIME,False,True
QAC-REV-0064,PHASE4-MPS-20260701125813,2026-08-31,2026-09-06,WS-FORK-SUSP,Fork and Suspension Prep Station,MT-OP-020,HIGH_EXPECTED_LOSS_UNITS,HIGH,defect_rate=0.0500; rework_hours=0.92; processing_trend=WORSENING; adjusted_hours=43.00,REVIEW_QUALITY_REWORK_AND_PROCESSING_TIME,False,True
QAC-REV-0065,PHASE4-MPS-20260701125813,2026-08-31,2026-09-06,WS-WHEEL-SUB,Wheel Subassembly Station,MT-OP-030,HIGH_EXPECTED_LOSS_UNITS,HIGH,defect_rate=0.0500; rework_hours=0.77; processing_trend=WORSENING; adjusted_hours=43.18,REVIEW_QUALITY_REWORK_AND_PROCESSING_TIME,False,True
QAC-REV-0066,PHASE4-MPS-20260701125813,2026-08-31,2026-09-06,WS-BRAKE-SUB,Brake Subassembly Station,MT-OP-040,HIGH_EXPECTED_LOSS_UNITS,MEDIUM,defect_rate=0.0350; rework_hours=0.38; processing_trend=STABLE; adjusted_hours=32.66,REVIEW_QUALITY_REWORK_AND_PROCESSING_TIME,False,True
QAC-REV-0067,PHASE4-MPS-20260701125813,2026-08-31,2026-09-06,WS-FINAL-ASM,Final Assembly Station,MT-OP-050,HIGH_EXPECTED_LOSS_UNITS,HIGH,defect_rate=0.0700; rework_hours=1.85; processing_trend=WORSENING; adjusted_hours=69.88,REVIEW_QUALITY_REWORK_AND_PROCESSING_TIME,False,True
QAC-REV-0068,PHASE4-MPS-20260701125813,2026-08-31,2026-09-06,WS-QC,Final Quality Control Station,MT-OP-060,HIGH_EXPECTED_LOSS_UNITS,MEDIUM,defect_rate=0.0450; rework_hours=0.71; processing_trend=STABLE; adjusted_hours=29.06,REVIEW_QUALITY_REWORK_AND_PROCESSING_TIME,False,True
QAC-REV-0069,PHASE4-MPS-20260701125813,2026-08-31,2026-09-06,WS-PACK,Packaging Station,MT-OP-070,HIGH_EXPECTED_LOSS_UNITS,MEDIUM,defect_rate=0.0200; rework_hours=0.04; processing_trend=STABLE; adjusted_hours=21.95,REVIEW_QUALITY_REWORK_AND_PROCESSING_TIME,False,True
QAC-REV-0070,PHASE4-MPS-20260701125813,2026-09-07,2026-09-13,WS-FRAME-PREP,Frame Preparation Station,MT-OP-010,HIGH_EXPECTED_LOSS_UNITS,MEDIUM,defect_rate=0.0400; rework_hours=0.36; processing_trend=IMPROVING; adjusted_hours=35.04,REVIEW_QUALITY_REWORK_AND_PROCESSING_TIME,False,True
QAC-REV-0071,PHASE4-MPS-20260701125813,2026-09-07,2026-09-13,WS-FORK-SUSP,Fork and Suspension Prep Station,MT-OP-020,HIGH_EXPECTED_LOSS_UNITS,HIGH,defect_rate=0.0500; rework_hours=0.92; processing_trend=WORSENING; adjusted_hours=43.00,REVIEW_QUALITY_REWORK_AND_PROCESSING_TIME,False,True
QAC-REV-0072,PHASE4-MPS-20260701125813,2026-09-07,2026-09-13,WS-WHEEL-SUB,Wheel Subassembly Station,MT-OP-030,HIGH_EXPECTED_LOSS_UNITS,HIGH,defect_rate=0.0500; rework_hours=0.77; processing_trend=WORSENING; adjusted_hours=43.18,REVIEW_QUALITY_REWORK_AND_PROCESSING_TIME,False,True
QAC-REV-0073,PHASE4-MPS-20260701125813,2026-09-07,2026-09-13,WS-BRAKE-SUB,Brake Subassembly Station,MT-OP-040,HIGH_EXPECTED_LOSS_UNITS,MEDIUM,defect_rate=0.0350; rework_hours=0.38; processing_trend=STABLE; adjusted_hours=32.66,REVIEW_QUALITY_REWORK_AND_PROCESSING_TIME,False,True
QAC-REV-0074,PHASE4-MPS-20260701125813,2026-09-07,2026-09-13,WS-FINAL-ASM,Final Assembly Station,MT-OP-050,HIGH_EXPECTED_LOSS_UNITS,HIGH,defect_rate=0.0700; rework_hours=1.85; processing_trend=WORSENING; adjusted_hours=69.88,REVIEW_QUALITY_REWORK_AND_PROCESSING_TIME,False,True
QAC-REV-0075,PHASE4-MPS-20260701125813,2026-09-07,2026-09-13,WS-QC,Final Quality Control Station,MT-OP-060,HIGH_EXPECTED_LOSS_UNITS,MEDIUM,defect_rate=0.0450; rework_hours=0.71; processing_trend=STABLE; adjusted_hours=29.06,REVIEW_QUALITY_REWORK_AND_PROCESSING_TIME,False,True
QAC-REV-0076,PHASE4-MPS-20260701125813,2026-09-07,2026-09-13,WS-PACK,Packaging Station,MT-OP-070,HIGH_EXPECTED_LOSS_UNITS,MEDIUM,defect_rate=0.0200; rework_hours=0.04; processing_trend=STABLE; adjusted_hours=21.95,REVIEW_QUALITY_REWORK_AND_PROCESSING_TIME,False,True
QAC-REV-0077,PHASE4-MPS-20260701125813,2026-09-14,2026-09-20,WS-FRAME-PREP,Frame Preparation Station,MT-OP-010,HIGH_EXPECTED_LOSS_UNITS,MEDIUM,defect_rate=0.0400; rework_hours=0.36; processing_trend=IMPROVING; adjusted_hours=35.04,REVIEW_QUALITY_REWORK_AND_PROCESSING_TIME,False,True
QAC-REV-0078,PHASE4-MPS-20260701125813,2026-09-14,2026-09-20,WS-FORK-SUSP,Fork and Suspension Prep Station,MT-OP-020,HIGH_EXPECTED_LOSS_UNITS,HIGH,defect_rate=0.0500; rework_hours=0.92; processing_trend=WORSENING; adjusted_hours=43.00,REVIEW_QUALITY_REWORK_AND_PROCESSING_TIME,False,True
QAC-REV-0079,PHASE4-MPS-20260701125813,2026-09-14,2026-09-20,WS-WHEEL-SUB,Wheel Subassembly Station,MT-OP-030,HIGH_EXPECTED_LOSS_UNITS,HIGH,defect_rate=0.0500; rework_hours=0.77; processing_trend=WORSENING; adjusted_hours=43.18,REVIEW_QUALITY_REWORK_AND_PROCESSING_TIME,False,True
QAC-REV-0080,PHASE4-MPS-20260701125813,2026-09-14,2026-09-20,WS-BRAKE-SUB,Brake Subassembly Station,MT-OP-040,HIGH_EXPECTED_LOSS_UNITS,MEDIUM,defect_rate=0.0350; rework_hours=0.38; processing_trend=STABLE; adjusted_hours=32.66,REVIEW_QUALITY_REWORK_AND_PROCESSING_TIME,False,True
QAC-REV-0081,PHASE4-MPS-20260701125813,2026-09-14,2026-09-20,WS-FINAL-ASM,Final Assembly Station,MT-OP-050,HIGH_EXPECTED_LOSS_UNITS,HIGH,defect_rate=0.0700; rework_hours=1.85; processing_trend=WORSENING; adjusted_hours=69.88,REVIEW_QUALITY_REWORK_AND_PROCESSING_TIME,False,True
QAC-REV-0082,PHASE4-MPS-20260701125813,2026-09-14,2026-09-20,WS-QC,Final Quality Control Station,MT-OP-060,HIGH_EXPECTED_LOSS_UNITS,MEDIUM,defect_rate=0.0450; rework_hours=0.71; processing_trend=STABLE; adjusted_hours=29.06,REVIEW_QUALITY_REWORK_AND_PROCESSING_TIME,False,True
QAC-REV-0083,PHASE4-MPS-20260701125813,2026-09-14,2026-09-20,WS-PACK,Packaging Station,MT-OP-070,HIGH_EXPECTED_LOSS_UNITS,MEDIUM,defect_rate=0.0200; rework_hours=0.04; processing_trend=STABLE; adjusted_hours=21.95,REVIEW_QUALITY_REWORK_AND_PROCESSING_TIME,False,True
QAC-REV-0084,PHASE4-MPS-20260701125813,2026-09-21,2026-09-27,WS-FRAME-PREP,Frame Preparation Station,MT-OP-010,HIGH_EXPECTED_LOSS_UNITS,MEDIUM,defect_rate=0.0400; rework_hours=0.36; processing_trend=IMPROVING; adjusted_hours=35.04,REVIEW_QUALITY_REWORK_AND_PROCESSING_TIME,False,True
QAC-REV-0085,PHASE4-MPS-20260701125813,2026-09-21,2026-09-27,WS-FORK-SUSP,Fork and Suspension Prep Station,MT-OP-020,HIGH_EXPECTED_LOSS_UNITS,HIGH,defect_rate=0.0500; rework_hours=0.92; processing_trend=WORSENING; adjusted_hours=43.00,REVIEW_QUALITY_REWORK_AND_PROCESSING_TIME,False,True
QAC-REV-0086,PHASE4-MPS-20260701125813,2026-09-21,2026-09-27,WS-WHEEL-SUB,Wheel Subassembly Station,MT-OP-030,HIGH_EXPECTED_LOSS_UNITS,HIGH,defect_rate=0.0500; rework_hours=0.77; processing_trend=WORSENING; adjusted_hours=43.18,REVIEW_QUALITY_REWORK_AND_PROCESSING_TIME,False,True
QAC-REV-0087,PHASE4-MPS-20260701125813,2026-09-21,2026-09-27,WS-BRAKE-SUB,Brake Subassembly Station,MT-OP-040,HIGH_EXPECTED_LOSS_UNITS,MEDIUM,defect_rate=0.0350; rework_hours=0.38; processing_trend=STABLE; adjusted_hours=32.66,REVIEW_QUALITY_REWORK_AND_PROCESSING_TIME,False,True
QAC-REV-0088,PHASE4-MPS-20260701125813,2026-09-21,2026-09-27,WS-FINAL-ASM,Final Assembly Station,MT-OP-050,HIGH_EXPECTED_LOSS_UNITS,HIGH,defect_rate=0.0700; rework_hours=1.85; processing_trend=WORSENING; adjusted_hours=69.88,REVIEW_QUALITY_REWORK_AND_PROCESSING_TIME,False,True
QAC-REV-0089,PHASE4-MPS-20260701125813,2026-09-21,2026-09-27,WS-QC,Final Quality Control Station,MT-OP-060,HIGH_EXPECTED_LOSS_UNITS,MEDIUM,defect_rate=0.0450; rework_hours=0.71; processing_trend=STABLE; adjusted_hours=29.06,REVIEW_QUALITY_REWORK_AND_PROCESSING_TIME,False,True
QAC-REV-0090,PHASE4-MPS-20260701125813,2026-09-21,2026-09-27,WS-PACK,Packaging Station,MT-OP-070,HIGH_EXPECTED_LOSS_UNITS,MEDIUM,defect_rate=0.0200; rework_hours=0.04; processing_trend=STABLE; adjusted_hours=21.95,REVIEW_QUALITY_REWORK_AND_PROCESSING_TIME,False,True
QAC-REV-0091,PHASE4-MPS-20260701125813,2026-09-28,2026-10-04,WS-FORK-SUSP,Fork and Suspension Prep Station,MT-OP-020,PROCESSING_TIME_QUALITY_CAPACITY_IMPACT,HIGH,defect_rate=0.0500; rework_hours=0.13; processing_trend=WORSENING; adjusted_hours=6.38,REVIEW_QUALITY_REWORK_AND_PROCESSING_TIME,False,True
QAC-REV-0092,PHASE4-MPS-20260701125813,2026-09-28,2026-10-04,WS-WHEEL-SUB,Wheel Subassembly Station,MT-OP-030,PROCESSING_TIME_QUALITY_CAPACITY_IMPACT,HIGH,defect_rate=0.0500; rework_hours=0.11; processing_trend=WORSENING; adjusted_hours=6.38,REVIEW_QUALITY_REWORK_AND_PROCESSING_TIME,False,True
QAC-REV-0093,PHASE4-MPS-20260701125813,2026-09-28,2026-10-04,WS-FINAL-ASM,Final Assembly Station,MT-OP-050,PROCESSING_TIME_QUALITY_CAPACITY_IMPACT,HIGH,defect_rate=0.0700; rework_hours=0.26; processing_trend=WORSENING; adjusted_hours=10.33,REVIEW_QUALITY_REWORK_AND_PROCESSING_TIME,False,True
QAC-REV-0094,PHASE4-MPS-20260701125813,2026-06-29,2026-07-05,WS-FRAME-PREP,Frame Preparation Station,ROAD-OP-010,LARGE_OTHER_DEFECT_DISPOSITION,MEDIUM,defect_rate=0.0350; rework_hours=0.22; processing_trend=IMPROVING; adjusted_hours=21.03,REVIEW_QUALITY_REWORK_AND_PROCESSING_TIME,False,True
QAC-REV-0095,PHASE4-MPS-20260701125813,2026-06-29,2026-07-05,WS-WHEEL-SUB,Wheel Subassembly Station,ROAD-OP-020,HIGH_EXPECTED_LOSS_UNITS,HIGH,defect_rate=0.0450; rework_hours=0.40; processing_trend=WORSENING; adjusted_hours=26.38,REVIEW_QUALITY_REWORK_AND_PROCESSING_TIME,False,True
QAC-REV-0096,PHASE4-MPS-20260701125813,2026-06-29,2026-07-05,WS-BRAKE-SUB,Brake Subassembly Station,ROAD-OP-030,REWORK_LOAD_REVIEW,MEDIUM,defect_rate=0.0300; rework_hours=0.25; processing_trend=STABLE; adjusted_hours=19.32,REVIEW_QUALITY_REWORK_AND_PROCESSING_TIME,False,True
QAC-REV-0097,PHASE4-MPS-20260701125813,2026-06-29,2026-07-05,WS-FINAL-ASM,Final Assembly Station,ROAD-OP-040,HIGH_EXPECTED_LOSS_UNITS,HIGH,defect_rate=0.0600; rework_hours=1.01; processing_trend=WORSENING; adjusted_hours=40.88,REVIEW_QUALITY_REWORK_AND_PROCESSING_TIME,False,True
QAC-REV-0098,PHASE4-MPS-20260701125813,2026-06-29,2026-07-05,WS-QC,Final Quality Control Station,ROAD-OP-050,LARGE_OTHER_DEFECT_DISPOSITION,MEDIUM,defect_rate=0.0400; rework_hours=0.45; processing_trend=STABLE; adjusted_hours=16.75,REVIEW_QUALITY_REWORK_AND_PROCESSING_TIME,False,True
QAC-REV-0099,PHASE4-MPS-20260701125813,2026-06-29,2026-07-05,WS-PACK,Packaging Station,ROAD-OP-060,LARGE_OTHER_DEFECT_DISPOSITION,MEDIUM,defect_rate=0.0200; rework_hours=0.03; processing_trend=STABLE; adjusted_hours=13.61,REVIEW_QUALITY_REWORK_AND_PROCESSING_TIME,False,True
QAC-REV-0100,PHASE4-MPS-20260701125813,2026-07-06,2026-07-12,WS-FRAME-PREP,Frame Preparation Station,ROAD-OP-010,HIGH_EXPECTED_LOSS_UNITS,MEDIUM,defect_rate=0.0350; rework_hours=0.40; processing_trend=IMPROVING; adjusted_hours=38.29,REVIEW_QUALITY_REWORK_AND_PROCESSING_TIME,False,True
QAC-REV-0101,PHASE4-MPS-20260701125813,2026-07-06,2026-07-12,WS-WHEEL-SUB,Wheel Subassembly Station,ROAD-OP-020,HIGH_EXPECTED_LOSS_UNITS,HIGH,defect_rate=0.0450; rework_hours=0.74; processing_trend=WORSENING; adjusted_hours=48.19,REVIEW_QUALITY_REWORK_AND_PROCESSING_TIME,False,True
QAC-REV-0102,PHASE4-MPS-20260701125813,2026-07-06,2026-07-12,WS-BRAKE-SUB,Brake Subassembly Station,ROAD-OP-030,HIGH_EXPECTED_LOSS_UNITS,MEDIUM,defect_rate=0.0300; rework_hours=0.46; processing_trend=STABLE; adjusted_hours=35.28,REVIEW_QUALITY_REWORK_AND_PROCESSING_TIME,False,True
QAC-REV-0103,PHASE4-MPS-20260701125813,2026-07-06,2026-07-12,WS-FINAL-ASM,Final Assembly Station,ROAD-OP-040,HIGH_EXPECTED_LOSS_UNITS,CRITICAL,defect_rate=0.0600; rework_hours=1.85; processing_trend=WORSENING; adjusted_hours=74.67,REVIEW_QUALITY_REWORK_AND_PROCESSING_TIME,False,True
QAC-REV-0104,PHASE4-MPS-20260701125813,2026-07-06,2026-07-12,WS-QC,Final Quality Control Station,ROAD-OP-050,HIGH_EXPECTED_LOSS_UNITS,MEDIUM,defect_rate=0.0400; rework_hours=0.83; processing_trend=STABLE; adjusted_hours=30.63,REVIEW_QUALITY_REWORK_AND_PROCESSING_TIME,False,True
QAC-REV-0105,PHASE4-MPS-20260701125813,2026-07-06,2026-07-12,WS-PACK,Packaging Station,ROAD-OP-060,HIGH_EXPECTED_LOSS_UNITS,MEDIUM,defect_rate=0.0200; rework_hours=0.05; processing_trend=STABLE; adjusted_hours=24.89,REVIEW_QUALITY_REWORK_AND_PROCESSING_TIME,False,True
QAC-REV-0106,PHASE4-MPS-20260701125813,2026-07-13,2026-07-19,WS-FRAME-PREP,Frame Preparation Station,ROAD-OP-010,HIGH_EXPECTED_LOSS_UNITS,MEDIUM,defect_rate=0.0350; rework_hours=0.40; processing_trend=IMPROVING; adjusted_hours=38.44,REVIEW_QUALITY_REWORK_AND_PROCESSING_TIME,False,True
QAC-REV-0107,PHASE4-MPS-20260701125813,2026-07-13,2026-07-19,WS-WHEEL-SUB,Wheel Subassembly Station,ROAD-OP-020,HIGH_EXPECTED_LOSS_UNITS,HIGH,defect_rate=0.0450; rework_hours=0.75; processing_trend=WORSENING; adjusted_hours=48.39,REVIEW_QUALITY_REWORK_AND_PROCESSING_TIME,False,True
QAC-REV-0108,PHASE4-MPS-20260701125813,2026-07-13,2026-07-19,WS-BRAKE-SUB,Brake Subassembly Station,ROAD-OP-030,HIGH_EXPECTED_LOSS_UNITS,MEDIUM,defect_rate=0.0300; rework_hours=0.46; processing_trend=STABLE; adjusted_hours=35.43,REVIEW_QUALITY_REWORK_AND_PROCESSING_TIME,False,True
QAC-REV-0109,PHASE4-MPS-20260701125813,2026-07-13,2026-07-19,WS-FINAL-ASM,Final Assembly Station,ROAD-OP-040,HIGH_EXPECTED_LOSS_UNITS,CRITICAL,defect_rate=0.0600; rework_hours=1.86; processing_trend=WORSENING; adjusted_hours=74.98,REVIEW_QUALITY_REWORK_AND_PROCESSING_TIME,False,True
QAC-REV-0110,PHASE4-MPS-20260701125813,2026-07-13,2026-07-19,WS-QC,Final Quality Control Station,ROAD-OP-050,HIGH_EXPECTED_LOSS_UNITS,MEDIUM,defect_rate=0.0400; rework_hours=0.83; processing_trend=STABLE; adjusted_hours=30.75,REVIEW_QUALITY_REWORK_AND_PROCESSING_TIME,False,True
QAC-REV-0111,PHASE4-MPS-20260701125813,2026-07-13,2026-07-19,WS-PACK,Packaging Station,ROAD-OP-060,HIGH_EXPECTED_LOSS_UNITS,MEDIUM,defect_rate=0.0200; rework_hours=0.05; processing_trend=STABLE; adjusted_hours=24.99,REVIEW_QUALITY_REWORK_AND_PROCESSING_TIME,False,True
QAC-REV-0112,PHASE4-MPS-20260701125813,2026-07-20,2026-07-26,WS-FRAME-PREP,Frame Preparation Station,ROAD-OP-010,HIGH_EXPECTED_LOSS_UNITS,MEDIUM,defect_rate=0.0350; rework_hours=0.40; processing_trend=IMPROVING; adjusted_hours=38.44,REVIEW_QUALITY_REWORK_AND_PROCESSING_TIME,False,True
QAC-REV-0113,PHASE4-MPS-20260701125813,2026-07-20,2026-07-26,WS-WHEEL-SUB,Wheel Subassembly Station,ROAD-OP-020,HIGH_EXPECTED_LOSS_UNITS,HIGH,defect_rate=0.0450; rework_hours=0.75; processing_trend=WORSENING; adjusted_hours=48.39,REVIEW_QUALITY_REWORK_AND_PROCESSING_TIME,False,True
QAC-REV-0114,PHASE4-MPS-20260701125813,2026-07-20,2026-07-26,WS-BRAKE-SUB,Brake Subassembly Station,ROAD-OP-030,HIGH_EXPECTED_LOSS_UNITS,MEDIUM,defect_rate=0.0300; rework_hours=0.46; processing_trend=STABLE; adjusted_hours=35.43,REVIEW_QUALITY_REWORK_AND_PROCESSING_TIME,False,True
QAC-REV-0115,PHASE4-MPS-20260701125813,2026-07-20,2026-07-26,WS-FINAL-ASM,Final Assembly Station,ROAD-OP-040,HIGH_EXPECTED_LOSS_UNITS,CRITICAL,defect_rate=0.0600; rework_hours=1.86; processing_trend=WORSENING; adjusted_hours=74.98,REVIEW_QUALITY_REWORK_AND_PROCESSING_TIME,False,True
QAC-REV-0116,PHASE4-MPS-20260701125813,2026-07-20,2026-07-26,WS-QC,Final Quality Control Station,ROAD-OP-050,HIGH_EXPECTED_LOSS_UNITS,MEDIUM,defect_rate=0.0400; rework_hours=0.83; processing_trend=STABLE; adjusted_hours=30.75,REVIEW_QUALITY_REWORK_AND_PROCESSING_TIME,False,True
QAC-REV-0117,PHASE4-MPS-20260701125813,2026-07-20,2026-07-26,WS-PACK,Packaging Station,ROAD-OP-060,HIGH_EXPECTED_LOSS_UNITS,MEDIUM,defect_rate=0.0200; rework_hours=0.05; processing_trend=STABLE; adjusted_hours=24.99,REVIEW_QUALITY_REWORK_AND_PROCESSING_TIME,False,True
QAC-REV-0118,PHASE4-MPS-20260701125813,2026-07-27,2026-08-02,WS-FRAME-PREP,Frame Preparation Station,ROAD-OP-010,HIGH_EXPECTED_LOSS_UNITS,MEDIUM,defect_rate=0.0350; rework_hours=0.40; processing_trend=IMPROVING; adjusted_hours=38.44,REVIEW_QUALITY_REWORK_AND_PROCESSING_TIME,False,True
QAC-REV-0119,PHASE4-MPS-20260701125813,2026-07-27,2026-08-02,WS-WHEEL-SUB,Wheel Subassembly Station,ROAD-OP-020,HIGH_EXPECTED_LOSS_UNITS,HIGH,defect_rate=0.0450; rework_hours=0.75; processing_trend=WORSENING; adjusted_hours=48.39,REVIEW_QUALITY_REWORK_AND_PROCESSING_TIME,False,True
QAC-REV-0120,PHASE4-MPS-20260701125813,2026-07-27,2026-08-02,WS-BRAKE-SUB,Brake Subassembly Station,ROAD-OP-030,HIGH_EXPECTED_LOSS_UNITS,MEDIUM,defect_rate=0.0300; rework_hours=0.46; processing_trend=STABLE; adjusted_hours=35.43,REVIEW_QUALITY_REWORK_AND_PROCESSING_TIME,False,True
QAC-REV-0121,PHASE4-MPS-20260701125813,2026-07-27,2026-08-02,WS-FINAL-ASM,Final Assembly Station,ROAD-OP-040,HIGH_EXPECTED_LOSS_UNITS,CRITICAL,defect_rate=0.0600; rework_hours=1.86; processing_trend=WORSENING; adjusted_hours=74.98,REVIEW_QUALITY_REWORK_AND_PROCESSING_TIME,False,True
QAC-REV-0122,PHASE4-MPS-20260701125813,2026-07-27,2026-08-02,WS-QC,Final Quality Control Station,ROAD-OP-050,HIGH_EXPECTED_LOSS_UNITS,MEDIUM,defect_rate=0.0400; rework_hours=0.83; processing_trend=STABLE; adjusted_hours=30.75,REVIEW_QUALITY_REWORK_AND_PROCESSING_TIME,False,True
QAC-REV-0123,PHASE4-MPS-20260701125813,2026-07-27,2026-08-02,WS-PACK,Packaging Station,ROAD-OP-060,HIGH_EXPECTED_LOSS_UNITS,MEDIUM,defect_rate=0.0200; rework_hours=0.05; processing_trend=STABLE; adjusted_hours=24.99,REVIEW_QUALITY_REWORK_AND_PROCESSING_TIME,False,True
QAC-REV-0124,PHASE4-MPS-20260701125813,2026-08-03,2026-08-09,WS-FRAME-PREP,Frame Preparation Station,ROAD-OP-010,HIGH_EXPECTED_LOSS_UNITS,MEDIUM,defect_rate=0.0350; rework_hours=0.40; processing_trend=IMPROVING; adjusted_hours=38.44,REVIEW_QUALITY_REWORK_AND_PROCESSING_TIME,False,True
QAC-REV-0125,PHASE4-MPS-20260701125813,2026-08-03,2026-08-09,WS-WHEEL-SUB,Wheel Subassembly Station,ROAD-OP-020,HIGH_EXPECTED_LOSS_UNITS,HIGH,defect_rate=0.0450; rework_hours=0.75; processing_trend=WORSENING; adjusted_hours=48.39,REVIEW_QUALITY_REWORK_AND_PROCESSING_TIME,False,True
QAC-REV-0126,PHASE4-MPS-20260701125813,2026-08-03,2026-08-09,WS-BRAKE-SUB,Brake Subassembly Station,ROAD-OP-030,HIGH_EXPECTED_LOSS_UNITS,MEDIUM,defect_rate=0.0300; rework_hours=0.46; processing_trend=STABLE; adjusted_hours=35.43,REVIEW_QUALITY_REWORK_AND_PROCESSING_TIME,False,True
QAC-REV-0127,PHASE4-MPS-20260701125813,2026-08-03,2026-08-09,WS-FINAL-ASM,Final Assembly Station,ROAD-OP-040,HIGH_EXPECTED_LOSS_UNITS,CRITICAL,defect_rate=0.0600; rework_hours=1.86; processing_trend=WORSENING; adjusted_hours=74.98,REVIEW_QUALITY_REWORK_AND_PROCESSING_TIME,False,True
QAC-REV-0128,PHASE4-MPS-20260701125813,2026-08-03,2026-08-09,WS-QC,Final Quality Control Station,ROAD-OP-050,HIGH_EXPECTED_LOSS_UNITS,MEDIUM,defect_rate=0.0400; rework_hours=0.83; processing_trend=STABLE; adjusted_hours=30.75,REVIEW_QUALITY_REWORK_AND_PROCESSING_TIME,False,True
QAC-REV-0129,PHASE4-MPS-20260701125813,2026-08-03,2026-08-09,WS-PACK,Packaging Station,ROAD-OP-060,HIGH_EXPECTED_LOSS_UNITS,MEDIUM,defect_rate=0.0200; rework_hours=0.05; processing_trend=STABLE; adjusted_hours=24.99,REVIEW_QUALITY_REWORK_AND_PROCESSING_TIME,False,True
QAC-REV-0130,PHASE4-MPS-20260701125813,2026-08-10,2026-08-16,WS-FRAME-PREP,Frame Preparation Station,ROAD-OP-010,HIGH_EXPECTED_LOSS_UNITS,MEDIUM,defect_rate=0.0350; rework_hours=0.40; processing_trend=IMPROVING; adjusted_hours=38.44,REVIEW_QUALITY_REWORK_AND_PROCESSING_TIME,False,True
QAC-REV-0131,PHASE4-MPS-20260701125813,2026-08-10,2026-08-16,WS-WHEEL-SUB,Wheel Subassembly Station,ROAD-OP-020,HIGH_EXPECTED_LOSS_UNITS,HIGH,defect_rate=0.0450; rework_hours=0.75; processing_trend=WORSENING; adjusted_hours=48.39,REVIEW_QUALITY_REWORK_AND_PROCESSING_TIME,False,True
QAC-REV-0132,PHASE4-MPS-20260701125813,2026-08-10,2026-08-16,WS-BRAKE-SUB,Brake Subassembly Station,ROAD-OP-030,HIGH_EXPECTED_LOSS_UNITS,MEDIUM,defect_rate=0.0300; rework_hours=0.46; processing_trend=STABLE; adjusted_hours=35.43,REVIEW_QUALITY_REWORK_AND_PROCESSING_TIME,False,True
QAC-REV-0133,PHASE4-MPS-20260701125813,2026-08-10,2026-08-16,WS-FINAL-ASM,Final Assembly Station,ROAD-OP-040,HIGH_EXPECTED_LOSS_UNITS,CRITICAL,defect_rate=0.0600; rework_hours=1.86; processing_trend=WORSENING; adjusted_hours=74.98,REVIEW_QUALITY_REWORK_AND_PROCESSING_TIME,False,True
QAC-REV-0134,PHASE4-MPS-20260701125813,2026-08-10,2026-08-16,WS-QC,Final Quality Control Station,ROAD-OP-050,HIGH_EXPECTED_LOSS_UNITS,MEDIUM,defect_rate=0.0400; rework_hours=0.83; processing_trend=STABLE; adjusted_hours=30.75,REVIEW_QUALITY_REWORK_AND_PROCESSING_TIME,False,True
QAC-REV-0135,PHASE4-MPS-20260701125813,2026-08-10,2026-08-16,WS-PACK,Packaging Station,ROAD-OP-060,HIGH_EXPECTED_LOSS_UNITS,MEDIUM,defect_rate=0.0200; rework_hours=0.05; processing_trend=STABLE; adjusted_hours=24.99,REVIEW_QUALITY_REWORK_AND_PROCESSING_TIME,False,True
QAC-REV-0136,PHASE4-MPS-20260701125813,2026-08-17,2026-08-23,WS-FRAME-PREP,Frame Preparation Station,ROAD-OP-010,HIGH_EXPECTED_LOSS_UNITS,MEDIUM,defect_rate=0.0350; rework_hours=0.40; processing_trend=IMPROVING; adjusted_hours=38.44,REVIEW_QUALITY_REWORK_AND_PROCESSING_TIME,False,True
QAC-REV-0137,PHASE4-MPS-20260701125813,2026-08-17,2026-08-23,WS-WHEEL-SUB,Wheel Subassembly Station,ROAD-OP-020,HIGH_EXPECTED_LOSS_UNITS,HIGH,defect_rate=0.0450; rework_hours=0.75; processing_trend=WORSENING; adjusted_hours=48.39,REVIEW_QUALITY_REWORK_AND_PROCESSING_TIME,False,True
QAC-REV-0138,PHASE4-MPS-20260701125813,2026-08-17,2026-08-23,WS-BRAKE-SUB,Brake Subassembly Station,ROAD-OP-030,HIGH_EXPECTED_LOSS_UNITS,MEDIUM,defect_rate=0.0300; rework_hours=0.46; processing_trend=STABLE; adjusted_hours=35.43,REVIEW_QUALITY_REWORK_AND_PROCESSING_TIME,False,True
QAC-REV-0139,PHASE4-MPS-20260701125813,2026-08-17,2026-08-23,WS-FINAL-ASM,Final Assembly Station,ROAD-OP-040,HIGH_EXPECTED_LOSS_UNITS,CRITICAL,defect_rate=0.0600; rework_hours=1.86; processing_trend=WORSENING; adjusted_hours=74.98,REVIEW_QUALITY_REWORK_AND_PROCESSING_TIME,False,True
QAC-REV-0140,PHASE4-MPS-20260701125813,2026-08-17,2026-08-23,WS-QC,Final Quality Control Station,ROAD-OP-050,HIGH_EXPECTED_LOSS_UNITS,MEDIUM,defect_rate=0.0400; rework_hours=0.83; processing_trend=STABLE; adjusted_hours=30.75,REVIEW_QUALITY_REWORK_AND_PROCESSING_TIME,False,True
QAC-REV-0141,PHASE4-MPS-20260701125813,2026-08-17,2026-08-23,WS-PACK,Packaging Station,ROAD-OP-060,HIGH_EXPECTED_LOSS_UNITS,MEDIUM,defect_rate=0.0200; rework_hours=0.05; processing_trend=STABLE; adjusted_hours=24.99,REVIEW_QUALITY_REWORK_AND_PROCESSING_TIME,False,True
QAC-REV-0142,PHASE4-MPS-20260701125813,2026-08-24,2026-08-30,WS-FRAME-PREP,Frame Preparation Station,ROAD-OP-010,HIGH_EXPECTED_LOSS_UNITS,MEDIUM,defect_rate=0.0350; rework_hours=0.40; processing_trend=IMPROVING; adjusted_hours=38.44,REVIEW_QUALITY_REWORK_AND_PROCESSING_TIME,False,True
QAC-REV-0143,PHASE4-MPS-20260701125813,2026-08-24,2026-08-30,WS-WHEEL-SUB,Wheel Subassembly Station,ROAD-OP-020,HIGH_EXPECTED_LOSS_UNITS,HIGH,defect_rate=0.0450; rework_hours=0.75; processing_trend=WORSENING; adjusted_hours=48.39,REVIEW_QUALITY_REWORK_AND_PROCESSING_TIME,False,True
QAC-REV-0144,PHASE4-MPS-20260701125813,2026-08-24,2026-08-30,WS-BRAKE-SUB,Brake Subassembly Station,ROAD-OP-030,HIGH_EXPECTED_LOSS_UNITS,MEDIUM,defect_rate=0.0300; rework_hours=0.46; processing_trend=STABLE; adjusted_hours=35.43,REVIEW_QUALITY_REWORK_AND_PROCESSING_TIME,False,True
QAC-REV-0145,PHASE4-MPS-20260701125813,2026-08-24,2026-08-30,WS-FINAL-ASM,Final Assembly Station,ROAD-OP-040,HIGH_EXPECTED_LOSS_UNITS,CRITICAL,defect_rate=0.0600; rework_hours=1.86; processing_trend=WORSENING; adjusted_hours=74.98,REVIEW_QUALITY_REWORK_AND_PROCESSING_TIME,False,True
QAC-REV-0146,PHASE4-MPS-20260701125813,2026-08-24,2026-08-30,WS-QC,Final Quality Control Station,ROAD-OP-050,HIGH_EXPECTED_LOSS_UNITS,MEDIUM,defect_rate=0.0400; rework_hours=0.83; processing_trend=STABLE; adjusted_hours=30.75,REVIEW_QUALITY_REWORK_AND_PROCESSING_TIME,False,True
QAC-REV-0147,PHASE4-MPS-20260701125813,2026-08-24,2026-08-30,WS-PACK,Packaging Station,ROAD-OP-060,HIGH_EXPECTED_LOSS_UNITS,MEDIUM,defect_rate=0.0200; rework_hours=0.05; processing_trend=STABLE; adjusted_hours=24.99,REVIEW_QUALITY_REWORK_AND_PROCESSING_TIME,False,True
QAC-REV-0148,PHASE4-MPS-20260701125813,2026-08-31,2026-09-06,WS-FRAME-PREP,Frame Preparation Station,ROAD-OP-010,HIGH_EXPECTED_LOSS_UNITS,MEDIUM,defect_rate=0.0350; rework_hours=0.40; processing_trend=IMPROVING; adjusted_hours=38.44,REVIEW_QUALITY_REWORK_AND_PROCESSING_TIME,False,True
QAC-REV-0149,PHASE4-MPS-20260701125813,2026-08-31,2026-09-06,WS-WHEEL-SUB,Wheel Subassembly Station,ROAD-OP-020,HIGH_EXPECTED_LOSS_UNITS,HIGH,defect_rate=0.0450; rework_hours=0.75; processing_trend=WORSENING; adjusted_hours=48.39,REVIEW_QUALITY_REWORK_AND_PROCESSING_TIME,False,True
QAC-REV-0150,PHASE4-MPS-20260701125813,2026-08-31,2026-09-06,WS-BRAKE-SUB,Brake Subassembly Station,ROAD-OP-030,HIGH_EXPECTED_LOSS_UNITS,MEDIUM,defect_rate=0.0300; rework_hours=0.46; processing_trend=STABLE; adjusted_hours=35.43,REVIEW_QUALITY_REWORK_AND_PROCESSING_TIME,False,True
QAC-REV-0151,PHASE4-MPS-20260701125813,2026-08-31,2026-09-06,WS-FINAL-ASM,Final Assembly Station,ROAD-OP-040,HIGH_EXPECTED_LOSS_UNITS,CRITICAL,defect_rate=0.0600; rework_hours=1.86; processing_trend=WORSENING; adjusted_hours=74.98,REVIEW_QUALITY_REWORK_AND_PROCESSING_TIME,False,True
QAC-REV-0152,PHASE4-MPS-20260701125813,2026-08-31,2026-09-06,WS-QC,Final Quality Control Station,ROAD-OP-050,HIGH_EXPECTED_LOSS_UNITS,MEDIUM,defect_rate=0.0400; rework_hours=0.83; processing_trend=STABLE; adjusted_hours=30.75,REVIEW_QUALITY_REWORK_AND_PROCESSING_TIME,False,True
QAC-REV-0153,PHASE4-MPS-20260701125813,2026-08-31,2026-09-06,WS-PACK,Packaging Station,ROAD-OP-060,HIGH_EXPECTED_LOSS_UNITS,MEDIUM,defect_rate=0.0200; rework_hours=0.05; processing_trend=STABLE; adjusted_hours=24.99,REVIEW_QUALITY_REWORK_AND_PROCESSING_TIME,False,True
QAC-REV-0154,PHASE4-MPS-20260701125813,2026-09-07,2026-09-13,WS-FRAME-PREP,Frame Preparation Station,ROAD-OP-010,HIGH_EXPECTED_LOSS_UNITS,MEDIUM,defect_rate=0.0350; rework_hours=0.40; processing_trend=IMPROVING; adjusted_hours=38.44,REVIEW_QUALITY_REWORK_AND_PROCESSING_TIME,False,True
QAC-REV-0155,PHASE4-MPS-20260701125813,2026-09-07,2026-09-13,WS-WHEEL-SUB,Wheel Subassembly Station,ROAD-OP-020,HIGH_EXPECTED_LOSS_UNITS,HIGH,defect_rate=0.0450; rework_hours=0.75; processing_trend=WORSENING; adjusted_hours=48.39,REVIEW_QUALITY_REWORK_AND_PROCESSING_TIME,False,True
QAC-REV-0156,PHASE4-MPS-20260701125813,2026-09-07,2026-09-13,WS-BRAKE-SUB,Brake Subassembly Station,ROAD-OP-030,HIGH_EXPECTED_LOSS_UNITS,MEDIUM,defect_rate=0.0300; rework_hours=0.46; processing_trend=STABLE; adjusted_hours=35.43,REVIEW_QUALITY_REWORK_AND_PROCESSING_TIME,False,True
QAC-REV-0157,PHASE4-MPS-20260701125813,2026-09-07,2026-09-13,WS-FINAL-ASM,Final Assembly Station,ROAD-OP-040,HIGH_EXPECTED_LOSS_UNITS,CRITICAL,defect_rate=0.0600; rework_hours=1.86; processing_trend=WORSENING; adjusted_hours=74.98,REVIEW_QUALITY_REWORK_AND_PROCESSING_TIME,False,True
QAC-REV-0158,PHASE4-MPS-20260701125813,2026-09-07,2026-09-13,WS-QC,Final Quality Control Station,ROAD-OP-050,HIGH_EXPECTED_LOSS_UNITS,MEDIUM,defect_rate=0.0400; rework_hours=0.83; processing_trend=STABLE; adjusted_hours=30.75,REVIEW_QUALITY_REWORK_AND_PROCESSING_TIME,False,True
QAC-REV-0159,PHASE4-MPS-20260701125813,2026-09-07,2026-09-13,WS-PACK,Packaging Station,ROAD-OP-060,HIGH_EXPECTED_LOSS_UNITS,MEDIUM,defect_rate=0.0200; rework_hours=0.05; processing_trend=STABLE; adjusted_hours=24.99,REVIEW_QUALITY_REWORK_AND_PROCESSING_TIME,False,True
QAC-REV-0160,PHASE4-MPS-20260701125813,2026-09-14,2026-09-20,WS-FRAME-PREP,Frame Preparation Station,ROAD-OP-010,HIGH_EXPECTED_LOSS_UNITS,MEDIUM,defect_rate=0.0350; rework_hours=0.40; processing_trend=IMPROVING; adjusted_hours=38.44,REVIEW_QUALITY_REWORK_AND_PROCESSING_TIME,False,True
QAC-REV-0161,PHASE4-MPS-20260701125813,2026-09-14,2026-09-20,WS-WHEEL-SUB,Wheel Subassembly Station,ROAD-OP-020,HIGH_EXPECTED_LOSS_UNITS,HIGH,defect_rate=0.0450; rework_hours=0.75; processing_trend=WORSENING; adjusted_hours=48.39,REVIEW_QUALITY_REWORK_AND_PROCESSING_TIME,False,True
QAC-REV-0162,PHASE4-MPS-20260701125813,2026-09-14,2026-09-20,WS-BRAKE-SUB,Brake Subassembly Station,ROAD-OP-030,HIGH_EXPECTED_LOSS_UNITS,MEDIUM,defect_rate=0.0300; rework_hours=0.46; processing_trend=STABLE; adjusted_hours=35.43,REVIEW_QUALITY_REWORK_AND_PROCESSING_TIME,False,True
QAC-REV-0163,PHASE4-MPS-20260701125813,2026-09-14,2026-09-20,WS-FINAL-ASM,Final Assembly Station,ROAD-OP-040,HIGH_EXPECTED_LOSS_UNITS,CRITICAL,defect_rate=0.0600; rework_hours=1.86; processing_trend=WORSENING; adjusted_hours=74.98,REVIEW_QUALITY_REWORK_AND_PROCESSING_TIME,False,True
QAC-REV-0164,PHASE4-MPS-20260701125813,2026-09-14,2026-09-20,WS-QC,Final Quality Control Station,ROAD-OP-050,HIGH_EXPECTED_LOSS_UNITS,MEDIUM,defect_rate=0.0400; rework_hours=0.83; processing_trend=STABLE; adjusted_hours=30.75,REVIEW_QUALITY_REWORK_AND_PROCESSING_TIME,False,True
QAC-REV-0165,PHASE4-MPS-20260701125813,2026-09-14,2026-09-20,WS-PACK,Packaging Station,ROAD-OP-060,HIGH_EXPECTED_LOSS_UNITS,MEDIUM,defect_rate=0.0200; rework_hours=0.05; processing_trend=STABLE; adjusted_hours=24.99,REVIEW_QUALITY_REWORK_AND_PROCESSING_TIME,False,True
QAC-REV-0166,PHASE4-MPS-20260701125813,2026-09-21,2026-09-27,WS-FRAME-PREP,Frame Preparation Station,ROAD-OP-010,HIGH_EXPECTED_LOSS_UNITS,MEDIUM,defect_rate=0.0350; rework_hours=0.40; processing_trend=IMPROVING; adjusted_hours=38.44,REVIEW_QUALITY_REWORK_AND_PROCESSING_TIME,False,True
QAC-REV-0167,PHASE4-MPS-20260701125813,2026-09-21,2026-09-27,WS-WHEEL-SUB,Wheel Subassembly Station,ROAD-OP-020,HIGH_EXPECTED_LOSS_UNITS,HIGH,defect_rate=0.0450; rework_hours=0.75; processing_trend=WORSENING; adjusted_hours=48.39,REVIEW_QUALITY_REWORK_AND_PROCESSING_TIME,False,True
QAC-REV-0168,PHASE4-MPS-20260701125813,2026-09-21,2026-09-27,WS-BRAKE-SUB,Brake Subassembly Station,ROAD-OP-030,HIGH_EXPECTED_LOSS_UNITS,MEDIUM,defect_rate=0.0300; rework_hours=0.46; processing_trend=STABLE; adjusted_hours=35.43,REVIEW_QUALITY_REWORK_AND_PROCESSING_TIME,False,True
QAC-REV-0169,PHASE4-MPS-20260701125813,2026-09-21,2026-09-27,WS-FINAL-ASM,Final Assembly Station,ROAD-OP-040,HIGH_EXPECTED_LOSS_UNITS,CRITICAL,defect_rate=0.0600; rework_hours=1.86; processing_trend=WORSENING; adjusted_hours=74.98,REVIEW_QUALITY_REWORK_AND_PROCESSING_TIME,False,True
QAC-REV-0170,PHASE4-MPS-20260701125813,2026-09-21,2026-09-27,WS-QC,Final Quality Control Station,ROAD-OP-050,HIGH_EXPECTED_LOSS_UNITS,MEDIUM,defect_rate=0.0400; rework_hours=0.83; processing_trend=STABLE; adjusted_hours=30.75,REVIEW_QUALITY_REWORK_AND_PROCESSING_TIME,False,True
QAC-REV-0171,PHASE4-MPS-20260701125813,2026-09-21,2026-09-27,WS-PACK,Packaging Station,ROAD-OP-060,HIGH_EXPECTED_LOSS_UNITS,MEDIUM,defect_rate=0.0200; rework_hours=0.05; processing_trend=STABLE; adjusted_hours=24.99,REVIEW_QUALITY_REWORK_AND_PROCESSING_TIME,False,True
QAC-REV-0172,PHASE4-MPS-20260701125813,2026-09-28,2026-10-04,WS-WHEEL-SUB,Wheel Subassembly Station,ROAD-OP-020,PROCESSING_TIME_QUALITY_CAPACITY_IMPACT,HIGH,defect_rate=0.0450; rework_hours=0.11; processing_trend=WORSENING; adjusted_hours=7.09,REVIEW_QUALITY_REWORK_AND_PROCESSING_TIME,False,True
QAC-REV-0173,PHASE4-MPS-20260701125813,2026-09-28,2026-10-04,WS-FINAL-ASM,Final Assembly Station,ROAD-OP-040,PROCESSING_TIME_QUALITY_CAPACITY_IMPACT,HIGH,defect_rate=0.0600; rework_hours=0.27; processing_trend=WORSENING; adjusted_hours=10.99,REVIEW_QUALITY_REWORK_AND_PROCESSING_TIME,False,True
QAC-REV-0174,PHASE4-MPS-20260701125813,2026-06-29,2026-07-05,WS-BRAKE-SUB,Brake Subassembly Station,,QUALITY_ADJUSTED_CAPACITY_RISK,HIGH,Quality-adjusted utilization is 102.68% with delta 1.27 percentage points.,REVIEW_WORKSTATION_CAPACITY_AND_QUALITY_DRIVERS,False,True
QAC-REV-0175,PHASE4-MPS-20260701125813,2026-06-29,2026-07-05,WS-FINAL-ASM,Final Assembly Station,,QUALITY_ADJUSTED_CAPACITY_RISK,CRITICAL,Quality-adjusted utilization is 218.40% with delta 24.61 percentage points.,REVIEW_WORKSTATION_CAPACITY_AND_QUALITY_DRIVERS,False,True
QAC-REV-0176,PHASE4-MPS-20260701125813,2026-06-29,2026-07-05,WS-FRAME-PREP,Frame Preparation Station,,QUALITY_ADJUSTED_CAPACITY_RISK,HIGH,Quality-adjusted utilization is 111.24% with delta -0.00 percentage points.,REVIEW_WORKSTATION_CAPACITY_AND_QUALITY_DRIVERS,False,True
QAC-REV-0177,PHASE4-MPS-20260701125813,2026-06-29,2026-07-05,WS-WHEEL-SUB,Wheel Subassembly Station,,QUALITY_ADJUSTED_CAPACITY_RISK,HIGH,Quality-adjusted utilization is 138.05% with delta 9.98 percentage points.,REVIEW_WORKSTATION_CAPACITY_AND_QUALITY_DRIVERS,False,True
QAC-REV-0178,PHASE4-MPS-20260701125813,2026-07-06,2026-07-12,WS-BRAKE-SUB,Brake Subassembly Station,,QUALITY_ADJUSTED_CAPACITY_RISK,CRITICAL,Quality-adjusted utilization is 187.42% with delta 2.34 percentage points.,REVIEW_WORKSTATION_CAPACITY_AND_QUALITY_DRIVERS,False,True
QAC-REV-0179,PHASE4-MPS-20260701125813,2026-07-06,2026-07-12,WS-FINAL-ASM,Final Assembly Station,,QUALITY_ADJUSTED_CAPACITY_RISK,CRITICAL,Quality-adjusted utilization is 398.77% with delta 44.97 percentage points.,REVIEW_WORKSTATION_CAPACITY_AND_QUALITY_DRIVERS,False,True
QAC-REV-0180,PHASE4-MPS-20260701125813,2026-07-06,2026-07-12,WS-FORK-SUSP,Fork and Suspension Prep Station,,QUALITY_ADJUSTED_CAPACITY_RISK,HIGH,Quality-adjusted utilization is 118.62% with delta 8.18 percentage points.,REVIEW_WORKSTATION_CAPACITY_AND_QUALITY_DRIVERS,False,True
QAC-REV-0181,PHASE4-MPS-20260701125813,2026-07-06,2026-07-12,WS-FRAME-PREP,Frame Preparation Station,,QUALITY_ADJUSTED_CAPACITY_RISK,CRITICAL,Quality-adjusted utilization is 202.28% with delta 0.00 percentage points.,REVIEW_WORKSTATION_CAPACITY_AND_QUALITY_DRIVERS,False,True
QAC-REV-0182,PHASE4-MPS-20260701125813,2026-07-06,2026-07-12,WS-PACK,Packaging Station,,QUALITY_ADJUSTED_CAPACITY_RISK,HIGH,Quality-adjusted utilization is 129.21% with delta 0.26 percentage points.,REVIEW_WORKSTATION_CAPACITY_AND_QUALITY_DRIVERS,False,True
QAC-REV-0183,PHASE4-MPS-20260701125813,2026-07-06,2026-07-12,WS-QC,Final Quality Control Station,,QUALITY_ADJUSTED_CAPACITY_RISK,CRITICAL,Quality-adjusted utilization is 164.66% with delta 4.22 percentage points.,REVIEW_WORKSTATION_CAPACITY_AND_QUALITY_DRIVERS,False,True
QAC-REV-0184,PHASE4-MPS-20260701125813,2026-07-06,2026-07-12,WS-WHEEL-SUB,Wheel Subassembly Station,,QUALITY_ADJUSTED_CAPACITY_RISK,CRITICAL,Quality-adjusted utilization is 252.06% with delta 18.24 percentage points.,REVIEW_WORKSTATION_CAPACITY_AND_QUALITY_DRIVERS,False,True
QAC-REV-0185,PHASE4-MPS-20260701125813,2026-07-13,2026-07-19,WS-BRAKE-SUB,Brake Subassembly Station,,QUALITY_ADJUSTED_CAPACITY_RISK,CRITICAL,Quality-adjusted utilization is 187.81% with delta 2.34 percentage points.,REVIEW_WORKSTATION_CAPACITY_AND_QUALITY_DRIVERS,False,True
QAC-REV-0186,PHASE4-MPS-20260701125813,2026-07-13,2026-07-19,WS-FINAL-ASM,Final Assembly Station,,QUALITY_ADJUSTED_CAPACITY_RISK,CRITICAL,Quality-adjusted utilization is 399.60% with delta 45.06 percentage points.,REVIEW_WORKSTATION_CAPACITY_AND_QUALITY_DRIVERS,False,True
QAC-REV-0187,PHASE4-MPS-20260701125813,2026-07-13,2026-07-19,WS-FORK-SUSP,Fork and Suspension Prep Station,,QUALITY_ADJUSTED_CAPACITY_RISK,HIGH,Quality-adjusted utilization is 118.62% with delta 8.18 percentage points.,REVIEW_WORKSTATION_CAPACITY_AND_QUALITY_DRIVERS,False,True
QAC-REV-0188,PHASE4-MPS-20260701125813,2026-07-13,2026-07-19,WS-FRAME-PREP,Frame Preparation Station,,QUALITY_ADJUSTED_CAPACITY_RISK,CRITICAL,Quality-adjusted utilization is 202.70% with delta 0.00 percentage points.,REVIEW_WORKSTATION_CAPACITY_AND_QUALITY_DRIVERS,False,True
QAC-REV-0189,PHASE4-MPS-20260701125813,2026-07-13,2026-07-19,WS-PACK,Packaging Station,,QUALITY_ADJUSTED_CAPACITY_RISK,HIGH,Quality-adjusted utilization is 129.49% with delta 0.26 percentage points.,REVIEW_WORKSTATION_CAPACITY_AND_QUALITY_DRIVERS,False,True
QAC-REV-0190,PHASE4-MPS-20260701125813,2026-07-13,2026-07-19,WS-QC,Final Quality Control Station,,QUALITY_ADJUSTED_CAPACITY_RISK,CRITICAL,Quality-adjusted utilization is 165.01% with delta 4.23 percentage points.,REVIEW_WORKSTATION_CAPACITY_AND_QUALITY_DRIVERS,False,True
QAC-REV-0191,PHASE4-MPS-20260701125813,2026-07-13,2026-07-19,WS-WHEEL-SUB,Wheel Subassembly Station,,QUALITY_ADJUSTED_CAPACITY_RISK,CRITICAL,Quality-adjusted utilization is 252.60% with delta 18.28 percentage points.,REVIEW_WORKSTATION_CAPACITY_AND_QUALITY_DRIVERS,False,True
QAC-REV-0192,PHASE4-MPS-20260701125813,2026-07-20,2026-07-26,WS-BRAKE-SUB,Brake Subassembly Station,,QUALITY_ADJUSTED_CAPACITY_RISK,CRITICAL,Quality-adjusted utilization is 187.81% with delta 2.34 percentage points.,REVIEW_WORKSTATION_CAPACITY_AND_QUALITY_DRIVERS,False,True
QAC-REV-0193,PHASE4-MPS-20260701125813,2026-07-20,2026-07-26,WS-FINAL-ASM,Final Assembly Station,,QUALITY_ADJUSTED_CAPACITY_RISK,CRITICAL,Quality-adjusted utilization is 399.60% with delta 45.06 percentage points.,REVIEW_WORKSTATION_CAPACITY_AND_QUALITY_DRIVERS,False,True
QAC-REV-0194,PHASE4-MPS-20260701125813,2026-07-20,2026-07-26,WS-FORK-SUSP,Fork and Suspension Prep Station,,QUALITY_ADJUSTED_CAPACITY_RISK,HIGH,Quality-adjusted utilization is 118.62% with delta 8.18 percentage points.,REVIEW_WORKSTATION_CAPACITY_AND_QUALITY_DRIVERS,False,True
QAC-REV-0195,PHASE4-MPS-20260701125813,2026-07-20,2026-07-26,WS-FRAME-PREP,Frame Preparation Station,,QUALITY_ADJUSTED_CAPACITY_RISK,CRITICAL,Quality-adjusted utilization is 202.70% with delta 0.00 percentage points.,REVIEW_WORKSTATION_CAPACITY_AND_QUALITY_DRIVERS,False,True
QAC-REV-0196,PHASE4-MPS-20260701125813,2026-07-20,2026-07-26,WS-PACK,Packaging Station,,QUALITY_ADJUSTED_CAPACITY_RISK,HIGH,Quality-adjusted utilization is 129.49% with delta 0.26 percentage points.,REVIEW_WORKSTATION_CAPACITY_AND_QUALITY_DRIVERS,False,True
QAC-REV-0197,PHASE4-MPS-20260701125813,2026-07-20,2026-07-26,WS-QC,Final Quality Control Station,,QUALITY_ADJUSTED_CAPACITY_RISK,CRITICAL,Quality-adjusted utilization is 165.01% with delta 4.23 percentage points.,REVIEW_WORKSTATION_CAPACITY_AND_QUALITY_DRIVERS,False,True
QAC-REV-0198,PHASE4-MPS-20260701125813,2026-07-20,2026-07-26,WS-WHEEL-SUB,Wheel Subassembly Station,,QUALITY_ADJUSTED_CAPACITY_RISK,CRITICAL,Quality-adjusted utilization is 252.60% with delta 18.28 percentage points.,REVIEW_WORKSTATION_CAPACITY_AND_QUALITY_DRIVERS,False,True
QAC-REV-0199,PHASE4-MPS-20260701125813,2026-07-27,2026-08-02,WS-BRAKE-SUB,Brake Subassembly Station,,QUALITY_ADJUSTED_CAPACITY_RISK,CRITICAL,Quality-adjusted utilization is 187.81% with delta 2.34 percentage points.,REVIEW_WORKSTATION_CAPACITY_AND_QUALITY_DRIVERS,False,True
QAC-REV-0200,PHASE4-MPS-20260701125813,2026-07-27,2026-08-02,WS-FINAL-ASM,Final Assembly Station,,QUALITY_ADJUSTED_CAPACITY_RISK,CRITICAL,Quality-adjusted utilization is 399.60% with delta 45.06 percentage points.,REVIEW_WORKSTATION_CAPACITY_AND_QUALITY_DRIVERS,False,True
QAC-REV-0201,PHASE4-MPS-20260701125813,2026-07-27,2026-08-02,WS-FORK-SUSP,Fork and Suspension Prep Station,,QUALITY_ADJUSTED_CAPACITY_RISK,HIGH,Quality-adjusted utilization is 118.62% with delta 8.18 percentage points.,REVIEW_WORKSTATION_CAPACITY_AND_QUALITY_DRIVERS,False,True
QAC-REV-0202,PHASE4-MPS-20260701125813,2026-07-27,2026-08-02,WS-FRAME-PREP,Frame Preparation Station,,QUALITY_ADJUSTED_CAPACITY_RISK,CRITICAL,Quality-adjusted utilization is 202.70% with delta 0.00 percentage points.,REVIEW_WORKSTATION_CAPACITY_AND_QUALITY_DRIVERS,False,True
QAC-REV-0203,PHASE4-MPS-20260701125813,2026-07-27,2026-08-02,WS-PACK,Packaging Station,,QUALITY_ADJUSTED_CAPACITY_RISK,HIGH,Quality-adjusted utilization is 129.49% with delta 0.26 percentage points.,REVIEW_WORKSTATION_CAPACITY_AND_QUALITY_DRIVERS,False,True
QAC-REV-0204,PHASE4-MPS-20260701125813,2026-07-27,2026-08-02,WS-QC,Final Quality Control Station,,QUALITY_ADJUSTED_CAPACITY_RISK,CRITICAL,Quality-adjusted utilization is 165.01% with delta 4.23 percentage points.,REVIEW_WORKSTATION_CAPACITY_AND_QUALITY_DRIVERS,False,True
QAC-REV-0205,PHASE4-MPS-20260701125813,2026-07-27,2026-08-02,WS-WHEEL-SUB,Wheel Subassembly Station,,QUALITY_ADJUSTED_CAPACITY_RISK,CRITICAL,Quality-adjusted utilization is 252.60% with delta 18.28 percentage points.,REVIEW_WORKSTATION_CAPACITY_AND_QUALITY_DRIVERS,False,True
QAC-REV-0206,PHASE4-MPS-20260701125813,2026-08-03,2026-08-09,WS-BRAKE-SUB,Brake Subassembly Station,,QUALITY_ADJUSTED_CAPACITY_RISK,CRITICAL,Quality-adjusted utilization is 187.81% with delta 2.34 percentage points.,REVIEW_WORKSTATION_CAPACITY_AND_QUALITY_DRIVERS,False,True
QAC-REV-0207,PHASE4-MPS-20260701125813,2026-08-03,2026-08-09,WS-FINAL-ASM,Final Assembly Station,,QUALITY_ADJUSTED_CAPACITY_RISK,CRITICAL,Quality-adjusted utilization is 399.60% with delta 45.06 percentage points.,REVIEW_WORKSTATION_CAPACITY_AND_QUALITY_DRIVERS,False,True
QAC-REV-0208,PHASE4-MPS-20260701125813,2026-08-03,2026-08-09,WS-FORK-SUSP,Fork and Suspension Prep Station,,QUALITY_ADJUSTED_CAPACITY_RISK,HIGH,Quality-adjusted utilization is 118.62% with delta 8.18 percentage points.,REVIEW_WORKSTATION_CAPACITY_AND_QUALITY_DRIVERS,False,True
QAC-REV-0209,PHASE4-MPS-20260701125813,2026-08-03,2026-08-09,WS-FRAME-PREP,Frame Preparation Station,,QUALITY_ADJUSTED_CAPACITY_RISK,CRITICAL,Quality-adjusted utilization is 202.70% with delta 0.00 percentage points.,REVIEW_WORKSTATION_CAPACITY_AND_QUALITY_DRIVERS,False,True
QAC-REV-0210,PHASE4-MPS-20260701125813,2026-08-03,2026-08-09,WS-PACK,Packaging Station,,QUALITY_ADJUSTED_CAPACITY_RISK,HIGH,Quality-adjusted utilization is 129.49% with delta 0.26 percentage points.,REVIEW_WORKSTATION_CAPACITY_AND_QUALITY_DRIVERS,False,True
QAC-REV-0211,PHASE4-MPS-20260701125813,2026-08-03,2026-08-09,WS-QC,Final Quality Control Station,,QUALITY_ADJUSTED_CAPACITY_RISK,CRITICAL,Quality-adjusted utilization is 165.01% with delta 4.23 percentage points.,REVIEW_WORKSTATION_CAPACITY_AND_QUALITY_DRIVERS,False,True
QAC-REV-0212,PHASE4-MPS-20260701125813,2026-08-03,2026-08-09,WS-WHEEL-SUB,Wheel Subassembly Station,,QUALITY_ADJUSTED_CAPACITY_RISK,CRITICAL,Quality-adjusted utilization is 252.60% with delta 18.28 percentage points.,REVIEW_WORKSTATION_CAPACITY_AND_QUALITY_DRIVERS,False,True
QAC-REV-0213,PHASE4-MPS-20260701125813,2026-08-10,2026-08-16,WS-BRAKE-SUB,Brake Subassembly Station,,QUALITY_ADJUSTED_CAPACITY_RISK,CRITICAL,Quality-adjusted utilization is 187.81% with delta 2.34 percentage points.,REVIEW_WORKSTATION_CAPACITY_AND_QUALITY_DRIVERS,False,True
QAC-REV-0214,PHASE4-MPS-20260701125813,2026-08-10,2026-08-16,WS-FINAL-ASM,Final Assembly Station,,QUALITY_ADJUSTED_CAPACITY_RISK,CRITICAL,Quality-adjusted utilization is 399.60% with delta 45.06 percentage points.,REVIEW_WORKSTATION_CAPACITY_AND_QUALITY_DRIVERS,False,True
QAC-REV-0215,PHASE4-MPS-20260701125813,2026-08-10,2026-08-16,WS-FORK-SUSP,Fork and Suspension Prep Station,,QUALITY_ADJUSTED_CAPACITY_RISK,HIGH,Quality-adjusted utilization is 118.62% with delta 8.18 percentage points.,REVIEW_WORKSTATION_CAPACITY_AND_QUALITY_DRIVERS,False,True
QAC-REV-0216,PHASE4-MPS-20260701125813,2026-08-10,2026-08-16,WS-FRAME-PREP,Frame Preparation Station,,QUALITY_ADJUSTED_CAPACITY_RISK,CRITICAL,Quality-adjusted utilization is 202.70% with delta 0.00 percentage points.,REVIEW_WORKSTATION_CAPACITY_AND_QUALITY_DRIVERS,False,True
QAC-REV-0217,PHASE4-MPS-20260701125813,2026-08-10,2026-08-16,WS-PACK,Packaging Station,,QUALITY_ADJUSTED_CAPACITY_RISK,HIGH,Quality-adjusted utilization is 129.49% with delta 0.26 percentage points.,REVIEW_WORKSTATION_CAPACITY_AND_QUALITY_DRIVERS,False,True
QAC-REV-0218,PHASE4-MPS-20260701125813,2026-08-10,2026-08-16,WS-QC,Final Quality Control Station,,QUALITY_ADJUSTED_CAPACITY_RISK,CRITICAL,Quality-adjusted utilization is 165.01% with delta 4.23 percentage points.,REVIEW_WORKSTATION_CAPACITY_AND_QUALITY_DRIVERS,False,True
QAC-REV-0219,PHASE4-MPS-20260701125813,2026-08-10,2026-08-16,WS-WHEEL-SUB,Wheel Subassembly Station,,QUALITY_ADJUSTED_CAPACITY_RISK,CRITICAL,Quality-adjusted utilization is 252.60% with delta 18.28 percentage points.,REVIEW_WORKSTATION_CAPACITY_AND_QUALITY_DRIVERS,False,True
QAC-REV-0220,PHASE4-MPS-20260701125813,2026-08-17,2026-08-23,WS-BRAKE-SUB,Brake Subassembly Station,,QUALITY_ADJUSTED_CAPACITY_RISK,CRITICAL,Quality-adjusted utilization is 187.81% with delta 2.34 percentage points.,REVIEW_WORKSTATION_CAPACITY_AND_QUALITY_DRIVERS,False,True
QAC-REV-0221,PHASE4-MPS-20260701125813,2026-08-17,2026-08-23,WS-FINAL-ASM,Final Assembly Station,,QUALITY_ADJUSTED_CAPACITY_RISK,CRITICAL,Quality-adjusted utilization is 399.60% with delta 45.06 percentage points.,REVIEW_WORKSTATION_CAPACITY_AND_QUALITY_DRIVERS,False,True
QAC-REV-0222,PHASE4-MPS-20260701125813,2026-08-17,2026-08-23,WS-FORK-SUSP,Fork and Suspension Prep Station,,QUALITY_ADJUSTED_CAPACITY_RISK,HIGH,Quality-adjusted utilization is 118.62% with delta 8.18 percentage points.,REVIEW_WORKSTATION_CAPACITY_AND_QUALITY_DRIVERS,False,True
QAC-REV-0223,PHASE4-MPS-20260701125813,2026-08-17,2026-08-23,WS-FRAME-PREP,Frame Preparation Station,,QUALITY_ADJUSTED_CAPACITY_RISK,CRITICAL,Quality-adjusted utilization is 202.70% with delta 0.00 percentage points.,REVIEW_WORKSTATION_CAPACITY_AND_QUALITY_DRIVERS,False,True
QAC-REV-0224,PHASE4-MPS-20260701125813,2026-08-17,2026-08-23,WS-PACK,Packaging Station,,QUALITY_ADJUSTED_CAPACITY_RISK,HIGH,Quality-adjusted utilization is 129.49% with delta 0.26 percentage points.,REVIEW_WORKSTATION_CAPACITY_AND_QUALITY_DRIVERS,False,True
QAC-REV-0225,PHASE4-MPS-20260701125813,2026-08-17,2026-08-23,WS-QC,Final Quality Control Station,,QUALITY_ADJUSTED_CAPACITY_RISK,CRITICAL,Quality-adjusted utilization is 165.01% with delta 4.23 percentage points.,REVIEW_WORKSTATION_CAPACITY_AND_QUALITY_DRIVERS,False,True
QAC-REV-0226,PHASE4-MPS-20260701125813,2026-08-17,2026-08-23,WS-WHEEL-SUB,Wheel Subassembly Station,,QUALITY_ADJUSTED_CAPACITY_RISK,CRITICAL,Quality-adjusted utilization is 252.60% with delta 18.28 percentage points.,REVIEW_WORKSTATION_CAPACITY_AND_QUALITY_DRIVERS,False,True
QAC-REV-0227,PHASE4-MPS-20260701125813,2026-08-24,2026-08-30,WS-BRAKE-SUB,Brake Subassembly Station,,QUALITY_ADJUSTED_CAPACITY_RISK,CRITICAL,Quality-adjusted utilization is 187.81% with delta 2.34 percentage points.,REVIEW_WORKSTATION_CAPACITY_AND_QUALITY_DRIVERS,False,True
QAC-REV-0228,PHASE4-MPS-20260701125813,2026-08-24,2026-08-30,WS-FINAL-ASM,Final Assembly Station,,QUALITY_ADJUSTED_CAPACITY_RISK,CRITICAL,Quality-adjusted utilization is 399.60% with delta 45.06 percentage points.,REVIEW_WORKSTATION_CAPACITY_AND_QUALITY_DRIVERS,False,True
QAC-REV-0229,PHASE4-MPS-20260701125813,2026-08-24,2026-08-30,WS-FORK-SUSP,Fork and Suspension Prep Station,,QUALITY_ADJUSTED_CAPACITY_RISK,HIGH,Quality-adjusted utilization is 118.62% with delta 8.18 percentage points.,REVIEW_WORKSTATION_CAPACITY_AND_QUALITY_DRIVERS,False,True
QAC-REV-0230,PHASE4-MPS-20260701125813,2026-08-24,2026-08-30,WS-FRAME-PREP,Frame Preparation Station,,QUALITY_ADJUSTED_CAPACITY_RISK,CRITICAL,Quality-adjusted utilization is 202.70% with delta 0.00 percentage points.,REVIEW_WORKSTATION_CAPACITY_AND_QUALITY_DRIVERS,False,True
QAC-REV-0231,PHASE4-MPS-20260701125813,2026-08-24,2026-08-30,WS-PACK,Packaging Station,,QUALITY_ADJUSTED_CAPACITY_RISK,HIGH,Quality-adjusted utilization is 129.49% with delta 0.26 percentage points.,REVIEW_WORKSTATION_CAPACITY_AND_QUALITY_DRIVERS,False,True
QAC-REV-0232,PHASE4-MPS-20260701125813,2026-08-24,2026-08-30,WS-QC,Final Quality Control Station,,QUALITY_ADJUSTED_CAPACITY_RISK,CRITICAL,Quality-adjusted utilization is 165.01% with delta 4.23 percentage points.,REVIEW_WORKSTATION_CAPACITY_AND_QUALITY_DRIVERS,False,True
QAC-REV-0233,PHASE4-MPS-20260701125813,2026-08-24,2026-08-30,WS-WHEEL-SUB,Wheel Subassembly Station,,QUALITY_ADJUSTED_CAPACITY_RISK,CRITICAL,Quality-adjusted utilization is 252.60% with delta 18.28 percentage points.,REVIEW_WORKSTATION_CAPACITY_AND_QUALITY_DRIVERS,False,True
QAC-REV-0234,PHASE4-MPS-20260701125813,2026-08-31,2026-09-06,WS-BRAKE-SUB,Brake Subassembly Station,,QUALITY_ADJUSTED_CAPACITY_RISK,CRITICAL,Quality-adjusted utilization is 187.81% with delta 2.34 percentage points.,REVIEW_WORKSTATION_CAPACITY_AND_QUALITY_DRIVERS,False,True
QAC-REV-0235,PHASE4-MPS-20260701125813,2026-08-31,2026-09-06,WS-FINAL-ASM,Final Assembly Station,,QUALITY_ADJUSTED_CAPACITY_RISK,CRITICAL,Quality-adjusted utilization is 399.60% with delta 45.06 percentage points.,REVIEW_WORKSTATION_CAPACITY_AND_QUALITY_DRIVERS,False,True
QAC-REV-0236,PHASE4-MPS-20260701125813,2026-08-31,2026-09-06,WS-FORK-SUSP,Fork and Suspension Prep Station,,QUALITY_ADJUSTED_CAPACITY_RISK,HIGH,Quality-adjusted utilization is 118.62% with delta 8.18 percentage points.,REVIEW_WORKSTATION_CAPACITY_AND_QUALITY_DRIVERS,False,True
QAC-REV-0237,PHASE4-MPS-20260701125813,2026-08-31,2026-09-06,WS-FRAME-PREP,Frame Preparation Station,,QUALITY_ADJUSTED_CAPACITY_RISK,CRITICAL,Quality-adjusted utilization is 202.70% with delta 0.00 percentage points.,REVIEW_WORKSTATION_CAPACITY_AND_QUALITY_DRIVERS,False,True
QAC-REV-0238,PHASE4-MPS-20260701125813,2026-08-31,2026-09-06,WS-PACK,Packaging Station,,QUALITY_ADJUSTED_CAPACITY_RISK,HIGH,Quality-adjusted utilization is 129.49% with delta 0.26 percentage points.,REVIEW_WORKSTATION_CAPACITY_AND_QUALITY_DRIVERS,False,True
QAC-REV-0239,PHASE4-MPS-20260701125813,2026-08-31,2026-09-06,WS-QC,Final Quality Control Station,,QUALITY_ADJUSTED_CAPACITY_RISK,CRITICAL,Quality-adjusted utilization is 165.01% with delta 4.23 percentage points.,REVIEW_WORKSTATION_CAPACITY_AND_QUALITY_DRIVERS,False,True
QAC-REV-0240,PHASE4-MPS-20260701125813,2026-08-31,2026-09-06,WS-WHEEL-SUB,Wheel Subassembly Station,,QUALITY_ADJUSTED_CAPACITY_RISK,CRITICAL,Quality-adjusted utilization is 252.60% with delta 18.28 percentage points.,REVIEW_WORKSTATION_CAPACITY_AND_QUALITY_DRIVERS,False,True
QAC-REV-0241,PHASE4-MPS-20260701125813,2026-09-07,2026-09-13,WS-BRAKE-SUB,Brake Subassembly Station,,QUALITY_ADJUSTED_CAPACITY_RISK,CRITICAL,Quality-adjusted utilization is 187.81% with delta 2.34 percentage points.,REVIEW_WORKSTATION_CAPACITY_AND_QUALITY_DRIVERS,False,True
QAC-REV-0242,PHASE4-MPS-20260701125813,2026-09-07,2026-09-13,WS-FINAL-ASM,Final Assembly Station,,QUALITY_ADJUSTED_CAPACITY_RISK,CRITICAL,Quality-adjusted utilization is 399.60% with delta 45.06 percentage points.,REVIEW_WORKSTATION_CAPACITY_AND_QUALITY_DRIVERS,False,True
QAC-REV-0243,PHASE4-MPS-20260701125813,2026-09-07,2026-09-13,WS-FORK-SUSP,Fork and Suspension Prep Station,,QUALITY_ADJUSTED_CAPACITY_RISK,HIGH,Quality-adjusted utilization is 118.62% with delta 8.18 percentage points.,REVIEW_WORKSTATION_CAPACITY_AND_QUALITY_DRIVERS,False,True
QAC-REV-0244,PHASE4-MPS-20260701125813,2026-09-07,2026-09-13,WS-FRAME-PREP,Frame Preparation Station,,QUALITY_ADJUSTED_CAPACITY_RISK,CRITICAL,Quality-adjusted utilization is 202.70% with delta 0.00 percentage points.,REVIEW_WORKSTATION_CAPACITY_AND_QUALITY_DRIVERS,False,True
QAC-REV-0245,PHASE4-MPS-20260701125813,2026-09-07,2026-09-13,WS-PACK,Packaging Station,,QUALITY_ADJUSTED_CAPACITY_RISK,HIGH,Quality-adjusted utilization is 129.49% with delta 0.26 percentage points.,REVIEW_WORKSTATION_CAPACITY_AND_QUALITY_DRIVERS,False,True
QAC-REV-0246,PHASE4-MPS-20260701125813,2026-09-07,2026-09-13,WS-QC,Final Quality Control Station,,QUALITY_ADJUSTED_CAPACITY_RISK,CRITICAL,Quality-adjusted utilization is 165.01% with delta 4.23 percentage points.,REVIEW_WORKSTATION_CAPACITY_AND_QUALITY_DRIVERS,False,True
QAC-REV-0247,PHASE4-MPS-20260701125813,2026-09-07,2026-09-13,WS-WHEEL-SUB,Wheel Subassembly Station,,QUALITY_ADJUSTED_CAPACITY_RISK,CRITICAL,Quality-adjusted utilization is 252.60% with delta 18.28 percentage points.,REVIEW_WORKSTATION_CAPACITY_AND_QUALITY_DRIVERS,False,True
QAC-REV-0248,PHASE4-MPS-20260701125813,2026-09-14,2026-09-20,WS-BRAKE-SUB,Brake Subassembly Station,,QUALITY_ADJUSTED_CAPACITY_RISK,CRITICAL,Quality-adjusted utilization is 187.81% with delta 2.34 percentage points.,REVIEW_WORKSTATION_CAPACITY_AND_QUALITY_DRIVERS,False,True
QAC-REV-0249,PHASE4-MPS-20260701125813,2026-09-14,2026-09-20,WS-FINAL-ASM,Final Assembly Station,,QUALITY_ADJUSTED_CAPACITY_RISK,CRITICAL,Quality-adjusted utilization is 399.60% with delta 45.06 percentage points.,REVIEW_WORKSTATION_CAPACITY_AND_QUALITY_DRIVERS,False,True
QAC-REV-0250,PHASE4-MPS-20260701125813,2026-09-14,2026-09-20,WS-FORK-SUSP,Fork and Suspension Prep Station,,QUALITY_ADJUSTED_CAPACITY_RISK,HIGH,Quality-adjusted utilization is 118.62% with delta 8.18 percentage points.,REVIEW_WORKSTATION_CAPACITY_AND_QUALITY_DRIVERS,False,True
QAC-REV-0251,PHASE4-MPS-20260701125813,2026-09-14,2026-09-20,WS-FRAME-PREP,Frame Preparation Station,,QUALITY_ADJUSTED_CAPACITY_RISK,CRITICAL,Quality-adjusted utilization is 202.70% with delta 0.00 percentage points.,REVIEW_WORKSTATION_CAPACITY_AND_QUALITY_DRIVERS,False,True
QAC-REV-0252,PHASE4-MPS-20260701125813,2026-09-14,2026-09-20,WS-PACK,Packaging Station,,QUALITY_ADJUSTED_CAPACITY_RISK,HIGH,Quality-adjusted utilization is 129.49% with delta 0.26 percentage points.,REVIEW_WORKSTATION_CAPACITY_AND_QUALITY_DRIVERS,False,True
QAC-REV-0253,PHASE4-MPS-20260701125813,2026-09-14,2026-09-20,WS-QC,Final Quality Control Station,,QUALITY_ADJUSTED_CAPACITY_RISK,CRITICAL,Quality-adjusted utilization is 165.01% with delta 4.23 percentage points.,REVIEW_WORKSTATION_CAPACITY_AND_QUALITY_DRIVERS,False,True
QAC-REV-0254,PHASE4-MPS-20260701125813,2026-09-14,2026-09-20,WS-WHEEL-SUB,Wheel Subassembly Station,,QUALITY_ADJUSTED_CAPACITY_RISK,CRITICAL,Quality-adjusted utilization is 252.60% with delta 18.28 percentage points.,REVIEW_WORKSTATION_CAPACITY_AND_QUALITY_DRIVERS,False,True
QAC-REV-0255,PHASE4-MPS-20260701125813,2026-09-21,2026-09-27,WS-BRAKE-SUB,Brake Subassembly Station,,QUALITY_ADJUSTED_CAPACITY_RISK,CRITICAL,Quality-adjusted utilization is 187.81% with delta 2.34 percentage points.,REVIEW_WORKSTATION_CAPACITY_AND_QUALITY_DRIVERS,False,True
QAC-REV-0256,PHASE4-MPS-20260701125813,2026-09-21,2026-09-27,WS-FINAL-ASM,Final Assembly Station,,QUALITY_ADJUSTED_CAPACITY_RISK,CRITICAL,Quality-adjusted utilization is 399.60% with delta 45.06 percentage points.,REVIEW_WORKSTATION_CAPACITY_AND_QUALITY_DRIVERS,False,True
QAC-REV-0257,PHASE4-MPS-20260701125813,2026-09-21,2026-09-27,WS-FORK-SUSP,Fork and Suspension Prep Station,,QUALITY_ADJUSTED_CAPACITY_RISK,HIGH,Quality-adjusted utilization is 118.62% with delta 8.18 percentage points.,REVIEW_WORKSTATION_CAPACITY_AND_QUALITY_DRIVERS,False,True
QAC-REV-0258,PHASE4-MPS-20260701125813,2026-09-21,2026-09-27,WS-FRAME-PREP,Frame Preparation Station,,QUALITY_ADJUSTED_CAPACITY_RISK,CRITICAL,Quality-adjusted utilization is 202.70% with delta 0.00 percentage points.,REVIEW_WORKSTATION_CAPACITY_AND_QUALITY_DRIVERS,False,True
QAC-REV-0259,PHASE4-MPS-20260701125813,2026-09-21,2026-09-27,WS-PACK,Packaging Station,,QUALITY_ADJUSTED_CAPACITY_RISK,HIGH,Quality-adjusted utilization is 129.49% with delta 0.26 percentage points.,REVIEW_WORKSTATION_CAPACITY_AND_QUALITY_DRIVERS,False,True
QAC-REV-0260,PHASE4-MPS-20260701125813,2026-09-21,2026-09-27,WS-QC,Final Quality Control Station,,QUALITY_ADJUSTED_CAPACITY_RISK,CRITICAL,Quality-adjusted utilization is 165.01% with delta 4.23 percentage points.,REVIEW_WORKSTATION_CAPACITY_AND_QUALITY_DRIVERS,False,True
QAC-REV-0261,PHASE4-MPS-20260701125813,2026-09-21,2026-09-27,WS-WHEEL-SUB,Wheel Subassembly Station,,QUALITY_ADJUSTED_CAPACITY_RISK,CRITICAL,Quality-adjusted utilization is 252.60% with delta 18.28 percentage points.,REVIEW_WORKSTATION_CAPACITY_AND_QUALITY_DRIVERS,False,True
QAC-REV-0262,PHASE4-MPS-20260701125813,,,WS-BRAKE-SUB,Brake Subassembly Station,,QUALITY_WORSENED_BOTTLENECK_RISK,CRITICAL,Original bottleneck level=CRITICAL; quality impact=CRITICAL; max adjusted utilization=187.81%; extra rework hours=10.77.,REVIEW_BOTTLENECK_QUALITY_IMPACT,False,True
QAC-REV-0263,PHASE4-MPS-20260701125813,,,WS-FINAL-ASM,Final Assembly Station,,QUALITY_WORSENED_BOTTLENECK_RISK,CRITICAL,Original bottleneck level=CRITICAL; quality impact=CRITICAL; max adjusted utilization=399.60%; extra rework hours=46.97.,REVIEW_BOTTLENECK_QUALITY_IMPACT,False,True
QAC-REV-0264,PHASE4-MPS-20260701125813,,,WS-FORK-SUSP,Fork and Suspension Prep Station,,QUALITY_WORSENED_BOTTLENECK_RISK,HIGH,Original bottleneck level=HIGH; quality impact=HIGH; max adjusted utilization=118.62%; extra rework hours=11.72.,REVIEW_BOTTLENECK_QUALITY_IMPACT,False,True
QAC-REV-0265,PHASE4-MPS-20260701125813,,,WS-FRAME-PREP,Frame Preparation Station,,QUALITY_WORSENED_BOTTLENECK_RISK,CRITICAL,Original bottleneck level=CRITICAL; quality impact=CRITICAL; max adjusted utilization=202.70%; extra rework hours=9.60.,REVIEW_BOTTLENECK_QUALITY_IMPACT,False,True
QAC-REV-0266,PHASE4-MPS-20260701125813,,,WS-PACK,Packaging Station,,QUALITY_WORSENED_BOTTLENECK_RISK,HIGH,Original bottleneck level=HIGH; quality impact=HIGH; max adjusted utilization=129.49%; extra rework hours=1.20.,REVIEW_BOTTLENECK_QUALITY_IMPACT,False,True
QAC-REV-0267,PHASE4-MPS-20260701125813,,,WS-QC,Final Quality Control Station,,QUALITY_WORSENED_BOTTLENECK_RISK,CRITICAL,Original bottleneck level=HIGH; quality impact=CRITICAL; max adjusted utilization=165.01%; extra rework hours=19.46.,REVIEW_BOTTLENECK_QUALITY_IMPACT,False,True
QAC-REV-0268,PHASE4-MPS-20260701125813,,,WS-WHEEL-SUB,Wheel Subassembly Station,,QUALITY_WORSENED_BOTTLENECK_RISK,CRITICAL,Original bottleneck level=CRITICAL; quality impact=CRITICAL; max adjusted utilization=252.60%; extra rework hours=19.22.,REVIEW_BOTTLENECK_QUALITY_IMPACT,False,True
QAC-REV-0269,PHASE4-MPS-20260701125813,2026-06-29,2026-07-05,WS-FRAME-PREP,,MT-OP-010,HIGH_EXPECTED_LOSS_UNITS,MEDIUM,Potential replacement unit exposure is 0.92; MRP is not changed by this advisory output.,REVIEW_SCRAP_AND_REWORK_FAILURE_EXPOSURE,False,True
QAC-REV-0270,PHASE4-MPS-20260701125813,2026-06-29,2026-07-05,WS-FORK-SUSP,,MT-OP-020,HIGH_EXPECTED_LOSS_UNITS,MEDIUM,Potential replacement unit exposure is 1.07; MRP is not changed by this advisory output.,REVIEW_SCRAP_AND_REWORK_FAILURE_EXPOSURE,False,True
QAC-REV-0271,PHASE4-MPS-20260701125813,2026-06-29,2026-07-05,WS-WHEEL-SUB,,MT-OP-030,HIGH_EXPECTED_LOSS_UNITS,MEDIUM,Potential replacement unit exposure is 1.02; MRP is not changed by this advisory output.,REVIEW_SCRAP_AND_REWORK_FAILURE_EXPOSURE,False,True
QAC-REV-0272,PHASE4-MPS-20260701125813,2026-06-29,2026-07-05,WS-BRAKE-SUB,,MT-OP-040,HIGH_EXPECTED_LOSS_UNITS,MEDIUM,Potential replacement unit exposure is 0.71; MRP is not changed by this advisory output.,REVIEW_SCRAP_AND_REWORK_FAILURE_EXPOSURE,False,True
QAC-REV-0273,PHASE4-MPS-20260701125813,2026-06-29,2026-07-05,WS-FINAL-ASM,,MT-OP-050,HIGH_EXPECTED_LOSS_UNITS,MEDIUM,Potential replacement unit exposure is 1.43; MRP is not changed by this advisory output.,REVIEW_SCRAP_AND_REWORK_FAILURE_EXPOSURE,False,True
QAC-REV-0274,PHASE4-MPS-20260701125813,2026-06-29,2026-07-05,WS-QC,,MT-OP-060,HIGH_EXPECTED_LOSS_UNITS,MEDIUM,Potential replacement unit exposure is 1.01; MRP is not changed by this advisory output.,REVIEW_SCRAP_AND_REWORK_FAILURE_EXPOSURE,False,True
QAC-REV-0275,PHASE4-MPS-20260701125813,2026-06-29,2026-07-05,WS-PACK,,MT-OP-070,HIGH_EXPECTED_LOSS_UNITS,MEDIUM,Potential replacement unit exposure is 0.63; MRP is not changed by this advisory output.,REVIEW_SCRAP_AND_REWORK_FAILURE_EXPOSURE,False,True
QAC-REV-0276,PHASE4-MPS-20260701125813,2026-07-06,2026-07-12,WS-FRAME-PREP,,MT-OP-010,HIGH_EXPECTED_LOSS_UNITS,MEDIUM,Potential replacement unit exposure is 1.69; MRP is not changed by this advisory output.,REVIEW_SCRAP_AND_REWORK_FAILURE_EXPOSURE,False,True
QAC-REV-0277,PHASE4-MPS-20260701125813,2026-07-06,2026-07-12,WS-FORK-SUSP,,MT-OP-020,HIGH_EXPECTED_LOSS_UNITS,MEDIUM,Potential replacement unit exposure is 1.96; MRP is not changed by this advisory output.,REVIEW_SCRAP_AND_REWORK_FAILURE_EXPOSURE,False,True
QAC-REV-0278,PHASE4-MPS-20260701125813,2026-07-06,2026-07-12,WS-WHEEL-SUB,,MT-OP-030,HIGH_EXPECTED_LOSS_UNITS,MEDIUM,Potential replacement unit exposure is 1.86; MRP is not changed by this advisory output.,REVIEW_SCRAP_AND_REWORK_FAILURE_EXPOSURE,False,True
QAC-REV-0279,PHASE4-MPS-20260701125813,2026-07-06,2026-07-12,WS-BRAKE-SUB,,MT-OP-040,HIGH_EXPECTED_LOSS_UNITS,MEDIUM,Potential replacement unit exposure is 1.31; MRP is not changed by this advisory output.,REVIEW_SCRAP_AND_REWORK_FAILURE_EXPOSURE,False,True
QAC-REV-0280,PHASE4-MPS-20260701125813,2026-07-06,2026-07-12,WS-FINAL-ASM,,MT-OP-050,HIGH_EXPECTED_LOSS_UNITS,MEDIUM,Potential replacement unit exposure is 2.62; MRP is not changed by this advisory output.,REVIEW_SCRAP_AND_REWORK_FAILURE_EXPOSURE,False,True
QAC-REV-0281,PHASE4-MPS-20260701125813,2026-07-06,2026-07-12,WS-QC,,MT-OP-060,HIGH_EXPECTED_LOSS_UNITS,MEDIUM,Potential replacement unit exposure is 1.85; MRP is not changed by this advisory output.,REVIEW_SCRAP_AND_REWORK_FAILURE_EXPOSURE,False,True
QAC-REV-0282,PHASE4-MPS-20260701125813,2026-07-06,2026-07-12,WS-PACK,,MT-OP-070,HIGH_EXPECTED_LOSS_UNITS,MEDIUM,Potential replacement unit exposure is 1.16; MRP is not changed by this advisory output.,REVIEW_SCRAP_AND_REWORK_FAILURE_EXPOSURE,False,True
QAC-REV-0283,PHASE4-MPS-20260701125813,2026-07-13,2026-07-19,WS-FRAME-PREP,,MT-OP-010,HIGH_EXPECTED_LOSS_UNITS,MEDIUM,Potential replacement unit exposure is 1.69; MRP is not changed by this advisory output.,REVIEW_SCRAP_AND_REWORK_FAILURE_EXPOSURE,False,True
QAC-REV-0284,PHASE4-MPS-20260701125813,2026-07-13,2026-07-19,WS-FORK-SUSP,,MT-OP-020,HIGH_EXPECTED_LOSS_UNITS,MEDIUM,Potential replacement unit exposure is 1.96; MRP is not changed by this advisory output.,REVIEW_SCRAP_AND_REWORK_FAILURE_EXPOSURE,False,True
QAC-REV-0285,PHASE4-MPS-20260701125813,2026-07-13,2026-07-19,WS-WHEEL-SUB,,MT-OP-030,HIGH_EXPECTED_LOSS_UNITS,MEDIUM,Potential replacement unit exposure is 1.86; MRP is not changed by this advisory output.,REVIEW_SCRAP_AND_REWORK_FAILURE_EXPOSURE,False,True
QAC-REV-0286,PHASE4-MPS-20260701125813,2026-07-13,2026-07-19,WS-BRAKE-SUB,,MT-OP-040,HIGH_EXPECTED_LOSS_UNITS,MEDIUM,Potential replacement unit exposure is 1.31; MRP is not changed by this advisory output.,REVIEW_SCRAP_AND_REWORK_FAILURE_EXPOSURE,False,True
QAC-REV-0287,PHASE4-MPS-20260701125813,2026-07-13,2026-07-19,WS-FINAL-ASM,,MT-OP-050,HIGH_EXPECTED_LOSS_UNITS,MEDIUM,Potential replacement unit exposure is 2.62; MRP is not changed by this advisory output.,REVIEW_SCRAP_AND_REWORK_FAILURE_EXPOSURE,False,True
QAC-REV-0288,PHASE4-MPS-20260701125813,2026-07-13,2026-07-19,WS-QC,,MT-OP-060,HIGH_EXPECTED_LOSS_UNITS,MEDIUM,Potential replacement unit exposure is 1.85; MRP is not changed by this advisory output.,REVIEW_SCRAP_AND_REWORK_FAILURE_EXPOSURE,False,True
QAC-REV-0289,PHASE4-MPS-20260701125813,2026-07-13,2026-07-19,WS-PACK,,MT-OP-070,HIGH_EXPECTED_LOSS_UNITS,MEDIUM,Potential replacement unit exposure is 1.16; MRP is not changed by this advisory output.,REVIEW_SCRAP_AND_REWORK_FAILURE_EXPOSURE,False,True
QAC-REV-0290,PHASE4-MPS-20260701125813,2026-07-20,2026-07-26,WS-FRAME-PREP,,MT-OP-010,HIGH_EXPECTED_LOSS_UNITS,MEDIUM,Potential replacement unit exposure is 1.69; MRP is not changed by this advisory output.,REVIEW_SCRAP_AND_REWORK_FAILURE_EXPOSURE,False,True
QAC-REV-0291,PHASE4-MPS-20260701125813,2026-07-20,2026-07-26,WS-FORK-SUSP,,MT-OP-020,HIGH_EXPECTED_LOSS_UNITS,MEDIUM,Potential replacement unit exposure is 1.96; MRP is not changed by this advisory output.,REVIEW_SCRAP_AND_REWORK_FAILURE_EXPOSURE,False,True
QAC-REV-0292,PHASE4-MPS-20260701125813,2026-07-20,2026-07-26,WS-WHEEL-SUB,,MT-OP-030,HIGH_EXPECTED_LOSS_UNITS,MEDIUM,Potential replacement unit exposure is 1.86; MRP is not changed by this advisory output.,REVIEW_SCRAP_AND_REWORK_FAILURE_EXPOSURE,False,True
QAC-REV-0293,PHASE4-MPS-20260701125813,2026-07-20,2026-07-26,WS-BRAKE-SUB,,MT-OP-040,HIGH_EXPECTED_LOSS_UNITS,MEDIUM,Potential replacement unit exposure is 1.31; MRP is not changed by this advisory output.,REVIEW_SCRAP_AND_REWORK_FAILURE_EXPOSURE,False,True
QAC-REV-0294,PHASE4-MPS-20260701125813,2026-07-20,2026-07-26,WS-FINAL-ASM,,MT-OP-050,HIGH_EXPECTED_LOSS_UNITS,MEDIUM,Potential replacement unit exposure is 2.62; MRP is not changed by this advisory output.,REVIEW_SCRAP_AND_REWORK_FAILURE_EXPOSURE,False,True
QAC-REV-0295,PHASE4-MPS-20260701125813,2026-07-20,2026-07-26,WS-QC,,MT-OP-060,HIGH_EXPECTED_LOSS_UNITS,MEDIUM,Potential replacement unit exposure is 1.85; MRP is not changed by this advisory output.,REVIEW_SCRAP_AND_REWORK_FAILURE_EXPOSURE,False,True
QAC-REV-0296,PHASE4-MPS-20260701125813,2026-07-20,2026-07-26,WS-PACK,,MT-OP-070,HIGH_EXPECTED_LOSS_UNITS,MEDIUM,Potential replacement unit exposure is 1.16; MRP is not changed by this advisory output.,REVIEW_SCRAP_AND_REWORK_FAILURE_EXPOSURE,False,True
QAC-REV-0297,PHASE4-MPS-20260701125813,2026-07-27,2026-08-02,WS-FRAME-PREP,,MT-OP-010,HIGH_EXPECTED_LOSS_UNITS,MEDIUM,Potential replacement unit exposure is 1.69; MRP is not changed by this advisory output.,REVIEW_SCRAP_AND_REWORK_FAILURE_EXPOSURE,False,True
QAC-REV-0298,PHASE4-MPS-20260701125813,2026-07-27,2026-08-02,WS-FORK-SUSP,,MT-OP-020,HIGH_EXPECTED_LOSS_UNITS,MEDIUM,Potential replacement unit exposure is 1.96; MRP is not changed by this advisory output.,REVIEW_SCRAP_AND_REWORK_FAILURE_EXPOSURE,False,True
QAC-REV-0299,PHASE4-MPS-20260701125813,2026-07-27,2026-08-02,WS-WHEEL-SUB,,MT-OP-030,HIGH_EXPECTED_LOSS_UNITS,MEDIUM,Potential replacement unit exposure is 1.86; MRP is not changed by this advisory output.,REVIEW_SCRAP_AND_REWORK_FAILURE_EXPOSURE,False,True
QAC-REV-0300,PHASE4-MPS-20260701125813,2026-07-27,2026-08-02,WS-BRAKE-SUB,,MT-OP-040,HIGH_EXPECTED_LOSS_UNITS,MEDIUM,Potential replacement unit exposure is 1.31; MRP is not changed by this advisory output.,REVIEW_SCRAP_AND_REWORK_FAILURE_EXPOSURE,False,True
QAC-REV-0301,PHASE4-MPS-20260701125813,2026-07-27,2026-08-02,WS-FINAL-ASM,,MT-OP-050,HIGH_EXPECTED_LOSS_UNITS,MEDIUM,Potential replacement unit exposure is 2.62; MRP is not changed by this advisory output.,REVIEW_SCRAP_AND_REWORK_FAILURE_EXPOSURE,False,True
QAC-REV-0302,PHASE4-MPS-20260701125813,2026-07-27,2026-08-02,WS-QC,,MT-OP-060,HIGH_EXPECTED_LOSS_UNITS,MEDIUM,Potential replacement unit exposure is 1.85; MRP is not changed by this advisory output.,REVIEW_SCRAP_AND_REWORK_FAILURE_EXPOSURE,False,True
QAC-REV-0303,PHASE4-MPS-20260701125813,2026-07-27,2026-08-02,WS-PACK,,MT-OP-070,HIGH_EXPECTED_LOSS_UNITS,MEDIUM,Potential replacement unit exposure is 1.16; MRP is not changed by this advisory output.,REVIEW_SCRAP_AND_REWORK_FAILURE_EXPOSURE,False,True
QAC-REV-0304,PHASE4-MPS-20260701125813,2026-08-03,2026-08-09,WS-FRAME-PREP,,MT-OP-010,HIGH_EXPECTED_LOSS_UNITS,MEDIUM,Potential replacement unit exposure is 1.69; MRP is not changed by this advisory output.,REVIEW_SCRAP_AND_REWORK_FAILURE_EXPOSURE,False,True
QAC-REV-0305,PHASE4-MPS-20260701125813,2026-08-03,2026-08-09,WS-FORK-SUSP,,MT-OP-020,HIGH_EXPECTED_LOSS_UNITS,MEDIUM,Potential replacement unit exposure is 1.96; MRP is not changed by this advisory output.,REVIEW_SCRAP_AND_REWORK_FAILURE_EXPOSURE,False,True
QAC-REV-0306,PHASE4-MPS-20260701125813,2026-08-03,2026-08-09,WS-WHEEL-SUB,,MT-OP-030,HIGH_EXPECTED_LOSS_UNITS,MEDIUM,Potential replacement unit exposure is 1.86; MRP is not changed by this advisory output.,REVIEW_SCRAP_AND_REWORK_FAILURE_EXPOSURE,False,True
QAC-REV-0307,PHASE4-MPS-20260701125813,2026-08-03,2026-08-09,WS-BRAKE-SUB,,MT-OP-040,HIGH_EXPECTED_LOSS_UNITS,MEDIUM,Potential replacement unit exposure is 1.31; MRP is not changed by this advisory output.,REVIEW_SCRAP_AND_REWORK_FAILURE_EXPOSURE,False,True
QAC-REV-0308,PHASE4-MPS-20260701125813,2026-08-03,2026-08-09,WS-FINAL-ASM,,MT-OP-050,HIGH_EXPECTED_LOSS_UNITS,MEDIUM,Potential replacement unit exposure is 2.62; MRP is not changed by this advisory output.,REVIEW_SCRAP_AND_REWORK_FAILURE_EXPOSURE,False,True
QAC-REV-0309,PHASE4-MPS-20260701125813,2026-08-03,2026-08-09,WS-QC,,MT-OP-060,HIGH_EXPECTED_LOSS_UNITS,MEDIUM,Potential replacement unit exposure is 1.85; MRP is not changed by this advisory output.,REVIEW_SCRAP_AND_REWORK_FAILURE_EXPOSURE,False,True
QAC-REV-0310,PHASE4-MPS-20260701125813,2026-08-03,2026-08-09,WS-PACK,,MT-OP-070,HIGH_EXPECTED_LOSS_UNITS,MEDIUM,Potential replacement unit exposure is 1.16; MRP is not changed by this advisory output.,REVIEW_SCRAP_AND_REWORK_FAILURE_EXPOSURE,False,True
QAC-REV-0311,PHASE4-MPS-20260701125813,2026-08-10,2026-08-16,WS-FRAME-PREP,,MT-OP-010,HIGH_EXPECTED_LOSS_UNITS,MEDIUM,Potential replacement unit exposure is 1.69; MRP is not changed by this advisory output.,REVIEW_SCRAP_AND_REWORK_FAILURE_EXPOSURE,False,True
QAC-REV-0312,PHASE4-MPS-20260701125813,2026-08-10,2026-08-16,WS-FORK-SUSP,,MT-OP-020,HIGH_EXPECTED_LOSS_UNITS,MEDIUM,Potential replacement unit exposure is 1.96; MRP is not changed by this advisory output.,REVIEW_SCRAP_AND_REWORK_FAILURE_EXPOSURE,False,True
QAC-REV-0313,PHASE4-MPS-20260701125813,2026-08-10,2026-08-16,WS-WHEEL-SUB,,MT-OP-030,HIGH_EXPECTED_LOSS_UNITS,MEDIUM,Potential replacement unit exposure is 1.86; MRP is not changed by this advisory output.,REVIEW_SCRAP_AND_REWORK_FAILURE_EXPOSURE,False,True
QAC-REV-0314,PHASE4-MPS-20260701125813,2026-08-10,2026-08-16,WS-BRAKE-SUB,,MT-OP-040,HIGH_EXPECTED_LOSS_UNITS,MEDIUM,Potential replacement unit exposure is 1.31; MRP is not changed by this advisory output.,REVIEW_SCRAP_AND_REWORK_FAILURE_EXPOSURE,False,True
QAC-REV-0315,PHASE4-MPS-20260701125813,2026-08-10,2026-08-16,WS-FINAL-ASM,,MT-OP-050,HIGH_EXPECTED_LOSS_UNITS,MEDIUM,Potential replacement unit exposure is 2.62; MRP is not changed by this advisory output.,REVIEW_SCRAP_AND_REWORK_FAILURE_EXPOSURE,False,True
QAC-REV-0316,PHASE4-MPS-20260701125813,2026-08-10,2026-08-16,WS-QC,,MT-OP-060,HIGH_EXPECTED_LOSS_UNITS,MEDIUM,Potential replacement unit exposure is 1.85; MRP is not changed by this advisory output.,REVIEW_SCRAP_AND_REWORK_FAILURE_EXPOSURE,False,True
QAC-REV-0317,PHASE4-MPS-20260701125813,2026-08-10,2026-08-16,WS-PACK,,MT-OP-070,HIGH_EXPECTED_LOSS_UNITS,MEDIUM,Potential replacement unit exposure is 1.16; MRP is not changed by this advisory output.,REVIEW_SCRAP_AND_REWORK_FAILURE_EXPOSURE,False,True
QAC-REV-0318,PHASE4-MPS-20260701125813,2026-08-17,2026-08-23,WS-FRAME-PREP,,MT-OP-010,HIGH_EXPECTED_LOSS_UNITS,MEDIUM,Potential replacement unit exposure is 1.69; MRP is not changed by this advisory output.,REVIEW_SCRAP_AND_REWORK_FAILURE_EXPOSURE,False,True
QAC-REV-0319,PHASE4-MPS-20260701125813,2026-08-17,2026-08-23,WS-FORK-SUSP,,MT-OP-020,HIGH_EXPECTED_LOSS_UNITS,MEDIUM,Potential replacement unit exposure is 1.96; MRP is not changed by this advisory output.,REVIEW_SCRAP_AND_REWORK_FAILURE_EXPOSURE,False,True
QAC-REV-0320,PHASE4-MPS-20260701125813,2026-08-17,2026-08-23,WS-WHEEL-SUB,,MT-OP-030,HIGH_EXPECTED_LOSS_UNITS,MEDIUM,Potential replacement unit exposure is 1.86; MRP is not changed by this advisory output.,REVIEW_SCRAP_AND_REWORK_FAILURE_EXPOSURE,False,True
QAC-REV-0321,PHASE4-MPS-20260701125813,2026-08-17,2026-08-23,WS-BRAKE-SUB,,MT-OP-040,HIGH_EXPECTED_LOSS_UNITS,MEDIUM,Potential replacement unit exposure is 1.31; MRP is not changed by this advisory output.,REVIEW_SCRAP_AND_REWORK_FAILURE_EXPOSURE,False,True
QAC-REV-0322,PHASE4-MPS-20260701125813,2026-08-17,2026-08-23,WS-FINAL-ASM,,MT-OP-050,HIGH_EXPECTED_LOSS_UNITS,MEDIUM,Potential replacement unit exposure is 2.62; MRP is not changed by this advisory output.,REVIEW_SCRAP_AND_REWORK_FAILURE_EXPOSURE,False,True
QAC-REV-0323,PHASE4-MPS-20260701125813,2026-08-17,2026-08-23,WS-QC,,MT-OP-060,HIGH_EXPECTED_LOSS_UNITS,MEDIUM,Potential replacement unit exposure is 1.85; MRP is not changed by this advisory output.,REVIEW_SCRAP_AND_REWORK_FAILURE_EXPOSURE,False,True
QAC-REV-0324,PHASE4-MPS-20260701125813,2026-08-17,2026-08-23,WS-PACK,,MT-OP-070,HIGH_EXPECTED_LOSS_UNITS,MEDIUM,Potential replacement unit exposure is 1.16; MRP is not changed by this advisory output.,REVIEW_SCRAP_AND_REWORK_FAILURE_EXPOSURE,False,True
QAC-REV-0325,PHASE4-MPS-20260701125813,2026-08-24,2026-08-30,WS-FRAME-PREP,,MT-OP-010,HIGH_EXPECTED_LOSS_UNITS,MEDIUM,Potential replacement unit exposure is 1.69; MRP is not changed by this advisory output.,REVIEW_SCRAP_AND_REWORK_FAILURE_EXPOSURE,False,True
QAC-REV-0326,PHASE4-MPS-20260701125813,2026-08-24,2026-08-30,WS-FORK-SUSP,,MT-OP-020,HIGH_EXPECTED_LOSS_UNITS,MEDIUM,Potential replacement unit exposure is 1.96; MRP is not changed by this advisory output.,REVIEW_SCRAP_AND_REWORK_FAILURE_EXPOSURE,False,True
QAC-REV-0327,PHASE4-MPS-20260701125813,2026-08-24,2026-08-30,WS-WHEEL-SUB,,MT-OP-030,HIGH_EXPECTED_LOSS_UNITS,MEDIUM,Potential replacement unit exposure is 1.86; MRP is not changed by this advisory output.,REVIEW_SCRAP_AND_REWORK_FAILURE_EXPOSURE,False,True
QAC-REV-0328,PHASE4-MPS-20260701125813,2026-08-24,2026-08-30,WS-BRAKE-SUB,,MT-OP-040,HIGH_EXPECTED_LOSS_UNITS,MEDIUM,Potential replacement unit exposure is 1.31; MRP is not changed by this advisory output.,REVIEW_SCRAP_AND_REWORK_FAILURE_EXPOSURE,False,True
QAC-REV-0329,PHASE4-MPS-20260701125813,2026-08-24,2026-08-30,WS-FINAL-ASM,,MT-OP-050,HIGH_EXPECTED_LOSS_UNITS,MEDIUM,Potential replacement unit exposure is 2.62; MRP is not changed by this advisory output.,REVIEW_SCRAP_AND_REWORK_FAILURE_EXPOSURE,False,True
QAC-REV-0330,PHASE4-MPS-20260701125813,2026-08-24,2026-08-30,WS-QC,,MT-OP-060,HIGH_EXPECTED_LOSS_UNITS,MEDIUM,Potential replacement unit exposure is 1.85; MRP is not changed by this advisory output.,REVIEW_SCRAP_AND_REWORK_FAILURE_EXPOSURE,False,True
QAC-REV-0331,PHASE4-MPS-20260701125813,2026-08-24,2026-08-30,WS-PACK,,MT-OP-070,HIGH_EXPECTED_LOSS_UNITS,MEDIUM,Potential replacement unit exposure is 1.16; MRP is not changed by this advisory output.,REVIEW_SCRAP_AND_REWORK_FAILURE_EXPOSURE,False,True
QAC-REV-0332,PHASE4-MPS-20260701125813,2026-08-31,2026-09-06,WS-FRAME-PREP,,MT-OP-010,HIGH_EXPECTED_LOSS_UNITS,MEDIUM,Potential replacement unit exposure is 1.69; MRP is not changed by this advisory output.,REVIEW_SCRAP_AND_REWORK_FAILURE_EXPOSURE,False,True
QAC-REV-0333,PHASE4-MPS-20260701125813,2026-08-31,2026-09-06,WS-FORK-SUSP,,MT-OP-020,HIGH_EXPECTED_LOSS_UNITS,MEDIUM,Potential replacement unit exposure is 1.96; MRP is not changed by this advisory output.,REVIEW_SCRAP_AND_REWORK_FAILURE_EXPOSURE,False,True
QAC-REV-0334,PHASE4-MPS-20260701125813,2026-08-31,2026-09-06,WS-WHEEL-SUB,,MT-OP-030,HIGH_EXPECTED_LOSS_UNITS,MEDIUM,Potential replacement unit exposure is 1.86; MRP is not changed by this advisory output.,REVIEW_SCRAP_AND_REWORK_FAILURE_EXPOSURE,False,True
QAC-REV-0335,PHASE4-MPS-20260701125813,2026-08-31,2026-09-06,WS-BRAKE-SUB,,MT-OP-040,HIGH_EXPECTED_LOSS_UNITS,MEDIUM,Potential replacement unit exposure is 1.31; MRP is not changed by this advisory output.,REVIEW_SCRAP_AND_REWORK_FAILURE_EXPOSURE,False,True
QAC-REV-0336,PHASE4-MPS-20260701125813,2026-08-31,2026-09-06,WS-FINAL-ASM,,MT-OP-050,HIGH_EXPECTED_LOSS_UNITS,MEDIUM,Potential replacement unit exposure is 2.62; MRP is not changed by this advisory output.,REVIEW_SCRAP_AND_REWORK_FAILURE_EXPOSURE,False,True
QAC-REV-0337,PHASE4-MPS-20260701125813,2026-08-31,2026-09-06,WS-QC,,MT-OP-060,HIGH_EXPECTED_LOSS_UNITS,MEDIUM,Potential replacement unit exposure is 1.85; MRP is not changed by this advisory output.,REVIEW_SCRAP_AND_REWORK_FAILURE_EXPOSURE,False,True
QAC-REV-0338,PHASE4-MPS-20260701125813,2026-08-31,2026-09-06,WS-PACK,,MT-OP-070,HIGH_EXPECTED_LOSS_UNITS,MEDIUM,Potential replacement unit exposure is 1.16; MRP is not changed by this advisory output.,REVIEW_SCRAP_AND_REWORK_FAILURE_EXPOSURE,False,True
QAC-REV-0339,PHASE4-MPS-20260701125813,2026-09-07,2026-09-13,WS-FRAME-PREP,,MT-OP-010,HIGH_EXPECTED_LOSS_UNITS,MEDIUM,Potential replacement unit exposure is 1.69; MRP is not changed by this advisory output.,REVIEW_SCRAP_AND_REWORK_FAILURE_EXPOSURE,False,True
QAC-REV-0340,PHASE4-MPS-20260701125813,2026-09-07,2026-09-13,WS-FORK-SUSP,,MT-OP-020,HIGH_EXPECTED_LOSS_UNITS,MEDIUM,Potential replacement unit exposure is 1.96; MRP is not changed by this advisory output.,REVIEW_SCRAP_AND_REWORK_FAILURE_EXPOSURE,False,True
QAC-REV-0341,PHASE4-MPS-20260701125813,2026-09-07,2026-09-13,WS-WHEEL-SUB,,MT-OP-030,HIGH_EXPECTED_LOSS_UNITS,MEDIUM,Potential replacement unit exposure is 1.86; MRP is not changed by this advisory output.,REVIEW_SCRAP_AND_REWORK_FAILURE_EXPOSURE,False,True
QAC-REV-0342,PHASE4-MPS-20260701125813,2026-09-07,2026-09-13,WS-BRAKE-SUB,,MT-OP-040,HIGH_EXPECTED_LOSS_UNITS,MEDIUM,Potential replacement unit exposure is 1.31; MRP is not changed by this advisory output.,REVIEW_SCRAP_AND_REWORK_FAILURE_EXPOSURE,False,True
QAC-REV-0343,PHASE4-MPS-20260701125813,2026-09-07,2026-09-13,WS-FINAL-ASM,,MT-OP-050,HIGH_EXPECTED_LOSS_UNITS,MEDIUM,Potential replacement unit exposure is 2.62; MRP is not changed by this advisory output.,REVIEW_SCRAP_AND_REWORK_FAILURE_EXPOSURE,False,True
QAC-REV-0344,PHASE4-MPS-20260701125813,2026-09-07,2026-09-13,WS-QC,,MT-OP-060,HIGH_EXPECTED_LOSS_UNITS,MEDIUM,Potential replacement unit exposure is 1.85; MRP is not changed by this advisory output.,REVIEW_SCRAP_AND_REWORK_FAILURE_EXPOSURE,False,True
QAC-REV-0345,PHASE4-MPS-20260701125813,2026-09-07,2026-09-13,WS-PACK,,MT-OP-070,HIGH_EXPECTED_LOSS_UNITS,MEDIUM,Potential replacement unit exposure is 1.16; MRP is not changed by this advisory output.,REVIEW_SCRAP_AND_REWORK_FAILURE_EXPOSURE,False,True
QAC-REV-0346,PHASE4-MPS-20260701125813,2026-09-14,2026-09-20,WS-FRAME-PREP,,MT-OP-010,HIGH_EXPECTED_LOSS_UNITS,MEDIUM,Potential replacement unit exposure is 1.69; MRP is not changed by this advisory output.,REVIEW_SCRAP_AND_REWORK_FAILURE_EXPOSURE,False,True
QAC-REV-0347,PHASE4-MPS-20260701125813,2026-09-14,2026-09-20,WS-FORK-SUSP,,MT-OP-020,HIGH_EXPECTED_LOSS_UNITS,MEDIUM,Potential replacement unit exposure is 1.96; MRP is not changed by this advisory output.,REVIEW_SCRAP_AND_REWORK_FAILURE_EXPOSURE,False,True
QAC-REV-0348,PHASE4-MPS-20260701125813,2026-09-14,2026-09-20,WS-WHEEL-SUB,,MT-OP-030,HIGH_EXPECTED_LOSS_UNITS,MEDIUM,Potential replacement unit exposure is 1.86; MRP is not changed by this advisory output.,REVIEW_SCRAP_AND_REWORK_FAILURE_EXPOSURE,False,True
QAC-REV-0349,PHASE4-MPS-20260701125813,2026-09-14,2026-09-20,WS-BRAKE-SUB,,MT-OP-040,HIGH_EXPECTED_LOSS_UNITS,MEDIUM,Potential replacement unit exposure is 1.31; MRP is not changed by this advisory output.,REVIEW_SCRAP_AND_REWORK_FAILURE_EXPOSURE,False,True
QAC-REV-0350,PHASE4-MPS-20260701125813,2026-09-14,2026-09-20,WS-FINAL-ASM,,MT-OP-050,HIGH_EXPECTED_LOSS_UNITS,MEDIUM,Potential replacement unit exposure is 2.62; MRP is not changed by this advisory output.,REVIEW_SCRAP_AND_REWORK_FAILURE_EXPOSURE,False,True
QAC-REV-0351,PHASE4-MPS-20260701125813,2026-09-14,2026-09-20,WS-QC,,MT-OP-060,HIGH_EXPECTED_LOSS_UNITS,MEDIUM,Potential replacement unit exposure is 1.85; MRP is not changed by this advisory output.,REVIEW_SCRAP_AND_REWORK_FAILURE_EXPOSURE,False,True
QAC-REV-0352,PHASE4-MPS-20260701125813,2026-09-14,2026-09-20,WS-PACK,,MT-OP-070,HIGH_EXPECTED_LOSS_UNITS,MEDIUM,Potential replacement unit exposure is 1.16; MRP is not changed by this advisory output.,REVIEW_SCRAP_AND_REWORK_FAILURE_EXPOSURE,False,True
QAC-REV-0353,PHASE4-MPS-20260701125813,2026-09-21,2026-09-27,WS-FRAME-PREP,,MT-OP-010,HIGH_EXPECTED_LOSS_UNITS,MEDIUM,Potential replacement unit exposure is 1.69; MRP is not changed by this advisory output.,REVIEW_SCRAP_AND_REWORK_FAILURE_EXPOSURE,False,True
QAC-REV-0354,PHASE4-MPS-20260701125813,2026-09-21,2026-09-27,WS-FORK-SUSP,,MT-OP-020,HIGH_EXPECTED_LOSS_UNITS,MEDIUM,Potential replacement unit exposure is 1.96; MRP is not changed by this advisory output.,REVIEW_SCRAP_AND_REWORK_FAILURE_EXPOSURE,False,True
QAC-REV-0355,PHASE4-MPS-20260701125813,2026-09-21,2026-09-27,WS-WHEEL-SUB,,MT-OP-030,HIGH_EXPECTED_LOSS_UNITS,MEDIUM,Potential replacement unit exposure is 1.86; MRP is not changed by this advisory output.,REVIEW_SCRAP_AND_REWORK_FAILURE_EXPOSURE,False,True
QAC-REV-0356,PHASE4-MPS-20260701125813,2026-09-21,2026-09-27,WS-BRAKE-SUB,,MT-OP-040,HIGH_EXPECTED_LOSS_UNITS,MEDIUM,Potential replacement unit exposure is 1.31; MRP is not changed by this advisory output.,REVIEW_SCRAP_AND_REWORK_FAILURE_EXPOSURE,False,True
QAC-REV-0357,PHASE4-MPS-20260701125813,2026-09-21,2026-09-27,WS-FINAL-ASM,,MT-OP-050,HIGH_EXPECTED_LOSS_UNITS,MEDIUM,Potential replacement unit exposure is 2.62; MRP is not changed by this advisory output.,REVIEW_SCRAP_AND_REWORK_FAILURE_EXPOSURE,False,True
QAC-REV-0358,PHASE4-MPS-20260701125813,2026-09-21,2026-09-27,WS-QC,,MT-OP-060,HIGH_EXPECTED_LOSS_UNITS,MEDIUM,Potential replacement unit exposure is 1.85; MRP is not changed by this advisory output.,REVIEW_SCRAP_AND_REWORK_FAILURE_EXPOSURE,False,True
QAC-REV-0359,PHASE4-MPS-20260701125813,2026-09-21,2026-09-27,WS-PACK,,MT-OP-070,HIGH_EXPECTED_LOSS_UNITS,MEDIUM,Potential replacement unit exposure is 1.16; MRP is not changed by this advisory output.,REVIEW_SCRAP_AND_REWORK_FAILURE_EXPOSURE,False,True
QAC-REV-0360,PHASE4-MPS-20260701125813,2026-06-29,2026-07-05,WS-FRAME-PREP,,ROAD-OP-010,HIGH_EXPECTED_LOSS_UNITS,MEDIUM,Potential replacement unit exposure is 0.90; MRP is not changed by this advisory output.,REVIEW_SCRAP_AND_REWORK_FAILURE_EXPOSURE,False,True
QAC-REV-0361,PHASE4-MPS-20260701125813,2026-06-29,2026-07-05,WS-WHEEL-SUB,,ROAD-OP-020,HIGH_EXPECTED_LOSS_UNITS,MEDIUM,Potential replacement unit exposure is 1.24; MRP is not changed by this advisory output.,REVIEW_SCRAP_AND_REWORK_FAILURE_EXPOSURE,False,True
QAC-REV-0362,PHASE4-MPS-20260701125813,2026-06-29,2026-07-05,WS-BRAKE-SUB,,ROAD-OP-030,HIGH_EXPECTED_LOSS_UNITS,MEDIUM,Potential replacement unit exposure is 0.65; MRP is not changed by this advisory output.,REVIEW_SCRAP_AND_REWORK_FAILURE_EXPOSURE,False,True
QAC-REV-0363,PHASE4-MPS-20260701125813,2026-06-29,2026-07-05,WS-FINAL-ASM,,ROAD-OP-040,HIGH_EXPECTED_LOSS_UNITS,MEDIUM,Potential replacement unit exposure is 1.43; MRP is not changed by this advisory output.,REVIEW_SCRAP_AND_REWORK_FAILURE_EXPOSURE,False,True
QAC-REV-0364,PHASE4-MPS-20260701125813,2026-06-29,2026-07-05,WS-QC,,ROAD-OP-050,HIGH_EXPECTED_LOSS_UNITS,MEDIUM,Potential replacement unit exposure is 1.00; MRP is not changed by this advisory output.,REVIEW_SCRAP_AND_REWORK_FAILURE_EXPOSURE,False,True
QAC-REV-0365,PHASE4-MPS-20260701125813,2026-06-29,2026-07-05,WS-PACK,,ROAD-OP-060,HIGH_EXPECTED_LOSS_UNITS,MEDIUM,Potential replacement unit exposure is 0.82; MRP is not changed by this advisory output.,REVIEW_SCRAP_AND_REWORK_FAILURE_EXPOSURE,False,True
QAC-REV-0366,PHASE4-MPS-20260701125813,2026-07-06,2026-07-12,WS-FRAME-PREP,,ROAD-OP-010,HIGH_EXPECTED_LOSS_UNITS,MEDIUM,Potential replacement unit exposure is 1.64; MRP is not changed by this advisory output.,REVIEW_SCRAP_AND_REWORK_FAILURE_EXPOSURE,False,True
QAC-REV-0367,PHASE4-MPS-20260701125813,2026-07-06,2026-07-12,WS-WHEEL-SUB,,ROAD-OP-020,HIGH_EXPECTED_LOSS_UNITS,MEDIUM,Potential replacement unit exposure is 2.28; MRP is not changed by this advisory output.,REVIEW_SCRAP_AND_REWORK_FAILURE_EXPOSURE,False,True
QAC-REV-0368,PHASE4-MPS-20260701125813,2026-07-06,2026-07-12,WS-BRAKE-SUB,,ROAD-OP-030,HIGH_EXPECTED_LOSS_UNITS,MEDIUM,Potential replacement unit exposure is 1.19; MRP is not changed by this advisory output.,REVIEW_SCRAP_AND_REWORK_FAILURE_EXPOSURE,False,True
QAC-REV-0369,PHASE4-MPS-20260701125813,2026-07-06,2026-07-12,WS-FINAL-ASM,,ROAD-OP-040,HIGH_EXPECTED_LOSS_UNITS,MEDIUM,Potential replacement unit exposure is 2.61; MRP is not changed by this advisory output.,REVIEW_SCRAP_AND_REWORK_FAILURE_EXPOSURE,False,True
QAC-REV-0370,PHASE4-MPS-20260701125813,2026-07-06,2026-07-12,WS-QC,,ROAD-OP-050,HIGH_EXPECTED_LOSS_UNITS,MEDIUM,Potential replacement unit exposure is 1.83; MRP is not changed by this advisory output.,REVIEW_SCRAP_AND_REWORK_FAILURE_EXPOSURE,False,True
QAC-REV-0371,PHASE4-MPS-20260701125813,2026-07-06,2026-07-12,WS-PACK,,ROAD-OP-060,HIGH_EXPECTED_LOSS_UNITS,MEDIUM,Potential replacement unit exposure is 1.50; MRP is not changed by this advisory output.,REVIEW_SCRAP_AND_REWORK_FAILURE_EXPOSURE,False,True
QAC-REV-0372,PHASE4-MPS-20260701125813,2026-07-13,2026-07-19,WS-FRAME-PREP,,ROAD-OP-010,HIGH_EXPECTED_LOSS_UNITS,MEDIUM,Potential replacement unit exposure is 1.65; MRP is not changed by this advisory output.,REVIEW_SCRAP_AND_REWORK_FAILURE_EXPOSURE,False,True
QAC-REV-0373,PHASE4-MPS-20260701125813,2026-07-13,2026-07-19,WS-WHEEL-SUB,,ROAD-OP-020,HIGH_EXPECTED_LOSS_UNITS,MEDIUM,Potential replacement unit exposure is 2.29; MRP is not changed by this advisory output.,REVIEW_SCRAP_AND_REWORK_FAILURE_EXPOSURE,False,True
QAC-REV-0374,PHASE4-MPS-20260701125813,2026-07-13,2026-07-19,WS-BRAKE-SUB,,ROAD-OP-030,HIGH_EXPECTED_LOSS_UNITS,MEDIUM,Potential replacement unit exposure is 1.19; MRP is not changed by this advisory output.,REVIEW_SCRAP_AND_REWORK_FAILURE_EXPOSURE,False,True
QAC-REV-0375,PHASE4-MPS-20260701125813,2026-07-13,2026-07-19,WS-FINAL-ASM,,ROAD-OP-040,HIGH_EXPECTED_LOSS_UNITS,MEDIUM,Potential replacement unit exposure is 2.62; MRP is not changed by this advisory output.,REVIEW_SCRAP_AND_REWORK_FAILURE_EXPOSURE,False,True
QAC-REV-0376,PHASE4-MPS-20260701125813,2026-07-13,2026-07-19,WS-QC,,ROAD-OP-050,HIGH_EXPECTED_LOSS_UNITS,MEDIUM,Potential replacement unit exposure is 1.84; MRP is not changed by this advisory output.,REVIEW_SCRAP_AND_REWORK_FAILURE_EXPOSURE,False,True
QAC-REV-0377,PHASE4-MPS-20260701125813,2026-07-13,2026-07-19,WS-PACK,,ROAD-OP-060,HIGH_EXPECTED_LOSS_UNITS,MEDIUM,Potential replacement unit exposure is 1.50; MRP is not changed by this advisory output.,REVIEW_SCRAP_AND_REWORK_FAILURE_EXPOSURE,False,True
QAC-REV-0378,PHASE4-MPS-20260701125813,2026-07-20,2026-07-26,WS-FRAME-PREP,,ROAD-OP-010,HIGH_EXPECTED_LOSS_UNITS,MEDIUM,Potential replacement unit exposure is 1.65; MRP is not changed by this advisory output.,REVIEW_SCRAP_AND_REWORK_FAILURE_EXPOSURE,False,True
QAC-REV-0379,PHASE4-MPS-20260701125813,2026-07-20,2026-07-26,WS-WHEEL-SUB,,ROAD-OP-020,HIGH_EXPECTED_LOSS_UNITS,MEDIUM,Potential replacement unit exposure is 2.29; MRP is not changed by this advisory output.,REVIEW_SCRAP_AND_REWORK_FAILURE_EXPOSURE,False,True
QAC-REV-0380,PHASE4-MPS-20260701125813,2026-07-20,2026-07-26,WS-BRAKE-SUB,,ROAD-OP-030,HIGH_EXPECTED_LOSS_UNITS,MEDIUM,Potential replacement unit exposure is 1.19; MRP is not changed by this advisory output.,REVIEW_SCRAP_AND_REWORK_FAILURE_EXPOSURE,False,True
QAC-REV-0381,PHASE4-MPS-20260701125813,2026-07-20,2026-07-26,WS-FINAL-ASM,,ROAD-OP-040,HIGH_EXPECTED_LOSS_UNITS,MEDIUM,Potential replacement unit exposure is 2.62; MRP is not changed by this advisory output.,REVIEW_SCRAP_AND_REWORK_FAILURE_EXPOSURE,False,True
QAC-REV-0382,PHASE4-MPS-20260701125813,2026-07-20,2026-07-26,WS-QC,,ROAD-OP-050,HIGH_EXPECTED_LOSS_UNITS,MEDIUM,Potential replacement unit exposure is 1.84; MRP is not changed by this advisory output.,REVIEW_SCRAP_AND_REWORK_FAILURE_EXPOSURE,False,True
QAC-REV-0383,PHASE4-MPS-20260701125813,2026-07-20,2026-07-26,WS-PACK,,ROAD-OP-060,HIGH_EXPECTED_LOSS_UNITS,MEDIUM,Potential replacement unit exposure is 1.50; MRP is not changed by this advisory output.,REVIEW_SCRAP_AND_REWORK_FAILURE_EXPOSURE,False,True
QAC-REV-0384,PHASE4-MPS-20260701125813,2026-07-27,2026-08-02,WS-FRAME-PREP,,ROAD-OP-010,HIGH_EXPECTED_LOSS_UNITS,MEDIUM,Potential replacement unit exposure is 1.65; MRP is not changed by this advisory output.,REVIEW_SCRAP_AND_REWORK_FAILURE_EXPOSURE,False,True
QAC-REV-0385,PHASE4-MPS-20260701125813,2026-07-27,2026-08-02,WS-WHEEL-SUB,,ROAD-OP-020,HIGH_EXPECTED_LOSS_UNITS,MEDIUM,Potential replacement unit exposure is 2.29; MRP is not changed by this advisory output.,REVIEW_SCRAP_AND_REWORK_FAILURE_EXPOSURE,False,True
QAC-REV-0386,PHASE4-MPS-20260701125813,2026-07-27,2026-08-02,WS-BRAKE-SUB,,ROAD-OP-030,HIGH_EXPECTED_LOSS_UNITS,MEDIUM,Potential replacement unit exposure is 1.19; MRP is not changed by this advisory output.,REVIEW_SCRAP_AND_REWORK_FAILURE_EXPOSURE,False,True
QAC-REV-0387,PHASE4-MPS-20260701125813,2026-07-27,2026-08-02,WS-FINAL-ASM,,ROAD-OP-040,HIGH_EXPECTED_LOSS_UNITS,MEDIUM,Potential replacement unit exposure is 2.62; MRP is not changed by this advisory output.,REVIEW_SCRAP_AND_REWORK_FAILURE_EXPOSURE,False,True
QAC-REV-0388,PHASE4-MPS-20260701125813,2026-07-27,2026-08-02,WS-QC,,ROAD-OP-050,HIGH_EXPECTED_LOSS_UNITS,MEDIUM,Potential replacement unit exposure is 1.84; MRP is not changed by this advisory output.,REVIEW_SCRAP_AND_REWORK_FAILURE_EXPOSURE,False,True
QAC-REV-0389,PHASE4-MPS-20260701125813,2026-07-27,2026-08-02,WS-PACK,,ROAD-OP-060,HIGH_EXPECTED_LOSS_UNITS,MEDIUM,Potential replacement unit exposure is 1.50; MRP is not changed by this advisory output.,REVIEW_SCRAP_AND_REWORK_FAILURE_EXPOSURE,False,True
QAC-REV-0390,PHASE4-MPS-20260701125813,2026-08-03,2026-08-09,WS-FRAME-PREP,,ROAD-OP-010,HIGH_EXPECTED_LOSS_UNITS,MEDIUM,Potential replacement unit exposure is 1.65; MRP is not changed by this advisory output.,REVIEW_SCRAP_AND_REWORK_FAILURE_EXPOSURE,False,True
QAC-REV-0391,PHASE4-MPS-20260701125813,2026-08-03,2026-08-09,WS-WHEEL-SUB,,ROAD-OP-020,HIGH_EXPECTED_LOSS_UNITS,MEDIUM,Potential replacement unit exposure is 2.29; MRP is not changed by this advisory output.,REVIEW_SCRAP_AND_REWORK_FAILURE_EXPOSURE,False,True
QAC-REV-0392,PHASE4-MPS-20260701125813,2026-08-03,2026-08-09,WS-BRAKE-SUB,,ROAD-OP-030,HIGH_EXPECTED_LOSS_UNITS,MEDIUM,Potential replacement unit exposure is 1.19; MRP is not changed by this advisory output.,REVIEW_SCRAP_AND_REWORK_FAILURE_EXPOSURE,False,True
QAC-REV-0393,PHASE4-MPS-20260701125813,2026-08-03,2026-08-09,WS-FINAL-ASM,,ROAD-OP-040,HIGH_EXPECTED_LOSS_UNITS,MEDIUM,Potential replacement unit exposure is 2.62; MRP is not changed by this advisory output.,REVIEW_SCRAP_AND_REWORK_FAILURE_EXPOSURE,False,True
QAC-REV-0394,PHASE4-MPS-20260701125813,2026-08-03,2026-08-09,WS-QC,,ROAD-OP-050,HIGH_EXPECTED_LOSS_UNITS,MEDIUM,Potential replacement unit exposure is 1.84; MRP is not changed by this advisory output.,REVIEW_SCRAP_AND_REWORK_FAILURE_EXPOSURE,False,True
QAC-REV-0395,PHASE4-MPS-20260701125813,2026-08-03,2026-08-09,WS-PACK,,ROAD-OP-060,HIGH_EXPECTED_LOSS_UNITS,MEDIUM,Potential replacement unit exposure is 1.50; MRP is not changed by this advisory output.,REVIEW_SCRAP_AND_REWORK_FAILURE_EXPOSURE,False,True
QAC-REV-0396,PHASE4-MPS-20260701125813,2026-08-10,2026-08-16,WS-FRAME-PREP,,ROAD-OP-010,HIGH_EXPECTED_LOSS_UNITS,MEDIUM,Potential replacement unit exposure is 1.65; MRP is not changed by this advisory output.,REVIEW_SCRAP_AND_REWORK_FAILURE_EXPOSURE,False,True
QAC-REV-0397,PHASE4-MPS-20260701125813,2026-08-10,2026-08-16,WS-WHEEL-SUB,,ROAD-OP-020,HIGH_EXPECTED_LOSS_UNITS,MEDIUM,Potential replacement unit exposure is 2.29; MRP is not changed by this advisory output.,REVIEW_SCRAP_AND_REWORK_FAILURE_EXPOSURE,False,True
QAC-REV-0398,PHASE4-MPS-20260701125813,2026-08-10,2026-08-16,WS-BRAKE-SUB,,ROAD-OP-030,HIGH_EXPECTED_LOSS_UNITS,MEDIUM,Potential replacement unit exposure is 1.19; MRP is not changed by this advisory output.,REVIEW_SCRAP_AND_REWORK_FAILURE_EXPOSURE,False,True
QAC-REV-0399,PHASE4-MPS-20260701125813,2026-08-10,2026-08-16,WS-FINAL-ASM,,ROAD-OP-040,HIGH_EXPECTED_LOSS_UNITS,MEDIUM,Potential replacement unit exposure is 2.62; MRP is not changed by this advisory output.,REVIEW_SCRAP_AND_REWORK_FAILURE_EXPOSURE,False,True
QAC-REV-0400,PHASE4-MPS-20260701125813,2026-08-10,2026-08-16,WS-QC,,ROAD-OP-050,HIGH_EXPECTED_LOSS_UNITS,MEDIUM,Potential replacement unit exposure is 1.84; MRP is not changed by this advisory output.,REVIEW_SCRAP_AND_REWORK_FAILURE_EXPOSURE,False,True
QAC-REV-0401,PHASE4-MPS-20260701125813,2026-08-10,2026-08-16,WS-PACK,,ROAD-OP-060,HIGH_EXPECTED_LOSS_UNITS,MEDIUM,Potential replacement unit exposure is 1.50; MRP is not changed by this advisory output.,REVIEW_SCRAP_AND_REWORK_FAILURE_EXPOSURE,False,True
QAC-REV-0402,PHASE4-MPS-20260701125813,2026-08-17,2026-08-23,WS-FRAME-PREP,,ROAD-OP-010,HIGH_EXPECTED_LOSS_UNITS,MEDIUM,Potential replacement unit exposure is 1.65; MRP is not changed by this advisory output.,REVIEW_SCRAP_AND_REWORK_FAILURE_EXPOSURE,False,True
QAC-REV-0403,PHASE4-MPS-20260701125813,2026-08-17,2026-08-23,WS-WHEEL-SUB,,ROAD-OP-020,HIGH_EXPECTED_LOSS_UNITS,MEDIUM,Potential replacement unit exposure is 2.29; MRP is not changed by this advisory output.,REVIEW_SCRAP_AND_REWORK_FAILURE_EXPOSURE,False,True
QAC-REV-0404,PHASE4-MPS-20260701125813,2026-08-17,2026-08-23,WS-BRAKE-SUB,,ROAD-OP-030,HIGH_EXPECTED_LOSS_UNITS,MEDIUM,Potential replacement unit exposure is 1.19; MRP is not changed by this advisory output.,REVIEW_SCRAP_AND_REWORK_FAILURE_EXPOSURE,False,True
QAC-REV-0405,PHASE4-MPS-20260701125813,2026-08-17,2026-08-23,WS-FINAL-ASM,,ROAD-OP-040,HIGH_EXPECTED_LOSS_UNITS,MEDIUM,Potential replacement unit exposure is 2.62; MRP is not changed by this advisory output.,REVIEW_SCRAP_AND_REWORK_FAILURE_EXPOSURE,False,True
QAC-REV-0406,PHASE4-MPS-20260701125813,2026-08-17,2026-08-23,WS-QC,,ROAD-OP-050,HIGH_EXPECTED_LOSS_UNITS,MEDIUM,Potential replacement unit exposure is 1.84; MRP is not changed by this advisory output.,REVIEW_SCRAP_AND_REWORK_FAILURE_EXPOSURE,False,True
QAC-REV-0407,PHASE4-MPS-20260701125813,2026-08-17,2026-08-23,WS-PACK,,ROAD-OP-060,HIGH_EXPECTED_LOSS_UNITS,MEDIUM,Potential replacement unit exposure is 1.50; MRP is not changed by this advisory output.,REVIEW_SCRAP_AND_REWORK_FAILURE_EXPOSURE,False,True
QAC-REV-0408,PHASE4-MPS-20260701125813,2026-08-24,2026-08-30,WS-FRAME-PREP,,ROAD-OP-010,HIGH_EXPECTED_LOSS_UNITS,MEDIUM,Potential replacement unit exposure is 1.65; MRP is not changed by this advisory output.,REVIEW_SCRAP_AND_REWORK_FAILURE_EXPOSURE,False,True
QAC-REV-0409,PHASE4-MPS-20260701125813,2026-08-24,2026-08-30,WS-WHEEL-SUB,,ROAD-OP-020,HIGH_EXPECTED_LOSS_UNITS,MEDIUM,Potential replacement unit exposure is 2.29; MRP is not changed by this advisory output.,REVIEW_SCRAP_AND_REWORK_FAILURE_EXPOSURE,False,True
QAC-REV-0410,PHASE4-MPS-20260701125813,2026-08-24,2026-08-30,WS-BRAKE-SUB,,ROAD-OP-030,HIGH_EXPECTED_LOSS_UNITS,MEDIUM,Potential replacement unit exposure is 1.19; MRP is not changed by this advisory output.,REVIEW_SCRAP_AND_REWORK_FAILURE_EXPOSURE,False,True
QAC-REV-0411,PHASE4-MPS-20260701125813,2026-08-24,2026-08-30,WS-FINAL-ASM,,ROAD-OP-040,HIGH_EXPECTED_LOSS_UNITS,MEDIUM,Potential replacement unit exposure is 2.62; MRP is not changed by this advisory output.,REVIEW_SCRAP_AND_REWORK_FAILURE_EXPOSURE,False,True
QAC-REV-0412,PHASE4-MPS-20260701125813,2026-08-24,2026-08-30,WS-QC,,ROAD-OP-050,HIGH_EXPECTED_LOSS_UNITS,MEDIUM,Potential replacement unit exposure is 1.84; MRP is not changed by this advisory output.,REVIEW_SCRAP_AND_REWORK_FAILURE_EXPOSURE,False,True
QAC-REV-0413,PHASE4-MPS-20260701125813,2026-08-24,2026-08-30,WS-PACK,,ROAD-OP-060,HIGH_EXPECTED_LOSS_UNITS,MEDIUM,Potential replacement unit exposure is 1.50; MRP is not changed by this advisory output.,REVIEW_SCRAP_AND_REWORK_FAILURE_EXPOSURE,False,True
QAC-REV-0414,PHASE4-MPS-20260701125813,2026-08-31,2026-09-06,WS-FRAME-PREP,,ROAD-OP-010,HIGH_EXPECTED_LOSS_UNITS,MEDIUM,Potential replacement unit exposure is 1.65; MRP is not changed by this advisory output.,REVIEW_SCRAP_AND_REWORK_FAILURE_EXPOSURE,False,True
QAC-REV-0415,PHASE4-MPS-20260701125813,2026-08-31,2026-09-06,WS-WHEEL-SUB,,ROAD-OP-020,HIGH_EXPECTED_LOSS_UNITS,MEDIUM,Potential replacement unit exposure is 2.29; MRP is not changed by this advisory output.,REVIEW_SCRAP_AND_REWORK_FAILURE_EXPOSURE,False,True
QAC-REV-0416,PHASE4-MPS-20260701125813,2026-08-31,2026-09-06,WS-BRAKE-SUB,,ROAD-OP-030,HIGH_EXPECTED_LOSS_UNITS,MEDIUM,Potential replacement unit exposure is 1.19; MRP is not changed by this advisory output.,REVIEW_SCRAP_AND_REWORK_FAILURE_EXPOSURE,False,True
QAC-REV-0417,PHASE4-MPS-20260701125813,2026-08-31,2026-09-06,WS-FINAL-ASM,,ROAD-OP-040,HIGH_EXPECTED_LOSS_UNITS,MEDIUM,Potential replacement unit exposure is 2.62; MRP is not changed by this advisory output.,REVIEW_SCRAP_AND_REWORK_FAILURE_EXPOSURE,False,True
QAC-REV-0418,PHASE4-MPS-20260701125813,2026-08-31,2026-09-06,WS-QC,,ROAD-OP-050,HIGH_EXPECTED_LOSS_UNITS,MEDIUM,Potential replacement unit exposure is 1.84; MRP is not changed by this advisory output.,REVIEW_SCRAP_AND_REWORK_FAILURE_EXPOSURE,False,True
QAC-REV-0419,PHASE4-MPS-20260701125813,2026-08-31,2026-09-06,WS-PACK,,ROAD-OP-060,HIGH_EXPECTED_LOSS_UNITS,MEDIUM,Potential replacement unit exposure is 1.50; MRP is not changed by this advisory output.,REVIEW_SCRAP_AND_REWORK_FAILURE_EXPOSURE,False,True
QAC-REV-0420,PHASE4-MPS-20260701125813,2026-09-07,2026-09-13,WS-FRAME-PREP,,ROAD-OP-010,HIGH_EXPECTED_LOSS_UNITS,MEDIUM,Potential replacement unit exposure is 1.65; MRP is not changed by this advisory output.,REVIEW_SCRAP_AND_REWORK_FAILURE_EXPOSURE,False,True
QAC-REV-0421,PHASE4-MPS-20260701125813,2026-09-07,2026-09-13,WS-WHEEL-SUB,,ROAD-OP-020,HIGH_EXPECTED_LOSS_UNITS,MEDIUM,Potential replacement unit exposure is 2.29; MRP is not changed by this advisory output.,REVIEW_SCRAP_AND_REWORK_FAILURE_EXPOSURE,False,True
QAC-REV-0422,PHASE4-MPS-20260701125813,2026-09-07,2026-09-13,WS-BRAKE-SUB,,ROAD-OP-030,HIGH_EXPECTED_LOSS_UNITS,MEDIUM,Potential replacement unit exposure is 1.19; MRP is not changed by this advisory output.,REVIEW_SCRAP_AND_REWORK_FAILURE_EXPOSURE,False,True
QAC-REV-0423,PHASE4-MPS-20260701125813,2026-09-07,2026-09-13,WS-FINAL-ASM,,ROAD-OP-040,HIGH_EXPECTED_LOSS_UNITS,MEDIUM,Potential replacement unit exposure is 2.62; MRP is not changed by this advisory output.,REVIEW_SCRAP_AND_REWORK_FAILURE_EXPOSURE,False,True
QAC-REV-0424,PHASE4-MPS-20260701125813,2026-09-07,2026-09-13,WS-QC,,ROAD-OP-050,HIGH_EXPECTED_LOSS_UNITS,MEDIUM,Potential replacement unit exposure is 1.84; MRP is not changed by this advisory output.,REVIEW_SCRAP_AND_REWORK_FAILURE_EXPOSURE,False,True
QAC-REV-0425,PHASE4-MPS-20260701125813,2026-09-07,2026-09-13,WS-PACK,,ROAD-OP-060,HIGH_EXPECTED_LOSS_UNITS,MEDIUM,Potential replacement unit exposure is 1.50; MRP is not changed by this advisory output.,REVIEW_SCRAP_AND_REWORK_FAILURE_EXPOSURE,False,True
QAC-REV-0426,PHASE4-MPS-20260701125813,2026-09-14,2026-09-20,WS-FRAME-PREP,,ROAD-OP-010,HIGH_EXPECTED_LOSS_UNITS,MEDIUM,Potential replacement unit exposure is 1.65; MRP is not changed by this advisory output.,REVIEW_SCRAP_AND_REWORK_FAILURE_EXPOSURE,False,True
QAC-REV-0427,PHASE4-MPS-20260701125813,2026-09-14,2026-09-20,WS-WHEEL-SUB,,ROAD-OP-020,HIGH_EXPECTED_LOSS_UNITS,MEDIUM,Potential replacement unit exposure is 2.29; MRP is not changed by this advisory output.,REVIEW_SCRAP_AND_REWORK_FAILURE_EXPOSURE,False,True
QAC-REV-0428,PHASE4-MPS-20260701125813,2026-09-14,2026-09-20,WS-BRAKE-SUB,,ROAD-OP-030,HIGH_EXPECTED_LOSS_UNITS,MEDIUM,Potential replacement unit exposure is 1.19; MRP is not changed by this advisory output.,REVIEW_SCRAP_AND_REWORK_FAILURE_EXPOSURE,False,True
QAC-REV-0429,PHASE4-MPS-20260701125813,2026-09-14,2026-09-20,WS-FINAL-ASM,,ROAD-OP-040,HIGH_EXPECTED_LOSS_UNITS,MEDIUM,Potential replacement unit exposure is 2.62; MRP is not changed by this advisory output.,REVIEW_SCRAP_AND_REWORK_FAILURE_EXPOSURE,False,True
QAC-REV-0430,PHASE4-MPS-20260701125813,2026-09-14,2026-09-20,WS-QC,,ROAD-OP-050,HIGH_EXPECTED_LOSS_UNITS,MEDIUM,Potential replacement unit exposure is 1.84; MRP is not changed by this advisory output.,REVIEW_SCRAP_AND_REWORK_FAILURE_EXPOSURE,False,True
QAC-REV-0431,PHASE4-MPS-20260701125813,2026-09-14,2026-09-20,WS-PACK,,ROAD-OP-060,HIGH_EXPECTED_LOSS_UNITS,MEDIUM,Potential replacement unit exposure is 1.50; MRP is not changed by this advisory output.,REVIEW_SCRAP_AND_REWORK_FAILURE_EXPOSURE,False,True
QAC-REV-0432,PHASE4-MPS-20260701125813,2026-09-21,2026-09-27,WS-FRAME-PREP,,ROAD-OP-010,HIGH_EXPECTED_LOSS_UNITS,MEDIUM,Potential replacement unit exposure is 1.65; MRP is not changed by this advisory output.,REVIEW_SCRAP_AND_REWORK_FAILURE_EXPOSURE,False,True
QAC-REV-0433,PHASE4-MPS-20260701125813,2026-09-21,2026-09-27,WS-WHEEL-SUB,,ROAD-OP-020,HIGH_EXPECTED_LOSS_UNITS,MEDIUM,Potential replacement unit exposure is 2.29; MRP is not changed by this advisory output.,REVIEW_SCRAP_AND_REWORK_FAILURE_EXPOSURE,False,True
QAC-REV-0434,PHASE4-MPS-20260701125813,2026-09-21,2026-09-27,WS-BRAKE-SUB,,ROAD-OP-030,HIGH_EXPECTED_LOSS_UNITS,MEDIUM,Potential replacement unit exposure is 1.19; MRP is not changed by this advisory output.,REVIEW_SCRAP_AND_REWORK_FAILURE_EXPOSURE,False,True
QAC-REV-0435,PHASE4-MPS-20260701125813,2026-09-21,2026-09-27,WS-FINAL-ASM,,ROAD-OP-040,HIGH_EXPECTED_LOSS_UNITS,MEDIUM,Potential replacement unit exposure is 2.62; MRP is not changed by this advisory output.,REVIEW_SCRAP_AND_REWORK_FAILURE_EXPOSURE,False,True
QAC-REV-0436,PHASE4-MPS-20260701125813,2026-09-21,2026-09-27,WS-QC,,ROAD-OP-050,HIGH_EXPECTED_LOSS_UNITS,MEDIUM,Potential replacement unit exposure is 1.84; MRP is not changed by this advisory output.,REVIEW_SCRAP_AND_REWORK_FAILURE_EXPOSURE,False,True
QAC-REV-0437,PHASE4-MPS-20260701125813,2026-09-21,2026-09-27,WS-PACK,,ROAD-OP-060,HIGH_EXPECTED_LOSS_UNITS,MEDIUM,Potential replacement unit exposure is 1.50; MRP is not changed by this advisory output.,REVIEW_SCRAP_AND_REWORK_FAILURE_EXPOSURE,False,True
