planning_run_id,forecast_period,finished_sku,component_sku,component_name,finished_goods_forecast_qty,quantity_per_finished_unit,gross_component_requirement_qty,source_phase,advisory_only_flag
PHASE4-INIT-20260623120228,2026-07-01,SKU-BIKE-MT-001,SKU-COMP-FRAME-MT-001,Mountain Bike Reinforced Frame,10.9963,1,10.9963,PHASE1_FORECAST_PHASE4_BOM_BRIDGE,True
PHASE4-INIT-20260623120228,2026-07-01,SKU-BIKE-MT-001,SKU-COMP-WHEEL-MT-29,Mountain Bike 29 Inch Wheel,10.9963,2,21.9926,PHASE1_FORECAST_PHASE4_BOM_BRIDGE,True
PHASE4-INIT-20260623120228,2026-07-01,SKU-BIKE-MT-001,SKU-COMP-TIRE-MT-29,Mountain Bike 29 Inch Tire,10.9963,2,21.9926,PHASE1_FORECAST_PHASE4_BOM_BRIDGE,True
PHASE4-INIT-20260623120228,2026-07-01,SKU-BIKE-MT-001,SKU-COMP-BRAKE-FRONT-001,Front Brake Assembly,10.9963,1,10.9963,PHASE1_FORECAST_PHASE4_BOM_BRIDGE,True
PHASE4-INIT-20260623120228,2026-07-01,SKU-BIKE-MT-001,SKU-COMP-BRAKE-REAR-001,Rear Brake Assembly,10.9963,1,10.9963,PHASE1_FORECAST_PHASE4_BOM_BRIDGE,True
PHASE4-INIT-20260623120228,2026-07-01,SKU-BIKE-MT-001,SKU-COMP-PEDAL-SET-001,Pedal Set,10.9963,1,10.9963,PHASE1_FORECAST_PHASE4_BOM_BRIDGE,True
PHASE4-INIT-20260623120228,2026-07-01,SKU-BIKE-MT-001,SKU-COMP-BOLT-KIT-001,Bolts and Nuts Kit,10.9963,1,10.9963,PHASE1_FORECAST_PHASE4_BOM_BRIDGE,True
PHASE4-INIT-20260623120228,2026-07-02,SKU-BIKE-MT-001,SKU-COMP-FRAME-MT-001,Mountain Bike Reinforced Frame,10.9963,1,10.9963,PHASE1_FORECAST_PHASE4_BOM_BRIDGE,True
PHASE4-INIT-20260623120228,2026-07-02,SKU-BIKE-MT-001,SKU-COMP-WHEEL-MT-29,Mountain Bike 29 Inch Wheel,10.9963,2,21.9926,PHASE1_FORECAST_PHASE4_BOM_BRIDGE,True
PHASE4-INIT-20260623120228,2026-07-02,SKU-BIKE-MT-001,SKU-COMP-TIRE-MT-29,Mountain Bike 29 Inch Tire,10.9963,2,21.9926,PHASE1_FORECAST_PHASE4_BOM_BRIDGE,True
PHASE4-INIT-20260623120228,2026-07-02,SKU-BIKE-MT-001,SKU-COMP-BRAKE-FRONT-001,Front Brake Assembly,10.9963,1,10.9963,PHASE1_FORECAST_PHASE4_BOM_BRIDGE,True
PHASE4-INIT-20260623120228,2026-07-02,SKU-BIKE-MT-001,SKU-COMP-BRAKE-REAR-001,Rear Brake Assembly,10.9963,1,10.9963,PHASE1_FORECAST_PHASE4_BOM_BRIDGE,True
PHASE4-INIT-20260623120228,2026-07-02,SKU-BIKE-MT-001,SKU-COMP-PEDAL-SET-001,Pedal Set,10.9963,1,10.9963,PHASE1_FORECAST_PHASE4_BOM_BRIDGE,True
PHASE4-INIT-20260623120228,2026-07-02,SKU-BIKE-MT-001,SKU-COMP-BOLT-KIT-001,Bolts and Nuts Kit,10.9963,1,10.9963,PHASE1_FORECAST_PHASE4_BOM_BRIDGE,True
PHASE4-INIT-20260623120228,2026-07-03,SKU-BIKE-MT-001,SKU-COMP-FRAME-MT-001,Mountain Bike Reinforced Frame,10.9963,1,10.9963,PHASE1_FORECAST_PHASE4_BOM_BRIDGE,True
PHASE4-INIT-20260623120228,2026-07-03,SKU-BIKE-MT-001,SKU-COMP-WHEEL-MT-29,Mountain Bike 29 Inch Wheel,10.9963,2,21.9926,PHASE1_FORECAST_PHASE4_BOM_BRIDGE,True
PHASE4-INIT-20260623120228,2026-07-03,SKU-BIKE-MT-001,SKU-COMP-TIRE-MT-29,Mountain Bike 29 Inch Tire,10.9963,2,21.9926,PHASE1_FORECAST_PHASE4_BOM_BRIDGE,True
PHASE4-INIT-20260623120228,2026-07-03,SKU-BIKE-MT-001,SKU-COMP-BRAKE-FRONT-001,Front Brake Assembly,10.9963,1,10.9963,PHASE1_FORECAST_PHASE4_BOM_BRIDGE,True
PHASE4-INIT-20260623120228,2026-07-03,SKU-BIKE-MT-001,SKU-COMP-BRAKE-REAR-001,Rear Brake Assembly,10.9963,1,10.9963,PHASE1_FORECAST_PHASE4_BOM_BRIDGE,True
PHASE4-INIT-20260623120228,2026-07-03,SKU-BIKE-MT-001,SKU-COMP-PEDAL-SET-001,Pedal Set,10.9963,1,10.9963,PHASE1_FORECAST_PHASE4_BOM_BRIDGE,True
PHASE4-INIT-20260623120228,2026-07-03,SKU-BIKE-MT-001,SKU-COMP-BOLT-KIT-001,Bolts and Nuts Kit,10.9963,1,10.9963,PHASE1_FORECAST_PHASE4_BOM_BRIDGE,True
PHASE4-INIT-20260623120228,2026-07-04,SKU-BIKE-MT-001,SKU-COMP-FRAME-MT-001,Mountain Bike Reinforced Frame,10.9963,1,10.9963,PHASE1_FORECAST_PHASE4_BOM_BRIDGE,True
PHASE4-INIT-20260623120228,2026-07-04,SKU-BIKE-MT-001,SKU-COMP-WHEEL-MT-29,Mountain Bike 29 Inch Wheel,10.9963,2,21.9926,PHASE1_FORECAST_PHASE4_BOM_BRIDGE,True
PHASE4-INIT-20260623120228,2026-07-04,SKU-BIKE-MT-001,SKU-COMP-TIRE-MT-29,Mountain Bike 29 Inch Tire,10.9963,2,21.9926,PHASE1_FORECAST_PHASE4_BOM_BRIDGE,True
PHASE4-INIT-20260623120228,2026-07-04,SKU-BIKE-MT-001,SKU-COMP-BRAKE-FRONT-001,Front Brake Assembly,10.9963,1,10.9963,PHASE1_FORECAST_PHASE4_BOM_BRIDGE,True
PHASE4-INIT-20260623120228,2026-07-04,SKU-BIKE-MT-001,SKU-COMP-BRAKE-REAR-001,Rear Brake Assembly,10.9963,1,10.9963,PHASE1_FORECAST_PHASE4_BOM_BRIDGE,True
PHASE4-INIT-20260623120228,2026-07-04,SKU-BIKE-MT-001,SKU-COMP-PEDAL-SET-001,Pedal Set,10.9963,1,10.9963,PHASE1_FORECAST_PHASE4_BOM_BRIDGE,True
PHASE4-INIT-20260623120228,2026-07-04,SKU-BIKE-MT-001,SKU-COMP-BOLT-KIT-001,Bolts and Nuts Kit,10.9963,1,10.9963,PHASE1_FORECAST_PHASE4_BOM_BRIDGE,True
PHASE4-INIT-20260623120228,2026-07-05,SKU-BIKE-MT-001,SKU-COMP-FRAME-MT-001,Mountain Bike Reinforced Frame,10.9963,1,10.9963,PHASE1_FORECAST_PHASE4_BOM_BRIDGE,True
PHASE4-INIT-20260623120228,2026-07-05,SKU-BIKE-MT-001,SKU-COMP-WHEEL-MT-29,Mountain Bike 29 Inch Wheel,10.9963,2,21.9926,PHASE1_FORECAST_PHASE4_BOM_BRIDGE,True
PHASE4-INIT-20260623120228,2026-07-05,SKU-BIKE-MT-001,SKU-COMP-TIRE-MT-29,Mountain Bike 29 Inch Tire,10.9963,2,21.9926,PHASE1_FORECAST_PHASE4_BOM_BRIDGE,True
PHASE4-INIT-20260623120228,2026-07-05,SKU-BIKE-MT-001,SKU-COMP-BRAKE-FRONT-001,Front Brake Assembly,10.9963,1,10.9963,PHASE1_FORECAST_PHASE4_BOM_BRIDGE,True
PHASE4-INIT-20260623120228,2026-07-05,SKU-BIKE-MT-001,SKU-COMP-BRAKE-REAR-001,Rear Brake Assembly,10.9963,1,10.9963,PHASE1_FORECAST_PHASE4_BOM_BRIDGE,True
PHASE4-INIT-20260623120228,2026-07-05,SKU-BIKE-MT-001,SKU-COMP-PEDAL-SET-001,Pedal Set,10.9963,1,10.9963,PHASE1_FORECAST_PHASE4_BOM_BRIDGE,True
PHASE4-INIT-20260623120228,2026-07-05,SKU-BIKE-MT-001,SKU-COMP-BOLT-KIT-001,Bolts and Nuts Kit,10.9963,1,10.9963,PHASE1_FORECAST_PHASE4_BOM_BRIDGE,True
PHASE4-INIT-20260623120228,2026-07-06,SKU-BIKE-MT-001,SKU-COMP-FRAME-MT-001,Mountain Bike Reinforced Frame,10.9963,1,10.9963,PHASE1_FORECAST_PHASE4_BOM_BRIDGE,True
PHASE4-INIT-20260623120228,2026-07-06,SKU-BIKE-MT-001,SKU-COMP-WHEEL-MT-29,Mountain Bike 29 Inch Wheel,10.9963,2,21.9926,PHASE1_FORECAST_PHASE4_BOM_BRIDGE,True
PHASE4-INIT-20260623120228,2026-07-06,SKU-BIKE-MT-001,SKU-COMP-TIRE-MT-29,Mountain Bike 29 Inch Tire,10.9963,2,21.9926,PHASE1_FORECAST_PHASE4_BOM_BRIDGE,True
PHASE4-INIT-20260623120228,2026-07-06,SKU-BIKE-MT-001,SKU-COMP-BRAKE-FRONT-001,Front Brake Assembly,10.9963,1,10.9963,PHASE1_FORECAST_PHASE4_BOM_BRIDGE,True
PHASE4-INIT-20260623120228,2026-07-06,SKU-BIKE-MT-001,SKU-COMP-BRAKE-REAR-001,Rear Brake Assembly,10.9963,1,10.9963,PHASE1_FORECAST_PHASE4_BOM_BRIDGE,True
PHASE4-INIT-20260623120228,2026-07-06,SKU-BIKE-MT-001,SKU-COMP-PEDAL-SET-001,Pedal Set,10.9963,1,10.9963,PHASE1_FORECAST_PHASE4_BOM_BRIDGE,True
PHASE4-INIT-20260623120228,2026-07-06,SKU-BIKE-MT-001,SKU-COMP-BOLT-KIT-001,Bolts and Nuts Kit,10.9963,1,10.9963,PHASE1_FORECAST_PHASE4_BOM_BRIDGE,True
PHASE4-INIT-20260623120228,2026-07-07,SKU-BIKE-MT-001,SKU-COMP-FRAME-MT-001,Mountain Bike Reinforced Frame,10.9963,1,10.9963,PHASE1_FORECAST_PHASE4_BOM_BRIDGE,True
PHASE4-INIT-20260623120228,2026-07-07,SKU-BIKE-MT-001,SKU-COMP-WHEEL-MT-29,Mountain Bike 29 Inch Wheel,10.9963,2,21.9926,PHASE1_FORECAST_PHASE4_BOM_BRIDGE,True
PHASE4-INIT-20260623120228,2026-07-07,SKU-BIKE-MT-001,SKU-COMP-TIRE-MT-29,Mountain Bike 29 Inch Tire,10.9963,2,21.9926,PHASE1_FORECAST_PHASE4_BOM_BRIDGE,True
PHASE4-INIT-20260623120228,2026-07-07,SKU-BIKE-MT-001,SKU-COMP-BRAKE-FRONT-001,Front Brake Assembly,10.9963,1,10.9963,PHASE1_FORECAST_PHASE4_BOM_BRIDGE,True
PHASE4-INIT-20260623120228,2026-07-07,SKU-BIKE-MT-001,SKU-COMP-BRAKE-REAR-001,Rear Brake Assembly,10.9963,1,10.9963,PHASE1_FORECAST_PHASE4_BOM_BRIDGE,True
PHASE4-INIT-20260623120228,2026-07-07,SKU-BIKE-MT-001,SKU-COMP-PEDAL-SET-001,Pedal Set,10.9963,1,10.9963,PHASE1_FORECAST_PHASE4_BOM_BRIDGE,True
PHASE4-INIT-20260623120228,2026-07-07,SKU-BIKE-MT-001,SKU-COMP-BOLT-KIT-001,Bolts and Nuts Kit,10.9963,1,10.9963,PHASE1_FORECAST_PHASE4_BOM_BRIDGE,True
PHASE4-INIT-20260623120228,2026-07-08,SKU-BIKE-MT-001,SKU-COMP-FRAME-MT-001,Mountain Bike Reinforced Frame,10.9963,1,10.9963,PHASE1_FORECAST_PHASE4_BOM_BRIDGE,True
PHASE4-INIT-20260623120228,2026-07-08,SKU-BIKE-MT-001,SKU-COMP-WHEEL-MT-29,Mountain Bike 29 Inch Wheel,10.9963,2,21.9926,PHASE1_FORECAST_PHASE4_BOM_BRIDGE,True
PHASE4-INIT-20260623120228,2026-07-08,SKU-BIKE-MT-001,SKU-COMP-TIRE-MT-29,Mountain Bike 29 Inch Tire,10.9963,2,21.9926,PHASE1_FORECAST_PHASE4_BOM_BRIDGE,True
PHASE4-INIT-20260623120228,2026-07-08,SKU-BIKE-MT-001,SKU-COMP-BRAKE-FRONT-001,Front Brake Assembly,10.9963,1,10.9963,PHASE1_FORECAST_PHASE4_BOM_BRIDGE,True
PHASE4-INIT-20260623120228,2026-07-08,SKU-BIKE-MT-001,SKU-COMP-BRAKE-REAR-001,Rear Brake Assembly,10.9963,1,10.9963,PHASE1_FORECAST_PHASE4_BOM_BRIDGE,True
PHASE4-INIT-20260623120228,2026-07-08,SKU-BIKE-MT-001,SKU-COMP-PEDAL-SET-001,Pedal Set,10.9963,1,10.9963,PHASE1_FORECAST_PHASE4_BOM_BRIDGE,True
PHASE4-INIT-20260623120228,2026-07-08,SKU-BIKE-MT-001,SKU-COMP-BOLT-KIT-001,Bolts and Nuts Kit,10.9963,1,10.9963,PHASE1_FORECAST_PHASE4_BOM_BRIDGE,True
PHASE4-INIT-20260623120228,2026-07-09,SKU-BIKE-MT-001,SKU-COMP-FRAME-MT-001,Mountain Bike Reinforced Frame,10.9963,1,10.9963,PHASE1_FORECAST_PHASE4_BOM_BRIDGE,True
PHASE4-INIT-20260623120228,2026-07-09,SKU-BIKE-MT-001,SKU-COMP-WHEEL-MT-29,Mountain Bike 29 Inch Wheel,10.9963,2,21.9926,PHASE1_FORECAST_PHASE4_BOM_BRIDGE,True
PHASE4-INIT-20260623120228,2026-07-09,SKU-BIKE-MT-001,SKU-COMP-TIRE-MT-29,Mountain Bike 29 Inch Tire,10.9963,2,21.9926,PHASE1_FORECAST_PHASE4_BOM_BRIDGE,True
PHASE4-INIT-20260623120228,2026-07-09,SKU-BIKE-MT-001,SKU-COMP-BRAKE-FRONT-001,Front Brake Assembly,10.9963,1,10.9963,PHASE1_FORECAST_PHASE4_BOM_BRIDGE,True
PHASE4-INIT-20260623120228,2026-07-09,SKU-BIKE-MT-001,SKU-COMP-BRAKE-REAR-001,Rear Brake Assembly,10.9963,1,10.9963,PHASE1_FORECAST_PHASE4_BOM_BRIDGE,True
PHASE4-INIT-20260623120228,2026-07-09,SKU-BIKE-MT-001,SKU-COMP-PEDAL-SET-001,Pedal Set,10.9963,1,10.9963,PHASE1_FORECAST_PHASE4_BOM_BRIDGE,True
PHASE4-INIT-20260623120228,2026-07-09,SKU-BIKE-MT-001,SKU-COMP-BOLT-KIT-001,Bolts and Nuts Kit,10.9963,1,10.9963,PHASE1_FORECAST_PHASE4_BOM_BRIDGE,True
PHASE4-INIT-20260623120228,2026-07-10,SKU-BIKE-MT-001,SKU-COMP-FRAME-MT-001,Mountain Bike Reinforced Frame,10.9963,1,10.9963,PHASE1_FORECAST_PHASE4_BOM_BRIDGE,True
PHASE4-INIT-20260623120228,2026-07-10,SKU-BIKE-MT-001,SKU-COMP-WHEEL-MT-29,Mountain Bike 29 Inch Wheel,10.9963,2,21.9926,PHASE1_FORECAST_PHASE4_BOM_BRIDGE,True
PHASE4-INIT-20260623120228,2026-07-10,SKU-BIKE-MT-001,SKU-COMP-TIRE-MT-29,Mountain Bike 29 Inch Tire,10.9963,2,21.9926,PHASE1_FORECAST_PHASE4_BOM_BRIDGE,True
PHASE4-INIT-20260623120228,2026-07-10,SKU-BIKE-MT-001,SKU-COMP-BRAKE-FRONT-001,Front Brake Assembly,10.9963,1,10.9963,PHASE1_FORECAST_PHASE4_BOM_BRIDGE,True
PHASE4-INIT-20260623120228,2026-07-10,SKU-BIKE-MT-001,SKU-COMP-BRAKE-REAR-001,Rear Brake Assembly,10.9963,1,10.9963,PHASE1_FORECAST_PHASE4_BOM_BRIDGE,True
PHASE4-INIT-20260623120228,2026-07-10,SKU-BIKE-MT-001,SKU-COMP-PEDAL-SET-001,Pedal Set,10.9963,1,10.9963,PHASE1_FORECAST_PHASE4_BOM_BRIDGE,True
PHASE4-INIT-20260623120228,2026-07-10,SKU-BIKE-MT-001,SKU-COMP-BOLT-KIT-001,Bolts and Nuts Kit,10.9963,1,10.9963,PHASE1_FORECAST_PHASE4_BOM_BRIDGE,True
PHASE4-INIT-20260623120228,2026-07-11,SKU-BIKE-MT-001,SKU-COMP-FRAME-MT-001,Mountain Bike Reinforced Frame,10.9963,1,10.9963,PHASE1_FORECAST_PHASE4_BOM_BRIDGE,True
PHASE4-INIT-20260623120228,2026-07-11,SKU-BIKE-MT-001,SKU-COMP-WHEEL-MT-29,Mountain Bike 29 Inch Wheel,10.9963,2,21.9926,PHASE1_FORECAST_PHASE4_BOM_BRIDGE,True
PHASE4-INIT-20260623120228,2026-07-11,SKU-BIKE-MT-001,SKU-COMP-TIRE-MT-29,Mountain Bike 29 Inch Tire,10.9963,2,21.9926,PHASE1_FORECAST_PHASE4_BOM_BRIDGE,True
PHASE4-INIT-20260623120228,2026-07-11,SKU-BIKE-MT-001,SKU-COMP-BRAKE-FRONT-001,Front Brake Assembly,10.9963,1,10.9963,PHASE1_FORECAST_PHASE4_BOM_BRIDGE,True
PHASE4-INIT-20260623120228,2026-07-11,SKU-BIKE-MT-001,SKU-COMP-BRAKE-REAR-001,Rear Brake Assembly,10.9963,1,10.9963,PHASE1_FORECAST_PHASE4_BOM_BRIDGE,True
PHASE4-INIT-20260623120228,2026-07-11,SKU-BIKE-MT-001,SKU-COMP-PEDAL-SET-001,Pedal Set,10.9963,1,10.9963,PHASE1_FORECAST_PHASE4_BOM_BRIDGE,True
PHASE4-INIT-20260623120228,2026-07-11,SKU-BIKE-MT-001,SKU-COMP-BOLT-KIT-001,Bolts and Nuts Kit,10.9963,1,10.9963,PHASE1_FORECAST_PHASE4_BOM_BRIDGE,True
PHASE4-INIT-20260623120228,2026-07-12,SKU-BIKE-MT-001,SKU-COMP-FRAME-MT-001,Mountain Bike Reinforced Frame,10.9963,1,10.9963,PHASE1_FORECAST_PHASE4_BOM_BRIDGE,True
PHASE4-INIT-20260623120228,2026-07-12,SKU-BIKE-MT-001,SKU-COMP-WHEEL-MT-29,Mountain Bike 29 Inch Wheel,10.9963,2,21.9926,PHASE1_FORECAST_PHASE4_BOM_BRIDGE,True
PHASE4-INIT-20260623120228,2026-07-12,SKU-BIKE-MT-001,SKU-COMP-TIRE-MT-29,Mountain Bike 29 Inch Tire,10.9963,2,21.9926,PHASE1_FORECAST_PHASE4_BOM_BRIDGE,True
PHASE4-INIT-20260623120228,2026-07-12,SKU-BIKE-MT-001,SKU-COMP-BRAKE-FRONT-001,Front Brake Assembly,10.9963,1,10.9963,PHASE1_FORECAST_PHASE4_BOM_BRIDGE,True
PHASE4-INIT-20260623120228,2026-07-12,SKU-BIKE-MT-001,SKU-COMP-BRAKE-REAR-001,Rear Brake Assembly,10.9963,1,10.9963,PHASE1_FORECAST_PHASE4_BOM_BRIDGE,True
PHASE4-INIT-20260623120228,2026-07-12,SKU-BIKE-MT-001,SKU-COMP-PEDAL-SET-001,Pedal Set,10.9963,1,10.9963,PHASE1_FORECAST_PHASE4_BOM_BRIDGE,True
PHASE4-INIT-20260623120228,2026-07-12,SKU-BIKE-MT-001,SKU-COMP-BOLT-KIT-001,Bolts and Nuts Kit,10.9963,1,10.9963,PHASE1_FORECAST_PHASE4_BOM_BRIDGE,True
PHASE4-INIT-20260623120228,2026-07-13,SKU-BIKE-MT-001,SKU-COMP-FRAME-MT-001,Mountain Bike Reinforced Frame,10.9963,1,10.9963,PHASE1_FORECAST_PHASE4_BOM_BRIDGE,True
PHASE4-INIT-20260623120228,2026-07-13,SKU-BIKE-MT-001,SKU-COMP-WHEEL-MT-29,Mountain Bike 29 Inch Wheel,10.9963,2,21.9926,PHASE1_FORECAST_PHASE4_BOM_BRIDGE,True
PHASE4-INIT-20260623120228,2026-07-13,SKU-BIKE-MT-001,SKU-COMP-TIRE-MT-29,Mountain Bike 29 Inch Tire,10.9963,2,21.9926,PHASE1_FORECAST_PHASE4_BOM_BRIDGE,True
PHASE4-INIT-20260623120228,2026-07-13,SKU-BIKE-MT-001,SKU-COMP-BRAKE-FRONT-001,Front Brake Assembly,10.9963,1,10.9963,PHASE1_FORECAST_PHASE4_BOM_BRIDGE,True
PHASE4-INIT-20260623120228,2026-07-13,SKU-BIKE-MT-001,SKU-COMP-BRAKE-REAR-001,Rear Brake Assembly,10.9963,1,10.9963,PHASE1_FORECAST_PHASE4_BOM_BRIDGE,True
PHASE4-INIT-20260623120228,2026-07-13,SKU-BIKE-MT-001,SKU-COMP-PEDAL-SET-001,Pedal Set,10.9963,1,10.9963,PHASE1_FORECAST_PHASE4_BOM_BRIDGE,True
PHASE4-INIT-20260623120228,2026-07-13,SKU-BIKE-MT-001,SKU-COMP-BOLT-KIT-001,Bolts and Nuts Kit,10.9963,1,10.9963,PHASE1_FORECAST_PHASE4_BOM_BRIDGE,True
PHASE4-INIT-20260623120228,2026-07-14,SKU-BIKE-MT-001,SKU-COMP-FRAME-MT-001,Mountain Bike Reinforced Frame,10.9963,1,10.9963,PHASE1_FORECAST_PHASE4_BOM_BRIDGE,True
PHASE4-INIT-20260623120228,2026-07-14,SKU-BIKE-MT-001,SKU-COMP-WHEEL-MT-29,Mountain Bike 29 Inch Wheel,10.9963,2,21.9926,PHASE1_FORECAST_PHASE4_BOM_BRIDGE,True
PHASE4-INIT-20260623120228,2026-07-14,SKU-BIKE-MT-001,SKU-COMP-TIRE-MT-29,Mountain Bike 29 Inch Tire,10.9963,2,21.9926,PHASE1_FORECAST_PHASE4_BOM_BRIDGE,True
PHASE4-INIT-20260623120228,2026-07-14,SKU-BIKE-MT-001,SKU-COMP-BRAKE-FRONT-001,Front Brake Assembly,10.9963,1,10.9963,PHASE1_FORECAST_PHASE4_BOM_BRIDGE,True
PHASE4-INIT-20260623120228,2026-07-14,SKU-BIKE-MT-001,SKU-COMP-BRAKE-REAR-001,Rear Brake Assembly,10.9963,1,10.9963,PHASE1_FORECAST_PHASE4_BOM_BRIDGE,True
PHASE4-INIT-20260623120228,2026-07-14,SKU-BIKE-MT-001,SKU-COMP-PEDAL-SET-001,Pedal Set,10.9963,1,10.9963,PHASE1_FORECAST_PHASE4_BOM_BRIDGE,True
PHASE4-INIT-20260623120228,2026-07-14,SKU-BIKE-MT-001,SKU-COMP-BOLT-KIT-001,Bolts and Nuts Kit,10.9963,1,10.9963,PHASE1_FORECAST_PHASE4_BOM_BRIDGE,True
PHASE4-INIT-20260623120228,2026-07-15,SKU-BIKE-MT-001,SKU-COMP-FRAME-MT-001,Mountain Bike Reinforced Frame,10.9963,1,10.9963,PHASE1_FORECAST_PHASE4_BOM_BRIDGE,True
PHASE4-INIT-20260623120228,2026-07-15,SKU-BIKE-MT-001,SKU-COMP-WHEEL-MT-29,Mountain Bike 29 Inch Wheel,10.9963,2,21.9926,PHASE1_FORECAST_PHASE4_BOM_BRIDGE,True
PHASE4-INIT-20260623120228,2026-07-15,SKU-BIKE-MT-001,SKU-COMP-TIRE-MT-29,Mountain Bike 29 Inch Tire,10.9963,2,21.9926,PHASE1_FORECAST_PHASE4_BOM_BRIDGE,True
PHASE4-INIT-20260623120228,2026-07-15,SKU-BIKE-MT-001,SKU-COMP-BRAKE-FRONT-001,Front Brake Assembly,10.9963,1,10.9963,PHASE1_FORECAST_PHASE4_BOM_BRIDGE,True
PHASE4-INIT-20260623120228,2026-07-15,SKU-BIKE-MT-001,SKU-COMP-BRAKE-REAR-001,Rear Brake Assembly,10.9963,1,10.9963,PHASE1_FORECAST_PHASE4_BOM_BRIDGE,True
PHASE4-INIT-20260623120228,2026-07-15,SKU-BIKE-MT-001,SKU-COMP-PEDAL-SET-001,Pedal Set,10.9963,1,10.9963,PHASE1_FORECAST_PHASE4_BOM_BRIDGE,True
PHASE4-INIT-20260623120228,2026-07-15,SKU-BIKE-MT-001,SKU-COMP-BOLT-KIT-001,Bolts and Nuts Kit,10.9963,1,10.9963,PHASE1_FORECAST_PHASE4_BOM_BRIDGE,True
PHASE4-INIT-20260623120228,2026-07-16,SKU-BIKE-MT-001,SKU-COMP-FRAME-MT-001,Mountain Bike Reinforced Frame,10.9963,1,10.9963,PHASE1_FORECAST_PHASE4_BOM_BRIDGE,True
PHASE4-INIT-20260623120228,2026-07-16,SKU-BIKE-MT-001,SKU-COMP-WHEEL-MT-29,Mountain Bike 29 Inch Wheel,10.9963,2,21.9926,PHASE1_FORECAST_PHASE4_BOM_BRIDGE,True
PHASE4-INIT-20260623120228,2026-07-16,SKU-BIKE-MT-001,SKU-COMP-TIRE-MT-29,Mountain Bike 29 Inch Tire,10.9963,2,21.9926,PHASE1_FORECAST_PHASE4_BOM_BRIDGE,True
PHASE4-INIT-20260623120228,2026-07-16,SKU-BIKE-MT-001,SKU-COMP-BRAKE-FRONT-001,Front Brake Assembly,10.9963,1,10.9963,PHASE1_FORECAST_PHASE4_BOM_BRIDGE,True
PHASE4-INIT-20260623120228,2026-07-16,SKU-BIKE-MT-001,SKU-COMP-BRAKE-REAR-001,Rear Brake Assembly,10.9963,1,10.9963,PHASE1_FORECAST_PHASE4_BOM_BRIDGE,True
PHASE4-INIT-20260623120228,2026-07-16,SKU-BIKE-MT-001,SKU-COMP-PEDAL-SET-001,Pedal Set,10.9963,1,10.9963,PHASE1_FORECAST_PHASE4_BOM_BRIDGE,True
PHASE4-INIT-20260623120228,2026-07-16,SKU-BIKE-MT-001,SKU-COMP-BOLT-KIT-001,Bolts and Nuts Kit,10.9963,1,10.9963,PHASE1_FORECAST_PHASE4_BOM_BRIDGE,True
PHASE4-INIT-20260623120228,2026-07-17,SKU-BIKE-MT-001,SKU-COMP-FRAME-MT-001,Mountain Bike Reinforced Frame,10.9963,1,10.9963,PHASE1_FORECAST_PHASE4_BOM_BRIDGE,True
PHASE4-INIT-20260623120228,2026-07-17,SKU-BIKE-MT-001,SKU-COMP-WHEEL-MT-29,Mountain Bike 29 Inch Wheel,10.9963,2,21.9926,PHASE1_FORECAST_PHASE4_BOM_BRIDGE,True
PHASE4-INIT-20260623120228,2026-07-17,SKU-BIKE-MT-001,SKU-COMP-TIRE-MT-29,Mountain Bike 29 Inch Tire,10.9963,2,21.9926,PHASE1_FORECAST_PHASE4_BOM_BRIDGE,True
PHASE4-INIT-20260623120228,2026-07-17,SKU-BIKE-MT-001,SKU-COMP-BRAKE-FRONT-001,Front Brake Assembly,10.9963,1,10.9963,PHASE1_FORECAST_PHASE4_BOM_BRIDGE,True
PHASE4-INIT-20260623120228,2026-07-17,SKU-BIKE-MT-001,SKU-COMP-BRAKE-REAR-001,Rear Brake Assembly,10.9963,1,10.9963,PHASE1_FORECAST_PHASE4_BOM_BRIDGE,True
PHASE4-INIT-20260623120228,2026-07-17,SKU-BIKE-MT-001,SKU-COMP-PEDAL-SET-001,Pedal Set,10.9963,1,10.9963,PHASE1_FORECAST_PHASE4_BOM_BRIDGE,True
PHASE4-INIT-20260623120228,2026-07-17,SKU-BIKE-MT-001,SKU-COMP-BOLT-KIT-001,Bolts and Nuts Kit,10.9963,1,10.9963,PHASE1_FORECAST_PHASE4_BOM_BRIDGE,True
PHASE4-INIT-20260623120228,2026-07-18,SKU-BIKE-MT-001,SKU-COMP-FRAME-MT-001,Mountain Bike Reinforced Frame,10.9963,1,10.9963,PHASE1_FORECAST_PHASE4_BOM_BRIDGE,True
PHASE4-INIT-20260623120228,2026-07-18,SKU-BIKE-MT-001,SKU-COMP-WHEEL-MT-29,Mountain Bike 29 Inch Wheel,10.9963,2,21.9926,PHASE1_FORECAST_PHASE4_BOM_BRIDGE,True
PHASE4-INIT-20260623120228,2026-07-18,SKU-BIKE-MT-001,SKU-COMP-TIRE-MT-29,Mountain Bike 29 Inch Tire,10.9963,2,21.9926,PHASE1_FORECAST_PHASE4_BOM_BRIDGE,True
PHASE4-INIT-20260623120228,2026-07-18,SKU-BIKE-MT-001,SKU-COMP-BRAKE-FRONT-001,Front Brake Assembly,10.9963,1,10.9963,PHASE1_FORECAST_PHASE4_BOM_BRIDGE,True
PHASE4-INIT-20260623120228,2026-07-18,SKU-BIKE-MT-001,SKU-COMP-BRAKE-REAR-001,Rear Brake Assembly,10.9963,1,10.9963,PHASE1_FORECAST_PHASE4_BOM_BRIDGE,True
PHASE4-INIT-20260623120228,2026-07-18,SKU-BIKE-MT-001,SKU-COMP-PEDAL-SET-001,Pedal Set,10.9963,1,10.9963,PHASE1_FORECAST_PHASE4_BOM_BRIDGE,True
PHASE4-INIT-20260623120228,2026-07-18,SKU-BIKE-MT-001,SKU-COMP-BOLT-KIT-001,Bolts and Nuts Kit,10.9963,1,10.9963,PHASE1_FORECAST_PHASE4_BOM_BRIDGE,True
PHASE4-INIT-20260623120228,2026-07-19,SKU-BIKE-MT-001,SKU-COMP-FRAME-MT-001,Mountain Bike Reinforced Frame,10.9963,1,10.9963,PHASE1_FORECAST_PHASE4_BOM_BRIDGE,True
PHASE4-INIT-20260623120228,2026-07-19,SKU-BIKE-MT-001,SKU-COMP-WHEEL-MT-29,Mountain Bike 29 Inch Wheel,10.9963,2,21.9926,PHASE1_FORECAST_PHASE4_BOM_BRIDGE,True
PHASE4-INIT-20260623120228,2026-07-19,SKU-BIKE-MT-001,SKU-COMP-TIRE-MT-29,Mountain Bike 29 Inch Tire,10.9963,2,21.9926,PHASE1_FORECAST_PHASE4_BOM_BRIDGE,True
PHASE4-INIT-20260623120228,2026-07-19,SKU-BIKE-MT-001,SKU-COMP-BRAKE-FRONT-001,Front Brake Assembly,10.9963,1,10.9963,PHASE1_FORECAST_PHASE4_BOM_BRIDGE,True
PHASE4-INIT-20260623120228,2026-07-19,SKU-BIKE-MT-001,SKU-COMP-BRAKE-REAR-001,Rear Brake Assembly,10.9963,1,10.9963,PHASE1_FORECAST_PHASE4_BOM_BRIDGE,True
PHASE4-INIT-20260623120228,2026-07-19,SKU-BIKE-MT-001,SKU-COMP-PEDAL-SET-001,Pedal Set,10.9963,1,10.9963,PHASE1_FORECAST_PHASE4_BOM_BRIDGE,True
PHASE4-INIT-20260623120228,2026-07-19,SKU-BIKE-MT-001,SKU-COMP-BOLT-KIT-001,Bolts and Nuts Kit,10.9963,1,10.9963,PHASE1_FORECAST_PHASE4_BOM_BRIDGE,True
PHASE4-INIT-20260623120228,2026-07-20,SKU-BIKE-MT-001,SKU-COMP-FRAME-MT-001,Mountain Bike Reinforced Frame,10.9963,1,10.9963,PHASE1_FORECAST_PHASE4_BOM_BRIDGE,True
PHASE4-INIT-20260623120228,2026-07-20,SKU-BIKE-MT-001,SKU-COMP-WHEEL-MT-29,Mountain Bike 29 Inch Wheel,10.9963,2,21.9926,PHASE1_FORECAST_PHASE4_BOM_BRIDGE,True
PHASE4-INIT-20260623120228,2026-07-20,SKU-BIKE-MT-001,SKU-COMP-TIRE-MT-29,Mountain Bike 29 Inch Tire,10.9963,2,21.9926,PHASE1_FORECAST_PHASE4_BOM_BRIDGE,True
PHASE4-INIT-20260623120228,2026-07-20,SKU-BIKE-MT-001,SKU-COMP-BRAKE-FRONT-001,Front Brake Assembly,10.9963,1,10.9963,PHASE1_FORECAST_PHASE4_BOM_BRIDGE,True
PHASE4-INIT-20260623120228,2026-07-20,SKU-BIKE-MT-001,SKU-COMP-BRAKE-REAR-001,Rear Brake Assembly,10.9963,1,10.9963,PHASE1_FORECAST_PHASE4_BOM_BRIDGE,True
PHASE4-INIT-20260623120228,2026-07-20,SKU-BIKE-MT-001,SKU-COMP-PEDAL-SET-001,Pedal Set,10.9963,1,10.9963,PHASE1_FORECAST_PHASE4_BOM_BRIDGE,True
PHASE4-INIT-20260623120228,2026-07-20,SKU-BIKE-MT-001,SKU-COMP-BOLT-KIT-001,Bolts and Nuts Kit,10.9963,1,10.9963,PHASE1_FORECAST_PHASE4_BOM_BRIDGE,True
PHASE4-INIT-20260623120228,2026-07-21,SKU-BIKE-MT-001,SKU-COMP-FRAME-MT-001,Mountain Bike Reinforced Frame,10.9963,1,10.9963,PHASE1_FORECAST_PHASE4_BOM_BRIDGE,True
PHASE4-INIT-20260623120228,2026-07-21,SKU-BIKE-MT-001,SKU-COMP-WHEEL-MT-29,Mountain Bike 29 Inch Wheel,10.9963,2,21.9926,PHASE1_FORECAST_PHASE4_BOM_BRIDGE,True
PHASE4-INIT-20260623120228,2026-07-21,SKU-BIKE-MT-001,SKU-COMP-TIRE-MT-29,Mountain Bike 29 Inch Tire,10.9963,2,21.9926,PHASE1_FORECAST_PHASE4_BOM_BRIDGE,True
PHASE4-INIT-20260623120228,2026-07-21,SKU-BIKE-MT-001,SKU-COMP-BRAKE-FRONT-001,Front Brake Assembly,10.9963,1,10.9963,PHASE1_FORECAST_PHASE4_BOM_BRIDGE,True
PHASE4-INIT-20260623120228,2026-07-21,SKU-BIKE-MT-001,SKU-COMP-BRAKE-REAR-001,Rear Brake Assembly,10.9963,1,10.9963,PHASE1_FORECAST_PHASE4_BOM_BRIDGE,True
PHASE4-INIT-20260623120228,2026-07-21,SKU-BIKE-MT-001,SKU-COMP-PEDAL-SET-001,Pedal Set,10.9963,1,10.9963,PHASE1_FORECAST_PHASE4_BOM_BRIDGE,True
PHASE4-INIT-20260623120228,2026-07-21,SKU-BIKE-MT-001,SKU-COMP-BOLT-KIT-001,Bolts and Nuts Kit,10.9963,1,10.9963,PHASE1_FORECAST_PHASE4_BOM_BRIDGE,True
PHASE4-INIT-20260623120228,2026-07-22,SKU-BIKE-MT-001,SKU-COMP-FRAME-MT-001,Mountain Bike Reinforced Frame,10.9963,1,10.9963,PHASE1_FORECAST_PHASE4_BOM_BRIDGE,True
PHASE4-INIT-20260623120228,2026-07-22,SKU-BIKE-MT-001,SKU-COMP-WHEEL-MT-29,Mountain Bike 29 Inch Wheel,10.9963,2,21.9926,PHASE1_FORECAST_PHASE4_BOM_BRIDGE,True
PHASE4-INIT-20260623120228,2026-07-22,SKU-BIKE-MT-001,SKU-COMP-TIRE-MT-29,Mountain Bike 29 Inch Tire,10.9963,2,21.9926,PHASE1_FORECAST_PHASE4_BOM_BRIDGE,True
PHASE4-INIT-20260623120228,2026-07-22,SKU-BIKE-MT-001,SKU-COMP-BRAKE-FRONT-001,Front Brake Assembly,10.9963,1,10.9963,PHASE1_FORECAST_PHASE4_BOM_BRIDGE,True
PHASE4-INIT-20260623120228,2026-07-22,SKU-BIKE-MT-001,SKU-COMP-BRAKE-REAR-001,Rear Brake Assembly,10.9963,1,10.9963,PHASE1_FORECAST_PHASE4_BOM_BRIDGE,True
PHASE4-INIT-20260623120228,2026-07-22,SKU-BIKE-MT-001,SKU-COMP-PEDAL-SET-001,Pedal Set,10.9963,1,10.9963,PHASE1_FORECAST_PHASE4_BOM_BRIDGE,True
PHASE4-INIT-20260623120228,2026-07-22,SKU-BIKE-MT-001,SKU-COMP-BOLT-KIT-001,Bolts and Nuts Kit,10.9963,1,10.9963,PHASE1_FORECAST_PHASE4_BOM_BRIDGE,True
PHASE4-INIT-20260623120228,2026-07-23,SKU-BIKE-MT-001,SKU-COMP-FRAME-MT-001,Mountain Bike Reinforced Frame,10.9963,1,10.9963,PHASE1_FORECAST_PHASE4_BOM_BRIDGE,True
PHASE4-INIT-20260623120228,2026-07-23,SKU-BIKE-MT-001,SKU-COMP-WHEEL-MT-29,Mountain Bike 29 Inch Wheel,10.9963,2,21.9926,PHASE1_FORECAST_PHASE4_BOM_BRIDGE,True
PHASE4-INIT-20260623120228,2026-07-23,SKU-BIKE-MT-001,SKU-COMP-TIRE-MT-29,Mountain Bike 29 Inch Tire,10.9963,2,21.9926,PHASE1_FORECAST_PHASE4_BOM_BRIDGE,True
PHASE4-INIT-20260623120228,2026-07-23,SKU-BIKE-MT-001,SKU-COMP-BRAKE-FRONT-001,Front Brake Assembly,10.9963,1,10.9963,PHASE1_FORECAST_PHASE4_BOM_BRIDGE,True
PHASE4-INIT-20260623120228,2026-07-23,SKU-BIKE-MT-001,SKU-COMP-BRAKE-REAR-001,Rear Brake Assembly,10.9963,1,10.9963,PHASE1_FORECAST_PHASE4_BOM_BRIDGE,True
PHASE4-INIT-20260623120228,2026-07-23,SKU-BIKE-MT-001,SKU-COMP-PEDAL-SET-001,Pedal Set,10.9963,1,10.9963,PHASE1_FORECAST_PHASE4_BOM_BRIDGE,True
PHASE4-INIT-20260623120228,2026-07-23,SKU-BIKE-MT-001,SKU-COMP-BOLT-KIT-001,Bolts and Nuts Kit,10.9963,1,10.9963,PHASE1_FORECAST_PHASE4_BOM_BRIDGE,True
PHASE4-INIT-20260623120228,2026-07-24,SKU-BIKE-MT-001,SKU-COMP-FRAME-MT-001,Mountain Bike Reinforced Frame,10.9963,1,10.9963,PHASE1_FORECAST_PHASE4_BOM_BRIDGE,True
PHASE4-INIT-20260623120228,2026-07-24,SKU-BIKE-MT-001,SKU-COMP-WHEEL-MT-29,Mountain Bike 29 Inch Wheel,10.9963,2,21.9926,PHASE1_FORECAST_PHASE4_BOM_BRIDGE,True
PHASE4-INIT-20260623120228,2026-07-24,SKU-BIKE-MT-001,SKU-COMP-TIRE-MT-29,Mountain Bike 29 Inch Tire,10.9963,2,21.9926,PHASE1_FORECAST_PHASE4_BOM_BRIDGE,True
PHASE4-INIT-20260623120228,2026-07-24,SKU-BIKE-MT-001,SKU-COMP-BRAKE-FRONT-001,Front Brake Assembly,10.9963,1,10.9963,PHASE1_FORECAST_PHASE4_BOM_BRIDGE,True
PHASE4-INIT-20260623120228,2026-07-24,SKU-BIKE-MT-001,SKU-COMP-BRAKE-REAR-001,Rear Brake Assembly,10.9963,1,10.9963,PHASE1_FORECAST_PHASE4_BOM_BRIDGE,True
PHASE4-INIT-20260623120228,2026-07-24,SKU-BIKE-MT-001,SKU-COMP-PEDAL-SET-001,Pedal Set,10.9963,1,10.9963,PHASE1_FORECAST_PHASE4_BOM_BRIDGE,True
PHASE4-INIT-20260623120228,2026-07-24,SKU-BIKE-MT-001,SKU-COMP-BOLT-KIT-001,Bolts and Nuts Kit,10.9963,1,10.9963,PHASE1_FORECAST_PHASE4_BOM_BRIDGE,True
PHASE4-INIT-20260623120228,2026-07-25,SKU-BIKE-MT-001,SKU-COMP-FRAME-MT-001,Mountain Bike Reinforced Frame,10.9963,1,10.9963,PHASE1_FORECAST_PHASE4_BOM_BRIDGE,True
PHASE4-INIT-20260623120228,2026-07-25,SKU-BIKE-MT-001,SKU-COMP-WHEEL-MT-29,Mountain Bike 29 Inch Wheel,10.9963,2,21.9926,PHASE1_FORECAST_PHASE4_BOM_BRIDGE,True
PHASE4-INIT-20260623120228,2026-07-25,SKU-BIKE-MT-001,SKU-COMP-TIRE-MT-29,Mountain Bike 29 Inch Tire,10.9963,2,21.9926,PHASE1_FORECAST_PHASE4_BOM_BRIDGE,True
PHASE4-INIT-20260623120228,2026-07-25,SKU-BIKE-MT-001,SKU-COMP-BRAKE-FRONT-001,Front Brake Assembly,10.9963,1,10.9963,PHASE1_FORECAST_PHASE4_BOM_BRIDGE,True
PHASE4-INIT-20260623120228,2026-07-25,SKU-BIKE-MT-001,SKU-COMP-BRAKE-REAR-001,Rear Brake Assembly,10.9963,1,10.9963,PHASE1_FORECAST_PHASE4_BOM_BRIDGE,True
PHASE4-INIT-20260623120228,2026-07-25,SKU-BIKE-MT-001,SKU-COMP-PEDAL-SET-001,Pedal Set,10.9963,1,10.9963,PHASE1_FORECAST_PHASE4_BOM_BRIDGE,True
PHASE4-INIT-20260623120228,2026-07-25,SKU-BIKE-MT-001,SKU-COMP-BOLT-KIT-001,Bolts and Nuts Kit,10.9963,1,10.9963,PHASE1_FORECAST_PHASE4_BOM_BRIDGE,True
PHASE4-INIT-20260623120228,2026-07-26,SKU-BIKE-MT-001,SKU-COMP-FRAME-MT-001,Mountain Bike Reinforced Frame,10.9963,1,10.9963,PHASE1_FORECAST_PHASE4_BOM_BRIDGE,True
PHASE4-INIT-20260623120228,2026-07-26,SKU-BIKE-MT-001,SKU-COMP-WHEEL-MT-29,Mountain Bike 29 Inch Wheel,10.9963,2,21.9926,PHASE1_FORECAST_PHASE4_BOM_BRIDGE,True
PHASE4-INIT-20260623120228,2026-07-26,SKU-BIKE-MT-001,SKU-COMP-TIRE-MT-29,Mountain Bike 29 Inch Tire,10.9963,2,21.9926,PHASE1_FORECAST_PHASE4_BOM_BRIDGE,True
PHASE4-INIT-20260623120228,2026-07-26,SKU-BIKE-MT-001,SKU-COMP-BRAKE-FRONT-001,Front Brake Assembly,10.9963,1,10.9963,PHASE1_FORECAST_PHASE4_BOM_BRIDGE,True
PHASE4-INIT-20260623120228,2026-07-26,SKU-BIKE-MT-001,SKU-COMP-BRAKE-REAR-001,Rear Brake Assembly,10.9963,1,10.9963,PHASE1_FORECAST_PHASE4_BOM_BRIDGE,True
PHASE4-INIT-20260623120228,2026-07-26,SKU-BIKE-MT-001,SKU-COMP-PEDAL-SET-001,Pedal Set,10.9963,1,10.9963,PHASE1_FORECAST_PHASE4_BOM_BRIDGE,True
PHASE4-INIT-20260623120228,2026-07-26,SKU-BIKE-MT-001,SKU-COMP-BOLT-KIT-001,Bolts and Nuts Kit,10.9963,1,10.9963,PHASE1_FORECAST_PHASE4_BOM_BRIDGE,True
PHASE4-INIT-20260623120228,2026-07-27,SKU-BIKE-MT-001,SKU-COMP-FRAME-MT-001,Mountain Bike Reinforced Frame,10.9963,1,10.9963,PHASE1_FORECAST_PHASE4_BOM_BRIDGE,True
PHASE4-INIT-20260623120228,2026-07-27,SKU-BIKE-MT-001,SKU-COMP-WHEEL-MT-29,Mountain Bike 29 Inch Wheel,10.9963,2,21.9926,PHASE1_FORECAST_PHASE4_BOM_BRIDGE,True
PHASE4-INIT-20260623120228,2026-07-27,SKU-BIKE-MT-001,SKU-COMP-TIRE-MT-29,Mountain Bike 29 Inch Tire,10.9963,2,21.9926,PHASE1_FORECAST_PHASE4_BOM_BRIDGE,True
PHASE4-INIT-20260623120228,2026-07-27,SKU-BIKE-MT-001,SKU-COMP-BRAKE-FRONT-001,Front Brake Assembly,10.9963,1,10.9963,PHASE1_FORECAST_PHASE4_BOM_BRIDGE,True
PHASE4-INIT-20260623120228,2026-07-27,SKU-BIKE-MT-001,SKU-COMP-BRAKE-REAR-001,Rear Brake Assembly,10.9963,1,10.9963,PHASE1_FORECAST_PHASE4_BOM_BRIDGE,True
PHASE4-INIT-20260623120228,2026-07-27,SKU-BIKE-MT-001,SKU-COMP-PEDAL-SET-001,Pedal Set,10.9963,1,10.9963,PHASE1_FORECAST_PHASE4_BOM_BRIDGE,True
PHASE4-INIT-20260623120228,2026-07-27,SKU-BIKE-MT-001,SKU-COMP-BOLT-KIT-001,Bolts and Nuts Kit,10.9963,1,10.9963,PHASE1_FORECAST_PHASE4_BOM_BRIDGE,True
PHASE4-INIT-20260623120228,2026-07-28,SKU-BIKE-MT-001,SKU-COMP-FRAME-MT-001,Mountain Bike Reinforced Frame,10.9963,1,10.9963,PHASE1_FORECAST_PHASE4_BOM_BRIDGE,True
PHASE4-INIT-20260623120228,2026-07-28,SKU-BIKE-MT-001,SKU-COMP-WHEEL-MT-29,Mountain Bike 29 Inch Wheel,10.9963,2,21.9926,PHASE1_FORECAST_PHASE4_BOM_BRIDGE,True
PHASE4-INIT-20260623120228,2026-07-28,SKU-BIKE-MT-001,SKU-COMP-TIRE-MT-29,Mountain Bike 29 Inch Tire,10.9963,2,21.9926,PHASE1_FORECAST_PHASE4_BOM_BRIDGE,True
PHASE4-INIT-20260623120228,2026-07-28,SKU-BIKE-MT-001,SKU-COMP-BRAKE-FRONT-001,Front Brake Assembly,10.9963,1,10.9963,PHASE1_FORECAST_PHASE4_BOM_BRIDGE,True
PHASE4-INIT-20260623120228,2026-07-28,SKU-BIKE-MT-001,SKU-COMP-BRAKE-REAR-001,Rear Brake Assembly,10.9963,1,10.9963,PHASE1_FORECAST_PHASE4_BOM_BRIDGE,True
PHASE4-INIT-20260623120228,2026-07-28,SKU-BIKE-MT-001,SKU-COMP-PEDAL-SET-001,Pedal Set,10.9963,1,10.9963,PHASE1_FORECAST_PHASE4_BOM_BRIDGE,True
PHASE4-INIT-20260623120228,2026-07-28,SKU-BIKE-MT-001,SKU-COMP-BOLT-KIT-001,Bolts and Nuts Kit,10.9963,1,10.9963,PHASE1_FORECAST_PHASE4_BOM_BRIDGE,True
PHASE4-INIT-20260623120228,2026-07-29,SKU-BIKE-MT-001,SKU-COMP-FRAME-MT-001,Mountain Bike Reinforced Frame,10.9963,1,10.9963,PHASE1_FORECAST_PHASE4_BOM_BRIDGE,True
PHASE4-INIT-20260623120228,2026-07-29,SKU-BIKE-MT-001,SKU-COMP-WHEEL-MT-29,Mountain Bike 29 Inch Wheel,10.9963,2,21.9926,PHASE1_FORECAST_PHASE4_BOM_BRIDGE,True
PHASE4-INIT-20260623120228,2026-07-29,SKU-BIKE-MT-001,SKU-COMP-TIRE-MT-29,Mountain Bike 29 Inch Tire,10.9963,2,21.9926,PHASE1_FORECAST_PHASE4_BOM_BRIDGE,True
PHASE4-INIT-20260623120228,2026-07-29,SKU-BIKE-MT-001,SKU-COMP-BRAKE-FRONT-001,Front Brake Assembly,10.9963,1,10.9963,PHASE1_FORECAST_PHASE4_BOM_BRIDGE,True
PHASE4-INIT-20260623120228,2026-07-29,SKU-BIKE-MT-001,SKU-COMP-BRAKE-REAR-001,Rear Brake Assembly,10.9963,1,10.9963,PHASE1_FORECAST_PHASE4_BOM_BRIDGE,True
PHASE4-INIT-20260623120228,2026-07-29,SKU-BIKE-MT-001,SKU-COMP-PEDAL-SET-001,Pedal Set,10.9963,1,10.9963,PHASE1_FORECAST_PHASE4_BOM_BRIDGE,True
PHASE4-INIT-20260623120228,2026-07-29,SKU-BIKE-MT-001,SKU-COMP-BOLT-KIT-001,Bolts and Nuts Kit,10.9963,1,10.9963,PHASE1_FORECAST_PHASE4_BOM_BRIDGE,True
PHASE4-INIT-20260623120228,2026-07-30,SKU-BIKE-MT-001,SKU-COMP-FRAME-MT-001,Mountain Bike Reinforced Frame,10.9963,1,10.9963,PHASE1_FORECAST_PHASE4_BOM_BRIDGE,True
PHASE4-INIT-20260623120228,2026-07-30,SKU-BIKE-MT-001,SKU-COMP-WHEEL-MT-29,Mountain Bike 29 Inch Wheel,10.9963,2,21.9926,PHASE1_FORECAST_PHASE4_BOM_BRIDGE,True
PHASE4-INIT-20260623120228,2026-07-30,SKU-BIKE-MT-001,SKU-COMP-TIRE-MT-29,Mountain Bike 29 Inch Tire,10.9963,2,21.9926,PHASE1_FORECAST_PHASE4_BOM_BRIDGE,True
PHASE4-INIT-20260623120228,2026-07-30,SKU-BIKE-MT-001,SKU-COMP-BRAKE-FRONT-001,Front Brake Assembly,10.9963,1,10.9963,PHASE1_FORECAST_PHASE4_BOM_BRIDGE,True
PHASE4-INIT-20260623120228,2026-07-30,SKU-BIKE-MT-001,SKU-COMP-BRAKE-REAR-001,Rear Brake Assembly,10.9963,1,10.9963,PHASE1_FORECAST_PHASE4_BOM_BRIDGE,True
PHASE4-INIT-20260623120228,2026-07-30,SKU-BIKE-MT-001,SKU-COMP-PEDAL-SET-001,Pedal Set,10.9963,1,10.9963,PHASE1_FORECAST_PHASE4_BOM_BRIDGE,True
PHASE4-INIT-20260623120228,2026-07-30,SKU-BIKE-MT-001,SKU-COMP-BOLT-KIT-001,Bolts and Nuts Kit,10.9963,1,10.9963,PHASE1_FORECAST_PHASE4_BOM_BRIDGE,True
PHASE4-INIT-20260623120228,2026-07-31,SKU-BIKE-MT-001,SKU-COMP-FRAME-MT-001,Mountain Bike Reinforced Frame,10.9963,1,10.9963,PHASE1_FORECAST_PHASE4_BOM_BRIDGE,True
PHASE4-INIT-20260623120228,2026-07-31,SKU-BIKE-MT-001,SKU-COMP-WHEEL-MT-29,Mountain Bike 29 Inch Wheel,10.9963,2,21.9926,PHASE1_FORECAST_PHASE4_BOM_BRIDGE,True
PHASE4-INIT-20260623120228,2026-07-31,SKU-BIKE-MT-001,SKU-COMP-TIRE-MT-29,Mountain Bike 29 Inch Tire,10.9963,2,21.9926,PHASE1_FORECAST_PHASE4_BOM_BRIDGE,True
PHASE4-INIT-20260623120228,2026-07-31,SKU-BIKE-MT-001,SKU-COMP-BRAKE-FRONT-001,Front Brake Assembly,10.9963,1,10.9963,PHASE1_FORECAST_PHASE4_BOM_BRIDGE,True
PHASE4-INIT-20260623120228,2026-07-31,SKU-BIKE-MT-001,SKU-COMP-BRAKE-REAR-001,Rear Brake Assembly,10.9963,1,10.9963,PHASE1_FORECAST_PHASE4_BOM_BRIDGE,True
PHASE4-INIT-20260623120228,2026-07-31,SKU-BIKE-MT-001,SKU-COMP-PEDAL-SET-001,Pedal Set,10.9963,1,10.9963,PHASE1_FORECAST_PHASE4_BOM_BRIDGE,True
PHASE4-INIT-20260623120228,2026-07-31,SKU-BIKE-MT-001,SKU-COMP-BOLT-KIT-001,Bolts and Nuts Kit,10.9963,1,10.9963,PHASE1_FORECAST_PHASE4_BOM_BRIDGE,True
PHASE4-INIT-20260623120228,2026-08-01,SKU-BIKE-MT-001,SKU-COMP-FRAME-MT-001,Mountain Bike Reinforced Frame,10.9963,1,10.9963,PHASE1_FORECAST_PHASE4_BOM_BRIDGE,True
PHASE4-INIT-20260623120228,2026-08-01,SKU-BIKE-MT-001,SKU-COMP-WHEEL-MT-29,Mountain Bike 29 Inch Wheel,10.9963,2,21.9926,PHASE1_FORECAST_PHASE4_BOM_BRIDGE,True
PHASE4-INIT-20260623120228,2026-08-01,SKU-BIKE-MT-001,SKU-COMP-TIRE-MT-29,Mountain Bike 29 Inch Tire,10.9963,2,21.9926,PHASE1_FORECAST_PHASE4_BOM_BRIDGE,True
PHASE4-INIT-20260623120228,2026-08-01,SKU-BIKE-MT-001,SKU-COMP-BRAKE-FRONT-001,Front Brake Assembly,10.9963,1,10.9963,PHASE1_FORECAST_PHASE4_BOM_BRIDGE,True
PHASE4-INIT-20260623120228,2026-08-01,SKU-BIKE-MT-001,SKU-COMP-BRAKE-REAR-001,Rear Brake Assembly,10.9963,1,10.9963,PHASE1_FORECAST_PHASE4_BOM_BRIDGE,True
PHASE4-INIT-20260623120228,2026-08-01,SKU-BIKE-MT-001,SKU-COMP-PEDAL-SET-001,Pedal Set,10.9963,1,10.9963,PHASE1_FORECAST_PHASE4_BOM_BRIDGE,True
PHASE4-INIT-20260623120228,2026-08-01,SKU-BIKE-MT-001,SKU-COMP-BOLT-KIT-001,Bolts and Nuts Kit,10.9963,1,10.9963,PHASE1_FORECAST_PHASE4_BOM_BRIDGE,True
PHASE4-INIT-20260623120228,2026-08-02,SKU-BIKE-MT-001,SKU-COMP-FRAME-MT-001,Mountain Bike Reinforced Frame,10.9963,1,10.9963,PHASE1_FORECAST_PHASE4_BOM_BRIDGE,True
PHASE4-INIT-20260623120228,2026-08-02,SKU-BIKE-MT-001,SKU-COMP-WHEEL-MT-29,Mountain Bike 29 Inch Wheel,10.9963,2,21.9926,PHASE1_FORECAST_PHASE4_BOM_BRIDGE,True
PHASE4-INIT-20260623120228,2026-08-02,SKU-BIKE-MT-001,SKU-COMP-TIRE-MT-29,Mountain Bike 29 Inch Tire,10.9963,2,21.9926,PHASE1_FORECAST_PHASE4_BOM_BRIDGE,True
PHASE4-INIT-20260623120228,2026-08-02,SKU-BIKE-MT-001,SKU-COMP-BRAKE-FRONT-001,Front Brake Assembly,10.9963,1,10.9963,PHASE1_FORECAST_PHASE4_BOM_BRIDGE,True
PHASE4-INIT-20260623120228,2026-08-02,SKU-BIKE-MT-001,SKU-COMP-BRAKE-REAR-001,Rear Brake Assembly,10.9963,1,10.9963,PHASE1_FORECAST_PHASE4_BOM_BRIDGE,True
PHASE4-INIT-20260623120228,2026-08-02,SKU-BIKE-MT-001,SKU-COMP-PEDAL-SET-001,Pedal Set,10.9963,1,10.9963,PHASE1_FORECAST_PHASE4_BOM_BRIDGE,True
PHASE4-INIT-20260623120228,2026-08-02,SKU-BIKE-MT-001,SKU-COMP-BOLT-KIT-001,Bolts and Nuts Kit,10.9963,1,10.9963,PHASE1_FORECAST_PHASE4_BOM_BRIDGE,True
PHASE4-INIT-20260623120228,2026-08-03,SKU-BIKE-MT-001,SKU-COMP-FRAME-MT-001,Mountain Bike Reinforced Frame,10.9963,1,10.9963,PHASE1_FORECAST_PHASE4_BOM_BRIDGE,True
PHASE4-INIT-20260623120228,2026-08-03,SKU-BIKE-MT-001,SKU-COMP-WHEEL-MT-29,Mountain Bike 29 Inch Wheel,10.9963,2,21.9926,PHASE1_FORECAST_PHASE4_BOM_BRIDGE,True
PHASE4-INIT-20260623120228,2026-08-03,SKU-BIKE-MT-001,SKU-COMP-TIRE-MT-29,Mountain Bike 29 Inch Tire,10.9963,2,21.9926,PHASE1_FORECAST_PHASE4_BOM_BRIDGE,True
PHASE4-INIT-20260623120228,2026-08-03,SKU-BIKE-MT-001,SKU-COMP-BRAKE-FRONT-001,Front Brake Assembly,10.9963,1,10.9963,PHASE1_FORECAST_PHASE4_BOM_BRIDGE,True
PHASE4-INIT-20260623120228,2026-08-03,SKU-BIKE-MT-001,SKU-COMP-BRAKE-REAR-001,Rear Brake Assembly,10.9963,1,10.9963,PHASE1_FORECAST_PHASE4_BOM_BRIDGE,True
PHASE4-INIT-20260623120228,2026-08-03,SKU-BIKE-MT-001,SKU-COMP-PEDAL-SET-001,Pedal Set,10.9963,1,10.9963,PHASE1_FORECAST_PHASE4_BOM_BRIDGE,True
PHASE4-INIT-20260623120228,2026-08-03,SKU-BIKE-MT-001,SKU-COMP-BOLT-KIT-001,Bolts and Nuts Kit,10.9963,1,10.9963,PHASE1_FORECAST_PHASE4_BOM_BRIDGE,True
PHASE4-INIT-20260623120228,2026-08-04,SKU-BIKE-MT-001,SKU-COMP-FRAME-MT-001,Mountain Bike Reinforced Frame,10.9963,1,10.9963,PHASE1_FORECAST_PHASE4_BOM_BRIDGE,True
PHASE4-INIT-20260623120228,2026-08-04,SKU-BIKE-MT-001,SKU-COMP-WHEEL-MT-29,Mountain Bike 29 Inch Wheel,10.9963,2,21.9926,PHASE1_FORECAST_PHASE4_BOM_BRIDGE,True
PHASE4-INIT-20260623120228,2026-08-04,SKU-BIKE-MT-001,SKU-COMP-TIRE-MT-29,Mountain Bike 29 Inch Tire,10.9963,2,21.9926,PHASE1_FORECAST_PHASE4_BOM_BRIDGE,True
PHASE4-INIT-20260623120228,2026-08-04,SKU-BIKE-MT-001,SKU-COMP-BRAKE-FRONT-001,Front Brake Assembly,10.9963,1,10.9963,PHASE1_FORECAST_PHASE4_BOM_BRIDGE,True
PHASE4-INIT-20260623120228,2026-08-04,SKU-BIKE-MT-001,SKU-COMP-BRAKE-REAR-001,Rear Brake Assembly,10.9963,1,10.9963,PHASE1_FORECAST_PHASE4_BOM_BRIDGE,True
PHASE4-INIT-20260623120228,2026-08-04,SKU-BIKE-MT-001,SKU-COMP-PEDAL-SET-001,Pedal Set,10.9963,1,10.9963,PHASE1_FORECAST_PHASE4_BOM_BRIDGE,True
PHASE4-INIT-20260623120228,2026-08-04,SKU-BIKE-MT-001,SKU-COMP-BOLT-KIT-001,Bolts and Nuts Kit,10.9963,1,10.9963,PHASE1_FORECAST_PHASE4_BOM_BRIDGE,True
PHASE4-INIT-20260623120228,2026-08-05,SKU-BIKE-MT-001,SKU-COMP-FRAME-MT-001,Mountain Bike Reinforced Frame,10.9963,1,10.9963,PHASE1_FORECAST_PHASE4_BOM_BRIDGE,True
PHASE4-INIT-20260623120228,2026-08-05,SKU-BIKE-MT-001,SKU-COMP-WHEEL-MT-29,Mountain Bike 29 Inch Wheel,10.9963,2,21.9926,PHASE1_FORECAST_PHASE4_BOM_BRIDGE,True
PHASE4-INIT-20260623120228,2026-08-05,SKU-BIKE-MT-001,SKU-COMP-TIRE-MT-29,Mountain Bike 29 Inch Tire,10.9963,2,21.9926,PHASE1_FORECAST_PHASE4_BOM_BRIDGE,True
PHASE4-INIT-20260623120228,2026-08-05,SKU-BIKE-MT-001,SKU-COMP-BRAKE-FRONT-001,Front Brake Assembly,10.9963,1,10.9963,PHASE1_FORECAST_PHASE4_BOM_BRIDGE,True
PHASE4-INIT-20260623120228,2026-08-05,SKU-BIKE-MT-001,SKU-COMP-BRAKE-REAR-001,Rear Brake Assembly,10.9963,1,10.9963,PHASE1_FORECAST_PHASE4_BOM_BRIDGE,True
PHASE4-INIT-20260623120228,2026-08-05,SKU-BIKE-MT-001,SKU-COMP-PEDAL-SET-001,Pedal Set,10.9963,1,10.9963,PHASE1_FORECAST_PHASE4_BOM_BRIDGE,True
PHASE4-INIT-20260623120228,2026-08-05,SKU-BIKE-MT-001,SKU-COMP-BOLT-KIT-001,Bolts and Nuts Kit,10.9963,1,10.9963,PHASE1_FORECAST_PHASE4_BOM_BRIDGE,True
PHASE4-INIT-20260623120228,2026-08-06,SKU-BIKE-MT-001,SKU-COMP-FRAME-MT-001,Mountain Bike Reinforced Frame,10.9963,1,10.9963,PHASE1_FORECAST_PHASE4_BOM_BRIDGE,True
PHASE4-INIT-20260623120228,2026-08-06,SKU-BIKE-MT-001,SKU-COMP-WHEEL-MT-29,Mountain Bike 29 Inch Wheel,10.9963,2,21.9926,PHASE1_FORECAST_PHASE4_BOM_BRIDGE,True
PHASE4-INIT-20260623120228,2026-08-06,SKU-BIKE-MT-001,SKU-COMP-TIRE-MT-29,Mountain Bike 29 Inch Tire,10.9963,2,21.9926,PHASE1_FORECAST_PHASE4_BOM_BRIDGE,True
PHASE4-INIT-20260623120228,2026-08-06,SKU-BIKE-MT-001,SKU-COMP-BRAKE-FRONT-001,Front Brake Assembly,10.9963,1,10.9963,PHASE1_FORECAST_PHASE4_BOM_BRIDGE,True
PHASE4-INIT-20260623120228,2026-08-06,SKU-BIKE-MT-001,SKU-COMP-BRAKE-REAR-001,Rear Brake Assembly,10.9963,1,10.9963,PHASE1_FORECAST_PHASE4_BOM_BRIDGE,True
PHASE4-INIT-20260623120228,2026-08-06,SKU-BIKE-MT-001,SKU-COMP-PEDAL-SET-001,Pedal Set,10.9963,1,10.9963,PHASE1_FORECAST_PHASE4_BOM_BRIDGE,True
PHASE4-INIT-20260623120228,2026-08-06,SKU-BIKE-MT-001,SKU-COMP-BOLT-KIT-001,Bolts and Nuts Kit,10.9963,1,10.9963,PHASE1_FORECAST_PHASE4_BOM_BRIDGE,True
PHASE4-INIT-20260623120228,2026-08-07,SKU-BIKE-MT-001,SKU-COMP-FRAME-MT-001,Mountain Bike Reinforced Frame,10.9963,1,10.9963,PHASE1_FORECAST_PHASE4_BOM_BRIDGE,True
PHASE4-INIT-20260623120228,2026-08-07,SKU-BIKE-MT-001,SKU-COMP-WHEEL-MT-29,Mountain Bike 29 Inch Wheel,10.9963,2,21.9926,PHASE1_FORECAST_PHASE4_BOM_BRIDGE,True
PHASE4-INIT-20260623120228,2026-08-07,SKU-BIKE-MT-001,SKU-COMP-TIRE-MT-29,Mountain Bike 29 Inch Tire,10.9963,2,21.9926,PHASE1_FORECAST_PHASE4_BOM_BRIDGE,True
PHASE4-INIT-20260623120228,2026-08-07,SKU-BIKE-MT-001,SKU-COMP-BRAKE-FRONT-001,Front Brake Assembly,10.9963,1,10.9963,PHASE1_FORECAST_PHASE4_BOM_BRIDGE,True
PHASE4-INIT-20260623120228,2026-08-07,SKU-BIKE-MT-001,SKU-COMP-BRAKE-REAR-001,Rear Brake Assembly,10.9963,1,10.9963,PHASE1_FORECAST_PHASE4_BOM_BRIDGE,True
PHASE4-INIT-20260623120228,2026-08-07,SKU-BIKE-MT-001,SKU-COMP-PEDAL-SET-001,Pedal Set,10.9963,1,10.9963,PHASE1_FORECAST_PHASE4_BOM_BRIDGE,True
PHASE4-INIT-20260623120228,2026-08-07,SKU-BIKE-MT-001,SKU-COMP-BOLT-KIT-001,Bolts and Nuts Kit,10.9963,1,10.9963,PHASE1_FORECAST_PHASE4_BOM_BRIDGE,True
PHASE4-INIT-20260623120228,2026-08-08,SKU-BIKE-MT-001,SKU-COMP-FRAME-MT-001,Mountain Bike Reinforced Frame,10.9963,1,10.9963,PHASE1_FORECAST_PHASE4_BOM_BRIDGE,True
PHASE4-INIT-20260623120228,2026-08-08,SKU-BIKE-MT-001,SKU-COMP-WHEEL-MT-29,Mountain Bike 29 Inch Wheel,10.9963,2,21.9926,PHASE1_FORECAST_PHASE4_BOM_BRIDGE,True
PHASE4-INIT-20260623120228,2026-08-08,SKU-BIKE-MT-001,SKU-COMP-TIRE-MT-29,Mountain Bike 29 Inch Tire,10.9963,2,21.9926,PHASE1_FORECAST_PHASE4_BOM_BRIDGE,True
PHASE4-INIT-20260623120228,2026-08-08,SKU-BIKE-MT-001,SKU-COMP-BRAKE-FRONT-001,Front Brake Assembly,10.9963,1,10.9963,PHASE1_FORECAST_PHASE4_BOM_BRIDGE,True
PHASE4-INIT-20260623120228,2026-08-08,SKU-BIKE-MT-001,SKU-COMP-BRAKE-REAR-001,Rear Brake Assembly,10.9963,1,10.9963,PHASE1_FORECAST_PHASE4_BOM_BRIDGE,True
PHASE4-INIT-20260623120228,2026-08-08,SKU-BIKE-MT-001,SKU-COMP-PEDAL-SET-001,Pedal Set,10.9963,1,10.9963,PHASE1_FORECAST_PHASE4_BOM_BRIDGE,True
PHASE4-INIT-20260623120228,2026-08-08,SKU-BIKE-MT-001,SKU-COMP-BOLT-KIT-001,Bolts and Nuts Kit,10.9963,1,10.9963,PHASE1_FORECAST_PHASE4_BOM_BRIDGE,True
PHASE4-INIT-20260623120228,2026-08-09,SKU-BIKE-MT-001,SKU-COMP-FRAME-MT-001,Mountain Bike Reinforced Frame,10.9963,1,10.9963,PHASE1_FORECAST_PHASE4_BOM_BRIDGE,True
PHASE4-INIT-20260623120228,2026-08-09,SKU-BIKE-MT-001,SKU-COMP-WHEEL-MT-29,Mountain Bike 29 Inch Wheel,10.9963,2,21.9926,PHASE1_FORECAST_PHASE4_BOM_BRIDGE,True
PHASE4-INIT-20260623120228,2026-08-09,SKU-BIKE-MT-001,SKU-COMP-TIRE-MT-29,Mountain Bike 29 Inch Tire,10.9963,2,21.9926,PHASE1_FORECAST_PHASE4_BOM_BRIDGE,True
PHASE4-INIT-20260623120228,2026-08-09,SKU-BIKE-MT-001,SKU-COMP-BRAKE-FRONT-001,Front Brake Assembly,10.9963,1,10.9963,PHASE1_FORECAST_PHASE4_BOM_BRIDGE,True
PHASE4-INIT-20260623120228,2026-08-09,SKU-BIKE-MT-001,SKU-COMP-BRAKE-REAR-001,Rear Brake Assembly,10.9963,1,10.9963,PHASE1_FORECAST_PHASE4_BOM_BRIDGE,True
PHASE4-INIT-20260623120228,2026-08-09,SKU-BIKE-MT-001,SKU-COMP-PEDAL-SET-001,Pedal Set,10.9963,1,10.9963,PHASE1_FORECAST_PHASE4_BOM_BRIDGE,True
PHASE4-INIT-20260623120228,2026-08-09,SKU-BIKE-MT-001,SKU-COMP-BOLT-KIT-001,Bolts and Nuts Kit,10.9963,1,10.9963,PHASE1_FORECAST_PHASE4_BOM_BRIDGE,True
PHASE4-INIT-20260623120228,2026-08-10,SKU-BIKE-MT-001,SKU-COMP-FRAME-MT-001,Mountain Bike Reinforced Frame,10.9963,1,10.9963,PHASE1_FORECAST_PHASE4_BOM_BRIDGE,True
PHASE4-INIT-20260623120228,2026-08-10,SKU-BIKE-MT-001,SKU-COMP-WHEEL-MT-29,Mountain Bike 29 Inch Wheel,10.9963,2,21.9926,PHASE1_FORECAST_PHASE4_BOM_BRIDGE,True
PHASE4-INIT-20260623120228,2026-08-10,SKU-BIKE-MT-001,SKU-COMP-TIRE-MT-29,Mountain Bike 29 Inch Tire,10.9963,2,21.9926,PHASE1_FORECAST_PHASE4_BOM_BRIDGE,True
PHASE4-INIT-20260623120228,2026-08-10,SKU-BIKE-MT-001,SKU-COMP-BRAKE-FRONT-001,Front Brake Assembly,10.9963,1,10.9963,PHASE1_FORECAST_PHASE4_BOM_BRIDGE,True
PHASE4-INIT-20260623120228,2026-08-10,SKU-BIKE-MT-001,SKU-COMP-BRAKE-REAR-001,Rear Brake Assembly,10.9963,1,10.9963,PHASE1_FORECAST_PHASE4_BOM_BRIDGE,True
PHASE4-INIT-20260623120228,2026-08-10,SKU-BIKE-MT-001,SKU-COMP-PEDAL-SET-001,Pedal Set,10.9963,1,10.9963,PHASE1_FORECAST_PHASE4_BOM_BRIDGE,True
PHASE4-INIT-20260623120228,2026-08-10,SKU-BIKE-MT-001,SKU-COMP-BOLT-KIT-001,Bolts and Nuts Kit,10.9963,1,10.9963,PHASE1_FORECAST_PHASE4_BOM_BRIDGE,True
PHASE4-INIT-20260623120228,2026-08-11,SKU-BIKE-MT-001,SKU-COMP-FRAME-MT-001,Mountain Bike Reinforced Frame,10.9963,1,10.9963,PHASE1_FORECAST_PHASE4_BOM_BRIDGE,True
PHASE4-INIT-20260623120228,2026-08-11,SKU-BIKE-MT-001,SKU-COMP-WHEEL-MT-29,Mountain Bike 29 Inch Wheel,10.9963,2,21.9926,PHASE1_FORECAST_PHASE4_BOM_BRIDGE,True
PHASE4-INIT-20260623120228,2026-08-11,SKU-BIKE-MT-001,SKU-COMP-TIRE-MT-29,Mountain Bike 29 Inch Tire,10.9963,2,21.9926,PHASE1_FORECAST_PHASE4_BOM_BRIDGE,True
PHASE4-INIT-20260623120228,2026-08-11,SKU-BIKE-MT-001,SKU-COMP-BRAKE-FRONT-001,Front Brake Assembly,10.9963,1,10.9963,PHASE1_FORECAST_PHASE4_BOM_BRIDGE,True
PHASE4-INIT-20260623120228,2026-08-11,SKU-BIKE-MT-001,SKU-COMP-BRAKE-REAR-001,Rear Brake Assembly,10.9963,1,10.9963,PHASE1_FORECAST_PHASE4_BOM_BRIDGE,True
PHASE4-INIT-20260623120228,2026-08-11,SKU-BIKE-MT-001,SKU-COMP-PEDAL-SET-001,Pedal Set,10.9963,1,10.9963,PHASE1_FORECAST_PHASE4_BOM_BRIDGE,True
PHASE4-INIT-20260623120228,2026-08-11,SKU-BIKE-MT-001,SKU-COMP-BOLT-KIT-001,Bolts and Nuts Kit,10.9963,1,10.9963,PHASE1_FORECAST_PHASE4_BOM_BRIDGE,True
PHASE4-INIT-20260623120228,2026-08-12,SKU-BIKE-MT-001,SKU-COMP-FRAME-MT-001,Mountain Bike Reinforced Frame,10.9963,1,10.9963,PHASE1_FORECAST_PHASE4_BOM_BRIDGE,True
PHASE4-INIT-20260623120228,2026-08-12,SKU-BIKE-MT-001,SKU-COMP-WHEEL-MT-29,Mountain Bike 29 Inch Wheel,10.9963,2,21.9926,PHASE1_FORECAST_PHASE4_BOM_BRIDGE,True
PHASE4-INIT-20260623120228,2026-08-12,SKU-BIKE-MT-001,SKU-COMP-TIRE-MT-29,Mountain Bike 29 Inch Tire,10.9963,2,21.9926,PHASE1_FORECAST_PHASE4_BOM_BRIDGE,True
PHASE4-INIT-20260623120228,2026-08-12,SKU-BIKE-MT-001,SKU-COMP-BRAKE-FRONT-001,Front Brake Assembly,10.9963,1,10.9963,PHASE1_FORECAST_PHASE4_BOM_BRIDGE,True
PHASE4-INIT-20260623120228,2026-08-12,SKU-BIKE-MT-001,SKU-COMP-BRAKE-REAR-001,Rear Brake Assembly,10.9963,1,10.9963,PHASE1_FORECAST_PHASE4_BOM_BRIDGE,True
PHASE4-INIT-20260623120228,2026-08-12,SKU-BIKE-MT-001,SKU-COMP-PEDAL-SET-001,Pedal Set,10.9963,1,10.9963,PHASE1_FORECAST_PHASE4_BOM_BRIDGE,True
PHASE4-INIT-20260623120228,2026-08-12,SKU-BIKE-MT-001,SKU-COMP-BOLT-KIT-001,Bolts and Nuts Kit,10.9963,1,10.9963,PHASE1_FORECAST_PHASE4_BOM_BRIDGE,True
PHASE4-INIT-20260623120228,2026-08-13,SKU-BIKE-MT-001,SKU-COMP-FRAME-MT-001,Mountain Bike Reinforced Frame,10.9963,1,10.9963,PHASE1_FORECAST_PHASE4_BOM_BRIDGE,True
PHASE4-INIT-20260623120228,2026-08-13,SKU-BIKE-MT-001,SKU-COMP-WHEEL-MT-29,Mountain Bike 29 Inch Wheel,10.9963,2,21.9926,PHASE1_FORECAST_PHASE4_BOM_BRIDGE,True
PHASE4-INIT-20260623120228,2026-08-13,SKU-BIKE-MT-001,SKU-COMP-TIRE-MT-29,Mountain Bike 29 Inch Tire,10.9963,2,21.9926,PHASE1_FORECAST_PHASE4_BOM_BRIDGE,True
PHASE4-INIT-20260623120228,2026-08-13,SKU-BIKE-MT-001,SKU-COMP-BRAKE-FRONT-001,Front Brake Assembly,10.9963,1,10.9963,PHASE1_FORECAST_PHASE4_BOM_BRIDGE,True
PHASE4-INIT-20260623120228,2026-08-13,SKU-BIKE-MT-001,SKU-COMP-BRAKE-REAR-001,Rear Brake Assembly,10.9963,1,10.9963,PHASE1_FORECAST_PHASE4_BOM_BRIDGE,True
PHASE4-INIT-20260623120228,2026-08-13,SKU-BIKE-MT-001,SKU-COMP-PEDAL-SET-001,Pedal Set,10.9963,1,10.9963,PHASE1_FORECAST_PHASE4_BOM_BRIDGE,True
PHASE4-INIT-20260623120228,2026-08-13,SKU-BIKE-MT-001,SKU-COMP-BOLT-KIT-001,Bolts and Nuts Kit,10.9963,1,10.9963,PHASE1_FORECAST_PHASE4_BOM_BRIDGE,True
PHASE4-INIT-20260623120228,2026-08-14,SKU-BIKE-MT-001,SKU-COMP-FRAME-MT-001,Mountain Bike Reinforced Frame,10.9963,1,10.9963,PHASE1_FORECAST_PHASE4_BOM_BRIDGE,True
PHASE4-INIT-20260623120228,2026-08-14,SKU-BIKE-MT-001,SKU-COMP-WHEEL-MT-29,Mountain Bike 29 Inch Wheel,10.9963,2,21.9926,PHASE1_FORECAST_PHASE4_BOM_BRIDGE,True
PHASE4-INIT-20260623120228,2026-08-14,SKU-BIKE-MT-001,SKU-COMP-TIRE-MT-29,Mountain Bike 29 Inch Tire,10.9963,2,21.9926,PHASE1_FORECAST_PHASE4_BOM_BRIDGE,True
PHASE4-INIT-20260623120228,2026-08-14,SKU-BIKE-MT-001,SKU-COMP-BRAKE-FRONT-001,Front Brake Assembly,10.9963,1,10.9963,PHASE1_FORECAST_PHASE4_BOM_BRIDGE,True
PHASE4-INIT-20260623120228,2026-08-14,SKU-BIKE-MT-001,SKU-COMP-BRAKE-REAR-001,Rear Brake Assembly,10.9963,1,10.9963,PHASE1_FORECAST_PHASE4_BOM_BRIDGE,True
PHASE4-INIT-20260623120228,2026-08-14,SKU-BIKE-MT-001,SKU-COMP-PEDAL-SET-001,Pedal Set,10.9963,1,10.9963,PHASE1_FORECAST_PHASE4_BOM_BRIDGE,True
PHASE4-INIT-20260623120228,2026-08-14,SKU-BIKE-MT-001,SKU-COMP-BOLT-KIT-001,Bolts and Nuts Kit,10.9963,1,10.9963,PHASE1_FORECAST_PHASE4_BOM_BRIDGE,True
PHASE4-INIT-20260623120228,2026-08-15,SKU-BIKE-MT-001,SKU-COMP-FRAME-MT-001,Mountain Bike Reinforced Frame,10.9963,1,10.9963,PHASE1_FORECAST_PHASE4_BOM_BRIDGE,True
PHASE4-INIT-20260623120228,2026-08-15,SKU-BIKE-MT-001,SKU-COMP-WHEEL-MT-29,Mountain Bike 29 Inch Wheel,10.9963,2,21.9926,PHASE1_FORECAST_PHASE4_BOM_BRIDGE,True
PHASE4-INIT-20260623120228,2026-08-15,SKU-BIKE-MT-001,SKU-COMP-TIRE-MT-29,Mountain Bike 29 Inch Tire,10.9963,2,21.9926,PHASE1_FORECAST_PHASE4_BOM_BRIDGE,True
PHASE4-INIT-20260623120228,2026-08-15,SKU-BIKE-MT-001,SKU-COMP-BRAKE-FRONT-001,Front Brake Assembly,10.9963,1,10.9963,PHASE1_FORECAST_PHASE4_BOM_BRIDGE,True
PHASE4-INIT-20260623120228,2026-08-15,SKU-BIKE-MT-001,SKU-COMP-BRAKE-REAR-001,Rear Brake Assembly,10.9963,1,10.9963,PHASE1_FORECAST_PHASE4_BOM_BRIDGE,True
PHASE4-INIT-20260623120228,2026-08-15,SKU-BIKE-MT-001,SKU-COMP-PEDAL-SET-001,Pedal Set,10.9963,1,10.9963,PHASE1_FORECAST_PHASE4_BOM_BRIDGE,True
PHASE4-INIT-20260623120228,2026-08-15,SKU-BIKE-MT-001,SKU-COMP-BOLT-KIT-001,Bolts and Nuts Kit,10.9963,1,10.9963,PHASE1_FORECAST_PHASE4_BOM_BRIDGE,True
PHASE4-INIT-20260623120228,2026-08-16,SKU-BIKE-MT-001,SKU-COMP-FRAME-MT-001,Mountain Bike Reinforced Frame,10.9963,1,10.9963,PHASE1_FORECAST_PHASE4_BOM_BRIDGE,True
PHASE4-INIT-20260623120228,2026-08-16,SKU-BIKE-MT-001,SKU-COMP-WHEEL-MT-29,Mountain Bike 29 Inch Wheel,10.9963,2,21.9926,PHASE1_FORECAST_PHASE4_BOM_BRIDGE,True
PHASE4-INIT-20260623120228,2026-08-16,SKU-BIKE-MT-001,SKU-COMP-TIRE-MT-29,Mountain Bike 29 Inch Tire,10.9963,2,21.9926,PHASE1_FORECAST_PHASE4_BOM_BRIDGE,True
PHASE4-INIT-20260623120228,2026-08-16,SKU-BIKE-MT-001,SKU-COMP-BRAKE-FRONT-001,Front Brake Assembly,10.9963,1,10.9963,PHASE1_FORECAST_PHASE4_BOM_BRIDGE,True
PHASE4-INIT-20260623120228,2026-08-16,SKU-BIKE-MT-001,SKU-COMP-BRAKE-REAR-001,Rear Brake Assembly,10.9963,1,10.9963,PHASE1_FORECAST_PHASE4_BOM_BRIDGE,True
PHASE4-INIT-20260623120228,2026-08-16,SKU-BIKE-MT-001,SKU-COMP-PEDAL-SET-001,Pedal Set,10.9963,1,10.9963,PHASE1_FORECAST_PHASE4_BOM_BRIDGE,True
PHASE4-INIT-20260623120228,2026-08-16,SKU-BIKE-MT-001,SKU-COMP-BOLT-KIT-001,Bolts and Nuts Kit,10.9963,1,10.9963,PHASE1_FORECAST_PHASE4_BOM_BRIDGE,True
PHASE4-INIT-20260623120228,2026-08-17,SKU-BIKE-MT-001,SKU-COMP-FRAME-MT-001,Mountain Bike Reinforced Frame,10.9963,1,10.9963,PHASE1_FORECAST_PHASE4_BOM_BRIDGE,True
PHASE4-INIT-20260623120228,2026-08-17,SKU-BIKE-MT-001,SKU-COMP-WHEEL-MT-29,Mountain Bike 29 Inch Wheel,10.9963,2,21.9926,PHASE1_FORECAST_PHASE4_BOM_BRIDGE,True
PHASE4-INIT-20260623120228,2026-08-17,SKU-BIKE-MT-001,SKU-COMP-TIRE-MT-29,Mountain Bike 29 Inch Tire,10.9963,2,21.9926,PHASE1_FORECAST_PHASE4_BOM_BRIDGE,True
PHASE4-INIT-20260623120228,2026-08-17,SKU-BIKE-MT-001,SKU-COMP-BRAKE-FRONT-001,Front Brake Assembly,10.9963,1,10.9963,PHASE1_FORECAST_PHASE4_BOM_BRIDGE,True
PHASE4-INIT-20260623120228,2026-08-17,SKU-BIKE-MT-001,SKU-COMP-BRAKE-REAR-001,Rear Brake Assembly,10.9963,1,10.9963,PHASE1_FORECAST_PHASE4_BOM_BRIDGE,True
PHASE4-INIT-20260623120228,2026-08-17,SKU-BIKE-MT-001,SKU-COMP-PEDAL-SET-001,Pedal Set,10.9963,1,10.9963,PHASE1_FORECAST_PHASE4_BOM_BRIDGE,True
PHASE4-INIT-20260623120228,2026-08-17,SKU-BIKE-MT-001,SKU-COMP-BOLT-KIT-001,Bolts and Nuts Kit,10.9963,1,10.9963,PHASE1_FORECAST_PHASE4_BOM_BRIDGE,True
PHASE4-INIT-20260623120228,2026-08-18,SKU-BIKE-MT-001,SKU-COMP-FRAME-MT-001,Mountain Bike Reinforced Frame,10.9963,1,10.9963,PHASE1_FORECAST_PHASE4_BOM_BRIDGE,True
PHASE4-INIT-20260623120228,2026-08-18,SKU-BIKE-MT-001,SKU-COMP-WHEEL-MT-29,Mountain Bike 29 Inch Wheel,10.9963,2,21.9926,PHASE1_FORECAST_PHASE4_BOM_BRIDGE,True
PHASE4-INIT-20260623120228,2026-08-18,SKU-BIKE-MT-001,SKU-COMP-TIRE-MT-29,Mountain Bike 29 Inch Tire,10.9963,2,21.9926,PHASE1_FORECAST_PHASE4_BOM_BRIDGE,True
PHASE4-INIT-20260623120228,2026-08-18,SKU-BIKE-MT-001,SKU-COMP-BRAKE-FRONT-001,Front Brake Assembly,10.9963,1,10.9963,PHASE1_FORECAST_PHASE4_BOM_BRIDGE,True
PHASE4-INIT-20260623120228,2026-08-18,SKU-BIKE-MT-001,SKU-COMP-BRAKE-REAR-001,Rear Brake Assembly,10.9963,1,10.9963,PHASE1_FORECAST_PHASE4_BOM_BRIDGE,True
PHASE4-INIT-20260623120228,2026-08-18,SKU-BIKE-MT-001,SKU-COMP-PEDAL-SET-001,Pedal Set,10.9963,1,10.9963,PHASE1_FORECAST_PHASE4_BOM_BRIDGE,True
PHASE4-INIT-20260623120228,2026-08-18,SKU-BIKE-MT-001,SKU-COMP-BOLT-KIT-001,Bolts and Nuts Kit,10.9963,1,10.9963,PHASE1_FORECAST_PHASE4_BOM_BRIDGE,True
PHASE4-INIT-20260623120228,2026-08-19,SKU-BIKE-MT-001,SKU-COMP-FRAME-MT-001,Mountain Bike Reinforced Frame,10.9963,1,10.9963,PHASE1_FORECAST_PHASE4_BOM_BRIDGE,True
PHASE4-INIT-20260623120228,2026-08-19,SKU-BIKE-MT-001,SKU-COMP-WHEEL-MT-29,Mountain Bike 29 Inch Wheel,10.9963,2,21.9926,PHASE1_FORECAST_PHASE4_BOM_BRIDGE,True
PHASE4-INIT-20260623120228,2026-08-19,SKU-BIKE-MT-001,SKU-COMP-TIRE-MT-29,Mountain Bike 29 Inch Tire,10.9963,2,21.9926,PHASE1_FORECAST_PHASE4_BOM_BRIDGE,True
PHASE4-INIT-20260623120228,2026-08-19,SKU-BIKE-MT-001,SKU-COMP-BRAKE-FRONT-001,Front Brake Assembly,10.9963,1,10.9963,PHASE1_FORECAST_PHASE4_BOM_BRIDGE,True
PHASE4-INIT-20260623120228,2026-08-19,SKU-BIKE-MT-001,SKU-COMP-BRAKE-REAR-001,Rear Brake Assembly,10.9963,1,10.9963,PHASE1_FORECAST_PHASE4_BOM_BRIDGE,True
PHASE4-INIT-20260623120228,2026-08-19,SKU-BIKE-MT-001,SKU-COMP-PEDAL-SET-001,Pedal Set,10.9963,1,10.9963,PHASE1_FORECAST_PHASE4_BOM_BRIDGE,True
PHASE4-INIT-20260623120228,2026-08-19,SKU-BIKE-MT-001,SKU-COMP-BOLT-KIT-001,Bolts and Nuts Kit,10.9963,1,10.9963,PHASE1_FORECAST_PHASE4_BOM_BRIDGE,True
PHASE4-INIT-20260623120228,2026-08-20,SKU-BIKE-MT-001,SKU-COMP-FRAME-MT-001,Mountain Bike Reinforced Frame,10.9963,1,10.9963,PHASE1_FORECAST_PHASE4_BOM_BRIDGE,True
PHASE4-INIT-20260623120228,2026-08-20,SKU-BIKE-MT-001,SKU-COMP-WHEEL-MT-29,Mountain Bike 29 Inch Wheel,10.9963,2,21.9926,PHASE1_FORECAST_PHASE4_BOM_BRIDGE,True
PHASE4-INIT-20260623120228,2026-08-20,SKU-BIKE-MT-001,SKU-COMP-TIRE-MT-29,Mountain Bike 29 Inch Tire,10.9963,2,21.9926,PHASE1_FORECAST_PHASE4_BOM_BRIDGE,True
PHASE4-INIT-20260623120228,2026-08-20,SKU-BIKE-MT-001,SKU-COMP-BRAKE-FRONT-001,Front Brake Assembly,10.9963,1,10.9963,PHASE1_FORECAST_PHASE4_BOM_BRIDGE,True
PHASE4-INIT-20260623120228,2026-08-20,SKU-BIKE-MT-001,SKU-COMP-BRAKE-REAR-001,Rear Brake Assembly,10.9963,1,10.9963,PHASE1_FORECAST_PHASE4_BOM_BRIDGE,True
PHASE4-INIT-20260623120228,2026-08-20,SKU-BIKE-MT-001,SKU-COMP-PEDAL-SET-001,Pedal Set,10.9963,1,10.9963,PHASE1_FORECAST_PHASE4_BOM_BRIDGE,True
PHASE4-INIT-20260623120228,2026-08-20,SKU-BIKE-MT-001,SKU-COMP-BOLT-KIT-001,Bolts and Nuts Kit,10.9963,1,10.9963,PHASE1_FORECAST_PHASE4_BOM_BRIDGE,True
PHASE4-INIT-20260623120228,2026-08-21,SKU-BIKE-MT-001,SKU-COMP-FRAME-MT-001,Mountain Bike Reinforced Frame,10.9963,1,10.9963,PHASE1_FORECAST_PHASE4_BOM_BRIDGE,True
PHASE4-INIT-20260623120228,2026-08-21,SKU-BIKE-MT-001,SKU-COMP-WHEEL-MT-29,Mountain Bike 29 Inch Wheel,10.9963,2,21.9926,PHASE1_FORECAST_PHASE4_BOM_BRIDGE,True
PHASE4-INIT-20260623120228,2026-08-21,SKU-BIKE-MT-001,SKU-COMP-TIRE-MT-29,Mountain Bike 29 Inch Tire,10.9963,2,21.9926,PHASE1_FORECAST_PHASE4_BOM_BRIDGE,True
PHASE4-INIT-20260623120228,2026-08-21,SKU-BIKE-MT-001,SKU-COMP-BRAKE-FRONT-001,Front Brake Assembly,10.9963,1,10.9963,PHASE1_FORECAST_PHASE4_BOM_BRIDGE,True
PHASE4-INIT-20260623120228,2026-08-21,SKU-BIKE-MT-001,SKU-COMP-BRAKE-REAR-001,Rear Brake Assembly,10.9963,1,10.9963,PHASE1_FORECAST_PHASE4_BOM_BRIDGE,True
PHASE4-INIT-20260623120228,2026-08-21,SKU-BIKE-MT-001,SKU-COMP-PEDAL-SET-001,Pedal Set,10.9963,1,10.9963,PHASE1_FORECAST_PHASE4_BOM_BRIDGE,True
PHASE4-INIT-20260623120228,2026-08-21,SKU-BIKE-MT-001,SKU-COMP-BOLT-KIT-001,Bolts and Nuts Kit,10.9963,1,10.9963,PHASE1_FORECAST_PHASE4_BOM_BRIDGE,True
PHASE4-INIT-20260623120228,2026-08-22,SKU-BIKE-MT-001,SKU-COMP-FRAME-MT-001,Mountain Bike Reinforced Frame,10.9963,1,10.9963,PHASE1_FORECAST_PHASE4_BOM_BRIDGE,True
PHASE4-INIT-20260623120228,2026-08-22,SKU-BIKE-MT-001,SKU-COMP-WHEEL-MT-29,Mountain Bike 29 Inch Wheel,10.9963,2,21.9926,PHASE1_FORECAST_PHASE4_BOM_BRIDGE,True
PHASE4-INIT-20260623120228,2026-08-22,SKU-BIKE-MT-001,SKU-COMP-TIRE-MT-29,Mountain Bike 29 Inch Tire,10.9963,2,21.9926,PHASE1_FORECAST_PHASE4_BOM_BRIDGE,True
PHASE4-INIT-20260623120228,2026-08-22,SKU-BIKE-MT-001,SKU-COMP-BRAKE-FRONT-001,Front Brake Assembly,10.9963,1,10.9963,PHASE1_FORECAST_PHASE4_BOM_BRIDGE,True
PHASE4-INIT-20260623120228,2026-08-22,SKU-BIKE-MT-001,SKU-COMP-BRAKE-REAR-001,Rear Brake Assembly,10.9963,1,10.9963,PHASE1_FORECAST_PHASE4_BOM_BRIDGE,True
PHASE4-INIT-20260623120228,2026-08-22,SKU-BIKE-MT-001,SKU-COMP-PEDAL-SET-001,Pedal Set,10.9963,1,10.9963,PHASE1_FORECAST_PHASE4_BOM_BRIDGE,True
PHASE4-INIT-20260623120228,2026-08-22,SKU-BIKE-MT-001,SKU-COMP-BOLT-KIT-001,Bolts and Nuts Kit,10.9963,1,10.9963,PHASE1_FORECAST_PHASE4_BOM_BRIDGE,True
PHASE4-INIT-20260623120228,2026-08-23,SKU-BIKE-MT-001,SKU-COMP-FRAME-MT-001,Mountain Bike Reinforced Frame,10.9963,1,10.9963,PHASE1_FORECAST_PHASE4_BOM_BRIDGE,True
PHASE4-INIT-20260623120228,2026-08-23,SKU-BIKE-MT-001,SKU-COMP-WHEEL-MT-29,Mountain Bike 29 Inch Wheel,10.9963,2,21.9926,PHASE1_FORECAST_PHASE4_BOM_BRIDGE,True
PHASE4-INIT-20260623120228,2026-08-23,SKU-BIKE-MT-001,SKU-COMP-TIRE-MT-29,Mountain Bike 29 Inch Tire,10.9963,2,21.9926,PHASE1_FORECAST_PHASE4_BOM_BRIDGE,True
PHASE4-INIT-20260623120228,2026-08-23,SKU-BIKE-MT-001,SKU-COMP-BRAKE-FRONT-001,Front Brake Assembly,10.9963,1,10.9963,PHASE1_FORECAST_PHASE4_BOM_BRIDGE,True
PHASE4-INIT-20260623120228,2026-08-23,SKU-BIKE-MT-001,SKU-COMP-BRAKE-REAR-001,Rear Brake Assembly,10.9963,1,10.9963,PHASE1_FORECAST_PHASE4_BOM_BRIDGE,True
PHASE4-INIT-20260623120228,2026-08-23,SKU-BIKE-MT-001,SKU-COMP-PEDAL-SET-001,Pedal Set,10.9963,1,10.9963,PHASE1_FORECAST_PHASE4_BOM_BRIDGE,True
PHASE4-INIT-20260623120228,2026-08-23,SKU-BIKE-MT-001,SKU-COMP-BOLT-KIT-001,Bolts and Nuts Kit,10.9963,1,10.9963,PHASE1_FORECAST_PHASE4_BOM_BRIDGE,True
PHASE4-INIT-20260623120228,2026-08-24,SKU-BIKE-MT-001,SKU-COMP-FRAME-MT-001,Mountain Bike Reinforced Frame,10.9963,1,10.9963,PHASE1_FORECAST_PHASE4_BOM_BRIDGE,True
PHASE4-INIT-20260623120228,2026-08-24,SKU-BIKE-MT-001,SKU-COMP-WHEEL-MT-29,Mountain Bike 29 Inch Wheel,10.9963,2,21.9926,PHASE1_FORECAST_PHASE4_BOM_BRIDGE,True
PHASE4-INIT-20260623120228,2026-08-24,SKU-BIKE-MT-001,SKU-COMP-TIRE-MT-29,Mountain Bike 29 Inch Tire,10.9963,2,21.9926,PHASE1_FORECAST_PHASE4_BOM_BRIDGE,True
PHASE4-INIT-20260623120228,2026-08-24,SKU-BIKE-MT-001,SKU-COMP-BRAKE-FRONT-001,Front Brake Assembly,10.9963,1,10.9963,PHASE1_FORECAST_PHASE4_BOM_BRIDGE,True
PHASE4-INIT-20260623120228,2026-08-24,SKU-BIKE-MT-001,SKU-COMP-BRAKE-REAR-001,Rear Brake Assembly,10.9963,1,10.9963,PHASE1_FORECAST_PHASE4_BOM_BRIDGE,True
PHASE4-INIT-20260623120228,2026-08-24,SKU-BIKE-MT-001,SKU-COMP-PEDAL-SET-001,Pedal Set,10.9963,1,10.9963,PHASE1_FORECAST_PHASE4_BOM_BRIDGE,True
PHASE4-INIT-20260623120228,2026-08-24,SKU-BIKE-MT-001,SKU-COMP-BOLT-KIT-001,Bolts and Nuts Kit,10.9963,1,10.9963,PHASE1_FORECAST_PHASE4_BOM_BRIDGE,True
PHASE4-INIT-20260623120228,2026-08-25,SKU-BIKE-MT-001,SKU-COMP-FRAME-MT-001,Mountain Bike Reinforced Frame,10.9963,1,10.9963,PHASE1_FORECAST_PHASE4_BOM_BRIDGE,True
PHASE4-INIT-20260623120228,2026-08-25,SKU-BIKE-MT-001,SKU-COMP-WHEEL-MT-29,Mountain Bike 29 Inch Wheel,10.9963,2,21.9926,PHASE1_FORECAST_PHASE4_BOM_BRIDGE,True
PHASE4-INIT-20260623120228,2026-08-25,SKU-BIKE-MT-001,SKU-COMP-TIRE-MT-29,Mountain Bike 29 Inch Tire,10.9963,2,21.9926,PHASE1_FORECAST_PHASE4_BOM_BRIDGE,True
PHASE4-INIT-20260623120228,2026-08-25,SKU-BIKE-MT-001,SKU-COMP-BRAKE-FRONT-001,Front Brake Assembly,10.9963,1,10.9963,PHASE1_FORECAST_PHASE4_BOM_BRIDGE,True
PHASE4-INIT-20260623120228,2026-08-25,SKU-BIKE-MT-001,SKU-COMP-BRAKE-REAR-001,Rear Brake Assembly,10.9963,1,10.9963,PHASE1_FORECAST_PHASE4_BOM_BRIDGE,True
PHASE4-INIT-20260623120228,2026-08-25,SKU-BIKE-MT-001,SKU-COMP-PEDAL-SET-001,Pedal Set,10.9963,1,10.9963,PHASE1_FORECAST_PHASE4_BOM_BRIDGE,True
PHASE4-INIT-20260623120228,2026-08-25,SKU-BIKE-MT-001,SKU-COMP-BOLT-KIT-001,Bolts and Nuts Kit,10.9963,1,10.9963,PHASE1_FORECAST_PHASE4_BOM_BRIDGE,True
PHASE4-INIT-20260623120228,2026-08-26,SKU-BIKE-MT-001,SKU-COMP-FRAME-MT-001,Mountain Bike Reinforced Frame,10.9963,1,10.9963,PHASE1_FORECAST_PHASE4_BOM_BRIDGE,True
PHASE4-INIT-20260623120228,2026-08-26,SKU-BIKE-MT-001,SKU-COMP-WHEEL-MT-29,Mountain Bike 29 Inch Wheel,10.9963,2,21.9926,PHASE1_FORECAST_PHASE4_BOM_BRIDGE,True
PHASE4-INIT-20260623120228,2026-08-26,SKU-BIKE-MT-001,SKU-COMP-TIRE-MT-29,Mountain Bike 29 Inch Tire,10.9963,2,21.9926,PHASE1_FORECAST_PHASE4_BOM_BRIDGE,True
PHASE4-INIT-20260623120228,2026-08-26,SKU-BIKE-MT-001,SKU-COMP-BRAKE-FRONT-001,Front Brake Assembly,10.9963,1,10.9963,PHASE1_FORECAST_PHASE4_BOM_BRIDGE,True
PHASE4-INIT-20260623120228,2026-08-26,SKU-BIKE-MT-001,SKU-COMP-BRAKE-REAR-001,Rear Brake Assembly,10.9963,1,10.9963,PHASE1_FORECAST_PHASE4_BOM_BRIDGE,True
PHASE4-INIT-20260623120228,2026-08-26,SKU-BIKE-MT-001,SKU-COMP-PEDAL-SET-001,Pedal Set,10.9963,1,10.9963,PHASE1_FORECAST_PHASE4_BOM_BRIDGE,True
PHASE4-INIT-20260623120228,2026-08-26,SKU-BIKE-MT-001,SKU-COMP-BOLT-KIT-001,Bolts and Nuts Kit,10.9963,1,10.9963,PHASE1_FORECAST_PHASE4_BOM_BRIDGE,True
PHASE4-INIT-20260623120228,2026-08-27,SKU-BIKE-MT-001,SKU-COMP-FRAME-MT-001,Mountain Bike Reinforced Frame,10.9963,1,10.9963,PHASE1_FORECAST_PHASE4_BOM_BRIDGE,True
PHASE4-INIT-20260623120228,2026-08-27,SKU-BIKE-MT-001,SKU-COMP-WHEEL-MT-29,Mountain Bike 29 Inch Wheel,10.9963,2,21.9926,PHASE1_FORECAST_PHASE4_BOM_BRIDGE,True
PHASE4-INIT-20260623120228,2026-08-27,SKU-BIKE-MT-001,SKU-COMP-TIRE-MT-29,Mountain Bike 29 Inch Tire,10.9963,2,21.9926,PHASE1_FORECAST_PHASE4_BOM_BRIDGE,True
PHASE4-INIT-20260623120228,2026-08-27,SKU-BIKE-MT-001,SKU-COMP-BRAKE-FRONT-001,Front Brake Assembly,10.9963,1,10.9963,PHASE1_FORECAST_PHASE4_BOM_BRIDGE,True
PHASE4-INIT-20260623120228,2026-08-27,SKU-BIKE-MT-001,SKU-COMP-BRAKE-REAR-001,Rear Brake Assembly,10.9963,1,10.9963,PHASE1_FORECAST_PHASE4_BOM_BRIDGE,True
PHASE4-INIT-20260623120228,2026-08-27,SKU-BIKE-MT-001,SKU-COMP-PEDAL-SET-001,Pedal Set,10.9963,1,10.9963,PHASE1_FORECAST_PHASE4_BOM_BRIDGE,True
PHASE4-INIT-20260623120228,2026-08-27,SKU-BIKE-MT-001,SKU-COMP-BOLT-KIT-001,Bolts and Nuts Kit,10.9963,1,10.9963,PHASE1_FORECAST_PHASE4_BOM_BRIDGE,True
PHASE4-INIT-20260623120228,2026-08-28,SKU-BIKE-MT-001,SKU-COMP-FRAME-MT-001,Mountain Bike Reinforced Frame,10.9963,1,10.9963,PHASE1_FORECAST_PHASE4_BOM_BRIDGE,True
PHASE4-INIT-20260623120228,2026-08-28,SKU-BIKE-MT-001,SKU-COMP-WHEEL-MT-29,Mountain Bike 29 Inch Wheel,10.9963,2,21.9926,PHASE1_FORECAST_PHASE4_BOM_BRIDGE,True
PHASE4-INIT-20260623120228,2026-08-28,SKU-BIKE-MT-001,SKU-COMP-TIRE-MT-29,Mountain Bike 29 Inch Tire,10.9963,2,21.9926,PHASE1_FORECAST_PHASE4_BOM_BRIDGE,True
PHASE4-INIT-20260623120228,2026-08-28,SKU-BIKE-MT-001,SKU-COMP-BRAKE-FRONT-001,Front Brake Assembly,10.9963,1,10.9963,PHASE1_FORECAST_PHASE4_BOM_BRIDGE,True
PHASE4-INIT-20260623120228,2026-08-28,SKU-BIKE-MT-001,SKU-COMP-BRAKE-REAR-001,Rear Brake Assembly,10.9963,1,10.9963,PHASE1_FORECAST_PHASE4_BOM_BRIDGE,True
PHASE4-INIT-20260623120228,2026-08-28,SKU-BIKE-MT-001,SKU-COMP-PEDAL-SET-001,Pedal Set,10.9963,1,10.9963,PHASE1_FORECAST_PHASE4_BOM_BRIDGE,True
PHASE4-INIT-20260623120228,2026-08-28,SKU-BIKE-MT-001,SKU-COMP-BOLT-KIT-001,Bolts and Nuts Kit,10.9963,1,10.9963,PHASE1_FORECAST_PHASE4_BOM_BRIDGE,True
PHASE4-INIT-20260623120228,2026-08-29,SKU-BIKE-MT-001,SKU-COMP-FRAME-MT-001,Mountain Bike Reinforced Frame,10.9963,1,10.9963,PHASE1_FORECAST_PHASE4_BOM_BRIDGE,True
PHASE4-INIT-20260623120228,2026-08-29,SKU-BIKE-MT-001,SKU-COMP-WHEEL-MT-29,Mountain Bike 29 Inch Wheel,10.9963,2,21.9926,PHASE1_FORECAST_PHASE4_BOM_BRIDGE,True
PHASE4-INIT-20260623120228,2026-08-29,SKU-BIKE-MT-001,SKU-COMP-TIRE-MT-29,Mountain Bike 29 Inch Tire,10.9963,2,21.9926,PHASE1_FORECAST_PHASE4_BOM_BRIDGE,True
PHASE4-INIT-20260623120228,2026-08-29,SKU-BIKE-MT-001,SKU-COMP-BRAKE-FRONT-001,Front Brake Assembly,10.9963,1,10.9963,PHASE1_FORECAST_PHASE4_BOM_BRIDGE,True
PHASE4-INIT-20260623120228,2026-08-29,SKU-BIKE-MT-001,SKU-COMP-BRAKE-REAR-001,Rear Brake Assembly,10.9963,1,10.9963,PHASE1_FORECAST_PHASE4_BOM_BRIDGE,True
PHASE4-INIT-20260623120228,2026-08-29,SKU-BIKE-MT-001,SKU-COMP-PEDAL-SET-001,Pedal Set,10.9963,1,10.9963,PHASE1_FORECAST_PHASE4_BOM_BRIDGE,True
PHASE4-INIT-20260623120228,2026-08-29,SKU-BIKE-MT-001,SKU-COMP-BOLT-KIT-001,Bolts and Nuts Kit,10.9963,1,10.9963,PHASE1_FORECAST_PHASE4_BOM_BRIDGE,True
PHASE4-INIT-20260623120228,2026-08-30,SKU-BIKE-MT-001,SKU-COMP-FRAME-MT-001,Mountain Bike Reinforced Frame,10.9963,1,10.9963,PHASE1_FORECAST_PHASE4_BOM_BRIDGE,True
PHASE4-INIT-20260623120228,2026-08-30,SKU-BIKE-MT-001,SKU-COMP-WHEEL-MT-29,Mountain Bike 29 Inch Wheel,10.9963,2,21.9926,PHASE1_FORECAST_PHASE4_BOM_BRIDGE,True
PHASE4-INIT-20260623120228,2026-08-30,SKU-BIKE-MT-001,SKU-COMP-TIRE-MT-29,Mountain Bike 29 Inch Tire,10.9963,2,21.9926,PHASE1_FORECAST_PHASE4_BOM_BRIDGE,True
PHASE4-INIT-20260623120228,2026-08-30,SKU-BIKE-MT-001,SKU-COMP-BRAKE-FRONT-001,Front Brake Assembly,10.9963,1,10.9963,PHASE1_FORECAST_PHASE4_BOM_BRIDGE,True
PHASE4-INIT-20260623120228,2026-08-30,SKU-BIKE-MT-001,SKU-COMP-BRAKE-REAR-001,Rear Brake Assembly,10.9963,1,10.9963,PHASE1_FORECAST_PHASE4_BOM_BRIDGE,True
PHASE4-INIT-20260623120228,2026-08-30,SKU-BIKE-MT-001,SKU-COMP-PEDAL-SET-001,Pedal Set,10.9963,1,10.9963,PHASE1_FORECAST_PHASE4_BOM_BRIDGE,True
PHASE4-INIT-20260623120228,2026-08-30,SKU-BIKE-MT-001,SKU-COMP-BOLT-KIT-001,Bolts and Nuts Kit,10.9963,1,10.9963,PHASE1_FORECAST_PHASE4_BOM_BRIDGE,True
PHASE4-INIT-20260623120228,2026-08-31,SKU-BIKE-MT-001,SKU-COMP-FRAME-MT-001,Mountain Bike Reinforced Frame,10.9963,1,10.9963,PHASE1_FORECAST_PHASE4_BOM_BRIDGE,True
PHASE4-INIT-20260623120228,2026-08-31,SKU-BIKE-MT-001,SKU-COMP-WHEEL-MT-29,Mountain Bike 29 Inch Wheel,10.9963,2,21.9926,PHASE1_FORECAST_PHASE4_BOM_BRIDGE,True
PHASE4-INIT-20260623120228,2026-08-31,SKU-BIKE-MT-001,SKU-COMP-TIRE-MT-29,Mountain Bike 29 Inch Tire,10.9963,2,21.9926,PHASE1_FORECAST_PHASE4_BOM_BRIDGE,True
PHASE4-INIT-20260623120228,2026-08-31,SKU-BIKE-MT-001,SKU-COMP-BRAKE-FRONT-001,Front Brake Assembly,10.9963,1,10.9963,PHASE1_FORECAST_PHASE4_BOM_BRIDGE,True
PHASE4-INIT-20260623120228,2026-08-31,SKU-BIKE-MT-001,SKU-COMP-BRAKE-REAR-001,Rear Brake Assembly,10.9963,1,10.9963,PHASE1_FORECAST_PHASE4_BOM_BRIDGE,True
PHASE4-INIT-20260623120228,2026-08-31,SKU-BIKE-MT-001,SKU-COMP-PEDAL-SET-001,Pedal Set,10.9963,1,10.9963,PHASE1_FORECAST_PHASE4_BOM_BRIDGE,True
PHASE4-INIT-20260623120228,2026-08-31,SKU-BIKE-MT-001,SKU-COMP-BOLT-KIT-001,Bolts and Nuts Kit,10.9963,1,10.9963,PHASE1_FORECAST_PHASE4_BOM_BRIDGE,True
PHASE4-INIT-20260623120228,2026-09-01,SKU-BIKE-MT-001,SKU-COMP-FRAME-MT-001,Mountain Bike Reinforced Frame,10.9963,1,10.9963,PHASE1_FORECAST_PHASE4_BOM_BRIDGE,True
PHASE4-INIT-20260623120228,2026-09-01,SKU-BIKE-MT-001,SKU-COMP-WHEEL-MT-29,Mountain Bike 29 Inch Wheel,10.9963,2,21.9926,PHASE1_FORECAST_PHASE4_BOM_BRIDGE,True
PHASE4-INIT-20260623120228,2026-09-01,SKU-BIKE-MT-001,SKU-COMP-TIRE-MT-29,Mountain Bike 29 Inch Tire,10.9963,2,21.9926,PHASE1_FORECAST_PHASE4_BOM_BRIDGE,True
PHASE4-INIT-20260623120228,2026-09-01,SKU-BIKE-MT-001,SKU-COMP-BRAKE-FRONT-001,Front Brake Assembly,10.9963,1,10.9963,PHASE1_FORECAST_PHASE4_BOM_BRIDGE,True
PHASE4-INIT-20260623120228,2026-09-01,SKU-BIKE-MT-001,SKU-COMP-BRAKE-REAR-001,Rear Brake Assembly,10.9963,1,10.9963,PHASE1_FORECAST_PHASE4_BOM_BRIDGE,True
PHASE4-INIT-20260623120228,2026-09-01,SKU-BIKE-MT-001,SKU-COMP-PEDAL-SET-001,Pedal Set,10.9963,1,10.9963,PHASE1_FORECAST_PHASE4_BOM_BRIDGE,True
PHASE4-INIT-20260623120228,2026-09-01,SKU-BIKE-MT-001,SKU-COMP-BOLT-KIT-001,Bolts and Nuts Kit,10.9963,1,10.9963,PHASE1_FORECAST_PHASE4_BOM_BRIDGE,True
PHASE4-INIT-20260623120228,2026-09-02,SKU-BIKE-MT-001,SKU-COMP-FRAME-MT-001,Mountain Bike Reinforced Frame,10.9963,1,10.9963,PHASE1_FORECAST_PHASE4_BOM_BRIDGE,True
PHASE4-INIT-20260623120228,2026-09-02,SKU-BIKE-MT-001,SKU-COMP-WHEEL-MT-29,Mountain Bike 29 Inch Wheel,10.9963,2,21.9926,PHASE1_FORECAST_PHASE4_BOM_BRIDGE,True
PHASE4-INIT-20260623120228,2026-09-02,SKU-BIKE-MT-001,SKU-COMP-TIRE-MT-29,Mountain Bike 29 Inch Tire,10.9963,2,21.9926,PHASE1_FORECAST_PHASE4_BOM_BRIDGE,True
PHASE4-INIT-20260623120228,2026-09-02,SKU-BIKE-MT-001,SKU-COMP-BRAKE-FRONT-001,Front Brake Assembly,10.9963,1,10.9963,PHASE1_FORECAST_PHASE4_BOM_BRIDGE,True
PHASE4-INIT-20260623120228,2026-09-02,SKU-BIKE-MT-001,SKU-COMP-BRAKE-REAR-001,Rear Brake Assembly,10.9963,1,10.9963,PHASE1_FORECAST_PHASE4_BOM_BRIDGE,True
PHASE4-INIT-20260623120228,2026-09-02,SKU-BIKE-MT-001,SKU-COMP-PEDAL-SET-001,Pedal Set,10.9963,1,10.9963,PHASE1_FORECAST_PHASE4_BOM_BRIDGE,True
PHASE4-INIT-20260623120228,2026-09-02,SKU-BIKE-MT-001,SKU-COMP-BOLT-KIT-001,Bolts and Nuts Kit,10.9963,1,10.9963,PHASE1_FORECAST_PHASE4_BOM_BRIDGE,True
PHASE4-INIT-20260623120228,2026-09-03,SKU-BIKE-MT-001,SKU-COMP-FRAME-MT-001,Mountain Bike Reinforced Frame,10.9963,1,10.9963,PHASE1_FORECAST_PHASE4_BOM_BRIDGE,True
PHASE4-INIT-20260623120228,2026-09-03,SKU-BIKE-MT-001,SKU-COMP-WHEEL-MT-29,Mountain Bike 29 Inch Wheel,10.9963,2,21.9926,PHASE1_FORECAST_PHASE4_BOM_BRIDGE,True
PHASE4-INIT-20260623120228,2026-09-03,SKU-BIKE-MT-001,SKU-COMP-TIRE-MT-29,Mountain Bike 29 Inch Tire,10.9963,2,21.9926,PHASE1_FORECAST_PHASE4_BOM_BRIDGE,True
PHASE4-INIT-20260623120228,2026-09-03,SKU-BIKE-MT-001,SKU-COMP-BRAKE-FRONT-001,Front Brake Assembly,10.9963,1,10.9963,PHASE1_FORECAST_PHASE4_BOM_BRIDGE,True
PHASE4-INIT-20260623120228,2026-09-03,SKU-BIKE-MT-001,SKU-COMP-BRAKE-REAR-001,Rear Brake Assembly,10.9963,1,10.9963,PHASE1_FORECAST_PHASE4_BOM_BRIDGE,True
PHASE4-INIT-20260623120228,2026-09-03,SKU-BIKE-MT-001,SKU-COMP-PEDAL-SET-001,Pedal Set,10.9963,1,10.9963,PHASE1_FORECAST_PHASE4_BOM_BRIDGE,True
PHASE4-INIT-20260623120228,2026-09-03,SKU-BIKE-MT-001,SKU-COMP-BOLT-KIT-001,Bolts and Nuts Kit,10.9963,1,10.9963,PHASE1_FORECAST_PHASE4_BOM_BRIDGE,True
PHASE4-INIT-20260623120228,2026-09-04,SKU-BIKE-MT-001,SKU-COMP-FRAME-MT-001,Mountain Bike Reinforced Frame,10.9963,1,10.9963,PHASE1_FORECAST_PHASE4_BOM_BRIDGE,True
PHASE4-INIT-20260623120228,2026-09-04,SKU-BIKE-MT-001,SKU-COMP-WHEEL-MT-29,Mountain Bike 29 Inch Wheel,10.9963,2,21.9926,PHASE1_FORECAST_PHASE4_BOM_BRIDGE,True
PHASE4-INIT-20260623120228,2026-09-04,SKU-BIKE-MT-001,SKU-COMP-TIRE-MT-29,Mountain Bike 29 Inch Tire,10.9963,2,21.9926,PHASE1_FORECAST_PHASE4_BOM_BRIDGE,True
PHASE4-INIT-20260623120228,2026-09-04,SKU-BIKE-MT-001,SKU-COMP-BRAKE-FRONT-001,Front Brake Assembly,10.9963,1,10.9963,PHASE1_FORECAST_PHASE4_BOM_BRIDGE,True
PHASE4-INIT-20260623120228,2026-09-04,SKU-BIKE-MT-001,SKU-COMP-BRAKE-REAR-001,Rear Brake Assembly,10.9963,1,10.9963,PHASE1_FORECAST_PHASE4_BOM_BRIDGE,True
PHASE4-INIT-20260623120228,2026-09-04,SKU-BIKE-MT-001,SKU-COMP-PEDAL-SET-001,Pedal Set,10.9963,1,10.9963,PHASE1_FORECAST_PHASE4_BOM_BRIDGE,True
PHASE4-INIT-20260623120228,2026-09-04,SKU-BIKE-MT-001,SKU-COMP-BOLT-KIT-001,Bolts and Nuts Kit,10.9963,1,10.9963,PHASE1_FORECAST_PHASE4_BOM_BRIDGE,True
PHASE4-INIT-20260623120228,2026-09-05,SKU-BIKE-MT-001,SKU-COMP-FRAME-MT-001,Mountain Bike Reinforced Frame,10.9963,1,10.9963,PHASE1_FORECAST_PHASE4_BOM_BRIDGE,True
PHASE4-INIT-20260623120228,2026-09-05,SKU-BIKE-MT-001,SKU-COMP-WHEEL-MT-29,Mountain Bike 29 Inch Wheel,10.9963,2,21.9926,PHASE1_FORECAST_PHASE4_BOM_BRIDGE,True
PHASE4-INIT-20260623120228,2026-09-05,SKU-BIKE-MT-001,SKU-COMP-TIRE-MT-29,Mountain Bike 29 Inch Tire,10.9963,2,21.9926,PHASE1_FORECAST_PHASE4_BOM_BRIDGE,True
PHASE4-INIT-20260623120228,2026-09-05,SKU-BIKE-MT-001,SKU-COMP-BRAKE-FRONT-001,Front Brake Assembly,10.9963,1,10.9963,PHASE1_FORECAST_PHASE4_BOM_BRIDGE,True
PHASE4-INIT-20260623120228,2026-09-05,SKU-BIKE-MT-001,SKU-COMP-BRAKE-REAR-001,Rear Brake Assembly,10.9963,1,10.9963,PHASE1_FORECAST_PHASE4_BOM_BRIDGE,True
PHASE4-INIT-20260623120228,2026-09-05,SKU-BIKE-MT-001,SKU-COMP-PEDAL-SET-001,Pedal Set,10.9963,1,10.9963,PHASE1_FORECAST_PHASE4_BOM_BRIDGE,True
PHASE4-INIT-20260623120228,2026-09-05,SKU-BIKE-MT-001,SKU-COMP-BOLT-KIT-001,Bolts and Nuts Kit,10.9963,1,10.9963,PHASE1_FORECAST_PHASE4_BOM_BRIDGE,True
PHASE4-INIT-20260623120228,2026-09-06,SKU-BIKE-MT-001,SKU-COMP-FRAME-MT-001,Mountain Bike Reinforced Frame,10.9963,1,10.9963,PHASE1_FORECAST_PHASE4_BOM_BRIDGE,True
PHASE4-INIT-20260623120228,2026-09-06,SKU-BIKE-MT-001,SKU-COMP-WHEEL-MT-29,Mountain Bike 29 Inch Wheel,10.9963,2,21.9926,PHASE1_FORECAST_PHASE4_BOM_BRIDGE,True
PHASE4-INIT-20260623120228,2026-09-06,SKU-BIKE-MT-001,SKU-COMP-TIRE-MT-29,Mountain Bike 29 Inch Tire,10.9963,2,21.9926,PHASE1_FORECAST_PHASE4_BOM_BRIDGE,True
PHASE4-INIT-20260623120228,2026-09-06,SKU-BIKE-MT-001,SKU-COMP-BRAKE-FRONT-001,Front Brake Assembly,10.9963,1,10.9963,PHASE1_FORECAST_PHASE4_BOM_BRIDGE,True
PHASE4-INIT-20260623120228,2026-09-06,SKU-BIKE-MT-001,SKU-COMP-BRAKE-REAR-001,Rear Brake Assembly,10.9963,1,10.9963,PHASE1_FORECAST_PHASE4_BOM_BRIDGE,True
PHASE4-INIT-20260623120228,2026-09-06,SKU-BIKE-MT-001,SKU-COMP-PEDAL-SET-001,Pedal Set,10.9963,1,10.9963,PHASE1_FORECAST_PHASE4_BOM_BRIDGE,True
PHASE4-INIT-20260623120228,2026-09-06,SKU-BIKE-MT-001,SKU-COMP-BOLT-KIT-001,Bolts and Nuts Kit,10.9963,1,10.9963,PHASE1_FORECAST_PHASE4_BOM_BRIDGE,True
PHASE4-INIT-20260623120228,2026-09-07,SKU-BIKE-MT-001,SKU-COMP-FRAME-MT-001,Mountain Bike Reinforced Frame,10.9963,1,10.9963,PHASE1_FORECAST_PHASE4_BOM_BRIDGE,True
PHASE4-INIT-20260623120228,2026-09-07,SKU-BIKE-MT-001,SKU-COMP-WHEEL-MT-29,Mountain Bike 29 Inch Wheel,10.9963,2,21.9926,PHASE1_FORECAST_PHASE4_BOM_BRIDGE,True
PHASE4-INIT-20260623120228,2026-09-07,SKU-BIKE-MT-001,SKU-COMP-TIRE-MT-29,Mountain Bike 29 Inch Tire,10.9963,2,21.9926,PHASE1_FORECAST_PHASE4_BOM_BRIDGE,True
PHASE4-INIT-20260623120228,2026-09-07,SKU-BIKE-MT-001,SKU-COMP-BRAKE-FRONT-001,Front Brake Assembly,10.9963,1,10.9963,PHASE1_FORECAST_PHASE4_BOM_BRIDGE,True
PHASE4-INIT-20260623120228,2026-09-07,SKU-BIKE-MT-001,SKU-COMP-BRAKE-REAR-001,Rear Brake Assembly,10.9963,1,10.9963,PHASE1_FORECAST_PHASE4_BOM_BRIDGE,True
PHASE4-INIT-20260623120228,2026-09-07,SKU-BIKE-MT-001,SKU-COMP-PEDAL-SET-001,Pedal Set,10.9963,1,10.9963,PHASE1_FORECAST_PHASE4_BOM_BRIDGE,True
PHASE4-INIT-20260623120228,2026-09-07,SKU-BIKE-MT-001,SKU-COMP-BOLT-KIT-001,Bolts and Nuts Kit,10.9963,1,10.9963,PHASE1_FORECAST_PHASE4_BOM_BRIDGE,True
PHASE4-INIT-20260623120228,2026-09-08,SKU-BIKE-MT-001,SKU-COMP-FRAME-MT-001,Mountain Bike Reinforced Frame,10.9963,1,10.9963,PHASE1_FORECAST_PHASE4_BOM_BRIDGE,True
PHASE4-INIT-20260623120228,2026-09-08,SKU-BIKE-MT-001,SKU-COMP-WHEEL-MT-29,Mountain Bike 29 Inch Wheel,10.9963,2,21.9926,PHASE1_FORECAST_PHASE4_BOM_BRIDGE,True
PHASE4-INIT-20260623120228,2026-09-08,SKU-BIKE-MT-001,SKU-COMP-TIRE-MT-29,Mountain Bike 29 Inch Tire,10.9963,2,21.9926,PHASE1_FORECAST_PHASE4_BOM_BRIDGE,True
PHASE4-INIT-20260623120228,2026-09-08,SKU-BIKE-MT-001,SKU-COMP-BRAKE-FRONT-001,Front Brake Assembly,10.9963,1,10.9963,PHASE1_FORECAST_PHASE4_BOM_BRIDGE,True
PHASE4-INIT-20260623120228,2026-09-08,SKU-BIKE-MT-001,SKU-COMP-BRAKE-REAR-001,Rear Brake Assembly,10.9963,1,10.9963,PHASE1_FORECAST_PHASE4_BOM_BRIDGE,True
PHASE4-INIT-20260623120228,2026-09-08,SKU-BIKE-MT-001,SKU-COMP-PEDAL-SET-001,Pedal Set,10.9963,1,10.9963,PHASE1_FORECAST_PHASE4_BOM_BRIDGE,True
PHASE4-INIT-20260623120228,2026-09-08,SKU-BIKE-MT-001,SKU-COMP-BOLT-KIT-001,Bolts and Nuts Kit,10.9963,1,10.9963,PHASE1_FORECAST_PHASE4_BOM_BRIDGE,True
PHASE4-INIT-20260623120228,2026-09-09,SKU-BIKE-MT-001,SKU-COMP-FRAME-MT-001,Mountain Bike Reinforced Frame,10.9963,1,10.9963,PHASE1_FORECAST_PHASE4_BOM_BRIDGE,True
PHASE4-INIT-20260623120228,2026-09-09,SKU-BIKE-MT-001,SKU-COMP-WHEEL-MT-29,Mountain Bike 29 Inch Wheel,10.9963,2,21.9926,PHASE1_FORECAST_PHASE4_BOM_BRIDGE,True
PHASE4-INIT-20260623120228,2026-09-09,SKU-BIKE-MT-001,SKU-COMP-TIRE-MT-29,Mountain Bike 29 Inch Tire,10.9963,2,21.9926,PHASE1_FORECAST_PHASE4_BOM_BRIDGE,True
PHASE4-INIT-20260623120228,2026-09-09,SKU-BIKE-MT-001,SKU-COMP-BRAKE-FRONT-001,Front Brake Assembly,10.9963,1,10.9963,PHASE1_FORECAST_PHASE4_BOM_BRIDGE,True
PHASE4-INIT-20260623120228,2026-09-09,SKU-BIKE-MT-001,SKU-COMP-BRAKE-REAR-001,Rear Brake Assembly,10.9963,1,10.9963,PHASE1_FORECAST_PHASE4_BOM_BRIDGE,True
PHASE4-INIT-20260623120228,2026-09-09,SKU-BIKE-MT-001,SKU-COMP-PEDAL-SET-001,Pedal Set,10.9963,1,10.9963,PHASE1_FORECAST_PHASE4_BOM_BRIDGE,True
PHASE4-INIT-20260623120228,2026-09-09,SKU-BIKE-MT-001,SKU-COMP-BOLT-KIT-001,Bolts and Nuts Kit,10.9963,1,10.9963,PHASE1_FORECAST_PHASE4_BOM_BRIDGE,True
PHASE4-INIT-20260623120228,2026-09-10,SKU-BIKE-MT-001,SKU-COMP-FRAME-MT-001,Mountain Bike Reinforced Frame,10.9963,1,10.9963,PHASE1_FORECAST_PHASE4_BOM_BRIDGE,True
PHASE4-INIT-20260623120228,2026-09-10,SKU-BIKE-MT-001,SKU-COMP-WHEEL-MT-29,Mountain Bike 29 Inch Wheel,10.9963,2,21.9926,PHASE1_FORECAST_PHASE4_BOM_BRIDGE,True
PHASE4-INIT-20260623120228,2026-09-10,SKU-BIKE-MT-001,SKU-COMP-TIRE-MT-29,Mountain Bike 29 Inch Tire,10.9963,2,21.9926,PHASE1_FORECAST_PHASE4_BOM_BRIDGE,True
PHASE4-INIT-20260623120228,2026-09-10,SKU-BIKE-MT-001,SKU-COMP-BRAKE-FRONT-001,Front Brake Assembly,10.9963,1,10.9963,PHASE1_FORECAST_PHASE4_BOM_BRIDGE,True
PHASE4-INIT-20260623120228,2026-09-10,SKU-BIKE-MT-001,SKU-COMP-BRAKE-REAR-001,Rear Brake Assembly,10.9963,1,10.9963,PHASE1_FORECAST_PHASE4_BOM_BRIDGE,True
PHASE4-INIT-20260623120228,2026-09-10,SKU-BIKE-MT-001,SKU-COMP-PEDAL-SET-001,Pedal Set,10.9963,1,10.9963,PHASE1_FORECAST_PHASE4_BOM_BRIDGE,True
PHASE4-INIT-20260623120228,2026-09-10,SKU-BIKE-MT-001,SKU-COMP-BOLT-KIT-001,Bolts and Nuts Kit,10.9963,1,10.9963,PHASE1_FORECAST_PHASE4_BOM_BRIDGE,True
PHASE4-INIT-20260623120228,2026-09-11,SKU-BIKE-MT-001,SKU-COMP-FRAME-MT-001,Mountain Bike Reinforced Frame,10.9963,1,10.9963,PHASE1_FORECAST_PHASE4_BOM_BRIDGE,True
PHASE4-INIT-20260623120228,2026-09-11,SKU-BIKE-MT-001,SKU-COMP-WHEEL-MT-29,Mountain Bike 29 Inch Wheel,10.9963,2,21.9926,PHASE1_FORECAST_PHASE4_BOM_BRIDGE,True
PHASE4-INIT-20260623120228,2026-09-11,SKU-BIKE-MT-001,SKU-COMP-TIRE-MT-29,Mountain Bike 29 Inch Tire,10.9963,2,21.9926,PHASE1_FORECAST_PHASE4_BOM_BRIDGE,True
PHASE4-INIT-20260623120228,2026-09-11,SKU-BIKE-MT-001,SKU-COMP-BRAKE-FRONT-001,Front Brake Assembly,10.9963,1,10.9963,PHASE1_FORECAST_PHASE4_BOM_BRIDGE,True
PHASE4-INIT-20260623120228,2026-09-11,SKU-BIKE-MT-001,SKU-COMP-BRAKE-REAR-001,Rear Brake Assembly,10.9963,1,10.9963,PHASE1_FORECAST_PHASE4_BOM_BRIDGE,True
PHASE4-INIT-20260623120228,2026-09-11,SKU-BIKE-MT-001,SKU-COMP-PEDAL-SET-001,Pedal Set,10.9963,1,10.9963,PHASE1_FORECAST_PHASE4_BOM_BRIDGE,True
PHASE4-INIT-20260623120228,2026-09-11,SKU-BIKE-MT-001,SKU-COMP-BOLT-KIT-001,Bolts and Nuts Kit,10.9963,1,10.9963,PHASE1_FORECAST_PHASE4_BOM_BRIDGE,True
PHASE4-INIT-20260623120228,2026-09-12,SKU-BIKE-MT-001,SKU-COMP-FRAME-MT-001,Mountain Bike Reinforced Frame,10.9963,1,10.9963,PHASE1_FORECAST_PHASE4_BOM_BRIDGE,True
PHASE4-INIT-20260623120228,2026-09-12,SKU-BIKE-MT-001,SKU-COMP-WHEEL-MT-29,Mountain Bike 29 Inch Wheel,10.9963,2,21.9926,PHASE1_FORECAST_PHASE4_BOM_BRIDGE,True
PHASE4-INIT-20260623120228,2026-09-12,SKU-BIKE-MT-001,SKU-COMP-TIRE-MT-29,Mountain Bike 29 Inch Tire,10.9963,2,21.9926,PHASE1_FORECAST_PHASE4_BOM_BRIDGE,True
PHASE4-INIT-20260623120228,2026-09-12,SKU-BIKE-MT-001,SKU-COMP-BRAKE-FRONT-001,Front Brake Assembly,10.9963,1,10.9963,PHASE1_FORECAST_PHASE4_BOM_BRIDGE,True
PHASE4-INIT-20260623120228,2026-09-12,SKU-BIKE-MT-001,SKU-COMP-BRAKE-REAR-001,Rear Brake Assembly,10.9963,1,10.9963,PHASE1_FORECAST_PHASE4_BOM_BRIDGE,True
PHASE4-INIT-20260623120228,2026-09-12,SKU-BIKE-MT-001,SKU-COMP-PEDAL-SET-001,Pedal Set,10.9963,1,10.9963,PHASE1_FORECAST_PHASE4_BOM_BRIDGE,True
PHASE4-INIT-20260623120228,2026-09-12,SKU-BIKE-MT-001,SKU-COMP-BOLT-KIT-001,Bolts and Nuts Kit,10.9963,1,10.9963,PHASE1_FORECAST_PHASE4_BOM_BRIDGE,True
PHASE4-INIT-20260623120228,2026-09-13,SKU-BIKE-MT-001,SKU-COMP-FRAME-MT-001,Mountain Bike Reinforced Frame,10.9963,1,10.9963,PHASE1_FORECAST_PHASE4_BOM_BRIDGE,True
PHASE4-INIT-20260623120228,2026-09-13,SKU-BIKE-MT-001,SKU-COMP-WHEEL-MT-29,Mountain Bike 29 Inch Wheel,10.9963,2,21.9926,PHASE1_FORECAST_PHASE4_BOM_BRIDGE,True
PHASE4-INIT-20260623120228,2026-09-13,SKU-BIKE-MT-001,SKU-COMP-TIRE-MT-29,Mountain Bike 29 Inch Tire,10.9963,2,21.9926,PHASE1_FORECAST_PHASE4_BOM_BRIDGE,True
PHASE4-INIT-20260623120228,2026-09-13,SKU-BIKE-MT-001,SKU-COMP-BRAKE-FRONT-001,Front Brake Assembly,10.9963,1,10.9963,PHASE1_FORECAST_PHASE4_BOM_BRIDGE,True
PHASE4-INIT-20260623120228,2026-09-13,SKU-BIKE-MT-001,SKU-COMP-BRAKE-REAR-001,Rear Brake Assembly,10.9963,1,10.9963,PHASE1_FORECAST_PHASE4_BOM_BRIDGE,True
PHASE4-INIT-20260623120228,2026-09-13,SKU-BIKE-MT-001,SKU-COMP-PEDAL-SET-001,Pedal Set,10.9963,1,10.9963,PHASE1_FORECAST_PHASE4_BOM_BRIDGE,True
PHASE4-INIT-20260623120228,2026-09-13,SKU-BIKE-MT-001,SKU-COMP-BOLT-KIT-001,Bolts and Nuts Kit,10.9963,1,10.9963,PHASE1_FORECAST_PHASE4_BOM_BRIDGE,True
PHASE4-INIT-20260623120228,2026-09-14,SKU-BIKE-MT-001,SKU-COMP-FRAME-MT-001,Mountain Bike Reinforced Frame,10.9963,1,10.9963,PHASE1_FORECAST_PHASE4_BOM_BRIDGE,True
PHASE4-INIT-20260623120228,2026-09-14,SKU-BIKE-MT-001,SKU-COMP-WHEEL-MT-29,Mountain Bike 29 Inch Wheel,10.9963,2,21.9926,PHASE1_FORECAST_PHASE4_BOM_BRIDGE,True
PHASE4-INIT-20260623120228,2026-09-14,SKU-BIKE-MT-001,SKU-COMP-TIRE-MT-29,Mountain Bike 29 Inch Tire,10.9963,2,21.9926,PHASE1_FORECAST_PHASE4_BOM_BRIDGE,True
PHASE4-INIT-20260623120228,2026-09-14,SKU-BIKE-MT-001,SKU-COMP-BRAKE-FRONT-001,Front Brake Assembly,10.9963,1,10.9963,PHASE1_FORECAST_PHASE4_BOM_BRIDGE,True
PHASE4-INIT-20260623120228,2026-09-14,SKU-BIKE-MT-001,SKU-COMP-BRAKE-REAR-001,Rear Brake Assembly,10.9963,1,10.9963,PHASE1_FORECAST_PHASE4_BOM_BRIDGE,True
PHASE4-INIT-20260623120228,2026-09-14,SKU-BIKE-MT-001,SKU-COMP-PEDAL-SET-001,Pedal Set,10.9963,1,10.9963,PHASE1_FORECAST_PHASE4_BOM_BRIDGE,True
PHASE4-INIT-20260623120228,2026-09-14,SKU-BIKE-MT-001,SKU-COMP-BOLT-KIT-001,Bolts and Nuts Kit,10.9963,1,10.9963,PHASE1_FORECAST_PHASE4_BOM_BRIDGE,True
PHASE4-INIT-20260623120228,2026-09-15,SKU-BIKE-MT-001,SKU-COMP-FRAME-MT-001,Mountain Bike Reinforced Frame,10.9963,1,10.9963,PHASE1_FORECAST_PHASE4_BOM_BRIDGE,True
PHASE4-INIT-20260623120228,2026-09-15,SKU-BIKE-MT-001,SKU-COMP-WHEEL-MT-29,Mountain Bike 29 Inch Wheel,10.9963,2,21.9926,PHASE1_FORECAST_PHASE4_BOM_BRIDGE,True
PHASE4-INIT-20260623120228,2026-09-15,SKU-BIKE-MT-001,SKU-COMP-TIRE-MT-29,Mountain Bike 29 Inch Tire,10.9963,2,21.9926,PHASE1_FORECAST_PHASE4_BOM_BRIDGE,True
PHASE4-INIT-20260623120228,2026-09-15,SKU-BIKE-MT-001,SKU-COMP-BRAKE-FRONT-001,Front Brake Assembly,10.9963,1,10.9963,PHASE1_FORECAST_PHASE4_BOM_BRIDGE,True
PHASE4-INIT-20260623120228,2026-09-15,SKU-BIKE-MT-001,SKU-COMP-BRAKE-REAR-001,Rear Brake Assembly,10.9963,1,10.9963,PHASE1_FORECAST_PHASE4_BOM_BRIDGE,True
PHASE4-INIT-20260623120228,2026-09-15,SKU-BIKE-MT-001,SKU-COMP-PEDAL-SET-001,Pedal Set,10.9963,1,10.9963,PHASE1_FORECAST_PHASE4_BOM_BRIDGE,True
PHASE4-INIT-20260623120228,2026-09-15,SKU-BIKE-MT-001,SKU-COMP-BOLT-KIT-001,Bolts and Nuts Kit,10.9963,1,10.9963,PHASE1_FORECAST_PHASE4_BOM_BRIDGE,True
PHASE4-INIT-20260623120228,2026-09-16,SKU-BIKE-MT-001,SKU-COMP-FRAME-MT-001,Mountain Bike Reinforced Frame,10.9963,1,10.9963,PHASE1_FORECAST_PHASE4_BOM_BRIDGE,True
PHASE4-INIT-20260623120228,2026-09-16,SKU-BIKE-MT-001,SKU-COMP-WHEEL-MT-29,Mountain Bike 29 Inch Wheel,10.9963,2,21.9926,PHASE1_FORECAST_PHASE4_BOM_BRIDGE,True
PHASE4-INIT-20260623120228,2026-09-16,SKU-BIKE-MT-001,SKU-COMP-TIRE-MT-29,Mountain Bike 29 Inch Tire,10.9963,2,21.9926,PHASE1_FORECAST_PHASE4_BOM_BRIDGE,True
PHASE4-INIT-20260623120228,2026-09-16,SKU-BIKE-MT-001,SKU-COMP-BRAKE-FRONT-001,Front Brake Assembly,10.9963,1,10.9963,PHASE1_FORECAST_PHASE4_BOM_BRIDGE,True
PHASE4-INIT-20260623120228,2026-09-16,SKU-BIKE-MT-001,SKU-COMP-BRAKE-REAR-001,Rear Brake Assembly,10.9963,1,10.9963,PHASE1_FORECAST_PHASE4_BOM_BRIDGE,True
PHASE4-INIT-20260623120228,2026-09-16,SKU-BIKE-MT-001,SKU-COMP-PEDAL-SET-001,Pedal Set,10.9963,1,10.9963,PHASE1_FORECAST_PHASE4_BOM_BRIDGE,True
PHASE4-INIT-20260623120228,2026-09-16,SKU-BIKE-MT-001,SKU-COMP-BOLT-KIT-001,Bolts and Nuts Kit,10.9963,1,10.9963,PHASE1_FORECAST_PHASE4_BOM_BRIDGE,True
PHASE4-INIT-20260623120228,2026-09-17,SKU-BIKE-MT-001,SKU-COMP-FRAME-MT-001,Mountain Bike Reinforced Frame,10.9963,1,10.9963,PHASE1_FORECAST_PHASE4_BOM_BRIDGE,True
PHASE4-INIT-20260623120228,2026-09-17,SKU-BIKE-MT-001,SKU-COMP-WHEEL-MT-29,Mountain Bike 29 Inch Wheel,10.9963,2,21.9926,PHASE1_FORECAST_PHASE4_BOM_BRIDGE,True
PHASE4-INIT-20260623120228,2026-09-17,SKU-BIKE-MT-001,SKU-COMP-TIRE-MT-29,Mountain Bike 29 Inch Tire,10.9963,2,21.9926,PHASE1_FORECAST_PHASE4_BOM_BRIDGE,True
PHASE4-INIT-20260623120228,2026-09-17,SKU-BIKE-MT-001,SKU-COMP-BRAKE-FRONT-001,Front Brake Assembly,10.9963,1,10.9963,PHASE1_FORECAST_PHASE4_BOM_BRIDGE,True
PHASE4-INIT-20260623120228,2026-09-17,SKU-BIKE-MT-001,SKU-COMP-BRAKE-REAR-001,Rear Brake Assembly,10.9963,1,10.9963,PHASE1_FORECAST_PHASE4_BOM_BRIDGE,True
PHASE4-INIT-20260623120228,2026-09-17,SKU-BIKE-MT-001,SKU-COMP-PEDAL-SET-001,Pedal Set,10.9963,1,10.9963,PHASE1_FORECAST_PHASE4_BOM_BRIDGE,True
PHASE4-INIT-20260623120228,2026-09-17,SKU-BIKE-MT-001,SKU-COMP-BOLT-KIT-001,Bolts and Nuts Kit,10.9963,1,10.9963,PHASE1_FORECAST_PHASE4_BOM_BRIDGE,True
PHASE4-INIT-20260623120228,2026-09-18,SKU-BIKE-MT-001,SKU-COMP-FRAME-MT-001,Mountain Bike Reinforced Frame,10.9963,1,10.9963,PHASE1_FORECAST_PHASE4_BOM_BRIDGE,True
PHASE4-INIT-20260623120228,2026-09-18,SKU-BIKE-MT-001,SKU-COMP-WHEEL-MT-29,Mountain Bike 29 Inch Wheel,10.9963,2,21.9926,PHASE1_FORECAST_PHASE4_BOM_BRIDGE,True
PHASE4-INIT-20260623120228,2026-09-18,SKU-BIKE-MT-001,SKU-COMP-TIRE-MT-29,Mountain Bike 29 Inch Tire,10.9963,2,21.9926,PHASE1_FORECAST_PHASE4_BOM_BRIDGE,True
PHASE4-INIT-20260623120228,2026-09-18,SKU-BIKE-MT-001,SKU-COMP-BRAKE-FRONT-001,Front Brake Assembly,10.9963,1,10.9963,PHASE1_FORECAST_PHASE4_BOM_BRIDGE,True
PHASE4-INIT-20260623120228,2026-09-18,SKU-BIKE-MT-001,SKU-COMP-BRAKE-REAR-001,Rear Brake Assembly,10.9963,1,10.9963,PHASE1_FORECAST_PHASE4_BOM_BRIDGE,True
PHASE4-INIT-20260623120228,2026-09-18,SKU-BIKE-MT-001,SKU-COMP-PEDAL-SET-001,Pedal Set,10.9963,1,10.9963,PHASE1_FORECAST_PHASE4_BOM_BRIDGE,True
PHASE4-INIT-20260623120228,2026-09-18,SKU-BIKE-MT-001,SKU-COMP-BOLT-KIT-001,Bolts and Nuts Kit,10.9963,1,10.9963,PHASE1_FORECAST_PHASE4_BOM_BRIDGE,True
PHASE4-INIT-20260623120228,2026-09-19,SKU-BIKE-MT-001,SKU-COMP-FRAME-MT-001,Mountain Bike Reinforced Frame,10.9963,1,10.9963,PHASE1_FORECAST_PHASE4_BOM_BRIDGE,True
PHASE4-INIT-20260623120228,2026-09-19,SKU-BIKE-MT-001,SKU-COMP-WHEEL-MT-29,Mountain Bike 29 Inch Wheel,10.9963,2,21.9926,PHASE1_FORECAST_PHASE4_BOM_BRIDGE,True
PHASE4-INIT-20260623120228,2026-09-19,SKU-BIKE-MT-001,SKU-COMP-TIRE-MT-29,Mountain Bike 29 Inch Tire,10.9963,2,21.9926,PHASE1_FORECAST_PHASE4_BOM_BRIDGE,True
PHASE4-INIT-20260623120228,2026-09-19,SKU-BIKE-MT-001,SKU-COMP-BRAKE-FRONT-001,Front Brake Assembly,10.9963,1,10.9963,PHASE1_FORECAST_PHASE4_BOM_BRIDGE,True
PHASE4-INIT-20260623120228,2026-09-19,SKU-BIKE-MT-001,SKU-COMP-BRAKE-REAR-001,Rear Brake Assembly,10.9963,1,10.9963,PHASE1_FORECAST_PHASE4_BOM_BRIDGE,True
PHASE4-INIT-20260623120228,2026-09-19,SKU-BIKE-MT-001,SKU-COMP-PEDAL-SET-001,Pedal Set,10.9963,1,10.9963,PHASE1_FORECAST_PHASE4_BOM_BRIDGE,True
PHASE4-INIT-20260623120228,2026-09-19,SKU-BIKE-MT-001,SKU-COMP-BOLT-KIT-001,Bolts and Nuts Kit,10.9963,1,10.9963,PHASE1_FORECAST_PHASE4_BOM_BRIDGE,True
PHASE4-INIT-20260623120228,2026-09-20,SKU-BIKE-MT-001,SKU-COMP-FRAME-MT-001,Mountain Bike Reinforced Frame,10.9963,1,10.9963,PHASE1_FORECAST_PHASE4_BOM_BRIDGE,True
PHASE4-INIT-20260623120228,2026-09-20,SKU-BIKE-MT-001,SKU-COMP-WHEEL-MT-29,Mountain Bike 29 Inch Wheel,10.9963,2,21.9926,PHASE1_FORECAST_PHASE4_BOM_BRIDGE,True
PHASE4-INIT-20260623120228,2026-09-20,SKU-BIKE-MT-001,SKU-COMP-TIRE-MT-29,Mountain Bike 29 Inch Tire,10.9963,2,21.9926,PHASE1_FORECAST_PHASE4_BOM_BRIDGE,True
PHASE4-INIT-20260623120228,2026-09-20,SKU-BIKE-MT-001,SKU-COMP-BRAKE-FRONT-001,Front Brake Assembly,10.9963,1,10.9963,PHASE1_FORECAST_PHASE4_BOM_BRIDGE,True
PHASE4-INIT-20260623120228,2026-09-20,SKU-BIKE-MT-001,SKU-COMP-BRAKE-REAR-001,Rear Brake Assembly,10.9963,1,10.9963,PHASE1_FORECAST_PHASE4_BOM_BRIDGE,True
PHASE4-INIT-20260623120228,2026-09-20,SKU-BIKE-MT-001,SKU-COMP-PEDAL-SET-001,Pedal Set,10.9963,1,10.9963,PHASE1_FORECAST_PHASE4_BOM_BRIDGE,True
PHASE4-INIT-20260623120228,2026-09-20,SKU-BIKE-MT-001,SKU-COMP-BOLT-KIT-001,Bolts and Nuts Kit,10.9963,1,10.9963,PHASE1_FORECAST_PHASE4_BOM_BRIDGE,True
PHASE4-INIT-20260623120228,2026-09-21,SKU-BIKE-MT-001,SKU-COMP-FRAME-MT-001,Mountain Bike Reinforced Frame,10.9963,1,10.9963,PHASE1_FORECAST_PHASE4_BOM_BRIDGE,True
PHASE4-INIT-20260623120228,2026-09-21,SKU-BIKE-MT-001,SKU-COMP-WHEEL-MT-29,Mountain Bike 29 Inch Wheel,10.9963,2,21.9926,PHASE1_FORECAST_PHASE4_BOM_BRIDGE,True
PHASE4-INIT-20260623120228,2026-09-21,SKU-BIKE-MT-001,SKU-COMP-TIRE-MT-29,Mountain Bike 29 Inch Tire,10.9963,2,21.9926,PHASE1_FORECAST_PHASE4_BOM_BRIDGE,True
PHASE4-INIT-20260623120228,2026-09-21,SKU-BIKE-MT-001,SKU-COMP-BRAKE-FRONT-001,Front Brake Assembly,10.9963,1,10.9963,PHASE1_FORECAST_PHASE4_BOM_BRIDGE,True
PHASE4-INIT-20260623120228,2026-09-21,SKU-BIKE-MT-001,SKU-COMP-BRAKE-REAR-001,Rear Brake Assembly,10.9963,1,10.9963,PHASE1_FORECAST_PHASE4_BOM_BRIDGE,True
PHASE4-INIT-20260623120228,2026-09-21,SKU-BIKE-MT-001,SKU-COMP-PEDAL-SET-001,Pedal Set,10.9963,1,10.9963,PHASE1_FORECAST_PHASE4_BOM_BRIDGE,True
PHASE4-INIT-20260623120228,2026-09-21,SKU-BIKE-MT-001,SKU-COMP-BOLT-KIT-001,Bolts and Nuts Kit,10.9963,1,10.9963,PHASE1_FORECAST_PHASE4_BOM_BRIDGE,True
PHASE4-INIT-20260623120228,2026-09-22,SKU-BIKE-MT-001,SKU-COMP-FRAME-MT-001,Mountain Bike Reinforced Frame,10.9963,1,10.9963,PHASE1_FORECAST_PHASE4_BOM_BRIDGE,True
PHASE4-INIT-20260623120228,2026-09-22,SKU-BIKE-MT-001,SKU-COMP-WHEEL-MT-29,Mountain Bike 29 Inch Wheel,10.9963,2,21.9926,PHASE1_FORECAST_PHASE4_BOM_BRIDGE,True
PHASE4-INIT-20260623120228,2026-09-22,SKU-BIKE-MT-001,SKU-COMP-TIRE-MT-29,Mountain Bike 29 Inch Tire,10.9963,2,21.9926,PHASE1_FORECAST_PHASE4_BOM_BRIDGE,True
PHASE4-INIT-20260623120228,2026-09-22,SKU-BIKE-MT-001,SKU-COMP-BRAKE-FRONT-001,Front Brake Assembly,10.9963,1,10.9963,PHASE1_FORECAST_PHASE4_BOM_BRIDGE,True
PHASE4-INIT-20260623120228,2026-09-22,SKU-BIKE-MT-001,SKU-COMP-BRAKE-REAR-001,Rear Brake Assembly,10.9963,1,10.9963,PHASE1_FORECAST_PHASE4_BOM_BRIDGE,True
PHASE4-INIT-20260623120228,2026-09-22,SKU-BIKE-MT-001,SKU-COMP-PEDAL-SET-001,Pedal Set,10.9963,1,10.9963,PHASE1_FORECAST_PHASE4_BOM_BRIDGE,True
PHASE4-INIT-20260623120228,2026-09-22,SKU-BIKE-MT-001,SKU-COMP-BOLT-KIT-001,Bolts and Nuts Kit,10.9963,1,10.9963,PHASE1_FORECAST_PHASE4_BOM_BRIDGE,True
PHASE4-INIT-20260623120228,2026-09-23,SKU-BIKE-MT-001,SKU-COMP-FRAME-MT-001,Mountain Bike Reinforced Frame,10.9963,1,10.9963,PHASE1_FORECAST_PHASE4_BOM_BRIDGE,True
PHASE4-INIT-20260623120228,2026-09-23,SKU-BIKE-MT-001,SKU-COMP-WHEEL-MT-29,Mountain Bike 29 Inch Wheel,10.9963,2,21.9926,PHASE1_FORECAST_PHASE4_BOM_BRIDGE,True
PHASE4-INIT-20260623120228,2026-09-23,SKU-BIKE-MT-001,SKU-COMP-TIRE-MT-29,Mountain Bike 29 Inch Tire,10.9963,2,21.9926,PHASE1_FORECAST_PHASE4_BOM_BRIDGE,True
PHASE4-INIT-20260623120228,2026-09-23,SKU-BIKE-MT-001,SKU-COMP-BRAKE-FRONT-001,Front Brake Assembly,10.9963,1,10.9963,PHASE1_FORECAST_PHASE4_BOM_BRIDGE,True
PHASE4-INIT-20260623120228,2026-09-23,SKU-BIKE-MT-001,SKU-COMP-BRAKE-REAR-001,Rear Brake Assembly,10.9963,1,10.9963,PHASE1_FORECAST_PHASE4_BOM_BRIDGE,True
PHASE4-INIT-20260623120228,2026-09-23,SKU-BIKE-MT-001,SKU-COMP-PEDAL-SET-001,Pedal Set,10.9963,1,10.9963,PHASE1_FORECAST_PHASE4_BOM_BRIDGE,True
PHASE4-INIT-20260623120228,2026-09-23,SKU-BIKE-MT-001,SKU-COMP-BOLT-KIT-001,Bolts and Nuts Kit,10.9963,1,10.9963,PHASE1_FORECAST_PHASE4_BOM_BRIDGE,True
PHASE4-INIT-20260623120228,2026-09-24,SKU-BIKE-MT-001,SKU-COMP-FRAME-MT-001,Mountain Bike Reinforced Frame,10.9963,1,10.9963,PHASE1_FORECAST_PHASE4_BOM_BRIDGE,True
PHASE4-INIT-20260623120228,2026-09-24,SKU-BIKE-MT-001,SKU-COMP-WHEEL-MT-29,Mountain Bike 29 Inch Wheel,10.9963,2,21.9926,PHASE1_FORECAST_PHASE4_BOM_BRIDGE,True
PHASE4-INIT-20260623120228,2026-09-24,SKU-BIKE-MT-001,SKU-COMP-TIRE-MT-29,Mountain Bike 29 Inch Tire,10.9963,2,21.9926,PHASE1_FORECAST_PHASE4_BOM_BRIDGE,True
PHASE4-INIT-20260623120228,2026-09-24,SKU-BIKE-MT-001,SKU-COMP-BRAKE-FRONT-001,Front Brake Assembly,10.9963,1,10.9963,PHASE1_FORECAST_PHASE4_BOM_BRIDGE,True
PHASE4-INIT-20260623120228,2026-09-24,SKU-BIKE-MT-001,SKU-COMP-BRAKE-REAR-001,Rear Brake Assembly,10.9963,1,10.9963,PHASE1_FORECAST_PHASE4_BOM_BRIDGE,True
PHASE4-INIT-20260623120228,2026-09-24,SKU-BIKE-MT-001,SKU-COMP-PEDAL-SET-001,Pedal Set,10.9963,1,10.9963,PHASE1_FORECAST_PHASE4_BOM_BRIDGE,True
PHASE4-INIT-20260623120228,2026-09-24,SKU-BIKE-MT-001,SKU-COMP-BOLT-KIT-001,Bolts and Nuts Kit,10.9963,1,10.9963,PHASE1_FORECAST_PHASE4_BOM_BRIDGE,True
PHASE4-INIT-20260623120228,2026-09-25,SKU-BIKE-MT-001,SKU-COMP-FRAME-MT-001,Mountain Bike Reinforced Frame,10.9963,1,10.9963,PHASE1_FORECAST_PHASE4_BOM_BRIDGE,True
PHASE4-INIT-20260623120228,2026-09-25,SKU-BIKE-MT-001,SKU-COMP-WHEEL-MT-29,Mountain Bike 29 Inch Wheel,10.9963,2,21.9926,PHASE1_FORECAST_PHASE4_BOM_BRIDGE,True
PHASE4-INIT-20260623120228,2026-09-25,SKU-BIKE-MT-001,SKU-COMP-TIRE-MT-29,Mountain Bike 29 Inch Tire,10.9963,2,21.9926,PHASE1_FORECAST_PHASE4_BOM_BRIDGE,True
PHASE4-INIT-20260623120228,2026-09-25,SKU-BIKE-MT-001,SKU-COMP-BRAKE-FRONT-001,Front Brake Assembly,10.9963,1,10.9963,PHASE1_FORECAST_PHASE4_BOM_BRIDGE,True
PHASE4-INIT-20260623120228,2026-09-25,SKU-BIKE-MT-001,SKU-COMP-BRAKE-REAR-001,Rear Brake Assembly,10.9963,1,10.9963,PHASE1_FORECAST_PHASE4_BOM_BRIDGE,True
PHASE4-INIT-20260623120228,2026-09-25,SKU-BIKE-MT-001,SKU-COMP-PEDAL-SET-001,Pedal Set,10.9963,1,10.9963,PHASE1_FORECAST_PHASE4_BOM_BRIDGE,True
PHASE4-INIT-20260623120228,2026-09-25,SKU-BIKE-MT-001,SKU-COMP-BOLT-KIT-001,Bolts and Nuts Kit,10.9963,1,10.9963,PHASE1_FORECAST_PHASE4_BOM_BRIDGE,True
PHASE4-INIT-20260623120228,2026-09-26,SKU-BIKE-MT-001,SKU-COMP-FRAME-MT-001,Mountain Bike Reinforced Frame,10.9963,1,10.9963,PHASE1_FORECAST_PHASE4_BOM_BRIDGE,True
PHASE4-INIT-20260623120228,2026-09-26,SKU-BIKE-MT-001,SKU-COMP-WHEEL-MT-29,Mountain Bike 29 Inch Wheel,10.9963,2,21.9926,PHASE1_FORECAST_PHASE4_BOM_BRIDGE,True
PHASE4-INIT-20260623120228,2026-09-26,SKU-BIKE-MT-001,SKU-COMP-TIRE-MT-29,Mountain Bike 29 Inch Tire,10.9963,2,21.9926,PHASE1_FORECAST_PHASE4_BOM_BRIDGE,True
PHASE4-INIT-20260623120228,2026-09-26,SKU-BIKE-MT-001,SKU-COMP-BRAKE-FRONT-001,Front Brake Assembly,10.9963,1,10.9963,PHASE1_FORECAST_PHASE4_BOM_BRIDGE,True
PHASE4-INIT-20260623120228,2026-09-26,SKU-BIKE-MT-001,SKU-COMP-BRAKE-REAR-001,Rear Brake Assembly,10.9963,1,10.9963,PHASE1_FORECAST_PHASE4_BOM_BRIDGE,True
PHASE4-INIT-20260623120228,2026-09-26,SKU-BIKE-MT-001,SKU-COMP-PEDAL-SET-001,Pedal Set,10.9963,1,10.9963,PHASE1_FORECAST_PHASE4_BOM_BRIDGE,True
PHASE4-INIT-20260623120228,2026-09-26,SKU-BIKE-MT-001,SKU-COMP-BOLT-KIT-001,Bolts and Nuts Kit,10.9963,1,10.9963,PHASE1_FORECAST_PHASE4_BOM_BRIDGE,True
PHASE4-INIT-20260623120228,2026-09-27,SKU-BIKE-MT-001,SKU-COMP-FRAME-MT-001,Mountain Bike Reinforced Frame,10.9963,1,10.9963,PHASE1_FORECAST_PHASE4_BOM_BRIDGE,True
PHASE4-INIT-20260623120228,2026-09-27,SKU-BIKE-MT-001,SKU-COMP-WHEEL-MT-29,Mountain Bike 29 Inch Wheel,10.9963,2,21.9926,PHASE1_FORECAST_PHASE4_BOM_BRIDGE,True
PHASE4-INIT-20260623120228,2026-09-27,SKU-BIKE-MT-001,SKU-COMP-TIRE-MT-29,Mountain Bike 29 Inch Tire,10.9963,2,21.9926,PHASE1_FORECAST_PHASE4_BOM_BRIDGE,True
PHASE4-INIT-20260623120228,2026-09-27,SKU-BIKE-MT-001,SKU-COMP-BRAKE-FRONT-001,Front Brake Assembly,10.9963,1,10.9963,PHASE1_FORECAST_PHASE4_BOM_BRIDGE,True
PHASE4-INIT-20260623120228,2026-09-27,SKU-BIKE-MT-001,SKU-COMP-BRAKE-REAR-001,Rear Brake Assembly,10.9963,1,10.9963,PHASE1_FORECAST_PHASE4_BOM_BRIDGE,True
PHASE4-INIT-20260623120228,2026-09-27,SKU-BIKE-MT-001,SKU-COMP-PEDAL-SET-001,Pedal Set,10.9963,1,10.9963,PHASE1_FORECAST_PHASE4_BOM_BRIDGE,True
PHASE4-INIT-20260623120228,2026-09-27,SKU-BIKE-MT-001,SKU-COMP-BOLT-KIT-001,Bolts and Nuts Kit,10.9963,1,10.9963,PHASE1_FORECAST_PHASE4_BOM_BRIDGE,True
PHASE4-INIT-20260623120228,2026-09-28,SKU-BIKE-MT-001,SKU-COMP-FRAME-MT-001,Mountain Bike Reinforced Frame,10.9963,1,10.9963,PHASE1_FORECAST_PHASE4_BOM_BRIDGE,True
PHASE4-INIT-20260623120228,2026-09-28,SKU-BIKE-MT-001,SKU-COMP-WHEEL-MT-29,Mountain Bike 29 Inch Wheel,10.9963,2,21.9926,PHASE1_FORECAST_PHASE4_BOM_BRIDGE,True
PHASE4-INIT-20260623120228,2026-09-28,SKU-BIKE-MT-001,SKU-COMP-TIRE-MT-29,Mountain Bike 29 Inch Tire,10.9963,2,21.9926,PHASE1_FORECAST_PHASE4_BOM_BRIDGE,True
PHASE4-INIT-20260623120228,2026-09-28,SKU-BIKE-MT-001,SKU-COMP-BRAKE-FRONT-001,Front Brake Assembly,10.9963,1,10.9963,PHASE1_FORECAST_PHASE4_BOM_BRIDGE,True
PHASE4-INIT-20260623120228,2026-09-28,SKU-BIKE-MT-001,SKU-COMP-BRAKE-REAR-001,Rear Brake Assembly,10.9963,1,10.9963,PHASE1_FORECAST_PHASE4_BOM_BRIDGE,True
PHASE4-INIT-20260623120228,2026-09-28,SKU-BIKE-MT-001,SKU-COMP-PEDAL-SET-001,Pedal Set,10.9963,1,10.9963,PHASE1_FORECAST_PHASE4_BOM_BRIDGE,True
PHASE4-INIT-20260623120228,2026-09-28,SKU-BIKE-MT-001,SKU-COMP-BOLT-KIT-001,Bolts and Nuts Kit,10.9963,1,10.9963,PHASE1_FORECAST_PHASE4_BOM_BRIDGE,True
PHASE4-INIT-20260623120228,2026-07-01,SKU-BIKE-ROAD-001,SKU-COMP-FRAME-ROAD-001,Road Bike Aluminum Frame,13.9999,1,13.9999,PHASE1_FORECAST_PHASE4_BOM_BRIDGE,True
PHASE4-INIT-20260623120228,2026-07-01,SKU-BIKE-ROAD-001,SKU-COMP-WHEEL-ROAD-700C,Road Bike 700C Wheel,13.9999,2,27.9998,PHASE1_FORECAST_PHASE4_BOM_BRIDGE,True
PHASE4-INIT-20260623120228,2026-07-01,SKU-BIKE-ROAD-001,SKU-COMP-TIRE-ROAD-700C,Road Bike 700C Tire,13.9999,2,27.9998,PHASE1_FORECAST_PHASE4_BOM_BRIDGE,True
PHASE4-INIT-20260623120228,2026-07-01,SKU-BIKE-ROAD-001,SKU-COMP-BRAKE-FRONT-001,Front Brake Assembly,13.9999,1,13.9999,PHASE1_FORECAST_PHASE4_BOM_BRIDGE,True
PHASE4-INIT-20260623120228,2026-07-01,SKU-BIKE-ROAD-001,SKU-COMP-BRAKE-REAR-001,Rear Brake Assembly,13.9999,1,13.9999,PHASE1_FORECAST_PHASE4_BOM_BRIDGE,True
PHASE4-INIT-20260623120228,2026-07-01,SKU-BIKE-ROAD-001,SKU-COMP-PEDAL-SET-001,Pedal Set,13.9999,1,13.9999,PHASE1_FORECAST_PHASE4_BOM_BRIDGE,True
PHASE4-INIT-20260623120228,2026-07-01,SKU-BIKE-ROAD-001,SKU-COMP-BOLT-KIT-001,Bolts and Nuts Kit,13.9999,1,13.9999,PHASE1_FORECAST_PHASE4_BOM_BRIDGE,True
PHASE4-INIT-20260623120228,2026-07-02,SKU-BIKE-ROAD-001,SKU-COMP-FRAME-ROAD-001,Road Bike Aluminum Frame,13.9999,1,13.9999,PHASE1_FORECAST_PHASE4_BOM_BRIDGE,True
PHASE4-INIT-20260623120228,2026-07-02,SKU-BIKE-ROAD-001,SKU-COMP-WHEEL-ROAD-700C,Road Bike 700C Wheel,13.9999,2,27.9998,PHASE1_FORECAST_PHASE4_BOM_BRIDGE,True
PHASE4-INIT-20260623120228,2026-07-02,SKU-BIKE-ROAD-001,SKU-COMP-TIRE-ROAD-700C,Road Bike 700C Tire,13.9999,2,27.9998,PHASE1_FORECAST_PHASE4_BOM_BRIDGE,True
PHASE4-INIT-20260623120228,2026-07-02,SKU-BIKE-ROAD-001,SKU-COMP-BRAKE-FRONT-001,Front Brake Assembly,13.9999,1,13.9999,PHASE1_FORECAST_PHASE4_BOM_BRIDGE,True
PHASE4-INIT-20260623120228,2026-07-02,SKU-BIKE-ROAD-001,SKU-COMP-BRAKE-REAR-001,Rear Brake Assembly,13.9999,1,13.9999,PHASE1_FORECAST_PHASE4_BOM_BRIDGE,True
PHASE4-INIT-20260623120228,2026-07-02,SKU-BIKE-ROAD-001,SKU-COMP-PEDAL-SET-001,Pedal Set,13.9999,1,13.9999,PHASE1_FORECAST_PHASE4_BOM_BRIDGE,True
PHASE4-INIT-20260623120228,2026-07-02,SKU-BIKE-ROAD-001,SKU-COMP-BOLT-KIT-001,Bolts and Nuts Kit,13.9999,1,13.9999,PHASE1_FORECAST_PHASE4_BOM_BRIDGE,True
PHASE4-INIT-20260623120228,2026-07-03,SKU-BIKE-ROAD-001,SKU-COMP-FRAME-ROAD-001,Road Bike Aluminum Frame,13.9999,1,13.9999,PHASE1_FORECAST_PHASE4_BOM_BRIDGE,True
PHASE4-INIT-20260623120228,2026-07-03,SKU-BIKE-ROAD-001,SKU-COMP-WHEEL-ROAD-700C,Road Bike 700C Wheel,13.9999,2,27.9998,PHASE1_FORECAST_PHASE4_BOM_BRIDGE,True
PHASE4-INIT-20260623120228,2026-07-03,SKU-BIKE-ROAD-001,SKU-COMP-TIRE-ROAD-700C,Road Bike 700C Tire,13.9999,2,27.9998,PHASE1_FORECAST_PHASE4_BOM_BRIDGE,True
PHASE4-INIT-20260623120228,2026-07-03,SKU-BIKE-ROAD-001,SKU-COMP-BRAKE-FRONT-001,Front Brake Assembly,13.9999,1,13.9999,PHASE1_FORECAST_PHASE4_BOM_BRIDGE,True
PHASE4-INIT-20260623120228,2026-07-03,SKU-BIKE-ROAD-001,SKU-COMP-BRAKE-REAR-001,Rear Brake Assembly,13.9999,1,13.9999,PHASE1_FORECAST_PHASE4_BOM_BRIDGE,True
PHASE4-INIT-20260623120228,2026-07-03,SKU-BIKE-ROAD-001,SKU-COMP-PEDAL-SET-001,Pedal Set,13.9999,1,13.9999,PHASE1_FORECAST_PHASE4_BOM_BRIDGE,True
PHASE4-INIT-20260623120228,2026-07-03,SKU-BIKE-ROAD-001,SKU-COMP-BOLT-KIT-001,Bolts and Nuts Kit,13.9999,1,13.9999,PHASE1_FORECAST_PHASE4_BOM_BRIDGE,True
PHASE4-INIT-20260623120228,2026-07-04,SKU-BIKE-ROAD-001,SKU-COMP-FRAME-ROAD-001,Road Bike Aluminum Frame,13.9999,1,13.9999,PHASE1_FORECAST_PHASE4_BOM_BRIDGE,True
PHASE4-INIT-20260623120228,2026-07-04,SKU-BIKE-ROAD-001,SKU-COMP-WHEEL-ROAD-700C,Road Bike 700C Wheel,13.9999,2,27.9998,PHASE1_FORECAST_PHASE4_BOM_BRIDGE,True
PHASE4-INIT-20260623120228,2026-07-04,SKU-BIKE-ROAD-001,SKU-COMP-TIRE-ROAD-700C,Road Bike 700C Tire,13.9999,2,27.9998,PHASE1_FORECAST_PHASE4_BOM_BRIDGE,True
PHASE4-INIT-20260623120228,2026-07-04,SKU-BIKE-ROAD-001,SKU-COMP-BRAKE-FRONT-001,Front Brake Assembly,13.9999,1,13.9999,PHASE1_FORECAST_PHASE4_BOM_BRIDGE,True
PHASE4-INIT-20260623120228,2026-07-04,SKU-BIKE-ROAD-001,SKU-COMP-BRAKE-REAR-001,Rear Brake Assembly,13.9999,1,13.9999,PHASE1_FORECAST_PHASE4_BOM_BRIDGE,True
PHASE4-INIT-20260623120228,2026-07-04,SKU-BIKE-ROAD-001,SKU-COMP-PEDAL-SET-001,Pedal Set,13.9999,1,13.9999,PHASE1_FORECAST_PHASE4_BOM_BRIDGE,True
PHASE4-INIT-20260623120228,2026-07-04,SKU-BIKE-ROAD-001,SKU-COMP-BOLT-KIT-001,Bolts and Nuts Kit,13.9999,1,13.9999,PHASE1_FORECAST_PHASE4_BOM_BRIDGE,True
PHASE4-INIT-20260623120228,2026-07-05,SKU-BIKE-ROAD-001,SKU-COMP-FRAME-ROAD-001,Road Bike Aluminum Frame,13.9999,1,13.9999,PHASE1_FORECAST_PHASE4_BOM_BRIDGE,True
PHASE4-INIT-20260623120228,2026-07-05,SKU-BIKE-ROAD-001,SKU-COMP-WHEEL-ROAD-700C,Road Bike 700C Wheel,13.9999,2,27.9998,PHASE1_FORECAST_PHASE4_BOM_BRIDGE,True
PHASE4-INIT-20260623120228,2026-07-05,SKU-BIKE-ROAD-001,SKU-COMP-TIRE-ROAD-700C,Road Bike 700C Tire,13.9999,2,27.9998,PHASE1_FORECAST_PHASE4_BOM_BRIDGE,True
PHASE4-INIT-20260623120228,2026-07-05,SKU-BIKE-ROAD-001,SKU-COMP-BRAKE-FRONT-001,Front Brake Assembly,13.9999,1,13.9999,PHASE1_FORECAST_PHASE4_BOM_BRIDGE,True
PHASE4-INIT-20260623120228,2026-07-05,SKU-BIKE-ROAD-001,SKU-COMP-BRAKE-REAR-001,Rear Brake Assembly,13.9999,1,13.9999,PHASE1_FORECAST_PHASE4_BOM_BRIDGE,True
PHASE4-INIT-20260623120228,2026-07-05,SKU-BIKE-ROAD-001,SKU-COMP-PEDAL-SET-001,Pedal Set,13.9999,1,13.9999,PHASE1_FORECAST_PHASE4_BOM_BRIDGE,True
PHASE4-INIT-20260623120228,2026-07-05,SKU-BIKE-ROAD-001,SKU-COMP-BOLT-KIT-001,Bolts and Nuts Kit,13.9999,1,13.9999,PHASE1_FORECAST_PHASE4_BOM_BRIDGE,True
PHASE4-INIT-20260623120228,2026-07-06,SKU-BIKE-ROAD-001,SKU-COMP-FRAME-ROAD-001,Road Bike Aluminum Frame,13.9999,1,13.9999,PHASE1_FORECAST_PHASE4_BOM_BRIDGE,True
PHASE4-INIT-20260623120228,2026-07-06,SKU-BIKE-ROAD-001,SKU-COMP-WHEEL-ROAD-700C,Road Bike 700C Wheel,13.9999,2,27.9998,PHASE1_FORECAST_PHASE4_BOM_BRIDGE,True
PHASE4-INIT-20260623120228,2026-07-06,SKU-BIKE-ROAD-001,SKU-COMP-TIRE-ROAD-700C,Road Bike 700C Tire,13.9999,2,27.9998,PHASE1_FORECAST_PHASE4_BOM_BRIDGE,True
PHASE4-INIT-20260623120228,2026-07-06,SKU-BIKE-ROAD-001,SKU-COMP-BRAKE-FRONT-001,Front Brake Assembly,13.9999,1,13.9999,PHASE1_FORECAST_PHASE4_BOM_BRIDGE,True
PHASE4-INIT-20260623120228,2026-07-06,SKU-BIKE-ROAD-001,SKU-COMP-BRAKE-REAR-001,Rear Brake Assembly,13.9999,1,13.9999,PHASE1_FORECAST_PHASE4_BOM_BRIDGE,True
PHASE4-INIT-20260623120228,2026-07-06,SKU-BIKE-ROAD-001,SKU-COMP-PEDAL-SET-001,Pedal Set,13.9999,1,13.9999,PHASE1_FORECAST_PHASE4_BOM_BRIDGE,True
PHASE4-INIT-20260623120228,2026-07-06,SKU-BIKE-ROAD-001,SKU-COMP-BOLT-KIT-001,Bolts and Nuts Kit,13.9999,1,13.9999,PHASE1_FORECAST_PHASE4_BOM_BRIDGE,True
PHASE4-INIT-20260623120228,2026-07-07,SKU-BIKE-ROAD-001,SKU-COMP-FRAME-ROAD-001,Road Bike Aluminum Frame,13.9999,1,13.9999,PHASE1_FORECAST_PHASE4_BOM_BRIDGE,True
PHASE4-INIT-20260623120228,2026-07-07,SKU-BIKE-ROAD-001,SKU-COMP-WHEEL-ROAD-700C,Road Bike 700C Wheel,13.9999,2,27.9998,PHASE1_FORECAST_PHASE4_BOM_BRIDGE,True
PHASE4-INIT-20260623120228,2026-07-07,SKU-BIKE-ROAD-001,SKU-COMP-TIRE-ROAD-700C,Road Bike 700C Tire,13.9999,2,27.9998,PHASE1_FORECAST_PHASE4_BOM_BRIDGE,True
PHASE4-INIT-20260623120228,2026-07-07,SKU-BIKE-ROAD-001,SKU-COMP-BRAKE-FRONT-001,Front Brake Assembly,13.9999,1,13.9999,PHASE1_FORECAST_PHASE4_BOM_BRIDGE,True
PHASE4-INIT-20260623120228,2026-07-07,SKU-BIKE-ROAD-001,SKU-COMP-BRAKE-REAR-001,Rear Brake Assembly,13.9999,1,13.9999,PHASE1_FORECAST_PHASE4_BOM_BRIDGE,True
PHASE4-INIT-20260623120228,2026-07-07,SKU-BIKE-ROAD-001,SKU-COMP-PEDAL-SET-001,Pedal Set,13.9999,1,13.9999,PHASE1_FORECAST_PHASE4_BOM_BRIDGE,True
PHASE4-INIT-20260623120228,2026-07-07,SKU-BIKE-ROAD-001,SKU-COMP-BOLT-KIT-001,Bolts and Nuts Kit,13.9999,1,13.9999,PHASE1_FORECAST_PHASE4_BOM_BRIDGE,True
PHASE4-INIT-20260623120228,2026-07-08,SKU-BIKE-ROAD-001,SKU-COMP-FRAME-ROAD-001,Road Bike Aluminum Frame,14.202,1,14.202,PHASE1_FORECAST_PHASE4_BOM_BRIDGE,True
PHASE4-INIT-20260623120228,2026-07-08,SKU-BIKE-ROAD-001,SKU-COMP-WHEEL-ROAD-700C,Road Bike 700C Wheel,14.202,2,28.404,PHASE1_FORECAST_PHASE4_BOM_BRIDGE,True
PHASE4-INIT-20260623120228,2026-07-08,SKU-BIKE-ROAD-001,SKU-COMP-TIRE-ROAD-700C,Road Bike 700C Tire,14.202,2,28.404,PHASE1_FORECAST_PHASE4_BOM_BRIDGE,True
PHASE4-INIT-20260623120228,2026-07-08,SKU-BIKE-ROAD-001,SKU-COMP-BRAKE-FRONT-001,Front Brake Assembly,14.202,1,14.202,PHASE1_FORECAST_PHASE4_BOM_BRIDGE,True
PHASE4-INIT-20260623120228,2026-07-08,SKU-BIKE-ROAD-001,SKU-COMP-BRAKE-REAR-001,Rear Brake Assembly,14.202,1,14.202,PHASE1_FORECAST_PHASE4_BOM_BRIDGE,True
PHASE4-INIT-20260623120228,2026-07-08,SKU-BIKE-ROAD-001,SKU-COMP-PEDAL-SET-001,Pedal Set,14.202,1,14.202,PHASE1_FORECAST_PHASE4_BOM_BRIDGE,True
PHASE4-INIT-20260623120228,2026-07-08,SKU-BIKE-ROAD-001,SKU-COMP-BOLT-KIT-001,Bolts and Nuts Kit,14.202,1,14.202,PHASE1_FORECAST_PHASE4_BOM_BRIDGE,True
PHASE4-INIT-20260623120228,2026-07-09,SKU-BIKE-ROAD-001,SKU-COMP-FRAME-ROAD-001,Road Bike Aluminum Frame,14.202,1,14.202,PHASE1_FORECAST_PHASE4_BOM_BRIDGE,True
PHASE4-INIT-20260623120228,2026-07-09,SKU-BIKE-ROAD-001,SKU-COMP-WHEEL-ROAD-700C,Road Bike 700C Wheel,14.202,2,28.404,PHASE1_FORECAST_PHASE4_BOM_BRIDGE,True
PHASE4-INIT-20260623120228,2026-07-09,SKU-BIKE-ROAD-001,SKU-COMP-TIRE-ROAD-700C,Road Bike 700C Tire,14.202,2,28.404,PHASE1_FORECAST_PHASE4_BOM_BRIDGE,True
PHASE4-INIT-20260623120228,2026-07-09,SKU-BIKE-ROAD-001,SKU-COMP-BRAKE-FRONT-001,Front Brake Assembly,14.202,1,14.202,PHASE1_FORECAST_PHASE4_BOM_BRIDGE,True
PHASE4-INIT-20260623120228,2026-07-09,SKU-BIKE-ROAD-001,SKU-COMP-BRAKE-REAR-001,Rear Brake Assembly,14.202,1,14.202,PHASE1_FORECAST_PHASE4_BOM_BRIDGE,True
PHASE4-INIT-20260623120228,2026-07-09,SKU-BIKE-ROAD-001,SKU-COMP-PEDAL-SET-001,Pedal Set,14.202,1,14.202,PHASE1_FORECAST_PHASE4_BOM_BRIDGE,True
PHASE4-INIT-20260623120228,2026-07-09,SKU-BIKE-ROAD-001,SKU-COMP-BOLT-KIT-001,Bolts and Nuts Kit,14.202,1,14.202,PHASE1_FORECAST_PHASE4_BOM_BRIDGE,True
PHASE4-INIT-20260623120228,2026-07-10,SKU-BIKE-ROAD-001,SKU-COMP-FRAME-ROAD-001,Road Bike Aluminum Frame,14.202,1,14.202,PHASE1_FORECAST_PHASE4_BOM_BRIDGE,True
PHASE4-INIT-20260623120228,2026-07-10,SKU-BIKE-ROAD-001,SKU-COMP-WHEEL-ROAD-700C,Road Bike 700C Wheel,14.202,2,28.404,PHASE1_FORECAST_PHASE4_BOM_BRIDGE,True
PHASE4-INIT-20260623120228,2026-07-10,SKU-BIKE-ROAD-001,SKU-COMP-TIRE-ROAD-700C,Road Bike 700C Tire,14.202,2,28.404,PHASE1_FORECAST_PHASE4_BOM_BRIDGE,True
PHASE4-INIT-20260623120228,2026-07-10,SKU-BIKE-ROAD-001,SKU-COMP-BRAKE-FRONT-001,Front Brake Assembly,14.202,1,14.202,PHASE1_FORECAST_PHASE4_BOM_BRIDGE,True
PHASE4-INIT-20260623120228,2026-07-10,SKU-BIKE-ROAD-001,SKU-COMP-BRAKE-REAR-001,Rear Brake Assembly,14.202,1,14.202,PHASE1_FORECAST_PHASE4_BOM_BRIDGE,True
PHASE4-INIT-20260623120228,2026-07-10,SKU-BIKE-ROAD-001,SKU-COMP-PEDAL-SET-001,Pedal Set,14.202,1,14.202,PHASE1_FORECAST_PHASE4_BOM_BRIDGE,True
PHASE4-INIT-20260623120228,2026-07-10,SKU-BIKE-ROAD-001,SKU-COMP-BOLT-KIT-001,Bolts and Nuts Kit,14.202,1,14.202,PHASE1_FORECAST_PHASE4_BOM_BRIDGE,True
PHASE4-INIT-20260623120228,2026-07-11,SKU-BIKE-ROAD-001,SKU-COMP-FRAME-ROAD-001,Road Bike Aluminum Frame,14.202,1,14.202,PHASE1_FORECAST_PHASE4_BOM_BRIDGE,True
PHASE4-INIT-20260623120228,2026-07-11,SKU-BIKE-ROAD-001,SKU-COMP-WHEEL-ROAD-700C,Road Bike 700C Wheel,14.202,2,28.404,PHASE1_FORECAST_PHASE4_BOM_BRIDGE,True
PHASE4-INIT-20260623120228,2026-07-11,SKU-BIKE-ROAD-001,SKU-COMP-TIRE-ROAD-700C,Road Bike 700C Tire,14.202,2,28.404,PHASE1_FORECAST_PHASE4_BOM_BRIDGE,True
PHASE4-INIT-20260623120228,2026-07-11,SKU-BIKE-ROAD-001,SKU-COMP-BRAKE-FRONT-001,Front Brake Assembly,14.202,1,14.202,PHASE1_FORECAST_PHASE4_BOM_BRIDGE,True
PHASE4-INIT-20260623120228,2026-07-11,SKU-BIKE-ROAD-001,SKU-COMP-BRAKE-REAR-001,Rear Brake Assembly,14.202,1,14.202,PHASE1_FORECAST_PHASE4_BOM_BRIDGE,True
PHASE4-INIT-20260623120228,2026-07-11,SKU-BIKE-ROAD-001,SKU-COMP-PEDAL-SET-001,Pedal Set,14.202,1,14.202,PHASE1_FORECAST_PHASE4_BOM_BRIDGE,True
PHASE4-INIT-20260623120228,2026-07-11,SKU-BIKE-ROAD-001,SKU-COMP-BOLT-KIT-001,Bolts and Nuts Kit,14.202,1,14.202,PHASE1_FORECAST_PHASE4_BOM_BRIDGE,True
PHASE4-INIT-20260623120228,2026-07-12,SKU-BIKE-ROAD-001,SKU-COMP-FRAME-ROAD-001,Road Bike Aluminum Frame,14.202,1,14.202,PHASE1_FORECAST_PHASE4_BOM_BRIDGE,True
PHASE4-INIT-20260623120228,2026-07-12,SKU-BIKE-ROAD-001,SKU-COMP-WHEEL-ROAD-700C,Road Bike 700C Wheel,14.202,2,28.404,PHASE1_FORECAST_PHASE4_BOM_BRIDGE,True
PHASE4-INIT-20260623120228,2026-07-12,SKU-BIKE-ROAD-001,SKU-COMP-TIRE-ROAD-700C,Road Bike 700C Tire,14.202,2,28.404,PHASE1_FORECAST_PHASE4_BOM_BRIDGE,True
PHASE4-INIT-20260623120228,2026-07-12,SKU-BIKE-ROAD-001,SKU-COMP-BRAKE-FRONT-001,Front Brake Assembly,14.202,1,14.202,PHASE1_FORECAST_PHASE4_BOM_BRIDGE,True
PHASE4-INIT-20260623120228,2026-07-12,SKU-BIKE-ROAD-001,SKU-COMP-BRAKE-REAR-001,Rear Brake Assembly,14.202,1,14.202,PHASE1_FORECAST_PHASE4_BOM_BRIDGE,True
PHASE4-INIT-20260623120228,2026-07-12,SKU-BIKE-ROAD-001,SKU-COMP-PEDAL-SET-001,Pedal Set,14.202,1,14.202,PHASE1_FORECAST_PHASE4_BOM_BRIDGE,True
PHASE4-INIT-20260623120228,2026-07-12,SKU-BIKE-ROAD-001,SKU-COMP-BOLT-KIT-001,Bolts and Nuts Kit,14.202,1,14.202,PHASE1_FORECAST_PHASE4_BOM_BRIDGE,True
PHASE4-INIT-20260623120228,2026-07-13,SKU-BIKE-ROAD-001,SKU-COMP-FRAME-ROAD-001,Road Bike Aluminum Frame,14.202,1,14.202,PHASE1_FORECAST_PHASE4_BOM_BRIDGE,True
PHASE4-INIT-20260623120228,2026-07-13,SKU-BIKE-ROAD-001,SKU-COMP-WHEEL-ROAD-700C,Road Bike 700C Wheel,14.202,2,28.404,PHASE1_FORECAST_PHASE4_BOM_BRIDGE,True
PHASE4-INIT-20260623120228,2026-07-13,SKU-BIKE-ROAD-001,SKU-COMP-TIRE-ROAD-700C,Road Bike 700C Tire,14.202,2,28.404,PHASE1_FORECAST_PHASE4_BOM_BRIDGE,True
PHASE4-INIT-20260623120228,2026-07-13,SKU-BIKE-ROAD-001,SKU-COMP-BRAKE-FRONT-001,Front Brake Assembly,14.202,1,14.202,PHASE1_FORECAST_PHASE4_BOM_BRIDGE,True
PHASE4-INIT-20260623120228,2026-07-13,SKU-BIKE-ROAD-001,SKU-COMP-BRAKE-REAR-001,Rear Brake Assembly,14.202,1,14.202,PHASE1_FORECAST_PHASE4_BOM_BRIDGE,True
PHASE4-INIT-20260623120228,2026-07-13,SKU-BIKE-ROAD-001,SKU-COMP-PEDAL-SET-001,Pedal Set,14.202,1,14.202,PHASE1_FORECAST_PHASE4_BOM_BRIDGE,True
PHASE4-INIT-20260623120228,2026-07-13,SKU-BIKE-ROAD-001,SKU-COMP-BOLT-KIT-001,Bolts and Nuts Kit,14.202,1,14.202,PHASE1_FORECAST_PHASE4_BOM_BRIDGE,True
PHASE4-INIT-20260623120228,2026-07-14,SKU-BIKE-ROAD-001,SKU-COMP-FRAME-ROAD-001,Road Bike Aluminum Frame,14.202,1,14.202,PHASE1_FORECAST_PHASE4_BOM_BRIDGE,True
PHASE4-INIT-20260623120228,2026-07-14,SKU-BIKE-ROAD-001,SKU-COMP-WHEEL-ROAD-700C,Road Bike 700C Wheel,14.202,2,28.404,PHASE1_FORECAST_PHASE4_BOM_BRIDGE,True
PHASE4-INIT-20260623120228,2026-07-14,SKU-BIKE-ROAD-001,SKU-COMP-TIRE-ROAD-700C,Road Bike 700C Tire,14.202,2,28.404,PHASE1_FORECAST_PHASE4_BOM_BRIDGE,True
PHASE4-INIT-20260623120228,2026-07-14,SKU-BIKE-ROAD-001,SKU-COMP-BRAKE-FRONT-001,Front Brake Assembly,14.202,1,14.202,PHASE1_FORECAST_PHASE4_BOM_BRIDGE,True
PHASE4-INIT-20260623120228,2026-07-14,SKU-BIKE-ROAD-001,SKU-COMP-BRAKE-REAR-001,Rear Brake Assembly,14.202,1,14.202,PHASE1_FORECAST_PHASE4_BOM_BRIDGE,True
PHASE4-INIT-20260623120228,2026-07-14,SKU-BIKE-ROAD-001,SKU-COMP-PEDAL-SET-001,Pedal Set,14.202,1,14.202,PHASE1_FORECAST_PHASE4_BOM_BRIDGE,True
PHASE4-INIT-20260623120228,2026-07-14,SKU-BIKE-ROAD-001,SKU-COMP-BOLT-KIT-001,Bolts and Nuts Kit,14.202,1,14.202,PHASE1_FORECAST_PHASE4_BOM_BRIDGE,True
PHASE4-INIT-20260623120228,2026-07-15,SKU-BIKE-ROAD-001,SKU-COMP-FRAME-ROAD-001,Road Bike Aluminum Frame,14.202,1,14.202,PHASE1_FORECAST_PHASE4_BOM_BRIDGE,True
PHASE4-INIT-20260623120228,2026-07-15,SKU-BIKE-ROAD-001,SKU-COMP-WHEEL-ROAD-700C,Road Bike 700C Wheel,14.202,2,28.404,PHASE1_FORECAST_PHASE4_BOM_BRIDGE,True
PHASE4-INIT-20260623120228,2026-07-15,SKU-BIKE-ROAD-001,SKU-COMP-TIRE-ROAD-700C,Road Bike 700C Tire,14.202,2,28.404,PHASE1_FORECAST_PHASE4_BOM_BRIDGE,True
PHASE4-INIT-20260623120228,2026-07-15,SKU-BIKE-ROAD-001,SKU-COMP-BRAKE-FRONT-001,Front Brake Assembly,14.202,1,14.202,PHASE1_FORECAST_PHASE4_BOM_BRIDGE,True
PHASE4-INIT-20260623120228,2026-07-15,SKU-BIKE-ROAD-001,SKU-COMP-BRAKE-REAR-001,Rear Brake Assembly,14.202,1,14.202,PHASE1_FORECAST_PHASE4_BOM_BRIDGE,True
PHASE4-INIT-20260623120228,2026-07-15,SKU-BIKE-ROAD-001,SKU-COMP-PEDAL-SET-001,Pedal Set,14.202,1,14.202,PHASE1_FORECAST_PHASE4_BOM_BRIDGE,True
PHASE4-INIT-20260623120228,2026-07-15,SKU-BIKE-ROAD-001,SKU-COMP-BOLT-KIT-001,Bolts and Nuts Kit,14.202,1,14.202,PHASE1_FORECAST_PHASE4_BOM_BRIDGE,True
PHASE4-INIT-20260623120228,2026-07-16,SKU-BIKE-ROAD-001,SKU-COMP-FRAME-ROAD-001,Road Bike Aluminum Frame,14.202,1,14.202,PHASE1_FORECAST_PHASE4_BOM_BRIDGE,True
PHASE4-INIT-20260623120228,2026-07-16,SKU-BIKE-ROAD-001,SKU-COMP-WHEEL-ROAD-700C,Road Bike 700C Wheel,14.202,2,28.404,PHASE1_FORECAST_PHASE4_BOM_BRIDGE,True
PHASE4-INIT-20260623120228,2026-07-16,SKU-BIKE-ROAD-001,SKU-COMP-TIRE-ROAD-700C,Road Bike 700C Tire,14.202,2,28.404,PHASE1_FORECAST_PHASE4_BOM_BRIDGE,True
PHASE4-INIT-20260623120228,2026-07-16,SKU-BIKE-ROAD-001,SKU-COMP-BRAKE-FRONT-001,Front Brake Assembly,14.202,1,14.202,PHASE1_FORECAST_PHASE4_BOM_BRIDGE,True
PHASE4-INIT-20260623120228,2026-07-16,SKU-BIKE-ROAD-001,SKU-COMP-BRAKE-REAR-001,Rear Brake Assembly,14.202,1,14.202,PHASE1_FORECAST_PHASE4_BOM_BRIDGE,True
PHASE4-INIT-20260623120228,2026-07-16,SKU-BIKE-ROAD-001,SKU-COMP-PEDAL-SET-001,Pedal Set,14.202,1,14.202,PHASE1_FORECAST_PHASE4_BOM_BRIDGE,True
PHASE4-INIT-20260623120228,2026-07-16,SKU-BIKE-ROAD-001,SKU-COMP-BOLT-KIT-001,Bolts and Nuts Kit,14.202,1,14.202,PHASE1_FORECAST_PHASE4_BOM_BRIDGE,True
PHASE4-INIT-20260623120228,2026-07-17,SKU-BIKE-ROAD-001,SKU-COMP-FRAME-ROAD-001,Road Bike Aluminum Frame,14.202,1,14.202,PHASE1_FORECAST_PHASE4_BOM_BRIDGE,True
PHASE4-INIT-20260623120228,2026-07-17,SKU-BIKE-ROAD-001,SKU-COMP-WHEEL-ROAD-700C,Road Bike 700C Wheel,14.202,2,28.404,PHASE1_FORECAST_PHASE4_BOM_BRIDGE,True
PHASE4-INIT-20260623120228,2026-07-17,SKU-BIKE-ROAD-001,SKU-COMP-TIRE-ROAD-700C,Road Bike 700C Tire,14.202,2,28.404,PHASE1_FORECAST_PHASE4_BOM_BRIDGE,True
PHASE4-INIT-20260623120228,2026-07-17,SKU-BIKE-ROAD-001,SKU-COMP-BRAKE-FRONT-001,Front Brake Assembly,14.202,1,14.202,PHASE1_FORECAST_PHASE4_BOM_BRIDGE,True
PHASE4-INIT-20260623120228,2026-07-17,SKU-BIKE-ROAD-001,SKU-COMP-BRAKE-REAR-001,Rear Brake Assembly,14.202,1,14.202,PHASE1_FORECAST_PHASE4_BOM_BRIDGE,True
PHASE4-INIT-20260623120228,2026-07-17,SKU-BIKE-ROAD-001,SKU-COMP-PEDAL-SET-001,Pedal Set,14.202,1,14.202,PHASE1_FORECAST_PHASE4_BOM_BRIDGE,True
PHASE4-INIT-20260623120228,2026-07-17,SKU-BIKE-ROAD-001,SKU-COMP-BOLT-KIT-001,Bolts and Nuts Kit,14.202,1,14.202,PHASE1_FORECAST_PHASE4_BOM_BRIDGE,True
PHASE4-INIT-20260623120228,2026-07-18,SKU-BIKE-ROAD-001,SKU-COMP-FRAME-ROAD-001,Road Bike Aluminum Frame,14.202,1,14.202,PHASE1_FORECAST_PHASE4_BOM_BRIDGE,True
PHASE4-INIT-20260623120228,2026-07-18,SKU-BIKE-ROAD-001,SKU-COMP-WHEEL-ROAD-700C,Road Bike 700C Wheel,14.202,2,28.404,PHASE1_FORECAST_PHASE4_BOM_BRIDGE,True
PHASE4-INIT-20260623120228,2026-07-18,SKU-BIKE-ROAD-001,SKU-COMP-TIRE-ROAD-700C,Road Bike 700C Tire,14.202,2,28.404,PHASE1_FORECAST_PHASE4_BOM_BRIDGE,True
PHASE4-INIT-20260623120228,2026-07-18,SKU-BIKE-ROAD-001,SKU-COMP-BRAKE-FRONT-001,Front Brake Assembly,14.202,1,14.202,PHASE1_FORECAST_PHASE4_BOM_BRIDGE,True
PHASE4-INIT-20260623120228,2026-07-18,SKU-BIKE-ROAD-001,SKU-COMP-BRAKE-REAR-001,Rear Brake Assembly,14.202,1,14.202,PHASE1_FORECAST_PHASE4_BOM_BRIDGE,True
PHASE4-INIT-20260623120228,2026-07-18,SKU-BIKE-ROAD-001,SKU-COMP-PEDAL-SET-001,Pedal Set,14.202,1,14.202,PHASE1_FORECAST_PHASE4_BOM_BRIDGE,True
PHASE4-INIT-20260623120228,2026-07-18,SKU-BIKE-ROAD-001,SKU-COMP-BOLT-KIT-001,Bolts and Nuts Kit,14.202,1,14.202,PHASE1_FORECAST_PHASE4_BOM_BRIDGE,True
PHASE4-INIT-20260623120228,2026-07-19,SKU-BIKE-ROAD-001,SKU-COMP-FRAME-ROAD-001,Road Bike Aluminum Frame,14.202,1,14.202,PHASE1_FORECAST_PHASE4_BOM_BRIDGE,True
PHASE4-INIT-20260623120228,2026-07-19,SKU-BIKE-ROAD-001,SKU-COMP-WHEEL-ROAD-700C,Road Bike 700C Wheel,14.202,2,28.404,PHASE1_FORECAST_PHASE4_BOM_BRIDGE,True
PHASE4-INIT-20260623120228,2026-07-19,SKU-BIKE-ROAD-001,SKU-COMP-TIRE-ROAD-700C,Road Bike 700C Tire,14.202,2,28.404,PHASE1_FORECAST_PHASE4_BOM_BRIDGE,True
PHASE4-INIT-20260623120228,2026-07-19,SKU-BIKE-ROAD-001,SKU-COMP-BRAKE-FRONT-001,Front Brake Assembly,14.202,1,14.202,PHASE1_FORECAST_PHASE4_BOM_BRIDGE,True
PHASE4-INIT-20260623120228,2026-07-19,SKU-BIKE-ROAD-001,SKU-COMP-BRAKE-REAR-001,Rear Brake Assembly,14.202,1,14.202,PHASE1_FORECAST_PHASE4_BOM_BRIDGE,True
PHASE4-INIT-20260623120228,2026-07-19,SKU-BIKE-ROAD-001,SKU-COMP-PEDAL-SET-001,Pedal Set,14.202,1,14.202,PHASE1_FORECAST_PHASE4_BOM_BRIDGE,True
PHASE4-INIT-20260623120228,2026-07-19,SKU-BIKE-ROAD-001,SKU-COMP-BOLT-KIT-001,Bolts and Nuts Kit,14.202,1,14.202,PHASE1_FORECAST_PHASE4_BOM_BRIDGE,True
PHASE4-INIT-20260623120228,2026-07-20,SKU-BIKE-ROAD-001,SKU-COMP-FRAME-ROAD-001,Road Bike Aluminum Frame,14.202,1,14.202,PHASE1_FORECAST_PHASE4_BOM_BRIDGE,True
PHASE4-INIT-20260623120228,2026-07-20,SKU-BIKE-ROAD-001,SKU-COMP-WHEEL-ROAD-700C,Road Bike 700C Wheel,14.202,2,28.404,PHASE1_FORECAST_PHASE4_BOM_BRIDGE,True
PHASE4-INIT-20260623120228,2026-07-20,SKU-BIKE-ROAD-001,SKU-COMP-TIRE-ROAD-700C,Road Bike 700C Tire,14.202,2,28.404,PHASE1_FORECAST_PHASE4_BOM_BRIDGE,True
PHASE4-INIT-20260623120228,2026-07-20,SKU-BIKE-ROAD-001,SKU-COMP-BRAKE-FRONT-001,Front Brake Assembly,14.202,1,14.202,PHASE1_FORECAST_PHASE4_BOM_BRIDGE,True
PHASE4-INIT-20260623120228,2026-07-20,SKU-BIKE-ROAD-001,SKU-COMP-BRAKE-REAR-001,Rear Brake Assembly,14.202,1,14.202,PHASE1_FORECAST_PHASE4_BOM_BRIDGE,True
PHASE4-INIT-20260623120228,2026-07-20,SKU-BIKE-ROAD-001,SKU-COMP-PEDAL-SET-001,Pedal Set,14.202,1,14.202,PHASE1_FORECAST_PHASE4_BOM_BRIDGE,True
PHASE4-INIT-20260623120228,2026-07-20,SKU-BIKE-ROAD-001,SKU-COMP-BOLT-KIT-001,Bolts and Nuts Kit,14.202,1,14.202,PHASE1_FORECAST_PHASE4_BOM_BRIDGE,True
PHASE4-INIT-20260623120228,2026-07-21,SKU-BIKE-ROAD-001,SKU-COMP-FRAME-ROAD-001,Road Bike Aluminum Frame,14.202,1,14.202,PHASE1_FORECAST_PHASE4_BOM_BRIDGE,True
PHASE4-INIT-20260623120228,2026-07-21,SKU-BIKE-ROAD-001,SKU-COMP-WHEEL-ROAD-700C,Road Bike 700C Wheel,14.202,2,28.404,PHASE1_FORECAST_PHASE4_BOM_BRIDGE,True
PHASE4-INIT-20260623120228,2026-07-21,SKU-BIKE-ROAD-001,SKU-COMP-TIRE-ROAD-700C,Road Bike 700C Tire,14.202,2,28.404,PHASE1_FORECAST_PHASE4_BOM_BRIDGE,True
PHASE4-INIT-20260623120228,2026-07-21,SKU-BIKE-ROAD-001,SKU-COMP-BRAKE-FRONT-001,Front Brake Assembly,14.202,1,14.202,PHASE1_FORECAST_PHASE4_BOM_BRIDGE,True
PHASE4-INIT-20260623120228,2026-07-21,SKU-BIKE-ROAD-001,SKU-COMP-BRAKE-REAR-001,Rear Brake Assembly,14.202,1,14.202,PHASE1_FORECAST_PHASE4_BOM_BRIDGE,True
PHASE4-INIT-20260623120228,2026-07-21,SKU-BIKE-ROAD-001,SKU-COMP-PEDAL-SET-001,Pedal Set,14.202,1,14.202,PHASE1_FORECAST_PHASE4_BOM_BRIDGE,True
PHASE4-INIT-20260623120228,2026-07-21,SKU-BIKE-ROAD-001,SKU-COMP-BOLT-KIT-001,Bolts and Nuts Kit,14.202,1,14.202,PHASE1_FORECAST_PHASE4_BOM_BRIDGE,True
PHASE4-INIT-20260623120228,2026-07-22,SKU-BIKE-ROAD-001,SKU-COMP-FRAME-ROAD-001,Road Bike Aluminum Frame,14.202,1,14.202,PHASE1_FORECAST_PHASE4_BOM_BRIDGE,True
PHASE4-INIT-20260623120228,2026-07-22,SKU-BIKE-ROAD-001,SKU-COMP-WHEEL-ROAD-700C,Road Bike 700C Wheel,14.202,2,28.404,PHASE1_FORECAST_PHASE4_BOM_BRIDGE,True
PHASE4-INIT-20260623120228,2026-07-22,SKU-BIKE-ROAD-001,SKU-COMP-TIRE-ROAD-700C,Road Bike 700C Tire,14.202,2,28.404,PHASE1_FORECAST_PHASE4_BOM_BRIDGE,True
PHASE4-INIT-20260623120228,2026-07-22,SKU-BIKE-ROAD-001,SKU-COMP-BRAKE-FRONT-001,Front Brake Assembly,14.202,1,14.202,PHASE1_FORECAST_PHASE4_BOM_BRIDGE,True
PHASE4-INIT-20260623120228,2026-07-22,SKU-BIKE-ROAD-001,SKU-COMP-BRAKE-REAR-001,Rear Brake Assembly,14.202,1,14.202,PHASE1_FORECAST_PHASE4_BOM_BRIDGE,True
PHASE4-INIT-20260623120228,2026-07-22,SKU-BIKE-ROAD-001,SKU-COMP-PEDAL-SET-001,Pedal Set,14.202,1,14.202,PHASE1_FORECAST_PHASE4_BOM_BRIDGE,True
PHASE4-INIT-20260623120228,2026-07-22,SKU-BIKE-ROAD-001,SKU-COMP-BOLT-KIT-001,Bolts and Nuts Kit,14.202,1,14.202,PHASE1_FORECAST_PHASE4_BOM_BRIDGE,True
PHASE4-INIT-20260623120228,2026-07-23,SKU-BIKE-ROAD-001,SKU-COMP-FRAME-ROAD-001,Road Bike Aluminum Frame,14.202,1,14.202,PHASE1_FORECAST_PHASE4_BOM_BRIDGE,True
PHASE4-INIT-20260623120228,2026-07-23,SKU-BIKE-ROAD-001,SKU-COMP-WHEEL-ROAD-700C,Road Bike 700C Wheel,14.202,2,28.404,PHASE1_FORECAST_PHASE4_BOM_BRIDGE,True
PHASE4-INIT-20260623120228,2026-07-23,SKU-BIKE-ROAD-001,SKU-COMP-TIRE-ROAD-700C,Road Bike 700C Tire,14.202,2,28.404,PHASE1_FORECAST_PHASE4_BOM_BRIDGE,True
PHASE4-INIT-20260623120228,2026-07-23,SKU-BIKE-ROAD-001,SKU-COMP-BRAKE-FRONT-001,Front Brake Assembly,14.202,1,14.202,PHASE1_FORECAST_PHASE4_BOM_BRIDGE,True
PHASE4-INIT-20260623120228,2026-07-23,SKU-BIKE-ROAD-001,SKU-COMP-BRAKE-REAR-001,Rear Brake Assembly,14.202,1,14.202,PHASE1_FORECAST_PHASE4_BOM_BRIDGE,True
PHASE4-INIT-20260623120228,2026-07-23,SKU-BIKE-ROAD-001,SKU-COMP-PEDAL-SET-001,Pedal Set,14.202,1,14.202,PHASE1_FORECAST_PHASE4_BOM_BRIDGE,True
PHASE4-INIT-20260623120228,2026-07-23,SKU-BIKE-ROAD-001,SKU-COMP-BOLT-KIT-001,Bolts and Nuts Kit,14.202,1,14.202,PHASE1_FORECAST_PHASE4_BOM_BRIDGE,True
PHASE4-INIT-20260623120228,2026-07-24,SKU-BIKE-ROAD-001,SKU-COMP-FRAME-ROAD-001,Road Bike Aluminum Frame,14.202,1,14.202,PHASE1_FORECAST_PHASE4_BOM_BRIDGE,True
PHASE4-INIT-20260623120228,2026-07-24,SKU-BIKE-ROAD-001,SKU-COMP-WHEEL-ROAD-700C,Road Bike 700C Wheel,14.202,2,28.404,PHASE1_FORECAST_PHASE4_BOM_BRIDGE,True
PHASE4-INIT-20260623120228,2026-07-24,SKU-BIKE-ROAD-001,SKU-COMP-TIRE-ROAD-700C,Road Bike 700C Tire,14.202,2,28.404,PHASE1_FORECAST_PHASE4_BOM_BRIDGE,True
PHASE4-INIT-20260623120228,2026-07-24,SKU-BIKE-ROAD-001,SKU-COMP-BRAKE-FRONT-001,Front Brake Assembly,14.202,1,14.202,PHASE1_FORECAST_PHASE4_BOM_BRIDGE,True
PHASE4-INIT-20260623120228,2026-07-24,SKU-BIKE-ROAD-001,SKU-COMP-BRAKE-REAR-001,Rear Brake Assembly,14.202,1,14.202,PHASE1_FORECAST_PHASE4_BOM_BRIDGE,True
PHASE4-INIT-20260623120228,2026-07-24,SKU-BIKE-ROAD-001,SKU-COMP-PEDAL-SET-001,Pedal Set,14.202,1,14.202,PHASE1_FORECAST_PHASE4_BOM_BRIDGE,True
PHASE4-INIT-20260623120228,2026-07-24,SKU-BIKE-ROAD-001,SKU-COMP-BOLT-KIT-001,Bolts and Nuts Kit,14.202,1,14.202,PHASE1_FORECAST_PHASE4_BOM_BRIDGE,True
PHASE4-INIT-20260623120228,2026-07-25,SKU-BIKE-ROAD-001,SKU-COMP-FRAME-ROAD-001,Road Bike Aluminum Frame,14.202,1,14.202,PHASE1_FORECAST_PHASE4_BOM_BRIDGE,True
PHASE4-INIT-20260623120228,2026-07-25,SKU-BIKE-ROAD-001,SKU-COMP-WHEEL-ROAD-700C,Road Bike 700C Wheel,14.202,2,28.404,PHASE1_FORECAST_PHASE4_BOM_BRIDGE,True
PHASE4-INIT-20260623120228,2026-07-25,SKU-BIKE-ROAD-001,SKU-COMP-TIRE-ROAD-700C,Road Bike 700C Tire,14.202,2,28.404,PHASE1_FORECAST_PHASE4_BOM_BRIDGE,True
PHASE4-INIT-20260623120228,2026-07-25,SKU-BIKE-ROAD-001,SKU-COMP-BRAKE-FRONT-001,Front Brake Assembly,14.202,1,14.202,PHASE1_FORECAST_PHASE4_BOM_BRIDGE,True
PHASE4-INIT-20260623120228,2026-07-25,SKU-BIKE-ROAD-001,SKU-COMP-BRAKE-REAR-001,Rear Brake Assembly,14.202,1,14.202,PHASE1_FORECAST_PHASE4_BOM_BRIDGE,True
PHASE4-INIT-20260623120228,2026-07-25,SKU-BIKE-ROAD-001,SKU-COMP-PEDAL-SET-001,Pedal Set,14.202,1,14.202,PHASE1_FORECAST_PHASE4_BOM_BRIDGE,True
PHASE4-INIT-20260623120228,2026-07-25,SKU-BIKE-ROAD-001,SKU-COMP-BOLT-KIT-001,Bolts and Nuts Kit,14.202,1,14.202,PHASE1_FORECAST_PHASE4_BOM_BRIDGE,True
PHASE4-INIT-20260623120228,2026-07-26,SKU-BIKE-ROAD-001,SKU-COMP-FRAME-ROAD-001,Road Bike Aluminum Frame,14.202,1,14.202,PHASE1_FORECAST_PHASE4_BOM_BRIDGE,True
PHASE4-INIT-20260623120228,2026-07-26,SKU-BIKE-ROAD-001,SKU-COMP-WHEEL-ROAD-700C,Road Bike 700C Wheel,14.202,2,28.404,PHASE1_FORECAST_PHASE4_BOM_BRIDGE,True
PHASE4-INIT-20260623120228,2026-07-26,SKU-BIKE-ROAD-001,SKU-COMP-TIRE-ROAD-700C,Road Bike 700C Tire,14.202,2,28.404,PHASE1_FORECAST_PHASE4_BOM_BRIDGE,True
PHASE4-INIT-20260623120228,2026-07-26,SKU-BIKE-ROAD-001,SKU-COMP-BRAKE-FRONT-001,Front Brake Assembly,14.202,1,14.202,PHASE1_FORECAST_PHASE4_BOM_BRIDGE,True
PHASE4-INIT-20260623120228,2026-07-26,SKU-BIKE-ROAD-001,SKU-COMP-BRAKE-REAR-001,Rear Brake Assembly,14.202,1,14.202,PHASE1_FORECAST_PHASE4_BOM_BRIDGE,True
PHASE4-INIT-20260623120228,2026-07-26,SKU-BIKE-ROAD-001,SKU-COMP-PEDAL-SET-001,Pedal Set,14.202,1,14.202,PHASE1_FORECAST_PHASE4_BOM_BRIDGE,True
PHASE4-INIT-20260623120228,2026-07-26,SKU-BIKE-ROAD-001,SKU-COMP-BOLT-KIT-001,Bolts and Nuts Kit,14.202,1,14.202,PHASE1_FORECAST_PHASE4_BOM_BRIDGE,True
PHASE4-INIT-20260623120228,2026-07-27,SKU-BIKE-ROAD-001,SKU-COMP-FRAME-ROAD-001,Road Bike Aluminum Frame,14.202,1,14.202,PHASE1_FORECAST_PHASE4_BOM_BRIDGE,True
PHASE4-INIT-20260623120228,2026-07-27,SKU-BIKE-ROAD-001,SKU-COMP-WHEEL-ROAD-700C,Road Bike 700C Wheel,14.202,2,28.404,PHASE1_FORECAST_PHASE4_BOM_BRIDGE,True
PHASE4-INIT-20260623120228,2026-07-27,SKU-BIKE-ROAD-001,SKU-COMP-TIRE-ROAD-700C,Road Bike 700C Tire,14.202,2,28.404,PHASE1_FORECAST_PHASE4_BOM_BRIDGE,True
PHASE4-INIT-20260623120228,2026-07-27,SKU-BIKE-ROAD-001,SKU-COMP-BRAKE-FRONT-001,Front Brake Assembly,14.202,1,14.202,PHASE1_FORECAST_PHASE4_BOM_BRIDGE,True
PHASE4-INIT-20260623120228,2026-07-27,SKU-BIKE-ROAD-001,SKU-COMP-BRAKE-REAR-001,Rear Brake Assembly,14.202,1,14.202,PHASE1_FORECAST_PHASE4_BOM_BRIDGE,True
PHASE4-INIT-20260623120228,2026-07-27,SKU-BIKE-ROAD-001,SKU-COMP-PEDAL-SET-001,Pedal Set,14.202,1,14.202,PHASE1_FORECAST_PHASE4_BOM_BRIDGE,True
PHASE4-INIT-20260623120228,2026-07-27,SKU-BIKE-ROAD-001,SKU-COMP-BOLT-KIT-001,Bolts and Nuts Kit,14.202,1,14.202,PHASE1_FORECAST_PHASE4_BOM_BRIDGE,True
PHASE4-INIT-20260623120228,2026-07-28,SKU-BIKE-ROAD-001,SKU-COMP-FRAME-ROAD-001,Road Bike Aluminum Frame,14.202,1,14.202,PHASE1_FORECAST_PHASE4_BOM_BRIDGE,True
PHASE4-INIT-20260623120228,2026-07-28,SKU-BIKE-ROAD-001,SKU-COMP-WHEEL-ROAD-700C,Road Bike 700C Wheel,14.202,2,28.404,PHASE1_FORECAST_PHASE4_BOM_BRIDGE,True
PHASE4-INIT-20260623120228,2026-07-28,SKU-BIKE-ROAD-001,SKU-COMP-TIRE-ROAD-700C,Road Bike 700C Tire,14.202,2,28.404,PHASE1_FORECAST_PHASE4_BOM_BRIDGE,True
PHASE4-INIT-20260623120228,2026-07-28,SKU-BIKE-ROAD-001,SKU-COMP-BRAKE-FRONT-001,Front Brake Assembly,14.202,1,14.202,PHASE1_FORECAST_PHASE4_BOM_BRIDGE,True
PHASE4-INIT-20260623120228,2026-07-28,SKU-BIKE-ROAD-001,SKU-COMP-BRAKE-REAR-001,Rear Brake Assembly,14.202,1,14.202,PHASE1_FORECAST_PHASE4_BOM_BRIDGE,True
PHASE4-INIT-20260623120228,2026-07-28,SKU-BIKE-ROAD-001,SKU-COMP-PEDAL-SET-001,Pedal Set,14.202,1,14.202,PHASE1_FORECAST_PHASE4_BOM_BRIDGE,True
PHASE4-INIT-20260623120228,2026-07-28,SKU-BIKE-ROAD-001,SKU-COMP-BOLT-KIT-001,Bolts and Nuts Kit,14.202,1,14.202,PHASE1_FORECAST_PHASE4_BOM_BRIDGE,True
PHASE4-INIT-20260623120228,2026-07-29,SKU-BIKE-ROAD-001,SKU-COMP-FRAME-ROAD-001,Road Bike Aluminum Frame,14.202,1,14.202,PHASE1_FORECAST_PHASE4_BOM_BRIDGE,True
PHASE4-INIT-20260623120228,2026-07-29,SKU-BIKE-ROAD-001,SKU-COMP-WHEEL-ROAD-700C,Road Bike 700C Wheel,14.202,2,28.404,PHASE1_FORECAST_PHASE4_BOM_BRIDGE,True
PHASE4-INIT-20260623120228,2026-07-29,SKU-BIKE-ROAD-001,SKU-COMP-TIRE-ROAD-700C,Road Bike 700C Tire,14.202,2,28.404,PHASE1_FORECAST_PHASE4_BOM_BRIDGE,True
PHASE4-INIT-20260623120228,2026-07-29,SKU-BIKE-ROAD-001,SKU-COMP-BRAKE-FRONT-001,Front Brake Assembly,14.202,1,14.202,PHASE1_FORECAST_PHASE4_BOM_BRIDGE,True
PHASE4-INIT-20260623120228,2026-07-29,SKU-BIKE-ROAD-001,SKU-COMP-BRAKE-REAR-001,Rear Brake Assembly,14.202,1,14.202,PHASE1_FORECAST_PHASE4_BOM_BRIDGE,True
PHASE4-INIT-20260623120228,2026-07-29,SKU-BIKE-ROAD-001,SKU-COMP-PEDAL-SET-001,Pedal Set,14.202,1,14.202,PHASE1_FORECAST_PHASE4_BOM_BRIDGE,True
PHASE4-INIT-20260623120228,2026-07-29,SKU-BIKE-ROAD-001,SKU-COMP-BOLT-KIT-001,Bolts and Nuts Kit,14.202,1,14.202,PHASE1_FORECAST_PHASE4_BOM_BRIDGE,True
PHASE4-INIT-20260623120228,2026-07-30,SKU-BIKE-ROAD-001,SKU-COMP-FRAME-ROAD-001,Road Bike Aluminum Frame,14.202,1,14.202,PHASE1_FORECAST_PHASE4_BOM_BRIDGE,True
PHASE4-INIT-20260623120228,2026-07-30,SKU-BIKE-ROAD-001,SKU-COMP-WHEEL-ROAD-700C,Road Bike 700C Wheel,14.202,2,28.404,PHASE1_FORECAST_PHASE4_BOM_BRIDGE,True
PHASE4-INIT-20260623120228,2026-07-30,SKU-BIKE-ROAD-001,SKU-COMP-TIRE-ROAD-700C,Road Bike 700C Tire,14.202,2,28.404,PHASE1_FORECAST_PHASE4_BOM_BRIDGE,True
PHASE4-INIT-20260623120228,2026-07-30,SKU-BIKE-ROAD-001,SKU-COMP-BRAKE-FRONT-001,Front Brake Assembly,14.202,1,14.202,PHASE1_FORECAST_PHASE4_BOM_BRIDGE,True
PHASE4-INIT-20260623120228,2026-07-30,SKU-BIKE-ROAD-001,SKU-COMP-BRAKE-REAR-001,Rear Brake Assembly,14.202,1,14.202,PHASE1_FORECAST_PHASE4_BOM_BRIDGE,True
PHASE4-INIT-20260623120228,2026-07-30,SKU-BIKE-ROAD-001,SKU-COMP-PEDAL-SET-001,Pedal Set,14.202,1,14.202,PHASE1_FORECAST_PHASE4_BOM_BRIDGE,True
PHASE4-INIT-20260623120228,2026-07-30,SKU-BIKE-ROAD-001,SKU-COMP-BOLT-KIT-001,Bolts and Nuts Kit,14.202,1,14.202,PHASE1_FORECAST_PHASE4_BOM_BRIDGE,True
PHASE4-INIT-20260623120228,2026-07-31,SKU-BIKE-ROAD-001,SKU-COMP-FRAME-ROAD-001,Road Bike Aluminum Frame,14.202,1,14.202,PHASE1_FORECAST_PHASE4_BOM_BRIDGE,True
PHASE4-INIT-20260623120228,2026-07-31,SKU-BIKE-ROAD-001,SKU-COMP-WHEEL-ROAD-700C,Road Bike 700C Wheel,14.202,2,28.404,PHASE1_FORECAST_PHASE4_BOM_BRIDGE,True
PHASE4-INIT-20260623120228,2026-07-31,SKU-BIKE-ROAD-001,SKU-COMP-TIRE-ROAD-700C,Road Bike 700C Tire,14.202,2,28.404,PHASE1_FORECAST_PHASE4_BOM_BRIDGE,True
PHASE4-INIT-20260623120228,2026-07-31,SKU-BIKE-ROAD-001,SKU-COMP-BRAKE-FRONT-001,Front Brake Assembly,14.202,1,14.202,PHASE1_FORECAST_PHASE4_BOM_BRIDGE,True
PHASE4-INIT-20260623120228,2026-07-31,SKU-BIKE-ROAD-001,SKU-COMP-BRAKE-REAR-001,Rear Brake Assembly,14.202,1,14.202,PHASE1_FORECAST_PHASE4_BOM_BRIDGE,True
PHASE4-INIT-20260623120228,2026-07-31,SKU-BIKE-ROAD-001,SKU-COMP-PEDAL-SET-001,Pedal Set,14.202,1,14.202,PHASE1_FORECAST_PHASE4_BOM_BRIDGE,True
PHASE4-INIT-20260623120228,2026-07-31,SKU-BIKE-ROAD-001,SKU-COMP-BOLT-KIT-001,Bolts and Nuts Kit,14.202,1,14.202,PHASE1_FORECAST_PHASE4_BOM_BRIDGE,True
PHASE4-INIT-20260623120228,2026-08-01,SKU-BIKE-ROAD-001,SKU-COMP-FRAME-ROAD-001,Road Bike Aluminum Frame,14.202,1,14.202,PHASE1_FORECAST_PHASE4_BOM_BRIDGE,True
PHASE4-INIT-20260623120228,2026-08-01,SKU-BIKE-ROAD-001,SKU-COMP-WHEEL-ROAD-700C,Road Bike 700C Wheel,14.202,2,28.404,PHASE1_FORECAST_PHASE4_BOM_BRIDGE,True
PHASE4-INIT-20260623120228,2026-08-01,SKU-BIKE-ROAD-001,SKU-COMP-TIRE-ROAD-700C,Road Bike 700C Tire,14.202,2,28.404,PHASE1_FORECAST_PHASE4_BOM_BRIDGE,True
PHASE4-INIT-20260623120228,2026-08-01,SKU-BIKE-ROAD-001,SKU-COMP-BRAKE-FRONT-001,Front Brake Assembly,14.202,1,14.202,PHASE1_FORECAST_PHASE4_BOM_BRIDGE,True
PHASE4-INIT-20260623120228,2026-08-01,SKU-BIKE-ROAD-001,SKU-COMP-BRAKE-REAR-001,Rear Brake Assembly,14.202,1,14.202,PHASE1_FORECAST_PHASE4_BOM_BRIDGE,True
PHASE4-INIT-20260623120228,2026-08-01,SKU-BIKE-ROAD-001,SKU-COMP-PEDAL-SET-001,Pedal Set,14.202,1,14.202,PHASE1_FORECAST_PHASE4_BOM_BRIDGE,True
PHASE4-INIT-20260623120228,2026-08-01,SKU-BIKE-ROAD-001,SKU-COMP-BOLT-KIT-001,Bolts and Nuts Kit,14.202,1,14.202,PHASE1_FORECAST_PHASE4_BOM_BRIDGE,True
PHASE4-INIT-20260623120228,2026-08-02,SKU-BIKE-ROAD-001,SKU-COMP-FRAME-ROAD-001,Road Bike Aluminum Frame,14.202,1,14.202,PHASE1_FORECAST_PHASE4_BOM_BRIDGE,True
PHASE4-INIT-20260623120228,2026-08-02,SKU-BIKE-ROAD-001,SKU-COMP-WHEEL-ROAD-700C,Road Bike 700C Wheel,14.202,2,28.404,PHASE1_FORECAST_PHASE4_BOM_BRIDGE,True
PHASE4-INIT-20260623120228,2026-08-02,SKU-BIKE-ROAD-001,SKU-COMP-TIRE-ROAD-700C,Road Bike 700C Tire,14.202,2,28.404,PHASE1_FORECAST_PHASE4_BOM_BRIDGE,True
PHASE4-INIT-20260623120228,2026-08-02,SKU-BIKE-ROAD-001,SKU-COMP-BRAKE-FRONT-001,Front Brake Assembly,14.202,1,14.202,PHASE1_FORECAST_PHASE4_BOM_BRIDGE,True
PHASE4-INIT-20260623120228,2026-08-02,SKU-BIKE-ROAD-001,SKU-COMP-BRAKE-REAR-001,Rear Brake Assembly,14.202,1,14.202,PHASE1_FORECAST_PHASE4_BOM_BRIDGE,True
PHASE4-INIT-20260623120228,2026-08-02,SKU-BIKE-ROAD-001,SKU-COMP-PEDAL-SET-001,Pedal Set,14.202,1,14.202,PHASE1_FORECAST_PHASE4_BOM_BRIDGE,True
PHASE4-INIT-20260623120228,2026-08-02,SKU-BIKE-ROAD-001,SKU-COMP-BOLT-KIT-001,Bolts and Nuts Kit,14.202,1,14.202,PHASE1_FORECAST_PHASE4_BOM_BRIDGE,True
PHASE4-INIT-20260623120228,2026-08-03,SKU-BIKE-ROAD-001,SKU-COMP-FRAME-ROAD-001,Road Bike Aluminum Frame,14.202,1,14.202,PHASE1_FORECAST_PHASE4_BOM_BRIDGE,True
PHASE4-INIT-20260623120228,2026-08-03,SKU-BIKE-ROAD-001,SKU-COMP-WHEEL-ROAD-700C,Road Bike 700C Wheel,14.202,2,28.404,PHASE1_FORECAST_PHASE4_BOM_BRIDGE,True
PHASE4-INIT-20260623120228,2026-08-03,SKU-BIKE-ROAD-001,SKU-COMP-TIRE-ROAD-700C,Road Bike 700C Tire,14.202,2,28.404,PHASE1_FORECAST_PHASE4_BOM_BRIDGE,True
PHASE4-INIT-20260623120228,2026-08-03,SKU-BIKE-ROAD-001,SKU-COMP-BRAKE-FRONT-001,Front Brake Assembly,14.202,1,14.202,PHASE1_FORECAST_PHASE4_BOM_BRIDGE,True
PHASE4-INIT-20260623120228,2026-08-03,SKU-BIKE-ROAD-001,SKU-COMP-BRAKE-REAR-001,Rear Brake Assembly,14.202,1,14.202,PHASE1_FORECAST_PHASE4_BOM_BRIDGE,True
PHASE4-INIT-20260623120228,2026-08-03,SKU-BIKE-ROAD-001,SKU-COMP-PEDAL-SET-001,Pedal Set,14.202,1,14.202,PHASE1_FORECAST_PHASE4_BOM_BRIDGE,True
PHASE4-INIT-20260623120228,2026-08-03,SKU-BIKE-ROAD-001,SKU-COMP-BOLT-KIT-001,Bolts and Nuts Kit,14.202,1,14.202,PHASE1_FORECAST_PHASE4_BOM_BRIDGE,True
PHASE4-INIT-20260623120228,2026-08-04,SKU-BIKE-ROAD-001,SKU-COMP-FRAME-ROAD-001,Road Bike Aluminum Frame,14.202,1,14.202,PHASE1_FORECAST_PHASE4_BOM_BRIDGE,True
PHASE4-INIT-20260623120228,2026-08-04,SKU-BIKE-ROAD-001,SKU-COMP-WHEEL-ROAD-700C,Road Bike 700C Wheel,14.202,2,28.404,PHASE1_FORECAST_PHASE4_BOM_BRIDGE,True
PHASE4-INIT-20260623120228,2026-08-04,SKU-BIKE-ROAD-001,SKU-COMP-TIRE-ROAD-700C,Road Bike 700C Tire,14.202,2,28.404,PHASE1_FORECAST_PHASE4_BOM_BRIDGE,True
PHASE4-INIT-20260623120228,2026-08-04,SKU-BIKE-ROAD-001,SKU-COMP-BRAKE-FRONT-001,Front Brake Assembly,14.202,1,14.202,PHASE1_FORECAST_PHASE4_BOM_BRIDGE,True
PHASE4-INIT-20260623120228,2026-08-04,SKU-BIKE-ROAD-001,SKU-COMP-BRAKE-REAR-001,Rear Brake Assembly,14.202,1,14.202,PHASE1_FORECAST_PHASE4_BOM_BRIDGE,True
PHASE4-INIT-20260623120228,2026-08-04,SKU-BIKE-ROAD-001,SKU-COMP-PEDAL-SET-001,Pedal Set,14.202,1,14.202,PHASE1_FORECAST_PHASE4_BOM_BRIDGE,True
PHASE4-INIT-20260623120228,2026-08-04,SKU-BIKE-ROAD-001,SKU-COMP-BOLT-KIT-001,Bolts and Nuts Kit,14.202,1,14.202,PHASE1_FORECAST_PHASE4_BOM_BRIDGE,True
PHASE4-INIT-20260623120228,2026-08-05,SKU-BIKE-ROAD-001,SKU-COMP-FRAME-ROAD-001,Road Bike Aluminum Frame,14.202,1,14.202,PHASE1_FORECAST_PHASE4_BOM_BRIDGE,True
PHASE4-INIT-20260623120228,2026-08-05,SKU-BIKE-ROAD-001,SKU-COMP-WHEEL-ROAD-700C,Road Bike 700C Wheel,14.202,2,28.404,PHASE1_FORECAST_PHASE4_BOM_BRIDGE,True
PHASE4-INIT-20260623120228,2026-08-05,SKU-BIKE-ROAD-001,SKU-COMP-TIRE-ROAD-700C,Road Bike 700C Tire,14.202,2,28.404,PHASE1_FORECAST_PHASE4_BOM_BRIDGE,True
PHASE4-INIT-20260623120228,2026-08-05,SKU-BIKE-ROAD-001,SKU-COMP-BRAKE-FRONT-001,Front Brake Assembly,14.202,1,14.202,PHASE1_FORECAST_PHASE4_BOM_BRIDGE,True
PHASE4-INIT-20260623120228,2026-08-05,SKU-BIKE-ROAD-001,SKU-COMP-BRAKE-REAR-001,Rear Brake Assembly,14.202,1,14.202,PHASE1_FORECAST_PHASE4_BOM_BRIDGE,True
PHASE4-INIT-20260623120228,2026-08-05,SKU-BIKE-ROAD-001,SKU-COMP-PEDAL-SET-001,Pedal Set,14.202,1,14.202,PHASE1_FORECAST_PHASE4_BOM_BRIDGE,True
PHASE4-INIT-20260623120228,2026-08-05,SKU-BIKE-ROAD-001,SKU-COMP-BOLT-KIT-001,Bolts and Nuts Kit,14.202,1,14.202,PHASE1_FORECAST_PHASE4_BOM_BRIDGE,True
PHASE4-INIT-20260623120228,2026-08-06,SKU-BIKE-ROAD-001,SKU-COMP-FRAME-ROAD-001,Road Bike Aluminum Frame,14.202,1,14.202,PHASE1_FORECAST_PHASE4_BOM_BRIDGE,True
PHASE4-INIT-20260623120228,2026-08-06,SKU-BIKE-ROAD-001,SKU-COMP-WHEEL-ROAD-700C,Road Bike 700C Wheel,14.202,2,28.404,PHASE1_FORECAST_PHASE4_BOM_BRIDGE,True
PHASE4-INIT-20260623120228,2026-08-06,SKU-BIKE-ROAD-001,SKU-COMP-TIRE-ROAD-700C,Road Bike 700C Tire,14.202,2,28.404,PHASE1_FORECAST_PHASE4_BOM_BRIDGE,True
PHASE4-INIT-20260623120228,2026-08-06,SKU-BIKE-ROAD-001,SKU-COMP-BRAKE-FRONT-001,Front Brake Assembly,14.202,1,14.202,PHASE1_FORECAST_PHASE4_BOM_BRIDGE,True
PHASE4-INIT-20260623120228,2026-08-06,SKU-BIKE-ROAD-001,SKU-COMP-BRAKE-REAR-001,Rear Brake Assembly,14.202,1,14.202,PHASE1_FORECAST_PHASE4_BOM_BRIDGE,True
PHASE4-INIT-20260623120228,2026-08-06,SKU-BIKE-ROAD-001,SKU-COMP-PEDAL-SET-001,Pedal Set,14.202,1,14.202,PHASE1_FORECAST_PHASE4_BOM_BRIDGE,True
PHASE4-INIT-20260623120228,2026-08-06,SKU-BIKE-ROAD-001,SKU-COMP-BOLT-KIT-001,Bolts and Nuts Kit,14.202,1,14.202,PHASE1_FORECAST_PHASE4_BOM_BRIDGE,True
PHASE4-INIT-20260623120228,2026-08-07,SKU-BIKE-ROAD-001,SKU-COMP-FRAME-ROAD-001,Road Bike Aluminum Frame,14.202,1,14.202,PHASE1_FORECAST_PHASE4_BOM_BRIDGE,True
PHASE4-INIT-20260623120228,2026-08-07,SKU-BIKE-ROAD-001,SKU-COMP-WHEEL-ROAD-700C,Road Bike 700C Wheel,14.202,2,28.404,PHASE1_FORECAST_PHASE4_BOM_BRIDGE,True
PHASE4-INIT-20260623120228,2026-08-07,SKU-BIKE-ROAD-001,SKU-COMP-TIRE-ROAD-700C,Road Bike 700C Tire,14.202,2,28.404,PHASE1_FORECAST_PHASE4_BOM_BRIDGE,True
PHASE4-INIT-20260623120228,2026-08-07,SKU-BIKE-ROAD-001,SKU-COMP-BRAKE-FRONT-001,Front Brake Assembly,14.202,1,14.202,PHASE1_FORECAST_PHASE4_BOM_BRIDGE,True
PHASE4-INIT-20260623120228,2026-08-07,SKU-BIKE-ROAD-001,SKU-COMP-BRAKE-REAR-001,Rear Brake Assembly,14.202,1,14.202,PHASE1_FORECAST_PHASE4_BOM_BRIDGE,True
PHASE4-INIT-20260623120228,2026-08-07,SKU-BIKE-ROAD-001,SKU-COMP-PEDAL-SET-001,Pedal Set,14.202,1,14.202,PHASE1_FORECAST_PHASE4_BOM_BRIDGE,True
PHASE4-INIT-20260623120228,2026-08-07,SKU-BIKE-ROAD-001,SKU-COMP-BOLT-KIT-001,Bolts and Nuts Kit,14.202,1,14.202,PHASE1_FORECAST_PHASE4_BOM_BRIDGE,True
PHASE4-INIT-20260623120228,2026-08-08,SKU-BIKE-ROAD-001,SKU-COMP-FRAME-ROAD-001,Road Bike Aluminum Frame,14.202,1,14.202,PHASE1_FORECAST_PHASE4_BOM_BRIDGE,True
PHASE4-INIT-20260623120228,2026-08-08,SKU-BIKE-ROAD-001,SKU-COMP-WHEEL-ROAD-700C,Road Bike 700C Wheel,14.202,2,28.404,PHASE1_FORECAST_PHASE4_BOM_BRIDGE,True
PHASE4-INIT-20260623120228,2026-08-08,SKU-BIKE-ROAD-001,SKU-COMP-TIRE-ROAD-700C,Road Bike 700C Tire,14.202,2,28.404,PHASE1_FORECAST_PHASE4_BOM_BRIDGE,True
PHASE4-INIT-20260623120228,2026-08-08,SKU-BIKE-ROAD-001,SKU-COMP-BRAKE-FRONT-001,Front Brake Assembly,14.202,1,14.202,PHASE1_FORECAST_PHASE4_BOM_BRIDGE,True
PHASE4-INIT-20260623120228,2026-08-08,SKU-BIKE-ROAD-001,SKU-COMP-BRAKE-REAR-001,Rear Brake Assembly,14.202,1,14.202,PHASE1_FORECAST_PHASE4_BOM_BRIDGE,True
PHASE4-INIT-20260623120228,2026-08-08,SKU-BIKE-ROAD-001,SKU-COMP-PEDAL-SET-001,Pedal Set,14.202,1,14.202,PHASE1_FORECAST_PHASE4_BOM_BRIDGE,True
PHASE4-INIT-20260623120228,2026-08-08,SKU-BIKE-ROAD-001,SKU-COMP-BOLT-KIT-001,Bolts and Nuts Kit,14.202,1,14.202,PHASE1_FORECAST_PHASE4_BOM_BRIDGE,True
PHASE4-INIT-20260623120228,2026-08-09,SKU-BIKE-ROAD-001,SKU-COMP-FRAME-ROAD-001,Road Bike Aluminum Frame,14.202,1,14.202,PHASE1_FORECAST_PHASE4_BOM_BRIDGE,True
PHASE4-INIT-20260623120228,2026-08-09,SKU-BIKE-ROAD-001,SKU-COMP-WHEEL-ROAD-700C,Road Bike 700C Wheel,14.202,2,28.404,PHASE1_FORECAST_PHASE4_BOM_BRIDGE,True
PHASE4-INIT-20260623120228,2026-08-09,SKU-BIKE-ROAD-001,SKU-COMP-TIRE-ROAD-700C,Road Bike 700C Tire,14.202,2,28.404,PHASE1_FORECAST_PHASE4_BOM_BRIDGE,True
PHASE4-INIT-20260623120228,2026-08-09,SKU-BIKE-ROAD-001,SKU-COMP-BRAKE-FRONT-001,Front Brake Assembly,14.202,1,14.202,PHASE1_FORECAST_PHASE4_BOM_BRIDGE,True
PHASE4-INIT-20260623120228,2026-08-09,SKU-BIKE-ROAD-001,SKU-COMP-BRAKE-REAR-001,Rear Brake Assembly,14.202,1,14.202,PHASE1_FORECAST_PHASE4_BOM_BRIDGE,True
PHASE4-INIT-20260623120228,2026-08-09,SKU-BIKE-ROAD-001,SKU-COMP-PEDAL-SET-001,Pedal Set,14.202,1,14.202,PHASE1_FORECAST_PHASE4_BOM_BRIDGE,True
PHASE4-INIT-20260623120228,2026-08-09,SKU-BIKE-ROAD-001,SKU-COMP-BOLT-KIT-001,Bolts and Nuts Kit,14.202,1,14.202,PHASE1_FORECAST_PHASE4_BOM_BRIDGE,True
PHASE4-INIT-20260623120228,2026-08-10,SKU-BIKE-ROAD-001,SKU-COMP-FRAME-ROAD-001,Road Bike Aluminum Frame,14.202,1,14.202,PHASE1_FORECAST_PHASE4_BOM_BRIDGE,True
PHASE4-INIT-20260623120228,2026-08-10,SKU-BIKE-ROAD-001,SKU-COMP-WHEEL-ROAD-700C,Road Bike 700C Wheel,14.202,2,28.404,PHASE1_FORECAST_PHASE4_BOM_BRIDGE,True
PHASE4-INIT-20260623120228,2026-08-10,SKU-BIKE-ROAD-001,SKU-COMP-TIRE-ROAD-700C,Road Bike 700C Tire,14.202,2,28.404,PHASE1_FORECAST_PHASE4_BOM_BRIDGE,True
PHASE4-INIT-20260623120228,2026-08-10,SKU-BIKE-ROAD-001,SKU-COMP-BRAKE-FRONT-001,Front Brake Assembly,14.202,1,14.202,PHASE1_FORECAST_PHASE4_BOM_BRIDGE,True
PHASE4-INIT-20260623120228,2026-08-10,SKU-BIKE-ROAD-001,SKU-COMP-BRAKE-REAR-001,Rear Brake Assembly,14.202,1,14.202,PHASE1_FORECAST_PHASE4_BOM_BRIDGE,True
PHASE4-INIT-20260623120228,2026-08-10,SKU-BIKE-ROAD-001,SKU-COMP-PEDAL-SET-001,Pedal Set,14.202,1,14.202,PHASE1_FORECAST_PHASE4_BOM_BRIDGE,True
PHASE4-INIT-20260623120228,2026-08-10,SKU-BIKE-ROAD-001,SKU-COMP-BOLT-KIT-001,Bolts and Nuts Kit,14.202,1,14.202,PHASE1_FORECAST_PHASE4_BOM_BRIDGE,True
PHASE4-INIT-20260623120228,2026-08-11,SKU-BIKE-ROAD-001,SKU-COMP-FRAME-ROAD-001,Road Bike Aluminum Frame,14.202,1,14.202,PHASE1_FORECAST_PHASE4_BOM_BRIDGE,True
PHASE4-INIT-20260623120228,2026-08-11,SKU-BIKE-ROAD-001,SKU-COMP-WHEEL-ROAD-700C,Road Bike 700C Wheel,14.202,2,28.404,PHASE1_FORECAST_PHASE4_BOM_BRIDGE,True
PHASE4-INIT-20260623120228,2026-08-11,SKU-BIKE-ROAD-001,SKU-COMP-TIRE-ROAD-700C,Road Bike 700C Tire,14.202,2,28.404,PHASE1_FORECAST_PHASE4_BOM_BRIDGE,True
PHASE4-INIT-20260623120228,2026-08-11,SKU-BIKE-ROAD-001,SKU-COMP-BRAKE-FRONT-001,Front Brake Assembly,14.202,1,14.202,PHASE1_FORECAST_PHASE4_BOM_BRIDGE,True
PHASE4-INIT-20260623120228,2026-08-11,SKU-BIKE-ROAD-001,SKU-COMP-BRAKE-REAR-001,Rear Brake Assembly,14.202,1,14.202,PHASE1_FORECAST_PHASE4_BOM_BRIDGE,True
PHASE4-INIT-20260623120228,2026-08-11,SKU-BIKE-ROAD-001,SKU-COMP-PEDAL-SET-001,Pedal Set,14.202,1,14.202,PHASE1_FORECAST_PHASE4_BOM_BRIDGE,True
PHASE4-INIT-20260623120228,2026-08-11,SKU-BIKE-ROAD-001,SKU-COMP-BOLT-KIT-001,Bolts and Nuts Kit,14.202,1,14.202,PHASE1_FORECAST_PHASE4_BOM_BRIDGE,True
PHASE4-INIT-20260623120228,2026-08-12,SKU-BIKE-ROAD-001,SKU-COMP-FRAME-ROAD-001,Road Bike Aluminum Frame,14.202,1,14.202,PHASE1_FORECAST_PHASE4_BOM_BRIDGE,True
PHASE4-INIT-20260623120228,2026-08-12,SKU-BIKE-ROAD-001,SKU-COMP-WHEEL-ROAD-700C,Road Bike 700C Wheel,14.202,2,28.404,PHASE1_FORECAST_PHASE4_BOM_BRIDGE,True
PHASE4-INIT-20260623120228,2026-08-12,SKU-BIKE-ROAD-001,SKU-COMP-TIRE-ROAD-700C,Road Bike 700C Tire,14.202,2,28.404,PHASE1_FORECAST_PHASE4_BOM_BRIDGE,True
PHASE4-INIT-20260623120228,2026-08-12,SKU-BIKE-ROAD-001,SKU-COMP-BRAKE-FRONT-001,Front Brake Assembly,14.202,1,14.202,PHASE1_FORECAST_PHASE4_BOM_BRIDGE,True
PHASE4-INIT-20260623120228,2026-08-12,SKU-BIKE-ROAD-001,SKU-COMP-BRAKE-REAR-001,Rear Brake Assembly,14.202,1,14.202,PHASE1_FORECAST_PHASE4_BOM_BRIDGE,True
PHASE4-INIT-20260623120228,2026-08-12,SKU-BIKE-ROAD-001,SKU-COMP-PEDAL-SET-001,Pedal Set,14.202,1,14.202,PHASE1_FORECAST_PHASE4_BOM_BRIDGE,True
PHASE4-INIT-20260623120228,2026-08-12,SKU-BIKE-ROAD-001,SKU-COMP-BOLT-KIT-001,Bolts and Nuts Kit,14.202,1,14.202,PHASE1_FORECAST_PHASE4_BOM_BRIDGE,True
PHASE4-INIT-20260623120228,2026-08-13,SKU-BIKE-ROAD-001,SKU-COMP-FRAME-ROAD-001,Road Bike Aluminum Frame,14.202,1,14.202,PHASE1_FORECAST_PHASE4_BOM_BRIDGE,True
PHASE4-INIT-20260623120228,2026-08-13,SKU-BIKE-ROAD-001,SKU-COMP-WHEEL-ROAD-700C,Road Bike 700C Wheel,14.202,2,28.404,PHASE1_FORECAST_PHASE4_BOM_BRIDGE,True
PHASE4-INIT-20260623120228,2026-08-13,SKU-BIKE-ROAD-001,SKU-COMP-TIRE-ROAD-700C,Road Bike 700C Tire,14.202,2,28.404,PHASE1_FORECAST_PHASE4_BOM_BRIDGE,True
PHASE4-INIT-20260623120228,2026-08-13,SKU-BIKE-ROAD-001,SKU-COMP-BRAKE-FRONT-001,Front Brake Assembly,14.202,1,14.202,PHASE1_FORECAST_PHASE4_BOM_BRIDGE,True
PHASE4-INIT-20260623120228,2026-08-13,SKU-BIKE-ROAD-001,SKU-COMP-BRAKE-REAR-001,Rear Brake Assembly,14.202,1,14.202,PHASE1_FORECAST_PHASE4_BOM_BRIDGE,True
PHASE4-INIT-20260623120228,2026-08-13,SKU-BIKE-ROAD-001,SKU-COMP-PEDAL-SET-001,Pedal Set,14.202,1,14.202,PHASE1_FORECAST_PHASE4_BOM_BRIDGE,True
PHASE4-INIT-20260623120228,2026-08-13,SKU-BIKE-ROAD-001,SKU-COMP-BOLT-KIT-001,Bolts and Nuts Kit,14.202,1,14.202,PHASE1_FORECAST_PHASE4_BOM_BRIDGE,True
PHASE4-INIT-20260623120228,2026-08-14,SKU-BIKE-ROAD-001,SKU-COMP-FRAME-ROAD-001,Road Bike Aluminum Frame,14.202,1,14.202,PHASE1_FORECAST_PHASE4_BOM_BRIDGE,True
PHASE4-INIT-20260623120228,2026-08-14,SKU-BIKE-ROAD-001,SKU-COMP-WHEEL-ROAD-700C,Road Bike 700C Wheel,14.202,2,28.404,PHASE1_FORECAST_PHASE4_BOM_BRIDGE,True
PHASE4-INIT-20260623120228,2026-08-14,SKU-BIKE-ROAD-001,SKU-COMP-TIRE-ROAD-700C,Road Bike 700C Tire,14.202,2,28.404,PHASE1_FORECAST_PHASE4_BOM_BRIDGE,True
PHASE4-INIT-20260623120228,2026-08-14,SKU-BIKE-ROAD-001,SKU-COMP-BRAKE-FRONT-001,Front Brake Assembly,14.202,1,14.202,PHASE1_FORECAST_PHASE4_BOM_BRIDGE,True
PHASE4-INIT-20260623120228,2026-08-14,SKU-BIKE-ROAD-001,SKU-COMP-BRAKE-REAR-001,Rear Brake Assembly,14.202,1,14.202,PHASE1_FORECAST_PHASE4_BOM_BRIDGE,True
PHASE4-INIT-20260623120228,2026-08-14,SKU-BIKE-ROAD-001,SKU-COMP-PEDAL-SET-001,Pedal Set,14.202,1,14.202,PHASE1_FORECAST_PHASE4_BOM_BRIDGE,True
PHASE4-INIT-20260623120228,2026-08-14,SKU-BIKE-ROAD-001,SKU-COMP-BOLT-KIT-001,Bolts and Nuts Kit,14.202,1,14.202,PHASE1_FORECAST_PHASE4_BOM_BRIDGE,True
PHASE4-INIT-20260623120228,2026-08-15,SKU-BIKE-ROAD-001,SKU-COMP-FRAME-ROAD-001,Road Bike Aluminum Frame,14.202,1,14.202,PHASE1_FORECAST_PHASE4_BOM_BRIDGE,True
PHASE4-INIT-20260623120228,2026-08-15,SKU-BIKE-ROAD-001,SKU-COMP-WHEEL-ROAD-700C,Road Bike 700C Wheel,14.202,2,28.404,PHASE1_FORECAST_PHASE4_BOM_BRIDGE,True
PHASE4-INIT-20260623120228,2026-08-15,SKU-BIKE-ROAD-001,SKU-COMP-TIRE-ROAD-700C,Road Bike 700C Tire,14.202,2,28.404,PHASE1_FORECAST_PHASE4_BOM_BRIDGE,True
PHASE4-INIT-20260623120228,2026-08-15,SKU-BIKE-ROAD-001,SKU-COMP-BRAKE-FRONT-001,Front Brake Assembly,14.202,1,14.202,PHASE1_FORECAST_PHASE4_BOM_BRIDGE,True
PHASE4-INIT-20260623120228,2026-08-15,SKU-BIKE-ROAD-001,SKU-COMP-BRAKE-REAR-001,Rear Brake Assembly,14.202,1,14.202,PHASE1_FORECAST_PHASE4_BOM_BRIDGE,True
PHASE4-INIT-20260623120228,2026-08-15,SKU-BIKE-ROAD-001,SKU-COMP-PEDAL-SET-001,Pedal Set,14.202,1,14.202,PHASE1_FORECAST_PHASE4_BOM_BRIDGE,True
PHASE4-INIT-20260623120228,2026-08-15,SKU-BIKE-ROAD-001,SKU-COMP-BOLT-KIT-001,Bolts and Nuts Kit,14.202,1,14.202,PHASE1_FORECAST_PHASE4_BOM_BRIDGE,True
PHASE4-INIT-20260623120228,2026-08-16,SKU-BIKE-ROAD-001,SKU-COMP-FRAME-ROAD-001,Road Bike Aluminum Frame,14.202,1,14.202,PHASE1_FORECAST_PHASE4_BOM_BRIDGE,True
PHASE4-INIT-20260623120228,2026-08-16,SKU-BIKE-ROAD-001,SKU-COMP-WHEEL-ROAD-700C,Road Bike 700C Wheel,14.202,2,28.404,PHASE1_FORECAST_PHASE4_BOM_BRIDGE,True
PHASE4-INIT-20260623120228,2026-08-16,SKU-BIKE-ROAD-001,SKU-COMP-TIRE-ROAD-700C,Road Bike 700C Tire,14.202,2,28.404,PHASE1_FORECAST_PHASE4_BOM_BRIDGE,True
PHASE4-INIT-20260623120228,2026-08-16,SKU-BIKE-ROAD-001,SKU-COMP-BRAKE-FRONT-001,Front Brake Assembly,14.202,1,14.202,PHASE1_FORECAST_PHASE4_BOM_BRIDGE,True
PHASE4-INIT-20260623120228,2026-08-16,SKU-BIKE-ROAD-001,SKU-COMP-BRAKE-REAR-001,Rear Brake Assembly,14.202,1,14.202,PHASE1_FORECAST_PHASE4_BOM_BRIDGE,True
PHASE4-INIT-20260623120228,2026-08-16,SKU-BIKE-ROAD-001,SKU-COMP-PEDAL-SET-001,Pedal Set,14.202,1,14.202,PHASE1_FORECAST_PHASE4_BOM_BRIDGE,True
PHASE4-INIT-20260623120228,2026-08-16,SKU-BIKE-ROAD-001,SKU-COMP-BOLT-KIT-001,Bolts and Nuts Kit,14.202,1,14.202,PHASE1_FORECAST_PHASE4_BOM_BRIDGE,True
PHASE4-INIT-20260623120228,2026-08-17,SKU-BIKE-ROAD-001,SKU-COMP-FRAME-ROAD-001,Road Bike Aluminum Frame,14.202,1,14.202,PHASE1_FORECAST_PHASE4_BOM_BRIDGE,True
PHASE4-INIT-20260623120228,2026-08-17,SKU-BIKE-ROAD-001,SKU-COMP-WHEEL-ROAD-700C,Road Bike 700C Wheel,14.202,2,28.404,PHASE1_FORECAST_PHASE4_BOM_BRIDGE,True
PHASE4-INIT-20260623120228,2026-08-17,SKU-BIKE-ROAD-001,SKU-COMP-TIRE-ROAD-700C,Road Bike 700C Tire,14.202,2,28.404,PHASE1_FORECAST_PHASE4_BOM_BRIDGE,True
PHASE4-INIT-20260623120228,2026-08-17,SKU-BIKE-ROAD-001,SKU-COMP-BRAKE-FRONT-001,Front Brake Assembly,14.202,1,14.202,PHASE1_FORECAST_PHASE4_BOM_BRIDGE,True
PHASE4-INIT-20260623120228,2026-08-17,SKU-BIKE-ROAD-001,SKU-COMP-BRAKE-REAR-001,Rear Brake Assembly,14.202,1,14.202,PHASE1_FORECAST_PHASE4_BOM_BRIDGE,True
PHASE4-INIT-20260623120228,2026-08-17,SKU-BIKE-ROAD-001,SKU-COMP-PEDAL-SET-001,Pedal Set,14.202,1,14.202,PHASE1_FORECAST_PHASE4_BOM_BRIDGE,True
PHASE4-INIT-20260623120228,2026-08-17,SKU-BIKE-ROAD-001,SKU-COMP-BOLT-KIT-001,Bolts and Nuts Kit,14.202,1,14.202,PHASE1_FORECAST_PHASE4_BOM_BRIDGE,True
PHASE4-INIT-20260623120228,2026-08-18,SKU-BIKE-ROAD-001,SKU-COMP-FRAME-ROAD-001,Road Bike Aluminum Frame,14.202,1,14.202,PHASE1_FORECAST_PHASE4_BOM_BRIDGE,True
PHASE4-INIT-20260623120228,2026-08-18,SKU-BIKE-ROAD-001,SKU-COMP-WHEEL-ROAD-700C,Road Bike 700C Wheel,14.202,2,28.404,PHASE1_FORECAST_PHASE4_BOM_BRIDGE,True
PHASE4-INIT-20260623120228,2026-08-18,SKU-BIKE-ROAD-001,SKU-COMP-TIRE-ROAD-700C,Road Bike 700C Tire,14.202,2,28.404,PHASE1_FORECAST_PHASE4_BOM_BRIDGE,True
PHASE4-INIT-20260623120228,2026-08-18,SKU-BIKE-ROAD-001,SKU-COMP-BRAKE-FRONT-001,Front Brake Assembly,14.202,1,14.202,PHASE1_FORECAST_PHASE4_BOM_BRIDGE,True
PHASE4-INIT-20260623120228,2026-08-18,SKU-BIKE-ROAD-001,SKU-COMP-BRAKE-REAR-001,Rear Brake Assembly,14.202,1,14.202,PHASE1_FORECAST_PHASE4_BOM_BRIDGE,True
PHASE4-INIT-20260623120228,2026-08-18,SKU-BIKE-ROAD-001,SKU-COMP-PEDAL-SET-001,Pedal Set,14.202,1,14.202,PHASE1_FORECAST_PHASE4_BOM_BRIDGE,True
PHASE4-INIT-20260623120228,2026-08-18,SKU-BIKE-ROAD-001,SKU-COMP-BOLT-KIT-001,Bolts and Nuts Kit,14.202,1,14.202,PHASE1_FORECAST_PHASE4_BOM_BRIDGE,True
PHASE4-INIT-20260623120228,2026-08-19,SKU-BIKE-ROAD-001,SKU-COMP-FRAME-ROAD-001,Road Bike Aluminum Frame,14.202,1,14.202,PHASE1_FORECAST_PHASE4_BOM_BRIDGE,True
PHASE4-INIT-20260623120228,2026-08-19,SKU-BIKE-ROAD-001,SKU-COMP-WHEEL-ROAD-700C,Road Bike 700C Wheel,14.202,2,28.404,PHASE1_FORECAST_PHASE4_BOM_BRIDGE,True
PHASE4-INIT-20260623120228,2026-08-19,SKU-BIKE-ROAD-001,SKU-COMP-TIRE-ROAD-700C,Road Bike 700C Tire,14.202,2,28.404,PHASE1_FORECAST_PHASE4_BOM_BRIDGE,True
PHASE4-INIT-20260623120228,2026-08-19,SKU-BIKE-ROAD-001,SKU-COMP-BRAKE-FRONT-001,Front Brake Assembly,14.202,1,14.202,PHASE1_FORECAST_PHASE4_BOM_BRIDGE,True
PHASE4-INIT-20260623120228,2026-08-19,SKU-BIKE-ROAD-001,SKU-COMP-BRAKE-REAR-001,Rear Brake Assembly,14.202,1,14.202,PHASE1_FORECAST_PHASE4_BOM_BRIDGE,True
PHASE4-INIT-20260623120228,2026-08-19,SKU-BIKE-ROAD-001,SKU-COMP-PEDAL-SET-001,Pedal Set,14.202,1,14.202,PHASE1_FORECAST_PHASE4_BOM_BRIDGE,True
PHASE4-INIT-20260623120228,2026-08-19,SKU-BIKE-ROAD-001,SKU-COMP-BOLT-KIT-001,Bolts and Nuts Kit,14.202,1,14.202,PHASE1_FORECAST_PHASE4_BOM_BRIDGE,True
PHASE4-INIT-20260623120228,2026-08-20,SKU-BIKE-ROAD-001,SKU-COMP-FRAME-ROAD-001,Road Bike Aluminum Frame,14.202,1,14.202,PHASE1_FORECAST_PHASE4_BOM_BRIDGE,True
PHASE4-INIT-20260623120228,2026-08-20,SKU-BIKE-ROAD-001,SKU-COMP-WHEEL-ROAD-700C,Road Bike 700C Wheel,14.202,2,28.404,PHASE1_FORECAST_PHASE4_BOM_BRIDGE,True
PHASE4-INIT-20260623120228,2026-08-20,SKU-BIKE-ROAD-001,SKU-COMP-TIRE-ROAD-700C,Road Bike 700C Tire,14.202,2,28.404,PHASE1_FORECAST_PHASE4_BOM_BRIDGE,True
PHASE4-INIT-20260623120228,2026-08-20,SKU-BIKE-ROAD-001,SKU-COMP-BRAKE-FRONT-001,Front Brake Assembly,14.202,1,14.202,PHASE1_FORECAST_PHASE4_BOM_BRIDGE,True
PHASE4-INIT-20260623120228,2026-08-20,SKU-BIKE-ROAD-001,SKU-COMP-BRAKE-REAR-001,Rear Brake Assembly,14.202,1,14.202,PHASE1_FORECAST_PHASE4_BOM_BRIDGE,True
PHASE4-INIT-20260623120228,2026-08-20,SKU-BIKE-ROAD-001,SKU-COMP-PEDAL-SET-001,Pedal Set,14.202,1,14.202,PHASE1_FORECAST_PHASE4_BOM_BRIDGE,True
PHASE4-INIT-20260623120228,2026-08-20,SKU-BIKE-ROAD-001,SKU-COMP-BOLT-KIT-001,Bolts and Nuts Kit,14.202,1,14.202,PHASE1_FORECAST_PHASE4_BOM_BRIDGE,True
PHASE4-INIT-20260623120228,2026-08-21,SKU-BIKE-ROAD-001,SKU-COMP-FRAME-ROAD-001,Road Bike Aluminum Frame,14.202,1,14.202,PHASE1_FORECAST_PHASE4_BOM_BRIDGE,True
PHASE4-INIT-20260623120228,2026-08-21,SKU-BIKE-ROAD-001,SKU-COMP-WHEEL-ROAD-700C,Road Bike 700C Wheel,14.202,2,28.404,PHASE1_FORECAST_PHASE4_BOM_BRIDGE,True
PHASE4-INIT-20260623120228,2026-08-21,SKU-BIKE-ROAD-001,SKU-COMP-TIRE-ROAD-700C,Road Bike 700C Tire,14.202,2,28.404,PHASE1_FORECAST_PHASE4_BOM_BRIDGE,True
PHASE4-INIT-20260623120228,2026-08-21,SKU-BIKE-ROAD-001,SKU-COMP-BRAKE-FRONT-001,Front Brake Assembly,14.202,1,14.202,PHASE1_FORECAST_PHASE4_BOM_BRIDGE,True
PHASE4-INIT-20260623120228,2026-08-21,SKU-BIKE-ROAD-001,SKU-COMP-BRAKE-REAR-001,Rear Brake Assembly,14.202,1,14.202,PHASE1_FORECAST_PHASE4_BOM_BRIDGE,True
PHASE4-INIT-20260623120228,2026-08-21,SKU-BIKE-ROAD-001,SKU-COMP-PEDAL-SET-001,Pedal Set,14.202,1,14.202,PHASE1_FORECAST_PHASE4_BOM_BRIDGE,True
PHASE4-INIT-20260623120228,2026-08-21,SKU-BIKE-ROAD-001,SKU-COMP-BOLT-KIT-001,Bolts and Nuts Kit,14.202,1,14.202,PHASE1_FORECAST_PHASE4_BOM_BRIDGE,True
PHASE4-INIT-20260623120228,2026-08-22,SKU-BIKE-ROAD-001,SKU-COMP-FRAME-ROAD-001,Road Bike Aluminum Frame,14.202,1,14.202,PHASE1_FORECAST_PHASE4_BOM_BRIDGE,True
PHASE4-INIT-20260623120228,2026-08-22,SKU-BIKE-ROAD-001,SKU-COMP-WHEEL-ROAD-700C,Road Bike 700C Wheel,14.202,2,28.404,PHASE1_FORECAST_PHASE4_BOM_BRIDGE,True
PHASE4-INIT-20260623120228,2026-08-22,SKU-BIKE-ROAD-001,SKU-COMP-TIRE-ROAD-700C,Road Bike 700C Tire,14.202,2,28.404,PHASE1_FORECAST_PHASE4_BOM_BRIDGE,True
PHASE4-INIT-20260623120228,2026-08-22,SKU-BIKE-ROAD-001,SKU-COMP-BRAKE-FRONT-001,Front Brake Assembly,14.202,1,14.202,PHASE1_FORECAST_PHASE4_BOM_BRIDGE,True
PHASE4-INIT-20260623120228,2026-08-22,SKU-BIKE-ROAD-001,SKU-COMP-BRAKE-REAR-001,Rear Brake Assembly,14.202,1,14.202,PHASE1_FORECAST_PHASE4_BOM_BRIDGE,True
PHASE4-INIT-20260623120228,2026-08-22,SKU-BIKE-ROAD-001,SKU-COMP-PEDAL-SET-001,Pedal Set,14.202,1,14.202,PHASE1_FORECAST_PHASE4_BOM_BRIDGE,True
PHASE4-INIT-20260623120228,2026-08-22,SKU-BIKE-ROAD-001,SKU-COMP-BOLT-KIT-001,Bolts and Nuts Kit,14.202,1,14.202,PHASE1_FORECAST_PHASE4_BOM_BRIDGE,True
PHASE4-INIT-20260623120228,2026-08-23,SKU-BIKE-ROAD-001,SKU-COMP-FRAME-ROAD-001,Road Bike Aluminum Frame,14.202,1,14.202,PHASE1_FORECAST_PHASE4_BOM_BRIDGE,True
PHASE4-INIT-20260623120228,2026-08-23,SKU-BIKE-ROAD-001,SKU-COMP-WHEEL-ROAD-700C,Road Bike 700C Wheel,14.202,2,28.404,PHASE1_FORECAST_PHASE4_BOM_BRIDGE,True
PHASE4-INIT-20260623120228,2026-08-23,SKU-BIKE-ROAD-001,SKU-COMP-TIRE-ROAD-700C,Road Bike 700C Tire,14.202,2,28.404,PHASE1_FORECAST_PHASE4_BOM_BRIDGE,True
PHASE4-INIT-20260623120228,2026-08-23,SKU-BIKE-ROAD-001,SKU-COMP-BRAKE-FRONT-001,Front Brake Assembly,14.202,1,14.202,PHASE1_FORECAST_PHASE4_BOM_BRIDGE,True
PHASE4-INIT-20260623120228,2026-08-23,SKU-BIKE-ROAD-001,SKU-COMP-BRAKE-REAR-001,Rear Brake Assembly,14.202,1,14.202,PHASE1_FORECAST_PHASE4_BOM_BRIDGE,True
PHASE4-INIT-20260623120228,2026-08-23,SKU-BIKE-ROAD-001,SKU-COMP-PEDAL-SET-001,Pedal Set,14.202,1,14.202,PHASE1_FORECAST_PHASE4_BOM_BRIDGE,True
PHASE4-INIT-20260623120228,2026-08-23,SKU-BIKE-ROAD-001,SKU-COMP-BOLT-KIT-001,Bolts and Nuts Kit,14.202,1,14.202,PHASE1_FORECAST_PHASE4_BOM_BRIDGE,True
PHASE4-INIT-20260623120228,2026-08-24,SKU-BIKE-ROAD-001,SKU-COMP-FRAME-ROAD-001,Road Bike Aluminum Frame,14.202,1,14.202,PHASE1_FORECAST_PHASE4_BOM_BRIDGE,True
PHASE4-INIT-20260623120228,2026-08-24,SKU-BIKE-ROAD-001,SKU-COMP-WHEEL-ROAD-700C,Road Bike 700C Wheel,14.202,2,28.404,PHASE1_FORECAST_PHASE4_BOM_BRIDGE,True
PHASE4-INIT-20260623120228,2026-08-24,SKU-BIKE-ROAD-001,SKU-COMP-TIRE-ROAD-700C,Road Bike 700C Tire,14.202,2,28.404,PHASE1_FORECAST_PHASE4_BOM_BRIDGE,True
PHASE4-INIT-20260623120228,2026-08-24,SKU-BIKE-ROAD-001,SKU-COMP-BRAKE-FRONT-001,Front Brake Assembly,14.202,1,14.202,PHASE1_FORECAST_PHASE4_BOM_BRIDGE,True
PHASE4-INIT-20260623120228,2026-08-24,SKU-BIKE-ROAD-001,SKU-COMP-BRAKE-REAR-001,Rear Brake Assembly,14.202,1,14.202,PHASE1_FORECAST_PHASE4_BOM_BRIDGE,True
PHASE4-INIT-20260623120228,2026-08-24,SKU-BIKE-ROAD-001,SKU-COMP-PEDAL-SET-001,Pedal Set,14.202,1,14.202,PHASE1_FORECAST_PHASE4_BOM_BRIDGE,True
PHASE4-INIT-20260623120228,2026-08-24,SKU-BIKE-ROAD-001,SKU-COMP-BOLT-KIT-001,Bolts and Nuts Kit,14.202,1,14.202,PHASE1_FORECAST_PHASE4_BOM_BRIDGE,True
PHASE4-INIT-20260623120228,2026-08-25,SKU-BIKE-ROAD-001,SKU-COMP-FRAME-ROAD-001,Road Bike Aluminum Frame,14.202,1,14.202,PHASE1_FORECAST_PHASE4_BOM_BRIDGE,True
PHASE4-INIT-20260623120228,2026-08-25,SKU-BIKE-ROAD-001,SKU-COMP-WHEEL-ROAD-700C,Road Bike 700C Wheel,14.202,2,28.404,PHASE1_FORECAST_PHASE4_BOM_BRIDGE,True
PHASE4-INIT-20260623120228,2026-08-25,SKU-BIKE-ROAD-001,SKU-COMP-TIRE-ROAD-700C,Road Bike 700C Tire,14.202,2,28.404,PHASE1_FORECAST_PHASE4_BOM_BRIDGE,True
PHASE4-INIT-20260623120228,2026-08-25,SKU-BIKE-ROAD-001,SKU-COMP-BRAKE-FRONT-001,Front Brake Assembly,14.202,1,14.202,PHASE1_FORECAST_PHASE4_BOM_BRIDGE,True
PHASE4-INIT-20260623120228,2026-08-25,SKU-BIKE-ROAD-001,SKU-COMP-BRAKE-REAR-001,Rear Brake Assembly,14.202,1,14.202,PHASE1_FORECAST_PHASE4_BOM_BRIDGE,True
PHASE4-INIT-20260623120228,2026-08-25,SKU-BIKE-ROAD-001,SKU-COMP-PEDAL-SET-001,Pedal Set,14.202,1,14.202,PHASE1_FORECAST_PHASE4_BOM_BRIDGE,True
PHASE4-INIT-20260623120228,2026-08-25,SKU-BIKE-ROAD-001,SKU-COMP-BOLT-KIT-001,Bolts and Nuts Kit,14.202,1,14.202,PHASE1_FORECAST_PHASE4_BOM_BRIDGE,True
PHASE4-INIT-20260623120228,2026-08-26,SKU-BIKE-ROAD-001,SKU-COMP-FRAME-ROAD-001,Road Bike Aluminum Frame,14.202,1,14.202,PHASE1_FORECAST_PHASE4_BOM_BRIDGE,True
PHASE4-INIT-20260623120228,2026-08-26,SKU-BIKE-ROAD-001,SKU-COMP-WHEEL-ROAD-700C,Road Bike 700C Wheel,14.202,2,28.404,PHASE1_FORECAST_PHASE4_BOM_BRIDGE,True
PHASE4-INIT-20260623120228,2026-08-26,SKU-BIKE-ROAD-001,SKU-COMP-TIRE-ROAD-700C,Road Bike 700C Tire,14.202,2,28.404,PHASE1_FORECAST_PHASE4_BOM_BRIDGE,True
PHASE4-INIT-20260623120228,2026-08-26,SKU-BIKE-ROAD-001,SKU-COMP-BRAKE-FRONT-001,Front Brake Assembly,14.202,1,14.202,PHASE1_FORECAST_PHASE4_BOM_BRIDGE,True
PHASE4-INIT-20260623120228,2026-08-26,SKU-BIKE-ROAD-001,SKU-COMP-BRAKE-REAR-001,Rear Brake Assembly,14.202,1,14.202,PHASE1_FORECAST_PHASE4_BOM_BRIDGE,True
PHASE4-INIT-20260623120228,2026-08-26,SKU-BIKE-ROAD-001,SKU-COMP-PEDAL-SET-001,Pedal Set,14.202,1,14.202,PHASE1_FORECAST_PHASE4_BOM_BRIDGE,True
PHASE4-INIT-20260623120228,2026-08-26,SKU-BIKE-ROAD-001,SKU-COMP-BOLT-KIT-001,Bolts and Nuts Kit,14.202,1,14.202,PHASE1_FORECAST_PHASE4_BOM_BRIDGE,True
PHASE4-INIT-20260623120228,2026-08-27,SKU-BIKE-ROAD-001,SKU-COMP-FRAME-ROAD-001,Road Bike Aluminum Frame,14.202,1,14.202,PHASE1_FORECAST_PHASE4_BOM_BRIDGE,True
PHASE4-INIT-20260623120228,2026-08-27,SKU-BIKE-ROAD-001,SKU-COMP-WHEEL-ROAD-700C,Road Bike 700C Wheel,14.202,2,28.404,PHASE1_FORECAST_PHASE4_BOM_BRIDGE,True
PHASE4-INIT-20260623120228,2026-08-27,SKU-BIKE-ROAD-001,SKU-COMP-TIRE-ROAD-700C,Road Bike 700C Tire,14.202,2,28.404,PHASE1_FORECAST_PHASE4_BOM_BRIDGE,True
PHASE4-INIT-20260623120228,2026-08-27,SKU-BIKE-ROAD-001,SKU-COMP-BRAKE-FRONT-001,Front Brake Assembly,14.202,1,14.202,PHASE1_FORECAST_PHASE4_BOM_BRIDGE,True
PHASE4-INIT-20260623120228,2026-08-27,SKU-BIKE-ROAD-001,SKU-COMP-BRAKE-REAR-001,Rear Brake Assembly,14.202,1,14.202,PHASE1_FORECAST_PHASE4_BOM_BRIDGE,True
PHASE4-INIT-20260623120228,2026-08-27,SKU-BIKE-ROAD-001,SKU-COMP-PEDAL-SET-001,Pedal Set,14.202,1,14.202,PHASE1_FORECAST_PHASE4_BOM_BRIDGE,True
PHASE4-INIT-20260623120228,2026-08-27,SKU-BIKE-ROAD-001,SKU-COMP-BOLT-KIT-001,Bolts and Nuts Kit,14.202,1,14.202,PHASE1_FORECAST_PHASE4_BOM_BRIDGE,True
PHASE4-INIT-20260623120228,2026-08-28,SKU-BIKE-ROAD-001,SKU-COMP-FRAME-ROAD-001,Road Bike Aluminum Frame,14.202,1,14.202,PHASE1_FORECAST_PHASE4_BOM_BRIDGE,True
PHASE4-INIT-20260623120228,2026-08-28,SKU-BIKE-ROAD-001,SKU-COMP-WHEEL-ROAD-700C,Road Bike 700C Wheel,14.202,2,28.404,PHASE1_FORECAST_PHASE4_BOM_BRIDGE,True
PHASE4-INIT-20260623120228,2026-08-28,SKU-BIKE-ROAD-001,SKU-COMP-TIRE-ROAD-700C,Road Bike 700C Tire,14.202,2,28.404,PHASE1_FORECAST_PHASE4_BOM_BRIDGE,True
PHASE4-INIT-20260623120228,2026-08-28,SKU-BIKE-ROAD-001,SKU-COMP-BRAKE-FRONT-001,Front Brake Assembly,14.202,1,14.202,PHASE1_FORECAST_PHASE4_BOM_BRIDGE,True
PHASE4-INIT-20260623120228,2026-08-28,SKU-BIKE-ROAD-001,SKU-COMP-BRAKE-REAR-001,Rear Brake Assembly,14.202,1,14.202,PHASE1_FORECAST_PHASE4_BOM_BRIDGE,True
PHASE4-INIT-20260623120228,2026-08-28,SKU-BIKE-ROAD-001,SKU-COMP-PEDAL-SET-001,Pedal Set,14.202,1,14.202,PHASE1_FORECAST_PHASE4_BOM_BRIDGE,True
PHASE4-INIT-20260623120228,2026-08-28,SKU-BIKE-ROAD-001,SKU-COMP-BOLT-KIT-001,Bolts and Nuts Kit,14.202,1,14.202,PHASE1_FORECAST_PHASE4_BOM_BRIDGE,True
PHASE4-INIT-20260623120228,2026-08-29,SKU-BIKE-ROAD-001,SKU-COMP-FRAME-ROAD-001,Road Bike Aluminum Frame,14.202,1,14.202,PHASE1_FORECAST_PHASE4_BOM_BRIDGE,True
PHASE4-INIT-20260623120228,2026-08-29,SKU-BIKE-ROAD-001,SKU-COMP-WHEEL-ROAD-700C,Road Bike 700C Wheel,14.202,2,28.404,PHASE1_FORECAST_PHASE4_BOM_BRIDGE,True
PHASE4-INIT-20260623120228,2026-08-29,SKU-BIKE-ROAD-001,SKU-COMP-TIRE-ROAD-700C,Road Bike 700C Tire,14.202,2,28.404,PHASE1_FORECAST_PHASE4_BOM_BRIDGE,True
PHASE4-INIT-20260623120228,2026-08-29,SKU-BIKE-ROAD-001,SKU-COMP-BRAKE-FRONT-001,Front Brake Assembly,14.202,1,14.202,PHASE1_FORECAST_PHASE4_BOM_BRIDGE,True
PHASE4-INIT-20260623120228,2026-08-29,SKU-BIKE-ROAD-001,SKU-COMP-BRAKE-REAR-001,Rear Brake Assembly,14.202,1,14.202,PHASE1_FORECAST_PHASE4_BOM_BRIDGE,True
PHASE4-INIT-20260623120228,2026-08-29,SKU-BIKE-ROAD-001,SKU-COMP-PEDAL-SET-001,Pedal Set,14.202,1,14.202,PHASE1_FORECAST_PHASE4_BOM_BRIDGE,True
PHASE4-INIT-20260623120228,2026-08-29,SKU-BIKE-ROAD-001,SKU-COMP-BOLT-KIT-001,Bolts and Nuts Kit,14.202,1,14.202,PHASE1_FORECAST_PHASE4_BOM_BRIDGE,True
PHASE4-INIT-20260623120228,2026-08-30,SKU-BIKE-ROAD-001,SKU-COMP-FRAME-ROAD-001,Road Bike Aluminum Frame,14.202,1,14.202,PHASE1_FORECAST_PHASE4_BOM_BRIDGE,True
PHASE4-INIT-20260623120228,2026-08-30,SKU-BIKE-ROAD-001,SKU-COMP-WHEEL-ROAD-700C,Road Bike 700C Wheel,14.202,2,28.404,PHASE1_FORECAST_PHASE4_BOM_BRIDGE,True
PHASE4-INIT-20260623120228,2026-08-30,SKU-BIKE-ROAD-001,SKU-COMP-TIRE-ROAD-700C,Road Bike 700C Tire,14.202,2,28.404,PHASE1_FORECAST_PHASE4_BOM_BRIDGE,True
PHASE4-INIT-20260623120228,2026-08-30,SKU-BIKE-ROAD-001,SKU-COMP-BRAKE-FRONT-001,Front Brake Assembly,14.202,1,14.202,PHASE1_FORECAST_PHASE4_BOM_BRIDGE,True
PHASE4-INIT-20260623120228,2026-08-30,SKU-BIKE-ROAD-001,SKU-COMP-BRAKE-REAR-001,Rear Brake Assembly,14.202,1,14.202,PHASE1_FORECAST_PHASE4_BOM_BRIDGE,True
PHASE4-INIT-20260623120228,2026-08-30,SKU-BIKE-ROAD-001,SKU-COMP-PEDAL-SET-001,Pedal Set,14.202,1,14.202,PHASE1_FORECAST_PHASE4_BOM_BRIDGE,True
PHASE4-INIT-20260623120228,2026-08-30,SKU-BIKE-ROAD-001,SKU-COMP-BOLT-KIT-001,Bolts and Nuts Kit,14.202,1,14.202,PHASE1_FORECAST_PHASE4_BOM_BRIDGE,True
PHASE4-INIT-20260623120228,2026-08-31,SKU-BIKE-ROAD-001,SKU-COMP-FRAME-ROAD-001,Road Bike Aluminum Frame,14.202,1,14.202,PHASE1_FORECAST_PHASE4_BOM_BRIDGE,True
PHASE4-INIT-20260623120228,2026-08-31,SKU-BIKE-ROAD-001,SKU-COMP-WHEEL-ROAD-700C,Road Bike 700C Wheel,14.202,2,28.404,PHASE1_FORECAST_PHASE4_BOM_BRIDGE,True
PHASE4-INIT-20260623120228,2026-08-31,SKU-BIKE-ROAD-001,SKU-COMP-TIRE-ROAD-700C,Road Bike 700C Tire,14.202,2,28.404,PHASE1_FORECAST_PHASE4_BOM_BRIDGE,True
PHASE4-INIT-20260623120228,2026-08-31,SKU-BIKE-ROAD-001,SKU-COMP-BRAKE-FRONT-001,Front Brake Assembly,14.202,1,14.202,PHASE1_FORECAST_PHASE4_BOM_BRIDGE,True
PHASE4-INIT-20260623120228,2026-08-31,SKU-BIKE-ROAD-001,SKU-COMP-BRAKE-REAR-001,Rear Brake Assembly,14.202,1,14.202,PHASE1_FORECAST_PHASE4_BOM_BRIDGE,True
PHASE4-INIT-20260623120228,2026-08-31,SKU-BIKE-ROAD-001,SKU-COMP-PEDAL-SET-001,Pedal Set,14.202,1,14.202,PHASE1_FORECAST_PHASE4_BOM_BRIDGE,True
PHASE4-INIT-20260623120228,2026-08-31,SKU-BIKE-ROAD-001,SKU-COMP-BOLT-KIT-001,Bolts and Nuts Kit,14.202,1,14.202,PHASE1_FORECAST_PHASE4_BOM_BRIDGE,True
PHASE4-INIT-20260623120228,2026-09-01,SKU-BIKE-ROAD-001,SKU-COMP-FRAME-ROAD-001,Road Bike Aluminum Frame,14.202,1,14.202,PHASE1_FORECAST_PHASE4_BOM_BRIDGE,True
PHASE4-INIT-20260623120228,2026-09-01,SKU-BIKE-ROAD-001,SKU-COMP-WHEEL-ROAD-700C,Road Bike 700C Wheel,14.202,2,28.404,PHASE1_FORECAST_PHASE4_BOM_BRIDGE,True
PHASE4-INIT-20260623120228,2026-09-01,SKU-BIKE-ROAD-001,SKU-COMP-TIRE-ROAD-700C,Road Bike 700C Tire,14.202,2,28.404,PHASE1_FORECAST_PHASE4_BOM_BRIDGE,True
PHASE4-INIT-20260623120228,2026-09-01,SKU-BIKE-ROAD-001,SKU-COMP-BRAKE-FRONT-001,Front Brake Assembly,14.202,1,14.202,PHASE1_FORECAST_PHASE4_BOM_BRIDGE,True
PHASE4-INIT-20260623120228,2026-09-01,SKU-BIKE-ROAD-001,SKU-COMP-BRAKE-REAR-001,Rear Brake Assembly,14.202,1,14.202,PHASE1_FORECAST_PHASE4_BOM_BRIDGE,True
PHASE4-INIT-20260623120228,2026-09-01,SKU-BIKE-ROAD-001,SKU-COMP-PEDAL-SET-001,Pedal Set,14.202,1,14.202,PHASE1_FORECAST_PHASE4_BOM_BRIDGE,True
PHASE4-INIT-20260623120228,2026-09-01,SKU-BIKE-ROAD-001,SKU-COMP-BOLT-KIT-001,Bolts and Nuts Kit,14.202,1,14.202,PHASE1_FORECAST_PHASE4_BOM_BRIDGE,True
PHASE4-INIT-20260623120228,2026-09-02,SKU-BIKE-ROAD-001,SKU-COMP-FRAME-ROAD-001,Road Bike Aluminum Frame,14.202,1,14.202,PHASE1_FORECAST_PHASE4_BOM_BRIDGE,True
PHASE4-INIT-20260623120228,2026-09-02,SKU-BIKE-ROAD-001,SKU-COMP-WHEEL-ROAD-700C,Road Bike 700C Wheel,14.202,2,28.404,PHASE1_FORECAST_PHASE4_BOM_BRIDGE,True
PHASE4-INIT-20260623120228,2026-09-02,SKU-BIKE-ROAD-001,SKU-COMP-TIRE-ROAD-700C,Road Bike 700C Tire,14.202,2,28.404,PHASE1_FORECAST_PHASE4_BOM_BRIDGE,True
PHASE4-INIT-20260623120228,2026-09-02,SKU-BIKE-ROAD-001,SKU-COMP-BRAKE-FRONT-001,Front Brake Assembly,14.202,1,14.202,PHASE1_FORECAST_PHASE4_BOM_BRIDGE,True
PHASE4-INIT-20260623120228,2026-09-02,SKU-BIKE-ROAD-001,SKU-COMP-BRAKE-REAR-001,Rear Brake Assembly,14.202,1,14.202,PHASE1_FORECAST_PHASE4_BOM_BRIDGE,True
PHASE4-INIT-20260623120228,2026-09-02,SKU-BIKE-ROAD-001,SKU-COMP-PEDAL-SET-001,Pedal Set,14.202,1,14.202,PHASE1_FORECAST_PHASE4_BOM_BRIDGE,True
PHASE4-INIT-20260623120228,2026-09-02,SKU-BIKE-ROAD-001,SKU-COMP-BOLT-KIT-001,Bolts and Nuts Kit,14.202,1,14.202,PHASE1_FORECAST_PHASE4_BOM_BRIDGE,True
PHASE4-INIT-20260623120228,2026-09-03,SKU-BIKE-ROAD-001,SKU-COMP-FRAME-ROAD-001,Road Bike Aluminum Frame,14.202,1,14.202,PHASE1_FORECAST_PHASE4_BOM_BRIDGE,True
PHASE4-INIT-20260623120228,2026-09-03,SKU-BIKE-ROAD-001,SKU-COMP-WHEEL-ROAD-700C,Road Bike 700C Wheel,14.202,2,28.404,PHASE1_FORECAST_PHASE4_BOM_BRIDGE,True
PHASE4-INIT-20260623120228,2026-09-03,SKU-BIKE-ROAD-001,SKU-COMP-TIRE-ROAD-700C,Road Bike 700C Tire,14.202,2,28.404,PHASE1_FORECAST_PHASE4_BOM_BRIDGE,True
PHASE4-INIT-20260623120228,2026-09-03,SKU-BIKE-ROAD-001,SKU-COMP-BRAKE-FRONT-001,Front Brake Assembly,14.202,1,14.202,PHASE1_FORECAST_PHASE4_BOM_BRIDGE,True
PHASE4-INIT-20260623120228,2026-09-03,SKU-BIKE-ROAD-001,SKU-COMP-BRAKE-REAR-001,Rear Brake Assembly,14.202,1,14.202,PHASE1_FORECAST_PHASE4_BOM_BRIDGE,True
PHASE4-INIT-20260623120228,2026-09-03,SKU-BIKE-ROAD-001,SKU-COMP-PEDAL-SET-001,Pedal Set,14.202,1,14.202,PHASE1_FORECAST_PHASE4_BOM_BRIDGE,True
PHASE4-INIT-20260623120228,2026-09-03,SKU-BIKE-ROAD-001,SKU-COMP-BOLT-KIT-001,Bolts and Nuts Kit,14.202,1,14.202,PHASE1_FORECAST_PHASE4_BOM_BRIDGE,True
PHASE4-INIT-20260623120228,2026-09-04,SKU-BIKE-ROAD-001,SKU-COMP-FRAME-ROAD-001,Road Bike Aluminum Frame,14.202,1,14.202,PHASE1_FORECAST_PHASE4_BOM_BRIDGE,True
PHASE4-INIT-20260623120228,2026-09-04,SKU-BIKE-ROAD-001,SKU-COMP-WHEEL-ROAD-700C,Road Bike 700C Wheel,14.202,2,28.404,PHASE1_FORECAST_PHASE4_BOM_BRIDGE,True
PHASE4-INIT-20260623120228,2026-09-04,SKU-BIKE-ROAD-001,SKU-COMP-TIRE-ROAD-700C,Road Bike 700C Tire,14.202,2,28.404,PHASE1_FORECAST_PHASE4_BOM_BRIDGE,True
PHASE4-INIT-20260623120228,2026-09-04,SKU-BIKE-ROAD-001,SKU-COMP-BRAKE-FRONT-001,Front Brake Assembly,14.202,1,14.202,PHASE1_FORECAST_PHASE4_BOM_BRIDGE,True
PHASE4-INIT-20260623120228,2026-09-04,SKU-BIKE-ROAD-001,SKU-COMP-BRAKE-REAR-001,Rear Brake Assembly,14.202,1,14.202,PHASE1_FORECAST_PHASE4_BOM_BRIDGE,True
PHASE4-INIT-20260623120228,2026-09-04,SKU-BIKE-ROAD-001,SKU-COMP-PEDAL-SET-001,Pedal Set,14.202,1,14.202,PHASE1_FORECAST_PHASE4_BOM_BRIDGE,True
PHASE4-INIT-20260623120228,2026-09-04,SKU-BIKE-ROAD-001,SKU-COMP-BOLT-KIT-001,Bolts and Nuts Kit,14.202,1,14.202,PHASE1_FORECAST_PHASE4_BOM_BRIDGE,True
PHASE4-INIT-20260623120228,2026-09-05,SKU-BIKE-ROAD-001,SKU-COMP-FRAME-ROAD-001,Road Bike Aluminum Frame,14.202,1,14.202,PHASE1_FORECAST_PHASE4_BOM_BRIDGE,True
PHASE4-INIT-20260623120228,2026-09-05,SKU-BIKE-ROAD-001,SKU-COMP-WHEEL-ROAD-700C,Road Bike 700C Wheel,14.202,2,28.404,PHASE1_FORECAST_PHASE4_BOM_BRIDGE,True
PHASE4-INIT-20260623120228,2026-09-05,SKU-BIKE-ROAD-001,SKU-COMP-TIRE-ROAD-700C,Road Bike 700C Tire,14.202,2,28.404,PHASE1_FORECAST_PHASE4_BOM_BRIDGE,True
PHASE4-INIT-20260623120228,2026-09-05,SKU-BIKE-ROAD-001,SKU-COMP-BRAKE-FRONT-001,Front Brake Assembly,14.202,1,14.202,PHASE1_FORECAST_PHASE4_BOM_BRIDGE,True
PHASE4-INIT-20260623120228,2026-09-05,SKU-BIKE-ROAD-001,SKU-COMP-BRAKE-REAR-001,Rear Brake Assembly,14.202,1,14.202,PHASE1_FORECAST_PHASE4_BOM_BRIDGE,True
PHASE4-INIT-20260623120228,2026-09-05,SKU-BIKE-ROAD-001,SKU-COMP-PEDAL-SET-001,Pedal Set,14.202,1,14.202,PHASE1_FORECAST_PHASE4_BOM_BRIDGE,True
PHASE4-INIT-20260623120228,2026-09-05,SKU-BIKE-ROAD-001,SKU-COMP-BOLT-KIT-001,Bolts and Nuts Kit,14.202,1,14.202,PHASE1_FORECAST_PHASE4_BOM_BRIDGE,True
PHASE4-INIT-20260623120228,2026-09-06,SKU-BIKE-ROAD-001,SKU-COMP-FRAME-ROAD-001,Road Bike Aluminum Frame,14.202,1,14.202,PHASE1_FORECAST_PHASE4_BOM_BRIDGE,True
PHASE4-INIT-20260623120228,2026-09-06,SKU-BIKE-ROAD-001,SKU-COMP-WHEEL-ROAD-700C,Road Bike 700C Wheel,14.202,2,28.404,PHASE1_FORECAST_PHASE4_BOM_BRIDGE,True
PHASE4-INIT-20260623120228,2026-09-06,SKU-BIKE-ROAD-001,SKU-COMP-TIRE-ROAD-700C,Road Bike 700C Tire,14.202,2,28.404,PHASE1_FORECAST_PHASE4_BOM_BRIDGE,True
PHASE4-INIT-20260623120228,2026-09-06,SKU-BIKE-ROAD-001,SKU-COMP-BRAKE-FRONT-001,Front Brake Assembly,14.202,1,14.202,PHASE1_FORECAST_PHASE4_BOM_BRIDGE,True
PHASE4-INIT-20260623120228,2026-09-06,SKU-BIKE-ROAD-001,SKU-COMP-BRAKE-REAR-001,Rear Brake Assembly,14.202,1,14.202,PHASE1_FORECAST_PHASE4_BOM_BRIDGE,True
PHASE4-INIT-20260623120228,2026-09-06,SKU-BIKE-ROAD-001,SKU-COMP-PEDAL-SET-001,Pedal Set,14.202,1,14.202,PHASE1_FORECAST_PHASE4_BOM_BRIDGE,True
PHASE4-INIT-20260623120228,2026-09-06,SKU-BIKE-ROAD-001,SKU-COMP-BOLT-KIT-001,Bolts and Nuts Kit,14.202,1,14.202,PHASE1_FORECAST_PHASE4_BOM_BRIDGE,True
PHASE4-INIT-20260623120228,2026-09-07,SKU-BIKE-ROAD-001,SKU-COMP-FRAME-ROAD-001,Road Bike Aluminum Frame,14.202,1,14.202,PHASE1_FORECAST_PHASE4_BOM_BRIDGE,True
PHASE4-INIT-20260623120228,2026-09-07,SKU-BIKE-ROAD-001,SKU-COMP-WHEEL-ROAD-700C,Road Bike 700C Wheel,14.202,2,28.404,PHASE1_FORECAST_PHASE4_BOM_BRIDGE,True
PHASE4-INIT-20260623120228,2026-09-07,SKU-BIKE-ROAD-001,SKU-COMP-TIRE-ROAD-700C,Road Bike 700C Tire,14.202,2,28.404,PHASE1_FORECAST_PHASE4_BOM_BRIDGE,True
PHASE4-INIT-20260623120228,2026-09-07,SKU-BIKE-ROAD-001,SKU-COMP-BRAKE-FRONT-001,Front Brake Assembly,14.202,1,14.202,PHASE1_FORECAST_PHASE4_BOM_BRIDGE,True
PHASE4-INIT-20260623120228,2026-09-07,SKU-BIKE-ROAD-001,SKU-COMP-BRAKE-REAR-001,Rear Brake Assembly,14.202,1,14.202,PHASE1_FORECAST_PHASE4_BOM_BRIDGE,True
PHASE4-INIT-20260623120228,2026-09-07,SKU-BIKE-ROAD-001,SKU-COMP-PEDAL-SET-001,Pedal Set,14.202,1,14.202,PHASE1_FORECAST_PHASE4_BOM_BRIDGE,True
PHASE4-INIT-20260623120228,2026-09-07,SKU-BIKE-ROAD-001,SKU-COMP-BOLT-KIT-001,Bolts and Nuts Kit,14.202,1,14.202,PHASE1_FORECAST_PHASE4_BOM_BRIDGE,True
PHASE4-INIT-20260623120228,2026-09-08,SKU-BIKE-ROAD-001,SKU-COMP-FRAME-ROAD-001,Road Bike Aluminum Frame,14.202,1,14.202,PHASE1_FORECAST_PHASE4_BOM_BRIDGE,True
PHASE4-INIT-20260623120228,2026-09-08,SKU-BIKE-ROAD-001,SKU-COMP-WHEEL-ROAD-700C,Road Bike 700C Wheel,14.202,2,28.404,PHASE1_FORECAST_PHASE4_BOM_BRIDGE,True
PHASE4-INIT-20260623120228,2026-09-08,SKU-BIKE-ROAD-001,SKU-COMP-TIRE-ROAD-700C,Road Bike 700C Tire,14.202,2,28.404,PHASE1_FORECAST_PHASE4_BOM_BRIDGE,True
PHASE4-INIT-20260623120228,2026-09-08,SKU-BIKE-ROAD-001,SKU-COMP-BRAKE-FRONT-001,Front Brake Assembly,14.202,1,14.202,PHASE1_FORECAST_PHASE4_BOM_BRIDGE,True
PHASE4-INIT-20260623120228,2026-09-08,SKU-BIKE-ROAD-001,SKU-COMP-BRAKE-REAR-001,Rear Brake Assembly,14.202,1,14.202,PHASE1_FORECAST_PHASE4_BOM_BRIDGE,True
PHASE4-INIT-20260623120228,2026-09-08,SKU-BIKE-ROAD-001,SKU-COMP-PEDAL-SET-001,Pedal Set,14.202,1,14.202,PHASE1_FORECAST_PHASE4_BOM_BRIDGE,True
PHASE4-INIT-20260623120228,2026-09-08,SKU-BIKE-ROAD-001,SKU-COMP-BOLT-KIT-001,Bolts and Nuts Kit,14.202,1,14.202,PHASE1_FORECAST_PHASE4_BOM_BRIDGE,True
PHASE4-INIT-20260623120228,2026-09-09,SKU-BIKE-ROAD-001,SKU-COMP-FRAME-ROAD-001,Road Bike Aluminum Frame,14.202,1,14.202,PHASE1_FORECAST_PHASE4_BOM_BRIDGE,True
PHASE4-INIT-20260623120228,2026-09-09,SKU-BIKE-ROAD-001,SKU-COMP-WHEEL-ROAD-700C,Road Bike 700C Wheel,14.202,2,28.404,PHASE1_FORECAST_PHASE4_BOM_BRIDGE,True
PHASE4-INIT-20260623120228,2026-09-09,SKU-BIKE-ROAD-001,SKU-COMP-TIRE-ROAD-700C,Road Bike 700C Tire,14.202,2,28.404,PHASE1_FORECAST_PHASE4_BOM_BRIDGE,True
PHASE4-INIT-20260623120228,2026-09-09,SKU-BIKE-ROAD-001,SKU-COMP-BRAKE-FRONT-001,Front Brake Assembly,14.202,1,14.202,PHASE1_FORECAST_PHASE4_BOM_BRIDGE,True
PHASE4-INIT-20260623120228,2026-09-09,SKU-BIKE-ROAD-001,SKU-COMP-BRAKE-REAR-001,Rear Brake Assembly,14.202,1,14.202,PHASE1_FORECAST_PHASE4_BOM_BRIDGE,True
PHASE4-INIT-20260623120228,2026-09-09,SKU-BIKE-ROAD-001,SKU-COMP-PEDAL-SET-001,Pedal Set,14.202,1,14.202,PHASE1_FORECAST_PHASE4_BOM_BRIDGE,True
PHASE4-INIT-20260623120228,2026-09-09,SKU-BIKE-ROAD-001,SKU-COMP-BOLT-KIT-001,Bolts and Nuts Kit,14.202,1,14.202,PHASE1_FORECAST_PHASE4_BOM_BRIDGE,True
PHASE4-INIT-20260623120228,2026-09-10,SKU-BIKE-ROAD-001,SKU-COMP-FRAME-ROAD-001,Road Bike Aluminum Frame,14.202,1,14.202,PHASE1_FORECAST_PHASE4_BOM_BRIDGE,True
PHASE4-INIT-20260623120228,2026-09-10,SKU-BIKE-ROAD-001,SKU-COMP-WHEEL-ROAD-700C,Road Bike 700C Wheel,14.202,2,28.404,PHASE1_FORECAST_PHASE4_BOM_BRIDGE,True
PHASE4-INIT-20260623120228,2026-09-10,SKU-BIKE-ROAD-001,SKU-COMP-TIRE-ROAD-700C,Road Bike 700C Tire,14.202,2,28.404,PHASE1_FORECAST_PHASE4_BOM_BRIDGE,True
PHASE4-INIT-20260623120228,2026-09-10,SKU-BIKE-ROAD-001,SKU-COMP-BRAKE-FRONT-001,Front Brake Assembly,14.202,1,14.202,PHASE1_FORECAST_PHASE4_BOM_BRIDGE,True
PHASE4-INIT-20260623120228,2026-09-10,SKU-BIKE-ROAD-001,SKU-COMP-BRAKE-REAR-001,Rear Brake Assembly,14.202,1,14.202,PHASE1_FORECAST_PHASE4_BOM_BRIDGE,True
PHASE4-INIT-20260623120228,2026-09-10,SKU-BIKE-ROAD-001,SKU-COMP-PEDAL-SET-001,Pedal Set,14.202,1,14.202,PHASE1_FORECAST_PHASE4_BOM_BRIDGE,True
PHASE4-INIT-20260623120228,2026-09-10,SKU-BIKE-ROAD-001,SKU-COMP-BOLT-KIT-001,Bolts and Nuts Kit,14.202,1,14.202,PHASE1_FORECAST_PHASE4_BOM_BRIDGE,True
PHASE4-INIT-20260623120228,2026-09-11,SKU-BIKE-ROAD-001,SKU-COMP-FRAME-ROAD-001,Road Bike Aluminum Frame,14.202,1,14.202,PHASE1_FORECAST_PHASE4_BOM_BRIDGE,True
PHASE4-INIT-20260623120228,2026-09-11,SKU-BIKE-ROAD-001,SKU-COMP-WHEEL-ROAD-700C,Road Bike 700C Wheel,14.202,2,28.404,PHASE1_FORECAST_PHASE4_BOM_BRIDGE,True
PHASE4-INIT-20260623120228,2026-09-11,SKU-BIKE-ROAD-001,SKU-COMP-TIRE-ROAD-700C,Road Bike 700C Tire,14.202,2,28.404,PHASE1_FORECAST_PHASE4_BOM_BRIDGE,True
PHASE4-INIT-20260623120228,2026-09-11,SKU-BIKE-ROAD-001,SKU-COMP-BRAKE-FRONT-001,Front Brake Assembly,14.202,1,14.202,PHASE1_FORECAST_PHASE4_BOM_BRIDGE,True
PHASE4-INIT-20260623120228,2026-09-11,SKU-BIKE-ROAD-001,SKU-COMP-BRAKE-REAR-001,Rear Brake Assembly,14.202,1,14.202,PHASE1_FORECAST_PHASE4_BOM_BRIDGE,True
PHASE4-INIT-20260623120228,2026-09-11,SKU-BIKE-ROAD-001,SKU-COMP-PEDAL-SET-001,Pedal Set,14.202,1,14.202,PHASE1_FORECAST_PHASE4_BOM_BRIDGE,True
PHASE4-INIT-20260623120228,2026-09-11,SKU-BIKE-ROAD-001,SKU-COMP-BOLT-KIT-001,Bolts and Nuts Kit,14.202,1,14.202,PHASE1_FORECAST_PHASE4_BOM_BRIDGE,True
PHASE4-INIT-20260623120228,2026-09-12,SKU-BIKE-ROAD-001,SKU-COMP-FRAME-ROAD-001,Road Bike Aluminum Frame,14.202,1,14.202,PHASE1_FORECAST_PHASE4_BOM_BRIDGE,True
PHASE4-INIT-20260623120228,2026-09-12,SKU-BIKE-ROAD-001,SKU-COMP-WHEEL-ROAD-700C,Road Bike 700C Wheel,14.202,2,28.404,PHASE1_FORECAST_PHASE4_BOM_BRIDGE,True
PHASE4-INIT-20260623120228,2026-09-12,SKU-BIKE-ROAD-001,SKU-COMP-TIRE-ROAD-700C,Road Bike 700C Tire,14.202,2,28.404,PHASE1_FORECAST_PHASE4_BOM_BRIDGE,True
PHASE4-INIT-20260623120228,2026-09-12,SKU-BIKE-ROAD-001,SKU-COMP-BRAKE-FRONT-001,Front Brake Assembly,14.202,1,14.202,PHASE1_FORECAST_PHASE4_BOM_BRIDGE,True
PHASE4-INIT-20260623120228,2026-09-12,SKU-BIKE-ROAD-001,SKU-COMP-BRAKE-REAR-001,Rear Brake Assembly,14.202,1,14.202,PHASE1_FORECAST_PHASE4_BOM_BRIDGE,True
PHASE4-INIT-20260623120228,2026-09-12,SKU-BIKE-ROAD-001,SKU-COMP-PEDAL-SET-001,Pedal Set,14.202,1,14.202,PHASE1_FORECAST_PHASE4_BOM_BRIDGE,True
PHASE4-INIT-20260623120228,2026-09-12,SKU-BIKE-ROAD-001,SKU-COMP-BOLT-KIT-001,Bolts and Nuts Kit,14.202,1,14.202,PHASE1_FORECAST_PHASE4_BOM_BRIDGE,True
PHASE4-INIT-20260623120228,2026-09-13,SKU-BIKE-ROAD-001,SKU-COMP-FRAME-ROAD-001,Road Bike Aluminum Frame,14.202,1,14.202,PHASE1_FORECAST_PHASE4_BOM_BRIDGE,True
PHASE4-INIT-20260623120228,2026-09-13,SKU-BIKE-ROAD-001,SKU-COMP-WHEEL-ROAD-700C,Road Bike 700C Wheel,14.202,2,28.404,PHASE1_FORECAST_PHASE4_BOM_BRIDGE,True
PHASE4-INIT-20260623120228,2026-09-13,SKU-BIKE-ROAD-001,SKU-COMP-TIRE-ROAD-700C,Road Bike 700C Tire,14.202,2,28.404,PHASE1_FORECAST_PHASE4_BOM_BRIDGE,True
PHASE4-INIT-20260623120228,2026-09-13,SKU-BIKE-ROAD-001,SKU-COMP-BRAKE-FRONT-001,Front Brake Assembly,14.202,1,14.202,PHASE1_FORECAST_PHASE4_BOM_BRIDGE,True
PHASE4-INIT-20260623120228,2026-09-13,SKU-BIKE-ROAD-001,SKU-COMP-BRAKE-REAR-001,Rear Brake Assembly,14.202,1,14.202,PHASE1_FORECAST_PHASE4_BOM_BRIDGE,True
PHASE4-INIT-20260623120228,2026-09-13,SKU-BIKE-ROAD-001,SKU-COMP-PEDAL-SET-001,Pedal Set,14.202,1,14.202,PHASE1_FORECAST_PHASE4_BOM_BRIDGE,True
PHASE4-INIT-20260623120228,2026-09-13,SKU-BIKE-ROAD-001,SKU-COMP-BOLT-KIT-001,Bolts and Nuts Kit,14.202,1,14.202,PHASE1_FORECAST_PHASE4_BOM_BRIDGE,True
PHASE4-INIT-20260623120228,2026-09-14,SKU-BIKE-ROAD-001,SKU-COMP-FRAME-ROAD-001,Road Bike Aluminum Frame,14.202,1,14.202,PHASE1_FORECAST_PHASE4_BOM_BRIDGE,True
PHASE4-INIT-20260623120228,2026-09-14,SKU-BIKE-ROAD-001,SKU-COMP-WHEEL-ROAD-700C,Road Bike 700C Wheel,14.202,2,28.404,PHASE1_FORECAST_PHASE4_BOM_BRIDGE,True
PHASE4-INIT-20260623120228,2026-09-14,SKU-BIKE-ROAD-001,SKU-COMP-TIRE-ROAD-700C,Road Bike 700C Tire,14.202,2,28.404,PHASE1_FORECAST_PHASE4_BOM_BRIDGE,True
PHASE4-INIT-20260623120228,2026-09-14,SKU-BIKE-ROAD-001,SKU-COMP-BRAKE-FRONT-001,Front Brake Assembly,14.202,1,14.202,PHASE1_FORECAST_PHASE4_BOM_BRIDGE,True
PHASE4-INIT-20260623120228,2026-09-14,SKU-BIKE-ROAD-001,SKU-COMP-BRAKE-REAR-001,Rear Brake Assembly,14.202,1,14.202,PHASE1_FORECAST_PHASE4_BOM_BRIDGE,True
PHASE4-INIT-20260623120228,2026-09-14,SKU-BIKE-ROAD-001,SKU-COMP-PEDAL-SET-001,Pedal Set,14.202,1,14.202,PHASE1_FORECAST_PHASE4_BOM_BRIDGE,True
PHASE4-INIT-20260623120228,2026-09-14,SKU-BIKE-ROAD-001,SKU-COMP-BOLT-KIT-001,Bolts and Nuts Kit,14.202,1,14.202,PHASE1_FORECAST_PHASE4_BOM_BRIDGE,True
PHASE4-INIT-20260623120228,2026-09-15,SKU-BIKE-ROAD-001,SKU-COMP-FRAME-ROAD-001,Road Bike Aluminum Frame,14.202,1,14.202,PHASE1_FORECAST_PHASE4_BOM_BRIDGE,True
PHASE4-INIT-20260623120228,2026-09-15,SKU-BIKE-ROAD-001,SKU-COMP-WHEEL-ROAD-700C,Road Bike 700C Wheel,14.202,2,28.404,PHASE1_FORECAST_PHASE4_BOM_BRIDGE,True
PHASE4-INIT-20260623120228,2026-09-15,SKU-BIKE-ROAD-001,SKU-COMP-TIRE-ROAD-700C,Road Bike 700C Tire,14.202,2,28.404,PHASE1_FORECAST_PHASE4_BOM_BRIDGE,True
PHASE4-INIT-20260623120228,2026-09-15,SKU-BIKE-ROAD-001,SKU-COMP-BRAKE-FRONT-001,Front Brake Assembly,14.202,1,14.202,PHASE1_FORECAST_PHASE4_BOM_BRIDGE,True
PHASE4-INIT-20260623120228,2026-09-15,SKU-BIKE-ROAD-001,SKU-COMP-BRAKE-REAR-001,Rear Brake Assembly,14.202,1,14.202,PHASE1_FORECAST_PHASE4_BOM_BRIDGE,True
PHASE4-INIT-20260623120228,2026-09-15,SKU-BIKE-ROAD-001,SKU-COMP-PEDAL-SET-001,Pedal Set,14.202,1,14.202,PHASE1_FORECAST_PHASE4_BOM_BRIDGE,True
PHASE4-INIT-20260623120228,2026-09-15,SKU-BIKE-ROAD-001,SKU-COMP-BOLT-KIT-001,Bolts and Nuts Kit,14.202,1,14.202,PHASE1_FORECAST_PHASE4_BOM_BRIDGE,True
PHASE4-INIT-20260623120228,2026-09-16,SKU-BIKE-ROAD-001,SKU-COMP-FRAME-ROAD-001,Road Bike Aluminum Frame,14.202,1,14.202,PHASE1_FORECAST_PHASE4_BOM_BRIDGE,True
PHASE4-INIT-20260623120228,2026-09-16,SKU-BIKE-ROAD-001,SKU-COMP-WHEEL-ROAD-700C,Road Bike 700C Wheel,14.202,2,28.404,PHASE1_FORECAST_PHASE4_BOM_BRIDGE,True
PHASE4-INIT-20260623120228,2026-09-16,SKU-BIKE-ROAD-001,SKU-COMP-TIRE-ROAD-700C,Road Bike 700C Tire,14.202,2,28.404,PHASE1_FORECAST_PHASE4_BOM_BRIDGE,True
PHASE4-INIT-20260623120228,2026-09-16,SKU-BIKE-ROAD-001,SKU-COMP-BRAKE-FRONT-001,Front Brake Assembly,14.202,1,14.202,PHASE1_FORECAST_PHASE4_BOM_BRIDGE,True
PHASE4-INIT-20260623120228,2026-09-16,SKU-BIKE-ROAD-001,SKU-COMP-BRAKE-REAR-001,Rear Brake Assembly,14.202,1,14.202,PHASE1_FORECAST_PHASE4_BOM_BRIDGE,True
PHASE4-INIT-20260623120228,2026-09-16,SKU-BIKE-ROAD-001,SKU-COMP-PEDAL-SET-001,Pedal Set,14.202,1,14.202,PHASE1_FORECAST_PHASE4_BOM_BRIDGE,True
PHASE4-INIT-20260623120228,2026-09-16,SKU-BIKE-ROAD-001,SKU-COMP-BOLT-KIT-001,Bolts and Nuts Kit,14.202,1,14.202,PHASE1_FORECAST_PHASE4_BOM_BRIDGE,True
PHASE4-INIT-20260623120228,2026-09-17,SKU-BIKE-ROAD-001,SKU-COMP-FRAME-ROAD-001,Road Bike Aluminum Frame,14.202,1,14.202,PHASE1_FORECAST_PHASE4_BOM_BRIDGE,True
PHASE4-INIT-20260623120228,2026-09-17,SKU-BIKE-ROAD-001,SKU-COMP-WHEEL-ROAD-700C,Road Bike 700C Wheel,14.202,2,28.404,PHASE1_FORECAST_PHASE4_BOM_BRIDGE,True
PHASE4-INIT-20260623120228,2026-09-17,SKU-BIKE-ROAD-001,SKU-COMP-TIRE-ROAD-700C,Road Bike 700C Tire,14.202,2,28.404,PHASE1_FORECAST_PHASE4_BOM_BRIDGE,True
PHASE4-INIT-20260623120228,2026-09-17,SKU-BIKE-ROAD-001,SKU-COMP-BRAKE-FRONT-001,Front Brake Assembly,14.202,1,14.202,PHASE1_FORECAST_PHASE4_BOM_BRIDGE,True
PHASE4-INIT-20260623120228,2026-09-17,SKU-BIKE-ROAD-001,SKU-COMP-BRAKE-REAR-001,Rear Brake Assembly,14.202,1,14.202,PHASE1_FORECAST_PHASE4_BOM_BRIDGE,True
PHASE4-INIT-20260623120228,2026-09-17,SKU-BIKE-ROAD-001,SKU-COMP-PEDAL-SET-001,Pedal Set,14.202,1,14.202,PHASE1_FORECAST_PHASE4_BOM_BRIDGE,True
PHASE4-INIT-20260623120228,2026-09-17,SKU-BIKE-ROAD-001,SKU-COMP-BOLT-KIT-001,Bolts and Nuts Kit,14.202,1,14.202,PHASE1_FORECAST_PHASE4_BOM_BRIDGE,True
PHASE4-INIT-20260623120228,2026-09-18,SKU-BIKE-ROAD-001,SKU-COMP-FRAME-ROAD-001,Road Bike Aluminum Frame,14.202,1,14.202,PHASE1_FORECAST_PHASE4_BOM_BRIDGE,True
PHASE4-INIT-20260623120228,2026-09-18,SKU-BIKE-ROAD-001,SKU-COMP-WHEEL-ROAD-700C,Road Bike 700C Wheel,14.202,2,28.404,PHASE1_FORECAST_PHASE4_BOM_BRIDGE,True
PHASE4-INIT-20260623120228,2026-09-18,SKU-BIKE-ROAD-001,SKU-COMP-TIRE-ROAD-700C,Road Bike 700C Tire,14.202,2,28.404,PHASE1_FORECAST_PHASE4_BOM_BRIDGE,True
PHASE4-INIT-20260623120228,2026-09-18,SKU-BIKE-ROAD-001,SKU-COMP-BRAKE-FRONT-001,Front Brake Assembly,14.202,1,14.202,PHASE1_FORECAST_PHASE4_BOM_BRIDGE,True
PHASE4-INIT-20260623120228,2026-09-18,SKU-BIKE-ROAD-001,SKU-COMP-BRAKE-REAR-001,Rear Brake Assembly,14.202,1,14.202,PHASE1_FORECAST_PHASE4_BOM_BRIDGE,True
PHASE4-INIT-20260623120228,2026-09-18,SKU-BIKE-ROAD-001,SKU-COMP-PEDAL-SET-001,Pedal Set,14.202,1,14.202,PHASE1_FORECAST_PHASE4_BOM_BRIDGE,True
PHASE4-INIT-20260623120228,2026-09-18,SKU-BIKE-ROAD-001,SKU-COMP-BOLT-KIT-001,Bolts and Nuts Kit,14.202,1,14.202,PHASE1_FORECAST_PHASE4_BOM_BRIDGE,True
PHASE4-INIT-20260623120228,2026-09-19,SKU-BIKE-ROAD-001,SKU-COMP-FRAME-ROAD-001,Road Bike Aluminum Frame,14.202,1,14.202,PHASE1_FORECAST_PHASE4_BOM_BRIDGE,True
PHASE4-INIT-20260623120228,2026-09-19,SKU-BIKE-ROAD-001,SKU-COMP-WHEEL-ROAD-700C,Road Bike 700C Wheel,14.202,2,28.404,PHASE1_FORECAST_PHASE4_BOM_BRIDGE,True
PHASE4-INIT-20260623120228,2026-09-19,SKU-BIKE-ROAD-001,SKU-COMP-TIRE-ROAD-700C,Road Bike 700C Tire,14.202,2,28.404,PHASE1_FORECAST_PHASE4_BOM_BRIDGE,True
PHASE4-INIT-20260623120228,2026-09-19,SKU-BIKE-ROAD-001,SKU-COMP-BRAKE-FRONT-001,Front Brake Assembly,14.202,1,14.202,PHASE1_FORECAST_PHASE4_BOM_BRIDGE,True
PHASE4-INIT-20260623120228,2026-09-19,SKU-BIKE-ROAD-001,SKU-COMP-BRAKE-REAR-001,Rear Brake Assembly,14.202,1,14.202,PHASE1_FORECAST_PHASE4_BOM_BRIDGE,True
PHASE4-INIT-20260623120228,2026-09-19,SKU-BIKE-ROAD-001,SKU-COMP-PEDAL-SET-001,Pedal Set,14.202,1,14.202,PHASE1_FORECAST_PHASE4_BOM_BRIDGE,True
PHASE4-INIT-20260623120228,2026-09-19,SKU-BIKE-ROAD-001,SKU-COMP-BOLT-KIT-001,Bolts and Nuts Kit,14.202,1,14.202,PHASE1_FORECAST_PHASE4_BOM_BRIDGE,True
PHASE4-INIT-20260623120228,2026-09-20,SKU-BIKE-ROAD-001,SKU-COMP-FRAME-ROAD-001,Road Bike Aluminum Frame,14.202,1,14.202,PHASE1_FORECAST_PHASE4_BOM_BRIDGE,True
PHASE4-INIT-20260623120228,2026-09-20,SKU-BIKE-ROAD-001,SKU-COMP-WHEEL-ROAD-700C,Road Bike 700C Wheel,14.202,2,28.404,PHASE1_FORECAST_PHASE4_BOM_BRIDGE,True
PHASE4-INIT-20260623120228,2026-09-20,SKU-BIKE-ROAD-001,SKU-COMP-TIRE-ROAD-700C,Road Bike 700C Tire,14.202,2,28.404,PHASE1_FORECAST_PHASE4_BOM_BRIDGE,True
PHASE4-INIT-20260623120228,2026-09-20,SKU-BIKE-ROAD-001,SKU-COMP-BRAKE-FRONT-001,Front Brake Assembly,14.202,1,14.202,PHASE1_FORECAST_PHASE4_BOM_BRIDGE,True
PHASE4-INIT-20260623120228,2026-09-20,SKU-BIKE-ROAD-001,SKU-COMP-BRAKE-REAR-001,Rear Brake Assembly,14.202,1,14.202,PHASE1_FORECAST_PHASE4_BOM_BRIDGE,True
PHASE4-INIT-20260623120228,2026-09-20,SKU-BIKE-ROAD-001,SKU-COMP-PEDAL-SET-001,Pedal Set,14.202,1,14.202,PHASE1_FORECAST_PHASE4_BOM_BRIDGE,True
PHASE4-INIT-20260623120228,2026-09-20,SKU-BIKE-ROAD-001,SKU-COMP-BOLT-KIT-001,Bolts and Nuts Kit,14.202,1,14.202,PHASE1_FORECAST_PHASE4_BOM_BRIDGE,True
PHASE4-INIT-20260623120228,2026-09-21,SKU-BIKE-ROAD-001,SKU-COMP-FRAME-ROAD-001,Road Bike Aluminum Frame,14.202,1,14.202,PHASE1_FORECAST_PHASE4_BOM_BRIDGE,True
PHASE4-INIT-20260623120228,2026-09-21,SKU-BIKE-ROAD-001,SKU-COMP-WHEEL-ROAD-700C,Road Bike 700C Wheel,14.202,2,28.404,PHASE1_FORECAST_PHASE4_BOM_BRIDGE,True
PHASE4-INIT-20260623120228,2026-09-21,SKU-BIKE-ROAD-001,SKU-COMP-TIRE-ROAD-700C,Road Bike 700C Tire,14.202,2,28.404,PHASE1_FORECAST_PHASE4_BOM_BRIDGE,True
PHASE4-INIT-20260623120228,2026-09-21,SKU-BIKE-ROAD-001,SKU-COMP-BRAKE-FRONT-001,Front Brake Assembly,14.202,1,14.202,PHASE1_FORECAST_PHASE4_BOM_BRIDGE,True
PHASE4-INIT-20260623120228,2026-09-21,SKU-BIKE-ROAD-001,SKU-COMP-BRAKE-REAR-001,Rear Brake Assembly,14.202,1,14.202,PHASE1_FORECAST_PHASE4_BOM_BRIDGE,True
PHASE4-INIT-20260623120228,2026-09-21,SKU-BIKE-ROAD-001,SKU-COMP-PEDAL-SET-001,Pedal Set,14.202,1,14.202,PHASE1_FORECAST_PHASE4_BOM_BRIDGE,True
PHASE4-INIT-20260623120228,2026-09-21,SKU-BIKE-ROAD-001,SKU-COMP-BOLT-KIT-001,Bolts and Nuts Kit,14.202,1,14.202,PHASE1_FORECAST_PHASE4_BOM_BRIDGE,True
PHASE4-INIT-20260623120228,2026-09-22,SKU-BIKE-ROAD-001,SKU-COMP-FRAME-ROAD-001,Road Bike Aluminum Frame,14.202,1,14.202,PHASE1_FORECAST_PHASE4_BOM_BRIDGE,True
PHASE4-INIT-20260623120228,2026-09-22,SKU-BIKE-ROAD-001,SKU-COMP-WHEEL-ROAD-700C,Road Bike 700C Wheel,14.202,2,28.404,PHASE1_FORECAST_PHASE4_BOM_BRIDGE,True
PHASE4-INIT-20260623120228,2026-09-22,SKU-BIKE-ROAD-001,SKU-COMP-TIRE-ROAD-700C,Road Bike 700C Tire,14.202,2,28.404,PHASE1_FORECAST_PHASE4_BOM_BRIDGE,True
PHASE4-INIT-20260623120228,2026-09-22,SKU-BIKE-ROAD-001,SKU-COMP-BRAKE-FRONT-001,Front Brake Assembly,14.202,1,14.202,PHASE1_FORECAST_PHASE4_BOM_BRIDGE,True
PHASE4-INIT-20260623120228,2026-09-22,SKU-BIKE-ROAD-001,SKU-COMP-BRAKE-REAR-001,Rear Brake Assembly,14.202,1,14.202,PHASE1_FORECAST_PHASE4_BOM_BRIDGE,True
PHASE4-INIT-20260623120228,2026-09-22,SKU-BIKE-ROAD-001,SKU-COMP-PEDAL-SET-001,Pedal Set,14.202,1,14.202,PHASE1_FORECAST_PHASE4_BOM_BRIDGE,True
PHASE4-INIT-20260623120228,2026-09-22,SKU-BIKE-ROAD-001,SKU-COMP-BOLT-KIT-001,Bolts and Nuts Kit,14.202,1,14.202,PHASE1_FORECAST_PHASE4_BOM_BRIDGE,True
PHASE4-INIT-20260623120228,2026-09-23,SKU-BIKE-ROAD-001,SKU-COMP-FRAME-ROAD-001,Road Bike Aluminum Frame,14.202,1,14.202,PHASE1_FORECAST_PHASE4_BOM_BRIDGE,True
PHASE4-INIT-20260623120228,2026-09-23,SKU-BIKE-ROAD-001,SKU-COMP-WHEEL-ROAD-700C,Road Bike 700C Wheel,14.202,2,28.404,PHASE1_FORECAST_PHASE4_BOM_BRIDGE,True
PHASE4-INIT-20260623120228,2026-09-23,SKU-BIKE-ROAD-001,SKU-COMP-TIRE-ROAD-700C,Road Bike 700C Tire,14.202,2,28.404,PHASE1_FORECAST_PHASE4_BOM_BRIDGE,True
PHASE4-INIT-20260623120228,2026-09-23,SKU-BIKE-ROAD-001,SKU-COMP-BRAKE-FRONT-001,Front Brake Assembly,14.202,1,14.202,PHASE1_FORECAST_PHASE4_BOM_BRIDGE,True
PHASE4-INIT-20260623120228,2026-09-23,SKU-BIKE-ROAD-001,SKU-COMP-BRAKE-REAR-001,Rear Brake Assembly,14.202,1,14.202,PHASE1_FORECAST_PHASE4_BOM_BRIDGE,True
PHASE4-INIT-20260623120228,2026-09-23,SKU-BIKE-ROAD-001,SKU-COMP-PEDAL-SET-001,Pedal Set,14.202,1,14.202,PHASE1_FORECAST_PHASE4_BOM_BRIDGE,True
PHASE4-INIT-20260623120228,2026-09-23,SKU-BIKE-ROAD-001,SKU-COMP-BOLT-KIT-001,Bolts and Nuts Kit,14.202,1,14.202,PHASE1_FORECAST_PHASE4_BOM_BRIDGE,True
PHASE4-INIT-20260623120228,2026-09-24,SKU-BIKE-ROAD-001,SKU-COMP-FRAME-ROAD-001,Road Bike Aluminum Frame,14.202,1,14.202,PHASE1_FORECAST_PHASE4_BOM_BRIDGE,True
PHASE4-INIT-20260623120228,2026-09-24,SKU-BIKE-ROAD-001,SKU-COMP-WHEEL-ROAD-700C,Road Bike 700C Wheel,14.202,2,28.404,PHASE1_FORECAST_PHASE4_BOM_BRIDGE,True
PHASE4-INIT-20260623120228,2026-09-24,SKU-BIKE-ROAD-001,SKU-COMP-TIRE-ROAD-700C,Road Bike 700C Tire,14.202,2,28.404,PHASE1_FORECAST_PHASE4_BOM_BRIDGE,True
PHASE4-INIT-20260623120228,2026-09-24,SKU-BIKE-ROAD-001,SKU-COMP-BRAKE-FRONT-001,Front Brake Assembly,14.202,1,14.202,PHASE1_FORECAST_PHASE4_BOM_BRIDGE,True
PHASE4-INIT-20260623120228,2026-09-24,SKU-BIKE-ROAD-001,SKU-COMP-BRAKE-REAR-001,Rear Brake Assembly,14.202,1,14.202,PHASE1_FORECAST_PHASE4_BOM_BRIDGE,True
PHASE4-INIT-20260623120228,2026-09-24,SKU-BIKE-ROAD-001,SKU-COMP-PEDAL-SET-001,Pedal Set,14.202,1,14.202,PHASE1_FORECAST_PHASE4_BOM_BRIDGE,True
PHASE4-INIT-20260623120228,2026-09-24,SKU-BIKE-ROAD-001,SKU-COMP-BOLT-KIT-001,Bolts and Nuts Kit,14.202,1,14.202,PHASE1_FORECAST_PHASE4_BOM_BRIDGE,True
PHASE4-INIT-20260623120228,2026-09-25,SKU-BIKE-ROAD-001,SKU-COMP-FRAME-ROAD-001,Road Bike Aluminum Frame,14.202,1,14.202,PHASE1_FORECAST_PHASE4_BOM_BRIDGE,True
PHASE4-INIT-20260623120228,2026-09-25,SKU-BIKE-ROAD-001,SKU-COMP-WHEEL-ROAD-700C,Road Bike 700C Wheel,14.202,2,28.404,PHASE1_FORECAST_PHASE4_BOM_BRIDGE,True
PHASE4-INIT-20260623120228,2026-09-25,SKU-BIKE-ROAD-001,SKU-COMP-TIRE-ROAD-700C,Road Bike 700C Tire,14.202,2,28.404,PHASE1_FORECAST_PHASE4_BOM_BRIDGE,True
PHASE4-INIT-20260623120228,2026-09-25,SKU-BIKE-ROAD-001,SKU-COMP-BRAKE-FRONT-001,Front Brake Assembly,14.202,1,14.202,PHASE1_FORECAST_PHASE4_BOM_BRIDGE,True
PHASE4-INIT-20260623120228,2026-09-25,SKU-BIKE-ROAD-001,SKU-COMP-BRAKE-REAR-001,Rear Brake Assembly,14.202,1,14.202,PHASE1_FORECAST_PHASE4_BOM_BRIDGE,True
PHASE4-INIT-20260623120228,2026-09-25,SKU-BIKE-ROAD-001,SKU-COMP-PEDAL-SET-001,Pedal Set,14.202,1,14.202,PHASE1_FORECAST_PHASE4_BOM_BRIDGE,True
PHASE4-INIT-20260623120228,2026-09-25,SKU-BIKE-ROAD-001,SKU-COMP-BOLT-KIT-001,Bolts and Nuts Kit,14.202,1,14.202,PHASE1_FORECAST_PHASE4_BOM_BRIDGE,True
PHASE4-INIT-20260623120228,2026-09-26,SKU-BIKE-ROAD-001,SKU-COMP-FRAME-ROAD-001,Road Bike Aluminum Frame,14.202,1,14.202,PHASE1_FORECAST_PHASE4_BOM_BRIDGE,True
PHASE4-INIT-20260623120228,2026-09-26,SKU-BIKE-ROAD-001,SKU-COMP-WHEEL-ROAD-700C,Road Bike 700C Wheel,14.202,2,28.404,PHASE1_FORECAST_PHASE4_BOM_BRIDGE,True
PHASE4-INIT-20260623120228,2026-09-26,SKU-BIKE-ROAD-001,SKU-COMP-TIRE-ROAD-700C,Road Bike 700C Tire,14.202,2,28.404,PHASE1_FORECAST_PHASE4_BOM_BRIDGE,True
PHASE4-INIT-20260623120228,2026-09-26,SKU-BIKE-ROAD-001,SKU-COMP-BRAKE-FRONT-001,Front Brake Assembly,14.202,1,14.202,PHASE1_FORECAST_PHASE4_BOM_BRIDGE,True
PHASE4-INIT-20260623120228,2026-09-26,SKU-BIKE-ROAD-001,SKU-COMP-BRAKE-REAR-001,Rear Brake Assembly,14.202,1,14.202,PHASE1_FORECAST_PHASE4_BOM_BRIDGE,True
PHASE4-INIT-20260623120228,2026-09-26,SKU-BIKE-ROAD-001,SKU-COMP-PEDAL-SET-001,Pedal Set,14.202,1,14.202,PHASE1_FORECAST_PHASE4_BOM_BRIDGE,True
PHASE4-INIT-20260623120228,2026-09-26,SKU-BIKE-ROAD-001,SKU-COMP-BOLT-KIT-001,Bolts and Nuts Kit,14.202,1,14.202,PHASE1_FORECAST_PHASE4_BOM_BRIDGE,True
PHASE4-INIT-20260623120228,2026-09-27,SKU-BIKE-ROAD-001,SKU-COMP-FRAME-ROAD-001,Road Bike Aluminum Frame,14.202,1,14.202,PHASE1_FORECAST_PHASE4_BOM_BRIDGE,True
PHASE4-INIT-20260623120228,2026-09-27,SKU-BIKE-ROAD-001,SKU-COMP-WHEEL-ROAD-700C,Road Bike 700C Wheel,14.202,2,28.404,PHASE1_FORECAST_PHASE4_BOM_BRIDGE,True
PHASE4-INIT-20260623120228,2026-09-27,SKU-BIKE-ROAD-001,SKU-COMP-TIRE-ROAD-700C,Road Bike 700C Tire,14.202,2,28.404,PHASE1_FORECAST_PHASE4_BOM_BRIDGE,True
PHASE4-INIT-20260623120228,2026-09-27,SKU-BIKE-ROAD-001,SKU-COMP-BRAKE-FRONT-001,Front Brake Assembly,14.202,1,14.202,PHASE1_FORECAST_PHASE4_BOM_BRIDGE,True
PHASE4-INIT-20260623120228,2026-09-27,SKU-BIKE-ROAD-001,SKU-COMP-BRAKE-REAR-001,Rear Brake Assembly,14.202,1,14.202,PHASE1_FORECAST_PHASE4_BOM_BRIDGE,True
PHASE4-INIT-20260623120228,2026-09-27,SKU-BIKE-ROAD-001,SKU-COMP-PEDAL-SET-001,Pedal Set,14.202,1,14.202,PHASE1_FORECAST_PHASE4_BOM_BRIDGE,True
PHASE4-INIT-20260623120228,2026-09-27,SKU-BIKE-ROAD-001,SKU-COMP-BOLT-KIT-001,Bolts and Nuts Kit,14.202,1,14.202,PHASE1_FORECAST_PHASE4_BOM_BRIDGE,True
PHASE4-INIT-20260623120228,2026-09-28,SKU-BIKE-ROAD-001,SKU-COMP-FRAME-ROAD-001,Road Bike Aluminum Frame,14.202,1,14.202,PHASE1_FORECAST_PHASE4_BOM_BRIDGE,True
PHASE4-INIT-20260623120228,2026-09-28,SKU-BIKE-ROAD-001,SKU-COMP-WHEEL-ROAD-700C,Road Bike 700C Wheel,14.202,2,28.404,PHASE1_FORECAST_PHASE4_BOM_BRIDGE,True
PHASE4-INIT-20260623120228,2026-09-28,SKU-BIKE-ROAD-001,SKU-COMP-TIRE-ROAD-700C,Road Bike 700C Tire,14.202,2,28.404,PHASE1_FORECAST_PHASE4_BOM_BRIDGE,True
PHASE4-INIT-20260623120228,2026-09-28,SKU-BIKE-ROAD-001,SKU-COMP-BRAKE-FRONT-001,Front Brake Assembly,14.202,1,14.202,PHASE1_FORECAST_PHASE4_BOM_BRIDGE,True
PHASE4-INIT-20260623120228,2026-09-28,SKU-BIKE-ROAD-001,SKU-COMP-BRAKE-REAR-001,Rear Brake Assembly,14.202,1,14.202,PHASE1_FORECAST_PHASE4_BOM_BRIDGE,True
PHASE4-INIT-20260623120228,2026-09-28,SKU-BIKE-ROAD-001,SKU-COMP-PEDAL-SET-001,Pedal Set,14.202,1,14.202,PHASE1_FORECAST_PHASE4_BOM_BRIDGE,True
PHASE4-INIT-20260623120228,2026-09-28,SKU-BIKE-ROAD-001,SKU-COMP-BOLT-KIT-001,Bolts and Nuts Kit,14.202,1,14.202,PHASE1_FORECAST_PHASE4_BOM_BRIDGE,True
