planning_run_id,alternative_id,schedule_candidate_id,operation_id,final_operation_segment_ids,workstation_id,machine_id,labor_skill_id,proposed_schedule_period,proposed_schedule_day,proposed_schedule_shift,proposed_schedule_date,proposed_shift_id,proposed_window_id,available_minutes,net_minutes_per_resource_unit,effective_parallel_lane_count,aggregate_workstation_capacity_minutes,aggregate_machine_capacity_minutes,aggregate_labor_capacity_minutes,scheduled_minutes_by_machine_unit,scheduled_minutes_by_labor_unit,total_scheduled_workload_minutes,remaining_aggregate_capacity_minutes,workstation_utilization_pct,machine_utilization_pct,labor_utilization_pct,workstation_utilization_percentage,machine_utilization_percentage,labor_utilization_percentage,binding_resource_type,previously_allocated_minutes,requested_minutes,newly_allocated_minutes,remaining_minutes,overload_minutes,required_processing_hours,required_setup_hours,total_required_hours,available_hours_reference,utilization_pct,quality_adjusted_utilization_pct,capacity_feasibility_status,capacity_overload_hours,capacity_overload_penalty,underutilization_hours,underutilization_penalty,note_no_capacity_change_flag,source_phase,advisory_only_flag
PHASE4-MPS-20260721170405,ALT-BASELINE,PSC-SKU-BIKE-MT-001-20260629,MT-OP-010,SEG-ALT-BASELINE-PSC-SKU-BIKE-MT-001-20260629-MT-OP-010-01;SEG-ALT-BASELINE-PSC-SKU-BIKE-MT-001-20260629-MT-OP-010-02;SEG-ALT-BASELINE-PSC-SKU-BIKE-MT-001-20260629-MT-OP-010-03,WS-FRAME-PREP,M-FRAME-JIG-001,FRAME_TECHNICIAN,2026-06-29,2026-06-29,SHIFT-A,2026-06-29,SHIFT-A,WIN-20260629-SHIFT-A;WIN-20260630-SHIFT-A;WIN-20260701-SHIFT-A,1305.0,435.0,2,2610.0,2610.0,2610.0,M-FRAME-JIG-001#01=1147.944,FRAME_TECHNICIAN#01=1147.944,1147.944,1462.056,43.9825,43.9825,43.9825,43.9825,43.9825,43.9825,WORKSTATION,0.0,1147.944,1147.944,157.056,0.0,19.1324,0.0,19.1324,21.75,87.9651,111.2409,FINITE_CAPACITY_FEASIBLE,0.0,0.0,0.0,0.0,True,PHASE4_STEP8F_FINITE_CAPACITY_SCHEDULE_ALTERNATIVES,True
PHASE4-MPS-20260721170405,ALT-BASELINE,PSC-SKU-BIKE-MT-001-20260629,MT-OP-020,SEG-ALT-BASELINE-PSC-SKU-BIKE-MT-001-20260629-MT-OP-020-01;SEG-ALT-BASELINE-PSC-SKU-BIKE-MT-001-20260629-MT-OP-020-02;SEG-ALT-BASELINE-PSC-SKU-BIKE-MT-001-20260629-MT-OP-020-03;SEG-ALT-BASELINE-PSC-SKU-BIKE-MT-001-20260629-MT-OP-020-04,WS-FORK-SUSP,M-FORK-BENCH-001,SUSPENSION_TECHNICIAN,2026-07-01,2026-07-01,SHIFT-A,2026-07-01,SHIFT-A,WIN-20260701-SHIFT-A;WIN-20260702-SHIFT-A;WIN-20260703-SHIFT-A;WIN-20260706-SHIFT-A,1740.0,435.0,2,3480.0,3480.0,3480.0,M-FORK-BENCH-001#01=1408.098,SUSPENSION_TECHNICIAN#01=1408.098,1408.098,2071.902,40.4626,40.4626,40.4626,40.4626,40.4626,40.4626,WORKSTATION,277.944,1408.098,1408.098,53.958,0.0,23.4683,0.0,23.4683,29.0,80.9252,80.9252,FINITE_CAPACITY_FEASIBLE,0.0,0.0,0.0,0.0,True,PHASE4_STEP8F_FINITE_CAPACITY_SCHEDULE_ALTERNATIVES,True
PHASE4-MPS-20260721170405,ALT-BASELINE,PSC-SKU-BIKE-MT-001-20260629,MT-OP-030,SEG-ALT-BASELINE-PSC-SKU-BIKE-MT-001-20260629-MT-OP-030-01;SEG-ALT-BASELINE-PSC-SKU-BIKE-MT-001-20260629-MT-OP-030-02;SEG-ALT-BASELINE-PSC-SKU-BIKE-MT-001-20260629-MT-OP-030-03;SEG-ALT-BASELINE-PSC-SKU-BIKE-MT-001-20260629-MT-OP-030-04,WS-WHEEL-SUB,M-WHEEL-TRUE-001,WHEEL_ASSEMBLY_TECHNICIAN,2026-07-01,2026-07-01,SHIFT-A,2026-07-01,SHIFT-A,WIN-20260701-SHIFT-A;WIN-20260702-SHIFT-A;WIN-20260703-SHIFT-A;WIN-20260706-SHIFT-A,1740.0,435.0,3,5220.0,5220.0,5220.0,M-WHEEL-TRUE-001#01=1413.87,WHEEL_ASSEMBLY_TECHNICIAN#01=1413.87,1413.87,3806.13,27.0856,27.0856,27.0856,27.0856,27.0856,27.0856,WORKSTATION,277.944,1413.87,1413.87,48.186,0.0,23.5645,0.0,23.5645,29.0,81.2569,138.0477,FINITE_CAPACITY_FEASIBLE,0.0,0.0,0.0,0.0,True,PHASE4_STEP8F_FINITE_CAPACITY_SCHEDULE_ALTERNATIVES,True
PHASE4-MPS-20260721170405,ALT-BASELINE,PSC-SKU-BIKE-MT-001-20260629,MT-OP-040,SEG-ALT-BASELINE-PSC-SKU-BIKE-MT-001-20260629-MT-OP-040-01;SEG-ALT-BASELINE-PSC-SKU-BIKE-MT-001-20260629-MT-OP-040-02;SEG-ALT-BASELINE-PSC-SKU-BIKE-MT-001-20260629-MT-OP-040-03;SEG-ALT-BASELINE-PSC-SKU-BIKE-MT-001-20260629-MT-OP-040-04,WS-BRAKE-SUB,M-BRAKE-BENCH-001,BRAKE_ASSEMBLY_TECHNICIAN,2026-07-01,2026-07-01,SHIFT-A,2026-07-01,SHIFT-A,WIN-20260701-SHIFT-A;WIN-20260702-SHIFT-A;WIN-20260703-SHIFT-A;WIN-20260706-SHIFT-A,1740.0,435.0,2,3480.0,3480.0,3480.0,M-BRAKE-BENCH-001#01=1069.356,BRAKE_ASSEMBLY_TECHNICIAN#01=1069.356,1069.356,2410.644,30.7286,30.7286,30.7286,30.7286,30.7286,30.7286,WORKSTATION,277.944,1069.356,1069.356,392.7,0.0,17.8226,0.0,17.8226,29.0,61.4572,102.6778,FINITE_CAPACITY_FEASIBLE,0.0,0.0,0.0,0.0,True,PHASE4_STEP8F_FINITE_CAPACITY_SCHEDULE_ALTERNATIVES,True
PHASE4-MPS-20260721170405,ALT-BASELINE,PSC-SKU-BIKE-MT-001-20260629,MT-OP-050,SEG-ALT-BASELINE-PSC-SKU-BIKE-MT-001-20260629-MT-OP-050-01;SEG-ALT-BASELINE-PSC-SKU-BIKE-MT-001-20260629-MT-OP-050-02;SEG-ALT-BASELINE-PSC-SKU-BIKE-MT-001-20260629-MT-OP-050-03;SEG-ALT-BASELINE-PSC-SKU-BIKE-MT-001-20260629-MT-OP-050-04;SEG-ALT-BASELINE-PSC-SKU-BIKE-MT-001-20260629-MT-OP-050-05;SEG-ALT-BASELINE-PSC-SKU-BIKE-MT-001-20260629-MT-OP-050-06;SEG-ALT-BASELINE-PSC-SKU-BIKE-MT-001-20260629-MT-OP-050-07,WS-FINAL-ASM,M-FINAL-STAND-001,FINAL_ASSEMBLY_OPERATOR,2026-07-06,2026-07-06,SHIFT-A,2026-07-06,SHIFT-A,WIN-20260706-SHIFT-A;WIN-20260707-SHIFT-A;WIN-20260708-SHIFT-A;WIN-20260709-SHIFT-A;WIN-20260710-SHIFT-A;WIN-20260713-SHIFT-A;WIN-20260714-SHIFT-A,3045.0,435.0,1,3045.0,3045.0,3045.0,M-FINAL-STAND-001#01=2288.16,FINAL_ASSEMBLY_OPERATOR#01=2288.16,2288.16,756.84,75.1448,75.1448,75.1448,75.1448,75.1448,75.1448,WORKSTATION,381.042,2288.16,2288.16,375.798,0.0,38.136,0.0,38.136,50.75,75.1448,218.4047,FINITE_CAPACITY_FEASIBLE,0.0,0.0,0.0,0.0,True,PHASE4_STEP8F_FINITE_CAPACITY_SCHEDULE_ALTERNATIVES,True
PHASE4-MPS-20260721170405,ALT-BASELINE,PSC-SKU-BIKE-MT-001-20260629,MT-OP-060,SEG-ALT-BASELINE-PSC-SKU-BIKE-MT-001-20260629-MT-OP-060-01;SEG-ALT-BASELINE-PSC-SKU-BIKE-MT-001-20260629-MT-OP-060-02;SEG-ALT-BASELINE-PSC-SKU-BIKE-MT-001-20260629-MT-OP-060-03,WS-QC,M-QC-TOOLS-001,QUALITY_INSPECTOR,2026-07-14,2026-07-14,SHIFT-A,2026-07-14,SHIFT-A,WIN-20260714-SHIFT-A;WIN-20260715-SHIFT-A;WIN-20260716-SHIFT-A,1305.0,435.0,1,1305.0,1305.0,1305.0,M-QC-TOOLS-001#01=951.498,QUALITY_INSPECTOR#01=951.498,951.498,353.502,72.9117,72.9117,72.9117,72.9117,72.9117,72.9117,WORKSTATION,59.202,951.498,951.498,294.3,0.0,15.8583,0.0,15.8583,21.75,72.9117,90.0999,FINITE_CAPACITY_FEASIBLE,0.0,0.0,0.0,0.0,True,PHASE4_STEP8F_FINITE_CAPACITY_SCHEDULE_ALTERNATIVES,True
PHASE4-MPS-20260721170405,ALT-BASELINE,PSC-SKU-BIKE-MT-001-20260629,MT-OP-070,SEG-ALT-BASELINE-PSC-SKU-BIKE-MT-001-20260629-MT-OP-070-01;SEG-ALT-BASELINE-PSC-SKU-BIKE-MT-001-20260629-MT-OP-070-02,WS-PACK,M-PACK-BENCH-001,PACKAGING_OPERATOR,2026-07-16,2026-07-16,SHIFT-A,2026-07-16,SHIFT-A,WIN-20260716-SHIFT-A;WIN-20260717-SHIFT-A,870.0,435.0,1,870.0,870.0,870.0,M-PACK-BENCH-001#01=718.764,PACKAGING_OPERATOR#01=718.764,718.764,151.236,82.6166,82.6166,82.6166,82.6166,82.6166,82.6166,WORKSTATION,140.7,718.764,718.764,10.536,0.0,11.9794,0.0,11.9794,14.5,82.6166,82.6166,FINITE_CAPACITY_FEASIBLE,0.0,0.0,0.0,0.0,True,PHASE4_STEP8F_FINITE_CAPACITY_SCHEDULE_ALTERNATIVES,True
PHASE4-MPS-20260721170405,ALT-BASELINE,PSC-SKU-BIKE-ROAD-001-20260629,ROAD-OP-010,SEG-ALT-BASELINE-PSC-SKU-BIKE-ROAD-001-20260629-ROAD-OP-010-01;SEG-ALT-BASELINE-PSC-SKU-BIKE-ROAD-001-20260629-ROAD-OP-010-02;SEG-ALT-BASELINE-PSC-SKU-BIKE-ROAD-001-20260629-ROAD-OP-010-03,WS-FRAME-PREP,M-FRAME-JIG-001,FRAME_TECHNICIAN,2026-06-29,2026-06-29,SHIFT-A,2026-06-29,SHIFT-A,WIN-20260629-SHIFT-A;WIN-20260630-SHIFT-A;WIN-20260701-SHIFT-A,1305.0,435.0,2,2610.0,2610.0,2610.0,M-FRAME-JIG-001#02=1271.982,FRAME_TECHNICIAN#02=1271.982,1271.982,1338.018,48.7349,48.7349,48.7349,48.7349,48.7349,48.7349,WORKSTATION,33.018,1271.982,1271.982,0.0,0.0,20.8997,0.3,21.1997,21.75,97.4699,111.2409,FINITE_CAPACITY_FEASIBLE,0.0,0.0,0.0,0.0,True,PHASE4_STEP8F_FINITE_CAPACITY_SCHEDULE_ALTERNATIVES,True
PHASE4-MPS-20260721170405,ALT-BASELINE,PSC-SKU-BIKE-ROAD-001-20260629,ROAD-OP-020,SEG-ALT-BASELINE-PSC-SKU-BIKE-ROAD-001-20260629-ROAD-OP-020-01;SEG-ALT-BASELINE-PSC-SKU-BIKE-ROAD-001-20260629-ROAD-OP-020-02;SEG-ALT-BASELINE-PSC-SKU-BIKE-ROAD-001-20260629-ROAD-OP-020-03;SEG-ALT-BASELINE-PSC-SKU-BIKE-ROAD-001-20260629-ROAD-OP-020-04;SEG-ALT-BASELINE-PSC-SKU-BIKE-ROAD-001-20260629-ROAD-OP-020-05,WS-WHEEL-SUB,M-WHEEL-TRUE-001,WHEEL_ASSEMBLY_TECHNICIAN,2026-07-01,2026-07-01,SHIFT-A,2026-07-01,SHIFT-A,WIN-20260701-SHIFT-A;WIN-20260702-SHIFT-A;WIN-20260703-SHIFT-A;WIN-20260706-SHIFT-A;WIN-20260707-SHIFT-A,2175.0,435.0,3,6525.0,6525.0,6525.0,M-WHEEL-TRUE-001#02=1587.664,WHEEL_ASSEMBLY_TECHNICIAN#02=1587.664,1587.664,4937.336,24.332,24.332,24.332,24.332,24.332,24.332,WORKSTATION,401.982,1587.664,1587.664,185.354,0.0,26.2944,0.1667,26.4611,36.25,72.996,138.0477,FINITE_CAPACITY_FEASIBLE,0.0,0.0,0.0,0.0,True,PHASE4_STEP8F_FINITE_CAPACITY_SCHEDULE_ALTERNATIVES,True
PHASE4-MPS-20260721170405,ALT-BASELINE,PSC-SKU-BIKE-ROAD-001-20260629,ROAD-OP-030,SEG-ALT-BASELINE-PSC-SKU-BIKE-ROAD-001-20260629-ROAD-OP-030-01;SEG-ALT-BASELINE-PSC-SKU-BIKE-ROAD-001-20260629-ROAD-OP-030-02;SEG-ALT-BASELINE-PSC-SKU-BIKE-ROAD-001-20260629-ROAD-OP-030-03;SEG-ALT-BASELINE-PSC-SKU-BIKE-ROAD-001-20260629-ROAD-OP-030-04,WS-BRAKE-SUB,M-BRAKE-BENCH-001,BRAKE_ASSEMBLY_TECHNICIAN,2026-07-01,2026-07-01,SHIFT-A,2026-07-01,SHIFT-A,WIN-20260701-SHIFT-A;WIN-20260702-SHIFT-A;WIN-20260703-SHIFT-A;WIN-20260706-SHIFT-A,1740.0,435.0,2,3480.0,3480.0,3480.0,M-BRAKE-BENCH-001#02=1167.108,BRAKE_ASSEMBLY_TECHNICIAN#02=1167.108,1167.108,2312.892,33.5376,33.5376,33.5376,33.5376,33.5376,33.5376,WORKSTATION,444.282,1167.108,1167.108,128.61,0.0,19.2518,0.2,19.4518,29.0,67.0752,102.6778,FINITE_CAPACITY_FEASIBLE,0.0,0.0,0.0,0.0,True,PHASE4_STEP8F_FINITE_CAPACITY_SCHEDULE_ALTERNATIVES,True
PHASE4-MPS-20260721170405,ALT-BASELINE,PSC-SKU-BIKE-ROAD-001-20260629,ROAD-OP-040,SEG-ALT-BASELINE-PSC-SKU-BIKE-ROAD-001-20260629-ROAD-OP-040-01;SEG-ALT-BASELINE-PSC-SKU-BIKE-ROAD-001-20260629-ROAD-OP-040-02;SEG-ALT-BASELINE-PSC-SKU-BIKE-ROAD-001-20260629-ROAD-OP-040-03;SEG-ALT-BASELINE-PSC-SKU-BIKE-ROAD-001-20260629-ROAD-OP-040-04;SEG-ALT-BASELINE-PSC-SKU-BIKE-ROAD-001-20260629-ROAD-OP-040-05;SEG-ALT-BASELINE-PSC-SKU-BIKE-ROAD-001-20260629-ROAD-OP-040-06,WS-FINAL-ASM,M-FINAL-STAND-001,FINAL_ASSEMBLY_OPERATOR,2026-07-14,2026-07-14,SHIFT-A,2026-07-14,SHIFT-A,WIN-20260714-SHIFT-A;WIN-20260715-SHIFT-A;WIN-20260716-SHIFT-A;WIN-20260717-SHIFT-A;WIN-20260720-SHIFT-A;WIN-20260721-SHIFT-A,2610.0,435.0,1,2610.0,2610.0,2610.0,M-FINAL-STAND-001#01=2468.604,FINAL_ASSEMBLY_OPERATOR#01=2468.604,2468.604,141.396,94.5825,94.5825,94.5825,94.5825,94.5825,94.5825,WORKSTATION,59.202,2468.604,2468.604,82.194,0.0,40.7434,0.4,41.1434,43.5,94.5825,218.4047,FINITE_CAPACITY_FEASIBLE,0.0,0.0,0.0,0.0,True,PHASE4_STEP8F_FINITE_CAPACITY_SCHEDULE_ALTERNATIVES,True
PHASE4-MPS-20260721170405,ALT-BASELINE,PSC-SKU-BIKE-ROAD-001-20260629,ROAD-OP-050,SEG-ALT-BASELINE-PSC-SKU-BIKE-ROAD-001-20260629-ROAD-OP-050-01;SEG-ALT-BASELINE-PSC-SKU-BIKE-ROAD-001-20260629-ROAD-OP-050-02;SEG-ALT-BASELINE-PSC-SKU-BIKE-ROAD-001-20260629-ROAD-OP-050-03,WS-QC,M-QC-TOOLS-001,QUALITY_INSPECTOR,2026-07-21,2026-07-21,SHIFT-A,2026-07-21,SHIFT-A,WIN-20260721-SHIFT-A;WIN-20260722-SHIFT-A;WIN-20260723-SHIFT-A,1305.0,435.0,1,1305.0,1305.0,1305.0,M-QC-TOOLS-001#01=750.6647,QUALITY_INSPECTOR#01=750.6647,750.6647,554.3353,57.5222,57.5222,57.5222,57.5222,57.5222,57.5222,WORKSTATION,352.806,750.6647,750.6647,201.5293,0.0,12.3777,0.1333,12.5111,21.75,57.5222,90.0999,FINITE_CAPACITY_FEASIBLE,0.0,0.0001,0.0,0.0,True,PHASE4_STEP8F_FINITE_CAPACITY_SCHEDULE_ALTERNATIVES,True
PHASE4-MPS-20260721170405,ALT-BASELINE,PSC-SKU-BIKE-ROAD-001-20260629,ROAD-OP-060,SEG-ALT-BASELINE-PSC-SKU-BIKE-ROAD-001-20260629-ROAD-OP-060-01;SEG-ALT-BASELINE-PSC-SKU-BIKE-ROAD-001-20260629-ROAD-OP-060-02;SEG-ALT-BASELINE-PSC-SKU-BIKE-ROAD-001-20260629-ROAD-OP-060-03,WS-PACK,M-PACK-BENCH-001,PACKAGING_OPERATOR,2026-07-23,2026-07-23,SHIFT-A,2026-07-23,SHIFT-A,WIN-20260723-SHIFT-A;WIN-20260724-SHIFT-A;WIN-20260727-SHIFT-A,1305.0,435.0,1,1305.0,1305.0,1305.0,M-PACK-BENCH-001#01=820.608,PACKAGING_OPERATOR#01=820.608,820.608,484.392,62.8818,62.8818,62.8818,62.8818,62.8818,62.8818,WORKSTATION,233.4707,820.608,820.608,250.9213,0.0,13.5768,0.1,13.6768,21.75,62.8818,70.7019,FINITE_CAPACITY_FEASIBLE,0.0,0.0,0.0,0.0,True,PHASE4_STEP8F_FINITE_CAPACITY_SCHEDULE_ALTERNATIVES,True
PHASE4-MPS-20260721170405,ALT-BASELINE,PSC-SKU-BIKE-MT-001-20260706,MT-OP-010,SEG-ALT-BASELINE-PSC-SKU-BIKE-MT-001-20260706-MT-OP-010-01;SEG-ALT-BASELINE-PSC-SKU-BIKE-MT-001-20260706-MT-OP-010-02;SEG-ALT-BASELINE-PSC-SKU-BIKE-MT-001-20260706-MT-OP-010-03;SEG-ALT-BASELINE-PSC-SKU-BIKE-MT-001-20260706-MT-OP-010-04;SEG-ALT-BASELINE-PSC-SKU-BIKE-MT-001-20260706-MT-OP-010-05,WS-FRAME-PREP,M-FRAME-JIG-001,FRAME_TECHNICIAN,2026-07-06,2026-07-06,SHIFT-A,2026-07-06,SHIFT-A,WIN-20260706-SHIFT-A;WIN-20260707-SHIFT-A;WIN-20260708-SHIFT-A;WIN-20260709-SHIFT-A;WIN-20260710-SHIFT-A,2175.0,435.0,2,4350.0,4350.0,4350.0,M-FRAME-JIG-001#01=2122.782,FRAME_TECHNICIAN#01=2122.782,2122.782,2227.218,48.7996,48.7996,48.7996,48.7996,48.7996,48.7996,WORKSTATION,0.0,2122.782,2122.782,52.218,0.0,35.0797,0.3,35.3797,36.25,97.5992,202.2771,FINITE_CAPACITY_FEASIBLE,0.0,0.0,0.0,0.0,True,PHASE4_STEP8F_FINITE_CAPACITY_SCHEDULE_ALTERNATIVES,True
PHASE4-MPS-20260721170405,ALT-BASELINE,PSC-SKU-BIKE-MT-001-20260706,MT-OP-020,SEG-ALT-BASELINE-PSC-SKU-BIKE-MT-001-20260706-MT-OP-020-01;SEG-ALT-BASELINE-PSC-SKU-BIKE-MT-001-20260706-MT-OP-020-02;SEG-ALT-BASELINE-PSC-SKU-BIKE-MT-001-20260706-MT-OP-020-03;SEG-ALT-BASELINE-PSC-SKU-BIKE-MT-001-20260706-MT-OP-020-04;SEG-ALT-BASELINE-PSC-SKU-BIKE-MT-001-20260706-MT-OP-020-05;SEG-ALT-BASELINE-PSC-SKU-BIKE-MT-001-20260706-MT-OP-020-06;SEG-ALT-BASELINE-PSC-SKU-BIKE-MT-001-20260706-MT-OP-020-07,WS-FORK-SUSP,M-FORK-BENCH-001,SUSPENSION_TECHNICIAN,2026-07-10,2026-07-10,SHIFT-A,2026-07-10,SHIFT-A,WIN-20260710-SHIFT-A;WIN-20260713-SHIFT-A;WIN-20260714-SHIFT-A;WIN-20260715-SHIFT-A;WIN-20260716-SHIFT-A;WIN-20260717-SHIFT-A;WIN-20260720-SHIFT-A,3045.0,435.0,2,6090.0,6090.0,6090.0,M-FORK-BENCH-001#01=2581.776,SUSPENSION_TECHNICIAN#01=2581.776,2581.776,3508.224,42.3937,42.3937,42.3937,42.3937,42.3937,42.3937,WORKSTATION,382.782,2581.776,2581.776,80.442,0.0,43.0296,0.0,43.0296,50.75,84.7874,118.6224,FINITE_CAPACITY_FEASIBLE,0.0,0.0,0.0,0.0,True,PHASE4_STEP8F_FINITE_CAPACITY_SCHEDULE_ALTERNATIVES,True
PHASE4-MPS-20260721170405,ALT-BASELINE,PSC-SKU-BIKE-MT-001-20260706,MT-OP-030,SEG-ALT-BASELINE-PSC-SKU-BIKE-MT-001-20260706-MT-OP-030-01;SEG-ALT-BASELINE-PSC-SKU-BIKE-MT-001-20260706-MT-OP-030-02;SEG-ALT-BASELINE-PSC-SKU-BIKE-MT-001-20260706-MT-OP-030-03;SEG-ALT-BASELINE-PSC-SKU-BIKE-MT-001-20260706-MT-OP-030-04;SEG-ALT-BASELINE-PSC-SKU-BIKE-MT-001-20260706-MT-OP-030-05;SEG-ALT-BASELINE-PSC-SKU-BIKE-MT-001-20260706-MT-OP-030-06;SEG-ALT-BASELINE-PSC-SKU-BIKE-MT-001-20260706-MT-OP-030-07,WS-WHEEL-SUB,M-WHEEL-TRUE-001,WHEEL_ASSEMBLY_TECHNICIAN,2026-07-10,2026-07-10,SHIFT-A,2026-07-10,SHIFT-A,WIN-20260710-SHIFT-A;WIN-20260713-SHIFT-A;WIN-20260714-SHIFT-A;WIN-20260715-SHIFT-A;WIN-20260716-SHIFT-A;WIN-20260717-SHIFT-A;WIN-20260720-SHIFT-A,3045.0,435.0,3,9135.0,9135.0,9135.0,M-WHEEL-TRUE-001#01=2535.8814,WHEEL_ASSEMBLY_TECHNICIAN#01=2535.8814,2535.8814,6599.1186,27.7601,27.7601,27.7601,27.7601,27.7601,27.7601,WORKSTATION,382.782,2535.8814,2535.8814,126.3366,0.0,42.098,0.1667,42.2647,50.75,83.2802,252.058,FINITE_CAPACITY_FEASIBLE,0.0,0.0,0.0,0.0,True,PHASE4_STEP8F_FINITE_CAPACITY_SCHEDULE_ALTERNATIVES,True
PHASE4-MPS-20260721170405,ALT-BASELINE,PSC-SKU-BIKE-MT-001-20260706,MT-OP-040,SEG-ALT-BASELINE-PSC-SKU-BIKE-MT-001-20260706-MT-OP-040-01;SEG-ALT-BASELINE-PSC-SKU-BIKE-MT-001-20260706-MT-OP-040-02;SEG-ALT-BASELINE-PSC-SKU-BIKE-MT-001-20260706-MT-OP-040-03;SEG-ALT-BASELINE-PSC-SKU-BIKE-MT-001-20260706-MT-OP-040-04;SEG-ALT-BASELINE-PSC-SKU-BIKE-MT-001-20260706-MT-OP-040-05;SEG-ALT-BASELINE-PSC-SKU-BIKE-MT-001-20260706-MT-OP-040-06,WS-BRAKE-SUB,M-BRAKE-BENCH-001,BRAKE_ASSEMBLY_TECHNICIAN,2026-07-10,2026-07-10,SHIFT-A,2026-07-10,SHIFT-A,WIN-20260710-SHIFT-A;WIN-20260713-SHIFT-A;WIN-20260714-SHIFT-A;WIN-20260715-SHIFT-A;WIN-20260716-SHIFT-A;WIN-20260717-SHIFT-A,2610.0,435.0,2,5220.0,5220.0,5220.0,M-BRAKE-BENCH-001#01=1972.686,BRAKE_ASSEMBLY_TECHNICIAN#01=1972.686,1972.686,3247.314,37.7909,37.7909,37.7909,37.7909,37.7909,37.7909,WORKSTATION,382.782,1972.686,1972.686,254.532,0.0,32.6781,0.2,32.8781,43.5,75.5818,187.4195,FINITE_CAPACITY_FEASIBLE,0.0,0.0,0.0,0.0,True,PHASE4_STEP8F_FINITE_CAPACITY_SCHEDULE_ALTERNATIVES,True
PHASE4-MPS-20260721170405,ALT-BASELINE,PSC-SKU-BIKE-MT-001-20260706,MT-OP-050,SEG-ALT-BASELINE-PSC-SKU-BIKE-MT-001-20260706-MT-OP-050-01;SEG-ALT-BASELINE-PSC-SKU-BIKE-MT-001-20260706-MT-OP-050-02;SEG-ALT-BASELINE-PSC-SKU-BIKE-MT-001-20260706-MT-OP-050-03;SEG-ALT-BASELINE-PSC-SKU-BIKE-MT-001-20260706-MT-OP-050-04;SEG-ALT-BASELINE-PSC-SKU-BIKE-MT-001-20260706-MT-OP-050-05;SEG-ALT-BASELINE-PSC-SKU-BIKE-MT-001-20260706-MT-OP-050-06;SEG-ALT-BASELINE-PSC-SKU-BIKE-MT-001-20260706-MT-OP-050-07;SEG-ALT-BASELINE-PSC-SKU-BIKE-MT-001-20260706-MT-OP-050-08;SEG-ALT-BASELINE-PSC-SKU-BIKE-MT-001-20260706-MT-OP-050-09,WS-FINAL-ASM,M-FINAL-STAND-001,FINAL_ASSEMBLY_OPERATOR,2026-07-21,2026-07-21,SHIFT-A,2026-07-21,SHIFT-A,WIN-20260721-SHIFT-A;WIN-20260722-SHIFT-A;WIN-20260723-SHIFT-A;WIN-20260724-SHIFT-A;WIN-20260727-SHIFT-A;WIN-20260728-SHIFT-A;WIN-20260729-SHIFT-A;WIN-20260730-SHIFT-A;WIN-20260731-SHIFT-A,3915.0,435.0,1,3915.0,3915.0,3915.0,M-FINAL-STAND-001#01=3294.2413,FINAL_ASSEMBLY_OPERATOR#01=3294.2413,3294.2413,620.7587,84.1441,84.1441,84.1441,84.1441,84.1441,84.1441,WORKSTATION,352.806,3294.2413,3294.2413,267.9527,0.0,54.504,0.4,54.904,65.25,84.1441,398.7676,FINITE_CAPACITY_FEASIBLE,0.0,0.0,0.0,0.0,True,PHASE4_STEP8F_FINITE_CAPACITY_SCHEDULE_ALTERNATIVES,True
PHASE4-MPS-20260721170405,ALT-BASELINE,PSC-SKU-BIKE-MT-001-20260706,MT-OP-060,SEG-ALT-BASELINE-PSC-SKU-BIKE-MT-001-20260706-MT-OP-060-01;SEG-ALT-BASELINE-PSC-SKU-BIKE-MT-001-20260706-MT-OP-060-02;SEG-ALT-BASELINE-PSC-SKU-BIKE-MT-001-20260706-MT-OP-060-03,WS-QC,M-QC-TOOLS-001,QUALITY_INSPECTOR,2026-07-31,2026-07-31,SHIFT-A,2026-07-31,SHIFT-A,WIN-20260731-SHIFT-A;WIN-20260803-SHIFT-A;WIN-20260804-SHIFT-A,1305.0,435.0,1,1305.0,1305.0,1305.0,M-QC-TOOLS-001#01=959.918,QUALITY_INSPECTOR#01=959.918,959.918,345.082,73.5569,73.5569,73.5569,73.5569,73.5569,73.5569,WORKSTATION,167.0473,959.918,959.918,178.0347,0.0,15.8653,0.1333,15.9986,21.75,73.5569,164.6642,FINITE_CAPACITY_FEASIBLE,0.0,0.0,0.0,0.0,True,PHASE4_STEP8F_FINITE_CAPACITY_SCHEDULE_ALTERNATIVES,True
PHASE4-MPS-20260721170405,ALT-BASELINE,PSC-SKU-BIKE-MT-001-20260706,MT-OP-070,SEG-ALT-BASELINE-PSC-SKU-BIKE-MT-001-20260706-MT-OP-070-01;SEG-ALT-BASELINE-PSC-SKU-BIKE-MT-001-20260706-MT-OP-070-02;SEG-ALT-BASELINE-PSC-SKU-BIKE-MT-001-20260706-MT-OP-070-03,WS-PACK,M-PACK-BENCH-001,PACKAGING_OPERATOR,2026-08-04,2026-08-04,SHIFT-A,2026-08-04,SHIFT-A,WIN-20260804-SHIFT-A;WIN-20260805-SHIFT-A;WIN-20260806-SHIFT-A,1305.0,435.0,1,1305.0,1305.0,1305.0,M-PACK-BENCH-001#01=1033.2619,PACKAGING_OPERATOR#01=1033.2619,1033.2619,271.7381,79.1772,79.1772,79.1772,79.1772,79.1772,79.1772,WORKSTATION,256.9653,1033.2619,1033.2619,14.7728,0.0,17.121,0.1,17.221,21.75,79.1772,129.2125,FINITE_CAPACITY_FEASIBLE,0.0,0.0,0.0,0.0,True,PHASE4_STEP8F_FINITE_CAPACITY_SCHEDULE_ALTERNATIVES,True
PHASE4-MPS-20260721170405,ALT-BASELINE,PSC-SKU-BIKE-ROAD-001-20260706,ROAD-OP-010,SEG-ALT-BASELINE-PSC-SKU-BIKE-ROAD-001-20260706-ROAD-OP-010-01;SEG-ALT-BASELINE-PSC-SKU-BIKE-ROAD-001-20260706-ROAD-OP-010-02;SEG-ALT-BASELINE-PSC-SKU-BIKE-ROAD-001-20260706-ROAD-OP-010-03;SEG-ALT-BASELINE-PSC-SKU-BIKE-ROAD-001-20260706-ROAD-OP-010-04;SEG-ALT-BASELINE-PSC-SKU-BIKE-ROAD-001-20260706-ROAD-OP-010-05,WS-FRAME-PREP,M-FRAME-JIG-001,FRAME_TECHNICIAN,2026-07-06,2026-07-06,SHIFT-A,2026-07-06,SHIFT-A,WIN-20260706-SHIFT-A;WIN-20260707-SHIFT-A;WIN-20260708-SHIFT-A;WIN-20260709-SHIFT-A;WIN-20260710-SHIFT-A,2175.0,435.0,2,4350.0,4350.0,4350.0,M-FRAME-JIG-001#02=1875.7652,FRAME_TECHNICIAN#02=1875.7652,1875.7652,2474.2348,43.121,43.121,43.121,43.121,43.121,43.121,WORKSTATION,299.2348,1875.7652,1875.7652,0.0,0.0,30.9628,0.3,31.2628,36.25,86.2421,202.2771,FINITE_CAPACITY_FEASIBLE,0.0,0.0,0.0,0.0,True,PHASE4_STEP8F_FINITE_CAPACITY_SCHEDULE_ALTERNATIVES,True
PHASE4-MPS-20260721170405,ALT-BASELINE,PSC-SKU-BIKE-ROAD-001-20260706,ROAD-OP-020,SEG-ALT-BASELINE-PSC-SKU-BIKE-ROAD-001-20260706-ROAD-OP-020-01;SEG-ALT-BASELINE-PSC-SKU-BIKE-ROAD-001-20260706-ROAD-OP-020-02;SEG-ALT-BASELINE-PSC-SKU-BIKE-ROAD-001-20260706-ROAD-OP-020-03;SEG-ALT-BASELINE-PSC-SKU-BIKE-ROAD-001-20260706-ROAD-OP-020-04;SEG-ALT-BASELINE-PSC-SKU-BIKE-ROAD-001-20260706-ROAD-OP-020-05;SEG-ALT-BASELINE-PSC-SKU-BIKE-ROAD-001-20260706-ROAD-OP-020-06,WS-WHEEL-SUB,M-WHEEL-TRUE-001,WHEEL_ASSEMBLY_TECHNICIAN,2026-07-10,2026-07-10,SHIFT-A,2026-07-10,SHIFT-A,WIN-20260710-SHIFT-A;WIN-20260713-SHIFT-A;WIN-20260714-SHIFT-A;WIN-20260715-SHIFT-A;WIN-20260716-SHIFT-A;WIN-20260717-SHIFT-A,2610.0,435.0,3,7830.0,7830.0,7830.0,M-WHEEL-TRUE-001#02=2347.2959,WHEEL_ASSEMBLY_TECHNICIAN#02=2347.2959,2347.2959,5482.7041,29.9782,29.9782,29.9782,29.9782,29.9782,29.9782,WORKSTATION,262.7041,2347.2959,2347.2959,0.0,0.0,38.9549,0.1667,39.1216,43.5,89.9347,252.058,FINITE_CAPACITY_FEASIBLE,0.0,0.0,0.0,0.0,True,PHASE4_STEP8F_FINITE_CAPACITY_SCHEDULE_ALTERNATIVES,True
PHASE4-MPS-20260721170405,ALT-BASELINE,PSC-SKU-BIKE-ROAD-001-20260706,ROAD-OP-030,SEG-ALT-BASELINE-PSC-SKU-BIKE-ROAD-001-20260706-ROAD-OP-030-01;SEG-ALT-BASELINE-PSC-SKU-BIKE-ROAD-001-20260706-ROAD-OP-030-02;SEG-ALT-BASELINE-PSC-SKU-BIKE-ROAD-001-20260706-ROAD-OP-030-03;SEG-ALT-BASELINE-PSC-SKU-BIKE-ROAD-001-20260706-ROAD-OP-030-04;SEG-ALT-BASELINE-PSC-SKU-BIKE-ROAD-001-20260706-ROAD-OP-030-05,WS-BRAKE-SUB,M-BRAKE-BENCH-001,BRAKE_ASSEMBLY_TECHNICIAN,2026-07-10,2026-07-10,SHIFT-A,2026-07-10,SHIFT-A,WIN-20260710-SHIFT-A;WIN-20260713-SHIFT-A;WIN-20260714-SHIFT-A;WIN-20260715-SHIFT-A;WIN-20260716-SHIFT-A,2175.0,435.0,2,4350.0,4350.0,4350.0,M-BRAKE-BENCH-001#02=1723.2827,BRAKE_ASSEMBLY_TECHNICIAN#02=1723.2827,1723.2827,2626.7173,39.6157,39.6157,39.6157,39.6157,39.6157,39.6157,WORKSTATION,451.7173,1723.2827,1723.2827,0.0,0.0,28.5214,0.2,28.7214,36.25,79.2314,187.4195,FINITE_CAPACITY_FEASIBLE,0.0,0.0,0.0,0.0,True,PHASE4_STEP8F_FINITE_CAPACITY_SCHEDULE_ALTERNATIVES,True
PHASE4-MPS-20260721170405,ALT-BASELINE,PSC-SKU-BIKE-ROAD-001-20260706,ROAD-OP-040,SEG-ALT-BASELINE-PSC-SKU-BIKE-ROAD-001-20260706-ROAD-OP-040-01;SEG-ALT-BASELINE-PSC-SKU-BIKE-ROAD-001-20260706-ROAD-OP-040-02;SEG-ALT-BASELINE-PSC-SKU-BIKE-ROAD-001-20260706-ROAD-OP-040-03;SEG-ALT-BASELINE-PSC-SKU-BIKE-ROAD-001-20260706-ROAD-OP-040-04;SEG-ALT-BASELINE-PSC-SKU-BIKE-ROAD-001-20260706-ROAD-OP-040-05;SEG-ALT-BASELINE-PSC-SKU-BIKE-ROAD-001-20260706-ROAD-OP-040-06,WS-FINAL-ASM,M-FINAL-STAND-001,FINAL_ASSEMBLY_OPERATOR,2026-07-31,2026-07-31,SHIFT-A,2026-07-31,SHIFT-A,WIN-20260731-SHIFT-A;WIN-20260803-SHIFT-A;WIN-20260804-SHIFT-A;WIN-20260805-SHIFT-A;WIN-20260806-SHIFT-A;WIN-20260807-SHIFT-A,2610.0,435.0,1,2610.0,2610.0,2610.0,M-FINAL-STAND-001#01=2106.4846,FINAL_ASSEMBLY_OPERATOR#01=2106.4846,2106.4846,503.5154,80.7082,80.7082,80.7082,80.7082,80.7082,80.7082,WORKSTATION,167.0473,2106.4846,2106.4846,336.4681,0.0,34.7081,0.4,35.1081,43.5,80.7082,398.7676,FINITE_CAPACITY_FEASIBLE,0.0,0.0,0.0,0.0,True,PHASE4_STEP8F_FINITE_CAPACITY_SCHEDULE_ALTERNATIVES,True
PHASE4-MPS-20260721170405,ALT-BASELINE,PSC-SKU-BIKE-ROAD-001-20260706,ROAD-OP-050,SEG-ALT-BASELINE-PSC-SKU-BIKE-ROAD-001-20260706-ROAD-OP-050-01;SEG-ALT-BASELINE-PSC-SKU-BIKE-ROAD-001-20260706-ROAD-OP-050-02;SEG-ALT-BASELINE-PSC-SKU-BIKE-ROAD-001-20260706-ROAD-OP-050-03,WS-QC,M-QC-TOOLS-001,QUALITY_INSPECTOR,2026-08-07,2026-08-07,SHIFT-A,2026-08-07,SHIFT-A,WIN-20260807-SHIFT-A;WIN-20260810-SHIFT-A;WIN-20260811-SHIFT-A,1305.0,435.0,1,1305.0,1305.0,1305.0,M-QC-TOOLS-001#01=1010.5897,QUALITY_INSPECTOR#01=1010.5897,1010.5897,294.4103,77.4398,77.4398,77.4398,77.4398,77.4398,77.4398,WORKSTATION,98.5319,1010.5897,1010.5897,195.8784,0.0,16.7098,0.1333,16.8432,21.75,77.4398,164.6642,FINITE_CAPACITY_FEASIBLE,0.0,0.0001,0.0,0.0,True,PHASE4_STEP8F_FINITE_CAPACITY_SCHEDULE_ALTERNATIVES,True
PHASE4-MPS-20260721170405,ALT-BASELINE,PSC-SKU-BIKE-ROAD-001-20260706,ROAD-OP-060,SEG-ALT-BASELINE-PSC-SKU-BIKE-ROAD-001-20260706-ROAD-OP-060-01;SEG-ALT-BASELINE-PSC-SKU-BIKE-ROAD-001-20260706-ROAD-OP-060-02;SEG-ALT-BASELINE-PSC-SKU-BIKE-ROAD-001-20260706-ROAD-OP-060-03,WS-PACK,M-PACK-BENCH-001,PACKAGING_OPERATOR,2026-08-11,2026-08-11,SHIFT-A,2026-08-11,SHIFT-A,WIN-20260811-SHIFT-A;WIN-20260812-SHIFT-A;WIN-20260813-SHIFT-A,1305.0,435.0,1,1305.0,1305.0,1305.0,M-PACK-BENCH-001#01=911.1322,PACKAGING_OPERATOR#01=911.1322,911.1322,393.8678,69.8186,69.8186,69.8186,69.8186,69.8186,69.8186,WORKSTATION,239.1216,911.1322,911.1322,154.7462,0.0,15.0855,0.1,15.1855,21.75,69.8186,129.2125,FINITE_CAPACITY_FEASIBLE,0.0,0.0,0.0,0.0,True,PHASE4_STEP8F_FINITE_CAPACITY_SCHEDULE_ALTERNATIVES,True
PHASE4-MPS-20260721170405,ALT-BASELINE,PSC-SKU-BIKE-MT-001-20260713,MT-OP-010,SEG-ALT-BASELINE-PSC-SKU-BIKE-MT-001-20260713-MT-OP-010-01;SEG-ALT-BASELINE-PSC-SKU-BIKE-MT-001-20260713-MT-OP-010-02;SEG-ALT-BASELINE-PSC-SKU-BIKE-MT-001-20260713-MT-OP-010-03;SEG-ALT-BASELINE-PSC-SKU-BIKE-MT-001-20260713-MT-OP-010-04;SEG-ALT-BASELINE-PSC-SKU-BIKE-MT-001-20260713-MT-OP-010-05,WS-FRAME-PREP,M-FRAME-JIG-001,FRAME_TECHNICIAN,2026-07-13,2026-07-13,SHIFT-A,2026-07-13,SHIFT-A,WIN-20260713-SHIFT-A;WIN-20260714-SHIFT-A;WIN-20260715-SHIFT-A;WIN-20260716-SHIFT-A;WIN-20260717-SHIFT-A,2175.0,435.0,2,4350.0,4350.0,4350.0,M-FRAME-JIG-001#01=2122.782,FRAME_TECHNICIAN#01=2122.782,2122.782,2227.218,48.7996,48.7996,48.7996,48.7996,48.7996,48.7996,WORKSTATION,0.0,2122.782,2122.782,52.218,0.0,35.0797,0.3,35.3797,36.25,97.5992,202.7045,FINITE_CAPACITY_FEASIBLE,0.0,0.0,0.0,0.0,True,PHASE4_STEP8F_FINITE_CAPACITY_SCHEDULE_ALTERNATIVES,True
PHASE4-MPS-20260721170405,ALT-BASELINE,PSC-SKU-BIKE-MT-001-20260713,MT-OP-020,SEG-ALT-BASELINE-PSC-SKU-BIKE-MT-001-20260713-MT-OP-020-01;SEG-ALT-BASELINE-PSC-SKU-BIKE-MT-001-20260713-MT-OP-020-02;SEG-ALT-BASELINE-PSC-SKU-BIKE-MT-001-20260713-MT-OP-020-03;SEG-ALT-BASELINE-PSC-SKU-BIKE-MT-001-20260713-MT-OP-020-04;SEG-ALT-BASELINE-PSC-SKU-BIKE-MT-001-20260713-MT-OP-020-05;SEG-ALT-BASELINE-PSC-SKU-BIKE-MT-001-20260713-MT-OP-020-06;SEG-ALT-BASELINE-PSC-SKU-BIKE-MT-001-20260713-MT-OP-020-07,WS-FORK-SUSP,M-FORK-BENCH-001,SUSPENSION_TECHNICIAN,2026-07-17,2026-07-17,SHIFT-A,2026-07-17,SHIFT-A,WIN-20260717-SHIFT-A;WIN-20260720-SHIFT-A;WIN-20260721-SHIFT-A;WIN-20260722-SHIFT-A;WIN-20260723-SHIFT-A;WIN-20260724-SHIFT-A;WIN-20260727-SHIFT-A,3045.0,435.0,2,6090.0,6090.0,6090.0,M-FORK-BENCH-001#02=2581.776,SUSPENSION_TECHNICIAN#02=2581.776,2581.776,3508.224,42.3937,42.3937,42.3937,42.3937,42.3937,42.3937,WORKSTATION,382.782,2581.776,2581.776,80.442,0.0,43.0296,0.0,43.0296,50.75,84.7874,118.6224,FINITE_CAPACITY_FEASIBLE,0.0,0.0,0.0,0.0,True,PHASE4_STEP8F_FINITE_CAPACITY_SCHEDULE_ALTERNATIVES,True
PHASE4-MPS-20260721170405,ALT-BASELINE,PSC-SKU-BIKE-MT-001-20260713,MT-OP-030,SEG-ALT-BASELINE-PSC-SKU-BIKE-MT-001-20260713-MT-OP-030-01;SEG-ALT-BASELINE-PSC-SKU-BIKE-MT-001-20260713-MT-OP-030-02;SEG-ALT-BASELINE-PSC-SKU-BIKE-MT-001-20260713-MT-OP-030-03;SEG-ALT-BASELINE-PSC-SKU-BIKE-MT-001-20260713-MT-OP-030-04;SEG-ALT-BASELINE-PSC-SKU-BIKE-MT-001-20260713-MT-OP-030-05;SEG-ALT-BASELINE-PSC-SKU-BIKE-MT-001-20260713-MT-OP-030-06,WS-WHEEL-SUB,M-WHEEL-TRUE-001,WHEEL_ASSEMBLY_TECHNICIAN,2026-07-17,2026-07-17,SHIFT-A,2026-07-17,SHIFT-A,WIN-20260717-SHIFT-A;WIN-20260720-SHIFT-A;WIN-20260721-SHIFT-A;WIN-20260722-SHIFT-A;WIN-20260723-SHIFT-A;WIN-20260724-SHIFT-A,2610.0,435.0,3,7830.0,7830.0,7830.0,M-WHEEL-TRUE-001#02=2030.7051,WHEEL_ASSEMBLY_TECHNICIAN#02=2030.7051,2030.7051,5799.2949,25.9349,25.9349,25.9349,25.9349,25.9349,25.9349,WORKSTATION,382.782,2030.7051,2030.7051,196.5129,0.0,33.6784,0.1667,33.8451,43.5,77.8048,252.5983,FINITE_CAPACITY_FEASIBLE,0.0,0.0,0.0,0.0,True,PHASE4_STEP8F_FINITE_CAPACITY_SCHEDULE_ALTERNATIVES,True
PHASE4-MPS-20260721170405,ALT-BASELINE,PSC-SKU-BIKE-MT-001-20260713,MT-OP-040,SEG-ALT-BASELINE-PSC-SKU-BIKE-MT-001-20260713-MT-OP-040-01;SEG-ALT-BASELINE-PSC-SKU-BIKE-MT-001-20260713-MT-OP-040-02;SEG-ALT-BASELINE-PSC-SKU-BIKE-MT-001-20260713-MT-OP-040-03;SEG-ALT-BASELINE-PSC-SKU-BIKE-MT-001-20260713-MT-OP-040-04;SEG-ALT-BASELINE-PSC-SKU-BIKE-MT-001-20260713-MT-OP-040-05,WS-BRAKE-SUB,M-BRAKE-BENCH-001,BRAKE_ASSEMBLY_TECHNICIAN,2026-07-17,2026-07-17,SHIFT-A,2026-07-17,SHIFT-A,WIN-20260717-SHIFT-A;WIN-20260720-SHIFT-A;WIN-20260721-SHIFT-A;WIN-20260722-SHIFT-A;WIN-20260723-SHIFT-A,2175.0,435.0,2,4350.0,4350.0,4350.0,M-BRAKE-BENCH-001#01=1642.8692,BRAKE_ASSEMBLY_TECHNICIAN#01=1642.8692,1642.8692,2707.1308,37.7671,37.7671,37.7671,37.7671,37.7671,37.7671,WORKSTATION,382.782,1642.8692,1642.8692,149.3488,0.0,27.1812,0.2,27.3812,36.25,75.5342,187.8149,FINITE_CAPACITY_FEASIBLE,0.0,0.0001,0.0,0.0,True,PHASE4_STEP8F_FINITE_CAPACITY_SCHEDULE_ALTERNATIVES,True
PHASE4-MPS-20260721170405,ALT-BASELINE,PSC-SKU-BIKE-MT-001-20260713,MT-OP-050,SEG-ALT-BASELINE-PSC-SKU-BIKE-MT-001-20260713-MT-OP-050-01;SEG-ALT-BASELINE-PSC-SKU-BIKE-MT-001-20260713-MT-OP-050-02;SEG-ALT-BASELINE-PSC-SKU-BIKE-MT-001-20260713-MT-OP-050-03;SEG-ALT-BASELINE-PSC-SKU-BIKE-MT-001-20260713-MT-OP-050-04;SEG-ALT-BASELINE-PSC-SKU-BIKE-MT-001-20260713-MT-OP-050-05;SEG-ALT-BASELINE-PSC-SKU-BIKE-MT-001-20260713-MT-OP-050-06,WS-FINAL-ASM,M-FINAL-STAND-001,FINAL_ASSEMBLY_OPERATOR,2026-08-07,2026-08-07,SHIFT-A,2026-08-07,SHIFT-A,WIN-20260807-SHIFT-A;WIN-20260810-SHIFT-A;WIN-20260811-SHIFT-A;WIN-20260812-SHIFT-A;WIN-20260813-SHIFT-A;WIN-20260814-SHIFT-A,2610.0,435.0,1,2610.0,2610.0,2610.0,M-FINAL-STAND-001#01=2313.1689,FINAL_ASSEMBLY_OPERATOR#01=2313.1689,2313.1689,296.8311,88.6272,88.6272,88.6272,88.6272,88.6272,88.6272,WORKSTATION,98.5319,2313.1689,2313.1689,198.2992,0.0,38.1528,0.4,38.5528,43.5,88.6272,399.6048,FINITE_CAPACITY_FEASIBLE,0.0,0.0,0.0,0.0,True,PHASE4_STEP8F_FINITE_CAPACITY_SCHEDULE_ALTERNATIVES,True
PHASE4-MPS-20260721170405,ALT-BASELINE,PSC-SKU-BIKE-MT-001-20260713,MT-OP-060,SEG-ALT-BASELINE-PSC-SKU-BIKE-MT-001-20260713-MT-OP-060-01;SEG-ALT-BASELINE-PSC-SKU-BIKE-MT-001-20260713-MT-OP-060-02;SEG-ALT-BASELINE-PSC-SKU-BIKE-MT-001-20260713-MT-OP-060-03;SEG-ALT-BASELINE-PSC-SKU-BIKE-MT-001-20260713-MT-OP-060-04,WS-QC,M-QC-TOOLS-001,QUALITY_INSPECTOR,2026-08-14,2026-08-14,SHIFT-A,2026-08-14,SHIFT-A,WIN-20260814-SHIFT-A;WIN-20260817-SHIFT-A;WIN-20260818-SHIFT-A;WIN-20260819-SHIFT-A,1740.0,435.0,1,1740.0,1740.0,1740.0,M-QC-TOOLS-001#01=1367.8829,QUALITY_INSPECTOR#01=1367.8829,1367.8829,372.1171,78.614,78.614,78.614,78.614,78.614,78.614,WORKSTATION,236.7008,1367.8829,1367.8829,135.4163,0.0,22.6647,0.1333,22.798,29.0,78.614,165.008,FINITE_CAPACITY_FEASIBLE,0.0,0.0001,0.0,0.0,True,PHASE4_STEP8F_FINITE_CAPACITY_SCHEDULE_ALTERNATIVES,True
PHASE4-MPS-20260721170405,ALT-BASELINE,PSC-SKU-BIKE-MT-001-20260713,MT-OP-070,SEG-ALT-BASELINE-PSC-SKU-BIKE-MT-001-20260713-MT-OP-070-01;SEG-ALT-BASELINE-PSC-SKU-BIKE-MT-001-20260713-MT-OP-070-02;SEG-ALT-BASELINE-PSC-SKU-BIKE-MT-001-20260713-MT-OP-070-03;SEG-ALT-BASELINE-PSC-SKU-BIKE-MT-001-20260713-MT-OP-070-04,WS-PACK,M-PACK-BENCH-001,PACKAGING_OPERATOR,2026-08-19,2026-08-19,SHIFT-A,2026-08-19,SHIFT-A,WIN-20260819-SHIFT-A;WIN-20260820-SHIFT-A;WIN-20260821-SHIFT-A;WIN-20260824-SHIFT-A,1740.0,435.0,1,1740.0,1740.0,1740.0,M-PACK-BENCH-001#01=1033.2619,PACKAGING_OPERATOR#01=1033.2619,1033.2619,706.7381,59.3829,59.3829,59.3829,59.3829,59.3829,59.3829,WORKSTATION,299.5837,1033.2619,1033.2619,407.1544,0.0,17.121,0.1,17.221,29.0,59.3829,129.4918,FINITE_CAPACITY_FEASIBLE,0.0,0.0,0.0,0.0,True,PHASE4_STEP8F_FINITE_CAPACITY_SCHEDULE_ALTERNATIVES,True
PHASE4-MPS-20260721170405,ALT-BASELINE,PSC-SKU-BIKE-ROAD-001-20260713,ROAD-OP-010,SEG-ALT-BASELINE-PSC-SKU-BIKE-ROAD-001-20260713-ROAD-OP-010-01;SEG-ALT-BASELINE-PSC-SKU-BIKE-ROAD-001-20260713-ROAD-OP-010-02;SEG-ALT-BASELINE-PSC-SKU-BIKE-ROAD-001-20260713-ROAD-OP-010-03;SEG-ALT-BASELINE-PSC-SKU-BIKE-ROAD-001-20260713-ROAD-OP-010-04;SEG-ALT-BASELINE-PSC-SKU-BIKE-ROAD-001-20260713-ROAD-OP-010-05,WS-FRAME-PREP,M-FRAME-JIG-001,FRAME_TECHNICIAN,2026-07-13,2026-07-13,SHIFT-A,2026-07-13,SHIFT-A,WIN-20260713-SHIFT-A;WIN-20260714-SHIFT-A;WIN-20260715-SHIFT-A;WIN-20260716-SHIFT-A;WIN-20260717-SHIFT-A,2175.0,435.0,2,4350.0,4350.0,4350.0,M-FRAME-JIG-001#02=1875.7681,FRAME_TECHNICIAN#02=1875.7681,1875.7681,2474.2319,43.1211,43.1211,43.1211,43.1211,43.1211,43.1211,WORKSTATION,299.2319,1875.7681,1875.7681,0.0,0.0,30.9628,0.3,31.2628,36.25,86.2422,202.7045,FINITE_CAPACITY_FEASIBLE,0.0,0.0,0.0,0.0,True,PHASE4_STEP8F_FINITE_CAPACITY_SCHEDULE_ALTERNATIVES,True
PHASE4-MPS-20260721170405,ALT-BASELINE,PSC-SKU-BIKE-ROAD-001-20260713,ROAD-OP-020,SEG-ALT-BASELINE-PSC-SKU-BIKE-ROAD-001-20260713-ROAD-OP-020-01;SEG-ALT-BASELINE-PSC-SKU-BIKE-ROAD-001-20260713-ROAD-OP-020-02;SEG-ALT-BASELINE-PSC-SKU-BIKE-ROAD-001-20260713-ROAD-OP-020-03;SEG-ALT-BASELINE-PSC-SKU-BIKE-ROAD-001-20260713-ROAD-OP-020-04,WS-WHEEL-SUB,M-WHEEL-TRUE-001,WHEEL_ASSEMBLY_TECHNICIAN,2026-07-31,2026-07-31,SHIFT-A,2026-07-31,SHIFT-A,WIN-20260731-SHIFT-A;WIN-20260803-SHIFT-A;WIN-20260804-SHIFT-A;WIN-20260805-SHIFT-A,1740.0,435.0,3,5220.0,5220.0,5220.0,M-WHEEL-TRUE-001#01=1353.962,WHEEL_ASSEMBLY_TECHNICIAN#01=1353.962,1353.962,3866.038,25.938,25.938,25.938,25.938,25.938,25.938,WORKSTATION,167.0473,1353.962,1353.962,218.9907,0.0,22.3994,0.1667,22.566,29.0,77.8139,252.5983,FINITE_CAPACITY_FEASIBLE,0.0,0.0,0.0,0.0,True,PHASE4_STEP8F_FINITE_CAPACITY_SCHEDULE_ALTERNATIVES,True
PHASE4-MPS-20260721170405,ALT-BASELINE,PSC-SKU-BIKE-ROAD-001-20260713,ROAD-OP-030,SEG-ALT-BASELINE-PSC-SKU-BIKE-ROAD-001-20260713-ROAD-OP-030-01;SEG-ALT-BASELINE-PSC-SKU-BIKE-ROAD-001-20260713-ROAD-OP-030-02;SEG-ALT-BASELINE-PSC-SKU-BIKE-ROAD-001-20260713-ROAD-OP-030-03,WS-BRAKE-SUB,M-BRAKE-BENCH-001,BRAKE_ASSEMBLY_TECHNICIAN,2026-07-31,2026-07-31,SHIFT-A,2026-07-31,SHIFT-A,WIN-20260731-SHIFT-A;WIN-20260803-SHIFT-A;WIN-20260804-SHIFT-A,1305.0,435.0,2,2610.0,2610.0,2610.0,M-BRAKE-BENCH-001#01=1038.7802,BRAKE_ASSEMBLY_TECHNICIAN#01=1038.7802,1038.7802,1571.2198,39.8,39.8,39.8,39.8,39.8,39.8,WORKSTATION,167.0473,1038.7802,1038.7802,99.1725,0.0,17.113,0.2,17.313,21.75,79.6,187.8149,FINITE_CAPACITY_FEASIBLE,0.0,0.0,0.0,0.0,True,PHASE4_STEP8F_FINITE_CAPACITY_SCHEDULE_ALTERNATIVES,True
PHASE4-MPS-20260721170405,ALT-BASELINE,PSC-SKU-BIKE-ROAD-001-20260713,ROAD-OP-040,SEG-ALT-BASELINE-PSC-SKU-BIKE-ROAD-001-20260713-ROAD-OP-040-01;SEG-ALT-BASELINE-PSC-SKU-BIKE-ROAD-001-20260713-ROAD-OP-040-02;SEG-ALT-BASELINE-PSC-SKU-BIKE-ROAD-001-20260713-ROAD-OP-040-03;SEG-ALT-BASELINE-PSC-SKU-BIKE-ROAD-001-20260713-ROAD-OP-040-04;SEG-ALT-BASELINE-PSC-SKU-BIKE-ROAD-001-20260713-ROAD-OP-040-05;SEG-ALT-BASELINE-PSC-SKU-BIKE-ROAD-001-20260713-ROAD-OP-040-06;SEG-ALT-BASELINE-PSC-SKU-BIKE-ROAD-001-20260713-ROAD-OP-040-07,WS-FINAL-ASM,M-FINAL-STAND-001,FINAL_ASSEMBLY_OPERATOR,2026-08-14,2026-08-14,SHIFT-A,2026-08-14,SHIFT-A,WIN-20260814-SHIFT-A;WIN-20260817-SHIFT-A;WIN-20260818-SHIFT-A;WIN-20260819-SHIFT-A;WIN-20260820-SHIFT-A;WIN-20260821-SHIFT-A;WIN-20260824-SHIFT-A,3045.0,435.0,1,3045.0,3045.0,3045.0,M-FINAL-STAND-001#01=2468.6042,FINAL_ASSEMBLY_OPERATOR#01=2468.6042,2468.6042,576.3958,81.0707,81.0707,81.0707,81.0707,81.0707,81.0707,WORKSTATION,236.7008,2468.6042,2468.6042,339.695,0.0,40.7434,0.4,41.1434,50.75,81.0707,399.6048,FINITE_CAPACITY_FEASIBLE,0.0,0.0,0.0,0.0,True,PHASE4_STEP8F_FINITE_CAPACITY_SCHEDULE_ALTERNATIVES,True
PHASE4-MPS-20260721170405,ALT-BASELINE,PSC-SKU-BIKE-ROAD-001-20260713,ROAD-OP-050,SEG-ALT-BASELINE-PSC-SKU-BIKE-ROAD-001-20260713-ROAD-OP-050-01;SEG-ALT-BASELINE-PSC-SKU-BIKE-ROAD-001-20260713-ROAD-OP-050-02;SEG-ALT-BASELINE-PSC-SKU-BIKE-ROAD-001-20260713-ROAD-OP-050-03,WS-QC,M-QC-TOOLS-001,QUALITY_INSPECTOR,2026-08-24,2026-08-24,SHIFT-A,2026-08-24,SHIFT-A,WIN-20260824-SHIFT-A;WIN-20260825-SHIFT-A;WIN-20260826-SHIFT-A,1305.0,435.0,1,1305.0,1305.0,1305.0,M-QC-TOOLS-001#01=1121.996,QUALITY_INSPECTOR#01=1121.996,1121.996,183.004,85.9767,85.9767,85.9767,85.9767,85.9767,85.9767,WORKSTATION,95.305,1121.996,1121.996,87.699,0.0,18.5666,0.1333,18.6999,21.75,85.9767,165.008,FINITE_CAPACITY_FEASIBLE,0.0,0.0,0.0,0.0,True,PHASE4_STEP8F_FINITE_CAPACITY_SCHEDULE_ALTERNATIVES,True
PHASE4-MPS-20260721170405,ALT-BASELINE,PSC-SKU-BIKE-ROAD-001-20260713,ROAD-OP-060,SEG-ALT-BASELINE-PSC-SKU-BIKE-ROAD-001-20260713-ROAD-OP-060-01;SEG-ALT-BASELINE-PSC-SKU-BIKE-ROAD-001-20260713-ROAD-OP-060-02;SEG-ALT-BASELINE-PSC-SKU-BIKE-ROAD-001-20260713-ROAD-OP-060-03,WS-PACK,M-PACK-BENCH-001,PACKAGING_OPERATOR,2026-08-26,2026-08-26,SHIFT-A,2026-08-26,SHIFT-A,WIN-20260826-SHIFT-A;WIN-20260827-SHIFT-A;WIN-20260828-SHIFT-A,1305.0,435.0,1,1305.0,1305.0,1305.0,M-PACK-BENCH-001#01=911.1313,PACKAGING_OPERATOR#01=911.1313,911.1313,393.8687,69.8185,69.8185,69.8185,69.8185,69.8185,69.8185,WORKSTATION,347.301,911.1313,911.1313,46.5677,0.0,15.0855,0.1,15.1855,21.75,69.8185,129.4918,FINITE_CAPACITY_FEASIBLE,0.0,0.0001,0.0,0.0,True,PHASE4_STEP8F_FINITE_CAPACITY_SCHEDULE_ALTERNATIVES,True
PHASE4-MPS-20260721170405,ALT-BASELINE,PSC-SKU-BIKE-MT-001-20260720,MT-OP-010,SEG-ALT-BASELINE-PSC-SKU-BIKE-MT-001-20260720-MT-OP-010-01;SEG-ALT-BASELINE-PSC-SKU-BIKE-MT-001-20260720-MT-OP-010-02;SEG-ALT-BASELINE-PSC-SKU-BIKE-MT-001-20260720-MT-OP-010-03;SEG-ALT-BASELINE-PSC-SKU-BIKE-MT-001-20260720-MT-OP-010-04,WS-FRAME-PREP,M-FRAME-JIG-001,FRAME_TECHNICIAN,2026-07-20,2026-07-20,SHIFT-A,2026-07-20,SHIFT-A,WIN-20260720-SHIFT-A;WIN-20260721-SHIFT-A;WIN-20260722-SHIFT-A;WIN-20260723-SHIFT-A,1740.0,435.0,2,3480.0,3480.0,3480.0,M-FRAME-JIG-001#01=1687.4022,FRAME_TECHNICIAN#01=1687.4022,1687.4022,1792.5978,48.4886,48.4886,48.4886,48.4886,48.4886,48.4886,WORKSTATION,0.0,1687.4022,1687.4022,52.5978,0.0,27.8234,0.3,28.1234,29.0,96.9771,202.7045,FINITE_CAPACITY_FEASIBLE,0.0,0.0001,0.0,0.0,True,PHASE4_STEP8F_FINITE_CAPACITY_SCHEDULE_ALTERNATIVES,True
PHASE4-MPS-20260721170405,ALT-BASELINE,PSC-SKU-BIKE-MT-001-20260720,MT-OP-020,SEG-ALT-BASELINE-PSC-SKU-BIKE-MT-001-20260720-MT-OP-020-01;SEG-ALT-BASELINE-PSC-SKU-BIKE-MT-001-20260720-MT-OP-020-02;SEG-ALT-BASELINE-PSC-SKU-BIKE-MT-001-20260720-MT-OP-020-03;SEG-ALT-BASELINE-PSC-SKU-BIKE-MT-001-20260720-MT-OP-020-04;SEG-ALT-BASELINE-PSC-SKU-BIKE-MT-001-20260720-MT-OP-020-05,WS-FORK-SUSP,M-FORK-BENCH-001,SUSPENSION_TECHNICIAN,2026-08-07,2026-08-07,SHIFT-A,2026-08-07,SHIFT-A,WIN-20260807-SHIFT-A;WIN-20260810-SHIFT-A;WIN-20260811-SHIFT-A;WIN-20260812-SHIFT-A;WIN-20260813-SHIFT-A,2175.0,435.0,2,4350.0,4350.0,4350.0,M-FORK-BENCH-001#01=2047.7287,SUSPENSION_TECHNICIAN#01=2047.7287,2047.7287,2302.2713,47.0742,47.0742,47.0742,47.0742,47.0742,47.0742,WORKSTATION,98.5319,2047.7287,2047.7287,28.7394,0.0,34.1288,0.0,34.1288,36.25,94.1484,118.6224,FINITE_CAPACITY_FEASIBLE,0.0,0.0001,0.0,0.0,True,PHASE4_STEP8F_FINITE_CAPACITY_SCHEDULE_ALTERNATIVES,True
PHASE4-MPS-20260721170405,ALT-BASELINE,PSC-SKU-BIKE-MT-001-20260720,MT-OP-030,SEG-ALT-BASELINE-PSC-SKU-BIKE-MT-001-20260720-MT-OP-030-01;SEG-ALT-BASELINE-PSC-SKU-BIKE-MT-001-20260720-MT-OP-030-02;SEG-ALT-BASELINE-PSC-SKU-BIKE-MT-001-20260720-MT-OP-030-03;SEG-ALT-BASELINE-PSC-SKU-BIKE-MT-001-20260720-MT-OP-030-04,WS-WHEEL-SUB,M-WHEEL-TRUE-001,WHEEL_ASSEMBLY_TECHNICIAN,2026-08-07,2026-08-07,SHIFT-A,2026-08-07,SHIFT-A,WIN-20260807-SHIFT-A;WIN-20260810-SHIFT-A;WIN-20260811-SHIFT-A;WIN-20260812-SHIFT-A,1740.0,435.0,3,5220.0,5220.0,5220.0,M-WHEEL-TRUE-001#01=1424.4936,WHEEL_ASSEMBLY_TECHNICIAN#01=1424.4936,1424.4936,3795.5064,27.2891,27.2891,27.2891,27.2891,27.2891,27.2891,WORKSTATION,98.5319,1424.4936,1424.4936,216.9745,0.0,23.5749,0.1667,23.7416,29.0,81.8674,252.5983,FINITE_CAPACITY_FEASIBLE,0.0,0.0,0.0,0.0,True,PHASE4_STEP8F_FINITE_CAPACITY_SCHEDULE_ALTERNATIVES,True
PHASE4-MPS-20260721170405,ALT-BASELINE,PSC-SKU-BIKE-MT-001-20260720,MT-OP-040,SEG-ALT-BASELINE-PSC-SKU-BIKE-MT-001-20260720-MT-OP-040-01;SEG-ALT-BASELINE-PSC-SKU-BIKE-MT-001-20260720-MT-OP-040-02;SEG-ALT-BASELINE-PSC-SKU-BIKE-MT-001-20260720-MT-OP-040-03,WS-BRAKE-SUB,M-BRAKE-BENCH-001,BRAKE_ASSEMBLY_TECHNICIAN,2026-08-07,2026-08-07,SHIFT-A,2026-08-07,SHIFT-A,WIN-20260807-SHIFT-A;WIN-20260810-SHIFT-A;WIN-20260811-SHIFT-A,1305.0,435.0,2,2610.0,2610.0,2610.0,M-BRAKE-BENCH-001#01=1081.8249,BRAKE_ASSEMBLY_TECHNICIAN#01=1081.8249,1081.8249,1528.1751,41.4492,41.4492,41.4492,41.4492,41.4492,41.4492,WORKSTATION,98.5319,1081.8249,1081.8249,124.6432,0.0,17.8304,0.2,18.0304,21.75,82.8985,187.8149,FINITE_CAPACITY_FEASIBLE,0.0,0.0,0.0,0.0,True,PHASE4_STEP8F_FINITE_CAPACITY_SCHEDULE_ALTERNATIVES,True
PHASE4-MPS-20260721170405,ALT-BASELINE,PSC-SKU-BIKE-MT-001-20260720,MT-OP-050,SEG-ALT-BASELINE-PSC-SKU-BIKE-MT-001-20260720-MT-OP-050-01;SEG-ALT-BASELINE-PSC-SKU-BIKE-MT-001-20260720-MT-OP-050-02;SEG-ALT-BASELINE-PSC-SKU-BIKE-MT-001-20260720-MT-OP-050-03;SEG-ALT-BASELINE-PSC-SKU-BIKE-MT-001-20260720-MT-OP-050-04;SEG-ALT-BASELINE-PSC-SKU-BIKE-MT-001-20260720-MT-OP-050-05;SEG-ALT-BASELINE-PSC-SKU-BIKE-MT-001-20260720-MT-OP-050-06;SEG-ALT-BASELINE-PSC-SKU-BIKE-MT-001-20260720-MT-OP-050-07;SEG-ALT-BASELINE-PSC-SKU-BIKE-MT-001-20260720-MT-OP-050-08,WS-FINAL-ASM,M-FINAL-STAND-001,FINAL_ASSEMBLY_OPERATOR,2026-08-24,2026-08-24,SHIFT-A,2026-08-24,SHIFT-A,WIN-20260824-SHIFT-A;WIN-20260825-SHIFT-A;WIN-20260826-SHIFT-A;WIN-20260827-SHIFT-A;WIN-20260828-SHIFT-A;WIN-20260831-SHIFT-A;WIN-20260901-SHIFT-A;WIN-20260902-SHIFT-A,3480.0,435.0,1,3480.0,3480.0,3480.0,M-FINAL-STAND-001#01=3294.2413,FINAL_ASSEMBLY_OPERATOR#01=3294.2413,3294.2413,185.7587,94.6621,94.6621,94.6621,94.6621,94.6621,94.6621,WORKSTATION,95.305,3294.2413,3294.2413,90.4537,0.0,54.504,0.4,54.904,58.0,94.6621,399.6048,FINITE_CAPACITY_FEASIBLE,0.0,0.0,0.0,0.0,True,PHASE4_STEP8F_FINITE_CAPACITY_SCHEDULE_ALTERNATIVES,True
PHASE4-MPS-20260721170405,ALT-BASELINE,PSC-SKU-BIKE-MT-001-20260720,MT-OP-060,SEG-ALT-BASELINE-PSC-SKU-BIKE-MT-001-20260720-MT-OP-060-01;SEG-ALT-BASELINE-PSC-SKU-BIKE-MT-001-20260720-MT-OP-060-02;SEG-ALT-BASELINE-PSC-SKU-BIKE-MT-001-20260720-MT-OP-060-03;SEG-ALT-BASELINE-PSC-SKU-BIKE-MT-001-20260720-MT-OP-060-04,WS-QC,M-QC-TOOLS-001,QUALITY_INSPECTOR,2026-09-02,2026-09-02,SHIFT-A,2026-09-02,SHIFT-A,WIN-20260902-SHIFT-A;WIN-20260903-SHIFT-A;WIN-20260904-SHIFT-A;WIN-20260907-SHIFT-A,1740.0,435.0,1,1740.0,1740.0,1740.0,M-QC-TOOLS-001#01=1367.8829,QUALITY_INSPECTOR#01=1367.8829,1367.8829,372.1171,78.614,78.614,78.614,78.614,78.614,78.614,WORKSTATION,344.5463,1367.8829,1367.8829,27.5708,0.0,22.6647,0.1333,22.798,29.0,78.614,165.008,FINITE_CAPACITY_FEASIBLE,0.0,0.0001,0.0,0.0,True,PHASE4_STEP8F_FINITE_CAPACITY_SCHEDULE_ALTERNATIVES,True
PHASE4-MPS-20260721170405,ALT-BASELINE,PSC-SKU-BIKE-MT-001-20260720,MT-OP-070,SEG-ALT-BASELINE-PSC-SKU-BIKE-MT-001-20260720-MT-OP-070-01;SEG-ALT-BASELINE-PSC-SKU-BIKE-MT-001-20260720-MT-OP-070-02;SEG-ALT-BASELINE-PSC-SKU-BIKE-MT-001-20260720-MT-OP-070-03;SEG-ALT-BASELINE-PSC-SKU-BIKE-MT-001-20260720-MT-OP-070-04,WS-PACK,M-PACK-BENCH-001,PACKAGING_OPERATOR,2026-09-07,2026-09-07,SHIFT-A,2026-09-07,SHIFT-A,WIN-20260907-SHIFT-A;WIN-20260908-SHIFT-A;WIN-20260909-SHIFT-A;WIN-20260910-SHIFT-A,1740.0,435.0,1,1740.0,1740.0,1740.0,M-PACK-BENCH-001#01=1033.2619,PACKAGING_OPERATOR#01=1033.2619,1033.2619,706.7381,59.3829,59.3829,59.3829,59.3829,59.3829,59.3829,WORKSTATION,407.4292,1033.2619,1033.2619,299.3089,0.0,17.121,0.1,17.221,29.0,59.3829,129.4918,FINITE_CAPACITY_FEASIBLE,0.0,0.0,0.0,0.0,True,PHASE4_STEP8F_FINITE_CAPACITY_SCHEDULE_ALTERNATIVES,True
PHASE4-MPS-20260721170405,ALT-BASELINE,PSC-SKU-BIKE-ROAD-001-20260720,ROAD-OP-010,SEG-ALT-BASELINE-PSC-SKU-BIKE-ROAD-001-20260720-ROAD-OP-010-01;SEG-ALT-BASELINE-PSC-SKU-BIKE-ROAD-001-20260720-ROAD-OP-010-02;SEG-ALT-BASELINE-PSC-SKU-BIKE-ROAD-001-20260720-ROAD-OP-010-03,WS-FRAME-PREP,M-FRAME-JIG-001,FRAME_TECHNICIAN,2026-07-31,2026-07-31,SHIFT-A,2026-07-31,SHIFT-A,WIN-20260731-SHIFT-A;WIN-20260803-SHIFT-A;WIN-20260804-SHIFT-A,1305.0,435.0,2,2610.0,2610.0,2610.0,M-FRAME-JIG-001#01=1086.2283,FRAME_TECHNICIAN#01=1086.2283,1086.2283,1523.7717,41.6179,41.6179,41.6179,41.6179,41.6179,41.6179,WORKSTATION,167.0473,1086.2283,1086.2283,51.7244,0.0,17.8038,0.3,18.1038,21.75,83.2359,202.7045,FINITE_CAPACITY_FEASIBLE,0.0,0.0,0.0,0.0,True,PHASE4_STEP8F_FINITE_CAPACITY_SCHEDULE_ALTERNATIVES,True
PHASE4-MPS-20260721170405,ALT-BASELINE,PSC-SKU-BIKE-ROAD-001-20260720,ROAD-OP-020,SEG-ALT-BASELINE-PSC-SKU-BIKE-ROAD-001-20260720-ROAD-OP-020-01;SEG-ALT-BASELINE-PSC-SKU-BIKE-ROAD-001-20260720-ROAD-OP-020-02;SEG-ALT-BASELINE-PSC-SKU-BIKE-ROAD-001-20260720-ROAD-OP-020-03;SEG-ALT-BASELINE-PSC-SKU-BIKE-ROAD-001-20260720-ROAD-OP-020-04;SEG-ALT-BASELINE-PSC-SKU-BIKE-ROAD-001-20260720-ROAD-OP-020-05,WS-WHEEL-SUB,M-WHEEL-TRUE-001,WHEEL_ASSEMBLY_TECHNICIAN,2026-08-14,2026-08-14,SHIFT-A,2026-08-14,SHIFT-A,WIN-20260814-SHIFT-A;WIN-20260817-SHIFT-A;WIN-20260818-SHIFT-A;WIN-20260819-SHIFT-A;WIN-20260820-SHIFT-A,2175.0,435.0,3,6525.0,6525.0,6525.0,M-WHEEL-TRUE-001#01=1587.6627,WHEEL_ASSEMBLY_TECHNICIAN#01=1587.6627,1587.6627,4937.3373,24.332,24.332,24.332,24.332,24.332,24.332,WORKSTATION,236.7008,1587.6627,1587.6627,350.6365,0.0,26.2944,0.1667,26.461,36.25,72.996,252.5983,FINITE_CAPACITY_FEASIBLE,0.0,0.0,0.0,0.0,True,PHASE4_STEP8F_FINITE_CAPACITY_SCHEDULE_ALTERNATIVES,True
PHASE4-MPS-20260721170405,ALT-BASELINE,PSC-SKU-BIKE-ROAD-001-20260720,ROAD-OP-030,SEG-ALT-BASELINE-PSC-SKU-BIKE-ROAD-001-20260720-ROAD-OP-030-01;SEG-ALT-BASELINE-PSC-SKU-BIKE-ROAD-001-20260720-ROAD-OP-030-02;SEG-ALT-BASELINE-PSC-SKU-BIKE-ROAD-001-20260720-ROAD-OP-030-03;SEG-ALT-BASELINE-PSC-SKU-BIKE-ROAD-001-20260720-ROAD-OP-030-04,WS-BRAKE-SUB,M-BRAKE-BENCH-001,BRAKE_ASSEMBLY_TECHNICIAN,2026-08-14,2026-08-14,SHIFT-A,2026-08-14,SHIFT-A,WIN-20260814-SHIFT-A;WIN-20260817-SHIFT-A;WIN-20260818-SHIFT-A;WIN-20260819-SHIFT-A,1740.0,435.0,2,3480.0,3480.0,3480.0,M-BRAKE-BENCH-001#01=1167.105,BRAKE_ASSEMBLY_TECHNICIAN#01=1167.105,1167.105,2312.895,33.5375,33.5375,33.5375,33.5375,33.5375,33.5375,WORKSTATION,236.7008,1167.105,1167.105,336.1942,0.0,19.2518,0.2,19.4518,29.0,67.075,187.8149,FINITE_CAPACITY_FEASIBLE,0.0,0.0,0.0,0.0,True,PHASE4_STEP8F_FINITE_CAPACITY_SCHEDULE_ALTERNATIVES,True
PHASE4-MPS-20260721170405,ALT-BASELINE,PSC-SKU-BIKE-ROAD-001-20260720,ROAD-OP-040,SEG-ALT-BASELINE-PSC-SKU-BIKE-ROAD-001-20260720-ROAD-OP-040-01;SEG-ALT-BASELINE-PSC-SKU-BIKE-ROAD-001-20260720-ROAD-OP-040-02;SEG-ALT-BASELINE-PSC-SKU-BIKE-ROAD-001-20260720-ROAD-OP-040-03;SEG-ALT-BASELINE-PSC-SKU-BIKE-ROAD-001-20260720-ROAD-OP-040-04;SEG-ALT-BASELINE-PSC-SKU-BIKE-ROAD-001-20260720-ROAD-OP-040-05;SEG-ALT-BASELINE-PSC-SKU-BIKE-ROAD-001-20260720-ROAD-OP-040-06;SEG-ALT-BASELINE-PSC-SKU-BIKE-ROAD-001-20260720-ROAD-OP-040-07;SEG-ALT-BASELINE-PSC-SKU-BIKE-ROAD-001-20260720-ROAD-OP-040-08,WS-FINAL-ASM,M-FINAL-STAND-001,FINAL_ASSEMBLY_OPERATOR,2026-09-02,2026-09-02,SHIFT-A,2026-09-02,SHIFT-A,WIN-20260902-SHIFT-A;WIN-20260903-SHIFT-A;WIN-20260904-SHIFT-A;WIN-20260907-SHIFT-A;WIN-20260908-SHIFT-A;WIN-20260909-SHIFT-A;WIN-20260910-SHIFT-A;WIN-20260911-SHIFT-A,3480.0,435.0,1,3480.0,3480.0,3480.0,M-FINAL-STAND-001#01=2740.252,FINAL_ASSEMBLY_OPERATOR#01=2740.252,2740.252,739.748,78.7429,78.7429,78.7429,78.7429,78.7429,78.7429,WORKSTATION,344.5463,2740.252,2740.252,395.2017,0.0,45.2709,0.4,45.6709,58.0,78.7429,399.6048,FINITE_CAPACITY_FEASIBLE,0.0,0.0,0.0,0.0,True,PHASE4_STEP8F_FINITE_CAPACITY_SCHEDULE_ALTERNATIVES,True
PHASE4-MPS-20260721170405,ALT-BASELINE,PSC-SKU-BIKE-ROAD-001-20260720,ROAD-OP-050,SEG-ALT-BASELINE-PSC-SKU-BIKE-ROAD-001-20260720-ROAD-OP-050-01;SEG-ALT-BASELINE-PSC-SKU-BIKE-ROAD-001-20260720-ROAD-OP-050-02;SEG-ALT-BASELINE-PSC-SKU-BIKE-ROAD-001-20260720-ROAD-OP-050-03,WS-QC,M-QC-TOOLS-001,QUALITY_INSPECTOR,2026-09-11,2026-09-11,SHIFT-A,2026-09-11,SHIFT-A,WIN-20260911-SHIFT-A;WIN-20260914-SHIFT-A;WIN-20260915-SHIFT-A,1305.0,435.0,1,1305.0,1305.0,1305.0,M-QC-TOOLS-001#01=1121.996,QUALITY_INSPECTOR#01=1121.996,1121.996,183.004,85.9767,85.9767,85.9767,85.9767,85.9767,85.9767,WORKSTATION,39.7983,1121.996,1121.996,143.2057,0.0,18.5666,0.1333,18.6999,21.75,85.9767,165.008,FINITE_CAPACITY_FEASIBLE,0.0,0.0,0.0,0.0,True,PHASE4_STEP8F_FINITE_CAPACITY_SCHEDULE_ALTERNATIVES,True
PHASE4-MPS-20260721170405,ALT-BASELINE,PSC-SKU-BIKE-ROAD-001-20260720,ROAD-OP-060,SEG-ALT-BASELINE-PSC-SKU-BIKE-ROAD-001-20260720-ROAD-OP-060-01;SEG-ALT-BASELINE-PSC-SKU-BIKE-ROAD-001-20260720-ROAD-OP-060-02;SEG-ALT-BASELINE-PSC-SKU-BIKE-ROAD-001-20260720-ROAD-OP-060-03,WS-PACK,M-PACK-BENCH-001,PACKAGING_OPERATOR,2026-09-15,2026-09-15,SHIFT-A,2026-09-15,SHIFT-A,WIN-20260915-SHIFT-A;WIN-20260916-SHIFT-A;WIN-20260917-SHIFT-A,1305.0,435.0,1,1305.0,1305.0,1305.0,M-PACK-BENCH-001#01=911.1313,PACKAGING_OPERATOR#01=911.1313,911.1313,393.8687,69.8185,69.8185,69.8185,69.8185,69.8185,69.8185,WORKSTATION,291.7943,911.1313,911.1313,102.0744,0.0,15.0855,0.1,15.1855,21.75,69.8185,129.4918,FINITE_CAPACITY_FEASIBLE,0.0,0.0001,0.0,0.0,True,PHASE4_STEP8F_FINITE_CAPACITY_SCHEDULE_ALTERNATIVES,True
PHASE4-MPS-20260721170405,ALT-BASELINE,PSC-SKU-BIKE-MT-001-20260727,MT-OP-010,SEG-ALT-BASELINE-PSC-SKU-BIKE-MT-001-20260727-MT-OP-010-01;SEG-ALT-BASELINE-PSC-SKU-BIKE-MT-001-20260727-MT-OP-010-02;SEG-ALT-BASELINE-PSC-SKU-BIKE-MT-001-20260727-MT-OP-010-03,WS-FRAME-PREP,M-FRAME-JIG-001,FRAME_TECHNICIAN,2026-08-07,2026-08-07,SHIFT-A,2026-08-07,SHIFT-A,WIN-20260807-SHIFT-A;WIN-20260810-SHIFT-A;WIN-20260811-SHIFT-A,1305.0,435.0,2,2610.0,2610.0,2610.0,M-FRAME-JIG-001#01=1166.4492,FRAME_TECHNICIAN#01=1166.4492,1166.4492,1443.5508,44.6915,44.6915,44.6915,44.6915,44.6915,44.6915,WORKSTATION,98.5319,1166.4492,1166.4492,40.0189,0.0,19.1408,0.3,19.4408,21.75,89.3831,202.7045,FINITE_CAPACITY_FEASIBLE,0.0,0.0,0.0,0.0,True,PHASE4_STEP8F_FINITE_CAPACITY_SCHEDULE_ALTERNATIVES,True
PHASE4-MPS-20260721170405,ALT-BASELINE,PSC-SKU-BIKE-MT-001-20260727,MT-OP-020,SEG-ALT-BASELINE-PSC-SKU-BIKE-MT-001-20260727-MT-OP-020-01;SEG-ALT-BASELINE-PSC-SKU-BIKE-MT-001-20260727-MT-OP-020-02;SEG-ALT-BASELINE-PSC-SKU-BIKE-MT-001-20260727-MT-OP-020-03;SEG-ALT-BASELINE-PSC-SKU-BIKE-MT-001-20260727-MT-OP-020-04,WS-FORK-SUSP,M-FORK-BENCH-001,SUSPENSION_TECHNICIAN,2026-08-24,2026-08-24,SHIFT-A,2026-08-24,SHIFT-A,WIN-20260824-SHIFT-A;WIN-20260825-SHIFT-A;WIN-20260826-SHIFT-A;WIN-20260827-SHIFT-A,1740.0,435.0,2,3480.0,3480.0,3480.0,M-FORK-BENCH-001#01=1408.7153,SUSPENSION_TECHNICIAN#01=1408.7153,1408.7153,2071.2847,40.4803,40.4803,40.4803,40.4803,40.4803,40.4803,WORKSTATION,95.305,1408.7153,1408.7153,235.9797,0.0,23.4786,0.0,23.4786,29.0,80.9606,118.6224,FINITE_CAPACITY_FEASIBLE,0.0,0.0,0.0,0.0,True,PHASE4_STEP8F_FINITE_CAPACITY_SCHEDULE_ALTERNATIVES,True
PHASE4-MPS-20260721170405,ALT-BASELINE,PSC-SKU-BIKE-MT-001-20260727,MT-OP-030,SEG-ALT-BASELINE-PSC-SKU-BIKE-MT-001-20260727-MT-OP-030-01;SEG-ALT-BASELINE-PSC-SKU-BIKE-MT-001-20260727-MT-OP-030-02;SEG-ALT-BASELINE-PSC-SKU-BIKE-MT-001-20260727-MT-OP-030-03;SEG-ALT-BASELINE-PSC-SKU-BIKE-MT-001-20260727-MT-OP-030-04;SEG-ALT-BASELINE-PSC-SKU-BIKE-MT-001-20260727-MT-OP-030-05,WS-WHEEL-SUB,M-WHEEL-TRUE-001,WHEEL_ASSEMBLY_TECHNICIAN,2026-08-24,2026-08-24,SHIFT-A,2026-08-24,SHIFT-A,WIN-20260824-SHIFT-A;WIN-20260825-SHIFT-A;WIN-20260826-SHIFT-A;WIN-20260827-SHIFT-A;WIN-20260828-SHIFT-A,2175.0,435.0,3,6525.0,6525.0,6525.0,M-WHEEL-TRUE-001#01=2030.7051,WHEEL_ASSEMBLY_TECHNICIAN#01=2030.7051,2030.7051,4494.2949,31.1219,31.1219,31.1219,31.1219,31.1219,31.1219,WORKSTATION,95.305,2030.7051,2030.7051,48.9899,0.0,33.6784,0.1667,33.8451,36.25,93.3658,252.5983,FINITE_CAPACITY_FEASIBLE,0.0,0.0,0.0,0.0,True,PHASE4_STEP8F_FINITE_CAPACITY_SCHEDULE_ALTERNATIVES,True
PHASE4-MPS-20260721170405,ALT-BASELINE,PSC-SKU-BIKE-MT-001-20260727,MT-OP-040,SEG-ALT-BASELINE-PSC-SKU-BIKE-MT-001-20260727-MT-OP-040-01;SEG-ALT-BASELINE-PSC-SKU-BIKE-MT-001-20260727-MT-OP-040-02;SEG-ALT-BASELINE-PSC-SKU-BIKE-MT-001-20260727-MT-OP-040-03;SEG-ALT-BASELINE-PSC-SKU-BIKE-MT-001-20260727-MT-OP-040-04,WS-BRAKE-SUB,M-BRAKE-BENCH-001,BRAKE_ASSEMBLY_TECHNICIAN,2026-08-24,2026-08-24,SHIFT-A,2026-08-24,SHIFT-A,WIN-20260824-SHIFT-A;WIN-20260825-SHIFT-A;WIN-20260826-SHIFT-A;WIN-20260827-SHIFT-A,1740.0,435.0,2,3480.0,3480.0,3480.0,M-BRAKE-BENCH-001#01=1540.3213,BRAKE_ASSEMBLY_TECHNICIAN#01=1540.3213,1540.3213,1939.6787,44.2621,44.2621,44.2621,44.2621,44.2621,44.2621,WORKSTATION,95.305,1540.3213,1540.3213,104.3737,0.0,25.472,0.2,25.672,29.0,88.5242,187.8149,FINITE_CAPACITY_FEASIBLE,0.0,0.0,0.0,0.0,True,PHASE4_STEP8F_FINITE_CAPACITY_SCHEDULE_ALTERNATIVES,True
PHASE4-MPS-20260721170405,ALT-BASELINE,PSC-SKU-BIKE-MT-001-20260727,MT-OP-050,SEG-ALT-BASELINE-PSC-SKU-BIKE-MT-001-20260727-MT-OP-050-01;SEG-ALT-BASELINE-PSC-SKU-BIKE-MT-001-20260727-MT-OP-050-02;SEG-ALT-BASELINE-PSC-SKU-BIKE-MT-001-20260727-MT-OP-050-03;SEG-ALT-BASELINE-PSC-SKU-BIKE-MT-001-20260727-MT-OP-050-04;SEG-ALT-BASELINE-PSC-SKU-BIKE-MT-001-20260727-MT-OP-050-05;SEG-ALT-BASELINE-PSC-SKU-BIKE-MT-001-20260727-MT-OP-050-06;SEG-ALT-BASELINE-PSC-SKU-BIKE-MT-001-20260727-MT-OP-050-07;SEG-ALT-BASELINE-PSC-SKU-BIKE-MT-001-20260727-MT-OP-050-08,WS-FINAL-ASM,M-FINAL-STAND-001,FINAL_ASSEMBLY_OPERATOR,2026-09-11,2026-09-11,SHIFT-A,2026-09-11,SHIFT-A,WIN-20260911-SHIFT-A;WIN-20260914-SHIFT-A;WIN-20260915-SHIFT-A;WIN-20260916-SHIFT-A;WIN-20260917-SHIFT-A;WIN-20260918-SHIFT-A;WIN-20260921-SHIFT-A;WIN-20260922-SHIFT-A,3480.0,435.0,1,3480.0,3480.0,3480.0,M-FINAL-STAND-001#01=3294.2413,FINAL_ASSEMBLY_OPERATOR#01=3294.2413,3294.2413,185.7587,94.6621,94.6621,94.6621,94.6621,94.6621,94.6621,WORKSTATION,39.7983,3294.2413,3294.2413,145.9604,0.0,54.504,0.4,54.904,58.0,94.6621,399.6048,FINITE_CAPACITY_FEASIBLE,0.0,0.0,0.0,0.0,True,PHASE4_STEP8F_FINITE_CAPACITY_SCHEDULE_ALTERNATIVES,True
PHASE4-MPS-20260721170405,ALT-BASELINE,PSC-SKU-BIKE-MT-001-20260727,MT-OP-060,SEG-ALT-BASELINE-PSC-SKU-BIKE-MT-001-20260727-MT-OP-060-01;SEG-ALT-BASELINE-PSC-SKU-BIKE-MT-001-20260727-MT-OP-060-02;SEG-ALT-BASELINE-PSC-SKU-BIKE-MT-001-20260727-MT-OP-060-03;SEG-ALT-BASELINE-PSC-SKU-BIKE-MT-001-20260727-MT-OP-060-04,WS-QC,M-QC-TOOLS-001,QUALITY_INSPECTOR,2026-09-22,2026-09-22,SHIFT-A,2026-09-22,SHIFT-A,WIN-20260922-SHIFT-A;WIN-20260923-SHIFT-A;WIN-20260924-SHIFT-A;WIN-20260925-SHIFT-A,1740.0,435.0,1,1740.0,1740.0,1740.0,M-QC-TOOLS-001#01=1367.8829,QUALITY_INSPECTOR#01=1367.8829,1367.8829,372.1171,78.614,78.614,78.614,78.614,78.614,78.614,WORKSTATION,289.0396,1367.8829,1367.8829,83.0775,0.0,22.6647,0.1333,22.798,29.0,78.614,165.008,FINITE_CAPACITY_FEASIBLE,0.0,0.0001,0.0,0.0,True,PHASE4_STEP8F_FINITE_CAPACITY_SCHEDULE_ALTERNATIVES,True
PHASE4-MPS-20260721170405,ALT-BASELINE,PSC-SKU-BIKE-MT-001-20260727,MT-OP-070,SEG-ALT-BASELINE-PSC-SKU-BIKE-MT-001-20260727-MT-OP-070-01;SEG-ALT-BASELINE-PSC-SKU-BIKE-MT-001-20260727-MT-OP-070-02;SEG-ALT-BASELINE-PSC-SKU-BIKE-MT-001-20260727-MT-OP-070-03;SEG-ALT-BASELINE-PSC-SKU-BIKE-MT-001-20260727-MT-OP-070-04,WS-PACK,M-PACK-BENCH-001,PACKAGING_OPERATOR,2026-09-25,2026-09-25,SHIFT-A,2026-09-25,SHIFT-A,WIN-20260925-SHIFT-A;WIN-20260928-SHIFT-A;WIN-20260929-SHIFT-A;WIN-20260930-SHIFT-A,1740.0,435.0,1,1740.0,1740.0,1740.0,M-PACK-BENCH-001#01=1033.2619,PACKAGING_OPERATOR#01=1033.2619,1033.2619,706.7381,59.3829,59.3829,59.3829,59.3829,59.3829,59.3829,WORKSTATION,351.9225,1033.2619,1033.2619,354.8156,0.0,17.121,0.1,17.221,29.0,59.3829,129.4918,FINITE_CAPACITY_FEASIBLE,0.0,0.0,0.0,0.0,True,PHASE4_STEP8F_FINITE_CAPACITY_SCHEDULE_ALTERNATIVES,True
PHASE4-MPS-20260721170405,ALT-BASELINE,PSC-SKU-BIKE-ROAD-001-20260727,ROAD-OP-010,SEG-ALT-BASELINE-PSC-SKU-BIKE-ROAD-001-20260727-ROAD-OP-010-01;SEG-ALT-BASELINE-PSC-SKU-BIKE-ROAD-001-20260727-ROAD-OP-010-02;SEG-ALT-BASELINE-PSC-SKU-BIKE-ROAD-001-20260727-ROAD-OP-010-03;SEG-ALT-BASELINE-PSC-SKU-BIKE-ROAD-001-20260727-ROAD-OP-010-04,WS-FRAME-PREP,M-FRAME-JIG-001,FRAME_TECHNICIAN,2026-08-14,2026-08-14,SHIFT-A,2026-08-14,SHIFT-A,WIN-20260814-SHIFT-A;WIN-20260817-SHIFT-A;WIN-20260818-SHIFT-A;WIN-20260819-SHIFT-A,1740.0,435.0,2,3480.0,3480.0,3480.0,M-FRAME-JIG-001#01=1271.9819,FRAME_TECHNICIAN#01=1271.9819,1271.9819,2208.0181,36.5512,36.5512,36.5512,36.5512,36.5512,36.5512,WORKSTATION,236.7008,1271.9819,1271.9819,231.3173,0.0,20.8997,0.3,21.1997,29.0,73.1024,202.7045,FINITE_CAPACITY_FEASIBLE,0.0,0.0001,0.0,0.0,True,PHASE4_STEP8F_FINITE_CAPACITY_SCHEDULE_ALTERNATIVES,True
PHASE4-MPS-20260721170405,ALT-BASELINE,PSC-SKU-BIKE-ROAD-001-20260727,ROAD-OP-020,SEG-ALT-BASELINE-PSC-SKU-BIKE-ROAD-001-20260727-ROAD-OP-020-01;SEG-ALT-BASELINE-PSC-SKU-BIKE-ROAD-001-20260727-ROAD-OP-020-02;SEG-ALT-BASELINE-PSC-SKU-BIKE-ROAD-001-20260727-ROAD-OP-020-03;SEG-ALT-BASELINE-PSC-SKU-BIKE-ROAD-001-20260727-ROAD-OP-020-04;SEG-ALT-BASELINE-PSC-SKU-BIKE-ROAD-001-20260727-ROAD-OP-020-05,WS-WHEEL-SUB,M-WHEEL-TRUE-001,WHEEL_ASSEMBLY_TECHNICIAN,2026-09-02,2026-09-02,SHIFT-A,2026-09-02,SHIFT-A,WIN-20260902-SHIFT-A;WIN-20260903-SHIFT-A;WIN-20260904-SHIFT-A;WIN-20260907-SHIFT-A;WIN-20260908-SHIFT-A,2175.0,435.0,3,6525.0,6525.0,6525.0,M-WHEEL-TRUE-001#01=1762.9748,WHEEL_ASSEMBLY_TECHNICIAN#01=1762.9748,1762.9748,4762.0252,27.0188,27.0188,27.0188,27.0188,27.0188,27.0188,WORKSTATION,344.5463,1762.9748,1762.9748,67.4789,0.0,29.2162,0.1667,29.3829,36.25,81.0563,252.5983,FINITE_CAPACITY_FEASIBLE,0.0,0.0,0.0,0.0,True,PHASE4_STEP8F_FINITE_CAPACITY_SCHEDULE_ALTERNATIVES,True
PHASE4-MPS-20260721170405,ALT-BASELINE,PSC-SKU-BIKE-ROAD-001-20260727,ROAD-OP-030,SEG-ALT-BASELINE-PSC-SKU-BIKE-ROAD-001-20260727-ROAD-OP-030-01;SEG-ALT-BASELINE-PSC-SKU-BIKE-ROAD-001-20260727-ROAD-OP-030-02;SEG-ALT-BASELINE-PSC-SKU-BIKE-ROAD-001-20260727-ROAD-OP-030-03;SEG-ALT-BASELINE-PSC-SKU-BIKE-ROAD-001-20260727-ROAD-OP-030-04,WS-BRAKE-SUB,M-BRAKE-BENCH-001,BRAKE_ASSEMBLY_TECHNICIAN,2026-09-02,2026-09-02,SHIFT-A,2026-09-02,SHIFT-A,WIN-20260902-SHIFT-A;WIN-20260903-SHIFT-A;WIN-20260904-SHIFT-A;WIN-20260907-SHIFT-A,1740.0,435.0,2,3480.0,3480.0,3480.0,M-BRAKE-BENCH-001#01=1295.4619,BRAKE_ASSEMBLY_TECHNICIAN#01=1295.4619,1295.4619,2184.5381,37.2259,37.2259,37.2259,37.2259,37.2259,37.2259,WORKSTATION,344.5463,1295.4619,1295.4619,99.9918,0.0,21.391,0.2,21.591,29.0,74.4518,187.8149,FINITE_CAPACITY_FEASIBLE,0.0,0.0,0.0,0.0,True,PHASE4_STEP8F_FINITE_CAPACITY_SCHEDULE_ALTERNATIVES,True
PHASE4-MPS-20260721170405,ALT-BASELINE,PSC-SKU-BIKE-ROAD-001-20260727,ROAD-OP-040,SEG-ALT-BASELINE-PSC-SKU-BIKE-ROAD-001-20260727-ROAD-OP-040-01;SEG-ALT-BASELINE-PSC-SKU-BIKE-ROAD-001-20260727-ROAD-OP-040-02;SEG-ALT-BASELINE-PSC-SKU-BIKE-ROAD-001-20260727-ROAD-OP-040-03;SEG-ALT-BASELINE-PSC-SKU-BIKE-ROAD-001-20260727-ROAD-OP-040-04;SEG-ALT-BASELINE-PSC-SKU-BIKE-ROAD-001-20260727-ROAD-OP-040-05;SEG-ALT-BASELINE-PSC-SKU-BIKE-ROAD-001-20260727-ROAD-OP-040-06;SEG-ALT-BASELINE-PSC-SKU-BIKE-ROAD-001-20260727-ROAD-OP-040-07,WS-FINAL-ASM,M-FINAL-STAND-001,FINAL_ASSEMBLY_OPERATOR,2026-09-22,2026-09-22,SHIFT-A,2026-09-22,SHIFT-A,WIN-20260922-SHIFT-A;WIN-20260923-SHIFT-A;WIN-20260924-SHIFT-A;WIN-20260925-SHIFT-A;WIN-20260928-SHIFT-A;WIN-20260929-SHIFT-A;WIN-20260930-SHIFT-A,3045.0,435.0,1,3045.0,3045.0,3045.0,M-FINAL-STAND-001#01=2740.252,FINAL_ASSEMBLY_OPERATOR#01=2740.252,2740.252,304.748,89.9919,89.9919,89.9919,89.9919,89.9919,89.9919,WORKSTATION,289.0396,2740.252,2740.252,15.7083,0.0,45.2709,0.4,45.6709,50.75,89.9919,399.6048,FINITE_CAPACITY_FEASIBLE,0.0,0.0,0.0,0.0,True,PHASE4_STEP8F_FINITE_CAPACITY_SCHEDULE_ALTERNATIVES,True
PHASE4-MPS-20260721170405,ALT-BASELINE,PSC-SKU-BIKE-ROAD-001-20260727,ROAD-OP-050,SEG-ALT-BASELINE-PSC-SKU-BIKE-ROAD-001-20260727-ROAD-OP-050-01;SEG-ALT-BASELINE-PSC-SKU-BIKE-ROAD-001-20260727-ROAD-OP-050-02;SEG-ALT-BASELINE-PSC-SKU-BIKE-ROAD-001-20260727-ROAD-OP-050-03;SEG-ALT-BASELINE-PSC-SKU-BIKE-ROAD-001-20260727-ROAD-OP-050-04,WS-QC,M-QC-TOOLS-001,QUALITY_INSPECTOR,2026-09-30,2026-09-30,SHIFT-A,2026-09-30,SHIFT-A,WIN-20260930-SHIFT-A;WIN-20261001-SHIFT-A;WIN-20261002-SHIFT-A;WIN-20261005-SHIFT-A,1740.0,435.0,1,1740.0,1740.0,1740.0,M-QC-TOOLS-001#01=1121.996,QUALITY_INSPECTOR#01=1121.996,1121.996,618.004,64.4825,64.4825,64.4825,64.4825,64.4825,64.4825,WORKSTATION,419.2917,1121.996,1121.996,198.7123,0.0,18.5666,0.1333,18.6999,29.0,64.4825,165.008,FINITE_CAPACITY_FEASIBLE,0.0,0.0,0.0,0.0,True,PHASE4_STEP8F_FINITE_CAPACITY_SCHEDULE_ALTERNATIVES,True
PHASE4-MPS-20260721170405,ALT-BASELINE,PSC-SKU-BIKE-ROAD-001-20260727,ROAD-OP-060,SEG-ALT-BASELINE-PSC-SKU-BIKE-ROAD-001-20260727-ROAD-OP-060-01;SEG-ALT-BASELINE-PSC-SKU-BIKE-ROAD-001-20260727-ROAD-OP-060-02;SEG-ALT-BASELINE-PSC-SKU-BIKE-ROAD-001-20260727-ROAD-OP-060-03,WS-PACK,M-PACK-BENCH-001,PACKAGING_OPERATOR,2026-10-05,2026-10-05,SHIFT-A,2026-10-05,SHIFT-A,WIN-20261005-SHIFT-A;WIN-20261006-SHIFT-A;WIN-20261007-SHIFT-A,1305.0,435.0,1,1305.0,1305.0,1305.0,M-PACK-BENCH-001#01=911.1313,PACKAGING_OPERATOR#01=911.1313,911.1313,393.8687,69.8185,69.8185,69.8185,69.8185,69.8185,69.8185,WORKSTATION,236.2877,911.1313,911.1313,157.5811,0.0,15.0855,0.1,15.1855,21.75,69.8185,129.4918,FINITE_CAPACITY_FEASIBLE,0.0,0.0001,0.0,0.0,True,PHASE4_STEP8F_FINITE_CAPACITY_SCHEDULE_ALTERNATIVES,True
PHASE4-MPS-20260721170405,ALT-BASELINE,PSC-SKU-BIKE-MT-001-20260803,MT-OP-010,SEG-ALT-BASELINE-PSC-SKU-BIKE-MT-001-20260803-MT-OP-010-01;SEG-ALT-BASELINE-PSC-SKU-BIKE-MT-001-20260803-MT-OP-010-02;SEG-ALT-BASELINE-PSC-SKU-BIKE-MT-001-20260803-MT-OP-010-03;SEG-ALT-BASELINE-PSC-SKU-BIKE-MT-001-20260803-MT-OP-010-04;SEG-ALT-BASELINE-PSC-SKU-BIKE-MT-001-20260803-MT-OP-010-05,WS-FRAME-PREP,M-FRAME-JIG-001,FRAME_TECHNICIAN,2026-08-24,2026-08-24,SHIFT-A,2026-08-24,SHIFT-A,WIN-20260824-SHIFT-A;WIN-20260825-SHIFT-A;WIN-20260826-SHIFT-A;WIN-20260827-SHIFT-A;WIN-20260828-SHIFT-A,2175.0,435.0,2,4350.0,4350.0,4350.0,M-FRAME-JIG-001#01=1658.6417,FRAME_TECHNICIAN#01=1658.6417,1658.6417,2691.3583,38.1297,38.1297,38.1297,38.1297,38.1297,38.1297,WORKSTATION,95.305,1658.6417,1658.6417,421.0533,0.0,27.344,0.3,27.644,36.25,76.2594,202.7045,FINITE_CAPACITY_FEASIBLE,0.0,0.0,0.0,0.0,True,PHASE4_STEP8F_FINITE_CAPACITY_SCHEDULE_ALTERNATIVES,True
PHASE4-MPS-20260721170405,ALT-BASELINE,PSC-SKU-BIKE-MT-001-20260803,MT-OP-020,SEG-ALT-BASELINE-PSC-SKU-BIKE-MT-001-20260803-MT-OP-020-01;SEG-ALT-BASELINE-PSC-SKU-BIKE-MT-001-20260803-MT-OP-020-02;SEG-ALT-BASELINE-PSC-SKU-BIKE-MT-001-20260803-MT-OP-020-03;SEG-ALT-BASELINE-PSC-SKU-BIKE-MT-001-20260803-MT-OP-020-04;SEG-ALT-BASELINE-PSC-SKU-BIKE-MT-001-20260803-MT-OP-020-05,WS-FORK-SUSP,M-FORK-BENCH-001,SUSPENSION_TECHNICIAN,2026-09-11,2026-09-11,SHIFT-A,2026-09-11,SHIFT-A,WIN-20260911-SHIFT-A;WIN-20260914-SHIFT-A;WIN-20260915-SHIFT-A;WIN-20260916-SHIFT-A;WIN-20260917-SHIFT-A,2175.0,435.0,2,4350.0,4350.0,4350.0,M-FORK-BENCH-001#01=2012.4504,SUSPENSION_TECHNICIAN#01=2012.4504,2012.4504,2337.5496,46.2632,46.2632,46.2632,46.2632,46.2632,46.2632,WORKSTATION,39.7983,2012.4504,2012.4504,122.7512,0.0,33.5408,0.0,33.5408,36.25,92.5265,118.6224,FINITE_CAPACITY_FEASIBLE,0.0,0.0,0.0,0.0,True,PHASE4_STEP8F_FINITE_CAPACITY_SCHEDULE_ALTERNATIVES,True
PHASE4-MPS-20260721170405,ALT-BASELINE,PSC-SKU-BIKE-MT-001-20260803,MT-OP-030,SEG-ALT-BASELINE-PSC-SKU-BIKE-MT-001-20260803-MT-OP-030-01;SEG-ALT-BASELINE-PSC-SKU-BIKE-MT-001-20260803-MT-OP-030-02;SEG-ALT-BASELINE-PSC-SKU-BIKE-MT-001-20260803-MT-OP-030-03;SEG-ALT-BASELINE-PSC-SKU-BIKE-MT-001-20260803-MT-OP-030-04;SEG-ALT-BASELINE-PSC-SKU-BIKE-MT-001-20260803-MT-OP-030-05,WS-WHEEL-SUB,M-WHEEL-TRUE-001,WHEEL_ASSEMBLY_TECHNICIAN,2026-09-11,2026-09-11,SHIFT-A,2026-09-11,SHIFT-A,WIN-20260911-SHIFT-A;WIN-20260914-SHIFT-A;WIN-20260915-SHIFT-A;WIN-20260916-SHIFT-A;WIN-20260917-SHIFT-A,2175.0,435.0,3,6525.0,6525.0,6525.0,M-WHEEL-TRUE-001#01=2030.7051,WHEEL_ASSEMBLY_TECHNICIAN#01=2030.7051,2030.7051,4494.2949,31.1219,31.1219,31.1219,31.1219,31.1219,31.1219,WORKSTATION,39.7983,2030.7051,2030.7051,104.4965,0.0,33.6784,0.1667,33.8451,36.25,93.3658,252.5983,FINITE_CAPACITY_FEASIBLE,0.0,0.0,0.0,0.0,True,PHASE4_STEP8F_FINITE_CAPACITY_SCHEDULE_ALTERNATIVES,True
PHASE4-MPS-20260721170405,ALT-BASELINE,PSC-SKU-BIKE-MT-001-20260803,MT-OP-040,SEG-ALT-BASELINE-PSC-SKU-BIKE-MT-001-20260803-MT-OP-040-01;SEG-ALT-BASELINE-PSC-SKU-BIKE-MT-001-20260803-MT-OP-040-02;SEG-ALT-BASELINE-PSC-SKU-BIKE-MT-001-20260803-MT-OP-040-03;SEG-ALT-BASELINE-PSC-SKU-BIKE-MT-001-20260803-MT-OP-040-04,WS-BRAKE-SUB,M-BRAKE-BENCH-001,BRAKE_ASSEMBLY_TECHNICIAN,2026-09-11,2026-09-11,SHIFT-A,2026-09-11,SHIFT-A,WIN-20260911-SHIFT-A;WIN-20260914-SHIFT-A;WIN-20260915-SHIFT-A;WIN-20260916-SHIFT-A,1740.0,435.0,2,3480.0,3480.0,3480.0,M-BRAKE-BENCH-001#01=1540.3213,BRAKE_ASSEMBLY_TECHNICIAN#01=1540.3213,1540.3213,1939.6787,44.2621,44.2621,44.2621,44.2621,44.2621,44.2621,WORKSTATION,39.7983,1540.3213,1540.3213,159.8803,0.0,25.472,0.2,25.672,29.0,88.5242,187.8149,FINITE_CAPACITY_FEASIBLE,0.0,0.0,0.0,0.0,True,PHASE4_STEP8F_FINITE_CAPACITY_SCHEDULE_ALTERNATIVES,True
PHASE4-MPS-20260721170405,ALT-BASELINE,PSC-SKU-BIKE-MT-001-20260803,MT-OP-050,SEG-ALT-BASELINE-PSC-SKU-BIKE-MT-001-20260803-MT-OP-050-01;SEG-ALT-BASELINE-PSC-SKU-BIKE-MT-001-20260803-MT-OP-050-02;SEG-ALT-BASELINE-PSC-SKU-BIKE-MT-001-20260803-MT-OP-050-03;SEG-ALT-BASELINE-PSC-SKU-BIKE-MT-001-20260803-MT-OP-050-04;SEG-ALT-BASELINE-PSC-SKU-BIKE-MT-001-20260803-MT-OP-050-05;SEG-ALT-BASELINE-PSC-SKU-BIKE-MT-001-20260803-MT-OP-050-06;SEG-ALT-BASELINE-PSC-SKU-BIKE-MT-001-20260803-MT-OP-050-07;SEG-ALT-BASELINE-PSC-SKU-BIKE-MT-001-20260803-MT-OP-050-08,WS-FINAL-ASM,M-FINAL-STAND-001,FINAL_ASSEMBLY_OPERATOR,2026-10-01,2026-10-01,SHIFT-A,2026-10-01,SHIFT-A,WIN-20261001-SHIFT-A;WIN-20261002-SHIFT-A;WIN-20261005-SHIFT-A;WIN-20261006-SHIFT-A;WIN-20261007-SHIFT-A;WIN-20261008-SHIFT-A;WIN-20261009-SHIFT-A;WIN-20261012-SHIFT-A,3480.0,435.0,1,3480.0,3480.0,3480.0,M-FINAL-STAND-001#01=3294.2413,FINAL_ASSEMBLY_OPERATOR#01=3294.2413,3294.2413,185.7587,94.6621,94.6621,94.6621,94.6621,94.6621,94.6621,WORKSTATION,0.0,3294.2413,3294.2413,185.7587,0.0,54.504,0.4,54.904,58.0,94.6621,399.6048,FINITE_CAPACITY_FEASIBLE,0.0,0.0,0.0,0.0,True,PHASE4_STEP8F_FINITE_CAPACITY_SCHEDULE_ALTERNATIVES,True
PHASE4-MPS-20260721170405,ALT-BASELINE,PSC-SKU-BIKE-MT-001-20260803,MT-OP-060,SEG-ALT-BASELINE-PSC-SKU-BIKE-MT-001-20260803-MT-OP-060-01;SEG-ALT-BASELINE-PSC-SKU-BIKE-MT-001-20260803-MT-OP-060-02;SEG-ALT-BASELINE-PSC-SKU-BIKE-MT-001-20260803-MT-OP-060-03;SEG-ALT-BASELINE-PSC-SKU-BIKE-MT-001-20260803-MT-OP-060-04,WS-QC,M-QC-TOOLS-001,QUALITY_INSPECTOR,2026-10-12,2026-10-12,SHIFT-A,2026-10-12,SHIFT-A,WIN-20261012-SHIFT-A;WIN-20261013-SHIFT-A;WIN-20261014-SHIFT-A;WIN-20261015-SHIFT-A,1740.0,435.0,1,1740.0,1740.0,1740.0,M-QC-TOOLS-001#01=1367.8829,QUALITY_INSPECTOR#01=1367.8829,1367.8829,372.1171,78.614,78.614,78.614,78.614,78.614,78.614,WORKSTATION,249.2413,1367.8829,1367.8829,122.8758,0.0,22.6647,0.1333,22.798,29.0,78.614,165.008,FINITE_CAPACITY_FEASIBLE,0.0,0.0001,0.0,0.0,True,PHASE4_STEP8F_FINITE_CAPACITY_SCHEDULE_ALTERNATIVES,True
PHASE4-MPS-20260721170405,ALT-BASELINE,PSC-SKU-BIKE-MT-001-20260803,MT-OP-070,SEG-ALT-BASELINE-PSC-SKU-BIKE-MT-001-20260803-MT-OP-070-01;SEG-ALT-BASELINE-PSC-SKU-BIKE-MT-001-20260803-MT-OP-070-02;SEG-ALT-BASELINE-PSC-SKU-BIKE-MT-001-20260803-MT-OP-070-03;SEG-ALT-BASELINE-PSC-SKU-BIKE-MT-001-20260803-MT-OP-070-04,WS-PACK,M-PACK-BENCH-001,PACKAGING_OPERATOR,2026-10-15,2026-10-15,SHIFT-A,2026-10-15,SHIFT-A,WIN-20261015-SHIFT-A;WIN-20261016-SHIFT-A;WIN-20261019-SHIFT-A;WIN-20261020-SHIFT-A,1740.0,435.0,1,1740.0,1740.0,1740.0,M-PACK-BENCH-001#01=1033.2619,PACKAGING_OPERATOR#01=1033.2619,1033.2619,706.7381,59.3829,59.3829,59.3829,59.3829,59.3829,59.3829,WORKSTATION,312.1242,1033.2619,1033.2619,394.6139,0.0,17.121,0.1,17.221,29.0,59.3829,129.4918,FINITE_CAPACITY_FEASIBLE,0.0,0.0,0.0,0.0,True,PHASE4_STEP8F_FINITE_CAPACITY_SCHEDULE_ALTERNATIVES,True
PHASE4-MPS-20260721170405,ALT-BASELINE,PSC-SKU-BIKE-ROAD-001-20260803,ROAD-OP-010,SEG-ALT-BASELINE-PSC-SKU-BIKE-ROAD-001-20260803-ROAD-OP-010-01;SEG-ALT-BASELINE-PSC-SKU-BIKE-ROAD-001-20260803-ROAD-OP-010-02;SEG-ALT-BASELINE-PSC-SKU-BIKE-ROAD-001-20260803-ROAD-OP-010-03;SEG-ALT-BASELINE-PSC-SKU-BIKE-ROAD-001-20260803-ROAD-OP-010-04;SEG-ALT-BASELINE-PSC-SKU-BIKE-ROAD-001-20260803-ROAD-OP-010-05,WS-FRAME-PREP,M-FRAME-JIG-001,FRAME_TECHNICIAN,2026-09-02,2026-09-02,SHIFT-A,2026-09-02,SHIFT-A,WIN-20260902-SHIFT-A;WIN-20260903-SHIFT-A;WIN-20260904-SHIFT-A;WIN-20260907-SHIFT-A;WIN-20260908-SHIFT-A,2175.0,435.0,2,4350.0,4350.0,4350.0,M-FRAME-JIG-001#01=1411.3261,FRAME_TECHNICIAN#01=1411.3261,1411.3261,2938.6739,32.4443,32.4443,32.4443,32.4443,32.4443,32.4443,WORKSTATION,344.5463,1411.3261,1411.3261,419.1276,0.0,23.2221,0.3,23.5221,36.25,64.8886,202.7045,FINITE_CAPACITY_FEASIBLE,0.0,0.0,0.0,0.0,True,PHASE4_STEP8F_FINITE_CAPACITY_SCHEDULE_ALTERNATIVES,True
PHASE4-MPS-20260721170405,ALT-BASELINE,PSC-SKU-BIKE-ROAD-001-20260803,ROAD-OP-020,SEG-ALT-BASELINE-PSC-SKU-BIKE-ROAD-001-20260803-ROAD-OP-020-01;SEG-ALT-BASELINE-PSC-SKU-BIKE-ROAD-001-20260803-ROAD-OP-020-02;SEG-ALT-BASELINE-PSC-SKU-BIKE-ROAD-001-20260803-ROAD-OP-020-03;SEG-ALT-BASELINE-PSC-SKU-BIKE-ROAD-001-20260803-ROAD-OP-020-04;SEG-ALT-BASELINE-PSC-SKU-BIKE-ROAD-001-20260803-ROAD-OP-020-05,WS-WHEEL-SUB,M-WHEEL-TRUE-001,WHEEL_ASSEMBLY_TECHNICIAN,2026-09-22,2026-09-22,SHIFT-A,2026-09-22,SHIFT-A,WIN-20260922-SHIFT-A;WIN-20260923-SHIFT-A;WIN-20260924-SHIFT-A;WIN-20260925-SHIFT-A;WIN-20260928-SHIFT-A,2175.0,435.0,3,6525.0,6525.0,6525.0,M-WHEEL-TRUE-001#01=1762.9748,WHEEL_ASSEMBLY_TECHNICIAN#01=1762.9748,1762.9748,4762.0252,27.0188,27.0188,27.0188,27.0188,27.0188,27.0188,WORKSTATION,289.0396,1762.9748,1762.9748,122.9855,0.0,29.2162,0.1667,29.3829,36.25,81.0563,252.5983,FINITE_CAPACITY_FEASIBLE,0.0,0.0,0.0,0.0,True,PHASE4_STEP8F_FINITE_CAPACITY_SCHEDULE_ALTERNATIVES,True
PHASE4-MPS-20260721170405,ALT-BASELINE,PSC-SKU-BIKE-ROAD-001-20260803,ROAD-OP-030,SEG-ALT-BASELINE-PSC-SKU-BIKE-ROAD-001-20260803-ROAD-OP-030-01;SEG-ALT-BASELINE-PSC-SKU-BIKE-ROAD-001-20260803-ROAD-OP-030-02;SEG-ALT-BASELINE-PSC-SKU-BIKE-ROAD-001-20260803-ROAD-OP-030-03;SEG-ALT-BASELINE-PSC-SKU-BIKE-ROAD-001-20260803-ROAD-OP-030-04,WS-BRAKE-SUB,M-BRAKE-BENCH-001,BRAKE_ASSEMBLY_TECHNICIAN,2026-09-22,2026-09-22,SHIFT-A,2026-09-22,SHIFT-A,WIN-20260922-SHIFT-A;WIN-20260923-SHIFT-A;WIN-20260924-SHIFT-A;WIN-20260925-SHIFT-A,1740.0,435.0,2,3480.0,3480.0,3480.0,M-BRAKE-BENCH-001#01=1295.4619,BRAKE_ASSEMBLY_TECHNICIAN#01=1295.4619,1295.4619,2184.5381,37.2259,37.2259,37.2259,37.2259,37.2259,37.2259,WORKSTATION,289.0396,1295.4619,1295.4619,155.4985,0.0,21.391,0.2,21.591,29.0,74.4518,187.8149,FINITE_CAPACITY_FEASIBLE,0.0,0.0,0.0,0.0,True,PHASE4_STEP8F_FINITE_CAPACITY_SCHEDULE_ALTERNATIVES,True
PHASE4-MPS-20260721170405,ALT-BASELINE,PSC-SKU-BIKE-ROAD-001-20260803,ROAD-OP-040,SEG-ALT-BASELINE-PSC-SKU-BIKE-ROAD-001-20260803-ROAD-OP-040-01;SEG-ALT-BASELINE-PSC-SKU-BIKE-ROAD-001-20260803-ROAD-OP-040-02;SEG-ALT-BASELINE-PSC-SKU-BIKE-ROAD-001-20260803-ROAD-OP-040-03;SEG-ALT-BASELINE-PSC-SKU-BIKE-ROAD-001-20260803-ROAD-OP-040-04;SEG-ALT-BASELINE-PSC-SKU-BIKE-ROAD-001-20260803-ROAD-OP-040-05;SEG-ALT-BASELINE-PSC-SKU-BIKE-ROAD-001-20260803-ROAD-OP-040-06;SEG-ALT-BASELINE-PSC-SKU-BIKE-ROAD-001-20260803-ROAD-OP-040-07,WS-FINAL-ASM,M-FINAL-STAND-001,FINAL_ASSEMBLY_OPERATOR,2026-10-12,2026-10-12,SHIFT-A,2026-10-12,SHIFT-A,WIN-20261012-SHIFT-A;WIN-20261013-SHIFT-A;WIN-20261014-SHIFT-A;WIN-20261015-SHIFT-A;WIN-20261016-SHIFT-A;WIN-20261019-SHIFT-A;WIN-20261020-SHIFT-A,3045.0,435.0,1,3045.0,3045.0,3045.0,M-FINAL-STAND-001#01=2740.252,FINAL_ASSEMBLY_OPERATOR#01=2740.252,2740.252,304.748,89.9919,89.9919,89.9919,89.9919,89.9919,89.9919,WORKSTATION,249.2413,2740.252,2740.252,55.5067,0.0,45.2709,0.4,45.6709,50.75,89.9919,399.6048,FINITE_CAPACITY_FEASIBLE,0.0,0.0,0.0,0.0,True,PHASE4_STEP8F_FINITE_CAPACITY_SCHEDULE_ALTERNATIVES,True
PHASE4-MPS-20260721170405,ALT-BASELINE,PSC-SKU-BIKE-ROAD-001-20260803,ROAD-OP-050,SEG-ALT-BASELINE-PSC-SKU-BIKE-ROAD-001-20260803-ROAD-OP-050-01;SEG-ALT-BASELINE-PSC-SKU-BIKE-ROAD-001-20260803-ROAD-OP-050-02;SEG-ALT-BASELINE-PSC-SKU-BIKE-ROAD-001-20260803-ROAD-OP-050-03;SEG-ALT-BASELINE-PSC-SKU-BIKE-ROAD-001-20260803-ROAD-OP-050-04,WS-QC,M-QC-TOOLS-001,QUALITY_INSPECTOR,2026-10-20,2026-10-20,SHIFT-A,2026-10-20,SHIFT-A,WIN-20261020-SHIFT-A;WIN-20261021-SHIFT-A;WIN-20261022-SHIFT-A;WIN-20261023-SHIFT-A,1740.0,435.0,1,1740.0,1740.0,1740.0,M-QC-TOOLS-001#01=1121.996,QUALITY_INSPECTOR#01=1121.996,1121.996,618.004,64.4825,64.4825,64.4825,64.4825,64.4825,64.4825,WORKSTATION,379.4933,1121.996,1121.996,238.5107,0.0,18.5666,0.1333,18.6999,29.0,64.4825,165.008,FINITE_CAPACITY_FEASIBLE,0.0,0.0,0.0,0.0,True,PHASE4_STEP8F_FINITE_CAPACITY_SCHEDULE_ALTERNATIVES,True
PHASE4-MPS-20260721170405,ALT-BASELINE,PSC-SKU-BIKE-ROAD-001-20260803,ROAD-OP-060,SEG-ALT-BASELINE-PSC-SKU-BIKE-ROAD-001-20260803-ROAD-OP-060-01,WS-PACK,M-PACK-BENCH-001,PACKAGING_OPERATOR,2026-10-23,2026-10-23,SHIFT-A,2026-10-23,SHIFT-A,WIN-20261023-SHIFT-A,435.0,435.0,1,435.0,435.0,435.0,M-PACK-BENCH-001#01=238.5107,PACKAGING_OPERATOR#01=238.5107,238.5107,196.4893,54.83,54.83,54.83,54.83,54.83,54.83,WORKSTATION,0.0,911.1313,238.5107,196.4893,672.6206,15.0855,0.1,15.1855,7.25,54.83,129.4918,FINITE_CAPACITY_PARTIAL_QUANTITY,11.2103,1569.4482,0.0,0.0,True,PHASE4_STEP8F_FINITE_CAPACITY_SCHEDULE_ALTERNATIVES,True
PHASE4-MPS-20260721170405,ALT-BASELINE,PSC-SKU-BIKE-MT-001-20260810,MT-OP-010,SEG-ALT-BASELINE-PSC-SKU-BIKE-MT-001-20260810-MT-OP-010-01;SEG-ALT-BASELINE-PSC-SKU-BIKE-MT-001-20260810-MT-OP-010-02;SEG-ALT-BASELINE-PSC-SKU-BIKE-MT-001-20260810-MT-OP-010-03;SEG-ALT-BASELINE-PSC-SKU-BIKE-MT-001-20260810-MT-OP-010-04,WS-FRAME-PREP,M-FRAME-JIG-001,FRAME_TECHNICIAN,2026-09-11,2026-09-11,SHIFT-A,2026-09-11,SHIFT-A,WIN-20260911-SHIFT-A;WIN-20260914-SHIFT-A;WIN-20260915-SHIFT-A;WIN-20260916-SHIFT-A,1740.0,435.0,2,3480.0,3480.0,3480.0,M-FRAME-JIG-001#01=1658.6417,FRAME_TECHNICIAN#01=1658.6417,1658.6417,1821.3583,47.6621,47.6621,47.6621,47.6621,47.6621,47.6621,WORKSTATION,39.7983,1658.6417,1658.6417,41.5599,0.0,27.344,0.3,27.644,29.0,95.3242,202.7045,FINITE_CAPACITY_FEASIBLE,0.0,0.0,0.0,0.0,True,PHASE4_STEP8F_FINITE_CAPACITY_SCHEDULE_ALTERNATIVES,True
PHASE4-MPS-20260721170405,ALT-BASELINE,PSC-SKU-BIKE-MT-001-20260810,MT-OP-020,SEG-ALT-BASELINE-PSC-SKU-BIKE-MT-001-20260810-MT-OP-020-01;SEG-ALT-BASELINE-PSC-SKU-BIKE-MT-001-20260810-MT-OP-020-02;SEG-ALT-BASELINE-PSC-SKU-BIKE-MT-001-20260810-MT-OP-020-03;SEG-ALT-BASELINE-PSC-SKU-BIKE-MT-001-20260810-MT-OP-020-04;SEG-ALT-BASELINE-PSC-SKU-BIKE-MT-001-20260810-MT-OP-020-05,WS-FORK-SUSP,M-FORK-BENCH-001,SUSPENSION_TECHNICIAN,2026-10-01,2026-10-01,SHIFT-A,2026-10-01,SHIFT-A,WIN-20261001-SHIFT-A;WIN-20261002-SHIFT-A;WIN-20261005-SHIFT-A;WIN-20261006-SHIFT-A;WIN-20261007-SHIFT-A,2175.0,435.0,2,4350.0,4350.0,4350.0,M-FORK-BENCH-001#01=2012.4504,SUSPENSION_TECHNICIAN#01=2012.4504,2012.4504,2337.5496,46.2632,46.2632,46.2632,46.2632,46.2632,46.2632,WORKSTATION,0.0,2012.4504,2012.4504,162.5496,0.0,33.5408,0.0,33.5408,36.25,92.5265,118.6224,FINITE_CAPACITY_FEASIBLE,0.0,0.0,0.0,0.0,True,PHASE4_STEP8F_FINITE_CAPACITY_SCHEDULE_ALTERNATIVES,True
PHASE4-MPS-20260721170405,ALT-BASELINE,PSC-SKU-BIKE-MT-001-20260810,MT-OP-030,SEG-ALT-BASELINE-PSC-SKU-BIKE-MT-001-20260810-MT-OP-030-01;SEG-ALT-BASELINE-PSC-SKU-BIKE-MT-001-20260810-MT-OP-030-02;SEG-ALT-BASELINE-PSC-SKU-BIKE-MT-001-20260810-MT-OP-030-03;SEG-ALT-BASELINE-PSC-SKU-BIKE-MT-001-20260810-MT-OP-030-04;SEG-ALT-BASELINE-PSC-SKU-BIKE-MT-001-20260810-MT-OP-030-05,WS-WHEEL-SUB,M-WHEEL-TRUE-001,WHEEL_ASSEMBLY_TECHNICIAN,2026-10-01,2026-10-01,SHIFT-A,2026-10-01,SHIFT-A,WIN-20261001-SHIFT-A;WIN-20261002-SHIFT-A;WIN-20261005-SHIFT-A;WIN-20261006-SHIFT-A;WIN-20261007-SHIFT-A,2175.0,435.0,3,6525.0,6525.0,6525.0,M-WHEEL-TRUE-001#01=2030.7051,WHEEL_ASSEMBLY_TECHNICIAN#01=2030.7051,2030.7051,4494.2949,31.1219,31.1219,31.1219,31.1219,31.1219,31.1219,WORKSTATION,0.0,2030.7051,2030.7051,144.2949,0.0,33.6784,0.1667,33.8451,36.25,93.3658,252.5983,FINITE_CAPACITY_FEASIBLE,0.0,0.0,0.0,0.0,True,PHASE4_STEP8F_FINITE_CAPACITY_SCHEDULE_ALTERNATIVES,True
PHASE4-MPS-20260721170405,ALT-BASELINE,PSC-SKU-BIKE-MT-001-20260810,MT-OP-040,SEG-ALT-BASELINE-PSC-SKU-BIKE-MT-001-20260810-MT-OP-040-01;SEG-ALT-BASELINE-PSC-SKU-BIKE-MT-001-20260810-MT-OP-040-02;SEG-ALT-BASELINE-PSC-SKU-BIKE-MT-001-20260810-MT-OP-040-03;SEG-ALT-BASELINE-PSC-SKU-BIKE-MT-001-20260810-MT-OP-040-04,WS-BRAKE-SUB,M-BRAKE-BENCH-001,BRAKE_ASSEMBLY_TECHNICIAN,2026-10-01,2026-10-01,SHIFT-A,2026-10-01,SHIFT-A,WIN-20261001-SHIFT-A;WIN-20261002-SHIFT-A;WIN-20261005-SHIFT-A;WIN-20261006-SHIFT-A,1740.0,435.0,2,3480.0,3480.0,3480.0,M-BRAKE-BENCH-001#01=1540.3213,BRAKE_ASSEMBLY_TECHNICIAN#01=1540.3213,1540.3213,1939.6787,44.2621,44.2621,44.2621,44.2621,44.2621,44.2621,WORKSTATION,0.0,1540.3213,1540.3213,199.6787,0.0,25.472,0.2,25.672,29.0,88.5242,187.8149,FINITE_CAPACITY_FEASIBLE,0.0,0.0,0.0,0.0,True,PHASE4_STEP8F_FINITE_CAPACITY_SCHEDULE_ALTERNATIVES,True
PHASE4-MPS-20260721170405,ALT-BASELINE,PSC-SKU-BIKE-MT-001-20260810,MT-OP-050,SEG-ALT-BASELINE-PSC-SKU-BIKE-MT-001-20260810-MT-OP-050-01;SEG-ALT-BASELINE-PSC-SKU-BIKE-MT-001-20260810-MT-OP-050-02;SEG-ALT-BASELINE-PSC-SKU-BIKE-MT-001-20260810-MT-OP-050-03;SEG-ALT-BASELINE-PSC-SKU-BIKE-MT-001-20260810-MT-OP-050-04,WS-FINAL-ASM,M-FINAL-STAND-001,FINAL_ASSEMBLY_OPERATOR,2026-10-20,2026-10-20,SHIFT-A,2026-10-20,SHIFT-A,WIN-20261020-SHIFT-A;WIN-20261021-SHIFT-A;WIN-20261022-SHIFT-A;WIN-20261023-SHIFT-A,1740.0,435.0,1,1740.0,1740.0,1740.0,M-FINAL-STAND-001#01=1360.5067,FINAL_ASSEMBLY_OPERATOR#01=1360.5067,1360.5067,379.4933,78.19,78.19,78.19,78.19,78.19,78.19,WORKSTATION,379.4933,4219.398,1360.5067,0.0,2858.8913,69.9233,0.4,70.3233,29.0,78.19,399.6048,FINITE_CAPACITY_PARTIAL_QUANTITY,47.6482,6670.7464,0.0,0.0,True,PHASE4_STEP8F_FINITE_CAPACITY_SCHEDULE_ALTERNATIVES,True
PHASE4-MPS-20260721170405,ALT-BASELINE,PSC-SKU-BIKE-MT-001-20260810,MT-OP-060,,WS-QC,M-QC-TOOLS-001,QUALITY_INSPECTOR,,,,,,,0.0,435.0,1,435.0,435.0,435.0,,,0.0,435.0,0.0,0.0,0.0,0.0,0.0,0.0,WORKSTATION,0.0,563.7671,0.0,0.0,563.7671,9.2628,0.1333,9.3961,0.0,0.0,165.008,FINITE_CAPACITY_BLOCKED,9.3961,1315.4566,0.0,0.0,True,PHASE4_STEP8F_FINITE_CAPACITY_SCHEDULE_ALTERNATIVES,True
PHASE4-MPS-20260721170405,ALT-BASELINE,PSC-SKU-BIKE-MT-001-20260810,MT-OP-070,,WS-PACK,M-PACK-BENCH-001,PACKAGING_OPERATOR,,,,,,,0.0,435.0,1,435.0,435.0,435.0,,,0.0,435.0,0.0,0.0,0.0,0.0,0.0,0.0,WORKSTATION,0.0,0.0,0.0,0.0,0.0,0.0,0.0,0.0,0.0,0.0,129.4918,FINITE_CAPACITY_BLOCKED,0.0,0.0,0.0,0.0,True,PHASE4_STEP8F_FINITE_CAPACITY_SCHEDULE_ALTERNATIVES,True
PHASE4-MPS-20260721170405,ALT-BASELINE,PSC-SKU-BIKE-ROAD-001-20260810,ROAD-OP-010,SEG-ALT-BASELINE-PSC-SKU-BIKE-ROAD-001-20260810-ROAD-OP-010-01;SEG-ALT-BASELINE-PSC-SKU-BIKE-ROAD-001-20260810-ROAD-OP-010-02;SEG-ALT-BASELINE-PSC-SKU-BIKE-ROAD-001-20260810-ROAD-OP-010-03;SEG-ALT-BASELINE-PSC-SKU-BIKE-ROAD-001-20260810-ROAD-OP-010-04,WS-FRAME-PREP,M-FRAME-JIG-001,FRAME_TECHNICIAN,2026-09-22,2026-09-22,SHIFT-A,2026-09-22,SHIFT-A,WIN-20260922-SHIFT-A;WIN-20260923-SHIFT-A;WIN-20260924-SHIFT-A;WIN-20260925-SHIFT-A,1740.0,435.0,2,3480.0,3480.0,3480.0,M-FRAME-JIG-001#01=1411.3261,FRAME_TECHNICIAN#01=1411.3261,1411.3261,2068.6739,40.5553,40.5553,40.5553,40.5553,40.5553,40.5553,WORKSTATION,289.0396,1411.3261,1411.3261,39.6343,0.0,23.2221,0.3,23.5221,29.0,81.1107,202.7045,FINITE_CAPACITY_FEASIBLE,0.0,0.0,0.0,0.0,True,PHASE4_STEP8F_FINITE_CAPACITY_SCHEDULE_ALTERNATIVES,True
PHASE4-MPS-20260721170405,ALT-BASELINE,PSC-SKU-BIKE-ROAD-001-20260810,ROAD-OP-020,SEG-ALT-BASELINE-PSC-SKU-BIKE-ROAD-001-20260810-ROAD-OP-020-01;SEG-ALT-BASELINE-PSC-SKU-BIKE-ROAD-001-20260810-ROAD-OP-020-02;SEG-ALT-BASELINE-PSC-SKU-BIKE-ROAD-001-20260810-ROAD-OP-020-03;SEG-ALT-BASELINE-PSC-SKU-BIKE-ROAD-001-20260810-ROAD-OP-020-04;SEG-ALT-BASELINE-PSC-SKU-BIKE-ROAD-001-20260810-ROAD-OP-020-05,WS-WHEEL-SUB,M-WHEEL-TRUE-001,WHEEL_ASSEMBLY_TECHNICIAN,2026-10-12,2026-10-12,SHIFT-A,2026-10-12,SHIFT-A,WIN-20261012-SHIFT-A;WIN-20261013-SHIFT-A;WIN-20261014-SHIFT-A;WIN-20261015-SHIFT-A;WIN-20261016-SHIFT-A,2175.0,435.0,3,6525.0,6525.0,6525.0,M-WHEEL-TRUE-001#01=1762.9748,WHEEL_ASSEMBLY_TECHNICIAN#01=1762.9748,1762.9748,4762.0252,27.0188,27.0188,27.0188,27.0188,27.0188,27.0188,WORKSTATION,249.2413,1762.9748,1762.9748,162.7839,0.0,29.2162,0.1667,29.3829,36.25,81.0563,252.5983,FINITE_CAPACITY_FEASIBLE,0.0,0.0,0.0,0.0,True,PHASE4_STEP8F_FINITE_CAPACITY_SCHEDULE_ALTERNATIVES,True
PHASE4-MPS-20260721170405,ALT-BASELINE,PSC-SKU-BIKE-ROAD-001-20260810,ROAD-OP-030,SEG-ALT-BASELINE-PSC-SKU-BIKE-ROAD-001-20260810-ROAD-OP-030-01;SEG-ALT-BASELINE-PSC-SKU-BIKE-ROAD-001-20260810-ROAD-OP-030-02;SEG-ALT-BASELINE-PSC-SKU-BIKE-ROAD-001-20260810-ROAD-OP-030-03;SEG-ALT-BASELINE-PSC-SKU-BIKE-ROAD-001-20260810-ROAD-OP-030-04,WS-BRAKE-SUB,M-BRAKE-BENCH-001,BRAKE_ASSEMBLY_TECHNICIAN,2026-10-12,2026-10-12,SHIFT-A,2026-10-12,SHIFT-A,WIN-20261012-SHIFT-A;WIN-20261013-SHIFT-A;WIN-20261014-SHIFT-A;WIN-20261015-SHIFT-A,1740.0,435.0,2,3480.0,3480.0,3480.0,M-BRAKE-BENCH-001#01=1295.4619,BRAKE_ASSEMBLY_TECHNICIAN#01=1295.4619,1295.4619,2184.5381,37.2259,37.2259,37.2259,37.2259,37.2259,37.2259,WORKSTATION,249.2413,1295.4619,1295.4619,195.2968,0.0,21.391,0.2,21.591,29.0,74.4518,187.8149,FINITE_CAPACITY_FEASIBLE,0.0,0.0,0.0,0.0,True,PHASE4_STEP8F_FINITE_CAPACITY_SCHEDULE_ALTERNATIVES,True
PHASE4-MPS-20260721170405,ALT-BASELINE,PSC-SKU-BIKE-ROAD-001-20260810,ROAD-OP-040,,WS-FINAL-ASM,M-FINAL-STAND-001,FINAL_ASSEMBLY_OPERATOR,,,,,,,0.0,435.0,1,435.0,435.0,435.0,,,0.0,435.0,0.0,0.0,0.0,0.0,0.0,0.0,WORKSTATION,0.0,4524.558,0.0,0.0,4524.558,75.0093,0.4,75.4093,0.0,0.0,399.6048,FINITE_CAPACITY_BLOCKED,75.4093,10557.302,0.0,0.0,True,PHASE4_STEP8F_FINITE_CAPACITY_SCHEDULE_ALTERNATIVES,True
PHASE4-MPS-20260721170405,ALT-BASELINE,PSC-SKU-BIKE-ROAD-001-20260810,ROAD-OP-050,,WS-QC,M-QC-TOOLS-001,QUALITY_INSPECTOR,,,,,,,0.0,435.0,1,435.0,435.0,435.0,,,0.0,435.0,0.0,0.0,0.0,0.0,0.0,0.0,WORKSTATION,0.0,0.0,0.0,0.0,0.0,0.0,0.0,0.0,0.0,0.0,165.008,FINITE_CAPACITY_BLOCKED,0.0,0.0,0.0,0.0,True,PHASE4_STEP8F_FINITE_CAPACITY_SCHEDULE_ALTERNATIVES,True
PHASE4-MPS-20260721170405,ALT-BASELINE,PSC-SKU-BIKE-ROAD-001-20260810,ROAD-OP-060,,WS-PACK,M-PACK-BENCH-001,PACKAGING_OPERATOR,,,,,,,0.0,435.0,1,435.0,435.0,435.0,,,0.0,435.0,0.0,0.0,0.0,0.0,0.0,0.0,WORKSTATION,0.0,672.6206,0.0,0.0,672.6206,11.2103,0.0,11.2103,0.0,0.0,129.4918,FINITE_CAPACITY_BLOCKED,11.2103,1569.4481,0.0,0.0,True,PHASE4_STEP8F_FINITE_CAPACITY_SCHEDULE_ALTERNATIVES,True
PHASE4-MPS-20260721170405,ALT-BASELINE,PSC-SKU-BIKE-MT-001-20260817,MT-OP-010,,WS-FRAME-PREP,M-FRAME-JIG-001,FRAME_TECHNICIAN,,,,,,,0.0,435.0,2,870.0,870.0,870.0,,,0.0,870.0,0.0,0.0,0.0,0.0,0.0,0.0,WORKSTATION,0.0,0.0,0.0,0.0,0.0,0.0,0.3,0.0,0.0,0.0,202.7045,FINITE_CAPACITY_BLOCKED,0.0,0.0,0.0,0.0,True,PHASE4_STEP8F_FINITE_CAPACITY_SCHEDULE_ALTERNATIVES,True
PHASE4-MPS-20260721170405,ALT-BASELINE,PSC-SKU-BIKE-MT-001-20260817,MT-OP-020,,WS-FORK-SUSP,M-FORK-BENCH-001,SUSPENSION_TECHNICIAN,,,,,,,0.0,435.0,2,870.0,870.0,870.0,,,0.0,870.0,0.0,0.0,0.0,0.0,0.0,0.0,WORKSTATION,0.0,0.0,0.0,0.0,0.0,0.0,0.0,0.0,0.0,0.0,118.6224,FINITE_CAPACITY_BLOCKED,0.0,0.0,0.0,0.0,True,PHASE4_STEP8F_FINITE_CAPACITY_SCHEDULE_ALTERNATIVES,True
PHASE4-MPS-20260721170405,ALT-BASELINE,PSC-SKU-BIKE-MT-001-20260817,MT-OP-030,SEG-ALT-BASELINE-PSC-SKU-BIKE-MT-001-20260817-MT-OP-030-01;SEG-ALT-BASELINE-PSC-SKU-BIKE-MT-001-20260817-MT-OP-030-02,WS-WHEEL-SUB,M-WHEEL-TRUE-001,WHEEL_ASSEMBLY_TECHNICIAN,2026-10-01,2026-10-01,SHIFT-A,2026-10-01,SHIFT-A,WIN-20261001-SHIFT-A;WIN-20261002-SHIFT-A,870.0,435.0,3,2610.0,2610.0,2610.0,M-WHEEL-TRUE-001#02=683.5684,WHEEL_ASSEMBLY_TECHNICIAN#02=683.5684,683.5684,1926.4316,26.1904,26.1904,26.1904,26.1904,26.1904,26.1904,WORKSTATION,186.4316,683.5684,683.5684,0.0,0.0,11.2261,0.1667,11.3928,14.5,78.5711,252.5983,FINITE_CAPACITY_FEASIBLE,0.0,0.0,0.0,0.0,True,PHASE4_STEP8F_FINITE_CAPACITY_SCHEDULE_ALTERNATIVES,True
PHASE4-MPS-20260721170405,ALT-BASELINE,PSC-SKU-BIKE-MT-001-20260817,MT-OP-040,SEG-ALT-BASELINE-PSC-SKU-BIKE-MT-001-20260817-MT-OP-040-01,WS-BRAKE-SUB,M-BRAKE-BENCH-001,BRAKE_ASSEMBLY_TECHNICIAN,2026-10-01,2026-10-01,SHIFT-A,2026-10-01,SHIFT-A,WIN-20261001-SHIFT-A,435.0,435.0,2,870.0,870.0,870.0,M-BRAKE-BENCH-001#02=368.6083,BRAKE_ASSEMBLY_TECHNICIAN#02=368.6083,368.6083,501.3917,42.3688,42.3688,42.3688,42.3688,42.3688,42.3688,WORKSTATION,66.3917,368.6083,368.6083,0.0,0.0,5.9435,0.2,6.1435,7.25,84.7375,187.8149,FINITE_CAPACITY_FEASIBLE,0.0,0.0,0.0,0.0,True,PHASE4_STEP8F_FINITE_CAPACITY_SCHEDULE_ALTERNATIVES,True
PHASE4-MPS-20260721170405,ALT-BASELINE,PSC-SKU-BIKE-MT-001-20260817,MT-OP-050,,WS-FINAL-ASM,M-FINAL-STAND-001,FINAL_ASSEMBLY_OPERATOR,,,,,,,0.0,435.0,1,435.0,435.0,435.0,,,0.0,435.0,0.0,0.0,0.0,0.0,0.0,0.0,WORKSTATION,0.0,3841.3754,0.0,0.0,3841.3754,64.0229,0.0,64.0229,0.0,0.0,399.6048,FINITE_CAPACITY_BLOCKED,64.0229,8963.2093,0.0,0.0,True,PHASE4_STEP8F_FINITE_CAPACITY_SCHEDULE_ALTERNATIVES,True
PHASE4-MPS-20260721170405,ALT-BASELINE,PSC-SKU-BIKE-MT-001-20260817,MT-OP-060,,WS-QC,M-QC-TOOLS-001,QUALITY_INSPECTOR,,,,,,,0.0,435.0,1,435.0,435.0,435.0,,,0.0,435.0,0.0,0.0,0.0,0.0,0.0,0.0,WORKSTATION,0.0,563.7671,0.0,0.0,563.7671,9.2628,0.1333,9.3961,0.0,0.0,165.008,FINITE_CAPACITY_BLOCKED,9.3961,1315.4566,0.0,0.0,True,PHASE4_STEP8F_FINITE_CAPACITY_SCHEDULE_ALTERNATIVES,True
PHASE4-MPS-20260721170405,ALT-BASELINE,PSC-SKU-BIKE-MT-001-20260817,MT-OP-070,,WS-PACK,M-PACK-BENCH-001,PACKAGING_OPERATOR,,,,,,,0.0,435.0,1,435.0,435.0,435.0,,,0.0,435.0,0.0,0.0,0.0,0.0,0.0,0.0,WORKSTATION,0.0,0.0,0.0,0.0,0.0,0.0,0.0,0.0,0.0,0.0,129.4918,FINITE_CAPACITY_BLOCKED,0.0,0.0,0.0,0.0,True,PHASE4_STEP8F_FINITE_CAPACITY_SCHEDULE_ALTERNATIVES,True
PHASE4-MPS-20260721170405,ALT-BASELINE,PSC-SKU-BIKE-ROAD-001-20260817,ROAD-OP-010,SEG-ALT-BASELINE-PSC-SKU-BIKE-ROAD-001-20260817-ROAD-OP-010-01;SEG-ALT-BASELINE-PSC-SKU-BIKE-ROAD-001-20260817-ROAD-OP-010-02;SEG-ALT-BASELINE-PSC-SKU-BIKE-ROAD-001-20260817-ROAD-OP-010-03;SEG-ALT-BASELINE-PSC-SKU-BIKE-ROAD-001-20260817-ROAD-OP-010-04,WS-FRAME-PREP,M-FRAME-JIG-001,FRAME_TECHNICIAN,2026-09-02,2026-09-02,SHIFT-A,2026-09-02,SHIFT-A,WIN-20260902-SHIFT-A;WIN-20260903-SHIFT-A;WIN-20260904-SHIFT-A;WIN-20260907-SHIFT-A,1740.0,435.0,2,3480.0,3480.0,3480.0,M-FRAME-JIG-001#02=1393.3261,FRAME_TECHNICIAN#02=1393.3261,1393.3261,2086.6739,40.0381,40.0381,40.0381,40.0381,40.0381,40.0381,WORKSTATION,346.6739,1393.3261,1393.3261,0.0,0.0,23.2221,0.0,23.2221,29.0,80.0762,202.7045,FINITE_CAPACITY_FEASIBLE,0.0,0.0,0.0,0.0,True,PHASE4_STEP8F_FINITE_CAPACITY_SCHEDULE_ALTERNATIVES,True
PHASE4-MPS-20260721170405,ALT-BASELINE,PSC-SKU-BIKE-ROAD-001-20260817,ROAD-OP-020,,WS-WHEEL-SUB,M-WHEEL-TRUE-001,WHEEL_ASSEMBLY_TECHNICIAN,,,,,,,0.0,435.0,3,1305.0,1305.0,1305.0,,,0.0,1305.0,0.0,0.0,0.0,0.0,0.0,0.0,WORKSTATION,0.0,0.0,0.0,0.0,0.0,0.0,0.1667,0.0,0.0,0.0,252.5983,FINITE_CAPACITY_BLOCKED,0.0,0.0,0.0,0.0,True,PHASE4_STEP8F_FINITE_CAPACITY_SCHEDULE_ALTERNATIVES,True
PHASE4-MPS-20260721170405,ALT-BASELINE,PSC-SKU-BIKE-ROAD-001-20260817,ROAD-OP-030,,WS-BRAKE-SUB,M-BRAKE-BENCH-001,BRAKE_ASSEMBLY_TECHNICIAN,,,,,,,0.0,435.0,2,870.0,870.0,870.0,,,0.0,870.0,0.0,0.0,0.0,0.0,0.0,0.0,WORKSTATION,0.0,0.0,0.0,0.0,0.0,0.0,0.2,0.0,0.0,0.0,187.8149,FINITE_CAPACITY_BLOCKED,0.0,0.0,0.0,0.0,True,PHASE4_STEP8F_FINITE_CAPACITY_SCHEDULE_ALTERNATIVES,True
PHASE4-MPS-20260721170405,ALT-BASELINE,PSC-SKU-BIKE-ROAD-001-20260817,ROAD-OP-040,,WS-FINAL-ASM,M-FINAL-STAND-001,FINAL_ASSEMBLY_OPERATOR,,,,,,,0.0,435.0,1,435.0,435.0,435.0,,,0.0,435.0,0.0,0.0,0.0,0.0,0.0,0.0,WORKSTATION,0.0,4524.558,0.0,0.0,4524.558,75.0093,0.4,75.4093,0.0,0.0,399.6048,FINITE_CAPACITY_BLOCKED,75.4093,10557.302,0.0,0.0,True,PHASE4_STEP8F_FINITE_CAPACITY_SCHEDULE_ALTERNATIVES,True
PHASE4-MPS-20260721170405,ALT-BASELINE,PSC-SKU-BIKE-ROAD-001-20260817,ROAD-OP-050,,WS-QC,M-QC-TOOLS-001,QUALITY_INSPECTOR,,,,,,,0.0,435.0,1,435.0,435.0,435.0,,,0.0,435.0,0.0,0.0,0.0,0.0,0.0,0.0,WORKSTATION,0.0,0.0,0.0,0.0,0.0,0.0,0.0,0.0,0.0,0.0,165.008,FINITE_CAPACITY_BLOCKED,0.0,0.0,0.0,0.0,True,PHASE4_STEP8F_FINITE_CAPACITY_SCHEDULE_ALTERNATIVES,True
PHASE4-MPS-20260721170405,ALT-BASELINE,PSC-SKU-BIKE-ROAD-001-20260817,ROAD-OP-060,,WS-PACK,M-PACK-BENCH-001,PACKAGING_OPERATOR,,,,,,,0.0,435.0,1,435.0,435.0,435.0,,,0.0,435.0,0.0,0.0,0.0,0.0,0.0,0.0,WORKSTATION,0.0,672.6206,0.0,0.0,672.6206,11.2103,0.0,11.2103,0.0,0.0,129.4918,FINITE_CAPACITY_BLOCKED,11.2103,1569.4481,0.0,0.0,True,PHASE4_STEP8F_FINITE_CAPACITY_SCHEDULE_ALTERNATIVES,True
PHASE4-MPS-20260721170405,ALT-BASELINE,PSC-SKU-BIKE-MT-001-20260824,MT-OP-010,SEG-ALT-BASELINE-PSC-SKU-BIKE-MT-001-20260824-MT-OP-010-01;SEG-ALT-BASELINE-PSC-SKU-BIKE-MT-001-20260824-MT-OP-010-02;SEG-ALT-BASELINE-PSC-SKU-BIKE-MT-001-20260824-MT-OP-010-03;SEG-ALT-BASELINE-PSC-SKU-BIKE-MT-001-20260824-MT-OP-010-04;SEG-ALT-BASELINE-PSC-SKU-BIKE-MT-001-20260824-MT-OP-010-05,WS-FRAME-PREP,M-FRAME-JIG-001,FRAME_TECHNICIAN,2026-10-01,2026-10-01,SHIFT-A,2026-10-01,SHIFT-A,WIN-20261001-SHIFT-A;WIN-20261002-SHIFT-A;WIN-20261005-SHIFT-A;WIN-20261006-SHIFT-A;WIN-20261007-SHIFT-A,2175.0,435.0,2,4350.0,4350.0,4350.0,M-FRAME-JIG-001#01=2122.782,FRAME_TECHNICIAN#01=2122.782,2122.782,2227.218,48.7996,48.7996,48.7996,48.7996,48.7996,48.7996,WORKSTATION,0.0,2122.782,2122.782,52.218,0.0,35.0797,0.3,35.3797,36.25,97.5992,202.7045,FINITE_CAPACITY_FEASIBLE,0.0,0.0,0.0,0.0,True,PHASE4_STEP8F_FINITE_CAPACITY_SCHEDULE_ALTERNATIVES,True
PHASE4-MPS-20260721170405,ALT-BASELINE,PSC-SKU-BIKE-MT-001-20260824,MT-OP-020,SEG-ALT-BASELINE-PSC-SKU-BIKE-MT-001-20260824-MT-OP-020-01;SEG-ALT-BASELINE-PSC-SKU-BIKE-MT-001-20260824-MT-OP-020-02;SEG-ALT-BASELINE-PSC-SKU-BIKE-MT-001-20260824-MT-OP-020-03;SEG-ALT-BASELINE-PSC-SKU-BIKE-MT-001-20260824-MT-OP-020-04,WS-FORK-SUSP,M-FORK-BENCH-001,SUSPENSION_TECHNICIAN,2026-10-20,2026-10-20,SHIFT-A,2026-10-20,SHIFT-A,WIN-20261020-SHIFT-A;WIN-20261021-SHIFT-A;WIN-20261022-SHIFT-A;WIN-20261023-SHIFT-A,1740.0,435.0,2,3480.0,3480.0,3480.0,M-FORK-BENCH-001#01=1360.5067,SUSPENSION_TECHNICIAN#01=1360.5067,1360.5067,2119.4933,39.095,39.095,39.095,39.095,39.095,39.095,WORKSTATION,379.4933,2581.776,1360.5067,0.0,1221.2693,43.0296,0.0,43.0296,29.0,78.19,118.6224,FINITE_CAPACITY_PARTIAL_QUANTITY,20.3545,2849.6284,0.0,0.0,True,PHASE4_STEP8F_FINITE_CAPACITY_SCHEDULE_ALTERNATIVES,True
PHASE4-MPS-20260721170405,ALT-BASELINE,PSC-SKU-BIKE-MT-001-20260824,MT-OP-030,SEG-ALT-BASELINE-PSC-SKU-BIKE-MT-001-20260824-MT-OP-030-01;SEG-ALT-BASELINE-PSC-SKU-BIKE-MT-001-20260824-MT-OP-030-02;SEG-ALT-BASELINE-PSC-SKU-BIKE-MT-001-20260824-MT-OP-030-03,WS-WHEEL-SUB,M-WHEEL-TRUE-001,WHEEL_ASSEMBLY_TECHNICIAN,2026-10-20,2026-10-20,SHIFT-A,2026-10-20,SHIFT-A,WIN-20261020-SHIFT-A;WIN-20261021-SHIFT-A;WIN-20261022-SHIFT-A,1305.0,435.0,3,3915.0,3915.0,3915.0,M-WHEEL-TRUE-001#01=825.8369,WHEEL_ASSEMBLY_TECHNICIAN#01=825.8369,825.8369,3089.1631,21.0942,21.0942,21.0942,21.0942,21.0942,21.0942,WORKSTATION,379.4933,825.8369,825.8369,99.6698,0.0,13.7639,0.0,13.7639,21.75,63.2825,252.5983,FINITE_CAPACITY_FEASIBLE,0.0,0.0,0.0,0.0,True,PHASE4_STEP8F_FINITE_CAPACITY_SCHEDULE_ALTERNATIVES,True
PHASE4-MPS-20260721170405,ALT-BASELINE,PSC-SKU-BIKE-MT-001-20260824,MT-OP-040,SEG-ALT-BASELINE-PSC-SKU-BIKE-MT-001-20260824-MT-OP-040-01;SEG-ALT-BASELINE-PSC-SKU-BIKE-MT-001-20260824-MT-OP-040-02;SEG-ALT-BASELINE-PSC-SKU-BIKE-MT-001-20260824-MT-OP-040-03,WS-BRAKE-SUB,M-BRAKE-BENCH-001,BRAKE_ASSEMBLY_TECHNICIAN,2026-10-20,2026-10-20,SHIFT-A,2026-10-20,SHIFT-A,WIN-20261020-SHIFT-A;WIN-20261021-SHIFT-A;WIN-20261022-SHIFT-A,1305.0,435.0,2,2610.0,2610.0,2610.0,M-BRAKE-BENCH-001#01=624.6058,BRAKE_ASSEMBLY_TECHNICIAN#01=624.6058,624.6058,1985.3942,23.9313,23.9313,23.9313,23.9313,23.9313,23.9313,WORKSTATION,379.4933,624.6058,624.6058,300.9009,0.0,10.4101,0.0,10.4101,21.75,47.8625,187.8149,FINITE_CAPACITY_FEASIBLE,0.0,0.0,11.3399,90.7192,True,PHASE4_STEP8F_FINITE_CAPACITY_SCHEDULE_ALTERNATIVES,True
PHASE4-MPS-20260721170405,ALT-BASELINE,PSC-SKU-BIKE-MT-001-20260824,MT-OP-050,,WS-FINAL-ASM,M-FINAL-STAND-001,FINAL_ASSEMBLY_OPERATOR,,,,,,,0.0,435.0,1,435.0,435.0,435.0,,,0.0,435.0,0.0,0.0,0.0,0.0,0.0,0.0,WORKSTATION,0.0,4195.398,0.0,0.0,4195.398,69.9233,0.0,69.9233,0.0,0.0,399.6048,FINITE_CAPACITY_BLOCKED,69.9233,9789.262,0.0,0.0,True,PHASE4_STEP8F_FINITE_CAPACITY_SCHEDULE_ALTERNATIVES,True
PHASE4-MPS-20260721170405,ALT-BASELINE,PSC-SKU-BIKE-MT-001-20260824,MT-OP-060,,WS-QC,M-QC-TOOLS-001,QUALITY_INSPECTOR,,,,,,,0.0,435.0,1,435.0,435.0,435.0,,,0.0,435.0,0.0,0.0,0.0,0.0,0.0,0.0,WORKSTATION,0.0,563.7671,0.0,0.0,563.7671,9.2628,0.1333,9.3961,0.0,0.0,165.008,FINITE_CAPACITY_BLOCKED,9.3961,1315.4566,0.0,0.0,True,PHASE4_STEP8F_FINITE_CAPACITY_SCHEDULE_ALTERNATIVES,True
PHASE4-MPS-20260721170405,ALT-BASELINE,PSC-SKU-BIKE-MT-001-20260824,MT-OP-070,,WS-PACK,M-PACK-BENCH-001,PACKAGING_OPERATOR,,,,,,,0.0,435.0,1,435.0,435.0,435.0,,,0.0,435.0,0.0,0.0,0.0,0.0,0.0,0.0,WORKSTATION,0.0,0.0,0.0,0.0,0.0,0.0,0.0,0.0,0.0,0.0,129.4918,FINITE_CAPACITY_BLOCKED,0.0,0.0,0.0,0.0,True,PHASE4_STEP8F_FINITE_CAPACITY_SCHEDULE_ALTERNATIVES,True
PHASE4-MPS-20260721170405,ALT-BASELINE,PSC-SKU-BIKE-ROAD-001-20260824,ROAD-OP-010,,WS-FRAME-PREP,M-FRAME-JIG-001,FRAME_TECHNICIAN,,,,,,,0.0,435.0,2,870.0,870.0,870.0,,,0.0,870.0,0.0,0.0,0.0,0.0,0.0,0.0,WORKSTATION,0.0,0.0,0.0,0.0,0.0,0.0,0.3,0.0,0.0,0.0,202.7045,FINITE_CAPACITY_BLOCKED,0.0,0.0,0.0,0.0,True,PHASE4_STEP8F_FINITE_CAPACITY_SCHEDULE_ALTERNATIVES,True
PHASE4-MPS-20260721170405,ALT-BASELINE,PSC-SKU-BIKE-ROAD-001-20260824,ROAD-OP-020,,WS-WHEEL-SUB,M-WHEEL-TRUE-001,WHEEL_ASSEMBLY_TECHNICIAN,,,,,,,0.0,435.0,3,1305.0,1305.0,1305.0,,,0.0,1305.0,0.0,0.0,0.0,0.0,0.0,0.0,WORKSTATION,0.0,0.0,0.0,0.0,0.0,0.0,0.1667,0.0,0.0,0.0,252.5983,FINITE_CAPACITY_BLOCKED,0.0,0.0,0.0,0.0,True,PHASE4_STEP8F_FINITE_CAPACITY_SCHEDULE_ALTERNATIVES,True
PHASE4-MPS-20260721170405,ALT-BASELINE,PSC-SKU-BIKE-ROAD-001-20260824,ROAD-OP-030,,WS-BRAKE-SUB,M-BRAKE-BENCH-001,BRAKE_ASSEMBLY_TECHNICIAN,,,,,,,0.0,435.0,2,870.0,870.0,870.0,,,0.0,870.0,0.0,0.0,0.0,0.0,0.0,0.0,WORKSTATION,0.0,0.0,0.0,0.0,0.0,0.0,0.2,0.0,0.0,0.0,187.8149,FINITE_CAPACITY_BLOCKED,0.0,0.0,0.0,0.0,True,PHASE4_STEP8F_FINITE_CAPACITY_SCHEDULE_ALTERNATIVES,True
PHASE4-MPS-20260721170405,ALT-BASELINE,PSC-SKU-BIKE-ROAD-001-20260824,ROAD-OP-040,,WS-FINAL-ASM,M-FINAL-STAND-001,FINAL_ASSEMBLY_OPERATOR,,,,,,,0.0,435.0,1,435.0,435.0,435.0,,,0.0,435.0,0.0,0.0,0.0,0.0,0.0,0.0,WORKSTATION,0.0,4524.558,0.0,0.0,4524.558,75.0093,0.4,75.4093,0.0,0.0,399.6048,FINITE_CAPACITY_BLOCKED,75.4093,10557.302,0.0,0.0,True,PHASE4_STEP8F_FINITE_CAPACITY_SCHEDULE_ALTERNATIVES,True
PHASE4-MPS-20260721170405,ALT-BASELINE,PSC-SKU-BIKE-ROAD-001-20260824,ROAD-OP-050,,WS-QC,M-QC-TOOLS-001,QUALITY_INSPECTOR,,,,,,,0.0,435.0,1,435.0,435.0,435.0,,,0.0,435.0,0.0,0.0,0.0,0.0,0.0,0.0,WORKSTATION,0.0,0.0,0.0,0.0,0.0,0.0,0.0,0.0,0.0,0.0,165.008,FINITE_CAPACITY_BLOCKED,0.0,0.0,0.0,0.0,True,PHASE4_STEP8F_FINITE_CAPACITY_SCHEDULE_ALTERNATIVES,True
PHASE4-MPS-20260721170405,ALT-BASELINE,PSC-SKU-BIKE-ROAD-001-20260824,ROAD-OP-060,,WS-PACK,M-PACK-BENCH-001,PACKAGING_OPERATOR,,,,,,,0.0,435.0,1,435.0,435.0,435.0,,,0.0,435.0,0.0,0.0,0.0,0.0,0.0,0.0,WORKSTATION,0.0,672.6206,0.0,0.0,672.6206,11.2103,0.0,11.2103,0.0,0.0,129.4918,FINITE_CAPACITY_BLOCKED,11.2103,1569.4481,0.0,0.0,True,PHASE4_STEP8F_FINITE_CAPACITY_SCHEDULE_ALTERNATIVES,True
PHASE4-MPS-20260721170405,ALT-BASELINE,PSC-SKU-BIKE-MT-001-20260831,MT-OP-010,SEG-ALT-BASELINE-PSC-SKU-BIKE-MT-001-20260831-MT-OP-010-01;SEG-ALT-BASELINE-PSC-SKU-BIKE-MT-001-20260831-MT-OP-010-02;SEG-ALT-BASELINE-PSC-SKU-BIKE-MT-001-20260831-MT-OP-010-03;SEG-ALT-BASELINE-PSC-SKU-BIKE-MT-001-20260831-MT-OP-010-04;SEG-ALT-BASELINE-PSC-SKU-BIKE-MT-001-20260831-MT-OP-010-05,WS-FRAME-PREP,M-FRAME-JIG-001,FRAME_TECHNICIAN,2026-10-01,2026-10-01,SHIFT-A,2026-10-01,SHIFT-A,WIN-20261001-SHIFT-A;WIN-20261002-SHIFT-A;WIN-20261005-SHIFT-A;WIN-20261006-SHIFT-A;WIN-20261007-SHIFT-A,2175.0,435.0,2,4350.0,4350.0,4350.0,M-FRAME-JIG-001#02=2104.782,FRAME_TECHNICIAN#02=2104.782,2104.782,2245.218,48.3858,48.3858,48.3858,48.3858,48.3858,48.3858,WORKSTATION,70.218,2104.782,2104.782,0.0,0.0,35.0797,0.0,35.0797,36.25,96.7716,202.7045,FINITE_CAPACITY_FEASIBLE,0.0,0.0,0.0,0.0,True,PHASE4_STEP8F_FINITE_CAPACITY_SCHEDULE_ALTERNATIVES,True
PHASE4-MPS-20260721170405,ALT-BASELINE,PSC-SKU-BIKE-MT-001-20260831,MT-OP-020,SEG-ALT-BASELINE-PSC-SKU-BIKE-MT-001-20260831-MT-OP-020-01;SEG-ALT-BASELINE-PSC-SKU-BIKE-MT-001-20260831-MT-OP-020-02,WS-FORK-SUSP,M-FORK-BENCH-001,SUSPENSION_TECHNICIAN,2026-10-07,2026-10-07,SHIFT-A,2026-10-07,SHIFT-A,WIN-20261007-SHIFT-A;WIN-20261008-SHIFT-A,870.0,435.0,2,1740.0,1740.0,1740.0,M-FORK-BENCH-001#01=300.4776,SUSPENSION_TECHNICIAN#01=300.4776,300.4776,1439.5224,17.2688,17.2688,17.2688,17.2688,17.2688,17.2688,WORKSTATION,364.782,300.4776,300.4776,204.7404,0.0,5.008,0.0,5.008,14.5,34.5377,118.6224,FINITE_CAPACITY_FEASIBLE,0.0,0.0,9.492,75.9363,True,PHASE4_STEP8F_FINITE_CAPACITY_SCHEDULE_ALTERNATIVES,True
PHASE4-MPS-20260721170405,ALT-BASELINE,PSC-SKU-BIKE-MT-001-20260831,MT-OP-030,,WS-WHEEL-SUB,M-WHEEL-TRUE-001,WHEEL_ASSEMBLY_TECHNICIAN,,,,,,,0.0,435.0,3,1305.0,1305.0,1305.0,,,0.0,1305.0,0.0,0.0,0.0,0.0,0.0,0.0,WORKSTATION,0.0,0.0,0.0,0.0,0.0,0.0,0.0,0.0,0.0,0.0,252.5983,FINITE_CAPACITY_BLOCKED,0.0,0.0,0.0,0.0,True,PHASE4_STEP8F_FINITE_CAPACITY_SCHEDULE_ALTERNATIVES,True
PHASE4-MPS-20260721170405,ALT-BASELINE,PSC-SKU-BIKE-MT-001-20260831,MT-OP-040,,WS-BRAKE-SUB,M-BRAKE-BENCH-001,BRAKE_ASSEMBLY_TECHNICIAN,,,,,,,0.0,435.0,2,870.0,870.0,870.0,,,0.0,870.0,0.0,0.0,0.0,0.0,0.0,0.0,WORKSTATION,0.0,0.0,0.0,0.0,0.0,0.0,0.0,0.0,0.0,0.0,187.8149,FINITE_CAPACITY_BLOCKED,0.0,0.0,0.0,0.0,True,PHASE4_STEP8F_FINITE_CAPACITY_SCHEDULE_ALTERNATIVES,True
PHASE4-MPS-20260721170405,ALT-BASELINE,PSC-SKU-BIKE-MT-001-20260831,MT-OP-050,,WS-FINAL-ASM,M-FINAL-STAND-001,FINAL_ASSEMBLY_OPERATOR,,,,,,,0.0,435.0,1,435.0,435.0,435.0,,,0.0,435.0,0.0,0.0,0.0,0.0,0.0,0.0,WORKSTATION,0.0,4195.398,0.0,0.0,4195.398,69.9233,0.0,69.9233,0.0,0.0,399.6048,FINITE_CAPACITY_BLOCKED,69.9233,9789.262,0.0,0.0,True,PHASE4_STEP8F_FINITE_CAPACITY_SCHEDULE_ALTERNATIVES,True
PHASE4-MPS-20260721170405,ALT-BASELINE,PSC-SKU-BIKE-MT-001-20260831,MT-OP-060,,WS-QC,M-QC-TOOLS-001,QUALITY_INSPECTOR,,,,,,,0.0,435.0,1,435.0,435.0,435.0,,,0.0,435.0,0.0,0.0,0.0,0.0,0.0,0.0,WORKSTATION,0.0,563.7671,0.0,0.0,563.7671,9.2628,0.1333,9.3961,0.0,0.0,165.008,FINITE_CAPACITY_BLOCKED,9.3961,1315.4566,0.0,0.0,True,PHASE4_STEP8F_FINITE_CAPACITY_SCHEDULE_ALTERNATIVES,True
PHASE4-MPS-20260721170405,ALT-BASELINE,PSC-SKU-BIKE-MT-001-20260831,MT-OP-070,,WS-PACK,M-PACK-BENCH-001,PACKAGING_OPERATOR,,,,,,,0.0,435.0,1,435.0,435.0,435.0,,,0.0,435.0,0.0,0.0,0.0,0.0,0.0,0.0,WORKSTATION,0.0,0.0,0.0,0.0,0.0,0.0,0.0,0.0,0.0,0.0,129.4918,FINITE_CAPACITY_BLOCKED,0.0,0.0,0.0,0.0,True,PHASE4_STEP8F_FINITE_CAPACITY_SCHEDULE_ALTERNATIVES,True
PHASE4-MPS-20260721170405,ALT-BASELINE,PSC-SKU-BIKE-ROAD-001-20260831,ROAD-OP-010,SEG-ALT-BASELINE-PSC-SKU-BIKE-ROAD-001-20260831-ROAD-OP-010-01;SEG-ALT-BASELINE-PSC-SKU-BIKE-ROAD-001-20260831-ROAD-OP-010-02;SEG-ALT-BASELINE-PSC-SKU-BIKE-ROAD-001-20260831-ROAD-OP-010-03;SEG-ALT-BASELINE-PSC-SKU-BIKE-ROAD-001-20260831-ROAD-OP-010-04,WS-FRAME-PREP,M-FRAME-JIG-001,FRAME_TECHNICIAN,2026-10-12,2026-10-12,SHIFT-A,2026-10-12,SHIFT-A,WIN-20261012-SHIFT-A;WIN-20261013-SHIFT-A;WIN-20261014-SHIFT-A;WIN-20261015-SHIFT-A,1740.0,435.0,2,3480.0,3480.0,3480.0,M-FRAME-JIG-001#01=1411.3261,FRAME_TECHNICIAN#01=1411.3261,1411.3261,2068.6739,40.5553,40.5553,40.5553,40.5553,40.5553,40.5553,WORKSTATION,249.2413,1411.3261,1411.3261,79.4326,0.0,23.2221,0.3,23.5221,29.0,81.1107,202.7045,FINITE_CAPACITY_FEASIBLE,0.0,0.0,0.0,0.0,True,PHASE4_STEP8F_FINITE_CAPACITY_SCHEDULE_ALTERNATIVES,True
PHASE4-MPS-20260721170405,ALT-BASELINE,PSC-SKU-BIKE-ROAD-001-20260831,ROAD-OP-020,,WS-WHEEL-SUB,M-WHEEL-TRUE-001,WHEEL_ASSEMBLY_TECHNICIAN,,,,,,,0.0,435.0,3,1305.0,1305.0,1305.0,,,0.0,1305.0,0.0,0.0,0.0,0.0,0.0,0.0,WORKSTATION,0.0,0.0,0.0,0.0,0.0,0.0,0.1667,0.0,0.0,0.0,252.5983,FINITE_CAPACITY_BLOCKED,0.0,0.0,0.0,0.0,True,PHASE4_STEP8F_FINITE_CAPACITY_SCHEDULE_ALTERNATIVES,True
PHASE4-MPS-20260721170405,ALT-BASELINE,PSC-SKU-BIKE-ROAD-001-20260831,ROAD-OP-030,,WS-BRAKE-SUB,M-BRAKE-BENCH-001,BRAKE_ASSEMBLY_TECHNICIAN,,,,,,,0.0,435.0,2,870.0,870.0,870.0,,,0.0,870.0,0.0,0.0,0.0,0.0,0.0,0.0,WORKSTATION,0.0,0.0,0.0,0.0,0.0,0.0,0.2,0.0,0.0,0.0,187.8149,FINITE_CAPACITY_BLOCKED,0.0,0.0,0.0,0.0,True,PHASE4_STEP8F_FINITE_CAPACITY_SCHEDULE_ALTERNATIVES,True
PHASE4-MPS-20260721170405,ALT-BASELINE,PSC-SKU-BIKE-ROAD-001-20260831,ROAD-OP-040,,WS-FINAL-ASM,M-FINAL-STAND-001,FINAL_ASSEMBLY_OPERATOR,,,,,,,0.0,435.0,1,435.0,435.0,435.0,,,0.0,435.0,0.0,0.0,0.0,0.0,0.0,0.0,WORKSTATION,0.0,4524.558,0.0,0.0,4524.558,75.0093,0.4,75.4093,0.0,0.0,399.6048,FINITE_CAPACITY_BLOCKED,75.4093,10557.302,0.0,0.0,True,PHASE4_STEP8F_FINITE_CAPACITY_SCHEDULE_ALTERNATIVES,True
PHASE4-MPS-20260721170405,ALT-BASELINE,PSC-SKU-BIKE-ROAD-001-20260831,ROAD-OP-050,,WS-QC,M-QC-TOOLS-001,QUALITY_INSPECTOR,,,,,,,0.0,435.0,1,435.0,435.0,435.0,,,0.0,435.0,0.0,0.0,0.0,0.0,0.0,0.0,WORKSTATION,0.0,0.0,0.0,0.0,0.0,0.0,0.0,0.0,0.0,0.0,165.008,FINITE_CAPACITY_BLOCKED,0.0,0.0,0.0,0.0,True,PHASE4_STEP8F_FINITE_CAPACITY_SCHEDULE_ALTERNATIVES,True
PHASE4-MPS-20260721170405,ALT-BASELINE,PSC-SKU-BIKE-ROAD-001-20260831,ROAD-OP-060,,WS-PACK,M-PACK-BENCH-001,PACKAGING_OPERATOR,,,,,,,0.0,435.0,1,435.0,435.0,435.0,,,0.0,435.0,0.0,0.0,0.0,0.0,0.0,0.0,WORKSTATION,0.0,672.6206,0.0,0.0,672.6206,11.2103,0.0,11.2103,0.0,0.0,129.4918,FINITE_CAPACITY_BLOCKED,11.2103,1569.4481,0.0,0.0,True,PHASE4_STEP8F_FINITE_CAPACITY_SCHEDULE_ALTERNATIVES,True
PHASE4-MPS-20260721170405,ALT-BASELINE,PSC-SKU-BIKE-MT-001-20260907,MT-OP-010,SEG-ALT-BASELINE-PSC-SKU-BIKE-MT-001-20260907-MT-OP-010-01;SEG-ALT-BASELINE-PSC-SKU-BIKE-MT-001-20260907-MT-OP-010-02,WS-FRAME-PREP,M-FRAME-JIG-001,FRAME_TECHNICIAN,2026-09-11,2026-09-11,SHIFT-A,2026-09-11,SHIFT-A,WIN-20260911-SHIFT-A;WIN-20260914-SHIFT-A,870.0,435.0,2,1740.0,1740.0,1740.0,M-FRAME-JIG-001#02=688.5097,FRAME_TECHNICIAN#02=688.5097,688.5097,1051.4903,39.5695,39.5695,39.5695,39.5695,39.5695,39.5695,WORKSTATION,181.4903,688.5097,688.5097,0.0,0.0,11.1752,0.3,11.4752,14.5,79.139,202.7045,FINITE_CAPACITY_FEASIBLE,0.0,0.0,0.0,0.0,True,PHASE4_STEP8F_FINITE_CAPACITY_SCHEDULE_ALTERNATIVES,True
PHASE4-MPS-20260721170405,ALT-BASELINE,PSC-SKU-BIKE-MT-001-20260907,MT-OP-020,,WS-FORK-SUSP,M-FORK-BENCH-001,SUSPENSION_TECHNICIAN,,,,,,,0.0,435.0,2,870.0,870.0,870.0,,,0.0,870.0,0.0,0.0,0.0,0.0,0.0,0.0,WORKSTATION,0.0,0.0,0.0,0.0,0.0,0.0,0.0,0.0,0.0,0.0,118.6224,FINITE_CAPACITY_BLOCKED,0.0,0.0,0.0,0.0,True,PHASE4_STEP8F_FINITE_CAPACITY_SCHEDULE_ALTERNATIVES,True
PHASE4-MPS-20260721170405,ALT-BASELINE,PSC-SKU-BIKE-MT-001-20260907,MT-OP-030,,WS-WHEEL-SUB,M-WHEEL-TRUE-001,WHEEL_ASSEMBLY_TECHNICIAN,,,,,,,0.0,435.0,3,1305.0,1305.0,1305.0,,,0.0,1305.0,0.0,0.0,0.0,0.0,0.0,0.0,WORKSTATION,0.0,0.0,0.0,0.0,0.0,0.0,0.0,0.0,0.0,0.0,252.5983,FINITE_CAPACITY_BLOCKED,0.0,0.0,0.0,0.0,True,PHASE4_STEP8F_FINITE_CAPACITY_SCHEDULE_ALTERNATIVES,True
PHASE4-MPS-20260721170405,ALT-BASELINE,PSC-SKU-BIKE-MT-001-20260907,MT-OP-040,,WS-BRAKE-SUB,M-BRAKE-BENCH-001,BRAKE_ASSEMBLY_TECHNICIAN,,,,,,,0.0,435.0,2,870.0,870.0,870.0,,,0.0,870.0,0.0,0.0,0.0,0.0,0.0,0.0,WORKSTATION,0.0,0.0,0.0,0.0,0.0,0.0,0.0,0.0,0.0,0.0,187.8149,FINITE_CAPACITY_BLOCKED,0.0,0.0,0.0,0.0,True,PHASE4_STEP8F_FINITE_CAPACITY_SCHEDULE_ALTERNATIVES,True
PHASE4-MPS-20260721170405,ALT-BASELINE,PSC-SKU-BIKE-MT-001-20260907,MT-OP-050,,WS-FINAL-ASM,M-FINAL-STAND-001,FINAL_ASSEMBLY_OPERATOR,,,,,,,0.0,435.0,1,435.0,435.0,435.0,,,0.0,435.0,0.0,0.0,0.0,0.0,0.0,0.0,WORKSTATION,0.0,4195.398,0.0,0.0,4195.398,69.9233,0.0,69.9233,0.0,0.0,399.6048,FINITE_CAPACITY_BLOCKED,69.9233,9789.262,0.0,0.0,True,PHASE4_STEP8F_FINITE_CAPACITY_SCHEDULE_ALTERNATIVES,True
PHASE4-MPS-20260721170405,ALT-BASELINE,PSC-SKU-BIKE-MT-001-20260907,MT-OP-060,,WS-QC,M-QC-TOOLS-001,QUALITY_INSPECTOR,,,,,,,0.0,435.0,1,435.0,435.0,435.0,,,0.0,435.0,0.0,0.0,0.0,0.0,0.0,0.0,WORKSTATION,0.0,563.7671,0.0,0.0,563.7671,9.2628,0.1333,9.3961,0.0,0.0,165.008,FINITE_CAPACITY_BLOCKED,9.3961,1315.4566,0.0,0.0,True,PHASE4_STEP8F_FINITE_CAPACITY_SCHEDULE_ALTERNATIVES,True
PHASE4-MPS-20260721170405,ALT-BASELINE,PSC-SKU-BIKE-MT-001-20260907,MT-OP-070,,WS-PACK,M-PACK-BENCH-001,PACKAGING_OPERATOR,,,,,,,0.0,435.0,1,435.0,435.0,435.0,,,0.0,435.0,0.0,0.0,0.0,0.0,0.0,0.0,WORKSTATION,0.0,0.0,0.0,0.0,0.0,0.0,0.0,0.0,0.0,0.0,129.4918,FINITE_CAPACITY_BLOCKED,0.0,0.0,0.0,0.0,True,PHASE4_STEP8F_FINITE_CAPACITY_SCHEDULE_ALTERNATIVES,True
PHASE4-MPS-20260721170405,ALT-BASELINE,PSC-SKU-BIKE-ROAD-001-20260907,ROAD-OP-010,,WS-FRAME-PREP,M-FRAME-JIG-001,FRAME_TECHNICIAN,,,,,,,0.0,435.0,2,870.0,870.0,870.0,,,0.0,870.0,0.0,0.0,0.0,0.0,0.0,0.0,WORKSTATION,0.0,0.0,0.0,0.0,0.0,0.0,0.3,0.0,0.0,0.0,202.7045,FINITE_CAPACITY_BLOCKED,0.0,0.0,0.0,0.0,True,PHASE4_STEP8F_FINITE_CAPACITY_SCHEDULE_ALTERNATIVES,True
PHASE4-MPS-20260721170405,ALT-BASELINE,PSC-SKU-BIKE-ROAD-001-20260907,ROAD-OP-020,,WS-WHEEL-SUB,M-WHEEL-TRUE-001,WHEEL_ASSEMBLY_TECHNICIAN,,,,,,,0.0,435.0,3,1305.0,1305.0,1305.0,,,0.0,1305.0,0.0,0.0,0.0,0.0,0.0,0.0,WORKSTATION,0.0,0.0,0.0,0.0,0.0,0.0,0.1667,0.0,0.0,0.0,252.5983,FINITE_CAPACITY_BLOCKED,0.0,0.0,0.0,0.0,True,PHASE4_STEP8F_FINITE_CAPACITY_SCHEDULE_ALTERNATIVES,True
PHASE4-MPS-20260721170405,ALT-BASELINE,PSC-SKU-BIKE-ROAD-001-20260907,ROAD-OP-030,,WS-BRAKE-SUB,M-BRAKE-BENCH-001,BRAKE_ASSEMBLY_TECHNICIAN,,,,,,,0.0,435.0,2,870.0,870.0,870.0,,,0.0,870.0,0.0,0.0,0.0,0.0,0.0,0.0,WORKSTATION,0.0,0.0,0.0,0.0,0.0,0.0,0.2,0.0,0.0,0.0,187.8149,FINITE_CAPACITY_BLOCKED,0.0,0.0,0.0,0.0,True,PHASE4_STEP8F_FINITE_CAPACITY_SCHEDULE_ALTERNATIVES,True
PHASE4-MPS-20260721170405,ALT-BASELINE,PSC-SKU-BIKE-ROAD-001-20260907,ROAD-OP-040,,WS-FINAL-ASM,M-FINAL-STAND-001,FINAL_ASSEMBLY_OPERATOR,,,,,,,0.0,435.0,1,435.0,435.0,435.0,,,0.0,435.0,0.0,0.0,0.0,0.0,0.0,0.0,WORKSTATION,0.0,4524.558,0.0,0.0,4524.558,75.0093,0.4,75.4093,0.0,0.0,399.6048,FINITE_CAPACITY_BLOCKED,75.4093,10557.302,0.0,0.0,True,PHASE4_STEP8F_FINITE_CAPACITY_SCHEDULE_ALTERNATIVES,True
PHASE4-MPS-20260721170405,ALT-BASELINE,PSC-SKU-BIKE-ROAD-001-20260907,ROAD-OP-050,,WS-QC,M-QC-TOOLS-001,QUALITY_INSPECTOR,,,,,,,0.0,435.0,1,435.0,435.0,435.0,,,0.0,435.0,0.0,0.0,0.0,0.0,0.0,0.0,WORKSTATION,0.0,0.0,0.0,0.0,0.0,0.0,0.0,0.0,0.0,0.0,165.008,FINITE_CAPACITY_BLOCKED,0.0,0.0,0.0,0.0,True,PHASE4_STEP8F_FINITE_CAPACITY_SCHEDULE_ALTERNATIVES,True
PHASE4-MPS-20260721170405,ALT-BASELINE,PSC-SKU-BIKE-ROAD-001-20260907,ROAD-OP-060,,WS-PACK,M-PACK-BENCH-001,PACKAGING_OPERATOR,,,,,,,0.0,435.0,1,435.0,435.0,435.0,,,0.0,435.0,0.0,0.0,0.0,0.0,0.0,0.0,WORKSTATION,0.0,672.6206,0.0,0.0,672.6206,11.2103,0.0,11.2103,0.0,0.0,129.4918,FINITE_CAPACITY_BLOCKED,11.2103,1569.4481,0.0,0.0,True,PHASE4_STEP8F_FINITE_CAPACITY_SCHEDULE_ALTERNATIVES,True
PHASE4-MPS-20260721170405,ALT-BASELINE,PSC-SKU-BIKE-MT-001-20260914,MT-OP-010,SEG-ALT-BASELINE-PSC-SKU-BIKE-MT-001-20260914-MT-OP-010-01;SEG-ALT-BASELINE-PSC-SKU-BIKE-MT-001-20260914-MT-OP-010-02;SEG-ALT-BASELINE-PSC-SKU-BIKE-MT-001-20260914-MT-OP-010-03,WS-FRAME-PREP,M-FRAME-JIG-001,FRAME_TECHNICIAN,2026-09-14,2026-09-14,SHIFT-A,2026-09-14,SHIFT-A,WIN-20260914-SHIFT-A;WIN-20260915-SHIFT-A;WIN-20260916-SHIFT-A,1305.0,435.0,2,2610.0,2610.0,2610.0,M-FRAME-JIG-001#02=670.5097,FRAME_TECHNICIAN#02=670.5097,670.5097,1939.4903,25.69,25.69,25.69,25.69,25.69,25.69,WORKSTATION,634.4903,670.5097,670.5097,0.0,0.0,11.1752,0.0,11.1752,21.75,51.3801,202.7045,FINITE_CAPACITY_FEASIBLE,0.0,0.0,0.0,0.0,True,PHASE4_STEP8F_FINITE_CAPACITY_SCHEDULE_ALTERNATIVES,True
PHASE4-MPS-20260721170405,ALT-BASELINE,PSC-SKU-BIKE-MT-001-20260914,MT-OP-020,,WS-FORK-SUSP,M-FORK-BENCH-001,SUSPENSION_TECHNICIAN,,,,,,,0.0,435.0,2,870.0,870.0,870.0,,,0.0,870.0,0.0,0.0,0.0,0.0,0.0,0.0,WORKSTATION,0.0,0.0,0.0,0.0,0.0,0.0,0.0,0.0,0.0,0.0,118.6224,FINITE_CAPACITY_BLOCKED,0.0,0.0,0.0,0.0,True,PHASE4_STEP8F_FINITE_CAPACITY_SCHEDULE_ALTERNATIVES,True
PHASE4-MPS-20260721170405,ALT-BASELINE,PSC-SKU-BIKE-MT-001-20260914,MT-OP-030,,WS-WHEEL-SUB,M-WHEEL-TRUE-001,WHEEL_ASSEMBLY_TECHNICIAN,,,,,,,0.0,435.0,3,1305.0,1305.0,1305.0,,,0.0,1305.0,0.0,0.0,0.0,0.0,0.0,0.0,WORKSTATION,0.0,0.0,0.0,0.0,0.0,0.0,0.0,0.0,0.0,0.0,252.5983,FINITE_CAPACITY_BLOCKED,0.0,0.0,0.0,0.0,True,PHASE4_STEP8F_FINITE_CAPACITY_SCHEDULE_ALTERNATIVES,True
PHASE4-MPS-20260721170405,ALT-BASELINE,PSC-SKU-BIKE-MT-001-20260914,MT-OP-040,,WS-BRAKE-SUB,M-BRAKE-BENCH-001,BRAKE_ASSEMBLY_TECHNICIAN,,,,,,,0.0,435.0,2,870.0,870.0,870.0,,,0.0,870.0,0.0,0.0,0.0,0.0,0.0,0.0,WORKSTATION,0.0,0.0,0.0,0.0,0.0,0.0,0.0,0.0,0.0,0.0,187.8149,FINITE_CAPACITY_BLOCKED,0.0,0.0,0.0,0.0,True,PHASE4_STEP8F_FINITE_CAPACITY_SCHEDULE_ALTERNATIVES,True
PHASE4-MPS-20260721170405,ALT-BASELINE,PSC-SKU-BIKE-MT-001-20260914,MT-OP-050,,WS-FINAL-ASM,M-FINAL-STAND-001,FINAL_ASSEMBLY_OPERATOR,,,,,,,0.0,435.0,1,435.0,435.0,435.0,,,0.0,435.0,0.0,0.0,0.0,0.0,0.0,0.0,WORKSTATION,0.0,4195.398,0.0,0.0,4195.398,69.9233,0.0,69.9233,0.0,0.0,399.6048,FINITE_CAPACITY_BLOCKED,69.9233,9789.262,0.0,0.0,True,PHASE4_STEP8F_FINITE_CAPACITY_SCHEDULE_ALTERNATIVES,True
PHASE4-MPS-20260721170405,ALT-BASELINE,PSC-SKU-BIKE-MT-001-20260914,MT-OP-060,,WS-QC,M-QC-TOOLS-001,QUALITY_INSPECTOR,,,,,,,0.0,435.0,1,435.0,435.0,435.0,,,0.0,435.0,0.0,0.0,0.0,0.0,0.0,0.0,WORKSTATION,0.0,563.7671,0.0,0.0,563.7671,9.2628,0.1333,9.3961,0.0,0.0,165.008,FINITE_CAPACITY_BLOCKED,9.3961,1315.4566,0.0,0.0,True,PHASE4_STEP8F_FINITE_CAPACITY_SCHEDULE_ALTERNATIVES,True
PHASE4-MPS-20260721170405,ALT-BASELINE,PSC-SKU-BIKE-MT-001-20260914,MT-OP-070,,WS-PACK,M-PACK-BENCH-001,PACKAGING_OPERATOR,,,,,,,0.0,435.0,1,435.0,435.0,435.0,,,0.0,435.0,0.0,0.0,0.0,0.0,0.0,0.0,WORKSTATION,0.0,0.0,0.0,0.0,0.0,0.0,0.0,0.0,0.0,0.0,129.4918,FINITE_CAPACITY_BLOCKED,0.0,0.0,0.0,0.0,True,PHASE4_STEP8F_FINITE_CAPACITY_SCHEDULE_ALTERNATIVES,True
PHASE4-MPS-20260721170405,ALT-BASELINE,PSC-SKU-BIKE-ROAD-001-20260914,ROAD-OP-010,,WS-FRAME-PREP,M-FRAME-JIG-001,FRAME_TECHNICIAN,,,,,,,0.0,435.0,2,870.0,870.0,870.0,,,0.0,870.0,0.0,0.0,0.0,0.0,0.0,0.0,WORKSTATION,0.0,0.0,0.0,0.0,0.0,0.0,0.3,0.0,0.0,0.0,202.7045,FINITE_CAPACITY_BLOCKED,0.0,0.0,0.0,0.0,True,PHASE4_STEP8F_FINITE_CAPACITY_SCHEDULE_ALTERNATIVES,True
PHASE4-MPS-20260721170405,ALT-BASELINE,PSC-SKU-BIKE-ROAD-001-20260914,ROAD-OP-020,,WS-WHEEL-SUB,M-WHEEL-TRUE-001,WHEEL_ASSEMBLY_TECHNICIAN,,,,,,,0.0,435.0,3,1305.0,1305.0,1305.0,,,0.0,1305.0,0.0,0.0,0.0,0.0,0.0,0.0,WORKSTATION,0.0,0.0,0.0,0.0,0.0,0.0,0.1667,0.0,0.0,0.0,252.5983,FINITE_CAPACITY_BLOCKED,0.0,0.0,0.0,0.0,True,PHASE4_STEP8F_FINITE_CAPACITY_SCHEDULE_ALTERNATIVES,True
PHASE4-MPS-20260721170405,ALT-BASELINE,PSC-SKU-BIKE-ROAD-001-20260914,ROAD-OP-030,,WS-BRAKE-SUB,M-BRAKE-BENCH-001,BRAKE_ASSEMBLY_TECHNICIAN,,,,,,,0.0,435.0,2,870.0,870.0,870.0,,,0.0,870.0,0.0,0.0,0.0,0.0,0.0,0.0,WORKSTATION,0.0,0.0,0.0,0.0,0.0,0.0,0.2,0.0,0.0,0.0,187.8149,FINITE_CAPACITY_BLOCKED,0.0,0.0,0.0,0.0,True,PHASE4_STEP8F_FINITE_CAPACITY_SCHEDULE_ALTERNATIVES,True
PHASE4-MPS-20260721170405,ALT-BASELINE,PSC-SKU-BIKE-ROAD-001-20260914,ROAD-OP-040,,WS-FINAL-ASM,M-FINAL-STAND-001,FINAL_ASSEMBLY_OPERATOR,,,,,,,0.0,435.0,1,435.0,435.0,435.0,,,0.0,435.0,0.0,0.0,0.0,0.0,0.0,0.0,WORKSTATION,0.0,4524.558,0.0,0.0,4524.558,75.0093,0.4,75.4093,0.0,0.0,399.6048,FINITE_CAPACITY_BLOCKED,75.4093,10557.302,0.0,0.0,True,PHASE4_STEP8F_FINITE_CAPACITY_SCHEDULE_ALTERNATIVES,True
PHASE4-MPS-20260721170405,ALT-BASELINE,PSC-SKU-BIKE-ROAD-001-20260914,ROAD-OP-050,,WS-QC,M-QC-TOOLS-001,QUALITY_INSPECTOR,,,,,,,0.0,435.0,1,435.0,435.0,435.0,,,0.0,435.0,0.0,0.0,0.0,0.0,0.0,0.0,WORKSTATION,0.0,0.0,0.0,0.0,0.0,0.0,0.0,0.0,0.0,0.0,165.008,FINITE_CAPACITY_BLOCKED,0.0,0.0,0.0,0.0,True,PHASE4_STEP8F_FINITE_CAPACITY_SCHEDULE_ALTERNATIVES,True
PHASE4-MPS-20260721170405,ALT-BASELINE,PSC-SKU-BIKE-ROAD-001-20260914,ROAD-OP-060,,WS-PACK,M-PACK-BENCH-001,PACKAGING_OPERATOR,,,,,,,0.0,435.0,1,435.0,435.0,435.0,,,0.0,435.0,0.0,0.0,0.0,0.0,0.0,0.0,WORKSTATION,0.0,672.6206,0.0,0.0,672.6206,11.2103,0.0,11.2103,0.0,0.0,129.4918,FINITE_CAPACITY_BLOCKED,11.2103,1569.4481,0.0,0.0,True,PHASE4_STEP8F_FINITE_CAPACITY_SCHEDULE_ALTERNATIVES,True
PHASE4-MPS-20260721170405,ALT-BASELINE,PSC-SKU-BIKE-MT-001-20260921,MT-OP-010,SEG-ALT-BASELINE-PSC-SKU-BIKE-MT-001-20260921-MT-OP-010-01;SEG-ALT-BASELINE-PSC-SKU-BIKE-MT-001-20260921-MT-OP-010-02;SEG-ALT-BASELINE-PSC-SKU-BIKE-MT-001-20260921-MT-OP-010-03,WS-FRAME-PREP,M-FRAME-JIG-001,FRAME_TECHNICIAN,2026-10-20,2026-10-20,SHIFT-A,2026-10-20,SHIFT-A,WIN-20261020-SHIFT-A;WIN-20261021-SHIFT-A;WIN-20261022-SHIFT-A,1305.0,435.0,2,2610.0,2610.0,2610.0,M-FRAME-JIG-001#01=670.5097,FRAME_TECHNICIAN#01=670.5097,670.5097,1939.4903,25.69,25.69,25.69,25.69,25.69,25.69,WORKSTATION,379.4933,670.5097,670.5097,254.9969,0.0,11.1752,0.0,11.1752,21.75,51.3801,202.7045,FINITE_CAPACITY_FEASIBLE,0.0,0.0,0.0,0.0,True,PHASE4_STEP8F_FINITE_CAPACITY_SCHEDULE_ALTERNATIVES,True
PHASE4-MPS-20260721170405,ALT-BASELINE,PSC-SKU-BIKE-MT-001-20260921,MT-OP-020,,WS-FORK-SUSP,M-FORK-BENCH-001,SUSPENSION_TECHNICIAN,,,,,,,0.0,435.0,2,870.0,870.0,870.0,,,0.0,870.0,0.0,0.0,0.0,0.0,0.0,0.0,WORKSTATION,0.0,0.0,0.0,0.0,0.0,0.0,0.0,0.0,0.0,0.0,118.6224,FINITE_CAPACITY_BLOCKED,0.0,0.0,0.0,0.0,True,PHASE4_STEP8F_FINITE_CAPACITY_SCHEDULE_ALTERNATIVES,True
PHASE4-MPS-20260721170405,ALT-BASELINE,PSC-SKU-BIKE-MT-001-20260921,MT-OP-030,,WS-WHEEL-SUB,M-WHEEL-TRUE-001,WHEEL_ASSEMBLY_TECHNICIAN,,,,,,,0.0,435.0,3,1305.0,1305.0,1305.0,,,0.0,1305.0,0.0,0.0,0.0,0.0,0.0,0.0,WORKSTATION,0.0,0.0,0.0,0.0,0.0,0.0,0.0,0.0,0.0,0.0,252.5983,FINITE_CAPACITY_BLOCKED,0.0,0.0,0.0,0.0,True,PHASE4_STEP8F_FINITE_CAPACITY_SCHEDULE_ALTERNATIVES,True
PHASE4-MPS-20260721170405,ALT-BASELINE,PSC-SKU-BIKE-MT-001-20260921,MT-OP-040,,WS-BRAKE-SUB,M-BRAKE-BENCH-001,BRAKE_ASSEMBLY_TECHNICIAN,,,,,,,0.0,435.0,2,870.0,870.0,870.0,,,0.0,870.0,0.0,0.0,0.0,0.0,0.0,0.0,WORKSTATION,0.0,0.0,0.0,0.0,0.0,0.0,0.0,0.0,0.0,0.0,187.8149,FINITE_CAPACITY_BLOCKED,0.0,0.0,0.0,0.0,True,PHASE4_STEP8F_FINITE_CAPACITY_SCHEDULE_ALTERNATIVES,True
PHASE4-MPS-20260721170405,ALT-BASELINE,PSC-SKU-BIKE-MT-001-20260921,MT-OP-050,,WS-FINAL-ASM,M-FINAL-STAND-001,FINAL_ASSEMBLY_OPERATOR,,,,,,,0.0,435.0,1,435.0,435.0,435.0,,,0.0,435.0,0.0,0.0,0.0,0.0,0.0,0.0,WORKSTATION,0.0,4195.398,0.0,0.0,4195.398,69.9233,0.0,69.9233,0.0,0.0,399.6048,FINITE_CAPACITY_BLOCKED,69.9233,9789.262,0.0,0.0,True,PHASE4_STEP8F_FINITE_CAPACITY_SCHEDULE_ALTERNATIVES,True
PHASE4-MPS-20260721170405,ALT-BASELINE,PSC-SKU-BIKE-MT-001-20260921,MT-OP-060,,WS-QC,M-QC-TOOLS-001,QUALITY_INSPECTOR,,,,,,,0.0,435.0,1,435.0,435.0,435.0,,,0.0,435.0,0.0,0.0,0.0,0.0,0.0,0.0,WORKSTATION,0.0,563.7671,0.0,0.0,563.7671,9.2628,0.1333,9.3961,0.0,0.0,165.008,FINITE_CAPACITY_BLOCKED,9.3961,1315.4566,0.0,0.0,True,PHASE4_STEP8F_FINITE_CAPACITY_SCHEDULE_ALTERNATIVES,True
PHASE4-MPS-20260721170405,ALT-BASELINE,PSC-SKU-BIKE-MT-001-20260921,MT-OP-070,,WS-PACK,M-PACK-BENCH-001,PACKAGING_OPERATOR,,,,,,,0.0,435.0,1,435.0,435.0,435.0,,,0.0,435.0,0.0,0.0,0.0,0.0,0.0,0.0,WORKSTATION,0.0,0.0,0.0,0.0,0.0,0.0,0.0,0.0,0.0,0.0,129.4918,FINITE_CAPACITY_BLOCKED,0.0,0.0,0.0,0.0,True,PHASE4_STEP8F_FINITE_CAPACITY_SCHEDULE_ALTERNATIVES,True
PHASE4-MPS-20260721170405,ALT-BASELINE,PSC-SKU-BIKE-ROAD-001-20260921,ROAD-OP-010,,WS-FRAME-PREP,M-FRAME-JIG-001,FRAME_TECHNICIAN,,,,,,,0.0,435.0,2,870.0,870.0,870.0,,,0.0,870.0,0.0,0.0,0.0,0.0,0.0,0.0,WORKSTATION,0.0,0.0,0.0,0.0,0.0,0.0,0.3,0.0,0.0,0.0,202.7045,FINITE_CAPACITY_BLOCKED,0.0,0.0,0.0,0.0,True,PHASE4_STEP8F_FINITE_CAPACITY_SCHEDULE_ALTERNATIVES,True
PHASE4-MPS-20260721170405,ALT-BASELINE,PSC-SKU-BIKE-ROAD-001-20260921,ROAD-OP-020,,WS-WHEEL-SUB,M-WHEEL-TRUE-001,WHEEL_ASSEMBLY_TECHNICIAN,,,,,,,0.0,435.0,3,1305.0,1305.0,1305.0,,,0.0,1305.0,0.0,0.0,0.0,0.0,0.0,0.0,WORKSTATION,0.0,0.0,0.0,0.0,0.0,0.0,0.1667,0.0,0.0,0.0,252.5983,FINITE_CAPACITY_BLOCKED,0.0,0.0,0.0,0.0,True,PHASE4_STEP8F_FINITE_CAPACITY_SCHEDULE_ALTERNATIVES,True
PHASE4-MPS-20260721170405,ALT-BASELINE,PSC-SKU-BIKE-ROAD-001-20260921,ROAD-OP-030,,WS-BRAKE-SUB,M-BRAKE-BENCH-001,BRAKE_ASSEMBLY_TECHNICIAN,,,,,,,0.0,435.0,2,870.0,870.0,870.0,,,0.0,870.0,0.0,0.0,0.0,0.0,0.0,0.0,WORKSTATION,0.0,0.0,0.0,0.0,0.0,0.0,0.2,0.0,0.0,0.0,187.8149,FINITE_CAPACITY_BLOCKED,0.0,0.0,0.0,0.0,True,PHASE4_STEP8F_FINITE_CAPACITY_SCHEDULE_ALTERNATIVES,True
PHASE4-MPS-20260721170405,ALT-BASELINE,PSC-SKU-BIKE-ROAD-001-20260921,ROAD-OP-040,,WS-FINAL-ASM,M-FINAL-STAND-001,FINAL_ASSEMBLY_OPERATOR,,,,,,,0.0,435.0,1,435.0,435.0,435.0,,,0.0,435.0,0.0,0.0,0.0,0.0,0.0,0.0,WORKSTATION,0.0,4524.558,0.0,0.0,4524.558,75.0093,0.4,75.4093,0.0,0.0,399.6048,FINITE_CAPACITY_BLOCKED,75.4093,10557.302,0.0,0.0,True,PHASE4_STEP8F_FINITE_CAPACITY_SCHEDULE_ALTERNATIVES,True
PHASE4-MPS-20260721170405,ALT-BASELINE,PSC-SKU-BIKE-ROAD-001-20260921,ROAD-OP-050,,WS-QC,M-QC-TOOLS-001,QUALITY_INSPECTOR,,,,,,,0.0,435.0,1,435.0,435.0,435.0,,,0.0,435.0,0.0,0.0,0.0,0.0,0.0,0.0,WORKSTATION,0.0,0.0,0.0,0.0,0.0,0.0,0.0,0.0,0.0,0.0,165.008,FINITE_CAPACITY_BLOCKED,0.0,0.0,0.0,0.0,True,PHASE4_STEP8F_FINITE_CAPACITY_SCHEDULE_ALTERNATIVES,True
PHASE4-MPS-20260721170405,ALT-BASELINE,PSC-SKU-BIKE-ROAD-001-20260921,ROAD-OP-060,,WS-PACK,M-PACK-BENCH-001,PACKAGING_OPERATOR,,,,,,,0.0,435.0,1,435.0,435.0,435.0,,,0.0,435.0,0.0,0.0,0.0,0.0,0.0,0.0,WORKSTATION,0.0,672.6206,0.0,0.0,672.6206,11.2103,0.0,11.2103,0.0,0.0,129.4918,FINITE_CAPACITY_BLOCKED,11.2103,1569.4481,0.0,0.0,True,PHASE4_STEP8F_FINITE_CAPACITY_SCHEDULE_ALTERNATIVES,True
PHASE4-MPS-20260721170405,ALT-BASELINE,PSC-SKU-BIKE-MT-001-20260928,MT-OP-010,SEG-ALT-BASELINE-PSC-SKU-BIKE-MT-001-20260928-MT-OP-010-01;SEG-ALT-BASELINE-PSC-SKU-BIKE-MT-001-20260928-MT-OP-010-02,WS-FRAME-PREP,M-FRAME-JIG-001,FRAME_TECHNICIAN,2026-10-20,2026-10-20,SHIFT-A,2026-10-20,SHIFT-A,WIN-20261020-SHIFT-A;WIN-20261021-SHIFT-A,870.0,435.0,2,1740.0,1740.0,1740.0,M-FRAME-JIG-001#02=300.684,FRAME_TECHNICIAN#02=300.684,300.684,1439.316,17.2807,17.2807,17.2807,17.2807,17.2807,17.2807,WORKSTATION,569.316,300.684,300.684,0.0,0.0,5.0114,0.0,5.0114,14.5,34.5614,34.5614,FINITE_CAPACITY_FEASIBLE,0.0,0.0,9.4886,75.9088,True,PHASE4_STEP8F_FINITE_CAPACITY_SCHEDULE_ALTERNATIVES,True
PHASE4-MPS-20260721170405,ALT-BASELINE,PSC-SKU-BIKE-MT-001-20260928,MT-OP-020,SEG-ALT-BASELINE-PSC-SKU-BIKE-MT-001-20260928-MT-OP-020-01;SEG-ALT-BASELINE-PSC-SKU-BIKE-MT-001-20260928-MT-OP-020-02,WS-FORK-SUSP,M-FORK-BENCH-001,SUSPENSION_TECHNICIAN,2026-09-14,2026-09-14,SHIFT-A,2026-09-14,SHIFT-A,WIN-20260914-SHIFT-A;WIN-20260915-SHIFT-A,870.0,435.0,2,1740.0,1740.0,1740.0,M-FORK-BENCH-001#02=368.826,SUSPENSION_TECHNICIAN#02=368.826,368.826,1371.174,21.1969,21.1969,21.1969,21.1969,21.1969,21.1969,WORKSTATION,501.174,368.826,368.826,0.0,0.0,6.1471,0.0,6.1471,14.5,42.3938,42.3938,FINITE_CAPACITY_FEASIBLE,0.0,0.0,8.3529,66.8232,True,PHASE4_STEP8F_FINITE_CAPACITY_SCHEDULE_ALTERNATIVES,True
PHASE4-MPS-20260721170405,ALT-BASELINE,PSC-SKU-BIKE-MT-001-20260928,MT-OP-030,SEG-ALT-BASELINE-PSC-SKU-BIKE-MT-001-20260928-MT-OP-030-01;SEG-ALT-BASELINE-PSC-SKU-BIKE-MT-001-20260928-MT-OP-030-02,WS-WHEEL-SUB,M-WHEEL-TRUE-001,WHEEL_ASSEMBLY_TECHNICIAN,2026-09-14,2026-09-14,SHIFT-A,2026-09-14,SHIFT-A,WIN-20260914-SHIFT-A;WIN-20260915-SHIFT-A,870.0,435.0,3,2610.0,2610.0,2610.0,M-WHEEL-TRUE-001#02=370.338,WHEEL_ASSEMBLY_TECHNICIAN#02=370.338,370.338,2239.662,14.1892,14.1892,14.1892,14.1892,14.1892,14.1892,WORKSTATION,499.662,370.338,370.338,0.0,0.0,6.1723,0.0,6.1723,14.5,42.5676,42.5676,FINITE_CAPACITY_FEASIBLE,0.0,0.0,8.3277,66.6216,True,PHASE4_STEP8F_FINITE_CAPACITY_SCHEDULE_ALTERNATIVES,True
PHASE4-MPS-20260721170405,ALT-BASELINE,PSC-SKU-BIKE-MT-001-20260928,MT-OP-040,SEG-ALT-BASELINE-PSC-SKU-BIKE-MT-001-20260928-MT-OP-040-01;SEG-ALT-BASELINE-PSC-SKU-BIKE-MT-001-20260928-MT-OP-040-02,WS-BRAKE-SUB,M-BRAKE-BENCH-001,BRAKE_ASSEMBLY_TECHNICIAN,2026-09-14,2026-09-14,SHIFT-A,2026-09-14,SHIFT-A,WIN-20260914-SHIFT-A;WIN-20260915-SHIFT-A,870.0,435.0,2,1740.0,1740.0,1740.0,M-BRAKE-BENCH-001#02=280.098,BRAKE_ASSEMBLY_TECHNICIAN#02=280.098,280.098,1459.902,16.0976,16.0976,16.0976,16.0976,16.0976,16.0976,WORKSTATION,589.902,280.098,280.098,0.0,0.0,4.6683,0.0,4.6683,14.5,32.1952,32.1952,FINITE_CAPACITY_FEASIBLE,0.0,0.0,9.8317,78.6536,True,PHASE4_STEP8F_FINITE_CAPACITY_SCHEDULE_ALTERNATIVES,True
PHASE4-MPS-20260721170405,ALT-BASELINE,PSC-SKU-BIKE-MT-001-20260928,MT-OP-050,SEG-ALT-BASELINE-PSC-SKU-BIKE-MT-001-20260928-MT-OP-050-01,WS-FINAL-ASM,M-FINAL-STAND-001,FINAL_ASSEMBLY_OPERATOR,2026-09-30,2026-09-30,SHIFT-A,2026-09-30,SHIFT-A,WIN-20260930-SHIFT-A,435.0,435.0,1,435.0,435.0,435.0,M-FINAL-STAND-001#01=15.7083,FINAL_ASSEMBLY_OPERATOR#01=15.7083,15.7083,419.2917,3.6111,3.6111,3.6111,3.6111,3.6111,3.6111,WORKSTATION,419.2917,599.34,15.7083,0.0,583.6317,9.989,0.0,9.989,7.25,3.6111,58.8177,FINITE_CAPACITY_PARTIAL_QUANTITY,9.7272,1361.8072,6.9882,55.9056,True,PHASE4_STEP8F_FINITE_CAPACITY_SCHEDULE_ALTERNATIVES,True
PHASE4-MPS-20260721170405,ALT-BASELINE,PSC-SKU-BIKE-MT-001-20260928,MT-OP-060,,WS-QC,M-QC-TOOLS-001,QUALITY_INSPECTOR,,,,,,,0.0,435.0,1,435.0,435.0,435.0,,,0.0,435.0,0.0,0.0,0.0,0.0,0.0,0.0,WORKSTATION,0.0,257.228,0.0,0.0,257.228,4.1538,0.1333,4.2871,0.0,0.0,24.1243,FINITE_CAPACITY_BLOCKED,4.2871,600.1987,0.0,0.0,True,PHASE4_STEP8F_FINITE_CAPACITY_SCHEDULE_ALTERNATIVES,True
PHASE4-MPS-20260721170405,ALT-BASELINE,PSC-SKU-BIKE-MT-001-20260928,MT-OP-070,,WS-PACK,M-PACK-BENCH-001,PACKAGING_OPERATOR,,,,,,,0.0,435.0,1,435.0,435.0,435.0,,,0.0,435.0,0.0,0.0,0.0,0.0,0.0,0.0,WORKSTATION,0.0,0.0,0.0,0.0,0.0,0.0,0.0,0.0,0.0,0.0,18.9323,FINITE_CAPACITY_BLOCKED,0.0,0.0,0.0,0.0,True,PHASE4_STEP8F_FINITE_CAPACITY_SCHEDULE_ALTERNATIVES,True
PHASE4-MPS-20260721170405,ALT-BASELINE,PSC-SKU-BIKE-ROAD-001-20260928,ROAD-OP-010,SEG-ALT-BASELINE-PSC-SKU-BIKE-ROAD-001-20260928-ROAD-OP-010-01;SEG-ALT-BASELINE-PSC-SKU-BIKE-ROAD-001-20260928-ROAD-OP-010-02,WS-FRAME-PREP,M-FRAME-JIG-001,FRAME_TECHNICIAN,2026-10-12,2026-10-12,SHIFT-A,2026-10-12,SHIFT-A,WIN-20261012-SHIFT-A;WIN-20261013-SHIFT-A,870.0,435.0,2,1740.0,1740.0,1740.0,M-FRAME-JIG-001#02=347.802,FRAME_TECHNICIAN#02=347.802,347.802,1392.198,19.9886,19.9886,19.9886,19.9886,19.9886,19.9886,WORKSTATION,522.198,347.802,347.802,0.0,0.0,5.4967,0.3,5.7967,14.5,39.9772,39.9772,FINITE_CAPACITY_FEASIBLE,0.0,0.0,8.7033,69.6264,True,PHASE4_STEP8F_FINITE_CAPACITY_SCHEDULE_ALTERNATIVES,True
PHASE4-MPS-20260721170405,ALT-BASELINE,PSC-SKU-BIKE-ROAD-001-20260928,ROAD-OP-020,SEG-ALT-BASELINE-PSC-SKU-BIKE-ROAD-001-20260928-ROAD-OP-020-01;SEG-ALT-BASELINE-PSC-SKU-BIKE-ROAD-001-20260928-ROAD-OP-020-02,WS-WHEEL-SUB,M-WHEEL-TRUE-001,WHEEL_ASSEMBLY_TECHNICIAN,2026-09-22,2026-09-22,SHIFT-A,2026-09-22,SHIFT-A,WIN-20260922-SHIFT-A;WIN-20260923-SHIFT-A,870.0,435.0,3,2610.0,2610.0,2610.0,M-WHEEL-TRUE-001#02=424.93,WHEEL_ASSEMBLY_TECHNICIAN#02=424.93,424.93,2185.07,16.2808,16.2808,16.2808,16.2808,16.2808,16.2808,WORKSTATION,445.07,424.93,424.93,0.0,0.0,6.9155,0.1667,7.0822,14.5,48.8425,48.8425,FINITE_CAPACITY_FEASIBLE,0.0,0.0,7.4178,59.3427,True,PHASE4_STEP8F_FINITE_CAPACITY_SCHEDULE_ALTERNATIVES,True
PHASE4-MPS-20260721170405,ALT-BASELINE,PSC-SKU-BIKE-ROAD-001-20260928,ROAD-OP-030,SEG-ALT-BASELINE-PSC-SKU-BIKE-ROAD-001-20260928-ROAD-OP-030-01;SEG-ALT-BASELINE-PSC-SKU-BIKE-ROAD-001-20260928-ROAD-OP-030-02,WS-BRAKE-SUB,M-BRAKE-BENCH-001,BRAKE_ASSEMBLY_TECHNICIAN,2026-09-22,2026-09-22,SHIFT-A,2026-09-22,SHIFT-A,WIN-20260922-SHIFT-A;WIN-20260923-SHIFT-A,870.0,435.0,2,1740.0,1740.0,1740.0,M-BRAKE-BENCH-001#02=315.798,BRAKE_ASSEMBLY_TECHNICIAN#02=315.798,315.798,1424.202,18.1493,18.1493,18.1493,18.1493,18.1493,18.1493,WORKSTATION,554.202,315.798,315.798,0.0,0.0,5.0633,0.2,5.2633,14.5,36.2986,36.2986,FINITE_CAPACITY_FEASIBLE,0.0,0.0,9.2367,73.8936,True,PHASE4_STEP8F_FINITE_CAPACITY_SCHEDULE_ALTERNATIVES,True
PHASE4-MPS-20260721170405,ALT-BASELINE,PSC-SKU-BIKE-ROAD-001-20260928,ROAD-OP-040,,WS-FINAL-ASM,M-FINAL-STAND-001,FINAL_ASSEMBLY_OPERATOR,,,,,,,0.0,435.0,1,435.0,435.0,435.0,,,0.0,435.0,0.0,0.0,0.0,0.0,0.0,0.0,WORKSTATION,0.0,666.936,0.0,0.0,666.936,10.7156,0.4,11.1156,0.0,0.0,58.8177,FINITE_CAPACITY_BLOCKED,11.1156,1556.184,0.0,0.0,True,PHASE4_STEP8F_FINITE_CAPACITY_SCHEDULE_ALTERNATIVES,True
PHASE4-MPS-20260721170405,ALT-BASELINE,PSC-SKU-BIKE-ROAD-001-20260928,ROAD-OP-050,,WS-QC,M-QC-TOOLS-001,QUALITY_INSPECTOR,,,,,,,0.0,435.0,1,435.0,435.0,435.0,,,0.0,435.0,0.0,0.0,0.0,0.0,0.0,0.0,WORKSTATION,0.0,0.0,0.0,0.0,0.0,0.0,0.0,0.0,0.0,0.0,24.1243,FINITE_CAPACITY_BLOCKED,0.0,0.0,0.0,0.0,True,PHASE4_STEP8F_FINITE_CAPACITY_SCHEDULE_ALTERNATIVES,True
PHASE4-MPS-20260721170405,ALT-BASELINE,PSC-SKU-BIKE-ROAD-001-20260928,ROAD-OP-060,,WS-PACK,M-PACK-BENCH-001,PACKAGING_OPERATOR,,,,,,,0.0,435.0,1,435.0,435.0,435.0,,,0.0,435.0,0.0,0.0,0.0,0.0,0.0,0.0,WORKSTATION,0.0,214.242,0.0,0.0,214.242,3.5707,0.0,3.5707,0.0,0.0,18.9323,FINITE_CAPACITY_BLOCKED,3.5707,499.898,0.0,0.0,True,PHASE4_STEP8F_FINITE_CAPACITY_SCHEDULE_ALTERNATIVES,True
PHASE4-MPS-20260721170405,ALT-BN-CP,PSC-SKU-BIKE-MT-001-20260629,MT-OP-050,,WS-FINAL-ASM,M-FINAL-STAND-001,FINAL_ASSEMBLY_OPERATOR,,,,,,,0.0,435.0,1,435.0,435.0,435.0,,,0.0,435.0,0.0,0.0,0.0,0.0,0.0,0.0,WORKSTATION,0.0,0.0,0.0,0.0,0.0,0.0,0.0,0.0,0.0,0.0,218.4047,FINITE_CAPACITY_BLOCKED,0.0,0.0,0.0,0.0,True,PHASE4_STEP8F_FINITE_CAPACITY_SCHEDULE_ALTERNATIVES,True
PHASE4-MPS-20260721170405,ALT-BN-CP,PSC-SKU-BIKE-ROAD-001-20260928,ROAD-OP-040,SEG-ALT-BN-CP-PSC-SKU-BIKE-ROAD-001-20260928-ROAD-OP-040-01;SEG-ALT-BN-CP-PSC-SKU-BIKE-ROAD-001-20260928-ROAD-OP-040-02,WS-FINAL-ASM,M-FINAL-STAND-001,FINAL_ASSEMBLY_OPERATOR,2026-06-29,2026-06-29,SHIFT-A,2026-06-29,SHIFT-A,WIN-20260629-SHIFT-A;WIN-20260630-SHIFT-A,870.0,435.0,1,870.0,870.0,870.0,M-FINAL-STAND-001#01=642.936,FINAL_ASSEMBLY_OPERATOR#01=642.936,642.936,227.064,73.9007,73.9007,73.9007,73.9007,73.9007,73.9007,WORKSTATION,0.0,642.936,642.936,227.064,0.0,10.7156,0.0,10.7156,14.5,73.9007,73.9007,FINITE_CAPACITY_FEASIBLE,0.0,0.0,0.0,0.0,True,PHASE4_STEP8F_FINITE_CAPACITY_SCHEDULE_ALTERNATIVES,True
PHASE4-MPS-20260721170405,ALT-BN-CP,PSC-SKU-BIKE-MT-001-20260928,MT-OP-050,,WS-FINAL-ASM,M-FINAL-STAND-001,FINAL_ASSEMBLY_OPERATOR,,,,,,,0.0,435.0,1,435.0,435.0,435.0,,,0.0,435.0,0.0,0.0,0.0,0.0,0.0,0.0,WORKSTATION,0.0,0.0,0.0,0.0,0.0,0.0,0.0,0.0,0.0,0.0,58.8177,FINITE_CAPACITY_BLOCKED,0.0,0.0,0.0,0.0,True,PHASE4_STEP8F_FINITE_CAPACITY_SCHEDULE_ALTERNATIVES,True
PHASE4-MPS-20260721170405,ALT-BN-CP,PSC-SKU-BIKE-MT-001-20260629,MT-OP-010,SEG-ALT-BN-CP-PSC-SKU-BIKE-MT-001-20260629-MT-OP-010-01;SEG-ALT-BN-CP-PSC-SKU-BIKE-MT-001-20260629-MT-OP-010-02;SEG-ALT-BN-CP-PSC-SKU-BIKE-MT-001-20260629-MT-OP-010-03,WS-FRAME-PREP,M-FRAME-JIG-001,FRAME_TECHNICIAN,2026-06-29,2026-06-29,SHIFT-A,2026-06-29,SHIFT-A,WIN-20260629-SHIFT-A;WIN-20260630-SHIFT-A;WIN-20260701-SHIFT-A,1305.0,435.0,2,2610.0,2610.0,2610.0,M-FRAME-JIG-001#01=1147.944,FRAME_TECHNICIAN#01=1147.944,1147.944,1462.056,43.9825,43.9825,43.9825,43.9825,43.9825,43.9825,WORKSTATION,0.0,1147.944,1147.944,157.056,0.0,19.1324,0.0,19.1324,21.75,87.9651,111.2409,FINITE_CAPACITY_FEASIBLE,0.0,0.0,0.0,0.0,True,PHASE4_STEP8F_FINITE_CAPACITY_SCHEDULE_ALTERNATIVES,True
PHASE4-MPS-20260721170405,ALT-BN-CP,PSC-SKU-BIKE-ROAD-001-20260629,ROAD-OP-010,SEG-ALT-BN-CP-PSC-SKU-BIKE-ROAD-001-20260629-ROAD-OP-010-01;SEG-ALT-BN-CP-PSC-SKU-BIKE-ROAD-001-20260629-ROAD-OP-010-02;SEG-ALT-BN-CP-PSC-SKU-BIKE-ROAD-001-20260629-ROAD-OP-010-03,WS-FRAME-PREP,M-FRAME-JIG-001,FRAME_TECHNICIAN,2026-06-29,2026-06-29,SHIFT-A,2026-06-29,SHIFT-A,WIN-20260629-SHIFT-A;WIN-20260630-SHIFT-A;WIN-20260701-SHIFT-A,1305.0,435.0,2,2610.0,2610.0,2610.0,M-FRAME-JIG-001#02=1271.982,FRAME_TECHNICIAN#02=1271.982,1271.982,1338.018,48.7349,48.7349,48.7349,48.7349,48.7349,48.7349,WORKSTATION,33.018,1271.982,1271.982,0.0,0.0,20.8997,0.3,21.1997,21.75,97.4699,111.2409,FINITE_CAPACITY_FEASIBLE,0.0,0.0,0.0,0.0,True,PHASE4_STEP8F_FINITE_CAPACITY_SCHEDULE_ALTERNATIVES,True
PHASE4-MPS-20260721170405,ALT-BN-CP,PSC-SKU-BIKE-ROAD-001-20260629,ROAD-OP-020,SEG-ALT-BN-CP-PSC-SKU-BIKE-ROAD-001-20260629-ROAD-OP-020-01;SEG-ALT-BN-CP-PSC-SKU-BIKE-ROAD-001-20260629-ROAD-OP-020-02;SEG-ALT-BN-CP-PSC-SKU-BIKE-ROAD-001-20260629-ROAD-OP-020-03;SEG-ALT-BN-CP-PSC-SKU-BIKE-ROAD-001-20260629-ROAD-OP-020-04;SEG-ALT-BN-CP-PSC-SKU-BIKE-ROAD-001-20260629-ROAD-OP-020-05,WS-WHEEL-SUB,M-WHEEL-TRUE-001,WHEEL_ASSEMBLY_TECHNICIAN,2026-07-01,2026-07-01,SHIFT-A,2026-07-01,SHIFT-A,WIN-20260701-SHIFT-A;WIN-20260702-SHIFT-A;WIN-20260703-SHIFT-A;WIN-20260706-SHIFT-A;WIN-20260707-SHIFT-A,2175.0,435.0,3,6525.0,6525.0,6525.0,M-WHEEL-TRUE-001#01=1577.664,WHEEL_ASSEMBLY_TECHNICIAN#01=1577.664,1577.664,4947.336,24.1788,24.1788,24.1788,24.1788,24.1788,24.1788,WORKSTATION,401.982,1577.664,1577.664,195.354,0.0,26.2944,0.0,26.2944,36.25,72.5363,138.0477,FINITE_CAPACITY_FEASIBLE,0.0,0.0,0.0,0.0,True,PHASE4_STEP8F_FINITE_CAPACITY_SCHEDULE_ALTERNATIVES,True
PHASE4-MPS-20260721170405,ALT-BN-CP,PSC-SKU-BIKE-MT-001-20260629,MT-OP-030,SEG-ALT-BN-CP-PSC-SKU-BIKE-MT-001-20260629-MT-OP-030-01;SEG-ALT-BN-CP-PSC-SKU-BIKE-MT-001-20260629-MT-OP-030-02;SEG-ALT-BN-CP-PSC-SKU-BIKE-MT-001-20260629-MT-OP-030-03;SEG-ALT-BN-CP-PSC-SKU-BIKE-MT-001-20260629-MT-OP-030-04,WS-WHEEL-SUB,M-WHEEL-TRUE-001,WHEEL_ASSEMBLY_TECHNICIAN,2026-07-01,2026-07-01,SHIFT-A,2026-07-01,SHIFT-A,WIN-20260701-SHIFT-A;WIN-20260702-SHIFT-A;WIN-20260703-SHIFT-A;WIN-20260706-SHIFT-A,1740.0,435.0,3,5220.0,5220.0,5220.0,M-WHEEL-TRUE-001#02=1423.87,WHEEL_ASSEMBLY_TECHNICIAN#02=1423.87,1423.87,3796.13,27.2772,27.2772,27.2772,27.2772,27.2772,27.2772,WORKSTATION,316.13,1423.87,1423.87,0.0,0.0,23.5645,0.1667,23.7312,29.0,81.8316,138.0477,FINITE_CAPACITY_FEASIBLE,0.0,0.0,0.0,0.0,True,PHASE4_STEP8F_FINITE_CAPACITY_SCHEDULE_ALTERNATIVES,True
PHASE4-MPS-20260721170405,ALT-BN-CP,PSC-SKU-BIKE-MT-001-20260706,MT-OP-010,SEG-ALT-BN-CP-PSC-SKU-BIKE-MT-001-20260706-MT-OP-010-01;SEG-ALT-BN-CP-PSC-SKU-BIKE-MT-001-20260706-MT-OP-010-02;SEG-ALT-BN-CP-PSC-SKU-BIKE-MT-001-20260706-MT-OP-010-03,WS-FRAME-PREP,M-FRAME-JIG-001,FRAME_TECHNICIAN,2026-07-06,2026-07-06,SHIFT-A,2026-07-06,SHIFT-A,WIN-20260706-SHIFT-A;WIN-20260707-SHIFT-A;WIN-20260708-SHIFT-A,1305.0,435.0,2,2610.0,2610.0,2610.0,M-FRAME-JIG-001#01=1057.579,FRAME_TECHNICIAN#01=1057.579,1057.579,1552.421,40.5203,40.5203,40.5203,40.5203,40.5203,40.5203,WORKSTATION,0.0,1057.579,1057.579,247.421,0.0,17.3263,0.3,17.6263,21.75,81.0405,202.2771,FINITE_CAPACITY_FEASIBLE,0.0,0.0001,0.0,0.0,True,PHASE4_STEP8F_FINITE_CAPACITY_SCHEDULE_ALTERNATIVES,True
PHASE4-MPS-20260721170405,ALT-BN-CP,PSC-SKU-BIKE-ROAD-001-20260706,ROAD-OP-010,SEG-ALT-BN-CP-PSC-SKU-BIKE-ROAD-001-20260706-ROAD-OP-010-01;SEG-ALT-BN-CP-PSC-SKU-BIKE-ROAD-001-20260706-ROAD-OP-010-02,WS-FRAME-PREP,M-FRAME-JIG-001,FRAME_TECHNICIAN,2026-07-06,2026-07-06,SHIFT-A,2026-07-06,SHIFT-A,WIN-20260706-SHIFT-A;WIN-20260707-SHIFT-A,870.0,435.0,2,1740.0,1740.0,1740.0,M-FRAME-JIG-001#02=621.7853,FRAME_TECHNICIAN#02=621.7853,621.7853,1118.2147,35.7348,35.7348,35.7348,35.7348,35.7348,35.7348,WORKSTATION,248.2147,621.7853,621.7853,0.0,0.0,10.0631,0.3,10.3631,14.5,71.4696,202.2771,FINITE_CAPACITY_FEASIBLE,0.0,0.0,0.0,0.0,True,PHASE4_STEP8F_FINITE_CAPACITY_SCHEDULE_ALTERNATIVES,True
PHASE4-MPS-20260721170405,ALT-BN-CP,PSC-SKU-BIKE-ROAD-001-20260706,ROAD-OP-020,SEG-ALT-BN-CP-PSC-SKU-BIKE-ROAD-001-20260706-ROAD-OP-020-01;SEG-ALT-BN-CP-PSC-SKU-BIKE-ROAD-001-20260706-ROAD-OP-020-02;SEG-ALT-BN-CP-PSC-SKU-BIKE-ROAD-001-20260706-ROAD-OP-020-03,WS-WHEEL-SUB,M-WHEEL-TRUE-001,WHEEL_ASSEMBLY_TECHNICIAN,2026-07-07,2026-07-07,SHIFT-A,2026-07-07,SHIFT-A,WIN-20260707-SHIFT-A;WIN-20260708-SHIFT-A;WIN-20260709-SHIFT-A,1305.0,435.0,3,3915.0,3915.0,3915.0,M-WHEEL-TRUE-001#02=769.6358,WHEEL_ASSEMBLY_TECHNICIAN#02=769.6358,769.6358,3145.3642,19.6586,19.6586,19.6586,19.6586,19.6586,19.6586,WORKSTATION,186.7853,769.6358,769.6358,348.5789,0.0,12.6606,0.1667,12.8273,21.75,58.9759,252.058,FINITE_CAPACITY_FEASIBLE,0.0,0.0001,0.0,0.0,True,PHASE4_STEP8F_FINITE_CAPACITY_SCHEDULE_ALTERNATIVES,True
PHASE4-MPS-20260721170405,ALT-BN-CP,PSC-SKU-BIKE-MT-001-20260706,MT-OP-030,SEG-ALT-BN-CP-PSC-SKU-BIKE-MT-001-20260706-MT-OP-030-01;SEG-ALT-BN-CP-PSC-SKU-BIKE-MT-001-20260706-MT-OP-030-02;SEG-ALT-BN-CP-PSC-SKU-BIKE-MT-001-20260706-MT-OP-030-03;SEG-ALT-BN-CP-PSC-SKU-BIKE-MT-001-20260706-MT-OP-030-04,WS-WHEEL-SUB,M-WHEEL-TRUE-001,WHEEL_ASSEMBLY_TECHNICIAN,2026-07-08,2026-07-08,SHIFT-A,2026-07-08,SHIFT-A,WIN-20260708-SHIFT-A;WIN-20260709-SHIFT-A;WIN-20260710-SHIFT-A;WIN-20260713-SHIFT-A,1740.0,435.0,3,5220.0,5220.0,5220.0,M-WHEEL-TRUE-001#01=1122.0109,WHEEL_ASSEMBLY_TECHNICIAN#01=1122.0109,1122.0109,4097.9891,21.4945,21.4945,21.4945,21.4945,21.4945,21.4945,WORKSTATION,187.579,1122.0109,1122.0109,430.4102,0.0,18.5335,0.1667,18.7002,29.0,64.4834,252.058,FINITE_CAPACITY_FEASIBLE,0.0,0.0,0.0,0.0,True,PHASE4_STEP8F_FINITE_CAPACITY_SCHEDULE_ALTERNATIVES,True
PHASE4-MPS-20260721170405,ALT-BN-CP,PSC-SKU-BIKE-MT-001-20260713,MT-OP-010,,WS-FRAME-PREP,M-FRAME-JIG-001,FRAME_TECHNICIAN,,,,,,,0.0,435.0,2,870.0,870.0,870.0,,,0.0,870.0,0.0,0.0,0.0,0.0,0.0,0.0,WORKSTATION,0.0,0.0,0.0,0.0,0.0,0.0,0.3,0.0,0.0,0.0,202.7045,FINITE_CAPACITY_BLOCKED,0.0,0.0,0.0,0.0,True,PHASE4_STEP8F_FINITE_CAPACITY_SCHEDULE_ALTERNATIVES,True
PHASE4-MPS-20260721170405,ALT-BN-CP,PSC-SKU-BIKE-ROAD-001-20260713,ROAD-OP-010,,WS-FRAME-PREP,M-FRAME-JIG-001,FRAME_TECHNICIAN,,,,,,,0.0,435.0,2,870.0,870.0,870.0,,,0.0,870.0,0.0,0.0,0.0,0.0,0.0,0.0,WORKSTATION,0.0,0.0,0.0,0.0,0.0,0.0,0.0,0.0,0.0,0.0,202.7045,FINITE_CAPACITY_BLOCKED,0.0,0.0,0.0,0.0,True,PHASE4_STEP8F_FINITE_CAPACITY_SCHEDULE_ALTERNATIVES,True
PHASE4-MPS-20260721170405,ALT-BN-CP,PSC-SKU-BIKE-ROAD-001-20260713,ROAD-OP-020,,WS-WHEEL-SUB,M-WHEEL-TRUE-001,WHEEL_ASSEMBLY_TECHNICIAN,,,,,,,0.0,435.0,3,1305.0,1305.0,1305.0,,,0.0,1305.0,0.0,0.0,0.0,0.0,0.0,0.0,WORKSTATION,0.0,0.0,0.0,0.0,0.0,0.0,0.0,0.0,0.0,0.0,252.5983,FINITE_CAPACITY_BLOCKED,0.0,0.0,0.0,0.0,True,PHASE4_STEP8F_FINITE_CAPACITY_SCHEDULE_ALTERNATIVES,True
PHASE4-MPS-20260721170405,ALT-BN-CP,PSC-SKU-BIKE-MT-001-20260713,MT-OP-030,SEG-ALT-BN-CP-PSC-SKU-BIKE-MT-001-20260713-MT-OP-030-01,WS-WHEEL-SUB,M-WHEEL-TRUE-001,WHEEL_ASSEMBLY_TECHNICIAN,2026-07-08,2026-07-08,SHIFT-A,2026-07-08,SHIFT-A,WIN-20260708-SHIFT-A,435.0,435.0,3,1305.0,1305.0,1305.0,M-WHEEL-TRUE-001#03=168.3921,WHEEL_ASSEMBLY_TECHNICIAN#03=168.3921,168.3921,1136.6079,12.9036,12.9036,12.9036,12.9036,12.9036,12.9036,WORKSTATION,266.6079,168.3921,168.3921,0.0,0.0,2.8065,0.0,2.8065,7.25,38.7108,252.5983,FINITE_CAPACITY_FEASIBLE,0.0,0.0,4.4435,35.5477,True,PHASE4_STEP8F_FINITE_CAPACITY_SCHEDULE_ALTERNATIVES,True
PHASE4-MPS-20260721170405,ALT-BN-CP,PSC-SKU-BIKE-ROAD-001-20260720,ROAD-OP-010,,WS-FRAME-PREP,M-FRAME-JIG-001,FRAME_TECHNICIAN,,,,,,,0.0,435.0,2,870.0,870.0,870.0,,,0.0,870.0,0.0,0.0,0.0,0.0,0.0,0.0,WORKSTATION,0.0,0.0,0.0,0.0,0.0,0.0,0.0,0.0,0.0,0.0,202.7045,FINITE_CAPACITY_BLOCKED,0.0,0.0,0.0,0.0,True,PHASE4_STEP8F_FINITE_CAPACITY_SCHEDULE_ALTERNATIVES,True
PHASE4-MPS-20260721170405,ALT-BN-CP,PSC-SKU-BIKE-MT-001-20260720,MT-OP-010,,WS-FRAME-PREP,M-FRAME-JIG-001,FRAME_TECHNICIAN,,,,,,,0.0,435.0,2,870.0,870.0,870.0,,,0.0,870.0,0.0,0.0,0.0,0.0,0.0,0.0,WORKSTATION,0.0,0.0,0.0,0.0,0.0,0.0,0.3,0.0,0.0,0.0,202.7045,FINITE_CAPACITY_BLOCKED,0.0,0.0,0.0,0.0,True,PHASE4_STEP8F_FINITE_CAPACITY_SCHEDULE_ALTERNATIVES,True
PHASE4-MPS-20260721170405,ALT-BN-CP,PSC-SKU-BIKE-ROAD-001-20260720,ROAD-OP-020,,WS-WHEEL-SUB,M-WHEEL-TRUE-001,WHEEL_ASSEMBLY_TECHNICIAN,,,,,,,0.0,435.0,3,1305.0,1305.0,1305.0,,,0.0,1305.0,0.0,0.0,0.0,0.0,0.0,0.0,WORKSTATION,0.0,0.0,0.0,0.0,0.0,0.0,0.0,0.0,0.0,0.0,252.5983,FINITE_CAPACITY_BLOCKED,0.0,0.0,0.0,0.0,True,PHASE4_STEP8F_FINITE_CAPACITY_SCHEDULE_ALTERNATIVES,True
PHASE4-MPS-20260721170405,ALT-BN-CP,PSC-SKU-BIKE-MT-001-20260720,MT-OP-030,,WS-WHEEL-SUB,M-WHEEL-TRUE-001,WHEEL_ASSEMBLY_TECHNICIAN,,,,,,,0.0,435.0,3,1305.0,1305.0,1305.0,,,0.0,1305.0,0.0,0.0,0.0,0.0,0.0,0.0,WORKSTATION,0.0,0.0,0.0,0.0,0.0,0.0,0.0,0.0,0.0,0.0,252.5983,FINITE_CAPACITY_BLOCKED,0.0,0.0,0.0,0.0,True,PHASE4_STEP8F_FINITE_CAPACITY_SCHEDULE_ALTERNATIVES,True
PHASE4-MPS-20260721170405,ALT-BN-CP,PSC-SKU-BIKE-ROAD-001-20260727,ROAD-OP-010,,WS-FRAME-PREP,M-FRAME-JIG-001,FRAME_TECHNICIAN,,,,,,,0.0,435.0,2,870.0,870.0,870.0,,,0.0,870.0,0.0,0.0,0.0,0.0,0.0,0.0,WORKSTATION,0.0,0.0,0.0,0.0,0.0,0.0,0.0,0.0,0.0,0.0,202.7045,FINITE_CAPACITY_BLOCKED,0.0,0.0,0.0,0.0,True,PHASE4_STEP8F_FINITE_CAPACITY_SCHEDULE_ALTERNATIVES,True
PHASE4-MPS-20260721170405,ALT-BN-CP,PSC-SKU-BIKE-MT-001-20260727,MT-OP-010,,WS-FRAME-PREP,M-FRAME-JIG-001,FRAME_TECHNICIAN,,,,,,,0.0,435.0,2,870.0,870.0,870.0,,,0.0,870.0,0.0,0.0,0.0,0.0,0.0,0.0,WORKSTATION,0.0,0.0,0.0,0.0,0.0,0.0,0.3,0.0,0.0,0.0,202.7045,FINITE_CAPACITY_BLOCKED,0.0,0.0,0.0,0.0,True,PHASE4_STEP8F_FINITE_CAPACITY_SCHEDULE_ALTERNATIVES,True
PHASE4-MPS-20260721170405,ALT-BN-CP,PSC-SKU-BIKE-ROAD-001-20260727,ROAD-OP-020,,WS-WHEEL-SUB,M-WHEEL-TRUE-001,WHEEL_ASSEMBLY_TECHNICIAN,,,,,,,0.0,435.0,3,1305.0,1305.0,1305.0,,,0.0,1305.0,0.0,0.0,0.0,0.0,0.0,0.0,WORKSTATION,0.0,0.0,0.0,0.0,0.0,0.0,0.0,0.0,0.0,0.0,252.5983,FINITE_CAPACITY_BLOCKED,0.0,0.0,0.0,0.0,True,PHASE4_STEP8F_FINITE_CAPACITY_SCHEDULE_ALTERNATIVES,True
PHASE4-MPS-20260721170405,ALT-BN-CP,PSC-SKU-BIKE-MT-001-20260727,MT-OP-030,,WS-WHEEL-SUB,M-WHEEL-TRUE-001,WHEEL_ASSEMBLY_TECHNICIAN,,,,,,,0.0,435.0,3,1305.0,1305.0,1305.0,,,0.0,1305.0,0.0,0.0,0.0,0.0,0.0,0.0,WORKSTATION,0.0,0.0,0.0,0.0,0.0,0.0,0.0,0.0,0.0,0.0,252.5983,FINITE_CAPACITY_BLOCKED,0.0,0.0,0.0,0.0,True,PHASE4_STEP8F_FINITE_CAPACITY_SCHEDULE_ALTERNATIVES,True
PHASE4-MPS-20260721170405,ALT-BN-CP,PSC-SKU-BIKE-MT-001-20260803,MT-OP-010,,WS-FRAME-PREP,M-FRAME-JIG-001,FRAME_TECHNICIAN,,,,,,,0.0,435.0,2,870.0,870.0,870.0,,,0.0,870.0,0.0,0.0,0.0,0.0,0.0,0.0,WORKSTATION,0.0,0.0,0.0,0.0,0.0,0.0,0.3,0.0,0.0,0.0,202.7045,FINITE_CAPACITY_BLOCKED,0.0,0.0,0.0,0.0,True,PHASE4_STEP8F_FINITE_CAPACITY_SCHEDULE_ALTERNATIVES,True
PHASE4-MPS-20260721170405,ALT-BN-CP,PSC-SKU-BIKE-ROAD-001-20260803,ROAD-OP-010,,WS-FRAME-PREP,M-FRAME-JIG-001,FRAME_TECHNICIAN,,,,,,,0.0,435.0,2,870.0,870.0,870.0,,,0.0,870.0,0.0,0.0,0.0,0.0,0.0,0.0,WORKSTATION,0.0,0.0,0.0,0.0,0.0,0.0,0.0,0.0,0.0,0.0,202.7045,FINITE_CAPACITY_BLOCKED,0.0,0.0,0.0,0.0,True,PHASE4_STEP8F_FINITE_CAPACITY_SCHEDULE_ALTERNATIVES,True
PHASE4-MPS-20260721170405,ALT-BN-CP,PSC-SKU-BIKE-ROAD-001-20260803,ROAD-OP-020,,WS-WHEEL-SUB,M-WHEEL-TRUE-001,WHEEL_ASSEMBLY_TECHNICIAN,,,,,,,0.0,435.0,3,1305.0,1305.0,1305.0,,,0.0,1305.0,0.0,0.0,0.0,0.0,0.0,0.0,WORKSTATION,0.0,0.0,0.0,0.0,0.0,0.0,0.0,0.0,0.0,0.0,252.5983,FINITE_CAPACITY_BLOCKED,0.0,0.0,0.0,0.0,True,PHASE4_STEP8F_FINITE_CAPACITY_SCHEDULE_ALTERNATIVES,True
PHASE4-MPS-20260721170405,ALT-BN-CP,PSC-SKU-BIKE-MT-001-20260803,MT-OP-030,,WS-WHEEL-SUB,M-WHEEL-TRUE-001,WHEEL_ASSEMBLY_TECHNICIAN,,,,,,,0.0,435.0,3,1305.0,1305.0,1305.0,,,0.0,1305.0,0.0,0.0,0.0,0.0,0.0,0.0,WORKSTATION,0.0,0.0,0.0,0.0,0.0,0.0,0.0,0.0,0.0,0.0,252.5983,FINITE_CAPACITY_BLOCKED,0.0,0.0,0.0,0.0,True,PHASE4_STEP8F_FINITE_CAPACITY_SCHEDULE_ALTERNATIVES,True
PHASE4-MPS-20260721170405,ALT-BN-CP,PSC-SKU-BIKE-MT-001-20260810,MT-OP-010,,WS-FRAME-PREP,M-FRAME-JIG-001,FRAME_TECHNICIAN,,,,,,,0.0,435.0,2,870.0,870.0,870.0,,,0.0,870.0,0.0,0.0,0.0,0.0,0.0,0.0,WORKSTATION,0.0,0.0,0.0,0.0,0.0,0.0,0.3,0.0,0.0,0.0,202.7045,FINITE_CAPACITY_BLOCKED,0.0,0.0,0.0,0.0,True,PHASE4_STEP8F_FINITE_CAPACITY_SCHEDULE_ALTERNATIVES,True
PHASE4-MPS-20260721170405,ALT-BN-CP,PSC-SKU-BIKE-ROAD-001-20260810,ROAD-OP-010,,WS-FRAME-PREP,M-FRAME-JIG-001,FRAME_TECHNICIAN,,,,,,,0.0,435.0,2,870.0,870.0,870.0,,,0.0,870.0,0.0,0.0,0.0,0.0,0.0,0.0,WORKSTATION,0.0,0.0,0.0,0.0,0.0,0.0,0.0,0.0,0.0,0.0,202.7045,FINITE_CAPACITY_BLOCKED,0.0,0.0,0.0,0.0,True,PHASE4_STEP8F_FINITE_CAPACITY_SCHEDULE_ALTERNATIVES,True
PHASE4-MPS-20260721170405,ALT-BN-CP,PSC-SKU-BIKE-ROAD-001-20260810,ROAD-OP-020,,WS-WHEEL-SUB,M-WHEEL-TRUE-001,WHEEL_ASSEMBLY_TECHNICIAN,,,,,,,0.0,435.0,3,1305.0,1305.0,1305.0,,,0.0,1305.0,0.0,0.0,0.0,0.0,0.0,0.0,WORKSTATION,0.0,0.0,0.0,0.0,0.0,0.0,0.0,0.0,0.0,0.0,252.5983,FINITE_CAPACITY_BLOCKED,0.0,0.0,0.0,0.0,True,PHASE4_STEP8F_FINITE_CAPACITY_SCHEDULE_ALTERNATIVES,True
PHASE4-MPS-20260721170405,ALT-BN-CP,PSC-SKU-BIKE-MT-001-20260810,MT-OP-030,,WS-WHEEL-SUB,M-WHEEL-TRUE-001,WHEEL_ASSEMBLY_TECHNICIAN,,,,,,,0.0,435.0,3,1305.0,1305.0,1305.0,,,0.0,1305.0,0.0,0.0,0.0,0.0,0.0,0.0,WORKSTATION,0.0,0.0,0.0,0.0,0.0,0.0,0.0,0.0,0.0,0.0,252.5983,FINITE_CAPACITY_BLOCKED,0.0,0.0,0.0,0.0,True,PHASE4_STEP8F_FINITE_CAPACITY_SCHEDULE_ALTERNATIVES,True
PHASE4-MPS-20260721170405,ALT-BN-CP,PSC-SKU-BIKE-ROAD-001-20260817,ROAD-OP-010,,WS-FRAME-PREP,M-FRAME-JIG-001,FRAME_TECHNICIAN,,,,,,,0.0,435.0,2,870.0,870.0,870.0,,,0.0,870.0,0.0,0.0,0.0,0.0,0.0,0.0,WORKSTATION,0.0,0.0,0.0,0.0,0.0,0.0,0.0,0.0,0.0,0.0,202.7045,FINITE_CAPACITY_BLOCKED,0.0,0.0,0.0,0.0,True,PHASE4_STEP8F_FINITE_CAPACITY_SCHEDULE_ALTERNATIVES,True
PHASE4-MPS-20260721170405,ALT-BN-CP,PSC-SKU-BIKE-MT-001-20260817,MT-OP-010,,WS-FRAME-PREP,M-FRAME-JIG-001,FRAME_TECHNICIAN,,,,,,,0.0,435.0,2,870.0,870.0,870.0,,,0.0,870.0,0.0,0.0,0.0,0.0,0.0,0.0,WORKSTATION,0.0,0.0,0.0,0.0,0.0,0.0,0.3,0.0,0.0,0.0,202.7045,FINITE_CAPACITY_BLOCKED,0.0,0.0,0.0,0.0,True,PHASE4_STEP8F_FINITE_CAPACITY_SCHEDULE_ALTERNATIVES,True
PHASE4-MPS-20260721170405,ALT-BN-CP,PSC-SKU-BIKE-ROAD-001-20260817,ROAD-OP-020,,WS-WHEEL-SUB,M-WHEEL-TRUE-001,WHEEL_ASSEMBLY_TECHNICIAN,,,,,,,0.0,435.0,3,1305.0,1305.0,1305.0,,,0.0,1305.0,0.0,0.0,0.0,0.0,0.0,0.0,WORKSTATION,0.0,0.0,0.0,0.0,0.0,0.0,0.0,0.0,0.0,0.0,252.5983,FINITE_CAPACITY_BLOCKED,0.0,0.0,0.0,0.0,True,PHASE4_STEP8F_FINITE_CAPACITY_SCHEDULE_ALTERNATIVES,True
PHASE4-MPS-20260721170405,ALT-BN-CP,PSC-SKU-BIKE-MT-001-20260817,MT-OP-030,,WS-WHEEL-SUB,M-WHEEL-TRUE-001,WHEEL_ASSEMBLY_TECHNICIAN,,,,,,,0.0,435.0,3,1305.0,1305.0,1305.0,,,0.0,1305.0,0.0,0.0,0.0,0.0,0.0,0.0,WORKSTATION,0.0,0.0,0.0,0.0,0.0,0.0,0.0,0.0,0.0,0.0,252.5983,FINITE_CAPACITY_BLOCKED,0.0,0.0,0.0,0.0,True,PHASE4_STEP8F_FINITE_CAPACITY_SCHEDULE_ALTERNATIVES,True
PHASE4-MPS-20260721170405,ALT-BN-CP,PSC-SKU-BIKE-ROAD-001-20260824,ROAD-OP-010,,WS-FRAME-PREP,M-FRAME-JIG-001,FRAME_TECHNICIAN,,,,,,,0.0,435.0,2,870.0,870.0,870.0,,,0.0,870.0,0.0,0.0,0.0,0.0,0.0,0.0,WORKSTATION,0.0,0.0,0.0,0.0,0.0,0.0,0.0,0.0,0.0,0.0,202.7045,FINITE_CAPACITY_BLOCKED,0.0,0.0,0.0,0.0,True,PHASE4_STEP8F_FINITE_CAPACITY_SCHEDULE_ALTERNATIVES,True
PHASE4-MPS-20260721170405,ALT-BN-CP,PSC-SKU-BIKE-MT-001-20260824,MT-OP-010,,WS-FRAME-PREP,M-FRAME-JIG-001,FRAME_TECHNICIAN,,,,,,,0.0,435.0,2,870.0,870.0,870.0,,,0.0,870.0,0.0,0.0,0.0,0.0,0.0,0.0,WORKSTATION,0.0,0.0,0.0,0.0,0.0,0.0,0.3,0.0,0.0,0.0,202.7045,FINITE_CAPACITY_BLOCKED,0.0,0.0,0.0,0.0,True,PHASE4_STEP8F_FINITE_CAPACITY_SCHEDULE_ALTERNATIVES,True
PHASE4-MPS-20260721170405,ALT-BN-CP,PSC-SKU-BIKE-ROAD-001-20260824,ROAD-OP-020,,WS-WHEEL-SUB,M-WHEEL-TRUE-001,WHEEL_ASSEMBLY_TECHNICIAN,,,,,,,0.0,435.0,3,1305.0,1305.0,1305.0,,,0.0,1305.0,0.0,0.0,0.0,0.0,0.0,0.0,WORKSTATION,0.0,0.0,0.0,0.0,0.0,0.0,0.0,0.0,0.0,0.0,252.5983,FINITE_CAPACITY_BLOCKED,0.0,0.0,0.0,0.0,True,PHASE4_STEP8F_FINITE_CAPACITY_SCHEDULE_ALTERNATIVES,True
PHASE4-MPS-20260721170405,ALT-BN-CP,PSC-SKU-BIKE-MT-001-20260824,MT-OP-030,,WS-WHEEL-SUB,M-WHEEL-TRUE-001,WHEEL_ASSEMBLY_TECHNICIAN,,,,,,,0.0,435.0,3,1305.0,1305.0,1305.0,,,0.0,1305.0,0.0,0.0,0.0,0.0,0.0,0.0,WORKSTATION,0.0,0.0,0.0,0.0,0.0,0.0,0.0,0.0,0.0,0.0,252.5983,FINITE_CAPACITY_BLOCKED,0.0,0.0,0.0,0.0,True,PHASE4_STEP8F_FINITE_CAPACITY_SCHEDULE_ALTERNATIVES,True
PHASE4-MPS-20260721170405,ALT-BN-CP,PSC-SKU-BIKE-ROAD-001-20260831,ROAD-OP-010,,WS-FRAME-PREP,M-FRAME-JIG-001,FRAME_TECHNICIAN,,,,,,,0.0,435.0,2,870.0,870.0,870.0,,,0.0,870.0,0.0,0.0,0.0,0.0,0.0,0.0,WORKSTATION,0.0,0.0,0.0,0.0,0.0,0.0,0.0,0.0,0.0,0.0,202.7045,FINITE_CAPACITY_BLOCKED,0.0,0.0,0.0,0.0,True,PHASE4_STEP8F_FINITE_CAPACITY_SCHEDULE_ALTERNATIVES,True
PHASE4-MPS-20260721170405,ALT-BN-CP,PSC-SKU-BIKE-MT-001-20260831,MT-OP-010,,WS-FRAME-PREP,M-FRAME-JIG-001,FRAME_TECHNICIAN,,,,,,,0.0,435.0,2,870.0,870.0,870.0,,,0.0,870.0,0.0,0.0,0.0,0.0,0.0,0.0,WORKSTATION,0.0,0.0,0.0,0.0,0.0,0.0,0.3,0.0,0.0,0.0,202.7045,FINITE_CAPACITY_BLOCKED,0.0,0.0,0.0,0.0,True,PHASE4_STEP8F_FINITE_CAPACITY_SCHEDULE_ALTERNATIVES,True
PHASE4-MPS-20260721170405,ALT-BN-CP,PSC-SKU-BIKE-ROAD-001-20260831,ROAD-OP-020,,WS-WHEEL-SUB,M-WHEEL-TRUE-001,WHEEL_ASSEMBLY_TECHNICIAN,,,,,,,0.0,435.0,3,1305.0,1305.0,1305.0,,,0.0,1305.0,0.0,0.0,0.0,0.0,0.0,0.0,WORKSTATION,0.0,0.0,0.0,0.0,0.0,0.0,0.0,0.0,0.0,0.0,252.5983,FINITE_CAPACITY_BLOCKED,0.0,0.0,0.0,0.0,True,PHASE4_STEP8F_FINITE_CAPACITY_SCHEDULE_ALTERNATIVES,True
PHASE4-MPS-20260721170405,ALT-BN-CP,PSC-SKU-BIKE-MT-001-20260831,MT-OP-030,,WS-WHEEL-SUB,M-WHEEL-TRUE-001,WHEEL_ASSEMBLY_TECHNICIAN,,,,,,,0.0,435.0,3,1305.0,1305.0,1305.0,,,0.0,1305.0,0.0,0.0,0.0,0.0,0.0,0.0,WORKSTATION,0.0,0.0,0.0,0.0,0.0,0.0,0.0,0.0,0.0,0.0,252.5983,FINITE_CAPACITY_BLOCKED,0.0,0.0,0.0,0.0,True,PHASE4_STEP8F_FINITE_CAPACITY_SCHEDULE_ALTERNATIVES,True
PHASE4-MPS-20260721170405,ALT-BN-CP,PSC-SKU-BIKE-ROAD-001-20260907,ROAD-OP-010,,WS-FRAME-PREP,M-FRAME-JIG-001,FRAME_TECHNICIAN,,,,,,,0.0,435.0,2,870.0,870.0,870.0,,,0.0,870.0,0.0,0.0,0.0,0.0,0.0,0.0,WORKSTATION,0.0,0.0,0.0,0.0,0.0,0.0,0.0,0.0,0.0,0.0,202.7045,FINITE_CAPACITY_BLOCKED,0.0,0.0,0.0,0.0,True,PHASE4_STEP8F_FINITE_CAPACITY_SCHEDULE_ALTERNATIVES,True
PHASE4-MPS-20260721170405,ALT-BN-CP,PSC-SKU-BIKE-MT-001-20260907,MT-OP-010,,WS-FRAME-PREP,M-FRAME-JIG-001,FRAME_TECHNICIAN,,,,,,,0.0,435.0,2,870.0,870.0,870.0,,,0.0,870.0,0.0,0.0,0.0,0.0,0.0,0.0,WORKSTATION,0.0,0.0,0.0,0.0,0.0,0.0,0.3,0.0,0.0,0.0,202.7045,FINITE_CAPACITY_BLOCKED,0.0,0.0,0.0,0.0,True,PHASE4_STEP8F_FINITE_CAPACITY_SCHEDULE_ALTERNATIVES,True
PHASE4-MPS-20260721170405,ALT-BN-CP,PSC-SKU-BIKE-ROAD-001-20260907,ROAD-OP-020,,WS-WHEEL-SUB,M-WHEEL-TRUE-001,WHEEL_ASSEMBLY_TECHNICIAN,,,,,,,0.0,435.0,3,1305.0,1305.0,1305.0,,,0.0,1305.0,0.0,0.0,0.0,0.0,0.0,0.0,WORKSTATION,0.0,0.0,0.0,0.0,0.0,0.0,0.0,0.0,0.0,0.0,252.5983,FINITE_CAPACITY_BLOCKED,0.0,0.0,0.0,0.0,True,PHASE4_STEP8F_FINITE_CAPACITY_SCHEDULE_ALTERNATIVES,True
PHASE4-MPS-20260721170405,ALT-BN-CP,PSC-SKU-BIKE-MT-001-20260907,MT-OP-030,,WS-WHEEL-SUB,M-WHEEL-TRUE-001,WHEEL_ASSEMBLY_TECHNICIAN,,,,,,,0.0,435.0,3,1305.0,1305.0,1305.0,,,0.0,1305.0,0.0,0.0,0.0,0.0,0.0,0.0,WORKSTATION,0.0,0.0,0.0,0.0,0.0,0.0,0.0,0.0,0.0,0.0,252.5983,FINITE_CAPACITY_BLOCKED,0.0,0.0,0.0,0.0,True,PHASE4_STEP8F_FINITE_CAPACITY_SCHEDULE_ALTERNATIVES,True
PHASE4-MPS-20260721170405,ALT-BN-CP,PSC-SKU-BIKE-ROAD-001-20260914,ROAD-OP-010,,WS-FRAME-PREP,M-FRAME-JIG-001,FRAME_TECHNICIAN,,,,,,,0.0,435.0,2,870.0,870.0,870.0,,,0.0,870.0,0.0,0.0,0.0,0.0,0.0,0.0,WORKSTATION,0.0,0.0,0.0,0.0,0.0,0.0,0.0,0.0,0.0,0.0,202.7045,FINITE_CAPACITY_BLOCKED,0.0,0.0,0.0,0.0,True,PHASE4_STEP8F_FINITE_CAPACITY_SCHEDULE_ALTERNATIVES,True
PHASE4-MPS-20260721170405,ALT-BN-CP,PSC-SKU-BIKE-MT-001-20260914,MT-OP-010,,WS-FRAME-PREP,M-FRAME-JIG-001,FRAME_TECHNICIAN,,,,,,,0.0,435.0,2,870.0,870.0,870.0,,,0.0,870.0,0.0,0.0,0.0,0.0,0.0,0.0,WORKSTATION,0.0,0.0,0.0,0.0,0.0,0.0,0.3,0.0,0.0,0.0,202.7045,FINITE_CAPACITY_BLOCKED,0.0,0.0,0.0,0.0,True,PHASE4_STEP8F_FINITE_CAPACITY_SCHEDULE_ALTERNATIVES,True
PHASE4-MPS-20260721170405,ALT-BN-CP,PSC-SKU-BIKE-ROAD-001-20260914,ROAD-OP-020,,WS-WHEEL-SUB,M-WHEEL-TRUE-001,WHEEL_ASSEMBLY_TECHNICIAN,,,,,,,0.0,435.0,3,1305.0,1305.0,1305.0,,,0.0,1305.0,0.0,0.0,0.0,0.0,0.0,0.0,WORKSTATION,0.0,0.0,0.0,0.0,0.0,0.0,0.0,0.0,0.0,0.0,252.5983,FINITE_CAPACITY_BLOCKED,0.0,0.0,0.0,0.0,True,PHASE4_STEP8F_FINITE_CAPACITY_SCHEDULE_ALTERNATIVES,True
PHASE4-MPS-20260721170405,ALT-BN-CP,PSC-SKU-BIKE-MT-001-20260914,MT-OP-030,,WS-WHEEL-SUB,M-WHEEL-TRUE-001,WHEEL_ASSEMBLY_TECHNICIAN,,,,,,,0.0,435.0,3,1305.0,1305.0,1305.0,,,0.0,1305.0,0.0,0.0,0.0,0.0,0.0,0.0,WORKSTATION,0.0,0.0,0.0,0.0,0.0,0.0,0.0,0.0,0.0,0.0,252.5983,FINITE_CAPACITY_BLOCKED,0.0,0.0,0.0,0.0,True,PHASE4_STEP8F_FINITE_CAPACITY_SCHEDULE_ALTERNATIVES,True
PHASE4-MPS-20260721170405,ALT-BN-CP,PSC-SKU-BIKE-MT-001-20260921,MT-OP-010,,WS-FRAME-PREP,M-FRAME-JIG-001,FRAME_TECHNICIAN,,,,,,,0.0,435.0,2,870.0,870.0,870.0,,,0.0,870.0,0.0,0.0,0.0,0.0,0.0,0.0,WORKSTATION,0.0,0.0,0.0,0.0,0.0,0.0,0.3,0.0,0.0,0.0,202.7045,FINITE_CAPACITY_BLOCKED,0.0,0.0,0.0,0.0,True,PHASE4_STEP8F_FINITE_CAPACITY_SCHEDULE_ALTERNATIVES,True
PHASE4-MPS-20260721170405,ALT-BN-CP,PSC-SKU-BIKE-ROAD-001-20260921,ROAD-OP-010,,WS-FRAME-PREP,M-FRAME-JIG-001,FRAME_TECHNICIAN,,,,,,,0.0,435.0,2,870.0,870.0,870.0,,,0.0,870.0,0.0,0.0,0.0,0.0,0.0,0.0,WORKSTATION,0.0,0.0,0.0,0.0,0.0,0.0,0.0,0.0,0.0,0.0,202.7045,FINITE_CAPACITY_BLOCKED,0.0,0.0,0.0,0.0,True,PHASE4_STEP8F_FINITE_CAPACITY_SCHEDULE_ALTERNATIVES,True
PHASE4-MPS-20260721170405,ALT-BN-CP,PSC-SKU-BIKE-ROAD-001-20260921,ROAD-OP-020,,WS-WHEEL-SUB,M-WHEEL-TRUE-001,WHEEL_ASSEMBLY_TECHNICIAN,,,,,,,0.0,435.0,3,1305.0,1305.0,1305.0,,,0.0,1305.0,0.0,0.0,0.0,0.0,0.0,0.0,WORKSTATION,0.0,0.0,0.0,0.0,0.0,0.0,0.0,0.0,0.0,0.0,252.5983,FINITE_CAPACITY_BLOCKED,0.0,0.0,0.0,0.0,True,PHASE4_STEP8F_FINITE_CAPACITY_SCHEDULE_ALTERNATIVES,True
PHASE4-MPS-20260721170405,ALT-BN-CP,PSC-SKU-BIKE-MT-001-20260921,MT-OP-030,,WS-WHEEL-SUB,M-WHEEL-TRUE-001,WHEEL_ASSEMBLY_TECHNICIAN,,,,,,,0.0,435.0,3,1305.0,1305.0,1305.0,,,0.0,1305.0,0.0,0.0,0.0,0.0,0.0,0.0,WORKSTATION,0.0,0.0,0.0,0.0,0.0,0.0,0.0,0.0,0.0,0.0,252.5983,FINITE_CAPACITY_BLOCKED,0.0,0.0,0.0,0.0,True,PHASE4_STEP8F_FINITE_CAPACITY_SCHEDULE_ALTERNATIVES,True
PHASE4-MPS-20260721170405,ALT-BN-CP,PSC-SKU-BIKE-MT-001-20260928,MT-OP-010,,WS-FRAME-PREP,M-FRAME-JIG-001,FRAME_TECHNICIAN,,,,,,,0.0,435.0,2,870.0,870.0,870.0,,,0.0,870.0,0.0,0.0,0.0,0.0,0.0,0.0,WORKSTATION,0.0,0.0,0.0,0.0,0.0,0.0,0.3,0.0,0.0,0.0,30.6918,FINITE_CAPACITY_BLOCKED,0.0,0.0,0.0,0.0,True,PHASE4_STEP8F_FINITE_CAPACITY_SCHEDULE_ALTERNATIVES,True
PHASE4-MPS-20260721170405,ALT-BN-CP,PSC-SKU-BIKE-ROAD-001-20260928,ROAD-OP-010,,WS-FRAME-PREP,M-FRAME-JIG-001,FRAME_TECHNICIAN,,,,,,,0.0,435.0,2,870.0,870.0,870.0,,,0.0,870.0,0.0,0.0,0.0,0.0,0.0,0.0,WORKSTATION,0.0,0.0,0.0,0.0,0.0,0.0,0.0,0.0,0.0,0.0,30.6918,FINITE_CAPACITY_BLOCKED,0.0,0.0,0.0,0.0,True,PHASE4_STEP8F_FINITE_CAPACITY_SCHEDULE_ALTERNATIVES,True
PHASE4-MPS-20260721170405,ALT-BN-CP,PSC-SKU-BIKE-ROAD-001-20260928,ROAD-OP-020,,WS-WHEEL-SUB,M-WHEEL-TRUE-001,WHEEL_ASSEMBLY_TECHNICIAN,,,,,,,0.0,435.0,3,1305.0,1305.0,1305.0,,,0.0,1305.0,0.0,0.0,0.0,0.0,0.0,0.0,WORKSTATION,0.0,0.0,0.0,0.0,0.0,0.0,0.0,0.0,0.0,0.0,37.1718,FINITE_CAPACITY_BLOCKED,0.0,0.0,0.0,0.0,True,PHASE4_STEP8F_FINITE_CAPACITY_SCHEDULE_ALTERNATIVES,True
PHASE4-MPS-20260721170405,ALT-BN-CP,PSC-SKU-BIKE-MT-001-20260928,MT-OP-030,,WS-WHEEL-SUB,M-WHEEL-TRUE-001,WHEEL_ASSEMBLY_TECHNICIAN,,,,,,,0.0,435.0,3,1305.0,1305.0,1305.0,,,0.0,1305.0,0.0,0.0,0.0,0.0,0.0,0.0,WORKSTATION,0.0,0.0,0.0,0.0,0.0,0.0,0.0,0.0,0.0,0.0,37.1718,FINITE_CAPACITY_BLOCKED,0.0,0.0,0.0,0.0,True,PHASE4_STEP8F_FINITE_CAPACITY_SCHEDULE_ALTERNATIVES,True
PHASE4-MPS-20260721170405,ALT-BN-CP,PSC-SKU-BIKE-MT-001-20260629,MT-OP-060,,WS-QC,M-QC-TOOLS-001,QUALITY_INSPECTOR,,,,,,,0.0,435.0,1,435.0,435.0,435.0,,,0.0,435.0,0.0,0.0,0.0,0.0,0.0,0.0,WORKSTATION,0.0,0.0,0.0,0.0,0.0,0.0,0.0,0.0,0.0,0.0,90.0999,FINITE_CAPACITY_BLOCKED,0.0,0.0,0.0,0.0,True,PHASE4_STEP8F_FINITE_CAPACITY_SCHEDULE_ALTERNATIVES,True
PHASE4-MPS-20260721170405,ALT-BN-CP,PSC-SKU-BIKE-MT-001-20260629,MT-OP-070,SEG-ALT-BN-CP-PSC-SKU-BIKE-MT-001-20260629-MT-OP-070-01,WS-PACK,M-PACK-BENCH-001,PACKAGING_OPERATOR,2026-06-29,2026-06-29,SHIFT-A,2026-06-29,SHIFT-A,WIN-20260629-SHIFT-A,435.0,435.0,1,435.0,435.0,435.0,M-PACK-BENCH-001#01=308.1775,PACKAGING_OPERATOR#01=308.1775,308.1775,126.8225,70.8454,70.8454,70.8454,70.8454,70.8454,70.8454,WORKSTATION,0.0,308.1775,308.1775,126.8225,0.0,5.1363,0.0,5.1363,7.25,70.8454,70.8454,FINITE_CAPACITY_FEASIBLE,0.0,0.0001,0.0,0.0,True,PHASE4_STEP8F_FINITE_CAPACITY_SCHEDULE_ALTERNATIVES,True
PHASE4-MPS-20260721170405,ALT-BN-CP,PSC-SKU-BIKE-ROAD-001-20260928,ROAD-OP-050,SEG-ALT-BN-CP-PSC-SKU-BIKE-ROAD-001-20260928-ROAD-OP-050-01;SEG-ALT-BN-CP-PSC-SKU-BIKE-ROAD-001-20260928-ROAD-OP-050-02,WS-QC,M-QC-TOOLS-001,QUALITY_INSPECTOR,2026-06-30,2026-06-30,SHIFT-A,2026-06-30,SHIFT-A,WIN-20260630-SHIFT-A;WIN-20260701-SHIFT-A,870.0,435.0,1,870.0,870.0,870.0,M-QC-TOOLS-001#01=263.682,QUALITY_INSPECTOR#01=263.682,263.682,606.318,30.3083,30.3083,30.3083,30.3083,30.3083,30.3083,WORKSTATION,207.936,263.682,263.682,398.382,0.0,4.3947,0.0,4.3947,14.5,30.3083,30.3083,FINITE_CAPACITY_FEASIBLE,0.0,0.0,10.1053,80.8424,True,PHASE4_STEP8F_FINITE_CAPACITY_SCHEDULE_ALTERNATIVES,True
PHASE4-MPS-20260721170405,ALT-BN-CP,PSC-SKU-BIKE-ROAD-001-20260928,ROAD-OP-060,SEG-ALT-BN-CP-PSC-SKU-BIKE-ROAD-001-20260928-ROAD-OP-060-01;SEG-ALT-BN-CP-PSC-SKU-BIKE-ROAD-001-20260928-ROAD-OP-060-02,WS-PACK,M-PACK-BENCH-001,PACKAGING_OPERATOR,2026-06-29,2026-06-29,SHIFT-A,2026-06-29,SHIFT-A,WIN-20260629-SHIFT-A;WIN-20260630-SHIFT-A,870.0,435.0,1,870.0,870.0,870.0,M-PACK-BENCH-001#01=220.242,PACKAGING_OPERATOR#01=220.242,220.242,649.758,25.3152,25.3152,25.3152,25.3152,25.3152,25.3152,WORKSTATION,308.1775,220.242,220.242,341.5805,0.0,3.5707,0.1,3.6707,14.5,25.3152,25.3152,FINITE_CAPACITY_FEASIBLE,0.0,0.0,10.8293,86.6344,True,PHASE4_STEP8F_FINITE_CAPACITY_SCHEDULE_ALTERNATIVES,True
PHASE4-MPS-20260721170405,ALT-BN-CP,PSC-SKU-BIKE-MT-001-20260928,MT-OP-060,,WS-QC,M-QC-TOOLS-001,QUALITY_INSPECTOR,,,,,,,0.0,435.0,1,435.0,435.0,435.0,,,0.0,435.0,0.0,0.0,0.0,0.0,0.0,0.0,WORKSTATION,0.0,0.0,0.0,0.0,0.0,0.0,0.0,0.0,0.0,0.0,24.1243,FINITE_CAPACITY_BLOCKED,0.0,0.0,0.0,0.0,True,PHASE4_STEP8F_FINITE_CAPACITY_SCHEDULE_ALTERNATIVES,True
PHASE4-MPS-20260721170405,ALT-BN-CP,PSC-SKU-BIKE-MT-001-20260928,MT-OP-070,,WS-PACK,M-PACK-BENCH-001,PACKAGING_OPERATOR,,,,,,,0.0,435.0,1,435.0,435.0,435.0,,,0.0,435.0,0.0,0.0,0.0,0.0,0.0,0.0,WORKSTATION,0.0,0.0,0.0,0.0,0.0,0.0,0.0,0.0,0.0,0.0,18.9323,FINITE_CAPACITY_BLOCKED,0.0,0.0,0.0,0.0,True,PHASE4_STEP8F_FINITE_CAPACITY_SCHEDULE_ALTERNATIVES,True
PHASE4-MPS-20260721170405,ALT-BN-CP,PSC-SKU-BIKE-ROAD-001-20260629,ROAD-OP-030,SEG-ALT-BN-CP-PSC-SKU-BIKE-ROAD-001-20260629-ROAD-OP-030-01;SEG-ALT-BN-CP-PSC-SKU-BIKE-ROAD-001-20260629-ROAD-OP-030-02;SEG-ALT-BN-CP-PSC-SKU-BIKE-ROAD-001-20260629-ROAD-OP-030-03;SEG-ALT-BN-CP-PSC-SKU-BIKE-ROAD-001-20260629-ROAD-OP-030-04,WS-BRAKE-SUB,M-BRAKE-BENCH-001,BRAKE_ASSEMBLY_TECHNICIAN,2026-07-01,2026-07-01,SHIFT-A,2026-07-01,SHIFT-A,WIN-20260701-SHIFT-A;WIN-20260702-SHIFT-A;WIN-20260703-SHIFT-A;WIN-20260706-SHIFT-A,1740.0,435.0,2,3480.0,3480.0,3480.0,M-BRAKE-BENCH-001#01=1155.108,BRAKE_ASSEMBLY_TECHNICIAN#01=1155.108,1155.108,2324.892,33.1928,33.1928,33.1928,33.1928,33.1928,33.1928,WORKSTATION,401.982,1155.108,1155.108,182.91,0.0,19.2518,0.0,19.2518,29.0,66.3855,102.6778,FINITE_CAPACITY_FEASIBLE,0.0,0.0,0.0,0.0,True,PHASE4_STEP8F_FINITE_CAPACITY_SCHEDULE_ALTERNATIVES,True
PHASE4-MPS-20260721170405,ALT-BN-CP,PSC-SKU-BIKE-ROAD-001-20260629,ROAD-OP-040,SEG-ALT-BN-CP-PSC-SKU-BIKE-ROAD-001-20260629-ROAD-OP-040-01;SEG-ALT-BN-CP-PSC-SKU-BIKE-ROAD-001-20260629-ROAD-OP-040-02;SEG-ALT-BN-CP-PSC-SKU-BIKE-ROAD-001-20260629-ROAD-OP-040-03;SEG-ALT-BN-CP-PSC-SKU-BIKE-ROAD-001-20260629-ROAD-OP-040-04;SEG-ALT-BN-CP-PSC-SKU-BIKE-ROAD-001-20260629-ROAD-OP-040-05;SEG-ALT-BN-CP-PSC-SKU-BIKE-ROAD-001-20260629-ROAD-OP-040-06;SEG-ALT-BN-CP-PSC-SKU-BIKE-ROAD-001-20260629-ROAD-OP-040-07,WS-FINAL-ASM,M-FINAL-STAND-001,FINAL_ASSEMBLY_OPERATOR,2026-07-07,2026-07-07,SHIFT-A,2026-07-07,SHIFT-A,WIN-20260707-SHIFT-A;WIN-20260708-SHIFT-A;WIN-20260709-SHIFT-A;WIN-20260710-SHIFT-A;WIN-20260713-SHIFT-A;WIN-20260714-SHIFT-A;WIN-20260715-SHIFT-A,3045.0,435.0,1,3045.0,3045.0,3045.0,M-FINAL-STAND-001#01=2444.604,FINAL_ASSEMBLY_OPERATOR#01=2444.604,2444.604,600.396,80.2826,80.2826,80.2826,80.2826,80.2826,80.2826,WORKSTATION,239.646,2444.604,2444.604,360.75,0.0,40.7434,0.0,40.7434,50.75,80.2826,218.4047,FINITE_CAPACITY_FEASIBLE,0.0,0.0,0.0,0.0,True,PHASE4_STEP8F_FINITE_CAPACITY_SCHEDULE_ALTERNATIVES,True
PHASE4-MPS-20260721170405,ALT-BN-CP,PSC-SKU-BIKE-ROAD-001-20260629,ROAD-OP-050,SEG-ALT-BN-CP-PSC-SKU-BIKE-ROAD-001-20260629-ROAD-OP-050-01;SEG-ALT-BN-CP-PSC-SKU-BIKE-ROAD-001-20260629-ROAD-OP-050-02,WS-QC,M-QC-TOOLS-001,QUALITY_INSPECTOR,2026-07-15,2026-07-15,SHIFT-A,2026-07-15,SHIFT-A,WIN-20260715-SHIFT-A;WIN-20260716-SHIFT-A,870.0,435.0,1,870.0,870.0,870.0,M-QC-TOOLS-001#01=742.6647,QUALITY_INSPECTOR#01=742.6647,742.6647,127.3353,85.3638,85.3638,85.3638,85.3638,85.3638,85.3638,WORKSTATION,74.25,742.6647,742.6647,53.0853,0.0,12.3777,0.0,12.3777,14.5,85.3638,90.0999,FINITE_CAPACITY_FEASIBLE,0.0,0.0001,0.0,0.0,True,PHASE4_STEP8F_FINITE_CAPACITY_SCHEDULE_ALTERNATIVES,True
PHASE4-MPS-20260721170405,ALT-BN-CP,PSC-SKU-BIKE-ROAD-001-20260629,ROAD-OP-060,SEG-ALT-BN-CP-PSC-SKU-BIKE-ROAD-001-20260629-ROAD-OP-060-01;SEG-ALT-BN-CP-PSC-SKU-BIKE-ROAD-001-20260629-ROAD-OP-060-02;SEG-ALT-BN-CP-PSC-SKU-BIKE-ROAD-001-20260629-ROAD-OP-060-03,WS-PACK,M-PACK-BENCH-001,PACKAGING_OPERATOR,2026-07-16,2026-07-16,SHIFT-A,2026-07-16,SHIFT-A,WIN-20260716-SHIFT-A;WIN-20260717-SHIFT-A;WIN-20260720-SHIFT-A,1305.0,435.0,1,1305.0,1305.0,1305.0,M-PACK-BENCH-001#01=814.608,PACKAGING_OPERATOR#01=814.608,814.608,490.392,62.4221,62.4221,62.4221,62.4221,62.4221,62.4221,WORKSTATION,381.9147,814.608,814.608,108.4773,0.0,13.5768,0.0,13.5768,21.75,62.4221,70.7019,FINITE_CAPACITY_FEASIBLE,0.0,0.0,0.0,0.0,True,PHASE4_STEP8F_FINITE_CAPACITY_SCHEDULE_ALTERNATIVES,True
PHASE4-MPS-20260721170405,ALT-BN-CP,PSC-SKU-BIKE-ROAD-001-20260706,ROAD-OP-030,SEG-ALT-BN-CP-PSC-SKU-BIKE-ROAD-001-20260706-ROAD-OP-030-01;SEG-ALT-BN-CP-PSC-SKU-BIKE-ROAD-001-20260706-ROAD-OP-030-02,WS-BRAKE-SUB,M-BRAKE-BENCH-001,BRAKE_ASSEMBLY_TECHNICIAN,2026-07-07,2026-07-07,SHIFT-A,2026-07-07,SHIFT-A,WIN-20260707-SHIFT-A;WIN-20260708-SHIFT-A,870.0,435.0,2,1740.0,1740.0,1740.0,M-BRAKE-BENCH-001#01=556.1776,BRAKE_ASSEMBLY_TECHNICIAN#01=556.1776,556.1776,1183.8224,31.9642,31.9642,31.9642,31.9642,31.9642,31.9642,WORKSTATION,186.7853,556.1776,556.1776,127.0371,0.0,9.2696,0.0,9.2696,14.5,63.9285,187.4195,FINITE_CAPACITY_FEASIBLE,0.0,0.0,0.0,0.0,True,PHASE4_STEP8F_FINITE_CAPACITY_SCHEDULE_ALTERNATIVES,True
PHASE4-MPS-20260721170405,ALT-BN-CP,PSC-SKU-BIKE-ROAD-001-20260706,ROAD-OP-040,SEG-ALT-BN-CP-PSC-SKU-BIKE-ROAD-001-20260706-ROAD-OP-040-01;SEG-ALT-BN-CP-PSC-SKU-BIKE-ROAD-001-20260706-ROAD-OP-040-02;SEG-ALT-BN-CP-PSC-SKU-BIKE-ROAD-001-20260706-ROAD-OP-040-03;SEG-ALT-BN-CP-PSC-SKU-BIKE-ROAD-001-20260706-ROAD-OP-040-04;SEG-ALT-BN-CP-PSC-SKU-BIKE-ROAD-001-20260706-ROAD-OP-040-05,WS-FINAL-ASM,M-FINAL-STAND-001,FINAL_ASSEMBLY_OPERATOR,2026-07-15,2026-07-15,SHIFT-A,2026-07-15,SHIFT-A,WIN-20260715-SHIFT-A;WIN-20260716-SHIFT-A;WIN-20260717-SHIFT-A;WIN-20260720-SHIFT-A;WIN-20260721-SHIFT-A,2175.0,435.0,1,2175.0,2175.0,2175.0,M-FINAL-STAND-001#01=2082.4846,FINAL_ASSEMBLY_OPERATOR#01=2082.4846,2082.4846,92.5154,95.7464,95.7464,95.7464,95.7464,95.7464,95.7464,WORKSTATION,74.25,2082.4846,2082.4846,18.2654,0.0,34.7081,0.0,34.7081,36.25,95.7464,398.7676,FINITE_CAPACITY_FEASIBLE,0.0,0.0,0.0,0.0,True,PHASE4_STEP8F_FINITE_CAPACITY_SCHEDULE_ALTERNATIVES,True
PHASE4-MPS-20260721170405,ALT-BN-CP,PSC-SKU-BIKE-ROAD-001-20260706,ROAD-OP-050,SEG-ALT-BN-CP-PSC-SKU-BIKE-ROAD-001-20260706-ROAD-OP-050-01;SEG-ALT-BN-CP-PSC-SKU-BIKE-ROAD-001-20260706-ROAD-OP-050-02;SEG-ALT-BN-CP-PSC-SKU-BIKE-ROAD-001-20260706-ROAD-OP-050-03;SEG-ALT-BN-CP-PSC-SKU-BIKE-ROAD-001-20260706-ROAD-OP-050-04,WS-QC,M-QC-TOOLS-001,QUALITY_INSPECTOR,2026-07-21,2026-07-21,SHIFT-A,2026-07-21,SHIFT-A,WIN-20260721-SHIFT-A;WIN-20260722-SHIFT-A;WIN-20260723-SHIFT-A;WIN-20260724-SHIFT-A,1740.0,435.0,1,1740.0,1740.0,1740.0,M-QC-TOOLS-001#01=1002.5897,QUALITY_INSPECTOR#01=1002.5897,1002.5897,737.4103,57.6201,57.6201,57.6201,57.6201,57.6201,57.6201,WORKSTATION,416.7346,1002.5897,1002.5897,320.6757,0.0,16.7098,0.0,16.7098,29.0,57.6201,164.6642,FINITE_CAPACITY_FEASIBLE,0.0,0.0001,0.0,0.0,True,PHASE4_STEP8F_FINITE_CAPACITY_SCHEDULE_ALTERNATIVES,True
PHASE4-MPS-20260721170405,ALT-BN-CP,PSC-SKU-BIKE-ROAD-001-20260706,ROAD-OP-060,SEG-ALT-BN-CP-PSC-SKU-BIKE-ROAD-001-20260706-ROAD-OP-060-01;SEG-ALT-BN-CP-PSC-SKU-BIKE-ROAD-001-20260706-ROAD-OP-060-02;SEG-ALT-BN-CP-PSC-SKU-BIKE-ROAD-001-20260706-ROAD-OP-060-03,WS-PACK,M-PACK-BENCH-001,PACKAGING_OPERATOR,2026-07-24,2026-07-24,SHIFT-A,2026-07-24,SHIFT-A,WIN-20260724-SHIFT-A;WIN-20260727-SHIFT-A;WIN-20260728-SHIFT-A,1305.0,435.0,1,1305.0,1305.0,1305.0,M-PACK-BENCH-001#01=905.1322,PACKAGING_OPERATOR#01=905.1322,905.1322,399.8678,69.3588,69.3588,69.3588,69.3588,69.3588,69.3588,WORKSTATION,114.3243,905.1322,905.1322,285.5435,0.0,15.0855,0.0,15.0855,21.75,69.3588,129.2125,FINITE_CAPACITY_FEASIBLE,0.0,0.0,0.0,0.0,True,PHASE4_STEP8F_FINITE_CAPACITY_SCHEDULE_ALTERNATIVES,True
PHASE4-MPS-20260721170405,ALT-BN-CP,PSC-SKU-BIKE-ROAD-001-20260713,ROAD-OP-030,,WS-BRAKE-SUB,M-BRAKE-BENCH-001,BRAKE_ASSEMBLY_TECHNICIAN,,,,,,,0.0,435.0,2,870.0,870.0,870.0,,,0.0,870.0,0.0,0.0,0.0,0.0,0.0,0.0,WORKSTATION,0.0,0.0,0.0,0.0,0.0,0.0,0.0,0.0,0.0,0.0,187.8149,FINITE_CAPACITY_BLOCKED,0.0,0.0,0.0,0.0,True,PHASE4_STEP8F_FINITE_CAPACITY_SCHEDULE_ALTERNATIVES,True
PHASE4-MPS-20260721170405,ALT-BN-CP,PSC-SKU-BIKE-ROAD-001-20260713,ROAD-OP-040,SEG-ALT-BN-CP-PSC-SKU-BIKE-ROAD-001-20260713-ROAD-OP-040-01;SEG-ALT-BN-CP-PSC-SKU-BIKE-ROAD-001-20260713-ROAD-OP-040-02,WS-FINAL-ASM,M-FINAL-STAND-001,FINAL_ASSEMBLY_OPERATOR,2026-07-21,2026-07-21,SHIFT-A,2026-07-21,SHIFT-A,WIN-20260721-SHIFT-A;WIN-20260722-SHIFT-A,870.0,435.0,1,870.0,870.0,870.0,M-FINAL-STAND-001#01=171.9388,FINAL_ASSEMBLY_OPERATOR#01=171.9388,171.9388,698.0612,19.7631,19.7631,19.7631,19.7631,19.7631,19.7631,WORKSTATION,416.7346,171.9388,171.9388,281.3266,0.0,2.8656,0.0,2.8656,14.5,19.7631,399.6048,FINITE_CAPACITY_FEASIBLE,0.0,0.0001,11.6344,93.0748,True,PHASE4_STEP8F_FINITE_CAPACITY_SCHEDULE_ALTERNATIVES,True
PHASE4-MPS-20260721170405,ALT-BN-CP,PSC-SKU-BIKE-ROAD-001-20260713,ROAD-OP-050,SEG-ALT-BN-CP-PSC-SKU-BIKE-ROAD-001-20260713-ROAD-OP-050-01,WS-QC,M-QC-TOOLS-001,QUALITY_INSPECTOR,2026-07-24,2026-07-24,SHIFT-A,2026-07-24,SHIFT-A,WIN-20260724-SHIFT-A,435.0,435.0,1,435.0,435.0,435.0,M-QC-TOOLS-001#01=181.9248,QUALITY_INSPECTOR#01=181.9248,181.9248,253.0752,41.8218,41.8218,41.8218,41.8218,41.8218,41.8218,WORKSTATION,114.3243,181.9248,181.9248,138.7509,0.0,3.0321,0.0,3.0321,7.25,41.8218,165.008,FINITE_CAPACITY_FEASIBLE,0.0,0.0,4.2179,33.7434,True,PHASE4_STEP8F_FINITE_CAPACITY_SCHEDULE_ALTERNATIVES,True
PHASE4-MPS-20260721170405,ALT-BN-CP,PSC-SKU-BIKE-ROAD-001-20260713,ROAD-OP-060,SEG-ALT-BN-CP-PSC-SKU-BIKE-ROAD-001-20260713-ROAD-OP-060-01,WS-PACK,M-PACK-BENCH-001,PACKAGING_OPERATOR,2026-07-28,2026-07-28,SHIFT-A,2026-07-28,SHIFT-A,WIN-20260728-SHIFT-A,435.0,435.0,1,435.0,435.0,435.0,M-PACK-BENCH-001#01=147.8155,PACKAGING_OPERATOR#01=147.8155,147.8155,287.1845,33.9806,33.9806,33.9806,33.9806,33.9806,33.9806,WORKSTATION,149.4565,147.8155,147.8155,137.728,0.0,2.4636,0.0,2.4636,7.25,33.9806,129.4918,FINITE_CAPACITY_FEASIBLE,0.0,0.0,4.7864,38.2913,True,PHASE4_STEP8F_FINITE_CAPACITY_SCHEDULE_ALTERNATIVES,True
PHASE4-MPS-20260721170405,ALT-BN-CP,PSC-SKU-BIKE-ROAD-001-20260720,ROAD-OP-030,,WS-BRAKE-SUB,M-BRAKE-BENCH-001,BRAKE_ASSEMBLY_TECHNICIAN,,,,,,,0.0,435.0,2,870.0,870.0,870.0,,,0.0,870.0,0.0,0.0,0.0,0.0,0.0,0.0,WORKSTATION,0.0,0.0,0.0,0.0,0.0,0.0,0.0,0.0,0.0,0.0,187.8149,FINITE_CAPACITY_BLOCKED,0.0,0.0,0.0,0.0,True,PHASE4_STEP8F_FINITE_CAPACITY_SCHEDULE_ALTERNATIVES,True
PHASE4-MPS-20260721170405,ALT-BN-CP,PSC-SKU-BIKE-ROAD-001-20260720,ROAD-OP-040,,WS-FINAL-ASM,M-FINAL-STAND-001,FINAL_ASSEMBLY_OPERATOR,,,,,,,0.0,435.0,1,435.0,435.0,435.0,,,0.0,435.0,0.0,0.0,0.0,0.0,0.0,0.0,WORKSTATION,0.0,0.0,0.0,0.0,0.0,0.0,0.0,0.0,0.0,0.0,399.6048,FINITE_CAPACITY_BLOCKED,0.0,0.0,0.0,0.0,True,PHASE4_STEP8F_FINITE_CAPACITY_SCHEDULE_ALTERNATIVES,True
PHASE4-MPS-20260721170405,ALT-BN-CP,PSC-SKU-BIKE-ROAD-001-20260720,ROAD-OP-050,,WS-QC,M-QC-TOOLS-001,QUALITY_INSPECTOR,,,,,,,0.0,435.0,1,435.0,435.0,435.0,,,0.0,435.0,0.0,0.0,0.0,0.0,0.0,0.0,WORKSTATION,0.0,0.0,0.0,0.0,0.0,0.0,0.0,0.0,0.0,0.0,165.008,FINITE_CAPACITY_BLOCKED,0.0,0.0,0.0,0.0,True,PHASE4_STEP8F_FINITE_CAPACITY_SCHEDULE_ALTERNATIVES,True
PHASE4-MPS-20260721170405,ALT-BN-CP,PSC-SKU-BIKE-ROAD-001-20260720,ROAD-OP-060,,WS-PACK,M-PACK-BENCH-001,PACKAGING_OPERATOR,,,,,,,0.0,435.0,1,435.0,435.0,435.0,,,0.0,435.0,0.0,0.0,0.0,0.0,0.0,0.0,WORKSTATION,0.0,0.0,0.0,0.0,0.0,0.0,0.0,0.0,0.0,0.0,129.4918,FINITE_CAPACITY_BLOCKED,0.0,0.0,0.0,0.0,True,PHASE4_STEP8F_FINITE_CAPACITY_SCHEDULE_ALTERNATIVES,True
PHASE4-MPS-20260721170405,ALT-BN-CP,PSC-SKU-BIKE-ROAD-001-20260727,ROAD-OP-030,,WS-BRAKE-SUB,M-BRAKE-BENCH-001,BRAKE_ASSEMBLY_TECHNICIAN,,,,,,,0.0,435.0,2,870.0,870.0,870.0,,,0.0,870.0,0.0,0.0,0.0,0.0,0.0,0.0,WORKSTATION,0.0,0.0,0.0,0.0,0.0,0.0,0.0,0.0,0.0,0.0,187.8149,FINITE_CAPACITY_BLOCKED,0.0,0.0,0.0,0.0,True,PHASE4_STEP8F_FINITE_CAPACITY_SCHEDULE_ALTERNATIVES,True
PHASE4-MPS-20260721170405,ALT-BN-CP,PSC-SKU-BIKE-ROAD-001-20260727,ROAD-OP-040,,WS-FINAL-ASM,M-FINAL-STAND-001,FINAL_ASSEMBLY_OPERATOR,,,,,,,0.0,435.0,1,435.0,435.0,435.0,,,0.0,435.0,0.0,0.0,0.0,0.0,0.0,0.0,WORKSTATION,0.0,0.0,0.0,0.0,0.0,0.0,0.0,0.0,0.0,0.0,399.6048,FINITE_CAPACITY_BLOCKED,0.0,0.0,0.0,0.0,True,PHASE4_STEP8F_FINITE_CAPACITY_SCHEDULE_ALTERNATIVES,True
PHASE4-MPS-20260721170405,ALT-BN-CP,PSC-SKU-BIKE-ROAD-001-20260727,ROAD-OP-050,,WS-QC,M-QC-TOOLS-001,QUALITY_INSPECTOR,,,,,,,0.0,435.0,1,435.0,435.0,435.0,,,0.0,435.0,0.0,0.0,0.0,0.0,0.0,0.0,WORKSTATION,0.0,0.0,0.0,0.0,0.0,0.0,0.0,0.0,0.0,0.0,165.008,FINITE_CAPACITY_BLOCKED,0.0,0.0,0.0,0.0,True,PHASE4_STEP8F_FINITE_CAPACITY_SCHEDULE_ALTERNATIVES,True
PHASE4-MPS-20260721170405,ALT-BN-CP,PSC-SKU-BIKE-ROAD-001-20260727,ROAD-OP-060,,WS-PACK,M-PACK-BENCH-001,PACKAGING_OPERATOR,,,,,,,0.0,435.0,1,435.0,435.0,435.0,,,0.0,435.0,0.0,0.0,0.0,0.0,0.0,0.0,WORKSTATION,0.0,0.0,0.0,0.0,0.0,0.0,0.0,0.0,0.0,0.0,129.4918,FINITE_CAPACITY_BLOCKED,0.0,0.0,0.0,0.0,True,PHASE4_STEP8F_FINITE_CAPACITY_SCHEDULE_ALTERNATIVES,True
PHASE4-MPS-20260721170405,ALT-BN-CP,PSC-SKU-BIKE-ROAD-001-20260803,ROAD-OP-030,,WS-BRAKE-SUB,M-BRAKE-BENCH-001,BRAKE_ASSEMBLY_TECHNICIAN,,,,,,,0.0,435.0,2,870.0,870.0,870.0,,,0.0,870.0,0.0,0.0,0.0,0.0,0.0,0.0,WORKSTATION,0.0,0.0,0.0,0.0,0.0,0.0,0.0,0.0,0.0,0.0,187.8149,FINITE_CAPACITY_BLOCKED,0.0,0.0,0.0,0.0,True,PHASE4_STEP8F_FINITE_CAPACITY_SCHEDULE_ALTERNATIVES,True
PHASE4-MPS-20260721170405,ALT-BN-CP,PSC-SKU-BIKE-ROAD-001-20260803,ROAD-OP-040,,WS-FINAL-ASM,M-FINAL-STAND-001,FINAL_ASSEMBLY_OPERATOR,,,,,,,0.0,435.0,1,435.0,435.0,435.0,,,0.0,435.0,0.0,0.0,0.0,0.0,0.0,0.0,WORKSTATION,0.0,0.0,0.0,0.0,0.0,0.0,0.0,0.0,0.0,0.0,399.6048,FINITE_CAPACITY_BLOCKED,0.0,0.0,0.0,0.0,True,PHASE4_STEP8F_FINITE_CAPACITY_SCHEDULE_ALTERNATIVES,True
PHASE4-MPS-20260721170405,ALT-BN-CP,PSC-SKU-BIKE-ROAD-001-20260803,ROAD-OP-050,,WS-QC,M-QC-TOOLS-001,QUALITY_INSPECTOR,,,,,,,0.0,435.0,1,435.0,435.0,435.0,,,0.0,435.0,0.0,0.0,0.0,0.0,0.0,0.0,WORKSTATION,0.0,0.0,0.0,0.0,0.0,0.0,0.0,0.0,0.0,0.0,165.008,FINITE_CAPACITY_BLOCKED,0.0,0.0,0.0,0.0,True,PHASE4_STEP8F_FINITE_CAPACITY_SCHEDULE_ALTERNATIVES,True
PHASE4-MPS-20260721170405,ALT-BN-CP,PSC-SKU-BIKE-ROAD-001-20260803,ROAD-OP-060,,WS-PACK,M-PACK-BENCH-001,PACKAGING_OPERATOR,,,,,,,0.0,435.0,1,435.0,435.0,435.0,,,0.0,435.0,0.0,0.0,0.0,0.0,0.0,0.0,WORKSTATION,0.0,0.0,0.0,0.0,0.0,0.0,0.0,0.0,0.0,0.0,129.4918,FINITE_CAPACITY_BLOCKED,0.0,0.0,0.0,0.0,True,PHASE4_STEP8F_FINITE_CAPACITY_SCHEDULE_ALTERNATIVES,True
PHASE4-MPS-20260721170405,ALT-BN-CP,PSC-SKU-BIKE-ROAD-001-20260810,ROAD-OP-030,,WS-BRAKE-SUB,M-BRAKE-BENCH-001,BRAKE_ASSEMBLY_TECHNICIAN,,,,,,,0.0,435.0,2,870.0,870.0,870.0,,,0.0,870.0,0.0,0.0,0.0,0.0,0.0,0.0,WORKSTATION,0.0,0.0,0.0,0.0,0.0,0.0,0.0,0.0,0.0,0.0,187.8149,FINITE_CAPACITY_BLOCKED,0.0,0.0,0.0,0.0,True,PHASE4_STEP8F_FINITE_CAPACITY_SCHEDULE_ALTERNATIVES,True
PHASE4-MPS-20260721170405,ALT-BN-CP,PSC-SKU-BIKE-ROAD-001-20260810,ROAD-OP-040,,WS-FINAL-ASM,M-FINAL-STAND-001,FINAL_ASSEMBLY_OPERATOR,,,,,,,0.0,435.0,1,435.0,435.0,435.0,,,0.0,435.0,0.0,0.0,0.0,0.0,0.0,0.0,WORKSTATION,0.0,0.0,0.0,0.0,0.0,0.0,0.0,0.0,0.0,0.0,399.6048,FINITE_CAPACITY_BLOCKED,0.0,0.0,0.0,0.0,True,PHASE4_STEP8F_FINITE_CAPACITY_SCHEDULE_ALTERNATIVES,True
PHASE4-MPS-20260721170405,ALT-BN-CP,PSC-SKU-BIKE-ROAD-001-20260810,ROAD-OP-050,,WS-QC,M-QC-TOOLS-001,QUALITY_INSPECTOR,,,,,,,0.0,435.0,1,435.0,435.0,435.0,,,0.0,435.0,0.0,0.0,0.0,0.0,0.0,0.0,WORKSTATION,0.0,0.0,0.0,0.0,0.0,0.0,0.0,0.0,0.0,0.0,165.008,FINITE_CAPACITY_BLOCKED,0.0,0.0,0.0,0.0,True,PHASE4_STEP8F_FINITE_CAPACITY_SCHEDULE_ALTERNATIVES,True
PHASE4-MPS-20260721170405,ALT-BN-CP,PSC-SKU-BIKE-ROAD-001-20260810,ROAD-OP-060,,WS-PACK,M-PACK-BENCH-001,PACKAGING_OPERATOR,,,,,,,0.0,435.0,1,435.0,435.0,435.0,,,0.0,435.0,0.0,0.0,0.0,0.0,0.0,0.0,WORKSTATION,0.0,0.0,0.0,0.0,0.0,0.0,0.0,0.0,0.0,0.0,129.4918,FINITE_CAPACITY_BLOCKED,0.0,0.0,0.0,0.0,True,PHASE4_STEP8F_FINITE_CAPACITY_SCHEDULE_ALTERNATIVES,True
PHASE4-MPS-20260721170405,ALT-BN-CP,PSC-SKU-BIKE-ROAD-001-20260817,ROAD-OP-030,,WS-BRAKE-SUB,M-BRAKE-BENCH-001,BRAKE_ASSEMBLY_TECHNICIAN,,,,,,,0.0,435.0,2,870.0,870.0,870.0,,,0.0,870.0,0.0,0.0,0.0,0.0,0.0,0.0,WORKSTATION,0.0,0.0,0.0,0.0,0.0,0.0,0.0,0.0,0.0,0.0,187.8149,FINITE_CAPACITY_BLOCKED,0.0,0.0,0.0,0.0,True,PHASE4_STEP8F_FINITE_CAPACITY_SCHEDULE_ALTERNATIVES,True
PHASE4-MPS-20260721170405,ALT-BN-CP,PSC-SKU-BIKE-ROAD-001-20260817,ROAD-OP-040,,WS-FINAL-ASM,M-FINAL-STAND-001,FINAL_ASSEMBLY_OPERATOR,,,,,,,0.0,435.0,1,435.0,435.0,435.0,,,0.0,435.0,0.0,0.0,0.0,0.0,0.0,0.0,WORKSTATION,0.0,0.0,0.0,0.0,0.0,0.0,0.0,0.0,0.0,0.0,399.6048,FINITE_CAPACITY_BLOCKED,0.0,0.0,0.0,0.0,True,PHASE4_STEP8F_FINITE_CAPACITY_SCHEDULE_ALTERNATIVES,True
PHASE4-MPS-20260721170405,ALT-BN-CP,PSC-SKU-BIKE-ROAD-001-20260817,ROAD-OP-050,,WS-QC,M-QC-TOOLS-001,QUALITY_INSPECTOR,,,,,,,0.0,435.0,1,435.0,435.0,435.0,,,0.0,435.0,0.0,0.0,0.0,0.0,0.0,0.0,WORKSTATION,0.0,0.0,0.0,0.0,0.0,0.0,0.0,0.0,0.0,0.0,165.008,FINITE_CAPACITY_BLOCKED,0.0,0.0,0.0,0.0,True,PHASE4_STEP8F_FINITE_CAPACITY_SCHEDULE_ALTERNATIVES,True
PHASE4-MPS-20260721170405,ALT-BN-CP,PSC-SKU-BIKE-ROAD-001-20260817,ROAD-OP-060,,WS-PACK,M-PACK-BENCH-001,PACKAGING_OPERATOR,,,,,,,0.0,435.0,1,435.0,435.0,435.0,,,0.0,435.0,0.0,0.0,0.0,0.0,0.0,0.0,WORKSTATION,0.0,0.0,0.0,0.0,0.0,0.0,0.0,0.0,0.0,0.0,129.4918,FINITE_CAPACITY_BLOCKED,0.0,0.0,0.0,0.0,True,PHASE4_STEP8F_FINITE_CAPACITY_SCHEDULE_ALTERNATIVES,True
PHASE4-MPS-20260721170405,ALT-BN-CP,PSC-SKU-BIKE-ROAD-001-20260824,ROAD-OP-030,,WS-BRAKE-SUB,M-BRAKE-BENCH-001,BRAKE_ASSEMBLY_TECHNICIAN,,,,,,,0.0,435.0,2,870.0,870.0,870.0,,,0.0,870.0,0.0,0.0,0.0,0.0,0.0,0.0,WORKSTATION,0.0,0.0,0.0,0.0,0.0,0.0,0.0,0.0,0.0,0.0,187.8149,FINITE_CAPACITY_BLOCKED,0.0,0.0,0.0,0.0,True,PHASE4_STEP8F_FINITE_CAPACITY_SCHEDULE_ALTERNATIVES,True
PHASE4-MPS-20260721170405,ALT-BN-CP,PSC-SKU-BIKE-ROAD-001-20260824,ROAD-OP-040,,WS-FINAL-ASM,M-FINAL-STAND-001,FINAL_ASSEMBLY_OPERATOR,,,,,,,0.0,435.0,1,435.0,435.0,435.0,,,0.0,435.0,0.0,0.0,0.0,0.0,0.0,0.0,WORKSTATION,0.0,0.0,0.0,0.0,0.0,0.0,0.0,0.0,0.0,0.0,399.6048,FINITE_CAPACITY_BLOCKED,0.0,0.0,0.0,0.0,True,PHASE4_STEP8F_FINITE_CAPACITY_SCHEDULE_ALTERNATIVES,True
PHASE4-MPS-20260721170405,ALT-BN-CP,PSC-SKU-BIKE-ROAD-001-20260824,ROAD-OP-050,,WS-QC,M-QC-TOOLS-001,QUALITY_INSPECTOR,,,,,,,0.0,435.0,1,435.0,435.0,435.0,,,0.0,435.0,0.0,0.0,0.0,0.0,0.0,0.0,WORKSTATION,0.0,0.0,0.0,0.0,0.0,0.0,0.0,0.0,0.0,0.0,165.008,FINITE_CAPACITY_BLOCKED,0.0,0.0,0.0,0.0,True,PHASE4_STEP8F_FINITE_CAPACITY_SCHEDULE_ALTERNATIVES,True
PHASE4-MPS-20260721170405,ALT-BN-CP,PSC-SKU-BIKE-ROAD-001-20260824,ROAD-OP-060,,WS-PACK,M-PACK-BENCH-001,PACKAGING_OPERATOR,,,,,,,0.0,435.0,1,435.0,435.0,435.0,,,0.0,435.0,0.0,0.0,0.0,0.0,0.0,0.0,WORKSTATION,0.0,0.0,0.0,0.0,0.0,0.0,0.0,0.0,0.0,0.0,129.4918,FINITE_CAPACITY_BLOCKED,0.0,0.0,0.0,0.0,True,PHASE4_STEP8F_FINITE_CAPACITY_SCHEDULE_ALTERNATIVES,True
PHASE4-MPS-20260721170405,ALT-BN-CP,PSC-SKU-BIKE-ROAD-001-20260831,ROAD-OP-030,,WS-BRAKE-SUB,M-BRAKE-BENCH-001,BRAKE_ASSEMBLY_TECHNICIAN,,,,,,,0.0,435.0,2,870.0,870.0,870.0,,,0.0,870.0,0.0,0.0,0.0,0.0,0.0,0.0,WORKSTATION,0.0,0.0,0.0,0.0,0.0,0.0,0.0,0.0,0.0,0.0,187.8149,FINITE_CAPACITY_BLOCKED,0.0,0.0,0.0,0.0,True,PHASE4_STEP8F_FINITE_CAPACITY_SCHEDULE_ALTERNATIVES,True
PHASE4-MPS-20260721170405,ALT-BN-CP,PSC-SKU-BIKE-ROAD-001-20260831,ROAD-OP-040,,WS-FINAL-ASM,M-FINAL-STAND-001,FINAL_ASSEMBLY_OPERATOR,,,,,,,0.0,435.0,1,435.0,435.0,435.0,,,0.0,435.0,0.0,0.0,0.0,0.0,0.0,0.0,WORKSTATION,0.0,0.0,0.0,0.0,0.0,0.0,0.0,0.0,0.0,0.0,399.6048,FINITE_CAPACITY_BLOCKED,0.0,0.0,0.0,0.0,True,PHASE4_STEP8F_FINITE_CAPACITY_SCHEDULE_ALTERNATIVES,True
PHASE4-MPS-20260721170405,ALT-BN-CP,PSC-SKU-BIKE-ROAD-001-20260831,ROAD-OP-050,,WS-QC,M-QC-TOOLS-001,QUALITY_INSPECTOR,,,,,,,0.0,435.0,1,435.0,435.0,435.0,,,0.0,435.0,0.0,0.0,0.0,0.0,0.0,0.0,WORKSTATION,0.0,0.0,0.0,0.0,0.0,0.0,0.0,0.0,0.0,0.0,165.008,FINITE_CAPACITY_BLOCKED,0.0,0.0,0.0,0.0,True,PHASE4_STEP8F_FINITE_CAPACITY_SCHEDULE_ALTERNATIVES,True
PHASE4-MPS-20260721170405,ALT-BN-CP,PSC-SKU-BIKE-ROAD-001-20260831,ROAD-OP-060,,WS-PACK,M-PACK-BENCH-001,PACKAGING_OPERATOR,,,,,,,0.0,435.0,1,435.0,435.0,435.0,,,0.0,435.0,0.0,0.0,0.0,0.0,0.0,0.0,WORKSTATION,0.0,0.0,0.0,0.0,0.0,0.0,0.0,0.0,0.0,0.0,129.4918,FINITE_CAPACITY_BLOCKED,0.0,0.0,0.0,0.0,True,PHASE4_STEP8F_FINITE_CAPACITY_SCHEDULE_ALTERNATIVES,True
PHASE4-MPS-20260721170405,ALT-BN-CP,PSC-SKU-BIKE-ROAD-001-20260907,ROAD-OP-030,,WS-BRAKE-SUB,M-BRAKE-BENCH-001,BRAKE_ASSEMBLY_TECHNICIAN,,,,,,,0.0,435.0,2,870.0,870.0,870.0,,,0.0,870.0,0.0,0.0,0.0,0.0,0.0,0.0,WORKSTATION,0.0,0.0,0.0,0.0,0.0,0.0,0.0,0.0,0.0,0.0,187.8149,FINITE_CAPACITY_BLOCKED,0.0,0.0,0.0,0.0,True,PHASE4_STEP8F_FINITE_CAPACITY_SCHEDULE_ALTERNATIVES,True
PHASE4-MPS-20260721170405,ALT-BN-CP,PSC-SKU-BIKE-ROAD-001-20260907,ROAD-OP-040,,WS-FINAL-ASM,M-FINAL-STAND-001,FINAL_ASSEMBLY_OPERATOR,,,,,,,0.0,435.0,1,435.0,435.0,435.0,,,0.0,435.0,0.0,0.0,0.0,0.0,0.0,0.0,WORKSTATION,0.0,0.0,0.0,0.0,0.0,0.0,0.0,0.0,0.0,0.0,399.6048,FINITE_CAPACITY_BLOCKED,0.0,0.0,0.0,0.0,True,PHASE4_STEP8F_FINITE_CAPACITY_SCHEDULE_ALTERNATIVES,True
PHASE4-MPS-20260721170405,ALT-BN-CP,PSC-SKU-BIKE-ROAD-001-20260907,ROAD-OP-050,,WS-QC,M-QC-TOOLS-001,QUALITY_INSPECTOR,,,,,,,0.0,435.0,1,435.0,435.0,435.0,,,0.0,435.0,0.0,0.0,0.0,0.0,0.0,0.0,WORKSTATION,0.0,0.0,0.0,0.0,0.0,0.0,0.0,0.0,0.0,0.0,165.008,FINITE_CAPACITY_BLOCKED,0.0,0.0,0.0,0.0,True,PHASE4_STEP8F_FINITE_CAPACITY_SCHEDULE_ALTERNATIVES,True
PHASE4-MPS-20260721170405,ALT-BN-CP,PSC-SKU-BIKE-ROAD-001-20260907,ROAD-OP-060,,WS-PACK,M-PACK-BENCH-001,PACKAGING_OPERATOR,,,,,,,0.0,435.0,1,435.0,435.0,435.0,,,0.0,435.0,0.0,0.0,0.0,0.0,0.0,0.0,WORKSTATION,0.0,0.0,0.0,0.0,0.0,0.0,0.0,0.0,0.0,0.0,129.4918,FINITE_CAPACITY_BLOCKED,0.0,0.0,0.0,0.0,True,PHASE4_STEP8F_FINITE_CAPACITY_SCHEDULE_ALTERNATIVES,True
PHASE4-MPS-20260721170405,ALT-BN-CP,PSC-SKU-BIKE-ROAD-001-20260914,ROAD-OP-030,,WS-BRAKE-SUB,M-BRAKE-BENCH-001,BRAKE_ASSEMBLY_TECHNICIAN,,,,,,,0.0,435.0,2,870.0,870.0,870.0,,,0.0,870.0,0.0,0.0,0.0,0.0,0.0,0.0,WORKSTATION,0.0,0.0,0.0,0.0,0.0,0.0,0.0,0.0,0.0,0.0,187.8149,FINITE_CAPACITY_BLOCKED,0.0,0.0,0.0,0.0,True,PHASE4_STEP8F_FINITE_CAPACITY_SCHEDULE_ALTERNATIVES,True
PHASE4-MPS-20260721170405,ALT-BN-CP,PSC-SKU-BIKE-ROAD-001-20260914,ROAD-OP-040,,WS-FINAL-ASM,M-FINAL-STAND-001,FINAL_ASSEMBLY_OPERATOR,,,,,,,0.0,435.0,1,435.0,435.0,435.0,,,0.0,435.0,0.0,0.0,0.0,0.0,0.0,0.0,WORKSTATION,0.0,0.0,0.0,0.0,0.0,0.0,0.0,0.0,0.0,0.0,399.6048,FINITE_CAPACITY_BLOCKED,0.0,0.0,0.0,0.0,True,PHASE4_STEP8F_FINITE_CAPACITY_SCHEDULE_ALTERNATIVES,True
PHASE4-MPS-20260721170405,ALT-BN-CP,PSC-SKU-BIKE-ROAD-001-20260914,ROAD-OP-050,,WS-QC,M-QC-TOOLS-001,QUALITY_INSPECTOR,,,,,,,0.0,435.0,1,435.0,435.0,435.0,,,0.0,435.0,0.0,0.0,0.0,0.0,0.0,0.0,WORKSTATION,0.0,0.0,0.0,0.0,0.0,0.0,0.0,0.0,0.0,0.0,165.008,FINITE_CAPACITY_BLOCKED,0.0,0.0,0.0,0.0,True,PHASE4_STEP8F_FINITE_CAPACITY_SCHEDULE_ALTERNATIVES,True
PHASE4-MPS-20260721170405,ALT-BN-CP,PSC-SKU-BIKE-ROAD-001-20260914,ROAD-OP-060,,WS-PACK,M-PACK-BENCH-001,PACKAGING_OPERATOR,,,,,,,0.0,435.0,1,435.0,435.0,435.0,,,0.0,435.0,0.0,0.0,0.0,0.0,0.0,0.0,WORKSTATION,0.0,0.0,0.0,0.0,0.0,0.0,0.0,0.0,0.0,0.0,129.4918,FINITE_CAPACITY_BLOCKED,0.0,0.0,0.0,0.0,True,PHASE4_STEP8F_FINITE_CAPACITY_SCHEDULE_ALTERNATIVES,True
PHASE4-MPS-20260721170405,ALT-BN-CP,PSC-SKU-BIKE-ROAD-001-20260921,ROAD-OP-030,,WS-BRAKE-SUB,M-BRAKE-BENCH-001,BRAKE_ASSEMBLY_TECHNICIAN,,,,,,,0.0,435.0,2,870.0,870.0,870.0,,,0.0,870.0,0.0,0.0,0.0,0.0,0.0,0.0,WORKSTATION,0.0,0.0,0.0,0.0,0.0,0.0,0.0,0.0,0.0,0.0,187.8149,FINITE_CAPACITY_BLOCKED,0.0,0.0,0.0,0.0,True,PHASE4_STEP8F_FINITE_CAPACITY_SCHEDULE_ALTERNATIVES,True
PHASE4-MPS-20260721170405,ALT-BN-CP,PSC-SKU-BIKE-ROAD-001-20260921,ROAD-OP-040,,WS-FINAL-ASM,M-FINAL-STAND-001,FINAL_ASSEMBLY_OPERATOR,,,,,,,0.0,435.0,1,435.0,435.0,435.0,,,0.0,435.0,0.0,0.0,0.0,0.0,0.0,0.0,WORKSTATION,0.0,0.0,0.0,0.0,0.0,0.0,0.0,0.0,0.0,0.0,399.6048,FINITE_CAPACITY_BLOCKED,0.0,0.0,0.0,0.0,True,PHASE4_STEP8F_FINITE_CAPACITY_SCHEDULE_ALTERNATIVES,True
PHASE4-MPS-20260721170405,ALT-BN-CP,PSC-SKU-BIKE-ROAD-001-20260921,ROAD-OP-050,,WS-QC,M-QC-TOOLS-001,QUALITY_INSPECTOR,,,,,,,0.0,435.0,1,435.0,435.0,435.0,,,0.0,435.0,0.0,0.0,0.0,0.0,0.0,0.0,WORKSTATION,0.0,0.0,0.0,0.0,0.0,0.0,0.0,0.0,0.0,0.0,165.008,FINITE_CAPACITY_BLOCKED,0.0,0.0,0.0,0.0,True,PHASE4_STEP8F_FINITE_CAPACITY_SCHEDULE_ALTERNATIVES,True
PHASE4-MPS-20260721170405,ALT-BN-CP,PSC-SKU-BIKE-ROAD-001-20260921,ROAD-OP-060,,WS-PACK,M-PACK-BENCH-001,PACKAGING_OPERATOR,,,,,,,0.0,435.0,1,435.0,435.0,435.0,,,0.0,435.0,0.0,0.0,0.0,0.0,0.0,0.0,WORKSTATION,0.0,0.0,0.0,0.0,0.0,0.0,0.0,0.0,0.0,0.0,129.4918,FINITE_CAPACITY_BLOCKED,0.0,0.0,0.0,0.0,True,PHASE4_STEP8F_FINITE_CAPACITY_SCHEDULE_ALTERNATIVES,True
PHASE4-MPS-20260721170405,ALT-BN-CP,PSC-SKU-BIKE-ROAD-001-20260928,ROAD-OP-030,,WS-BRAKE-SUB,M-BRAKE-BENCH-001,BRAKE_ASSEMBLY_TECHNICIAN,,,,,,,0.0,435.0,2,870.0,870.0,870.0,,,0.0,870.0,0.0,0.0,0.0,0.0,0.0,0.0,WORKSTATION,0.0,0.0,0.0,0.0,0.0,0.0,0.0,0.0,0.0,0.0,27.6977,FINITE_CAPACITY_BLOCKED,0.0,0.0,0.0,0.0,True,PHASE4_STEP8F_FINITE_CAPACITY_SCHEDULE_ALTERNATIVES,True
PHASE4-MPS-20260721170405,ALT-BN-CP,PSC-SKU-BIKE-MT-001-20260629,MT-OP-040,SEG-ALT-BN-CP-PSC-SKU-BIKE-MT-001-20260629-MT-OP-040-01;SEG-ALT-BN-CP-PSC-SKU-BIKE-MT-001-20260629-MT-OP-040-02;SEG-ALT-BN-CP-PSC-SKU-BIKE-MT-001-20260629-MT-OP-040-03;SEG-ALT-BN-CP-PSC-SKU-BIKE-MT-001-20260629-MT-OP-040-04,WS-BRAKE-SUB,M-BRAKE-BENCH-001,BRAKE_ASSEMBLY_TECHNICIAN,2026-07-01,2026-07-01,SHIFT-A,2026-07-01,SHIFT-A,WIN-20260701-SHIFT-A;WIN-20260702-SHIFT-A;WIN-20260703-SHIFT-A;WIN-20260706-SHIFT-A,1740.0,435.0,2,3480.0,3480.0,3480.0,M-BRAKE-BENCH-001#02=1081.356,BRAKE_ASSEMBLY_TECHNICIAN#02=1081.356,1081.356,2398.644,31.0734,31.0734,31.0734,31.0734,31.0734,31.0734,WORKSTATION,530.034,1081.356,1081.356,128.61,0.0,17.8226,0.2,18.0226,29.0,62.1469,102.6778,FINITE_CAPACITY_FEASIBLE,0.0,0.0,0.0,0.0,True,PHASE4_STEP8F_FINITE_CAPACITY_SCHEDULE_ALTERNATIVES,True
PHASE4-MPS-20260721170405,ALT-BN-CP,PSC-SKU-BIKE-MT-001-20260706,MT-OP-040,SEG-ALT-BN-CP-PSC-SKU-BIKE-MT-001-20260706-MT-OP-040-01;SEG-ALT-BN-CP-PSC-SKU-BIKE-MT-001-20260706-MT-OP-040-02;SEG-ALT-BN-CP-PSC-SKU-BIKE-MT-001-20260706-MT-OP-040-03,WS-BRAKE-SUB,M-BRAKE-BENCH-001,BRAKE_ASSEMBLY_TECHNICIAN,2026-07-08,2026-07-08,SHIFT-A,2026-07-08,SHIFT-A,WIN-20260708-SHIFT-A;WIN-20260709-SHIFT-A;WIN-20260710-SHIFT-A,1305.0,435.0,2,2610.0,2610.0,2610.0,M-BRAKE-BENCH-001#02=968.4081,BRAKE_ASSEMBLY_TECHNICIAN#02=968.4081,968.4081,1641.5919,37.1038,37.1038,37.1038,37.1038,37.1038,37.1038,WORKSTATION,187.579,968.4081,968.4081,149.013,0.0,16.1401,0.0,16.1401,21.75,74.2075,187.4195,FINITE_CAPACITY_FEASIBLE,0.0,0.0,0.0,0.0,True,PHASE4_STEP8F_FINITE_CAPACITY_SCHEDULE_ALTERNATIVES,True
PHASE4-MPS-20260721170405,ALT-BN-CP,PSC-SKU-BIKE-MT-001-20260713,MT-OP-040,,WS-BRAKE-SUB,M-BRAKE-BENCH-001,BRAKE_ASSEMBLY_TECHNICIAN,,,,,,,0.0,435.0,2,870.0,870.0,870.0,,,0.0,870.0,0.0,0.0,0.0,0.0,0.0,0.0,WORKSTATION,0.0,0.0,0.0,0.0,0.0,0.0,0.0,0.0,0.0,0.0,187.8149,FINITE_CAPACITY_BLOCKED,0.0,0.0,0.0,0.0,True,PHASE4_STEP8F_FINITE_CAPACITY_SCHEDULE_ALTERNATIVES,True
PHASE4-MPS-20260721170405,ALT-BN-CP,PSC-SKU-BIKE-MT-001-20260720,MT-OP-040,,WS-BRAKE-SUB,M-BRAKE-BENCH-001,BRAKE_ASSEMBLY_TECHNICIAN,,,,,,,0.0,435.0,2,870.0,870.0,870.0,,,0.0,870.0,0.0,0.0,0.0,0.0,0.0,0.0,WORKSTATION,0.0,0.0,0.0,0.0,0.0,0.0,0.0,0.0,0.0,0.0,187.8149,FINITE_CAPACITY_BLOCKED,0.0,0.0,0.0,0.0,True,PHASE4_STEP8F_FINITE_CAPACITY_SCHEDULE_ALTERNATIVES,True
PHASE4-MPS-20260721170405,ALT-BN-CP,PSC-SKU-BIKE-MT-001-20260727,MT-OP-040,,WS-BRAKE-SUB,M-BRAKE-BENCH-001,BRAKE_ASSEMBLY_TECHNICIAN,,,,,,,0.0,435.0,2,870.0,870.0,870.0,,,0.0,870.0,0.0,0.0,0.0,0.0,0.0,0.0,WORKSTATION,0.0,0.0,0.0,0.0,0.0,0.0,0.0,0.0,0.0,0.0,187.8149,FINITE_CAPACITY_BLOCKED,0.0,0.0,0.0,0.0,True,PHASE4_STEP8F_FINITE_CAPACITY_SCHEDULE_ALTERNATIVES,True
PHASE4-MPS-20260721170405,ALT-BN-CP,PSC-SKU-BIKE-MT-001-20260803,MT-OP-040,,WS-BRAKE-SUB,M-BRAKE-BENCH-001,BRAKE_ASSEMBLY_TECHNICIAN,,,,,,,0.0,435.0,2,870.0,870.0,870.0,,,0.0,870.0,0.0,0.0,0.0,0.0,0.0,0.0,WORKSTATION,0.0,0.0,0.0,0.0,0.0,0.0,0.0,0.0,0.0,0.0,187.8149,FINITE_CAPACITY_BLOCKED,0.0,0.0,0.0,0.0,True,PHASE4_STEP8F_FINITE_CAPACITY_SCHEDULE_ALTERNATIVES,True
PHASE4-MPS-20260721170405,ALT-BN-CP,PSC-SKU-BIKE-MT-001-20260810,MT-OP-040,,WS-BRAKE-SUB,M-BRAKE-BENCH-001,BRAKE_ASSEMBLY_TECHNICIAN,,,,,,,0.0,435.0,2,870.0,870.0,870.0,,,0.0,870.0,0.0,0.0,0.0,0.0,0.0,0.0,WORKSTATION,0.0,0.0,0.0,0.0,0.0,0.0,0.0,0.0,0.0,0.0,187.8149,FINITE_CAPACITY_BLOCKED,0.0,0.0,0.0,0.0,True,PHASE4_STEP8F_FINITE_CAPACITY_SCHEDULE_ALTERNATIVES,True
PHASE4-MPS-20260721170405,ALT-BN-CP,PSC-SKU-BIKE-MT-001-20260817,MT-OP-040,,WS-BRAKE-SUB,M-BRAKE-BENCH-001,BRAKE_ASSEMBLY_TECHNICIAN,,,,,,,0.0,435.0,2,870.0,870.0,870.0,,,0.0,870.0,0.0,0.0,0.0,0.0,0.0,0.0,WORKSTATION,0.0,0.0,0.0,0.0,0.0,0.0,0.0,0.0,0.0,0.0,187.8149,FINITE_CAPACITY_BLOCKED,0.0,0.0,0.0,0.0,True,PHASE4_STEP8F_FINITE_CAPACITY_SCHEDULE_ALTERNATIVES,True
PHASE4-MPS-20260721170405,ALT-BN-CP,PSC-SKU-BIKE-MT-001-20260824,MT-OP-040,,WS-BRAKE-SUB,M-BRAKE-BENCH-001,BRAKE_ASSEMBLY_TECHNICIAN,,,,,,,0.0,435.0,2,870.0,870.0,870.0,,,0.0,870.0,0.0,0.0,0.0,0.0,0.0,0.0,WORKSTATION,0.0,0.0,0.0,0.0,0.0,0.0,0.0,0.0,0.0,0.0,187.8149,FINITE_CAPACITY_BLOCKED,0.0,0.0,0.0,0.0,True,PHASE4_STEP8F_FINITE_CAPACITY_SCHEDULE_ALTERNATIVES,True
PHASE4-MPS-20260721170405,ALT-BN-CP,PSC-SKU-BIKE-MT-001-20260831,MT-OP-040,,WS-BRAKE-SUB,M-BRAKE-BENCH-001,BRAKE_ASSEMBLY_TECHNICIAN,,,,,,,0.0,435.0,2,870.0,870.0,870.0,,,0.0,870.0,0.0,0.0,0.0,0.0,0.0,0.0,WORKSTATION,0.0,0.0,0.0,0.0,0.0,0.0,0.0,0.0,0.0,0.0,187.8149,FINITE_CAPACITY_BLOCKED,0.0,0.0,0.0,0.0,True,PHASE4_STEP8F_FINITE_CAPACITY_SCHEDULE_ALTERNATIVES,True
PHASE4-MPS-20260721170405,ALT-BN-CP,PSC-SKU-BIKE-MT-001-20260907,MT-OP-040,,WS-BRAKE-SUB,M-BRAKE-BENCH-001,BRAKE_ASSEMBLY_TECHNICIAN,,,,,,,0.0,435.0,2,870.0,870.0,870.0,,,0.0,870.0,0.0,0.0,0.0,0.0,0.0,0.0,WORKSTATION,0.0,0.0,0.0,0.0,0.0,0.0,0.0,0.0,0.0,0.0,187.8149,FINITE_CAPACITY_BLOCKED,0.0,0.0,0.0,0.0,True,PHASE4_STEP8F_FINITE_CAPACITY_SCHEDULE_ALTERNATIVES,True
PHASE4-MPS-20260721170405,ALT-BN-CP,PSC-SKU-BIKE-MT-001-20260914,MT-OP-040,,WS-BRAKE-SUB,M-BRAKE-BENCH-001,BRAKE_ASSEMBLY_TECHNICIAN,,,,,,,0.0,435.0,2,870.0,870.0,870.0,,,0.0,870.0,0.0,0.0,0.0,0.0,0.0,0.0,WORKSTATION,0.0,0.0,0.0,0.0,0.0,0.0,0.0,0.0,0.0,0.0,187.8149,FINITE_CAPACITY_BLOCKED,0.0,0.0,0.0,0.0,True,PHASE4_STEP8F_FINITE_CAPACITY_SCHEDULE_ALTERNATIVES,True
PHASE4-MPS-20260721170405,ALT-BN-CP,PSC-SKU-BIKE-MT-001-20260921,MT-OP-040,,WS-BRAKE-SUB,M-BRAKE-BENCH-001,BRAKE_ASSEMBLY_TECHNICIAN,,,,,,,0.0,435.0,2,870.0,870.0,870.0,,,0.0,870.0,0.0,0.0,0.0,0.0,0.0,0.0,WORKSTATION,0.0,0.0,0.0,0.0,0.0,0.0,0.0,0.0,0.0,0.0,187.8149,FINITE_CAPACITY_BLOCKED,0.0,0.0,0.0,0.0,True,PHASE4_STEP8F_FINITE_CAPACITY_SCHEDULE_ALTERNATIVES,True
PHASE4-MPS-20260721170405,ALT-BN-CP,PSC-SKU-BIKE-MT-001-20260928,MT-OP-040,,WS-BRAKE-SUB,M-BRAKE-BENCH-001,BRAKE_ASSEMBLY_TECHNICIAN,,,,,,,0.0,435.0,2,870.0,870.0,870.0,,,0.0,870.0,0.0,0.0,0.0,0.0,0.0,0.0,WORKSTATION,0.0,0.0,0.0,0.0,0.0,0.0,0.0,0.0,0.0,0.0,27.6977,FINITE_CAPACITY_BLOCKED,0.0,0.0,0.0,0.0,True,PHASE4_STEP8F_FINITE_CAPACITY_SCHEDULE_ALTERNATIVES,True
PHASE4-MPS-20260721170405,ALT-BN-CP,PSC-SKU-BIKE-MT-001-20260629,MT-OP-020,SEG-ALT-BN-CP-PSC-SKU-BIKE-MT-001-20260629-MT-OP-020-01;SEG-ALT-BN-CP-PSC-SKU-BIKE-MT-001-20260629-MT-OP-020-02;SEG-ALT-BN-CP-PSC-SKU-BIKE-MT-001-20260629-MT-OP-020-03;SEG-ALT-BN-CP-PSC-SKU-BIKE-MT-001-20260629-MT-OP-020-04,WS-FORK-SUSP,M-FORK-BENCH-001,SUSPENSION_TECHNICIAN,2026-07-01,2026-07-01,SHIFT-A,2026-07-01,SHIFT-A,WIN-20260701-SHIFT-A;WIN-20260702-SHIFT-A;WIN-20260703-SHIFT-A;WIN-20260706-SHIFT-A,1740.0,435.0,2,3480.0,3480.0,3480.0,M-FORK-BENCH-001#01=1408.098,SUSPENSION_TECHNICIAN#01=1408.098,1408.098,2071.902,40.4626,40.4626,40.4626,40.4626,40.4626,40.4626,WORKSTATION,277.944,1408.098,1408.098,53.958,0.0,23.4683,0.0,23.4683,29.0,80.9252,80.9252,FINITE_CAPACITY_FEASIBLE,0.0,0.0,0.0,0.0,True,PHASE4_STEP8F_FINITE_CAPACITY_SCHEDULE_ALTERNATIVES,True
PHASE4-MPS-20260721170405,ALT-BN-CP,PSC-SKU-BIKE-MT-001-20260706,MT-OP-020,SEG-ALT-BN-CP-PSC-SKU-BIKE-MT-001-20260706-MT-OP-020-01;SEG-ALT-BN-CP-PSC-SKU-BIKE-MT-001-20260706-MT-OP-020-02;SEG-ALT-BN-CP-PSC-SKU-BIKE-MT-001-20260706-MT-OP-020-03;SEG-ALT-BN-CP-PSC-SKU-BIKE-MT-001-20260706-MT-OP-020-04,WS-FORK-SUSP,M-FORK-BENCH-001,SUSPENSION_TECHNICIAN,2026-07-08,2026-07-08,SHIFT-A,2026-07-08,SHIFT-A,WIN-20260708-SHIFT-A;WIN-20260709-SHIFT-A;WIN-20260710-SHIFT-A;WIN-20260713-SHIFT-A,1740.0,435.0,2,3480.0,3480.0,3480.0,M-FORK-BENCH-001#01=1275.1724,SUSPENSION_TECHNICIAN#01=1275.1724,1275.1724,2204.8276,36.6429,36.6429,36.6429,36.6429,36.6429,36.6429,WORKSTATION,187.579,1275.1724,1275.1724,277.2486,0.0,21.2529,0.0,21.2529,29.0,73.2858,118.6224,FINITE_CAPACITY_FEASIBLE,0.0,0.0,0.0,0.0,True,PHASE4_STEP8F_FINITE_CAPACITY_SCHEDULE_ALTERNATIVES,True
PHASE4-MPS-20260721170405,ALT-BN-CP,PSC-SKU-BIKE-MT-001-20260706,MT-OP-050,SEG-ALT-BN-CP-PSC-SKU-BIKE-MT-001-20260706-MT-OP-050-01;SEG-ALT-BN-CP-PSC-SKU-BIKE-MT-001-20260706-MT-OP-050-02;SEG-ALT-BN-CP-PSC-SKU-BIKE-MT-001-20260706-MT-OP-050-03;SEG-ALT-BN-CP-PSC-SKU-BIKE-MT-001-20260706-MT-OP-050-04;SEG-ALT-BN-CP-PSC-SKU-BIKE-MT-001-20260706-MT-OP-050-05;SEG-ALT-BN-CP-PSC-SKU-BIKE-MT-001-20260706-MT-OP-050-06;SEG-ALT-BN-CP-PSC-SKU-BIKE-MT-001-20260706-MT-OP-050-07;SEG-ALT-BN-CP-PSC-SKU-BIKE-MT-001-20260706-MT-OP-050-08,WS-FINAL-ASM,M-FINAL-STAND-001,FINAL_ASSEMBLY_OPERATOR,2026-07-22,2026-07-22,SHIFT-A,2026-07-22,SHIFT-A,WIN-20260722-SHIFT-A;WIN-20260723-SHIFT-A;WIN-20260724-SHIFT-A;WIN-20260727-SHIFT-A;WIN-20260728-SHIFT-A;WIN-20260729-SHIFT-A;WIN-20260730-SHIFT-A;WIN-20260731-SHIFT-A,3480.0,435.0,1,3480.0,3480.0,3480.0,M-FINAL-STAND-001#01=3294.2413,FINAL_ASSEMBLY_OPERATOR#01=3294.2413,3294.2413,185.7587,94.6621,94.6621,94.6621,94.6621,94.6621,94.6621,WORKSTATION,153.6734,3294.2413,3294.2413,32.0853,0.0,54.504,0.4,54.904,58.0,94.6621,398.7676,FINITE_CAPACITY_FEASIBLE,0.0,0.0,0.0,0.0,True,PHASE4_STEP8F_FINITE_CAPACITY_SCHEDULE_ALTERNATIVES,True
PHASE4-MPS-20260721170405,ALT-BN-CP,PSC-SKU-BIKE-MT-001-20260706,MT-OP-060,SEG-ALT-BN-CP-PSC-SKU-BIKE-MT-001-20260706-MT-OP-060-01;SEG-ALT-BN-CP-PSC-SKU-BIKE-MT-001-20260706-MT-OP-060-02;SEG-ALT-BN-CP-PSC-SKU-BIKE-MT-001-20260706-MT-OP-060-03;SEG-ALT-BN-CP-PSC-SKU-BIKE-MT-001-20260706-MT-OP-060-04;SEG-ALT-BN-CP-PSC-SKU-BIKE-MT-001-20260706-MT-OP-060-05,WS-QC,M-QC-TOOLS-001,QUALITY_INSPECTOR,2026-07-31,2026-07-31,SHIFT-A,2026-07-31,SHIFT-A,WIN-20260731-SHIFT-A;WIN-20260803-SHIFT-A;WIN-20260804-SHIFT-A;WIN-20260805-SHIFT-A;WIN-20260806-SHIFT-A,2175.0,435.0,1,2175.0,2175.0,2175.0,M-QC-TOOLS-001#01=1367.8829,QUALITY_INSPECTOR#01=1367.8829,1367.8829,807.1171,62.8912,62.8912,62.8912,62.8912,62.8912,62.8912,WORKSTATION,402.9147,1367.8829,1367.8829,404.2025,0.0,22.6647,0.1333,22.798,36.25,62.8912,164.6642,FINITE_CAPACITY_FEASIBLE,0.0,0.0001,0.0,0.0,True,PHASE4_STEP8F_FINITE_CAPACITY_SCHEDULE_ALTERNATIVES,True
PHASE4-MPS-20260721170405,ALT-BN-CP,PSC-SKU-BIKE-MT-001-20260706,MT-OP-070,SEG-ALT-BN-CP-PSC-SKU-BIKE-MT-001-20260706-MT-OP-070-01;SEG-ALT-BN-CP-PSC-SKU-BIKE-MT-001-20260706-MT-OP-070-02;SEG-ALT-BN-CP-PSC-SKU-BIKE-MT-001-20260706-MT-OP-070-03,WS-PACK,M-PACK-BENCH-001,PACKAGING_OPERATOR,2026-08-06,2026-08-06,SHIFT-A,2026-08-06,SHIFT-A,WIN-20260806-SHIFT-A;WIN-20260807-SHIFT-A;WIN-20260810-SHIFT-A,1305.0,435.0,1,1305.0,1305.0,1305.0,M-PACK-BENCH-001#01=1033.2619,PACKAGING_OPERATOR#01=1033.2619,1033.2619,271.7381,79.1772,79.1772,79.1772,79.1772,79.1772,79.1772,WORKSTATION,30.7975,1033.2619,1033.2619,240.9406,0.0,17.121,0.1,17.221,21.75,79.1772,129.2125,FINITE_CAPACITY_FEASIBLE,0.0,0.0,0.0,0.0,True,PHASE4_STEP8F_FINITE_CAPACITY_SCHEDULE_ALTERNATIVES,True
PHASE4-MPS-20260721170405,ALT-BN-CP,PSC-SKU-BIKE-MT-001-20260713,MT-OP-020,,WS-FORK-SUSP,M-FORK-BENCH-001,SUSPENSION_TECHNICIAN,,,,,,,0.0,435.0,2,870.0,870.0,870.0,,,0.0,870.0,0.0,0.0,0.0,0.0,0.0,0.0,WORKSTATION,0.0,0.0,0.0,0.0,0.0,0.0,0.0,0.0,0.0,0.0,118.6224,FINITE_CAPACITY_BLOCKED,0.0,0.0,0.0,0.0,True,PHASE4_STEP8F_FINITE_CAPACITY_SCHEDULE_ALTERNATIVES,True
PHASE4-MPS-20260721170405,ALT-BN-CP,PSC-SKU-BIKE-MT-001-20260713,MT-OP-050,SEG-ALT-BN-CP-PSC-SKU-BIKE-MT-001-20260713-MT-OP-050-01;SEG-ALT-BN-CP-PSC-SKU-BIKE-MT-001-20260713-MT-OP-050-02;SEG-ALT-BN-CP-PSC-SKU-BIKE-MT-001-20260713-MT-OP-050-03;SEG-ALT-BN-CP-PSC-SKU-BIKE-MT-001-20260713-MT-OP-050-04,WS-FINAL-ASM,M-FINAL-STAND-001,FINAL_ASSEMBLY_OPERATOR,2026-07-31,2026-07-31,SHIFT-A,2026-07-31,SHIFT-A,WIN-20260731-SHIFT-A;WIN-20260803-SHIFT-A;WIN-20260804-SHIFT-A;WIN-20260805-SHIFT-A,1740.0,435.0,1,1740.0,1740.0,1740.0,M-FINAL-STAND-001#01=1090.0804,FINAL_ASSEMBLY_OPERATOR#01=1090.0804,1090.0804,649.9196,62.6483,62.6483,62.6483,62.6483,62.6483,62.6483,WORKSTATION,402.9147,1090.0804,1090.0804,247.0049,0.0,18.168,0.0,18.168,29.0,62.6483,399.6048,FINITE_CAPACITY_FEASIBLE,0.0,0.0,0.0,0.0,True,PHASE4_STEP8F_FINITE_CAPACITY_SCHEDULE_ALTERNATIVES,True
PHASE4-MPS-20260721170405,ALT-BN-CP,PSC-SKU-BIKE-MT-001-20260713,MT-OP-060,SEG-ALT-BN-CP-PSC-SKU-BIKE-MT-001-20260713-MT-OP-060-01;SEG-ALT-BN-CP-PSC-SKU-BIKE-MT-001-20260713-MT-OP-060-02,WS-QC,M-QC-TOOLS-001,QUALITY_INSPECTOR,2026-08-06,2026-08-06,SHIFT-A,2026-08-06,SHIFT-A,WIN-20260806-SHIFT-A;WIN-20260807-SHIFT-A,870.0,435.0,1,870.0,870.0,870.0,M-QC-TOOLS-001#01=453.2943,QUALITY_INSPECTOR#01=453.2943,453.2943,416.7057,52.1028,52.1028,52.1028,52.1028,52.1028,52.1028,WORKSTATION,30.7975,453.2943,453.2943,385.9082,0.0,7.5549,0.0,7.5549,14.5,52.1028,165.008,FINITE_CAPACITY_FEASIBLE,0.0,0.0,0.0,0.0,True,PHASE4_STEP8F_FINITE_CAPACITY_SCHEDULE_ALTERNATIVES,True
PHASE4-MPS-20260721170405,ALT-BN-CP,PSC-SKU-BIKE-MT-001-20260713,MT-OP-070,SEG-ALT-BN-CP-PSC-SKU-BIKE-MT-001-20260713-MT-OP-070-01;SEG-ALT-BN-CP-PSC-SKU-BIKE-MT-001-20260713-MT-OP-070-02,WS-PACK,M-PACK-BENCH-001,PACKAGING_OPERATOR,2026-08-10,2026-08-10,SHIFT-A,2026-08-10,SHIFT-A,WIN-20260810-SHIFT-A;WIN-20260811-SHIFT-A,870.0,435.0,1,870.0,870.0,870.0,M-PACK-BENCH-001#01=342.4206,PACKAGING_OPERATOR#01=342.4206,342.4206,527.5794,39.3587,39.3587,39.3587,39.3587,39.3587,39.3587,WORKSTATION,194.0594,342.4206,342.4206,333.5199,0.0,5.707,0.0,5.707,14.5,39.3587,129.4918,FINITE_CAPACITY_FEASIBLE,0.0,0.0,8.793,70.3439,True,PHASE4_STEP8F_FINITE_CAPACITY_SCHEDULE_ALTERNATIVES,True
PHASE4-MPS-20260721170405,ALT-BN-CP,PSC-SKU-BIKE-MT-001-20260720,MT-OP-020,,WS-FORK-SUSP,M-FORK-BENCH-001,SUSPENSION_TECHNICIAN,,,,,,,0.0,435.0,2,870.0,870.0,870.0,,,0.0,870.0,0.0,0.0,0.0,0.0,0.0,0.0,WORKSTATION,0.0,0.0,0.0,0.0,0.0,0.0,0.0,0.0,0.0,0.0,118.6224,FINITE_CAPACITY_BLOCKED,0.0,0.0,0.0,0.0,True,PHASE4_STEP8F_FINITE_CAPACITY_SCHEDULE_ALTERNATIVES,True
PHASE4-MPS-20260721170405,ALT-BN-CP,PSC-SKU-BIKE-MT-001-20260720,MT-OP-050,,WS-FINAL-ASM,M-FINAL-STAND-001,FINAL_ASSEMBLY_OPERATOR,,,,,,,0.0,435.0,1,435.0,435.0,435.0,,,0.0,435.0,0.0,0.0,0.0,0.0,0.0,0.0,WORKSTATION,0.0,0.0,0.0,0.0,0.0,0.0,0.0,0.0,0.0,0.0,399.6048,FINITE_CAPACITY_BLOCKED,0.0,0.0,0.0,0.0,True,PHASE4_STEP8F_FINITE_CAPACITY_SCHEDULE_ALTERNATIVES,True
PHASE4-MPS-20260721170405,ALT-BN-CP,PSC-SKU-BIKE-MT-001-20260720,MT-OP-060,,WS-QC,M-QC-TOOLS-001,QUALITY_INSPECTOR,,,,,,,0.0,435.0,1,435.0,435.0,435.0,,,0.0,435.0,0.0,0.0,0.0,0.0,0.0,0.0,WORKSTATION,0.0,0.0,0.0,0.0,0.0,0.0,0.0,0.0,0.0,0.0,165.008,FINITE_CAPACITY_BLOCKED,0.0,0.0,0.0,0.0,True,PHASE4_STEP8F_FINITE_CAPACITY_SCHEDULE_ALTERNATIVES,True
PHASE4-MPS-20260721170405,ALT-BN-CP,PSC-SKU-BIKE-MT-001-20260720,MT-OP-070,,WS-PACK,M-PACK-BENCH-001,PACKAGING_OPERATOR,,,,,,,0.0,435.0,1,435.0,435.0,435.0,,,0.0,435.0,0.0,0.0,0.0,0.0,0.0,0.0,WORKSTATION,0.0,0.0,0.0,0.0,0.0,0.0,0.0,0.0,0.0,0.0,129.4918,FINITE_CAPACITY_BLOCKED,0.0,0.0,0.0,0.0,True,PHASE4_STEP8F_FINITE_CAPACITY_SCHEDULE_ALTERNATIVES,True
PHASE4-MPS-20260721170405,ALT-BN-CP,PSC-SKU-BIKE-MT-001-20260727,MT-OP-020,,WS-FORK-SUSP,M-FORK-BENCH-001,SUSPENSION_TECHNICIAN,,,,,,,0.0,435.0,2,870.0,870.0,870.0,,,0.0,870.0,0.0,0.0,0.0,0.0,0.0,0.0,WORKSTATION,0.0,0.0,0.0,0.0,0.0,0.0,0.0,0.0,0.0,0.0,118.6224,FINITE_CAPACITY_BLOCKED,0.0,0.0,0.0,0.0,True,PHASE4_STEP8F_FINITE_CAPACITY_SCHEDULE_ALTERNATIVES,True
PHASE4-MPS-20260721170405,ALT-BN-CP,PSC-SKU-BIKE-MT-001-20260727,MT-OP-050,,WS-FINAL-ASM,M-FINAL-STAND-001,FINAL_ASSEMBLY_OPERATOR,,,,,,,0.0,435.0,1,435.0,435.0,435.0,,,0.0,435.0,0.0,0.0,0.0,0.0,0.0,0.0,WORKSTATION,0.0,0.0,0.0,0.0,0.0,0.0,0.0,0.0,0.0,0.0,399.6048,FINITE_CAPACITY_BLOCKED,0.0,0.0,0.0,0.0,True,PHASE4_STEP8F_FINITE_CAPACITY_SCHEDULE_ALTERNATIVES,True
PHASE4-MPS-20260721170405,ALT-BN-CP,PSC-SKU-BIKE-MT-001-20260727,MT-OP-060,,WS-QC,M-QC-TOOLS-001,QUALITY_INSPECTOR,,,,,,,0.0,435.0,1,435.0,435.0,435.0,,,0.0,435.0,0.0,0.0,0.0,0.0,0.0,0.0,WORKSTATION,0.0,0.0,0.0,0.0,0.0,0.0,0.0,0.0,0.0,0.0,165.008,FINITE_CAPACITY_BLOCKED,0.0,0.0,0.0,0.0,True,PHASE4_STEP8F_FINITE_CAPACITY_SCHEDULE_ALTERNATIVES,True
PHASE4-MPS-20260721170405,ALT-BN-CP,PSC-SKU-BIKE-MT-001-20260727,MT-OP-070,,WS-PACK,M-PACK-BENCH-001,PACKAGING_OPERATOR,,,,,,,0.0,435.0,1,435.0,435.0,435.0,,,0.0,435.0,0.0,0.0,0.0,0.0,0.0,0.0,WORKSTATION,0.0,0.0,0.0,0.0,0.0,0.0,0.0,0.0,0.0,0.0,129.4918,FINITE_CAPACITY_BLOCKED,0.0,0.0,0.0,0.0,True,PHASE4_STEP8F_FINITE_CAPACITY_SCHEDULE_ALTERNATIVES,True
PHASE4-MPS-20260721170405,ALT-BN-CP,PSC-SKU-BIKE-MT-001-20260803,MT-OP-020,,WS-FORK-SUSP,M-FORK-BENCH-001,SUSPENSION_TECHNICIAN,,,,,,,0.0,435.0,2,870.0,870.0,870.0,,,0.0,870.0,0.0,0.0,0.0,0.0,0.0,0.0,WORKSTATION,0.0,0.0,0.0,0.0,0.0,0.0,0.0,0.0,0.0,0.0,118.6224,FINITE_CAPACITY_BLOCKED,0.0,0.0,0.0,0.0,True,PHASE4_STEP8F_FINITE_CAPACITY_SCHEDULE_ALTERNATIVES,True
PHASE4-MPS-20260721170405,ALT-BN-CP,PSC-SKU-BIKE-MT-001-20260803,MT-OP-050,,WS-FINAL-ASM,M-FINAL-STAND-001,FINAL_ASSEMBLY_OPERATOR,,,,,,,0.0,435.0,1,435.0,435.0,435.0,,,0.0,435.0,0.0,0.0,0.0,0.0,0.0,0.0,WORKSTATION,0.0,0.0,0.0,0.0,0.0,0.0,0.0,0.0,0.0,0.0,399.6048,FINITE_CAPACITY_BLOCKED,0.0,0.0,0.0,0.0,True,PHASE4_STEP8F_FINITE_CAPACITY_SCHEDULE_ALTERNATIVES,True
PHASE4-MPS-20260721170405,ALT-BN-CP,PSC-SKU-BIKE-MT-001-20260803,MT-OP-060,,WS-QC,M-QC-TOOLS-001,QUALITY_INSPECTOR,,,,,,,0.0,435.0,1,435.0,435.0,435.0,,,0.0,435.0,0.0,0.0,0.0,0.0,0.0,0.0,WORKSTATION,0.0,0.0,0.0,0.0,0.0,0.0,0.0,0.0,0.0,0.0,165.008,FINITE_CAPACITY_BLOCKED,0.0,0.0,0.0,0.0,True,PHASE4_STEP8F_FINITE_CAPACITY_SCHEDULE_ALTERNATIVES,True
PHASE4-MPS-20260721170405,ALT-BN-CP,PSC-SKU-BIKE-MT-001-20260803,MT-OP-070,,WS-PACK,M-PACK-BENCH-001,PACKAGING_OPERATOR,,,,,,,0.0,435.0,1,435.0,435.0,435.0,,,0.0,435.0,0.0,0.0,0.0,0.0,0.0,0.0,WORKSTATION,0.0,0.0,0.0,0.0,0.0,0.0,0.0,0.0,0.0,0.0,129.4918,FINITE_CAPACITY_BLOCKED,0.0,0.0,0.0,0.0,True,PHASE4_STEP8F_FINITE_CAPACITY_SCHEDULE_ALTERNATIVES,True
PHASE4-MPS-20260721170405,ALT-BN-CP,PSC-SKU-BIKE-MT-001-20260810,MT-OP-020,,WS-FORK-SUSP,M-FORK-BENCH-001,SUSPENSION_TECHNICIAN,,,,,,,0.0,435.0,2,870.0,870.0,870.0,,,0.0,870.0,0.0,0.0,0.0,0.0,0.0,0.0,WORKSTATION,0.0,0.0,0.0,0.0,0.0,0.0,0.0,0.0,0.0,0.0,118.6224,FINITE_CAPACITY_BLOCKED,0.0,0.0,0.0,0.0,True,PHASE4_STEP8F_FINITE_CAPACITY_SCHEDULE_ALTERNATIVES,True
PHASE4-MPS-20260721170405,ALT-BN-CP,PSC-SKU-BIKE-MT-001-20260810,MT-OP-050,,WS-FINAL-ASM,M-FINAL-STAND-001,FINAL_ASSEMBLY_OPERATOR,,,,,,,0.0,435.0,1,435.0,435.0,435.0,,,0.0,435.0,0.0,0.0,0.0,0.0,0.0,0.0,WORKSTATION,0.0,0.0,0.0,0.0,0.0,0.0,0.0,0.0,0.0,0.0,399.6048,FINITE_CAPACITY_BLOCKED,0.0,0.0,0.0,0.0,True,PHASE4_STEP8F_FINITE_CAPACITY_SCHEDULE_ALTERNATIVES,True
PHASE4-MPS-20260721170405,ALT-BN-CP,PSC-SKU-BIKE-MT-001-20260810,MT-OP-060,,WS-QC,M-QC-TOOLS-001,QUALITY_INSPECTOR,,,,,,,0.0,435.0,1,435.0,435.0,435.0,,,0.0,435.0,0.0,0.0,0.0,0.0,0.0,0.0,WORKSTATION,0.0,0.0,0.0,0.0,0.0,0.0,0.0,0.0,0.0,0.0,165.008,FINITE_CAPACITY_BLOCKED,0.0,0.0,0.0,0.0,True,PHASE4_STEP8F_FINITE_CAPACITY_SCHEDULE_ALTERNATIVES,True
PHASE4-MPS-20260721170405,ALT-BN-CP,PSC-SKU-BIKE-MT-001-20260810,MT-OP-070,,WS-PACK,M-PACK-BENCH-001,PACKAGING_OPERATOR,,,,,,,0.0,435.0,1,435.0,435.0,435.0,,,0.0,435.0,0.0,0.0,0.0,0.0,0.0,0.0,WORKSTATION,0.0,0.0,0.0,0.0,0.0,0.0,0.0,0.0,0.0,0.0,129.4918,FINITE_CAPACITY_BLOCKED,0.0,0.0,0.0,0.0,True,PHASE4_STEP8F_FINITE_CAPACITY_SCHEDULE_ALTERNATIVES,True
PHASE4-MPS-20260721170405,ALT-BN-CP,PSC-SKU-BIKE-MT-001-20260817,MT-OP-020,,WS-FORK-SUSP,M-FORK-BENCH-001,SUSPENSION_TECHNICIAN,,,,,,,0.0,435.0,2,870.0,870.0,870.0,,,0.0,870.0,0.0,0.0,0.0,0.0,0.0,0.0,WORKSTATION,0.0,0.0,0.0,0.0,0.0,0.0,0.0,0.0,0.0,0.0,118.6224,FINITE_CAPACITY_BLOCKED,0.0,0.0,0.0,0.0,True,PHASE4_STEP8F_FINITE_CAPACITY_SCHEDULE_ALTERNATIVES,True
PHASE4-MPS-20260721170405,ALT-BN-CP,PSC-SKU-BIKE-MT-001-20260817,MT-OP-050,,WS-FINAL-ASM,M-FINAL-STAND-001,FINAL_ASSEMBLY_OPERATOR,,,,,,,0.0,435.0,1,435.0,435.0,435.0,,,0.0,435.0,0.0,0.0,0.0,0.0,0.0,0.0,WORKSTATION,0.0,0.0,0.0,0.0,0.0,0.0,0.0,0.0,0.0,0.0,399.6048,FINITE_CAPACITY_BLOCKED,0.0,0.0,0.0,0.0,True,PHASE4_STEP8F_FINITE_CAPACITY_SCHEDULE_ALTERNATIVES,True
PHASE4-MPS-20260721170405,ALT-BN-CP,PSC-SKU-BIKE-MT-001-20260817,MT-OP-060,,WS-QC,M-QC-TOOLS-001,QUALITY_INSPECTOR,,,,,,,0.0,435.0,1,435.0,435.0,435.0,,,0.0,435.0,0.0,0.0,0.0,0.0,0.0,0.0,WORKSTATION,0.0,0.0,0.0,0.0,0.0,0.0,0.0,0.0,0.0,0.0,165.008,FINITE_CAPACITY_BLOCKED,0.0,0.0,0.0,0.0,True,PHASE4_STEP8F_FINITE_CAPACITY_SCHEDULE_ALTERNATIVES,True
PHASE4-MPS-20260721170405,ALT-BN-CP,PSC-SKU-BIKE-MT-001-20260817,MT-OP-070,,WS-PACK,M-PACK-BENCH-001,PACKAGING_OPERATOR,,,,,,,0.0,435.0,1,435.0,435.0,435.0,,,0.0,435.0,0.0,0.0,0.0,0.0,0.0,0.0,WORKSTATION,0.0,0.0,0.0,0.0,0.0,0.0,0.0,0.0,0.0,0.0,129.4918,FINITE_CAPACITY_BLOCKED,0.0,0.0,0.0,0.0,True,PHASE4_STEP8F_FINITE_CAPACITY_SCHEDULE_ALTERNATIVES,True
PHASE4-MPS-20260721170405,ALT-BN-CP,PSC-SKU-BIKE-MT-001-20260824,MT-OP-020,,WS-FORK-SUSP,M-FORK-BENCH-001,SUSPENSION_TECHNICIAN,,,,,,,0.0,435.0,2,870.0,870.0,870.0,,,0.0,870.0,0.0,0.0,0.0,0.0,0.0,0.0,WORKSTATION,0.0,0.0,0.0,0.0,0.0,0.0,0.0,0.0,0.0,0.0,118.6224,FINITE_CAPACITY_BLOCKED,0.0,0.0,0.0,0.0,True,PHASE4_STEP8F_FINITE_CAPACITY_SCHEDULE_ALTERNATIVES,True
PHASE4-MPS-20260721170405,ALT-BN-CP,PSC-SKU-BIKE-MT-001-20260824,MT-OP-050,,WS-FINAL-ASM,M-FINAL-STAND-001,FINAL_ASSEMBLY_OPERATOR,,,,,,,0.0,435.0,1,435.0,435.0,435.0,,,0.0,435.0,0.0,0.0,0.0,0.0,0.0,0.0,WORKSTATION,0.0,0.0,0.0,0.0,0.0,0.0,0.0,0.0,0.0,0.0,399.6048,FINITE_CAPACITY_BLOCKED,0.0,0.0,0.0,0.0,True,PHASE4_STEP8F_FINITE_CAPACITY_SCHEDULE_ALTERNATIVES,True
PHASE4-MPS-20260721170405,ALT-BN-CP,PSC-SKU-BIKE-MT-001-20260824,MT-OP-060,,WS-QC,M-QC-TOOLS-001,QUALITY_INSPECTOR,,,,,,,0.0,435.0,1,435.0,435.0,435.0,,,0.0,435.0,0.0,0.0,0.0,0.0,0.0,0.0,WORKSTATION,0.0,0.0,0.0,0.0,0.0,0.0,0.0,0.0,0.0,0.0,165.008,FINITE_CAPACITY_BLOCKED,0.0,0.0,0.0,0.0,True,PHASE4_STEP8F_FINITE_CAPACITY_SCHEDULE_ALTERNATIVES,True
PHASE4-MPS-20260721170405,ALT-BN-CP,PSC-SKU-BIKE-MT-001-20260824,MT-OP-070,,WS-PACK,M-PACK-BENCH-001,PACKAGING_OPERATOR,,,,,,,0.0,435.0,1,435.0,435.0,435.0,,,0.0,435.0,0.0,0.0,0.0,0.0,0.0,0.0,WORKSTATION,0.0,0.0,0.0,0.0,0.0,0.0,0.0,0.0,0.0,0.0,129.4918,FINITE_CAPACITY_BLOCKED,0.0,0.0,0.0,0.0,True,PHASE4_STEP8F_FINITE_CAPACITY_SCHEDULE_ALTERNATIVES,True
PHASE4-MPS-20260721170405,ALT-BN-CP,PSC-SKU-BIKE-MT-001-20260831,MT-OP-020,,WS-FORK-SUSP,M-FORK-BENCH-001,SUSPENSION_TECHNICIAN,,,,,,,0.0,435.0,2,870.0,870.0,870.0,,,0.0,870.0,0.0,0.0,0.0,0.0,0.0,0.0,WORKSTATION,0.0,0.0,0.0,0.0,0.0,0.0,0.0,0.0,0.0,0.0,118.6224,FINITE_CAPACITY_BLOCKED,0.0,0.0,0.0,0.0,True,PHASE4_STEP8F_FINITE_CAPACITY_SCHEDULE_ALTERNATIVES,True
PHASE4-MPS-20260721170405,ALT-BN-CP,PSC-SKU-BIKE-MT-001-20260831,MT-OP-050,,WS-FINAL-ASM,M-FINAL-STAND-001,FINAL_ASSEMBLY_OPERATOR,,,,,,,0.0,435.0,1,435.0,435.0,435.0,,,0.0,435.0,0.0,0.0,0.0,0.0,0.0,0.0,WORKSTATION,0.0,0.0,0.0,0.0,0.0,0.0,0.0,0.0,0.0,0.0,399.6048,FINITE_CAPACITY_BLOCKED,0.0,0.0,0.0,0.0,True,PHASE4_STEP8F_FINITE_CAPACITY_SCHEDULE_ALTERNATIVES,True
PHASE4-MPS-20260721170405,ALT-BN-CP,PSC-SKU-BIKE-MT-001-20260831,MT-OP-060,,WS-QC,M-QC-TOOLS-001,QUALITY_INSPECTOR,,,,,,,0.0,435.0,1,435.0,435.0,435.0,,,0.0,435.0,0.0,0.0,0.0,0.0,0.0,0.0,WORKSTATION,0.0,0.0,0.0,0.0,0.0,0.0,0.0,0.0,0.0,0.0,165.008,FINITE_CAPACITY_BLOCKED,0.0,0.0,0.0,0.0,True,PHASE4_STEP8F_FINITE_CAPACITY_SCHEDULE_ALTERNATIVES,True
PHASE4-MPS-20260721170405,ALT-BN-CP,PSC-SKU-BIKE-MT-001-20260831,MT-OP-070,,WS-PACK,M-PACK-BENCH-001,PACKAGING_OPERATOR,,,,,,,0.0,435.0,1,435.0,435.0,435.0,,,0.0,435.0,0.0,0.0,0.0,0.0,0.0,0.0,WORKSTATION,0.0,0.0,0.0,0.0,0.0,0.0,0.0,0.0,0.0,0.0,129.4918,FINITE_CAPACITY_BLOCKED,0.0,0.0,0.0,0.0,True,PHASE4_STEP8F_FINITE_CAPACITY_SCHEDULE_ALTERNATIVES,True
PHASE4-MPS-20260721170405,ALT-BN-CP,PSC-SKU-BIKE-MT-001-20260907,MT-OP-020,,WS-FORK-SUSP,M-FORK-BENCH-001,SUSPENSION_TECHNICIAN,,,,,,,0.0,435.0,2,870.0,870.0,870.0,,,0.0,870.0,0.0,0.0,0.0,0.0,0.0,0.0,WORKSTATION,0.0,0.0,0.0,0.0,0.0,0.0,0.0,0.0,0.0,0.0,118.6224,FINITE_CAPACITY_BLOCKED,0.0,0.0,0.0,0.0,True,PHASE4_STEP8F_FINITE_CAPACITY_SCHEDULE_ALTERNATIVES,True
PHASE4-MPS-20260721170405,ALT-BN-CP,PSC-SKU-BIKE-MT-001-20260907,MT-OP-050,,WS-FINAL-ASM,M-FINAL-STAND-001,FINAL_ASSEMBLY_OPERATOR,,,,,,,0.0,435.0,1,435.0,435.0,435.0,,,0.0,435.0,0.0,0.0,0.0,0.0,0.0,0.0,WORKSTATION,0.0,0.0,0.0,0.0,0.0,0.0,0.0,0.0,0.0,0.0,399.6048,FINITE_CAPACITY_BLOCKED,0.0,0.0,0.0,0.0,True,PHASE4_STEP8F_FINITE_CAPACITY_SCHEDULE_ALTERNATIVES,True
PHASE4-MPS-20260721170405,ALT-BN-CP,PSC-SKU-BIKE-MT-001-20260907,MT-OP-060,,WS-QC,M-QC-TOOLS-001,QUALITY_INSPECTOR,,,,,,,0.0,435.0,1,435.0,435.0,435.0,,,0.0,435.0,0.0,0.0,0.0,0.0,0.0,0.0,WORKSTATION,0.0,0.0,0.0,0.0,0.0,0.0,0.0,0.0,0.0,0.0,165.008,FINITE_CAPACITY_BLOCKED,0.0,0.0,0.0,0.0,True,PHASE4_STEP8F_FINITE_CAPACITY_SCHEDULE_ALTERNATIVES,True
PHASE4-MPS-20260721170405,ALT-BN-CP,PSC-SKU-BIKE-MT-001-20260907,MT-OP-070,,WS-PACK,M-PACK-BENCH-001,PACKAGING_OPERATOR,,,,,,,0.0,435.0,1,435.0,435.0,435.0,,,0.0,435.0,0.0,0.0,0.0,0.0,0.0,0.0,WORKSTATION,0.0,0.0,0.0,0.0,0.0,0.0,0.0,0.0,0.0,0.0,129.4918,FINITE_CAPACITY_BLOCKED,0.0,0.0,0.0,0.0,True,PHASE4_STEP8F_FINITE_CAPACITY_SCHEDULE_ALTERNATIVES,True
PHASE4-MPS-20260721170405,ALT-BN-CP,PSC-SKU-BIKE-MT-001-20260914,MT-OP-020,,WS-FORK-SUSP,M-FORK-BENCH-001,SUSPENSION_TECHNICIAN,,,,,,,0.0,435.0,2,870.0,870.0,870.0,,,0.0,870.0,0.0,0.0,0.0,0.0,0.0,0.0,WORKSTATION,0.0,0.0,0.0,0.0,0.0,0.0,0.0,0.0,0.0,0.0,118.6224,FINITE_CAPACITY_BLOCKED,0.0,0.0,0.0,0.0,True,PHASE4_STEP8F_FINITE_CAPACITY_SCHEDULE_ALTERNATIVES,True
PHASE4-MPS-20260721170405,ALT-BN-CP,PSC-SKU-BIKE-MT-001-20260914,MT-OP-050,,WS-FINAL-ASM,M-FINAL-STAND-001,FINAL_ASSEMBLY_OPERATOR,,,,,,,0.0,435.0,1,435.0,435.0,435.0,,,0.0,435.0,0.0,0.0,0.0,0.0,0.0,0.0,WORKSTATION,0.0,0.0,0.0,0.0,0.0,0.0,0.0,0.0,0.0,0.0,399.6048,FINITE_CAPACITY_BLOCKED,0.0,0.0,0.0,0.0,True,PHASE4_STEP8F_FINITE_CAPACITY_SCHEDULE_ALTERNATIVES,True
PHASE4-MPS-20260721170405,ALT-BN-CP,PSC-SKU-BIKE-MT-001-20260914,MT-OP-060,,WS-QC,M-QC-TOOLS-001,QUALITY_INSPECTOR,,,,,,,0.0,435.0,1,435.0,435.0,435.0,,,0.0,435.0,0.0,0.0,0.0,0.0,0.0,0.0,WORKSTATION,0.0,0.0,0.0,0.0,0.0,0.0,0.0,0.0,0.0,0.0,165.008,FINITE_CAPACITY_BLOCKED,0.0,0.0,0.0,0.0,True,PHASE4_STEP8F_FINITE_CAPACITY_SCHEDULE_ALTERNATIVES,True
PHASE4-MPS-20260721170405,ALT-BN-CP,PSC-SKU-BIKE-MT-001-20260914,MT-OP-070,,WS-PACK,M-PACK-BENCH-001,PACKAGING_OPERATOR,,,,,,,0.0,435.0,1,435.0,435.0,435.0,,,0.0,435.0,0.0,0.0,0.0,0.0,0.0,0.0,WORKSTATION,0.0,0.0,0.0,0.0,0.0,0.0,0.0,0.0,0.0,0.0,129.4918,FINITE_CAPACITY_BLOCKED,0.0,0.0,0.0,0.0,True,PHASE4_STEP8F_FINITE_CAPACITY_SCHEDULE_ALTERNATIVES,True
PHASE4-MPS-20260721170405,ALT-BN-CP,PSC-SKU-BIKE-MT-001-20260921,MT-OP-020,,WS-FORK-SUSP,M-FORK-BENCH-001,SUSPENSION_TECHNICIAN,,,,,,,0.0,435.0,2,870.0,870.0,870.0,,,0.0,870.0,0.0,0.0,0.0,0.0,0.0,0.0,WORKSTATION,0.0,0.0,0.0,0.0,0.0,0.0,0.0,0.0,0.0,0.0,118.6224,FINITE_CAPACITY_BLOCKED,0.0,0.0,0.0,0.0,True,PHASE4_STEP8F_FINITE_CAPACITY_SCHEDULE_ALTERNATIVES,True
PHASE4-MPS-20260721170405,ALT-BN-CP,PSC-SKU-BIKE-MT-001-20260921,MT-OP-050,,WS-FINAL-ASM,M-FINAL-STAND-001,FINAL_ASSEMBLY_OPERATOR,,,,,,,0.0,435.0,1,435.0,435.0,435.0,,,0.0,435.0,0.0,0.0,0.0,0.0,0.0,0.0,WORKSTATION,0.0,0.0,0.0,0.0,0.0,0.0,0.0,0.0,0.0,0.0,399.6048,FINITE_CAPACITY_BLOCKED,0.0,0.0,0.0,0.0,True,PHASE4_STEP8F_FINITE_CAPACITY_SCHEDULE_ALTERNATIVES,True
PHASE4-MPS-20260721170405,ALT-BN-CP,PSC-SKU-BIKE-MT-001-20260921,MT-OP-060,,WS-QC,M-QC-TOOLS-001,QUALITY_INSPECTOR,,,,,,,0.0,435.0,1,435.0,435.0,435.0,,,0.0,435.0,0.0,0.0,0.0,0.0,0.0,0.0,WORKSTATION,0.0,0.0,0.0,0.0,0.0,0.0,0.0,0.0,0.0,0.0,165.008,FINITE_CAPACITY_BLOCKED,0.0,0.0,0.0,0.0,True,PHASE4_STEP8F_FINITE_CAPACITY_SCHEDULE_ALTERNATIVES,True
PHASE4-MPS-20260721170405,ALT-BN-CP,PSC-SKU-BIKE-MT-001-20260921,MT-OP-070,,WS-PACK,M-PACK-BENCH-001,PACKAGING_OPERATOR,,,,,,,0.0,435.0,1,435.0,435.0,435.0,,,0.0,435.0,0.0,0.0,0.0,0.0,0.0,0.0,WORKSTATION,0.0,0.0,0.0,0.0,0.0,0.0,0.0,0.0,0.0,0.0,129.4918,FINITE_CAPACITY_BLOCKED,0.0,0.0,0.0,0.0,True,PHASE4_STEP8F_FINITE_CAPACITY_SCHEDULE_ALTERNATIVES,True
PHASE4-MPS-20260721170405,ALT-BN-CP,PSC-SKU-BIKE-MT-001-20260928,MT-OP-020,,WS-FORK-SUSP,M-FORK-BENCH-001,SUSPENSION_TECHNICIAN,,,,,,,0.0,435.0,2,870.0,870.0,870.0,,,0.0,870.0,0.0,0.0,0.0,0.0,0.0,0.0,WORKSTATION,0.0,0.0,0.0,0.0,0.0,0.0,0.0,0.0,0.0,0.0,17.6087,FINITE_CAPACITY_BLOCKED,0.0,0.0,0.0,0.0,True,PHASE4_STEP8F_FINITE_CAPACITY_SCHEDULE_ALTERNATIVES,True
PHASE4-MPS-20260721170405,ALT-SETUP,PSC-SKU-BIKE-MT-001-20260629,MT-OP-050,,WS-FINAL-ASM,M-FINAL-STAND-001,FINAL_ASSEMBLY_OPERATOR,,,,,,,0.0,435.0,1,435.0,435.0,435.0,,,0.0,435.0,0.0,0.0,0.0,0.0,0.0,0.0,WORKSTATION,0.0,0.0,0.0,0.0,0.0,0.0,0.0,0.0,0.0,0.0,218.4047,FINITE_CAPACITY_BLOCKED,0.0,0.0,0.0,0.0,True,PHASE4_STEP8F_FINITE_CAPACITY_SCHEDULE_ALTERNATIVES,True
PHASE4-MPS-20260721170405,ALT-SETUP,PSC-SKU-BIKE-MT-001-20260928,MT-OP-050,,WS-FINAL-ASM,M-FINAL-STAND-001,FINAL_ASSEMBLY_OPERATOR,,,,,,,0.0,435.0,1,435.0,435.0,435.0,,,0.0,435.0,0.0,0.0,0.0,0.0,0.0,0.0,WORKSTATION,0.0,0.0,0.0,0.0,0.0,0.0,0.0,0.0,0.0,0.0,58.8177,FINITE_CAPACITY_BLOCKED,0.0,0.0,0.0,0.0,True,PHASE4_STEP8F_FINITE_CAPACITY_SCHEDULE_ALTERNATIVES,True
PHASE4-MPS-20260721170405,ALT-SETUP,PSC-SKU-BIKE-MT-001-20260629,MT-OP-010,SEG-ALT-SETUP-PSC-SKU-BIKE-MT-001-20260629-MT-OP-010-01;SEG-ALT-SETUP-PSC-SKU-BIKE-MT-001-20260629-MT-OP-010-02;SEG-ALT-SETUP-PSC-SKU-BIKE-MT-001-20260629-MT-OP-010-03,WS-FRAME-PREP,M-FRAME-JIG-001,FRAME_TECHNICIAN,2026-06-29,2026-06-29,SHIFT-A,2026-06-29,SHIFT-A,WIN-20260629-SHIFT-A;WIN-20260630-SHIFT-A;WIN-20260701-SHIFT-A,1305.0,435.0,2,2610.0,2610.0,2610.0,M-FRAME-JIG-001#01=1147.944,FRAME_TECHNICIAN#01=1147.944,1147.944,1462.056,43.9825,43.9825,43.9825,43.9825,43.9825,43.9825,WORKSTATION,0.0,1147.944,1147.944,157.056,0.0,19.1324,0.0,19.1324,21.75,87.9651,111.2409,FINITE_CAPACITY_FEASIBLE,0.0,0.0,0.0,0.0,True,PHASE4_STEP8F_FINITE_CAPACITY_SCHEDULE_ALTERNATIVES,True
PHASE4-MPS-20260721170405,ALT-SETUP,PSC-SKU-BIKE-MT-001-20260706,MT-OP-010,SEG-ALT-SETUP-PSC-SKU-BIKE-MT-001-20260706-MT-OP-010-01;SEG-ALT-SETUP-PSC-SKU-BIKE-MT-001-20260706-MT-OP-010-02;SEG-ALT-SETUP-PSC-SKU-BIKE-MT-001-20260706-MT-OP-010-03,WS-FRAME-PREP,M-FRAME-JIG-001,FRAME_TECHNICIAN,2026-07-06,2026-07-06,SHIFT-A,2026-07-06,SHIFT-A,WIN-20260706-SHIFT-A;WIN-20260707-SHIFT-A;WIN-20260708-SHIFT-A,1305.0,435.0,2,2610.0,2610.0,2610.0,M-FRAME-JIG-001#01=1039.579,FRAME_TECHNICIAN#01=1039.579,1039.579,1570.421,39.8306,39.8306,39.8306,39.8306,39.8306,39.8306,WORKSTATION,0.0,1039.579,1039.579,265.421,0.0,17.3263,0.0,17.3263,21.75,79.6612,202.2771,FINITE_CAPACITY_FEASIBLE,0.0,0.0001,0.0,0.0,True,PHASE4_STEP8F_FINITE_CAPACITY_SCHEDULE_ALTERNATIVES,True
PHASE4-MPS-20260721170405,ALT-SETUP,PSC-SKU-BIKE-MT-001-20260713,MT-OP-010,,WS-FRAME-PREP,M-FRAME-JIG-001,FRAME_TECHNICIAN,,,,,,,0.0,435.0,2,870.0,870.0,870.0,,,0.0,870.0,0.0,0.0,0.0,0.0,0.0,0.0,WORKSTATION,0.0,0.0,0.0,0.0,0.0,0.0,0.0,0.0,0.0,0.0,202.7045,FINITE_CAPACITY_BLOCKED,0.0,0.0,0.0,0.0,True,PHASE4_STEP8F_FINITE_CAPACITY_SCHEDULE_ALTERNATIVES,True
PHASE4-MPS-20260721170405,ALT-SETUP,PSC-SKU-BIKE-MT-001-20260720,MT-OP-010,,WS-FRAME-PREP,M-FRAME-JIG-001,FRAME_TECHNICIAN,,,,,,,0.0,435.0,2,870.0,870.0,870.0,,,0.0,870.0,0.0,0.0,0.0,0.0,0.0,0.0,WORKSTATION,0.0,0.0,0.0,0.0,0.0,0.0,0.0,0.0,0.0,0.0,202.7045,FINITE_CAPACITY_BLOCKED,0.0,0.0,0.0,0.0,True,PHASE4_STEP8F_FINITE_CAPACITY_SCHEDULE_ALTERNATIVES,True
PHASE4-MPS-20260721170405,ALT-SETUP,PSC-SKU-BIKE-MT-001-20260727,MT-OP-010,,WS-FRAME-PREP,M-FRAME-JIG-001,FRAME_TECHNICIAN,,,,,,,0.0,435.0,2,870.0,870.0,870.0,,,0.0,870.0,0.0,0.0,0.0,0.0,0.0,0.0,WORKSTATION,0.0,0.0,0.0,0.0,0.0,0.0,0.0,0.0,0.0,0.0,202.7045,FINITE_CAPACITY_BLOCKED,0.0,0.0,0.0,0.0,True,PHASE4_STEP8F_FINITE_CAPACITY_SCHEDULE_ALTERNATIVES,True
PHASE4-MPS-20260721170405,ALT-SETUP,PSC-SKU-BIKE-MT-001-20260803,MT-OP-010,,WS-FRAME-PREP,M-FRAME-JIG-001,FRAME_TECHNICIAN,,,,,,,0.0,435.0,2,870.0,870.0,870.0,,,0.0,870.0,0.0,0.0,0.0,0.0,0.0,0.0,WORKSTATION,0.0,0.0,0.0,0.0,0.0,0.0,0.0,0.0,0.0,0.0,202.7045,FINITE_CAPACITY_BLOCKED,0.0,0.0,0.0,0.0,True,PHASE4_STEP8F_FINITE_CAPACITY_SCHEDULE_ALTERNATIVES,True
PHASE4-MPS-20260721170405,ALT-SETUP,PSC-SKU-BIKE-MT-001-20260810,MT-OP-010,,WS-FRAME-PREP,M-FRAME-JIG-001,FRAME_TECHNICIAN,,,,,,,0.0,435.0,2,870.0,870.0,870.0,,,0.0,870.0,0.0,0.0,0.0,0.0,0.0,0.0,WORKSTATION,0.0,0.0,0.0,0.0,0.0,0.0,0.0,0.0,0.0,0.0,202.7045,FINITE_CAPACITY_BLOCKED,0.0,0.0,0.0,0.0,True,PHASE4_STEP8F_FINITE_CAPACITY_SCHEDULE_ALTERNATIVES,True
PHASE4-MPS-20260721170405,ALT-SETUP,PSC-SKU-BIKE-MT-001-20260817,MT-OP-010,,WS-FRAME-PREP,M-FRAME-JIG-001,FRAME_TECHNICIAN,,,,,,,0.0,435.0,2,870.0,870.0,870.0,,,0.0,870.0,0.0,0.0,0.0,0.0,0.0,0.0,WORKSTATION,0.0,0.0,0.0,0.0,0.0,0.0,0.0,0.0,0.0,0.0,202.7045,FINITE_CAPACITY_BLOCKED,0.0,0.0,0.0,0.0,True,PHASE4_STEP8F_FINITE_CAPACITY_SCHEDULE_ALTERNATIVES,True
PHASE4-MPS-20260721170405,ALT-SETUP,PSC-SKU-BIKE-MT-001-20260824,MT-OP-010,,WS-FRAME-PREP,M-FRAME-JIG-001,FRAME_TECHNICIAN,,,,,,,0.0,435.0,2,870.0,870.0,870.0,,,0.0,870.0,0.0,0.0,0.0,0.0,0.0,0.0,WORKSTATION,0.0,0.0,0.0,0.0,0.0,0.0,0.0,0.0,0.0,0.0,202.7045,FINITE_CAPACITY_BLOCKED,0.0,0.0,0.0,0.0,True,PHASE4_STEP8F_FINITE_CAPACITY_SCHEDULE_ALTERNATIVES,True
PHASE4-MPS-20260721170405,ALT-SETUP,PSC-SKU-BIKE-MT-001-20260831,MT-OP-010,,WS-FRAME-PREP,M-FRAME-JIG-001,FRAME_TECHNICIAN,,,,,,,0.0,435.0,2,870.0,870.0,870.0,,,0.0,870.0,0.0,0.0,0.0,0.0,0.0,0.0,WORKSTATION,0.0,0.0,0.0,0.0,0.0,0.0,0.0,0.0,0.0,0.0,202.7045,FINITE_CAPACITY_BLOCKED,0.0,0.0,0.0,0.0,True,PHASE4_STEP8F_FINITE_CAPACITY_SCHEDULE_ALTERNATIVES,True
PHASE4-MPS-20260721170405,ALT-SETUP,PSC-SKU-BIKE-MT-001-20260907,MT-OP-010,,WS-FRAME-PREP,M-FRAME-JIG-001,FRAME_TECHNICIAN,,,,,,,0.0,435.0,2,870.0,870.0,870.0,,,0.0,870.0,0.0,0.0,0.0,0.0,0.0,0.0,WORKSTATION,0.0,0.0,0.0,0.0,0.0,0.0,0.0,0.0,0.0,0.0,202.7045,FINITE_CAPACITY_BLOCKED,0.0,0.0,0.0,0.0,True,PHASE4_STEP8F_FINITE_CAPACITY_SCHEDULE_ALTERNATIVES,True
PHASE4-MPS-20260721170405,ALT-SETUP,PSC-SKU-BIKE-MT-001-20260914,MT-OP-010,,WS-FRAME-PREP,M-FRAME-JIG-001,FRAME_TECHNICIAN,,,,,,,0.0,435.0,2,870.0,870.0,870.0,,,0.0,870.0,0.0,0.0,0.0,0.0,0.0,0.0,WORKSTATION,0.0,0.0,0.0,0.0,0.0,0.0,0.0,0.0,0.0,0.0,202.7045,FINITE_CAPACITY_BLOCKED,0.0,0.0,0.0,0.0,True,PHASE4_STEP8F_FINITE_CAPACITY_SCHEDULE_ALTERNATIVES,True
PHASE4-MPS-20260721170405,ALT-SETUP,PSC-SKU-BIKE-MT-001-20260921,MT-OP-010,,WS-FRAME-PREP,M-FRAME-JIG-001,FRAME_TECHNICIAN,,,,,,,0.0,435.0,2,870.0,870.0,870.0,,,0.0,870.0,0.0,0.0,0.0,0.0,0.0,0.0,WORKSTATION,0.0,0.0,0.0,0.0,0.0,0.0,0.0,0.0,0.0,0.0,202.7045,FINITE_CAPACITY_BLOCKED,0.0,0.0,0.0,0.0,True,PHASE4_STEP8F_FINITE_CAPACITY_SCHEDULE_ALTERNATIVES,True
PHASE4-MPS-20260721170405,ALT-SETUP,PSC-SKU-BIKE-MT-001-20260928,MT-OP-010,,WS-FRAME-PREP,M-FRAME-JIG-001,FRAME_TECHNICIAN,,,,,,,0.0,435.0,2,870.0,870.0,870.0,,,0.0,870.0,0.0,0.0,0.0,0.0,0.0,0.0,WORKSTATION,0.0,0.0,0.0,0.0,0.0,0.0,0.0,0.0,0.0,0.0,30.6918,FINITE_CAPACITY_BLOCKED,0.0,0.0,0.0,0.0,True,PHASE4_STEP8F_FINITE_CAPACITY_SCHEDULE_ALTERNATIVES,True
PHASE4-MPS-20260721170405,ALT-SETUP,PSC-SKU-BIKE-MT-001-20260629,MT-OP-020,SEG-ALT-SETUP-PSC-SKU-BIKE-MT-001-20260629-MT-OP-020-01;SEG-ALT-SETUP-PSC-SKU-BIKE-MT-001-20260629-MT-OP-020-02;SEG-ALT-SETUP-PSC-SKU-BIKE-MT-001-20260629-MT-OP-020-03;SEG-ALT-SETUP-PSC-SKU-BIKE-MT-001-20260629-MT-OP-020-04,WS-FORK-SUSP,M-FORK-BENCH-001,SUSPENSION_TECHNICIAN,2026-07-01,2026-07-01,SHIFT-A,2026-07-01,SHIFT-A,WIN-20260701-SHIFT-A;WIN-20260702-SHIFT-A;WIN-20260703-SHIFT-A;WIN-20260706-SHIFT-A,1740.0,435.0,2,3480.0,3480.0,3480.0,M-FORK-BENCH-001#01=1408.098,SUSPENSION_TECHNICIAN#01=1408.098,1408.098,2071.902,40.4626,40.4626,40.4626,40.4626,40.4626,40.4626,WORKSTATION,277.944,1408.098,1408.098,53.958,0.0,23.4683,0.0,23.4683,29.0,80.9252,80.9252,FINITE_CAPACITY_FEASIBLE,0.0,0.0,0.0,0.0,True,PHASE4_STEP8F_FINITE_CAPACITY_SCHEDULE_ALTERNATIVES,True
PHASE4-MPS-20260721170405,ALT-SETUP,PSC-SKU-BIKE-MT-001-20260706,MT-OP-020,SEG-ALT-SETUP-PSC-SKU-BIKE-MT-001-20260706-MT-OP-020-01;SEG-ALT-SETUP-PSC-SKU-BIKE-MT-001-20260706-MT-OP-020-02;SEG-ALT-SETUP-PSC-SKU-BIKE-MT-001-20260706-MT-OP-020-03;SEG-ALT-SETUP-PSC-SKU-BIKE-MT-001-20260706-MT-OP-020-04,WS-FORK-SUSP,M-FORK-BENCH-001,SUSPENSION_TECHNICIAN,2026-07-08,2026-07-08,SHIFT-A,2026-07-08,SHIFT-A,WIN-20260708-SHIFT-A;WIN-20260709-SHIFT-A;WIN-20260710-SHIFT-A;WIN-20260713-SHIFT-A,1740.0,435.0,2,3480.0,3480.0,3480.0,M-FORK-BENCH-001#01=1275.1724,SUSPENSION_TECHNICIAN#01=1275.1724,1275.1724,2204.8276,36.6429,36.6429,36.6429,36.6429,36.6429,36.6429,WORKSTATION,169.579,1275.1724,1275.1724,295.2486,0.0,21.2529,0.0,21.2529,29.0,73.2858,118.6224,FINITE_CAPACITY_FEASIBLE,0.0,0.0,0.0,0.0,True,PHASE4_STEP8F_FINITE_CAPACITY_SCHEDULE_ALTERNATIVES,True
PHASE4-MPS-20260721170405,ALT-SETUP,PSC-SKU-BIKE-MT-001-20260713,MT-OP-020,,WS-FORK-SUSP,M-FORK-BENCH-001,SUSPENSION_TECHNICIAN,,,,,,,0.0,435.0,2,870.0,870.0,870.0,,,0.0,870.0,0.0,0.0,0.0,0.0,0.0,0.0,WORKSTATION,0.0,0.0,0.0,0.0,0.0,0.0,0.0,0.0,0.0,0.0,118.6224,FINITE_CAPACITY_BLOCKED,0.0,0.0,0.0,0.0,True,PHASE4_STEP8F_FINITE_CAPACITY_SCHEDULE_ALTERNATIVES,True
PHASE4-MPS-20260721170405,ALT-SETUP,PSC-SKU-BIKE-MT-001-20260720,MT-OP-020,,WS-FORK-SUSP,M-FORK-BENCH-001,SUSPENSION_TECHNICIAN,,,,,,,0.0,435.0,2,870.0,870.0,870.0,,,0.0,870.0,0.0,0.0,0.0,0.0,0.0,0.0,WORKSTATION,0.0,0.0,0.0,0.0,0.0,0.0,0.0,0.0,0.0,0.0,118.6224,FINITE_CAPACITY_BLOCKED,0.0,0.0,0.0,0.0,True,PHASE4_STEP8F_FINITE_CAPACITY_SCHEDULE_ALTERNATIVES,True
PHASE4-MPS-20260721170405,ALT-SETUP,PSC-SKU-BIKE-MT-001-20260727,MT-OP-020,,WS-FORK-SUSP,M-FORK-BENCH-001,SUSPENSION_TECHNICIAN,,,,,,,0.0,435.0,2,870.0,870.0,870.0,,,0.0,870.0,0.0,0.0,0.0,0.0,0.0,0.0,WORKSTATION,0.0,0.0,0.0,0.0,0.0,0.0,0.0,0.0,0.0,0.0,118.6224,FINITE_CAPACITY_BLOCKED,0.0,0.0,0.0,0.0,True,PHASE4_STEP8F_FINITE_CAPACITY_SCHEDULE_ALTERNATIVES,True
PHASE4-MPS-20260721170405,ALT-SETUP,PSC-SKU-BIKE-MT-001-20260803,MT-OP-020,,WS-FORK-SUSP,M-FORK-BENCH-001,SUSPENSION_TECHNICIAN,,,,,,,0.0,435.0,2,870.0,870.0,870.0,,,0.0,870.0,0.0,0.0,0.0,0.0,0.0,0.0,WORKSTATION,0.0,0.0,0.0,0.0,0.0,0.0,0.0,0.0,0.0,0.0,118.6224,FINITE_CAPACITY_BLOCKED,0.0,0.0,0.0,0.0,True,PHASE4_STEP8F_FINITE_CAPACITY_SCHEDULE_ALTERNATIVES,True
PHASE4-MPS-20260721170405,ALT-SETUP,PSC-SKU-BIKE-MT-001-20260810,MT-OP-020,,WS-FORK-SUSP,M-FORK-BENCH-001,SUSPENSION_TECHNICIAN,,,,,,,0.0,435.0,2,870.0,870.0,870.0,,,0.0,870.0,0.0,0.0,0.0,0.0,0.0,0.0,WORKSTATION,0.0,0.0,0.0,0.0,0.0,0.0,0.0,0.0,0.0,0.0,118.6224,FINITE_CAPACITY_BLOCKED,0.0,0.0,0.0,0.0,True,PHASE4_STEP8F_FINITE_CAPACITY_SCHEDULE_ALTERNATIVES,True
PHASE4-MPS-20260721170405,ALT-SETUP,PSC-SKU-BIKE-MT-001-20260817,MT-OP-020,,WS-FORK-SUSP,M-FORK-BENCH-001,SUSPENSION_TECHNICIAN,,,,,,,0.0,435.0,2,870.0,870.0,870.0,,,0.0,870.0,0.0,0.0,0.0,0.0,0.0,0.0,WORKSTATION,0.0,0.0,0.0,0.0,0.0,0.0,0.0,0.0,0.0,0.0,118.6224,FINITE_CAPACITY_BLOCKED,0.0,0.0,0.0,0.0,True,PHASE4_STEP8F_FINITE_CAPACITY_SCHEDULE_ALTERNATIVES,True
PHASE4-MPS-20260721170405,ALT-SETUP,PSC-SKU-BIKE-MT-001-20260824,MT-OP-020,,WS-FORK-SUSP,M-FORK-BENCH-001,SUSPENSION_TECHNICIAN,,,,,,,0.0,435.0,2,870.0,870.0,870.0,,,0.0,870.0,0.0,0.0,0.0,0.0,0.0,0.0,WORKSTATION,0.0,0.0,0.0,0.0,0.0,0.0,0.0,0.0,0.0,0.0,118.6224,FINITE_CAPACITY_BLOCKED,0.0,0.0,0.0,0.0,True,PHASE4_STEP8F_FINITE_CAPACITY_SCHEDULE_ALTERNATIVES,True
PHASE4-MPS-20260721170405,ALT-SETUP,PSC-SKU-BIKE-MT-001-20260831,MT-OP-020,,WS-FORK-SUSP,M-FORK-BENCH-001,SUSPENSION_TECHNICIAN,,,,,,,0.0,435.0,2,870.0,870.0,870.0,,,0.0,870.0,0.0,0.0,0.0,0.0,0.0,0.0,WORKSTATION,0.0,0.0,0.0,0.0,0.0,0.0,0.0,0.0,0.0,0.0,118.6224,FINITE_CAPACITY_BLOCKED,0.0,0.0,0.0,0.0,True,PHASE4_STEP8F_FINITE_CAPACITY_SCHEDULE_ALTERNATIVES,True
PHASE4-MPS-20260721170405,ALT-SETUP,PSC-SKU-BIKE-MT-001-20260907,MT-OP-020,,WS-FORK-SUSP,M-FORK-BENCH-001,SUSPENSION_TECHNICIAN,,,,,,,0.0,435.0,2,870.0,870.0,870.0,,,0.0,870.0,0.0,0.0,0.0,0.0,0.0,0.0,WORKSTATION,0.0,0.0,0.0,0.0,0.0,0.0,0.0,0.0,0.0,0.0,118.6224,FINITE_CAPACITY_BLOCKED,0.0,0.0,0.0,0.0,True,PHASE4_STEP8F_FINITE_CAPACITY_SCHEDULE_ALTERNATIVES,True
PHASE4-MPS-20260721170405,ALT-SETUP,PSC-SKU-BIKE-MT-001-20260914,MT-OP-020,,WS-FORK-SUSP,M-FORK-BENCH-001,SUSPENSION_TECHNICIAN,,,,,,,0.0,435.0,2,870.0,870.0,870.0,,,0.0,870.0,0.0,0.0,0.0,0.0,0.0,0.0,WORKSTATION,0.0,0.0,0.0,0.0,0.0,0.0,0.0,0.0,0.0,0.0,118.6224,FINITE_CAPACITY_BLOCKED,0.0,0.0,0.0,0.0,True,PHASE4_STEP8F_FINITE_CAPACITY_SCHEDULE_ALTERNATIVES,True
PHASE4-MPS-20260721170405,ALT-SETUP,PSC-SKU-BIKE-MT-001-20260921,MT-OP-020,,WS-FORK-SUSP,M-FORK-BENCH-001,SUSPENSION_TECHNICIAN,,,,,,,0.0,435.0,2,870.0,870.0,870.0,,,0.0,870.0,0.0,0.0,0.0,0.0,0.0,0.0,WORKSTATION,0.0,0.0,0.0,0.0,0.0,0.0,0.0,0.0,0.0,0.0,118.6224,FINITE_CAPACITY_BLOCKED,0.0,0.0,0.0,0.0,True,PHASE4_STEP8F_FINITE_CAPACITY_SCHEDULE_ALTERNATIVES,True
PHASE4-MPS-20260721170405,ALT-SETUP,PSC-SKU-BIKE-MT-001-20260928,MT-OP-020,,WS-FORK-SUSP,M-FORK-BENCH-001,SUSPENSION_TECHNICIAN,,,,,,,0.0,435.0,2,870.0,870.0,870.0,,,0.0,870.0,0.0,0.0,0.0,0.0,0.0,0.0,WORKSTATION,0.0,0.0,0.0,0.0,0.0,0.0,0.0,0.0,0.0,0.0,17.6087,FINITE_CAPACITY_BLOCKED,0.0,0.0,0.0,0.0,True,PHASE4_STEP8F_FINITE_CAPACITY_SCHEDULE_ALTERNATIVES,True
PHASE4-MPS-20260721170405,ALT-SETUP,PSC-SKU-BIKE-MT-001-20260629,MT-OP-040,SEG-ALT-SETUP-PSC-SKU-BIKE-MT-001-20260629-MT-OP-040-01;SEG-ALT-SETUP-PSC-SKU-BIKE-MT-001-20260629-MT-OP-040-02;SEG-ALT-SETUP-PSC-SKU-BIKE-MT-001-20260629-MT-OP-040-03;SEG-ALT-SETUP-PSC-SKU-BIKE-MT-001-20260629-MT-OP-040-04,WS-BRAKE-SUB,M-BRAKE-BENCH-001,BRAKE_ASSEMBLY_TECHNICIAN,2026-07-01,2026-07-01,SHIFT-A,2026-07-01,SHIFT-A,WIN-20260701-SHIFT-A;WIN-20260702-SHIFT-A;WIN-20260703-SHIFT-A;WIN-20260706-SHIFT-A,1740.0,435.0,2,3480.0,3480.0,3480.0,M-BRAKE-BENCH-001#01=1069.356,BRAKE_ASSEMBLY_TECHNICIAN#01=1069.356,1069.356,2410.644,30.7286,30.7286,30.7286,30.7286,30.7286,30.7286,WORKSTATION,277.944,1069.356,1069.356,392.7,0.0,17.8226,0.0,17.8226,29.0,61.4572,102.6778,FINITE_CAPACITY_FEASIBLE,0.0,0.0,0.0,0.0,True,PHASE4_STEP8F_FINITE_CAPACITY_SCHEDULE_ALTERNATIVES,True
PHASE4-MPS-20260721170405,ALT-SETUP,PSC-SKU-BIKE-MT-001-20260706,MT-OP-040,SEG-ALT-SETUP-PSC-SKU-BIKE-MT-001-20260706-MT-OP-040-01;SEG-ALT-SETUP-PSC-SKU-BIKE-MT-001-20260706-MT-OP-040-02;SEG-ALT-SETUP-PSC-SKU-BIKE-MT-001-20260706-MT-OP-040-03,WS-BRAKE-SUB,M-BRAKE-BENCH-001,BRAKE_ASSEMBLY_TECHNICIAN,2026-07-08,2026-07-08,SHIFT-A,2026-07-08,SHIFT-A,WIN-20260708-SHIFT-A;WIN-20260709-SHIFT-A;WIN-20260710-SHIFT-A,1305.0,435.0,2,2610.0,2610.0,2610.0,M-BRAKE-BENCH-001#01=968.4081,BRAKE_ASSEMBLY_TECHNICIAN#01=968.4081,968.4081,1641.5919,37.1038,37.1038,37.1038,37.1038,37.1038,37.1038,WORKSTATION,169.579,968.4081,968.4081,167.013,0.0,16.1401,0.0,16.1401,21.75,74.2075,187.4195,FINITE_CAPACITY_FEASIBLE,0.0,0.0,0.0,0.0,True,PHASE4_STEP8F_FINITE_CAPACITY_SCHEDULE_ALTERNATIVES,True
PHASE4-MPS-20260721170405,ALT-SETUP,PSC-SKU-BIKE-MT-001-20260713,MT-OP-040,,WS-BRAKE-SUB,M-BRAKE-BENCH-001,BRAKE_ASSEMBLY_TECHNICIAN,,,,,,,0.0,435.0,2,870.0,870.0,870.0,,,0.0,870.0,0.0,0.0,0.0,0.0,0.0,0.0,WORKSTATION,0.0,0.0,0.0,0.0,0.0,0.0,0.0,0.0,0.0,0.0,187.8149,FINITE_CAPACITY_BLOCKED,0.0,0.0,0.0,0.0,True,PHASE4_STEP8F_FINITE_CAPACITY_SCHEDULE_ALTERNATIVES,True
PHASE4-MPS-20260721170405,ALT-SETUP,PSC-SKU-BIKE-MT-001-20260720,MT-OP-040,,WS-BRAKE-SUB,M-BRAKE-BENCH-001,BRAKE_ASSEMBLY_TECHNICIAN,,,,,,,0.0,435.0,2,870.0,870.0,870.0,,,0.0,870.0,0.0,0.0,0.0,0.0,0.0,0.0,WORKSTATION,0.0,0.0,0.0,0.0,0.0,0.0,0.0,0.0,0.0,0.0,187.8149,FINITE_CAPACITY_BLOCKED,0.0,0.0,0.0,0.0,True,PHASE4_STEP8F_FINITE_CAPACITY_SCHEDULE_ALTERNATIVES,True
PHASE4-MPS-20260721170405,ALT-SETUP,PSC-SKU-BIKE-MT-001-20260727,MT-OP-040,,WS-BRAKE-SUB,M-BRAKE-BENCH-001,BRAKE_ASSEMBLY_TECHNICIAN,,,,,,,0.0,435.0,2,870.0,870.0,870.0,,,0.0,870.0,0.0,0.0,0.0,0.0,0.0,0.0,WORKSTATION,0.0,0.0,0.0,0.0,0.0,0.0,0.0,0.0,0.0,0.0,187.8149,FINITE_CAPACITY_BLOCKED,0.0,0.0,0.0,0.0,True,PHASE4_STEP8F_FINITE_CAPACITY_SCHEDULE_ALTERNATIVES,True
PHASE4-MPS-20260721170405,ALT-SETUP,PSC-SKU-BIKE-MT-001-20260803,MT-OP-040,,WS-BRAKE-SUB,M-BRAKE-BENCH-001,BRAKE_ASSEMBLY_TECHNICIAN,,,,,,,0.0,435.0,2,870.0,870.0,870.0,,,0.0,870.0,0.0,0.0,0.0,0.0,0.0,0.0,WORKSTATION,0.0,0.0,0.0,0.0,0.0,0.0,0.0,0.0,0.0,0.0,187.8149,FINITE_CAPACITY_BLOCKED,0.0,0.0,0.0,0.0,True,PHASE4_STEP8F_FINITE_CAPACITY_SCHEDULE_ALTERNATIVES,True
PHASE4-MPS-20260721170405,ALT-SETUP,PSC-SKU-BIKE-MT-001-20260810,MT-OP-040,,WS-BRAKE-SUB,M-BRAKE-BENCH-001,BRAKE_ASSEMBLY_TECHNICIAN,,,,,,,0.0,435.0,2,870.0,870.0,870.0,,,0.0,870.0,0.0,0.0,0.0,0.0,0.0,0.0,WORKSTATION,0.0,0.0,0.0,0.0,0.0,0.0,0.0,0.0,0.0,0.0,187.8149,FINITE_CAPACITY_BLOCKED,0.0,0.0,0.0,0.0,True,PHASE4_STEP8F_FINITE_CAPACITY_SCHEDULE_ALTERNATIVES,True
PHASE4-MPS-20260721170405,ALT-SETUP,PSC-SKU-BIKE-MT-001-20260817,MT-OP-040,,WS-BRAKE-SUB,M-BRAKE-BENCH-001,BRAKE_ASSEMBLY_TECHNICIAN,,,,,,,0.0,435.0,2,870.0,870.0,870.0,,,0.0,870.0,0.0,0.0,0.0,0.0,0.0,0.0,WORKSTATION,0.0,0.0,0.0,0.0,0.0,0.0,0.0,0.0,0.0,0.0,187.8149,FINITE_CAPACITY_BLOCKED,0.0,0.0,0.0,0.0,True,PHASE4_STEP8F_FINITE_CAPACITY_SCHEDULE_ALTERNATIVES,True
PHASE4-MPS-20260721170405,ALT-SETUP,PSC-SKU-BIKE-MT-001-20260824,MT-OP-040,,WS-BRAKE-SUB,M-BRAKE-BENCH-001,BRAKE_ASSEMBLY_TECHNICIAN,,,,,,,0.0,435.0,2,870.0,870.0,870.0,,,0.0,870.0,0.0,0.0,0.0,0.0,0.0,0.0,WORKSTATION,0.0,0.0,0.0,0.0,0.0,0.0,0.0,0.0,0.0,0.0,187.8149,FINITE_CAPACITY_BLOCKED,0.0,0.0,0.0,0.0,True,PHASE4_STEP8F_FINITE_CAPACITY_SCHEDULE_ALTERNATIVES,True
PHASE4-MPS-20260721170405,ALT-SETUP,PSC-SKU-BIKE-MT-001-20260831,MT-OP-040,,WS-BRAKE-SUB,M-BRAKE-BENCH-001,BRAKE_ASSEMBLY_TECHNICIAN,,,,,,,0.0,435.0,2,870.0,870.0,870.0,,,0.0,870.0,0.0,0.0,0.0,0.0,0.0,0.0,WORKSTATION,0.0,0.0,0.0,0.0,0.0,0.0,0.0,0.0,0.0,0.0,187.8149,FINITE_CAPACITY_BLOCKED,0.0,0.0,0.0,0.0,True,PHASE4_STEP8F_FINITE_CAPACITY_SCHEDULE_ALTERNATIVES,True
PHASE4-MPS-20260721170405,ALT-SETUP,PSC-SKU-BIKE-MT-001-20260907,MT-OP-040,,WS-BRAKE-SUB,M-BRAKE-BENCH-001,BRAKE_ASSEMBLY_TECHNICIAN,,,,,,,0.0,435.0,2,870.0,870.0,870.0,,,0.0,870.0,0.0,0.0,0.0,0.0,0.0,0.0,WORKSTATION,0.0,0.0,0.0,0.0,0.0,0.0,0.0,0.0,0.0,0.0,187.8149,FINITE_CAPACITY_BLOCKED,0.0,0.0,0.0,0.0,True,PHASE4_STEP8F_FINITE_CAPACITY_SCHEDULE_ALTERNATIVES,True
PHASE4-MPS-20260721170405,ALT-SETUP,PSC-SKU-BIKE-MT-001-20260914,MT-OP-040,,WS-BRAKE-SUB,M-BRAKE-BENCH-001,BRAKE_ASSEMBLY_TECHNICIAN,,,,,,,0.0,435.0,2,870.0,870.0,870.0,,,0.0,870.0,0.0,0.0,0.0,0.0,0.0,0.0,WORKSTATION,0.0,0.0,0.0,0.0,0.0,0.0,0.0,0.0,0.0,0.0,187.8149,FINITE_CAPACITY_BLOCKED,0.0,0.0,0.0,0.0,True,PHASE4_STEP8F_FINITE_CAPACITY_SCHEDULE_ALTERNATIVES,True
PHASE4-MPS-20260721170405,ALT-SETUP,PSC-SKU-BIKE-MT-001-20260921,MT-OP-040,,WS-BRAKE-SUB,M-BRAKE-BENCH-001,BRAKE_ASSEMBLY_TECHNICIAN,,,,,,,0.0,435.0,2,870.0,870.0,870.0,,,0.0,870.0,0.0,0.0,0.0,0.0,0.0,0.0,WORKSTATION,0.0,0.0,0.0,0.0,0.0,0.0,0.0,0.0,0.0,0.0,187.8149,FINITE_CAPACITY_BLOCKED,0.0,0.0,0.0,0.0,True,PHASE4_STEP8F_FINITE_CAPACITY_SCHEDULE_ALTERNATIVES,True
PHASE4-MPS-20260721170405,ALT-SETUP,PSC-SKU-BIKE-MT-001-20260928,MT-OP-040,,WS-BRAKE-SUB,M-BRAKE-BENCH-001,BRAKE_ASSEMBLY_TECHNICIAN,,,,,,,0.0,435.0,2,870.0,870.0,870.0,,,0.0,870.0,0.0,0.0,0.0,0.0,0.0,0.0,WORKSTATION,0.0,0.0,0.0,0.0,0.0,0.0,0.0,0.0,0.0,0.0,27.6977,FINITE_CAPACITY_BLOCKED,0.0,0.0,0.0,0.0,True,PHASE4_STEP8F_FINITE_CAPACITY_SCHEDULE_ALTERNATIVES,True
PHASE4-MPS-20260721170405,ALT-SETUP,PSC-SKU-BIKE-MT-001-20260928,MT-OP-070,SEG-ALT-SETUP-PSC-SKU-BIKE-MT-001-20260928-MT-OP-070-01,WS-PACK,M-PACK-BENCH-001,PACKAGING_OPERATOR,2026-06-29,2026-06-29,SHIFT-A,2026-06-29,SHIFT-A,WIN-20260629-SHIFT-A,435.0,435.0,1,435.0,435.0,435.0,M-PACK-BENCH-001#01=188.268,PACKAGING_OPERATOR#01=188.268,188.268,246.732,43.28,43.28,43.28,43.28,43.28,43.28,WORKSTATION,0.0,188.268,188.268,246.732,0.0,3.1378,0.0,3.1378,7.25,43.28,43.28,FINITE_CAPACITY_FEASIBLE,0.0,0.0,4.1122,32.8976,True,PHASE4_STEP8F_FINITE_CAPACITY_SCHEDULE_ALTERNATIVES,True
PHASE4-MPS-20260721170405,ALT-SETUP,PSC-SKU-BIKE-MT-001-20260629,MT-OP-060,,WS-QC,M-QC-TOOLS-001,QUALITY_INSPECTOR,,,,,,,0.0,435.0,1,435.0,435.0,435.0,,,0.0,435.0,0.0,0.0,0.0,0.0,0.0,0.0,WORKSTATION,0.0,0.0,0.0,0.0,0.0,0.0,0.0,0.0,0.0,0.0,90.0999,FINITE_CAPACITY_BLOCKED,0.0,0.0,0.0,0.0,True,PHASE4_STEP8F_FINITE_CAPACITY_SCHEDULE_ALTERNATIVES,True
PHASE4-MPS-20260721170405,ALT-SETUP,PSC-SKU-BIKE-MT-001-20260629,MT-OP-070,SEG-ALT-SETUP-PSC-SKU-BIKE-MT-001-20260629-MT-OP-070-01,WS-PACK,M-PACK-BENCH-001,PACKAGING_OPERATOR,2026-06-29,2026-06-29,SHIFT-A,2026-06-29,SHIFT-A,WIN-20260629-SHIFT-A,435.0,435.0,1,435.0,435.0,435.0,M-PACK-BENCH-001#01=119.9101,PACKAGING_OPERATOR#01=119.9101,119.9101,315.0899,27.5655,27.5655,27.5655,27.5655,27.5655,27.5655,WORKSTATION,188.268,119.9101,119.9101,126.8219,0.0,1.9985,0.0,1.9985,7.25,27.5655,70.7019,FINITE_CAPACITY_FEASIBLE,0.0,0.0,5.2515,42.012,True,PHASE4_STEP8F_FINITE_CAPACITY_SCHEDULE_ALTERNATIVES,True
PHASE4-MPS-20260721170405,ALT-SETUP,PSC-SKU-BIKE-MT-001-20260928,MT-OP-060,,WS-QC,M-QC-TOOLS-001,QUALITY_INSPECTOR,,,,,,,0.0,435.0,1,435.0,435.0,435.0,,,0.0,435.0,0.0,0.0,0.0,0.0,0.0,0.0,WORKSTATION,0.0,0.0,0.0,0.0,0.0,0.0,0.0,0.0,0.0,0.0,24.1243,FINITE_CAPACITY_BLOCKED,0.0,0.0,0.0,0.0,True,PHASE4_STEP8F_FINITE_CAPACITY_SCHEDULE_ALTERNATIVES,True
PHASE4-MPS-20260721170405,ALT-SETUP,PSC-SKU-BIKE-MT-001-20260629,MT-OP-030,SEG-ALT-SETUP-PSC-SKU-BIKE-MT-001-20260629-MT-OP-030-01;SEG-ALT-SETUP-PSC-SKU-BIKE-MT-001-20260629-MT-OP-030-02;SEG-ALT-SETUP-PSC-SKU-BIKE-MT-001-20260629-MT-OP-030-03;SEG-ALT-SETUP-PSC-SKU-BIKE-MT-001-20260629-MT-OP-030-04,WS-WHEEL-SUB,M-WHEEL-TRUE-001,WHEEL_ASSEMBLY_TECHNICIAN,2026-07-01,2026-07-01,SHIFT-A,2026-07-01,SHIFT-A,WIN-20260701-SHIFT-A;WIN-20260702-SHIFT-A;WIN-20260703-SHIFT-A;WIN-20260706-SHIFT-A,1740.0,435.0,3,5220.0,5220.0,5220.0,M-WHEEL-TRUE-001#01=1413.87,WHEEL_ASSEMBLY_TECHNICIAN#01=1413.87,1413.87,3806.13,27.0856,27.0856,27.0856,27.0856,27.0856,27.0856,WORKSTATION,277.944,1413.87,1413.87,48.186,0.0,23.5645,0.0,23.5645,29.0,81.2569,138.0477,FINITE_CAPACITY_FEASIBLE,0.0,0.0,0.0,0.0,True,PHASE4_STEP8F_FINITE_CAPACITY_SCHEDULE_ALTERNATIVES,True
PHASE4-MPS-20260721170405,ALT-SETUP,PSC-SKU-BIKE-MT-001-20260706,MT-OP-030,SEG-ALT-SETUP-PSC-SKU-BIKE-MT-001-20260706-MT-OP-030-01;SEG-ALT-SETUP-PSC-SKU-BIKE-MT-001-20260706-MT-OP-030-02;SEG-ALT-SETUP-PSC-SKU-BIKE-MT-001-20260706-MT-OP-030-03,WS-WHEEL-SUB,M-WHEEL-TRUE-001,WHEEL_ASSEMBLY_TECHNICIAN,2026-07-08,2026-07-08,SHIFT-A,2026-07-08,SHIFT-A,WIN-20260708-SHIFT-A;WIN-20260709-SHIFT-A;WIN-20260710-SHIFT-A,1305.0,435.0,3,3915.0,3915.0,3915.0,M-WHEEL-TRUE-001#01=1112.0109,WHEEL_ASSEMBLY_TECHNICIAN#01=1112.0109,1112.0109,2802.9891,28.4039,28.4039,28.4039,28.4039,28.4039,28.4039,WORKSTATION,169.579,1112.0109,1112.0109,23.4102,0.0,18.5335,0.0,18.5335,21.75,85.2116,252.058,FINITE_CAPACITY_FEASIBLE,0.0,0.0,0.0,0.0,True,PHASE4_STEP8F_FINITE_CAPACITY_SCHEDULE_ALTERNATIVES,True
PHASE4-MPS-20260721170405,ALT-SETUP,PSC-SKU-BIKE-MT-001-20260713,MT-OP-030,SEG-ALT-SETUP-PSC-SKU-BIKE-MT-001-20260713-MT-OP-030-01,WS-WHEEL-SUB,M-WHEEL-TRUE-001,WHEEL_ASSEMBLY_TECHNICIAN,2026-07-08,2026-07-08,SHIFT-A,2026-07-08,SHIFT-A,WIN-20260708-SHIFT-A,435.0,435.0,3,1305.0,1305.0,1305.0,M-WHEEL-TRUE-001#02=168.3921,WHEEL_ASSEMBLY_TECHNICIAN#02=168.3921,168.3921,1136.6079,12.9036,12.9036,12.9036,12.9036,12.9036,12.9036,WORKSTATION,265.421,168.3921,168.3921,1.1869,0.0,2.8065,0.0,2.8065,7.25,38.7108,252.5983,FINITE_CAPACITY_FEASIBLE,0.0,0.0,4.4435,35.5477,True,PHASE4_STEP8F_FINITE_CAPACITY_SCHEDULE_ALTERNATIVES,True
PHASE4-MPS-20260721170405,ALT-SETUP,PSC-SKU-BIKE-MT-001-20260720,MT-OP-030,,WS-WHEEL-SUB,M-WHEEL-TRUE-001,WHEEL_ASSEMBLY_TECHNICIAN,,,,,,,0.0,435.0,3,1305.0,1305.0,1305.0,,,0.0,1305.0,0.0,0.0,0.0,0.0,0.0,0.0,WORKSTATION,0.0,0.0,0.0,0.0,0.0,0.0,0.0,0.0,0.0,0.0,252.5983,FINITE_CAPACITY_BLOCKED,0.0,0.0,0.0,0.0,True,PHASE4_STEP8F_FINITE_CAPACITY_SCHEDULE_ALTERNATIVES,True
PHASE4-MPS-20260721170405,ALT-SETUP,PSC-SKU-BIKE-MT-001-20260727,MT-OP-030,,WS-WHEEL-SUB,M-WHEEL-TRUE-001,WHEEL_ASSEMBLY_TECHNICIAN,,,,,,,0.0,435.0,3,1305.0,1305.0,1305.0,,,0.0,1305.0,0.0,0.0,0.0,0.0,0.0,0.0,WORKSTATION,0.0,0.0,0.0,0.0,0.0,0.0,0.0,0.0,0.0,0.0,252.5983,FINITE_CAPACITY_BLOCKED,0.0,0.0,0.0,0.0,True,PHASE4_STEP8F_FINITE_CAPACITY_SCHEDULE_ALTERNATIVES,True
PHASE4-MPS-20260721170405,ALT-SETUP,PSC-SKU-BIKE-MT-001-20260803,MT-OP-030,,WS-WHEEL-SUB,M-WHEEL-TRUE-001,WHEEL_ASSEMBLY_TECHNICIAN,,,,,,,0.0,435.0,3,1305.0,1305.0,1305.0,,,0.0,1305.0,0.0,0.0,0.0,0.0,0.0,0.0,WORKSTATION,0.0,0.0,0.0,0.0,0.0,0.0,0.0,0.0,0.0,0.0,252.5983,FINITE_CAPACITY_BLOCKED,0.0,0.0,0.0,0.0,True,PHASE4_STEP8F_FINITE_CAPACITY_SCHEDULE_ALTERNATIVES,True
PHASE4-MPS-20260721170405,ALT-SETUP,PSC-SKU-BIKE-MT-001-20260810,MT-OP-030,,WS-WHEEL-SUB,M-WHEEL-TRUE-001,WHEEL_ASSEMBLY_TECHNICIAN,,,,,,,0.0,435.0,3,1305.0,1305.0,1305.0,,,0.0,1305.0,0.0,0.0,0.0,0.0,0.0,0.0,WORKSTATION,0.0,0.0,0.0,0.0,0.0,0.0,0.0,0.0,0.0,0.0,252.5983,FINITE_CAPACITY_BLOCKED,0.0,0.0,0.0,0.0,True,PHASE4_STEP8F_FINITE_CAPACITY_SCHEDULE_ALTERNATIVES,True
PHASE4-MPS-20260721170405,ALT-SETUP,PSC-SKU-BIKE-MT-001-20260817,MT-OP-030,,WS-WHEEL-SUB,M-WHEEL-TRUE-001,WHEEL_ASSEMBLY_TECHNICIAN,,,,,,,0.0,435.0,3,1305.0,1305.0,1305.0,,,0.0,1305.0,0.0,0.0,0.0,0.0,0.0,0.0,WORKSTATION,0.0,0.0,0.0,0.0,0.0,0.0,0.0,0.0,0.0,0.0,252.5983,FINITE_CAPACITY_BLOCKED,0.0,0.0,0.0,0.0,True,PHASE4_STEP8F_FINITE_CAPACITY_SCHEDULE_ALTERNATIVES,True
PHASE4-MPS-20260721170405,ALT-SETUP,PSC-SKU-BIKE-MT-001-20260824,MT-OP-030,,WS-WHEEL-SUB,M-WHEEL-TRUE-001,WHEEL_ASSEMBLY_TECHNICIAN,,,,,,,0.0,435.0,3,1305.0,1305.0,1305.0,,,0.0,1305.0,0.0,0.0,0.0,0.0,0.0,0.0,WORKSTATION,0.0,0.0,0.0,0.0,0.0,0.0,0.0,0.0,0.0,0.0,252.5983,FINITE_CAPACITY_BLOCKED,0.0,0.0,0.0,0.0,True,PHASE4_STEP8F_FINITE_CAPACITY_SCHEDULE_ALTERNATIVES,True
PHASE4-MPS-20260721170405,ALT-SETUP,PSC-SKU-BIKE-MT-001-20260831,MT-OP-030,,WS-WHEEL-SUB,M-WHEEL-TRUE-001,WHEEL_ASSEMBLY_TECHNICIAN,,,,,,,0.0,435.0,3,1305.0,1305.0,1305.0,,,0.0,1305.0,0.0,0.0,0.0,0.0,0.0,0.0,WORKSTATION,0.0,0.0,0.0,0.0,0.0,0.0,0.0,0.0,0.0,0.0,252.5983,FINITE_CAPACITY_BLOCKED,0.0,0.0,0.0,0.0,True,PHASE4_STEP8F_FINITE_CAPACITY_SCHEDULE_ALTERNATIVES,True
PHASE4-MPS-20260721170405,ALT-SETUP,PSC-SKU-BIKE-MT-001-20260907,MT-OP-030,,WS-WHEEL-SUB,M-WHEEL-TRUE-001,WHEEL_ASSEMBLY_TECHNICIAN,,,,,,,0.0,435.0,3,1305.0,1305.0,1305.0,,,0.0,1305.0,0.0,0.0,0.0,0.0,0.0,0.0,WORKSTATION,0.0,0.0,0.0,0.0,0.0,0.0,0.0,0.0,0.0,0.0,252.5983,FINITE_CAPACITY_BLOCKED,0.0,0.0,0.0,0.0,True,PHASE4_STEP8F_FINITE_CAPACITY_SCHEDULE_ALTERNATIVES,True
PHASE4-MPS-20260721170405,ALT-SETUP,PSC-SKU-BIKE-MT-001-20260914,MT-OP-030,,WS-WHEEL-SUB,M-WHEEL-TRUE-001,WHEEL_ASSEMBLY_TECHNICIAN,,,,,,,0.0,435.0,3,1305.0,1305.0,1305.0,,,0.0,1305.0,0.0,0.0,0.0,0.0,0.0,0.0,WORKSTATION,0.0,0.0,0.0,0.0,0.0,0.0,0.0,0.0,0.0,0.0,252.5983,FINITE_CAPACITY_BLOCKED,0.0,0.0,0.0,0.0,True,PHASE4_STEP8F_FINITE_CAPACITY_SCHEDULE_ALTERNATIVES,True
PHASE4-MPS-20260721170405,ALT-SETUP,PSC-SKU-BIKE-MT-001-20260921,MT-OP-030,,WS-WHEEL-SUB,M-WHEEL-TRUE-001,WHEEL_ASSEMBLY_TECHNICIAN,,,,,,,0.0,435.0,3,1305.0,1305.0,1305.0,,,0.0,1305.0,0.0,0.0,0.0,0.0,0.0,0.0,WORKSTATION,0.0,0.0,0.0,0.0,0.0,0.0,0.0,0.0,0.0,0.0,252.5983,FINITE_CAPACITY_BLOCKED,0.0,0.0,0.0,0.0,True,PHASE4_STEP8F_FINITE_CAPACITY_SCHEDULE_ALTERNATIVES,True
PHASE4-MPS-20260721170405,ALT-SETUP,PSC-SKU-BIKE-MT-001-20260928,MT-OP-030,,WS-WHEEL-SUB,M-WHEEL-TRUE-001,WHEEL_ASSEMBLY_TECHNICIAN,,,,,,,0.0,435.0,3,1305.0,1305.0,1305.0,,,0.0,1305.0,0.0,0.0,0.0,0.0,0.0,0.0,WORKSTATION,0.0,0.0,0.0,0.0,0.0,0.0,0.0,0.0,0.0,0.0,37.1718,FINITE_CAPACITY_BLOCKED,0.0,0.0,0.0,0.0,True,PHASE4_STEP8F_FINITE_CAPACITY_SCHEDULE_ALTERNATIVES,True
PHASE4-MPS-20260721170405,ALT-SETUP,PSC-SKU-BIKE-MT-001-20260706,MT-OP-050,SEG-ALT-SETUP-PSC-SKU-BIKE-MT-001-20260706-MT-OP-050-01;SEG-ALT-SETUP-PSC-SKU-BIKE-MT-001-20260706-MT-OP-050-02;SEG-ALT-SETUP-PSC-SKU-BIKE-MT-001-20260706-MT-OP-050-03;SEG-ALT-SETUP-PSC-SKU-BIKE-MT-001-20260706-MT-OP-050-04;SEG-ALT-SETUP-PSC-SKU-BIKE-MT-001-20260706-MT-OP-050-05;SEG-ALT-SETUP-PSC-SKU-BIKE-MT-001-20260706-MT-OP-050-06;SEG-ALT-SETUP-PSC-SKU-BIKE-MT-001-20260706-MT-OP-050-07;SEG-ALT-SETUP-PSC-SKU-BIKE-MT-001-20260706-MT-OP-050-08,WS-FINAL-ASM,M-FINAL-STAND-001,FINAL_ASSEMBLY_OPERATOR,2026-07-13,2026-07-13,SHIFT-A,2026-07-13,SHIFT-A,WIN-20260713-SHIFT-A;WIN-20260714-SHIFT-A;WIN-20260715-SHIFT-A;WIN-20260716-SHIFT-A;WIN-20260717-SHIFT-A;WIN-20260720-SHIFT-A;WIN-20260721-SHIFT-A;WIN-20260722-SHIFT-A,3480.0,435.0,1,3480.0,3480.0,3480.0,M-FINAL-STAND-001#01=3270.2413,FINAL_ASSEMBLY_OPERATOR#01=3270.2413,3270.2413,209.7587,93.9725,93.9725,93.9725,93.9725,93.9725,93.9725,WORKSTATION,139.7514,3270.2413,3270.2413,70.0073,0.0,54.504,0.0,54.504,58.0,93.9725,398.7676,FINITE_CAPACITY_FEASIBLE,0.0,0.0,0.0,0.0,True,PHASE4_STEP8F_FINITE_CAPACITY_SCHEDULE_ALTERNATIVES,True
PHASE4-MPS-20260721170405,ALT-SETUP,PSC-SKU-BIKE-MT-001-20260713,MT-OP-050,,WS-FINAL-ASM,M-FINAL-STAND-001,FINAL_ASSEMBLY_OPERATOR,,,,,,,0.0,435.0,1,435.0,435.0,435.0,,,0.0,435.0,0.0,0.0,0.0,0.0,0.0,0.0,WORKSTATION,0.0,0.0,0.0,0.0,0.0,0.0,0.0,0.0,0.0,0.0,399.6048,FINITE_CAPACITY_BLOCKED,0.0,0.0,0.0,0.0,True,PHASE4_STEP8F_FINITE_CAPACITY_SCHEDULE_ALTERNATIVES,True
PHASE4-MPS-20260721170405,ALT-SETUP,PSC-SKU-BIKE-MT-001-20260720,MT-OP-050,,WS-FINAL-ASM,M-FINAL-STAND-001,FINAL_ASSEMBLY_OPERATOR,,,,,,,0.0,435.0,1,435.0,435.0,435.0,,,0.0,435.0,0.0,0.0,0.0,0.0,0.0,0.0,WORKSTATION,0.0,0.0,0.0,0.0,0.0,0.0,0.0,0.0,0.0,0.0,399.6048,FINITE_CAPACITY_BLOCKED,0.0,0.0,0.0,0.0,True,PHASE4_STEP8F_FINITE_CAPACITY_SCHEDULE_ALTERNATIVES,True
PHASE4-MPS-20260721170405,ALT-SETUP,PSC-SKU-BIKE-MT-001-20260727,MT-OP-050,,WS-FINAL-ASM,M-FINAL-STAND-001,FINAL_ASSEMBLY_OPERATOR,,,,,,,0.0,435.0,1,435.0,435.0,435.0,,,0.0,435.0,0.0,0.0,0.0,0.0,0.0,0.0,WORKSTATION,0.0,0.0,0.0,0.0,0.0,0.0,0.0,0.0,0.0,0.0,399.6048,FINITE_CAPACITY_BLOCKED,0.0,0.0,0.0,0.0,True,PHASE4_STEP8F_FINITE_CAPACITY_SCHEDULE_ALTERNATIVES,True
PHASE4-MPS-20260721170405,ALT-SETUP,PSC-SKU-BIKE-MT-001-20260803,MT-OP-050,,WS-FINAL-ASM,M-FINAL-STAND-001,FINAL_ASSEMBLY_OPERATOR,,,,,,,0.0,435.0,1,435.0,435.0,435.0,,,0.0,435.0,0.0,0.0,0.0,0.0,0.0,0.0,WORKSTATION,0.0,0.0,0.0,0.0,0.0,0.0,0.0,0.0,0.0,0.0,399.6048,FINITE_CAPACITY_BLOCKED,0.0,0.0,0.0,0.0,True,PHASE4_STEP8F_FINITE_CAPACITY_SCHEDULE_ALTERNATIVES,True
PHASE4-MPS-20260721170405,ALT-SETUP,PSC-SKU-BIKE-MT-001-20260810,MT-OP-050,,WS-FINAL-ASM,M-FINAL-STAND-001,FINAL_ASSEMBLY_OPERATOR,,,,,,,0.0,435.0,1,435.0,435.0,435.0,,,0.0,435.0,0.0,0.0,0.0,0.0,0.0,0.0,WORKSTATION,0.0,0.0,0.0,0.0,0.0,0.0,0.0,0.0,0.0,0.0,399.6048,FINITE_CAPACITY_BLOCKED,0.0,0.0,0.0,0.0,True,PHASE4_STEP8F_FINITE_CAPACITY_SCHEDULE_ALTERNATIVES,True
PHASE4-MPS-20260721170405,ALT-SETUP,PSC-SKU-BIKE-MT-001-20260817,MT-OP-050,,WS-FINAL-ASM,M-FINAL-STAND-001,FINAL_ASSEMBLY_OPERATOR,,,,,,,0.0,435.0,1,435.0,435.0,435.0,,,0.0,435.0,0.0,0.0,0.0,0.0,0.0,0.0,WORKSTATION,0.0,0.0,0.0,0.0,0.0,0.0,0.0,0.0,0.0,0.0,399.6048,FINITE_CAPACITY_BLOCKED,0.0,0.0,0.0,0.0,True,PHASE4_STEP8F_FINITE_CAPACITY_SCHEDULE_ALTERNATIVES,True
PHASE4-MPS-20260721170405,ALT-SETUP,PSC-SKU-BIKE-MT-001-20260824,MT-OP-050,,WS-FINAL-ASM,M-FINAL-STAND-001,FINAL_ASSEMBLY_OPERATOR,,,,,,,0.0,435.0,1,435.0,435.0,435.0,,,0.0,435.0,0.0,0.0,0.0,0.0,0.0,0.0,WORKSTATION,0.0,0.0,0.0,0.0,0.0,0.0,0.0,0.0,0.0,0.0,399.6048,FINITE_CAPACITY_BLOCKED,0.0,0.0,0.0,0.0,True,PHASE4_STEP8F_FINITE_CAPACITY_SCHEDULE_ALTERNATIVES,True
PHASE4-MPS-20260721170405,ALT-SETUP,PSC-SKU-BIKE-MT-001-20260831,MT-OP-050,,WS-FINAL-ASM,M-FINAL-STAND-001,FINAL_ASSEMBLY_OPERATOR,,,,,,,0.0,435.0,1,435.0,435.0,435.0,,,0.0,435.0,0.0,0.0,0.0,0.0,0.0,0.0,WORKSTATION,0.0,0.0,0.0,0.0,0.0,0.0,0.0,0.0,0.0,0.0,399.6048,FINITE_CAPACITY_BLOCKED,0.0,0.0,0.0,0.0,True,PHASE4_STEP8F_FINITE_CAPACITY_SCHEDULE_ALTERNATIVES,True
PHASE4-MPS-20260721170405,ALT-SETUP,PSC-SKU-BIKE-MT-001-20260907,MT-OP-050,,WS-FINAL-ASM,M-FINAL-STAND-001,FINAL_ASSEMBLY_OPERATOR,,,,,,,0.0,435.0,1,435.0,435.0,435.0,,,0.0,435.0,0.0,0.0,0.0,0.0,0.0,0.0,WORKSTATION,0.0,0.0,0.0,0.0,0.0,0.0,0.0,0.0,0.0,0.0,399.6048,FINITE_CAPACITY_BLOCKED,0.0,0.0,0.0,0.0,True,PHASE4_STEP8F_FINITE_CAPACITY_SCHEDULE_ALTERNATIVES,True
PHASE4-MPS-20260721170405,ALT-SETUP,PSC-SKU-BIKE-MT-001-20260914,MT-OP-050,,WS-FINAL-ASM,M-FINAL-STAND-001,FINAL_ASSEMBLY_OPERATOR,,,,,,,0.0,435.0,1,435.0,435.0,435.0,,,0.0,435.0,0.0,0.0,0.0,0.0,0.0,0.0,WORKSTATION,0.0,0.0,0.0,0.0,0.0,0.0,0.0,0.0,0.0,0.0,399.6048,FINITE_CAPACITY_BLOCKED,0.0,0.0,0.0,0.0,True,PHASE4_STEP8F_FINITE_CAPACITY_SCHEDULE_ALTERNATIVES,True
PHASE4-MPS-20260721170405,ALT-SETUP,PSC-SKU-BIKE-MT-001-20260921,MT-OP-050,,WS-FINAL-ASM,M-FINAL-STAND-001,FINAL_ASSEMBLY_OPERATOR,,,,,,,0.0,435.0,1,435.0,435.0,435.0,,,0.0,435.0,0.0,0.0,0.0,0.0,0.0,0.0,WORKSTATION,0.0,0.0,0.0,0.0,0.0,0.0,0.0,0.0,0.0,0.0,399.6048,FINITE_CAPACITY_BLOCKED,0.0,0.0,0.0,0.0,True,PHASE4_STEP8F_FINITE_CAPACITY_SCHEDULE_ALTERNATIVES,True
PHASE4-MPS-20260721170405,ALT-SETUP,PSC-SKU-BIKE-MT-001-20260706,MT-OP-060,SEG-ALT-SETUP-PSC-SKU-BIKE-MT-001-20260706-MT-OP-060-01;SEG-ALT-SETUP-PSC-SKU-BIKE-MT-001-20260706-MT-OP-060-02;SEG-ALT-SETUP-PSC-SKU-BIKE-MT-001-20260706-MT-OP-060-03;SEG-ALT-SETUP-PSC-SKU-BIKE-MT-001-20260706-MT-OP-060-04,WS-QC,M-QC-TOOLS-001,QUALITY_INSPECTOR,2026-07-22,2026-07-22,SHIFT-A,2026-07-22,SHIFT-A,WIN-20260722-SHIFT-A;WIN-20260723-SHIFT-A;WIN-20260724-SHIFT-A;WIN-20260727-SHIFT-A,1740.0,435.0,1,1740.0,1740.0,1740.0,M-QC-TOOLS-001#01=1359.8829,QUALITY_INSPECTOR#01=1359.8829,1359.8829,380.1171,78.1542,78.1542,78.1542,78.1542,78.1542,78.1542,WORKSTATION,364.9927,1359.8829,1359.8829,15.1244,0.0,22.6647,0.0,22.6647,29.0,78.1542,164.6642,FINITE_CAPACITY_FEASIBLE,0.0,0.0001,0.0,0.0,True,PHASE4_STEP8F_FINITE_CAPACITY_SCHEDULE_ALTERNATIVES,True
PHASE4-MPS-20260721170405,ALT-SETUP,PSC-SKU-BIKE-MT-001-20260706,MT-OP-070,SEG-ALT-SETUP-PSC-SKU-BIKE-MT-001-20260706-MT-OP-070-01;SEG-ALT-SETUP-PSC-SKU-BIKE-MT-001-20260706-MT-OP-070-02;SEG-ALT-SETUP-PSC-SKU-BIKE-MT-001-20260706-MT-OP-070-03;SEG-ALT-SETUP-PSC-SKU-BIKE-MT-001-20260706-MT-OP-070-04,WS-PACK,M-PACK-BENCH-001,PACKAGING_OPERATOR,2026-07-27,2026-07-27,SHIFT-A,2026-07-27,SHIFT-A,WIN-20260727-SHIFT-A;WIN-20260728-SHIFT-A;WIN-20260729-SHIFT-A;WIN-20260730-SHIFT-A,1740.0,435.0,1,1740.0,1740.0,1740.0,M-PACK-BENCH-001#01=1027.2619,PACKAGING_OPERATOR#01=1027.2619,1027.2619,712.7381,59.038,59.038,59.038,59.038,59.038,59.038,WORKSTATION,419.8756,1027.2619,1027.2619,292.8625,0.0,17.121,0.0,17.121,29.0,59.038,129.2125,FINITE_CAPACITY_FEASIBLE,0.0,0.0,0.0,0.0,True,PHASE4_STEP8F_FINITE_CAPACITY_SCHEDULE_ALTERNATIVES,True
PHASE4-MPS-20260721170405,ALT-SETUP,PSC-SKU-BIKE-MT-001-20260713,MT-OP-060,,WS-QC,M-QC-TOOLS-001,QUALITY_INSPECTOR,,,,,,,0.0,435.0,1,435.0,435.0,435.0,,,0.0,435.0,0.0,0.0,0.0,0.0,0.0,0.0,WORKSTATION,0.0,0.0,0.0,0.0,0.0,0.0,0.0,0.0,0.0,0.0,165.008,FINITE_CAPACITY_BLOCKED,0.0,0.0,0.0,0.0,True,PHASE4_STEP8F_FINITE_CAPACITY_SCHEDULE_ALTERNATIVES,True
PHASE4-MPS-20260721170405,ALT-SETUP,PSC-SKU-BIKE-MT-001-20260713,MT-OP-070,,WS-PACK,M-PACK-BENCH-001,PACKAGING_OPERATOR,,,,,,,0.0,435.0,1,435.0,435.0,435.0,,,0.0,435.0,0.0,0.0,0.0,0.0,0.0,0.0,WORKSTATION,0.0,0.0,0.0,0.0,0.0,0.0,0.0,0.0,0.0,0.0,129.4918,FINITE_CAPACITY_BLOCKED,0.0,0.0,0.0,0.0,True,PHASE4_STEP8F_FINITE_CAPACITY_SCHEDULE_ALTERNATIVES,True
PHASE4-MPS-20260721170405,ALT-SETUP,PSC-SKU-BIKE-MT-001-20260720,MT-OP-060,,WS-QC,M-QC-TOOLS-001,QUALITY_INSPECTOR,,,,,,,0.0,435.0,1,435.0,435.0,435.0,,,0.0,435.0,0.0,0.0,0.0,0.0,0.0,0.0,WORKSTATION,0.0,0.0,0.0,0.0,0.0,0.0,0.0,0.0,0.0,0.0,165.008,FINITE_CAPACITY_BLOCKED,0.0,0.0,0.0,0.0,True,PHASE4_STEP8F_FINITE_CAPACITY_SCHEDULE_ALTERNATIVES,True
PHASE4-MPS-20260721170405,ALT-SETUP,PSC-SKU-BIKE-MT-001-20260720,MT-OP-070,,WS-PACK,M-PACK-BENCH-001,PACKAGING_OPERATOR,,,,,,,0.0,435.0,1,435.0,435.0,435.0,,,0.0,435.0,0.0,0.0,0.0,0.0,0.0,0.0,WORKSTATION,0.0,0.0,0.0,0.0,0.0,0.0,0.0,0.0,0.0,0.0,129.4918,FINITE_CAPACITY_BLOCKED,0.0,0.0,0.0,0.0,True,PHASE4_STEP8F_FINITE_CAPACITY_SCHEDULE_ALTERNATIVES,True
PHASE4-MPS-20260721170405,ALT-SETUP,PSC-SKU-BIKE-MT-001-20260727,MT-OP-060,,WS-QC,M-QC-TOOLS-001,QUALITY_INSPECTOR,,,,,,,0.0,435.0,1,435.0,435.0,435.0,,,0.0,435.0,0.0,0.0,0.0,0.0,0.0,0.0,WORKSTATION,0.0,0.0,0.0,0.0,0.0,0.0,0.0,0.0,0.0,0.0,165.008,FINITE_CAPACITY_BLOCKED,0.0,0.0,0.0,0.0,True,PHASE4_STEP8F_FINITE_CAPACITY_SCHEDULE_ALTERNATIVES,True
PHASE4-MPS-20260721170405,ALT-SETUP,PSC-SKU-BIKE-MT-001-20260727,MT-OP-070,,WS-PACK,M-PACK-BENCH-001,PACKAGING_OPERATOR,,,,,,,0.0,435.0,1,435.0,435.0,435.0,,,0.0,435.0,0.0,0.0,0.0,0.0,0.0,0.0,WORKSTATION,0.0,0.0,0.0,0.0,0.0,0.0,0.0,0.0,0.0,0.0,129.4918,FINITE_CAPACITY_BLOCKED,0.0,0.0,0.0,0.0,True,PHASE4_STEP8F_FINITE_CAPACITY_SCHEDULE_ALTERNATIVES,True
PHASE4-MPS-20260721170405,ALT-SETUP,PSC-SKU-BIKE-MT-001-20260803,MT-OP-060,,WS-QC,M-QC-TOOLS-001,QUALITY_INSPECTOR,,,,,,,0.0,435.0,1,435.0,435.0,435.0,,,0.0,435.0,0.0,0.0,0.0,0.0,0.0,0.0,WORKSTATION,0.0,0.0,0.0,0.0,0.0,0.0,0.0,0.0,0.0,0.0,165.008,FINITE_CAPACITY_BLOCKED,0.0,0.0,0.0,0.0,True,PHASE4_STEP8F_FINITE_CAPACITY_SCHEDULE_ALTERNATIVES,True
PHASE4-MPS-20260721170405,ALT-SETUP,PSC-SKU-BIKE-MT-001-20260803,MT-OP-070,,WS-PACK,M-PACK-BENCH-001,PACKAGING_OPERATOR,,,,,,,0.0,435.0,1,435.0,435.0,435.0,,,0.0,435.0,0.0,0.0,0.0,0.0,0.0,0.0,WORKSTATION,0.0,0.0,0.0,0.0,0.0,0.0,0.0,0.0,0.0,0.0,129.4918,FINITE_CAPACITY_BLOCKED,0.0,0.0,0.0,0.0,True,PHASE4_STEP8F_FINITE_CAPACITY_SCHEDULE_ALTERNATIVES,True
PHASE4-MPS-20260721170405,ALT-SETUP,PSC-SKU-BIKE-MT-001-20260810,MT-OP-060,,WS-QC,M-QC-TOOLS-001,QUALITY_INSPECTOR,,,,,,,0.0,435.0,1,435.0,435.0,435.0,,,0.0,435.0,0.0,0.0,0.0,0.0,0.0,0.0,WORKSTATION,0.0,0.0,0.0,0.0,0.0,0.0,0.0,0.0,0.0,0.0,165.008,FINITE_CAPACITY_BLOCKED,0.0,0.0,0.0,0.0,True,PHASE4_STEP8F_FINITE_CAPACITY_SCHEDULE_ALTERNATIVES,True
PHASE4-MPS-20260721170405,ALT-SETUP,PSC-SKU-BIKE-MT-001-20260810,MT-OP-070,,WS-PACK,M-PACK-BENCH-001,PACKAGING_OPERATOR,,,,,,,0.0,435.0,1,435.0,435.0,435.0,,,0.0,435.0,0.0,0.0,0.0,0.0,0.0,0.0,WORKSTATION,0.0,0.0,0.0,0.0,0.0,0.0,0.0,0.0,0.0,0.0,129.4918,FINITE_CAPACITY_BLOCKED,0.0,0.0,0.0,0.0,True,PHASE4_STEP8F_FINITE_CAPACITY_SCHEDULE_ALTERNATIVES,True
PHASE4-MPS-20260721170405,ALT-SETUP,PSC-SKU-BIKE-MT-001-20260817,MT-OP-060,,WS-QC,M-QC-TOOLS-001,QUALITY_INSPECTOR,,,,,,,0.0,435.0,1,435.0,435.0,435.0,,,0.0,435.0,0.0,0.0,0.0,0.0,0.0,0.0,WORKSTATION,0.0,0.0,0.0,0.0,0.0,0.0,0.0,0.0,0.0,0.0,165.008,FINITE_CAPACITY_BLOCKED,0.0,0.0,0.0,0.0,True,PHASE4_STEP8F_FINITE_CAPACITY_SCHEDULE_ALTERNATIVES,True
PHASE4-MPS-20260721170405,ALT-SETUP,PSC-SKU-BIKE-MT-001-20260817,MT-OP-070,,WS-PACK,M-PACK-BENCH-001,PACKAGING_OPERATOR,,,,,,,0.0,435.0,1,435.0,435.0,435.0,,,0.0,435.0,0.0,0.0,0.0,0.0,0.0,0.0,WORKSTATION,0.0,0.0,0.0,0.0,0.0,0.0,0.0,0.0,0.0,0.0,129.4918,FINITE_CAPACITY_BLOCKED,0.0,0.0,0.0,0.0,True,PHASE4_STEP8F_FINITE_CAPACITY_SCHEDULE_ALTERNATIVES,True
PHASE4-MPS-20260721170405,ALT-SETUP,PSC-SKU-BIKE-MT-001-20260824,MT-OP-060,,WS-QC,M-QC-TOOLS-001,QUALITY_INSPECTOR,,,,,,,0.0,435.0,1,435.0,435.0,435.0,,,0.0,435.0,0.0,0.0,0.0,0.0,0.0,0.0,WORKSTATION,0.0,0.0,0.0,0.0,0.0,0.0,0.0,0.0,0.0,0.0,165.008,FINITE_CAPACITY_BLOCKED,0.0,0.0,0.0,0.0,True,PHASE4_STEP8F_FINITE_CAPACITY_SCHEDULE_ALTERNATIVES,True
PHASE4-MPS-20260721170405,ALT-SETUP,PSC-SKU-BIKE-MT-001-20260824,MT-OP-070,,WS-PACK,M-PACK-BENCH-001,PACKAGING_OPERATOR,,,,,,,0.0,435.0,1,435.0,435.0,435.0,,,0.0,435.0,0.0,0.0,0.0,0.0,0.0,0.0,WORKSTATION,0.0,0.0,0.0,0.0,0.0,0.0,0.0,0.0,0.0,0.0,129.4918,FINITE_CAPACITY_BLOCKED,0.0,0.0,0.0,0.0,True,PHASE4_STEP8F_FINITE_CAPACITY_SCHEDULE_ALTERNATIVES,True
PHASE4-MPS-20260721170405,ALT-SETUP,PSC-SKU-BIKE-MT-001-20260831,MT-OP-060,,WS-QC,M-QC-TOOLS-001,QUALITY_INSPECTOR,,,,,,,0.0,435.0,1,435.0,435.0,435.0,,,0.0,435.0,0.0,0.0,0.0,0.0,0.0,0.0,WORKSTATION,0.0,0.0,0.0,0.0,0.0,0.0,0.0,0.0,0.0,0.0,165.008,FINITE_CAPACITY_BLOCKED,0.0,0.0,0.0,0.0,True,PHASE4_STEP8F_FINITE_CAPACITY_SCHEDULE_ALTERNATIVES,True
PHASE4-MPS-20260721170405,ALT-SETUP,PSC-SKU-BIKE-MT-001-20260831,MT-OP-070,,WS-PACK,M-PACK-BENCH-001,PACKAGING_OPERATOR,,,,,,,0.0,435.0,1,435.0,435.0,435.0,,,0.0,435.0,0.0,0.0,0.0,0.0,0.0,0.0,WORKSTATION,0.0,0.0,0.0,0.0,0.0,0.0,0.0,0.0,0.0,0.0,129.4918,FINITE_CAPACITY_BLOCKED,0.0,0.0,0.0,0.0,True,PHASE4_STEP8F_FINITE_CAPACITY_SCHEDULE_ALTERNATIVES,True
PHASE4-MPS-20260721170405,ALT-SETUP,PSC-SKU-BIKE-MT-001-20260907,MT-OP-060,,WS-QC,M-QC-TOOLS-001,QUALITY_INSPECTOR,,,,,,,0.0,435.0,1,435.0,435.0,435.0,,,0.0,435.0,0.0,0.0,0.0,0.0,0.0,0.0,WORKSTATION,0.0,0.0,0.0,0.0,0.0,0.0,0.0,0.0,0.0,0.0,165.008,FINITE_CAPACITY_BLOCKED,0.0,0.0,0.0,0.0,True,PHASE4_STEP8F_FINITE_CAPACITY_SCHEDULE_ALTERNATIVES,True
PHASE4-MPS-20260721170405,ALT-SETUP,PSC-SKU-BIKE-MT-001-20260907,MT-OP-070,,WS-PACK,M-PACK-BENCH-001,PACKAGING_OPERATOR,,,,,,,0.0,435.0,1,435.0,435.0,435.0,,,0.0,435.0,0.0,0.0,0.0,0.0,0.0,0.0,WORKSTATION,0.0,0.0,0.0,0.0,0.0,0.0,0.0,0.0,0.0,0.0,129.4918,FINITE_CAPACITY_BLOCKED,0.0,0.0,0.0,0.0,True,PHASE4_STEP8F_FINITE_CAPACITY_SCHEDULE_ALTERNATIVES,True
PHASE4-MPS-20260721170405,ALT-SETUP,PSC-SKU-BIKE-MT-001-20260914,MT-OP-060,,WS-QC,M-QC-TOOLS-001,QUALITY_INSPECTOR,,,,,,,0.0,435.0,1,435.0,435.0,435.0,,,0.0,435.0,0.0,0.0,0.0,0.0,0.0,0.0,WORKSTATION,0.0,0.0,0.0,0.0,0.0,0.0,0.0,0.0,0.0,0.0,165.008,FINITE_CAPACITY_BLOCKED,0.0,0.0,0.0,0.0,True,PHASE4_STEP8F_FINITE_CAPACITY_SCHEDULE_ALTERNATIVES,True
PHASE4-MPS-20260721170405,ALT-SETUP,PSC-SKU-BIKE-MT-001-20260914,MT-OP-070,,WS-PACK,M-PACK-BENCH-001,PACKAGING_OPERATOR,,,,,,,0.0,435.0,1,435.0,435.0,435.0,,,0.0,435.0,0.0,0.0,0.0,0.0,0.0,0.0,WORKSTATION,0.0,0.0,0.0,0.0,0.0,0.0,0.0,0.0,0.0,0.0,129.4918,FINITE_CAPACITY_BLOCKED,0.0,0.0,0.0,0.0,True,PHASE4_STEP8F_FINITE_CAPACITY_SCHEDULE_ALTERNATIVES,True
PHASE4-MPS-20260721170405,ALT-SETUP,PSC-SKU-BIKE-MT-001-20260921,MT-OP-060,,WS-QC,M-QC-TOOLS-001,QUALITY_INSPECTOR,,,,,,,0.0,435.0,1,435.0,435.0,435.0,,,0.0,435.0,0.0,0.0,0.0,0.0,0.0,0.0,WORKSTATION,0.0,0.0,0.0,0.0,0.0,0.0,0.0,0.0,0.0,0.0,165.008,FINITE_CAPACITY_BLOCKED,0.0,0.0,0.0,0.0,True,PHASE4_STEP8F_FINITE_CAPACITY_SCHEDULE_ALTERNATIVES,True
PHASE4-MPS-20260721170405,ALT-SETUP,PSC-SKU-BIKE-MT-001-20260921,MT-OP-070,,WS-PACK,M-PACK-BENCH-001,PACKAGING_OPERATOR,,,,,,,0.0,435.0,1,435.0,435.0,435.0,,,0.0,435.0,0.0,0.0,0.0,0.0,0.0,0.0,WORKSTATION,0.0,0.0,0.0,0.0,0.0,0.0,0.0,0.0,0.0,0.0,129.4918,FINITE_CAPACITY_BLOCKED,0.0,0.0,0.0,0.0,True,PHASE4_STEP8F_FINITE_CAPACITY_SCHEDULE_ALTERNATIVES,True
PHASE4-MPS-20260721170405,ALT-SETUP,PSC-SKU-BIKE-ROAD-001-20260928,ROAD-OP-040,SEG-ALT-SETUP-PSC-SKU-BIKE-ROAD-001-20260928-ROAD-OP-040-01;SEG-ALT-SETUP-PSC-SKU-BIKE-ROAD-001-20260928-ROAD-OP-040-02,WS-FINAL-ASM,M-FINAL-STAND-001,FINAL_ASSEMBLY_OPERATOR,2026-06-29,2026-06-29,SHIFT-A,2026-06-29,SHIFT-A,WIN-20260629-SHIFT-A;WIN-20260630-SHIFT-A,870.0,435.0,1,870.0,870.0,870.0,M-FINAL-STAND-001#01=666.936,FINAL_ASSEMBLY_OPERATOR#01=666.936,666.936,203.064,76.6593,76.6593,76.6593,76.6593,76.6593,76.6593,WORKSTATION,0.0,666.936,666.936,203.064,0.0,10.7156,0.4,11.1156,14.5,76.6593,76.6593,FINITE_CAPACITY_FEASIBLE,0.0,0.0,0.0,0.0,True,PHASE4_STEP8F_FINITE_CAPACITY_SCHEDULE_ALTERNATIVES,True
PHASE4-MPS-20260721170405,ALT-SETUP,PSC-SKU-BIKE-ROAD-001-20260629,ROAD-OP-010,SEG-ALT-SETUP-PSC-SKU-BIKE-ROAD-001-20260629-ROAD-OP-010-01;SEG-ALT-SETUP-PSC-SKU-BIKE-ROAD-001-20260629-ROAD-OP-010-02;SEG-ALT-SETUP-PSC-SKU-BIKE-ROAD-001-20260629-ROAD-OP-010-03,WS-FRAME-PREP,M-FRAME-JIG-001,FRAME_TECHNICIAN,2026-06-29,2026-06-29,SHIFT-A,2026-06-29,SHIFT-A,WIN-20260629-SHIFT-A;WIN-20260630-SHIFT-A;WIN-20260701-SHIFT-A,1305.0,435.0,2,2610.0,2610.0,2610.0,M-FRAME-JIG-001#02=1271.982,FRAME_TECHNICIAN#02=1271.982,1271.982,1338.018,48.7349,48.7349,48.7349,48.7349,48.7349,48.7349,WORKSTATION,33.018,1271.982,1271.982,0.0,0.0,20.8997,0.3,21.1997,21.75,97.4699,111.2409,FINITE_CAPACITY_FEASIBLE,0.0,0.0,0.0,0.0,True,PHASE4_STEP8F_FINITE_CAPACITY_SCHEDULE_ALTERNATIVES,True
PHASE4-MPS-20260721170405,ALT-SETUP,PSC-SKU-BIKE-ROAD-001-20260706,ROAD-OP-010,SEG-ALT-SETUP-PSC-SKU-BIKE-ROAD-001-20260706-ROAD-OP-010-01;SEG-ALT-SETUP-PSC-SKU-BIKE-ROAD-001-20260706-ROAD-OP-010-02,WS-FRAME-PREP,M-FRAME-JIG-001,FRAME_TECHNICIAN,2026-07-06,2026-07-06,SHIFT-A,2026-07-06,SHIFT-A,WIN-20260706-SHIFT-A;WIN-20260707-SHIFT-A,870.0,435.0,2,1740.0,1740.0,1740.0,M-FRAME-JIG-001#02=603.7853,FRAME_TECHNICIAN#02=603.7853,603.7853,1136.2147,34.7003,34.7003,34.7003,34.7003,34.7003,34.7003,WORKSTATION,266.2147,603.7853,603.7853,0.0,0.0,10.0631,0.0,10.0631,14.5,69.4006,202.2771,FINITE_CAPACITY_FEASIBLE,0.0,0.0,0.0,0.0,True,PHASE4_STEP8F_FINITE_CAPACITY_SCHEDULE_ALTERNATIVES,True
PHASE4-MPS-20260721170405,ALT-SETUP,PSC-SKU-BIKE-ROAD-001-20260713,ROAD-OP-010,,WS-FRAME-PREP,M-FRAME-JIG-001,FRAME_TECHNICIAN,,,,,,,0.0,435.0,2,870.0,870.0,870.0,,,0.0,870.0,0.0,0.0,0.0,0.0,0.0,0.0,WORKSTATION,0.0,0.0,0.0,0.0,0.0,0.0,0.0,0.0,0.0,0.0,202.7045,FINITE_CAPACITY_BLOCKED,0.0,0.0,0.0,0.0,True,PHASE4_STEP8F_FINITE_CAPACITY_SCHEDULE_ALTERNATIVES,True
PHASE4-MPS-20260721170405,ALT-SETUP,PSC-SKU-BIKE-ROAD-001-20260720,ROAD-OP-010,,WS-FRAME-PREP,M-FRAME-JIG-001,FRAME_TECHNICIAN,,,,,,,0.0,435.0,2,870.0,870.0,870.0,,,0.0,870.0,0.0,0.0,0.0,0.0,0.0,0.0,WORKSTATION,0.0,0.0,0.0,0.0,0.0,0.0,0.0,0.0,0.0,0.0,202.7045,FINITE_CAPACITY_BLOCKED,0.0,0.0,0.0,0.0,True,PHASE4_STEP8F_FINITE_CAPACITY_SCHEDULE_ALTERNATIVES,True
PHASE4-MPS-20260721170405,ALT-SETUP,PSC-SKU-BIKE-ROAD-001-20260727,ROAD-OP-010,,WS-FRAME-PREP,M-FRAME-JIG-001,FRAME_TECHNICIAN,,,,,,,0.0,435.0,2,870.0,870.0,870.0,,,0.0,870.0,0.0,0.0,0.0,0.0,0.0,0.0,WORKSTATION,0.0,0.0,0.0,0.0,0.0,0.0,0.0,0.0,0.0,0.0,202.7045,FINITE_CAPACITY_BLOCKED,0.0,0.0,0.0,0.0,True,PHASE4_STEP8F_FINITE_CAPACITY_SCHEDULE_ALTERNATIVES,True
PHASE4-MPS-20260721170405,ALT-SETUP,PSC-SKU-BIKE-ROAD-001-20260803,ROAD-OP-010,,WS-FRAME-PREP,M-FRAME-JIG-001,FRAME_TECHNICIAN,,,,,,,0.0,435.0,2,870.0,870.0,870.0,,,0.0,870.0,0.0,0.0,0.0,0.0,0.0,0.0,WORKSTATION,0.0,0.0,0.0,0.0,0.0,0.0,0.0,0.0,0.0,0.0,202.7045,FINITE_CAPACITY_BLOCKED,0.0,0.0,0.0,0.0,True,PHASE4_STEP8F_FINITE_CAPACITY_SCHEDULE_ALTERNATIVES,True
PHASE4-MPS-20260721170405,ALT-SETUP,PSC-SKU-BIKE-ROAD-001-20260810,ROAD-OP-010,,WS-FRAME-PREP,M-FRAME-JIG-001,FRAME_TECHNICIAN,,,,,,,0.0,435.0,2,870.0,870.0,870.0,,,0.0,870.0,0.0,0.0,0.0,0.0,0.0,0.0,WORKSTATION,0.0,0.0,0.0,0.0,0.0,0.0,0.0,0.0,0.0,0.0,202.7045,FINITE_CAPACITY_BLOCKED,0.0,0.0,0.0,0.0,True,PHASE4_STEP8F_FINITE_CAPACITY_SCHEDULE_ALTERNATIVES,True
PHASE4-MPS-20260721170405,ALT-SETUP,PSC-SKU-BIKE-ROAD-001-20260817,ROAD-OP-010,,WS-FRAME-PREP,M-FRAME-JIG-001,FRAME_TECHNICIAN,,,,,,,0.0,435.0,2,870.0,870.0,870.0,,,0.0,870.0,0.0,0.0,0.0,0.0,0.0,0.0,WORKSTATION,0.0,0.0,0.0,0.0,0.0,0.0,0.0,0.0,0.0,0.0,202.7045,FINITE_CAPACITY_BLOCKED,0.0,0.0,0.0,0.0,True,PHASE4_STEP8F_FINITE_CAPACITY_SCHEDULE_ALTERNATIVES,True
PHASE4-MPS-20260721170405,ALT-SETUP,PSC-SKU-BIKE-ROAD-001-20260824,ROAD-OP-010,,WS-FRAME-PREP,M-FRAME-JIG-001,FRAME_TECHNICIAN,,,,,,,0.0,435.0,2,870.0,870.0,870.0,,,0.0,870.0,0.0,0.0,0.0,0.0,0.0,0.0,WORKSTATION,0.0,0.0,0.0,0.0,0.0,0.0,0.0,0.0,0.0,0.0,202.7045,FINITE_CAPACITY_BLOCKED,0.0,0.0,0.0,0.0,True,PHASE4_STEP8F_FINITE_CAPACITY_SCHEDULE_ALTERNATIVES,True
PHASE4-MPS-20260721170405,ALT-SETUP,PSC-SKU-BIKE-ROAD-001-20260831,ROAD-OP-010,,WS-FRAME-PREP,M-FRAME-JIG-001,FRAME_TECHNICIAN,,,,,,,0.0,435.0,2,870.0,870.0,870.0,,,0.0,870.0,0.0,0.0,0.0,0.0,0.0,0.0,WORKSTATION,0.0,0.0,0.0,0.0,0.0,0.0,0.0,0.0,0.0,0.0,202.7045,FINITE_CAPACITY_BLOCKED,0.0,0.0,0.0,0.0,True,PHASE4_STEP8F_FINITE_CAPACITY_SCHEDULE_ALTERNATIVES,True
PHASE4-MPS-20260721170405,ALT-SETUP,PSC-SKU-BIKE-ROAD-001-20260907,ROAD-OP-010,,WS-FRAME-PREP,M-FRAME-JIG-001,FRAME_TECHNICIAN,,,,,,,0.0,435.0,2,870.0,870.0,870.0,,,0.0,870.0,0.0,0.0,0.0,0.0,0.0,0.0,WORKSTATION,0.0,0.0,0.0,0.0,0.0,0.0,0.0,0.0,0.0,0.0,202.7045,FINITE_CAPACITY_BLOCKED,0.0,0.0,0.0,0.0,True,PHASE4_STEP8F_FINITE_CAPACITY_SCHEDULE_ALTERNATIVES,True
PHASE4-MPS-20260721170405,ALT-SETUP,PSC-SKU-BIKE-ROAD-001-20260914,ROAD-OP-010,,WS-FRAME-PREP,M-FRAME-JIG-001,FRAME_TECHNICIAN,,,,,,,0.0,435.0,2,870.0,870.0,870.0,,,0.0,870.0,0.0,0.0,0.0,0.0,0.0,0.0,WORKSTATION,0.0,0.0,0.0,0.0,0.0,0.0,0.0,0.0,0.0,0.0,202.7045,FINITE_CAPACITY_BLOCKED,0.0,0.0,0.0,0.0,True,PHASE4_STEP8F_FINITE_CAPACITY_SCHEDULE_ALTERNATIVES,True
PHASE4-MPS-20260721170405,ALT-SETUP,PSC-SKU-BIKE-ROAD-001-20260921,ROAD-OP-010,,WS-FRAME-PREP,M-FRAME-JIG-001,FRAME_TECHNICIAN,,,,,,,0.0,435.0,2,870.0,870.0,870.0,,,0.0,870.0,0.0,0.0,0.0,0.0,0.0,0.0,WORKSTATION,0.0,0.0,0.0,0.0,0.0,0.0,0.0,0.0,0.0,0.0,202.7045,FINITE_CAPACITY_BLOCKED,0.0,0.0,0.0,0.0,True,PHASE4_STEP8F_FINITE_CAPACITY_SCHEDULE_ALTERNATIVES,True
PHASE4-MPS-20260721170405,ALT-SETUP,PSC-SKU-BIKE-ROAD-001-20260928,ROAD-OP-010,,WS-FRAME-PREP,M-FRAME-JIG-001,FRAME_TECHNICIAN,,,,,,,0.0,435.0,2,870.0,870.0,870.0,,,0.0,870.0,0.0,0.0,0.0,0.0,0.0,0.0,WORKSTATION,0.0,0.0,0.0,0.0,0.0,0.0,0.0,0.0,0.0,0.0,30.6918,FINITE_CAPACITY_BLOCKED,0.0,0.0,0.0,0.0,True,PHASE4_STEP8F_FINITE_CAPACITY_SCHEDULE_ALTERNATIVES,True
PHASE4-MPS-20260721170405,ALT-SETUP,PSC-SKU-BIKE-ROAD-001-20260629,ROAD-OP-030,SEG-ALT-SETUP-PSC-SKU-BIKE-ROAD-001-20260629-ROAD-OP-030-01;SEG-ALT-SETUP-PSC-SKU-BIKE-ROAD-001-20260629-ROAD-OP-030-02;SEG-ALT-SETUP-PSC-SKU-BIKE-ROAD-001-20260629-ROAD-OP-030-03;SEG-ALT-SETUP-PSC-SKU-BIKE-ROAD-001-20260629-ROAD-OP-030-04,WS-BRAKE-SUB,M-BRAKE-BENCH-001,BRAKE_ASSEMBLY_TECHNICIAN,2026-07-01,2026-07-01,SHIFT-A,2026-07-01,SHIFT-A,WIN-20260701-SHIFT-A;WIN-20260702-SHIFT-A;WIN-20260703-SHIFT-A;WIN-20260706-SHIFT-A,1740.0,435.0,2,3480.0,3480.0,3480.0,M-BRAKE-BENCH-001#02=1167.108,BRAKE_ASSEMBLY_TECHNICIAN#02=1167.108,1167.108,2312.892,33.5376,33.5376,33.5376,33.5376,33.5376,33.5376,WORKSTATION,444.282,1167.108,1167.108,128.61,0.0,19.2518,0.2,19.4518,29.0,67.0752,102.6778,FINITE_CAPACITY_FEASIBLE,0.0,0.0,0.0,0.0,True,PHASE4_STEP8F_FINITE_CAPACITY_SCHEDULE_ALTERNATIVES,True
PHASE4-MPS-20260721170405,ALT-SETUP,PSC-SKU-BIKE-ROAD-001-20260706,ROAD-OP-030,SEG-ALT-SETUP-PSC-SKU-BIKE-ROAD-001-20260706-ROAD-OP-030-01;SEG-ALT-SETUP-PSC-SKU-BIKE-ROAD-001-20260706-ROAD-OP-030-02,WS-BRAKE-SUB,M-BRAKE-BENCH-001,BRAKE_ASSEMBLY_TECHNICIAN,2026-07-07,2026-07-07,SHIFT-A,2026-07-07,SHIFT-A,WIN-20260707-SHIFT-A;WIN-20260708-SHIFT-A,870.0,435.0,2,1740.0,1740.0,1740.0,M-BRAKE-BENCH-001#01=266.2147;M-BRAKE-BENCH-001#02=289.9629,BRAKE_ASSEMBLY_TECHNICIAN#01=266.2147;BRAKE_ASSEMBLY_TECHNICIAN#02=289.9629,556.1776,1183.8224,31.9642,31.9642,31.9642,31.9642,31.9642,31.9642,WORKSTATION,313.8224,556.1776,556.1776,0.0,0.0,9.2696,0.0,9.2696,14.5,63.9285,187.4195,FINITE_CAPACITY_FEASIBLE,0.0,0.0,0.0,0.0,True,PHASE4_STEP8F_FINITE_CAPACITY_SCHEDULE_ALTERNATIVES,True
PHASE4-MPS-20260721170405,ALT-SETUP,PSC-SKU-BIKE-ROAD-001-20260713,ROAD-OP-030,,WS-BRAKE-SUB,M-BRAKE-BENCH-001,BRAKE_ASSEMBLY_TECHNICIAN,,,,,,,0.0,435.0,2,870.0,870.0,870.0,,,0.0,870.0,0.0,0.0,0.0,0.0,0.0,0.0,WORKSTATION,0.0,0.0,0.0,0.0,0.0,0.0,0.0,0.0,0.0,0.0,187.8149,FINITE_CAPACITY_BLOCKED,0.0,0.0,0.0,0.0,True,PHASE4_STEP8F_FINITE_CAPACITY_SCHEDULE_ALTERNATIVES,True
PHASE4-MPS-20260721170405,ALT-SETUP,PSC-SKU-BIKE-ROAD-001-20260720,ROAD-OP-030,,WS-BRAKE-SUB,M-BRAKE-BENCH-001,BRAKE_ASSEMBLY_TECHNICIAN,,,,,,,0.0,435.0,2,870.0,870.0,870.0,,,0.0,870.0,0.0,0.0,0.0,0.0,0.0,0.0,WORKSTATION,0.0,0.0,0.0,0.0,0.0,0.0,0.0,0.0,0.0,0.0,187.8149,FINITE_CAPACITY_BLOCKED,0.0,0.0,0.0,0.0,True,PHASE4_STEP8F_FINITE_CAPACITY_SCHEDULE_ALTERNATIVES,True
PHASE4-MPS-20260721170405,ALT-SETUP,PSC-SKU-BIKE-ROAD-001-20260727,ROAD-OP-030,,WS-BRAKE-SUB,M-BRAKE-BENCH-001,BRAKE_ASSEMBLY_TECHNICIAN,,,,,,,0.0,435.0,2,870.0,870.0,870.0,,,0.0,870.0,0.0,0.0,0.0,0.0,0.0,0.0,WORKSTATION,0.0,0.0,0.0,0.0,0.0,0.0,0.0,0.0,0.0,0.0,187.8149,FINITE_CAPACITY_BLOCKED,0.0,0.0,0.0,0.0,True,PHASE4_STEP8F_FINITE_CAPACITY_SCHEDULE_ALTERNATIVES,True
PHASE4-MPS-20260721170405,ALT-SETUP,PSC-SKU-BIKE-ROAD-001-20260803,ROAD-OP-030,,WS-BRAKE-SUB,M-BRAKE-BENCH-001,BRAKE_ASSEMBLY_TECHNICIAN,,,,,,,0.0,435.0,2,870.0,870.0,870.0,,,0.0,870.0,0.0,0.0,0.0,0.0,0.0,0.0,WORKSTATION,0.0,0.0,0.0,0.0,0.0,0.0,0.0,0.0,0.0,0.0,187.8149,FINITE_CAPACITY_BLOCKED,0.0,0.0,0.0,0.0,True,PHASE4_STEP8F_FINITE_CAPACITY_SCHEDULE_ALTERNATIVES,True
PHASE4-MPS-20260721170405,ALT-SETUP,PSC-SKU-BIKE-ROAD-001-20260810,ROAD-OP-030,,WS-BRAKE-SUB,M-BRAKE-BENCH-001,BRAKE_ASSEMBLY_TECHNICIAN,,,,,,,0.0,435.0,2,870.0,870.0,870.0,,,0.0,870.0,0.0,0.0,0.0,0.0,0.0,0.0,WORKSTATION,0.0,0.0,0.0,0.0,0.0,0.0,0.0,0.0,0.0,0.0,187.8149,FINITE_CAPACITY_BLOCKED,0.0,0.0,0.0,0.0,True,PHASE4_STEP8F_FINITE_CAPACITY_SCHEDULE_ALTERNATIVES,True
PHASE4-MPS-20260721170405,ALT-SETUP,PSC-SKU-BIKE-ROAD-001-20260817,ROAD-OP-030,,WS-BRAKE-SUB,M-BRAKE-BENCH-001,BRAKE_ASSEMBLY_TECHNICIAN,,,,,,,0.0,435.0,2,870.0,870.0,870.0,,,0.0,870.0,0.0,0.0,0.0,0.0,0.0,0.0,WORKSTATION,0.0,0.0,0.0,0.0,0.0,0.0,0.0,0.0,0.0,0.0,187.8149,FINITE_CAPACITY_BLOCKED,0.0,0.0,0.0,0.0,True,PHASE4_STEP8F_FINITE_CAPACITY_SCHEDULE_ALTERNATIVES,True
PHASE4-MPS-20260721170405,ALT-SETUP,PSC-SKU-BIKE-ROAD-001-20260824,ROAD-OP-030,,WS-BRAKE-SUB,M-BRAKE-BENCH-001,BRAKE_ASSEMBLY_TECHNICIAN,,,,,,,0.0,435.0,2,870.0,870.0,870.0,,,0.0,870.0,0.0,0.0,0.0,0.0,0.0,0.0,WORKSTATION,0.0,0.0,0.0,0.0,0.0,0.0,0.0,0.0,0.0,0.0,187.8149,FINITE_CAPACITY_BLOCKED,0.0,0.0,0.0,0.0,True,PHASE4_STEP8F_FINITE_CAPACITY_SCHEDULE_ALTERNATIVES,True
PHASE4-MPS-20260721170405,ALT-SETUP,PSC-SKU-BIKE-ROAD-001-20260831,ROAD-OP-030,,WS-BRAKE-SUB,M-BRAKE-BENCH-001,BRAKE_ASSEMBLY_TECHNICIAN,,,,,,,0.0,435.0,2,870.0,870.0,870.0,,,0.0,870.0,0.0,0.0,0.0,0.0,0.0,0.0,WORKSTATION,0.0,0.0,0.0,0.0,0.0,0.0,0.0,0.0,0.0,0.0,187.8149,FINITE_CAPACITY_BLOCKED,0.0,0.0,0.0,0.0,True,PHASE4_STEP8F_FINITE_CAPACITY_SCHEDULE_ALTERNATIVES,True
PHASE4-MPS-20260721170405,ALT-SETUP,PSC-SKU-BIKE-ROAD-001-20260907,ROAD-OP-030,,WS-BRAKE-SUB,M-BRAKE-BENCH-001,BRAKE_ASSEMBLY_TECHNICIAN,,,,,,,0.0,435.0,2,870.0,870.0,870.0,,,0.0,870.0,0.0,0.0,0.0,0.0,0.0,0.0,WORKSTATION,0.0,0.0,0.0,0.0,0.0,0.0,0.0,0.0,0.0,0.0,187.8149,FINITE_CAPACITY_BLOCKED,0.0,0.0,0.0,0.0,True,PHASE4_STEP8F_FINITE_CAPACITY_SCHEDULE_ALTERNATIVES,True
PHASE4-MPS-20260721170405,ALT-SETUP,PSC-SKU-BIKE-ROAD-001-20260914,ROAD-OP-030,,WS-BRAKE-SUB,M-BRAKE-BENCH-001,BRAKE_ASSEMBLY_TECHNICIAN,,,,,,,0.0,435.0,2,870.0,870.0,870.0,,,0.0,870.0,0.0,0.0,0.0,0.0,0.0,0.0,WORKSTATION,0.0,0.0,0.0,0.0,0.0,0.0,0.0,0.0,0.0,0.0,187.8149,FINITE_CAPACITY_BLOCKED,0.0,0.0,0.0,0.0,True,PHASE4_STEP8F_FINITE_CAPACITY_SCHEDULE_ALTERNATIVES,True
PHASE4-MPS-20260721170405,ALT-SETUP,PSC-SKU-BIKE-ROAD-001-20260921,ROAD-OP-030,,WS-BRAKE-SUB,M-BRAKE-BENCH-001,BRAKE_ASSEMBLY_TECHNICIAN,,,,,,,0.0,435.0,2,870.0,870.0,870.0,,,0.0,870.0,0.0,0.0,0.0,0.0,0.0,0.0,WORKSTATION,0.0,0.0,0.0,0.0,0.0,0.0,0.0,0.0,0.0,0.0,187.8149,FINITE_CAPACITY_BLOCKED,0.0,0.0,0.0,0.0,True,PHASE4_STEP8F_FINITE_CAPACITY_SCHEDULE_ALTERNATIVES,True
PHASE4-MPS-20260721170405,ALT-SETUP,PSC-SKU-BIKE-ROAD-001-20260928,ROAD-OP-030,,WS-BRAKE-SUB,M-BRAKE-BENCH-001,BRAKE_ASSEMBLY_TECHNICIAN,,,,,,,0.0,435.0,2,870.0,870.0,870.0,,,0.0,870.0,0.0,0.0,0.0,0.0,0.0,0.0,WORKSTATION,0.0,0.0,0.0,0.0,0.0,0.0,0.0,0.0,0.0,0.0,27.6977,FINITE_CAPACITY_BLOCKED,0.0,0.0,0.0,0.0,True,PHASE4_STEP8F_FINITE_CAPACITY_SCHEDULE_ALTERNATIVES,True
PHASE4-MPS-20260721170405,ALT-SETUP,PSC-SKU-BIKE-ROAD-001-20260928,ROAD-OP-060,SEG-ALT-SETUP-PSC-SKU-BIKE-ROAD-001-20260928-ROAD-OP-060-01;SEG-ALT-SETUP-PSC-SKU-BIKE-ROAD-001-20260928-ROAD-OP-060-02,WS-PACK,M-PACK-BENCH-001,PACKAGING_OPERATOR,2026-06-29,2026-06-29,SHIFT-A,2026-06-29,SHIFT-A,WIN-20260629-SHIFT-A;WIN-20260630-SHIFT-A,870.0,435.0,1,870.0,870.0,870.0,M-PACK-BENCH-001#01=220.242,PACKAGING_OPERATOR#01=220.242,220.242,649.758,25.3152,25.3152,25.3152,25.3152,25.3152,25.3152,WORKSTATION,308.1781,220.242,220.242,341.5799,0.0,3.5707,0.1,3.6707,14.5,25.3152,25.3152,FINITE_CAPACITY_FEASIBLE,0.0,0.0,10.8293,86.6344,True,PHASE4_STEP8F_FINITE_CAPACITY_SCHEDULE_ALTERNATIVES,True
PHASE4-MPS-20260721170405,ALT-SETUP,PSC-SKU-BIKE-ROAD-001-20260928,ROAD-OP-050,SEG-ALT-SETUP-PSC-SKU-BIKE-ROAD-001-20260928-ROAD-OP-050-01;SEG-ALT-SETUP-PSC-SKU-BIKE-ROAD-001-20260928-ROAD-OP-050-02,WS-QC,M-QC-TOOLS-001,QUALITY_INSPECTOR,2026-06-30,2026-06-30,SHIFT-A,2026-06-30,SHIFT-A,WIN-20260630-SHIFT-A;WIN-20260701-SHIFT-A,870.0,435.0,1,870.0,870.0,870.0,M-QC-TOOLS-001#01=271.682,QUALITY_INSPECTOR#01=271.682,271.682,598.318,31.2278,31.2278,31.2278,31.2278,31.2278,31.2278,WORKSTATION,231.936,271.682,271.682,366.382,0.0,4.3947,0.1333,4.528,14.5,31.2278,31.2278,FINITE_CAPACITY_FEASIBLE,0.0,0.0,9.972,79.7757,True,PHASE4_STEP8F_FINITE_CAPACITY_SCHEDULE_ALTERNATIVES,True
PHASE4-MPS-20260721170405,ALT-SETUP,PSC-SKU-BIKE-ROAD-001-20260629,ROAD-OP-020,SEG-ALT-SETUP-PSC-SKU-BIKE-ROAD-001-20260629-ROAD-OP-020-01;SEG-ALT-SETUP-PSC-SKU-BIKE-ROAD-001-20260629-ROAD-OP-020-02;SEG-ALT-SETUP-PSC-SKU-BIKE-ROAD-001-20260629-ROAD-OP-020-03;SEG-ALT-SETUP-PSC-SKU-BIKE-ROAD-001-20260629-ROAD-OP-020-04;SEG-ALT-SETUP-PSC-SKU-BIKE-ROAD-001-20260629-ROAD-OP-020-05,WS-WHEEL-SUB,M-WHEEL-TRUE-001,WHEEL_ASSEMBLY_TECHNICIAN,2026-07-01,2026-07-01,SHIFT-A,2026-07-01,SHIFT-A,WIN-20260701-SHIFT-A;WIN-20260702-SHIFT-A;WIN-20260703-SHIFT-A;WIN-20260706-SHIFT-A;WIN-20260707-SHIFT-A,2175.0,435.0,3,6525.0,6525.0,6525.0,M-WHEEL-TRUE-001#02=1587.664,WHEEL_ASSEMBLY_TECHNICIAN#02=1587.664,1587.664,4937.336,24.332,24.332,24.332,24.332,24.332,24.332,WORKSTATION,401.982,1587.664,1587.664,185.354,0.0,26.2944,0.1667,26.4611,36.25,72.996,138.0477,FINITE_CAPACITY_FEASIBLE,0.0,0.0,0.0,0.0,True,PHASE4_STEP8F_FINITE_CAPACITY_SCHEDULE_ALTERNATIVES,True
PHASE4-MPS-20260721170405,ALT-SETUP,PSC-SKU-BIKE-ROAD-001-20260629,ROAD-OP-040,SEG-ALT-SETUP-PSC-SKU-BIKE-ROAD-001-20260629-ROAD-OP-040-01;SEG-ALT-SETUP-PSC-SKU-BIKE-ROAD-001-20260629-ROAD-OP-040-02;SEG-ALT-SETUP-PSC-SKU-BIKE-ROAD-001-20260629-ROAD-OP-040-03;SEG-ALT-SETUP-PSC-SKU-BIKE-ROAD-001-20260629-ROAD-OP-040-04;SEG-ALT-SETUP-PSC-SKU-BIKE-ROAD-001-20260629-ROAD-OP-040-05;SEG-ALT-SETUP-PSC-SKU-BIKE-ROAD-001-20260629-ROAD-OP-040-06;SEG-ALT-SETUP-PSC-SKU-BIKE-ROAD-001-20260629-ROAD-OP-040-07;SEG-ALT-SETUP-PSC-SKU-BIKE-ROAD-001-20260629-ROAD-OP-040-08,WS-FINAL-ASM,M-FINAL-STAND-001,FINAL_ASSEMBLY_OPERATOR,2026-07-07,2026-07-07,SHIFT-A,2026-07-07,SHIFT-A,WIN-20260707-SHIFT-A;WIN-20260708-SHIFT-A;WIN-20260709-SHIFT-A;WIN-20260710-SHIFT-A;WIN-20260722-SHIFT-A;WIN-20260723-SHIFT-A;WIN-20260724-SHIFT-A;WIN-20260727-SHIFT-A,3480.0,435.0,1,3480.0,3480.0,3480.0,M-FINAL-STAND-001#01=2444.604,FINAL_ASSEMBLY_OPERATOR#01=2444.604,2444.604,1035.396,70.2472,70.2472,70.2472,70.2472,70.2472,70.2472,WORKSTATION,614.6387,2444.604,2444.604,420.7573,0.0,40.7434,0.0,40.7434,58.0,70.2472,218.4047,FINITE_CAPACITY_FEASIBLE,0.0,0.0,0.0,0.0,True,PHASE4_STEP8F_FINITE_CAPACITY_SCHEDULE_ALTERNATIVES,True
PHASE4-MPS-20260721170405,ALT-SETUP,PSC-SKU-BIKE-ROAD-001-20260629,ROAD-OP-050,SEG-ALT-SETUP-PSC-SKU-BIKE-ROAD-001-20260629-ROAD-OP-050-01;SEG-ALT-SETUP-PSC-SKU-BIKE-ROAD-001-20260629-ROAD-OP-050-02;SEG-ALT-SETUP-PSC-SKU-BIKE-ROAD-001-20260629-ROAD-OP-050-03,WS-QC,M-QC-TOOLS-001,QUALITY_INSPECTOR,2026-07-27,2026-07-27,SHIFT-A,2026-07-27,SHIFT-A,WIN-20260727-SHIFT-A;WIN-20260728-SHIFT-A;WIN-20260729-SHIFT-A,1305.0,435.0,1,1305.0,1305.0,1305.0,M-QC-TOOLS-001#01=742.6647,QUALITY_INSPECTOR#01=742.6647,742.6647,562.3353,56.9092,56.9092,56.9092,56.9092,56.9092,56.9092,WORKSTATION,419.8756,742.6647,742.6647,142.4598,0.0,12.3777,0.0,12.3777,21.75,56.9092,90.0999,FINITE_CAPACITY_FEASIBLE,0.0,0.0001,0.0,0.0,True,PHASE4_STEP8F_FINITE_CAPACITY_SCHEDULE_ALTERNATIVES,True
PHASE4-MPS-20260721170405,ALT-SETUP,PSC-SKU-BIKE-ROAD-001-20260629,ROAD-OP-060,SEG-ALT-SETUP-PSC-SKU-BIKE-ROAD-001-20260629-ROAD-OP-060-01;SEG-ALT-SETUP-PSC-SKU-BIKE-ROAD-001-20260629-ROAD-OP-060-02;SEG-ALT-SETUP-PSC-SKU-BIKE-ROAD-001-20260629-ROAD-OP-060-03,WS-PACK,M-PACK-BENCH-001,PACKAGING_OPERATOR,2026-07-30,2026-07-30,SHIFT-A,2026-07-30,SHIFT-A,WIN-20260730-SHIFT-A;WIN-20260731-SHIFT-A;WIN-20260803-SHIFT-A,1305.0,435.0,1,1305.0,1305.0,1305.0,M-PACK-BENCH-001#01=814.608,PACKAGING_OPERATOR#01=814.608,814.608,490.392,62.4221,62.4221,62.4221,62.4221,62.4221,62.4221,WORKSTATION,142.1375,814.608,814.608,348.2545,0.0,13.5768,0.0,13.5768,21.75,62.4221,70.7019,FINITE_CAPACITY_FEASIBLE,0.0,0.0,0.0,0.0,True,PHASE4_STEP8F_FINITE_CAPACITY_SCHEDULE_ALTERNATIVES,True
PHASE4-MPS-20260721170405,ALT-SETUP,PSC-SKU-BIKE-ROAD-001-20260706,ROAD-OP-020,SEG-ALT-SETUP-PSC-SKU-BIKE-ROAD-001-20260706-ROAD-OP-020-01;SEG-ALT-SETUP-PSC-SKU-BIKE-ROAD-001-20260706-ROAD-OP-020-02;SEG-ALT-SETUP-PSC-SKU-BIKE-ROAD-001-20260706-ROAD-OP-020-03,WS-WHEEL-SUB,M-WHEEL-TRUE-001,WHEEL_ASSEMBLY_TECHNICIAN,2026-07-07,2026-07-07,SHIFT-A,2026-07-07,SHIFT-A,WIN-20260707-SHIFT-A;WIN-20260708-SHIFT-A;WIN-20260709-SHIFT-A,1305.0,435.0,3,3915.0,3915.0,3915.0,M-WHEEL-TRUE-001#01=266.2147;M-WHEEL-TRUE-001#02=58.4211;M-WHEEL-TRUE-001#03=435.0,WHEEL_ASSEMBLY_TECHNICIAN#01=266.2147;WHEEL_ASSEMBLY_TECHNICIAN#02=58.4211;WHEEL_ASSEMBLY_TECHNICIAN#03=435.0,759.6358,3155.3642,19.4032,19.4032,19.4032,19.4032,19.4032,19.4032,WORKSTATION,545.3642,759.6358,759.6358,0.0,0.0,12.6606,0.0,12.6606,21.75,58.2096,252.058,FINITE_CAPACITY_FEASIBLE,0.0,0.0001,0.0,0.0,True,PHASE4_STEP8F_FINITE_CAPACITY_SCHEDULE_ALTERNATIVES,True
PHASE4-MPS-20260721170405,ALT-SETUP,PSC-SKU-BIKE-ROAD-001-20260706,ROAD-OP-040,SEG-ALT-SETUP-PSC-SKU-BIKE-ROAD-001-20260706-ROAD-OP-040-01;SEG-ALT-SETUP-PSC-SKU-BIKE-ROAD-001-20260706-ROAD-OP-040-02;SEG-ALT-SETUP-PSC-SKU-BIKE-ROAD-001-20260706-ROAD-OP-040-03;SEG-ALT-SETUP-PSC-SKU-BIKE-ROAD-001-20260706-ROAD-OP-040-04;SEG-ALT-SETUP-PSC-SKU-BIKE-ROAD-001-20260706-ROAD-OP-040-05,WS-FINAL-ASM,M-FINAL-STAND-001,FINAL_ASSEMBLY_OPERATOR,2026-07-27,2026-07-27,SHIFT-A,2026-07-27,SHIFT-A,WIN-20260727-SHIFT-A;WIN-20260728-SHIFT-A;WIN-20260729-SHIFT-A;WIN-20260730-SHIFT-A;WIN-20260731-SHIFT-A,2175.0,435.0,1,2175.0,2175.0,2175.0,M-FINAL-STAND-001#01=2082.4846,FINAL_ASSEMBLY_OPERATOR#01=2082.4846,2082.4846,92.5154,95.7464,95.7464,95.7464,95.7464,95.7464,95.7464,WORKSTATION,14.2427,2082.4846,2082.4846,78.2727,0.0,34.7081,0.0,34.7081,36.25,95.7464,398.7676,FINITE_CAPACITY_FEASIBLE,0.0,0.0,0.0,0.0,True,PHASE4_STEP8F_FINITE_CAPACITY_SCHEDULE_ALTERNATIVES,True
PHASE4-MPS-20260721170405,ALT-SETUP,PSC-SKU-BIKE-ROAD-001-20260706,ROAD-OP-050,SEG-ALT-SETUP-PSC-SKU-BIKE-ROAD-001-20260706-ROAD-OP-050-01;SEG-ALT-SETUP-PSC-SKU-BIKE-ROAD-001-20260706-ROAD-OP-050-02;SEG-ALT-SETUP-PSC-SKU-BIKE-ROAD-001-20260706-ROAD-OP-050-03;SEG-ALT-SETUP-PSC-SKU-BIKE-ROAD-001-20260706-ROAD-OP-050-04,WS-QC,M-QC-TOOLS-001,QUALITY_INSPECTOR,2026-07-31,2026-07-31,SHIFT-A,2026-07-31,SHIFT-A,WIN-20260731-SHIFT-A;WIN-20260803-SHIFT-A;WIN-20260804-SHIFT-A;WIN-20260805-SHIFT-A,1740.0,435.0,1,1740.0,1740.0,1740.0,M-QC-TOOLS-001#01=1002.5897,QUALITY_INSPECTOR#01=1002.5897,1002.5897,737.4103,57.6201,57.6201,57.6201,57.6201,57.6201,57.6201,WORKSTATION,356.7273,1002.5897,1002.5897,380.6831,0.0,16.7098,0.0,16.7098,29.0,57.6201,164.6642,FINITE_CAPACITY_FEASIBLE,0.0,0.0001,0.0,0.0,True,PHASE4_STEP8F_FINITE_CAPACITY_SCHEDULE_ALTERNATIVES,True
PHASE4-MPS-20260721170405,ALT-SETUP,PSC-SKU-BIKE-ROAD-001-20260706,ROAD-OP-060,SEG-ALT-SETUP-PSC-SKU-BIKE-ROAD-001-20260706-ROAD-OP-060-01;SEG-ALT-SETUP-PSC-SKU-BIKE-ROAD-001-20260706-ROAD-OP-060-02;SEG-ALT-SETUP-PSC-SKU-BIKE-ROAD-001-20260706-ROAD-OP-060-03,WS-PACK,M-PACK-BENCH-001,PACKAGING_OPERATOR,2026-08-05,2026-08-05,SHIFT-A,2026-08-05,SHIFT-A,WIN-20260805-SHIFT-A;WIN-20260806-SHIFT-A;WIN-20260807-SHIFT-A,1305.0,435.0,1,1305.0,1305.0,1305.0,M-PACK-BENCH-001#01=905.1322,PACKAGING_OPERATOR#01=905.1322,905.1322,399.8678,69.3588,69.3588,69.3588,69.3588,69.3588,69.3588,WORKSTATION,54.3169,905.1322,905.1322,345.5508,0.0,15.0855,0.0,15.0855,21.75,69.3588,129.2125,FINITE_CAPACITY_FEASIBLE,0.0,0.0,0.0,0.0,True,PHASE4_STEP8F_FINITE_CAPACITY_SCHEDULE_ALTERNATIVES,True
PHASE4-MPS-20260721170405,ALT-SETUP,PSC-SKU-BIKE-ROAD-001-20260713,ROAD-OP-020,,WS-WHEEL-SUB,M-WHEEL-TRUE-001,WHEEL_ASSEMBLY_TECHNICIAN,,,,,,,0.0,435.0,3,1305.0,1305.0,1305.0,,,0.0,1305.0,0.0,0.0,0.0,0.0,0.0,0.0,WORKSTATION,0.0,0.0,0.0,0.0,0.0,0.0,0.0,0.0,0.0,0.0,252.5983,FINITE_CAPACITY_BLOCKED,0.0,0.0,0.0,0.0,True,PHASE4_STEP8F_FINITE_CAPACITY_SCHEDULE_ALTERNATIVES,True
PHASE4-MPS-20260721170405,ALT-SETUP,PSC-SKU-BIKE-ROAD-001-20260713,ROAD-OP-040,SEG-ALT-SETUP-PSC-SKU-BIKE-ROAD-001-20260713-ROAD-OP-040-01;SEG-ALT-SETUP-PSC-SKU-BIKE-ROAD-001-20260713-ROAD-OP-040-02,WS-FINAL-ASM,M-FINAL-STAND-001,FINAL_ASSEMBLY_OPERATOR,2026-07-31,2026-07-31,SHIFT-A,2026-07-31,SHIFT-A,WIN-20260731-SHIFT-A;WIN-20260803-SHIFT-A,870.0,435.0,1,870.0,870.0,870.0,M-FINAL-STAND-001#01=171.9388,FINAL_ASSEMBLY_OPERATOR#01=171.9388,171.9388,698.0612,19.7631,19.7631,19.7631,19.7631,19.7631,19.7631,WORKSTATION,356.7273,171.9388,171.9388,341.3339,0.0,2.8656,0.0,2.8656,14.5,19.7631,399.6048,FINITE_CAPACITY_FEASIBLE,0.0,0.0001,11.6344,93.0748,True,PHASE4_STEP8F_FINITE_CAPACITY_SCHEDULE_ALTERNATIVES,True
PHASE4-MPS-20260721170405,ALT-SETUP,PSC-SKU-BIKE-ROAD-001-20260713,ROAD-OP-050,SEG-ALT-SETUP-PSC-SKU-BIKE-ROAD-001-20260713-ROAD-OP-050-01,WS-QC,M-QC-TOOLS-001,QUALITY_INSPECTOR,2026-08-05,2026-08-05,SHIFT-A,2026-08-05,SHIFT-A,WIN-20260805-SHIFT-A,435.0,435.0,1,435.0,435.0,435.0,M-QC-TOOLS-001#01=181.9248,QUALITY_INSPECTOR#01=181.9248,181.9248,253.0752,41.8218,41.8218,41.8218,41.8218,41.8218,41.8218,WORKSTATION,54.3169,181.9248,181.9248,198.7582,0.0,3.0321,0.0,3.0321,7.25,41.8218,165.008,FINITE_CAPACITY_FEASIBLE,0.0,0.0,4.2179,33.7434,True,PHASE4_STEP8F_FINITE_CAPACITY_SCHEDULE_ALTERNATIVES,True
PHASE4-MPS-20260721170405,ALT-SETUP,PSC-SKU-BIKE-ROAD-001-20260713,ROAD-OP-060,SEG-ALT-SETUP-PSC-SKU-BIKE-ROAD-001-20260713-ROAD-OP-060-01,WS-PACK,M-PACK-BENCH-001,PACKAGING_OPERATOR,2026-08-07,2026-08-07,SHIFT-A,2026-08-07,SHIFT-A,WIN-20260807-SHIFT-A,435.0,435.0,1,435.0,435.0,435.0,M-PACK-BENCH-001#01=147.8155,PACKAGING_OPERATOR#01=147.8155,147.8155,287.1845,33.9806,33.9806,33.9806,33.9806,33.9806,33.9806,WORKSTATION,89.4492,147.8155,147.8155,197.7354,0.0,2.4636,0.0,2.4636,7.25,33.9806,129.4918,FINITE_CAPACITY_FEASIBLE,0.0,0.0,4.7864,38.2913,True,PHASE4_STEP8F_FINITE_CAPACITY_SCHEDULE_ALTERNATIVES,True
PHASE4-MPS-20260721170405,ALT-SETUP,PSC-SKU-BIKE-ROAD-001-20260720,ROAD-OP-020,,WS-WHEEL-SUB,M-WHEEL-TRUE-001,WHEEL_ASSEMBLY_TECHNICIAN,,,,,,,0.0,435.0,3,1305.0,1305.0,1305.0,,,0.0,1305.0,0.0,0.0,0.0,0.0,0.0,0.0,WORKSTATION,0.0,0.0,0.0,0.0,0.0,0.0,0.0,0.0,0.0,0.0,252.5983,FINITE_CAPACITY_BLOCKED,0.0,0.0,0.0,0.0,True,PHASE4_STEP8F_FINITE_CAPACITY_SCHEDULE_ALTERNATIVES,True
PHASE4-MPS-20260721170405,ALT-SETUP,PSC-SKU-BIKE-ROAD-001-20260720,ROAD-OP-040,,WS-FINAL-ASM,M-FINAL-STAND-001,FINAL_ASSEMBLY_OPERATOR,,,,,,,0.0,435.0,1,435.0,435.0,435.0,,,0.0,435.0,0.0,0.0,0.0,0.0,0.0,0.0,WORKSTATION,0.0,0.0,0.0,0.0,0.0,0.0,0.0,0.0,0.0,0.0,399.6048,FINITE_CAPACITY_BLOCKED,0.0,0.0,0.0,0.0,True,PHASE4_STEP8F_FINITE_CAPACITY_SCHEDULE_ALTERNATIVES,True
PHASE4-MPS-20260721170405,ALT-SETUP,PSC-SKU-BIKE-ROAD-001-20260720,ROAD-OP-050,,WS-QC,M-QC-TOOLS-001,QUALITY_INSPECTOR,,,,,,,0.0,435.0,1,435.0,435.0,435.0,,,0.0,435.0,0.0,0.0,0.0,0.0,0.0,0.0,WORKSTATION,0.0,0.0,0.0,0.0,0.0,0.0,0.0,0.0,0.0,0.0,165.008,FINITE_CAPACITY_BLOCKED,0.0,0.0,0.0,0.0,True,PHASE4_STEP8F_FINITE_CAPACITY_SCHEDULE_ALTERNATIVES,True
PHASE4-MPS-20260721170405,ALT-SETUP,PSC-SKU-BIKE-ROAD-001-20260720,ROAD-OP-060,,WS-PACK,M-PACK-BENCH-001,PACKAGING_OPERATOR,,,,,,,0.0,435.0,1,435.0,435.0,435.0,,,0.0,435.0,0.0,0.0,0.0,0.0,0.0,0.0,WORKSTATION,0.0,0.0,0.0,0.0,0.0,0.0,0.0,0.0,0.0,0.0,129.4918,FINITE_CAPACITY_BLOCKED,0.0,0.0,0.0,0.0,True,PHASE4_STEP8F_FINITE_CAPACITY_SCHEDULE_ALTERNATIVES,True
PHASE4-MPS-20260721170405,ALT-SETUP,PSC-SKU-BIKE-ROAD-001-20260727,ROAD-OP-020,,WS-WHEEL-SUB,M-WHEEL-TRUE-001,WHEEL_ASSEMBLY_TECHNICIAN,,,,,,,0.0,435.0,3,1305.0,1305.0,1305.0,,,0.0,1305.0,0.0,0.0,0.0,0.0,0.0,0.0,WORKSTATION,0.0,0.0,0.0,0.0,0.0,0.0,0.0,0.0,0.0,0.0,252.5983,FINITE_CAPACITY_BLOCKED,0.0,0.0,0.0,0.0,True,PHASE4_STEP8F_FINITE_CAPACITY_SCHEDULE_ALTERNATIVES,True
PHASE4-MPS-20260721170405,ALT-SETUP,PSC-SKU-BIKE-ROAD-001-20260727,ROAD-OP-040,,WS-FINAL-ASM,M-FINAL-STAND-001,FINAL_ASSEMBLY_OPERATOR,,,,,,,0.0,435.0,1,435.0,435.0,435.0,,,0.0,435.0,0.0,0.0,0.0,0.0,0.0,0.0,WORKSTATION,0.0,0.0,0.0,0.0,0.0,0.0,0.0,0.0,0.0,0.0,399.6048,FINITE_CAPACITY_BLOCKED,0.0,0.0,0.0,0.0,True,PHASE4_STEP8F_FINITE_CAPACITY_SCHEDULE_ALTERNATIVES,True
PHASE4-MPS-20260721170405,ALT-SETUP,PSC-SKU-BIKE-ROAD-001-20260727,ROAD-OP-050,,WS-QC,M-QC-TOOLS-001,QUALITY_INSPECTOR,,,,,,,0.0,435.0,1,435.0,435.0,435.0,,,0.0,435.0,0.0,0.0,0.0,0.0,0.0,0.0,WORKSTATION,0.0,0.0,0.0,0.0,0.0,0.0,0.0,0.0,0.0,0.0,165.008,FINITE_CAPACITY_BLOCKED,0.0,0.0,0.0,0.0,True,PHASE4_STEP8F_FINITE_CAPACITY_SCHEDULE_ALTERNATIVES,True
PHASE4-MPS-20260721170405,ALT-SETUP,PSC-SKU-BIKE-ROAD-001-20260727,ROAD-OP-060,,WS-PACK,M-PACK-BENCH-001,PACKAGING_OPERATOR,,,,,,,0.0,435.0,1,435.0,435.0,435.0,,,0.0,435.0,0.0,0.0,0.0,0.0,0.0,0.0,WORKSTATION,0.0,0.0,0.0,0.0,0.0,0.0,0.0,0.0,0.0,0.0,129.4918,FINITE_CAPACITY_BLOCKED,0.0,0.0,0.0,0.0,True,PHASE4_STEP8F_FINITE_CAPACITY_SCHEDULE_ALTERNATIVES,True
PHASE4-MPS-20260721170405,ALT-SETUP,PSC-SKU-BIKE-ROAD-001-20260803,ROAD-OP-020,,WS-WHEEL-SUB,M-WHEEL-TRUE-001,WHEEL_ASSEMBLY_TECHNICIAN,,,,,,,0.0,435.0,3,1305.0,1305.0,1305.0,,,0.0,1305.0,0.0,0.0,0.0,0.0,0.0,0.0,WORKSTATION,0.0,0.0,0.0,0.0,0.0,0.0,0.0,0.0,0.0,0.0,252.5983,FINITE_CAPACITY_BLOCKED,0.0,0.0,0.0,0.0,True,PHASE4_STEP8F_FINITE_CAPACITY_SCHEDULE_ALTERNATIVES,True
PHASE4-MPS-20260721170405,ALT-SETUP,PSC-SKU-BIKE-ROAD-001-20260803,ROAD-OP-040,,WS-FINAL-ASM,M-FINAL-STAND-001,FINAL_ASSEMBLY_OPERATOR,,,,,,,0.0,435.0,1,435.0,435.0,435.0,,,0.0,435.0,0.0,0.0,0.0,0.0,0.0,0.0,WORKSTATION,0.0,0.0,0.0,0.0,0.0,0.0,0.0,0.0,0.0,0.0,399.6048,FINITE_CAPACITY_BLOCKED,0.0,0.0,0.0,0.0,True,PHASE4_STEP8F_FINITE_CAPACITY_SCHEDULE_ALTERNATIVES,True
PHASE4-MPS-20260721170405,ALT-SETUP,PSC-SKU-BIKE-ROAD-001-20260803,ROAD-OP-050,,WS-QC,M-QC-TOOLS-001,QUALITY_INSPECTOR,,,,,,,0.0,435.0,1,435.0,435.0,435.0,,,0.0,435.0,0.0,0.0,0.0,0.0,0.0,0.0,WORKSTATION,0.0,0.0,0.0,0.0,0.0,0.0,0.0,0.0,0.0,0.0,165.008,FINITE_CAPACITY_BLOCKED,0.0,0.0,0.0,0.0,True,PHASE4_STEP8F_FINITE_CAPACITY_SCHEDULE_ALTERNATIVES,True
PHASE4-MPS-20260721170405,ALT-SETUP,PSC-SKU-BIKE-ROAD-001-20260803,ROAD-OP-060,,WS-PACK,M-PACK-BENCH-001,PACKAGING_OPERATOR,,,,,,,0.0,435.0,1,435.0,435.0,435.0,,,0.0,435.0,0.0,0.0,0.0,0.0,0.0,0.0,WORKSTATION,0.0,0.0,0.0,0.0,0.0,0.0,0.0,0.0,0.0,0.0,129.4918,FINITE_CAPACITY_BLOCKED,0.0,0.0,0.0,0.0,True,PHASE4_STEP8F_FINITE_CAPACITY_SCHEDULE_ALTERNATIVES,True
PHASE4-MPS-20260721170405,ALT-SETUP,PSC-SKU-BIKE-ROAD-001-20260810,ROAD-OP-020,,WS-WHEEL-SUB,M-WHEEL-TRUE-001,WHEEL_ASSEMBLY_TECHNICIAN,,,,,,,0.0,435.0,3,1305.0,1305.0,1305.0,,,0.0,1305.0,0.0,0.0,0.0,0.0,0.0,0.0,WORKSTATION,0.0,0.0,0.0,0.0,0.0,0.0,0.0,0.0,0.0,0.0,252.5983,FINITE_CAPACITY_BLOCKED,0.0,0.0,0.0,0.0,True,PHASE4_STEP8F_FINITE_CAPACITY_SCHEDULE_ALTERNATIVES,True
PHASE4-MPS-20260721170405,ALT-SETUP,PSC-SKU-BIKE-ROAD-001-20260810,ROAD-OP-040,,WS-FINAL-ASM,M-FINAL-STAND-001,FINAL_ASSEMBLY_OPERATOR,,,,,,,0.0,435.0,1,435.0,435.0,435.0,,,0.0,435.0,0.0,0.0,0.0,0.0,0.0,0.0,WORKSTATION,0.0,0.0,0.0,0.0,0.0,0.0,0.0,0.0,0.0,0.0,399.6048,FINITE_CAPACITY_BLOCKED,0.0,0.0,0.0,0.0,True,PHASE4_STEP8F_FINITE_CAPACITY_SCHEDULE_ALTERNATIVES,True
PHASE4-MPS-20260721170405,ALT-SETUP,PSC-SKU-BIKE-ROAD-001-20260810,ROAD-OP-050,,WS-QC,M-QC-TOOLS-001,QUALITY_INSPECTOR,,,,,,,0.0,435.0,1,435.0,435.0,435.0,,,0.0,435.0,0.0,0.0,0.0,0.0,0.0,0.0,WORKSTATION,0.0,0.0,0.0,0.0,0.0,0.0,0.0,0.0,0.0,0.0,165.008,FINITE_CAPACITY_BLOCKED,0.0,0.0,0.0,0.0,True,PHASE4_STEP8F_FINITE_CAPACITY_SCHEDULE_ALTERNATIVES,True
PHASE4-MPS-20260721170405,ALT-SETUP,PSC-SKU-BIKE-ROAD-001-20260810,ROAD-OP-060,,WS-PACK,M-PACK-BENCH-001,PACKAGING_OPERATOR,,,,,,,0.0,435.0,1,435.0,435.0,435.0,,,0.0,435.0,0.0,0.0,0.0,0.0,0.0,0.0,WORKSTATION,0.0,0.0,0.0,0.0,0.0,0.0,0.0,0.0,0.0,0.0,129.4918,FINITE_CAPACITY_BLOCKED,0.0,0.0,0.0,0.0,True,PHASE4_STEP8F_FINITE_CAPACITY_SCHEDULE_ALTERNATIVES,True
PHASE4-MPS-20260721170405,ALT-SETUP,PSC-SKU-BIKE-ROAD-001-20260817,ROAD-OP-020,,WS-WHEEL-SUB,M-WHEEL-TRUE-001,WHEEL_ASSEMBLY_TECHNICIAN,,,,,,,0.0,435.0,3,1305.0,1305.0,1305.0,,,0.0,1305.0,0.0,0.0,0.0,0.0,0.0,0.0,WORKSTATION,0.0,0.0,0.0,0.0,0.0,0.0,0.0,0.0,0.0,0.0,252.5983,FINITE_CAPACITY_BLOCKED,0.0,0.0,0.0,0.0,True,PHASE4_STEP8F_FINITE_CAPACITY_SCHEDULE_ALTERNATIVES,True
PHASE4-MPS-20260721170405,ALT-SETUP,PSC-SKU-BIKE-ROAD-001-20260817,ROAD-OP-040,,WS-FINAL-ASM,M-FINAL-STAND-001,FINAL_ASSEMBLY_OPERATOR,,,,,,,0.0,435.0,1,435.0,435.0,435.0,,,0.0,435.0,0.0,0.0,0.0,0.0,0.0,0.0,WORKSTATION,0.0,0.0,0.0,0.0,0.0,0.0,0.0,0.0,0.0,0.0,399.6048,FINITE_CAPACITY_BLOCKED,0.0,0.0,0.0,0.0,True,PHASE4_STEP8F_FINITE_CAPACITY_SCHEDULE_ALTERNATIVES,True
PHASE4-MPS-20260721170405,ALT-SETUP,PSC-SKU-BIKE-ROAD-001-20260817,ROAD-OP-050,,WS-QC,M-QC-TOOLS-001,QUALITY_INSPECTOR,,,,,,,0.0,435.0,1,435.0,435.0,435.0,,,0.0,435.0,0.0,0.0,0.0,0.0,0.0,0.0,WORKSTATION,0.0,0.0,0.0,0.0,0.0,0.0,0.0,0.0,0.0,0.0,165.008,FINITE_CAPACITY_BLOCKED,0.0,0.0,0.0,0.0,True,PHASE4_STEP8F_FINITE_CAPACITY_SCHEDULE_ALTERNATIVES,True
PHASE4-MPS-20260721170405,ALT-SETUP,PSC-SKU-BIKE-ROAD-001-20260817,ROAD-OP-060,,WS-PACK,M-PACK-BENCH-001,PACKAGING_OPERATOR,,,,,,,0.0,435.0,1,435.0,435.0,435.0,,,0.0,435.0,0.0,0.0,0.0,0.0,0.0,0.0,WORKSTATION,0.0,0.0,0.0,0.0,0.0,0.0,0.0,0.0,0.0,0.0,129.4918,FINITE_CAPACITY_BLOCKED,0.0,0.0,0.0,0.0,True,PHASE4_STEP8F_FINITE_CAPACITY_SCHEDULE_ALTERNATIVES,True
PHASE4-MPS-20260721170405,ALT-SETUP,PSC-SKU-BIKE-ROAD-001-20260824,ROAD-OP-020,,WS-WHEEL-SUB,M-WHEEL-TRUE-001,WHEEL_ASSEMBLY_TECHNICIAN,,,,,,,0.0,435.0,3,1305.0,1305.0,1305.0,,,0.0,1305.0,0.0,0.0,0.0,0.0,0.0,0.0,WORKSTATION,0.0,0.0,0.0,0.0,0.0,0.0,0.0,0.0,0.0,0.0,252.5983,FINITE_CAPACITY_BLOCKED,0.0,0.0,0.0,0.0,True,PHASE4_STEP8F_FINITE_CAPACITY_SCHEDULE_ALTERNATIVES,True
PHASE4-MPS-20260721170405,ALT-SETUP,PSC-SKU-BIKE-ROAD-001-20260824,ROAD-OP-040,,WS-FINAL-ASM,M-FINAL-STAND-001,FINAL_ASSEMBLY_OPERATOR,,,,,,,0.0,435.0,1,435.0,435.0,435.0,,,0.0,435.0,0.0,0.0,0.0,0.0,0.0,0.0,WORKSTATION,0.0,0.0,0.0,0.0,0.0,0.0,0.0,0.0,0.0,0.0,399.6048,FINITE_CAPACITY_BLOCKED,0.0,0.0,0.0,0.0,True,PHASE4_STEP8F_FINITE_CAPACITY_SCHEDULE_ALTERNATIVES,True
PHASE4-MPS-20260721170405,ALT-SETUP,PSC-SKU-BIKE-ROAD-001-20260824,ROAD-OP-050,,WS-QC,M-QC-TOOLS-001,QUALITY_INSPECTOR,,,,,,,0.0,435.0,1,435.0,435.0,435.0,,,0.0,435.0,0.0,0.0,0.0,0.0,0.0,0.0,WORKSTATION,0.0,0.0,0.0,0.0,0.0,0.0,0.0,0.0,0.0,0.0,165.008,FINITE_CAPACITY_BLOCKED,0.0,0.0,0.0,0.0,True,PHASE4_STEP8F_FINITE_CAPACITY_SCHEDULE_ALTERNATIVES,True
PHASE4-MPS-20260721170405,ALT-SETUP,PSC-SKU-BIKE-ROAD-001-20260824,ROAD-OP-060,,WS-PACK,M-PACK-BENCH-001,PACKAGING_OPERATOR,,,,,,,0.0,435.0,1,435.0,435.0,435.0,,,0.0,435.0,0.0,0.0,0.0,0.0,0.0,0.0,WORKSTATION,0.0,0.0,0.0,0.0,0.0,0.0,0.0,0.0,0.0,0.0,129.4918,FINITE_CAPACITY_BLOCKED,0.0,0.0,0.0,0.0,True,PHASE4_STEP8F_FINITE_CAPACITY_SCHEDULE_ALTERNATIVES,True
PHASE4-MPS-20260721170405,ALT-SETUP,PSC-SKU-BIKE-ROAD-001-20260831,ROAD-OP-020,,WS-WHEEL-SUB,M-WHEEL-TRUE-001,WHEEL_ASSEMBLY_TECHNICIAN,,,,,,,0.0,435.0,3,1305.0,1305.0,1305.0,,,0.0,1305.0,0.0,0.0,0.0,0.0,0.0,0.0,WORKSTATION,0.0,0.0,0.0,0.0,0.0,0.0,0.0,0.0,0.0,0.0,252.5983,FINITE_CAPACITY_BLOCKED,0.0,0.0,0.0,0.0,True,PHASE4_STEP8F_FINITE_CAPACITY_SCHEDULE_ALTERNATIVES,True
PHASE4-MPS-20260721170405,ALT-SETUP,PSC-SKU-BIKE-ROAD-001-20260831,ROAD-OP-040,,WS-FINAL-ASM,M-FINAL-STAND-001,FINAL_ASSEMBLY_OPERATOR,,,,,,,0.0,435.0,1,435.0,435.0,435.0,,,0.0,435.0,0.0,0.0,0.0,0.0,0.0,0.0,WORKSTATION,0.0,0.0,0.0,0.0,0.0,0.0,0.0,0.0,0.0,0.0,399.6048,FINITE_CAPACITY_BLOCKED,0.0,0.0,0.0,0.0,True,PHASE4_STEP8F_FINITE_CAPACITY_SCHEDULE_ALTERNATIVES,True
PHASE4-MPS-20260721170405,ALT-SETUP,PSC-SKU-BIKE-ROAD-001-20260831,ROAD-OP-050,,WS-QC,M-QC-TOOLS-001,QUALITY_INSPECTOR,,,,,,,0.0,435.0,1,435.0,435.0,435.0,,,0.0,435.0,0.0,0.0,0.0,0.0,0.0,0.0,WORKSTATION,0.0,0.0,0.0,0.0,0.0,0.0,0.0,0.0,0.0,0.0,165.008,FINITE_CAPACITY_BLOCKED,0.0,0.0,0.0,0.0,True,PHASE4_STEP8F_FINITE_CAPACITY_SCHEDULE_ALTERNATIVES,True
PHASE4-MPS-20260721170405,ALT-SETUP,PSC-SKU-BIKE-ROAD-001-20260831,ROAD-OP-060,,WS-PACK,M-PACK-BENCH-001,PACKAGING_OPERATOR,,,,,,,0.0,435.0,1,435.0,435.0,435.0,,,0.0,435.0,0.0,0.0,0.0,0.0,0.0,0.0,WORKSTATION,0.0,0.0,0.0,0.0,0.0,0.0,0.0,0.0,0.0,0.0,129.4918,FINITE_CAPACITY_BLOCKED,0.0,0.0,0.0,0.0,True,PHASE4_STEP8F_FINITE_CAPACITY_SCHEDULE_ALTERNATIVES,True
PHASE4-MPS-20260721170405,ALT-SETUP,PSC-SKU-BIKE-ROAD-001-20260907,ROAD-OP-020,,WS-WHEEL-SUB,M-WHEEL-TRUE-001,WHEEL_ASSEMBLY_TECHNICIAN,,,,,,,0.0,435.0,3,1305.0,1305.0,1305.0,,,0.0,1305.0,0.0,0.0,0.0,0.0,0.0,0.0,WORKSTATION,0.0,0.0,0.0,0.0,0.0,0.0,0.0,0.0,0.0,0.0,252.5983,FINITE_CAPACITY_BLOCKED,0.0,0.0,0.0,0.0,True,PHASE4_STEP8F_FINITE_CAPACITY_SCHEDULE_ALTERNATIVES,True
PHASE4-MPS-20260721170405,ALT-SETUP,PSC-SKU-BIKE-ROAD-001-20260907,ROAD-OP-040,,WS-FINAL-ASM,M-FINAL-STAND-001,FINAL_ASSEMBLY_OPERATOR,,,,,,,0.0,435.0,1,435.0,435.0,435.0,,,0.0,435.0,0.0,0.0,0.0,0.0,0.0,0.0,WORKSTATION,0.0,0.0,0.0,0.0,0.0,0.0,0.0,0.0,0.0,0.0,399.6048,FINITE_CAPACITY_BLOCKED,0.0,0.0,0.0,0.0,True,PHASE4_STEP8F_FINITE_CAPACITY_SCHEDULE_ALTERNATIVES,True
PHASE4-MPS-20260721170405,ALT-SETUP,PSC-SKU-BIKE-ROAD-001-20260907,ROAD-OP-050,,WS-QC,M-QC-TOOLS-001,QUALITY_INSPECTOR,,,,,,,0.0,435.0,1,435.0,435.0,435.0,,,0.0,435.0,0.0,0.0,0.0,0.0,0.0,0.0,WORKSTATION,0.0,0.0,0.0,0.0,0.0,0.0,0.0,0.0,0.0,0.0,165.008,FINITE_CAPACITY_BLOCKED,0.0,0.0,0.0,0.0,True,PHASE4_STEP8F_FINITE_CAPACITY_SCHEDULE_ALTERNATIVES,True
PHASE4-MPS-20260721170405,ALT-SETUP,PSC-SKU-BIKE-ROAD-001-20260907,ROAD-OP-060,,WS-PACK,M-PACK-BENCH-001,PACKAGING_OPERATOR,,,,,,,0.0,435.0,1,435.0,435.0,435.0,,,0.0,435.0,0.0,0.0,0.0,0.0,0.0,0.0,WORKSTATION,0.0,0.0,0.0,0.0,0.0,0.0,0.0,0.0,0.0,0.0,129.4918,FINITE_CAPACITY_BLOCKED,0.0,0.0,0.0,0.0,True,PHASE4_STEP8F_FINITE_CAPACITY_SCHEDULE_ALTERNATIVES,True
PHASE4-MPS-20260721170405,ALT-SETUP,PSC-SKU-BIKE-ROAD-001-20260914,ROAD-OP-020,,WS-WHEEL-SUB,M-WHEEL-TRUE-001,WHEEL_ASSEMBLY_TECHNICIAN,,,,,,,0.0,435.0,3,1305.0,1305.0,1305.0,,,0.0,1305.0,0.0,0.0,0.0,0.0,0.0,0.0,WORKSTATION,0.0,0.0,0.0,0.0,0.0,0.0,0.0,0.0,0.0,0.0,252.5983,FINITE_CAPACITY_BLOCKED,0.0,0.0,0.0,0.0,True,PHASE4_STEP8F_FINITE_CAPACITY_SCHEDULE_ALTERNATIVES,True
PHASE4-MPS-20260721170405,ALT-SETUP,PSC-SKU-BIKE-ROAD-001-20260914,ROAD-OP-040,,WS-FINAL-ASM,M-FINAL-STAND-001,FINAL_ASSEMBLY_OPERATOR,,,,,,,0.0,435.0,1,435.0,435.0,435.0,,,0.0,435.0,0.0,0.0,0.0,0.0,0.0,0.0,WORKSTATION,0.0,0.0,0.0,0.0,0.0,0.0,0.0,0.0,0.0,0.0,399.6048,FINITE_CAPACITY_BLOCKED,0.0,0.0,0.0,0.0,True,PHASE4_STEP8F_FINITE_CAPACITY_SCHEDULE_ALTERNATIVES,True
PHASE4-MPS-20260721170405,ALT-SETUP,PSC-SKU-BIKE-ROAD-001-20260914,ROAD-OP-050,,WS-QC,M-QC-TOOLS-001,QUALITY_INSPECTOR,,,,,,,0.0,435.0,1,435.0,435.0,435.0,,,0.0,435.0,0.0,0.0,0.0,0.0,0.0,0.0,WORKSTATION,0.0,0.0,0.0,0.0,0.0,0.0,0.0,0.0,0.0,0.0,165.008,FINITE_CAPACITY_BLOCKED,0.0,0.0,0.0,0.0,True,PHASE4_STEP8F_FINITE_CAPACITY_SCHEDULE_ALTERNATIVES,True
PHASE4-MPS-20260721170405,ALT-SETUP,PSC-SKU-BIKE-ROAD-001-20260914,ROAD-OP-060,,WS-PACK,M-PACK-BENCH-001,PACKAGING_OPERATOR,,,,,,,0.0,435.0,1,435.0,435.0,435.0,,,0.0,435.0,0.0,0.0,0.0,0.0,0.0,0.0,WORKSTATION,0.0,0.0,0.0,0.0,0.0,0.0,0.0,0.0,0.0,0.0,129.4918,FINITE_CAPACITY_BLOCKED,0.0,0.0,0.0,0.0,True,PHASE4_STEP8F_FINITE_CAPACITY_SCHEDULE_ALTERNATIVES,True
PHASE4-MPS-20260721170405,ALT-SETUP,PSC-SKU-BIKE-ROAD-001-20260921,ROAD-OP-020,,WS-WHEEL-SUB,M-WHEEL-TRUE-001,WHEEL_ASSEMBLY_TECHNICIAN,,,,,,,0.0,435.0,3,1305.0,1305.0,1305.0,,,0.0,1305.0,0.0,0.0,0.0,0.0,0.0,0.0,WORKSTATION,0.0,0.0,0.0,0.0,0.0,0.0,0.0,0.0,0.0,0.0,252.5983,FINITE_CAPACITY_BLOCKED,0.0,0.0,0.0,0.0,True,PHASE4_STEP8F_FINITE_CAPACITY_SCHEDULE_ALTERNATIVES,True
PHASE4-MPS-20260721170405,ALT-SETUP,PSC-SKU-BIKE-ROAD-001-20260921,ROAD-OP-040,,WS-FINAL-ASM,M-FINAL-STAND-001,FINAL_ASSEMBLY_OPERATOR,,,,,,,0.0,435.0,1,435.0,435.0,435.0,,,0.0,435.0,0.0,0.0,0.0,0.0,0.0,0.0,WORKSTATION,0.0,0.0,0.0,0.0,0.0,0.0,0.0,0.0,0.0,0.0,399.6048,FINITE_CAPACITY_BLOCKED,0.0,0.0,0.0,0.0,True,PHASE4_STEP8F_FINITE_CAPACITY_SCHEDULE_ALTERNATIVES,True
PHASE4-MPS-20260721170405,ALT-SETUP,PSC-SKU-BIKE-ROAD-001-20260921,ROAD-OP-050,,WS-QC,M-QC-TOOLS-001,QUALITY_INSPECTOR,,,,,,,0.0,435.0,1,435.0,435.0,435.0,,,0.0,435.0,0.0,0.0,0.0,0.0,0.0,0.0,WORKSTATION,0.0,0.0,0.0,0.0,0.0,0.0,0.0,0.0,0.0,0.0,165.008,FINITE_CAPACITY_BLOCKED,0.0,0.0,0.0,0.0,True,PHASE4_STEP8F_FINITE_CAPACITY_SCHEDULE_ALTERNATIVES,True
PHASE4-MPS-20260721170405,ALT-SETUP,PSC-SKU-BIKE-ROAD-001-20260921,ROAD-OP-060,,WS-PACK,M-PACK-BENCH-001,PACKAGING_OPERATOR,,,,,,,0.0,435.0,1,435.0,435.0,435.0,,,0.0,435.0,0.0,0.0,0.0,0.0,0.0,0.0,WORKSTATION,0.0,0.0,0.0,0.0,0.0,0.0,0.0,0.0,0.0,0.0,129.4918,FINITE_CAPACITY_BLOCKED,0.0,0.0,0.0,0.0,True,PHASE4_STEP8F_FINITE_CAPACITY_SCHEDULE_ALTERNATIVES,True
PHASE4-MPS-20260721170405,ALT-SETUP,PSC-SKU-BIKE-ROAD-001-20260928,ROAD-OP-020,,WS-WHEEL-SUB,M-WHEEL-TRUE-001,WHEEL_ASSEMBLY_TECHNICIAN,,,,,,,0.0,435.0,3,1305.0,1305.0,1305.0,,,0.0,1305.0,0.0,0.0,0.0,0.0,0.0,0.0,WORKSTATION,0.0,0.0,0.0,0.0,0.0,0.0,0.0,0.0,0.0,0.0,37.1718,FINITE_CAPACITY_BLOCKED,0.0,0.0,0.0,0.0,True,PHASE4_STEP8F_FINITE_CAPACITY_SCHEDULE_ALTERNATIVES,True
PHASE4-MPS-20260721170405,ALT-WIP,PSC-SKU-BIKE-MT-001-20260629,MT-OP-010,SEG-ALT-WIP-PSC-SKU-BIKE-MT-001-20260629-MT-OP-010-01;SEG-ALT-WIP-PSC-SKU-BIKE-MT-001-20260629-MT-OP-010-02;SEG-ALT-WIP-PSC-SKU-BIKE-MT-001-20260629-MT-OP-010-03,WS-FRAME-PREP,M-FRAME-JIG-001,FRAME_TECHNICIAN,2026-06-29,2026-06-29,SHIFT-A,2026-06-29,SHIFT-A,WIN-20260629-SHIFT-A;WIN-20260630-SHIFT-A;WIN-20260701-SHIFT-A,1305.0,435.0,2,2610.0,2610.0,2610.0,M-FRAME-JIG-001#01=1147.944,FRAME_TECHNICIAN#01=1147.944,1147.944,1462.056,43.9825,43.9825,43.9825,43.9825,43.9825,43.9825,WORKSTATION,0.0,1147.944,1147.944,157.056,0.0,19.1324,0.0,19.1324,21.75,87.9651,111.2409,FINITE_CAPACITY_FEASIBLE,0.0,0.0,0.0,0.0,True,PHASE4_STEP8F_FINITE_CAPACITY_SCHEDULE_ALTERNATIVES,True
PHASE4-MPS-20260721170405,ALT-WIP,PSC-SKU-BIKE-MT-001-20260629,MT-OP-020,SEG-ALT-WIP-PSC-SKU-BIKE-MT-001-20260629-MT-OP-020-01;SEG-ALT-WIP-PSC-SKU-BIKE-MT-001-20260629-MT-OP-020-02;SEG-ALT-WIP-PSC-SKU-BIKE-MT-001-20260629-MT-OP-020-03;SEG-ALT-WIP-PSC-SKU-BIKE-MT-001-20260629-MT-OP-020-04,WS-FORK-SUSP,M-FORK-BENCH-001,SUSPENSION_TECHNICIAN,2026-07-01,2026-07-01,SHIFT-A,2026-07-01,SHIFT-A,WIN-20260701-SHIFT-A;WIN-20260702-SHIFT-A;WIN-20260703-SHIFT-A;WIN-20260706-SHIFT-A,1740.0,435.0,2,3480.0,3480.0,3480.0,M-FORK-BENCH-001#01=1408.098,SUSPENSION_TECHNICIAN#01=1408.098,1408.098,2071.902,40.4626,40.4626,40.4626,40.4626,40.4626,40.4626,WORKSTATION,277.944,1408.098,1408.098,53.958,0.0,23.4683,0.0,23.4683,29.0,80.9252,80.9252,FINITE_CAPACITY_FEASIBLE,0.0,0.0,0.0,0.0,True,PHASE4_STEP8F_FINITE_CAPACITY_SCHEDULE_ALTERNATIVES,True
PHASE4-MPS-20260721170405,ALT-WIP,PSC-SKU-BIKE-MT-001-20260629,MT-OP-030,SEG-ALT-WIP-PSC-SKU-BIKE-MT-001-20260629-MT-OP-030-01;SEG-ALT-WIP-PSC-SKU-BIKE-MT-001-20260629-MT-OP-030-02;SEG-ALT-WIP-PSC-SKU-BIKE-MT-001-20260629-MT-OP-030-03;SEG-ALT-WIP-PSC-SKU-BIKE-MT-001-20260629-MT-OP-030-04,WS-WHEEL-SUB,M-WHEEL-TRUE-001,WHEEL_ASSEMBLY_TECHNICIAN,2026-07-01,2026-07-01,SHIFT-A,2026-07-01,SHIFT-A,WIN-20260701-SHIFT-A;WIN-20260702-SHIFT-A;WIN-20260703-SHIFT-A;WIN-20260706-SHIFT-A,1740.0,435.0,3,5220.0,5220.0,5220.0,M-WHEEL-TRUE-001#01=1413.87,WHEEL_ASSEMBLY_TECHNICIAN#01=1413.87,1413.87,3806.13,27.0856,27.0856,27.0856,27.0856,27.0856,27.0856,WORKSTATION,277.944,1413.87,1413.87,48.186,0.0,23.5645,0.0,23.5645,29.0,81.2569,138.0477,FINITE_CAPACITY_FEASIBLE,0.0,0.0,0.0,0.0,True,PHASE4_STEP8F_FINITE_CAPACITY_SCHEDULE_ALTERNATIVES,True
PHASE4-MPS-20260721170405,ALT-WIP,PSC-SKU-BIKE-MT-001-20260629,MT-OP-040,SEG-ALT-WIP-PSC-SKU-BIKE-MT-001-20260629-MT-OP-040-01;SEG-ALT-WIP-PSC-SKU-BIKE-MT-001-20260629-MT-OP-040-02;SEG-ALT-WIP-PSC-SKU-BIKE-MT-001-20260629-MT-OP-040-03;SEG-ALT-WIP-PSC-SKU-BIKE-MT-001-20260629-MT-OP-040-04,WS-BRAKE-SUB,M-BRAKE-BENCH-001,BRAKE_ASSEMBLY_TECHNICIAN,2026-07-01,2026-07-01,SHIFT-A,2026-07-01,SHIFT-A,WIN-20260701-SHIFT-A;WIN-20260702-SHIFT-A;WIN-20260703-SHIFT-A;WIN-20260706-SHIFT-A,1740.0,435.0,2,3480.0,3480.0,3480.0,M-BRAKE-BENCH-001#01=1069.356,BRAKE_ASSEMBLY_TECHNICIAN#01=1069.356,1069.356,2410.644,30.7286,30.7286,30.7286,30.7286,30.7286,30.7286,WORKSTATION,277.944,1069.356,1069.356,392.7,0.0,17.8226,0.0,17.8226,29.0,61.4572,102.6778,FINITE_CAPACITY_FEASIBLE,0.0,0.0,0.0,0.0,True,PHASE4_STEP8F_FINITE_CAPACITY_SCHEDULE_ALTERNATIVES,True
PHASE4-MPS-20260721170405,ALT-WIP,PSC-SKU-BIKE-MT-001-20260629,MT-OP-050,SEG-ALT-WIP-PSC-SKU-BIKE-MT-001-20260629-MT-OP-050-01;SEG-ALT-WIP-PSC-SKU-BIKE-MT-001-20260629-MT-OP-050-02;SEG-ALT-WIP-PSC-SKU-BIKE-MT-001-20260629-MT-OP-050-03;SEG-ALT-WIP-PSC-SKU-BIKE-MT-001-20260629-MT-OP-050-04;SEG-ALT-WIP-PSC-SKU-BIKE-MT-001-20260629-MT-OP-050-05;SEG-ALT-WIP-PSC-SKU-BIKE-MT-001-20260629-MT-OP-050-06;SEG-ALT-WIP-PSC-SKU-BIKE-MT-001-20260629-MT-OP-050-07,WS-FINAL-ASM,M-FINAL-STAND-001,FINAL_ASSEMBLY_OPERATOR,2026-07-06,2026-07-06,SHIFT-A,2026-07-06,SHIFT-A,WIN-20260706-SHIFT-A;WIN-20260707-SHIFT-A;WIN-20260708-SHIFT-A;WIN-20260709-SHIFT-A;WIN-20260710-SHIFT-A;WIN-20260713-SHIFT-A;WIN-20260714-SHIFT-A,3045.0,435.0,1,3045.0,3045.0,3045.0,M-FINAL-STAND-001#01=2288.16,FINAL_ASSEMBLY_OPERATOR#01=2288.16,2288.16,756.84,75.1448,75.1448,75.1448,75.1448,75.1448,75.1448,WORKSTATION,381.042,2288.16,2288.16,375.798,0.0,38.136,0.0,38.136,50.75,75.1448,218.4047,FINITE_CAPACITY_FEASIBLE,0.0,0.0,0.0,0.0,True,PHASE4_STEP8F_FINITE_CAPACITY_SCHEDULE_ALTERNATIVES,True
PHASE4-MPS-20260721170405,ALT-WIP,PSC-SKU-BIKE-MT-001-20260629,MT-OP-060,SEG-ALT-WIP-PSC-SKU-BIKE-MT-001-20260629-MT-OP-060-01;SEG-ALT-WIP-PSC-SKU-BIKE-MT-001-20260629-MT-OP-060-02;SEG-ALT-WIP-PSC-SKU-BIKE-MT-001-20260629-MT-OP-060-03,WS-QC,M-QC-TOOLS-001,QUALITY_INSPECTOR,2026-07-14,2026-07-14,SHIFT-A,2026-07-14,SHIFT-A,WIN-20260714-SHIFT-A;WIN-20260715-SHIFT-A;WIN-20260716-SHIFT-A,1305.0,435.0,1,1305.0,1305.0,1305.0,M-QC-TOOLS-001#01=951.498,QUALITY_INSPECTOR#01=951.498,951.498,353.502,72.9117,72.9117,72.9117,72.9117,72.9117,72.9117,WORKSTATION,59.202,951.498,951.498,294.3,0.0,15.8583,0.0,15.8583,21.75,72.9117,90.0999,FINITE_CAPACITY_FEASIBLE,0.0,0.0,0.0,0.0,True,PHASE4_STEP8F_FINITE_CAPACITY_SCHEDULE_ALTERNATIVES,True
PHASE4-MPS-20260721170405,ALT-WIP,PSC-SKU-BIKE-MT-001-20260629,MT-OP-070,SEG-ALT-WIP-PSC-SKU-BIKE-MT-001-20260629-MT-OP-070-01;SEG-ALT-WIP-PSC-SKU-BIKE-MT-001-20260629-MT-OP-070-02,WS-PACK,M-PACK-BENCH-001,PACKAGING_OPERATOR,2026-07-16,2026-07-16,SHIFT-A,2026-07-16,SHIFT-A,WIN-20260716-SHIFT-A;WIN-20260717-SHIFT-A,870.0,435.0,1,870.0,870.0,870.0,M-PACK-BENCH-001#01=718.764,PACKAGING_OPERATOR#01=718.764,718.764,151.236,82.6166,82.6166,82.6166,82.6166,82.6166,82.6166,WORKSTATION,140.7,718.764,718.764,10.536,0.0,11.9794,0.0,11.9794,14.5,82.6166,82.6166,FINITE_CAPACITY_FEASIBLE,0.0,0.0,0.0,0.0,True,PHASE4_STEP8F_FINITE_CAPACITY_SCHEDULE_ALTERNATIVES,True
PHASE4-MPS-20260721170405,ALT-WIP,PSC-SKU-BIKE-ROAD-001-20260629,ROAD-OP-010,SEG-ALT-WIP-PSC-SKU-BIKE-ROAD-001-20260629-ROAD-OP-010-01;SEG-ALT-WIP-PSC-SKU-BIKE-ROAD-001-20260629-ROAD-OP-010-02;SEG-ALT-WIP-PSC-SKU-BIKE-ROAD-001-20260629-ROAD-OP-010-03,WS-FRAME-PREP,M-FRAME-JIG-001,FRAME_TECHNICIAN,2026-06-29,2026-06-29,SHIFT-A,2026-06-29,SHIFT-A,WIN-20260629-SHIFT-A;WIN-20260630-SHIFT-A;WIN-20260701-SHIFT-A,1305.0,435.0,2,2610.0,2610.0,2610.0,M-FRAME-JIG-001#02=1271.982,FRAME_TECHNICIAN#02=1271.982,1271.982,1338.018,48.7349,48.7349,48.7349,48.7349,48.7349,48.7349,WORKSTATION,33.018,1271.982,1271.982,0.0,0.0,20.8997,0.3,21.1997,21.75,97.4699,111.2409,FINITE_CAPACITY_FEASIBLE,0.0,0.0,0.0,0.0,True,PHASE4_STEP8F_FINITE_CAPACITY_SCHEDULE_ALTERNATIVES,True
PHASE4-MPS-20260721170405,ALT-WIP,PSC-SKU-BIKE-ROAD-001-20260629,ROAD-OP-020,SEG-ALT-WIP-PSC-SKU-BIKE-ROAD-001-20260629-ROAD-OP-020-01;SEG-ALT-WIP-PSC-SKU-BIKE-ROAD-001-20260629-ROAD-OP-020-02;SEG-ALT-WIP-PSC-SKU-BIKE-ROAD-001-20260629-ROAD-OP-020-03;SEG-ALT-WIP-PSC-SKU-BIKE-ROAD-001-20260629-ROAD-OP-020-04;SEG-ALT-WIP-PSC-SKU-BIKE-ROAD-001-20260629-ROAD-OP-020-05,WS-WHEEL-SUB,M-WHEEL-TRUE-001,WHEEL_ASSEMBLY_TECHNICIAN,2026-07-01,2026-07-01,SHIFT-A,2026-07-01,SHIFT-A,WIN-20260701-SHIFT-A;WIN-20260702-SHIFT-A;WIN-20260703-SHIFT-A;WIN-20260706-SHIFT-A;WIN-20260707-SHIFT-A,2175.0,435.0,3,6525.0,6525.0,6525.0,M-WHEEL-TRUE-001#02=1587.664,WHEEL_ASSEMBLY_TECHNICIAN#02=1587.664,1587.664,4937.336,24.332,24.332,24.332,24.332,24.332,24.332,WORKSTATION,401.982,1587.664,1587.664,185.354,0.0,26.2944,0.1667,26.4611,36.25,72.996,138.0477,FINITE_CAPACITY_FEASIBLE,0.0,0.0,0.0,0.0,True,PHASE4_STEP8F_FINITE_CAPACITY_SCHEDULE_ALTERNATIVES,True
PHASE4-MPS-20260721170405,ALT-WIP,PSC-SKU-BIKE-ROAD-001-20260629,ROAD-OP-030,SEG-ALT-WIP-PSC-SKU-BIKE-ROAD-001-20260629-ROAD-OP-030-01;SEG-ALT-WIP-PSC-SKU-BIKE-ROAD-001-20260629-ROAD-OP-030-02;SEG-ALT-WIP-PSC-SKU-BIKE-ROAD-001-20260629-ROAD-OP-030-03;SEG-ALT-WIP-PSC-SKU-BIKE-ROAD-001-20260629-ROAD-OP-030-04,WS-BRAKE-SUB,M-BRAKE-BENCH-001,BRAKE_ASSEMBLY_TECHNICIAN,2026-07-01,2026-07-01,SHIFT-A,2026-07-01,SHIFT-A,WIN-20260701-SHIFT-A;WIN-20260702-SHIFT-A;WIN-20260703-SHIFT-A;WIN-20260706-SHIFT-A,1740.0,435.0,2,3480.0,3480.0,3480.0,M-BRAKE-BENCH-001#02=1167.108,BRAKE_ASSEMBLY_TECHNICIAN#02=1167.108,1167.108,2312.892,33.5376,33.5376,33.5376,33.5376,33.5376,33.5376,WORKSTATION,444.282,1167.108,1167.108,128.61,0.0,19.2518,0.2,19.4518,29.0,67.0752,102.6778,FINITE_CAPACITY_FEASIBLE,0.0,0.0,0.0,0.0,True,PHASE4_STEP8F_FINITE_CAPACITY_SCHEDULE_ALTERNATIVES,True
PHASE4-MPS-20260721170405,ALT-WIP,PSC-SKU-BIKE-ROAD-001-20260629,ROAD-OP-040,SEG-ALT-WIP-PSC-SKU-BIKE-ROAD-001-20260629-ROAD-OP-040-01;SEG-ALT-WIP-PSC-SKU-BIKE-ROAD-001-20260629-ROAD-OP-040-02;SEG-ALT-WIP-PSC-SKU-BIKE-ROAD-001-20260629-ROAD-OP-040-03;SEG-ALT-WIP-PSC-SKU-BIKE-ROAD-001-20260629-ROAD-OP-040-04;SEG-ALT-WIP-PSC-SKU-BIKE-ROAD-001-20260629-ROAD-OP-040-05;SEG-ALT-WIP-PSC-SKU-BIKE-ROAD-001-20260629-ROAD-OP-040-06,WS-FINAL-ASM,M-FINAL-STAND-001,FINAL_ASSEMBLY_OPERATOR,2026-07-14,2026-07-14,SHIFT-A,2026-07-14,SHIFT-A,WIN-20260714-SHIFT-A;WIN-20260715-SHIFT-A;WIN-20260716-SHIFT-A;WIN-20260717-SHIFT-A;WIN-20260720-SHIFT-A;WIN-20260721-SHIFT-A,2610.0,435.0,1,2610.0,2610.0,2610.0,M-FINAL-STAND-001#01=2468.604,FINAL_ASSEMBLY_OPERATOR#01=2468.604,2468.604,141.396,94.5825,94.5825,94.5825,94.5825,94.5825,94.5825,WORKSTATION,59.202,2468.604,2468.604,82.194,0.0,40.7434,0.4,41.1434,43.5,94.5825,218.4047,FINITE_CAPACITY_FEASIBLE,0.0,0.0,0.0,0.0,True,PHASE4_STEP8F_FINITE_CAPACITY_SCHEDULE_ALTERNATIVES,True
PHASE4-MPS-20260721170405,ALT-WIP,PSC-SKU-BIKE-ROAD-001-20260629,ROAD-OP-050,SEG-ALT-WIP-PSC-SKU-BIKE-ROAD-001-20260629-ROAD-OP-050-01;SEG-ALT-WIP-PSC-SKU-BIKE-ROAD-001-20260629-ROAD-OP-050-02;SEG-ALT-WIP-PSC-SKU-BIKE-ROAD-001-20260629-ROAD-OP-050-03,WS-QC,M-QC-TOOLS-001,QUALITY_INSPECTOR,2026-07-21,2026-07-21,SHIFT-A,2026-07-21,SHIFT-A,WIN-20260721-SHIFT-A;WIN-20260722-SHIFT-A;WIN-20260723-SHIFT-A,1305.0,435.0,1,1305.0,1305.0,1305.0,M-QC-TOOLS-001#01=750.6647,QUALITY_INSPECTOR#01=750.6647,750.6647,554.3353,57.5222,57.5222,57.5222,57.5222,57.5222,57.5222,WORKSTATION,352.806,750.6647,750.6647,201.5293,0.0,12.3777,0.1333,12.5111,21.75,57.5222,90.0999,FINITE_CAPACITY_FEASIBLE,0.0,0.0001,0.0,0.0,True,PHASE4_STEP8F_FINITE_CAPACITY_SCHEDULE_ALTERNATIVES,True
PHASE4-MPS-20260721170405,ALT-WIP,PSC-SKU-BIKE-ROAD-001-20260629,ROAD-OP-060,SEG-ALT-WIP-PSC-SKU-BIKE-ROAD-001-20260629-ROAD-OP-060-01;SEG-ALT-WIP-PSC-SKU-BIKE-ROAD-001-20260629-ROAD-OP-060-02;SEG-ALT-WIP-PSC-SKU-BIKE-ROAD-001-20260629-ROAD-OP-060-03,WS-PACK,M-PACK-BENCH-001,PACKAGING_OPERATOR,2026-07-23,2026-07-23,SHIFT-A,2026-07-23,SHIFT-A,WIN-20260723-SHIFT-A;WIN-20260724-SHIFT-A;WIN-20260727-SHIFT-A,1305.0,435.0,1,1305.0,1305.0,1305.0,M-PACK-BENCH-001#01=820.608,PACKAGING_OPERATOR#01=820.608,820.608,484.392,62.8818,62.8818,62.8818,62.8818,62.8818,62.8818,WORKSTATION,233.4707,820.608,820.608,250.9213,0.0,13.5768,0.1,13.6768,21.75,62.8818,70.7019,FINITE_CAPACITY_FEASIBLE,0.0,0.0,0.0,0.0,True,PHASE4_STEP8F_FINITE_CAPACITY_SCHEDULE_ALTERNATIVES,True
PHASE4-MPS-20260721170405,ALT-WIP,PSC-SKU-BIKE-MT-001-20260706,MT-OP-010,SEG-ALT-WIP-PSC-SKU-BIKE-MT-001-20260706-MT-OP-010-01;SEG-ALT-WIP-PSC-SKU-BIKE-MT-001-20260706-MT-OP-010-02;SEG-ALT-WIP-PSC-SKU-BIKE-MT-001-20260706-MT-OP-010-03;SEG-ALT-WIP-PSC-SKU-BIKE-MT-001-20260706-MT-OP-010-04;SEG-ALT-WIP-PSC-SKU-BIKE-MT-001-20260706-MT-OP-010-05,WS-FRAME-PREP,M-FRAME-JIG-001,FRAME_TECHNICIAN,2026-07-06,2026-07-06,SHIFT-A,2026-07-06,SHIFT-A,WIN-20260706-SHIFT-A;WIN-20260707-SHIFT-A;WIN-20260708-SHIFT-A;WIN-20260709-SHIFT-A;WIN-20260710-SHIFT-A,2175.0,435.0,2,4350.0,4350.0,4350.0,M-FRAME-JIG-001#01=2122.782,FRAME_TECHNICIAN#01=2122.782,2122.782,2227.218,48.7996,48.7996,48.7996,48.7996,48.7996,48.7996,WORKSTATION,0.0,2122.782,2122.782,52.218,0.0,35.0797,0.3,35.3797,36.25,97.5992,202.2771,FINITE_CAPACITY_FEASIBLE,0.0,0.0,0.0,0.0,True,PHASE4_STEP8F_FINITE_CAPACITY_SCHEDULE_ALTERNATIVES,True
PHASE4-MPS-20260721170405,ALT-WIP,PSC-SKU-BIKE-MT-001-20260706,MT-OP-020,SEG-ALT-WIP-PSC-SKU-BIKE-MT-001-20260706-MT-OP-020-01;SEG-ALT-WIP-PSC-SKU-BIKE-MT-001-20260706-MT-OP-020-02;SEG-ALT-WIP-PSC-SKU-BIKE-MT-001-20260706-MT-OP-020-03;SEG-ALT-WIP-PSC-SKU-BIKE-MT-001-20260706-MT-OP-020-04;SEG-ALT-WIP-PSC-SKU-BIKE-MT-001-20260706-MT-OP-020-05;SEG-ALT-WIP-PSC-SKU-BIKE-MT-001-20260706-MT-OP-020-06;SEG-ALT-WIP-PSC-SKU-BIKE-MT-001-20260706-MT-OP-020-07,WS-FORK-SUSP,M-FORK-BENCH-001,SUSPENSION_TECHNICIAN,2026-07-10,2026-07-10,SHIFT-A,2026-07-10,SHIFT-A,WIN-20260710-SHIFT-A;WIN-20260713-SHIFT-A;WIN-20260714-SHIFT-A;WIN-20260715-SHIFT-A;WIN-20260716-SHIFT-A;WIN-20260717-SHIFT-A;WIN-20260720-SHIFT-A,3045.0,435.0,2,6090.0,6090.0,6090.0,M-FORK-BENCH-001#01=2581.776,SUSPENSION_TECHNICIAN#01=2581.776,2581.776,3508.224,42.3937,42.3937,42.3937,42.3937,42.3937,42.3937,WORKSTATION,382.782,2581.776,2581.776,80.442,0.0,43.0296,0.0,43.0296,50.75,84.7874,118.6224,FINITE_CAPACITY_FEASIBLE,0.0,0.0,0.0,0.0,True,PHASE4_STEP8F_FINITE_CAPACITY_SCHEDULE_ALTERNATIVES,True
PHASE4-MPS-20260721170405,ALT-WIP,PSC-SKU-BIKE-MT-001-20260706,MT-OP-030,SEG-ALT-WIP-PSC-SKU-BIKE-MT-001-20260706-MT-OP-030-01;SEG-ALT-WIP-PSC-SKU-BIKE-MT-001-20260706-MT-OP-030-02;SEG-ALT-WIP-PSC-SKU-BIKE-MT-001-20260706-MT-OP-030-03;SEG-ALT-WIP-PSC-SKU-BIKE-MT-001-20260706-MT-OP-030-04;SEG-ALT-WIP-PSC-SKU-BIKE-MT-001-20260706-MT-OP-030-05;SEG-ALT-WIP-PSC-SKU-BIKE-MT-001-20260706-MT-OP-030-06;SEG-ALT-WIP-PSC-SKU-BIKE-MT-001-20260706-MT-OP-030-07,WS-WHEEL-SUB,M-WHEEL-TRUE-001,WHEEL_ASSEMBLY_TECHNICIAN,2026-07-10,2026-07-10,SHIFT-A,2026-07-10,SHIFT-A,WIN-20260710-SHIFT-A;WIN-20260713-SHIFT-A;WIN-20260714-SHIFT-A;WIN-20260715-SHIFT-A;WIN-20260716-SHIFT-A;WIN-20260717-SHIFT-A;WIN-20260720-SHIFT-A,3045.0,435.0,3,9135.0,9135.0,9135.0,M-WHEEL-TRUE-001#01=2535.8814,WHEEL_ASSEMBLY_TECHNICIAN#01=2535.8814,2535.8814,6599.1186,27.7601,27.7601,27.7601,27.7601,27.7601,27.7601,WORKSTATION,382.782,2535.8814,2535.8814,126.3366,0.0,42.098,0.1667,42.2647,50.75,83.2802,252.058,FINITE_CAPACITY_FEASIBLE,0.0,0.0,0.0,0.0,True,PHASE4_STEP8F_FINITE_CAPACITY_SCHEDULE_ALTERNATIVES,True
PHASE4-MPS-20260721170405,ALT-WIP,PSC-SKU-BIKE-MT-001-20260706,MT-OP-040,SEG-ALT-WIP-PSC-SKU-BIKE-MT-001-20260706-MT-OP-040-01;SEG-ALT-WIP-PSC-SKU-BIKE-MT-001-20260706-MT-OP-040-02;SEG-ALT-WIP-PSC-SKU-BIKE-MT-001-20260706-MT-OP-040-03;SEG-ALT-WIP-PSC-SKU-BIKE-MT-001-20260706-MT-OP-040-04;SEG-ALT-WIP-PSC-SKU-BIKE-MT-001-20260706-MT-OP-040-05;SEG-ALT-WIP-PSC-SKU-BIKE-MT-001-20260706-MT-OP-040-06,WS-BRAKE-SUB,M-BRAKE-BENCH-001,BRAKE_ASSEMBLY_TECHNICIAN,2026-07-10,2026-07-10,SHIFT-A,2026-07-10,SHIFT-A,WIN-20260710-SHIFT-A;WIN-20260713-SHIFT-A;WIN-20260714-SHIFT-A;WIN-20260715-SHIFT-A;WIN-20260716-SHIFT-A;WIN-20260717-SHIFT-A,2610.0,435.0,2,5220.0,5220.0,5220.0,M-BRAKE-BENCH-001#01=1972.686,BRAKE_ASSEMBLY_TECHNICIAN#01=1972.686,1972.686,3247.314,37.7909,37.7909,37.7909,37.7909,37.7909,37.7909,WORKSTATION,382.782,1972.686,1972.686,254.532,0.0,32.6781,0.2,32.8781,43.5,75.5818,187.4195,FINITE_CAPACITY_FEASIBLE,0.0,0.0,0.0,0.0,True,PHASE4_STEP8F_FINITE_CAPACITY_SCHEDULE_ALTERNATIVES,True
PHASE4-MPS-20260721170405,ALT-WIP,PSC-SKU-BIKE-MT-001-20260706,MT-OP-050,SEG-ALT-WIP-PSC-SKU-BIKE-MT-001-20260706-MT-OP-050-01;SEG-ALT-WIP-PSC-SKU-BIKE-MT-001-20260706-MT-OP-050-02;SEG-ALT-WIP-PSC-SKU-BIKE-MT-001-20260706-MT-OP-050-03;SEG-ALT-WIP-PSC-SKU-BIKE-MT-001-20260706-MT-OP-050-04;SEG-ALT-WIP-PSC-SKU-BIKE-MT-001-20260706-MT-OP-050-05;SEG-ALT-WIP-PSC-SKU-BIKE-MT-001-20260706-MT-OP-050-06;SEG-ALT-WIP-PSC-SKU-BIKE-MT-001-20260706-MT-OP-050-07;SEG-ALT-WIP-PSC-SKU-BIKE-MT-001-20260706-MT-OP-050-08;SEG-ALT-WIP-PSC-SKU-BIKE-MT-001-20260706-MT-OP-050-09,WS-FINAL-ASM,M-FINAL-STAND-001,FINAL_ASSEMBLY_OPERATOR,2026-07-21,2026-07-21,SHIFT-A,2026-07-21,SHIFT-A,WIN-20260721-SHIFT-A;WIN-20260722-SHIFT-A;WIN-20260723-SHIFT-A;WIN-20260724-SHIFT-A;WIN-20260727-SHIFT-A;WIN-20260728-SHIFT-A;WIN-20260729-SHIFT-A;WIN-20260730-SHIFT-A;WIN-20260731-SHIFT-A,3915.0,435.0,1,3915.0,3915.0,3915.0,M-FINAL-STAND-001#01=3294.2413,FINAL_ASSEMBLY_OPERATOR#01=3294.2413,3294.2413,620.7587,84.1441,84.1441,84.1441,84.1441,84.1441,84.1441,WORKSTATION,352.806,3294.2413,3294.2413,267.9527,0.0,54.504,0.4,54.904,65.25,84.1441,398.7676,FINITE_CAPACITY_FEASIBLE,0.0,0.0,0.0,0.0,True,PHASE4_STEP8F_FINITE_CAPACITY_SCHEDULE_ALTERNATIVES,True
PHASE4-MPS-20260721170405,ALT-WIP,PSC-SKU-BIKE-MT-001-20260706,MT-OP-060,SEG-ALT-WIP-PSC-SKU-BIKE-MT-001-20260706-MT-OP-060-01;SEG-ALT-WIP-PSC-SKU-BIKE-MT-001-20260706-MT-OP-060-02;SEG-ALT-WIP-PSC-SKU-BIKE-MT-001-20260706-MT-OP-060-03,WS-QC,M-QC-TOOLS-001,QUALITY_INSPECTOR,2026-07-31,2026-07-31,SHIFT-A,2026-07-31,SHIFT-A,WIN-20260731-SHIFT-A;WIN-20260803-SHIFT-A;WIN-20260804-SHIFT-A,1305.0,435.0,1,1305.0,1305.0,1305.0,M-QC-TOOLS-001#01=959.918,QUALITY_INSPECTOR#01=959.918,959.918,345.082,73.5569,73.5569,73.5569,73.5569,73.5569,73.5569,WORKSTATION,167.0473,959.918,959.918,178.0347,0.0,15.8653,0.1333,15.9986,21.75,73.5569,164.6642,FINITE_CAPACITY_FEASIBLE,0.0,0.0,0.0,0.0,True,PHASE4_STEP8F_FINITE_CAPACITY_SCHEDULE_ALTERNATIVES,True
PHASE4-MPS-20260721170405,ALT-WIP,PSC-SKU-BIKE-MT-001-20260706,MT-OP-070,SEG-ALT-WIP-PSC-SKU-BIKE-MT-001-20260706-MT-OP-070-01;SEG-ALT-WIP-PSC-SKU-BIKE-MT-001-20260706-MT-OP-070-02;SEG-ALT-WIP-PSC-SKU-BIKE-MT-001-20260706-MT-OP-070-03,WS-PACK,M-PACK-BENCH-001,PACKAGING_OPERATOR,2026-08-04,2026-08-04,SHIFT-A,2026-08-04,SHIFT-A,WIN-20260804-SHIFT-A;WIN-20260805-SHIFT-A;WIN-20260806-SHIFT-A,1305.0,435.0,1,1305.0,1305.0,1305.0,M-PACK-BENCH-001#01=1033.2619,PACKAGING_OPERATOR#01=1033.2619,1033.2619,271.7381,79.1772,79.1772,79.1772,79.1772,79.1772,79.1772,WORKSTATION,256.9653,1033.2619,1033.2619,14.7728,0.0,17.121,0.1,17.221,21.75,79.1772,129.2125,FINITE_CAPACITY_FEASIBLE,0.0,0.0,0.0,0.0,True,PHASE4_STEP8F_FINITE_CAPACITY_SCHEDULE_ALTERNATIVES,True
PHASE4-MPS-20260721170405,ALT-WIP,PSC-SKU-BIKE-ROAD-001-20260706,ROAD-OP-010,SEG-ALT-WIP-PSC-SKU-BIKE-ROAD-001-20260706-ROAD-OP-010-01;SEG-ALT-WIP-PSC-SKU-BIKE-ROAD-001-20260706-ROAD-OP-010-02;SEG-ALT-WIP-PSC-SKU-BIKE-ROAD-001-20260706-ROAD-OP-010-03;SEG-ALT-WIP-PSC-SKU-BIKE-ROAD-001-20260706-ROAD-OP-010-04;SEG-ALT-WIP-PSC-SKU-BIKE-ROAD-001-20260706-ROAD-OP-010-05,WS-FRAME-PREP,M-FRAME-JIG-001,FRAME_TECHNICIAN,2026-07-06,2026-07-06,SHIFT-A,2026-07-06,SHIFT-A,WIN-20260706-SHIFT-A;WIN-20260707-SHIFT-A;WIN-20260708-SHIFT-A;WIN-20260709-SHIFT-A;WIN-20260710-SHIFT-A,2175.0,435.0,2,4350.0,4350.0,4350.0,M-FRAME-JIG-001#02=1875.7652,FRAME_TECHNICIAN#02=1875.7652,1875.7652,2474.2348,43.121,43.121,43.121,43.121,43.121,43.121,WORKSTATION,299.2348,1875.7652,1875.7652,0.0,0.0,30.9628,0.3,31.2628,36.25,86.2421,202.2771,FINITE_CAPACITY_FEASIBLE,0.0,0.0,0.0,0.0,True,PHASE4_STEP8F_FINITE_CAPACITY_SCHEDULE_ALTERNATIVES,True
PHASE4-MPS-20260721170405,ALT-WIP,PSC-SKU-BIKE-ROAD-001-20260706,ROAD-OP-020,SEG-ALT-WIP-PSC-SKU-BIKE-ROAD-001-20260706-ROAD-OP-020-01;SEG-ALT-WIP-PSC-SKU-BIKE-ROAD-001-20260706-ROAD-OP-020-02;SEG-ALT-WIP-PSC-SKU-BIKE-ROAD-001-20260706-ROAD-OP-020-03;SEG-ALT-WIP-PSC-SKU-BIKE-ROAD-001-20260706-ROAD-OP-020-04;SEG-ALT-WIP-PSC-SKU-BIKE-ROAD-001-20260706-ROAD-OP-020-05;SEG-ALT-WIP-PSC-SKU-BIKE-ROAD-001-20260706-ROAD-OP-020-06,WS-WHEEL-SUB,M-WHEEL-TRUE-001,WHEEL_ASSEMBLY_TECHNICIAN,2026-07-10,2026-07-10,SHIFT-A,2026-07-10,SHIFT-A,WIN-20260710-SHIFT-A;WIN-20260713-SHIFT-A;WIN-20260714-SHIFT-A;WIN-20260715-SHIFT-A;WIN-20260716-SHIFT-A;WIN-20260717-SHIFT-A,2610.0,435.0,3,7830.0,7830.0,7830.0,M-WHEEL-TRUE-001#02=2347.2959,WHEEL_ASSEMBLY_TECHNICIAN#02=2347.2959,2347.2959,5482.7041,29.9782,29.9782,29.9782,29.9782,29.9782,29.9782,WORKSTATION,262.7041,2347.2959,2347.2959,0.0,0.0,38.9549,0.1667,39.1216,43.5,89.9347,252.058,FINITE_CAPACITY_FEASIBLE,0.0,0.0,0.0,0.0,True,PHASE4_STEP8F_FINITE_CAPACITY_SCHEDULE_ALTERNATIVES,True
PHASE4-MPS-20260721170405,ALT-WIP,PSC-SKU-BIKE-ROAD-001-20260706,ROAD-OP-030,SEG-ALT-WIP-PSC-SKU-BIKE-ROAD-001-20260706-ROAD-OP-030-01;SEG-ALT-WIP-PSC-SKU-BIKE-ROAD-001-20260706-ROAD-OP-030-02;SEG-ALT-WIP-PSC-SKU-BIKE-ROAD-001-20260706-ROAD-OP-030-03;SEG-ALT-WIP-PSC-SKU-BIKE-ROAD-001-20260706-ROAD-OP-030-04;SEG-ALT-WIP-PSC-SKU-BIKE-ROAD-001-20260706-ROAD-OP-030-05,WS-BRAKE-SUB,M-BRAKE-BENCH-001,BRAKE_ASSEMBLY_TECHNICIAN,2026-07-10,2026-07-10,SHIFT-A,2026-07-10,SHIFT-A,WIN-20260710-SHIFT-A;WIN-20260713-SHIFT-A;WIN-20260714-SHIFT-A;WIN-20260715-SHIFT-A;WIN-20260716-SHIFT-A,2175.0,435.0,2,4350.0,4350.0,4350.0,M-BRAKE-BENCH-001#02=1723.2827,BRAKE_ASSEMBLY_TECHNICIAN#02=1723.2827,1723.2827,2626.7173,39.6157,39.6157,39.6157,39.6157,39.6157,39.6157,WORKSTATION,451.7173,1723.2827,1723.2827,0.0,0.0,28.5214,0.2,28.7214,36.25,79.2314,187.4195,FINITE_CAPACITY_FEASIBLE,0.0,0.0,0.0,0.0,True,PHASE4_STEP8F_FINITE_CAPACITY_SCHEDULE_ALTERNATIVES,True
PHASE4-MPS-20260721170405,ALT-WIP,PSC-SKU-BIKE-ROAD-001-20260706,ROAD-OP-040,SEG-ALT-WIP-PSC-SKU-BIKE-ROAD-001-20260706-ROAD-OP-040-01;SEG-ALT-WIP-PSC-SKU-BIKE-ROAD-001-20260706-ROAD-OP-040-02;SEG-ALT-WIP-PSC-SKU-BIKE-ROAD-001-20260706-ROAD-OP-040-03;SEG-ALT-WIP-PSC-SKU-BIKE-ROAD-001-20260706-ROAD-OP-040-04;SEG-ALT-WIP-PSC-SKU-BIKE-ROAD-001-20260706-ROAD-OP-040-05;SEG-ALT-WIP-PSC-SKU-BIKE-ROAD-001-20260706-ROAD-OP-040-06,WS-FINAL-ASM,M-FINAL-STAND-001,FINAL_ASSEMBLY_OPERATOR,2026-07-31,2026-07-31,SHIFT-A,2026-07-31,SHIFT-A,WIN-20260731-SHIFT-A;WIN-20260803-SHIFT-A;WIN-20260804-SHIFT-A;WIN-20260805-SHIFT-A;WIN-20260806-SHIFT-A;WIN-20260807-SHIFT-A,2610.0,435.0,1,2610.0,2610.0,2610.0,M-FINAL-STAND-001#01=2106.4846,FINAL_ASSEMBLY_OPERATOR#01=2106.4846,2106.4846,503.5154,80.7082,80.7082,80.7082,80.7082,80.7082,80.7082,WORKSTATION,167.0473,2106.4846,2106.4846,336.4681,0.0,34.7081,0.4,35.1081,43.5,80.7082,398.7676,FINITE_CAPACITY_FEASIBLE,0.0,0.0,0.0,0.0,True,PHASE4_STEP8F_FINITE_CAPACITY_SCHEDULE_ALTERNATIVES,True
PHASE4-MPS-20260721170405,ALT-WIP,PSC-SKU-BIKE-ROAD-001-20260706,ROAD-OP-050,SEG-ALT-WIP-PSC-SKU-BIKE-ROAD-001-20260706-ROAD-OP-050-01;SEG-ALT-WIP-PSC-SKU-BIKE-ROAD-001-20260706-ROAD-OP-050-02;SEG-ALT-WIP-PSC-SKU-BIKE-ROAD-001-20260706-ROAD-OP-050-03,WS-QC,M-QC-TOOLS-001,QUALITY_INSPECTOR,2026-08-07,2026-08-07,SHIFT-A,2026-08-07,SHIFT-A,WIN-20260807-SHIFT-A;WIN-20260810-SHIFT-A;WIN-20260811-SHIFT-A,1305.0,435.0,1,1305.0,1305.0,1305.0,M-QC-TOOLS-001#01=1010.5897,QUALITY_INSPECTOR#01=1010.5897,1010.5897,294.4103,77.4398,77.4398,77.4398,77.4398,77.4398,77.4398,WORKSTATION,98.5319,1010.5897,1010.5897,195.8784,0.0,16.7098,0.1333,16.8432,21.75,77.4398,164.6642,FINITE_CAPACITY_FEASIBLE,0.0,0.0001,0.0,0.0,True,PHASE4_STEP8F_FINITE_CAPACITY_SCHEDULE_ALTERNATIVES,True
PHASE4-MPS-20260721170405,ALT-WIP,PSC-SKU-BIKE-ROAD-001-20260706,ROAD-OP-060,SEG-ALT-WIP-PSC-SKU-BIKE-ROAD-001-20260706-ROAD-OP-060-01;SEG-ALT-WIP-PSC-SKU-BIKE-ROAD-001-20260706-ROAD-OP-060-02;SEG-ALT-WIP-PSC-SKU-BIKE-ROAD-001-20260706-ROAD-OP-060-03,WS-PACK,M-PACK-BENCH-001,PACKAGING_OPERATOR,2026-08-11,2026-08-11,SHIFT-A,2026-08-11,SHIFT-A,WIN-20260811-SHIFT-A;WIN-20260812-SHIFT-A;WIN-20260813-SHIFT-A,1305.0,435.0,1,1305.0,1305.0,1305.0,M-PACK-BENCH-001#01=911.1322,PACKAGING_OPERATOR#01=911.1322,911.1322,393.8678,69.8186,69.8186,69.8186,69.8186,69.8186,69.8186,WORKSTATION,239.1216,911.1322,911.1322,154.7462,0.0,15.0855,0.1,15.1855,21.75,69.8186,129.2125,FINITE_CAPACITY_FEASIBLE,0.0,0.0,0.0,0.0,True,PHASE4_STEP8F_FINITE_CAPACITY_SCHEDULE_ALTERNATIVES,True
PHASE4-MPS-20260721170405,ALT-WIP,PSC-SKU-BIKE-MT-001-20260713,MT-OP-010,SEG-ALT-WIP-PSC-SKU-BIKE-MT-001-20260713-MT-OP-010-01;SEG-ALT-WIP-PSC-SKU-BIKE-MT-001-20260713-MT-OP-010-02;SEG-ALT-WIP-PSC-SKU-BIKE-MT-001-20260713-MT-OP-010-03;SEG-ALT-WIP-PSC-SKU-BIKE-MT-001-20260713-MT-OP-010-04;SEG-ALT-WIP-PSC-SKU-BIKE-MT-001-20260713-MT-OP-010-05,WS-FRAME-PREP,M-FRAME-JIG-001,FRAME_TECHNICIAN,2026-07-13,2026-07-13,SHIFT-A,2026-07-13,SHIFT-A,WIN-20260713-SHIFT-A;WIN-20260714-SHIFT-A;WIN-20260715-SHIFT-A;WIN-20260716-SHIFT-A;WIN-20260717-SHIFT-A,2175.0,435.0,2,4350.0,4350.0,4350.0,M-FRAME-JIG-001#01=2122.782,FRAME_TECHNICIAN#01=2122.782,2122.782,2227.218,48.7996,48.7996,48.7996,48.7996,48.7996,48.7996,WORKSTATION,0.0,2122.782,2122.782,52.218,0.0,35.0797,0.3,35.3797,36.25,97.5992,202.7045,FINITE_CAPACITY_FEASIBLE,0.0,0.0,0.0,0.0,True,PHASE4_STEP8F_FINITE_CAPACITY_SCHEDULE_ALTERNATIVES,True
PHASE4-MPS-20260721170405,ALT-WIP,PSC-SKU-BIKE-MT-001-20260713,MT-OP-020,SEG-ALT-WIP-PSC-SKU-BIKE-MT-001-20260713-MT-OP-020-01;SEG-ALT-WIP-PSC-SKU-BIKE-MT-001-20260713-MT-OP-020-02;SEG-ALT-WIP-PSC-SKU-BIKE-MT-001-20260713-MT-OP-020-03;SEG-ALT-WIP-PSC-SKU-BIKE-MT-001-20260713-MT-OP-020-04;SEG-ALT-WIP-PSC-SKU-BIKE-MT-001-20260713-MT-OP-020-05;SEG-ALT-WIP-PSC-SKU-BIKE-MT-001-20260713-MT-OP-020-06;SEG-ALT-WIP-PSC-SKU-BIKE-MT-001-20260713-MT-OP-020-07,WS-FORK-SUSP,M-FORK-BENCH-001,SUSPENSION_TECHNICIAN,2026-07-17,2026-07-17,SHIFT-A,2026-07-17,SHIFT-A,WIN-20260717-SHIFT-A;WIN-20260720-SHIFT-A;WIN-20260721-SHIFT-A;WIN-20260722-SHIFT-A;WIN-20260723-SHIFT-A;WIN-20260724-SHIFT-A;WIN-20260727-SHIFT-A,3045.0,435.0,2,6090.0,6090.0,6090.0,M-FORK-BENCH-001#02=2581.776,SUSPENSION_TECHNICIAN#02=2581.776,2581.776,3508.224,42.3937,42.3937,42.3937,42.3937,42.3937,42.3937,WORKSTATION,382.782,2581.776,2581.776,80.442,0.0,43.0296,0.0,43.0296,50.75,84.7874,118.6224,FINITE_CAPACITY_FEASIBLE,0.0,0.0,0.0,0.0,True,PHASE4_STEP8F_FINITE_CAPACITY_SCHEDULE_ALTERNATIVES,True
PHASE4-MPS-20260721170405,ALT-WIP,PSC-SKU-BIKE-MT-001-20260713,MT-OP-030,SEG-ALT-WIP-PSC-SKU-BIKE-MT-001-20260713-MT-OP-030-01;SEG-ALT-WIP-PSC-SKU-BIKE-MT-001-20260713-MT-OP-030-02;SEG-ALT-WIP-PSC-SKU-BIKE-MT-001-20260713-MT-OP-030-03;SEG-ALT-WIP-PSC-SKU-BIKE-MT-001-20260713-MT-OP-030-04;SEG-ALT-WIP-PSC-SKU-BIKE-MT-001-20260713-MT-OP-030-05;SEG-ALT-WIP-PSC-SKU-BIKE-MT-001-20260713-MT-OP-030-06,WS-WHEEL-SUB,M-WHEEL-TRUE-001,WHEEL_ASSEMBLY_TECHNICIAN,2026-07-17,2026-07-17,SHIFT-A,2026-07-17,SHIFT-A,WIN-20260717-SHIFT-A;WIN-20260720-SHIFT-A;WIN-20260721-SHIFT-A;WIN-20260722-SHIFT-A;WIN-20260723-SHIFT-A;WIN-20260724-SHIFT-A,2610.0,435.0,3,7830.0,7830.0,7830.0,M-WHEEL-TRUE-001#02=2030.7051,WHEEL_ASSEMBLY_TECHNICIAN#02=2030.7051,2030.7051,5799.2949,25.9349,25.9349,25.9349,25.9349,25.9349,25.9349,WORKSTATION,382.782,2030.7051,2030.7051,196.5129,0.0,33.6784,0.1667,33.8451,43.5,77.8048,252.5983,FINITE_CAPACITY_FEASIBLE,0.0,0.0,0.0,0.0,True,PHASE4_STEP8F_FINITE_CAPACITY_SCHEDULE_ALTERNATIVES,True
PHASE4-MPS-20260721170405,ALT-WIP,PSC-SKU-BIKE-MT-001-20260713,MT-OP-040,SEG-ALT-WIP-PSC-SKU-BIKE-MT-001-20260713-MT-OP-040-01;SEG-ALT-WIP-PSC-SKU-BIKE-MT-001-20260713-MT-OP-040-02;SEG-ALT-WIP-PSC-SKU-BIKE-MT-001-20260713-MT-OP-040-03;SEG-ALT-WIP-PSC-SKU-BIKE-MT-001-20260713-MT-OP-040-04;SEG-ALT-WIP-PSC-SKU-BIKE-MT-001-20260713-MT-OP-040-05,WS-BRAKE-SUB,M-BRAKE-BENCH-001,BRAKE_ASSEMBLY_TECHNICIAN,2026-07-17,2026-07-17,SHIFT-A,2026-07-17,SHIFT-A,WIN-20260717-SHIFT-A;WIN-20260720-SHIFT-A;WIN-20260721-SHIFT-A;WIN-20260722-SHIFT-A;WIN-20260723-SHIFT-A,2175.0,435.0,2,4350.0,4350.0,4350.0,M-BRAKE-BENCH-001#01=1642.8692,BRAKE_ASSEMBLY_TECHNICIAN#01=1642.8692,1642.8692,2707.1308,37.7671,37.7671,37.7671,37.7671,37.7671,37.7671,WORKSTATION,382.782,1642.8692,1642.8692,149.3488,0.0,27.1812,0.2,27.3812,36.25,75.5342,187.8149,FINITE_CAPACITY_FEASIBLE,0.0,0.0001,0.0,0.0,True,PHASE4_STEP8F_FINITE_CAPACITY_SCHEDULE_ALTERNATIVES,True
PHASE4-MPS-20260721170405,ALT-WIP,PSC-SKU-BIKE-MT-001-20260713,MT-OP-050,SEG-ALT-WIP-PSC-SKU-BIKE-MT-001-20260713-MT-OP-050-01;SEG-ALT-WIP-PSC-SKU-BIKE-MT-001-20260713-MT-OP-050-02;SEG-ALT-WIP-PSC-SKU-BIKE-MT-001-20260713-MT-OP-050-03;SEG-ALT-WIP-PSC-SKU-BIKE-MT-001-20260713-MT-OP-050-04;SEG-ALT-WIP-PSC-SKU-BIKE-MT-001-20260713-MT-OP-050-05;SEG-ALT-WIP-PSC-SKU-BIKE-MT-001-20260713-MT-OP-050-06,WS-FINAL-ASM,M-FINAL-STAND-001,FINAL_ASSEMBLY_OPERATOR,2026-08-07,2026-08-07,SHIFT-A,2026-08-07,SHIFT-A,WIN-20260807-SHIFT-A;WIN-20260810-SHIFT-A;WIN-20260811-SHIFT-A;WIN-20260812-SHIFT-A;WIN-20260813-SHIFT-A;WIN-20260814-SHIFT-A,2610.0,435.0,1,2610.0,2610.0,2610.0,M-FINAL-STAND-001#01=2313.1689,FINAL_ASSEMBLY_OPERATOR#01=2313.1689,2313.1689,296.8311,88.6272,88.6272,88.6272,88.6272,88.6272,88.6272,WORKSTATION,98.5319,2313.1689,2313.1689,198.2992,0.0,38.1528,0.4,38.5528,43.5,88.6272,399.6048,FINITE_CAPACITY_FEASIBLE,0.0,0.0,0.0,0.0,True,PHASE4_STEP8F_FINITE_CAPACITY_SCHEDULE_ALTERNATIVES,True
PHASE4-MPS-20260721170405,ALT-WIP,PSC-SKU-BIKE-MT-001-20260713,MT-OP-060,SEG-ALT-WIP-PSC-SKU-BIKE-MT-001-20260713-MT-OP-060-01;SEG-ALT-WIP-PSC-SKU-BIKE-MT-001-20260713-MT-OP-060-02;SEG-ALT-WIP-PSC-SKU-BIKE-MT-001-20260713-MT-OP-060-03;SEG-ALT-WIP-PSC-SKU-BIKE-MT-001-20260713-MT-OP-060-04,WS-QC,M-QC-TOOLS-001,QUALITY_INSPECTOR,2026-08-14,2026-08-14,SHIFT-A,2026-08-14,SHIFT-A,WIN-20260814-SHIFT-A;WIN-20260817-SHIFT-A;WIN-20260818-SHIFT-A;WIN-20260819-SHIFT-A,1740.0,435.0,1,1740.0,1740.0,1740.0,M-QC-TOOLS-001#01=1367.8829,QUALITY_INSPECTOR#01=1367.8829,1367.8829,372.1171,78.614,78.614,78.614,78.614,78.614,78.614,WORKSTATION,236.7008,1367.8829,1367.8829,135.4163,0.0,22.6647,0.1333,22.798,29.0,78.614,165.008,FINITE_CAPACITY_FEASIBLE,0.0,0.0001,0.0,0.0,True,PHASE4_STEP8F_FINITE_CAPACITY_SCHEDULE_ALTERNATIVES,True
PHASE4-MPS-20260721170405,ALT-WIP,PSC-SKU-BIKE-MT-001-20260713,MT-OP-070,SEG-ALT-WIP-PSC-SKU-BIKE-MT-001-20260713-MT-OP-070-01;SEG-ALT-WIP-PSC-SKU-BIKE-MT-001-20260713-MT-OP-070-02;SEG-ALT-WIP-PSC-SKU-BIKE-MT-001-20260713-MT-OP-070-03;SEG-ALT-WIP-PSC-SKU-BIKE-MT-001-20260713-MT-OP-070-04,WS-PACK,M-PACK-BENCH-001,PACKAGING_OPERATOR,2026-08-19,2026-08-19,SHIFT-A,2026-08-19,SHIFT-A,WIN-20260819-SHIFT-A;WIN-20260820-SHIFT-A;WIN-20260821-SHIFT-A;WIN-20260824-SHIFT-A,1740.0,435.0,1,1740.0,1740.0,1740.0,M-PACK-BENCH-001#01=1033.2619,PACKAGING_OPERATOR#01=1033.2619,1033.2619,706.7381,59.3829,59.3829,59.3829,59.3829,59.3829,59.3829,WORKSTATION,299.5837,1033.2619,1033.2619,407.1544,0.0,17.121,0.1,17.221,29.0,59.3829,129.4918,FINITE_CAPACITY_FEASIBLE,0.0,0.0,0.0,0.0,True,PHASE4_STEP8F_FINITE_CAPACITY_SCHEDULE_ALTERNATIVES,True
PHASE4-MPS-20260721170405,ALT-WIP,PSC-SKU-BIKE-ROAD-001-20260713,ROAD-OP-010,SEG-ALT-WIP-PSC-SKU-BIKE-ROAD-001-20260713-ROAD-OP-010-01;SEG-ALT-WIP-PSC-SKU-BIKE-ROAD-001-20260713-ROAD-OP-010-02;SEG-ALT-WIP-PSC-SKU-BIKE-ROAD-001-20260713-ROAD-OP-010-03;SEG-ALT-WIP-PSC-SKU-BIKE-ROAD-001-20260713-ROAD-OP-010-04;SEG-ALT-WIP-PSC-SKU-BIKE-ROAD-001-20260713-ROAD-OP-010-05,WS-FRAME-PREP,M-FRAME-JIG-001,FRAME_TECHNICIAN,2026-07-13,2026-07-13,SHIFT-A,2026-07-13,SHIFT-A,WIN-20260713-SHIFT-A;WIN-20260714-SHIFT-A;WIN-20260715-SHIFT-A;WIN-20260716-SHIFT-A;WIN-20260717-SHIFT-A,2175.0,435.0,2,4350.0,4350.0,4350.0,M-FRAME-JIG-001#02=1875.7681,FRAME_TECHNICIAN#02=1875.7681,1875.7681,2474.2319,43.1211,43.1211,43.1211,43.1211,43.1211,43.1211,WORKSTATION,299.2319,1875.7681,1875.7681,0.0,0.0,30.9628,0.3,31.2628,36.25,86.2422,202.7045,FINITE_CAPACITY_FEASIBLE,0.0,0.0,0.0,0.0,True,PHASE4_STEP8F_FINITE_CAPACITY_SCHEDULE_ALTERNATIVES,True
PHASE4-MPS-20260721170405,ALT-WIP,PSC-SKU-BIKE-ROAD-001-20260713,ROAD-OP-020,SEG-ALT-WIP-PSC-SKU-BIKE-ROAD-001-20260713-ROAD-OP-020-01;SEG-ALT-WIP-PSC-SKU-BIKE-ROAD-001-20260713-ROAD-OP-020-02;SEG-ALT-WIP-PSC-SKU-BIKE-ROAD-001-20260713-ROAD-OP-020-03;SEG-ALT-WIP-PSC-SKU-BIKE-ROAD-001-20260713-ROAD-OP-020-04,WS-WHEEL-SUB,M-WHEEL-TRUE-001,WHEEL_ASSEMBLY_TECHNICIAN,2026-07-31,2026-07-31,SHIFT-A,2026-07-31,SHIFT-A,WIN-20260731-SHIFT-A;WIN-20260803-SHIFT-A;WIN-20260804-SHIFT-A;WIN-20260805-SHIFT-A,1740.0,435.0,3,5220.0,5220.0,5220.0,M-WHEEL-TRUE-001#01=1353.962,WHEEL_ASSEMBLY_TECHNICIAN#01=1353.962,1353.962,3866.038,25.938,25.938,25.938,25.938,25.938,25.938,WORKSTATION,167.0473,1353.962,1353.962,218.9907,0.0,22.3994,0.1667,22.566,29.0,77.8139,252.5983,FINITE_CAPACITY_FEASIBLE,0.0,0.0,0.0,0.0,True,PHASE4_STEP8F_FINITE_CAPACITY_SCHEDULE_ALTERNATIVES,True
PHASE4-MPS-20260721170405,ALT-WIP,PSC-SKU-BIKE-ROAD-001-20260713,ROAD-OP-030,SEG-ALT-WIP-PSC-SKU-BIKE-ROAD-001-20260713-ROAD-OP-030-01;SEG-ALT-WIP-PSC-SKU-BIKE-ROAD-001-20260713-ROAD-OP-030-02;SEG-ALT-WIP-PSC-SKU-BIKE-ROAD-001-20260713-ROAD-OP-030-03,WS-BRAKE-SUB,M-BRAKE-BENCH-001,BRAKE_ASSEMBLY_TECHNICIAN,2026-07-31,2026-07-31,SHIFT-A,2026-07-31,SHIFT-A,WIN-20260731-SHIFT-A;WIN-20260803-SHIFT-A;WIN-20260804-SHIFT-A,1305.0,435.0,2,2610.0,2610.0,2610.0,M-BRAKE-BENCH-001#01=1038.7802,BRAKE_ASSEMBLY_TECHNICIAN#01=1038.7802,1038.7802,1571.2198,39.8,39.8,39.8,39.8,39.8,39.8,WORKSTATION,167.0473,1038.7802,1038.7802,99.1725,0.0,17.113,0.2,17.313,21.75,79.6,187.8149,FINITE_CAPACITY_FEASIBLE,0.0,0.0,0.0,0.0,True,PHASE4_STEP8F_FINITE_CAPACITY_SCHEDULE_ALTERNATIVES,True
PHASE4-MPS-20260721170405,ALT-WIP,PSC-SKU-BIKE-ROAD-001-20260713,ROAD-OP-040,SEG-ALT-WIP-PSC-SKU-BIKE-ROAD-001-20260713-ROAD-OP-040-01;SEG-ALT-WIP-PSC-SKU-BIKE-ROAD-001-20260713-ROAD-OP-040-02;SEG-ALT-WIP-PSC-SKU-BIKE-ROAD-001-20260713-ROAD-OP-040-03;SEG-ALT-WIP-PSC-SKU-BIKE-ROAD-001-20260713-ROAD-OP-040-04;SEG-ALT-WIP-PSC-SKU-BIKE-ROAD-001-20260713-ROAD-OP-040-05;SEG-ALT-WIP-PSC-SKU-BIKE-ROAD-001-20260713-ROAD-OP-040-06;SEG-ALT-WIP-PSC-SKU-BIKE-ROAD-001-20260713-ROAD-OP-040-07,WS-FINAL-ASM,M-FINAL-STAND-001,FINAL_ASSEMBLY_OPERATOR,2026-08-14,2026-08-14,SHIFT-A,2026-08-14,SHIFT-A,WIN-20260814-SHIFT-A;WIN-20260817-SHIFT-A;WIN-20260818-SHIFT-A;WIN-20260819-SHIFT-A;WIN-20260820-SHIFT-A;WIN-20260821-SHIFT-A;WIN-20260824-SHIFT-A,3045.0,435.0,1,3045.0,3045.0,3045.0,M-FINAL-STAND-001#01=2468.6042,FINAL_ASSEMBLY_OPERATOR#01=2468.6042,2468.6042,576.3958,81.0707,81.0707,81.0707,81.0707,81.0707,81.0707,WORKSTATION,236.7008,2468.6042,2468.6042,339.695,0.0,40.7434,0.4,41.1434,50.75,81.0707,399.6048,FINITE_CAPACITY_FEASIBLE,0.0,0.0,0.0,0.0,True,PHASE4_STEP8F_FINITE_CAPACITY_SCHEDULE_ALTERNATIVES,True
PHASE4-MPS-20260721170405,ALT-WIP,PSC-SKU-BIKE-ROAD-001-20260713,ROAD-OP-050,SEG-ALT-WIP-PSC-SKU-BIKE-ROAD-001-20260713-ROAD-OP-050-01;SEG-ALT-WIP-PSC-SKU-BIKE-ROAD-001-20260713-ROAD-OP-050-02;SEG-ALT-WIP-PSC-SKU-BIKE-ROAD-001-20260713-ROAD-OP-050-03,WS-QC,M-QC-TOOLS-001,QUALITY_INSPECTOR,2026-08-24,2026-08-24,SHIFT-A,2026-08-24,SHIFT-A,WIN-20260824-SHIFT-A;WIN-20260825-SHIFT-A;WIN-20260826-SHIFT-A,1305.0,435.0,1,1305.0,1305.0,1305.0,M-QC-TOOLS-001#01=1121.996,QUALITY_INSPECTOR#01=1121.996,1121.996,183.004,85.9767,85.9767,85.9767,85.9767,85.9767,85.9767,WORKSTATION,95.305,1121.996,1121.996,87.699,0.0,18.5666,0.1333,18.6999,21.75,85.9767,165.008,FINITE_CAPACITY_FEASIBLE,0.0,0.0,0.0,0.0,True,PHASE4_STEP8F_FINITE_CAPACITY_SCHEDULE_ALTERNATIVES,True
PHASE4-MPS-20260721170405,ALT-WIP,PSC-SKU-BIKE-ROAD-001-20260713,ROAD-OP-060,SEG-ALT-WIP-PSC-SKU-BIKE-ROAD-001-20260713-ROAD-OP-060-01;SEG-ALT-WIP-PSC-SKU-BIKE-ROAD-001-20260713-ROAD-OP-060-02;SEG-ALT-WIP-PSC-SKU-BIKE-ROAD-001-20260713-ROAD-OP-060-03,WS-PACK,M-PACK-BENCH-001,PACKAGING_OPERATOR,2026-08-26,2026-08-26,SHIFT-A,2026-08-26,SHIFT-A,WIN-20260826-SHIFT-A;WIN-20260827-SHIFT-A;WIN-20260828-SHIFT-A,1305.0,435.0,1,1305.0,1305.0,1305.0,M-PACK-BENCH-001#01=911.1313,PACKAGING_OPERATOR#01=911.1313,911.1313,393.8687,69.8185,69.8185,69.8185,69.8185,69.8185,69.8185,WORKSTATION,347.301,911.1313,911.1313,46.5677,0.0,15.0855,0.1,15.1855,21.75,69.8185,129.4918,FINITE_CAPACITY_FEASIBLE,0.0,0.0001,0.0,0.0,True,PHASE4_STEP8F_FINITE_CAPACITY_SCHEDULE_ALTERNATIVES,True
PHASE4-MPS-20260721170405,ALT-WIP,PSC-SKU-BIKE-MT-001-20260720,MT-OP-010,SEG-ALT-WIP-PSC-SKU-BIKE-MT-001-20260720-MT-OP-010-01;SEG-ALT-WIP-PSC-SKU-BIKE-MT-001-20260720-MT-OP-010-02;SEG-ALT-WIP-PSC-SKU-BIKE-MT-001-20260720-MT-OP-010-03;SEG-ALT-WIP-PSC-SKU-BIKE-MT-001-20260720-MT-OP-010-04,WS-FRAME-PREP,M-FRAME-JIG-001,FRAME_TECHNICIAN,2026-07-20,2026-07-20,SHIFT-A,2026-07-20,SHIFT-A,WIN-20260720-SHIFT-A;WIN-20260721-SHIFT-A;WIN-20260722-SHIFT-A;WIN-20260723-SHIFT-A,1740.0,435.0,2,3480.0,3480.0,3480.0,M-FRAME-JIG-001#01=1687.4022,FRAME_TECHNICIAN#01=1687.4022,1687.4022,1792.5978,48.4886,48.4886,48.4886,48.4886,48.4886,48.4886,WORKSTATION,0.0,1687.4022,1687.4022,52.5978,0.0,27.8234,0.3,28.1234,29.0,96.9771,202.7045,FINITE_CAPACITY_FEASIBLE,0.0,0.0001,0.0,0.0,True,PHASE4_STEP8F_FINITE_CAPACITY_SCHEDULE_ALTERNATIVES,True
PHASE4-MPS-20260721170405,ALT-WIP,PSC-SKU-BIKE-MT-001-20260720,MT-OP-020,SEG-ALT-WIP-PSC-SKU-BIKE-MT-001-20260720-MT-OP-020-01;SEG-ALT-WIP-PSC-SKU-BIKE-MT-001-20260720-MT-OP-020-02;SEG-ALT-WIP-PSC-SKU-BIKE-MT-001-20260720-MT-OP-020-03;SEG-ALT-WIP-PSC-SKU-BIKE-MT-001-20260720-MT-OP-020-04;SEG-ALT-WIP-PSC-SKU-BIKE-MT-001-20260720-MT-OP-020-05,WS-FORK-SUSP,M-FORK-BENCH-001,SUSPENSION_TECHNICIAN,2026-08-07,2026-08-07,SHIFT-A,2026-08-07,SHIFT-A,WIN-20260807-SHIFT-A;WIN-20260810-SHIFT-A;WIN-20260811-SHIFT-A;WIN-20260812-SHIFT-A;WIN-20260813-SHIFT-A,2175.0,435.0,2,4350.0,4350.0,4350.0,M-FORK-BENCH-001#01=2047.7287,SUSPENSION_TECHNICIAN#01=2047.7287,2047.7287,2302.2713,47.0742,47.0742,47.0742,47.0742,47.0742,47.0742,WORKSTATION,98.5319,2047.7287,2047.7287,28.7394,0.0,34.1288,0.0,34.1288,36.25,94.1484,118.6224,FINITE_CAPACITY_FEASIBLE,0.0,0.0001,0.0,0.0,True,PHASE4_STEP8F_FINITE_CAPACITY_SCHEDULE_ALTERNATIVES,True
PHASE4-MPS-20260721170405,ALT-WIP,PSC-SKU-BIKE-MT-001-20260720,MT-OP-030,SEG-ALT-WIP-PSC-SKU-BIKE-MT-001-20260720-MT-OP-030-01;SEG-ALT-WIP-PSC-SKU-BIKE-MT-001-20260720-MT-OP-030-02;SEG-ALT-WIP-PSC-SKU-BIKE-MT-001-20260720-MT-OP-030-03;SEG-ALT-WIP-PSC-SKU-BIKE-MT-001-20260720-MT-OP-030-04,WS-WHEEL-SUB,M-WHEEL-TRUE-001,WHEEL_ASSEMBLY_TECHNICIAN,2026-08-07,2026-08-07,SHIFT-A,2026-08-07,SHIFT-A,WIN-20260807-SHIFT-A;WIN-20260810-SHIFT-A;WIN-20260811-SHIFT-A;WIN-20260812-SHIFT-A,1740.0,435.0,3,5220.0,5220.0,5220.0,M-WHEEL-TRUE-001#01=1424.4936,WHEEL_ASSEMBLY_TECHNICIAN#01=1424.4936,1424.4936,3795.5064,27.2891,27.2891,27.2891,27.2891,27.2891,27.2891,WORKSTATION,98.5319,1424.4936,1424.4936,216.9745,0.0,23.5749,0.1667,23.7416,29.0,81.8674,252.5983,FINITE_CAPACITY_FEASIBLE,0.0,0.0,0.0,0.0,True,PHASE4_STEP8F_FINITE_CAPACITY_SCHEDULE_ALTERNATIVES,True
PHASE4-MPS-20260721170405,ALT-WIP,PSC-SKU-BIKE-MT-001-20260720,MT-OP-040,SEG-ALT-WIP-PSC-SKU-BIKE-MT-001-20260720-MT-OP-040-01;SEG-ALT-WIP-PSC-SKU-BIKE-MT-001-20260720-MT-OP-040-02;SEG-ALT-WIP-PSC-SKU-BIKE-MT-001-20260720-MT-OP-040-03,WS-BRAKE-SUB,M-BRAKE-BENCH-001,BRAKE_ASSEMBLY_TECHNICIAN,2026-08-07,2026-08-07,SHIFT-A,2026-08-07,SHIFT-A,WIN-20260807-SHIFT-A;WIN-20260810-SHIFT-A;WIN-20260811-SHIFT-A,1305.0,435.0,2,2610.0,2610.0,2610.0,M-BRAKE-BENCH-001#01=1081.8249,BRAKE_ASSEMBLY_TECHNICIAN#01=1081.8249,1081.8249,1528.1751,41.4492,41.4492,41.4492,41.4492,41.4492,41.4492,WORKSTATION,98.5319,1081.8249,1081.8249,124.6432,0.0,17.8304,0.2,18.0304,21.75,82.8985,187.8149,FINITE_CAPACITY_FEASIBLE,0.0,0.0,0.0,0.0,True,PHASE4_STEP8F_FINITE_CAPACITY_SCHEDULE_ALTERNATIVES,True
PHASE4-MPS-20260721170405,ALT-WIP,PSC-SKU-BIKE-MT-001-20260720,MT-OP-050,SEG-ALT-WIP-PSC-SKU-BIKE-MT-001-20260720-MT-OP-050-01;SEG-ALT-WIP-PSC-SKU-BIKE-MT-001-20260720-MT-OP-050-02;SEG-ALT-WIP-PSC-SKU-BIKE-MT-001-20260720-MT-OP-050-03;SEG-ALT-WIP-PSC-SKU-BIKE-MT-001-20260720-MT-OP-050-04;SEG-ALT-WIP-PSC-SKU-BIKE-MT-001-20260720-MT-OP-050-05;SEG-ALT-WIP-PSC-SKU-BIKE-MT-001-20260720-MT-OP-050-06;SEG-ALT-WIP-PSC-SKU-BIKE-MT-001-20260720-MT-OP-050-07;SEG-ALT-WIP-PSC-SKU-BIKE-MT-001-20260720-MT-OP-050-08,WS-FINAL-ASM,M-FINAL-STAND-001,FINAL_ASSEMBLY_OPERATOR,2026-08-24,2026-08-24,SHIFT-A,2026-08-24,SHIFT-A,WIN-20260824-SHIFT-A;WIN-20260825-SHIFT-A;WIN-20260826-SHIFT-A;WIN-20260827-SHIFT-A;WIN-20260828-SHIFT-A;WIN-20260831-SHIFT-A;WIN-20260901-SHIFT-A;WIN-20260902-SHIFT-A,3480.0,435.0,1,3480.0,3480.0,3480.0,M-FINAL-STAND-001#01=3294.2413,FINAL_ASSEMBLY_OPERATOR#01=3294.2413,3294.2413,185.7587,94.6621,94.6621,94.6621,94.6621,94.6621,94.6621,WORKSTATION,95.305,3294.2413,3294.2413,90.4537,0.0,54.504,0.4,54.904,58.0,94.6621,399.6048,FINITE_CAPACITY_FEASIBLE,0.0,0.0,0.0,0.0,True,PHASE4_STEP8F_FINITE_CAPACITY_SCHEDULE_ALTERNATIVES,True
PHASE4-MPS-20260721170405,ALT-WIP,PSC-SKU-BIKE-MT-001-20260720,MT-OP-060,SEG-ALT-WIP-PSC-SKU-BIKE-MT-001-20260720-MT-OP-060-01;SEG-ALT-WIP-PSC-SKU-BIKE-MT-001-20260720-MT-OP-060-02;SEG-ALT-WIP-PSC-SKU-BIKE-MT-001-20260720-MT-OP-060-03;SEG-ALT-WIP-PSC-SKU-BIKE-MT-001-20260720-MT-OP-060-04,WS-QC,M-QC-TOOLS-001,QUALITY_INSPECTOR,2026-09-02,2026-09-02,SHIFT-A,2026-09-02,SHIFT-A,WIN-20260902-SHIFT-A;WIN-20260903-SHIFT-A;WIN-20260904-SHIFT-A;WIN-20260907-SHIFT-A,1740.0,435.0,1,1740.0,1740.0,1740.0,M-QC-TOOLS-001#01=1367.8829,QUALITY_INSPECTOR#01=1367.8829,1367.8829,372.1171,78.614,78.614,78.614,78.614,78.614,78.614,WORKSTATION,344.5463,1367.8829,1367.8829,27.5708,0.0,22.6647,0.1333,22.798,29.0,78.614,165.008,FINITE_CAPACITY_FEASIBLE,0.0,0.0001,0.0,0.0,True,PHASE4_STEP8F_FINITE_CAPACITY_SCHEDULE_ALTERNATIVES,True
PHASE4-MPS-20260721170405,ALT-WIP,PSC-SKU-BIKE-MT-001-20260720,MT-OP-070,SEG-ALT-WIP-PSC-SKU-BIKE-MT-001-20260720-MT-OP-070-01;SEG-ALT-WIP-PSC-SKU-BIKE-MT-001-20260720-MT-OP-070-02;SEG-ALT-WIP-PSC-SKU-BIKE-MT-001-20260720-MT-OP-070-03;SEG-ALT-WIP-PSC-SKU-BIKE-MT-001-20260720-MT-OP-070-04,WS-PACK,M-PACK-BENCH-001,PACKAGING_OPERATOR,2026-09-07,2026-09-07,SHIFT-A,2026-09-07,SHIFT-A,WIN-20260907-SHIFT-A;WIN-20260908-SHIFT-A;WIN-20260909-SHIFT-A;WIN-20260910-SHIFT-A,1740.0,435.0,1,1740.0,1740.0,1740.0,M-PACK-BENCH-001#01=1033.2619,PACKAGING_OPERATOR#01=1033.2619,1033.2619,706.7381,59.3829,59.3829,59.3829,59.3829,59.3829,59.3829,WORKSTATION,407.4292,1033.2619,1033.2619,299.3089,0.0,17.121,0.1,17.221,29.0,59.3829,129.4918,FINITE_CAPACITY_FEASIBLE,0.0,0.0,0.0,0.0,True,PHASE4_STEP8F_FINITE_CAPACITY_SCHEDULE_ALTERNATIVES,True
PHASE4-MPS-20260721170405,ALT-WIP,PSC-SKU-BIKE-ROAD-001-20260720,ROAD-OP-010,SEG-ALT-WIP-PSC-SKU-BIKE-ROAD-001-20260720-ROAD-OP-010-01;SEG-ALT-WIP-PSC-SKU-BIKE-ROAD-001-20260720-ROAD-OP-010-02;SEG-ALT-WIP-PSC-SKU-BIKE-ROAD-001-20260720-ROAD-OP-010-03,WS-FRAME-PREP,M-FRAME-JIG-001,FRAME_TECHNICIAN,2026-07-31,2026-07-31,SHIFT-A,2026-07-31,SHIFT-A,WIN-20260731-SHIFT-A;WIN-20260803-SHIFT-A;WIN-20260804-SHIFT-A,1305.0,435.0,2,2610.0,2610.0,2610.0,M-FRAME-JIG-001#01=1086.2283,FRAME_TECHNICIAN#01=1086.2283,1086.2283,1523.7717,41.6179,41.6179,41.6179,41.6179,41.6179,41.6179,WORKSTATION,167.0473,1086.2283,1086.2283,51.7244,0.0,17.8038,0.3,18.1038,21.75,83.2359,202.7045,FINITE_CAPACITY_FEASIBLE,0.0,0.0,0.0,0.0,True,PHASE4_STEP8F_FINITE_CAPACITY_SCHEDULE_ALTERNATIVES,True
PHASE4-MPS-20260721170405,ALT-WIP,PSC-SKU-BIKE-ROAD-001-20260720,ROAD-OP-020,SEG-ALT-WIP-PSC-SKU-BIKE-ROAD-001-20260720-ROAD-OP-020-01;SEG-ALT-WIP-PSC-SKU-BIKE-ROAD-001-20260720-ROAD-OP-020-02;SEG-ALT-WIP-PSC-SKU-BIKE-ROAD-001-20260720-ROAD-OP-020-03;SEG-ALT-WIP-PSC-SKU-BIKE-ROAD-001-20260720-ROAD-OP-020-04;SEG-ALT-WIP-PSC-SKU-BIKE-ROAD-001-20260720-ROAD-OP-020-05,WS-WHEEL-SUB,M-WHEEL-TRUE-001,WHEEL_ASSEMBLY_TECHNICIAN,2026-08-14,2026-08-14,SHIFT-A,2026-08-14,SHIFT-A,WIN-20260814-SHIFT-A;WIN-20260817-SHIFT-A;WIN-20260818-SHIFT-A;WIN-20260819-SHIFT-A;WIN-20260820-SHIFT-A,2175.0,435.0,3,6525.0,6525.0,6525.0,M-WHEEL-TRUE-001#01=1587.6627,WHEEL_ASSEMBLY_TECHNICIAN#01=1587.6627,1587.6627,4937.3373,24.332,24.332,24.332,24.332,24.332,24.332,WORKSTATION,236.7008,1587.6627,1587.6627,350.6365,0.0,26.2944,0.1667,26.461,36.25,72.996,252.5983,FINITE_CAPACITY_FEASIBLE,0.0,0.0,0.0,0.0,True,PHASE4_STEP8F_FINITE_CAPACITY_SCHEDULE_ALTERNATIVES,True
PHASE4-MPS-20260721170405,ALT-WIP,PSC-SKU-BIKE-ROAD-001-20260720,ROAD-OP-030,SEG-ALT-WIP-PSC-SKU-BIKE-ROAD-001-20260720-ROAD-OP-030-01;SEG-ALT-WIP-PSC-SKU-BIKE-ROAD-001-20260720-ROAD-OP-030-02;SEG-ALT-WIP-PSC-SKU-BIKE-ROAD-001-20260720-ROAD-OP-030-03;SEG-ALT-WIP-PSC-SKU-BIKE-ROAD-001-20260720-ROAD-OP-030-04,WS-BRAKE-SUB,M-BRAKE-BENCH-001,BRAKE_ASSEMBLY_TECHNICIAN,2026-08-14,2026-08-14,SHIFT-A,2026-08-14,SHIFT-A,WIN-20260814-SHIFT-A;WIN-20260817-SHIFT-A;WIN-20260818-SHIFT-A;WIN-20260819-SHIFT-A,1740.0,435.0,2,3480.0,3480.0,3480.0,M-BRAKE-BENCH-001#01=1167.105,BRAKE_ASSEMBLY_TECHNICIAN#01=1167.105,1167.105,2312.895,33.5375,33.5375,33.5375,33.5375,33.5375,33.5375,WORKSTATION,236.7008,1167.105,1167.105,336.1942,0.0,19.2518,0.2,19.4518,29.0,67.075,187.8149,FINITE_CAPACITY_FEASIBLE,0.0,0.0,0.0,0.0,True,PHASE4_STEP8F_FINITE_CAPACITY_SCHEDULE_ALTERNATIVES,True
PHASE4-MPS-20260721170405,ALT-WIP,PSC-SKU-BIKE-ROAD-001-20260720,ROAD-OP-040,SEG-ALT-WIP-PSC-SKU-BIKE-ROAD-001-20260720-ROAD-OP-040-01;SEG-ALT-WIP-PSC-SKU-BIKE-ROAD-001-20260720-ROAD-OP-040-02;SEG-ALT-WIP-PSC-SKU-BIKE-ROAD-001-20260720-ROAD-OP-040-03;SEG-ALT-WIP-PSC-SKU-BIKE-ROAD-001-20260720-ROAD-OP-040-04;SEG-ALT-WIP-PSC-SKU-BIKE-ROAD-001-20260720-ROAD-OP-040-05;SEG-ALT-WIP-PSC-SKU-BIKE-ROAD-001-20260720-ROAD-OP-040-06;SEG-ALT-WIP-PSC-SKU-BIKE-ROAD-001-20260720-ROAD-OP-040-07;SEG-ALT-WIP-PSC-SKU-BIKE-ROAD-001-20260720-ROAD-OP-040-08,WS-FINAL-ASM,M-FINAL-STAND-001,FINAL_ASSEMBLY_OPERATOR,2026-09-02,2026-09-02,SHIFT-A,2026-09-02,SHIFT-A,WIN-20260902-SHIFT-A;WIN-20260903-SHIFT-A;WIN-20260904-SHIFT-A;WIN-20260907-SHIFT-A;WIN-20260908-SHIFT-A;WIN-20260909-SHIFT-A;WIN-20260910-SHIFT-A;WIN-20260911-SHIFT-A,3480.0,435.0,1,3480.0,3480.0,3480.0,M-FINAL-STAND-001#01=2740.252,FINAL_ASSEMBLY_OPERATOR#01=2740.252,2740.252,739.748,78.7429,78.7429,78.7429,78.7429,78.7429,78.7429,WORKSTATION,344.5463,2740.252,2740.252,395.2017,0.0,45.2709,0.4,45.6709,58.0,78.7429,399.6048,FINITE_CAPACITY_FEASIBLE,0.0,0.0,0.0,0.0,True,PHASE4_STEP8F_FINITE_CAPACITY_SCHEDULE_ALTERNATIVES,True
PHASE4-MPS-20260721170405,ALT-WIP,PSC-SKU-BIKE-ROAD-001-20260720,ROAD-OP-050,SEG-ALT-WIP-PSC-SKU-BIKE-ROAD-001-20260720-ROAD-OP-050-01;SEG-ALT-WIP-PSC-SKU-BIKE-ROAD-001-20260720-ROAD-OP-050-02;SEG-ALT-WIP-PSC-SKU-BIKE-ROAD-001-20260720-ROAD-OP-050-03,WS-QC,M-QC-TOOLS-001,QUALITY_INSPECTOR,2026-09-11,2026-09-11,SHIFT-A,2026-09-11,SHIFT-A,WIN-20260911-SHIFT-A;WIN-20260914-SHIFT-A;WIN-20260915-SHIFT-A,1305.0,435.0,1,1305.0,1305.0,1305.0,M-QC-TOOLS-001#01=1121.996,QUALITY_INSPECTOR#01=1121.996,1121.996,183.004,85.9767,85.9767,85.9767,85.9767,85.9767,85.9767,WORKSTATION,39.7983,1121.996,1121.996,143.2057,0.0,18.5666,0.1333,18.6999,21.75,85.9767,165.008,FINITE_CAPACITY_FEASIBLE,0.0,0.0,0.0,0.0,True,PHASE4_STEP8F_FINITE_CAPACITY_SCHEDULE_ALTERNATIVES,True
PHASE4-MPS-20260721170405,ALT-WIP,PSC-SKU-BIKE-ROAD-001-20260720,ROAD-OP-060,SEG-ALT-WIP-PSC-SKU-BIKE-ROAD-001-20260720-ROAD-OP-060-01;SEG-ALT-WIP-PSC-SKU-BIKE-ROAD-001-20260720-ROAD-OP-060-02;SEG-ALT-WIP-PSC-SKU-BIKE-ROAD-001-20260720-ROAD-OP-060-03,WS-PACK,M-PACK-BENCH-001,PACKAGING_OPERATOR,2026-09-15,2026-09-15,SHIFT-A,2026-09-15,SHIFT-A,WIN-20260915-SHIFT-A;WIN-20260916-SHIFT-A;WIN-20260917-SHIFT-A,1305.0,435.0,1,1305.0,1305.0,1305.0,M-PACK-BENCH-001#01=911.1313,PACKAGING_OPERATOR#01=911.1313,911.1313,393.8687,69.8185,69.8185,69.8185,69.8185,69.8185,69.8185,WORKSTATION,291.7943,911.1313,911.1313,102.0744,0.0,15.0855,0.1,15.1855,21.75,69.8185,129.4918,FINITE_CAPACITY_FEASIBLE,0.0,0.0001,0.0,0.0,True,PHASE4_STEP8F_FINITE_CAPACITY_SCHEDULE_ALTERNATIVES,True
PHASE4-MPS-20260721170405,ALT-WIP,PSC-SKU-BIKE-MT-001-20260727,MT-OP-010,SEG-ALT-WIP-PSC-SKU-BIKE-MT-001-20260727-MT-OP-010-01;SEG-ALT-WIP-PSC-SKU-BIKE-MT-001-20260727-MT-OP-010-02;SEG-ALT-WIP-PSC-SKU-BIKE-MT-001-20260727-MT-OP-010-03,WS-FRAME-PREP,M-FRAME-JIG-001,FRAME_TECHNICIAN,2026-08-07,2026-08-07,SHIFT-A,2026-08-07,SHIFT-A,WIN-20260807-SHIFT-A;WIN-20260810-SHIFT-A;WIN-20260811-SHIFT-A,1305.0,435.0,2,2610.0,2610.0,2610.0,M-FRAME-JIG-001#01=1166.4492,FRAME_TECHNICIAN#01=1166.4492,1166.4492,1443.5508,44.6915,44.6915,44.6915,44.6915,44.6915,44.6915,WORKSTATION,98.5319,1166.4492,1166.4492,40.0189,0.0,19.1408,0.3,19.4408,21.75,89.3831,202.7045,FINITE_CAPACITY_FEASIBLE,0.0,0.0,0.0,0.0,True,PHASE4_STEP8F_FINITE_CAPACITY_SCHEDULE_ALTERNATIVES,True
PHASE4-MPS-20260721170405,ALT-WIP,PSC-SKU-BIKE-MT-001-20260727,MT-OP-020,SEG-ALT-WIP-PSC-SKU-BIKE-MT-001-20260727-MT-OP-020-01;SEG-ALT-WIP-PSC-SKU-BIKE-MT-001-20260727-MT-OP-020-02;SEG-ALT-WIP-PSC-SKU-BIKE-MT-001-20260727-MT-OP-020-03;SEG-ALT-WIP-PSC-SKU-BIKE-MT-001-20260727-MT-OP-020-04,WS-FORK-SUSP,M-FORK-BENCH-001,SUSPENSION_TECHNICIAN,2026-08-24,2026-08-24,SHIFT-A,2026-08-24,SHIFT-A,WIN-20260824-SHIFT-A;WIN-20260825-SHIFT-A;WIN-20260826-SHIFT-A;WIN-20260827-SHIFT-A,1740.0,435.0,2,3480.0,3480.0,3480.0,M-FORK-BENCH-001#01=1408.7153,SUSPENSION_TECHNICIAN#01=1408.7153,1408.7153,2071.2847,40.4803,40.4803,40.4803,40.4803,40.4803,40.4803,WORKSTATION,95.305,1408.7153,1408.7153,235.9797,0.0,23.4786,0.0,23.4786,29.0,80.9606,118.6224,FINITE_CAPACITY_FEASIBLE,0.0,0.0,0.0,0.0,True,PHASE4_STEP8F_FINITE_CAPACITY_SCHEDULE_ALTERNATIVES,True
PHASE4-MPS-20260721170405,ALT-WIP,PSC-SKU-BIKE-MT-001-20260727,MT-OP-030,SEG-ALT-WIP-PSC-SKU-BIKE-MT-001-20260727-MT-OP-030-01;SEG-ALT-WIP-PSC-SKU-BIKE-MT-001-20260727-MT-OP-030-02;SEG-ALT-WIP-PSC-SKU-BIKE-MT-001-20260727-MT-OP-030-03;SEG-ALT-WIP-PSC-SKU-BIKE-MT-001-20260727-MT-OP-030-04;SEG-ALT-WIP-PSC-SKU-BIKE-MT-001-20260727-MT-OP-030-05,WS-WHEEL-SUB,M-WHEEL-TRUE-001,WHEEL_ASSEMBLY_TECHNICIAN,2026-08-24,2026-08-24,SHIFT-A,2026-08-24,SHIFT-A,WIN-20260824-SHIFT-A;WIN-20260825-SHIFT-A;WIN-20260826-SHIFT-A;WIN-20260827-SHIFT-A;WIN-20260828-SHIFT-A,2175.0,435.0,3,6525.0,6525.0,6525.0,M-WHEEL-TRUE-001#01=2030.7051,WHEEL_ASSEMBLY_TECHNICIAN#01=2030.7051,2030.7051,4494.2949,31.1219,31.1219,31.1219,31.1219,31.1219,31.1219,WORKSTATION,95.305,2030.7051,2030.7051,48.9899,0.0,33.6784,0.1667,33.8451,36.25,93.3658,252.5983,FINITE_CAPACITY_FEASIBLE,0.0,0.0,0.0,0.0,True,PHASE4_STEP8F_FINITE_CAPACITY_SCHEDULE_ALTERNATIVES,True
PHASE4-MPS-20260721170405,ALT-WIP,PSC-SKU-BIKE-MT-001-20260727,MT-OP-040,SEG-ALT-WIP-PSC-SKU-BIKE-MT-001-20260727-MT-OP-040-01;SEG-ALT-WIP-PSC-SKU-BIKE-MT-001-20260727-MT-OP-040-02;SEG-ALT-WIP-PSC-SKU-BIKE-MT-001-20260727-MT-OP-040-03;SEG-ALT-WIP-PSC-SKU-BIKE-MT-001-20260727-MT-OP-040-04,WS-BRAKE-SUB,M-BRAKE-BENCH-001,BRAKE_ASSEMBLY_TECHNICIAN,2026-08-24,2026-08-24,SHIFT-A,2026-08-24,SHIFT-A,WIN-20260824-SHIFT-A;WIN-20260825-SHIFT-A;WIN-20260826-SHIFT-A;WIN-20260827-SHIFT-A,1740.0,435.0,2,3480.0,3480.0,3480.0,M-BRAKE-BENCH-001#01=1540.3213,BRAKE_ASSEMBLY_TECHNICIAN#01=1540.3213,1540.3213,1939.6787,44.2621,44.2621,44.2621,44.2621,44.2621,44.2621,WORKSTATION,95.305,1540.3213,1540.3213,104.3737,0.0,25.472,0.2,25.672,29.0,88.5242,187.8149,FINITE_CAPACITY_FEASIBLE,0.0,0.0,0.0,0.0,True,PHASE4_STEP8F_FINITE_CAPACITY_SCHEDULE_ALTERNATIVES,True
PHASE4-MPS-20260721170405,ALT-WIP,PSC-SKU-BIKE-MT-001-20260727,MT-OP-050,SEG-ALT-WIP-PSC-SKU-BIKE-MT-001-20260727-MT-OP-050-01;SEG-ALT-WIP-PSC-SKU-BIKE-MT-001-20260727-MT-OP-050-02;SEG-ALT-WIP-PSC-SKU-BIKE-MT-001-20260727-MT-OP-050-03;SEG-ALT-WIP-PSC-SKU-BIKE-MT-001-20260727-MT-OP-050-04;SEG-ALT-WIP-PSC-SKU-BIKE-MT-001-20260727-MT-OP-050-05;SEG-ALT-WIP-PSC-SKU-BIKE-MT-001-20260727-MT-OP-050-06;SEG-ALT-WIP-PSC-SKU-BIKE-MT-001-20260727-MT-OP-050-07;SEG-ALT-WIP-PSC-SKU-BIKE-MT-001-20260727-MT-OP-050-08,WS-FINAL-ASM,M-FINAL-STAND-001,FINAL_ASSEMBLY_OPERATOR,2026-09-11,2026-09-11,SHIFT-A,2026-09-11,SHIFT-A,WIN-20260911-SHIFT-A;WIN-20260914-SHIFT-A;WIN-20260915-SHIFT-A;WIN-20260916-SHIFT-A;WIN-20260917-SHIFT-A;WIN-20260918-SHIFT-A;WIN-20260921-SHIFT-A;WIN-20260922-SHIFT-A,3480.0,435.0,1,3480.0,3480.0,3480.0,M-FINAL-STAND-001#01=3294.2413,FINAL_ASSEMBLY_OPERATOR#01=3294.2413,3294.2413,185.7587,94.6621,94.6621,94.6621,94.6621,94.6621,94.6621,WORKSTATION,39.7983,3294.2413,3294.2413,145.9604,0.0,54.504,0.4,54.904,58.0,94.6621,399.6048,FINITE_CAPACITY_FEASIBLE,0.0,0.0,0.0,0.0,True,PHASE4_STEP8F_FINITE_CAPACITY_SCHEDULE_ALTERNATIVES,True
PHASE4-MPS-20260721170405,ALT-WIP,PSC-SKU-BIKE-MT-001-20260727,MT-OP-060,SEG-ALT-WIP-PSC-SKU-BIKE-MT-001-20260727-MT-OP-060-01;SEG-ALT-WIP-PSC-SKU-BIKE-MT-001-20260727-MT-OP-060-02;SEG-ALT-WIP-PSC-SKU-BIKE-MT-001-20260727-MT-OP-060-03;SEG-ALT-WIP-PSC-SKU-BIKE-MT-001-20260727-MT-OP-060-04,WS-QC,M-QC-TOOLS-001,QUALITY_INSPECTOR,2026-09-22,2026-09-22,SHIFT-A,2026-09-22,SHIFT-A,WIN-20260922-SHIFT-A;WIN-20260923-SHIFT-A;WIN-20260924-SHIFT-A;WIN-20260925-SHIFT-A,1740.0,435.0,1,1740.0,1740.0,1740.0,M-QC-TOOLS-001#01=1367.8829,QUALITY_INSPECTOR#01=1367.8829,1367.8829,372.1171,78.614,78.614,78.614,78.614,78.614,78.614,WORKSTATION,289.0396,1367.8829,1367.8829,83.0775,0.0,22.6647,0.1333,22.798,29.0,78.614,165.008,FINITE_CAPACITY_FEASIBLE,0.0,0.0001,0.0,0.0,True,PHASE4_STEP8F_FINITE_CAPACITY_SCHEDULE_ALTERNATIVES,True
PHASE4-MPS-20260721170405,ALT-WIP,PSC-SKU-BIKE-MT-001-20260727,MT-OP-070,SEG-ALT-WIP-PSC-SKU-BIKE-MT-001-20260727-MT-OP-070-01;SEG-ALT-WIP-PSC-SKU-BIKE-MT-001-20260727-MT-OP-070-02;SEG-ALT-WIP-PSC-SKU-BIKE-MT-001-20260727-MT-OP-070-03;SEG-ALT-WIP-PSC-SKU-BIKE-MT-001-20260727-MT-OP-070-04,WS-PACK,M-PACK-BENCH-001,PACKAGING_OPERATOR,2026-09-25,2026-09-25,SHIFT-A,2026-09-25,SHIFT-A,WIN-20260925-SHIFT-A;WIN-20260928-SHIFT-A;WIN-20260929-SHIFT-A;WIN-20260930-SHIFT-A,1740.0,435.0,1,1740.0,1740.0,1740.0,M-PACK-BENCH-001#01=1033.2619,PACKAGING_OPERATOR#01=1033.2619,1033.2619,706.7381,59.3829,59.3829,59.3829,59.3829,59.3829,59.3829,WORKSTATION,351.9225,1033.2619,1033.2619,354.8156,0.0,17.121,0.1,17.221,29.0,59.3829,129.4918,FINITE_CAPACITY_FEASIBLE,0.0,0.0,0.0,0.0,True,PHASE4_STEP8F_FINITE_CAPACITY_SCHEDULE_ALTERNATIVES,True
PHASE4-MPS-20260721170405,ALT-WIP,PSC-SKU-BIKE-ROAD-001-20260727,ROAD-OP-010,SEG-ALT-WIP-PSC-SKU-BIKE-ROAD-001-20260727-ROAD-OP-010-01;SEG-ALT-WIP-PSC-SKU-BIKE-ROAD-001-20260727-ROAD-OP-010-02;SEG-ALT-WIP-PSC-SKU-BIKE-ROAD-001-20260727-ROAD-OP-010-03;SEG-ALT-WIP-PSC-SKU-BIKE-ROAD-001-20260727-ROAD-OP-010-04,WS-FRAME-PREP,M-FRAME-JIG-001,FRAME_TECHNICIAN,2026-08-14,2026-08-14,SHIFT-A,2026-08-14,SHIFT-A,WIN-20260814-SHIFT-A;WIN-20260817-SHIFT-A;WIN-20260818-SHIFT-A;WIN-20260819-SHIFT-A,1740.0,435.0,2,3480.0,3480.0,3480.0,M-FRAME-JIG-001#01=1271.9819,FRAME_TECHNICIAN#01=1271.9819,1271.9819,2208.0181,36.5512,36.5512,36.5512,36.5512,36.5512,36.5512,WORKSTATION,236.7008,1271.9819,1271.9819,231.3173,0.0,20.8997,0.3,21.1997,29.0,73.1024,202.7045,FINITE_CAPACITY_FEASIBLE,0.0,0.0001,0.0,0.0,True,PHASE4_STEP8F_FINITE_CAPACITY_SCHEDULE_ALTERNATIVES,True
PHASE4-MPS-20260721170405,ALT-WIP,PSC-SKU-BIKE-ROAD-001-20260727,ROAD-OP-020,SEG-ALT-WIP-PSC-SKU-BIKE-ROAD-001-20260727-ROAD-OP-020-01;SEG-ALT-WIP-PSC-SKU-BIKE-ROAD-001-20260727-ROAD-OP-020-02;SEG-ALT-WIP-PSC-SKU-BIKE-ROAD-001-20260727-ROAD-OP-020-03;SEG-ALT-WIP-PSC-SKU-BIKE-ROAD-001-20260727-ROAD-OP-020-04;SEG-ALT-WIP-PSC-SKU-BIKE-ROAD-001-20260727-ROAD-OP-020-05,WS-WHEEL-SUB,M-WHEEL-TRUE-001,WHEEL_ASSEMBLY_TECHNICIAN,2026-09-02,2026-09-02,SHIFT-A,2026-09-02,SHIFT-A,WIN-20260902-SHIFT-A;WIN-20260903-SHIFT-A;WIN-20260904-SHIFT-A;WIN-20260907-SHIFT-A;WIN-20260908-SHIFT-A,2175.0,435.0,3,6525.0,6525.0,6525.0,M-WHEEL-TRUE-001#01=1762.9748,WHEEL_ASSEMBLY_TECHNICIAN#01=1762.9748,1762.9748,4762.0252,27.0188,27.0188,27.0188,27.0188,27.0188,27.0188,WORKSTATION,344.5463,1762.9748,1762.9748,67.4789,0.0,29.2162,0.1667,29.3829,36.25,81.0563,252.5983,FINITE_CAPACITY_FEASIBLE,0.0,0.0,0.0,0.0,True,PHASE4_STEP8F_FINITE_CAPACITY_SCHEDULE_ALTERNATIVES,True
PHASE4-MPS-20260721170405,ALT-WIP,PSC-SKU-BIKE-ROAD-001-20260727,ROAD-OP-030,SEG-ALT-WIP-PSC-SKU-BIKE-ROAD-001-20260727-ROAD-OP-030-01;SEG-ALT-WIP-PSC-SKU-BIKE-ROAD-001-20260727-ROAD-OP-030-02;SEG-ALT-WIP-PSC-SKU-BIKE-ROAD-001-20260727-ROAD-OP-030-03;SEG-ALT-WIP-PSC-SKU-BIKE-ROAD-001-20260727-ROAD-OP-030-04,WS-BRAKE-SUB,M-BRAKE-BENCH-001,BRAKE_ASSEMBLY_TECHNICIAN,2026-09-02,2026-09-02,SHIFT-A,2026-09-02,SHIFT-A,WIN-20260902-SHIFT-A;WIN-20260903-SHIFT-A;WIN-20260904-SHIFT-A;WIN-20260907-SHIFT-A,1740.0,435.0,2,3480.0,3480.0,3480.0,M-BRAKE-BENCH-001#01=1295.4619,BRAKE_ASSEMBLY_TECHNICIAN#01=1295.4619,1295.4619,2184.5381,37.2259,37.2259,37.2259,37.2259,37.2259,37.2259,WORKSTATION,344.5463,1295.4619,1295.4619,99.9918,0.0,21.391,0.2,21.591,29.0,74.4518,187.8149,FINITE_CAPACITY_FEASIBLE,0.0,0.0,0.0,0.0,True,PHASE4_STEP8F_FINITE_CAPACITY_SCHEDULE_ALTERNATIVES,True
PHASE4-MPS-20260721170405,ALT-WIP,PSC-SKU-BIKE-ROAD-001-20260727,ROAD-OP-040,SEG-ALT-WIP-PSC-SKU-BIKE-ROAD-001-20260727-ROAD-OP-040-01;SEG-ALT-WIP-PSC-SKU-BIKE-ROAD-001-20260727-ROAD-OP-040-02;SEG-ALT-WIP-PSC-SKU-BIKE-ROAD-001-20260727-ROAD-OP-040-03;SEG-ALT-WIP-PSC-SKU-BIKE-ROAD-001-20260727-ROAD-OP-040-04;SEG-ALT-WIP-PSC-SKU-BIKE-ROAD-001-20260727-ROAD-OP-040-05;SEG-ALT-WIP-PSC-SKU-BIKE-ROAD-001-20260727-ROAD-OP-040-06;SEG-ALT-WIP-PSC-SKU-BIKE-ROAD-001-20260727-ROAD-OP-040-07,WS-FINAL-ASM,M-FINAL-STAND-001,FINAL_ASSEMBLY_OPERATOR,2026-09-22,2026-09-22,SHIFT-A,2026-09-22,SHIFT-A,WIN-20260922-SHIFT-A;WIN-20260923-SHIFT-A;WIN-20260924-SHIFT-A;WIN-20260925-SHIFT-A;WIN-20260928-SHIFT-A;WIN-20260929-SHIFT-A;WIN-20260930-SHIFT-A,3045.0,435.0,1,3045.0,3045.0,3045.0,M-FINAL-STAND-001#01=2740.252,FINAL_ASSEMBLY_OPERATOR#01=2740.252,2740.252,304.748,89.9919,89.9919,89.9919,89.9919,89.9919,89.9919,WORKSTATION,289.0396,2740.252,2740.252,15.7083,0.0,45.2709,0.4,45.6709,50.75,89.9919,399.6048,FINITE_CAPACITY_FEASIBLE,0.0,0.0,0.0,0.0,True,PHASE4_STEP8F_FINITE_CAPACITY_SCHEDULE_ALTERNATIVES,True
PHASE4-MPS-20260721170405,ALT-WIP,PSC-SKU-BIKE-ROAD-001-20260727,ROAD-OP-050,SEG-ALT-WIP-PSC-SKU-BIKE-ROAD-001-20260727-ROAD-OP-050-01;SEG-ALT-WIP-PSC-SKU-BIKE-ROAD-001-20260727-ROAD-OP-050-02;SEG-ALT-WIP-PSC-SKU-BIKE-ROAD-001-20260727-ROAD-OP-050-03;SEG-ALT-WIP-PSC-SKU-BIKE-ROAD-001-20260727-ROAD-OP-050-04,WS-QC,M-QC-TOOLS-001,QUALITY_INSPECTOR,2026-09-30,2026-09-30,SHIFT-A,2026-09-30,SHIFT-A,WIN-20260930-SHIFT-A;WIN-20261001-SHIFT-A;WIN-20261002-SHIFT-A;WIN-20261005-SHIFT-A,1740.0,435.0,1,1740.0,1740.0,1740.0,M-QC-TOOLS-001#01=1121.996,QUALITY_INSPECTOR#01=1121.996,1121.996,618.004,64.4825,64.4825,64.4825,64.4825,64.4825,64.4825,WORKSTATION,419.2917,1121.996,1121.996,198.7123,0.0,18.5666,0.1333,18.6999,29.0,64.4825,165.008,FINITE_CAPACITY_FEASIBLE,0.0,0.0,0.0,0.0,True,PHASE4_STEP8F_FINITE_CAPACITY_SCHEDULE_ALTERNATIVES,True
PHASE4-MPS-20260721170405,ALT-WIP,PSC-SKU-BIKE-ROAD-001-20260727,ROAD-OP-060,SEG-ALT-WIP-PSC-SKU-BIKE-ROAD-001-20260727-ROAD-OP-060-01;SEG-ALT-WIP-PSC-SKU-BIKE-ROAD-001-20260727-ROAD-OP-060-02;SEG-ALT-WIP-PSC-SKU-BIKE-ROAD-001-20260727-ROAD-OP-060-03,WS-PACK,M-PACK-BENCH-001,PACKAGING_OPERATOR,2026-10-05,2026-10-05,SHIFT-A,2026-10-05,SHIFT-A,WIN-20261005-SHIFT-A;WIN-20261006-SHIFT-A;WIN-20261007-SHIFT-A,1305.0,435.0,1,1305.0,1305.0,1305.0,M-PACK-BENCH-001#01=911.1313,PACKAGING_OPERATOR#01=911.1313,911.1313,393.8687,69.8185,69.8185,69.8185,69.8185,69.8185,69.8185,WORKSTATION,236.2877,911.1313,911.1313,157.5811,0.0,15.0855,0.1,15.1855,21.75,69.8185,129.4918,FINITE_CAPACITY_FEASIBLE,0.0,0.0001,0.0,0.0,True,PHASE4_STEP8F_FINITE_CAPACITY_SCHEDULE_ALTERNATIVES,True
PHASE4-MPS-20260721170405,ALT-WIP,PSC-SKU-BIKE-MT-001-20260803,MT-OP-010,SEG-ALT-WIP-PSC-SKU-BIKE-MT-001-20260803-MT-OP-010-01;SEG-ALT-WIP-PSC-SKU-BIKE-MT-001-20260803-MT-OP-010-02;SEG-ALT-WIP-PSC-SKU-BIKE-MT-001-20260803-MT-OP-010-03;SEG-ALT-WIP-PSC-SKU-BIKE-MT-001-20260803-MT-OP-010-04;SEG-ALT-WIP-PSC-SKU-BIKE-MT-001-20260803-MT-OP-010-05,WS-FRAME-PREP,M-FRAME-JIG-001,FRAME_TECHNICIAN,2026-08-24,2026-08-24,SHIFT-A,2026-08-24,SHIFT-A,WIN-20260824-SHIFT-A;WIN-20260825-SHIFT-A;WIN-20260826-SHIFT-A;WIN-20260827-SHIFT-A;WIN-20260828-SHIFT-A,2175.0,435.0,2,4350.0,4350.0,4350.0,M-FRAME-JIG-001#01=1658.6417,FRAME_TECHNICIAN#01=1658.6417,1658.6417,2691.3583,38.1297,38.1297,38.1297,38.1297,38.1297,38.1297,WORKSTATION,95.305,1658.6417,1658.6417,421.0533,0.0,27.344,0.3,27.644,36.25,76.2594,202.7045,FINITE_CAPACITY_FEASIBLE,0.0,0.0,0.0,0.0,True,PHASE4_STEP8F_FINITE_CAPACITY_SCHEDULE_ALTERNATIVES,True
PHASE4-MPS-20260721170405,ALT-WIP,PSC-SKU-BIKE-MT-001-20260803,MT-OP-020,SEG-ALT-WIP-PSC-SKU-BIKE-MT-001-20260803-MT-OP-020-01;SEG-ALT-WIP-PSC-SKU-BIKE-MT-001-20260803-MT-OP-020-02;SEG-ALT-WIP-PSC-SKU-BIKE-MT-001-20260803-MT-OP-020-03;SEG-ALT-WIP-PSC-SKU-BIKE-MT-001-20260803-MT-OP-020-04;SEG-ALT-WIP-PSC-SKU-BIKE-MT-001-20260803-MT-OP-020-05,WS-FORK-SUSP,M-FORK-BENCH-001,SUSPENSION_TECHNICIAN,2026-09-11,2026-09-11,SHIFT-A,2026-09-11,SHIFT-A,WIN-20260911-SHIFT-A;WIN-20260914-SHIFT-A;WIN-20260915-SHIFT-A;WIN-20260916-SHIFT-A;WIN-20260917-SHIFT-A,2175.0,435.0,2,4350.0,4350.0,4350.0,M-FORK-BENCH-001#01=2012.4504,SUSPENSION_TECHNICIAN#01=2012.4504,2012.4504,2337.5496,46.2632,46.2632,46.2632,46.2632,46.2632,46.2632,WORKSTATION,39.7983,2012.4504,2012.4504,122.7512,0.0,33.5408,0.0,33.5408,36.25,92.5265,118.6224,FINITE_CAPACITY_FEASIBLE,0.0,0.0,0.0,0.0,True,PHASE4_STEP8F_FINITE_CAPACITY_SCHEDULE_ALTERNATIVES,True
PHASE4-MPS-20260721170405,ALT-WIP,PSC-SKU-BIKE-MT-001-20260803,MT-OP-030,SEG-ALT-WIP-PSC-SKU-BIKE-MT-001-20260803-MT-OP-030-01;SEG-ALT-WIP-PSC-SKU-BIKE-MT-001-20260803-MT-OP-030-02;SEG-ALT-WIP-PSC-SKU-BIKE-MT-001-20260803-MT-OP-030-03;SEG-ALT-WIP-PSC-SKU-BIKE-MT-001-20260803-MT-OP-030-04;SEG-ALT-WIP-PSC-SKU-BIKE-MT-001-20260803-MT-OP-030-05,WS-WHEEL-SUB,M-WHEEL-TRUE-001,WHEEL_ASSEMBLY_TECHNICIAN,2026-09-11,2026-09-11,SHIFT-A,2026-09-11,SHIFT-A,WIN-20260911-SHIFT-A;WIN-20260914-SHIFT-A;WIN-20260915-SHIFT-A;WIN-20260916-SHIFT-A;WIN-20260917-SHIFT-A,2175.0,435.0,3,6525.0,6525.0,6525.0,M-WHEEL-TRUE-001#01=2030.7051,WHEEL_ASSEMBLY_TECHNICIAN#01=2030.7051,2030.7051,4494.2949,31.1219,31.1219,31.1219,31.1219,31.1219,31.1219,WORKSTATION,39.7983,2030.7051,2030.7051,104.4965,0.0,33.6784,0.1667,33.8451,36.25,93.3658,252.5983,FINITE_CAPACITY_FEASIBLE,0.0,0.0,0.0,0.0,True,PHASE4_STEP8F_FINITE_CAPACITY_SCHEDULE_ALTERNATIVES,True
PHASE4-MPS-20260721170405,ALT-WIP,PSC-SKU-BIKE-MT-001-20260803,MT-OP-040,SEG-ALT-WIP-PSC-SKU-BIKE-MT-001-20260803-MT-OP-040-01;SEG-ALT-WIP-PSC-SKU-BIKE-MT-001-20260803-MT-OP-040-02;SEG-ALT-WIP-PSC-SKU-BIKE-MT-001-20260803-MT-OP-040-03;SEG-ALT-WIP-PSC-SKU-BIKE-MT-001-20260803-MT-OP-040-04,WS-BRAKE-SUB,M-BRAKE-BENCH-001,BRAKE_ASSEMBLY_TECHNICIAN,2026-09-11,2026-09-11,SHIFT-A,2026-09-11,SHIFT-A,WIN-20260911-SHIFT-A;WIN-20260914-SHIFT-A;WIN-20260915-SHIFT-A;WIN-20260916-SHIFT-A,1740.0,435.0,2,3480.0,3480.0,3480.0,M-BRAKE-BENCH-001#01=1540.3213,BRAKE_ASSEMBLY_TECHNICIAN#01=1540.3213,1540.3213,1939.6787,44.2621,44.2621,44.2621,44.2621,44.2621,44.2621,WORKSTATION,39.7983,1540.3213,1540.3213,159.8803,0.0,25.472,0.2,25.672,29.0,88.5242,187.8149,FINITE_CAPACITY_FEASIBLE,0.0,0.0,0.0,0.0,True,PHASE4_STEP8F_FINITE_CAPACITY_SCHEDULE_ALTERNATIVES,True
PHASE4-MPS-20260721170405,ALT-WIP,PSC-SKU-BIKE-MT-001-20260803,MT-OP-050,SEG-ALT-WIP-PSC-SKU-BIKE-MT-001-20260803-MT-OP-050-01;SEG-ALT-WIP-PSC-SKU-BIKE-MT-001-20260803-MT-OP-050-02;SEG-ALT-WIP-PSC-SKU-BIKE-MT-001-20260803-MT-OP-050-03;SEG-ALT-WIP-PSC-SKU-BIKE-MT-001-20260803-MT-OP-050-04;SEG-ALT-WIP-PSC-SKU-BIKE-MT-001-20260803-MT-OP-050-05;SEG-ALT-WIP-PSC-SKU-BIKE-MT-001-20260803-MT-OP-050-06;SEG-ALT-WIP-PSC-SKU-BIKE-MT-001-20260803-MT-OP-050-07;SEG-ALT-WIP-PSC-SKU-BIKE-MT-001-20260803-MT-OP-050-08,WS-FINAL-ASM,M-FINAL-STAND-001,FINAL_ASSEMBLY_OPERATOR,2026-10-01,2026-10-01,SHIFT-A,2026-10-01,SHIFT-A,WIN-20261001-SHIFT-A;WIN-20261002-SHIFT-A;WIN-20261005-SHIFT-A;WIN-20261006-SHIFT-A;WIN-20261007-SHIFT-A;WIN-20261008-SHIFT-A;WIN-20261009-SHIFT-A;WIN-20261012-SHIFT-A,3480.0,435.0,1,3480.0,3480.0,3480.0,M-FINAL-STAND-001#01=3294.2413,FINAL_ASSEMBLY_OPERATOR#01=3294.2413,3294.2413,185.7587,94.6621,94.6621,94.6621,94.6621,94.6621,94.6621,WORKSTATION,0.0,3294.2413,3294.2413,185.7587,0.0,54.504,0.4,54.904,58.0,94.6621,399.6048,FINITE_CAPACITY_FEASIBLE,0.0,0.0,0.0,0.0,True,PHASE4_STEP8F_FINITE_CAPACITY_SCHEDULE_ALTERNATIVES,True
PHASE4-MPS-20260721170405,ALT-WIP,PSC-SKU-BIKE-MT-001-20260803,MT-OP-060,SEG-ALT-WIP-PSC-SKU-BIKE-MT-001-20260803-MT-OP-060-01;SEG-ALT-WIP-PSC-SKU-BIKE-MT-001-20260803-MT-OP-060-02;SEG-ALT-WIP-PSC-SKU-BIKE-MT-001-20260803-MT-OP-060-03;SEG-ALT-WIP-PSC-SKU-BIKE-MT-001-20260803-MT-OP-060-04,WS-QC,M-QC-TOOLS-001,QUALITY_INSPECTOR,2026-10-12,2026-10-12,SHIFT-A,2026-10-12,SHIFT-A,WIN-20261012-SHIFT-A;WIN-20261013-SHIFT-A;WIN-20261014-SHIFT-A;WIN-20261015-SHIFT-A,1740.0,435.0,1,1740.0,1740.0,1740.0,M-QC-TOOLS-001#01=1367.8829,QUALITY_INSPECTOR#01=1367.8829,1367.8829,372.1171,78.614,78.614,78.614,78.614,78.614,78.614,WORKSTATION,249.2413,1367.8829,1367.8829,122.8758,0.0,22.6647,0.1333,22.798,29.0,78.614,165.008,FINITE_CAPACITY_FEASIBLE,0.0,0.0001,0.0,0.0,True,PHASE4_STEP8F_FINITE_CAPACITY_SCHEDULE_ALTERNATIVES,True
PHASE4-MPS-20260721170405,ALT-WIP,PSC-SKU-BIKE-MT-001-20260803,MT-OP-070,SEG-ALT-WIP-PSC-SKU-BIKE-MT-001-20260803-MT-OP-070-01;SEG-ALT-WIP-PSC-SKU-BIKE-MT-001-20260803-MT-OP-070-02;SEG-ALT-WIP-PSC-SKU-BIKE-MT-001-20260803-MT-OP-070-03;SEG-ALT-WIP-PSC-SKU-BIKE-MT-001-20260803-MT-OP-070-04,WS-PACK,M-PACK-BENCH-001,PACKAGING_OPERATOR,2026-10-15,2026-10-15,SHIFT-A,2026-10-15,SHIFT-A,WIN-20261015-SHIFT-A;WIN-20261016-SHIFT-A;WIN-20261019-SHIFT-A;WIN-20261020-SHIFT-A,1740.0,435.0,1,1740.0,1740.0,1740.0,M-PACK-BENCH-001#01=1033.2619,PACKAGING_OPERATOR#01=1033.2619,1033.2619,706.7381,59.3829,59.3829,59.3829,59.3829,59.3829,59.3829,WORKSTATION,312.1242,1033.2619,1033.2619,394.6139,0.0,17.121,0.1,17.221,29.0,59.3829,129.4918,FINITE_CAPACITY_FEASIBLE,0.0,0.0,0.0,0.0,True,PHASE4_STEP8F_FINITE_CAPACITY_SCHEDULE_ALTERNATIVES,True
PHASE4-MPS-20260721170405,ALT-WIP,PSC-SKU-BIKE-ROAD-001-20260803,ROAD-OP-010,SEG-ALT-WIP-PSC-SKU-BIKE-ROAD-001-20260803-ROAD-OP-010-01;SEG-ALT-WIP-PSC-SKU-BIKE-ROAD-001-20260803-ROAD-OP-010-02;SEG-ALT-WIP-PSC-SKU-BIKE-ROAD-001-20260803-ROAD-OP-010-03;SEG-ALT-WIP-PSC-SKU-BIKE-ROAD-001-20260803-ROAD-OP-010-04;SEG-ALT-WIP-PSC-SKU-BIKE-ROAD-001-20260803-ROAD-OP-010-05,WS-FRAME-PREP,M-FRAME-JIG-001,FRAME_TECHNICIAN,2026-09-02,2026-09-02,SHIFT-A,2026-09-02,SHIFT-A,WIN-20260902-SHIFT-A;WIN-20260903-SHIFT-A;WIN-20260904-SHIFT-A;WIN-20260907-SHIFT-A;WIN-20260908-SHIFT-A,2175.0,435.0,2,4350.0,4350.0,4350.0,M-FRAME-JIG-001#01=1411.3261,FRAME_TECHNICIAN#01=1411.3261,1411.3261,2938.6739,32.4443,32.4443,32.4443,32.4443,32.4443,32.4443,WORKSTATION,344.5463,1411.3261,1411.3261,419.1276,0.0,23.2221,0.3,23.5221,36.25,64.8886,202.7045,FINITE_CAPACITY_FEASIBLE,0.0,0.0,0.0,0.0,True,PHASE4_STEP8F_FINITE_CAPACITY_SCHEDULE_ALTERNATIVES,True
PHASE4-MPS-20260721170405,ALT-WIP,PSC-SKU-BIKE-ROAD-001-20260803,ROAD-OP-020,SEG-ALT-WIP-PSC-SKU-BIKE-ROAD-001-20260803-ROAD-OP-020-01;SEG-ALT-WIP-PSC-SKU-BIKE-ROAD-001-20260803-ROAD-OP-020-02;SEG-ALT-WIP-PSC-SKU-BIKE-ROAD-001-20260803-ROAD-OP-020-03;SEG-ALT-WIP-PSC-SKU-BIKE-ROAD-001-20260803-ROAD-OP-020-04;SEG-ALT-WIP-PSC-SKU-BIKE-ROAD-001-20260803-ROAD-OP-020-05,WS-WHEEL-SUB,M-WHEEL-TRUE-001,WHEEL_ASSEMBLY_TECHNICIAN,2026-09-22,2026-09-22,SHIFT-A,2026-09-22,SHIFT-A,WIN-20260922-SHIFT-A;WIN-20260923-SHIFT-A;WIN-20260924-SHIFT-A;WIN-20260925-SHIFT-A;WIN-20260928-SHIFT-A,2175.0,435.0,3,6525.0,6525.0,6525.0,M-WHEEL-TRUE-001#01=1762.9748,WHEEL_ASSEMBLY_TECHNICIAN#01=1762.9748,1762.9748,4762.0252,27.0188,27.0188,27.0188,27.0188,27.0188,27.0188,WORKSTATION,289.0396,1762.9748,1762.9748,122.9855,0.0,29.2162,0.1667,29.3829,36.25,81.0563,252.5983,FINITE_CAPACITY_FEASIBLE,0.0,0.0,0.0,0.0,True,PHASE4_STEP8F_FINITE_CAPACITY_SCHEDULE_ALTERNATIVES,True
PHASE4-MPS-20260721170405,ALT-WIP,PSC-SKU-BIKE-ROAD-001-20260803,ROAD-OP-030,SEG-ALT-WIP-PSC-SKU-BIKE-ROAD-001-20260803-ROAD-OP-030-01;SEG-ALT-WIP-PSC-SKU-BIKE-ROAD-001-20260803-ROAD-OP-030-02;SEG-ALT-WIP-PSC-SKU-BIKE-ROAD-001-20260803-ROAD-OP-030-03;SEG-ALT-WIP-PSC-SKU-BIKE-ROAD-001-20260803-ROAD-OP-030-04,WS-BRAKE-SUB,M-BRAKE-BENCH-001,BRAKE_ASSEMBLY_TECHNICIAN,2026-09-22,2026-09-22,SHIFT-A,2026-09-22,SHIFT-A,WIN-20260922-SHIFT-A;WIN-20260923-SHIFT-A;WIN-20260924-SHIFT-A;WIN-20260925-SHIFT-A,1740.0,435.0,2,3480.0,3480.0,3480.0,M-BRAKE-BENCH-001#01=1295.4619,BRAKE_ASSEMBLY_TECHNICIAN#01=1295.4619,1295.4619,2184.5381,37.2259,37.2259,37.2259,37.2259,37.2259,37.2259,WORKSTATION,289.0396,1295.4619,1295.4619,155.4985,0.0,21.391,0.2,21.591,29.0,74.4518,187.8149,FINITE_CAPACITY_FEASIBLE,0.0,0.0,0.0,0.0,True,PHASE4_STEP8F_FINITE_CAPACITY_SCHEDULE_ALTERNATIVES,True
PHASE4-MPS-20260721170405,ALT-WIP,PSC-SKU-BIKE-ROAD-001-20260803,ROAD-OP-040,SEG-ALT-WIP-PSC-SKU-BIKE-ROAD-001-20260803-ROAD-OP-040-01;SEG-ALT-WIP-PSC-SKU-BIKE-ROAD-001-20260803-ROAD-OP-040-02;SEG-ALT-WIP-PSC-SKU-BIKE-ROAD-001-20260803-ROAD-OP-040-03;SEG-ALT-WIP-PSC-SKU-BIKE-ROAD-001-20260803-ROAD-OP-040-04;SEG-ALT-WIP-PSC-SKU-BIKE-ROAD-001-20260803-ROAD-OP-040-05;SEG-ALT-WIP-PSC-SKU-BIKE-ROAD-001-20260803-ROAD-OP-040-06;SEG-ALT-WIP-PSC-SKU-BIKE-ROAD-001-20260803-ROAD-OP-040-07,WS-FINAL-ASM,M-FINAL-STAND-001,FINAL_ASSEMBLY_OPERATOR,2026-10-12,2026-10-12,SHIFT-A,2026-10-12,SHIFT-A,WIN-20261012-SHIFT-A;WIN-20261013-SHIFT-A;WIN-20261014-SHIFT-A;WIN-20261015-SHIFT-A;WIN-20261016-SHIFT-A;WIN-20261019-SHIFT-A;WIN-20261020-SHIFT-A,3045.0,435.0,1,3045.0,3045.0,3045.0,M-FINAL-STAND-001#01=2740.252,FINAL_ASSEMBLY_OPERATOR#01=2740.252,2740.252,304.748,89.9919,89.9919,89.9919,89.9919,89.9919,89.9919,WORKSTATION,249.2413,2740.252,2740.252,55.5067,0.0,45.2709,0.4,45.6709,50.75,89.9919,399.6048,FINITE_CAPACITY_FEASIBLE,0.0,0.0,0.0,0.0,True,PHASE4_STEP8F_FINITE_CAPACITY_SCHEDULE_ALTERNATIVES,True
PHASE4-MPS-20260721170405,ALT-WIP,PSC-SKU-BIKE-ROAD-001-20260803,ROAD-OP-050,SEG-ALT-WIP-PSC-SKU-BIKE-ROAD-001-20260803-ROAD-OP-050-01;SEG-ALT-WIP-PSC-SKU-BIKE-ROAD-001-20260803-ROAD-OP-050-02;SEG-ALT-WIP-PSC-SKU-BIKE-ROAD-001-20260803-ROAD-OP-050-03;SEG-ALT-WIP-PSC-SKU-BIKE-ROAD-001-20260803-ROAD-OP-050-04,WS-QC,M-QC-TOOLS-001,QUALITY_INSPECTOR,2026-10-20,2026-10-20,SHIFT-A,2026-10-20,SHIFT-A,WIN-20261020-SHIFT-A;WIN-20261021-SHIFT-A;WIN-20261022-SHIFT-A;WIN-20261023-SHIFT-A,1740.0,435.0,1,1740.0,1740.0,1740.0,M-QC-TOOLS-001#01=1121.996,QUALITY_INSPECTOR#01=1121.996,1121.996,618.004,64.4825,64.4825,64.4825,64.4825,64.4825,64.4825,WORKSTATION,379.4933,1121.996,1121.996,238.5107,0.0,18.5666,0.1333,18.6999,29.0,64.4825,165.008,FINITE_CAPACITY_FEASIBLE,0.0,0.0,0.0,0.0,True,PHASE4_STEP8F_FINITE_CAPACITY_SCHEDULE_ALTERNATIVES,True
PHASE4-MPS-20260721170405,ALT-WIP,PSC-SKU-BIKE-ROAD-001-20260803,ROAD-OP-060,SEG-ALT-WIP-PSC-SKU-BIKE-ROAD-001-20260803-ROAD-OP-060-01,WS-PACK,M-PACK-BENCH-001,PACKAGING_OPERATOR,2026-10-23,2026-10-23,SHIFT-A,2026-10-23,SHIFT-A,WIN-20261023-SHIFT-A,435.0,435.0,1,435.0,435.0,435.0,M-PACK-BENCH-001#01=238.5107,PACKAGING_OPERATOR#01=238.5107,238.5107,196.4893,54.83,54.83,54.83,54.83,54.83,54.83,WORKSTATION,0.0,911.1313,238.5107,196.4893,672.6206,15.0855,0.1,15.1855,7.25,54.83,129.4918,FINITE_CAPACITY_PARTIAL_QUANTITY,11.2103,1569.4482,0.0,0.0,True,PHASE4_STEP8F_FINITE_CAPACITY_SCHEDULE_ALTERNATIVES,True
PHASE4-MPS-20260721170405,ALT-WIP,PSC-SKU-BIKE-MT-001-20260810,MT-OP-010,SEG-ALT-WIP-PSC-SKU-BIKE-MT-001-20260810-MT-OP-010-01;SEG-ALT-WIP-PSC-SKU-BIKE-MT-001-20260810-MT-OP-010-02;SEG-ALT-WIP-PSC-SKU-BIKE-MT-001-20260810-MT-OP-010-03;SEG-ALT-WIP-PSC-SKU-BIKE-MT-001-20260810-MT-OP-010-04,WS-FRAME-PREP,M-FRAME-JIG-001,FRAME_TECHNICIAN,2026-09-11,2026-09-11,SHIFT-A,2026-09-11,SHIFT-A,WIN-20260911-SHIFT-A;WIN-20260914-SHIFT-A;WIN-20260915-SHIFT-A;WIN-20260916-SHIFT-A,1740.0,435.0,2,3480.0,3480.0,3480.0,M-FRAME-JIG-001#01=1658.6417,FRAME_TECHNICIAN#01=1658.6417,1658.6417,1821.3583,47.6621,47.6621,47.6621,47.6621,47.6621,47.6621,WORKSTATION,39.7983,1658.6417,1658.6417,41.5599,0.0,27.344,0.3,27.644,29.0,95.3242,202.7045,FINITE_CAPACITY_FEASIBLE,0.0,0.0,0.0,0.0,True,PHASE4_STEP8F_FINITE_CAPACITY_SCHEDULE_ALTERNATIVES,True
PHASE4-MPS-20260721170405,ALT-WIP,PSC-SKU-BIKE-MT-001-20260810,MT-OP-020,SEG-ALT-WIP-PSC-SKU-BIKE-MT-001-20260810-MT-OP-020-01;SEG-ALT-WIP-PSC-SKU-BIKE-MT-001-20260810-MT-OP-020-02;SEG-ALT-WIP-PSC-SKU-BIKE-MT-001-20260810-MT-OP-020-03;SEG-ALT-WIP-PSC-SKU-BIKE-MT-001-20260810-MT-OP-020-04;SEG-ALT-WIP-PSC-SKU-BIKE-MT-001-20260810-MT-OP-020-05,WS-FORK-SUSP,M-FORK-BENCH-001,SUSPENSION_TECHNICIAN,2026-10-01,2026-10-01,SHIFT-A,2026-10-01,SHIFT-A,WIN-20261001-SHIFT-A;WIN-20261002-SHIFT-A;WIN-20261005-SHIFT-A;WIN-20261006-SHIFT-A;WIN-20261007-SHIFT-A,2175.0,435.0,2,4350.0,4350.0,4350.0,M-FORK-BENCH-001#01=2012.4504,SUSPENSION_TECHNICIAN#01=2012.4504,2012.4504,2337.5496,46.2632,46.2632,46.2632,46.2632,46.2632,46.2632,WORKSTATION,0.0,2012.4504,2012.4504,162.5496,0.0,33.5408,0.0,33.5408,36.25,92.5265,118.6224,FINITE_CAPACITY_FEASIBLE,0.0,0.0,0.0,0.0,True,PHASE4_STEP8F_FINITE_CAPACITY_SCHEDULE_ALTERNATIVES,True
PHASE4-MPS-20260721170405,ALT-WIP,PSC-SKU-BIKE-MT-001-20260810,MT-OP-030,SEG-ALT-WIP-PSC-SKU-BIKE-MT-001-20260810-MT-OP-030-01;SEG-ALT-WIP-PSC-SKU-BIKE-MT-001-20260810-MT-OP-030-02;SEG-ALT-WIP-PSC-SKU-BIKE-MT-001-20260810-MT-OP-030-03;SEG-ALT-WIP-PSC-SKU-BIKE-MT-001-20260810-MT-OP-030-04;SEG-ALT-WIP-PSC-SKU-BIKE-MT-001-20260810-MT-OP-030-05,WS-WHEEL-SUB,M-WHEEL-TRUE-001,WHEEL_ASSEMBLY_TECHNICIAN,2026-10-01,2026-10-01,SHIFT-A,2026-10-01,SHIFT-A,WIN-20261001-SHIFT-A;WIN-20261002-SHIFT-A;WIN-20261005-SHIFT-A;WIN-20261006-SHIFT-A;WIN-20261007-SHIFT-A,2175.0,435.0,3,6525.0,6525.0,6525.0,M-WHEEL-TRUE-001#01=2030.7051,WHEEL_ASSEMBLY_TECHNICIAN#01=2030.7051,2030.7051,4494.2949,31.1219,31.1219,31.1219,31.1219,31.1219,31.1219,WORKSTATION,0.0,2030.7051,2030.7051,144.2949,0.0,33.6784,0.1667,33.8451,36.25,93.3658,252.5983,FINITE_CAPACITY_FEASIBLE,0.0,0.0,0.0,0.0,True,PHASE4_STEP8F_FINITE_CAPACITY_SCHEDULE_ALTERNATIVES,True
PHASE4-MPS-20260721170405,ALT-WIP,PSC-SKU-BIKE-MT-001-20260810,MT-OP-040,SEG-ALT-WIP-PSC-SKU-BIKE-MT-001-20260810-MT-OP-040-01;SEG-ALT-WIP-PSC-SKU-BIKE-MT-001-20260810-MT-OP-040-02;SEG-ALT-WIP-PSC-SKU-BIKE-MT-001-20260810-MT-OP-040-03;SEG-ALT-WIP-PSC-SKU-BIKE-MT-001-20260810-MT-OP-040-04,WS-BRAKE-SUB,M-BRAKE-BENCH-001,BRAKE_ASSEMBLY_TECHNICIAN,2026-10-01,2026-10-01,SHIFT-A,2026-10-01,SHIFT-A,WIN-20261001-SHIFT-A;WIN-20261002-SHIFT-A;WIN-20261005-SHIFT-A;WIN-20261006-SHIFT-A,1740.0,435.0,2,3480.0,3480.0,3480.0,M-BRAKE-BENCH-001#01=1540.3213,BRAKE_ASSEMBLY_TECHNICIAN#01=1540.3213,1540.3213,1939.6787,44.2621,44.2621,44.2621,44.2621,44.2621,44.2621,WORKSTATION,0.0,1540.3213,1540.3213,199.6787,0.0,25.472,0.2,25.672,29.0,88.5242,187.8149,FINITE_CAPACITY_FEASIBLE,0.0,0.0,0.0,0.0,True,PHASE4_STEP8F_FINITE_CAPACITY_SCHEDULE_ALTERNATIVES,True
PHASE4-MPS-20260721170405,ALT-WIP,PSC-SKU-BIKE-MT-001-20260810,MT-OP-050,SEG-ALT-WIP-PSC-SKU-BIKE-MT-001-20260810-MT-OP-050-01;SEG-ALT-WIP-PSC-SKU-BIKE-MT-001-20260810-MT-OP-050-02;SEG-ALT-WIP-PSC-SKU-BIKE-MT-001-20260810-MT-OP-050-03;SEG-ALT-WIP-PSC-SKU-BIKE-MT-001-20260810-MT-OP-050-04,WS-FINAL-ASM,M-FINAL-STAND-001,FINAL_ASSEMBLY_OPERATOR,2026-10-20,2026-10-20,SHIFT-A,2026-10-20,SHIFT-A,WIN-20261020-SHIFT-A;WIN-20261021-SHIFT-A;WIN-20261022-SHIFT-A;WIN-20261023-SHIFT-A,1740.0,435.0,1,1740.0,1740.0,1740.0,M-FINAL-STAND-001#01=1360.5067,FINAL_ASSEMBLY_OPERATOR#01=1360.5067,1360.5067,379.4933,78.19,78.19,78.19,78.19,78.19,78.19,WORKSTATION,379.4933,4219.398,1360.5067,0.0,2858.8913,69.9233,0.4,70.3233,29.0,78.19,399.6048,FINITE_CAPACITY_PARTIAL_QUANTITY,47.6482,6670.7464,0.0,0.0,True,PHASE4_STEP8F_FINITE_CAPACITY_SCHEDULE_ALTERNATIVES,True
PHASE4-MPS-20260721170405,ALT-WIP,PSC-SKU-BIKE-MT-001-20260810,MT-OP-060,,WS-QC,M-QC-TOOLS-001,QUALITY_INSPECTOR,,,,,,,0.0,435.0,1,435.0,435.0,435.0,,,0.0,435.0,0.0,0.0,0.0,0.0,0.0,0.0,WORKSTATION,0.0,563.7671,0.0,0.0,563.7671,9.2628,0.1333,9.3961,0.0,0.0,165.008,FINITE_CAPACITY_BLOCKED,9.3961,1315.4566,0.0,0.0,True,PHASE4_STEP8F_FINITE_CAPACITY_SCHEDULE_ALTERNATIVES,True
PHASE4-MPS-20260721170405,ALT-WIP,PSC-SKU-BIKE-MT-001-20260810,MT-OP-070,,WS-PACK,M-PACK-BENCH-001,PACKAGING_OPERATOR,,,,,,,0.0,435.0,1,435.0,435.0,435.0,,,0.0,435.0,0.0,0.0,0.0,0.0,0.0,0.0,WORKSTATION,0.0,0.0,0.0,0.0,0.0,0.0,0.0,0.0,0.0,0.0,129.4918,FINITE_CAPACITY_BLOCKED,0.0,0.0,0.0,0.0,True,PHASE4_STEP8F_FINITE_CAPACITY_SCHEDULE_ALTERNATIVES,True
PHASE4-MPS-20260721170405,ALT-WIP,PSC-SKU-BIKE-ROAD-001-20260810,ROAD-OP-010,SEG-ALT-WIP-PSC-SKU-BIKE-ROAD-001-20260810-ROAD-OP-010-01;SEG-ALT-WIP-PSC-SKU-BIKE-ROAD-001-20260810-ROAD-OP-010-02;SEG-ALT-WIP-PSC-SKU-BIKE-ROAD-001-20260810-ROAD-OP-010-03;SEG-ALT-WIP-PSC-SKU-BIKE-ROAD-001-20260810-ROAD-OP-010-04,WS-FRAME-PREP,M-FRAME-JIG-001,FRAME_TECHNICIAN,2026-09-22,2026-09-22,SHIFT-A,2026-09-22,SHIFT-A,WIN-20260922-SHIFT-A;WIN-20260923-SHIFT-A;WIN-20260924-SHIFT-A;WIN-20260925-SHIFT-A,1740.0,435.0,2,3480.0,3480.0,3480.0,M-FRAME-JIG-001#01=1411.3261,FRAME_TECHNICIAN#01=1411.3261,1411.3261,2068.6739,40.5553,40.5553,40.5553,40.5553,40.5553,40.5553,WORKSTATION,289.0396,1411.3261,1411.3261,39.6343,0.0,23.2221,0.3,23.5221,29.0,81.1107,202.7045,FINITE_CAPACITY_FEASIBLE,0.0,0.0,0.0,0.0,True,PHASE4_STEP8F_FINITE_CAPACITY_SCHEDULE_ALTERNATIVES,True
PHASE4-MPS-20260721170405,ALT-WIP,PSC-SKU-BIKE-ROAD-001-20260810,ROAD-OP-020,SEG-ALT-WIP-PSC-SKU-BIKE-ROAD-001-20260810-ROAD-OP-020-01;SEG-ALT-WIP-PSC-SKU-BIKE-ROAD-001-20260810-ROAD-OP-020-02;SEG-ALT-WIP-PSC-SKU-BIKE-ROAD-001-20260810-ROAD-OP-020-03;SEG-ALT-WIP-PSC-SKU-BIKE-ROAD-001-20260810-ROAD-OP-020-04;SEG-ALT-WIP-PSC-SKU-BIKE-ROAD-001-20260810-ROAD-OP-020-05,WS-WHEEL-SUB,M-WHEEL-TRUE-001,WHEEL_ASSEMBLY_TECHNICIAN,2026-10-12,2026-10-12,SHIFT-A,2026-10-12,SHIFT-A,WIN-20261012-SHIFT-A;WIN-20261013-SHIFT-A;WIN-20261014-SHIFT-A;WIN-20261015-SHIFT-A;WIN-20261016-SHIFT-A,2175.0,435.0,3,6525.0,6525.0,6525.0,M-WHEEL-TRUE-001#01=1762.9748,WHEEL_ASSEMBLY_TECHNICIAN#01=1762.9748,1762.9748,4762.0252,27.0188,27.0188,27.0188,27.0188,27.0188,27.0188,WORKSTATION,249.2413,1762.9748,1762.9748,162.7839,0.0,29.2162,0.1667,29.3829,36.25,81.0563,252.5983,FINITE_CAPACITY_FEASIBLE,0.0,0.0,0.0,0.0,True,PHASE4_STEP8F_FINITE_CAPACITY_SCHEDULE_ALTERNATIVES,True
PHASE4-MPS-20260721170405,ALT-WIP,PSC-SKU-BIKE-ROAD-001-20260810,ROAD-OP-030,SEG-ALT-WIP-PSC-SKU-BIKE-ROAD-001-20260810-ROAD-OP-030-01;SEG-ALT-WIP-PSC-SKU-BIKE-ROAD-001-20260810-ROAD-OP-030-02;SEG-ALT-WIP-PSC-SKU-BIKE-ROAD-001-20260810-ROAD-OP-030-03;SEG-ALT-WIP-PSC-SKU-BIKE-ROAD-001-20260810-ROAD-OP-030-04,WS-BRAKE-SUB,M-BRAKE-BENCH-001,BRAKE_ASSEMBLY_TECHNICIAN,2026-10-12,2026-10-12,SHIFT-A,2026-10-12,SHIFT-A,WIN-20261012-SHIFT-A;WIN-20261013-SHIFT-A;WIN-20261014-SHIFT-A;WIN-20261015-SHIFT-A,1740.0,435.0,2,3480.0,3480.0,3480.0,M-BRAKE-BENCH-001#01=1295.4619,BRAKE_ASSEMBLY_TECHNICIAN#01=1295.4619,1295.4619,2184.5381,37.2259,37.2259,37.2259,37.2259,37.2259,37.2259,WORKSTATION,249.2413,1295.4619,1295.4619,195.2968,0.0,21.391,0.2,21.591,29.0,74.4518,187.8149,FINITE_CAPACITY_FEASIBLE,0.0,0.0,0.0,0.0,True,PHASE4_STEP8F_FINITE_CAPACITY_SCHEDULE_ALTERNATIVES,True
PHASE4-MPS-20260721170405,ALT-WIP,PSC-SKU-BIKE-ROAD-001-20260810,ROAD-OP-040,,WS-FINAL-ASM,M-FINAL-STAND-001,FINAL_ASSEMBLY_OPERATOR,,,,,,,0.0,435.0,1,435.0,435.0,435.0,,,0.0,435.0,0.0,0.0,0.0,0.0,0.0,0.0,WORKSTATION,0.0,4524.558,0.0,0.0,4524.558,75.0093,0.4,75.4093,0.0,0.0,399.6048,FINITE_CAPACITY_BLOCKED,75.4093,10557.302,0.0,0.0,True,PHASE4_STEP8F_FINITE_CAPACITY_SCHEDULE_ALTERNATIVES,True
PHASE4-MPS-20260721170405,ALT-WIP,PSC-SKU-BIKE-ROAD-001-20260810,ROAD-OP-050,,WS-QC,M-QC-TOOLS-001,QUALITY_INSPECTOR,,,,,,,0.0,435.0,1,435.0,435.0,435.0,,,0.0,435.0,0.0,0.0,0.0,0.0,0.0,0.0,WORKSTATION,0.0,0.0,0.0,0.0,0.0,0.0,0.0,0.0,0.0,0.0,165.008,FINITE_CAPACITY_BLOCKED,0.0,0.0,0.0,0.0,True,PHASE4_STEP8F_FINITE_CAPACITY_SCHEDULE_ALTERNATIVES,True
PHASE4-MPS-20260721170405,ALT-WIP,PSC-SKU-BIKE-ROAD-001-20260810,ROAD-OP-060,,WS-PACK,M-PACK-BENCH-001,PACKAGING_OPERATOR,,,,,,,0.0,435.0,1,435.0,435.0,435.0,,,0.0,435.0,0.0,0.0,0.0,0.0,0.0,0.0,WORKSTATION,0.0,672.6206,0.0,0.0,672.6206,11.2103,0.0,11.2103,0.0,0.0,129.4918,FINITE_CAPACITY_BLOCKED,11.2103,1569.4481,0.0,0.0,True,PHASE4_STEP8F_FINITE_CAPACITY_SCHEDULE_ALTERNATIVES,True
PHASE4-MPS-20260721170405,ALT-WIP,PSC-SKU-BIKE-MT-001-20260817,MT-OP-010,,WS-FRAME-PREP,M-FRAME-JIG-001,FRAME_TECHNICIAN,,,,,,,0.0,435.0,2,870.0,870.0,870.0,,,0.0,870.0,0.0,0.0,0.0,0.0,0.0,0.0,WORKSTATION,0.0,0.0,0.0,0.0,0.0,0.0,0.3,0.0,0.0,0.0,202.7045,FINITE_CAPACITY_BLOCKED,0.0,0.0,0.0,0.0,True,PHASE4_STEP8F_FINITE_CAPACITY_SCHEDULE_ALTERNATIVES,True
PHASE4-MPS-20260721170405,ALT-WIP,PSC-SKU-BIKE-MT-001-20260817,MT-OP-020,,WS-FORK-SUSP,M-FORK-BENCH-001,SUSPENSION_TECHNICIAN,,,,,,,0.0,435.0,2,870.0,870.0,870.0,,,0.0,870.0,0.0,0.0,0.0,0.0,0.0,0.0,WORKSTATION,0.0,0.0,0.0,0.0,0.0,0.0,0.0,0.0,0.0,0.0,118.6224,FINITE_CAPACITY_BLOCKED,0.0,0.0,0.0,0.0,True,PHASE4_STEP8F_FINITE_CAPACITY_SCHEDULE_ALTERNATIVES,True
PHASE4-MPS-20260721170405,ALT-WIP,PSC-SKU-BIKE-MT-001-20260817,MT-OP-030,SEG-ALT-WIP-PSC-SKU-BIKE-MT-001-20260817-MT-OP-030-01;SEG-ALT-WIP-PSC-SKU-BIKE-MT-001-20260817-MT-OP-030-02,WS-WHEEL-SUB,M-WHEEL-TRUE-001,WHEEL_ASSEMBLY_TECHNICIAN,2026-10-01,2026-10-01,SHIFT-A,2026-10-01,SHIFT-A,WIN-20261001-SHIFT-A;WIN-20261002-SHIFT-A,870.0,435.0,3,2610.0,2610.0,2610.0,M-WHEEL-TRUE-001#02=683.5684,WHEEL_ASSEMBLY_TECHNICIAN#02=683.5684,683.5684,1926.4316,26.1904,26.1904,26.1904,26.1904,26.1904,26.1904,WORKSTATION,186.4316,683.5684,683.5684,0.0,0.0,11.2261,0.1667,11.3928,14.5,78.5711,252.5983,FINITE_CAPACITY_FEASIBLE,0.0,0.0,0.0,0.0,True,PHASE4_STEP8F_FINITE_CAPACITY_SCHEDULE_ALTERNATIVES,True
PHASE4-MPS-20260721170405,ALT-WIP,PSC-SKU-BIKE-MT-001-20260817,MT-OP-040,SEG-ALT-WIP-PSC-SKU-BIKE-MT-001-20260817-MT-OP-040-01,WS-BRAKE-SUB,M-BRAKE-BENCH-001,BRAKE_ASSEMBLY_TECHNICIAN,2026-10-01,2026-10-01,SHIFT-A,2026-10-01,SHIFT-A,WIN-20261001-SHIFT-A,435.0,435.0,2,870.0,870.0,870.0,M-BRAKE-BENCH-001#02=368.6083,BRAKE_ASSEMBLY_TECHNICIAN#02=368.6083,368.6083,501.3917,42.3688,42.3688,42.3688,42.3688,42.3688,42.3688,WORKSTATION,66.3917,368.6083,368.6083,0.0,0.0,5.9435,0.2,6.1435,7.25,84.7375,187.8149,FINITE_CAPACITY_FEASIBLE,0.0,0.0,0.0,0.0,True,PHASE4_STEP8F_FINITE_CAPACITY_SCHEDULE_ALTERNATIVES,True
PHASE4-MPS-20260721170405,ALT-WIP,PSC-SKU-BIKE-MT-001-20260817,MT-OP-050,,WS-FINAL-ASM,M-FINAL-STAND-001,FINAL_ASSEMBLY_OPERATOR,,,,,,,0.0,435.0,1,435.0,435.0,435.0,,,0.0,435.0,0.0,0.0,0.0,0.0,0.0,0.0,WORKSTATION,0.0,3841.3754,0.0,0.0,3841.3754,64.0229,0.0,64.0229,0.0,0.0,399.6048,FINITE_CAPACITY_BLOCKED,64.0229,8963.2093,0.0,0.0,True,PHASE4_STEP8F_FINITE_CAPACITY_SCHEDULE_ALTERNATIVES,True
PHASE4-MPS-20260721170405,ALT-WIP,PSC-SKU-BIKE-MT-001-20260817,MT-OP-060,,WS-QC,M-QC-TOOLS-001,QUALITY_INSPECTOR,,,,,,,0.0,435.0,1,435.0,435.0,435.0,,,0.0,435.0,0.0,0.0,0.0,0.0,0.0,0.0,WORKSTATION,0.0,563.7671,0.0,0.0,563.7671,9.2628,0.1333,9.3961,0.0,0.0,165.008,FINITE_CAPACITY_BLOCKED,9.3961,1315.4566,0.0,0.0,True,PHASE4_STEP8F_FINITE_CAPACITY_SCHEDULE_ALTERNATIVES,True
PHASE4-MPS-20260721170405,ALT-WIP,PSC-SKU-BIKE-MT-001-20260817,MT-OP-070,,WS-PACK,M-PACK-BENCH-001,PACKAGING_OPERATOR,,,,,,,0.0,435.0,1,435.0,435.0,435.0,,,0.0,435.0,0.0,0.0,0.0,0.0,0.0,0.0,WORKSTATION,0.0,0.0,0.0,0.0,0.0,0.0,0.0,0.0,0.0,0.0,129.4918,FINITE_CAPACITY_BLOCKED,0.0,0.0,0.0,0.0,True,PHASE4_STEP8F_FINITE_CAPACITY_SCHEDULE_ALTERNATIVES,True
PHASE4-MPS-20260721170405,ALT-WIP,PSC-SKU-BIKE-ROAD-001-20260817,ROAD-OP-010,SEG-ALT-WIP-PSC-SKU-BIKE-ROAD-001-20260817-ROAD-OP-010-01;SEG-ALT-WIP-PSC-SKU-BIKE-ROAD-001-20260817-ROAD-OP-010-02;SEG-ALT-WIP-PSC-SKU-BIKE-ROAD-001-20260817-ROAD-OP-010-03;SEG-ALT-WIP-PSC-SKU-BIKE-ROAD-001-20260817-ROAD-OP-010-04,WS-FRAME-PREP,M-FRAME-JIG-001,FRAME_TECHNICIAN,2026-09-02,2026-09-02,SHIFT-A,2026-09-02,SHIFT-A,WIN-20260902-SHIFT-A;WIN-20260903-SHIFT-A;WIN-20260904-SHIFT-A;WIN-20260907-SHIFT-A,1740.0,435.0,2,3480.0,3480.0,3480.0,M-FRAME-JIG-001#02=1393.3261,FRAME_TECHNICIAN#02=1393.3261,1393.3261,2086.6739,40.0381,40.0381,40.0381,40.0381,40.0381,40.0381,WORKSTATION,346.6739,1393.3261,1393.3261,0.0,0.0,23.2221,0.0,23.2221,29.0,80.0762,202.7045,FINITE_CAPACITY_FEASIBLE,0.0,0.0,0.0,0.0,True,PHASE4_STEP8F_FINITE_CAPACITY_SCHEDULE_ALTERNATIVES,True
PHASE4-MPS-20260721170405,ALT-WIP,PSC-SKU-BIKE-ROAD-001-20260817,ROAD-OP-020,,WS-WHEEL-SUB,M-WHEEL-TRUE-001,WHEEL_ASSEMBLY_TECHNICIAN,,,,,,,0.0,435.0,3,1305.0,1305.0,1305.0,,,0.0,1305.0,0.0,0.0,0.0,0.0,0.0,0.0,WORKSTATION,0.0,0.0,0.0,0.0,0.0,0.0,0.1667,0.0,0.0,0.0,252.5983,FINITE_CAPACITY_BLOCKED,0.0,0.0,0.0,0.0,True,PHASE4_STEP8F_FINITE_CAPACITY_SCHEDULE_ALTERNATIVES,True
PHASE4-MPS-20260721170405,ALT-WIP,PSC-SKU-BIKE-ROAD-001-20260817,ROAD-OP-030,,WS-BRAKE-SUB,M-BRAKE-BENCH-001,BRAKE_ASSEMBLY_TECHNICIAN,,,,,,,0.0,435.0,2,870.0,870.0,870.0,,,0.0,870.0,0.0,0.0,0.0,0.0,0.0,0.0,WORKSTATION,0.0,0.0,0.0,0.0,0.0,0.0,0.2,0.0,0.0,0.0,187.8149,FINITE_CAPACITY_BLOCKED,0.0,0.0,0.0,0.0,True,PHASE4_STEP8F_FINITE_CAPACITY_SCHEDULE_ALTERNATIVES,True
PHASE4-MPS-20260721170405,ALT-WIP,PSC-SKU-BIKE-ROAD-001-20260817,ROAD-OP-040,,WS-FINAL-ASM,M-FINAL-STAND-001,FINAL_ASSEMBLY_OPERATOR,,,,,,,0.0,435.0,1,435.0,435.0,435.0,,,0.0,435.0,0.0,0.0,0.0,0.0,0.0,0.0,WORKSTATION,0.0,4524.558,0.0,0.0,4524.558,75.0093,0.4,75.4093,0.0,0.0,399.6048,FINITE_CAPACITY_BLOCKED,75.4093,10557.302,0.0,0.0,True,PHASE4_STEP8F_FINITE_CAPACITY_SCHEDULE_ALTERNATIVES,True
PHASE4-MPS-20260721170405,ALT-WIP,PSC-SKU-BIKE-ROAD-001-20260817,ROAD-OP-050,,WS-QC,M-QC-TOOLS-001,QUALITY_INSPECTOR,,,,,,,0.0,435.0,1,435.0,435.0,435.0,,,0.0,435.0,0.0,0.0,0.0,0.0,0.0,0.0,WORKSTATION,0.0,0.0,0.0,0.0,0.0,0.0,0.0,0.0,0.0,0.0,165.008,FINITE_CAPACITY_BLOCKED,0.0,0.0,0.0,0.0,True,PHASE4_STEP8F_FINITE_CAPACITY_SCHEDULE_ALTERNATIVES,True
PHASE4-MPS-20260721170405,ALT-WIP,PSC-SKU-BIKE-ROAD-001-20260817,ROAD-OP-060,,WS-PACK,M-PACK-BENCH-001,PACKAGING_OPERATOR,,,,,,,0.0,435.0,1,435.0,435.0,435.0,,,0.0,435.0,0.0,0.0,0.0,0.0,0.0,0.0,WORKSTATION,0.0,672.6206,0.0,0.0,672.6206,11.2103,0.0,11.2103,0.0,0.0,129.4918,FINITE_CAPACITY_BLOCKED,11.2103,1569.4481,0.0,0.0,True,PHASE4_STEP8F_FINITE_CAPACITY_SCHEDULE_ALTERNATIVES,True
PHASE4-MPS-20260721170405,ALT-WIP,PSC-SKU-BIKE-MT-001-20260824,MT-OP-010,SEG-ALT-WIP-PSC-SKU-BIKE-MT-001-20260824-MT-OP-010-01;SEG-ALT-WIP-PSC-SKU-BIKE-MT-001-20260824-MT-OP-010-02;SEG-ALT-WIP-PSC-SKU-BIKE-MT-001-20260824-MT-OP-010-03;SEG-ALT-WIP-PSC-SKU-BIKE-MT-001-20260824-MT-OP-010-04;SEG-ALT-WIP-PSC-SKU-BIKE-MT-001-20260824-MT-OP-010-05,WS-FRAME-PREP,M-FRAME-JIG-001,FRAME_TECHNICIAN,2026-10-01,2026-10-01,SHIFT-A,2026-10-01,SHIFT-A,WIN-20261001-SHIFT-A;WIN-20261002-SHIFT-A;WIN-20261005-SHIFT-A;WIN-20261006-SHIFT-A;WIN-20261007-SHIFT-A,2175.0,435.0,2,4350.0,4350.0,4350.0,M-FRAME-JIG-001#01=2122.782,FRAME_TECHNICIAN#01=2122.782,2122.782,2227.218,48.7996,48.7996,48.7996,48.7996,48.7996,48.7996,WORKSTATION,0.0,2122.782,2122.782,52.218,0.0,35.0797,0.3,35.3797,36.25,97.5992,202.7045,FINITE_CAPACITY_FEASIBLE,0.0,0.0,0.0,0.0,True,PHASE4_STEP8F_FINITE_CAPACITY_SCHEDULE_ALTERNATIVES,True
PHASE4-MPS-20260721170405,ALT-WIP,PSC-SKU-BIKE-MT-001-20260824,MT-OP-020,SEG-ALT-WIP-PSC-SKU-BIKE-MT-001-20260824-MT-OP-020-01;SEG-ALT-WIP-PSC-SKU-BIKE-MT-001-20260824-MT-OP-020-02;SEG-ALT-WIP-PSC-SKU-BIKE-MT-001-20260824-MT-OP-020-03;SEG-ALT-WIP-PSC-SKU-BIKE-MT-001-20260824-MT-OP-020-04,WS-FORK-SUSP,M-FORK-BENCH-001,SUSPENSION_TECHNICIAN,2026-10-20,2026-10-20,SHIFT-A,2026-10-20,SHIFT-A,WIN-20261020-SHIFT-A;WIN-20261021-SHIFT-A;WIN-20261022-SHIFT-A;WIN-20261023-SHIFT-A,1740.0,435.0,2,3480.0,3480.0,3480.0,M-FORK-BENCH-001#01=1360.5067,SUSPENSION_TECHNICIAN#01=1360.5067,1360.5067,2119.4933,39.095,39.095,39.095,39.095,39.095,39.095,WORKSTATION,379.4933,2581.776,1360.5067,0.0,1221.2693,43.0296,0.0,43.0296,29.0,78.19,118.6224,FINITE_CAPACITY_PARTIAL_QUANTITY,20.3545,2849.6284,0.0,0.0,True,PHASE4_STEP8F_FINITE_CAPACITY_SCHEDULE_ALTERNATIVES,True
PHASE4-MPS-20260721170405,ALT-WIP,PSC-SKU-BIKE-MT-001-20260824,MT-OP-030,SEG-ALT-WIP-PSC-SKU-BIKE-MT-001-20260824-MT-OP-030-01;SEG-ALT-WIP-PSC-SKU-BIKE-MT-001-20260824-MT-OP-030-02;SEG-ALT-WIP-PSC-SKU-BIKE-MT-001-20260824-MT-OP-030-03,WS-WHEEL-SUB,M-WHEEL-TRUE-001,WHEEL_ASSEMBLY_TECHNICIAN,2026-10-20,2026-10-20,SHIFT-A,2026-10-20,SHIFT-A,WIN-20261020-SHIFT-A;WIN-20261021-SHIFT-A;WIN-20261022-SHIFT-A,1305.0,435.0,3,3915.0,3915.0,3915.0,M-WHEEL-TRUE-001#01=825.8369,WHEEL_ASSEMBLY_TECHNICIAN#01=825.8369,825.8369,3089.1631,21.0942,21.0942,21.0942,21.0942,21.0942,21.0942,WORKSTATION,379.4933,825.8369,825.8369,99.6698,0.0,13.7639,0.0,13.7639,21.75,63.2825,252.5983,FINITE_CAPACITY_FEASIBLE,0.0,0.0,0.0,0.0,True,PHASE4_STEP8F_FINITE_CAPACITY_SCHEDULE_ALTERNATIVES,True
PHASE4-MPS-20260721170405,ALT-WIP,PSC-SKU-BIKE-MT-001-20260824,MT-OP-040,SEG-ALT-WIP-PSC-SKU-BIKE-MT-001-20260824-MT-OP-040-01;SEG-ALT-WIP-PSC-SKU-BIKE-MT-001-20260824-MT-OP-040-02;SEG-ALT-WIP-PSC-SKU-BIKE-MT-001-20260824-MT-OP-040-03,WS-BRAKE-SUB,M-BRAKE-BENCH-001,BRAKE_ASSEMBLY_TECHNICIAN,2026-10-20,2026-10-20,SHIFT-A,2026-10-20,SHIFT-A,WIN-20261020-SHIFT-A;WIN-20261021-SHIFT-A;WIN-20261022-SHIFT-A,1305.0,435.0,2,2610.0,2610.0,2610.0,M-BRAKE-BENCH-001#01=624.6058,BRAKE_ASSEMBLY_TECHNICIAN#01=624.6058,624.6058,1985.3942,23.9313,23.9313,23.9313,23.9313,23.9313,23.9313,WORKSTATION,379.4933,624.6058,624.6058,300.9009,0.0,10.4101,0.0,10.4101,21.75,47.8625,187.8149,FINITE_CAPACITY_FEASIBLE,0.0,0.0,11.3399,90.7192,True,PHASE4_STEP8F_FINITE_CAPACITY_SCHEDULE_ALTERNATIVES,True
PHASE4-MPS-20260721170405,ALT-WIP,PSC-SKU-BIKE-MT-001-20260824,MT-OP-050,,WS-FINAL-ASM,M-FINAL-STAND-001,FINAL_ASSEMBLY_OPERATOR,,,,,,,0.0,435.0,1,435.0,435.0,435.0,,,0.0,435.0,0.0,0.0,0.0,0.0,0.0,0.0,WORKSTATION,0.0,4195.398,0.0,0.0,4195.398,69.9233,0.0,69.9233,0.0,0.0,399.6048,FINITE_CAPACITY_BLOCKED,69.9233,9789.262,0.0,0.0,True,PHASE4_STEP8F_FINITE_CAPACITY_SCHEDULE_ALTERNATIVES,True
PHASE4-MPS-20260721170405,ALT-WIP,PSC-SKU-BIKE-MT-001-20260824,MT-OP-060,,WS-QC,M-QC-TOOLS-001,QUALITY_INSPECTOR,,,,,,,0.0,435.0,1,435.0,435.0,435.0,,,0.0,435.0,0.0,0.0,0.0,0.0,0.0,0.0,WORKSTATION,0.0,563.7671,0.0,0.0,563.7671,9.2628,0.1333,9.3961,0.0,0.0,165.008,FINITE_CAPACITY_BLOCKED,9.3961,1315.4566,0.0,0.0,True,PHASE4_STEP8F_FINITE_CAPACITY_SCHEDULE_ALTERNATIVES,True
PHASE4-MPS-20260721170405,ALT-WIP,PSC-SKU-BIKE-MT-001-20260824,MT-OP-070,,WS-PACK,M-PACK-BENCH-001,PACKAGING_OPERATOR,,,,,,,0.0,435.0,1,435.0,435.0,435.0,,,0.0,435.0,0.0,0.0,0.0,0.0,0.0,0.0,WORKSTATION,0.0,0.0,0.0,0.0,0.0,0.0,0.0,0.0,0.0,0.0,129.4918,FINITE_CAPACITY_BLOCKED,0.0,0.0,0.0,0.0,True,PHASE4_STEP8F_FINITE_CAPACITY_SCHEDULE_ALTERNATIVES,True
PHASE4-MPS-20260721170405,ALT-WIP,PSC-SKU-BIKE-ROAD-001-20260824,ROAD-OP-010,,WS-FRAME-PREP,M-FRAME-JIG-001,FRAME_TECHNICIAN,,,,,,,0.0,435.0,2,870.0,870.0,870.0,,,0.0,870.0,0.0,0.0,0.0,0.0,0.0,0.0,WORKSTATION,0.0,0.0,0.0,0.0,0.0,0.0,0.3,0.0,0.0,0.0,202.7045,FINITE_CAPACITY_BLOCKED,0.0,0.0,0.0,0.0,True,PHASE4_STEP8F_FINITE_CAPACITY_SCHEDULE_ALTERNATIVES,True
PHASE4-MPS-20260721170405,ALT-WIP,PSC-SKU-BIKE-ROAD-001-20260824,ROAD-OP-020,,WS-WHEEL-SUB,M-WHEEL-TRUE-001,WHEEL_ASSEMBLY_TECHNICIAN,,,,,,,0.0,435.0,3,1305.0,1305.0,1305.0,,,0.0,1305.0,0.0,0.0,0.0,0.0,0.0,0.0,WORKSTATION,0.0,0.0,0.0,0.0,0.0,0.0,0.1667,0.0,0.0,0.0,252.5983,FINITE_CAPACITY_BLOCKED,0.0,0.0,0.0,0.0,True,PHASE4_STEP8F_FINITE_CAPACITY_SCHEDULE_ALTERNATIVES,True
PHASE4-MPS-20260721170405,ALT-WIP,PSC-SKU-BIKE-ROAD-001-20260824,ROAD-OP-030,,WS-BRAKE-SUB,M-BRAKE-BENCH-001,BRAKE_ASSEMBLY_TECHNICIAN,,,,,,,0.0,435.0,2,870.0,870.0,870.0,,,0.0,870.0,0.0,0.0,0.0,0.0,0.0,0.0,WORKSTATION,0.0,0.0,0.0,0.0,0.0,0.0,0.2,0.0,0.0,0.0,187.8149,FINITE_CAPACITY_BLOCKED,0.0,0.0,0.0,0.0,True,PHASE4_STEP8F_FINITE_CAPACITY_SCHEDULE_ALTERNATIVES,True
PHASE4-MPS-20260721170405,ALT-WIP,PSC-SKU-BIKE-ROAD-001-20260824,ROAD-OP-040,,WS-FINAL-ASM,M-FINAL-STAND-001,FINAL_ASSEMBLY_OPERATOR,,,,,,,0.0,435.0,1,435.0,435.0,435.0,,,0.0,435.0,0.0,0.0,0.0,0.0,0.0,0.0,WORKSTATION,0.0,4524.558,0.0,0.0,4524.558,75.0093,0.4,75.4093,0.0,0.0,399.6048,FINITE_CAPACITY_BLOCKED,75.4093,10557.302,0.0,0.0,True,PHASE4_STEP8F_FINITE_CAPACITY_SCHEDULE_ALTERNATIVES,True
PHASE4-MPS-20260721170405,ALT-WIP,PSC-SKU-BIKE-ROAD-001-20260824,ROAD-OP-050,,WS-QC,M-QC-TOOLS-001,QUALITY_INSPECTOR,,,,,,,0.0,435.0,1,435.0,435.0,435.0,,,0.0,435.0,0.0,0.0,0.0,0.0,0.0,0.0,WORKSTATION,0.0,0.0,0.0,0.0,0.0,0.0,0.0,0.0,0.0,0.0,165.008,FINITE_CAPACITY_BLOCKED,0.0,0.0,0.0,0.0,True,PHASE4_STEP8F_FINITE_CAPACITY_SCHEDULE_ALTERNATIVES,True
PHASE4-MPS-20260721170405,ALT-WIP,PSC-SKU-BIKE-ROAD-001-20260824,ROAD-OP-060,,WS-PACK,M-PACK-BENCH-001,PACKAGING_OPERATOR,,,,,,,0.0,435.0,1,435.0,435.0,435.0,,,0.0,435.0,0.0,0.0,0.0,0.0,0.0,0.0,WORKSTATION,0.0,672.6206,0.0,0.0,672.6206,11.2103,0.0,11.2103,0.0,0.0,129.4918,FINITE_CAPACITY_BLOCKED,11.2103,1569.4481,0.0,0.0,True,PHASE4_STEP8F_FINITE_CAPACITY_SCHEDULE_ALTERNATIVES,True
PHASE4-MPS-20260721170405,ALT-WIP,PSC-SKU-BIKE-MT-001-20260831,MT-OP-010,SEG-ALT-WIP-PSC-SKU-BIKE-MT-001-20260831-MT-OP-010-01;SEG-ALT-WIP-PSC-SKU-BIKE-MT-001-20260831-MT-OP-010-02;SEG-ALT-WIP-PSC-SKU-BIKE-MT-001-20260831-MT-OP-010-03;SEG-ALT-WIP-PSC-SKU-BIKE-MT-001-20260831-MT-OP-010-04;SEG-ALT-WIP-PSC-SKU-BIKE-MT-001-20260831-MT-OP-010-05,WS-FRAME-PREP,M-FRAME-JIG-001,FRAME_TECHNICIAN,2026-10-01,2026-10-01,SHIFT-A,2026-10-01,SHIFT-A,WIN-20261001-SHIFT-A;WIN-20261002-SHIFT-A;WIN-20261005-SHIFT-A;WIN-20261006-SHIFT-A;WIN-20261007-SHIFT-A,2175.0,435.0,2,4350.0,4350.0,4350.0,M-FRAME-JIG-001#02=2104.782,FRAME_TECHNICIAN#02=2104.782,2104.782,2245.218,48.3858,48.3858,48.3858,48.3858,48.3858,48.3858,WORKSTATION,70.218,2104.782,2104.782,0.0,0.0,35.0797,0.0,35.0797,36.25,96.7716,202.7045,FINITE_CAPACITY_FEASIBLE,0.0,0.0,0.0,0.0,True,PHASE4_STEP8F_FINITE_CAPACITY_SCHEDULE_ALTERNATIVES,True
PHASE4-MPS-20260721170405,ALT-WIP,PSC-SKU-BIKE-MT-001-20260831,MT-OP-020,SEG-ALT-WIP-PSC-SKU-BIKE-MT-001-20260831-MT-OP-020-01;SEG-ALT-WIP-PSC-SKU-BIKE-MT-001-20260831-MT-OP-020-02,WS-FORK-SUSP,M-FORK-BENCH-001,SUSPENSION_TECHNICIAN,2026-10-07,2026-10-07,SHIFT-A,2026-10-07,SHIFT-A,WIN-20261007-SHIFT-A;WIN-20261008-SHIFT-A,870.0,435.0,2,1740.0,1740.0,1740.0,M-FORK-BENCH-001#01=300.4776,SUSPENSION_TECHNICIAN#01=300.4776,300.4776,1439.5224,17.2688,17.2688,17.2688,17.2688,17.2688,17.2688,WORKSTATION,364.782,300.4776,300.4776,204.7404,0.0,5.008,0.0,5.008,14.5,34.5377,118.6224,FINITE_CAPACITY_FEASIBLE,0.0,0.0,9.492,75.9363,True,PHASE4_STEP8F_FINITE_CAPACITY_SCHEDULE_ALTERNATIVES,True
PHASE4-MPS-20260721170405,ALT-WIP,PSC-SKU-BIKE-MT-001-20260831,MT-OP-030,,WS-WHEEL-SUB,M-WHEEL-TRUE-001,WHEEL_ASSEMBLY_TECHNICIAN,,,,,,,0.0,435.0,3,1305.0,1305.0,1305.0,,,0.0,1305.0,0.0,0.0,0.0,0.0,0.0,0.0,WORKSTATION,0.0,0.0,0.0,0.0,0.0,0.0,0.0,0.0,0.0,0.0,252.5983,FINITE_CAPACITY_BLOCKED,0.0,0.0,0.0,0.0,True,PHASE4_STEP8F_FINITE_CAPACITY_SCHEDULE_ALTERNATIVES,True
PHASE4-MPS-20260721170405,ALT-WIP,PSC-SKU-BIKE-MT-001-20260831,MT-OP-040,,WS-BRAKE-SUB,M-BRAKE-BENCH-001,BRAKE_ASSEMBLY_TECHNICIAN,,,,,,,0.0,435.0,2,870.0,870.0,870.0,,,0.0,870.0,0.0,0.0,0.0,0.0,0.0,0.0,WORKSTATION,0.0,0.0,0.0,0.0,0.0,0.0,0.0,0.0,0.0,0.0,187.8149,FINITE_CAPACITY_BLOCKED,0.0,0.0,0.0,0.0,True,PHASE4_STEP8F_FINITE_CAPACITY_SCHEDULE_ALTERNATIVES,True
PHASE4-MPS-20260721170405,ALT-WIP,PSC-SKU-BIKE-MT-001-20260831,MT-OP-050,,WS-FINAL-ASM,M-FINAL-STAND-001,FINAL_ASSEMBLY_OPERATOR,,,,,,,0.0,435.0,1,435.0,435.0,435.0,,,0.0,435.0,0.0,0.0,0.0,0.0,0.0,0.0,WORKSTATION,0.0,4195.398,0.0,0.0,4195.398,69.9233,0.0,69.9233,0.0,0.0,399.6048,FINITE_CAPACITY_BLOCKED,69.9233,9789.262,0.0,0.0,True,PHASE4_STEP8F_FINITE_CAPACITY_SCHEDULE_ALTERNATIVES,True
PHASE4-MPS-20260721170405,ALT-WIP,PSC-SKU-BIKE-MT-001-20260831,MT-OP-060,,WS-QC,M-QC-TOOLS-001,QUALITY_INSPECTOR,,,,,,,0.0,435.0,1,435.0,435.0,435.0,,,0.0,435.0,0.0,0.0,0.0,0.0,0.0,0.0,WORKSTATION,0.0,563.7671,0.0,0.0,563.7671,9.2628,0.1333,9.3961,0.0,0.0,165.008,FINITE_CAPACITY_BLOCKED,9.3961,1315.4566,0.0,0.0,True,PHASE4_STEP8F_FINITE_CAPACITY_SCHEDULE_ALTERNATIVES,True
PHASE4-MPS-20260721170405,ALT-WIP,PSC-SKU-BIKE-MT-001-20260831,MT-OP-070,,WS-PACK,M-PACK-BENCH-001,PACKAGING_OPERATOR,,,,,,,0.0,435.0,1,435.0,435.0,435.0,,,0.0,435.0,0.0,0.0,0.0,0.0,0.0,0.0,WORKSTATION,0.0,0.0,0.0,0.0,0.0,0.0,0.0,0.0,0.0,0.0,129.4918,FINITE_CAPACITY_BLOCKED,0.0,0.0,0.0,0.0,True,PHASE4_STEP8F_FINITE_CAPACITY_SCHEDULE_ALTERNATIVES,True
PHASE4-MPS-20260721170405,ALT-WIP,PSC-SKU-BIKE-ROAD-001-20260831,ROAD-OP-010,SEG-ALT-WIP-PSC-SKU-BIKE-ROAD-001-20260831-ROAD-OP-010-01;SEG-ALT-WIP-PSC-SKU-BIKE-ROAD-001-20260831-ROAD-OP-010-02;SEG-ALT-WIP-PSC-SKU-BIKE-ROAD-001-20260831-ROAD-OP-010-03;SEG-ALT-WIP-PSC-SKU-BIKE-ROAD-001-20260831-ROAD-OP-010-04,WS-FRAME-PREP,M-FRAME-JIG-001,FRAME_TECHNICIAN,2026-10-12,2026-10-12,SHIFT-A,2026-10-12,SHIFT-A,WIN-20261012-SHIFT-A;WIN-20261013-SHIFT-A;WIN-20261014-SHIFT-A;WIN-20261015-SHIFT-A,1740.0,435.0,2,3480.0,3480.0,3480.0,M-FRAME-JIG-001#01=1411.3261,FRAME_TECHNICIAN#01=1411.3261,1411.3261,2068.6739,40.5553,40.5553,40.5553,40.5553,40.5553,40.5553,WORKSTATION,249.2413,1411.3261,1411.3261,79.4326,0.0,23.2221,0.3,23.5221,29.0,81.1107,202.7045,FINITE_CAPACITY_FEASIBLE,0.0,0.0,0.0,0.0,True,PHASE4_STEP8F_FINITE_CAPACITY_SCHEDULE_ALTERNATIVES,True
PHASE4-MPS-20260721170405,ALT-WIP,PSC-SKU-BIKE-ROAD-001-20260831,ROAD-OP-020,,WS-WHEEL-SUB,M-WHEEL-TRUE-001,WHEEL_ASSEMBLY_TECHNICIAN,,,,,,,0.0,435.0,3,1305.0,1305.0,1305.0,,,0.0,1305.0,0.0,0.0,0.0,0.0,0.0,0.0,WORKSTATION,0.0,0.0,0.0,0.0,0.0,0.0,0.1667,0.0,0.0,0.0,252.5983,FINITE_CAPACITY_BLOCKED,0.0,0.0,0.0,0.0,True,PHASE4_STEP8F_FINITE_CAPACITY_SCHEDULE_ALTERNATIVES,True
PHASE4-MPS-20260721170405,ALT-WIP,PSC-SKU-BIKE-ROAD-001-20260831,ROAD-OP-030,,WS-BRAKE-SUB,M-BRAKE-BENCH-001,BRAKE_ASSEMBLY_TECHNICIAN,,,,,,,0.0,435.0,2,870.0,870.0,870.0,,,0.0,870.0,0.0,0.0,0.0,0.0,0.0,0.0,WORKSTATION,0.0,0.0,0.0,0.0,0.0,0.0,0.2,0.0,0.0,0.0,187.8149,FINITE_CAPACITY_BLOCKED,0.0,0.0,0.0,0.0,True,PHASE4_STEP8F_FINITE_CAPACITY_SCHEDULE_ALTERNATIVES,True
PHASE4-MPS-20260721170405,ALT-WIP,PSC-SKU-BIKE-ROAD-001-20260831,ROAD-OP-040,,WS-FINAL-ASM,M-FINAL-STAND-001,FINAL_ASSEMBLY_OPERATOR,,,,,,,0.0,435.0,1,435.0,435.0,435.0,,,0.0,435.0,0.0,0.0,0.0,0.0,0.0,0.0,WORKSTATION,0.0,4524.558,0.0,0.0,4524.558,75.0093,0.4,75.4093,0.0,0.0,399.6048,FINITE_CAPACITY_BLOCKED,75.4093,10557.302,0.0,0.0,True,PHASE4_STEP8F_FINITE_CAPACITY_SCHEDULE_ALTERNATIVES,True
PHASE4-MPS-20260721170405,ALT-WIP,PSC-SKU-BIKE-ROAD-001-20260831,ROAD-OP-050,,WS-QC,M-QC-TOOLS-001,QUALITY_INSPECTOR,,,,,,,0.0,435.0,1,435.0,435.0,435.0,,,0.0,435.0,0.0,0.0,0.0,0.0,0.0,0.0,WORKSTATION,0.0,0.0,0.0,0.0,0.0,0.0,0.0,0.0,0.0,0.0,165.008,FINITE_CAPACITY_BLOCKED,0.0,0.0,0.0,0.0,True,PHASE4_STEP8F_FINITE_CAPACITY_SCHEDULE_ALTERNATIVES,True
PHASE4-MPS-20260721170405,ALT-WIP,PSC-SKU-BIKE-ROAD-001-20260831,ROAD-OP-060,,WS-PACK,M-PACK-BENCH-001,PACKAGING_OPERATOR,,,,,,,0.0,435.0,1,435.0,435.0,435.0,,,0.0,435.0,0.0,0.0,0.0,0.0,0.0,0.0,WORKSTATION,0.0,672.6206,0.0,0.0,672.6206,11.2103,0.0,11.2103,0.0,0.0,129.4918,FINITE_CAPACITY_BLOCKED,11.2103,1569.4481,0.0,0.0,True,PHASE4_STEP8F_FINITE_CAPACITY_SCHEDULE_ALTERNATIVES,True
PHASE4-MPS-20260721170405,ALT-WIP,PSC-SKU-BIKE-MT-001-20260907,MT-OP-010,SEG-ALT-WIP-PSC-SKU-BIKE-MT-001-20260907-MT-OP-010-01;SEG-ALT-WIP-PSC-SKU-BIKE-MT-001-20260907-MT-OP-010-02,WS-FRAME-PREP,M-FRAME-JIG-001,FRAME_TECHNICIAN,2026-09-11,2026-09-11,SHIFT-A,2026-09-11,SHIFT-A,WIN-20260911-SHIFT-A;WIN-20260914-SHIFT-A,870.0,435.0,2,1740.0,1740.0,1740.0,M-FRAME-JIG-001#02=688.5097,FRAME_TECHNICIAN#02=688.5097,688.5097,1051.4903,39.5695,39.5695,39.5695,39.5695,39.5695,39.5695,WORKSTATION,181.4903,688.5097,688.5097,0.0,0.0,11.1752,0.3,11.4752,14.5,79.139,202.7045,FINITE_CAPACITY_FEASIBLE,0.0,0.0,0.0,0.0,True,PHASE4_STEP8F_FINITE_CAPACITY_SCHEDULE_ALTERNATIVES,True
PHASE4-MPS-20260721170405,ALT-WIP,PSC-SKU-BIKE-MT-001-20260907,MT-OP-020,,WS-FORK-SUSP,M-FORK-BENCH-001,SUSPENSION_TECHNICIAN,,,,,,,0.0,435.0,2,870.0,870.0,870.0,,,0.0,870.0,0.0,0.0,0.0,0.0,0.0,0.0,WORKSTATION,0.0,0.0,0.0,0.0,0.0,0.0,0.0,0.0,0.0,0.0,118.6224,FINITE_CAPACITY_BLOCKED,0.0,0.0,0.0,0.0,True,PHASE4_STEP8F_FINITE_CAPACITY_SCHEDULE_ALTERNATIVES,True
PHASE4-MPS-20260721170405,ALT-WIP,PSC-SKU-BIKE-MT-001-20260907,MT-OP-030,,WS-WHEEL-SUB,M-WHEEL-TRUE-001,WHEEL_ASSEMBLY_TECHNICIAN,,,,,,,0.0,435.0,3,1305.0,1305.0,1305.0,,,0.0,1305.0,0.0,0.0,0.0,0.0,0.0,0.0,WORKSTATION,0.0,0.0,0.0,0.0,0.0,0.0,0.0,0.0,0.0,0.0,252.5983,FINITE_CAPACITY_BLOCKED,0.0,0.0,0.0,0.0,True,PHASE4_STEP8F_FINITE_CAPACITY_SCHEDULE_ALTERNATIVES,True
PHASE4-MPS-20260721170405,ALT-WIP,PSC-SKU-BIKE-MT-001-20260907,MT-OP-040,,WS-BRAKE-SUB,M-BRAKE-BENCH-001,BRAKE_ASSEMBLY_TECHNICIAN,,,,,,,0.0,435.0,2,870.0,870.0,870.0,,,0.0,870.0,0.0,0.0,0.0,0.0,0.0,0.0,WORKSTATION,0.0,0.0,0.0,0.0,0.0,0.0,0.0,0.0,0.0,0.0,187.8149,FINITE_CAPACITY_BLOCKED,0.0,0.0,0.0,0.0,True,PHASE4_STEP8F_FINITE_CAPACITY_SCHEDULE_ALTERNATIVES,True
PHASE4-MPS-20260721170405,ALT-WIP,PSC-SKU-BIKE-MT-001-20260907,MT-OP-050,,WS-FINAL-ASM,M-FINAL-STAND-001,FINAL_ASSEMBLY_OPERATOR,,,,,,,0.0,435.0,1,435.0,435.0,435.0,,,0.0,435.0,0.0,0.0,0.0,0.0,0.0,0.0,WORKSTATION,0.0,4195.398,0.0,0.0,4195.398,69.9233,0.0,69.9233,0.0,0.0,399.6048,FINITE_CAPACITY_BLOCKED,69.9233,9789.262,0.0,0.0,True,PHASE4_STEP8F_FINITE_CAPACITY_SCHEDULE_ALTERNATIVES,True
PHASE4-MPS-20260721170405,ALT-WIP,PSC-SKU-BIKE-MT-001-20260907,MT-OP-060,,WS-QC,M-QC-TOOLS-001,QUALITY_INSPECTOR,,,,,,,0.0,435.0,1,435.0,435.0,435.0,,,0.0,435.0,0.0,0.0,0.0,0.0,0.0,0.0,WORKSTATION,0.0,563.7671,0.0,0.0,563.7671,9.2628,0.1333,9.3961,0.0,0.0,165.008,FINITE_CAPACITY_BLOCKED,9.3961,1315.4566,0.0,0.0,True,PHASE4_STEP8F_FINITE_CAPACITY_SCHEDULE_ALTERNATIVES,True
PHASE4-MPS-20260721170405,ALT-WIP,PSC-SKU-BIKE-MT-001-20260907,MT-OP-070,,WS-PACK,M-PACK-BENCH-001,PACKAGING_OPERATOR,,,,,,,0.0,435.0,1,435.0,435.0,435.0,,,0.0,435.0,0.0,0.0,0.0,0.0,0.0,0.0,WORKSTATION,0.0,0.0,0.0,0.0,0.0,0.0,0.0,0.0,0.0,0.0,129.4918,FINITE_CAPACITY_BLOCKED,0.0,0.0,0.0,0.0,True,PHASE4_STEP8F_FINITE_CAPACITY_SCHEDULE_ALTERNATIVES,True
PHASE4-MPS-20260721170405,ALT-WIP,PSC-SKU-BIKE-ROAD-001-20260907,ROAD-OP-010,,WS-FRAME-PREP,M-FRAME-JIG-001,FRAME_TECHNICIAN,,,,,,,0.0,435.0,2,870.0,870.0,870.0,,,0.0,870.0,0.0,0.0,0.0,0.0,0.0,0.0,WORKSTATION,0.0,0.0,0.0,0.0,0.0,0.0,0.3,0.0,0.0,0.0,202.7045,FINITE_CAPACITY_BLOCKED,0.0,0.0,0.0,0.0,True,PHASE4_STEP8F_FINITE_CAPACITY_SCHEDULE_ALTERNATIVES,True
PHASE4-MPS-20260721170405,ALT-WIP,PSC-SKU-BIKE-ROAD-001-20260907,ROAD-OP-020,,WS-WHEEL-SUB,M-WHEEL-TRUE-001,WHEEL_ASSEMBLY_TECHNICIAN,,,,,,,0.0,435.0,3,1305.0,1305.0,1305.0,,,0.0,1305.0,0.0,0.0,0.0,0.0,0.0,0.0,WORKSTATION,0.0,0.0,0.0,0.0,0.0,0.0,0.1667,0.0,0.0,0.0,252.5983,FINITE_CAPACITY_BLOCKED,0.0,0.0,0.0,0.0,True,PHASE4_STEP8F_FINITE_CAPACITY_SCHEDULE_ALTERNATIVES,True
PHASE4-MPS-20260721170405,ALT-WIP,PSC-SKU-BIKE-ROAD-001-20260907,ROAD-OP-030,,WS-BRAKE-SUB,M-BRAKE-BENCH-001,BRAKE_ASSEMBLY_TECHNICIAN,,,,,,,0.0,435.0,2,870.0,870.0,870.0,,,0.0,870.0,0.0,0.0,0.0,0.0,0.0,0.0,WORKSTATION,0.0,0.0,0.0,0.0,0.0,0.0,0.2,0.0,0.0,0.0,187.8149,FINITE_CAPACITY_BLOCKED,0.0,0.0,0.0,0.0,True,PHASE4_STEP8F_FINITE_CAPACITY_SCHEDULE_ALTERNATIVES,True
PHASE4-MPS-20260721170405,ALT-WIP,PSC-SKU-BIKE-ROAD-001-20260907,ROAD-OP-040,,WS-FINAL-ASM,M-FINAL-STAND-001,FINAL_ASSEMBLY_OPERATOR,,,,,,,0.0,435.0,1,435.0,435.0,435.0,,,0.0,435.0,0.0,0.0,0.0,0.0,0.0,0.0,WORKSTATION,0.0,4524.558,0.0,0.0,4524.558,75.0093,0.4,75.4093,0.0,0.0,399.6048,FINITE_CAPACITY_BLOCKED,75.4093,10557.302,0.0,0.0,True,PHASE4_STEP8F_FINITE_CAPACITY_SCHEDULE_ALTERNATIVES,True
PHASE4-MPS-20260721170405,ALT-WIP,PSC-SKU-BIKE-ROAD-001-20260907,ROAD-OP-050,,WS-QC,M-QC-TOOLS-001,QUALITY_INSPECTOR,,,,,,,0.0,435.0,1,435.0,435.0,435.0,,,0.0,435.0,0.0,0.0,0.0,0.0,0.0,0.0,WORKSTATION,0.0,0.0,0.0,0.0,0.0,0.0,0.0,0.0,0.0,0.0,165.008,FINITE_CAPACITY_BLOCKED,0.0,0.0,0.0,0.0,True,PHASE4_STEP8F_FINITE_CAPACITY_SCHEDULE_ALTERNATIVES,True
PHASE4-MPS-20260721170405,ALT-WIP,PSC-SKU-BIKE-ROAD-001-20260907,ROAD-OP-060,,WS-PACK,M-PACK-BENCH-001,PACKAGING_OPERATOR,,,,,,,0.0,435.0,1,435.0,435.0,435.0,,,0.0,435.0,0.0,0.0,0.0,0.0,0.0,0.0,WORKSTATION,0.0,672.6206,0.0,0.0,672.6206,11.2103,0.0,11.2103,0.0,0.0,129.4918,FINITE_CAPACITY_BLOCKED,11.2103,1569.4481,0.0,0.0,True,PHASE4_STEP8F_FINITE_CAPACITY_SCHEDULE_ALTERNATIVES,True
PHASE4-MPS-20260721170405,ALT-WIP,PSC-SKU-BIKE-MT-001-20260914,MT-OP-010,SEG-ALT-WIP-PSC-SKU-BIKE-MT-001-20260914-MT-OP-010-01;SEG-ALT-WIP-PSC-SKU-BIKE-MT-001-20260914-MT-OP-010-02;SEG-ALT-WIP-PSC-SKU-BIKE-MT-001-20260914-MT-OP-010-03,WS-FRAME-PREP,M-FRAME-JIG-001,FRAME_TECHNICIAN,2026-09-14,2026-09-14,SHIFT-A,2026-09-14,SHIFT-A,WIN-20260914-SHIFT-A;WIN-20260915-SHIFT-A;WIN-20260916-SHIFT-A,1305.0,435.0,2,2610.0,2610.0,2610.0,M-FRAME-JIG-001#02=670.5097,FRAME_TECHNICIAN#02=670.5097,670.5097,1939.4903,25.69,25.69,25.69,25.69,25.69,25.69,WORKSTATION,634.4903,670.5097,670.5097,0.0,0.0,11.1752,0.0,11.1752,21.75,51.3801,202.7045,FINITE_CAPACITY_FEASIBLE,0.0,0.0,0.0,0.0,True,PHASE4_STEP8F_FINITE_CAPACITY_SCHEDULE_ALTERNATIVES,True
PHASE4-MPS-20260721170405,ALT-WIP,PSC-SKU-BIKE-MT-001-20260914,MT-OP-020,,WS-FORK-SUSP,M-FORK-BENCH-001,SUSPENSION_TECHNICIAN,,,,,,,0.0,435.0,2,870.0,870.0,870.0,,,0.0,870.0,0.0,0.0,0.0,0.0,0.0,0.0,WORKSTATION,0.0,0.0,0.0,0.0,0.0,0.0,0.0,0.0,0.0,0.0,118.6224,FINITE_CAPACITY_BLOCKED,0.0,0.0,0.0,0.0,True,PHASE4_STEP8F_FINITE_CAPACITY_SCHEDULE_ALTERNATIVES,True
PHASE4-MPS-20260721170405,ALT-WIP,PSC-SKU-BIKE-MT-001-20260914,MT-OP-030,,WS-WHEEL-SUB,M-WHEEL-TRUE-001,WHEEL_ASSEMBLY_TECHNICIAN,,,,,,,0.0,435.0,3,1305.0,1305.0,1305.0,,,0.0,1305.0,0.0,0.0,0.0,0.0,0.0,0.0,WORKSTATION,0.0,0.0,0.0,0.0,0.0,0.0,0.0,0.0,0.0,0.0,252.5983,FINITE_CAPACITY_BLOCKED,0.0,0.0,0.0,0.0,True,PHASE4_STEP8F_FINITE_CAPACITY_SCHEDULE_ALTERNATIVES,True
PHASE4-MPS-20260721170405,ALT-WIP,PSC-SKU-BIKE-MT-001-20260914,MT-OP-040,,WS-BRAKE-SUB,M-BRAKE-BENCH-001,BRAKE_ASSEMBLY_TECHNICIAN,,,,,,,0.0,435.0,2,870.0,870.0,870.0,,,0.0,870.0,0.0,0.0,0.0,0.0,0.0,0.0,WORKSTATION,0.0,0.0,0.0,0.0,0.0,0.0,0.0,0.0,0.0,0.0,187.8149,FINITE_CAPACITY_BLOCKED,0.0,0.0,0.0,0.0,True,PHASE4_STEP8F_FINITE_CAPACITY_SCHEDULE_ALTERNATIVES,True
PHASE4-MPS-20260721170405,ALT-WIP,PSC-SKU-BIKE-MT-001-20260914,MT-OP-050,,WS-FINAL-ASM,M-FINAL-STAND-001,FINAL_ASSEMBLY_OPERATOR,,,,,,,0.0,435.0,1,435.0,435.0,435.0,,,0.0,435.0,0.0,0.0,0.0,0.0,0.0,0.0,WORKSTATION,0.0,4195.398,0.0,0.0,4195.398,69.9233,0.0,69.9233,0.0,0.0,399.6048,FINITE_CAPACITY_BLOCKED,69.9233,9789.262,0.0,0.0,True,PHASE4_STEP8F_FINITE_CAPACITY_SCHEDULE_ALTERNATIVES,True
PHASE4-MPS-20260721170405,ALT-WIP,PSC-SKU-BIKE-MT-001-20260914,MT-OP-060,,WS-QC,M-QC-TOOLS-001,QUALITY_INSPECTOR,,,,,,,0.0,435.0,1,435.0,435.0,435.0,,,0.0,435.0,0.0,0.0,0.0,0.0,0.0,0.0,WORKSTATION,0.0,563.7671,0.0,0.0,563.7671,9.2628,0.1333,9.3961,0.0,0.0,165.008,FINITE_CAPACITY_BLOCKED,9.3961,1315.4566,0.0,0.0,True,PHASE4_STEP8F_FINITE_CAPACITY_SCHEDULE_ALTERNATIVES,True
PHASE4-MPS-20260721170405,ALT-WIP,PSC-SKU-BIKE-MT-001-20260914,MT-OP-070,,WS-PACK,M-PACK-BENCH-001,PACKAGING_OPERATOR,,,,,,,0.0,435.0,1,435.0,435.0,435.0,,,0.0,435.0,0.0,0.0,0.0,0.0,0.0,0.0,WORKSTATION,0.0,0.0,0.0,0.0,0.0,0.0,0.0,0.0,0.0,0.0,129.4918,FINITE_CAPACITY_BLOCKED,0.0,0.0,0.0,0.0,True,PHASE4_STEP8F_FINITE_CAPACITY_SCHEDULE_ALTERNATIVES,True
PHASE4-MPS-20260721170405,ALT-WIP,PSC-SKU-BIKE-ROAD-001-20260914,ROAD-OP-010,,WS-FRAME-PREP,M-FRAME-JIG-001,FRAME_TECHNICIAN,,,,,,,0.0,435.0,2,870.0,870.0,870.0,,,0.0,870.0,0.0,0.0,0.0,0.0,0.0,0.0,WORKSTATION,0.0,0.0,0.0,0.0,0.0,0.0,0.3,0.0,0.0,0.0,202.7045,FINITE_CAPACITY_BLOCKED,0.0,0.0,0.0,0.0,True,PHASE4_STEP8F_FINITE_CAPACITY_SCHEDULE_ALTERNATIVES,True
PHASE4-MPS-20260721170405,ALT-WIP,PSC-SKU-BIKE-ROAD-001-20260914,ROAD-OP-020,,WS-WHEEL-SUB,M-WHEEL-TRUE-001,WHEEL_ASSEMBLY_TECHNICIAN,,,,,,,0.0,435.0,3,1305.0,1305.0,1305.0,,,0.0,1305.0,0.0,0.0,0.0,0.0,0.0,0.0,WORKSTATION,0.0,0.0,0.0,0.0,0.0,0.0,0.1667,0.0,0.0,0.0,252.5983,FINITE_CAPACITY_BLOCKED,0.0,0.0,0.0,0.0,True,PHASE4_STEP8F_FINITE_CAPACITY_SCHEDULE_ALTERNATIVES,True
PHASE4-MPS-20260721170405,ALT-WIP,PSC-SKU-BIKE-ROAD-001-20260914,ROAD-OP-030,,WS-BRAKE-SUB,M-BRAKE-BENCH-001,BRAKE_ASSEMBLY_TECHNICIAN,,,,,,,0.0,435.0,2,870.0,870.0,870.0,,,0.0,870.0,0.0,0.0,0.0,0.0,0.0,0.0,WORKSTATION,0.0,0.0,0.0,0.0,0.0,0.0,0.2,0.0,0.0,0.0,187.8149,FINITE_CAPACITY_BLOCKED,0.0,0.0,0.0,0.0,True,PHASE4_STEP8F_FINITE_CAPACITY_SCHEDULE_ALTERNATIVES,True
PHASE4-MPS-20260721170405,ALT-WIP,PSC-SKU-BIKE-ROAD-001-20260914,ROAD-OP-040,,WS-FINAL-ASM,M-FINAL-STAND-001,FINAL_ASSEMBLY_OPERATOR,,,,,,,0.0,435.0,1,435.0,435.0,435.0,,,0.0,435.0,0.0,0.0,0.0,0.0,0.0,0.0,WORKSTATION,0.0,4524.558,0.0,0.0,4524.558,75.0093,0.4,75.4093,0.0,0.0,399.6048,FINITE_CAPACITY_BLOCKED,75.4093,10557.302,0.0,0.0,True,PHASE4_STEP8F_FINITE_CAPACITY_SCHEDULE_ALTERNATIVES,True
PHASE4-MPS-20260721170405,ALT-WIP,PSC-SKU-BIKE-ROAD-001-20260914,ROAD-OP-050,,WS-QC,M-QC-TOOLS-001,QUALITY_INSPECTOR,,,,,,,0.0,435.0,1,435.0,435.0,435.0,,,0.0,435.0,0.0,0.0,0.0,0.0,0.0,0.0,WORKSTATION,0.0,0.0,0.0,0.0,0.0,0.0,0.0,0.0,0.0,0.0,165.008,FINITE_CAPACITY_BLOCKED,0.0,0.0,0.0,0.0,True,PHASE4_STEP8F_FINITE_CAPACITY_SCHEDULE_ALTERNATIVES,True
PHASE4-MPS-20260721170405,ALT-WIP,PSC-SKU-BIKE-ROAD-001-20260914,ROAD-OP-060,,WS-PACK,M-PACK-BENCH-001,PACKAGING_OPERATOR,,,,,,,0.0,435.0,1,435.0,435.0,435.0,,,0.0,435.0,0.0,0.0,0.0,0.0,0.0,0.0,WORKSTATION,0.0,672.6206,0.0,0.0,672.6206,11.2103,0.0,11.2103,0.0,0.0,129.4918,FINITE_CAPACITY_BLOCKED,11.2103,1569.4481,0.0,0.0,True,PHASE4_STEP8F_FINITE_CAPACITY_SCHEDULE_ALTERNATIVES,True
PHASE4-MPS-20260721170405,ALT-WIP,PSC-SKU-BIKE-MT-001-20260921,MT-OP-010,SEG-ALT-WIP-PSC-SKU-BIKE-MT-001-20260921-MT-OP-010-01;SEG-ALT-WIP-PSC-SKU-BIKE-MT-001-20260921-MT-OP-010-02;SEG-ALT-WIP-PSC-SKU-BIKE-MT-001-20260921-MT-OP-010-03,WS-FRAME-PREP,M-FRAME-JIG-001,FRAME_TECHNICIAN,2026-10-20,2026-10-20,SHIFT-A,2026-10-20,SHIFT-A,WIN-20261020-SHIFT-A;WIN-20261021-SHIFT-A;WIN-20261022-SHIFT-A,1305.0,435.0,2,2610.0,2610.0,2610.0,M-FRAME-JIG-001#01=670.5097,FRAME_TECHNICIAN#01=670.5097,670.5097,1939.4903,25.69,25.69,25.69,25.69,25.69,25.69,WORKSTATION,379.4933,670.5097,670.5097,254.9969,0.0,11.1752,0.0,11.1752,21.75,51.3801,202.7045,FINITE_CAPACITY_FEASIBLE,0.0,0.0,0.0,0.0,True,PHASE4_STEP8F_FINITE_CAPACITY_SCHEDULE_ALTERNATIVES,True
PHASE4-MPS-20260721170405,ALT-WIP,PSC-SKU-BIKE-MT-001-20260921,MT-OP-020,,WS-FORK-SUSP,M-FORK-BENCH-001,SUSPENSION_TECHNICIAN,,,,,,,0.0,435.0,2,870.0,870.0,870.0,,,0.0,870.0,0.0,0.0,0.0,0.0,0.0,0.0,WORKSTATION,0.0,0.0,0.0,0.0,0.0,0.0,0.0,0.0,0.0,0.0,118.6224,FINITE_CAPACITY_BLOCKED,0.0,0.0,0.0,0.0,True,PHASE4_STEP8F_FINITE_CAPACITY_SCHEDULE_ALTERNATIVES,True
PHASE4-MPS-20260721170405,ALT-WIP,PSC-SKU-BIKE-MT-001-20260921,MT-OP-030,,WS-WHEEL-SUB,M-WHEEL-TRUE-001,WHEEL_ASSEMBLY_TECHNICIAN,,,,,,,0.0,435.0,3,1305.0,1305.0,1305.0,,,0.0,1305.0,0.0,0.0,0.0,0.0,0.0,0.0,WORKSTATION,0.0,0.0,0.0,0.0,0.0,0.0,0.0,0.0,0.0,0.0,252.5983,FINITE_CAPACITY_BLOCKED,0.0,0.0,0.0,0.0,True,PHASE4_STEP8F_FINITE_CAPACITY_SCHEDULE_ALTERNATIVES,True
PHASE4-MPS-20260721170405,ALT-WIP,PSC-SKU-BIKE-MT-001-20260921,MT-OP-040,,WS-BRAKE-SUB,M-BRAKE-BENCH-001,BRAKE_ASSEMBLY_TECHNICIAN,,,,,,,0.0,435.0,2,870.0,870.0,870.0,,,0.0,870.0,0.0,0.0,0.0,0.0,0.0,0.0,WORKSTATION,0.0,0.0,0.0,0.0,0.0,0.0,0.0,0.0,0.0,0.0,187.8149,FINITE_CAPACITY_BLOCKED,0.0,0.0,0.0,0.0,True,PHASE4_STEP8F_FINITE_CAPACITY_SCHEDULE_ALTERNATIVES,True
PHASE4-MPS-20260721170405,ALT-WIP,PSC-SKU-BIKE-MT-001-20260921,MT-OP-050,,WS-FINAL-ASM,M-FINAL-STAND-001,FINAL_ASSEMBLY_OPERATOR,,,,,,,0.0,435.0,1,435.0,435.0,435.0,,,0.0,435.0,0.0,0.0,0.0,0.0,0.0,0.0,WORKSTATION,0.0,4195.398,0.0,0.0,4195.398,69.9233,0.0,69.9233,0.0,0.0,399.6048,FINITE_CAPACITY_BLOCKED,69.9233,9789.262,0.0,0.0,True,PHASE4_STEP8F_FINITE_CAPACITY_SCHEDULE_ALTERNATIVES,True
PHASE4-MPS-20260721170405,ALT-WIP,PSC-SKU-BIKE-MT-001-20260921,MT-OP-060,,WS-QC,M-QC-TOOLS-001,QUALITY_INSPECTOR,,,,,,,0.0,435.0,1,435.0,435.0,435.0,,,0.0,435.0,0.0,0.0,0.0,0.0,0.0,0.0,WORKSTATION,0.0,563.7671,0.0,0.0,563.7671,9.2628,0.1333,9.3961,0.0,0.0,165.008,FINITE_CAPACITY_BLOCKED,9.3961,1315.4566,0.0,0.0,True,PHASE4_STEP8F_FINITE_CAPACITY_SCHEDULE_ALTERNATIVES,True
PHASE4-MPS-20260721170405,ALT-WIP,PSC-SKU-BIKE-MT-001-20260921,MT-OP-070,,WS-PACK,M-PACK-BENCH-001,PACKAGING_OPERATOR,,,,,,,0.0,435.0,1,435.0,435.0,435.0,,,0.0,435.0,0.0,0.0,0.0,0.0,0.0,0.0,WORKSTATION,0.0,0.0,0.0,0.0,0.0,0.0,0.0,0.0,0.0,0.0,129.4918,FINITE_CAPACITY_BLOCKED,0.0,0.0,0.0,0.0,True,PHASE4_STEP8F_FINITE_CAPACITY_SCHEDULE_ALTERNATIVES,True
PHASE4-MPS-20260721170405,ALT-WIP,PSC-SKU-BIKE-ROAD-001-20260921,ROAD-OP-010,,WS-FRAME-PREP,M-FRAME-JIG-001,FRAME_TECHNICIAN,,,,,,,0.0,435.0,2,870.0,870.0,870.0,,,0.0,870.0,0.0,0.0,0.0,0.0,0.0,0.0,WORKSTATION,0.0,0.0,0.0,0.0,0.0,0.0,0.3,0.0,0.0,0.0,202.7045,FINITE_CAPACITY_BLOCKED,0.0,0.0,0.0,0.0,True,PHASE4_STEP8F_FINITE_CAPACITY_SCHEDULE_ALTERNATIVES,True
PHASE4-MPS-20260721170405,ALT-WIP,PSC-SKU-BIKE-ROAD-001-20260921,ROAD-OP-020,,WS-WHEEL-SUB,M-WHEEL-TRUE-001,WHEEL_ASSEMBLY_TECHNICIAN,,,,,,,0.0,435.0,3,1305.0,1305.0,1305.0,,,0.0,1305.0,0.0,0.0,0.0,0.0,0.0,0.0,WORKSTATION,0.0,0.0,0.0,0.0,0.0,0.0,0.1667,0.0,0.0,0.0,252.5983,FINITE_CAPACITY_BLOCKED,0.0,0.0,0.0,0.0,True,PHASE4_STEP8F_FINITE_CAPACITY_SCHEDULE_ALTERNATIVES,True
PHASE4-MPS-20260721170405,ALT-WIP,PSC-SKU-BIKE-ROAD-001-20260921,ROAD-OP-030,,WS-BRAKE-SUB,M-BRAKE-BENCH-001,BRAKE_ASSEMBLY_TECHNICIAN,,,,,,,0.0,435.0,2,870.0,870.0,870.0,,,0.0,870.0,0.0,0.0,0.0,0.0,0.0,0.0,WORKSTATION,0.0,0.0,0.0,0.0,0.0,0.0,0.2,0.0,0.0,0.0,187.8149,FINITE_CAPACITY_BLOCKED,0.0,0.0,0.0,0.0,True,PHASE4_STEP8F_FINITE_CAPACITY_SCHEDULE_ALTERNATIVES,True
PHASE4-MPS-20260721170405,ALT-WIP,PSC-SKU-BIKE-ROAD-001-20260921,ROAD-OP-040,,WS-FINAL-ASM,M-FINAL-STAND-001,FINAL_ASSEMBLY_OPERATOR,,,,,,,0.0,435.0,1,435.0,435.0,435.0,,,0.0,435.0,0.0,0.0,0.0,0.0,0.0,0.0,WORKSTATION,0.0,4524.558,0.0,0.0,4524.558,75.0093,0.4,75.4093,0.0,0.0,399.6048,FINITE_CAPACITY_BLOCKED,75.4093,10557.302,0.0,0.0,True,PHASE4_STEP8F_FINITE_CAPACITY_SCHEDULE_ALTERNATIVES,True
PHASE4-MPS-20260721170405,ALT-WIP,PSC-SKU-BIKE-ROAD-001-20260921,ROAD-OP-050,,WS-QC,M-QC-TOOLS-001,QUALITY_INSPECTOR,,,,,,,0.0,435.0,1,435.0,435.0,435.0,,,0.0,435.0,0.0,0.0,0.0,0.0,0.0,0.0,WORKSTATION,0.0,0.0,0.0,0.0,0.0,0.0,0.0,0.0,0.0,0.0,165.008,FINITE_CAPACITY_BLOCKED,0.0,0.0,0.0,0.0,True,PHASE4_STEP8F_FINITE_CAPACITY_SCHEDULE_ALTERNATIVES,True
PHASE4-MPS-20260721170405,ALT-WIP,PSC-SKU-BIKE-ROAD-001-20260921,ROAD-OP-060,,WS-PACK,M-PACK-BENCH-001,PACKAGING_OPERATOR,,,,,,,0.0,435.0,1,435.0,435.0,435.0,,,0.0,435.0,0.0,0.0,0.0,0.0,0.0,0.0,WORKSTATION,0.0,672.6206,0.0,0.0,672.6206,11.2103,0.0,11.2103,0.0,0.0,129.4918,FINITE_CAPACITY_BLOCKED,11.2103,1569.4481,0.0,0.0,True,PHASE4_STEP8F_FINITE_CAPACITY_SCHEDULE_ALTERNATIVES,True
PHASE4-MPS-20260721170405,ALT-WIP,PSC-SKU-BIKE-MT-001-20260928,MT-OP-010,SEG-ALT-WIP-PSC-SKU-BIKE-MT-001-20260928-MT-OP-010-01;SEG-ALT-WIP-PSC-SKU-BIKE-MT-001-20260928-MT-OP-010-02,WS-FRAME-PREP,M-FRAME-JIG-001,FRAME_TECHNICIAN,2026-10-20,2026-10-20,SHIFT-A,2026-10-20,SHIFT-A,WIN-20261020-SHIFT-A;WIN-20261021-SHIFT-A,870.0,435.0,2,1740.0,1740.0,1740.0,M-FRAME-JIG-001#02=300.684,FRAME_TECHNICIAN#02=300.684,300.684,1439.316,17.2807,17.2807,17.2807,17.2807,17.2807,17.2807,WORKSTATION,569.316,300.684,300.684,0.0,0.0,5.0114,0.0,5.0114,14.5,34.5614,34.5614,FINITE_CAPACITY_FEASIBLE,0.0,0.0,9.4886,75.9088,True,PHASE4_STEP8F_FINITE_CAPACITY_SCHEDULE_ALTERNATIVES,True
PHASE4-MPS-20260721170405,ALT-WIP,PSC-SKU-BIKE-MT-001-20260928,MT-OP-020,SEG-ALT-WIP-PSC-SKU-BIKE-MT-001-20260928-MT-OP-020-01;SEG-ALT-WIP-PSC-SKU-BIKE-MT-001-20260928-MT-OP-020-02,WS-FORK-SUSP,M-FORK-BENCH-001,SUSPENSION_TECHNICIAN,2026-09-14,2026-09-14,SHIFT-A,2026-09-14,SHIFT-A,WIN-20260914-SHIFT-A;WIN-20260915-SHIFT-A,870.0,435.0,2,1740.0,1740.0,1740.0,M-FORK-BENCH-001#02=368.826,SUSPENSION_TECHNICIAN#02=368.826,368.826,1371.174,21.1969,21.1969,21.1969,21.1969,21.1969,21.1969,WORKSTATION,501.174,368.826,368.826,0.0,0.0,6.1471,0.0,6.1471,14.5,42.3938,42.3938,FINITE_CAPACITY_FEASIBLE,0.0,0.0,8.3529,66.8232,True,PHASE4_STEP8F_FINITE_CAPACITY_SCHEDULE_ALTERNATIVES,True
PHASE4-MPS-20260721170405,ALT-WIP,PSC-SKU-BIKE-MT-001-20260928,MT-OP-030,SEG-ALT-WIP-PSC-SKU-BIKE-MT-001-20260928-MT-OP-030-01;SEG-ALT-WIP-PSC-SKU-BIKE-MT-001-20260928-MT-OP-030-02,WS-WHEEL-SUB,M-WHEEL-TRUE-001,WHEEL_ASSEMBLY_TECHNICIAN,2026-09-14,2026-09-14,SHIFT-A,2026-09-14,SHIFT-A,WIN-20260914-SHIFT-A;WIN-20260915-SHIFT-A,870.0,435.0,3,2610.0,2610.0,2610.0,M-WHEEL-TRUE-001#02=370.338,WHEEL_ASSEMBLY_TECHNICIAN#02=370.338,370.338,2239.662,14.1892,14.1892,14.1892,14.1892,14.1892,14.1892,WORKSTATION,499.662,370.338,370.338,0.0,0.0,6.1723,0.0,6.1723,14.5,42.5676,42.5676,FINITE_CAPACITY_FEASIBLE,0.0,0.0,8.3277,66.6216,True,PHASE4_STEP8F_FINITE_CAPACITY_SCHEDULE_ALTERNATIVES,True
PHASE4-MPS-20260721170405,ALT-WIP,PSC-SKU-BIKE-MT-001-20260928,MT-OP-040,SEG-ALT-WIP-PSC-SKU-BIKE-MT-001-20260928-MT-OP-040-01;SEG-ALT-WIP-PSC-SKU-BIKE-MT-001-20260928-MT-OP-040-02,WS-BRAKE-SUB,M-BRAKE-BENCH-001,BRAKE_ASSEMBLY_TECHNICIAN,2026-09-14,2026-09-14,SHIFT-A,2026-09-14,SHIFT-A,WIN-20260914-SHIFT-A;WIN-20260915-SHIFT-A,870.0,435.0,2,1740.0,1740.0,1740.0,M-BRAKE-BENCH-001#02=280.098,BRAKE_ASSEMBLY_TECHNICIAN#02=280.098,280.098,1459.902,16.0976,16.0976,16.0976,16.0976,16.0976,16.0976,WORKSTATION,589.902,280.098,280.098,0.0,0.0,4.6683,0.0,4.6683,14.5,32.1952,32.1952,FINITE_CAPACITY_FEASIBLE,0.0,0.0,9.8317,78.6536,True,PHASE4_STEP8F_FINITE_CAPACITY_SCHEDULE_ALTERNATIVES,True
PHASE4-MPS-20260721170405,ALT-WIP,PSC-SKU-BIKE-MT-001-20260928,MT-OP-050,SEG-ALT-WIP-PSC-SKU-BIKE-MT-001-20260928-MT-OP-050-01,WS-FINAL-ASM,M-FINAL-STAND-001,FINAL_ASSEMBLY_OPERATOR,2026-09-30,2026-09-30,SHIFT-A,2026-09-30,SHIFT-A,WIN-20260930-SHIFT-A,435.0,435.0,1,435.0,435.0,435.0,M-FINAL-STAND-001#01=15.7083,FINAL_ASSEMBLY_OPERATOR#01=15.7083,15.7083,419.2917,3.6111,3.6111,3.6111,3.6111,3.6111,3.6111,WORKSTATION,419.2917,599.34,15.7083,0.0,583.6317,9.989,0.0,9.989,7.25,3.6111,58.8177,FINITE_CAPACITY_PARTIAL_QUANTITY,9.7272,1361.8072,6.9882,55.9056,True,PHASE4_STEP8F_FINITE_CAPACITY_SCHEDULE_ALTERNATIVES,True
PHASE4-MPS-20260721170405,ALT-WIP,PSC-SKU-BIKE-MT-001-20260928,MT-OP-060,,WS-QC,M-QC-TOOLS-001,QUALITY_INSPECTOR,,,,,,,0.0,435.0,1,435.0,435.0,435.0,,,0.0,435.0,0.0,0.0,0.0,0.0,0.0,0.0,WORKSTATION,0.0,257.228,0.0,0.0,257.228,4.1538,0.1333,4.2871,0.0,0.0,24.1243,FINITE_CAPACITY_BLOCKED,4.2871,600.1987,0.0,0.0,True,PHASE4_STEP8F_FINITE_CAPACITY_SCHEDULE_ALTERNATIVES,True
PHASE4-MPS-20260721170405,ALT-WIP,PSC-SKU-BIKE-MT-001-20260928,MT-OP-070,,WS-PACK,M-PACK-BENCH-001,PACKAGING_OPERATOR,,,,,,,0.0,435.0,1,435.0,435.0,435.0,,,0.0,435.0,0.0,0.0,0.0,0.0,0.0,0.0,WORKSTATION,0.0,0.0,0.0,0.0,0.0,0.0,0.0,0.0,0.0,0.0,18.9323,FINITE_CAPACITY_BLOCKED,0.0,0.0,0.0,0.0,True,PHASE4_STEP8F_FINITE_CAPACITY_SCHEDULE_ALTERNATIVES,True
PHASE4-MPS-20260721170405,ALT-WIP,PSC-SKU-BIKE-ROAD-001-20260928,ROAD-OP-010,SEG-ALT-WIP-PSC-SKU-BIKE-ROAD-001-20260928-ROAD-OP-010-01;SEG-ALT-WIP-PSC-SKU-BIKE-ROAD-001-20260928-ROAD-OP-010-02,WS-FRAME-PREP,M-FRAME-JIG-001,FRAME_TECHNICIAN,2026-10-12,2026-10-12,SHIFT-A,2026-10-12,SHIFT-A,WIN-20261012-SHIFT-A;WIN-20261013-SHIFT-A,870.0,435.0,2,1740.0,1740.0,1740.0,M-FRAME-JIG-001#02=347.802,FRAME_TECHNICIAN#02=347.802,347.802,1392.198,19.9886,19.9886,19.9886,19.9886,19.9886,19.9886,WORKSTATION,522.198,347.802,347.802,0.0,0.0,5.4967,0.3,5.7967,14.5,39.9772,39.9772,FINITE_CAPACITY_FEASIBLE,0.0,0.0,8.7033,69.6264,True,PHASE4_STEP8F_FINITE_CAPACITY_SCHEDULE_ALTERNATIVES,True
PHASE4-MPS-20260721170405,ALT-WIP,PSC-SKU-BIKE-ROAD-001-20260928,ROAD-OP-020,SEG-ALT-WIP-PSC-SKU-BIKE-ROAD-001-20260928-ROAD-OP-020-01;SEG-ALT-WIP-PSC-SKU-BIKE-ROAD-001-20260928-ROAD-OP-020-02,WS-WHEEL-SUB,M-WHEEL-TRUE-001,WHEEL_ASSEMBLY_TECHNICIAN,2026-09-22,2026-09-22,SHIFT-A,2026-09-22,SHIFT-A,WIN-20260922-SHIFT-A;WIN-20260923-SHIFT-A,870.0,435.0,3,2610.0,2610.0,2610.0,M-WHEEL-TRUE-001#02=424.93,WHEEL_ASSEMBLY_TECHNICIAN#02=424.93,424.93,2185.07,16.2808,16.2808,16.2808,16.2808,16.2808,16.2808,WORKSTATION,445.07,424.93,424.93,0.0,0.0,6.9155,0.1667,7.0822,14.5,48.8425,48.8425,FINITE_CAPACITY_FEASIBLE,0.0,0.0,7.4178,59.3427,True,PHASE4_STEP8F_FINITE_CAPACITY_SCHEDULE_ALTERNATIVES,True
PHASE4-MPS-20260721170405,ALT-WIP,PSC-SKU-BIKE-ROAD-001-20260928,ROAD-OP-030,SEG-ALT-WIP-PSC-SKU-BIKE-ROAD-001-20260928-ROAD-OP-030-01;SEG-ALT-WIP-PSC-SKU-BIKE-ROAD-001-20260928-ROAD-OP-030-02,WS-BRAKE-SUB,M-BRAKE-BENCH-001,BRAKE_ASSEMBLY_TECHNICIAN,2026-09-22,2026-09-22,SHIFT-A,2026-09-22,SHIFT-A,WIN-20260922-SHIFT-A;WIN-20260923-SHIFT-A,870.0,435.0,2,1740.0,1740.0,1740.0,M-BRAKE-BENCH-001#02=315.798,BRAKE_ASSEMBLY_TECHNICIAN#02=315.798,315.798,1424.202,18.1493,18.1493,18.1493,18.1493,18.1493,18.1493,WORKSTATION,554.202,315.798,315.798,0.0,0.0,5.0633,0.2,5.2633,14.5,36.2986,36.2986,FINITE_CAPACITY_FEASIBLE,0.0,0.0,9.2367,73.8936,True,PHASE4_STEP8F_FINITE_CAPACITY_SCHEDULE_ALTERNATIVES,True
PHASE4-MPS-20260721170405,ALT-WIP,PSC-SKU-BIKE-ROAD-001-20260928,ROAD-OP-040,,WS-FINAL-ASM,M-FINAL-STAND-001,FINAL_ASSEMBLY_OPERATOR,,,,,,,0.0,435.0,1,435.0,435.0,435.0,,,0.0,435.0,0.0,0.0,0.0,0.0,0.0,0.0,WORKSTATION,0.0,666.936,0.0,0.0,666.936,10.7156,0.4,11.1156,0.0,0.0,58.8177,FINITE_CAPACITY_BLOCKED,11.1156,1556.184,0.0,0.0,True,PHASE4_STEP8F_FINITE_CAPACITY_SCHEDULE_ALTERNATIVES,True
PHASE4-MPS-20260721170405,ALT-WIP,PSC-SKU-BIKE-ROAD-001-20260928,ROAD-OP-050,,WS-QC,M-QC-TOOLS-001,QUALITY_INSPECTOR,,,,,,,0.0,435.0,1,435.0,435.0,435.0,,,0.0,435.0,0.0,0.0,0.0,0.0,0.0,0.0,WORKSTATION,0.0,0.0,0.0,0.0,0.0,0.0,0.0,0.0,0.0,0.0,24.1243,FINITE_CAPACITY_BLOCKED,0.0,0.0,0.0,0.0,True,PHASE4_STEP8F_FINITE_CAPACITY_SCHEDULE_ALTERNATIVES,True
PHASE4-MPS-20260721170405,ALT-WIP,PSC-SKU-BIKE-ROAD-001-20260928,ROAD-OP-060,,WS-PACK,M-PACK-BENCH-001,PACKAGING_OPERATOR,,,,,,,0.0,435.0,1,435.0,435.0,435.0,,,0.0,435.0,0.0,0.0,0.0,0.0,0.0,0.0,WORKSTATION,0.0,214.242,0.0,0.0,214.242,3.5707,0.0,3.5707,0.0,0.0,18.9323,FINITE_CAPACITY_BLOCKED,3.5707,499.898,0.0,0.0,True,PHASE4_STEP8F_FINITE_CAPACITY_SCHEDULE_ALTERNATIVES,True
PHASE4-MPS-20260721170405,ALT-MAINT,PSC-SKU-BIKE-MT-001-20260629,MT-OP-010,SEG-ALT-MAINT-PSC-SKU-BIKE-MT-001-20260629-MT-OP-010-01;SEG-ALT-MAINT-PSC-SKU-BIKE-MT-001-20260629-MT-OP-010-02;SEG-ALT-MAINT-PSC-SKU-BIKE-MT-001-20260629-MT-OP-010-03,WS-FRAME-PREP,M-FRAME-JIG-001,FRAME_TECHNICIAN,2026-06-29,2026-06-29,SHIFT-A,2026-06-29,SHIFT-A,WIN-20260629-SHIFT-A;WIN-20260630-SHIFT-A;WIN-20260701-SHIFT-A,1305.0,435.0,2,2610.0,2610.0,2610.0,M-FRAME-JIG-001#01=1147.944,FRAME_TECHNICIAN#01=1147.944,1147.944,1462.056,43.9825,43.9825,43.9825,43.9825,43.9825,43.9825,WORKSTATION,0.0,1147.944,1147.944,157.056,0.0,19.1324,0.0,19.1324,21.75,87.9651,111.2409,FINITE_CAPACITY_FEASIBLE,0.0,0.0,0.0,0.0,True,PHASE4_STEP8F_FINITE_CAPACITY_SCHEDULE_ALTERNATIVES,True
PHASE4-MPS-20260721170405,ALT-MAINT,PSC-SKU-BIKE-MT-001-20260629,MT-OP-020,SEG-ALT-MAINT-PSC-SKU-BIKE-MT-001-20260629-MT-OP-020-01;SEG-ALT-MAINT-PSC-SKU-BIKE-MT-001-20260629-MT-OP-020-02;SEG-ALT-MAINT-PSC-SKU-BIKE-MT-001-20260629-MT-OP-020-03;SEG-ALT-MAINT-PSC-SKU-BIKE-MT-001-20260629-MT-OP-020-04,WS-FORK-SUSP,M-FORK-BENCH-001,SUSPENSION_TECHNICIAN,2026-07-01,2026-07-01,SHIFT-A,2026-07-01,SHIFT-A,WIN-20260701-SHIFT-A;WIN-20260702-SHIFT-A;WIN-20260703-SHIFT-A;WIN-20260706-SHIFT-A,1740.0,435.0,2,3480.0,3480.0,3480.0,M-FORK-BENCH-001#01=1408.098,SUSPENSION_TECHNICIAN#01=1408.098,1408.098,2071.902,40.4626,40.4626,40.4626,40.4626,40.4626,40.4626,WORKSTATION,277.944,1408.098,1408.098,53.958,0.0,23.4683,0.0,23.4683,29.0,80.9252,80.9252,FINITE_CAPACITY_FEASIBLE,0.0,0.0,0.0,0.0,True,PHASE4_STEP8F_FINITE_CAPACITY_SCHEDULE_ALTERNATIVES,True
PHASE4-MPS-20260721170405,ALT-MAINT,PSC-SKU-BIKE-MT-001-20260629,MT-OP-030,SEG-ALT-MAINT-PSC-SKU-BIKE-MT-001-20260629-MT-OP-030-01;SEG-ALT-MAINT-PSC-SKU-BIKE-MT-001-20260629-MT-OP-030-02;SEG-ALT-MAINT-PSC-SKU-BIKE-MT-001-20260629-MT-OP-030-03;SEG-ALT-MAINT-PSC-SKU-BIKE-MT-001-20260629-MT-OP-030-04,WS-WHEEL-SUB,M-WHEEL-TRUE-001,WHEEL_ASSEMBLY_TECHNICIAN,2026-07-01,2026-07-01,SHIFT-A,2026-07-01,SHIFT-A,WIN-20260701-SHIFT-A;WIN-20260702-SHIFT-A;WIN-20260703-SHIFT-A;WIN-20260706-SHIFT-A,1740.0,435.0,3,5220.0,5220.0,5220.0,M-WHEEL-TRUE-001#01=1413.87,WHEEL_ASSEMBLY_TECHNICIAN#01=1413.87,1413.87,3806.13,27.0856,27.0856,27.0856,27.0856,27.0856,27.0856,WORKSTATION,277.944,1413.87,1413.87,48.186,0.0,23.5645,0.0,23.5645,29.0,81.2569,138.0477,FINITE_CAPACITY_FEASIBLE,0.0,0.0,0.0,0.0,True,PHASE4_STEP8F_FINITE_CAPACITY_SCHEDULE_ALTERNATIVES,True
PHASE4-MPS-20260721170405,ALT-MAINT,PSC-SKU-BIKE-MT-001-20260629,MT-OP-040,SEG-ALT-MAINT-PSC-SKU-BIKE-MT-001-20260629-MT-OP-040-01;SEG-ALT-MAINT-PSC-SKU-BIKE-MT-001-20260629-MT-OP-040-02;SEG-ALT-MAINT-PSC-SKU-BIKE-MT-001-20260629-MT-OP-040-03;SEG-ALT-MAINT-PSC-SKU-BIKE-MT-001-20260629-MT-OP-040-04,WS-BRAKE-SUB,M-BRAKE-BENCH-001,BRAKE_ASSEMBLY_TECHNICIAN,2026-07-01,2026-07-01,SHIFT-A,2026-07-01,SHIFT-A,WIN-20260701-SHIFT-A;WIN-20260702-SHIFT-A;WIN-20260703-SHIFT-A;WIN-20260706-SHIFT-A,1740.0,435.0,2,3480.0,3480.0,3480.0,M-BRAKE-BENCH-001#01=1069.356,BRAKE_ASSEMBLY_TECHNICIAN#01=1069.356,1069.356,2410.644,30.7286,30.7286,30.7286,30.7286,30.7286,30.7286,WORKSTATION,277.944,1069.356,1069.356,392.7,0.0,17.8226,0.0,17.8226,29.0,61.4572,102.6778,FINITE_CAPACITY_FEASIBLE,0.0,0.0,0.0,0.0,True,PHASE4_STEP8F_FINITE_CAPACITY_SCHEDULE_ALTERNATIVES,True
PHASE4-MPS-20260721170405,ALT-MAINT,PSC-SKU-BIKE-MT-001-20260629,MT-OP-050,SEG-ALT-MAINT-PSC-SKU-BIKE-MT-001-20260629-MT-OP-050-01;SEG-ALT-MAINT-PSC-SKU-BIKE-MT-001-20260629-MT-OP-050-02;SEG-ALT-MAINT-PSC-SKU-BIKE-MT-001-20260629-MT-OP-050-03;SEG-ALT-MAINT-PSC-SKU-BIKE-MT-001-20260629-MT-OP-050-04;SEG-ALT-MAINT-PSC-SKU-BIKE-MT-001-20260629-MT-OP-050-05;SEG-ALT-MAINT-PSC-SKU-BIKE-MT-001-20260629-MT-OP-050-06;SEG-ALT-MAINT-PSC-SKU-BIKE-MT-001-20260629-MT-OP-050-07,WS-FINAL-ASM,M-FINAL-STAND-001,FINAL_ASSEMBLY_OPERATOR,2026-07-06,2026-07-06,SHIFT-A,2026-07-06,SHIFT-A,WIN-20260706-SHIFT-A;WIN-20260707-SHIFT-A;WIN-20260708-SHIFT-A;WIN-20260709-SHIFT-A;WIN-20260710-SHIFT-A;WIN-20260713-SHIFT-A;WIN-20260714-SHIFT-A,3045.0,435.0,1,3045.0,3045.0,3045.0,M-FINAL-STAND-001#01=2288.16,FINAL_ASSEMBLY_OPERATOR#01=2288.16,2288.16,756.84,75.1448,75.1448,75.1448,75.1448,75.1448,75.1448,WORKSTATION,381.042,2288.16,2288.16,375.798,0.0,38.136,0.0,38.136,50.75,75.1448,218.4047,FINITE_CAPACITY_FEASIBLE,0.0,0.0,0.0,0.0,True,PHASE4_STEP8F_FINITE_CAPACITY_SCHEDULE_ALTERNATIVES,True
PHASE4-MPS-20260721170405,ALT-MAINT,PSC-SKU-BIKE-MT-001-20260629,MT-OP-060,SEG-ALT-MAINT-PSC-SKU-BIKE-MT-001-20260629-MT-OP-060-01;SEG-ALT-MAINT-PSC-SKU-BIKE-MT-001-20260629-MT-OP-060-02;SEG-ALT-MAINT-PSC-SKU-BIKE-MT-001-20260629-MT-OP-060-03,WS-QC,M-QC-TOOLS-001,QUALITY_INSPECTOR,2026-07-14,2026-07-14,SHIFT-A,2026-07-14,SHIFT-A,WIN-20260714-SHIFT-A;WIN-20260715-SHIFT-A;WIN-20260716-SHIFT-A,1305.0,435.0,1,1305.0,1305.0,1305.0,M-QC-TOOLS-001#01=951.498,QUALITY_INSPECTOR#01=951.498,951.498,353.502,72.9117,72.9117,72.9117,72.9117,72.9117,72.9117,WORKSTATION,59.202,951.498,951.498,294.3,0.0,15.8583,0.0,15.8583,21.75,72.9117,90.0999,FINITE_CAPACITY_FEASIBLE,0.0,0.0,0.0,0.0,True,PHASE4_STEP8F_FINITE_CAPACITY_SCHEDULE_ALTERNATIVES,True
PHASE4-MPS-20260721170405,ALT-MAINT,PSC-SKU-BIKE-MT-001-20260629,MT-OP-070,SEG-ALT-MAINT-PSC-SKU-BIKE-MT-001-20260629-MT-OP-070-01;SEG-ALT-MAINT-PSC-SKU-BIKE-MT-001-20260629-MT-OP-070-02,WS-PACK,M-PACK-BENCH-001,PACKAGING_OPERATOR,2026-07-16,2026-07-16,SHIFT-A,2026-07-16,SHIFT-A,WIN-20260716-SHIFT-A;WIN-20260717-SHIFT-A,870.0,435.0,1,870.0,870.0,870.0,M-PACK-BENCH-001#01=718.764,PACKAGING_OPERATOR#01=718.764,718.764,151.236,82.6166,82.6166,82.6166,82.6166,82.6166,82.6166,WORKSTATION,140.7,718.764,718.764,10.536,0.0,11.9794,0.0,11.9794,14.5,82.6166,82.6166,FINITE_CAPACITY_FEASIBLE,0.0,0.0,0.0,0.0,True,PHASE4_STEP8F_FINITE_CAPACITY_SCHEDULE_ALTERNATIVES,True
PHASE4-MPS-20260721170405,ALT-MAINT,PSC-SKU-BIKE-ROAD-001-20260629,ROAD-OP-010,SEG-ALT-MAINT-PSC-SKU-BIKE-ROAD-001-20260629-ROAD-OP-010-01;SEG-ALT-MAINT-PSC-SKU-BIKE-ROAD-001-20260629-ROAD-OP-010-02;SEG-ALT-MAINT-PSC-SKU-BIKE-ROAD-001-20260629-ROAD-OP-010-03,WS-FRAME-PREP,M-FRAME-JIG-001,FRAME_TECHNICIAN,2026-06-29,2026-06-29,SHIFT-A,2026-06-29,SHIFT-A,WIN-20260629-SHIFT-A;WIN-20260630-SHIFT-A;WIN-20260701-SHIFT-A,1305.0,435.0,2,2610.0,2610.0,2610.0,M-FRAME-JIG-001#02=1271.982,FRAME_TECHNICIAN#02=1271.982,1271.982,1338.018,48.7349,48.7349,48.7349,48.7349,48.7349,48.7349,WORKSTATION,33.018,1271.982,1271.982,0.0,0.0,20.8997,0.3,21.1997,21.75,97.4699,111.2409,FINITE_CAPACITY_FEASIBLE,0.0,0.0,0.0,0.0,True,PHASE4_STEP8F_FINITE_CAPACITY_SCHEDULE_ALTERNATIVES,True
PHASE4-MPS-20260721170405,ALT-MAINT,PSC-SKU-BIKE-ROAD-001-20260629,ROAD-OP-020,SEG-ALT-MAINT-PSC-SKU-BIKE-ROAD-001-20260629-ROAD-OP-020-01;SEG-ALT-MAINT-PSC-SKU-BIKE-ROAD-001-20260629-ROAD-OP-020-02;SEG-ALT-MAINT-PSC-SKU-BIKE-ROAD-001-20260629-ROAD-OP-020-03;SEG-ALT-MAINT-PSC-SKU-BIKE-ROAD-001-20260629-ROAD-OP-020-04;SEG-ALT-MAINT-PSC-SKU-BIKE-ROAD-001-20260629-ROAD-OP-020-05,WS-WHEEL-SUB,M-WHEEL-TRUE-001,WHEEL_ASSEMBLY_TECHNICIAN,2026-07-01,2026-07-01,SHIFT-A,2026-07-01,SHIFT-A,WIN-20260701-SHIFT-A;WIN-20260702-SHIFT-A;WIN-20260703-SHIFT-A;WIN-20260706-SHIFT-A;WIN-20260707-SHIFT-A,2175.0,435.0,3,6525.0,6525.0,6525.0,M-WHEEL-TRUE-001#02=1587.664,WHEEL_ASSEMBLY_TECHNICIAN#02=1587.664,1587.664,4937.336,24.332,24.332,24.332,24.332,24.332,24.332,WORKSTATION,401.982,1587.664,1587.664,185.354,0.0,26.2944,0.1667,26.4611,36.25,72.996,138.0477,FINITE_CAPACITY_FEASIBLE,0.0,0.0,0.0,0.0,True,PHASE4_STEP8F_FINITE_CAPACITY_SCHEDULE_ALTERNATIVES,True
PHASE4-MPS-20260721170405,ALT-MAINT,PSC-SKU-BIKE-ROAD-001-20260629,ROAD-OP-030,SEG-ALT-MAINT-PSC-SKU-BIKE-ROAD-001-20260629-ROAD-OP-030-01;SEG-ALT-MAINT-PSC-SKU-BIKE-ROAD-001-20260629-ROAD-OP-030-02;SEG-ALT-MAINT-PSC-SKU-BIKE-ROAD-001-20260629-ROAD-OP-030-03;SEG-ALT-MAINT-PSC-SKU-BIKE-ROAD-001-20260629-ROAD-OP-030-04,WS-BRAKE-SUB,M-BRAKE-BENCH-001,BRAKE_ASSEMBLY_TECHNICIAN,2026-07-01,2026-07-01,SHIFT-A,2026-07-01,SHIFT-A,WIN-20260701-SHIFT-A;WIN-20260702-SHIFT-A;WIN-20260703-SHIFT-A;WIN-20260706-SHIFT-A,1740.0,435.0,2,3480.0,3480.0,3480.0,M-BRAKE-BENCH-001#02=1167.108,BRAKE_ASSEMBLY_TECHNICIAN#02=1167.108,1167.108,2312.892,33.5376,33.5376,33.5376,33.5376,33.5376,33.5376,WORKSTATION,444.282,1167.108,1167.108,128.61,0.0,19.2518,0.2,19.4518,29.0,67.0752,102.6778,FINITE_CAPACITY_FEASIBLE,0.0,0.0,0.0,0.0,True,PHASE4_STEP8F_FINITE_CAPACITY_SCHEDULE_ALTERNATIVES,True
PHASE4-MPS-20260721170405,ALT-MAINT,PSC-SKU-BIKE-ROAD-001-20260629,ROAD-OP-040,SEG-ALT-MAINT-PSC-SKU-BIKE-ROAD-001-20260629-ROAD-OP-040-01;SEG-ALT-MAINT-PSC-SKU-BIKE-ROAD-001-20260629-ROAD-OP-040-02;SEG-ALT-MAINT-PSC-SKU-BIKE-ROAD-001-20260629-ROAD-OP-040-03;SEG-ALT-MAINT-PSC-SKU-BIKE-ROAD-001-20260629-ROAD-OP-040-04;SEG-ALT-MAINT-PSC-SKU-BIKE-ROAD-001-20260629-ROAD-OP-040-05;SEG-ALT-MAINT-PSC-SKU-BIKE-ROAD-001-20260629-ROAD-OP-040-06,WS-FINAL-ASM,M-FINAL-STAND-001,FINAL_ASSEMBLY_OPERATOR,2026-07-14,2026-07-14,SHIFT-A,2026-07-14,SHIFT-A,WIN-20260714-SHIFT-A;WIN-20260715-SHIFT-A;WIN-20260716-SHIFT-A;WIN-20260717-SHIFT-A;WIN-20260720-SHIFT-A;WIN-20260721-SHIFT-A,2610.0,435.0,1,2610.0,2610.0,2610.0,M-FINAL-STAND-001#01=2468.604,FINAL_ASSEMBLY_OPERATOR#01=2468.604,2468.604,141.396,94.5825,94.5825,94.5825,94.5825,94.5825,94.5825,WORKSTATION,59.202,2468.604,2468.604,82.194,0.0,40.7434,0.4,41.1434,43.5,94.5825,218.4047,FINITE_CAPACITY_FEASIBLE,0.0,0.0,0.0,0.0,True,PHASE4_STEP8F_FINITE_CAPACITY_SCHEDULE_ALTERNATIVES,True
PHASE4-MPS-20260721170405,ALT-MAINT,PSC-SKU-BIKE-ROAD-001-20260629,ROAD-OP-050,SEG-ALT-MAINT-PSC-SKU-BIKE-ROAD-001-20260629-ROAD-OP-050-01;SEG-ALT-MAINT-PSC-SKU-BIKE-ROAD-001-20260629-ROAD-OP-050-02;SEG-ALT-MAINT-PSC-SKU-BIKE-ROAD-001-20260629-ROAD-OP-050-03,WS-QC,M-QC-TOOLS-001,QUALITY_INSPECTOR,2026-07-21,2026-07-21,SHIFT-A,2026-07-21,SHIFT-A,WIN-20260721-SHIFT-A;WIN-20260722-SHIFT-A;WIN-20260723-SHIFT-A,1305.0,435.0,1,1305.0,1305.0,1305.0,M-QC-TOOLS-001#01=750.6647,QUALITY_INSPECTOR#01=750.6647,750.6647,554.3353,57.5222,57.5222,57.5222,57.5222,57.5222,57.5222,WORKSTATION,352.806,750.6647,750.6647,201.5293,0.0,12.3777,0.1333,12.5111,21.75,57.5222,90.0999,FINITE_CAPACITY_FEASIBLE,0.0,0.0001,0.0,0.0,True,PHASE4_STEP8F_FINITE_CAPACITY_SCHEDULE_ALTERNATIVES,True
PHASE4-MPS-20260721170405,ALT-MAINT,PSC-SKU-BIKE-ROAD-001-20260629,ROAD-OP-060,SEG-ALT-MAINT-PSC-SKU-BIKE-ROAD-001-20260629-ROAD-OP-060-01;SEG-ALT-MAINT-PSC-SKU-BIKE-ROAD-001-20260629-ROAD-OP-060-02;SEG-ALT-MAINT-PSC-SKU-BIKE-ROAD-001-20260629-ROAD-OP-060-03,WS-PACK,M-PACK-BENCH-001,PACKAGING_OPERATOR,2026-07-23,2026-07-23,SHIFT-A,2026-07-23,SHIFT-A,WIN-20260723-SHIFT-A;WIN-20260724-SHIFT-A;WIN-20260727-SHIFT-A,1305.0,435.0,1,1305.0,1305.0,1305.0,M-PACK-BENCH-001#01=820.608,PACKAGING_OPERATOR#01=820.608,820.608,484.392,62.8818,62.8818,62.8818,62.8818,62.8818,62.8818,WORKSTATION,233.4707,820.608,820.608,250.9213,0.0,13.5768,0.1,13.6768,21.75,62.8818,70.7019,FINITE_CAPACITY_FEASIBLE,0.0,0.0,0.0,0.0,True,PHASE4_STEP8F_FINITE_CAPACITY_SCHEDULE_ALTERNATIVES,True
PHASE4-MPS-20260721170405,ALT-MAINT,PSC-SKU-BIKE-MT-001-20260706,MT-OP-010,SEG-ALT-MAINT-PSC-SKU-BIKE-MT-001-20260706-MT-OP-010-01;SEG-ALT-MAINT-PSC-SKU-BIKE-MT-001-20260706-MT-OP-010-02;SEG-ALT-MAINT-PSC-SKU-BIKE-MT-001-20260706-MT-OP-010-03;SEG-ALT-MAINT-PSC-SKU-BIKE-MT-001-20260706-MT-OP-010-04;SEG-ALT-MAINT-PSC-SKU-BIKE-MT-001-20260706-MT-OP-010-05,WS-FRAME-PREP,M-FRAME-JIG-001,FRAME_TECHNICIAN,2026-07-06,2026-07-06,SHIFT-A,2026-07-06,SHIFT-A,WIN-20260706-SHIFT-A;WIN-20260707-SHIFT-A;WIN-20260708-SHIFT-A;WIN-20260709-SHIFT-A;WIN-20260710-SHIFT-A,2175.0,435.0,2,4350.0,4350.0,4350.0,M-FRAME-JIG-001#01=2122.782,FRAME_TECHNICIAN#01=2122.782,2122.782,2227.218,48.7996,48.7996,48.7996,48.7996,48.7996,48.7996,WORKSTATION,0.0,2122.782,2122.782,52.218,0.0,35.0797,0.3,35.3797,36.25,97.5992,202.2771,FINITE_CAPACITY_FEASIBLE,0.0,0.0,0.0,0.0,True,PHASE4_STEP8F_FINITE_CAPACITY_SCHEDULE_ALTERNATIVES,True
PHASE4-MPS-20260721170405,ALT-MAINT,PSC-SKU-BIKE-MT-001-20260706,MT-OP-020,SEG-ALT-MAINT-PSC-SKU-BIKE-MT-001-20260706-MT-OP-020-01;SEG-ALT-MAINT-PSC-SKU-BIKE-MT-001-20260706-MT-OP-020-02;SEG-ALT-MAINT-PSC-SKU-BIKE-MT-001-20260706-MT-OP-020-03;SEG-ALT-MAINT-PSC-SKU-BIKE-MT-001-20260706-MT-OP-020-04;SEG-ALT-MAINT-PSC-SKU-BIKE-MT-001-20260706-MT-OP-020-05;SEG-ALT-MAINT-PSC-SKU-BIKE-MT-001-20260706-MT-OP-020-06;SEG-ALT-MAINT-PSC-SKU-BIKE-MT-001-20260706-MT-OP-020-07,WS-FORK-SUSP,M-FORK-BENCH-001,SUSPENSION_TECHNICIAN,2026-07-10,2026-07-10,SHIFT-A,2026-07-10,SHIFT-A,WIN-20260710-SHIFT-A;WIN-20260713-SHIFT-A;WIN-20260714-SHIFT-A;WIN-20260715-SHIFT-A;WIN-20260716-SHIFT-A;WIN-20260717-SHIFT-A;WIN-20260720-SHIFT-A,3045.0,435.0,2,6090.0,6090.0,6090.0,M-FORK-BENCH-001#01=2581.776,SUSPENSION_TECHNICIAN#01=2581.776,2581.776,3508.224,42.3937,42.3937,42.3937,42.3937,42.3937,42.3937,WORKSTATION,382.782,2581.776,2581.776,80.442,0.0,43.0296,0.0,43.0296,50.75,84.7874,118.6224,FINITE_CAPACITY_FEASIBLE,0.0,0.0,0.0,0.0,True,PHASE4_STEP8F_FINITE_CAPACITY_SCHEDULE_ALTERNATIVES,True
PHASE4-MPS-20260721170405,ALT-MAINT,PSC-SKU-BIKE-MT-001-20260706,MT-OP-030,SEG-ALT-MAINT-PSC-SKU-BIKE-MT-001-20260706-MT-OP-030-01;SEG-ALT-MAINT-PSC-SKU-BIKE-MT-001-20260706-MT-OP-030-02;SEG-ALT-MAINT-PSC-SKU-BIKE-MT-001-20260706-MT-OP-030-03;SEG-ALT-MAINT-PSC-SKU-BIKE-MT-001-20260706-MT-OP-030-04;SEG-ALT-MAINT-PSC-SKU-BIKE-MT-001-20260706-MT-OP-030-05;SEG-ALT-MAINT-PSC-SKU-BIKE-MT-001-20260706-MT-OP-030-06;SEG-ALT-MAINT-PSC-SKU-BIKE-MT-001-20260706-MT-OP-030-07,WS-WHEEL-SUB,M-WHEEL-TRUE-001,WHEEL_ASSEMBLY_TECHNICIAN,2026-07-10,2026-07-10,SHIFT-A,2026-07-10,SHIFT-A,WIN-20260710-SHIFT-A;WIN-20260713-SHIFT-A;WIN-20260714-SHIFT-A;WIN-20260715-SHIFT-A;WIN-20260716-SHIFT-A;WIN-20260717-SHIFT-A;WIN-20260720-SHIFT-A,3045.0,435.0,3,9135.0,9135.0,9135.0,M-WHEEL-TRUE-001#01=2535.8814,WHEEL_ASSEMBLY_TECHNICIAN#01=2535.8814,2535.8814,6599.1186,27.7601,27.7601,27.7601,27.7601,27.7601,27.7601,WORKSTATION,382.782,2535.8814,2535.8814,126.3366,0.0,42.098,0.1667,42.2647,50.75,83.2802,252.058,FINITE_CAPACITY_FEASIBLE,0.0,0.0,0.0,0.0,True,PHASE4_STEP8F_FINITE_CAPACITY_SCHEDULE_ALTERNATIVES,True
PHASE4-MPS-20260721170405,ALT-MAINT,PSC-SKU-BIKE-MT-001-20260706,MT-OP-040,SEG-ALT-MAINT-PSC-SKU-BIKE-MT-001-20260706-MT-OP-040-01;SEG-ALT-MAINT-PSC-SKU-BIKE-MT-001-20260706-MT-OP-040-02;SEG-ALT-MAINT-PSC-SKU-BIKE-MT-001-20260706-MT-OP-040-03;SEG-ALT-MAINT-PSC-SKU-BIKE-MT-001-20260706-MT-OP-040-04;SEG-ALT-MAINT-PSC-SKU-BIKE-MT-001-20260706-MT-OP-040-05;SEG-ALT-MAINT-PSC-SKU-BIKE-MT-001-20260706-MT-OP-040-06,WS-BRAKE-SUB,M-BRAKE-BENCH-001,BRAKE_ASSEMBLY_TECHNICIAN,2026-07-10,2026-07-10,SHIFT-A,2026-07-10,SHIFT-A,WIN-20260710-SHIFT-A;WIN-20260713-SHIFT-A;WIN-20260714-SHIFT-A;WIN-20260715-SHIFT-A;WIN-20260716-SHIFT-A;WIN-20260717-SHIFT-A,2610.0,435.0,2,5220.0,5220.0,5220.0,M-BRAKE-BENCH-001#01=1972.686,BRAKE_ASSEMBLY_TECHNICIAN#01=1972.686,1972.686,3247.314,37.7909,37.7909,37.7909,37.7909,37.7909,37.7909,WORKSTATION,382.782,1972.686,1972.686,254.532,0.0,32.6781,0.2,32.8781,43.5,75.5818,187.4195,FINITE_CAPACITY_FEASIBLE,0.0,0.0,0.0,0.0,True,PHASE4_STEP8F_FINITE_CAPACITY_SCHEDULE_ALTERNATIVES,True
PHASE4-MPS-20260721170405,ALT-MAINT,PSC-SKU-BIKE-MT-001-20260706,MT-OP-050,SEG-ALT-MAINT-PSC-SKU-BIKE-MT-001-20260706-MT-OP-050-01;SEG-ALT-MAINT-PSC-SKU-BIKE-MT-001-20260706-MT-OP-050-02;SEG-ALT-MAINT-PSC-SKU-BIKE-MT-001-20260706-MT-OP-050-03;SEG-ALT-MAINT-PSC-SKU-BIKE-MT-001-20260706-MT-OP-050-04;SEG-ALT-MAINT-PSC-SKU-BIKE-MT-001-20260706-MT-OP-050-05;SEG-ALT-MAINT-PSC-SKU-BIKE-MT-001-20260706-MT-OP-050-06;SEG-ALT-MAINT-PSC-SKU-BIKE-MT-001-20260706-MT-OP-050-07;SEG-ALT-MAINT-PSC-SKU-BIKE-MT-001-20260706-MT-OP-050-08;SEG-ALT-MAINT-PSC-SKU-BIKE-MT-001-20260706-MT-OP-050-09,WS-FINAL-ASM,M-FINAL-STAND-001,FINAL_ASSEMBLY_OPERATOR,2026-07-21,2026-07-21,SHIFT-A,2026-07-21,SHIFT-A,WIN-20260721-SHIFT-A;WIN-20260722-SHIFT-A;WIN-20260723-SHIFT-A;WIN-20260724-SHIFT-A;WIN-20260727-SHIFT-A;WIN-20260728-SHIFT-A;WIN-20260729-SHIFT-A;WIN-20260730-SHIFT-A;WIN-20260731-SHIFT-A,3915.0,435.0,1,3915.0,3915.0,3915.0,M-FINAL-STAND-001#01=3294.2413,FINAL_ASSEMBLY_OPERATOR#01=3294.2413,3294.2413,620.7587,84.1441,84.1441,84.1441,84.1441,84.1441,84.1441,WORKSTATION,352.806,3294.2413,3294.2413,267.9527,0.0,54.504,0.4,54.904,65.25,84.1441,398.7676,FINITE_CAPACITY_FEASIBLE,0.0,0.0,0.0,0.0,True,PHASE4_STEP8F_FINITE_CAPACITY_SCHEDULE_ALTERNATIVES,True
PHASE4-MPS-20260721170405,ALT-MAINT,PSC-SKU-BIKE-MT-001-20260706,MT-OP-060,SEG-ALT-MAINT-PSC-SKU-BIKE-MT-001-20260706-MT-OP-060-01;SEG-ALT-MAINT-PSC-SKU-BIKE-MT-001-20260706-MT-OP-060-02;SEG-ALT-MAINT-PSC-SKU-BIKE-MT-001-20260706-MT-OP-060-03,WS-QC,M-QC-TOOLS-001,QUALITY_INSPECTOR,2026-07-31,2026-07-31,SHIFT-A,2026-07-31,SHIFT-A,WIN-20260731-SHIFT-A;WIN-20260803-SHIFT-A;WIN-20260804-SHIFT-A,1305.0,435.0,1,1305.0,1305.0,1305.0,M-QC-TOOLS-001#01=959.918,QUALITY_INSPECTOR#01=959.918,959.918,345.082,73.5569,73.5569,73.5569,73.5569,73.5569,73.5569,WORKSTATION,167.0473,959.918,959.918,178.0347,0.0,15.8653,0.1333,15.9986,21.75,73.5569,164.6642,FINITE_CAPACITY_FEASIBLE,0.0,0.0,0.0,0.0,True,PHASE4_STEP8F_FINITE_CAPACITY_SCHEDULE_ALTERNATIVES,True
PHASE4-MPS-20260721170405,ALT-MAINT,PSC-SKU-BIKE-MT-001-20260706,MT-OP-070,SEG-ALT-MAINT-PSC-SKU-BIKE-MT-001-20260706-MT-OP-070-01;SEG-ALT-MAINT-PSC-SKU-BIKE-MT-001-20260706-MT-OP-070-02;SEG-ALT-MAINT-PSC-SKU-BIKE-MT-001-20260706-MT-OP-070-03,WS-PACK,M-PACK-BENCH-001,PACKAGING_OPERATOR,2026-08-04,2026-08-04,SHIFT-A,2026-08-04,SHIFT-A,WIN-20260804-SHIFT-A;WIN-20260805-SHIFT-A;WIN-20260806-SHIFT-A,1305.0,435.0,1,1305.0,1305.0,1305.0,M-PACK-BENCH-001#01=1033.2619,PACKAGING_OPERATOR#01=1033.2619,1033.2619,271.7381,79.1772,79.1772,79.1772,79.1772,79.1772,79.1772,WORKSTATION,256.9653,1033.2619,1033.2619,14.7728,0.0,17.121,0.1,17.221,21.75,79.1772,129.2125,FINITE_CAPACITY_FEASIBLE,0.0,0.0,0.0,0.0,True,PHASE4_STEP8F_FINITE_CAPACITY_SCHEDULE_ALTERNATIVES,True
PHASE4-MPS-20260721170405,ALT-MAINT,PSC-SKU-BIKE-ROAD-001-20260706,ROAD-OP-010,SEG-ALT-MAINT-PSC-SKU-BIKE-ROAD-001-20260706-ROAD-OP-010-01;SEG-ALT-MAINT-PSC-SKU-BIKE-ROAD-001-20260706-ROAD-OP-010-02;SEG-ALT-MAINT-PSC-SKU-BIKE-ROAD-001-20260706-ROAD-OP-010-03;SEG-ALT-MAINT-PSC-SKU-BIKE-ROAD-001-20260706-ROAD-OP-010-04;SEG-ALT-MAINT-PSC-SKU-BIKE-ROAD-001-20260706-ROAD-OP-010-05,WS-FRAME-PREP,M-FRAME-JIG-001,FRAME_TECHNICIAN,2026-07-06,2026-07-06,SHIFT-A,2026-07-06,SHIFT-A,WIN-20260706-SHIFT-A;WIN-20260707-SHIFT-A;WIN-20260708-SHIFT-A;WIN-20260709-SHIFT-A;WIN-20260710-SHIFT-A,2175.0,435.0,2,4350.0,4350.0,4350.0,M-FRAME-JIG-001#02=1875.7652,FRAME_TECHNICIAN#02=1875.7652,1875.7652,2474.2348,43.121,43.121,43.121,43.121,43.121,43.121,WORKSTATION,299.2348,1875.7652,1875.7652,0.0,0.0,30.9628,0.3,31.2628,36.25,86.2421,202.2771,FINITE_CAPACITY_FEASIBLE,0.0,0.0,0.0,0.0,True,PHASE4_STEP8F_FINITE_CAPACITY_SCHEDULE_ALTERNATIVES,True
PHASE4-MPS-20260721170405,ALT-MAINT,PSC-SKU-BIKE-ROAD-001-20260706,ROAD-OP-020,SEG-ALT-MAINT-PSC-SKU-BIKE-ROAD-001-20260706-ROAD-OP-020-01;SEG-ALT-MAINT-PSC-SKU-BIKE-ROAD-001-20260706-ROAD-OP-020-02;SEG-ALT-MAINT-PSC-SKU-BIKE-ROAD-001-20260706-ROAD-OP-020-03;SEG-ALT-MAINT-PSC-SKU-BIKE-ROAD-001-20260706-ROAD-OP-020-04;SEG-ALT-MAINT-PSC-SKU-BIKE-ROAD-001-20260706-ROAD-OP-020-05;SEG-ALT-MAINT-PSC-SKU-BIKE-ROAD-001-20260706-ROAD-OP-020-06,WS-WHEEL-SUB,M-WHEEL-TRUE-001,WHEEL_ASSEMBLY_TECHNICIAN,2026-07-10,2026-07-10,SHIFT-A,2026-07-10,SHIFT-A,WIN-20260710-SHIFT-A;WIN-20260713-SHIFT-A;WIN-20260714-SHIFT-A;WIN-20260715-SHIFT-A;WIN-20260716-SHIFT-A;WIN-20260717-SHIFT-A,2610.0,435.0,3,7830.0,7830.0,7830.0,M-WHEEL-TRUE-001#02=2347.2959,WHEEL_ASSEMBLY_TECHNICIAN#02=2347.2959,2347.2959,5482.7041,29.9782,29.9782,29.9782,29.9782,29.9782,29.9782,WORKSTATION,262.7041,2347.2959,2347.2959,0.0,0.0,38.9549,0.1667,39.1216,43.5,89.9347,252.058,FINITE_CAPACITY_FEASIBLE,0.0,0.0,0.0,0.0,True,PHASE4_STEP8F_FINITE_CAPACITY_SCHEDULE_ALTERNATIVES,True
PHASE4-MPS-20260721170405,ALT-MAINT,PSC-SKU-BIKE-ROAD-001-20260706,ROAD-OP-030,SEG-ALT-MAINT-PSC-SKU-BIKE-ROAD-001-20260706-ROAD-OP-030-01;SEG-ALT-MAINT-PSC-SKU-BIKE-ROAD-001-20260706-ROAD-OP-030-02;SEG-ALT-MAINT-PSC-SKU-BIKE-ROAD-001-20260706-ROAD-OP-030-03;SEG-ALT-MAINT-PSC-SKU-BIKE-ROAD-001-20260706-ROAD-OP-030-04;SEG-ALT-MAINT-PSC-SKU-BIKE-ROAD-001-20260706-ROAD-OP-030-05,WS-BRAKE-SUB,M-BRAKE-BENCH-001,BRAKE_ASSEMBLY_TECHNICIAN,2026-07-10,2026-07-10,SHIFT-A,2026-07-10,SHIFT-A,WIN-20260710-SHIFT-A;WIN-20260713-SHIFT-A;WIN-20260714-SHIFT-A;WIN-20260715-SHIFT-A;WIN-20260716-SHIFT-A,2175.0,435.0,2,4350.0,4350.0,4350.0,M-BRAKE-BENCH-001#02=1723.2827,BRAKE_ASSEMBLY_TECHNICIAN#02=1723.2827,1723.2827,2626.7173,39.6157,39.6157,39.6157,39.6157,39.6157,39.6157,WORKSTATION,451.7173,1723.2827,1723.2827,0.0,0.0,28.5214,0.2,28.7214,36.25,79.2314,187.4195,FINITE_CAPACITY_FEASIBLE,0.0,0.0,0.0,0.0,True,PHASE4_STEP8F_FINITE_CAPACITY_SCHEDULE_ALTERNATIVES,True
PHASE4-MPS-20260721170405,ALT-MAINT,PSC-SKU-BIKE-ROAD-001-20260706,ROAD-OP-040,SEG-ALT-MAINT-PSC-SKU-BIKE-ROAD-001-20260706-ROAD-OP-040-01;SEG-ALT-MAINT-PSC-SKU-BIKE-ROAD-001-20260706-ROAD-OP-040-02;SEG-ALT-MAINT-PSC-SKU-BIKE-ROAD-001-20260706-ROAD-OP-040-03;SEG-ALT-MAINT-PSC-SKU-BIKE-ROAD-001-20260706-ROAD-OP-040-04;SEG-ALT-MAINT-PSC-SKU-BIKE-ROAD-001-20260706-ROAD-OP-040-05;SEG-ALT-MAINT-PSC-SKU-BIKE-ROAD-001-20260706-ROAD-OP-040-06,WS-FINAL-ASM,M-FINAL-STAND-001,FINAL_ASSEMBLY_OPERATOR,2026-07-31,2026-07-31,SHIFT-A,2026-07-31,SHIFT-A,WIN-20260731-SHIFT-A;WIN-20260803-SHIFT-A;WIN-20260804-SHIFT-A;WIN-20260805-SHIFT-A;WIN-20260806-SHIFT-A;WIN-20260807-SHIFT-A,2610.0,435.0,1,2610.0,2610.0,2610.0,M-FINAL-STAND-001#01=2106.4846,FINAL_ASSEMBLY_OPERATOR#01=2106.4846,2106.4846,503.5154,80.7082,80.7082,80.7082,80.7082,80.7082,80.7082,WORKSTATION,167.0473,2106.4846,2106.4846,336.4681,0.0,34.7081,0.4,35.1081,43.5,80.7082,398.7676,FINITE_CAPACITY_FEASIBLE,0.0,0.0,0.0,0.0,True,PHASE4_STEP8F_FINITE_CAPACITY_SCHEDULE_ALTERNATIVES,True
PHASE4-MPS-20260721170405,ALT-MAINT,PSC-SKU-BIKE-ROAD-001-20260706,ROAD-OP-050,SEG-ALT-MAINT-PSC-SKU-BIKE-ROAD-001-20260706-ROAD-OP-050-01;SEG-ALT-MAINT-PSC-SKU-BIKE-ROAD-001-20260706-ROAD-OP-050-02;SEG-ALT-MAINT-PSC-SKU-BIKE-ROAD-001-20260706-ROAD-OP-050-03,WS-QC,M-QC-TOOLS-001,QUALITY_INSPECTOR,2026-08-07,2026-08-07,SHIFT-A,2026-08-07,SHIFT-A,WIN-20260807-SHIFT-A;WIN-20260810-SHIFT-A;WIN-20260811-SHIFT-A,1305.0,435.0,1,1305.0,1305.0,1305.0,M-QC-TOOLS-001#01=1010.5897,QUALITY_INSPECTOR#01=1010.5897,1010.5897,294.4103,77.4398,77.4398,77.4398,77.4398,77.4398,77.4398,WORKSTATION,98.5319,1010.5897,1010.5897,195.8784,0.0,16.7098,0.1333,16.8432,21.75,77.4398,164.6642,FINITE_CAPACITY_FEASIBLE,0.0,0.0001,0.0,0.0,True,PHASE4_STEP8F_FINITE_CAPACITY_SCHEDULE_ALTERNATIVES,True
PHASE4-MPS-20260721170405,ALT-MAINT,PSC-SKU-BIKE-ROAD-001-20260706,ROAD-OP-060,SEG-ALT-MAINT-PSC-SKU-BIKE-ROAD-001-20260706-ROAD-OP-060-01;SEG-ALT-MAINT-PSC-SKU-BIKE-ROAD-001-20260706-ROAD-OP-060-02;SEG-ALT-MAINT-PSC-SKU-BIKE-ROAD-001-20260706-ROAD-OP-060-03,WS-PACK,M-PACK-BENCH-001,PACKAGING_OPERATOR,2026-08-11,2026-08-11,SHIFT-A,2026-08-11,SHIFT-A,WIN-20260811-SHIFT-A;WIN-20260812-SHIFT-A;WIN-20260813-SHIFT-A,1305.0,435.0,1,1305.0,1305.0,1305.0,M-PACK-BENCH-001#01=911.1322,PACKAGING_OPERATOR#01=911.1322,911.1322,393.8678,69.8186,69.8186,69.8186,69.8186,69.8186,69.8186,WORKSTATION,239.1216,911.1322,911.1322,154.7462,0.0,15.0855,0.1,15.1855,21.75,69.8186,129.2125,FINITE_CAPACITY_FEASIBLE,0.0,0.0,0.0,0.0,True,PHASE4_STEP8F_FINITE_CAPACITY_SCHEDULE_ALTERNATIVES,True
PHASE4-MPS-20260721170405,ALT-MAINT,PSC-SKU-BIKE-MT-001-20260713,MT-OP-010,SEG-ALT-MAINT-PSC-SKU-BIKE-MT-001-20260713-MT-OP-010-01;SEG-ALT-MAINT-PSC-SKU-BIKE-MT-001-20260713-MT-OP-010-02;SEG-ALT-MAINT-PSC-SKU-BIKE-MT-001-20260713-MT-OP-010-03;SEG-ALT-MAINT-PSC-SKU-BIKE-MT-001-20260713-MT-OP-010-04;SEG-ALT-MAINT-PSC-SKU-BIKE-MT-001-20260713-MT-OP-010-05,WS-FRAME-PREP,M-FRAME-JIG-001,FRAME_TECHNICIAN,2026-07-13,2026-07-13,SHIFT-A,2026-07-13,SHIFT-A,WIN-20260713-SHIFT-A;WIN-20260714-SHIFT-A;WIN-20260715-SHIFT-A;WIN-20260716-SHIFT-A;WIN-20260717-SHIFT-A,2175.0,435.0,2,4350.0,4350.0,4350.0,M-FRAME-JIG-001#01=2122.782,FRAME_TECHNICIAN#01=2122.782,2122.782,2227.218,48.7996,48.7996,48.7996,48.7996,48.7996,48.7996,WORKSTATION,0.0,2122.782,2122.782,52.218,0.0,35.0797,0.3,35.3797,36.25,97.5992,202.7045,FINITE_CAPACITY_FEASIBLE,0.0,0.0,0.0,0.0,True,PHASE4_STEP8F_FINITE_CAPACITY_SCHEDULE_ALTERNATIVES,True
PHASE4-MPS-20260721170405,ALT-MAINT,PSC-SKU-BIKE-MT-001-20260713,MT-OP-020,SEG-ALT-MAINT-PSC-SKU-BIKE-MT-001-20260713-MT-OP-020-01;SEG-ALT-MAINT-PSC-SKU-BIKE-MT-001-20260713-MT-OP-020-02;SEG-ALT-MAINT-PSC-SKU-BIKE-MT-001-20260713-MT-OP-020-03;SEG-ALT-MAINT-PSC-SKU-BIKE-MT-001-20260713-MT-OP-020-04;SEG-ALT-MAINT-PSC-SKU-BIKE-MT-001-20260713-MT-OP-020-05;SEG-ALT-MAINT-PSC-SKU-BIKE-MT-001-20260713-MT-OP-020-06;SEG-ALT-MAINT-PSC-SKU-BIKE-MT-001-20260713-MT-OP-020-07,WS-FORK-SUSP,M-FORK-BENCH-001,SUSPENSION_TECHNICIAN,2026-07-17,2026-07-17,SHIFT-A,2026-07-17,SHIFT-A,WIN-20260717-SHIFT-A;WIN-20260720-SHIFT-A;WIN-20260721-SHIFT-A;WIN-20260722-SHIFT-A;WIN-20260723-SHIFT-A;WIN-20260724-SHIFT-A;WIN-20260727-SHIFT-A,3045.0,435.0,2,6090.0,6090.0,6090.0,M-FORK-BENCH-001#02=2581.776,SUSPENSION_TECHNICIAN#02=2581.776,2581.776,3508.224,42.3937,42.3937,42.3937,42.3937,42.3937,42.3937,WORKSTATION,382.782,2581.776,2581.776,80.442,0.0,43.0296,0.0,43.0296,50.75,84.7874,118.6224,FINITE_CAPACITY_FEASIBLE,0.0,0.0,0.0,0.0,True,PHASE4_STEP8F_FINITE_CAPACITY_SCHEDULE_ALTERNATIVES,True
PHASE4-MPS-20260721170405,ALT-MAINT,PSC-SKU-BIKE-MT-001-20260713,MT-OP-030,SEG-ALT-MAINT-PSC-SKU-BIKE-MT-001-20260713-MT-OP-030-01;SEG-ALT-MAINT-PSC-SKU-BIKE-MT-001-20260713-MT-OP-030-02;SEG-ALT-MAINT-PSC-SKU-BIKE-MT-001-20260713-MT-OP-030-03;SEG-ALT-MAINT-PSC-SKU-BIKE-MT-001-20260713-MT-OP-030-04;SEG-ALT-MAINT-PSC-SKU-BIKE-MT-001-20260713-MT-OP-030-05;SEG-ALT-MAINT-PSC-SKU-BIKE-MT-001-20260713-MT-OP-030-06,WS-WHEEL-SUB,M-WHEEL-TRUE-001,WHEEL_ASSEMBLY_TECHNICIAN,2026-07-17,2026-07-17,SHIFT-A,2026-07-17,SHIFT-A,WIN-20260717-SHIFT-A;WIN-20260720-SHIFT-A;WIN-20260721-SHIFT-A;WIN-20260722-SHIFT-A;WIN-20260723-SHIFT-A;WIN-20260724-SHIFT-A,2610.0,435.0,3,7830.0,7830.0,7830.0,M-WHEEL-TRUE-001#02=2030.7051,WHEEL_ASSEMBLY_TECHNICIAN#02=2030.7051,2030.7051,5799.2949,25.9349,25.9349,25.9349,25.9349,25.9349,25.9349,WORKSTATION,382.782,2030.7051,2030.7051,196.5129,0.0,33.6784,0.1667,33.8451,43.5,77.8048,252.5983,FINITE_CAPACITY_FEASIBLE,0.0,0.0,0.0,0.0,True,PHASE4_STEP8F_FINITE_CAPACITY_SCHEDULE_ALTERNATIVES,True
PHASE4-MPS-20260721170405,ALT-MAINT,PSC-SKU-BIKE-MT-001-20260713,MT-OP-040,SEG-ALT-MAINT-PSC-SKU-BIKE-MT-001-20260713-MT-OP-040-01;SEG-ALT-MAINT-PSC-SKU-BIKE-MT-001-20260713-MT-OP-040-02;SEG-ALT-MAINT-PSC-SKU-BIKE-MT-001-20260713-MT-OP-040-03;SEG-ALT-MAINT-PSC-SKU-BIKE-MT-001-20260713-MT-OP-040-04;SEG-ALT-MAINT-PSC-SKU-BIKE-MT-001-20260713-MT-OP-040-05,WS-BRAKE-SUB,M-BRAKE-BENCH-001,BRAKE_ASSEMBLY_TECHNICIAN,2026-07-17,2026-07-17,SHIFT-A,2026-07-17,SHIFT-A,WIN-20260717-SHIFT-A;WIN-20260720-SHIFT-A;WIN-20260721-SHIFT-A;WIN-20260722-SHIFT-A;WIN-20260723-SHIFT-A,2175.0,435.0,2,4350.0,4350.0,4350.0,M-BRAKE-BENCH-001#01=1642.8692,BRAKE_ASSEMBLY_TECHNICIAN#01=1642.8692,1642.8692,2707.1308,37.7671,37.7671,37.7671,37.7671,37.7671,37.7671,WORKSTATION,382.782,1642.8692,1642.8692,149.3488,0.0,27.1812,0.2,27.3812,36.25,75.5342,187.8149,FINITE_CAPACITY_FEASIBLE,0.0,0.0001,0.0,0.0,True,PHASE4_STEP8F_FINITE_CAPACITY_SCHEDULE_ALTERNATIVES,True
PHASE4-MPS-20260721170405,ALT-MAINT,PSC-SKU-BIKE-MT-001-20260713,MT-OP-050,SEG-ALT-MAINT-PSC-SKU-BIKE-MT-001-20260713-MT-OP-050-01;SEG-ALT-MAINT-PSC-SKU-BIKE-MT-001-20260713-MT-OP-050-02;SEG-ALT-MAINT-PSC-SKU-BIKE-MT-001-20260713-MT-OP-050-03;SEG-ALT-MAINT-PSC-SKU-BIKE-MT-001-20260713-MT-OP-050-04;SEG-ALT-MAINT-PSC-SKU-BIKE-MT-001-20260713-MT-OP-050-05;SEG-ALT-MAINT-PSC-SKU-BIKE-MT-001-20260713-MT-OP-050-06,WS-FINAL-ASM,M-FINAL-STAND-001,FINAL_ASSEMBLY_OPERATOR,2026-08-07,2026-08-07,SHIFT-A,2026-08-07,SHIFT-A,WIN-20260807-SHIFT-A;WIN-20260810-SHIFT-A;WIN-20260811-SHIFT-A;WIN-20260812-SHIFT-A;WIN-20260813-SHIFT-A;WIN-20260814-SHIFT-A,2610.0,435.0,1,2610.0,2610.0,2610.0,M-FINAL-STAND-001#01=2313.1689,FINAL_ASSEMBLY_OPERATOR#01=2313.1689,2313.1689,296.8311,88.6272,88.6272,88.6272,88.6272,88.6272,88.6272,WORKSTATION,98.5319,2313.1689,2313.1689,198.2992,0.0,38.1528,0.4,38.5528,43.5,88.6272,399.6048,FINITE_CAPACITY_FEASIBLE,0.0,0.0,0.0,0.0,True,PHASE4_STEP8F_FINITE_CAPACITY_SCHEDULE_ALTERNATIVES,True
PHASE4-MPS-20260721170405,ALT-MAINT,PSC-SKU-BIKE-MT-001-20260713,MT-OP-060,SEG-ALT-MAINT-PSC-SKU-BIKE-MT-001-20260713-MT-OP-060-01;SEG-ALT-MAINT-PSC-SKU-BIKE-MT-001-20260713-MT-OP-060-02;SEG-ALT-MAINT-PSC-SKU-BIKE-MT-001-20260713-MT-OP-060-03;SEG-ALT-MAINT-PSC-SKU-BIKE-MT-001-20260713-MT-OP-060-04,WS-QC,M-QC-TOOLS-001,QUALITY_INSPECTOR,2026-08-14,2026-08-14,SHIFT-A,2026-08-14,SHIFT-A,WIN-20260814-SHIFT-A;WIN-20260817-SHIFT-A;WIN-20260818-SHIFT-A;WIN-20260819-SHIFT-A,1740.0,435.0,1,1740.0,1740.0,1740.0,M-QC-TOOLS-001#01=1367.8829,QUALITY_INSPECTOR#01=1367.8829,1367.8829,372.1171,78.614,78.614,78.614,78.614,78.614,78.614,WORKSTATION,236.7008,1367.8829,1367.8829,135.4163,0.0,22.6647,0.1333,22.798,29.0,78.614,165.008,FINITE_CAPACITY_FEASIBLE,0.0,0.0001,0.0,0.0,True,PHASE4_STEP8F_FINITE_CAPACITY_SCHEDULE_ALTERNATIVES,True
PHASE4-MPS-20260721170405,ALT-MAINT,PSC-SKU-BIKE-MT-001-20260713,MT-OP-070,SEG-ALT-MAINT-PSC-SKU-BIKE-MT-001-20260713-MT-OP-070-01;SEG-ALT-MAINT-PSC-SKU-BIKE-MT-001-20260713-MT-OP-070-02;SEG-ALT-MAINT-PSC-SKU-BIKE-MT-001-20260713-MT-OP-070-03;SEG-ALT-MAINT-PSC-SKU-BIKE-MT-001-20260713-MT-OP-070-04,WS-PACK,M-PACK-BENCH-001,PACKAGING_OPERATOR,2026-08-19,2026-08-19,SHIFT-A,2026-08-19,SHIFT-A,WIN-20260819-SHIFT-A;WIN-20260820-SHIFT-A;WIN-20260821-SHIFT-A;WIN-20260824-SHIFT-A,1740.0,435.0,1,1740.0,1740.0,1740.0,M-PACK-BENCH-001#01=1033.2619,PACKAGING_OPERATOR#01=1033.2619,1033.2619,706.7381,59.3829,59.3829,59.3829,59.3829,59.3829,59.3829,WORKSTATION,299.5837,1033.2619,1033.2619,407.1544,0.0,17.121,0.1,17.221,29.0,59.3829,129.4918,FINITE_CAPACITY_FEASIBLE,0.0,0.0,0.0,0.0,True,PHASE4_STEP8F_FINITE_CAPACITY_SCHEDULE_ALTERNATIVES,True
PHASE4-MPS-20260721170405,ALT-MAINT,PSC-SKU-BIKE-ROAD-001-20260713,ROAD-OP-010,SEG-ALT-MAINT-PSC-SKU-BIKE-ROAD-001-20260713-ROAD-OP-010-01;SEG-ALT-MAINT-PSC-SKU-BIKE-ROAD-001-20260713-ROAD-OP-010-02;SEG-ALT-MAINT-PSC-SKU-BIKE-ROAD-001-20260713-ROAD-OP-010-03;SEG-ALT-MAINT-PSC-SKU-BIKE-ROAD-001-20260713-ROAD-OP-010-04;SEG-ALT-MAINT-PSC-SKU-BIKE-ROAD-001-20260713-ROAD-OP-010-05,WS-FRAME-PREP,M-FRAME-JIG-001,FRAME_TECHNICIAN,2026-07-13,2026-07-13,SHIFT-A,2026-07-13,SHIFT-A,WIN-20260713-SHIFT-A;WIN-20260714-SHIFT-A;WIN-20260715-SHIFT-A;WIN-20260716-SHIFT-A;WIN-20260717-SHIFT-A,2175.0,435.0,2,4350.0,4350.0,4350.0,M-FRAME-JIG-001#02=1875.7681,FRAME_TECHNICIAN#02=1875.7681,1875.7681,2474.2319,43.1211,43.1211,43.1211,43.1211,43.1211,43.1211,WORKSTATION,299.2319,1875.7681,1875.7681,0.0,0.0,30.9628,0.3,31.2628,36.25,86.2422,202.7045,FINITE_CAPACITY_FEASIBLE,0.0,0.0,0.0,0.0,True,PHASE4_STEP8F_FINITE_CAPACITY_SCHEDULE_ALTERNATIVES,True
PHASE4-MPS-20260721170405,ALT-MAINT,PSC-SKU-BIKE-ROAD-001-20260713,ROAD-OP-020,SEG-ALT-MAINT-PSC-SKU-BIKE-ROAD-001-20260713-ROAD-OP-020-01;SEG-ALT-MAINT-PSC-SKU-BIKE-ROAD-001-20260713-ROAD-OP-020-02;SEG-ALT-MAINT-PSC-SKU-BIKE-ROAD-001-20260713-ROAD-OP-020-03;SEG-ALT-MAINT-PSC-SKU-BIKE-ROAD-001-20260713-ROAD-OP-020-04,WS-WHEEL-SUB,M-WHEEL-TRUE-001,WHEEL_ASSEMBLY_TECHNICIAN,2026-07-31,2026-07-31,SHIFT-A,2026-07-31,SHIFT-A,WIN-20260731-SHIFT-A;WIN-20260803-SHIFT-A;WIN-20260804-SHIFT-A;WIN-20260805-SHIFT-A,1740.0,435.0,3,5220.0,5220.0,5220.0,M-WHEEL-TRUE-001#01=1353.962,WHEEL_ASSEMBLY_TECHNICIAN#01=1353.962,1353.962,3866.038,25.938,25.938,25.938,25.938,25.938,25.938,WORKSTATION,167.0473,1353.962,1353.962,218.9907,0.0,22.3994,0.1667,22.566,29.0,77.8139,252.5983,FINITE_CAPACITY_FEASIBLE,0.0,0.0,0.0,0.0,True,PHASE4_STEP8F_FINITE_CAPACITY_SCHEDULE_ALTERNATIVES,True
PHASE4-MPS-20260721170405,ALT-MAINT,PSC-SKU-BIKE-ROAD-001-20260713,ROAD-OP-030,SEG-ALT-MAINT-PSC-SKU-BIKE-ROAD-001-20260713-ROAD-OP-030-01;SEG-ALT-MAINT-PSC-SKU-BIKE-ROAD-001-20260713-ROAD-OP-030-02;SEG-ALT-MAINT-PSC-SKU-BIKE-ROAD-001-20260713-ROAD-OP-030-03,WS-BRAKE-SUB,M-BRAKE-BENCH-001,BRAKE_ASSEMBLY_TECHNICIAN,2026-07-31,2026-07-31,SHIFT-A,2026-07-31,SHIFT-A,WIN-20260731-SHIFT-A;WIN-20260803-SHIFT-A;WIN-20260804-SHIFT-A,1305.0,435.0,2,2610.0,2610.0,2610.0,M-BRAKE-BENCH-001#01=1038.7802,BRAKE_ASSEMBLY_TECHNICIAN#01=1038.7802,1038.7802,1571.2198,39.8,39.8,39.8,39.8,39.8,39.8,WORKSTATION,167.0473,1038.7802,1038.7802,99.1725,0.0,17.113,0.2,17.313,21.75,79.6,187.8149,FINITE_CAPACITY_FEASIBLE,0.0,0.0,0.0,0.0,True,PHASE4_STEP8F_FINITE_CAPACITY_SCHEDULE_ALTERNATIVES,True
PHASE4-MPS-20260721170405,ALT-MAINT,PSC-SKU-BIKE-ROAD-001-20260713,ROAD-OP-040,SEG-ALT-MAINT-PSC-SKU-BIKE-ROAD-001-20260713-ROAD-OP-040-01;SEG-ALT-MAINT-PSC-SKU-BIKE-ROAD-001-20260713-ROAD-OP-040-02;SEG-ALT-MAINT-PSC-SKU-BIKE-ROAD-001-20260713-ROAD-OP-040-03;SEG-ALT-MAINT-PSC-SKU-BIKE-ROAD-001-20260713-ROAD-OP-040-04;SEG-ALT-MAINT-PSC-SKU-BIKE-ROAD-001-20260713-ROAD-OP-040-05;SEG-ALT-MAINT-PSC-SKU-BIKE-ROAD-001-20260713-ROAD-OP-040-06;SEG-ALT-MAINT-PSC-SKU-BIKE-ROAD-001-20260713-ROAD-OP-040-07,WS-FINAL-ASM,M-FINAL-STAND-001,FINAL_ASSEMBLY_OPERATOR,2026-08-14,2026-08-14,SHIFT-A,2026-08-14,SHIFT-A,WIN-20260814-SHIFT-A;WIN-20260817-SHIFT-A;WIN-20260818-SHIFT-A;WIN-20260819-SHIFT-A;WIN-20260820-SHIFT-A;WIN-20260821-SHIFT-A;WIN-20260824-SHIFT-A,3045.0,435.0,1,3045.0,3045.0,3045.0,M-FINAL-STAND-001#01=2468.6042,FINAL_ASSEMBLY_OPERATOR#01=2468.6042,2468.6042,576.3958,81.0707,81.0707,81.0707,81.0707,81.0707,81.0707,WORKSTATION,236.7008,2468.6042,2468.6042,339.695,0.0,40.7434,0.4,41.1434,50.75,81.0707,399.6048,FINITE_CAPACITY_FEASIBLE,0.0,0.0,0.0,0.0,True,PHASE4_STEP8F_FINITE_CAPACITY_SCHEDULE_ALTERNATIVES,True
PHASE4-MPS-20260721170405,ALT-MAINT,PSC-SKU-BIKE-ROAD-001-20260713,ROAD-OP-050,SEG-ALT-MAINT-PSC-SKU-BIKE-ROAD-001-20260713-ROAD-OP-050-01;SEG-ALT-MAINT-PSC-SKU-BIKE-ROAD-001-20260713-ROAD-OP-050-02;SEG-ALT-MAINT-PSC-SKU-BIKE-ROAD-001-20260713-ROAD-OP-050-03,WS-QC,M-QC-TOOLS-001,QUALITY_INSPECTOR,2026-08-24,2026-08-24,SHIFT-A,2026-08-24,SHIFT-A,WIN-20260824-SHIFT-A;WIN-20260825-SHIFT-A;WIN-20260826-SHIFT-A,1305.0,435.0,1,1305.0,1305.0,1305.0,M-QC-TOOLS-001#01=1121.996,QUALITY_INSPECTOR#01=1121.996,1121.996,183.004,85.9767,85.9767,85.9767,85.9767,85.9767,85.9767,WORKSTATION,95.305,1121.996,1121.996,87.699,0.0,18.5666,0.1333,18.6999,21.75,85.9767,165.008,FINITE_CAPACITY_FEASIBLE,0.0,0.0,0.0,0.0,True,PHASE4_STEP8F_FINITE_CAPACITY_SCHEDULE_ALTERNATIVES,True
PHASE4-MPS-20260721170405,ALT-MAINT,PSC-SKU-BIKE-ROAD-001-20260713,ROAD-OP-060,SEG-ALT-MAINT-PSC-SKU-BIKE-ROAD-001-20260713-ROAD-OP-060-01;SEG-ALT-MAINT-PSC-SKU-BIKE-ROAD-001-20260713-ROAD-OP-060-02;SEG-ALT-MAINT-PSC-SKU-BIKE-ROAD-001-20260713-ROAD-OP-060-03,WS-PACK,M-PACK-BENCH-001,PACKAGING_OPERATOR,2026-08-26,2026-08-26,SHIFT-A,2026-08-26,SHIFT-A,WIN-20260826-SHIFT-A;WIN-20260827-SHIFT-A;WIN-20260828-SHIFT-A,1305.0,435.0,1,1305.0,1305.0,1305.0,M-PACK-BENCH-001#01=911.1313,PACKAGING_OPERATOR#01=911.1313,911.1313,393.8687,69.8185,69.8185,69.8185,69.8185,69.8185,69.8185,WORKSTATION,347.301,911.1313,911.1313,46.5677,0.0,15.0855,0.1,15.1855,21.75,69.8185,129.4918,FINITE_CAPACITY_FEASIBLE,0.0,0.0001,0.0,0.0,True,PHASE4_STEP8F_FINITE_CAPACITY_SCHEDULE_ALTERNATIVES,True
PHASE4-MPS-20260721170405,ALT-MAINT,PSC-SKU-BIKE-MT-001-20260720,MT-OP-010,SEG-ALT-MAINT-PSC-SKU-BIKE-MT-001-20260720-MT-OP-010-01;SEG-ALT-MAINT-PSC-SKU-BIKE-MT-001-20260720-MT-OP-010-02;SEG-ALT-MAINT-PSC-SKU-BIKE-MT-001-20260720-MT-OP-010-03;SEG-ALT-MAINT-PSC-SKU-BIKE-MT-001-20260720-MT-OP-010-04,WS-FRAME-PREP,M-FRAME-JIG-001,FRAME_TECHNICIAN,2026-07-20,2026-07-20,SHIFT-A,2026-07-20,SHIFT-A,WIN-20260720-SHIFT-A;WIN-20260721-SHIFT-A;WIN-20260722-SHIFT-A;WIN-20260723-SHIFT-A,1740.0,435.0,2,3480.0,3480.0,3480.0,M-FRAME-JIG-001#01=1687.4022,FRAME_TECHNICIAN#01=1687.4022,1687.4022,1792.5978,48.4886,48.4886,48.4886,48.4886,48.4886,48.4886,WORKSTATION,0.0,1687.4022,1687.4022,52.5978,0.0,27.8234,0.3,28.1234,29.0,96.9771,202.7045,FINITE_CAPACITY_FEASIBLE,0.0,0.0001,0.0,0.0,True,PHASE4_STEP8F_FINITE_CAPACITY_SCHEDULE_ALTERNATIVES,True
PHASE4-MPS-20260721170405,ALT-MAINT,PSC-SKU-BIKE-MT-001-20260720,MT-OP-020,SEG-ALT-MAINT-PSC-SKU-BIKE-MT-001-20260720-MT-OP-020-01;SEG-ALT-MAINT-PSC-SKU-BIKE-MT-001-20260720-MT-OP-020-02;SEG-ALT-MAINT-PSC-SKU-BIKE-MT-001-20260720-MT-OP-020-03;SEG-ALT-MAINT-PSC-SKU-BIKE-MT-001-20260720-MT-OP-020-04;SEG-ALT-MAINT-PSC-SKU-BIKE-MT-001-20260720-MT-OP-020-05,WS-FORK-SUSP,M-FORK-BENCH-001,SUSPENSION_TECHNICIAN,2026-08-07,2026-08-07,SHIFT-A,2026-08-07,SHIFT-A,WIN-20260807-SHIFT-A;WIN-20260810-SHIFT-A;WIN-20260811-SHIFT-A;WIN-20260812-SHIFT-A;WIN-20260813-SHIFT-A,2175.0,435.0,2,4350.0,4350.0,4350.0,M-FORK-BENCH-001#01=2047.7287,SUSPENSION_TECHNICIAN#01=2047.7287,2047.7287,2302.2713,47.0742,47.0742,47.0742,47.0742,47.0742,47.0742,WORKSTATION,98.5319,2047.7287,2047.7287,28.7394,0.0,34.1288,0.0,34.1288,36.25,94.1484,118.6224,FINITE_CAPACITY_FEASIBLE,0.0,0.0001,0.0,0.0,True,PHASE4_STEP8F_FINITE_CAPACITY_SCHEDULE_ALTERNATIVES,True
PHASE4-MPS-20260721170405,ALT-MAINT,PSC-SKU-BIKE-MT-001-20260720,MT-OP-030,SEG-ALT-MAINT-PSC-SKU-BIKE-MT-001-20260720-MT-OP-030-01;SEG-ALT-MAINT-PSC-SKU-BIKE-MT-001-20260720-MT-OP-030-02;SEG-ALT-MAINT-PSC-SKU-BIKE-MT-001-20260720-MT-OP-030-03;SEG-ALT-MAINT-PSC-SKU-BIKE-MT-001-20260720-MT-OP-030-04,WS-WHEEL-SUB,M-WHEEL-TRUE-001,WHEEL_ASSEMBLY_TECHNICIAN,2026-08-07,2026-08-07,SHIFT-A,2026-08-07,SHIFT-A,WIN-20260807-SHIFT-A;WIN-20260810-SHIFT-A;WIN-20260811-SHIFT-A;WIN-20260812-SHIFT-A,1740.0,435.0,3,5220.0,5220.0,5220.0,M-WHEEL-TRUE-001#01=1424.4936,WHEEL_ASSEMBLY_TECHNICIAN#01=1424.4936,1424.4936,3795.5064,27.2891,27.2891,27.2891,27.2891,27.2891,27.2891,WORKSTATION,98.5319,1424.4936,1424.4936,216.9745,0.0,23.5749,0.1667,23.7416,29.0,81.8674,252.5983,FINITE_CAPACITY_FEASIBLE,0.0,0.0,0.0,0.0,True,PHASE4_STEP8F_FINITE_CAPACITY_SCHEDULE_ALTERNATIVES,True
PHASE4-MPS-20260721170405,ALT-MAINT,PSC-SKU-BIKE-MT-001-20260720,MT-OP-040,SEG-ALT-MAINT-PSC-SKU-BIKE-MT-001-20260720-MT-OP-040-01;SEG-ALT-MAINT-PSC-SKU-BIKE-MT-001-20260720-MT-OP-040-02;SEG-ALT-MAINT-PSC-SKU-BIKE-MT-001-20260720-MT-OP-040-03,WS-BRAKE-SUB,M-BRAKE-BENCH-001,BRAKE_ASSEMBLY_TECHNICIAN,2026-08-07,2026-08-07,SHIFT-A,2026-08-07,SHIFT-A,WIN-20260807-SHIFT-A;WIN-20260810-SHIFT-A;WIN-20260811-SHIFT-A,1305.0,435.0,2,2610.0,2610.0,2610.0,M-BRAKE-BENCH-001#01=1081.8249,BRAKE_ASSEMBLY_TECHNICIAN#01=1081.8249,1081.8249,1528.1751,41.4492,41.4492,41.4492,41.4492,41.4492,41.4492,WORKSTATION,98.5319,1081.8249,1081.8249,124.6432,0.0,17.8304,0.2,18.0304,21.75,82.8985,187.8149,FINITE_CAPACITY_FEASIBLE,0.0,0.0,0.0,0.0,True,PHASE4_STEP8F_FINITE_CAPACITY_SCHEDULE_ALTERNATIVES,True
PHASE4-MPS-20260721170405,ALT-MAINT,PSC-SKU-BIKE-MT-001-20260720,MT-OP-050,SEG-ALT-MAINT-PSC-SKU-BIKE-MT-001-20260720-MT-OP-050-01;SEG-ALT-MAINT-PSC-SKU-BIKE-MT-001-20260720-MT-OP-050-02;SEG-ALT-MAINT-PSC-SKU-BIKE-MT-001-20260720-MT-OP-050-03;SEG-ALT-MAINT-PSC-SKU-BIKE-MT-001-20260720-MT-OP-050-04;SEG-ALT-MAINT-PSC-SKU-BIKE-MT-001-20260720-MT-OP-050-05;SEG-ALT-MAINT-PSC-SKU-BIKE-MT-001-20260720-MT-OP-050-06;SEG-ALT-MAINT-PSC-SKU-BIKE-MT-001-20260720-MT-OP-050-07;SEG-ALT-MAINT-PSC-SKU-BIKE-MT-001-20260720-MT-OP-050-08,WS-FINAL-ASM,M-FINAL-STAND-001,FINAL_ASSEMBLY_OPERATOR,2026-08-24,2026-08-24,SHIFT-A,2026-08-24,SHIFT-A,WIN-20260824-SHIFT-A;WIN-20260825-SHIFT-A;WIN-20260826-SHIFT-A;WIN-20260827-SHIFT-A;WIN-20260828-SHIFT-A;WIN-20260831-SHIFT-A;WIN-20260901-SHIFT-A;WIN-20260902-SHIFT-A,3480.0,435.0,1,3480.0,3480.0,3480.0,M-FINAL-STAND-001#01=3294.2413,FINAL_ASSEMBLY_OPERATOR#01=3294.2413,3294.2413,185.7587,94.6621,94.6621,94.6621,94.6621,94.6621,94.6621,WORKSTATION,95.305,3294.2413,3294.2413,90.4537,0.0,54.504,0.4,54.904,58.0,94.6621,399.6048,FINITE_CAPACITY_FEASIBLE,0.0,0.0,0.0,0.0,True,PHASE4_STEP8F_FINITE_CAPACITY_SCHEDULE_ALTERNATIVES,True
PHASE4-MPS-20260721170405,ALT-MAINT,PSC-SKU-BIKE-MT-001-20260720,MT-OP-060,SEG-ALT-MAINT-PSC-SKU-BIKE-MT-001-20260720-MT-OP-060-01;SEG-ALT-MAINT-PSC-SKU-BIKE-MT-001-20260720-MT-OP-060-02;SEG-ALT-MAINT-PSC-SKU-BIKE-MT-001-20260720-MT-OP-060-03;SEG-ALT-MAINT-PSC-SKU-BIKE-MT-001-20260720-MT-OP-060-04,WS-QC,M-QC-TOOLS-001,QUALITY_INSPECTOR,2026-09-02,2026-09-02,SHIFT-A,2026-09-02,SHIFT-A,WIN-20260902-SHIFT-A;WIN-20260903-SHIFT-A;WIN-20260904-SHIFT-A;WIN-20260907-SHIFT-A,1740.0,435.0,1,1740.0,1740.0,1740.0,M-QC-TOOLS-001#01=1367.8829,QUALITY_INSPECTOR#01=1367.8829,1367.8829,372.1171,78.614,78.614,78.614,78.614,78.614,78.614,WORKSTATION,344.5463,1367.8829,1367.8829,27.5708,0.0,22.6647,0.1333,22.798,29.0,78.614,165.008,FINITE_CAPACITY_FEASIBLE,0.0,0.0001,0.0,0.0,True,PHASE4_STEP8F_FINITE_CAPACITY_SCHEDULE_ALTERNATIVES,True
PHASE4-MPS-20260721170405,ALT-MAINT,PSC-SKU-BIKE-MT-001-20260720,MT-OP-070,SEG-ALT-MAINT-PSC-SKU-BIKE-MT-001-20260720-MT-OP-070-01;SEG-ALT-MAINT-PSC-SKU-BIKE-MT-001-20260720-MT-OP-070-02;SEG-ALT-MAINT-PSC-SKU-BIKE-MT-001-20260720-MT-OP-070-03;SEG-ALT-MAINT-PSC-SKU-BIKE-MT-001-20260720-MT-OP-070-04,WS-PACK,M-PACK-BENCH-001,PACKAGING_OPERATOR,2026-09-07,2026-09-07,SHIFT-A,2026-09-07,SHIFT-A,WIN-20260907-SHIFT-A;WIN-20260908-SHIFT-A;WIN-20260909-SHIFT-A;WIN-20260910-SHIFT-A,1740.0,435.0,1,1740.0,1740.0,1740.0,M-PACK-BENCH-001#01=1033.2619,PACKAGING_OPERATOR#01=1033.2619,1033.2619,706.7381,59.3829,59.3829,59.3829,59.3829,59.3829,59.3829,WORKSTATION,407.4292,1033.2619,1033.2619,299.3089,0.0,17.121,0.1,17.221,29.0,59.3829,129.4918,FINITE_CAPACITY_FEASIBLE,0.0,0.0,0.0,0.0,True,PHASE4_STEP8F_FINITE_CAPACITY_SCHEDULE_ALTERNATIVES,True
PHASE4-MPS-20260721170405,ALT-MAINT,PSC-SKU-BIKE-ROAD-001-20260720,ROAD-OP-010,SEG-ALT-MAINT-PSC-SKU-BIKE-ROAD-001-20260720-ROAD-OP-010-01;SEG-ALT-MAINT-PSC-SKU-BIKE-ROAD-001-20260720-ROAD-OP-010-02;SEG-ALT-MAINT-PSC-SKU-BIKE-ROAD-001-20260720-ROAD-OP-010-03,WS-FRAME-PREP,M-FRAME-JIG-001,FRAME_TECHNICIAN,2026-07-31,2026-07-31,SHIFT-A,2026-07-31,SHIFT-A,WIN-20260731-SHIFT-A;WIN-20260803-SHIFT-A;WIN-20260804-SHIFT-A,1305.0,435.0,2,2610.0,2610.0,2610.0,M-FRAME-JIG-001#01=1086.2283,FRAME_TECHNICIAN#01=1086.2283,1086.2283,1523.7717,41.6179,41.6179,41.6179,41.6179,41.6179,41.6179,WORKSTATION,167.0473,1086.2283,1086.2283,51.7244,0.0,17.8038,0.3,18.1038,21.75,83.2359,202.7045,FINITE_CAPACITY_FEASIBLE,0.0,0.0,0.0,0.0,True,PHASE4_STEP8F_FINITE_CAPACITY_SCHEDULE_ALTERNATIVES,True
PHASE4-MPS-20260721170405,ALT-MAINT,PSC-SKU-BIKE-ROAD-001-20260720,ROAD-OP-020,SEG-ALT-MAINT-PSC-SKU-BIKE-ROAD-001-20260720-ROAD-OP-020-01;SEG-ALT-MAINT-PSC-SKU-BIKE-ROAD-001-20260720-ROAD-OP-020-02;SEG-ALT-MAINT-PSC-SKU-BIKE-ROAD-001-20260720-ROAD-OP-020-03;SEG-ALT-MAINT-PSC-SKU-BIKE-ROAD-001-20260720-ROAD-OP-020-04;SEG-ALT-MAINT-PSC-SKU-BIKE-ROAD-001-20260720-ROAD-OP-020-05,WS-WHEEL-SUB,M-WHEEL-TRUE-001,WHEEL_ASSEMBLY_TECHNICIAN,2026-08-14,2026-08-14,SHIFT-A,2026-08-14,SHIFT-A,WIN-20260814-SHIFT-A;WIN-20260817-SHIFT-A;WIN-20260818-SHIFT-A;WIN-20260819-SHIFT-A;WIN-20260820-SHIFT-A,2175.0,435.0,3,6525.0,6525.0,6525.0,M-WHEEL-TRUE-001#01=1587.6627,WHEEL_ASSEMBLY_TECHNICIAN#01=1587.6627,1587.6627,4937.3373,24.332,24.332,24.332,24.332,24.332,24.332,WORKSTATION,236.7008,1587.6627,1587.6627,350.6365,0.0,26.2944,0.1667,26.461,36.25,72.996,252.5983,FINITE_CAPACITY_FEASIBLE,0.0,0.0,0.0,0.0,True,PHASE4_STEP8F_FINITE_CAPACITY_SCHEDULE_ALTERNATIVES,True
PHASE4-MPS-20260721170405,ALT-MAINT,PSC-SKU-BIKE-ROAD-001-20260720,ROAD-OP-030,SEG-ALT-MAINT-PSC-SKU-BIKE-ROAD-001-20260720-ROAD-OP-030-01;SEG-ALT-MAINT-PSC-SKU-BIKE-ROAD-001-20260720-ROAD-OP-030-02;SEG-ALT-MAINT-PSC-SKU-BIKE-ROAD-001-20260720-ROAD-OP-030-03;SEG-ALT-MAINT-PSC-SKU-BIKE-ROAD-001-20260720-ROAD-OP-030-04,WS-BRAKE-SUB,M-BRAKE-BENCH-001,BRAKE_ASSEMBLY_TECHNICIAN,2026-08-14,2026-08-14,SHIFT-A,2026-08-14,SHIFT-A,WIN-20260814-SHIFT-A;WIN-20260817-SHIFT-A;WIN-20260818-SHIFT-A;WIN-20260819-SHIFT-A,1740.0,435.0,2,3480.0,3480.0,3480.0,M-BRAKE-BENCH-001#01=1167.105,BRAKE_ASSEMBLY_TECHNICIAN#01=1167.105,1167.105,2312.895,33.5375,33.5375,33.5375,33.5375,33.5375,33.5375,WORKSTATION,236.7008,1167.105,1167.105,336.1942,0.0,19.2518,0.2,19.4518,29.0,67.075,187.8149,FINITE_CAPACITY_FEASIBLE,0.0,0.0,0.0,0.0,True,PHASE4_STEP8F_FINITE_CAPACITY_SCHEDULE_ALTERNATIVES,True
PHASE4-MPS-20260721170405,ALT-MAINT,PSC-SKU-BIKE-ROAD-001-20260720,ROAD-OP-040,SEG-ALT-MAINT-PSC-SKU-BIKE-ROAD-001-20260720-ROAD-OP-040-01;SEG-ALT-MAINT-PSC-SKU-BIKE-ROAD-001-20260720-ROAD-OP-040-02;SEG-ALT-MAINT-PSC-SKU-BIKE-ROAD-001-20260720-ROAD-OP-040-03;SEG-ALT-MAINT-PSC-SKU-BIKE-ROAD-001-20260720-ROAD-OP-040-04;SEG-ALT-MAINT-PSC-SKU-BIKE-ROAD-001-20260720-ROAD-OP-040-05;SEG-ALT-MAINT-PSC-SKU-BIKE-ROAD-001-20260720-ROAD-OP-040-06;SEG-ALT-MAINT-PSC-SKU-BIKE-ROAD-001-20260720-ROAD-OP-040-07;SEG-ALT-MAINT-PSC-SKU-BIKE-ROAD-001-20260720-ROAD-OP-040-08,WS-FINAL-ASM,M-FINAL-STAND-001,FINAL_ASSEMBLY_OPERATOR,2026-09-02,2026-09-02,SHIFT-A,2026-09-02,SHIFT-A,WIN-20260902-SHIFT-A;WIN-20260903-SHIFT-A;WIN-20260904-SHIFT-A;WIN-20260907-SHIFT-A;WIN-20260908-SHIFT-A;WIN-20260909-SHIFT-A;WIN-20260910-SHIFT-A;WIN-20260911-SHIFT-A,3480.0,435.0,1,3480.0,3480.0,3480.0,M-FINAL-STAND-001#01=2740.252,FINAL_ASSEMBLY_OPERATOR#01=2740.252,2740.252,739.748,78.7429,78.7429,78.7429,78.7429,78.7429,78.7429,WORKSTATION,344.5463,2740.252,2740.252,395.2017,0.0,45.2709,0.4,45.6709,58.0,78.7429,399.6048,FINITE_CAPACITY_FEASIBLE,0.0,0.0,0.0,0.0,True,PHASE4_STEP8F_FINITE_CAPACITY_SCHEDULE_ALTERNATIVES,True
PHASE4-MPS-20260721170405,ALT-MAINT,PSC-SKU-BIKE-ROAD-001-20260720,ROAD-OP-050,SEG-ALT-MAINT-PSC-SKU-BIKE-ROAD-001-20260720-ROAD-OP-050-01;SEG-ALT-MAINT-PSC-SKU-BIKE-ROAD-001-20260720-ROAD-OP-050-02;SEG-ALT-MAINT-PSC-SKU-BIKE-ROAD-001-20260720-ROAD-OP-050-03,WS-QC,M-QC-TOOLS-001,QUALITY_INSPECTOR,2026-09-11,2026-09-11,SHIFT-A,2026-09-11,SHIFT-A,WIN-20260911-SHIFT-A;WIN-20260914-SHIFT-A;WIN-20260915-SHIFT-A,1305.0,435.0,1,1305.0,1305.0,1305.0,M-QC-TOOLS-001#01=1121.996,QUALITY_INSPECTOR#01=1121.996,1121.996,183.004,85.9767,85.9767,85.9767,85.9767,85.9767,85.9767,WORKSTATION,39.7983,1121.996,1121.996,143.2057,0.0,18.5666,0.1333,18.6999,21.75,85.9767,165.008,FINITE_CAPACITY_FEASIBLE,0.0,0.0,0.0,0.0,True,PHASE4_STEP8F_FINITE_CAPACITY_SCHEDULE_ALTERNATIVES,True
PHASE4-MPS-20260721170405,ALT-MAINT,PSC-SKU-BIKE-ROAD-001-20260720,ROAD-OP-060,SEG-ALT-MAINT-PSC-SKU-BIKE-ROAD-001-20260720-ROAD-OP-060-01;SEG-ALT-MAINT-PSC-SKU-BIKE-ROAD-001-20260720-ROAD-OP-060-02;SEG-ALT-MAINT-PSC-SKU-BIKE-ROAD-001-20260720-ROAD-OP-060-03,WS-PACK,M-PACK-BENCH-001,PACKAGING_OPERATOR,2026-09-15,2026-09-15,SHIFT-A,2026-09-15,SHIFT-A,WIN-20260915-SHIFT-A;WIN-20260916-SHIFT-A;WIN-20260917-SHIFT-A,1305.0,435.0,1,1305.0,1305.0,1305.0,M-PACK-BENCH-001#01=911.1313,PACKAGING_OPERATOR#01=911.1313,911.1313,393.8687,69.8185,69.8185,69.8185,69.8185,69.8185,69.8185,WORKSTATION,291.7943,911.1313,911.1313,102.0744,0.0,15.0855,0.1,15.1855,21.75,69.8185,129.4918,FINITE_CAPACITY_FEASIBLE,0.0,0.0001,0.0,0.0,True,PHASE4_STEP8F_FINITE_CAPACITY_SCHEDULE_ALTERNATIVES,True
PHASE4-MPS-20260721170405,ALT-MAINT,PSC-SKU-BIKE-MT-001-20260727,MT-OP-010,SEG-ALT-MAINT-PSC-SKU-BIKE-MT-001-20260727-MT-OP-010-01;SEG-ALT-MAINT-PSC-SKU-BIKE-MT-001-20260727-MT-OP-010-02;SEG-ALT-MAINT-PSC-SKU-BIKE-MT-001-20260727-MT-OP-010-03,WS-FRAME-PREP,M-FRAME-JIG-001,FRAME_TECHNICIAN,2026-08-07,2026-08-07,SHIFT-A,2026-08-07,SHIFT-A,WIN-20260807-SHIFT-A;WIN-20260810-SHIFT-A;WIN-20260811-SHIFT-A,1305.0,435.0,2,2610.0,2610.0,2610.0,M-FRAME-JIG-001#01=1166.4492,FRAME_TECHNICIAN#01=1166.4492,1166.4492,1443.5508,44.6915,44.6915,44.6915,44.6915,44.6915,44.6915,WORKSTATION,98.5319,1166.4492,1166.4492,40.0189,0.0,19.1408,0.3,19.4408,21.75,89.3831,202.7045,FINITE_CAPACITY_FEASIBLE,0.0,0.0,0.0,0.0,True,PHASE4_STEP8F_FINITE_CAPACITY_SCHEDULE_ALTERNATIVES,True
PHASE4-MPS-20260721170405,ALT-MAINT,PSC-SKU-BIKE-MT-001-20260727,MT-OP-020,SEG-ALT-MAINT-PSC-SKU-BIKE-MT-001-20260727-MT-OP-020-01;SEG-ALT-MAINT-PSC-SKU-BIKE-MT-001-20260727-MT-OP-020-02;SEG-ALT-MAINT-PSC-SKU-BIKE-MT-001-20260727-MT-OP-020-03;SEG-ALT-MAINT-PSC-SKU-BIKE-MT-001-20260727-MT-OP-020-04,WS-FORK-SUSP,M-FORK-BENCH-001,SUSPENSION_TECHNICIAN,2026-08-24,2026-08-24,SHIFT-A,2026-08-24,SHIFT-A,WIN-20260824-SHIFT-A;WIN-20260825-SHIFT-A;WIN-20260826-SHIFT-A;WIN-20260827-SHIFT-A,1740.0,435.0,2,3480.0,3480.0,3480.0,M-FORK-BENCH-001#01=1408.7153,SUSPENSION_TECHNICIAN#01=1408.7153,1408.7153,2071.2847,40.4803,40.4803,40.4803,40.4803,40.4803,40.4803,WORKSTATION,95.305,1408.7153,1408.7153,235.9797,0.0,23.4786,0.0,23.4786,29.0,80.9606,118.6224,FINITE_CAPACITY_FEASIBLE,0.0,0.0,0.0,0.0,True,PHASE4_STEP8F_FINITE_CAPACITY_SCHEDULE_ALTERNATIVES,True
PHASE4-MPS-20260721170405,ALT-MAINT,PSC-SKU-BIKE-MT-001-20260727,MT-OP-030,SEG-ALT-MAINT-PSC-SKU-BIKE-MT-001-20260727-MT-OP-030-01;SEG-ALT-MAINT-PSC-SKU-BIKE-MT-001-20260727-MT-OP-030-02;SEG-ALT-MAINT-PSC-SKU-BIKE-MT-001-20260727-MT-OP-030-03;SEG-ALT-MAINT-PSC-SKU-BIKE-MT-001-20260727-MT-OP-030-04;SEG-ALT-MAINT-PSC-SKU-BIKE-MT-001-20260727-MT-OP-030-05,WS-WHEEL-SUB,M-WHEEL-TRUE-001,WHEEL_ASSEMBLY_TECHNICIAN,2026-08-24,2026-08-24,SHIFT-A,2026-08-24,SHIFT-A,WIN-20260824-SHIFT-A;WIN-20260825-SHIFT-A;WIN-20260826-SHIFT-A;WIN-20260827-SHIFT-A;WIN-20260828-SHIFT-A,2175.0,435.0,3,6525.0,6525.0,6525.0,M-WHEEL-TRUE-001#01=2030.7051,WHEEL_ASSEMBLY_TECHNICIAN#01=2030.7051,2030.7051,4494.2949,31.1219,31.1219,31.1219,31.1219,31.1219,31.1219,WORKSTATION,95.305,2030.7051,2030.7051,48.9899,0.0,33.6784,0.1667,33.8451,36.25,93.3658,252.5983,FINITE_CAPACITY_FEASIBLE,0.0,0.0,0.0,0.0,True,PHASE4_STEP8F_FINITE_CAPACITY_SCHEDULE_ALTERNATIVES,True
PHASE4-MPS-20260721170405,ALT-MAINT,PSC-SKU-BIKE-MT-001-20260727,MT-OP-040,SEG-ALT-MAINT-PSC-SKU-BIKE-MT-001-20260727-MT-OP-040-01;SEG-ALT-MAINT-PSC-SKU-BIKE-MT-001-20260727-MT-OP-040-02;SEG-ALT-MAINT-PSC-SKU-BIKE-MT-001-20260727-MT-OP-040-03;SEG-ALT-MAINT-PSC-SKU-BIKE-MT-001-20260727-MT-OP-040-04,WS-BRAKE-SUB,M-BRAKE-BENCH-001,BRAKE_ASSEMBLY_TECHNICIAN,2026-08-24,2026-08-24,SHIFT-A,2026-08-24,SHIFT-A,WIN-20260824-SHIFT-A;WIN-20260825-SHIFT-A;WIN-20260826-SHIFT-A;WIN-20260827-SHIFT-A,1740.0,435.0,2,3480.0,3480.0,3480.0,M-BRAKE-BENCH-001#01=1540.3213,BRAKE_ASSEMBLY_TECHNICIAN#01=1540.3213,1540.3213,1939.6787,44.2621,44.2621,44.2621,44.2621,44.2621,44.2621,WORKSTATION,95.305,1540.3213,1540.3213,104.3737,0.0,25.472,0.2,25.672,29.0,88.5242,187.8149,FINITE_CAPACITY_FEASIBLE,0.0,0.0,0.0,0.0,True,PHASE4_STEP8F_FINITE_CAPACITY_SCHEDULE_ALTERNATIVES,True
PHASE4-MPS-20260721170405,ALT-MAINT,PSC-SKU-BIKE-MT-001-20260727,MT-OP-050,SEG-ALT-MAINT-PSC-SKU-BIKE-MT-001-20260727-MT-OP-050-01;SEG-ALT-MAINT-PSC-SKU-BIKE-MT-001-20260727-MT-OP-050-02;SEG-ALT-MAINT-PSC-SKU-BIKE-MT-001-20260727-MT-OP-050-03;SEG-ALT-MAINT-PSC-SKU-BIKE-MT-001-20260727-MT-OP-050-04;SEG-ALT-MAINT-PSC-SKU-BIKE-MT-001-20260727-MT-OP-050-05;SEG-ALT-MAINT-PSC-SKU-BIKE-MT-001-20260727-MT-OP-050-06;SEG-ALT-MAINT-PSC-SKU-BIKE-MT-001-20260727-MT-OP-050-07;SEG-ALT-MAINT-PSC-SKU-BIKE-MT-001-20260727-MT-OP-050-08,WS-FINAL-ASM,M-FINAL-STAND-001,FINAL_ASSEMBLY_OPERATOR,2026-09-11,2026-09-11,SHIFT-A,2026-09-11,SHIFT-A,WIN-20260911-SHIFT-A;WIN-20260914-SHIFT-A;WIN-20260915-SHIFT-A;WIN-20260916-SHIFT-A;WIN-20260917-SHIFT-A;WIN-20260918-SHIFT-A;WIN-20260921-SHIFT-A;WIN-20260922-SHIFT-A,3480.0,435.0,1,3480.0,3480.0,3480.0,M-FINAL-STAND-001#01=3294.2413,FINAL_ASSEMBLY_OPERATOR#01=3294.2413,3294.2413,185.7587,94.6621,94.6621,94.6621,94.6621,94.6621,94.6621,WORKSTATION,39.7983,3294.2413,3294.2413,145.9604,0.0,54.504,0.4,54.904,58.0,94.6621,399.6048,FINITE_CAPACITY_FEASIBLE,0.0,0.0,0.0,0.0,True,PHASE4_STEP8F_FINITE_CAPACITY_SCHEDULE_ALTERNATIVES,True
PHASE4-MPS-20260721170405,ALT-MAINT,PSC-SKU-BIKE-MT-001-20260727,MT-OP-060,SEG-ALT-MAINT-PSC-SKU-BIKE-MT-001-20260727-MT-OP-060-01;SEG-ALT-MAINT-PSC-SKU-BIKE-MT-001-20260727-MT-OP-060-02;SEG-ALT-MAINT-PSC-SKU-BIKE-MT-001-20260727-MT-OP-060-03;SEG-ALT-MAINT-PSC-SKU-BIKE-MT-001-20260727-MT-OP-060-04,WS-QC,M-QC-TOOLS-001,QUALITY_INSPECTOR,2026-09-22,2026-09-22,SHIFT-A,2026-09-22,SHIFT-A,WIN-20260922-SHIFT-A;WIN-20260923-SHIFT-A;WIN-20260924-SHIFT-A;WIN-20260925-SHIFT-A,1740.0,435.0,1,1740.0,1740.0,1740.0,M-QC-TOOLS-001#01=1367.8829,QUALITY_INSPECTOR#01=1367.8829,1367.8829,372.1171,78.614,78.614,78.614,78.614,78.614,78.614,WORKSTATION,289.0396,1367.8829,1367.8829,83.0775,0.0,22.6647,0.1333,22.798,29.0,78.614,165.008,FINITE_CAPACITY_FEASIBLE,0.0,0.0001,0.0,0.0,True,PHASE4_STEP8F_FINITE_CAPACITY_SCHEDULE_ALTERNATIVES,True
PHASE4-MPS-20260721170405,ALT-MAINT,PSC-SKU-BIKE-MT-001-20260727,MT-OP-070,SEG-ALT-MAINT-PSC-SKU-BIKE-MT-001-20260727-MT-OP-070-01;SEG-ALT-MAINT-PSC-SKU-BIKE-MT-001-20260727-MT-OP-070-02;SEG-ALT-MAINT-PSC-SKU-BIKE-MT-001-20260727-MT-OP-070-03;SEG-ALT-MAINT-PSC-SKU-BIKE-MT-001-20260727-MT-OP-070-04,WS-PACK,M-PACK-BENCH-001,PACKAGING_OPERATOR,2026-09-25,2026-09-25,SHIFT-A,2026-09-25,SHIFT-A,WIN-20260925-SHIFT-A;WIN-20260928-SHIFT-A;WIN-20260929-SHIFT-A;WIN-20260930-SHIFT-A,1740.0,435.0,1,1740.0,1740.0,1740.0,M-PACK-BENCH-001#01=1033.2619,PACKAGING_OPERATOR#01=1033.2619,1033.2619,706.7381,59.3829,59.3829,59.3829,59.3829,59.3829,59.3829,WORKSTATION,351.9225,1033.2619,1033.2619,354.8156,0.0,17.121,0.1,17.221,29.0,59.3829,129.4918,FINITE_CAPACITY_FEASIBLE,0.0,0.0,0.0,0.0,True,PHASE4_STEP8F_FINITE_CAPACITY_SCHEDULE_ALTERNATIVES,True
PHASE4-MPS-20260721170405,ALT-MAINT,PSC-SKU-BIKE-ROAD-001-20260727,ROAD-OP-010,SEG-ALT-MAINT-PSC-SKU-BIKE-ROAD-001-20260727-ROAD-OP-010-01;SEG-ALT-MAINT-PSC-SKU-BIKE-ROAD-001-20260727-ROAD-OP-010-02;SEG-ALT-MAINT-PSC-SKU-BIKE-ROAD-001-20260727-ROAD-OP-010-03;SEG-ALT-MAINT-PSC-SKU-BIKE-ROAD-001-20260727-ROAD-OP-010-04,WS-FRAME-PREP,M-FRAME-JIG-001,FRAME_TECHNICIAN,2026-08-14,2026-08-14,SHIFT-A,2026-08-14,SHIFT-A,WIN-20260814-SHIFT-A;WIN-20260817-SHIFT-A;WIN-20260818-SHIFT-A;WIN-20260819-SHIFT-A,1740.0,435.0,2,3480.0,3480.0,3480.0,M-FRAME-JIG-001#01=1271.9819,FRAME_TECHNICIAN#01=1271.9819,1271.9819,2208.0181,36.5512,36.5512,36.5512,36.5512,36.5512,36.5512,WORKSTATION,236.7008,1271.9819,1271.9819,231.3173,0.0,20.8997,0.3,21.1997,29.0,73.1024,202.7045,FINITE_CAPACITY_FEASIBLE,0.0,0.0001,0.0,0.0,True,PHASE4_STEP8F_FINITE_CAPACITY_SCHEDULE_ALTERNATIVES,True
PHASE4-MPS-20260721170405,ALT-MAINT,PSC-SKU-BIKE-ROAD-001-20260727,ROAD-OP-020,SEG-ALT-MAINT-PSC-SKU-BIKE-ROAD-001-20260727-ROAD-OP-020-01;SEG-ALT-MAINT-PSC-SKU-BIKE-ROAD-001-20260727-ROAD-OP-020-02;SEG-ALT-MAINT-PSC-SKU-BIKE-ROAD-001-20260727-ROAD-OP-020-03;SEG-ALT-MAINT-PSC-SKU-BIKE-ROAD-001-20260727-ROAD-OP-020-04;SEG-ALT-MAINT-PSC-SKU-BIKE-ROAD-001-20260727-ROAD-OP-020-05,WS-WHEEL-SUB,M-WHEEL-TRUE-001,WHEEL_ASSEMBLY_TECHNICIAN,2026-09-02,2026-09-02,SHIFT-A,2026-09-02,SHIFT-A,WIN-20260902-SHIFT-A;WIN-20260903-SHIFT-A;WIN-20260904-SHIFT-A;WIN-20260907-SHIFT-A;WIN-20260908-SHIFT-A,2175.0,435.0,3,6525.0,6525.0,6525.0,M-WHEEL-TRUE-001#01=1762.9748,WHEEL_ASSEMBLY_TECHNICIAN#01=1762.9748,1762.9748,4762.0252,27.0188,27.0188,27.0188,27.0188,27.0188,27.0188,WORKSTATION,344.5463,1762.9748,1762.9748,67.4789,0.0,29.2162,0.1667,29.3829,36.25,81.0563,252.5983,FINITE_CAPACITY_FEASIBLE,0.0,0.0,0.0,0.0,True,PHASE4_STEP8F_FINITE_CAPACITY_SCHEDULE_ALTERNATIVES,True
PHASE4-MPS-20260721170405,ALT-MAINT,PSC-SKU-BIKE-ROAD-001-20260727,ROAD-OP-030,SEG-ALT-MAINT-PSC-SKU-BIKE-ROAD-001-20260727-ROAD-OP-030-01;SEG-ALT-MAINT-PSC-SKU-BIKE-ROAD-001-20260727-ROAD-OP-030-02;SEG-ALT-MAINT-PSC-SKU-BIKE-ROAD-001-20260727-ROAD-OP-030-03;SEG-ALT-MAINT-PSC-SKU-BIKE-ROAD-001-20260727-ROAD-OP-030-04,WS-BRAKE-SUB,M-BRAKE-BENCH-001,BRAKE_ASSEMBLY_TECHNICIAN,2026-09-02,2026-09-02,SHIFT-A,2026-09-02,SHIFT-A,WIN-20260902-SHIFT-A;WIN-20260903-SHIFT-A;WIN-20260904-SHIFT-A;WIN-20260907-SHIFT-A,1740.0,435.0,2,3480.0,3480.0,3480.0,M-BRAKE-BENCH-001#01=1295.4619,BRAKE_ASSEMBLY_TECHNICIAN#01=1295.4619,1295.4619,2184.5381,37.2259,37.2259,37.2259,37.2259,37.2259,37.2259,WORKSTATION,344.5463,1295.4619,1295.4619,99.9918,0.0,21.391,0.2,21.591,29.0,74.4518,187.8149,FINITE_CAPACITY_FEASIBLE,0.0,0.0,0.0,0.0,True,PHASE4_STEP8F_FINITE_CAPACITY_SCHEDULE_ALTERNATIVES,True
PHASE4-MPS-20260721170405,ALT-MAINT,PSC-SKU-BIKE-ROAD-001-20260727,ROAD-OP-040,SEG-ALT-MAINT-PSC-SKU-BIKE-ROAD-001-20260727-ROAD-OP-040-01;SEG-ALT-MAINT-PSC-SKU-BIKE-ROAD-001-20260727-ROAD-OP-040-02;SEG-ALT-MAINT-PSC-SKU-BIKE-ROAD-001-20260727-ROAD-OP-040-03;SEG-ALT-MAINT-PSC-SKU-BIKE-ROAD-001-20260727-ROAD-OP-040-04;SEG-ALT-MAINT-PSC-SKU-BIKE-ROAD-001-20260727-ROAD-OP-040-05;SEG-ALT-MAINT-PSC-SKU-BIKE-ROAD-001-20260727-ROAD-OP-040-06;SEG-ALT-MAINT-PSC-SKU-BIKE-ROAD-001-20260727-ROAD-OP-040-07,WS-FINAL-ASM,M-FINAL-STAND-001,FINAL_ASSEMBLY_OPERATOR,2026-09-22,2026-09-22,SHIFT-A,2026-09-22,SHIFT-A,WIN-20260922-SHIFT-A;WIN-20260923-SHIFT-A;WIN-20260924-SHIFT-A;WIN-20260925-SHIFT-A;WIN-20260928-SHIFT-A;WIN-20260929-SHIFT-A;WIN-20260930-SHIFT-A,3045.0,435.0,1,3045.0,3045.0,3045.0,M-FINAL-STAND-001#01=2740.252,FINAL_ASSEMBLY_OPERATOR#01=2740.252,2740.252,304.748,89.9919,89.9919,89.9919,89.9919,89.9919,89.9919,WORKSTATION,289.0396,2740.252,2740.252,15.7083,0.0,45.2709,0.4,45.6709,50.75,89.9919,399.6048,FINITE_CAPACITY_FEASIBLE,0.0,0.0,0.0,0.0,True,PHASE4_STEP8F_FINITE_CAPACITY_SCHEDULE_ALTERNATIVES,True
PHASE4-MPS-20260721170405,ALT-MAINT,PSC-SKU-BIKE-ROAD-001-20260727,ROAD-OP-050,SEG-ALT-MAINT-PSC-SKU-BIKE-ROAD-001-20260727-ROAD-OP-050-01;SEG-ALT-MAINT-PSC-SKU-BIKE-ROAD-001-20260727-ROAD-OP-050-02;SEG-ALT-MAINT-PSC-SKU-BIKE-ROAD-001-20260727-ROAD-OP-050-03;SEG-ALT-MAINT-PSC-SKU-BIKE-ROAD-001-20260727-ROAD-OP-050-04,WS-QC,M-QC-TOOLS-001,QUALITY_INSPECTOR,2026-09-30,2026-09-30,SHIFT-A,2026-09-30,SHIFT-A,WIN-20260930-SHIFT-A;WIN-20261001-SHIFT-A;WIN-20261002-SHIFT-A;WIN-20261005-SHIFT-A,1740.0,435.0,1,1740.0,1740.0,1740.0,M-QC-TOOLS-001#01=1121.996,QUALITY_INSPECTOR#01=1121.996,1121.996,618.004,64.4825,64.4825,64.4825,64.4825,64.4825,64.4825,WORKSTATION,419.2917,1121.996,1121.996,198.7123,0.0,18.5666,0.1333,18.6999,29.0,64.4825,165.008,FINITE_CAPACITY_FEASIBLE,0.0,0.0,0.0,0.0,True,PHASE4_STEP8F_FINITE_CAPACITY_SCHEDULE_ALTERNATIVES,True
PHASE4-MPS-20260721170405,ALT-MAINT,PSC-SKU-BIKE-ROAD-001-20260727,ROAD-OP-060,SEG-ALT-MAINT-PSC-SKU-BIKE-ROAD-001-20260727-ROAD-OP-060-01;SEG-ALT-MAINT-PSC-SKU-BIKE-ROAD-001-20260727-ROAD-OP-060-02;SEG-ALT-MAINT-PSC-SKU-BIKE-ROAD-001-20260727-ROAD-OP-060-03,WS-PACK,M-PACK-BENCH-001,PACKAGING_OPERATOR,2026-10-05,2026-10-05,SHIFT-A,2026-10-05,SHIFT-A,WIN-20261005-SHIFT-A;WIN-20261006-SHIFT-A;WIN-20261007-SHIFT-A,1305.0,435.0,1,1305.0,1305.0,1305.0,M-PACK-BENCH-001#01=911.1313,PACKAGING_OPERATOR#01=911.1313,911.1313,393.8687,69.8185,69.8185,69.8185,69.8185,69.8185,69.8185,WORKSTATION,236.2877,911.1313,911.1313,157.5811,0.0,15.0855,0.1,15.1855,21.75,69.8185,129.4918,FINITE_CAPACITY_FEASIBLE,0.0,0.0001,0.0,0.0,True,PHASE4_STEP8F_FINITE_CAPACITY_SCHEDULE_ALTERNATIVES,True
PHASE4-MPS-20260721170405,ALT-MAINT,PSC-SKU-BIKE-MT-001-20260803,MT-OP-010,SEG-ALT-MAINT-PSC-SKU-BIKE-MT-001-20260803-MT-OP-010-01;SEG-ALT-MAINT-PSC-SKU-BIKE-MT-001-20260803-MT-OP-010-02;SEG-ALT-MAINT-PSC-SKU-BIKE-MT-001-20260803-MT-OP-010-03;SEG-ALT-MAINT-PSC-SKU-BIKE-MT-001-20260803-MT-OP-010-04;SEG-ALT-MAINT-PSC-SKU-BIKE-MT-001-20260803-MT-OP-010-05,WS-FRAME-PREP,M-FRAME-JIG-001,FRAME_TECHNICIAN,2026-08-24,2026-08-24,SHIFT-A,2026-08-24,SHIFT-A,WIN-20260824-SHIFT-A;WIN-20260825-SHIFT-A;WIN-20260826-SHIFT-A;WIN-20260827-SHIFT-A;WIN-20260828-SHIFT-A,2175.0,435.0,2,4350.0,4350.0,4350.0,M-FRAME-JIG-001#01=1658.6417,FRAME_TECHNICIAN#01=1658.6417,1658.6417,2691.3583,38.1297,38.1297,38.1297,38.1297,38.1297,38.1297,WORKSTATION,95.305,1658.6417,1658.6417,421.0533,0.0,27.344,0.3,27.644,36.25,76.2594,202.7045,FINITE_CAPACITY_FEASIBLE,0.0,0.0,0.0,0.0,True,PHASE4_STEP8F_FINITE_CAPACITY_SCHEDULE_ALTERNATIVES,True
PHASE4-MPS-20260721170405,ALT-MAINT,PSC-SKU-BIKE-MT-001-20260803,MT-OP-020,SEG-ALT-MAINT-PSC-SKU-BIKE-MT-001-20260803-MT-OP-020-01;SEG-ALT-MAINT-PSC-SKU-BIKE-MT-001-20260803-MT-OP-020-02;SEG-ALT-MAINT-PSC-SKU-BIKE-MT-001-20260803-MT-OP-020-03;SEG-ALT-MAINT-PSC-SKU-BIKE-MT-001-20260803-MT-OP-020-04;SEG-ALT-MAINT-PSC-SKU-BIKE-MT-001-20260803-MT-OP-020-05,WS-FORK-SUSP,M-FORK-BENCH-001,SUSPENSION_TECHNICIAN,2026-09-11,2026-09-11,SHIFT-A,2026-09-11,SHIFT-A,WIN-20260911-SHIFT-A;WIN-20260914-SHIFT-A;WIN-20260915-SHIFT-A;WIN-20260916-SHIFT-A;WIN-20260917-SHIFT-A,2175.0,435.0,2,4350.0,4350.0,4350.0,M-FORK-BENCH-001#01=2012.4504,SUSPENSION_TECHNICIAN#01=2012.4504,2012.4504,2337.5496,46.2632,46.2632,46.2632,46.2632,46.2632,46.2632,WORKSTATION,39.7983,2012.4504,2012.4504,122.7512,0.0,33.5408,0.0,33.5408,36.25,92.5265,118.6224,FINITE_CAPACITY_FEASIBLE,0.0,0.0,0.0,0.0,True,PHASE4_STEP8F_FINITE_CAPACITY_SCHEDULE_ALTERNATIVES,True
PHASE4-MPS-20260721170405,ALT-MAINT,PSC-SKU-BIKE-MT-001-20260803,MT-OP-030,SEG-ALT-MAINT-PSC-SKU-BIKE-MT-001-20260803-MT-OP-030-01;SEG-ALT-MAINT-PSC-SKU-BIKE-MT-001-20260803-MT-OP-030-02;SEG-ALT-MAINT-PSC-SKU-BIKE-MT-001-20260803-MT-OP-030-03;SEG-ALT-MAINT-PSC-SKU-BIKE-MT-001-20260803-MT-OP-030-04;SEG-ALT-MAINT-PSC-SKU-BIKE-MT-001-20260803-MT-OP-030-05,WS-WHEEL-SUB,M-WHEEL-TRUE-001,WHEEL_ASSEMBLY_TECHNICIAN,2026-09-11,2026-09-11,SHIFT-A,2026-09-11,SHIFT-A,WIN-20260911-SHIFT-A;WIN-20260914-SHIFT-A;WIN-20260915-SHIFT-A;WIN-20260916-SHIFT-A;WIN-20260917-SHIFT-A,2175.0,435.0,3,6525.0,6525.0,6525.0,M-WHEEL-TRUE-001#01=2030.7051,WHEEL_ASSEMBLY_TECHNICIAN#01=2030.7051,2030.7051,4494.2949,31.1219,31.1219,31.1219,31.1219,31.1219,31.1219,WORKSTATION,39.7983,2030.7051,2030.7051,104.4965,0.0,33.6784,0.1667,33.8451,36.25,93.3658,252.5983,FINITE_CAPACITY_FEASIBLE,0.0,0.0,0.0,0.0,True,PHASE4_STEP8F_FINITE_CAPACITY_SCHEDULE_ALTERNATIVES,True
PHASE4-MPS-20260721170405,ALT-MAINT,PSC-SKU-BIKE-MT-001-20260803,MT-OP-040,SEG-ALT-MAINT-PSC-SKU-BIKE-MT-001-20260803-MT-OP-040-01;SEG-ALT-MAINT-PSC-SKU-BIKE-MT-001-20260803-MT-OP-040-02;SEG-ALT-MAINT-PSC-SKU-BIKE-MT-001-20260803-MT-OP-040-03;SEG-ALT-MAINT-PSC-SKU-BIKE-MT-001-20260803-MT-OP-040-04,WS-BRAKE-SUB,M-BRAKE-BENCH-001,BRAKE_ASSEMBLY_TECHNICIAN,2026-09-11,2026-09-11,SHIFT-A,2026-09-11,SHIFT-A,WIN-20260911-SHIFT-A;WIN-20260914-SHIFT-A;WIN-20260915-SHIFT-A;WIN-20260916-SHIFT-A,1740.0,435.0,2,3480.0,3480.0,3480.0,M-BRAKE-BENCH-001#01=1540.3213,BRAKE_ASSEMBLY_TECHNICIAN#01=1540.3213,1540.3213,1939.6787,44.2621,44.2621,44.2621,44.2621,44.2621,44.2621,WORKSTATION,39.7983,1540.3213,1540.3213,159.8803,0.0,25.472,0.2,25.672,29.0,88.5242,187.8149,FINITE_CAPACITY_FEASIBLE,0.0,0.0,0.0,0.0,True,PHASE4_STEP8F_FINITE_CAPACITY_SCHEDULE_ALTERNATIVES,True
PHASE4-MPS-20260721170405,ALT-MAINT,PSC-SKU-BIKE-MT-001-20260803,MT-OP-050,SEG-ALT-MAINT-PSC-SKU-BIKE-MT-001-20260803-MT-OP-050-01;SEG-ALT-MAINT-PSC-SKU-BIKE-MT-001-20260803-MT-OP-050-02;SEG-ALT-MAINT-PSC-SKU-BIKE-MT-001-20260803-MT-OP-050-03;SEG-ALT-MAINT-PSC-SKU-BIKE-MT-001-20260803-MT-OP-050-04;SEG-ALT-MAINT-PSC-SKU-BIKE-MT-001-20260803-MT-OP-050-05;SEG-ALT-MAINT-PSC-SKU-BIKE-MT-001-20260803-MT-OP-050-06;SEG-ALT-MAINT-PSC-SKU-BIKE-MT-001-20260803-MT-OP-050-07;SEG-ALT-MAINT-PSC-SKU-BIKE-MT-001-20260803-MT-OP-050-08,WS-FINAL-ASM,M-FINAL-STAND-001,FINAL_ASSEMBLY_OPERATOR,2026-10-01,2026-10-01,SHIFT-A,2026-10-01,SHIFT-A,WIN-20261001-SHIFT-A;WIN-20261002-SHIFT-A;WIN-20261005-SHIFT-A;WIN-20261006-SHIFT-A;WIN-20261007-SHIFT-A;WIN-20261008-SHIFT-A;WIN-20261009-SHIFT-A;WIN-20261012-SHIFT-A,3480.0,435.0,1,3480.0,3480.0,3480.0,M-FINAL-STAND-001#01=3294.2413,FINAL_ASSEMBLY_OPERATOR#01=3294.2413,3294.2413,185.7587,94.6621,94.6621,94.6621,94.6621,94.6621,94.6621,WORKSTATION,0.0,3294.2413,3294.2413,185.7587,0.0,54.504,0.4,54.904,58.0,94.6621,399.6048,FINITE_CAPACITY_FEASIBLE,0.0,0.0,0.0,0.0,True,PHASE4_STEP8F_FINITE_CAPACITY_SCHEDULE_ALTERNATIVES,True
PHASE4-MPS-20260721170405,ALT-MAINT,PSC-SKU-BIKE-MT-001-20260803,MT-OP-060,SEG-ALT-MAINT-PSC-SKU-BIKE-MT-001-20260803-MT-OP-060-01;SEG-ALT-MAINT-PSC-SKU-BIKE-MT-001-20260803-MT-OP-060-02;SEG-ALT-MAINT-PSC-SKU-BIKE-MT-001-20260803-MT-OP-060-03;SEG-ALT-MAINT-PSC-SKU-BIKE-MT-001-20260803-MT-OP-060-04,WS-QC,M-QC-TOOLS-001,QUALITY_INSPECTOR,2026-10-12,2026-10-12,SHIFT-A,2026-10-12,SHIFT-A,WIN-20261012-SHIFT-A;WIN-20261013-SHIFT-A;WIN-20261014-SHIFT-A;WIN-20261015-SHIFT-A,1740.0,435.0,1,1740.0,1740.0,1740.0,M-QC-TOOLS-001#01=1367.8829,QUALITY_INSPECTOR#01=1367.8829,1367.8829,372.1171,78.614,78.614,78.614,78.614,78.614,78.614,WORKSTATION,249.2413,1367.8829,1367.8829,122.8758,0.0,22.6647,0.1333,22.798,29.0,78.614,165.008,FINITE_CAPACITY_FEASIBLE,0.0,0.0001,0.0,0.0,True,PHASE4_STEP8F_FINITE_CAPACITY_SCHEDULE_ALTERNATIVES,True
PHASE4-MPS-20260721170405,ALT-MAINT,PSC-SKU-BIKE-MT-001-20260803,MT-OP-070,SEG-ALT-MAINT-PSC-SKU-BIKE-MT-001-20260803-MT-OP-070-01;SEG-ALT-MAINT-PSC-SKU-BIKE-MT-001-20260803-MT-OP-070-02;SEG-ALT-MAINT-PSC-SKU-BIKE-MT-001-20260803-MT-OP-070-03;SEG-ALT-MAINT-PSC-SKU-BIKE-MT-001-20260803-MT-OP-070-04,WS-PACK,M-PACK-BENCH-001,PACKAGING_OPERATOR,2026-10-15,2026-10-15,SHIFT-A,2026-10-15,SHIFT-A,WIN-20261015-SHIFT-A;WIN-20261016-SHIFT-A;WIN-20261019-SHIFT-A;WIN-20261020-SHIFT-A,1740.0,435.0,1,1740.0,1740.0,1740.0,M-PACK-BENCH-001#01=1033.2619,PACKAGING_OPERATOR#01=1033.2619,1033.2619,706.7381,59.3829,59.3829,59.3829,59.3829,59.3829,59.3829,WORKSTATION,312.1242,1033.2619,1033.2619,394.6139,0.0,17.121,0.1,17.221,29.0,59.3829,129.4918,FINITE_CAPACITY_FEASIBLE,0.0,0.0,0.0,0.0,True,PHASE4_STEP8F_FINITE_CAPACITY_SCHEDULE_ALTERNATIVES,True
PHASE4-MPS-20260721170405,ALT-MAINT,PSC-SKU-BIKE-ROAD-001-20260803,ROAD-OP-010,SEG-ALT-MAINT-PSC-SKU-BIKE-ROAD-001-20260803-ROAD-OP-010-01;SEG-ALT-MAINT-PSC-SKU-BIKE-ROAD-001-20260803-ROAD-OP-010-02;SEG-ALT-MAINT-PSC-SKU-BIKE-ROAD-001-20260803-ROAD-OP-010-03;SEG-ALT-MAINT-PSC-SKU-BIKE-ROAD-001-20260803-ROAD-OP-010-04;SEG-ALT-MAINT-PSC-SKU-BIKE-ROAD-001-20260803-ROAD-OP-010-05,WS-FRAME-PREP,M-FRAME-JIG-001,FRAME_TECHNICIAN,2026-09-02,2026-09-02,SHIFT-A,2026-09-02,SHIFT-A,WIN-20260902-SHIFT-A;WIN-20260903-SHIFT-A;WIN-20260904-SHIFT-A;WIN-20260907-SHIFT-A;WIN-20260908-SHIFT-A,2175.0,435.0,2,4350.0,4350.0,4350.0,M-FRAME-JIG-001#01=1411.3261,FRAME_TECHNICIAN#01=1411.3261,1411.3261,2938.6739,32.4443,32.4443,32.4443,32.4443,32.4443,32.4443,WORKSTATION,344.5463,1411.3261,1411.3261,419.1276,0.0,23.2221,0.3,23.5221,36.25,64.8886,202.7045,FINITE_CAPACITY_FEASIBLE,0.0,0.0,0.0,0.0,True,PHASE4_STEP8F_FINITE_CAPACITY_SCHEDULE_ALTERNATIVES,True
PHASE4-MPS-20260721170405,ALT-MAINT,PSC-SKU-BIKE-ROAD-001-20260803,ROAD-OP-020,SEG-ALT-MAINT-PSC-SKU-BIKE-ROAD-001-20260803-ROAD-OP-020-01;SEG-ALT-MAINT-PSC-SKU-BIKE-ROAD-001-20260803-ROAD-OP-020-02;SEG-ALT-MAINT-PSC-SKU-BIKE-ROAD-001-20260803-ROAD-OP-020-03;SEG-ALT-MAINT-PSC-SKU-BIKE-ROAD-001-20260803-ROAD-OP-020-04;SEG-ALT-MAINT-PSC-SKU-BIKE-ROAD-001-20260803-ROAD-OP-020-05,WS-WHEEL-SUB,M-WHEEL-TRUE-001,WHEEL_ASSEMBLY_TECHNICIAN,2026-09-22,2026-09-22,SHIFT-A,2026-09-22,SHIFT-A,WIN-20260922-SHIFT-A;WIN-20260923-SHIFT-A;WIN-20260924-SHIFT-A;WIN-20260925-SHIFT-A;WIN-20260928-SHIFT-A,2175.0,435.0,3,6525.0,6525.0,6525.0,M-WHEEL-TRUE-001#01=1762.9748,WHEEL_ASSEMBLY_TECHNICIAN#01=1762.9748,1762.9748,4762.0252,27.0188,27.0188,27.0188,27.0188,27.0188,27.0188,WORKSTATION,289.0396,1762.9748,1762.9748,122.9855,0.0,29.2162,0.1667,29.3829,36.25,81.0563,252.5983,FINITE_CAPACITY_FEASIBLE,0.0,0.0,0.0,0.0,True,PHASE4_STEP8F_FINITE_CAPACITY_SCHEDULE_ALTERNATIVES,True
PHASE4-MPS-20260721170405,ALT-MAINT,PSC-SKU-BIKE-ROAD-001-20260803,ROAD-OP-030,SEG-ALT-MAINT-PSC-SKU-BIKE-ROAD-001-20260803-ROAD-OP-030-01;SEG-ALT-MAINT-PSC-SKU-BIKE-ROAD-001-20260803-ROAD-OP-030-02;SEG-ALT-MAINT-PSC-SKU-BIKE-ROAD-001-20260803-ROAD-OP-030-03;SEG-ALT-MAINT-PSC-SKU-BIKE-ROAD-001-20260803-ROAD-OP-030-04,WS-BRAKE-SUB,M-BRAKE-BENCH-001,BRAKE_ASSEMBLY_TECHNICIAN,2026-09-22,2026-09-22,SHIFT-A,2026-09-22,SHIFT-A,WIN-20260922-SHIFT-A;WIN-20260923-SHIFT-A;WIN-20260924-SHIFT-A;WIN-20260925-SHIFT-A,1740.0,435.0,2,3480.0,3480.0,3480.0,M-BRAKE-BENCH-001#01=1295.4619,BRAKE_ASSEMBLY_TECHNICIAN#01=1295.4619,1295.4619,2184.5381,37.2259,37.2259,37.2259,37.2259,37.2259,37.2259,WORKSTATION,289.0396,1295.4619,1295.4619,155.4985,0.0,21.391,0.2,21.591,29.0,74.4518,187.8149,FINITE_CAPACITY_FEASIBLE,0.0,0.0,0.0,0.0,True,PHASE4_STEP8F_FINITE_CAPACITY_SCHEDULE_ALTERNATIVES,True
PHASE4-MPS-20260721170405,ALT-MAINT,PSC-SKU-BIKE-ROAD-001-20260803,ROAD-OP-040,SEG-ALT-MAINT-PSC-SKU-BIKE-ROAD-001-20260803-ROAD-OP-040-01;SEG-ALT-MAINT-PSC-SKU-BIKE-ROAD-001-20260803-ROAD-OP-040-02;SEG-ALT-MAINT-PSC-SKU-BIKE-ROAD-001-20260803-ROAD-OP-040-03;SEG-ALT-MAINT-PSC-SKU-BIKE-ROAD-001-20260803-ROAD-OP-040-04;SEG-ALT-MAINT-PSC-SKU-BIKE-ROAD-001-20260803-ROAD-OP-040-05;SEG-ALT-MAINT-PSC-SKU-BIKE-ROAD-001-20260803-ROAD-OP-040-06;SEG-ALT-MAINT-PSC-SKU-BIKE-ROAD-001-20260803-ROAD-OP-040-07,WS-FINAL-ASM,M-FINAL-STAND-001,FINAL_ASSEMBLY_OPERATOR,2026-10-12,2026-10-12,SHIFT-A,2026-10-12,SHIFT-A,WIN-20261012-SHIFT-A;WIN-20261013-SHIFT-A;WIN-20261014-SHIFT-A;WIN-20261015-SHIFT-A;WIN-20261016-SHIFT-A;WIN-20261019-SHIFT-A;WIN-20261020-SHIFT-A,3045.0,435.0,1,3045.0,3045.0,3045.0,M-FINAL-STAND-001#01=2740.252,FINAL_ASSEMBLY_OPERATOR#01=2740.252,2740.252,304.748,89.9919,89.9919,89.9919,89.9919,89.9919,89.9919,WORKSTATION,249.2413,2740.252,2740.252,55.5067,0.0,45.2709,0.4,45.6709,50.75,89.9919,399.6048,FINITE_CAPACITY_FEASIBLE,0.0,0.0,0.0,0.0,True,PHASE4_STEP8F_FINITE_CAPACITY_SCHEDULE_ALTERNATIVES,True
PHASE4-MPS-20260721170405,ALT-MAINT,PSC-SKU-BIKE-ROAD-001-20260803,ROAD-OP-050,SEG-ALT-MAINT-PSC-SKU-BIKE-ROAD-001-20260803-ROAD-OP-050-01;SEG-ALT-MAINT-PSC-SKU-BIKE-ROAD-001-20260803-ROAD-OP-050-02;SEG-ALT-MAINT-PSC-SKU-BIKE-ROAD-001-20260803-ROAD-OP-050-03;SEG-ALT-MAINT-PSC-SKU-BIKE-ROAD-001-20260803-ROAD-OP-050-04,WS-QC,M-QC-TOOLS-001,QUALITY_INSPECTOR,2026-10-20,2026-10-20,SHIFT-A,2026-10-20,SHIFT-A,WIN-20261020-SHIFT-A;WIN-20261021-SHIFT-A;WIN-20261022-SHIFT-A;WIN-20261023-SHIFT-A,1740.0,435.0,1,1740.0,1740.0,1740.0,M-QC-TOOLS-001#01=1121.996,QUALITY_INSPECTOR#01=1121.996,1121.996,618.004,64.4825,64.4825,64.4825,64.4825,64.4825,64.4825,WORKSTATION,379.4933,1121.996,1121.996,238.5107,0.0,18.5666,0.1333,18.6999,29.0,64.4825,165.008,FINITE_CAPACITY_FEASIBLE,0.0,0.0,0.0,0.0,True,PHASE4_STEP8F_FINITE_CAPACITY_SCHEDULE_ALTERNATIVES,True
PHASE4-MPS-20260721170405,ALT-MAINT,PSC-SKU-BIKE-ROAD-001-20260803,ROAD-OP-060,SEG-ALT-MAINT-PSC-SKU-BIKE-ROAD-001-20260803-ROAD-OP-060-01,WS-PACK,M-PACK-BENCH-001,PACKAGING_OPERATOR,2026-10-23,2026-10-23,SHIFT-A,2026-10-23,SHIFT-A,WIN-20261023-SHIFT-A,435.0,435.0,1,435.0,435.0,435.0,M-PACK-BENCH-001#01=238.5107,PACKAGING_OPERATOR#01=238.5107,238.5107,196.4893,54.83,54.83,54.83,54.83,54.83,54.83,WORKSTATION,0.0,911.1313,238.5107,196.4893,672.6206,15.0855,0.1,15.1855,7.25,54.83,129.4918,FINITE_CAPACITY_PARTIAL_QUANTITY,11.2103,1569.4482,0.0,0.0,True,PHASE4_STEP8F_FINITE_CAPACITY_SCHEDULE_ALTERNATIVES,True
PHASE4-MPS-20260721170405,ALT-MAINT,PSC-SKU-BIKE-MT-001-20260810,MT-OP-010,SEG-ALT-MAINT-PSC-SKU-BIKE-MT-001-20260810-MT-OP-010-01;SEG-ALT-MAINT-PSC-SKU-BIKE-MT-001-20260810-MT-OP-010-02;SEG-ALT-MAINT-PSC-SKU-BIKE-MT-001-20260810-MT-OP-010-03;SEG-ALT-MAINT-PSC-SKU-BIKE-MT-001-20260810-MT-OP-010-04,WS-FRAME-PREP,M-FRAME-JIG-001,FRAME_TECHNICIAN,2026-09-11,2026-09-11,SHIFT-A,2026-09-11,SHIFT-A,WIN-20260911-SHIFT-A;WIN-20260914-SHIFT-A;WIN-20260915-SHIFT-A;WIN-20260916-SHIFT-A,1740.0,435.0,2,3480.0,3480.0,3480.0,M-FRAME-JIG-001#01=1658.6417,FRAME_TECHNICIAN#01=1658.6417,1658.6417,1821.3583,47.6621,47.6621,47.6621,47.6621,47.6621,47.6621,WORKSTATION,39.7983,1658.6417,1658.6417,41.5599,0.0,27.344,0.3,27.644,29.0,95.3242,202.7045,FINITE_CAPACITY_FEASIBLE,0.0,0.0,0.0,0.0,True,PHASE4_STEP8F_FINITE_CAPACITY_SCHEDULE_ALTERNATIVES,True
PHASE4-MPS-20260721170405,ALT-MAINT,PSC-SKU-BIKE-MT-001-20260810,MT-OP-020,SEG-ALT-MAINT-PSC-SKU-BIKE-MT-001-20260810-MT-OP-020-01;SEG-ALT-MAINT-PSC-SKU-BIKE-MT-001-20260810-MT-OP-020-02;SEG-ALT-MAINT-PSC-SKU-BIKE-MT-001-20260810-MT-OP-020-03;SEG-ALT-MAINT-PSC-SKU-BIKE-MT-001-20260810-MT-OP-020-04;SEG-ALT-MAINT-PSC-SKU-BIKE-MT-001-20260810-MT-OP-020-05,WS-FORK-SUSP,M-FORK-BENCH-001,SUSPENSION_TECHNICIAN,2026-10-01,2026-10-01,SHIFT-A,2026-10-01,SHIFT-A,WIN-20261001-SHIFT-A;WIN-20261002-SHIFT-A;WIN-20261005-SHIFT-A;WIN-20261006-SHIFT-A;WIN-20261007-SHIFT-A,2175.0,435.0,2,4350.0,4350.0,4350.0,M-FORK-BENCH-001#01=2012.4504,SUSPENSION_TECHNICIAN#01=2012.4504,2012.4504,2337.5496,46.2632,46.2632,46.2632,46.2632,46.2632,46.2632,WORKSTATION,0.0,2012.4504,2012.4504,162.5496,0.0,33.5408,0.0,33.5408,36.25,92.5265,118.6224,FINITE_CAPACITY_FEASIBLE,0.0,0.0,0.0,0.0,True,PHASE4_STEP8F_FINITE_CAPACITY_SCHEDULE_ALTERNATIVES,True
PHASE4-MPS-20260721170405,ALT-MAINT,PSC-SKU-BIKE-MT-001-20260810,MT-OP-030,SEG-ALT-MAINT-PSC-SKU-BIKE-MT-001-20260810-MT-OP-030-01;SEG-ALT-MAINT-PSC-SKU-BIKE-MT-001-20260810-MT-OP-030-02;SEG-ALT-MAINT-PSC-SKU-BIKE-MT-001-20260810-MT-OP-030-03;SEG-ALT-MAINT-PSC-SKU-BIKE-MT-001-20260810-MT-OP-030-04;SEG-ALT-MAINT-PSC-SKU-BIKE-MT-001-20260810-MT-OP-030-05,WS-WHEEL-SUB,M-WHEEL-TRUE-001,WHEEL_ASSEMBLY_TECHNICIAN,2026-10-01,2026-10-01,SHIFT-A,2026-10-01,SHIFT-A,WIN-20261001-SHIFT-A;WIN-20261002-SHIFT-A;WIN-20261005-SHIFT-A;WIN-20261006-SHIFT-A;WIN-20261007-SHIFT-A,2175.0,435.0,3,6525.0,6525.0,6525.0,M-WHEEL-TRUE-001#01=2030.7051,WHEEL_ASSEMBLY_TECHNICIAN#01=2030.7051,2030.7051,4494.2949,31.1219,31.1219,31.1219,31.1219,31.1219,31.1219,WORKSTATION,0.0,2030.7051,2030.7051,144.2949,0.0,33.6784,0.1667,33.8451,36.25,93.3658,252.5983,FINITE_CAPACITY_FEASIBLE,0.0,0.0,0.0,0.0,True,PHASE4_STEP8F_FINITE_CAPACITY_SCHEDULE_ALTERNATIVES,True
PHASE4-MPS-20260721170405,ALT-MAINT,PSC-SKU-BIKE-MT-001-20260810,MT-OP-040,SEG-ALT-MAINT-PSC-SKU-BIKE-MT-001-20260810-MT-OP-040-01;SEG-ALT-MAINT-PSC-SKU-BIKE-MT-001-20260810-MT-OP-040-02;SEG-ALT-MAINT-PSC-SKU-BIKE-MT-001-20260810-MT-OP-040-03;SEG-ALT-MAINT-PSC-SKU-BIKE-MT-001-20260810-MT-OP-040-04,WS-BRAKE-SUB,M-BRAKE-BENCH-001,BRAKE_ASSEMBLY_TECHNICIAN,2026-10-01,2026-10-01,SHIFT-A,2026-10-01,SHIFT-A,WIN-20261001-SHIFT-A;WIN-20261002-SHIFT-A;WIN-20261005-SHIFT-A;WIN-20261006-SHIFT-A,1740.0,435.0,2,3480.0,3480.0,3480.0,M-BRAKE-BENCH-001#01=1540.3213,BRAKE_ASSEMBLY_TECHNICIAN#01=1540.3213,1540.3213,1939.6787,44.2621,44.2621,44.2621,44.2621,44.2621,44.2621,WORKSTATION,0.0,1540.3213,1540.3213,199.6787,0.0,25.472,0.2,25.672,29.0,88.5242,187.8149,FINITE_CAPACITY_FEASIBLE,0.0,0.0,0.0,0.0,True,PHASE4_STEP8F_FINITE_CAPACITY_SCHEDULE_ALTERNATIVES,True
PHASE4-MPS-20260721170405,ALT-MAINT,PSC-SKU-BIKE-MT-001-20260810,MT-OP-050,SEG-ALT-MAINT-PSC-SKU-BIKE-MT-001-20260810-MT-OP-050-01;SEG-ALT-MAINT-PSC-SKU-BIKE-MT-001-20260810-MT-OP-050-02;SEG-ALT-MAINT-PSC-SKU-BIKE-MT-001-20260810-MT-OP-050-03;SEG-ALT-MAINT-PSC-SKU-BIKE-MT-001-20260810-MT-OP-050-04,WS-FINAL-ASM,M-FINAL-STAND-001,FINAL_ASSEMBLY_OPERATOR,2026-10-20,2026-10-20,SHIFT-A,2026-10-20,SHIFT-A,WIN-20261020-SHIFT-A;WIN-20261021-SHIFT-A;WIN-20261022-SHIFT-A;WIN-20261023-SHIFT-A,1740.0,435.0,1,1740.0,1740.0,1740.0,M-FINAL-STAND-001#01=1360.5067,FINAL_ASSEMBLY_OPERATOR#01=1360.5067,1360.5067,379.4933,78.19,78.19,78.19,78.19,78.19,78.19,WORKSTATION,379.4933,4219.398,1360.5067,0.0,2858.8913,69.9233,0.4,70.3233,29.0,78.19,399.6048,FINITE_CAPACITY_PARTIAL_QUANTITY,47.6482,6670.7464,0.0,0.0,True,PHASE4_STEP8F_FINITE_CAPACITY_SCHEDULE_ALTERNATIVES,True
PHASE4-MPS-20260721170405,ALT-MAINT,PSC-SKU-BIKE-MT-001-20260810,MT-OP-060,,WS-QC,M-QC-TOOLS-001,QUALITY_INSPECTOR,,,,,,,0.0,435.0,1,435.0,435.0,435.0,,,0.0,435.0,0.0,0.0,0.0,0.0,0.0,0.0,WORKSTATION,0.0,563.7671,0.0,0.0,563.7671,9.2628,0.1333,9.3961,0.0,0.0,165.008,FINITE_CAPACITY_BLOCKED,9.3961,1315.4566,0.0,0.0,True,PHASE4_STEP8F_FINITE_CAPACITY_SCHEDULE_ALTERNATIVES,True
PHASE4-MPS-20260721170405,ALT-MAINT,PSC-SKU-BIKE-MT-001-20260810,MT-OP-070,,WS-PACK,M-PACK-BENCH-001,PACKAGING_OPERATOR,,,,,,,0.0,435.0,1,435.0,435.0,435.0,,,0.0,435.0,0.0,0.0,0.0,0.0,0.0,0.0,WORKSTATION,0.0,0.0,0.0,0.0,0.0,0.0,0.0,0.0,0.0,0.0,129.4918,FINITE_CAPACITY_BLOCKED,0.0,0.0,0.0,0.0,True,PHASE4_STEP8F_FINITE_CAPACITY_SCHEDULE_ALTERNATIVES,True
PHASE4-MPS-20260721170405,ALT-MAINT,PSC-SKU-BIKE-ROAD-001-20260810,ROAD-OP-010,SEG-ALT-MAINT-PSC-SKU-BIKE-ROAD-001-20260810-ROAD-OP-010-01;SEG-ALT-MAINT-PSC-SKU-BIKE-ROAD-001-20260810-ROAD-OP-010-02;SEG-ALT-MAINT-PSC-SKU-BIKE-ROAD-001-20260810-ROAD-OP-010-03;SEG-ALT-MAINT-PSC-SKU-BIKE-ROAD-001-20260810-ROAD-OP-010-04,WS-FRAME-PREP,M-FRAME-JIG-001,FRAME_TECHNICIAN,2026-09-22,2026-09-22,SHIFT-A,2026-09-22,SHIFT-A,WIN-20260922-SHIFT-A;WIN-20260923-SHIFT-A;WIN-20260924-SHIFT-A;WIN-20260925-SHIFT-A,1740.0,435.0,2,3480.0,3480.0,3480.0,M-FRAME-JIG-001#01=1411.3261,FRAME_TECHNICIAN#01=1411.3261,1411.3261,2068.6739,40.5553,40.5553,40.5553,40.5553,40.5553,40.5553,WORKSTATION,289.0396,1411.3261,1411.3261,39.6343,0.0,23.2221,0.3,23.5221,29.0,81.1107,202.7045,FINITE_CAPACITY_FEASIBLE,0.0,0.0,0.0,0.0,True,PHASE4_STEP8F_FINITE_CAPACITY_SCHEDULE_ALTERNATIVES,True
PHASE4-MPS-20260721170405,ALT-MAINT,PSC-SKU-BIKE-ROAD-001-20260810,ROAD-OP-020,SEG-ALT-MAINT-PSC-SKU-BIKE-ROAD-001-20260810-ROAD-OP-020-01;SEG-ALT-MAINT-PSC-SKU-BIKE-ROAD-001-20260810-ROAD-OP-020-02;SEG-ALT-MAINT-PSC-SKU-BIKE-ROAD-001-20260810-ROAD-OP-020-03;SEG-ALT-MAINT-PSC-SKU-BIKE-ROAD-001-20260810-ROAD-OP-020-04;SEG-ALT-MAINT-PSC-SKU-BIKE-ROAD-001-20260810-ROAD-OP-020-05,WS-WHEEL-SUB,M-WHEEL-TRUE-001,WHEEL_ASSEMBLY_TECHNICIAN,2026-10-12,2026-10-12,SHIFT-A,2026-10-12,SHIFT-A,WIN-20261012-SHIFT-A;WIN-20261013-SHIFT-A;WIN-20261014-SHIFT-A;WIN-20261015-SHIFT-A;WIN-20261016-SHIFT-A,2175.0,435.0,3,6525.0,6525.0,6525.0,M-WHEEL-TRUE-001#01=1762.9748,WHEEL_ASSEMBLY_TECHNICIAN#01=1762.9748,1762.9748,4762.0252,27.0188,27.0188,27.0188,27.0188,27.0188,27.0188,WORKSTATION,249.2413,1762.9748,1762.9748,162.7839,0.0,29.2162,0.1667,29.3829,36.25,81.0563,252.5983,FINITE_CAPACITY_FEASIBLE,0.0,0.0,0.0,0.0,True,PHASE4_STEP8F_FINITE_CAPACITY_SCHEDULE_ALTERNATIVES,True
PHASE4-MPS-20260721170405,ALT-MAINT,PSC-SKU-BIKE-ROAD-001-20260810,ROAD-OP-030,SEG-ALT-MAINT-PSC-SKU-BIKE-ROAD-001-20260810-ROAD-OP-030-01;SEG-ALT-MAINT-PSC-SKU-BIKE-ROAD-001-20260810-ROAD-OP-030-02;SEG-ALT-MAINT-PSC-SKU-BIKE-ROAD-001-20260810-ROAD-OP-030-03;SEG-ALT-MAINT-PSC-SKU-BIKE-ROAD-001-20260810-ROAD-OP-030-04,WS-BRAKE-SUB,M-BRAKE-BENCH-001,BRAKE_ASSEMBLY_TECHNICIAN,2026-10-12,2026-10-12,SHIFT-A,2026-10-12,SHIFT-A,WIN-20261012-SHIFT-A;WIN-20261013-SHIFT-A;WIN-20261014-SHIFT-A;WIN-20261015-SHIFT-A,1740.0,435.0,2,3480.0,3480.0,3480.0,M-BRAKE-BENCH-001#01=1295.4619,BRAKE_ASSEMBLY_TECHNICIAN#01=1295.4619,1295.4619,2184.5381,37.2259,37.2259,37.2259,37.2259,37.2259,37.2259,WORKSTATION,249.2413,1295.4619,1295.4619,195.2968,0.0,21.391,0.2,21.591,29.0,74.4518,187.8149,FINITE_CAPACITY_FEASIBLE,0.0,0.0,0.0,0.0,True,PHASE4_STEP8F_FINITE_CAPACITY_SCHEDULE_ALTERNATIVES,True
PHASE4-MPS-20260721170405,ALT-MAINT,PSC-SKU-BIKE-ROAD-001-20260810,ROAD-OP-040,,WS-FINAL-ASM,M-FINAL-STAND-001,FINAL_ASSEMBLY_OPERATOR,,,,,,,0.0,435.0,1,435.0,435.0,435.0,,,0.0,435.0,0.0,0.0,0.0,0.0,0.0,0.0,WORKSTATION,0.0,4524.558,0.0,0.0,4524.558,75.0093,0.4,75.4093,0.0,0.0,399.6048,FINITE_CAPACITY_BLOCKED,75.4093,10557.302,0.0,0.0,True,PHASE4_STEP8F_FINITE_CAPACITY_SCHEDULE_ALTERNATIVES,True
PHASE4-MPS-20260721170405,ALT-MAINT,PSC-SKU-BIKE-ROAD-001-20260810,ROAD-OP-050,,WS-QC,M-QC-TOOLS-001,QUALITY_INSPECTOR,,,,,,,0.0,435.0,1,435.0,435.0,435.0,,,0.0,435.0,0.0,0.0,0.0,0.0,0.0,0.0,WORKSTATION,0.0,0.0,0.0,0.0,0.0,0.0,0.0,0.0,0.0,0.0,165.008,FINITE_CAPACITY_BLOCKED,0.0,0.0,0.0,0.0,True,PHASE4_STEP8F_FINITE_CAPACITY_SCHEDULE_ALTERNATIVES,True
PHASE4-MPS-20260721170405,ALT-MAINT,PSC-SKU-BIKE-ROAD-001-20260810,ROAD-OP-060,,WS-PACK,M-PACK-BENCH-001,PACKAGING_OPERATOR,,,,,,,0.0,435.0,1,435.0,435.0,435.0,,,0.0,435.0,0.0,0.0,0.0,0.0,0.0,0.0,WORKSTATION,0.0,672.6206,0.0,0.0,672.6206,11.2103,0.0,11.2103,0.0,0.0,129.4918,FINITE_CAPACITY_BLOCKED,11.2103,1569.4481,0.0,0.0,True,PHASE4_STEP8F_FINITE_CAPACITY_SCHEDULE_ALTERNATIVES,True
PHASE4-MPS-20260721170405,ALT-MAINT,PSC-SKU-BIKE-MT-001-20260817,MT-OP-010,,WS-FRAME-PREP,M-FRAME-JIG-001,FRAME_TECHNICIAN,,,,,,,0.0,435.0,2,870.0,870.0,870.0,,,0.0,870.0,0.0,0.0,0.0,0.0,0.0,0.0,WORKSTATION,0.0,0.0,0.0,0.0,0.0,0.0,0.3,0.0,0.0,0.0,202.7045,FINITE_CAPACITY_BLOCKED,0.0,0.0,0.0,0.0,True,PHASE4_STEP8F_FINITE_CAPACITY_SCHEDULE_ALTERNATIVES,True
PHASE4-MPS-20260721170405,ALT-MAINT,PSC-SKU-BIKE-MT-001-20260817,MT-OP-020,,WS-FORK-SUSP,M-FORK-BENCH-001,SUSPENSION_TECHNICIAN,,,,,,,0.0,435.0,2,870.0,870.0,870.0,,,0.0,870.0,0.0,0.0,0.0,0.0,0.0,0.0,WORKSTATION,0.0,0.0,0.0,0.0,0.0,0.0,0.0,0.0,0.0,0.0,118.6224,FINITE_CAPACITY_BLOCKED,0.0,0.0,0.0,0.0,True,PHASE4_STEP8F_FINITE_CAPACITY_SCHEDULE_ALTERNATIVES,True
PHASE4-MPS-20260721170405,ALT-MAINT,PSC-SKU-BIKE-MT-001-20260817,MT-OP-030,SEG-ALT-MAINT-PSC-SKU-BIKE-MT-001-20260817-MT-OP-030-01;SEG-ALT-MAINT-PSC-SKU-BIKE-MT-001-20260817-MT-OP-030-02,WS-WHEEL-SUB,M-WHEEL-TRUE-001,WHEEL_ASSEMBLY_TECHNICIAN,2026-10-01,2026-10-01,SHIFT-A,2026-10-01,SHIFT-A,WIN-20261001-SHIFT-A;WIN-20261002-SHIFT-A,870.0,435.0,3,2610.0,2610.0,2610.0,M-WHEEL-TRUE-001#02=683.5684,WHEEL_ASSEMBLY_TECHNICIAN#02=683.5684,683.5684,1926.4316,26.1904,26.1904,26.1904,26.1904,26.1904,26.1904,WORKSTATION,186.4316,683.5684,683.5684,0.0,0.0,11.2261,0.1667,11.3928,14.5,78.5711,252.5983,FINITE_CAPACITY_FEASIBLE,0.0,0.0,0.0,0.0,True,PHASE4_STEP8F_FINITE_CAPACITY_SCHEDULE_ALTERNATIVES,True
PHASE4-MPS-20260721170405,ALT-MAINT,PSC-SKU-BIKE-MT-001-20260817,MT-OP-040,SEG-ALT-MAINT-PSC-SKU-BIKE-MT-001-20260817-MT-OP-040-01,WS-BRAKE-SUB,M-BRAKE-BENCH-001,BRAKE_ASSEMBLY_TECHNICIAN,2026-10-01,2026-10-01,SHIFT-A,2026-10-01,SHIFT-A,WIN-20261001-SHIFT-A,435.0,435.0,2,870.0,870.0,870.0,M-BRAKE-BENCH-001#02=368.6083,BRAKE_ASSEMBLY_TECHNICIAN#02=368.6083,368.6083,501.3917,42.3688,42.3688,42.3688,42.3688,42.3688,42.3688,WORKSTATION,66.3917,368.6083,368.6083,0.0,0.0,5.9435,0.2,6.1435,7.25,84.7375,187.8149,FINITE_CAPACITY_FEASIBLE,0.0,0.0,0.0,0.0,True,PHASE4_STEP8F_FINITE_CAPACITY_SCHEDULE_ALTERNATIVES,True
PHASE4-MPS-20260721170405,ALT-MAINT,PSC-SKU-BIKE-MT-001-20260817,MT-OP-050,,WS-FINAL-ASM,M-FINAL-STAND-001,FINAL_ASSEMBLY_OPERATOR,,,,,,,0.0,435.0,1,435.0,435.0,435.0,,,0.0,435.0,0.0,0.0,0.0,0.0,0.0,0.0,WORKSTATION,0.0,3841.3754,0.0,0.0,3841.3754,64.0229,0.0,64.0229,0.0,0.0,399.6048,FINITE_CAPACITY_BLOCKED,64.0229,8963.2093,0.0,0.0,True,PHASE4_STEP8F_FINITE_CAPACITY_SCHEDULE_ALTERNATIVES,True
PHASE4-MPS-20260721170405,ALT-MAINT,PSC-SKU-BIKE-MT-001-20260817,MT-OP-060,,WS-QC,M-QC-TOOLS-001,QUALITY_INSPECTOR,,,,,,,0.0,435.0,1,435.0,435.0,435.0,,,0.0,435.0,0.0,0.0,0.0,0.0,0.0,0.0,WORKSTATION,0.0,563.7671,0.0,0.0,563.7671,9.2628,0.1333,9.3961,0.0,0.0,165.008,FINITE_CAPACITY_BLOCKED,9.3961,1315.4566,0.0,0.0,True,PHASE4_STEP8F_FINITE_CAPACITY_SCHEDULE_ALTERNATIVES,True
PHASE4-MPS-20260721170405,ALT-MAINT,PSC-SKU-BIKE-MT-001-20260817,MT-OP-070,,WS-PACK,M-PACK-BENCH-001,PACKAGING_OPERATOR,,,,,,,0.0,435.0,1,435.0,435.0,435.0,,,0.0,435.0,0.0,0.0,0.0,0.0,0.0,0.0,WORKSTATION,0.0,0.0,0.0,0.0,0.0,0.0,0.0,0.0,0.0,0.0,129.4918,FINITE_CAPACITY_BLOCKED,0.0,0.0,0.0,0.0,True,PHASE4_STEP8F_FINITE_CAPACITY_SCHEDULE_ALTERNATIVES,True
PHASE4-MPS-20260721170405,ALT-MAINT,PSC-SKU-BIKE-ROAD-001-20260817,ROAD-OP-010,SEG-ALT-MAINT-PSC-SKU-BIKE-ROAD-001-20260817-ROAD-OP-010-01;SEG-ALT-MAINT-PSC-SKU-BIKE-ROAD-001-20260817-ROAD-OP-010-02;SEG-ALT-MAINT-PSC-SKU-BIKE-ROAD-001-20260817-ROAD-OP-010-03;SEG-ALT-MAINT-PSC-SKU-BIKE-ROAD-001-20260817-ROAD-OP-010-04,WS-FRAME-PREP,M-FRAME-JIG-001,FRAME_TECHNICIAN,2026-09-02,2026-09-02,SHIFT-A,2026-09-02,SHIFT-A,WIN-20260902-SHIFT-A;WIN-20260903-SHIFT-A;WIN-20260904-SHIFT-A;WIN-20260907-SHIFT-A,1740.0,435.0,2,3480.0,3480.0,3480.0,M-FRAME-JIG-001#02=1393.3261,FRAME_TECHNICIAN#02=1393.3261,1393.3261,2086.6739,40.0381,40.0381,40.0381,40.0381,40.0381,40.0381,WORKSTATION,346.6739,1393.3261,1393.3261,0.0,0.0,23.2221,0.0,23.2221,29.0,80.0762,202.7045,FINITE_CAPACITY_FEASIBLE,0.0,0.0,0.0,0.0,True,PHASE4_STEP8F_FINITE_CAPACITY_SCHEDULE_ALTERNATIVES,True
PHASE4-MPS-20260721170405,ALT-MAINT,PSC-SKU-BIKE-ROAD-001-20260817,ROAD-OP-020,,WS-WHEEL-SUB,M-WHEEL-TRUE-001,WHEEL_ASSEMBLY_TECHNICIAN,,,,,,,0.0,435.0,3,1305.0,1305.0,1305.0,,,0.0,1305.0,0.0,0.0,0.0,0.0,0.0,0.0,WORKSTATION,0.0,0.0,0.0,0.0,0.0,0.0,0.1667,0.0,0.0,0.0,252.5983,FINITE_CAPACITY_BLOCKED,0.0,0.0,0.0,0.0,True,PHASE4_STEP8F_FINITE_CAPACITY_SCHEDULE_ALTERNATIVES,True
PHASE4-MPS-20260721170405,ALT-MAINT,PSC-SKU-BIKE-ROAD-001-20260817,ROAD-OP-030,,WS-BRAKE-SUB,M-BRAKE-BENCH-001,BRAKE_ASSEMBLY_TECHNICIAN,,,,,,,0.0,435.0,2,870.0,870.0,870.0,,,0.0,870.0,0.0,0.0,0.0,0.0,0.0,0.0,WORKSTATION,0.0,0.0,0.0,0.0,0.0,0.0,0.2,0.0,0.0,0.0,187.8149,FINITE_CAPACITY_BLOCKED,0.0,0.0,0.0,0.0,True,PHASE4_STEP8F_FINITE_CAPACITY_SCHEDULE_ALTERNATIVES,True
PHASE4-MPS-20260721170405,ALT-MAINT,PSC-SKU-BIKE-ROAD-001-20260817,ROAD-OP-040,,WS-FINAL-ASM,M-FINAL-STAND-001,FINAL_ASSEMBLY_OPERATOR,,,,,,,0.0,435.0,1,435.0,435.0,435.0,,,0.0,435.0,0.0,0.0,0.0,0.0,0.0,0.0,WORKSTATION,0.0,4524.558,0.0,0.0,4524.558,75.0093,0.4,75.4093,0.0,0.0,399.6048,FINITE_CAPACITY_BLOCKED,75.4093,10557.302,0.0,0.0,True,PHASE4_STEP8F_FINITE_CAPACITY_SCHEDULE_ALTERNATIVES,True
PHASE4-MPS-20260721170405,ALT-MAINT,PSC-SKU-BIKE-ROAD-001-20260817,ROAD-OP-050,,WS-QC,M-QC-TOOLS-001,QUALITY_INSPECTOR,,,,,,,0.0,435.0,1,435.0,435.0,435.0,,,0.0,435.0,0.0,0.0,0.0,0.0,0.0,0.0,WORKSTATION,0.0,0.0,0.0,0.0,0.0,0.0,0.0,0.0,0.0,0.0,165.008,FINITE_CAPACITY_BLOCKED,0.0,0.0,0.0,0.0,True,PHASE4_STEP8F_FINITE_CAPACITY_SCHEDULE_ALTERNATIVES,True
PHASE4-MPS-20260721170405,ALT-MAINT,PSC-SKU-BIKE-ROAD-001-20260817,ROAD-OP-060,,WS-PACK,M-PACK-BENCH-001,PACKAGING_OPERATOR,,,,,,,0.0,435.0,1,435.0,435.0,435.0,,,0.0,435.0,0.0,0.0,0.0,0.0,0.0,0.0,WORKSTATION,0.0,672.6206,0.0,0.0,672.6206,11.2103,0.0,11.2103,0.0,0.0,129.4918,FINITE_CAPACITY_BLOCKED,11.2103,1569.4481,0.0,0.0,True,PHASE4_STEP8F_FINITE_CAPACITY_SCHEDULE_ALTERNATIVES,True
PHASE4-MPS-20260721170405,ALT-MAINT,PSC-SKU-BIKE-MT-001-20260824,MT-OP-010,SEG-ALT-MAINT-PSC-SKU-BIKE-MT-001-20260824-MT-OP-010-01;SEG-ALT-MAINT-PSC-SKU-BIKE-MT-001-20260824-MT-OP-010-02;SEG-ALT-MAINT-PSC-SKU-BIKE-MT-001-20260824-MT-OP-010-03;SEG-ALT-MAINT-PSC-SKU-BIKE-MT-001-20260824-MT-OP-010-04;SEG-ALT-MAINT-PSC-SKU-BIKE-MT-001-20260824-MT-OP-010-05,WS-FRAME-PREP,M-FRAME-JIG-001,FRAME_TECHNICIAN,2026-10-01,2026-10-01,SHIFT-A,2026-10-01,SHIFT-A,WIN-20261001-SHIFT-A;WIN-20261002-SHIFT-A;WIN-20261005-SHIFT-A;WIN-20261006-SHIFT-A;WIN-20261007-SHIFT-A,2175.0,435.0,2,4350.0,4350.0,4350.0,M-FRAME-JIG-001#01=2122.782,FRAME_TECHNICIAN#01=2122.782,2122.782,2227.218,48.7996,48.7996,48.7996,48.7996,48.7996,48.7996,WORKSTATION,0.0,2122.782,2122.782,52.218,0.0,35.0797,0.3,35.3797,36.25,97.5992,202.7045,FINITE_CAPACITY_FEASIBLE,0.0,0.0,0.0,0.0,True,PHASE4_STEP8F_FINITE_CAPACITY_SCHEDULE_ALTERNATIVES,True
PHASE4-MPS-20260721170405,ALT-MAINT,PSC-SKU-BIKE-MT-001-20260824,MT-OP-020,SEG-ALT-MAINT-PSC-SKU-BIKE-MT-001-20260824-MT-OP-020-01;SEG-ALT-MAINT-PSC-SKU-BIKE-MT-001-20260824-MT-OP-020-02;SEG-ALT-MAINT-PSC-SKU-BIKE-MT-001-20260824-MT-OP-020-03;SEG-ALT-MAINT-PSC-SKU-BIKE-MT-001-20260824-MT-OP-020-04,WS-FORK-SUSP,M-FORK-BENCH-001,SUSPENSION_TECHNICIAN,2026-10-20,2026-10-20,SHIFT-A,2026-10-20,SHIFT-A,WIN-20261020-SHIFT-A;WIN-20261021-SHIFT-A;WIN-20261022-SHIFT-A;WIN-20261023-SHIFT-A,1740.0,435.0,2,3480.0,3480.0,3480.0,M-FORK-BENCH-001#01=1360.5067,SUSPENSION_TECHNICIAN#01=1360.5067,1360.5067,2119.4933,39.095,39.095,39.095,39.095,39.095,39.095,WORKSTATION,379.4933,2581.776,1360.5067,0.0,1221.2693,43.0296,0.0,43.0296,29.0,78.19,118.6224,FINITE_CAPACITY_PARTIAL_QUANTITY,20.3545,2849.6284,0.0,0.0,True,PHASE4_STEP8F_FINITE_CAPACITY_SCHEDULE_ALTERNATIVES,True
PHASE4-MPS-20260721170405,ALT-MAINT,PSC-SKU-BIKE-MT-001-20260824,MT-OP-030,SEG-ALT-MAINT-PSC-SKU-BIKE-MT-001-20260824-MT-OP-030-01;SEG-ALT-MAINT-PSC-SKU-BIKE-MT-001-20260824-MT-OP-030-02;SEG-ALT-MAINT-PSC-SKU-BIKE-MT-001-20260824-MT-OP-030-03,WS-WHEEL-SUB,M-WHEEL-TRUE-001,WHEEL_ASSEMBLY_TECHNICIAN,2026-10-20,2026-10-20,SHIFT-A,2026-10-20,SHIFT-A,WIN-20261020-SHIFT-A;WIN-20261021-SHIFT-A;WIN-20261022-SHIFT-A,1305.0,435.0,3,3915.0,3915.0,3915.0,M-WHEEL-TRUE-001#01=825.8369,WHEEL_ASSEMBLY_TECHNICIAN#01=825.8369,825.8369,3089.1631,21.0942,21.0942,21.0942,21.0942,21.0942,21.0942,WORKSTATION,379.4933,825.8369,825.8369,99.6698,0.0,13.7639,0.0,13.7639,21.75,63.2825,252.5983,FINITE_CAPACITY_FEASIBLE,0.0,0.0,0.0,0.0,True,PHASE4_STEP8F_FINITE_CAPACITY_SCHEDULE_ALTERNATIVES,True
PHASE4-MPS-20260721170405,ALT-MAINT,PSC-SKU-BIKE-MT-001-20260824,MT-OP-040,SEG-ALT-MAINT-PSC-SKU-BIKE-MT-001-20260824-MT-OP-040-01;SEG-ALT-MAINT-PSC-SKU-BIKE-MT-001-20260824-MT-OP-040-02;SEG-ALT-MAINT-PSC-SKU-BIKE-MT-001-20260824-MT-OP-040-03,WS-BRAKE-SUB,M-BRAKE-BENCH-001,BRAKE_ASSEMBLY_TECHNICIAN,2026-10-20,2026-10-20,SHIFT-A,2026-10-20,SHIFT-A,WIN-20261020-SHIFT-A;WIN-20261021-SHIFT-A;WIN-20261022-SHIFT-A,1305.0,435.0,2,2610.0,2610.0,2610.0,M-BRAKE-BENCH-001#01=624.6058,BRAKE_ASSEMBLY_TECHNICIAN#01=624.6058,624.6058,1985.3942,23.9313,23.9313,23.9313,23.9313,23.9313,23.9313,WORKSTATION,379.4933,624.6058,624.6058,300.9009,0.0,10.4101,0.0,10.4101,21.75,47.8625,187.8149,FINITE_CAPACITY_FEASIBLE,0.0,0.0,11.3399,90.7192,True,PHASE4_STEP8F_FINITE_CAPACITY_SCHEDULE_ALTERNATIVES,True
PHASE4-MPS-20260721170405,ALT-MAINT,PSC-SKU-BIKE-MT-001-20260824,MT-OP-050,,WS-FINAL-ASM,M-FINAL-STAND-001,FINAL_ASSEMBLY_OPERATOR,,,,,,,0.0,435.0,1,435.0,435.0,435.0,,,0.0,435.0,0.0,0.0,0.0,0.0,0.0,0.0,WORKSTATION,0.0,4195.398,0.0,0.0,4195.398,69.9233,0.0,69.9233,0.0,0.0,399.6048,FINITE_CAPACITY_BLOCKED,69.9233,9789.262,0.0,0.0,True,PHASE4_STEP8F_FINITE_CAPACITY_SCHEDULE_ALTERNATIVES,True
PHASE4-MPS-20260721170405,ALT-MAINT,PSC-SKU-BIKE-MT-001-20260824,MT-OP-060,,WS-QC,M-QC-TOOLS-001,QUALITY_INSPECTOR,,,,,,,0.0,435.0,1,435.0,435.0,435.0,,,0.0,435.0,0.0,0.0,0.0,0.0,0.0,0.0,WORKSTATION,0.0,563.7671,0.0,0.0,563.7671,9.2628,0.1333,9.3961,0.0,0.0,165.008,FINITE_CAPACITY_BLOCKED,9.3961,1315.4566,0.0,0.0,True,PHASE4_STEP8F_FINITE_CAPACITY_SCHEDULE_ALTERNATIVES,True
PHASE4-MPS-20260721170405,ALT-MAINT,PSC-SKU-BIKE-MT-001-20260824,MT-OP-070,,WS-PACK,M-PACK-BENCH-001,PACKAGING_OPERATOR,,,,,,,0.0,435.0,1,435.0,435.0,435.0,,,0.0,435.0,0.0,0.0,0.0,0.0,0.0,0.0,WORKSTATION,0.0,0.0,0.0,0.0,0.0,0.0,0.0,0.0,0.0,0.0,129.4918,FINITE_CAPACITY_BLOCKED,0.0,0.0,0.0,0.0,True,PHASE4_STEP8F_FINITE_CAPACITY_SCHEDULE_ALTERNATIVES,True
PHASE4-MPS-20260721170405,ALT-MAINT,PSC-SKU-BIKE-ROAD-001-20260824,ROAD-OP-010,,WS-FRAME-PREP,M-FRAME-JIG-001,FRAME_TECHNICIAN,,,,,,,0.0,435.0,2,870.0,870.0,870.0,,,0.0,870.0,0.0,0.0,0.0,0.0,0.0,0.0,WORKSTATION,0.0,0.0,0.0,0.0,0.0,0.0,0.3,0.0,0.0,0.0,202.7045,FINITE_CAPACITY_BLOCKED,0.0,0.0,0.0,0.0,True,PHASE4_STEP8F_FINITE_CAPACITY_SCHEDULE_ALTERNATIVES,True
PHASE4-MPS-20260721170405,ALT-MAINT,PSC-SKU-BIKE-ROAD-001-20260824,ROAD-OP-020,,WS-WHEEL-SUB,M-WHEEL-TRUE-001,WHEEL_ASSEMBLY_TECHNICIAN,,,,,,,0.0,435.0,3,1305.0,1305.0,1305.0,,,0.0,1305.0,0.0,0.0,0.0,0.0,0.0,0.0,WORKSTATION,0.0,0.0,0.0,0.0,0.0,0.0,0.1667,0.0,0.0,0.0,252.5983,FINITE_CAPACITY_BLOCKED,0.0,0.0,0.0,0.0,True,PHASE4_STEP8F_FINITE_CAPACITY_SCHEDULE_ALTERNATIVES,True
PHASE4-MPS-20260721170405,ALT-MAINT,PSC-SKU-BIKE-ROAD-001-20260824,ROAD-OP-030,,WS-BRAKE-SUB,M-BRAKE-BENCH-001,BRAKE_ASSEMBLY_TECHNICIAN,,,,,,,0.0,435.0,2,870.0,870.0,870.0,,,0.0,870.0,0.0,0.0,0.0,0.0,0.0,0.0,WORKSTATION,0.0,0.0,0.0,0.0,0.0,0.0,0.2,0.0,0.0,0.0,187.8149,FINITE_CAPACITY_BLOCKED,0.0,0.0,0.0,0.0,True,PHASE4_STEP8F_FINITE_CAPACITY_SCHEDULE_ALTERNATIVES,True
PHASE4-MPS-20260721170405,ALT-MAINT,PSC-SKU-BIKE-ROAD-001-20260824,ROAD-OP-040,,WS-FINAL-ASM,M-FINAL-STAND-001,FINAL_ASSEMBLY_OPERATOR,,,,,,,0.0,435.0,1,435.0,435.0,435.0,,,0.0,435.0,0.0,0.0,0.0,0.0,0.0,0.0,WORKSTATION,0.0,4524.558,0.0,0.0,4524.558,75.0093,0.4,75.4093,0.0,0.0,399.6048,FINITE_CAPACITY_BLOCKED,75.4093,10557.302,0.0,0.0,True,PHASE4_STEP8F_FINITE_CAPACITY_SCHEDULE_ALTERNATIVES,True
PHASE4-MPS-20260721170405,ALT-MAINT,PSC-SKU-BIKE-ROAD-001-20260824,ROAD-OP-050,,WS-QC,M-QC-TOOLS-001,QUALITY_INSPECTOR,,,,,,,0.0,435.0,1,435.0,435.0,435.0,,,0.0,435.0,0.0,0.0,0.0,0.0,0.0,0.0,WORKSTATION,0.0,0.0,0.0,0.0,0.0,0.0,0.0,0.0,0.0,0.0,165.008,FINITE_CAPACITY_BLOCKED,0.0,0.0,0.0,0.0,True,PHASE4_STEP8F_FINITE_CAPACITY_SCHEDULE_ALTERNATIVES,True
PHASE4-MPS-20260721170405,ALT-MAINT,PSC-SKU-BIKE-ROAD-001-20260824,ROAD-OP-060,,WS-PACK,M-PACK-BENCH-001,PACKAGING_OPERATOR,,,,,,,0.0,435.0,1,435.0,435.0,435.0,,,0.0,435.0,0.0,0.0,0.0,0.0,0.0,0.0,WORKSTATION,0.0,672.6206,0.0,0.0,672.6206,11.2103,0.0,11.2103,0.0,0.0,129.4918,FINITE_CAPACITY_BLOCKED,11.2103,1569.4481,0.0,0.0,True,PHASE4_STEP8F_FINITE_CAPACITY_SCHEDULE_ALTERNATIVES,True
PHASE4-MPS-20260721170405,ALT-MAINT,PSC-SKU-BIKE-MT-001-20260831,MT-OP-010,SEG-ALT-MAINT-PSC-SKU-BIKE-MT-001-20260831-MT-OP-010-01;SEG-ALT-MAINT-PSC-SKU-BIKE-MT-001-20260831-MT-OP-010-02;SEG-ALT-MAINT-PSC-SKU-BIKE-MT-001-20260831-MT-OP-010-03;SEG-ALT-MAINT-PSC-SKU-BIKE-MT-001-20260831-MT-OP-010-04;SEG-ALT-MAINT-PSC-SKU-BIKE-MT-001-20260831-MT-OP-010-05,WS-FRAME-PREP,M-FRAME-JIG-001,FRAME_TECHNICIAN,2026-10-01,2026-10-01,SHIFT-A,2026-10-01,SHIFT-A,WIN-20261001-SHIFT-A;WIN-20261002-SHIFT-A;WIN-20261005-SHIFT-A;WIN-20261006-SHIFT-A;WIN-20261007-SHIFT-A,2175.0,435.0,2,4350.0,4350.0,4350.0,M-FRAME-JIG-001#02=2104.782,FRAME_TECHNICIAN#02=2104.782,2104.782,2245.218,48.3858,48.3858,48.3858,48.3858,48.3858,48.3858,WORKSTATION,70.218,2104.782,2104.782,0.0,0.0,35.0797,0.0,35.0797,36.25,96.7716,202.7045,FINITE_CAPACITY_FEASIBLE,0.0,0.0,0.0,0.0,True,PHASE4_STEP8F_FINITE_CAPACITY_SCHEDULE_ALTERNATIVES,True
PHASE4-MPS-20260721170405,ALT-MAINT,PSC-SKU-BIKE-MT-001-20260831,MT-OP-020,SEG-ALT-MAINT-PSC-SKU-BIKE-MT-001-20260831-MT-OP-020-01;SEG-ALT-MAINT-PSC-SKU-BIKE-MT-001-20260831-MT-OP-020-02,WS-FORK-SUSP,M-FORK-BENCH-001,SUSPENSION_TECHNICIAN,2026-10-07,2026-10-07,SHIFT-A,2026-10-07,SHIFT-A,WIN-20261007-SHIFT-A;WIN-20261008-SHIFT-A,870.0,435.0,2,1740.0,1740.0,1740.0,M-FORK-BENCH-001#01=300.4776,SUSPENSION_TECHNICIAN#01=300.4776,300.4776,1439.5224,17.2688,17.2688,17.2688,17.2688,17.2688,17.2688,WORKSTATION,364.782,300.4776,300.4776,204.7404,0.0,5.008,0.0,5.008,14.5,34.5377,118.6224,FINITE_CAPACITY_FEASIBLE,0.0,0.0,9.492,75.9363,True,PHASE4_STEP8F_FINITE_CAPACITY_SCHEDULE_ALTERNATIVES,True
PHASE4-MPS-20260721170405,ALT-MAINT,PSC-SKU-BIKE-MT-001-20260831,MT-OP-030,,WS-WHEEL-SUB,M-WHEEL-TRUE-001,WHEEL_ASSEMBLY_TECHNICIAN,,,,,,,0.0,435.0,3,1305.0,1305.0,1305.0,,,0.0,1305.0,0.0,0.0,0.0,0.0,0.0,0.0,WORKSTATION,0.0,0.0,0.0,0.0,0.0,0.0,0.0,0.0,0.0,0.0,252.5983,FINITE_CAPACITY_BLOCKED,0.0,0.0,0.0,0.0,True,PHASE4_STEP8F_FINITE_CAPACITY_SCHEDULE_ALTERNATIVES,True
PHASE4-MPS-20260721170405,ALT-MAINT,PSC-SKU-BIKE-MT-001-20260831,MT-OP-040,,WS-BRAKE-SUB,M-BRAKE-BENCH-001,BRAKE_ASSEMBLY_TECHNICIAN,,,,,,,0.0,435.0,2,870.0,870.0,870.0,,,0.0,870.0,0.0,0.0,0.0,0.0,0.0,0.0,WORKSTATION,0.0,0.0,0.0,0.0,0.0,0.0,0.0,0.0,0.0,0.0,187.8149,FINITE_CAPACITY_BLOCKED,0.0,0.0,0.0,0.0,True,PHASE4_STEP8F_FINITE_CAPACITY_SCHEDULE_ALTERNATIVES,True
PHASE4-MPS-20260721170405,ALT-MAINT,PSC-SKU-BIKE-MT-001-20260831,MT-OP-050,,WS-FINAL-ASM,M-FINAL-STAND-001,FINAL_ASSEMBLY_OPERATOR,,,,,,,0.0,435.0,1,435.0,435.0,435.0,,,0.0,435.0,0.0,0.0,0.0,0.0,0.0,0.0,WORKSTATION,0.0,4195.398,0.0,0.0,4195.398,69.9233,0.0,69.9233,0.0,0.0,399.6048,FINITE_CAPACITY_BLOCKED,69.9233,9789.262,0.0,0.0,True,PHASE4_STEP8F_FINITE_CAPACITY_SCHEDULE_ALTERNATIVES,True
PHASE4-MPS-20260721170405,ALT-MAINT,PSC-SKU-BIKE-MT-001-20260831,MT-OP-060,,WS-QC,M-QC-TOOLS-001,QUALITY_INSPECTOR,,,,,,,0.0,435.0,1,435.0,435.0,435.0,,,0.0,435.0,0.0,0.0,0.0,0.0,0.0,0.0,WORKSTATION,0.0,563.7671,0.0,0.0,563.7671,9.2628,0.1333,9.3961,0.0,0.0,165.008,FINITE_CAPACITY_BLOCKED,9.3961,1315.4566,0.0,0.0,True,PHASE4_STEP8F_FINITE_CAPACITY_SCHEDULE_ALTERNATIVES,True
PHASE4-MPS-20260721170405,ALT-MAINT,PSC-SKU-BIKE-MT-001-20260831,MT-OP-070,,WS-PACK,M-PACK-BENCH-001,PACKAGING_OPERATOR,,,,,,,0.0,435.0,1,435.0,435.0,435.0,,,0.0,435.0,0.0,0.0,0.0,0.0,0.0,0.0,WORKSTATION,0.0,0.0,0.0,0.0,0.0,0.0,0.0,0.0,0.0,0.0,129.4918,FINITE_CAPACITY_BLOCKED,0.0,0.0,0.0,0.0,True,PHASE4_STEP8F_FINITE_CAPACITY_SCHEDULE_ALTERNATIVES,True
PHASE4-MPS-20260721170405,ALT-MAINT,PSC-SKU-BIKE-ROAD-001-20260831,ROAD-OP-010,SEG-ALT-MAINT-PSC-SKU-BIKE-ROAD-001-20260831-ROAD-OP-010-01;SEG-ALT-MAINT-PSC-SKU-BIKE-ROAD-001-20260831-ROAD-OP-010-02;SEG-ALT-MAINT-PSC-SKU-BIKE-ROAD-001-20260831-ROAD-OP-010-03;SEG-ALT-MAINT-PSC-SKU-BIKE-ROAD-001-20260831-ROAD-OP-010-04,WS-FRAME-PREP,M-FRAME-JIG-001,FRAME_TECHNICIAN,2026-10-12,2026-10-12,SHIFT-A,2026-10-12,SHIFT-A,WIN-20261012-SHIFT-A;WIN-20261013-SHIFT-A;WIN-20261014-SHIFT-A;WIN-20261015-SHIFT-A,1740.0,435.0,2,3480.0,3480.0,3480.0,M-FRAME-JIG-001#01=1411.3261,FRAME_TECHNICIAN#01=1411.3261,1411.3261,2068.6739,40.5553,40.5553,40.5553,40.5553,40.5553,40.5553,WORKSTATION,249.2413,1411.3261,1411.3261,79.4326,0.0,23.2221,0.3,23.5221,29.0,81.1107,202.7045,FINITE_CAPACITY_FEASIBLE,0.0,0.0,0.0,0.0,True,PHASE4_STEP8F_FINITE_CAPACITY_SCHEDULE_ALTERNATIVES,True
PHASE4-MPS-20260721170405,ALT-MAINT,PSC-SKU-BIKE-ROAD-001-20260831,ROAD-OP-020,,WS-WHEEL-SUB,M-WHEEL-TRUE-001,WHEEL_ASSEMBLY_TECHNICIAN,,,,,,,0.0,435.0,3,1305.0,1305.0,1305.0,,,0.0,1305.0,0.0,0.0,0.0,0.0,0.0,0.0,WORKSTATION,0.0,0.0,0.0,0.0,0.0,0.0,0.1667,0.0,0.0,0.0,252.5983,FINITE_CAPACITY_BLOCKED,0.0,0.0,0.0,0.0,True,PHASE4_STEP8F_FINITE_CAPACITY_SCHEDULE_ALTERNATIVES,True
PHASE4-MPS-20260721170405,ALT-MAINT,PSC-SKU-BIKE-ROAD-001-20260831,ROAD-OP-030,,WS-BRAKE-SUB,M-BRAKE-BENCH-001,BRAKE_ASSEMBLY_TECHNICIAN,,,,,,,0.0,435.0,2,870.0,870.0,870.0,,,0.0,870.0,0.0,0.0,0.0,0.0,0.0,0.0,WORKSTATION,0.0,0.0,0.0,0.0,0.0,0.0,0.2,0.0,0.0,0.0,187.8149,FINITE_CAPACITY_BLOCKED,0.0,0.0,0.0,0.0,True,PHASE4_STEP8F_FINITE_CAPACITY_SCHEDULE_ALTERNATIVES,True
PHASE4-MPS-20260721170405,ALT-MAINT,PSC-SKU-BIKE-ROAD-001-20260831,ROAD-OP-040,,WS-FINAL-ASM,M-FINAL-STAND-001,FINAL_ASSEMBLY_OPERATOR,,,,,,,0.0,435.0,1,435.0,435.0,435.0,,,0.0,435.0,0.0,0.0,0.0,0.0,0.0,0.0,WORKSTATION,0.0,4524.558,0.0,0.0,4524.558,75.0093,0.4,75.4093,0.0,0.0,399.6048,FINITE_CAPACITY_BLOCKED,75.4093,10557.302,0.0,0.0,True,PHASE4_STEP8F_FINITE_CAPACITY_SCHEDULE_ALTERNATIVES,True
PHASE4-MPS-20260721170405,ALT-MAINT,PSC-SKU-BIKE-ROAD-001-20260831,ROAD-OP-050,,WS-QC,M-QC-TOOLS-001,QUALITY_INSPECTOR,,,,,,,0.0,435.0,1,435.0,435.0,435.0,,,0.0,435.0,0.0,0.0,0.0,0.0,0.0,0.0,WORKSTATION,0.0,0.0,0.0,0.0,0.0,0.0,0.0,0.0,0.0,0.0,165.008,FINITE_CAPACITY_BLOCKED,0.0,0.0,0.0,0.0,True,PHASE4_STEP8F_FINITE_CAPACITY_SCHEDULE_ALTERNATIVES,True
PHASE4-MPS-20260721170405,ALT-MAINT,PSC-SKU-BIKE-ROAD-001-20260831,ROAD-OP-060,,WS-PACK,M-PACK-BENCH-001,PACKAGING_OPERATOR,,,,,,,0.0,435.0,1,435.0,435.0,435.0,,,0.0,435.0,0.0,0.0,0.0,0.0,0.0,0.0,WORKSTATION,0.0,672.6206,0.0,0.0,672.6206,11.2103,0.0,11.2103,0.0,0.0,129.4918,FINITE_CAPACITY_BLOCKED,11.2103,1569.4481,0.0,0.0,True,PHASE4_STEP8F_FINITE_CAPACITY_SCHEDULE_ALTERNATIVES,True
PHASE4-MPS-20260721170405,ALT-MAINT,PSC-SKU-BIKE-MT-001-20260907,MT-OP-010,SEG-ALT-MAINT-PSC-SKU-BIKE-MT-001-20260907-MT-OP-010-01;SEG-ALT-MAINT-PSC-SKU-BIKE-MT-001-20260907-MT-OP-010-02,WS-FRAME-PREP,M-FRAME-JIG-001,FRAME_TECHNICIAN,2026-09-11,2026-09-11,SHIFT-A,2026-09-11,SHIFT-A,WIN-20260911-SHIFT-A;WIN-20260914-SHIFT-A,870.0,435.0,2,1740.0,1740.0,1740.0,M-FRAME-JIG-001#02=688.5097,FRAME_TECHNICIAN#02=688.5097,688.5097,1051.4903,39.5695,39.5695,39.5695,39.5695,39.5695,39.5695,WORKSTATION,181.4903,688.5097,688.5097,0.0,0.0,11.1752,0.3,11.4752,14.5,79.139,202.7045,FINITE_CAPACITY_FEASIBLE,0.0,0.0,0.0,0.0,True,PHASE4_STEP8F_FINITE_CAPACITY_SCHEDULE_ALTERNATIVES,True
PHASE4-MPS-20260721170405,ALT-MAINT,PSC-SKU-BIKE-MT-001-20260907,MT-OP-020,,WS-FORK-SUSP,M-FORK-BENCH-001,SUSPENSION_TECHNICIAN,,,,,,,0.0,435.0,2,870.0,870.0,870.0,,,0.0,870.0,0.0,0.0,0.0,0.0,0.0,0.0,WORKSTATION,0.0,0.0,0.0,0.0,0.0,0.0,0.0,0.0,0.0,0.0,118.6224,FINITE_CAPACITY_BLOCKED,0.0,0.0,0.0,0.0,True,PHASE4_STEP8F_FINITE_CAPACITY_SCHEDULE_ALTERNATIVES,True
PHASE4-MPS-20260721170405,ALT-MAINT,PSC-SKU-BIKE-MT-001-20260907,MT-OP-030,,WS-WHEEL-SUB,M-WHEEL-TRUE-001,WHEEL_ASSEMBLY_TECHNICIAN,,,,,,,0.0,435.0,3,1305.0,1305.0,1305.0,,,0.0,1305.0,0.0,0.0,0.0,0.0,0.0,0.0,WORKSTATION,0.0,0.0,0.0,0.0,0.0,0.0,0.0,0.0,0.0,0.0,252.5983,FINITE_CAPACITY_BLOCKED,0.0,0.0,0.0,0.0,True,PHASE4_STEP8F_FINITE_CAPACITY_SCHEDULE_ALTERNATIVES,True
PHASE4-MPS-20260721170405,ALT-MAINT,PSC-SKU-BIKE-MT-001-20260907,MT-OP-040,,WS-BRAKE-SUB,M-BRAKE-BENCH-001,BRAKE_ASSEMBLY_TECHNICIAN,,,,,,,0.0,435.0,2,870.0,870.0,870.0,,,0.0,870.0,0.0,0.0,0.0,0.0,0.0,0.0,WORKSTATION,0.0,0.0,0.0,0.0,0.0,0.0,0.0,0.0,0.0,0.0,187.8149,FINITE_CAPACITY_BLOCKED,0.0,0.0,0.0,0.0,True,PHASE4_STEP8F_FINITE_CAPACITY_SCHEDULE_ALTERNATIVES,True
PHASE4-MPS-20260721170405,ALT-MAINT,PSC-SKU-BIKE-MT-001-20260907,MT-OP-050,,WS-FINAL-ASM,M-FINAL-STAND-001,FINAL_ASSEMBLY_OPERATOR,,,,,,,0.0,435.0,1,435.0,435.0,435.0,,,0.0,435.0,0.0,0.0,0.0,0.0,0.0,0.0,WORKSTATION,0.0,4195.398,0.0,0.0,4195.398,69.9233,0.0,69.9233,0.0,0.0,399.6048,FINITE_CAPACITY_BLOCKED,69.9233,9789.262,0.0,0.0,True,PHASE4_STEP8F_FINITE_CAPACITY_SCHEDULE_ALTERNATIVES,True
PHASE4-MPS-20260721170405,ALT-MAINT,PSC-SKU-BIKE-MT-001-20260907,MT-OP-060,,WS-QC,M-QC-TOOLS-001,QUALITY_INSPECTOR,,,,,,,0.0,435.0,1,435.0,435.0,435.0,,,0.0,435.0,0.0,0.0,0.0,0.0,0.0,0.0,WORKSTATION,0.0,563.7671,0.0,0.0,563.7671,9.2628,0.1333,9.3961,0.0,0.0,165.008,FINITE_CAPACITY_BLOCKED,9.3961,1315.4566,0.0,0.0,True,PHASE4_STEP8F_FINITE_CAPACITY_SCHEDULE_ALTERNATIVES,True
PHASE4-MPS-20260721170405,ALT-MAINT,PSC-SKU-BIKE-MT-001-20260907,MT-OP-070,,WS-PACK,M-PACK-BENCH-001,PACKAGING_OPERATOR,,,,,,,0.0,435.0,1,435.0,435.0,435.0,,,0.0,435.0,0.0,0.0,0.0,0.0,0.0,0.0,WORKSTATION,0.0,0.0,0.0,0.0,0.0,0.0,0.0,0.0,0.0,0.0,129.4918,FINITE_CAPACITY_BLOCKED,0.0,0.0,0.0,0.0,True,PHASE4_STEP8F_FINITE_CAPACITY_SCHEDULE_ALTERNATIVES,True
PHASE4-MPS-20260721170405,ALT-MAINT,PSC-SKU-BIKE-ROAD-001-20260907,ROAD-OP-010,,WS-FRAME-PREP,M-FRAME-JIG-001,FRAME_TECHNICIAN,,,,,,,0.0,435.0,2,870.0,870.0,870.0,,,0.0,870.0,0.0,0.0,0.0,0.0,0.0,0.0,WORKSTATION,0.0,0.0,0.0,0.0,0.0,0.0,0.3,0.0,0.0,0.0,202.7045,FINITE_CAPACITY_BLOCKED,0.0,0.0,0.0,0.0,True,PHASE4_STEP8F_FINITE_CAPACITY_SCHEDULE_ALTERNATIVES,True
PHASE4-MPS-20260721170405,ALT-MAINT,PSC-SKU-BIKE-ROAD-001-20260907,ROAD-OP-020,,WS-WHEEL-SUB,M-WHEEL-TRUE-001,WHEEL_ASSEMBLY_TECHNICIAN,,,,,,,0.0,435.0,3,1305.0,1305.0,1305.0,,,0.0,1305.0,0.0,0.0,0.0,0.0,0.0,0.0,WORKSTATION,0.0,0.0,0.0,0.0,0.0,0.0,0.1667,0.0,0.0,0.0,252.5983,FINITE_CAPACITY_BLOCKED,0.0,0.0,0.0,0.0,True,PHASE4_STEP8F_FINITE_CAPACITY_SCHEDULE_ALTERNATIVES,True
PHASE4-MPS-20260721170405,ALT-MAINT,PSC-SKU-BIKE-ROAD-001-20260907,ROAD-OP-030,,WS-BRAKE-SUB,M-BRAKE-BENCH-001,BRAKE_ASSEMBLY_TECHNICIAN,,,,,,,0.0,435.0,2,870.0,870.0,870.0,,,0.0,870.0,0.0,0.0,0.0,0.0,0.0,0.0,WORKSTATION,0.0,0.0,0.0,0.0,0.0,0.0,0.2,0.0,0.0,0.0,187.8149,FINITE_CAPACITY_BLOCKED,0.0,0.0,0.0,0.0,True,PHASE4_STEP8F_FINITE_CAPACITY_SCHEDULE_ALTERNATIVES,True
PHASE4-MPS-20260721170405,ALT-MAINT,PSC-SKU-BIKE-ROAD-001-20260907,ROAD-OP-040,,WS-FINAL-ASM,M-FINAL-STAND-001,FINAL_ASSEMBLY_OPERATOR,,,,,,,0.0,435.0,1,435.0,435.0,435.0,,,0.0,435.0,0.0,0.0,0.0,0.0,0.0,0.0,WORKSTATION,0.0,4524.558,0.0,0.0,4524.558,75.0093,0.4,75.4093,0.0,0.0,399.6048,FINITE_CAPACITY_BLOCKED,75.4093,10557.302,0.0,0.0,True,PHASE4_STEP8F_FINITE_CAPACITY_SCHEDULE_ALTERNATIVES,True
PHASE4-MPS-20260721170405,ALT-MAINT,PSC-SKU-BIKE-ROAD-001-20260907,ROAD-OP-050,,WS-QC,M-QC-TOOLS-001,QUALITY_INSPECTOR,,,,,,,0.0,435.0,1,435.0,435.0,435.0,,,0.0,435.0,0.0,0.0,0.0,0.0,0.0,0.0,WORKSTATION,0.0,0.0,0.0,0.0,0.0,0.0,0.0,0.0,0.0,0.0,165.008,FINITE_CAPACITY_BLOCKED,0.0,0.0,0.0,0.0,True,PHASE4_STEP8F_FINITE_CAPACITY_SCHEDULE_ALTERNATIVES,True
PHASE4-MPS-20260721170405,ALT-MAINT,PSC-SKU-BIKE-ROAD-001-20260907,ROAD-OP-060,,WS-PACK,M-PACK-BENCH-001,PACKAGING_OPERATOR,,,,,,,0.0,435.0,1,435.0,435.0,435.0,,,0.0,435.0,0.0,0.0,0.0,0.0,0.0,0.0,WORKSTATION,0.0,672.6206,0.0,0.0,672.6206,11.2103,0.0,11.2103,0.0,0.0,129.4918,FINITE_CAPACITY_BLOCKED,11.2103,1569.4481,0.0,0.0,True,PHASE4_STEP8F_FINITE_CAPACITY_SCHEDULE_ALTERNATIVES,True
PHASE4-MPS-20260721170405,ALT-MAINT,PSC-SKU-BIKE-MT-001-20260914,MT-OP-010,SEG-ALT-MAINT-PSC-SKU-BIKE-MT-001-20260914-MT-OP-010-01;SEG-ALT-MAINT-PSC-SKU-BIKE-MT-001-20260914-MT-OP-010-02;SEG-ALT-MAINT-PSC-SKU-BIKE-MT-001-20260914-MT-OP-010-03,WS-FRAME-PREP,M-FRAME-JIG-001,FRAME_TECHNICIAN,2026-09-14,2026-09-14,SHIFT-A,2026-09-14,SHIFT-A,WIN-20260914-SHIFT-A;WIN-20260915-SHIFT-A;WIN-20260916-SHIFT-A,1305.0,435.0,2,2610.0,2610.0,2610.0,M-FRAME-JIG-001#02=670.5097,FRAME_TECHNICIAN#02=670.5097,670.5097,1939.4903,25.69,25.69,25.69,25.69,25.69,25.69,WORKSTATION,634.4903,670.5097,670.5097,0.0,0.0,11.1752,0.0,11.1752,21.75,51.3801,202.7045,FINITE_CAPACITY_FEASIBLE,0.0,0.0,0.0,0.0,True,PHASE4_STEP8F_FINITE_CAPACITY_SCHEDULE_ALTERNATIVES,True
PHASE4-MPS-20260721170405,ALT-MAINT,PSC-SKU-BIKE-MT-001-20260914,MT-OP-020,,WS-FORK-SUSP,M-FORK-BENCH-001,SUSPENSION_TECHNICIAN,,,,,,,0.0,435.0,2,870.0,870.0,870.0,,,0.0,870.0,0.0,0.0,0.0,0.0,0.0,0.0,WORKSTATION,0.0,0.0,0.0,0.0,0.0,0.0,0.0,0.0,0.0,0.0,118.6224,FINITE_CAPACITY_BLOCKED,0.0,0.0,0.0,0.0,True,PHASE4_STEP8F_FINITE_CAPACITY_SCHEDULE_ALTERNATIVES,True
PHASE4-MPS-20260721170405,ALT-MAINT,PSC-SKU-BIKE-MT-001-20260914,MT-OP-030,,WS-WHEEL-SUB,M-WHEEL-TRUE-001,WHEEL_ASSEMBLY_TECHNICIAN,,,,,,,0.0,435.0,3,1305.0,1305.0,1305.0,,,0.0,1305.0,0.0,0.0,0.0,0.0,0.0,0.0,WORKSTATION,0.0,0.0,0.0,0.0,0.0,0.0,0.0,0.0,0.0,0.0,252.5983,FINITE_CAPACITY_BLOCKED,0.0,0.0,0.0,0.0,True,PHASE4_STEP8F_FINITE_CAPACITY_SCHEDULE_ALTERNATIVES,True
PHASE4-MPS-20260721170405,ALT-MAINT,PSC-SKU-BIKE-MT-001-20260914,MT-OP-040,,WS-BRAKE-SUB,M-BRAKE-BENCH-001,BRAKE_ASSEMBLY_TECHNICIAN,,,,,,,0.0,435.0,2,870.0,870.0,870.0,,,0.0,870.0,0.0,0.0,0.0,0.0,0.0,0.0,WORKSTATION,0.0,0.0,0.0,0.0,0.0,0.0,0.0,0.0,0.0,0.0,187.8149,FINITE_CAPACITY_BLOCKED,0.0,0.0,0.0,0.0,True,PHASE4_STEP8F_FINITE_CAPACITY_SCHEDULE_ALTERNATIVES,True
PHASE4-MPS-20260721170405,ALT-MAINT,PSC-SKU-BIKE-MT-001-20260914,MT-OP-050,,WS-FINAL-ASM,M-FINAL-STAND-001,FINAL_ASSEMBLY_OPERATOR,,,,,,,0.0,435.0,1,435.0,435.0,435.0,,,0.0,435.0,0.0,0.0,0.0,0.0,0.0,0.0,WORKSTATION,0.0,4195.398,0.0,0.0,4195.398,69.9233,0.0,69.9233,0.0,0.0,399.6048,FINITE_CAPACITY_BLOCKED,69.9233,9789.262,0.0,0.0,True,PHASE4_STEP8F_FINITE_CAPACITY_SCHEDULE_ALTERNATIVES,True
PHASE4-MPS-20260721170405,ALT-MAINT,PSC-SKU-BIKE-MT-001-20260914,MT-OP-060,,WS-QC,M-QC-TOOLS-001,QUALITY_INSPECTOR,,,,,,,0.0,435.0,1,435.0,435.0,435.0,,,0.0,435.0,0.0,0.0,0.0,0.0,0.0,0.0,WORKSTATION,0.0,563.7671,0.0,0.0,563.7671,9.2628,0.1333,9.3961,0.0,0.0,165.008,FINITE_CAPACITY_BLOCKED,9.3961,1315.4566,0.0,0.0,True,PHASE4_STEP8F_FINITE_CAPACITY_SCHEDULE_ALTERNATIVES,True
PHASE4-MPS-20260721170405,ALT-MAINT,PSC-SKU-BIKE-MT-001-20260914,MT-OP-070,,WS-PACK,M-PACK-BENCH-001,PACKAGING_OPERATOR,,,,,,,0.0,435.0,1,435.0,435.0,435.0,,,0.0,435.0,0.0,0.0,0.0,0.0,0.0,0.0,WORKSTATION,0.0,0.0,0.0,0.0,0.0,0.0,0.0,0.0,0.0,0.0,129.4918,FINITE_CAPACITY_BLOCKED,0.0,0.0,0.0,0.0,True,PHASE4_STEP8F_FINITE_CAPACITY_SCHEDULE_ALTERNATIVES,True
PHASE4-MPS-20260721170405,ALT-MAINT,PSC-SKU-BIKE-ROAD-001-20260914,ROAD-OP-010,,WS-FRAME-PREP,M-FRAME-JIG-001,FRAME_TECHNICIAN,,,,,,,0.0,435.0,2,870.0,870.0,870.0,,,0.0,870.0,0.0,0.0,0.0,0.0,0.0,0.0,WORKSTATION,0.0,0.0,0.0,0.0,0.0,0.0,0.3,0.0,0.0,0.0,202.7045,FINITE_CAPACITY_BLOCKED,0.0,0.0,0.0,0.0,True,PHASE4_STEP8F_FINITE_CAPACITY_SCHEDULE_ALTERNATIVES,True
PHASE4-MPS-20260721170405,ALT-MAINT,PSC-SKU-BIKE-ROAD-001-20260914,ROAD-OP-020,,WS-WHEEL-SUB,M-WHEEL-TRUE-001,WHEEL_ASSEMBLY_TECHNICIAN,,,,,,,0.0,435.0,3,1305.0,1305.0,1305.0,,,0.0,1305.0,0.0,0.0,0.0,0.0,0.0,0.0,WORKSTATION,0.0,0.0,0.0,0.0,0.0,0.0,0.1667,0.0,0.0,0.0,252.5983,FINITE_CAPACITY_BLOCKED,0.0,0.0,0.0,0.0,True,PHASE4_STEP8F_FINITE_CAPACITY_SCHEDULE_ALTERNATIVES,True
PHASE4-MPS-20260721170405,ALT-MAINT,PSC-SKU-BIKE-ROAD-001-20260914,ROAD-OP-030,,WS-BRAKE-SUB,M-BRAKE-BENCH-001,BRAKE_ASSEMBLY_TECHNICIAN,,,,,,,0.0,435.0,2,870.0,870.0,870.0,,,0.0,870.0,0.0,0.0,0.0,0.0,0.0,0.0,WORKSTATION,0.0,0.0,0.0,0.0,0.0,0.0,0.2,0.0,0.0,0.0,187.8149,FINITE_CAPACITY_BLOCKED,0.0,0.0,0.0,0.0,True,PHASE4_STEP8F_FINITE_CAPACITY_SCHEDULE_ALTERNATIVES,True
PHASE4-MPS-20260721170405,ALT-MAINT,PSC-SKU-BIKE-ROAD-001-20260914,ROAD-OP-040,,WS-FINAL-ASM,M-FINAL-STAND-001,FINAL_ASSEMBLY_OPERATOR,,,,,,,0.0,435.0,1,435.0,435.0,435.0,,,0.0,435.0,0.0,0.0,0.0,0.0,0.0,0.0,WORKSTATION,0.0,4524.558,0.0,0.0,4524.558,75.0093,0.4,75.4093,0.0,0.0,399.6048,FINITE_CAPACITY_BLOCKED,75.4093,10557.302,0.0,0.0,True,PHASE4_STEP8F_FINITE_CAPACITY_SCHEDULE_ALTERNATIVES,True
PHASE4-MPS-20260721170405,ALT-MAINT,PSC-SKU-BIKE-ROAD-001-20260914,ROAD-OP-050,,WS-QC,M-QC-TOOLS-001,QUALITY_INSPECTOR,,,,,,,0.0,435.0,1,435.0,435.0,435.0,,,0.0,435.0,0.0,0.0,0.0,0.0,0.0,0.0,WORKSTATION,0.0,0.0,0.0,0.0,0.0,0.0,0.0,0.0,0.0,0.0,165.008,FINITE_CAPACITY_BLOCKED,0.0,0.0,0.0,0.0,True,PHASE4_STEP8F_FINITE_CAPACITY_SCHEDULE_ALTERNATIVES,True
PHASE4-MPS-20260721170405,ALT-MAINT,PSC-SKU-BIKE-ROAD-001-20260914,ROAD-OP-060,,WS-PACK,M-PACK-BENCH-001,PACKAGING_OPERATOR,,,,,,,0.0,435.0,1,435.0,435.0,435.0,,,0.0,435.0,0.0,0.0,0.0,0.0,0.0,0.0,WORKSTATION,0.0,672.6206,0.0,0.0,672.6206,11.2103,0.0,11.2103,0.0,0.0,129.4918,FINITE_CAPACITY_BLOCKED,11.2103,1569.4481,0.0,0.0,True,PHASE4_STEP8F_FINITE_CAPACITY_SCHEDULE_ALTERNATIVES,True
PHASE4-MPS-20260721170405,ALT-MAINT,PSC-SKU-BIKE-MT-001-20260921,MT-OP-010,SEG-ALT-MAINT-PSC-SKU-BIKE-MT-001-20260921-MT-OP-010-01;SEG-ALT-MAINT-PSC-SKU-BIKE-MT-001-20260921-MT-OP-010-02;SEG-ALT-MAINT-PSC-SKU-BIKE-MT-001-20260921-MT-OP-010-03,WS-FRAME-PREP,M-FRAME-JIG-001,FRAME_TECHNICIAN,2026-10-20,2026-10-20,SHIFT-A,2026-10-20,SHIFT-A,WIN-20261020-SHIFT-A;WIN-20261021-SHIFT-A;WIN-20261022-SHIFT-A,1305.0,435.0,2,2610.0,2610.0,2610.0,M-FRAME-JIG-001#01=670.5097,FRAME_TECHNICIAN#01=670.5097,670.5097,1939.4903,25.69,25.69,25.69,25.69,25.69,25.69,WORKSTATION,379.4933,670.5097,670.5097,254.9969,0.0,11.1752,0.0,11.1752,21.75,51.3801,202.7045,FINITE_CAPACITY_FEASIBLE,0.0,0.0,0.0,0.0,True,PHASE4_STEP8F_FINITE_CAPACITY_SCHEDULE_ALTERNATIVES,True
PHASE4-MPS-20260721170405,ALT-MAINT,PSC-SKU-BIKE-MT-001-20260921,MT-OP-020,,WS-FORK-SUSP,M-FORK-BENCH-001,SUSPENSION_TECHNICIAN,,,,,,,0.0,435.0,2,870.0,870.0,870.0,,,0.0,870.0,0.0,0.0,0.0,0.0,0.0,0.0,WORKSTATION,0.0,0.0,0.0,0.0,0.0,0.0,0.0,0.0,0.0,0.0,118.6224,FINITE_CAPACITY_BLOCKED,0.0,0.0,0.0,0.0,True,PHASE4_STEP8F_FINITE_CAPACITY_SCHEDULE_ALTERNATIVES,True
PHASE4-MPS-20260721170405,ALT-MAINT,PSC-SKU-BIKE-MT-001-20260921,MT-OP-030,,WS-WHEEL-SUB,M-WHEEL-TRUE-001,WHEEL_ASSEMBLY_TECHNICIAN,,,,,,,0.0,435.0,3,1305.0,1305.0,1305.0,,,0.0,1305.0,0.0,0.0,0.0,0.0,0.0,0.0,WORKSTATION,0.0,0.0,0.0,0.0,0.0,0.0,0.0,0.0,0.0,0.0,252.5983,FINITE_CAPACITY_BLOCKED,0.0,0.0,0.0,0.0,True,PHASE4_STEP8F_FINITE_CAPACITY_SCHEDULE_ALTERNATIVES,True
PHASE4-MPS-20260721170405,ALT-MAINT,PSC-SKU-BIKE-MT-001-20260921,MT-OP-040,,WS-BRAKE-SUB,M-BRAKE-BENCH-001,BRAKE_ASSEMBLY_TECHNICIAN,,,,,,,0.0,435.0,2,870.0,870.0,870.0,,,0.0,870.0,0.0,0.0,0.0,0.0,0.0,0.0,WORKSTATION,0.0,0.0,0.0,0.0,0.0,0.0,0.0,0.0,0.0,0.0,187.8149,FINITE_CAPACITY_BLOCKED,0.0,0.0,0.0,0.0,True,PHASE4_STEP8F_FINITE_CAPACITY_SCHEDULE_ALTERNATIVES,True
PHASE4-MPS-20260721170405,ALT-MAINT,PSC-SKU-BIKE-MT-001-20260921,MT-OP-050,,WS-FINAL-ASM,M-FINAL-STAND-001,FINAL_ASSEMBLY_OPERATOR,,,,,,,0.0,435.0,1,435.0,435.0,435.0,,,0.0,435.0,0.0,0.0,0.0,0.0,0.0,0.0,WORKSTATION,0.0,4195.398,0.0,0.0,4195.398,69.9233,0.0,69.9233,0.0,0.0,399.6048,FINITE_CAPACITY_BLOCKED,69.9233,9789.262,0.0,0.0,True,PHASE4_STEP8F_FINITE_CAPACITY_SCHEDULE_ALTERNATIVES,True
PHASE4-MPS-20260721170405,ALT-MAINT,PSC-SKU-BIKE-MT-001-20260921,MT-OP-060,,WS-QC,M-QC-TOOLS-001,QUALITY_INSPECTOR,,,,,,,0.0,435.0,1,435.0,435.0,435.0,,,0.0,435.0,0.0,0.0,0.0,0.0,0.0,0.0,WORKSTATION,0.0,563.7671,0.0,0.0,563.7671,9.2628,0.1333,9.3961,0.0,0.0,165.008,FINITE_CAPACITY_BLOCKED,9.3961,1315.4566,0.0,0.0,True,PHASE4_STEP8F_FINITE_CAPACITY_SCHEDULE_ALTERNATIVES,True
PHASE4-MPS-20260721170405,ALT-MAINT,PSC-SKU-BIKE-MT-001-20260921,MT-OP-070,,WS-PACK,M-PACK-BENCH-001,PACKAGING_OPERATOR,,,,,,,0.0,435.0,1,435.0,435.0,435.0,,,0.0,435.0,0.0,0.0,0.0,0.0,0.0,0.0,WORKSTATION,0.0,0.0,0.0,0.0,0.0,0.0,0.0,0.0,0.0,0.0,129.4918,FINITE_CAPACITY_BLOCKED,0.0,0.0,0.0,0.0,True,PHASE4_STEP8F_FINITE_CAPACITY_SCHEDULE_ALTERNATIVES,True
PHASE4-MPS-20260721170405,ALT-MAINT,PSC-SKU-BIKE-ROAD-001-20260921,ROAD-OP-010,,WS-FRAME-PREP,M-FRAME-JIG-001,FRAME_TECHNICIAN,,,,,,,0.0,435.0,2,870.0,870.0,870.0,,,0.0,870.0,0.0,0.0,0.0,0.0,0.0,0.0,WORKSTATION,0.0,0.0,0.0,0.0,0.0,0.0,0.3,0.0,0.0,0.0,202.7045,FINITE_CAPACITY_BLOCKED,0.0,0.0,0.0,0.0,True,PHASE4_STEP8F_FINITE_CAPACITY_SCHEDULE_ALTERNATIVES,True
PHASE4-MPS-20260721170405,ALT-MAINT,PSC-SKU-BIKE-ROAD-001-20260921,ROAD-OP-020,,WS-WHEEL-SUB,M-WHEEL-TRUE-001,WHEEL_ASSEMBLY_TECHNICIAN,,,,,,,0.0,435.0,3,1305.0,1305.0,1305.0,,,0.0,1305.0,0.0,0.0,0.0,0.0,0.0,0.0,WORKSTATION,0.0,0.0,0.0,0.0,0.0,0.0,0.1667,0.0,0.0,0.0,252.5983,FINITE_CAPACITY_BLOCKED,0.0,0.0,0.0,0.0,True,PHASE4_STEP8F_FINITE_CAPACITY_SCHEDULE_ALTERNATIVES,True
PHASE4-MPS-20260721170405,ALT-MAINT,PSC-SKU-BIKE-ROAD-001-20260921,ROAD-OP-030,,WS-BRAKE-SUB,M-BRAKE-BENCH-001,BRAKE_ASSEMBLY_TECHNICIAN,,,,,,,0.0,435.0,2,870.0,870.0,870.0,,,0.0,870.0,0.0,0.0,0.0,0.0,0.0,0.0,WORKSTATION,0.0,0.0,0.0,0.0,0.0,0.0,0.2,0.0,0.0,0.0,187.8149,FINITE_CAPACITY_BLOCKED,0.0,0.0,0.0,0.0,True,PHASE4_STEP8F_FINITE_CAPACITY_SCHEDULE_ALTERNATIVES,True
PHASE4-MPS-20260721170405,ALT-MAINT,PSC-SKU-BIKE-ROAD-001-20260921,ROAD-OP-040,,WS-FINAL-ASM,M-FINAL-STAND-001,FINAL_ASSEMBLY_OPERATOR,,,,,,,0.0,435.0,1,435.0,435.0,435.0,,,0.0,435.0,0.0,0.0,0.0,0.0,0.0,0.0,WORKSTATION,0.0,4524.558,0.0,0.0,4524.558,75.0093,0.4,75.4093,0.0,0.0,399.6048,FINITE_CAPACITY_BLOCKED,75.4093,10557.302,0.0,0.0,True,PHASE4_STEP8F_FINITE_CAPACITY_SCHEDULE_ALTERNATIVES,True
PHASE4-MPS-20260721170405,ALT-MAINT,PSC-SKU-BIKE-ROAD-001-20260921,ROAD-OP-050,,WS-QC,M-QC-TOOLS-001,QUALITY_INSPECTOR,,,,,,,0.0,435.0,1,435.0,435.0,435.0,,,0.0,435.0,0.0,0.0,0.0,0.0,0.0,0.0,WORKSTATION,0.0,0.0,0.0,0.0,0.0,0.0,0.0,0.0,0.0,0.0,165.008,FINITE_CAPACITY_BLOCKED,0.0,0.0,0.0,0.0,True,PHASE4_STEP8F_FINITE_CAPACITY_SCHEDULE_ALTERNATIVES,True
PHASE4-MPS-20260721170405,ALT-MAINT,PSC-SKU-BIKE-ROAD-001-20260921,ROAD-OP-060,,WS-PACK,M-PACK-BENCH-001,PACKAGING_OPERATOR,,,,,,,0.0,435.0,1,435.0,435.0,435.0,,,0.0,435.0,0.0,0.0,0.0,0.0,0.0,0.0,WORKSTATION,0.0,672.6206,0.0,0.0,672.6206,11.2103,0.0,11.2103,0.0,0.0,129.4918,FINITE_CAPACITY_BLOCKED,11.2103,1569.4481,0.0,0.0,True,PHASE4_STEP8F_FINITE_CAPACITY_SCHEDULE_ALTERNATIVES,True
PHASE4-MPS-20260721170405,ALT-MAINT,PSC-SKU-BIKE-MT-001-20260928,MT-OP-010,SEG-ALT-MAINT-PSC-SKU-BIKE-MT-001-20260928-MT-OP-010-01;SEG-ALT-MAINT-PSC-SKU-BIKE-MT-001-20260928-MT-OP-010-02,WS-FRAME-PREP,M-FRAME-JIG-001,FRAME_TECHNICIAN,2026-10-20,2026-10-20,SHIFT-A,2026-10-20,SHIFT-A,WIN-20261020-SHIFT-A;WIN-20261021-SHIFT-A,870.0,435.0,2,1740.0,1740.0,1740.0,M-FRAME-JIG-001#02=300.684,FRAME_TECHNICIAN#02=300.684,300.684,1439.316,17.2807,17.2807,17.2807,17.2807,17.2807,17.2807,WORKSTATION,569.316,300.684,300.684,0.0,0.0,5.0114,0.0,5.0114,14.5,34.5614,34.5614,FINITE_CAPACITY_FEASIBLE,0.0,0.0,9.4886,75.9088,True,PHASE4_STEP8F_FINITE_CAPACITY_SCHEDULE_ALTERNATIVES,True
PHASE4-MPS-20260721170405,ALT-MAINT,PSC-SKU-BIKE-MT-001-20260928,MT-OP-020,SEG-ALT-MAINT-PSC-SKU-BIKE-MT-001-20260928-MT-OP-020-01;SEG-ALT-MAINT-PSC-SKU-BIKE-MT-001-20260928-MT-OP-020-02,WS-FORK-SUSP,M-FORK-BENCH-001,SUSPENSION_TECHNICIAN,2026-09-14,2026-09-14,SHIFT-A,2026-09-14,SHIFT-A,WIN-20260914-SHIFT-A;WIN-20260915-SHIFT-A,870.0,435.0,2,1740.0,1740.0,1740.0,M-FORK-BENCH-001#02=368.826,SUSPENSION_TECHNICIAN#02=368.826,368.826,1371.174,21.1969,21.1969,21.1969,21.1969,21.1969,21.1969,WORKSTATION,501.174,368.826,368.826,0.0,0.0,6.1471,0.0,6.1471,14.5,42.3938,42.3938,FINITE_CAPACITY_FEASIBLE,0.0,0.0,8.3529,66.8232,True,PHASE4_STEP8F_FINITE_CAPACITY_SCHEDULE_ALTERNATIVES,True
PHASE4-MPS-20260721170405,ALT-MAINT,PSC-SKU-BIKE-MT-001-20260928,MT-OP-030,SEG-ALT-MAINT-PSC-SKU-BIKE-MT-001-20260928-MT-OP-030-01;SEG-ALT-MAINT-PSC-SKU-BIKE-MT-001-20260928-MT-OP-030-02,WS-WHEEL-SUB,M-WHEEL-TRUE-001,WHEEL_ASSEMBLY_TECHNICIAN,2026-09-14,2026-09-14,SHIFT-A,2026-09-14,SHIFT-A,WIN-20260914-SHIFT-A;WIN-20260915-SHIFT-A,870.0,435.0,3,2610.0,2610.0,2610.0,M-WHEEL-TRUE-001#02=370.338,WHEEL_ASSEMBLY_TECHNICIAN#02=370.338,370.338,2239.662,14.1892,14.1892,14.1892,14.1892,14.1892,14.1892,WORKSTATION,499.662,370.338,370.338,0.0,0.0,6.1723,0.0,6.1723,14.5,42.5676,42.5676,FINITE_CAPACITY_FEASIBLE,0.0,0.0,8.3277,66.6216,True,PHASE4_STEP8F_FINITE_CAPACITY_SCHEDULE_ALTERNATIVES,True
PHASE4-MPS-20260721170405,ALT-MAINT,PSC-SKU-BIKE-MT-001-20260928,MT-OP-040,SEG-ALT-MAINT-PSC-SKU-BIKE-MT-001-20260928-MT-OP-040-01;SEG-ALT-MAINT-PSC-SKU-BIKE-MT-001-20260928-MT-OP-040-02,WS-BRAKE-SUB,M-BRAKE-BENCH-001,BRAKE_ASSEMBLY_TECHNICIAN,2026-09-14,2026-09-14,SHIFT-A,2026-09-14,SHIFT-A,WIN-20260914-SHIFT-A;WIN-20260915-SHIFT-A,870.0,435.0,2,1740.0,1740.0,1740.0,M-BRAKE-BENCH-001#02=280.098,BRAKE_ASSEMBLY_TECHNICIAN#02=280.098,280.098,1459.902,16.0976,16.0976,16.0976,16.0976,16.0976,16.0976,WORKSTATION,589.902,280.098,280.098,0.0,0.0,4.6683,0.0,4.6683,14.5,32.1952,32.1952,FINITE_CAPACITY_FEASIBLE,0.0,0.0,9.8317,78.6536,True,PHASE4_STEP8F_FINITE_CAPACITY_SCHEDULE_ALTERNATIVES,True
PHASE4-MPS-20260721170405,ALT-MAINT,PSC-SKU-BIKE-MT-001-20260928,MT-OP-050,SEG-ALT-MAINT-PSC-SKU-BIKE-MT-001-20260928-MT-OP-050-01,WS-FINAL-ASM,M-FINAL-STAND-001,FINAL_ASSEMBLY_OPERATOR,2026-09-30,2026-09-30,SHIFT-A,2026-09-30,SHIFT-A,WIN-20260930-SHIFT-A,435.0,435.0,1,435.0,435.0,435.0,M-FINAL-STAND-001#01=15.7083,FINAL_ASSEMBLY_OPERATOR#01=15.7083,15.7083,419.2917,3.6111,3.6111,3.6111,3.6111,3.6111,3.6111,WORKSTATION,419.2917,599.34,15.7083,0.0,583.6317,9.989,0.0,9.989,7.25,3.6111,58.8177,FINITE_CAPACITY_PARTIAL_QUANTITY,9.7272,1361.8072,6.9882,55.9056,True,PHASE4_STEP8F_FINITE_CAPACITY_SCHEDULE_ALTERNATIVES,True
PHASE4-MPS-20260721170405,ALT-MAINT,PSC-SKU-BIKE-MT-001-20260928,MT-OP-060,,WS-QC,M-QC-TOOLS-001,QUALITY_INSPECTOR,,,,,,,0.0,435.0,1,435.0,435.0,435.0,,,0.0,435.0,0.0,0.0,0.0,0.0,0.0,0.0,WORKSTATION,0.0,257.228,0.0,0.0,257.228,4.1538,0.1333,4.2871,0.0,0.0,24.1243,FINITE_CAPACITY_BLOCKED,4.2871,600.1987,0.0,0.0,True,PHASE4_STEP8F_FINITE_CAPACITY_SCHEDULE_ALTERNATIVES,True
PHASE4-MPS-20260721170405,ALT-MAINT,PSC-SKU-BIKE-MT-001-20260928,MT-OP-070,,WS-PACK,M-PACK-BENCH-001,PACKAGING_OPERATOR,,,,,,,0.0,435.0,1,435.0,435.0,435.0,,,0.0,435.0,0.0,0.0,0.0,0.0,0.0,0.0,WORKSTATION,0.0,0.0,0.0,0.0,0.0,0.0,0.0,0.0,0.0,0.0,18.9323,FINITE_CAPACITY_BLOCKED,0.0,0.0,0.0,0.0,True,PHASE4_STEP8F_FINITE_CAPACITY_SCHEDULE_ALTERNATIVES,True
PHASE4-MPS-20260721170405,ALT-MAINT,PSC-SKU-BIKE-ROAD-001-20260928,ROAD-OP-010,SEG-ALT-MAINT-PSC-SKU-BIKE-ROAD-001-20260928-ROAD-OP-010-01;SEG-ALT-MAINT-PSC-SKU-BIKE-ROAD-001-20260928-ROAD-OP-010-02,WS-FRAME-PREP,M-FRAME-JIG-001,FRAME_TECHNICIAN,2026-10-12,2026-10-12,SHIFT-A,2026-10-12,SHIFT-A,WIN-20261012-SHIFT-A;WIN-20261013-SHIFT-A,870.0,435.0,2,1740.0,1740.0,1740.0,M-FRAME-JIG-001#02=347.802,FRAME_TECHNICIAN#02=347.802,347.802,1392.198,19.9886,19.9886,19.9886,19.9886,19.9886,19.9886,WORKSTATION,522.198,347.802,347.802,0.0,0.0,5.4967,0.3,5.7967,14.5,39.9772,39.9772,FINITE_CAPACITY_FEASIBLE,0.0,0.0,8.7033,69.6264,True,PHASE4_STEP8F_FINITE_CAPACITY_SCHEDULE_ALTERNATIVES,True
PHASE4-MPS-20260721170405,ALT-MAINT,PSC-SKU-BIKE-ROAD-001-20260928,ROAD-OP-020,SEG-ALT-MAINT-PSC-SKU-BIKE-ROAD-001-20260928-ROAD-OP-020-01;SEG-ALT-MAINT-PSC-SKU-BIKE-ROAD-001-20260928-ROAD-OP-020-02,WS-WHEEL-SUB,M-WHEEL-TRUE-001,WHEEL_ASSEMBLY_TECHNICIAN,2026-09-22,2026-09-22,SHIFT-A,2026-09-22,SHIFT-A,WIN-20260922-SHIFT-A;WIN-20260923-SHIFT-A,870.0,435.0,3,2610.0,2610.0,2610.0,M-WHEEL-TRUE-001#02=424.93,WHEEL_ASSEMBLY_TECHNICIAN#02=424.93,424.93,2185.07,16.2808,16.2808,16.2808,16.2808,16.2808,16.2808,WORKSTATION,445.07,424.93,424.93,0.0,0.0,6.9155,0.1667,7.0822,14.5,48.8425,48.8425,FINITE_CAPACITY_FEASIBLE,0.0,0.0,7.4178,59.3427,True,PHASE4_STEP8F_FINITE_CAPACITY_SCHEDULE_ALTERNATIVES,True
PHASE4-MPS-20260721170405,ALT-MAINT,PSC-SKU-BIKE-ROAD-001-20260928,ROAD-OP-030,SEG-ALT-MAINT-PSC-SKU-BIKE-ROAD-001-20260928-ROAD-OP-030-01;SEG-ALT-MAINT-PSC-SKU-BIKE-ROAD-001-20260928-ROAD-OP-030-02,WS-BRAKE-SUB,M-BRAKE-BENCH-001,BRAKE_ASSEMBLY_TECHNICIAN,2026-09-22,2026-09-22,SHIFT-A,2026-09-22,SHIFT-A,WIN-20260922-SHIFT-A;WIN-20260923-SHIFT-A,870.0,435.0,2,1740.0,1740.0,1740.0,M-BRAKE-BENCH-001#02=315.798,BRAKE_ASSEMBLY_TECHNICIAN#02=315.798,315.798,1424.202,18.1493,18.1493,18.1493,18.1493,18.1493,18.1493,WORKSTATION,554.202,315.798,315.798,0.0,0.0,5.0633,0.2,5.2633,14.5,36.2986,36.2986,FINITE_CAPACITY_FEASIBLE,0.0,0.0,9.2367,73.8936,True,PHASE4_STEP8F_FINITE_CAPACITY_SCHEDULE_ALTERNATIVES,True
PHASE4-MPS-20260721170405,ALT-MAINT,PSC-SKU-BIKE-ROAD-001-20260928,ROAD-OP-040,,WS-FINAL-ASM,M-FINAL-STAND-001,FINAL_ASSEMBLY_OPERATOR,,,,,,,0.0,435.0,1,435.0,435.0,435.0,,,0.0,435.0,0.0,0.0,0.0,0.0,0.0,0.0,WORKSTATION,0.0,666.936,0.0,0.0,666.936,10.7156,0.4,11.1156,0.0,0.0,58.8177,FINITE_CAPACITY_BLOCKED,11.1156,1556.184,0.0,0.0,True,PHASE4_STEP8F_FINITE_CAPACITY_SCHEDULE_ALTERNATIVES,True
PHASE4-MPS-20260721170405,ALT-MAINT,PSC-SKU-BIKE-ROAD-001-20260928,ROAD-OP-050,,WS-QC,M-QC-TOOLS-001,QUALITY_INSPECTOR,,,,,,,0.0,435.0,1,435.0,435.0,435.0,,,0.0,435.0,0.0,0.0,0.0,0.0,0.0,0.0,WORKSTATION,0.0,0.0,0.0,0.0,0.0,0.0,0.0,0.0,0.0,0.0,24.1243,FINITE_CAPACITY_BLOCKED,0.0,0.0,0.0,0.0,True,PHASE4_STEP8F_FINITE_CAPACITY_SCHEDULE_ALTERNATIVES,True
PHASE4-MPS-20260721170405,ALT-MAINT,PSC-SKU-BIKE-ROAD-001-20260928,ROAD-OP-060,,WS-PACK,M-PACK-BENCH-001,PACKAGING_OPERATOR,,,,,,,0.0,435.0,1,435.0,435.0,435.0,,,0.0,435.0,0.0,0.0,0.0,0.0,0.0,0.0,WORKSTATION,0.0,214.242,0.0,0.0,214.242,3.5707,0.0,3.5707,0.0,0.0,18.9323,FINITE_CAPACITY_BLOCKED,3.5707,499.898,0.0,0.0,True,PHASE4_STEP8F_FINITE_CAPACITY_SCHEDULE_ALTERNATIVES,True
PHASE4-MPS-20260721170405,ALT-COMBINED,PSC-SKU-BIKE-MT-001-20260629,MT-OP-050,,WS-FINAL-ASM,M-FINAL-STAND-001,FINAL_ASSEMBLY_OPERATOR,,,,,,,0.0,435.0,1,435.0,435.0,435.0,,,0.0,435.0,0.0,0.0,0.0,0.0,0.0,0.0,WORKSTATION,0.0,0.0,0.0,0.0,0.0,0.0,0.0,0.0,0.0,0.0,218.4047,FINITE_CAPACITY_BLOCKED,0.0,0.0,0.0,0.0,True,PHASE4_STEP8F_FINITE_CAPACITY_SCHEDULE_ALTERNATIVES,True
PHASE4-MPS-20260721170405,ALT-COMBINED,PSC-SKU-BIKE-ROAD-001-20260928,ROAD-OP-040,SEG-ALT-COMBINED-PSC-SKU-BIKE-ROAD-001-20260928-ROAD-OP-040-01;SEG-ALT-COMBINED-PSC-SKU-BIKE-ROAD-001-20260928-ROAD-OP-040-02,WS-FINAL-ASM,M-FINAL-STAND-001,FINAL_ASSEMBLY_OPERATOR,2026-06-29,2026-06-29,SHIFT-A,2026-06-29,SHIFT-A,WIN-20260629-SHIFT-A;WIN-20260630-SHIFT-A,870.0,435.0,1,870.0,870.0,870.0,M-FINAL-STAND-001#01=642.936,FINAL_ASSEMBLY_OPERATOR#01=642.936,642.936,227.064,73.9007,73.9007,73.9007,73.9007,73.9007,73.9007,WORKSTATION,0.0,642.936,642.936,227.064,0.0,10.7156,0.0,10.7156,14.5,73.9007,73.9007,FINITE_CAPACITY_FEASIBLE,0.0,0.0,0.0,0.0,True,PHASE4_STEP8F_FINITE_CAPACITY_SCHEDULE_ALTERNATIVES,True
PHASE4-MPS-20260721170405,ALT-COMBINED,PSC-SKU-BIKE-MT-001-20260928,MT-OP-050,,WS-FINAL-ASM,M-FINAL-STAND-001,FINAL_ASSEMBLY_OPERATOR,,,,,,,0.0,435.0,1,435.0,435.0,435.0,,,0.0,435.0,0.0,0.0,0.0,0.0,0.0,0.0,WORKSTATION,0.0,0.0,0.0,0.0,0.0,0.0,0.0,0.0,0.0,0.0,58.8177,FINITE_CAPACITY_BLOCKED,0.0,0.0,0.0,0.0,True,PHASE4_STEP8F_FINITE_CAPACITY_SCHEDULE_ALTERNATIVES,True
PHASE4-MPS-20260721170405,ALT-COMBINED,PSC-SKU-BIKE-MT-001-20260629,MT-OP-010,SEG-ALT-COMBINED-PSC-SKU-BIKE-MT-001-20260629-MT-OP-010-01;SEG-ALT-COMBINED-PSC-SKU-BIKE-MT-001-20260629-MT-OP-010-02;SEG-ALT-COMBINED-PSC-SKU-BIKE-MT-001-20260629-MT-OP-010-03,WS-FRAME-PREP,M-FRAME-JIG-001,FRAME_TECHNICIAN,2026-06-29,2026-06-29,SHIFT-A,2026-06-29,SHIFT-A,WIN-20260629-SHIFT-A;WIN-20260630-SHIFT-A;WIN-20260701-SHIFT-A,1305.0,435.0,2,2610.0,2610.0,2610.0,M-FRAME-JIG-001#01=1147.944,FRAME_TECHNICIAN#01=1147.944,1147.944,1462.056,43.9825,43.9825,43.9825,43.9825,43.9825,43.9825,WORKSTATION,0.0,1147.944,1147.944,157.056,0.0,19.1324,0.0,19.1324,21.75,87.9651,111.2409,FINITE_CAPACITY_FEASIBLE,0.0,0.0,0.0,0.0,True,PHASE4_STEP8F_FINITE_CAPACITY_SCHEDULE_ALTERNATIVES,True
PHASE4-MPS-20260721170405,ALT-COMBINED,PSC-SKU-BIKE-MT-001-20260706,MT-OP-010,SEG-ALT-COMBINED-PSC-SKU-BIKE-MT-001-20260706-MT-OP-010-01;SEG-ALT-COMBINED-PSC-SKU-BIKE-MT-001-20260706-MT-OP-010-02;SEG-ALT-COMBINED-PSC-SKU-BIKE-MT-001-20260706-MT-OP-010-03,WS-FRAME-PREP,M-FRAME-JIG-001,FRAME_TECHNICIAN,2026-07-06,2026-07-06,SHIFT-A,2026-07-06,SHIFT-A,WIN-20260706-SHIFT-A;WIN-20260707-SHIFT-A;WIN-20260708-SHIFT-A,1305.0,435.0,2,2610.0,2610.0,2610.0,M-FRAME-JIG-001#01=1039.579,FRAME_TECHNICIAN#01=1039.579,1039.579,1570.421,39.8306,39.8306,39.8306,39.8306,39.8306,39.8306,WORKSTATION,0.0,1039.579,1039.579,265.421,0.0,17.3263,0.0,17.3263,21.75,79.6612,202.2771,FINITE_CAPACITY_FEASIBLE,0.0,0.0001,0.0,0.0,True,PHASE4_STEP8F_FINITE_CAPACITY_SCHEDULE_ALTERNATIVES,True
PHASE4-MPS-20260721170405,ALT-COMBINED,PSC-SKU-BIKE-MT-001-20260713,MT-OP-010,,WS-FRAME-PREP,M-FRAME-JIG-001,FRAME_TECHNICIAN,,,,,,,0.0,435.0,2,870.0,870.0,870.0,,,0.0,870.0,0.0,0.0,0.0,0.0,0.0,0.0,WORKSTATION,0.0,0.0,0.0,0.0,0.0,0.0,0.0,0.0,0.0,0.0,202.7045,FINITE_CAPACITY_BLOCKED,0.0,0.0,0.0,0.0,True,PHASE4_STEP8F_FINITE_CAPACITY_SCHEDULE_ALTERNATIVES,True
PHASE4-MPS-20260721170405,ALT-COMBINED,PSC-SKU-BIKE-MT-001-20260720,MT-OP-010,,WS-FRAME-PREP,M-FRAME-JIG-001,FRAME_TECHNICIAN,,,,,,,0.0,435.0,2,870.0,870.0,870.0,,,0.0,870.0,0.0,0.0,0.0,0.0,0.0,0.0,WORKSTATION,0.0,0.0,0.0,0.0,0.0,0.0,0.0,0.0,0.0,0.0,202.7045,FINITE_CAPACITY_BLOCKED,0.0,0.0,0.0,0.0,True,PHASE4_STEP8F_FINITE_CAPACITY_SCHEDULE_ALTERNATIVES,True
PHASE4-MPS-20260721170405,ALT-COMBINED,PSC-SKU-BIKE-MT-001-20260727,MT-OP-010,,WS-FRAME-PREP,M-FRAME-JIG-001,FRAME_TECHNICIAN,,,,,,,0.0,435.0,2,870.0,870.0,870.0,,,0.0,870.0,0.0,0.0,0.0,0.0,0.0,0.0,WORKSTATION,0.0,0.0,0.0,0.0,0.0,0.0,0.0,0.0,0.0,0.0,202.7045,FINITE_CAPACITY_BLOCKED,0.0,0.0,0.0,0.0,True,PHASE4_STEP8F_FINITE_CAPACITY_SCHEDULE_ALTERNATIVES,True
PHASE4-MPS-20260721170405,ALT-COMBINED,PSC-SKU-BIKE-MT-001-20260803,MT-OP-010,,WS-FRAME-PREP,M-FRAME-JIG-001,FRAME_TECHNICIAN,,,,,,,0.0,435.0,2,870.0,870.0,870.0,,,0.0,870.0,0.0,0.0,0.0,0.0,0.0,0.0,WORKSTATION,0.0,0.0,0.0,0.0,0.0,0.0,0.0,0.0,0.0,0.0,202.7045,FINITE_CAPACITY_BLOCKED,0.0,0.0,0.0,0.0,True,PHASE4_STEP8F_FINITE_CAPACITY_SCHEDULE_ALTERNATIVES,True
PHASE4-MPS-20260721170405,ALT-COMBINED,PSC-SKU-BIKE-MT-001-20260810,MT-OP-010,,WS-FRAME-PREP,M-FRAME-JIG-001,FRAME_TECHNICIAN,,,,,,,0.0,435.0,2,870.0,870.0,870.0,,,0.0,870.0,0.0,0.0,0.0,0.0,0.0,0.0,WORKSTATION,0.0,0.0,0.0,0.0,0.0,0.0,0.0,0.0,0.0,0.0,202.7045,FINITE_CAPACITY_BLOCKED,0.0,0.0,0.0,0.0,True,PHASE4_STEP8F_FINITE_CAPACITY_SCHEDULE_ALTERNATIVES,True
PHASE4-MPS-20260721170405,ALT-COMBINED,PSC-SKU-BIKE-MT-001-20260817,MT-OP-010,,WS-FRAME-PREP,M-FRAME-JIG-001,FRAME_TECHNICIAN,,,,,,,0.0,435.0,2,870.0,870.0,870.0,,,0.0,870.0,0.0,0.0,0.0,0.0,0.0,0.0,WORKSTATION,0.0,0.0,0.0,0.0,0.0,0.0,0.0,0.0,0.0,0.0,202.7045,FINITE_CAPACITY_BLOCKED,0.0,0.0,0.0,0.0,True,PHASE4_STEP8F_FINITE_CAPACITY_SCHEDULE_ALTERNATIVES,True
PHASE4-MPS-20260721170405,ALT-COMBINED,PSC-SKU-BIKE-MT-001-20260824,MT-OP-010,,WS-FRAME-PREP,M-FRAME-JIG-001,FRAME_TECHNICIAN,,,,,,,0.0,435.0,2,870.0,870.0,870.0,,,0.0,870.0,0.0,0.0,0.0,0.0,0.0,0.0,WORKSTATION,0.0,0.0,0.0,0.0,0.0,0.0,0.0,0.0,0.0,0.0,202.7045,FINITE_CAPACITY_BLOCKED,0.0,0.0,0.0,0.0,True,PHASE4_STEP8F_FINITE_CAPACITY_SCHEDULE_ALTERNATIVES,True
PHASE4-MPS-20260721170405,ALT-COMBINED,PSC-SKU-BIKE-MT-001-20260831,MT-OP-010,,WS-FRAME-PREP,M-FRAME-JIG-001,FRAME_TECHNICIAN,,,,,,,0.0,435.0,2,870.0,870.0,870.0,,,0.0,870.0,0.0,0.0,0.0,0.0,0.0,0.0,WORKSTATION,0.0,0.0,0.0,0.0,0.0,0.0,0.0,0.0,0.0,0.0,202.7045,FINITE_CAPACITY_BLOCKED,0.0,0.0,0.0,0.0,True,PHASE4_STEP8F_FINITE_CAPACITY_SCHEDULE_ALTERNATIVES,True
PHASE4-MPS-20260721170405,ALT-COMBINED,PSC-SKU-BIKE-MT-001-20260907,MT-OP-010,,WS-FRAME-PREP,M-FRAME-JIG-001,FRAME_TECHNICIAN,,,,,,,0.0,435.0,2,870.0,870.0,870.0,,,0.0,870.0,0.0,0.0,0.0,0.0,0.0,0.0,WORKSTATION,0.0,0.0,0.0,0.0,0.0,0.0,0.0,0.0,0.0,0.0,202.7045,FINITE_CAPACITY_BLOCKED,0.0,0.0,0.0,0.0,True,PHASE4_STEP8F_FINITE_CAPACITY_SCHEDULE_ALTERNATIVES,True
PHASE4-MPS-20260721170405,ALT-COMBINED,PSC-SKU-BIKE-MT-001-20260914,MT-OP-010,,WS-FRAME-PREP,M-FRAME-JIG-001,FRAME_TECHNICIAN,,,,,,,0.0,435.0,2,870.0,870.0,870.0,,,0.0,870.0,0.0,0.0,0.0,0.0,0.0,0.0,WORKSTATION,0.0,0.0,0.0,0.0,0.0,0.0,0.0,0.0,0.0,0.0,202.7045,FINITE_CAPACITY_BLOCKED,0.0,0.0,0.0,0.0,True,PHASE4_STEP8F_FINITE_CAPACITY_SCHEDULE_ALTERNATIVES,True
PHASE4-MPS-20260721170405,ALT-COMBINED,PSC-SKU-BIKE-MT-001-20260921,MT-OP-010,,WS-FRAME-PREP,M-FRAME-JIG-001,FRAME_TECHNICIAN,,,,,,,0.0,435.0,2,870.0,870.0,870.0,,,0.0,870.0,0.0,0.0,0.0,0.0,0.0,0.0,WORKSTATION,0.0,0.0,0.0,0.0,0.0,0.0,0.0,0.0,0.0,0.0,202.7045,FINITE_CAPACITY_BLOCKED,0.0,0.0,0.0,0.0,True,PHASE4_STEP8F_FINITE_CAPACITY_SCHEDULE_ALTERNATIVES,True
PHASE4-MPS-20260721170405,ALT-COMBINED,PSC-SKU-BIKE-MT-001-20260928,MT-OP-010,,WS-FRAME-PREP,M-FRAME-JIG-001,FRAME_TECHNICIAN,,,,,,,0.0,435.0,2,870.0,870.0,870.0,,,0.0,870.0,0.0,0.0,0.0,0.0,0.0,0.0,WORKSTATION,0.0,0.0,0.0,0.0,0.0,0.0,0.0,0.0,0.0,0.0,30.6918,FINITE_CAPACITY_BLOCKED,0.0,0.0,0.0,0.0,True,PHASE4_STEP8F_FINITE_CAPACITY_SCHEDULE_ALTERNATIVES,True
PHASE4-MPS-20260721170405,ALT-COMBINED,PSC-SKU-BIKE-ROAD-001-20260629,ROAD-OP-010,SEG-ALT-COMBINED-PSC-SKU-BIKE-ROAD-001-20260629-ROAD-OP-010-01;SEG-ALT-COMBINED-PSC-SKU-BIKE-ROAD-001-20260629-ROAD-OP-010-02;SEG-ALT-COMBINED-PSC-SKU-BIKE-ROAD-001-20260629-ROAD-OP-010-03,WS-FRAME-PREP,M-FRAME-JIG-001,FRAME_TECHNICIAN,2026-06-29,2026-06-29,SHIFT-A,2026-06-29,SHIFT-A,WIN-20260629-SHIFT-A;WIN-20260630-SHIFT-A;WIN-20260701-SHIFT-A,1305.0,435.0,2,2610.0,2610.0,2610.0,M-FRAME-JIG-001#02=1271.982,FRAME_TECHNICIAN#02=1271.982,1271.982,1338.018,48.7349,48.7349,48.7349,48.7349,48.7349,48.7349,WORKSTATION,33.018,1271.982,1271.982,0.0,0.0,20.8997,0.3,21.1997,21.75,97.4699,111.2409,FINITE_CAPACITY_FEASIBLE,0.0,0.0,0.0,0.0,True,PHASE4_STEP8F_FINITE_CAPACITY_SCHEDULE_ALTERNATIVES,True
PHASE4-MPS-20260721170405,ALT-COMBINED,PSC-SKU-BIKE-ROAD-001-20260706,ROAD-OP-010,SEG-ALT-COMBINED-PSC-SKU-BIKE-ROAD-001-20260706-ROAD-OP-010-01;SEG-ALT-COMBINED-PSC-SKU-BIKE-ROAD-001-20260706-ROAD-OP-010-02,WS-FRAME-PREP,M-FRAME-JIG-001,FRAME_TECHNICIAN,2026-07-06,2026-07-06,SHIFT-A,2026-07-06,SHIFT-A,WIN-20260706-SHIFT-A;WIN-20260707-SHIFT-A,870.0,435.0,2,1740.0,1740.0,1740.0,M-FRAME-JIG-001#02=603.7853,FRAME_TECHNICIAN#02=603.7853,603.7853,1136.2147,34.7003,34.7003,34.7003,34.7003,34.7003,34.7003,WORKSTATION,266.2147,603.7853,603.7853,0.0,0.0,10.0631,0.0,10.0631,14.5,69.4006,202.2771,FINITE_CAPACITY_FEASIBLE,0.0,0.0,0.0,0.0,True,PHASE4_STEP8F_FINITE_CAPACITY_SCHEDULE_ALTERNATIVES,True
PHASE4-MPS-20260721170405,ALT-COMBINED,PSC-SKU-BIKE-ROAD-001-20260713,ROAD-OP-010,,WS-FRAME-PREP,M-FRAME-JIG-001,FRAME_TECHNICIAN,,,,,,,0.0,435.0,2,870.0,870.0,870.0,,,0.0,870.0,0.0,0.0,0.0,0.0,0.0,0.0,WORKSTATION,0.0,0.0,0.0,0.0,0.0,0.0,0.0,0.0,0.0,0.0,202.7045,FINITE_CAPACITY_BLOCKED,0.0,0.0,0.0,0.0,True,PHASE4_STEP8F_FINITE_CAPACITY_SCHEDULE_ALTERNATIVES,True
PHASE4-MPS-20260721170405,ALT-COMBINED,PSC-SKU-BIKE-ROAD-001-20260720,ROAD-OP-010,,WS-FRAME-PREP,M-FRAME-JIG-001,FRAME_TECHNICIAN,,,,,,,0.0,435.0,2,870.0,870.0,870.0,,,0.0,870.0,0.0,0.0,0.0,0.0,0.0,0.0,WORKSTATION,0.0,0.0,0.0,0.0,0.0,0.0,0.0,0.0,0.0,0.0,202.7045,FINITE_CAPACITY_BLOCKED,0.0,0.0,0.0,0.0,True,PHASE4_STEP8F_FINITE_CAPACITY_SCHEDULE_ALTERNATIVES,True
PHASE4-MPS-20260721170405,ALT-COMBINED,PSC-SKU-BIKE-ROAD-001-20260727,ROAD-OP-010,,WS-FRAME-PREP,M-FRAME-JIG-001,FRAME_TECHNICIAN,,,,,,,0.0,435.0,2,870.0,870.0,870.0,,,0.0,870.0,0.0,0.0,0.0,0.0,0.0,0.0,WORKSTATION,0.0,0.0,0.0,0.0,0.0,0.0,0.0,0.0,0.0,0.0,202.7045,FINITE_CAPACITY_BLOCKED,0.0,0.0,0.0,0.0,True,PHASE4_STEP8F_FINITE_CAPACITY_SCHEDULE_ALTERNATIVES,True
PHASE4-MPS-20260721170405,ALT-COMBINED,PSC-SKU-BIKE-ROAD-001-20260803,ROAD-OP-010,,WS-FRAME-PREP,M-FRAME-JIG-001,FRAME_TECHNICIAN,,,,,,,0.0,435.0,2,870.0,870.0,870.0,,,0.0,870.0,0.0,0.0,0.0,0.0,0.0,0.0,WORKSTATION,0.0,0.0,0.0,0.0,0.0,0.0,0.0,0.0,0.0,0.0,202.7045,FINITE_CAPACITY_BLOCKED,0.0,0.0,0.0,0.0,True,PHASE4_STEP8F_FINITE_CAPACITY_SCHEDULE_ALTERNATIVES,True
PHASE4-MPS-20260721170405,ALT-COMBINED,PSC-SKU-BIKE-ROAD-001-20260810,ROAD-OP-010,,WS-FRAME-PREP,M-FRAME-JIG-001,FRAME_TECHNICIAN,,,,,,,0.0,435.0,2,870.0,870.0,870.0,,,0.0,870.0,0.0,0.0,0.0,0.0,0.0,0.0,WORKSTATION,0.0,0.0,0.0,0.0,0.0,0.0,0.0,0.0,0.0,0.0,202.7045,FINITE_CAPACITY_BLOCKED,0.0,0.0,0.0,0.0,True,PHASE4_STEP8F_FINITE_CAPACITY_SCHEDULE_ALTERNATIVES,True
PHASE4-MPS-20260721170405,ALT-COMBINED,PSC-SKU-BIKE-ROAD-001-20260817,ROAD-OP-010,,WS-FRAME-PREP,M-FRAME-JIG-001,FRAME_TECHNICIAN,,,,,,,0.0,435.0,2,870.0,870.0,870.0,,,0.0,870.0,0.0,0.0,0.0,0.0,0.0,0.0,WORKSTATION,0.0,0.0,0.0,0.0,0.0,0.0,0.0,0.0,0.0,0.0,202.7045,FINITE_CAPACITY_BLOCKED,0.0,0.0,0.0,0.0,True,PHASE4_STEP8F_FINITE_CAPACITY_SCHEDULE_ALTERNATIVES,True
PHASE4-MPS-20260721170405,ALT-COMBINED,PSC-SKU-BIKE-ROAD-001-20260824,ROAD-OP-010,,WS-FRAME-PREP,M-FRAME-JIG-001,FRAME_TECHNICIAN,,,,,,,0.0,435.0,2,870.0,870.0,870.0,,,0.0,870.0,0.0,0.0,0.0,0.0,0.0,0.0,WORKSTATION,0.0,0.0,0.0,0.0,0.0,0.0,0.0,0.0,0.0,0.0,202.7045,FINITE_CAPACITY_BLOCKED,0.0,0.0,0.0,0.0,True,PHASE4_STEP8F_FINITE_CAPACITY_SCHEDULE_ALTERNATIVES,True
PHASE4-MPS-20260721170405,ALT-COMBINED,PSC-SKU-BIKE-ROAD-001-20260831,ROAD-OP-010,,WS-FRAME-PREP,M-FRAME-JIG-001,FRAME_TECHNICIAN,,,,,,,0.0,435.0,2,870.0,870.0,870.0,,,0.0,870.0,0.0,0.0,0.0,0.0,0.0,0.0,WORKSTATION,0.0,0.0,0.0,0.0,0.0,0.0,0.0,0.0,0.0,0.0,202.7045,FINITE_CAPACITY_BLOCKED,0.0,0.0,0.0,0.0,True,PHASE4_STEP8F_FINITE_CAPACITY_SCHEDULE_ALTERNATIVES,True
PHASE4-MPS-20260721170405,ALT-COMBINED,PSC-SKU-BIKE-ROAD-001-20260907,ROAD-OP-010,,WS-FRAME-PREP,M-FRAME-JIG-001,FRAME_TECHNICIAN,,,,,,,0.0,435.0,2,870.0,870.0,870.0,,,0.0,870.0,0.0,0.0,0.0,0.0,0.0,0.0,WORKSTATION,0.0,0.0,0.0,0.0,0.0,0.0,0.0,0.0,0.0,0.0,202.7045,FINITE_CAPACITY_BLOCKED,0.0,0.0,0.0,0.0,True,PHASE4_STEP8F_FINITE_CAPACITY_SCHEDULE_ALTERNATIVES,True
PHASE4-MPS-20260721170405,ALT-COMBINED,PSC-SKU-BIKE-ROAD-001-20260914,ROAD-OP-010,,WS-FRAME-PREP,M-FRAME-JIG-001,FRAME_TECHNICIAN,,,,,,,0.0,435.0,2,870.0,870.0,870.0,,,0.0,870.0,0.0,0.0,0.0,0.0,0.0,0.0,WORKSTATION,0.0,0.0,0.0,0.0,0.0,0.0,0.0,0.0,0.0,0.0,202.7045,FINITE_CAPACITY_BLOCKED,0.0,0.0,0.0,0.0,True,PHASE4_STEP8F_FINITE_CAPACITY_SCHEDULE_ALTERNATIVES,True
PHASE4-MPS-20260721170405,ALT-COMBINED,PSC-SKU-BIKE-ROAD-001-20260921,ROAD-OP-010,,WS-FRAME-PREP,M-FRAME-JIG-001,FRAME_TECHNICIAN,,,,,,,0.0,435.0,2,870.0,870.0,870.0,,,0.0,870.0,0.0,0.0,0.0,0.0,0.0,0.0,WORKSTATION,0.0,0.0,0.0,0.0,0.0,0.0,0.0,0.0,0.0,0.0,202.7045,FINITE_CAPACITY_BLOCKED,0.0,0.0,0.0,0.0,True,PHASE4_STEP8F_FINITE_CAPACITY_SCHEDULE_ALTERNATIVES,True
PHASE4-MPS-20260721170405,ALT-COMBINED,PSC-SKU-BIKE-ROAD-001-20260928,ROAD-OP-010,,WS-FRAME-PREP,M-FRAME-JIG-001,FRAME_TECHNICIAN,,,,,,,0.0,435.0,2,870.0,870.0,870.0,,,0.0,870.0,0.0,0.0,0.0,0.0,0.0,0.0,WORKSTATION,0.0,0.0,0.0,0.0,0.0,0.0,0.0,0.0,0.0,0.0,30.6918,FINITE_CAPACITY_BLOCKED,0.0,0.0,0.0,0.0,True,PHASE4_STEP8F_FINITE_CAPACITY_SCHEDULE_ALTERNATIVES,True
PHASE4-MPS-20260721170405,ALT-COMBINED,PSC-SKU-BIKE-ROAD-001-20260629,ROAD-OP-020,SEG-ALT-COMBINED-PSC-SKU-BIKE-ROAD-001-20260629-ROAD-OP-020-01;SEG-ALT-COMBINED-PSC-SKU-BIKE-ROAD-001-20260629-ROAD-OP-020-02;SEG-ALT-COMBINED-PSC-SKU-BIKE-ROAD-001-20260629-ROAD-OP-020-03;SEG-ALT-COMBINED-PSC-SKU-BIKE-ROAD-001-20260629-ROAD-OP-020-04;SEG-ALT-COMBINED-PSC-SKU-BIKE-ROAD-001-20260629-ROAD-OP-020-05,WS-WHEEL-SUB,M-WHEEL-TRUE-001,WHEEL_ASSEMBLY_TECHNICIAN,2026-07-01,2026-07-01,SHIFT-A,2026-07-01,SHIFT-A,WIN-20260701-SHIFT-A;WIN-20260702-SHIFT-A;WIN-20260703-SHIFT-A;WIN-20260706-SHIFT-A;WIN-20260707-SHIFT-A,2175.0,435.0,3,6525.0,6525.0,6525.0,M-WHEEL-TRUE-001#01=1577.664,WHEEL_ASSEMBLY_TECHNICIAN#01=1577.664,1577.664,4947.336,24.1788,24.1788,24.1788,24.1788,24.1788,24.1788,WORKSTATION,401.982,1577.664,1577.664,195.354,0.0,26.2944,0.0,26.2944,36.25,72.5363,138.0477,FINITE_CAPACITY_FEASIBLE,0.0,0.0,0.0,0.0,True,PHASE4_STEP8F_FINITE_CAPACITY_SCHEDULE_ALTERNATIVES,True
PHASE4-MPS-20260721170405,ALT-COMBINED,PSC-SKU-BIKE-ROAD-001-20260706,ROAD-OP-020,SEG-ALT-COMBINED-PSC-SKU-BIKE-ROAD-001-20260706-ROAD-OP-020-01;SEG-ALT-COMBINED-PSC-SKU-BIKE-ROAD-001-20260706-ROAD-OP-020-02;SEG-ALT-COMBINED-PSC-SKU-BIKE-ROAD-001-20260706-ROAD-OP-020-03,WS-WHEEL-SUB,M-WHEEL-TRUE-001,WHEEL_ASSEMBLY_TECHNICIAN,2026-07-07,2026-07-07,SHIFT-A,2026-07-07,SHIFT-A,WIN-20260707-SHIFT-A;WIN-20260708-SHIFT-A;WIN-20260709-SHIFT-A,1305.0,435.0,3,3915.0,3915.0,3915.0,M-WHEEL-TRUE-001#02=759.6358,WHEEL_ASSEMBLY_TECHNICIAN#02=759.6358,759.6358,3155.3642,19.4032,19.4032,19.4032,19.4032,19.4032,19.4032,WORKSTATION,168.7853,759.6358,759.6358,376.5789,0.0,12.6606,0.0,12.6606,21.75,58.2096,252.058,FINITE_CAPACITY_FEASIBLE,0.0,0.0001,0.0,0.0,True,PHASE4_STEP8F_FINITE_CAPACITY_SCHEDULE_ALTERNATIVES,True
PHASE4-MPS-20260721170405,ALT-COMBINED,PSC-SKU-BIKE-ROAD-001-20260713,ROAD-OP-020,,WS-WHEEL-SUB,M-WHEEL-TRUE-001,WHEEL_ASSEMBLY_TECHNICIAN,,,,,,,0.0,435.0,3,1305.0,1305.0,1305.0,,,0.0,1305.0,0.0,0.0,0.0,0.0,0.0,0.0,WORKSTATION,0.0,0.0,0.0,0.0,0.0,0.0,0.0,0.0,0.0,0.0,252.5983,FINITE_CAPACITY_BLOCKED,0.0,0.0,0.0,0.0,True,PHASE4_STEP8F_FINITE_CAPACITY_SCHEDULE_ALTERNATIVES,True
PHASE4-MPS-20260721170405,ALT-COMBINED,PSC-SKU-BIKE-ROAD-001-20260720,ROAD-OP-020,,WS-WHEEL-SUB,M-WHEEL-TRUE-001,WHEEL_ASSEMBLY_TECHNICIAN,,,,,,,0.0,435.0,3,1305.0,1305.0,1305.0,,,0.0,1305.0,0.0,0.0,0.0,0.0,0.0,0.0,WORKSTATION,0.0,0.0,0.0,0.0,0.0,0.0,0.0,0.0,0.0,0.0,252.5983,FINITE_CAPACITY_BLOCKED,0.0,0.0,0.0,0.0,True,PHASE4_STEP8F_FINITE_CAPACITY_SCHEDULE_ALTERNATIVES,True
PHASE4-MPS-20260721170405,ALT-COMBINED,PSC-SKU-BIKE-ROAD-001-20260727,ROAD-OP-020,,WS-WHEEL-SUB,M-WHEEL-TRUE-001,WHEEL_ASSEMBLY_TECHNICIAN,,,,,,,0.0,435.0,3,1305.0,1305.0,1305.0,,,0.0,1305.0,0.0,0.0,0.0,0.0,0.0,0.0,WORKSTATION,0.0,0.0,0.0,0.0,0.0,0.0,0.0,0.0,0.0,0.0,252.5983,FINITE_CAPACITY_BLOCKED,0.0,0.0,0.0,0.0,True,PHASE4_STEP8F_FINITE_CAPACITY_SCHEDULE_ALTERNATIVES,True
PHASE4-MPS-20260721170405,ALT-COMBINED,PSC-SKU-BIKE-ROAD-001-20260803,ROAD-OP-020,,WS-WHEEL-SUB,M-WHEEL-TRUE-001,WHEEL_ASSEMBLY_TECHNICIAN,,,,,,,0.0,435.0,3,1305.0,1305.0,1305.0,,,0.0,1305.0,0.0,0.0,0.0,0.0,0.0,0.0,WORKSTATION,0.0,0.0,0.0,0.0,0.0,0.0,0.0,0.0,0.0,0.0,252.5983,FINITE_CAPACITY_BLOCKED,0.0,0.0,0.0,0.0,True,PHASE4_STEP8F_FINITE_CAPACITY_SCHEDULE_ALTERNATIVES,True
PHASE4-MPS-20260721170405,ALT-COMBINED,PSC-SKU-BIKE-ROAD-001-20260810,ROAD-OP-020,,WS-WHEEL-SUB,M-WHEEL-TRUE-001,WHEEL_ASSEMBLY_TECHNICIAN,,,,,,,0.0,435.0,3,1305.0,1305.0,1305.0,,,0.0,1305.0,0.0,0.0,0.0,0.0,0.0,0.0,WORKSTATION,0.0,0.0,0.0,0.0,0.0,0.0,0.0,0.0,0.0,0.0,252.5983,FINITE_CAPACITY_BLOCKED,0.0,0.0,0.0,0.0,True,PHASE4_STEP8F_FINITE_CAPACITY_SCHEDULE_ALTERNATIVES,True
PHASE4-MPS-20260721170405,ALT-COMBINED,PSC-SKU-BIKE-ROAD-001-20260817,ROAD-OP-020,,WS-WHEEL-SUB,M-WHEEL-TRUE-001,WHEEL_ASSEMBLY_TECHNICIAN,,,,,,,0.0,435.0,3,1305.0,1305.0,1305.0,,,0.0,1305.0,0.0,0.0,0.0,0.0,0.0,0.0,WORKSTATION,0.0,0.0,0.0,0.0,0.0,0.0,0.0,0.0,0.0,0.0,252.5983,FINITE_CAPACITY_BLOCKED,0.0,0.0,0.0,0.0,True,PHASE4_STEP8F_FINITE_CAPACITY_SCHEDULE_ALTERNATIVES,True
PHASE4-MPS-20260721170405,ALT-COMBINED,PSC-SKU-BIKE-ROAD-001-20260824,ROAD-OP-020,,WS-WHEEL-SUB,M-WHEEL-TRUE-001,WHEEL_ASSEMBLY_TECHNICIAN,,,,,,,0.0,435.0,3,1305.0,1305.0,1305.0,,,0.0,1305.0,0.0,0.0,0.0,0.0,0.0,0.0,WORKSTATION,0.0,0.0,0.0,0.0,0.0,0.0,0.0,0.0,0.0,0.0,252.5983,FINITE_CAPACITY_BLOCKED,0.0,0.0,0.0,0.0,True,PHASE4_STEP8F_FINITE_CAPACITY_SCHEDULE_ALTERNATIVES,True
PHASE4-MPS-20260721170405,ALT-COMBINED,PSC-SKU-BIKE-ROAD-001-20260831,ROAD-OP-020,,WS-WHEEL-SUB,M-WHEEL-TRUE-001,WHEEL_ASSEMBLY_TECHNICIAN,,,,,,,0.0,435.0,3,1305.0,1305.0,1305.0,,,0.0,1305.0,0.0,0.0,0.0,0.0,0.0,0.0,WORKSTATION,0.0,0.0,0.0,0.0,0.0,0.0,0.0,0.0,0.0,0.0,252.5983,FINITE_CAPACITY_BLOCKED,0.0,0.0,0.0,0.0,True,PHASE4_STEP8F_FINITE_CAPACITY_SCHEDULE_ALTERNATIVES,True
PHASE4-MPS-20260721170405,ALT-COMBINED,PSC-SKU-BIKE-ROAD-001-20260907,ROAD-OP-020,,WS-WHEEL-SUB,M-WHEEL-TRUE-001,WHEEL_ASSEMBLY_TECHNICIAN,,,,,,,0.0,435.0,3,1305.0,1305.0,1305.0,,,0.0,1305.0,0.0,0.0,0.0,0.0,0.0,0.0,WORKSTATION,0.0,0.0,0.0,0.0,0.0,0.0,0.0,0.0,0.0,0.0,252.5983,FINITE_CAPACITY_BLOCKED,0.0,0.0,0.0,0.0,True,PHASE4_STEP8F_FINITE_CAPACITY_SCHEDULE_ALTERNATIVES,True
PHASE4-MPS-20260721170405,ALT-COMBINED,PSC-SKU-BIKE-ROAD-001-20260914,ROAD-OP-020,,WS-WHEEL-SUB,M-WHEEL-TRUE-001,WHEEL_ASSEMBLY_TECHNICIAN,,,,,,,0.0,435.0,3,1305.0,1305.0,1305.0,,,0.0,1305.0,0.0,0.0,0.0,0.0,0.0,0.0,WORKSTATION,0.0,0.0,0.0,0.0,0.0,0.0,0.0,0.0,0.0,0.0,252.5983,FINITE_CAPACITY_BLOCKED,0.0,0.0,0.0,0.0,True,PHASE4_STEP8F_FINITE_CAPACITY_SCHEDULE_ALTERNATIVES,True
PHASE4-MPS-20260721170405,ALT-COMBINED,PSC-SKU-BIKE-ROAD-001-20260921,ROAD-OP-020,,WS-WHEEL-SUB,M-WHEEL-TRUE-001,WHEEL_ASSEMBLY_TECHNICIAN,,,,,,,0.0,435.0,3,1305.0,1305.0,1305.0,,,0.0,1305.0,0.0,0.0,0.0,0.0,0.0,0.0,WORKSTATION,0.0,0.0,0.0,0.0,0.0,0.0,0.0,0.0,0.0,0.0,252.5983,FINITE_CAPACITY_BLOCKED,0.0,0.0,0.0,0.0,True,PHASE4_STEP8F_FINITE_CAPACITY_SCHEDULE_ALTERNATIVES,True
PHASE4-MPS-20260721170405,ALT-COMBINED,PSC-SKU-BIKE-ROAD-001-20260928,ROAD-OP-020,,WS-WHEEL-SUB,M-WHEEL-TRUE-001,WHEEL_ASSEMBLY_TECHNICIAN,,,,,,,0.0,435.0,3,1305.0,1305.0,1305.0,,,0.0,1305.0,0.0,0.0,0.0,0.0,0.0,0.0,WORKSTATION,0.0,0.0,0.0,0.0,0.0,0.0,0.0,0.0,0.0,0.0,37.1718,FINITE_CAPACITY_BLOCKED,0.0,0.0,0.0,0.0,True,PHASE4_STEP8F_FINITE_CAPACITY_SCHEDULE_ALTERNATIVES,True
PHASE4-MPS-20260721170405,ALT-COMBINED,PSC-SKU-BIKE-MT-001-20260629,MT-OP-030,SEG-ALT-COMBINED-PSC-SKU-BIKE-MT-001-20260629-MT-OP-030-01;SEG-ALT-COMBINED-PSC-SKU-BIKE-MT-001-20260629-MT-OP-030-02;SEG-ALT-COMBINED-PSC-SKU-BIKE-MT-001-20260629-MT-OP-030-03;SEG-ALT-COMBINED-PSC-SKU-BIKE-MT-001-20260629-MT-OP-030-04,WS-WHEEL-SUB,M-WHEEL-TRUE-001,WHEEL_ASSEMBLY_TECHNICIAN,2026-07-01,2026-07-01,SHIFT-A,2026-07-01,SHIFT-A,WIN-20260701-SHIFT-A;WIN-20260702-SHIFT-A;WIN-20260703-SHIFT-A;WIN-20260706-SHIFT-A,1740.0,435.0,3,5220.0,5220.0,5220.0,M-WHEEL-TRUE-001#02=1423.87,WHEEL_ASSEMBLY_TECHNICIAN#02=1423.87,1423.87,3796.13,27.2772,27.2772,27.2772,27.2772,27.2772,27.2772,WORKSTATION,316.13,1423.87,1423.87,0.0,0.0,23.5645,0.1667,23.7312,29.0,81.8316,138.0477,FINITE_CAPACITY_FEASIBLE,0.0,0.0,0.0,0.0,True,PHASE4_STEP8F_FINITE_CAPACITY_SCHEDULE_ALTERNATIVES,True
PHASE4-MPS-20260721170405,ALT-COMBINED,PSC-SKU-BIKE-MT-001-20260706,MT-OP-030,SEG-ALT-COMBINED-PSC-SKU-BIKE-MT-001-20260706-MT-OP-030-01;SEG-ALT-COMBINED-PSC-SKU-BIKE-MT-001-20260706-MT-OP-030-02;SEG-ALT-COMBINED-PSC-SKU-BIKE-MT-001-20260706-MT-OP-030-03,WS-WHEEL-SUB,M-WHEEL-TRUE-001,WHEEL_ASSEMBLY_TECHNICIAN,2026-07-08,2026-07-08,SHIFT-A,2026-07-08,SHIFT-A,WIN-20260708-SHIFT-A;WIN-20260709-SHIFT-A;WIN-20260710-SHIFT-A,1305.0,435.0,3,3915.0,3915.0,3915.0,M-WHEEL-TRUE-001#01=1112.0109,WHEEL_ASSEMBLY_TECHNICIAN#01=1112.0109,1112.0109,2802.9891,28.4039,28.4039,28.4039,28.4039,28.4039,28.4039,WORKSTATION,169.579,1112.0109,1112.0109,23.4102,0.0,18.5335,0.0,18.5335,21.75,85.2116,252.058,FINITE_CAPACITY_FEASIBLE,0.0,0.0,0.0,0.0,True,PHASE4_STEP8F_FINITE_CAPACITY_SCHEDULE_ALTERNATIVES,True
PHASE4-MPS-20260721170405,ALT-COMBINED,PSC-SKU-BIKE-MT-001-20260713,MT-OP-030,SEG-ALT-COMBINED-PSC-SKU-BIKE-MT-001-20260713-MT-OP-030-01,WS-WHEEL-SUB,M-WHEEL-TRUE-001,WHEEL_ASSEMBLY_TECHNICIAN,2026-07-08,2026-07-08,SHIFT-A,2026-07-08,SHIFT-A,WIN-20260708-SHIFT-A,435.0,435.0,3,1305.0,1305.0,1305.0,M-WHEEL-TRUE-001#03=168.3921,WHEEL_ASSEMBLY_TECHNICIAN#03=168.3921,168.3921,1136.6079,12.9036,12.9036,12.9036,12.9036,12.9036,12.9036,WORKSTATION,266.6079,168.3921,168.3921,0.0,0.0,2.8065,0.0,2.8065,7.25,38.7108,252.5983,FINITE_CAPACITY_FEASIBLE,0.0,0.0,4.4435,35.5477,True,PHASE4_STEP8F_FINITE_CAPACITY_SCHEDULE_ALTERNATIVES,True
PHASE4-MPS-20260721170405,ALT-COMBINED,PSC-SKU-BIKE-MT-001-20260720,MT-OP-030,,WS-WHEEL-SUB,M-WHEEL-TRUE-001,WHEEL_ASSEMBLY_TECHNICIAN,,,,,,,0.0,435.0,3,1305.0,1305.0,1305.0,,,0.0,1305.0,0.0,0.0,0.0,0.0,0.0,0.0,WORKSTATION,0.0,0.0,0.0,0.0,0.0,0.0,0.0,0.0,0.0,0.0,252.5983,FINITE_CAPACITY_BLOCKED,0.0,0.0,0.0,0.0,True,PHASE4_STEP8F_FINITE_CAPACITY_SCHEDULE_ALTERNATIVES,True
PHASE4-MPS-20260721170405,ALT-COMBINED,PSC-SKU-BIKE-MT-001-20260727,MT-OP-030,,WS-WHEEL-SUB,M-WHEEL-TRUE-001,WHEEL_ASSEMBLY_TECHNICIAN,,,,,,,0.0,435.0,3,1305.0,1305.0,1305.0,,,0.0,1305.0,0.0,0.0,0.0,0.0,0.0,0.0,WORKSTATION,0.0,0.0,0.0,0.0,0.0,0.0,0.0,0.0,0.0,0.0,252.5983,FINITE_CAPACITY_BLOCKED,0.0,0.0,0.0,0.0,True,PHASE4_STEP8F_FINITE_CAPACITY_SCHEDULE_ALTERNATIVES,True
PHASE4-MPS-20260721170405,ALT-COMBINED,PSC-SKU-BIKE-MT-001-20260803,MT-OP-030,,WS-WHEEL-SUB,M-WHEEL-TRUE-001,WHEEL_ASSEMBLY_TECHNICIAN,,,,,,,0.0,435.0,3,1305.0,1305.0,1305.0,,,0.0,1305.0,0.0,0.0,0.0,0.0,0.0,0.0,WORKSTATION,0.0,0.0,0.0,0.0,0.0,0.0,0.0,0.0,0.0,0.0,252.5983,FINITE_CAPACITY_BLOCKED,0.0,0.0,0.0,0.0,True,PHASE4_STEP8F_FINITE_CAPACITY_SCHEDULE_ALTERNATIVES,True
PHASE4-MPS-20260721170405,ALT-COMBINED,PSC-SKU-BIKE-MT-001-20260810,MT-OP-030,,WS-WHEEL-SUB,M-WHEEL-TRUE-001,WHEEL_ASSEMBLY_TECHNICIAN,,,,,,,0.0,435.0,3,1305.0,1305.0,1305.0,,,0.0,1305.0,0.0,0.0,0.0,0.0,0.0,0.0,WORKSTATION,0.0,0.0,0.0,0.0,0.0,0.0,0.0,0.0,0.0,0.0,252.5983,FINITE_CAPACITY_BLOCKED,0.0,0.0,0.0,0.0,True,PHASE4_STEP8F_FINITE_CAPACITY_SCHEDULE_ALTERNATIVES,True
PHASE4-MPS-20260721170405,ALT-COMBINED,PSC-SKU-BIKE-MT-001-20260817,MT-OP-030,,WS-WHEEL-SUB,M-WHEEL-TRUE-001,WHEEL_ASSEMBLY_TECHNICIAN,,,,,,,0.0,435.0,3,1305.0,1305.0,1305.0,,,0.0,1305.0,0.0,0.0,0.0,0.0,0.0,0.0,WORKSTATION,0.0,0.0,0.0,0.0,0.0,0.0,0.0,0.0,0.0,0.0,252.5983,FINITE_CAPACITY_BLOCKED,0.0,0.0,0.0,0.0,True,PHASE4_STEP8F_FINITE_CAPACITY_SCHEDULE_ALTERNATIVES,True
PHASE4-MPS-20260721170405,ALT-COMBINED,PSC-SKU-BIKE-MT-001-20260824,MT-OP-030,,WS-WHEEL-SUB,M-WHEEL-TRUE-001,WHEEL_ASSEMBLY_TECHNICIAN,,,,,,,0.0,435.0,3,1305.0,1305.0,1305.0,,,0.0,1305.0,0.0,0.0,0.0,0.0,0.0,0.0,WORKSTATION,0.0,0.0,0.0,0.0,0.0,0.0,0.0,0.0,0.0,0.0,252.5983,FINITE_CAPACITY_BLOCKED,0.0,0.0,0.0,0.0,True,PHASE4_STEP8F_FINITE_CAPACITY_SCHEDULE_ALTERNATIVES,True
PHASE4-MPS-20260721170405,ALT-COMBINED,PSC-SKU-BIKE-MT-001-20260831,MT-OP-030,,WS-WHEEL-SUB,M-WHEEL-TRUE-001,WHEEL_ASSEMBLY_TECHNICIAN,,,,,,,0.0,435.0,3,1305.0,1305.0,1305.0,,,0.0,1305.0,0.0,0.0,0.0,0.0,0.0,0.0,WORKSTATION,0.0,0.0,0.0,0.0,0.0,0.0,0.0,0.0,0.0,0.0,252.5983,FINITE_CAPACITY_BLOCKED,0.0,0.0,0.0,0.0,True,PHASE4_STEP8F_FINITE_CAPACITY_SCHEDULE_ALTERNATIVES,True
PHASE4-MPS-20260721170405,ALT-COMBINED,PSC-SKU-BIKE-MT-001-20260907,MT-OP-030,,WS-WHEEL-SUB,M-WHEEL-TRUE-001,WHEEL_ASSEMBLY_TECHNICIAN,,,,,,,0.0,435.0,3,1305.0,1305.0,1305.0,,,0.0,1305.0,0.0,0.0,0.0,0.0,0.0,0.0,WORKSTATION,0.0,0.0,0.0,0.0,0.0,0.0,0.0,0.0,0.0,0.0,252.5983,FINITE_CAPACITY_BLOCKED,0.0,0.0,0.0,0.0,True,PHASE4_STEP8F_FINITE_CAPACITY_SCHEDULE_ALTERNATIVES,True
PHASE4-MPS-20260721170405,ALT-COMBINED,PSC-SKU-BIKE-MT-001-20260914,MT-OP-030,,WS-WHEEL-SUB,M-WHEEL-TRUE-001,WHEEL_ASSEMBLY_TECHNICIAN,,,,,,,0.0,435.0,3,1305.0,1305.0,1305.0,,,0.0,1305.0,0.0,0.0,0.0,0.0,0.0,0.0,WORKSTATION,0.0,0.0,0.0,0.0,0.0,0.0,0.0,0.0,0.0,0.0,252.5983,FINITE_CAPACITY_BLOCKED,0.0,0.0,0.0,0.0,True,PHASE4_STEP8F_FINITE_CAPACITY_SCHEDULE_ALTERNATIVES,True
PHASE4-MPS-20260721170405,ALT-COMBINED,PSC-SKU-BIKE-MT-001-20260921,MT-OP-030,,WS-WHEEL-SUB,M-WHEEL-TRUE-001,WHEEL_ASSEMBLY_TECHNICIAN,,,,,,,0.0,435.0,3,1305.0,1305.0,1305.0,,,0.0,1305.0,0.0,0.0,0.0,0.0,0.0,0.0,WORKSTATION,0.0,0.0,0.0,0.0,0.0,0.0,0.0,0.0,0.0,0.0,252.5983,FINITE_CAPACITY_BLOCKED,0.0,0.0,0.0,0.0,True,PHASE4_STEP8F_FINITE_CAPACITY_SCHEDULE_ALTERNATIVES,True
PHASE4-MPS-20260721170405,ALT-COMBINED,PSC-SKU-BIKE-MT-001-20260928,MT-OP-030,,WS-WHEEL-SUB,M-WHEEL-TRUE-001,WHEEL_ASSEMBLY_TECHNICIAN,,,,,,,0.0,435.0,3,1305.0,1305.0,1305.0,,,0.0,1305.0,0.0,0.0,0.0,0.0,0.0,0.0,WORKSTATION,0.0,0.0,0.0,0.0,0.0,0.0,0.0,0.0,0.0,0.0,37.1718,FINITE_CAPACITY_BLOCKED,0.0,0.0,0.0,0.0,True,PHASE4_STEP8F_FINITE_CAPACITY_SCHEDULE_ALTERNATIVES,True
PHASE4-MPS-20260721170405,ALT-COMBINED,PSC-SKU-BIKE-MT-001-20260629,MT-OP-060,,WS-QC,M-QC-TOOLS-001,QUALITY_INSPECTOR,,,,,,,0.0,435.0,1,435.0,435.0,435.0,,,0.0,435.0,0.0,0.0,0.0,0.0,0.0,0.0,WORKSTATION,0.0,0.0,0.0,0.0,0.0,0.0,0.0,0.0,0.0,0.0,90.0999,FINITE_CAPACITY_BLOCKED,0.0,0.0,0.0,0.0,True,PHASE4_STEP8F_FINITE_CAPACITY_SCHEDULE_ALTERNATIVES,True
PHASE4-MPS-20260721170405,ALT-COMBINED,PSC-SKU-BIKE-MT-001-20260629,MT-OP-070,SEG-ALT-COMBINED-PSC-SKU-BIKE-MT-001-20260629-MT-OP-070-01,WS-PACK,M-PACK-BENCH-001,PACKAGING_OPERATOR,2026-06-29,2026-06-29,SHIFT-A,2026-06-29,SHIFT-A,WIN-20260629-SHIFT-A,435.0,435.0,1,435.0,435.0,435.0,M-PACK-BENCH-001#01=308.1775,PACKAGING_OPERATOR#01=308.1775,308.1775,126.8225,70.8454,70.8454,70.8454,70.8454,70.8454,70.8454,WORKSTATION,0.0,308.1775,308.1775,126.8225,0.0,5.1363,0.0,5.1363,7.25,70.8454,70.8454,FINITE_CAPACITY_FEASIBLE,0.0,0.0001,0.0,0.0,True,PHASE4_STEP8F_FINITE_CAPACITY_SCHEDULE_ALTERNATIVES,True
PHASE4-MPS-20260721170405,ALT-COMBINED,PSC-SKU-BIKE-MT-001-20260928,MT-OP-070,,WS-PACK,M-PACK-BENCH-001,PACKAGING_OPERATOR,,,,,,,0.0,435.0,1,435.0,435.0,435.0,,,0.0,435.0,0.0,0.0,0.0,0.0,0.0,0.0,WORKSTATION,0.0,0.0,0.0,0.0,0.0,0.0,0.0,0.0,0.0,0.0,18.9323,FINITE_CAPACITY_BLOCKED,0.0,0.0,0.0,0.0,True,PHASE4_STEP8F_FINITE_CAPACITY_SCHEDULE_ALTERNATIVES,True
PHASE4-MPS-20260721170405,ALT-COMBINED,PSC-SKU-BIKE-ROAD-001-20260928,ROAD-OP-050,SEG-ALT-COMBINED-PSC-SKU-BIKE-ROAD-001-20260928-ROAD-OP-050-01;SEG-ALT-COMBINED-PSC-SKU-BIKE-ROAD-001-20260928-ROAD-OP-050-02,WS-QC,M-QC-TOOLS-001,QUALITY_INSPECTOR,2026-06-30,2026-06-30,SHIFT-A,2026-06-30,SHIFT-A,WIN-20260630-SHIFT-A;WIN-20260701-SHIFT-A,870.0,435.0,1,870.0,870.0,870.0,M-QC-TOOLS-001#01=263.682,QUALITY_INSPECTOR#01=263.682,263.682,606.318,30.3083,30.3083,30.3083,30.3083,30.3083,30.3083,WORKSTATION,207.936,263.682,263.682,398.382,0.0,4.3947,0.0,4.3947,14.5,30.3083,30.3083,FINITE_CAPACITY_FEASIBLE,0.0,0.0,10.1053,80.8424,True,PHASE4_STEP8F_FINITE_CAPACITY_SCHEDULE_ALTERNATIVES,True
PHASE4-MPS-20260721170405,ALT-COMBINED,PSC-SKU-BIKE-ROAD-001-20260928,ROAD-OP-060,SEG-ALT-COMBINED-PSC-SKU-BIKE-ROAD-001-20260928-ROAD-OP-060-01;SEG-ALT-COMBINED-PSC-SKU-BIKE-ROAD-001-20260928-ROAD-OP-060-02,WS-PACK,M-PACK-BENCH-001,PACKAGING_OPERATOR,2026-06-29,2026-06-29,SHIFT-A,2026-06-29,SHIFT-A,WIN-20260629-SHIFT-A;WIN-20260630-SHIFT-A,870.0,435.0,1,870.0,870.0,870.0,M-PACK-BENCH-001#01=220.242,PACKAGING_OPERATOR#01=220.242,220.242,649.758,25.3152,25.3152,25.3152,25.3152,25.3152,25.3152,WORKSTATION,308.1775,220.242,220.242,341.5805,0.0,3.5707,0.1,3.6707,14.5,25.3152,25.3152,FINITE_CAPACITY_FEASIBLE,0.0,0.0,10.8293,86.6344,True,PHASE4_STEP8F_FINITE_CAPACITY_SCHEDULE_ALTERNATIVES,True
PHASE4-MPS-20260721170405,ALT-COMBINED,PSC-SKU-BIKE-MT-001-20260928,MT-OP-060,,WS-QC,M-QC-TOOLS-001,QUALITY_INSPECTOR,,,,,,,0.0,435.0,1,435.0,435.0,435.0,,,0.0,435.0,0.0,0.0,0.0,0.0,0.0,0.0,WORKSTATION,0.0,0.0,0.0,0.0,0.0,0.0,0.0,0.0,0.0,0.0,24.1243,FINITE_CAPACITY_BLOCKED,0.0,0.0,0.0,0.0,True,PHASE4_STEP8F_FINITE_CAPACITY_SCHEDULE_ALTERNATIVES,True
PHASE4-MPS-20260721170405,ALT-COMBINED,PSC-SKU-BIKE-ROAD-001-20260629,ROAD-OP-030,SEG-ALT-COMBINED-PSC-SKU-BIKE-ROAD-001-20260629-ROAD-OP-030-01;SEG-ALT-COMBINED-PSC-SKU-BIKE-ROAD-001-20260629-ROAD-OP-030-02;SEG-ALT-COMBINED-PSC-SKU-BIKE-ROAD-001-20260629-ROAD-OP-030-03;SEG-ALT-COMBINED-PSC-SKU-BIKE-ROAD-001-20260629-ROAD-OP-030-04,WS-BRAKE-SUB,M-BRAKE-BENCH-001,BRAKE_ASSEMBLY_TECHNICIAN,2026-07-01,2026-07-01,SHIFT-A,2026-07-01,SHIFT-A,WIN-20260701-SHIFT-A;WIN-20260702-SHIFT-A;WIN-20260703-SHIFT-A;WIN-20260706-SHIFT-A,1740.0,435.0,2,3480.0,3480.0,3480.0,M-BRAKE-BENCH-001#01=1155.108,BRAKE_ASSEMBLY_TECHNICIAN#01=1155.108,1155.108,2324.892,33.1928,33.1928,33.1928,33.1928,33.1928,33.1928,WORKSTATION,401.982,1155.108,1155.108,182.91,0.0,19.2518,0.0,19.2518,29.0,66.3855,102.6778,FINITE_CAPACITY_FEASIBLE,0.0,0.0,0.0,0.0,True,PHASE4_STEP8F_FINITE_CAPACITY_SCHEDULE_ALTERNATIVES,True
PHASE4-MPS-20260721170405,ALT-COMBINED,PSC-SKU-BIKE-ROAD-001-20260629,ROAD-OP-040,SEG-ALT-COMBINED-PSC-SKU-BIKE-ROAD-001-20260629-ROAD-OP-040-01;SEG-ALT-COMBINED-PSC-SKU-BIKE-ROAD-001-20260629-ROAD-OP-040-02;SEG-ALT-COMBINED-PSC-SKU-BIKE-ROAD-001-20260629-ROAD-OP-040-03;SEG-ALT-COMBINED-PSC-SKU-BIKE-ROAD-001-20260629-ROAD-OP-040-04;SEG-ALT-COMBINED-PSC-SKU-BIKE-ROAD-001-20260629-ROAD-OP-040-05;SEG-ALT-COMBINED-PSC-SKU-BIKE-ROAD-001-20260629-ROAD-OP-040-06;SEG-ALT-COMBINED-PSC-SKU-BIKE-ROAD-001-20260629-ROAD-OP-040-07,WS-FINAL-ASM,M-FINAL-STAND-001,FINAL_ASSEMBLY_OPERATOR,2026-07-07,2026-07-07,SHIFT-A,2026-07-07,SHIFT-A,WIN-20260707-SHIFT-A;WIN-20260708-SHIFT-A;WIN-20260709-SHIFT-A;WIN-20260710-SHIFT-A;WIN-20260713-SHIFT-A;WIN-20260714-SHIFT-A;WIN-20260715-SHIFT-A,3045.0,435.0,1,3045.0,3045.0,3045.0,M-FINAL-STAND-001#01=2444.604,FINAL_ASSEMBLY_OPERATOR#01=2444.604,2444.604,600.396,80.2826,80.2826,80.2826,80.2826,80.2826,80.2826,WORKSTATION,239.646,2444.604,2444.604,360.75,0.0,40.7434,0.0,40.7434,50.75,80.2826,218.4047,FINITE_CAPACITY_FEASIBLE,0.0,0.0,0.0,0.0,True,PHASE4_STEP8F_FINITE_CAPACITY_SCHEDULE_ALTERNATIVES,True
PHASE4-MPS-20260721170405,ALT-COMBINED,PSC-SKU-BIKE-ROAD-001-20260629,ROAD-OP-050,SEG-ALT-COMBINED-PSC-SKU-BIKE-ROAD-001-20260629-ROAD-OP-050-01;SEG-ALT-COMBINED-PSC-SKU-BIKE-ROAD-001-20260629-ROAD-OP-050-02,WS-QC,M-QC-TOOLS-001,QUALITY_INSPECTOR,2026-07-15,2026-07-15,SHIFT-A,2026-07-15,SHIFT-A,WIN-20260715-SHIFT-A;WIN-20260716-SHIFT-A,870.0,435.0,1,870.0,870.0,870.0,M-QC-TOOLS-001#01=742.6647,QUALITY_INSPECTOR#01=742.6647,742.6647,127.3353,85.3638,85.3638,85.3638,85.3638,85.3638,85.3638,WORKSTATION,74.25,742.6647,742.6647,53.0853,0.0,12.3777,0.0,12.3777,14.5,85.3638,90.0999,FINITE_CAPACITY_FEASIBLE,0.0,0.0001,0.0,0.0,True,PHASE4_STEP8F_FINITE_CAPACITY_SCHEDULE_ALTERNATIVES,True
PHASE4-MPS-20260721170405,ALT-COMBINED,PSC-SKU-BIKE-ROAD-001-20260629,ROAD-OP-060,SEG-ALT-COMBINED-PSC-SKU-BIKE-ROAD-001-20260629-ROAD-OP-060-01;SEG-ALT-COMBINED-PSC-SKU-BIKE-ROAD-001-20260629-ROAD-OP-060-02;SEG-ALT-COMBINED-PSC-SKU-BIKE-ROAD-001-20260629-ROAD-OP-060-03,WS-PACK,M-PACK-BENCH-001,PACKAGING_OPERATOR,2026-07-16,2026-07-16,SHIFT-A,2026-07-16,SHIFT-A,WIN-20260716-SHIFT-A;WIN-20260717-SHIFT-A;WIN-20260720-SHIFT-A,1305.0,435.0,1,1305.0,1305.0,1305.0,M-PACK-BENCH-001#01=814.608,PACKAGING_OPERATOR#01=814.608,814.608,490.392,62.4221,62.4221,62.4221,62.4221,62.4221,62.4221,WORKSTATION,381.9147,814.608,814.608,108.4773,0.0,13.5768,0.0,13.5768,21.75,62.4221,70.7019,FINITE_CAPACITY_FEASIBLE,0.0,0.0,0.0,0.0,True,PHASE4_STEP8F_FINITE_CAPACITY_SCHEDULE_ALTERNATIVES,True
PHASE4-MPS-20260721170405,ALT-COMBINED,PSC-SKU-BIKE-ROAD-001-20260706,ROAD-OP-030,SEG-ALT-COMBINED-PSC-SKU-BIKE-ROAD-001-20260706-ROAD-OP-030-01;SEG-ALT-COMBINED-PSC-SKU-BIKE-ROAD-001-20260706-ROAD-OP-030-02,WS-BRAKE-SUB,M-BRAKE-BENCH-001,BRAKE_ASSEMBLY_TECHNICIAN,2026-07-07,2026-07-07,SHIFT-A,2026-07-07,SHIFT-A,WIN-20260707-SHIFT-A;WIN-20260708-SHIFT-A,870.0,435.0,2,1740.0,1740.0,1740.0,M-BRAKE-BENCH-001#01=556.1776,BRAKE_ASSEMBLY_TECHNICIAN#01=556.1776,556.1776,1183.8224,31.9642,31.9642,31.9642,31.9642,31.9642,31.9642,WORKSTATION,168.7853,556.1776,556.1776,145.0371,0.0,9.2696,0.0,9.2696,14.5,63.9285,187.4195,FINITE_CAPACITY_FEASIBLE,0.0,0.0,0.0,0.0,True,PHASE4_STEP8F_FINITE_CAPACITY_SCHEDULE_ALTERNATIVES,True
PHASE4-MPS-20260721170405,ALT-COMBINED,PSC-SKU-BIKE-ROAD-001-20260706,ROAD-OP-040,SEG-ALT-COMBINED-PSC-SKU-BIKE-ROAD-001-20260706-ROAD-OP-040-01;SEG-ALT-COMBINED-PSC-SKU-BIKE-ROAD-001-20260706-ROAD-OP-040-02;SEG-ALT-COMBINED-PSC-SKU-BIKE-ROAD-001-20260706-ROAD-OP-040-03;SEG-ALT-COMBINED-PSC-SKU-BIKE-ROAD-001-20260706-ROAD-OP-040-04;SEG-ALT-COMBINED-PSC-SKU-BIKE-ROAD-001-20260706-ROAD-OP-040-05,WS-FINAL-ASM,M-FINAL-STAND-001,FINAL_ASSEMBLY_OPERATOR,2026-07-15,2026-07-15,SHIFT-A,2026-07-15,SHIFT-A,WIN-20260715-SHIFT-A;WIN-20260716-SHIFT-A;WIN-20260717-SHIFT-A;WIN-20260720-SHIFT-A;WIN-20260721-SHIFT-A,2175.0,435.0,1,2175.0,2175.0,2175.0,M-FINAL-STAND-001#01=2082.4846,FINAL_ASSEMBLY_OPERATOR#01=2082.4846,2082.4846,92.5154,95.7464,95.7464,95.7464,95.7464,95.7464,95.7464,WORKSTATION,74.25,2082.4846,2082.4846,18.2654,0.0,34.7081,0.0,34.7081,36.25,95.7464,398.7676,FINITE_CAPACITY_FEASIBLE,0.0,0.0,0.0,0.0,True,PHASE4_STEP8F_FINITE_CAPACITY_SCHEDULE_ALTERNATIVES,True
PHASE4-MPS-20260721170405,ALT-COMBINED,PSC-SKU-BIKE-ROAD-001-20260706,ROAD-OP-050,SEG-ALT-COMBINED-PSC-SKU-BIKE-ROAD-001-20260706-ROAD-OP-050-01;SEG-ALT-COMBINED-PSC-SKU-BIKE-ROAD-001-20260706-ROAD-OP-050-02;SEG-ALT-COMBINED-PSC-SKU-BIKE-ROAD-001-20260706-ROAD-OP-050-03;SEG-ALT-COMBINED-PSC-SKU-BIKE-ROAD-001-20260706-ROAD-OP-050-04,WS-QC,M-QC-TOOLS-001,QUALITY_INSPECTOR,2026-07-21,2026-07-21,SHIFT-A,2026-07-21,SHIFT-A,WIN-20260721-SHIFT-A;WIN-20260722-SHIFT-A;WIN-20260723-SHIFT-A;WIN-20260724-SHIFT-A,1740.0,435.0,1,1740.0,1740.0,1740.0,M-QC-TOOLS-001#01=1002.5897,QUALITY_INSPECTOR#01=1002.5897,1002.5897,737.4103,57.6201,57.6201,57.6201,57.6201,57.6201,57.6201,WORKSTATION,416.7346,1002.5897,1002.5897,320.6757,0.0,16.7098,0.0,16.7098,29.0,57.6201,164.6642,FINITE_CAPACITY_FEASIBLE,0.0,0.0001,0.0,0.0,True,PHASE4_STEP8F_FINITE_CAPACITY_SCHEDULE_ALTERNATIVES,True
PHASE4-MPS-20260721170405,ALT-COMBINED,PSC-SKU-BIKE-ROAD-001-20260706,ROAD-OP-060,SEG-ALT-COMBINED-PSC-SKU-BIKE-ROAD-001-20260706-ROAD-OP-060-01;SEG-ALT-COMBINED-PSC-SKU-BIKE-ROAD-001-20260706-ROAD-OP-060-02;SEG-ALT-COMBINED-PSC-SKU-BIKE-ROAD-001-20260706-ROAD-OP-060-03,WS-PACK,M-PACK-BENCH-001,PACKAGING_OPERATOR,2026-07-24,2026-07-24,SHIFT-A,2026-07-24,SHIFT-A,WIN-20260724-SHIFT-A;WIN-20260727-SHIFT-A;WIN-20260728-SHIFT-A,1305.0,435.0,1,1305.0,1305.0,1305.0,M-PACK-BENCH-001#01=905.1322,PACKAGING_OPERATOR#01=905.1322,905.1322,399.8678,69.3588,69.3588,69.3588,69.3588,69.3588,69.3588,WORKSTATION,114.3243,905.1322,905.1322,285.5435,0.0,15.0855,0.0,15.0855,21.75,69.3588,129.2125,FINITE_CAPACITY_FEASIBLE,0.0,0.0,0.0,0.0,True,PHASE4_STEP8F_FINITE_CAPACITY_SCHEDULE_ALTERNATIVES,True
PHASE4-MPS-20260721170405,ALT-COMBINED,PSC-SKU-BIKE-ROAD-001-20260713,ROAD-OP-030,,WS-BRAKE-SUB,M-BRAKE-BENCH-001,BRAKE_ASSEMBLY_TECHNICIAN,,,,,,,0.0,435.0,2,870.0,870.0,870.0,,,0.0,870.0,0.0,0.0,0.0,0.0,0.0,0.0,WORKSTATION,0.0,0.0,0.0,0.0,0.0,0.0,0.0,0.0,0.0,0.0,187.8149,FINITE_CAPACITY_BLOCKED,0.0,0.0,0.0,0.0,True,PHASE4_STEP8F_FINITE_CAPACITY_SCHEDULE_ALTERNATIVES,True
PHASE4-MPS-20260721170405,ALT-COMBINED,PSC-SKU-BIKE-ROAD-001-20260713,ROAD-OP-040,SEG-ALT-COMBINED-PSC-SKU-BIKE-ROAD-001-20260713-ROAD-OP-040-01;SEG-ALT-COMBINED-PSC-SKU-BIKE-ROAD-001-20260713-ROAD-OP-040-02,WS-FINAL-ASM,M-FINAL-STAND-001,FINAL_ASSEMBLY_OPERATOR,2026-07-21,2026-07-21,SHIFT-A,2026-07-21,SHIFT-A,WIN-20260721-SHIFT-A;WIN-20260722-SHIFT-A,870.0,435.0,1,870.0,870.0,870.0,M-FINAL-STAND-001#01=171.9388,FINAL_ASSEMBLY_OPERATOR#01=171.9388,171.9388,698.0612,19.7631,19.7631,19.7631,19.7631,19.7631,19.7631,WORKSTATION,416.7346,171.9388,171.9388,281.3266,0.0,2.8656,0.0,2.8656,14.5,19.7631,399.6048,FINITE_CAPACITY_FEASIBLE,0.0,0.0001,11.6344,93.0748,True,PHASE4_STEP8F_FINITE_CAPACITY_SCHEDULE_ALTERNATIVES,True
PHASE4-MPS-20260721170405,ALT-COMBINED,PSC-SKU-BIKE-ROAD-001-20260713,ROAD-OP-050,SEG-ALT-COMBINED-PSC-SKU-BIKE-ROAD-001-20260713-ROAD-OP-050-01,WS-QC,M-QC-TOOLS-001,QUALITY_INSPECTOR,2026-07-24,2026-07-24,SHIFT-A,2026-07-24,SHIFT-A,WIN-20260724-SHIFT-A,435.0,435.0,1,435.0,435.0,435.0,M-QC-TOOLS-001#01=181.9248,QUALITY_INSPECTOR#01=181.9248,181.9248,253.0752,41.8218,41.8218,41.8218,41.8218,41.8218,41.8218,WORKSTATION,114.3243,181.9248,181.9248,138.7509,0.0,3.0321,0.0,3.0321,7.25,41.8218,165.008,FINITE_CAPACITY_FEASIBLE,0.0,0.0,4.2179,33.7434,True,PHASE4_STEP8F_FINITE_CAPACITY_SCHEDULE_ALTERNATIVES,True
PHASE4-MPS-20260721170405,ALT-COMBINED,PSC-SKU-BIKE-ROAD-001-20260713,ROAD-OP-060,SEG-ALT-COMBINED-PSC-SKU-BIKE-ROAD-001-20260713-ROAD-OP-060-01,WS-PACK,M-PACK-BENCH-001,PACKAGING_OPERATOR,2026-07-28,2026-07-28,SHIFT-A,2026-07-28,SHIFT-A,WIN-20260728-SHIFT-A,435.0,435.0,1,435.0,435.0,435.0,M-PACK-BENCH-001#01=147.8155,PACKAGING_OPERATOR#01=147.8155,147.8155,287.1845,33.9806,33.9806,33.9806,33.9806,33.9806,33.9806,WORKSTATION,149.4565,147.8155,147.8155,137.728,0.0,2.4636,0.0,2.4636,7.25,33.9806,129.4918,FINITE_CAPACITY_FEASIBLE,0.0,0.0,4.7864,38.2913,True,PHASE4_STEP8F_FINITE_CAPACITY_SCHEDULE_ALTERNATIVES,True
PHASE4-MPS-20260721170405,ALT-COMBINED,PSC-SKU-BIKE-ROAD-001-20260720,ROAD-OP-030,,WS-BRAKE-SUB,M-BRAKE-BENCH-001,BRAKE_ASSEMBLY_TECHNICIAN,,,,,,,0.0,435.0,2,870.0,870.0,870.0,,,0.0,870.0,0.0,0.0,0.0,0.0,0.0,0.0,WORKSTATION,0.0,0.0,0.0,0.0,0.0,0.0,0.0,0.0,0.0,0.0,187.8149,FINITE_CAPACITY_BLOCKED,0.0,0.0,0.0,0.0,True,PHASE4_STEP8F_FINITE_CAPACITY_SCHEDULE_ALTERNATIVES,True
PHASE4-MPS-20260721170405,ALT-COMBINED,PSC-SKU-BIKE-ROAD-001-20260720,ROAD-OP-040,,WS-FINAL-ASM,M-FINAL-STAND-001,FINAL_ASSEMBLY_OPERATOR,,,,,,,0.0,435.0,1,435.0,435.0,435.0,,,0.0,435.0,0.0,0.0,0.0,0.0,0.0,0.0,WORKSTATION,0.0,0.0,0.0,0.0,0.0,0.0,0.0,0.0,0.0,0.0,399.6048,FINITE_CAPACITY_BLOCKED,0.0,0.0,0.0,0.0,True,PHASE4_STEP8F_FINITE_CAPACITY_SCHEDULE_ALTERNATIVES,True
PHASE4-MPS-20260721170405,ALT-COMBINED,PSC-SKU-BIKE-ROAD-001-20260720,ROAD-OP-050,,WS-QC,M-QC-TOOLS-001,QUALITY_INSPECTOR,,,,,,,0.0,435.0,1,435.0,435.0,435.0,,,0.0,435.0,0.0,0.0,0.0,0.0,0.0,0.0,WORKSTATION,0.0,0.0,0.0,0.0,0.0,0.0,0.0,0.0,0.0,0.0,165.008,FINITE_CAPACITY_BLOCKED,0.0,0.0,0.0,0.0,True,PHASE4_STEP8F_FINITE_CAPACITY_SCHEDULE_ALTERNATIVES,True
PHASE4-MPS-20260721170405,ALT-COMBINED,PSC-SKU-BIKE-ROAD-001-20260720,ROAD-OP-060,,WS-PACK,M-PACK-BENCH-001,PACKAGING_OPERATOR,,,,,,,0.0,435.0,1,435.0,435.0,435.0,,,0.0,435.0,0.0,0.0,0.0,0.0,0.0,0.0,WORKSTATION,0.0,0.0,0.0,0.0,0.0,0.0,0.0,0.0,0.0,0.0,129.4918,FINITE_CAPACITY_BLOCKED,0.0,0.0,0.0,0.0,True,PHASE4_STEP8F_FINITE_CAPACITY_SCHEDULE_ALTERNATIVES,True
PHASE4-MPS-20260721170405,ALT-COMBINED,PSC-SKU-BIKE-ROAD-001-20260727,ROAD-OP-030,,WS-BRAKE-SUB,M-BRAKE-BENCH-001,BRAKE_ASSEMBLY_TECHNICIAN,,,,,,,0.0,435.0,2,870.0,870.0,870.0,,,0.0,870.0,0.0,0.0,0.0,0.0,0.0,0.0,WORKSTATION,0.0,0.0,0.0,0.0,0.0,0.0,0.0,0.0,0.0,0.0,187.8149,FINITE_CAPACITY_BLOCKED,0.0,0.0,0.0,0.0,True,PHASE4_STEP8F_FINITE_CAPACITY_SCHEDULE_ALTERNATIVES,True
PHASE4-MPS-20260721170405,ALT-COMBINED,PSC-SKU-BIKE-ROAD-001-20260727,ROAD-OP-040,,WS-FINAL-ASM,M-FINAL-STAND-001,FINAL_ASSEMBLY_OPERATOR,,,,,,,0.0,435.0,1,435.0,435.0,435.0,,,0.0,435.0,0.0,0.0,0.0,0.0,0.0,0.0,WORKSTATION,0.0,0.0,0.0,0.0,0.0,0.0,0.0,0.0,0.0,0.0,399.6048,FINITE_CAPACITY_BLOCKED,0.0,0.0,0.0,0.0,True,PHASE4_STEP8F_FINITE_CAPACITY_SCHEDULE_ALTERNATIVES,True
PHASE4-MPS-20260721170405,ALT-COMBINED,PSC-SKU-BIKE-ROAD-001-20260727,ROAD-OP-050,,WS-QC,M-QC-TOOLS-001,QUALITY_INSPECTOR,,,,,,,0.0,435.0,1,435.0,435.0,435.0,,,0.0,435.0,0.0,0.0,0.0,0.0,0.0,0.0,WORKSTATION,0.0,0.0,0.0,0.0,0.0,0.0,0.0,0.0,0.0,0.0,165.008,FINITE_CAPACITY_BLOCKED,0.0,0.0,0.0,0.0,True,PHASE4_STEP8F_FINITE_CAPACITY_SCHEDULE_ALTERNATIVES,True
PHASE4-MPS-20260721170405,ALT-COMBINED,PSC-SKU-BIKE-ROAD-001-20260727,ROAD-OP-060,,WS-PACK,M-PACK-BENCH-001,PACKAGING_OPERATOR,,,,,,,0.0,435.0,1,435.0,435.0,435.0,,,0.0,435.0,0.0,0.0,0.0,0.0,0.0,0.0,WORKSTATION,0.0,0.0,0.0,0.0,0.0,0.0,0.0,0.0,0.0,0.0,129.4918,FINITE_CAPACITY_BLOCKED,0.0,0.0,0.0,0.0,True,PHASE4_STEP8F_FINITE_CAPACITY_SCHEDULE_ALTERNATIVES,True
PHASE4-MPS-20260721170405,ALT-COMBINED,PSC-SKU-BIKE-ROAD-001-20260803,ROAD-OP-030,,WS-BRAKE-SUB,M-BRAKE-BENCH-001,BRAKE_ASSEMBLY_TECHNICIAN,,,,,,,0.0,435.0,2,870.0,870.0,870.0,,,0.0,870.0,0.0,0.0,0.0,0.0,0.0,0.0,WORKSTATION,0.0,0.0,0.0,0.0,0.0,0.0,0.0,0.0,0.0,0.0,187.8149,FINITE_CAPACITY_BLOCKED,0.0,0.0,0.0,0.0,True,PHASE4_STEP8F_FINITE_CAPACITY_SCHEDULE_ALTERNATIVES,True
PHASE4-MPS-20260721170405,ALT-COMBINED,PSC-SKU-BIKE-ROAD-001-20260803,ROAD-OP-040,,WS-FINAL-ASM,M-FINAL-STAND-001,FINAL_ASSEMBLY_OPERATOR,,,,,,,0.0,435.0,1,435.0,435.0,435.0,,,0.0,435.0,0.0,0.0,0.0,0.0,0.0,0.0,WORKSTATION,0.0,0.0,0.0,0.0,0.0,0.0,0.0,0.0,0.0,0.0,399.6048,FINITE_CAPACITY_BLOCKED,0.0,0.0,0.0,0.0,True,PHASE4_STEP8F_FINITE_CAPACITY_SCHEDULE_ALTERNATIVES,True
PHASE4-MPS-20260721170405,ALT-COMBINED,PSC-SKU-BIKE-ROAD-001-20260803,ROAD-OP-050,,WS-QC,M-QC-TOOLS-001,QUALITY_INSPECTOR,,,,,,,0.0,435.0,1,435.0,435.0,435.0,,,0.0,435.0,0.0,0.0,0.0,0.0,0.0,0.0,WORKSTATION,0.0,0.0,0.0,0.0,0.0,0.0,0.0,0.0,0.0,0.0,165.008,FINITE_CAPACITY_BLOCKED,0.0,0.0,0.0,0.0,True,PHASE4_STEP8F_FINITE_CAPACITY_SCHEDULE_ALTERNATIVES,True
PHASE4-MPS-20260721170405,ALT-COMBINED,PSC-SKU-BIKE-ROAD-001-20260803,ROAD-OP-060,,WS-PACK,M-PACK-BENCH-001,PACKAGING_OPERATOR,,,,,,,0.0,435.0,1,435.0,435.0,435.0,,,0.0,435.0,0.0,0.0,0.0,0.0,0.0,0.0,WORKSTATION,0.0,0.0,0.0,0.0,0.0,0.0,0.0,0.0,0.0,0.0,129.4918,FINITE_CAPACITY_BLOCKED,0.0,0.0,0.0,0.0,True,PHASE4_STEP8F_FINITE_CAPACITY_SCHEDULE_ALTERNATIVES,True
PHASE4-MPS-20260721170405,ALT-COMBINED,PSC-SKU-BIKE-ROAD-001-20260810,ROAD-OP-030,,WS-BRAKE-SUB,M-BRAKE-BENCH-001,BRAKE_ASSEMBLY_TECHNICIAN,,,,,,,0.0,435.0,2,870.0,870.0,870.0,,,0.0,870.0,0.0,0.0,0.0,0.0,0.0,0.0,WORKSTATION,0.0,0.0,0.0,0.0,0.0,0.0,0.0,0.0,0.0,0.0,187.8149,FINITE_CAPACITY_BLOCKED,0.0,0.0,0.0,0.0,True,PHASE4_STEP8F_FINITE_CAPACITY_SCHEDULE_ALTERNATIVES,True
PHASE4-MPS-20260721170405,ALT-COMBINED,PSC-SKU-BIKE-ROAD-001-20260810,ROAD-OP-040,,WS-FINAL-ASM,M-FINAL-STAND-001,FINAL_ASSEMBLY_OPERATOR,,,,,,,0.0,435.0,1,435.0,435.0,435.0,,,0.0,435.0,0.0,0.0,0.0,0.0,0.0,0.0,WORKSTATION,0.0,0.0,0.0,0.0,0.0,0.0,0.0,0.0,0.0,0.0,399.6048,FINITE_CAPACITY_BLOCKED,0.0,0.0,0.0,0.0,True,PHASE4_STEP8F_FINITE_CAPACITY_SCHEDULE_ALTERNATIVES,True
PHASE4-MPS-20260721170405,ALT-COMBINED,PSC-SKU-BIKE-ROAD-001-20260810,ROAD-OP-050,,WS-QC,M-QC-TOOLS-001,QUALITY_INSPECTOR,,,,,,,0.0,435.0,1,435.0,435.0,435.0,,,0.0,435.0,0.0,0.0,0.0,0.0,0.0,0.0,WORKSTATION,0.0,0.0,0.0,0.0,0.0,0.0,0.0,0.0,0.0,0.0,165.008,FINITE_CAPACITY_BLOCKED,0.0,0.0,0.0,0.0,True,PHASE4_STEP8F_FINITE_CAPACITY_SCHEDULE_ALTERNATIVES,True
PHASE4-MPS-20260721170405,ALT-COMBINED,PSC-SKU-BIKE-ROAD-001-20260810,ROAD-OP-060,,WS-PACK,M-PACK-BENCH-001,PACKAGING_OPERATOR,,,,,,,0.0,435.0,1,435.0,435.0,435.0,,,0.0,435.0,0.0,0.0,0.0,0.0,0.0,0.0,WORKSTATION,0.0,0.0,0.0,0.0,0.0,0.0,0.0,0.0,0.0,0.0,129.4918,FINITE_CAPACITY_BLOCKED,0.0,0.0,0.0,0.0,True,PHASE4_STEP8F_FINITE_CAPACITY_SCHEDULE_ALTERNATIVES,True
PHASE4-MPS-20260721170405,ALT-COMBINED,PSC-SKU-BIKE-ROAD-001-20260817,ROAD-OP-030,,WS-BRAKE-SUB,M-BRAKE-BENCH-001,BRAKE_ASSEMBLY_TECHNICIAN,,,,,,,0.0,435.0,2,870.0,870.0,870.0,,,0.0,870.0,0.0,0.0,0.0,0.0,0.0,0.0,WORKSTATION,0.0,0.0,0.0,0.0,0.0,0.0,0.0,0.0,0.0,0.0,187.8149,FINITE_CAPACITY_BLOCKED,0.0,0.0,0.0,0.0,True,PHASE4_STEP8F_FINITE_CAPACITY_SCHEDULE_ALTERNATIVES,True
PHASE4-MPS-20260721170405,ALT-COMBINED,PSC-SKU-BIKE-ROAD-001-20260817,ROAD-OP-040,,WS-FINAL-ASM,M-FINAL-STAND-001,FINAL_ASSEMBLY_OPERATOR,,,,,,,0.0,435.0,1,435.0,435.0,435.0,,,0.0,435.0,0.0,0.0,0.0,0.0,0.0,0.0,WORKSTATION,0.0,0.0,0.0,0.0,0.0,0.0,0.0,0.0,0.0,0.0,399.6048,FINITE_CAPACITY_BLOCKED,0.0,0.0,0.0,0.0,True,PHASE4_STEP8F_FINITE_CAPACITY_SCHEDULE_ALTERNATIVES,True
PHASE4-MPS-20260721170405,ALT-COMBINED,PSC-SKU-BIKE-ROAD-001-20260817,ROAD-OP-050,,WS-QC,M-QC-TOOLS-001,QUALITY_INSPECTOR,,,,,,,0.0,435.0,1,435.0,435.0,435.0,,,0.0,435.0,0.0,0.0,0.0,0.0,0.0,0.0,WORKSTATION,0.0,0.0,0.0,0.0,0.0,0.0,0.0,0.0,0.0,0.0,165.008,FINITE_CAPACITY_BLOCKED,0.0,0.0,0.0,0.0,True,PHASE4_STEP8F_FINITE_CAPACITY_SCHEDULE_ALTERNATIVES,True
PHASE4-MPS-20260721170405,ALT-COMBINED,PSC-SKU-BIKE-ROAD-001-20260817,ROAD-OP-060,,WS-PACK,M-PACK-BENCH-001,PACKAGING_OPERATOR,,,,,,,0.0,435.0,1,435.0,435.0,435.0,,,0.0,435.0,0.0,0.0,0.0,0.0,0.0,0.0,WORKSTATION,0.0,0.0,0.0,0.0,0.0,0.0,0.0,0.0,0.0,0.0,129.4918,FINITE_CAPACITY_BLOCKED,0.0,0.0,0.0,0.0,True,PHASE4_STEP8F_FINITE_CAPACITY_SCHEDULE_ALTERNATIVES,True
PHASE4-MPS-20260721170405,ALT-COMBINED,PSC-SKU-BIKE-ROAD-001-20260824,ROAD-OP-030,,WS-BRAKE-SUB,M-BRAKE-BENCH-001,BRAKE_ASSEMBLY_TECHNICIAN,,,,,,,0.0,435.0,2,870.0,870.0,870.0,,,0.0,870.0,0.0,0.0,0.0,0.0,0.0,0.0,WORKSTATION,0.0,0.0,0.0,0.0,0.0,0.0,0.0,0.0,0.0,0.0,187.8149,FINITE_CAPACITY_BLOCKED,0.0,0.0,0.0,0.0,True,PHASE4_STEP8F_FINITE_CAPACITY_SCHEDULE_ALTERNATIVES,True
PHASE4-MPS-20260721170405,ALT-COMBINED,PSC-SKU-BIKE-ROAD-001-20260824,ROAD-OP-040,,WS-FINAL-ASM,M-FINAL-STAND-001,FINAL_ASSEMBLY_OPERATOR,,,,,,,0.0,435.0,1,435.0,435.0,435.0,,,0.0,435.0,0.0,0.0,0.0,0.0,0.0,0.0,WORKSTATION,0.0,0.0,0.0,0.0,0.0,0.0,0.0,0.0,0.0,0.0,399.6048,FINITE_CAPACITY_BLOCKED,0.0,0.0,0.0,0.0,True,PHASE4_STEP8F_FINITE_CAPACITY_SCHEDULE_ALTERNATIVES,True
PHASE4-MPS-20260721170405,ALT-COMBINED,PSC-SKU-BIKE-ROAD-001-20260824,ROAD-OP-050,,WS-QC,M-QC-TOOLS-001,QUALITY_INSPECTOR,,,,,,,0.0,435.0,1,435.0,435.0,435.0,,,0.0,435.0,0.0,0.0,0.0,0.0,0.0,0.0,WORKSTATION,0.0,0.0,0.0,0.0,0.0,0.0,0.0,0.0,0.0,0.0,165.008,FINITE_CAPACITY_BLOCKED,0.0,0.0,0.0,0.0,True,PHASE4_STEP8F_FINITE_CAPACITY_SCHEDULE_ALTERNATIVES,True
PHASE4-MPS-20260721170405,ALT-COMBINED,PSC-SKU-BIKE-ROAD-001-20260824,ROAD-OP-060,,WS-PACK,M-PACK-BENCH-001,PACKAGING_OPERATOR,,,,,,,0.0,435.0,1,435.0,435.0,435.0,,,0.0,435.0,0.0,0.0,0.0,0.0,0.0,0.0,WORKSTATION,0.0,0.0,0.0,0.0,0.0,0.0,0.0,0.0,0.0,0.0,129.4918,FINITE_CAPACITY_BLOCKED,0.0,0.0,0.0,0.0,True,PHASE4_STEP8F_FINITE_CAPACITY_SCHEDULE_ALTERNATIVES,True
PHASE4-MPS-20260721170405,ALT-COMBINED,PSC-SKU-BIKE-ROAD-001-20260831,ROAD-OP-030,,WS-BRAKE-SUB,M-BRAKE-BENCH-001,BRAKE_ASSEMBLY_TECHNICIAN,,,,,,,0.0,435.0,2,870.0,870.0,870.0,,,0.0,870.0,0.0,0.0,0.0,0.0,0.0,0.0,WORKSTATION,0.0,0.0,0.0,0.0,0.0,0.0,0.0,0.0,0.0,0.0,187.8149,FINITE_CAPACITY_BLOCKED,0.0,0.0,0.0,0.0,True,PHASE4_STEP8F_FINITE_CAPACITY_SCHEDULE_ALTERNATIVES,True
PHASE4-MPS-20260721170405,ALT-COMBINED,PSC-SKU-BIKE-ROAD-001-20260831,ROAD-OP-040,,WS-FINAL-ASM,M-FINAL-STAND-001,FINAL_ASSEMBLY_OPERATOR,,,,,,,0.0,435.0,1,435.0,435.0,435.0,,,0.0,435.0,0.0,0.0,0.0,0.0,0.0,0.0,WORKSTATION,0.0,0.0,0.0,0.0,0.0,0.0,0.0,0.0,0.0,0.0,399.6048,FINITE_CAPACITY_BLOCKED,0.0,0.0,0.0,0.0,True,PHASE4_STEP8F_FINITE_CAPACITY_SCHEDULE_ALTERNATIVES,True
PHASE4-MPS-20260721170405,ALT-COMBINED,PSC-SKU-BIKE-ROAD-001-20260831,ROAD-OP-050,,WS-QC,M-QC-TOOLS-001,QUALITY_INSPECTOR,,,,,,,0.0,435.0,1,435.0,435.0,435.0,,,0.0,435.0,0.0,0.0,0.0,0.0,0.0,0.0,WORKSTATION,0.0,0.0,0.0,0.0,0.0,0.0,0.0,0.0,0.0,0.0,165.008,FINITE_CAPACITY_BLOCKED,0.0,0.0,0.0,0.0,True,PHASE4_STEP8F_FINITE_CAPACITY_SCHEDULE_ALTERNATIVES,True
PHASE4-MPS-20260721170405,ALT-COMBINED,PSC-SKU-BIKE-ROAD-001-20260831,ROAD-OP-060,,WS-PACK,M-PACK-BENCH-001,PACKAGING_OPERATOR,,,,,,,0.0,435.0,1,435.0,435.0,435.0,,,0.0,435.0,0.0,0.0,0.0,0.0,0.0,0.0,WORKSTATION,0.0,0.0,0.0,0.0,0.0,0.0,0.0,0.0,0.0,0.0,129.4918,FINITE_CAPACITY_BLOCKED,0.0,0.0,0.0,0.0,True,PHASE4_STEP8F_FINITE_CAPACITY_SCHEDULE_ALTERNATIVES,True
PHASE4-MPS-20260721170405,ALT-COMBINED,PSC-SKU-BIKE-ROAD-001-20260907,ROAD-OP-030,,WS-BRAKE-SUB,M-BRAKE-BENCH-001,BRAKE_ASSEMBLY_TECHNICIAN,,,,,,,0.0,435.0,2,870.0,870.0,870.0,,,0.0,870.0,0.0,0.0,0.0,0.0,0.0,0.0,WORKSTATION,0.0,0.0,0.0,0.0,0.0,0.0,0.0,0.0,0.0,0.0,187.8149,FINITE_CAPACITY_BLOCKED,0.0,0.0,0.0,0.0,True,PHASE4_STEP8F_FINITE_CAPACITY_SCHEDULE_ALTERNATIVES,True
PHASE4-MPS-20260721170405,ALT-COMBINED,PSC-SKU-BIKE-ROAD-001-20260907,ROAD-OP-040,,WS-FINAL-ASM,M-FINAL-STAND-001,FINAL_ASSEMBLY_OPERATOR,,,,,,,0.0,435.0,1,435.0,435.0,435.0,,,0.0,435.0,0.0,0.0,0.0,0.0,0.0,0.0,WORKSTATION,0.0,0.0,0.0,0.0,0.0,0.0,0.0,0.0,0.0,0.0,399.6048,FINITE_CAPACITY_BLOCKED,0.0,0.0,0.0,0.0,True,PHASE4_STEP8F_FINITE_CAPACITY_SCHEDULE_ALTERNATIVES,True
PHASE4-MPS-20260721170405,ALT-COMBINED,PSC-SKU-BIKE-ROAD-001-20260907,ROAD-OP-050,,WS-QC,M-QC-TOOLS-001,QUALITY_INSPECTOR,,,,,,,0.0,435.0,1,435.0,435.0,435.0,,,0.0,435.0,0.0,0.0,0.0,0.0,0.0,0.0,WORKSTATION,0.0,0.0,0.0,0.0,0.0,0.0,0.0,0.0,0.0,0.0,165.008,FINITE_CAPACITY_BLOCKED,0.0,0.0,0.0,0.0,True,PHASE4_STEP8F_FINITE_CAPACITY_SCHEDULE_ALTERNATIVES,True
PHASE4-MPS-20260721170405,ALT-COMBINED,PSC-SKU-BIKE-ROAD-001-20260907,ROAD-OP-060,,WS-PACK,M-PACK-BENCH-001,PACKAGING_OPERATOR,,,,,,,0.0,435.0,1,435.0,435.0,435.0,,,0.0,435.0,0.0,0.0,0.0,0.0,0.0,0.0,WORKSTATION,0.0,0.0,0.0,0.0,0.0,0.0,0.0,0.0,0.0,0.0,129.4918,FINITE_CAPACITY_BLOCKED,0.0,0.0,0.0,0.0,True,PHASE4_STEP8F_FINITE_CAPACITY_SCHEDULE_ALTERNATIVES,True
PHASE4-MPS-20260721170405,ALT-COMBINED,PSC-SKU-BIKE-ROAD-001-20260914,ROAD-OP-030,,WS-BRAKE-SUB,M-BRAKE-BENCH-001,BRAKE_ASSEMBLY_TECHNICIAN,,,,,,,0.0,435.0,2,870.0,870.0,870.0,,,0.0,870.0,0.0,0.0,0.0,0.0,0.0,0.0,WORKSTATION,0.0,0.0,0.0,0.0,0.0,0.0,0.0,0.0,0.0,0.0,187.8149,FINITE_CAPACITY_BLOCKED,0.0,0.0,0.0,0.0,True,PHASE4_STEP8F_FINITE_CAPACITY_SCHEDULE_ALTERNATIVES,True
PHASE4-MPS-20260721170405,ALT-COMBINED,PSC-SKU-BIKE-ROAD-001-20260914,ROAD-OP-040,,WS-FINAL-ASM,M-FINAL-STAND-001,FINAL_ASSEMBLY_OPERATOR,,,,,,,0.0,435.0,1,435.0,435.0,435.0,,,0.0,435.0,0.0,0.0,0.0,0.0,0.0,0.0,WORKSTATION,0.0,0.0,0.0,0.0,0.0,0.0,0.0,0.0,0.0,0.0,399.6048,FINITE_CAPACITY_BLOCKED,0.0,0.0,0.0,0.0,True,PHASE4_STEP8F_FINITE_CAPACITY_SCHEDULE_ALTERNATIVES,True
PHASE4-MPS-20260721170405,ALT-COMBINED,PSC-SKU-BIKE-ROAD-001-20260914,ROAD-OP-050,,WS-QC,M-QC-TOOLS-001,QUALITY_INSPECTOR,,,,,,,0.0,435.0,1,435.0,435.0,435.0,,,0.0,435.0,0.0,0.0,0.0,0.0,0.0,0.0,WORKSTATION,0.0,0.0,0.0,0.0,0.0,0.0,0.0,0.0,0.0,0.0,165.008,FINITE_CAPACITY_BLOCKED,0.0,0.0,0.0,0.0,True,PHASE4_STEP8F_FINITE_CAPACITY_SCHEDULE_ALTERNATIVES,True
PHASE4-MPS-20260721170405,ALT-COMBINED,PSC-SKU-BIKE-ROAD-001-20260914,ROAD-OP-060,,WS-PACK,M-PACK-BENCH-001,PACKAGING_OPERATOR,,,,,,,0.0,435.0,1,435.0,435.0,435.0,,,0.0,435.0,0.0,0.0,0.0,0.0,0.0,0.0,WORKSTATION,0.0,0.0,0.0,0.0,0.0,0.0,0.0,0.0,0.0,0.0,129.4918,FINITE_CAPACITY_BLOCKED,0.0,0.0,0.0,0.0,True,PHASE4_STEP8F_FINITE_CAPACITY_SCHEDULE_ALTERNATIVES,True
PHASE4-MPS-20260721170405,ALT-COMBINED,PSC-SKU-BIKE-ROAD-001-20260921,ROAD-OP-030,,WS-BRAKE-SUB,M-BRAKE-BENCH-001,BRAKE_ASSEMBLY_TECHNICIAN,,,,,,,0.0,435.0,2,870.0,870.0,870.0,,,0.0,870.0,0.0,0.0,0.0,0.0,0.0,0.0,WORKSTATION,0.0,0.0,0.0,0.0,0.0,0.0,0.0,0.0,0.0,0.0,187.8149,FINITE_CAPACITY_BLOCKED,0.0,0.0,0.0,0.0,True,PHASE4_STEP8F_FINITE_CAPACITY_SCHEDULE_ALTERNATIVES,True
PHASE4-MPS-20260721170405,ALT-COMBINED,PSC-SKU-BIKE-ROAD-001-20260921,ROAD-OP-040,,WS-FINAL-ASM,M-FINAL-STAND-001,FINAL_ASSEMBLY_OPERATOR,,,,,,,0.0,435.0,1,435.0,435.0,435.0,,,0.0,435.0,0.0,0.0,0.0,0.0,0.0,0.0,WORKSTATION,0.0,0.0,0.0,0.0,0.0,0.0,0.0,0.0,0.0,0.0,399.6048,FINITE_CAPACITY_BLOCKED,0.0,0.0,0.0,0.0,True,PHASE4_STEP8F_FINITE_CAPACITY_SCHEDULE_ALTERNATIVES,True
PHASE4-MPS-20260721170405,ALT-COMBINED,PSC-SKU-BIKE-ROAD-001-20260921,ROAD-OP-050,,WS-QC,M-QC-TOOLS-001,QUALITY_INSPECTOR,,,,,,,0.0,435.0,1,435.0,435.0,435.0,,,0.0,435.0,0.0,0.0,0.0,0.0,0.0,0.0,WORKSTATION,0.0,0.0,0.0,0.0,0.0,0.0,0.0,0.0,0.0,0.0,165.008,FINITE_CAPACITY_BLOCKED,0.0,0.0,0.0,0.0,True,PHASE4_STEP8F_FINITE_CAPACITY_SCHEDULE_ALTERNATIVES,True
PHASE4-MPS-20260721170405,ALT-COMBINED,PSC-SKU-BIKE-ROAD-001-20260921,ROAD-OP-060,,WS-PACK,M-PACK-BENCH-001,PACKAGING_OPERATOR,,,,,,,0.0,435.0,1,435.0,435.0,435.0,,,0.0,435.0,0.0,0.0,0.0,0.0,0.0,0.0,WORKSTATION,0.0,0.0,0.0,0.0,0.0,0.0,0.0,0.0,0.0,0.0,129.4918,FINITE_CAPACITY_BLOCKED,0.0,0.0,0.0,0.0,True,PHASE4_STEP8F_FINITE_CAPACITY_SCHEDULE_ALTERNATIVES,True
PHASE4-MPS-20260721170405,ALT-COMBINED,PSC-SKU-BIKE-ROAD-001-20260928,ROAD-OP-030,,WS-BRAKE-SUB,M-BRAKE-BENCH-001,BRAKE_ASSEMBLY_TECHNICIAN,,,,,,,0.0,435.0,2,870.0,870.0,870.0,,,0.0,870.0,0.0,0.0,0.0,0.0,0.0,0.0,WORKSTATION,0.0,0.0,0.0,0.0,0.0,0.0,0.0,0.0,0.0,0.0,27.6977,FINITE_CAPACITY_BLOCKED,0.0,0.0,0.0,0.0,True,PHASE4_STEP8F_FINITE_CAPACITY_SCHEDULE_ALTERNATIVES,True
PHASE4-MPS-20260721170405,ALT-COMBINED,PSC-SKU-BIKE-MT-001-20260629,MT-OP-040,SEG-ALT-COMBINED-PSC-SKU-BIKE-MT-001-20260629-MT-OP-040-01;SEG-ALT-COMBINED-PSC-SKU-BIKE-MT-001-20260629-MT-OP-040-02;SEG-ALT-COMBINED-PSC-SKU-BIKE-MT-001-20260629-MT-OP-040-03;SEG-ALT-COMBINED-PSC-SKU-BIKE-MT-001-20260629-MT-OP-040-04,WS-BRAKE-SUB,M-BRAKE-BENCH-001,BRAKE_ASSEMBLY_TECHNICIAN,2026-07-01,2026-07-01,SHIFT-A,2026-07-01,SHIFT-A,WIN-20260701-SHIFT-A;WIN-20260702-SHIFT-A;WIN-20260703-SHIFT-A;WIN-20260706-SHIFT-A,1740.0,435.0,2,3480.0,3480.0,3480.0,M-BRAKE-BENCH-001#02=1081.356,BRAKE_ASSEMBLY_TECHNICIAN#02=1081.356,1081.356,2398.644,31.0734,31.0734,31.0734,31.0734,31.0734,31.0734,WORKSTATION,530.034,1081.356,1081.356,128.61,0.0,17.8226,0.2,18.0226,29.0,62.1469,102.6778,FINITE_CAPACITY_FEASIBLE,0.0,0.0,0.0,0.0,True,PHASE4_STEP8F_FINITE_CAPACITY_SCHEDULE_ALTERNATIVES,True
PHASE4-MPS-20260721170405,ALT-COMBINED,PSC-SKU-BIKE-MT-001-20260706,MT-OP-040,SEG-ALT-COMBINED-PSC-SKU-BIKE-MT-001-20260706-MT-OP-040-01;SEG-ALT-COMBINED-PSC-SKU-BIKE-MT-001-20260706-MT-OP-040-02;SEG-ALT-COMBINED-PSC-SKU-BIKE-MT-001-20260706-MT-OP-040-03,WS-BRAKE-SUB,M-BRAKE-BENCH-001,BRAKE_ASSEMBLY_TECHNICIAN,2026-07-08,2026-07-08,SHIFT-A,2026-07-08,SHIFT-A,WIN-20260708-SHIFT-A;WIN-20260709-SHIFT-A;WIN-20260710-SHIFT-A,1305.0,435.0,2,2610.0,2610.0,2610.0,M-BRAKE-BENCH-001#02=968.4081,BRAKE_ASSEMBLY_TECHNICIAN#02=968.4081,968.4081,1641.5919,37.1038,37.1038,37.1038,37.1038,37.1038,37.1038,WORKSTATION,169.579,968.4081,968.4081,167.013,0.0,16.1401,0.0,16.1401,21.75,74.2075,187.4195,FINITE_CAPACITY_FEASIBLE,0.0,0.0,0.0,0.0,True,PHASE4_STEP8F_FINITE_CAPACITY_SCHEDULE_ALTERNATIVES,True
PHASE4-MPS-20260721170405,ALT-COMBINED,PSC-SKU-BIKE-MT-001-20260713,MT-OP-040,,WS-BRAKE-SUB,M-BRAKE-BENCH-001,BRAKE_ASSEMBLY_TECHNICIAN,,,,,,,0.0,435.0,2,870.0,870.0,870.0,,,0.0,870.0,0.0,0.0,0.0,0.0,0.0,0.0,WORKSTATION,0.0,0.0,0.0,0.0,0.0,0.0,0.0,0.0,0.0,0.0,187.8149,FINITE_CAPACITY_BLOCKED,0.0,0.0,0.0,0.0,True,PHASE4_STEP8F_FINITE_CAPACITY_SCHEDULE_ALTERNATIVES,True
PHASE4-MPS-20260721170405,ALT-COMBINED,PSC-SKU-BIKE-MT-001-20260720,MT-OP-040,,WS-BRAKE-SUB,M-BRAKE-BENCH-001,BRAKE_ASSEMBLY_TECHNICIAN,,,,,,,0.0,435.0,2,870.0,870.0,870.0,,,0.0,870.0,0.0,0.0,0.0,0.0,0.0,0.0,WORKSTATION,0.0,0.0,0.0,0.0,0.0,0.0,0.0,0.0,0.0,0.0,187.8149,FINITE_CAPACITY_BLOCKED,0.0,0.0,0.0,0.0,True,PHASE4_STEP8F_FINITE_CAPACITY_SCHEDULE_ALTERNATIVES,True
PHASE4-MPS-20260721170405,ALT-COMBINED,PSC-SKU-BIKE-MT-001-20260727,MT-OP-040,,WS-BRAKE-SUB,M-BRAKE-BENCH-001,BRAKE_ASSEMBLY_TECHNICIAN,,,,,,,0.0,435.0,2,870.0,870.0,870.0,,,0.0,870.0,0.0,0.0,0.0,0.0,0.0,0.0,WORKSTATION,0.0,0.0,0.0,0.0,0.0,0.0,0.0,0.0,0.0,0.0,187.8149,FINITE_CAPACITY_BLOCKED,0.0,0.0,0.0,0.0,True,PHASE4_STEP8F_FINITE_CAPACITY_SCHEDULE_ALTERNATIVES,True
PHASE4-MPS-20260721170405,ALT-COMBINED,PSC-SKU-BIKE-MT-001-20260803,MT-OP-040,,WS-BRAKE-SUB,M-BRAKE-BENCH-001,BRAKE_ASSEMBLY_TECHNICIAN,,,,,,,0.0,435.0,2,870.0,870.0,870.0,,,0.0,870.0,0.0,0.0,0.0,0.0,0.0,0.0,WORKSTATION,0.0,0.0,0.0,0.0,0.0,0.0,0.0,0.0,0.0,0.0,187.8149,FINITE_CAPACITY_BLOCKED,0.0,0.0,0.0,0.0,True,PHASE4_STEP8F_FINITE_CAPACITY_SCHEDULE_ALTERNATIVES,True
PHASE4-MPS-20260721170405,ALT-COMBINED,PSC-SKU-BIKE-MT-001-20260810,MT-OP-040,,WS-BRAKE-SUB,M-BRAKE-BENCH-001,BRAKE_ASSEMBLY_TECHNICIAN,,,,,,,0.0,435.0,2,870.0,870.0,870.0,,,0.0,870.0,0.0,0.0,0.0,0.0,0.0,0.0,WORKSTATION,0.0,0.0,0.0,0.0,0.0,0.0,0.0,0.0,0.0,0.0,187.8149,FINITE_CAPACITY_BLOCKED,0.0,0.0,0.0,0.0,True,PHASE4_STEP8F_FINITE_CAPACITY_SCHEDULE_ALTERNATIVES,True
PHASE4-MPS-20260721170405,ALT-COMBINED,PSC-SKU-BIKE-MT-001-20260817,MT-OP-040,,WS-BRAKE-SUB,M-BRAKE-BENCH-001,BRAKE_ASSEMBLY_TECHNICIAN,,,,,,,0.0,435.0,2,870.0,870.0,870.0,,,0.0,870.0,0.0,0.0,0.0,0.0,0.0,0.0,WORKSTATION,0.0,0.0,0.0,0.0,0.0,0.0,0.0,0.0,0.0,0.0,187.8149,FINITE_CAPACITY_BLOCKED,0.0,0.0,0.0,0.0,True,PHASE4_STEP8F_FINITE_CAPACITY_SCHEDULE_ALTERNATIVES,True
PHASE4-MPS-20260721170405,ALT-COMBINED,PSC-SKU-BIKE-MT-001-20260824,MT-OP-040,,WS-BRAKE-SUB,M-BRAKE-BENCH-001,BRAKE_ASSEMBLY_TECHNICIAN,,,,,,,0.0,435.0,2,870.0,870.0,870.0,,,0.0,870.0,0.0,0.0,0.0,0.0,0.0,0.0,WORKSTATION,0.0,0.0,0.0,0.0,0.0,0.0,0.0,0.0,0.0,0.0,187.8149,FINITE_CAPACITY_BLOCKED,0.0,0.0,0.0,0.0,True,PHASE4_STEP8F_FINITE_CAPACITY_SCHEDULE_ALTERNATIVES,True
PHASE4-MPS-20260721170405,ALT-COMBINED,PSC-SKU-BIKE-MT-001-20260831,MT-OP-040,,WS-BRAKE-SUB,M-BRAKE-BENCH-001,BRAKE_ASSEMBLY_TECHNICIAN,,,,,,,0.0,435.0,2,870.0,870.0,870.0,,,0.0,870.0,0.0,0.0,0.0,0.0,0.0,0.0,WORKSTATION,0.0,0.0,0.0,0.0,0.0,0.0,0.0,0.0,0.0,0.0,187.8149,FINITE_CAPACITY_BLOCKED,0.0,0.0,0.0,0.0,True,PHASE4_STEP8F_FINITE_CAPACITY_SCHEDULE_ALTERNATIVES,True
PHASE4-MPS-20260721170405,ALT-COMBINED,PSC-SKU-BIKE-MT-001-20260907,MT-OP-040,,WS-BRAKE-SUB,M-BRAKE-BENCH-001,BRAKE_ASSEMBLY_TECHNICIAN,,,,,,,0.0,435.0,2,870.0,870.0,870.0,,,0.0,870.0,0.0,0.0,0.0,0.0,0.0,0.0,WORKSTATION,0.0,0.0,0.0,0.0,0.0,0.0,0.0,0.0,0.0,0.0,187.8149,FINITE_CAPACITY_BLOCKED,0.0,0.0,0.0,0.0,True,PHASE4_STEP8F_FINITE_CAPACITY_SCHEDULE_ALTERNATIVES,True
PHASE4-MPS-20260721170405,ALT-COMBINED,PSC-SKU-BIKE-MT-001-20260914,MT-OP-040,,WS-BRAKE-SUB,M-BRAKE-BENCH-001,BRAKE_ASSEMBLY_TECHNICIAN,,,,,,,0.0,435.0,2,870.0,870.0,870.0,,,0.0,870.0,0.0,0.0,0.0,0.0,0.0,0.0,WORKSTATION,0.0,0.0,0.0,0.0,0.0,0.0,0.0,0.0,0.0,0.0,187.8149,FINITE_CAPACITY_BLOCKED,0.0,0.0,0.0,0.0,True,PHASE4_STEP8F_FINITE_CAPACITY_SCHEDULE_ALTERNATIVES,True
PHASE4-MPS-20260721170405,ALT-COMBINED,PSC-SKU-BIKE-MT-001-20260921,MT-OP-040,,WS-BRAKE-SUB,M-BRAKE-BENCH-001,BRAKE_ASSEMBLY_TECHNICIAN,,,,,,,0.0,435.0,2,870.0,870.0,870.0,,,0.0,870.0,0.0,0.0,0.0,0.0,0.0,0.0,WORKSTATION,0.0,0.0,0.0,0.0,0.0,0.0,0.0,0.0,0.0,0.0,187.8149,FINITE_CAPACITY_BLOCKED,0.0,0.0,0.0,0.0,True,PHASE4_STEP8F_FINITE_CAPACITY_SCHEDULE_ALTERNATIVES,True
PHASE4-MPS-20260721170405,ALT-COMBINED,PSC-SKU-BIKE-MT-001-20260928,MT-OP-040,,WS-BRAKE-SUB,M-BRAKE-BENCH-001,BRAKE_ASSEMBLY_TECHNICIAN,,,,,,,0.0,435.0,2,870.0,870.0,870.0,,,0.0,870.0,0.0,0.0,0.0,0.0,0.0,0.0,WORKSTATION,0.0,0.0,0.0,0.0,0.0,0.0,0.0,0.0,0.0,0.0,27.6977,FINITE_CAPACITY_BLOCKED,0.0,0.0,0.0,0.0,True,PHASE4_STEP8F_FINITE_CAPACITY_SCHEDULE_ALTERNATIVES,True
PHASE4-MPS-20260721170405,ALT-COMBINED,PSC-SKU-BIKE-MT-001-20260629,MT-OP-020,SEG-ALT-COMBINED-PSC-SKU-BIKE-MT-001-20260629-MT-OP-020-01;SEG-ALT-COMBINED-PSC-SKU-BIKE-MT-001-20260629-MT-OP-020-02;SEG-ALT-COMBINED-PSC-SKU-BIKE-MT-001-20260629-MT-OP-020-03;SEG-ALT-COMBINED-PSC-SKU-BIKE-MT-001-20260629-MT-OP-020-04,WS-FORK-SUSP,M-FORK-BENCH-001,SUSPENSION_TECHNICIAN,2026-07-01,2026-07-01,SHIFT-A,2026-07-01,SHIFT-A,WIN-20260701-SHIFT-A;WIN-20260702-SHIFT-A;WIN-20260703-SHIFT-A;WIN-20260706-SHIFT-A,1740.0,435.0,2,3480.0,3480.0,3480.0,M-FORK-BENCH-001#01=1408.098,SUSPENSION_TECHNICIAN#01=1408.098,1408.098,2071.902,40.4626,40.4626,40.4626,40.4626,40.4626,40.4626,WORKSTATION,277.944,1408.098,1408.098,53.958,0.0,23.4683,0.0,23.4683,29.0,80.9252,80.9252,FINITE_CAPACITY_FEASIBLE,0.0,0.0,0.0,0.0,True,PHASE4_STEP8F_FINITE_CAPACITY_SCHEDULE_ALTERNATIVES,True
PHASE4-MPS-20260721170405,ALT-COMBINED,PSC-SKU-BIKE-MT-001-20260706,MT-OP-020,SEG-ALT-COMBINED-PSC-SKU-BIKE-MT-001-20260706-MT-OP-020-01;SEG-ALT-COMBINED-PSC-SKU-BIKE-MT-001-20260706-MT-OP-020-02;SEG-ALT-COMBINED-PSC-SKU-BIKE-MT-001-20260706-MT-OP-020-03;SEG-ALT-COMBINED-PSC-SKU-BIKE-MT-001-20260706-MT-OP-020-04,WS-FORK-SUSP,M-FORK-BENCH-001,SUSPENSION_TECHNICIAN,2026-07-08,2026-07-08,SHIFT-A,2026-07-08,SHIFT-A,WIN-20260708-SHIFT-A;WIN-20260709-SHIFT-A;WIN-20260710-SHIFT-A;WIN-20260713-SHIFT-A,1740.0,435.0,2,3480.0,3480.0,3480.0,M-FORK-BENCH-001#01=1275.1724,SUSPENSION_TECHNICIAN#01=1275.1724,1275.1724,2204.8276,36.6429,36.6429,36.6429,36.6429,36.6429,36.6429,WORKSTATION,169.579,1275.1724,1275.1724,295.2486,0.0,21.2529,0.0,21.2529,29.0,73.2858,118.6224,FINITE_CAPACITY_FEASIBLE,0.0,0.0,0.0,0.0,True,PHASE4_STEP8F_FINITE_CAPACITY_SCHEDULE_ALTERNATIVES,True
PHASE4-MPS-20260721170405,ALT-COMBINED,PSC-SKU-BIKE-MT-001-20260706,MT-OP-050,SEG-ALT-COMBINED-PSC-SKU-BIKE-MT-001-20260706-MT-OP-050-01;SEG-ALT-COMBINED-PSC-SKU-BIKE-MT-001-20260706-MT-OP-050-02;SEG-ALT-COMBINED-PSC-SKU-BIKE-MT-001-20260706-MT-OP-050-03;SEG-ALT-COMBINED-PSC-SKU-BIKE-MT-001-20260706-MT-OP-050-04;SEG-ALT-COMBINED-PSC-SKU-BIKE-MT-001-20260706-MT-OP-050-05;SEG-ALT-COMBINED-PSC-SKU-BIKE-MT-001-20260706-MT-OP-050-06;SEG-ALT-COMBINED-PSC-SKU-BIKE-MT-001-20260706-MT-OP-050-07;SEG-ALT-COMBINED-PSC-SKU-BIKE-MT-001-20260706-MT-OP-050-08,WS-FINAL-ASM,M-FINAL-STAND-001,FINAL_ASSEMBLY_OPERATOR,2026-07-22,2026-07-22,SHIFT-A,2026-07-22,SHIFT-A,WIN-20260722-SHIFT-A;WIN-20260723-SHIFT-A;WIN-20260724-SHIFT-A;WIN-20260727-SHIFT-A;WIN-20260728-SHIFT-A;WIN-20260729-SHIFT-A;WIN-20260730-SHIFT-A;WIN-20260731-SHIFT-A,3480.0,435.0,1,3480.0,3480.0,3480.0,M-FINAL-STAND-001#01=3294.2413,FINAL_ASSEMBLY_OPERATOR#01=3294.2413,3294.2413,185.7587,94.6621,94.6621,94.6621,94.6621,94.6621,94.6621,WORKSTATION,153.6734,3294.2413,3294.2413,32.0853,0.0,54.504,0.4,54.904,58.0,94.6621,398.7676,FINITE_CAPACITY_FEASIBLE,0.0,0.0,0.0,0.0,True,PHASE4_STEP8F_FINITE_CAPACITY_SCHEDULE_ALTERNATIVES,True
PHASE4-MPS-20260721170405,ALT-COMBINED,PSC-SKU-BIKE-MT-001-20260706,MT-OP-060,SEG-ALT-COMBINED-PSC-SKU-BIKE-MT-001-20260706-MT-OP-060-01;SEG-ALT-COMBINED-PSC-SKU-BIKE-MT-001-20260706-MT-OP-060-02;SEG-ALT-COMBINED-PSC-SKU-BIKE-MT-001-20260706-MT-OP-060-03;SEG-ALT-COMBINED-PSC-SKU-BIKE-MT-001-20260706-MT-OP-060-04;SEG-ALT-COMBINED-PSC-SKU-BIKE-MT-001-20260706-MT-OP-060-05,WS-QC,M-QC-TOOLS-001,QUALITY_INSPECTOR,2026-07-31,2026-07-31,SHIFT-A,2026-07-31,SHIFT-A,WIN-20260731-SHIFT-A;WIN-20260803-SHIFT-A;WIN-20260804-SHIFT-A;WIN-20260805-SHIFT-A;WIN-20260806-SHIFT-A,2175.0,435.0,1,2175.0,2175.0,2175.0,M-QC-TOOLS-001#01=1367.8829,QUALITY_INSPECTOR#01=1367.8829,1367.8829,807.1171,62.8912,62.8912,62.8912,62.8912,62.8912,62.8912,WORKSTATION,402.9147,1367.8829,1367.8829,404.2025,0.0,22.6647,0.1333,22.798,36.25,62.8912,164.6642,FINITE_CAPACITY_FEASIBLE,0.0,0.0001,0.0,0.0,True,PHASE4_STEP8F_FINITE_CAPACITY_SCHEDULE_ALTERNATIVES,True
PHASE4-MPS-20260721170405,ALT-COMBINED,PSC-SKU-BIKE-MT-001-20260706,MT-OP-070,SEG-ALT-COMBINED-PSC-SKU-BIKE-MT-001-20260706-MT-OP-070-01;SEG-ALT-COMBINED-PSC-SKU-BIKE-MT-001-20260706-MT-OP-070-02;SEG-ALT-COMBINED-PSC-SKU-BIKE-MT-001-20260706-MT-OP-070-03,WS-PACK,M-PACK-BENCH-001,PACKAGING_OPERATOR,2026-08-06,2026-08-06,SHIFT-A,2026-08-06,SHIFT-A,WIN-20260806-SHIFT-A;WIN-20260807-SHIFT-A;WIN-20260810-SHIFT-A,1305.0,435.0,1,1305.0,1305.0,1305.0,M-PACK-BENCH-001#01=1033.2619,PACKAGING_OPERATOR#01=1033.2619,1033.2619,271.7381,79.1772,79.1772,79.1772,79.1772,79.1772,79.1772,WORKSTATION,30.7975,1033.2619,1033.2619,240.9406,0.0,17.121,0.1,17.221,21.75,79.1772,129.2125,FINITE_CAPACITY_FEASIBLE,0.0,0.0,0.0,0.0,True,PHASE4_STEP8F_FINITE_CAPACITY_SCHEDULE_ALTERNATIVES,True
PHASE4-MPS-20260721170405,ALT-COMBINED,PSC-SKU-BIKE-MT-001-20260713,MT-OP-020,,WS-FORK-SUSP,M-FORK-BENCH-001,SUSPENSION_TECHNICIAN,,,,,,,0.0,435.0,2,870.0,870.0,870.0,,,0.0,870.0,0.0,0.0,0.0,0.0,0.0,0.0,WORKSTATION,0.0,0.0,0.0,0.0,0.0,0.0,0.0,0.0,0.0,0.0,118.6224,FINITE_CAPACITY_BLOCKED,0.0,0.0,0.0,0.0,True,PHASE4_STEP8F_FINITE_CAPACITY_SCHEDULE_ALTERNATIVES,True
PHASE4-MPS-20260721170405,ALT-COMBINED,PSC-SKU-BIKE-MT-001-20260713,MT-OP-050,SEG-ALT-COMBINED-PSC-SKU-BIKE-MT-001-20260713-MT-OP-050-01;SEG-ALT-COMBINED-PSC-SKU-BIKE-MT-001-20260713-MT-OP-050-02;SEG-ALT-COMBINED-PSC-SKU-BIKE-MT-001-20260713-MT-OP-050-03;SEG-ALT-COMBINED-PSC-SKU-BIKE-MT-001-20260713-MT-OP-050-04,WS-FINAL-ASM,M-FINAL-STAND-001,FINAL_ASSEMBLY_OPERATOR,2026-07-31,2026-07-31,SHIFT-A,2026-07-31,SHIFT-A,WIN-20260731-SHIFT-A;WIN-20260803-SHIFT-A;WIN-20260804-SHIFT-A;WIN-20260805-SHIFT-A,1740.0,435.0,1,1740.0,1740.0,1740.0,M-FINAL-STAND-001#01=1090.0804,FINAL_ASSEMBLY_OPERATOR#01=1090.0804,1090.0804,649.9196,62.6483,62.6483,62.6483,62.6483,62.6483,62.6483,WORKSTATION,402.9147,1090.0804,1090.0804,247.0049,0.0,18.168,0.0,18.168,29.0,62.6483,399.6048,FINITE_CAPACITY_FEASIBLE,0.0,0.0,0.0,0.0,True,PHASE4_STEP8F_FINITE_CAPACITY_SCHEDULE_ALTERNATIVES,True
PHASE4-MPS-20260721170405,ALT-COMBINED,PSC-SKU-BIKE-MT-001-20260713,MT-OP-060,SEG-ALT-COMBINED-PSC-SKU-BIKE-MT-001-20260713-MT-OP-060-01;SEG-ALT-COMBINED-PSC-SKU-BIKE-MT-001-20260713-MT-OP-060-02,WS-QC,M-QC-TOOLS-001,QUALITY_INSPECTOR,2026-08-06,2026-08-06,SHIFT-A,2026-08-06,SHIFT-A,WIN-20260806-SHIFT-A;WIN-20260807-SHIFT-A,870.0,435.0,1,870.0,870.0,870.0,M-QC-TOOLS-001#01=453.2943,QUALITY_INSPECTOR#01=453.2943,453.2943,416.7057,52.1028,52.1028,52.1028,52.1028,52.1028,52.1028,WORKSTATION,30.7975,453.2943,453.2943,385.9082,0.0,7.5549,0.0,7.5549,14.5,52.1028,165.008,FINITE_CAPACITY_FEASIBLE,0.0,0.0,0.0,0.0,True,PHASE4_STEP8F_FINITE_CAPACITY_SCHEDULE_ALTERNATIVES,True
PHASE4-MPS-20260721170405,ALT-COMBINED,PSC-SKU-BIKE-MT-001-20260713,MT-OP-070,SEG-ALT-COMBINED-PSC-SKU-BIKE-MT-001-20260713-MT-OP-070-01;SEG-ALT-COMBINED-PSC-SKU-BIKE-MT-001-20260713-MT-OP-070-02,WS-PACK,M-PACK-BENCH-001,PACKAGING_OPERATOR,2026-08-10,2026-08-10,SHIFT-A,2026-08-10,SHIFT-A,WIN-20260810-SHIFT-A;WIN-20260811-SHIFT-A,870.0,435.0,1,870.0,870.0,870.0,M-PACK-BENCH-001#01=342.4206,PACKAGING_OPERATOR#01=342.4206,342.4206,527.5794,39.3587,39.3587,39.3587,39.3587,39.3587,39.3587,WORKSTATION,194.0594,342.4206,342.4206,333.5199,0.0,5.707,0.0,5.707,14.5,39.3587,129.4918,FINITE_CAPACITY_FEASIBLE,0.0,0.0,8.793,70.3439,True,PHASE4_STEP8F_FINITE_CAPACITY_SCHEDULE_ALTERNATIVES,True
PHASE4-MPS-20260721170405,ALT-COMBINED,PSC-SKU-BIKE-MT-001-20260720,MT-OP-020,,WS-FORK-SUSP,M-FORK-BENCH-001,SUSPENSION_TECHNICIAN,,,,,,,0.0,435.0,2,870.0,870.0,870.0,,,0.0,870.0,0.0,0.0,0.0,0.0,0.0,0.0,WORKSTATION,0.0,0.0,0.0,0.0,0.0,0.0,0.0,0.0,0.0,0.0,118.6224,FINITE_CAPACITY_BLOCKED,0.0,0.0,0.0,0.0,True,PHASE4_STEP8F_FINITE_CAPACITY_SCHEDULE_ALTERNATIVES,True
PHASE4-MPS-20260721170405,ALT-COMBINED,PSC-SKU-BIKE-MT-001-20260720,MT-OP-050,,WS-FINAL-ASM,M-FINAL-STAND-001,FINAL_ASSEMBLY_OPERATOR,,,,,,,0.0,435.0,1,435.0,435.0,435.0,,,0.0,435.0,0.0,0.0,0.0,0.0,0.0,0.0,WORKSTATION,0.0,0.0,0.0,0.0,0.0,0.0,0.0,0.0,0.0,0.0,399.6048,FINITE_CAPACITY_BLOCKED,0.0,0.0,0.0,0.0,True,PHASE4_STEP8F_FINITE_CAPACITY_SCHEDULE_ALTERNATIVES,True
PHASE4-MPS-20260721170405,ALT-COMBINED,PSC-SKU-BIKE-MT-001-20260720,MT-OP-060,,WS-QC,M-QC-TOOLS-001,QUALITY_INSPECTOR,,,,,,,0.0,435.0,1,435.0,435.0,435.0,,,0.0,435.0,0.0,0.0,0.0,0.0,0.0,0.0,WORKSTATION,0.0,0.0,0.0,0.0,0.0,0.0,0.0,0.0,0.0,0.0,165.008,FINITE_CAPACITY_BLOCKED,0.0,0.0,0.0,0.0,True,PHASE4_STEP8F_FINITE_CAPACITY_SCHEDULE_ALTERNATIVES,True
PHASE4-MPS-20260721170405,ALT-COMBINED,PSC-SKU-BIKE-MT-001-20260720,MT-OP-070,,WS-PACK,M-PACK-BENCH-001,PACKAGING_OPERATOR,,,,,,,0.0,435.0,1,435.0,435.0,435.0,,,0.0,435.0,0.0,0.0,0.0,0.0,0.0,0.0,WORKSTATION,0.0,0.0,0.0,0.0,0.0,0.0,0.0,0.0,0.0,0.0,129.4918,FINITE_CAPACITY_BLOCKED,0.0,0.0,0.0,0.0,True,PHASE4_STEP8F_FINITE_CAPACITY_SCHEDULE_ALTERNATIVES,True
PHASE4-MPS-20260721170405,ALT-COMBINED,PSC-SKU-BIKE-MT-001-20260727,MT-OP-020,,WS-FORK-SUSP,M-FORK-BENCH-001,SUSPENSION_TECHNICIAN,,,,,,,0.0,435.0,2,870.0,870.0,870.0,,,0.0,870.0,0.0,0.0,0.0,0.0,0.0,0.0,WORKSTATION,0.0,0.0,0.0,0.0,0.0,0.0,0.0,0.0,0.0,0.0,118.6224,FINITE_CAPACITY_BLOCKED,0.0,0.0,0.0,0.0,True,PHASE4_STEP8F_FINITE_CAPACITY_SCHEDULE_ALTERNATIVES,True
PHASE4-MPS-20260721170405,ALT-COMBINED,PSC-SKU-BIKE-MT-001-20260727,MT-OP-050,,WS-FINAL-ASM,M-FINAL-STAND-001,FINAL_ASSEMBLY_OPERATOR,,,,,,,0.0,435.0,1,435.0,435.0,435.0,,,0.0,435.0,0.0,0.0,0.0,0.0,0.0,0.0,WORKSTATION,0.0,0.0,0.0,0.0,0.0,0.0,0.0,0.0,0.0,0.0,399.6048,FINITE_CAPACITY_BLOCKED,0.0,0.0,0.0,0.0,True,PHASE4_STEP8F_FINITE_CAPACITY_SCHEDULE_ALTERNATIVES,True
PHASE4-MPS-20260721170405,ALT-COMBINED,PSC-SKU-BIKE-MT-001-20260727,MT-OP-060,,WS-QC,M-QC-TOOLS-001,QUALITY_INSPECTOR,,,,,,,0.0,435.0,1,435.0,435.0,435.0,,,0.0,435.0,0.0,0.0,0.0,0.0,0.0,0.0,WORKSTATION,0.0,0.0,0.0,0.0,0.0,0.0,0.0,0.0,0.0,0.0,165.008,FINITE_CAPACITY_BLOCKED,0.0,0.0,0.0,0.0,True,PHASE4_STEP8F_FINITE_CAPACITY_SCHEDULE_ALTERNATIVES,True
PHASE4-MPS-20260721170405,ALT-COMBINED,PSC-SKU-BIKE-MT-001-20260727,MT-OP-070,,WS-PACK,M-PACK-BENCH-001,PACKAGING_OPERATOR,,,,,,,0.0,435.0,1,435.0,435.0,435.0,,,0.0,435.0,0.0,0.0,0.0,0.0,0.0,0.0,WORKSTATION,0.0,0.0,0.0,0.0,0.0,0.0,0.0,0.0,0.0,0.0,129.4918,FINITE_CAPACITY_BLOCKED,0.0,0.0,0.0,0.0,True,PHASE4_STEP8F_FINITE_CAPACITY_SCHEDULE_ALTERNATIVES,True
PHASE4-MPS-20260721170405,ALT-COMBINED,PSC-SKU-BIKE-MT-001-20260803,MT-OP-020,,WS-FORK-SUSP,M-FORK-BENCH-001,SUSPENSION_TECHNICIAN,,,,,,,0.0,435.0,2,870.0,870.0,870.0,,,0.0,870.0,0.0,0.0,0.0,0.0,0.0,0.0,WORKSTATION,0.0,0.0,0.0,0.0,0.0,0.0,0.0,0.0,0.0,0.0,118.6224,FINITE_CAPACITY_BLOCKED,0.0,0.0,0.0,0.0,True,PHASE4_STEP8F_FINITE_CAPACITY_SCHEDULE_ALTERNATIVES,True
PHASE4-MPS-20260721170405,ALT-COMBINED,PSC-SKU-BIKE-MT-001-20260803,MT-OP-050,,WS-FINAL-ASM,M-FINAL-STAND-001,FINAL_ASSEMBLY_OPERATOR,,,,,,,0.0,435.0,1,435.0,435.0,435.0,,,0.0,435.0,0.0,0.0,0.0,0.0,0.0,0.0,WORKSTATION,0.0,0.0,0.0,0.0,0.0,0.0,0.0,0.0,0.0,0.0,399.6048,FINITE_CAPACITY_BLOCKED,0.0,0.0,0.0,0.0,True,PHASE4_STEP8F_FINITE_CAPACITY_SCHEDULE_ALTERNATIVES,True
PHASE4-MPS-20260721170405,ALT-COMBINED,PSC-SKU-BIKE-MT-001-20260803,MT-OP-060,,WS-QC,M-QC-TOOLS-001,QUALITY_INSPECTOR,,,,,,,0.0,435.0,1,435.0,435.0,435.0,,,0.0,435.0,0.0,0.0,0.0,0.0,0.0,0.0,WORKSTATION,0.0,0.0,0.0,0.0,0.0,0.0,0.0,0.0,0.0,0.0,165.008,FINITE_CAPACITY_BLOCKED,0.0,0.0,0.0,0.0,True,PHASE4_STEP8F_FINITE_CAPACITY_SCHEDULE_ALTERNATIVES,True
PHASE4-MPS-20260721170405,ALT-COMBINED,PSC-SKU-BIKE-MT-001-20260803,MT-OP-070,,WS-PACK,M-PACK-BENCH-001,PACKAGING_OPERATOR,,,,,,,0.0,435.0,1,435.0,435.0,435.0,,,0.0,435.0,0.0,0.0,0.0,0.0,0.0,0.0,WORKSTATION,0.0,0.0,0.0,0.0,0.0,0.0,0.0,0.0,0.0,0.0,129.4918,FINITE_CAPACITY_BLOCKED,0.0,0.0,0.0,0.0,True,PHASE4_STEP8F_FINITE_CAPACITY_SCHEDULE_ALTERNATIVES,True
PHASE4-MPS-20260721170405,ALT-COMBINED,PSC-SKU-BIKE-MT-001-20260810,MT-OP-020,,WS-FORK-SUSP,M-FORK-BENCH-001,SUSPENSION_TECHNICIAN,,,,,,,0.0,435.0,2,870.0,870.0,870.0,,,0.0,870.0,0.0,0.0,0.0,0.0,0.0,0.0,WORKSTATION,0.0,0.0,0.0,0.0,0.0,0.0,0.0,0.0,0.0,0.0,118.6224,FINITE_CAPACITY_BLOCKED,0.0,0.0,0.0,0.0,True,PHASE4_STEP8F_FINITE_CAPACITY_SCHEDULE_ALTERNATIVES,True
PHASE4-MPS-20260721170405,ALT-COMBINED,PSC-SKU-BIKE-MT-001-20260810,MT-OP-050,,WS-FINAL-ASM,M-FINAL-STAND-001,FINAL_ASSEMBLY_OPERATOR,,,,,,,0.0,435.0,1,435.0,435.0,435.0,,,0.0,435.0,0.0,0.0,0.0,0.0,0.0,0.0,WORKSTATION,0.0,0.0,0.0,0.0,0.0,0.0,0.0,0.0,0.0,0.0,399.6048,FINITE_CAPACITY_BLOCKED,0.0,0.0,0.0,0.0,True,PHASE4_STEP8F_FINITE_CAPACITY_SCHEDULE_ALTERNATIVES,True
PHASE4-MPS-20260721170405,ALT-COMBINED,PSC-SKU-BIKE-MT-001-20260810,MT-OP-060,,WS-QC,M-QC-TOOLS-001,QUALITY_INSPECTOR,,,,,,,0.0,435.0,1,435.0,435.0,435.0,,,0.0,435.0,0.0,0.0,0.0,0.0,0.0,0.0,WORKSTATION,0.0,0.0,0.0,0.0,0.0,0.0,0.0,0.0,0.0,0.0,165.008,FINITE_CAPACITY_BLOCKED,0.0,0.0,0.0,0.0,True,PHASE4_STEP8F_FINITE_CAPACITY_SCHEDULE_ALTERNATIVES,True
PHASE4-MPS-20260721170405,ALT-COMBINED,PSC-SKU-BIKE-MT-001-20260810,MT-OP-070,,WS-PACK,M-PACK-BENCH-001,PACKAGING_OPERATOR,,,,,,,0.0,435.0,1,435.0,435.0,435.0,,,0.0,435.0,0.0,0.0,0.0,0.0,0.0,0.0,WORKSTATION,0.0,0.0,0.0,0.0,0.0,0.0,0.0,0.0,0.0,0.0,129.4918,FINITE_CAPACITY_BLOCKED,0.0,0.0,0.0,0.0,True,PHASE4_STEP8F_FINITE_CAPACITY_SCHEDULE_ALTERNATIVES,True
PHASE4-MPS-20260721170405,ALT-COMBINED,PSC-SKU-BIKE-MT-001-20260817,MT-OP-020,,WS-FORK-SUSP,M-FORK-BENCH-001,SUSPENSION_TECHNICIAN,,,,,,,0.0,435.0,2,870.0,870.0,870.0,,,0.0,870.0,0.0,0.0,0.0,0.0,0.0,0.0,WORKSTATION,0.0,0.0,0.0,0.0,0.0,0.0,0.0,0.0,0.0,0.0,118.6224,FINITE_CAPACITY_BLOCKED,0.0,0.0,0.0,0.0,True,PHASE4_STEP8F_FINITE_CAPACITY_SCHEDULE_ALTERNATIVES,True
PHASE4-MPS-20260721170405,ALT-COMBINED,PSC-SKU-BIKE-MT-001-20260817,MT-OP-050,,WS-FINAL-ASM,M-FINAL-STAND-001,FINAL_ASSEMBLY_OPERATOR,,,,,,,0.0,435.0,1,435.0,435.0,435.0,,,0.0,435.0,0.0,0.0,0.0,0.0,0.0,0.0,WORKSTATION,0.0,0.0,0.0,0.0,0.0,0.0,0.0,0.0,0.0,0.0,399.6048,FINITE_CAPACITY_BLOCKED,0.0,0.0,0.0,0.0,True,PHASE4_STEP8F_FINITE_CAPACITY_SCHEDULE_ALTERNATIVES,True
PHASE4-MPS-20260721170405,ALT-COMBINED,PSC-SKU-BIKE-MT-001-20260817,MT-OP-060,,WS-QC,M-QC-TOOLS-001,QUALITY_INSPECTOR,,,,,,,0.0,435.0,1,435.0,435.0,435.0,,,0.0,435.0,0.0,0.0,0.0,0.0,0.0,0.0,WORKSTATION,0.0,0.0,0.0,0.0,0.0,0.0,0.0,0.0,0.0,0.0,165.008,FINITE_CAPACITY_BLOCKED,0.0,0.0,0.0,0.0,True,PHASE4_STEP8F_FINITE_CAPACITY_SCHEDULE_ALTERNATIVES,True
PHASE4-MPS-20260721170405,ALT-COMBINED,PSC-SKU-BIKE-MT-001-20260817,MT-OP-070,,WS-PACK,M-PACK-BENCH-001,PACKAGING_OPERATOR,,,,,,,0.0,435.0,1,435.0,435.0,435.0,,,0.0,435.0,0.0,0.0,0.0,0.0,0.0,0.0,WORKSTATION,0.0,0.0,0.0,0.0,0.0,0.0,0.0,0.0,0.0,0.0,129.4918,FINITE_CAPACITY_BLOCKED,0.0,0.0,0.0,0.0,True,PHASE4_STEP8F_FINITE_CAPACITY_SCHEDULE_ALTERNATIVES,True
PHASE4-MPS-20260721170405,ALT-COMBINED,PSC-SKU-BIKE-MT-001-20260824,MT-OP-020,,WS-FORK-SUSP,M-FORK-BENCH-001,SUSPENSION_TECHNICIAN,,,,,,,0.0,435.0,2,870.0,870.0,870.0,,,0.0,870.0,0.0,0.0,0.0,0.0,0.0,0.0,WORKSTATION,0.0,0.0,0.0,0.0,0.0,0.0,0.0,0.0,0.0,0.0,118.6224,FINITE_CAPACITY_BLOCKED,0.0,0.0,0.0,0.0,True,PHASE4_STEP8F_FINITE_CAPACITY_SCHEDULE_ALTERNATIVES,True
PHASE4-MPS-20260721170405,ALT-COMBINED,PSC-SKU-BIKE-MT-001-20260824,MT-OP-050,,WS-FINAL-ASM,M-FINAL-STAND-001,FINAL_ASSEMBLY_OPERATOR,,,,,,,0.0,435.0,1,435.0,435.0,435.0,,,0.0,435.0,0.0,0.0,0.0,0.0,0.0,0.0,WORKSTATION,0.0,0.0,0.0,0.0,0.0,0.0,0.0,0.0,0.0,0.0,399.6048,FINITE_CAPACITY_BLOCKED,0.0,0.0,0.0,0.0,True,PHASE4_STEP8F_FINITE_CAPACITY_SCHEDULE_ALTERNATIVES,True
PHASE4-MPS-20260721170405,ALT-COMBINED,PSC-SKU-BIKE-MT-001-20260824,MT-OP-060,,WS-QC,M-QC-TOOLS-001,QUALITY_INSPECTOR,,,,,,,0.0,435.0,1,435.0,435.0,435.0,,,0.0,435.0,0.0,0.0,0.0,0.0,0.0,0.0,WORKSTATION,0.0,0.0,0.0,0.0,0.0,0.0,0.0,0.0,0.0,0.0,165.008,FINITE_CAPACITY_BLOCKED,0.0,0.0,0.0,0.0,True,PHASE4_STEP8F_FINITE_CAPACITY_SCHEDULE_ALTERNATIVES,True
PHASE4-MPS-20260721170405,ALT-COMBINED,PSC-SKU-BIKE-MT-001-20260824,MT-OP-070,,WS-PACK,M-PACK-BENCH-001,PACKAGING_OPERATOR,,,,,,,0.0,435.0,1,435.0,435.0,435.0,,,0.0,435.0,0.0,0.0,0.0,0.0,0.0,0.0,WORKSTATION,0.0,0.0,0.0,0.0,0.0,0.0,0.0,0.0,0.0,0.0,129.4918,FINITE_CAPACITY_BLOCKED,0.0,0.0,0.0,0.0,True,PHASE4_STEP8F_FINITE_CAPACITY_SCHEDULE_ALTERNATIVES,True
PHASE4-MPS-20260721170405,ALT-COMBINED,PSC-SKU-BIKE-MT-001-20260831,MT-OP-020,,WS-FORK-SUSP,M-FORK-BENCH-001,SUSPENSION_TECHNICIAN,,,,,,,0.0,435.0,2,870.0,870.0,870.0,,,0.0,870.0,0.0,0.0,0.0,0.0,0.0,0.0,WORKSTATION,0.0,0.0,0.0,0.0,0.0,0.0,0.0,0.0,0.0,0.0,118.6224,FINITE_CAPACITY_BLOCKED,0.0,0.0,0.0,0.0,True,PHASE4_STEP8F_FINITE_CAPACITY_SCHEDULE_ALTERNATIVES,True
PHASE4-MPS-20260721170405,ALT-COMBINED,PSC-SKU-BIKE-MT-001-20260831,MT-OP-050,,WS-FINAL-ASM,M-FINAL-STAND-001,FINAL_ASSEMBLY_OPERATOR,,,,,,,0.0,435.0,1,435.0,435.0,435.0,,,0.0,435.0,0.0,0.0,0.0,0.0,0.0,0.0,WORKSTATION,0.0,0.0,0.0,0.0,0.0,0.0,0.0,0.0,0.0,0.0,399.6048,FINITE_CAPACITY_BLOCKED,0.0,0.0,0.0,0.0,True,PHASE4_STEP8F_FINITE_CAPACITY_SCHEDULE_ALTERNATIVES,True
PHASE4-MPS-20260721170405,ALT-COMBINED,PSC-SKU-BIKE-MT-001-20260831,MT-OP-060,,WS-QC,M-QC-TOOLS-001,QUALITY_INSPECTOR,,,,,,,0.0,435.0,1,435.0,435.0,435.0,,,0.0,435.0,0.0,0.0,0.0,0.0,0.0,0.0,WORKSTATION,0.0,0.0,0.0,0.0,0.0,0.0,0.0,0.0,0.0,0.0,165.008,FINITE_CAPACITY_BLOCKED,0.0,0.0,0.0,0.0,True,PHASE4_STEP8F_FINITE_CAPACITY_SCHEDULE_ALTERNATIVES,True
PHASE4-MPS-20260721170405,ALT-COMBINED,PSC-SKU-BIKE-MT-001-20260831,MT-OP-070,,WS-PACK,M-PACK-BENCH-001,PACKAGING_OPERATOR,,,,,,,0.0,435.0,1,435.0,435.0,435.0,,,0.0,435.0,0.0,0.0,0.0,0.0,0.0,0.0,WORKSTATION,0.0,0.0,0.0,0.0,0.0,0.0,0.0,0.0,0.0,0.0,129.4918,FINITE_CAPACITY_BLOCKED,0.0,0.0,0.0,0.0,True,PHASE4_STEP8F_FINITE_CAPACITY_SCHEDULE_ALTERNATIVES,True
PHASE4-MPS-20260721170405,ALT-COMBINED,PSC-SKU-BIKE-MT-001-20260907,MT-OP-020,,WS-FORK-SUSP,M-FORK-BENCH-001,SUSPENSION_TECHNICIAN,,,,,,,0.0,435.0,2,870.0,870.0,870.0,,,0.0,870.0,0.0,0.0,0.0,0.0,0.0,0.0,WORKSTATION,0.0,0.0,0.0,0.0,0.0,0.0,0.0,0.0,0.0,0.0,118.6224,FINITE_CAPACITY_BLOCKED,0.0,0.0,0.0,0.0,True,PHASE4_STEP8F_FINITE_CAPACITY_SCHEDULE_ALTERNATIVES,True
PHASE4-MPS-20260721170405,ALT-COMBINED,PSC-SKU-BIKE-MT-001-20260907,MT-OP-050,,WS-FINAL-ASM,M-FINAL-STAND-001,FINAL_ASSEMBLY_OPERATOR,,,,,,,0.0,435.0,1,435.0,435.0,435.0,,,0.0,435.0,0.0,0.0,0.0,0.0,0.0,0.0,WORKSTATION,0.0,0.0,0.0,0.0,0.0,0.0,0.0,0.0,0.0,0.0,399.6048,FINITE_CAPACITY_BLOCKED,0.0,0.0,0.0,0.0,True,PHASE4_STEP8F_FINITE_CAPACITY_SCHEDULE_ALTERNATIVES,True
PHASE4-MPS-20260721170405,ALT-COMBINED,PSC-SKU-BIKE-MT-001-20260907,MT-OP-060,,WS-QC,M-QC-TOOLS-001,QUALITY_INSPECTOR,,,,,,,0.0,435.0,1,435.0,435.0,435.0,,,0.0,435.0,0.0,0.0,0.0,0.0,0.0,0.0,WORKSTATION,0.0,0.0,0.0,0.0,0.0,0.0,0.0,0.0,0.0,0.0,165.008,FINITE_CAPACITY_BLOCKED,0.0,0.0,0.0,0.0,True,PHASE4_STEP8F_FINITE_CAPACITY_SCHEDULE_ALTERNATIVES,True
PHASE4-MPS-20260721170405,ALT-COMBINED,PSC-SKU-BIKE-MT-001-20260907,MT-OP-070,,WS-PACK,M-PACK-BENCH-001,PACKAGING_OPERATOR,,,,,,,0.0,435.0,1,435.0,435.0,435.0,,,0.0,435.0,0.0,0.0,0.0,0.0,0.0,0.0,WORKSTATION,0.0,0.0,0.0,0.0,0.0,0.0,0.0,0.0,0.0,0.0,129.4918,FINITE_CAPACITY_BLOCKED,0.0,0.0,0.0,0.0,True,PHASE4_STEP8F_FINITE_CAPACITY_SCHEDULE_ALTERNATIVES,True
PHASE4-MPS-20260721170405,ALT-COMBINED,PSC-SKU-BIKE-MT-001-20260914,MT-OP-020,,WS-FORK-SUSP,M-FORK-BENCH-001,SUSPENSION_TECHNICIAN,,,,,,,0.0,435.0,2,870.0,870.0,870.0,,,0.0,870.0,0.0,0.0,0.0,0.0,0.0,0.0,WORKSTATION,0.0,0.0,0.0,0.0,0.0,0.0,0.0,0.0,0.0,0.0,118.6224,FINITE_CAPACITY_BLOCKED,0.0,0.0,0.0,0.0,True,PHASE4_STEP8F_FINITE_CAPACITY_SCHEDULE_ALTERNATIVES,True
PHASE4-MPS-20260721170405,ALT-COMBINED,PSC-SKU-BIKE-MT-001-20260914,MT-OP-050,,WS-FINAL-ASM,M-FINAL-STAND-001,FINAL_ASSEMBLY_OPERATOR,,,,,,,0.0,435.0,1,435.0,435.0,435.0,,,0.0,435.0,0.0,0.0,0.0,0.0,0.0,0.0,WORKSTATION,0.0,0.0,0.0,0.0,0.0,0.0,0.0,0.0,0.0,0.0,399.6048,FINITE_CAPACITY_BLOCKED,0.0,0.0,0.0,0.0,True,PHASE4_STEP8F_FINITE_CAPACITY_SCHEDULE_ALTERNATIVES,True
PHASE4-MPS-20260721170405,ALT-COMBINED,PSC-SKU-BIKE-MT-001-20260914,MT-OP-060,,WS-QC,M-QC-TOOLS-001,QUALITY_INSPECTOR,,,,,,,0.0,435.0,1,435.0,435.0,435.0,,,0.0,435.0,0.0,0.0,0.0,0.0,0.0,0.0,WORKSTATION,0.0,0.0,0.0,0.0,0.0,0.0,0.0,0.0,0.0,0.0,165.008,FINITE_CAPACITY_BLOCKED,0.0,0.0,0.0,0.0,True,PHASE4_STEP8F_FINITE_CAPACITY_SCHEDULE_ALTERNATIVES,True
PHASE4-MPS-20260721170405,ALT-COMBINED,PSC-SKU-BIKE-MT-001-20260914,MT-OP-070,,WS-PACK,M-PACK-BENCH-001,PACKAGING_OPERATOR,,,,,,,0.0,435.0,1,435.0,435.0,435.0,,,0.0,435.0,0.0,0.0,0.0,0.0,0.0,0.0,WORKSTATION,0.0,0.0,0.0,0.0,0.0,0.0,0.0,0.0,0.0,0.0,129.4918,FINITE_CAPACITY_BLOCKED,0.0,0.0,0.0,0.0,True,PHASE4_STEP8F_FINITE_CAPACITY_SCHEDULE_ALTERNATIVES,True
PHASE4-MPS-20260721170405,ALT-COMBINED,PSC-SKU-BIKE-MT-001-20260921,MT-OP-020,,WS-FORK-SUSP,M-FORK-BENCH-001,SUSPENSION_TECHNICIAN,,,,,,,0.0,435.0,2,870.0,870.0,870.0,,,0.0,870.0,0.0,0.0,0.0,0.0,0.0,0.0,WORKSTATION,0.0,0.0,0.0,0.0,0.0,0.0,0.0,0.0,0.0,0.0,118.6224,FINITE_CAPACITY_BLOCKED,0.0,0.0,0.0,0.0,True,PHASE4_STEP8F_FINITE_CAPACITY_SCHEDULE_ALTERNATIVES,True
PHASE4-MPS-20260721170405,ALT-COMBINED,PSC-SKU-BIKE-MT-001-20260921,MT-OP-050,,WS-FINAL-ASM,M-FINAL-STAND-001,FINAL_ASSEMBLY_OPERATOR,,,,,,,0.0,435.0,1,435.0,435.0,435.0,,,0.0,435.0,0.0,0.0,0.0,0.0,0.0,0.0,WORKSTATION,0.0,0.0,0.0,0.0,0.0,0.0,0.0,0.0,0.0,0.0,399.6048,FINITE_CAPACITY_BLOCKED,0.0,0.0,0.0,0.0,True,PHASE4_STEP8F_FINITE_CAPACITY_SCHEDULE_ALTERNATIVES,True
PHASE4-MPS-20260721170405,ALT-COMBINED,PSC-SKU-BIKE-MT-001-20260921,MT-OP-060,,WS-QC,M-QC-TOOLS-001,QUALITY_INSPECTOR,,,,,,,0.0,435.0,1,435.0,435.0,435.0,,,0.0,435.0,0.0,0.0,0.0,0.0,0.0,0.0,WORKSTATION,0.0,0.0,0.0,0.0,0.0,0.0,0.0,0.0,0.0,0.0,165.008,FINITE_CAPACITY_BLOCKED,0.0,0.0,0.0,0.0,True,PHASE4_STEP8F_FINITE_CAPACITY_SCHEDULE_ALTERNATIVES,True
PHASE4-MPS-20260721170405,ALT-COMBINED,PSC-SKU-BIKE-MT-001-20260921,MT-OP-070,,WS-PACK,M-PACK-BENCH-001,PACKAGING_OPERATOR,,,,,,,0.0,435.0,1,435.0,435.0,435.0,,,0.0,435.0,0.0,0.0,0.0,0.0,0.0,0.0,WORKSTATION,0.0,0.0,0.0,0.0,0.0,0.0,0.0,0.0,0.0,0.0,129.4918,FINITE_CAPACITY_BLOCKED,0.0,0.0,0.0,0.0,True,PHASE4_STEP8F_FINITE_CAPACITY_SCHEDULE_ALTERNATIVES,True
PHASE4-MPS-20260721170405,ALT-COMBINED,PSC-SKU-BIKE-MT-001-20260928,MT-OP-020,,WS-FORK-SUSP,M-FORK-BENCH-001,SUSPENSION_TECHNICIAN,,,,,,,0.0,435.0,2,870.0,870.0,870.0,,,0.0,870.0,0.0,0.0,0.0,0.0,0.0,0.0,WORKSTATION,0.0,0.0,0.0,0.0,0.0,0.0,0.0,0.0,0.0,0.0,17.6087,FINITE_CAPACITY_BLOCKED,0.0,0.0,0.0,0.0,True,PHASE4_STEP8F_FINITE_CAPACITY_SCHEDULE_ALTERNATIVES,True
