planning_run_id,alternative_id,machine_id,workstation_id,maintenance_plan_id,production_operation_segment_id,production_start_datetime,production_end_datetime,maintenance_window_id,maintenance_start_datetime,maintenance_end_datetime,maintenance_window_source,maintenance_window_selected_flag,dated_overlap_flag,machine_state_unavailable_flag,maintenance_risk_level,maintenance_window_check_status,maintenance_avoidance_applied_flag,maintenance_avoidance_evidence,note_no_maintenance_order_created_flag,advisory_only_flag
PHASE4-MPS-20260721170405,ALT-BASELINE,M-FRAME-JIG-001,WS-FRAME-PREP,,SEG-ALT-BASELINE-PSC-SKU-BIKE-MT-001-20260629-MT-OP-010-01,2026-06-29T08:00,2026-06-29T15:14,,,,RISK_ONLY_NO_DATED_DOWNTIME,False,False,False,HIGH,MAINTENANCE_RISK_REVIEW,False,Maintenance risk is review-only without dated downtime; no horizon-wide production block applied.,True,True
PHASE4-MPS-20260721170405,ALT-BASELINE,M-FRAME-JIG-001,WS-FRAME-PREP,,SEG-ALT-BASELINE-PSC-SKU-BIKE-MT-001-20260629-MT-OP-010-02,2026-06-30T08:00,2026-06-30T15:14,,,,RISK_ONLY_NO_DATED_DOWNTIME,False,False,False,HIGH,MAINTENANCE_RISK_REVIEW,False,Maintenance risk is review-only without dated downtime; no horizon-wide production block applied.,True,True
PHASE4-MPS-20260721170405,ALT-BASELINE,M-FRAME-JIG-001,WS-FRAME-PREP,,SEG-ALT-BASELINE-PSC-SKU-BIKE-MT-001-20260629-MT-OP-010-03,2026-07-01T08:00,2026-07-01T12:37,,,,RISK_ONLY_NO_DATED_DOWNTIME,False,False,False,HIGH,MAINTENANCE_RISK_REVIEW,False,Maintenance risk is review-only without dated downtime; no horizon-wide production block applied.,True,True
PHASE4-MPS-20260721170405,ALT-BASELINE,M-FORK-BENCH-001,WS-FORK-SUSP,,SEG-ALT-BASELINE-PSC-SKU-BIKE-MT-001-20260629-MT-OP-020-01,2026-07-01T12:37,2026-07-01T15:14,,,,RISK_ONLY_NO_DATED_DOWNTIME,False,False,False,HIGH,MAINTENANCE_RISK_REVIEW,False,Maintenance risk is review-only without dated downtime; no horizon-wide production block applied.,True,True
PHASE4-MPS-20260721170405,ALT-BASELINE,M-FORK-BENCH-001,WS-FORK-SUSP,,SEG-ALT-BASELINE-PSC-SKU-BIKE-MT-001-20260629-MT-OP-020-02,2026-07-02T08:00,2026-07-02T15:15,,,,RISK_ONLY_NO_DATED_DOWNTIME,False,False,False,HIGH,MAINTENANCE_RISK_REVIEW,False,Maintenance risk is review-only without dated downtime; no horizon-wide production block applied.,True,True
PHASE4-MPS-20260721170405,ALT-BASELINE,M-FORK-BENCH-001,WS-FORK-SUSP,,SEG-ALT-BASELINE-PSC-SKU-BIKE-MT-001-20260629-MT-OP-020-03,2026-07-03T08:00,2026-07-03T15:15,,,,RISK_ONLY_NO_DATED_DOWNTIME,False,False,False,HIGH,MAINTENANCE_RISK_REVIEW,False,Maintenance risk is review-only without dated downtime; no horizon-wide production block applied.,True,True
PHASE4-MPS-20260721170405,ALT-BASELINE,M-FORK-BENCH-001,WS-FORK-SUSP,,SEG-ALT-BASELINE-PSC-SKU-BIKE-MT-001-20260629-MT-OP-020-04,2026-07-06T08:00,2026-07-06T14:21,,,,RISK_ONLY_NO_DATED_DOWNTIME,False,False,False,HIGH,MAINTENANCE_RISK_REVIEW,False,Maintenance risk is review-only without dated downtime; no horizon-wide production block applied.,True,True
PHASE4-MPS-20260721170405,ALT-BASELINE,M-WHEEL-TRUE-001,WS-WHEEL-SUB,,SEG-ALT-BASELINE-PSC-SKU-BIKE-MT-001-20260629-MT-OP-030-01,2026-07-01T12:37,2026-07-01T15:14,,,,RISK_ONLY_NO_DATED_DOWNTIME,False,False,False,HIGH,MAINTENANCE_RISK_REVIEW,False,Maintenance risk is review-only without dated downtime; no horizon-wide production block applied.,True,True
PHASE4-MPS-20260721170405,ALT-BASELINE,M-WHEEL-TRUE-001,WS-WHEEL-SUB,,SEG-ALT-BASELINE-PSC-SKU-BIKE-MT-001-20260629-MT-OP-030-02,2026-07-02T08:00,2026-07-02T15:14,,,,RISK_ONLY_NO_DATED_DOWNTIME,False,False,False,HIGH,MAINTENANCE_RISK_REVIEW,False,Maintenance risk is review-only without dated downtime; no horizon-wide production block applied.,True,True
PHASE4-MPS-20260721170405,ALT-BASELINE,M-WHEEL-TRUE-001,WS-WHEEL-SUB,,SEG-ALT-BASELINE-PSC-SKU-BIKE-MT-001-20260629-MT-OP-030-03,2026-07-03T08:00,2026-07-03T15:14,,,,RISK_ONLY_NO_DATED_DOWNTIME,False,False,False,HIGH,MAINTENANCE_RISK_REVIEW,False,Maintenance risk is review-only without dated downtime; no horizon-wide production block applied.,True,True
PHASE4-MPS-20260721170405,ALT-BASELINE,M-WHEEL-TRUE-001,WS-WHEEL-SUB,,SEG-ALT-BASELINE-PSC-SKU-BIKE-MT-001-20260629-MT-OP-030-04,2026-07-06T08:00,2026-07-06T14:26,,,,RISK_ONLY_NO_DATED_DOWNTIME,False,False,False,HIGH,MAINTENANCE_RISK_REVIEW,False,Maintenance risk is review-only without dated downtime; no horizon-wide production block applied.,True,True
PHASE4-MPS-20260721170405,ALT-BASELINE,M-BRAKE-BENCH-001,WS-BRAKE-SUB,,SEG-ALT-BASELINE-PSC-SKU-BIKE-MT-001-20260629-MT-OP-040-01,2026-07-01T12:37,2026-07-01T15:14,,,,RISK_ONLY_NO_DATED_DOWNTIME,False,False,False,HIGH,MAINTENANCE_RISK_REVIEW,False,Maintenance risk is review-only without dated downtime; no horizon-wide production block applied.,True,True
PHASE4-MPS-20260721170405,ALT-BASELINE,M-BRAKE-BENCH-001,WS-BRAKE-SUB,,SEG-ALT-BASELINE-PSC-SKU-BIKE-MT-001-20260629-MT-OP-040-02,2026-07-02T08:00,2026-07-02T15:15,,,,RISK_ONLY_NO_DATED_DOWNTIME,False,False,False,HIGH,MAINTENANCE_RISK_REVIEW,False,Maintenance risk is review-only without dated downtime; no horizon-wide production block applied.,True,True
PHASE4-MPS-20260721170405,ALT-BASELINE,M-BRAKE-BENCH-001,WS-BRAKE-SUB,,SEG-ALT-BASELINE-PSC-SKU-BIKE-MT-001-20260629-MT-OP-040-03,2026-07-03T08:00,2026-07-03T15:15,,,,RISK_ONLY_NO_DATED_DOWNTIME,False,False,False,HIGH,MAINTENANCE_RISK_REVIEW,False,Maintenance risk is review-only without dated downtime; no horizon-wide production block applied.,True,True
PHASE4-MPS-20260721170405,ALT-BASELINE,M-BRAKE-BENCH-001,WS-BRAKE-SUB,,SEG-ALT-BASELINE-PSC-SKU-BIKE-MT-001-20260629-MT-OP-040-04,2026-07-06T08:00,2026-07-06T08:42,,,,RISK_ONLY_NO_DATED_DOWNTIME,False,False,False,HIGH,MAINTENANCE_RISK_REVIEW,False,Maintenance risk is review-only without dated downtime; no horizon-wide production block applied.,True,True
PHASE4-MPS-20260721170405,ALT-BASELINE,M-FINAL-STAND-001,WS-FINAL-ASM,,SEG-ALT-BASELINE-PSC-SKU-BIKE-MT-001-20260629-MT-OP-050-01,2026-07-06T14:21,2026-07-06T15:14,,,,RISK_ONLY_NO_DATED_DOWNTIME,False,False,False,HIGH,MAINTENANCE_RISK_REVIEW,False,Maintenance risk is review-only without dated downtime; no horizon-wide production block applied.,True,True
PHASE4-MPS-20260721170405,ALT-BASELINE,M-FINAL-STAND-001,WS-FINAL-ASM,,SEG-ALT-BASELINE-PSC-SKU-BIKE-MT-001-20260629-MT-OP-050-02,2026-07-07T08:00,2026-07-07T15:14,,,,RISK_ONLY_NO_DATED_DOWNTIME,False,False,False,HIGH,MAINTENANCE_RISK_REVIEW,False,Maintenance risk is review-only without dated downtime; no horizon-wide production block applied.,True,True
PHASE4-MPS-20260721170405,ALT-BASELINE,M-FINAL-STAND-001,WS-FINAL-ASM,,SEG-ALT-BASELINE-PSC-SKU-BIKE-MT-001-20260629-MT-OP-050-03,2026-07-08T08:00,2026-07-08T15:14,,,,RISK_ONLY_NO_DATED_DOWNTIME,False,False,False,HIGH,MAINTENANCE_RISK_REVIEW,False,Maintenance risk is review-only without dated downtime; no horizon-wide production block applied.,True,True
PHASE4-MPS-20260721170405,ALT-BASELINE,M-FINAL-STAND-001,WS-FINAL-ASM,,SEG-ALT-BASELINE-PSC-SKU-BIKE-MT-001-20260629-MT-OP-050-04,2026-07-09T08:00,2026-07-09T15:14,,,,RISK_ONLY_NO_DATED_DOWNTIME,False,False,False,HIGH,MAINTENANCE_RISK_REVIEW,False,Maintenance risk is review-only without dated downtime; no horizon-wide production block applied.,True,True
PHASE4-MPS-20260721170405,ALT-BASELINE,M-FINAL-STAND-001,WS-FINAL-ASM,,SEG-ALT-BASELINE-PSC-SKU-BIKE-MT-001-20260629-MT-OP-050-05,2026-07-10T08:00,2026-07-10T15:14,,,,RISK_ONLY_NO_DATED_DOWNTIME,False,False,False,HIGH,MAINTENANCE_RISK_REVIEW,False,Maintenance risk is review-only without dated downtime; no horizon-wide production block applied.,True,True
PHASE4-MPS-20260721170405,ALT-BASELINE,M-FINAL-STAND-001,WS-FINAL-ASM,,SEG-ALT-BASELINE-PSC-SKU-BIKE-MT-001-20260629-MT-OP-050-06,2026-07-13T08:00,2026-07-13T15:14,,,,RISK_ONLY_NO_DATED_DOWNTIME,False,False,False,HIGH,MAINTENANCE_RISK_REVIEW,False,Maintenance risk is review-only without dated downtime; no horizon-wide production block applied.,True,True
PHASE4-MPS-20260721170405,ALT-BASELINE,M-FINAL-STAND-001,WS-FINAL-ASM,,SEG-ALT-BASELINE-PSC-SKU-BIKE-MT-001-20260629-MT-OP-050-07,2026-07-14T08:00,2026-07-14T08:59,,,,RISK_ONLY_NO_DATED_DOWNTIME,False,False,False,HIGH,MAINTENANCE_RISK_REVIEW,False,Maintenance risk is review-only without dated downtime; no horizon-wide production block applied.,True,True
PHASE4-MPS-20260721170405,ALT-BASELINE,M-QC-TOOLS-001,WS-QC,,SEG-ALT-BASELINE-PSC-SKU-BIKE-MT-001-20260629-MT-OP-060-01,2026-07-14T08:59,2026-07-14T15:14,,,,RISK_ONLY_NO_DATED_DOWNTIME,False,False,False,HIGH,MAINTENANCE_RISK_REVIEW,False,Maintenance risk is review-only without dated downtime; no horizon-wide production block applied.,True,True
PHASE4-MPS-20260721170405,ALT-BASELINE,M-QC-TOOLS-001,WS-QC,,SEG-ALT-BASELINE-PSC-SKU-BIKE-MT-001-20260629-MT-OP-060-02,2026-07-15T08:00,2026-07-15T15:15,,,,RISK_ONLY_NO_DATED_DOWNTIME,False,False,False,HIGH,MAINTENANCE_RISK_REVIEW,False,Maintenance risk is review-only without dated downtime; no horizon-wide production block applied.,True,True
PHASE4-MPS-20260721170405,ALT-BASELINE,M-QC-TOOLS-001,WS-QC,,SEG-ALT-BASELINE-PSC-SKU-BIKE-MT-001-20260629-MT-OP-060-03,2026-07-16T08:00,2026-07-16T10:20,,,,RISK_ONLY_NO_DATED_DOWNTIME,False,False,False,HIGH,MAINTENANCE_RISK_REVIEW,False,Maintenance risk is review-only without dated downtime; no horizon-wide production block applied.,True,True
PHASE4-MPS-20260721170405,ALT-BASELINE,M-PACK-BENCH-001,WS-PACK,,SEG-ALT-BASELINE-PSC-SKU-BIKE-MT-001-20260629-MT-OP-070-01,2026-07-16T10:20,2026-07-16T15:14,,,,RISK_ONLY_NO_DATED_DOWNTIME,False,False,False,HIGH,MAINTENANCE_RISK_REVIEW,False,Maintenance risk is review-only without dated downtime; no horizon-wide production block applied.,True,True
PHASE4-MPS-20260721170405,ALT-BASELINE,M-PACK-BENCH-001,WS-PACK,,SEG-ALT-BASELINE-PSC-SKU-BIKE-MT-001-20260629-MT-OP-070-02,2026-07-17T08:00,2026-07-17T15:04,,,,RISK_ONLY_NO_DATED_DOWNTIME,False,False,False,HIGH,MAINTENANCE_RISK_REVIEW,False,Maintenance risk is review-only without dated downtime; no horizon-wide production block applied.,True,True
PHASE4-MPS-20260721170405,ALT-BASELINE,M-FRAME-JIG-001,WS-FRAME-PREP,,SEG-ALT-BASELINE-PSC-SKU-BIKE-ROAD-001-20260629-ROAD-OP-010-01,2026-06-29T08:00,2026-06-29T15:14,,,,RISK_ONLY_NO_DATED_DOWNTIME,False,False,False,HIGH,MAINTENANCE_RISK_REVIEW,False,Maintenance risk is review-only without dated downtime; no horizon-wide production block applied.,True,True
PHASE4-MPS-20260721170405,ALT-BASELINE,M-FRAME-JIG-001,WS-FRAME-PREP,,SEG-ALT-BASELINE-PSC-SKU-BIKE-ROAD-001-20260629-ROAD-OP-010-02,2026-06-30T08:00,2026-06-30T15:15,,,,RISK_ONLY_NO_DATED_DOWNTIME,False,False,False,HIGH,MAINTENANCE_RISK_REVIEW,False,Maintenance risk is review-only without dated downtime; no horizon-wide production block applied.,True,True
PHASE4-MPS-20260721170405,ALT-BASELINE,M-FRAME-JIG-001,WS-FRAME-PREP,,SEG-ALT-BASELINE-PSC-SKU-BIKE-ROAD-001-20260629-ROAD-OP-010-03,2026-07-01T08:00,2026-07-01T14:41,,,,RISK_ONLY_NO_DATED_DOWNTIME,False,False,False,HIGH,MAINTENANCE_RISK_REVIEW,False,Maintenance risk is review-only without dated downtime; no horizon-wide production block applied.,True,True
PHASE4-MPS-20260721170405,ALT-BASELINE,M-WHEEL-TRUE-001,WS-WHEEL-SUB,,SEG-ALT-BASELINE-PSC-SKU-BIKE-ROAD-001-20260629-ROAD-OP-020-01,2026-07-01T14:41,2026-07-01T15:14,,,,RISK_ONLY_NO_DATED_DOWNTIME,False,False,False,HIGH,MAINTENANCE_RISK_REVIEW,False,Maintenance risk is review-only without dated downtime; no horizon-wide production block applied.,True,True
PHASE4-MPS-20260721170405,ALT-BASELINE,M-WHEEL-TRUE-001,WS-WHEEL-SUB,,SEG-ALT-BASELINE-PSC-SKU-BIKE-ROAD-001-20260629-ROAD-OP-020-02,2026-07-02T08:00,2026-07-02T15:15,,,,RISK_ONLY_NO_DATED_DOWNTIME,False,False,False,HIGH,MAINTENANCE_RISK_REVIEW,False,Maintenance risk is review-only without dated downtime; no horizon-wide production block applied.,True,True
PHASE4-MPS-20260721170405,ALT-BASELINE,M-WHEEL-TRUE-001,WS-WHEEL-SUB,,SEG-ALT-BASELINE-PSC-SKU-BIKE-ROAD-001-20260629-ROAD-OP-020-03,2026-07-03T08:00,2026-07-03T15:15,,,,RISK_ONLY_NO_DATED_DOWNTIME,False,False,False,HIGH,MAINTENANCE_RISK_REVIEW,False,Maintenance risk is review-only without dated downtime; no horizon-wide production block applied.,True,True
PHASE4-MPS-20260721170405,ALT-BASELINE,M-WHEEL-TRUE-001,WS-WHEEL-SUB,,SEG-ALT-BASELINE-PSC-SKU-BIKE-ROAD-001-20260629-ROAD-OP-020-04,2026-07-06T08:00,2026-07-06T15:15,,,,RISK_ONLY_NO_DATED_DOWNTIME,False,False,False,HIGH,MAINTENANCE_RISK_REVIEW,False,Maintenance risk is review-only without dated downtime; no horizon-wide production block applied.,True,True
PHASE4-MPS-20260721170405,ALT-BASELINE,M-WHEEL-TRUE-001,WS-WHEEL-SUB,,SEG-ALT-BASELINE-PSC-SKU-BIKE-ROAD-001-20260629-ROAD-OP-020-05,2026-07-07T08:00,2026-07-07T12:09,,,,RISK_ONLY_NO_DATED_DOWNTIME,False,False,False,HIGH,MAINTENANCE_RISK_REVIEW,False,Maintenance risk is review-only without dated downtime; no horizon-wide production block applied.,True,True
PHASE4-MPS-20260721170405,ALT-BASELINE,M-BRAKE-BENCH-001,WS-BRAKE-SUB,,SEG-ALT-BASELINE-PSC-SKU-BIKE-ROAD-001-20260629-ROAD-OP-030-01,2026-07-01T14:41,2026-07-01T15:14,,,,RISK_ONLY_NO_DATED_DOWNTIME,False,False,False,HIGH,MAINTENANCE_RISK_REVIEW,False,Maintenance risk is review-only without dated downtime; no horizon-wide production block applied.,True,True
PHASE4-MPS-20260721170405,ALT-BASELINE,M-BRAKE-BENCH-001,WS-BRAKE-SUB,,SEG-ALT-BASELINE-PSC-SKU-BIKE-ROAD-001-20260629-ROAD-OP-030-02,2026-07-02T08:00,2026-07-02T15:15,,,,RISK_ONLY_NO_DATED_DOWNTIME,False,False,False,HIGH,MAINTENANCE_RISK_REVIEW,False,Maintenance risk is review-only without dated downtime; no horizon-wide production block applied.,True,True
PHASE4-MPS-20260721170405,ALT-BASELINE,M-BRAKE-BENCH-001,WS-BRAKE-SUB,,SEG-ALT-BASELINE-PSC-SKU-BIKE-ROAD-001-20260629-ROAD-OP-030-03,2026-07-03T08:00,2026-07-03T15:15,,,,RISK_ONLY_NO_DATED_DOWNTIME,False,False,False,HIGH,MAINTENANCE_RISK_REVIEW,False,Maintenance risk is review-only without dated downtime; no horizon-wide production block applied.,True,True
PHASE4-MPS-20260721170405,ALT-BASELINE,M-BRAKE-BENCH-001,WS-BRAKE-SUB,,SEG-ALT-BASELINE-PSC-SKU-BIKE-ROAD-001-20260629-ROAD-OP-030-04,2026-07-06T08:00,2026-07-06T12:24,,,,RISK_ONLY_NO_DATED_DOWNTIME,False,False,False,HIGH,MAINTENANCE_RISK_REVIEW,False,Maintenance risk is review-only without dated downtime; no horizon-wide production block applied.,True,True
PHASE4-MPS-20260721170405,ALT-BASELINE,M-FINAL-STAND-001,WS-FINAL-ASM,,SEG-ALT-BASELINE-PSC-SKU-BIKE-ROAD-001-20260629-ROAD-OP-040-01,2026-07-14T08:59,2026-07-14T15:14,,,,RISK_ONLY_NO_DATED_DOWNTIME,False,False,False,HIGH,MAINTENANCE_RISK_REVIEW,False,Maintenance risk is review-only without dated downtime; no horizon-wide production block applied.,True,True
PHASE4-MPS-20260721170405,ALT-BASELINE,M-FINAL-STAND-001,WS-FINAL-ASM,,SEG-ALT-BASELINE-PSC-SKU-BIKE-ROAD-001-20260629-ROAD-OP-040-02,2026-07-15T08:00,2026-07-15T15:14,,,,RISK_ONLY_NO_DATED_DOWNTIME,False,False,False,HIGH,MAINTENANCE_RISK_REVIEW,False,Maintenance risk is review-only without dated downtime; no horizon-wide production block applied.,True,True
PHASE4-MPS-20260721170405,ALT-BASELINE,M-FINAL-STAND-001,WS-FINAL-ASM,,SEG-ALT-BASELINE-PSC-SKU-BIKE-ROAD-001-20260629-ROAD-OP-040-03,2026-07-16T08:00,2026-07-16T15:14,,,,RISK_ONLY_NO_DATED_DOWNTIME,False,False,False,HIGH,MAINTENANCE_RISK_REVIEW,False,Maintenance risk is review-only without dated downtime; no horizon-wide production block applied.,True,True
PHASE4-MPS-20260721170405,ALT-BASELINE,M-FINAL-STAND-001,WS-FINAL-ASM,,SEG-ALT-BASELINE-PSC-SKU-BIKE-ROAD-001-20260629-ROAD-OP-040-04,2026-07-17T08:00,2026-07-17T15:14,,,,RISK_ONLY_NO_DATED_DOWNTIME,False,False,False,HIGH,MAINTENANCE_RISK_REVIEW,False,Maintenance risk is review-only without dated downtime; no horizon-wide production block applied.,True,True
PHASE4-MPS-20260721170405,ALT-BASELINE,M-FINAL-STAND-001,WS-FINAL-ASM,,SEG-ALT-BASELINE-PSC-SKU-BIKE-ROAD-001-20260629-ROAD-OP-040-05,2026-07-20T08:00,2026-07-20T15:14,,,,RISK_ONLY_NO_DATED_DOWNTIME,False,False,False,HIGH,MAINTENANCE_RISK_REVIEW,False,Maintenance risk is review-only without dated downtime; no horizon-wide production block applied.,True,True
PHASE4-MPS-20260721170405,ALT-BASELINE,M-FINAL-STAND-001,WS-FINAL-ASM,,SEG-ALT-BASELINE-PSC-SKU-BIKE-ROAD-001-20260629-ROAD-OP-040-06,2026-07-21T08:00,2026-07-21T13:52,,,,RISK_ONLY_NO_DATED_DOWNTIME,False,False,False,HIGH,MAINTENANCE_RISK_REVIEW,False,Maintenance risk is review-only without dated downtime; no horizon-wide production block applied.,True,True
PHASE4-MPS-20260721170405,ALT-BASELINE,M-QC-TOOLS-001,WS-QC,,SEG-ALT-BASELINE-PSC-SKU-BIKE-ROAD-001-20260629-ROAD-OP-050-01,2026-07-21T13:52,2026-07-21T15:14,,,,RISK_ONLY_NO_DATED_DOWNTIME,False,False,False,HIGH,MAINTENANCE_RISK_REVIEW,False,Maintenance risk is review-only without dated downtime; no horizon-wide production block applied.,True,True
PHASE4-MPS-20260721170405,ALT-BASELINE,M-QC-TOOLS-001,WS-QC,,SEG-ALT-BASELINE-PSC-SKU-BIKE-ROAD-001-20260629-ROAD-OP-050-02,2026-07-22T08:00,2026-07-22T15:14,,,,RISK_ONLY_NO_DATED_DOWNTIME,False,False,False,HIGH,MAINTENANCE_RISK_REVIEW,False,Maintenance risk is review-only without dated downtime; no horizon-wide production block applied.,True,True
PHASE4-MPS-20260721170405,ALT-BASELINE,M-QC-TOOLS-001,WS-QC,,SEG-ALT-BASELINE-PSC-SKU-BIKE-ROAD-001-20260629-ROAD-OP-050-03,2026-07-23T08:00,2026-07-23T11:53,,,,RISK_ONLY_NO_DATED_DOWNTIME,False,False,False,HIGH,MAINTENANCE_RISK_REVIEW,False,Maintenance risk is review-only without dated downtime; no horizon-wide production block applied.,True,True
PHASE4-MPS-20260721170405,ALT-BASELINE,M-PACK-BENCH-001,WS-PACK,,SEG-ALT-BASELINE-PSC-SKU-BIKE-ROAD-001-20260629-ROAD-OP-060-01,2026-07-23T11:53,2026-07-23T15:14,,,,RISK_ONLY_NO_DATED_DOWNTIME,False,False,False,HIGH,MAINTENANCE_RISK_REVIEW,False,Maintenance risk is review-only without dated downtime; no horizon-wide production block applied.,True,True
PHASE4-MPS-20260721170405,ALT-BASELINE,M-PACK-BENCH-001,WS-PACK,,SEG-ALT-BASELINE-PSC-SKU-BIKE-ROAD-001-20260629-ROAD-OP-060-02,2026-07-24T08:00,2026-07-24T15:14,,,,RISK_ONLY_NO_DATED_DOWNTIME,False,False,False,HIGH,MAINTENANCE_RISK_REVIEW,False,Maintenance risk is review-only without dated downtime; no horizon-wide production block applied.,True,True
PHASE4-MPS-20260721170405,ALT-BASELINE,M-PACK-BENCH-001,WS-PACK,,SEG-ALT-BASELINE-PSC-SKU-BIKE-ROAD-001-20260629-ROAD-OP-060-03,2026-07-27T08:00,2026-07-27T11:04,,,,RISK_ONLY_NO_DATED_DOWNTIME,False,False,False,HIGH,MAINTENANCE_RISK_REVIEW,False,Maintenance risk is review-only without dated downtime; no horizon-wide production block applied.,True,True
PHASE4-MPS-20260721170405,ALT-BASELINE,M-FRAME-JIG-001,WS-FRAME-PREP,,SEG-ALT-BASELINE-PSC-SKU-BIKE-MT-001-20260706-MT-OP-010-01,2026-07-06T08:00,2026-07-06T15:14,,,,RISK_ONLY_NO_DATED_DOWNTIME,False,False,False,HIGH,MAINTENANCE_RISK_REVIEW,False,Maintenance risk is review-only without dated downtime; no horizon-wide production block applied.,True,True
PHASE4-MPS-20260721170405,ALT-BASELINE,M-FRAME-JIG-001,WS-FRAME-PREP,,SEG-ALT-BASELINE-PSC-SKU-BIKE-MT-001-20260706-MT-OP-010-02,2026-07-07T08:00,2026-07-07T15:14,,,,RISK_ONLY_NO_DATED_DOWNTIME,False,False,False,HIGH,MAINTENANCE_RISK_REVIEW,False,Maintenance risk is review-only without dated downtime; no horizon-wide production block applied.,True,True
PHASE4-MPS-20260721170405,ALT-BASELINE,M-FRAME-JIG-001,WS-FRAME-PREP,,SEG-ALT-BASELINE-PSC-SKU-BIKE-MT-001-20260706-MT-OP-010-03,2026-07-08T08:00,2026-07-08T15:14,,,,RISK_ONLY_NO_DATED_DOWNTIME,False,False,False,HIGH,MAINTENANCE_RISK_REVIEW,False,Maintenance risk is review-only without dated downtime; no horizon-wide production block applied.,True,True
PHASE4-MPS-20260721170405,ALT-BASELINE,M-FRAME-JIG-001,WS-FRAME-PREP,,SEG-ALT-BASELINE-PSC-SKU-BIKE-MT-001-20260706-MT-OP-010-04,2026-07-09T08:00,2026-07-09T15:14,,,,RISK_ONLY_NO_DATED_DOWNTIME,False,False,False,HIGH,MAINTENANCE_RISK_REVIEW,False,Maintenance risk is review-only without dated downtime; no horizon-wide production block applied.,True,True
PHASE4-MPS-20260721170405,ALT-BASELINE,M-FRAME-JIG-001,WS-FRAME-PREP,,SEG-ALT-BASELINE-PSC-SKU-BIKE-MT-001-20260706-MT-OP-010-05,2026-07-10T08:00,2026-07-10T14:22,,,,RISK_ONLY_NO_DATED_DOWNTIME,False,False,False,HIGH,MAINTENANCE_RISK_REVIEW,False,Maintenance risk is review-only without dated downtime; no horizon-wide production block applied.,True,True
PHASE4-MPS-20260721170405,ALT-BASELINE,M-FORK-BENCH-001,WS-FORK-SUSP,,SEG-ALT-BASELINE-PSC-SKU-BIKE-MT-001-20260706-MT-OP-020-01,2026-07-10T14:22,2026-07-10T15:14,,,,RISK_ONLY_NO_DATED_DOWNTIME,False,False,False,HIGH,MAINTENANCE_RISK_REVIEW,False,Maintenance risk is review-only without dated downtime; no horizon-wide production block applied.,True,True
PHASE4-MPS-20260721170405,ALT-BASELINE,M-FORK-BENCH-001,WS-FORK-SUSP,,SEG-ALT-BASELINE-PSC-SKU-BIKE-MT-001-20260706-MT-OP-020-02,2026-07-13T08:00,2026-07-13T15:15,,,,RISK_ONLY_NO_DATED_DOWNTIME,False,False,False,HIGH,MAINTENANCE_RISK_REVIEW,False,Maintenance risk is review-only without dated downtime; no horizon-wide production block applied.,True,True
PHASE4-MPS-20260721170405,ALT-BASELINE,M-FORK-BENCH-001,WS-FORK-SUSP,,SEG-ALT-BASELINE-PSC-SKU-BIKE-MT-001-20260706-MT-OP-020-03,2026-07-14T08:00,2026-07-14T15:15,,,,RISK_ONLY_NO_DATED_DOWNTIME,False,False,False,HIGH,MAINTENANCE_RISK_REVIEW,False,Maintenance risk is review-only without dated downtime; no horizon-wide production block applied.,True,True
PHASE4-MPS-20260721170405,ALT-BASELINE,M-FORK-BENCH-001,WS-FORK-SUSP,,SEG-ALT-BASELINE-PSC-SKU-BIKE-MT-001-20260706-MT-OP-020-04,2026-07-15T08:00,2026-07-15T15:15,,,,RISK_ONLY_NO_DATED_DOWNTIME,False,False,False,HIGH,MAINTENANCE_RISK_REVIEW,False,Maintenance risk is review-only without dated downtime; no horizon-wide production block applied.,True,True
PHASE4-MPS-20260721170405,ALT-BASELINE,M-FORK-BENCH-001,WS-FORK-SUSP,,SEG-ALT-BASELINE-PSC-SKU-BIKE-MT-001-20260706-MT-OP-020-05,2026-07-16T08:00,2026-07-16T15:15,,,,RISK_ONLY_NO_DATED_DOWNTIME,False,False,False,HIGH,MAINTENANCE_RISK_REVIEW,False,Maintenance risk is review-only without dated downtime; no horizon-wide production block applied.,True,True
PHASE4-MPS-20260721170405,ALT-BASELINE,M-FORK-BENCH-001,WS-FORK-SUSP,,SEG-ALT-BASELINE-PSC-SKU-BIKE-MT-001-20260706-MT-OP-020-06,2026-07-17T08:00,2026-07-17T15:15,,,,RISK_ONLY_NO_DATED_DOWNTIME,False,False,False,HIGH,MAINTENANCE_RISK_REVIEW,False,Maintenance risk is review-only without dated downtime; no horizon-wide production block applied.,True,True
PHASE4-MPS-20260721170405,ALT-BASELINE,M-FORK-BENCH-001,WS-FORK-SUSP,,SEG-ALT-BASELINE-PSC-SKU-BIKE-MT-001-20260706-MT-OP-020-07,2026-07-20T08:00,2026-07-20T13:54,,,,RISK_ONLY_NO_DATED_DOWNTIME,False,False,False,HIGH,MAINTENANCE_RISK_REVIEW,False,Maintenance risk is review-only without dated downtime; no horizon-wide production block applied.,True,True
PHASE4-MPS-20260721170405,ALT-BASELINE,M-WHEEL-TRUE-001,WS-WHEEL-SUB,,SEG-ALT-BASELINE-PSC-SKU-BIKE-MT-001-20260706-MT-OP-030-01,2026-07-10T14:22,2026-07-10T15:14,,,,RISK_ONLY_NO_DATED_DOWNTIME,False,False,False,HIGH,MAINTENANCE_RISK_REVIEW,False,Maintenance risk is review-only without dated downtime; no horizon-wide production block applied.,True,True
PHASE4-MPS-20260721170405,ALT-BASELINE,M-WHEEL-TRUE-001,WS-WHEEL-SUB,,SEG-ALT-BASELINE-PSC-SKU-BIKE-MT-001-20260706-MT-OP-030-02,2026-07-13T08:00,2026-07-13T15:14,,,,RISK_ONLY_NO_DATED_DOWNTIME,False,False,False,HIGH,MAINTENANCE_RISK_REVIEW,False,Maintenance risk is review-only without dated downtime; no horizon-wide production block applied.,True,True
PHASE4-MPS-20260721170405,ALT-BASELINE,M-WHEEL-TRUE-001,WS-WHEEL-SUB,,SEG-ALT-BASELINE-PSC-SKU-BIKE-MT-001-20260706-MT-OP-030-03,2026-07-14T08:00,2026-07-14T15:14,,,,RISK_ONLY_NO_DATED_DOWNTIME,False,False,False,HIGH,MAINTENANCE_RISK_REVIEW,False,Maintenance risk is review-only without dated downtime; no horizon-wide production block applied.,True,True
PHASE4-MPS-20260721170405,ALT-BASELINE,M-WHEEL-TRUE-001,WS-WHEEL-SUB,,SEG-ALT-BASELINE-PSC-SKU-BIKE-MT-001-20260706-MT-OP-030-04,2026-07-15T08:00,2026-07-15T15:14,,,,RISK_ONLY_NO_DATED_DOWNTIME,False,False,False,HIGH,MAINTENANCE_RISK_REVIEW,False,Maintenance risk is review-only without dated downtime; no horizon-wide production block applied.,True,True
PHASE4-MPS-20260721170405,ALT-BASELINE,M-WHEEL-TRUE-001,WS-WHEEL-SUB,,SEG-ALT-BASELINE-PSC-SKU-BIKE-MT-001-20260706-MT-OP-030-05,2026-07-16T08:00,2026-07-16T15:14,,,,RISK_ONLY_NO_DATED_DOWNTIME,False,False,False,HIGH,MAINTENANCE_RISK_REVIEW,False,Maintenance risk is review-only without dated downtime; no horizon-wide production block applied.,True,True
PHASE4-MPS-20260721170405,ALT-BASELINE,M-WHEEL-TRUE-001,WS-WHEEL-SUB,,SEG-ALT-BASELINE-PSC-SKU-BIKE-MT-001-20260706-MT-OP-030-06,2026-07-17T08:00,2026-07-17T15:14,,,,RISK_ONLY_NO_DATED_DOWNTIME,False,False,False,HIGH,MAINTENANCE_RISK_REVIEW,False,Maintenance risk is review-only without dated downtime; no horizon-wide production block applied.,True,True
PHASE4-MPS-20260721170405,ALT-BASELINE,M-WHEEL-TRUE-001,WS-WHEEL-SUB,,SEG-ALT-BASELINE-PSC-SKU-BIKE-MT-001-20260706-MT-OP-030-07,2026-07-20T08:00,2026-07-20T13:08,,,,RISK_ONLY_NO_DATED_DOWNTIME,False,False,False,HIGH,MAINTENANCE_RISK_REVIEW,False,Maintenance risk is review-only without dated downtime; no horizon-wide production block applied.,True,True
PHASE4-MPS-20260721170405,ALT-BASELINE,M-BRAKE-BENCH-001,WS-BRAKE-SUB,,SEG-ALT-BASELINE-PSC-SKU-BIKE-MT-001-20260706-MT-OP-040-01,2026-07-10T14:22,2026-07-10T15:14,,,,RISK_ONLY_NO_DATED_DOWNTIME,False,False,False,HIGH,MAINTENANCE_RISK_REVIEW,False,Maintenance risk is review-only without dated downtime; no horizon-wide production block applied.,True,True
PHASE4-MPS-20260721170405,ALT-BASELINE,M-BRAKE-BENCH-001,WS-BRAKE-SUB,,SEG-ALT-BASELINE-PSC-SKU-BIKE-MT-001-20260706-MT-OP-040-02,2026-07-13T08:00,2026-07-13T15:14,,,,RISK_ONLY_NO_DATED_DOWNTIME,False,False,False,HIGH,MAINTENANCE_RISK_REVIEW,False,Maintenance risk is review-only without dated downtime; no horizon-wide production block applied.,True,True
PHASE4-MPS-20260721170405,ALT-BASELINE,M-BRAKE-BENCH-001,WS-BRAKE-SUB,,SEG-ALT-BASELINE-PSC-SKU-BIKE-MT-001-20260706-MT-OP-040-03,2026-07-14T08:00,2026-07-14T15:14,,,,RISK_ONLY_NO_DATED_DOWNTIME,False,False,False,HIGH,MAINTENANCE_RISK_REVIEW,False,Maintenance risk is review-only without dated downtime; no horizon-wide production block applied.,True,True
PHASE4-MPS-20260721170405,ALT-BASELINE,M-BRAKE-BENCH-001,WS-BRAKE-SUB,,SEG-ALT-BASELINE-PSC-SKU-BIKE-MT-001-20260706-MT-OP-040-04,2026-07-15T08:00,2026-07-15T15:14,,,,RISK_ONLY_NO_DATED_DOWNTIME,False,False,False,HIGH,MAINTENANCE_RISK_REVIEW,False,Maintenance risk is review-only without dated downtime; no horizon-wide production block applied.,True,True
PHASE4-MPS-20260721170405,ALT-BASELINE,M-BRAKE-BENCH-001,WS-BRAKE-SUB,,SEG-ALT-BASELINE-PSC-SKU-BIKE-MT-001-20260706-MT-OP-040-05,2026-07-16T08:00,2026-07-16T15:14,,,,RISK_ONLY_NO_DATED_DOWNTIME,False,False,False,HIGH,MAINTENANCE_RISK_REVIEW,False,Maintenance risk is review-only without dated downtime; no horizon-wide production block applied.,True,True
PHASE4-MPS-20260721170405,ALT-BASELINE,M-BRAKE-BENCH-001,WS-BRAKE-SUB,,SEG-ALT-BASELINE-PSC-SKU-BIKE-MT-001-20260706-MT-OP-040-06,2026-07-17T08:00,2026-07-17T11:00,,,,RISK_ONLY_NO_DATED_DOWNTIME,False,False,False,HIGH,MAINTENANCE_RISK_REVIEW,False,Maintenance risk is review-only without dated downtime; no horizon-wide production block applied.,True,True
PHASE4-MPS-20260721170405,ALT-BASELINE,M-FINAL-STAND-001,WS-FINAL-ASM,,SEG-ALT-BASELINE-PSC-SKU-BIKE-MT-001-20260706-MT-OP-050-01,2026-07-21T13:52,2026-07-21T15:14,,,,RISK_ONLY_NO_DATED_DOWNTIME,False,False,False,HIGH,MAINTENANCE_RISK_REVIEW,False,Maintenance risk is review-only without dated downtime; no horizon-wide production block applied.,True,True
PHASE4-MPS-20260721170405,ALT-BASELINE,M-FINAL-STAND-001,WS-FINAL-ASM,,SEG-ALT-BASELINE-PSC-SKU-BIKE-MT-001-20260706-MT-OP-050-02,2026-07-22T08:00,2026-07-22T15:14,,,,RISK_ONLY_NO_DATED_DOWNTIME,False,False,False,HIGH,MAINTENANCE_RISK_REVIEW,False,Maintenance risk is review-only without dated downtime; no horizon-wide production block applied.,True,True
PHASE4-MPS-20260721170405,ALT-BASELINE,M-FINAL-STAND-001,WS-FINAL-ASM,,SEG-ALT-BASELINE-PSC-SKU-BIKE-MT-001-20260706-MT-OP-050-03,2026-07-23T08:00,2026-07-23T15:14,,,,RISK_ONLY_NO_DATED_DOWNTIME,False,False,False,HIGH,MAINTENANCE_RISK_REVIEW,False,Maintenance risk is review-only without dated downtime; no horizon-wide production block applied.,True,True
PHASE4-MPS-20260721170405,ALT-BASELINE,M-FINAL-STAND-001,WS-FINAL-ASM,,SEG-ALT-BASELINE-PSC-SKU-BIKE-MT-001-20260706-MT-OP-050-04,2026-07-24T08:00,2026-07-24T15:14,,,,RISK_ONLY_NO_DATED_DOWNTIME,False,False,False,HIGH,MAINTENANCE_RISK_REVIEW,False,Maintenance risk is review-only without dated downtime; no horizon-wide production block applied.,True,True
PHASE4-MPS-20260721170405,ALT-BASELINE,M-FINAL-STAND-001,WS-FINAL-ASM,,SEG-ALT-BASELINE-PSC-SKU-BIKE-MT-001-20260706-MT-OP-050-05,2026-07-27T08:00,2026-07-27T15:14,,,,RISK_ONLY_NO_DATED_DOWNTIME,False,False,False,HIGH,MAINTENANCE_RISK_REVIEW,False,Maintenance risk is review-only without dated downtime; no horizon-wide production block applied.,True,True
PHASE4-MPS-20260721170405,ALT-BASELINE,M-FINAL-STAND-001,WS-FINAL-ASM,,SEG-ALT-BASELINE-PSC-SKU-BIKE-MT-001-20260706-MT-OP-050-06,2026-07-28T08:00,2026-07-28T15:14,,,,RISK_ONLY_NO_DATED_DOWNTIME,False,False,False,HIGH,MAINTENANCE_RISK_REVIEW,False,Maintenance risk is review-only without dated downtime; no horizon-wide production block applied.,True,True
PHASE4-MPS-20260721170405,ALT-BASELINE,M-FINAL-STAND-001,WS-FINAL-ASM,,SEG-ALT-BASELINE-PSC-SKU-BIKE-MT-001-20260706-MT-OP-050-07,2026-07-29T08:00,2026-07-29T15:14,,,,RISK_ONLY_NO_DATED_DOWNTIME,False,False,False,HIGH,MAINTENANCE_RISK_REVIEW,False,Maintenance risk is review-only without dated downtime; no horizon-wide production block applied.,True,True
PHASE4-MPS-20260721170405,ALT-BASELINE,M-FINAL-STAND-001,WS-FINAL-ASM,,SEG-ALT-BASELINE-PSC-SKU-BIKE-MT-001-20260706-MT-OP-050-08,2026-07-30T08:00,2026-07-30T15:14,,,,RISK_ONLY_NO_DATED_DOWNTIME,False,False,False,HIGH,MAINTENANCE_RISK_REVIEW,False,Maintenance risk is review-only without dated downtime; no horizon-wide production block applied.,True,True
PHASE4-MPS-20260721170405,ALT-BASELINE,M-FINAL-STAND-001,WS-FINAL-ASM,,SEG-ALT-BASELINE-PSC-SKU-BIKE-MT-001-20260706-MT-OP-050-09,2026-07-31T08:00,2026-07-31T10:47,,,,RISK_ONLY_NO_DATED_DOWNTIME,False,False,False,HIGH,MAINTENANCE_RISK_REVIEW,False,Maintenance risk is review-only without dated downtime; no horizon-wide production block applied.,True,True
PHASE4-MPS-20260721170405,ALT-BASELINE,M-QC-TOOLS-001,WS-QC,,SEG-ALT-BASELINE-PSC-SKU-BIKE-MT-001-20260706-MT-OP-060-01,2026-07-31T10:47,2026-07-31T15:14,,,,RISK_ONLY_NO_DATED_DOWNTIME,False,False,False,HIGH,MAINTENANCE_RISK_REVIEW,False,Maintenance risk is review-only without dated downtime; no horizon-wide production block applied.,True,True
PHASE4-MPS-20260721170405,ALT-BASELINE,M-QC-TOOLS-001,WS-QC,,SEG-ALT-BASELINE-PSC-SKU-BIKE-MT-001-20260706-MT-OP-060-02,2026-08-03T08:00,2026-08-03T15:14,,,,RISK_ONLY_NO_DATED_DOWNTIME,False,False,False,HIGH,MAINTENANCE_RISK_REVIEW,False,Maintenance risk is review-only without dated downtime; no horizon-wide production block applied.,True,True
PHASE4-MPS-20260721170405,ALT-BASELINE,M-QC-TOOLS-001,WS-QC,,SEG-ALT-BASELINE-PSC-SKU-BIKE-MT-001-20260706-MT-OP-060-03,2026-08-04T08:00,2026-08-04T12:16,,,,RISK_ONLY_NO_DATED_DOWNTIME,False,False,False,HIGH,MAINTENANCE_RISK_REVIEW,False,Maintenance risk is review-only without dated downtime; no horizon-wide production block applied.,True,True
PHASE4-MPS-20260721170405,ALT-BASELINE,M-PACK-BENCH-001,WS-PACK,,SEG-ALT-BASELINE-PSC-SKU-BIKE-MT-001-20260706-MT-OP-070-01,2026-08-04T12:16,2026-08-04T15:14,,,,RISK_ONLY_NO_DATED_DOWNTIME,False,False,False,HIGH,MAINTENANCE_RISK_REVIEW,False,Maintenance risk is review-only without dated downtime; no horizon-wide production block applied.,True,True
PHASE4-MPS-20260721170405,ALT-BASELINE,M-PACK-BENCH-001,WS-PACK,,SEG-ALT-BASELINE-PSC-SKU-BIKE-MT-001-20260706-MT-OP-070-02,2026-08-05T08:00,2026-08-05T15:15,,,,RISK_ONLY_NO_DATED_DOWNTIME,False,False,False,HIGH,MAINTENANCE_RISK_REVIEW,False,Maintenance risk is review-only without dated downtime; no horizon-wide production block applied.,True,True
PHASE4-MPS-20260721170405,ALT-BASELINE,M-PACK-BENCH-001,WS-PACK,,SEG-ALT-BASELINE-PSC-SKU-BIKE-MT-001-20260706-MT-OP-070-03,2026-08-06T08:00,2026-08-06T15:00,,,,RISK_ONLY_NO_DATED_DOWNTIME,False,False,False,HIGH,MAINTENANCE_RISK_REVIEW,False,Maintenance risk is review-only without dated downtime; no horizon-wide production block applied.,True,True
PHASE4-MPS-20260721170405,ALT-BASELINE,M-FRAME-JIG-001,WS-FRAME-PREP,,SEG-ALT-BASELINE-PSC-SKU-BIKE-ROAD-001-20260706-ROAD-OP-010-01,2026-07-06T08:00,2026-07-06T15:14,,,,RISK_ONLY_NO_DATED_DOWNTIME,False,False,False,HIGH,MAINTENANCE_RISK_REVIEW,False,Maintenance risk is review-only without dated downtime; no horizon-wide production block applied.,True,True
PHASE4-MPS-20260721170405,ALT-BASELINE,M-FRAME-JIG-001,WS-FRAME-PREP,,SEG-ALT-BASELINE-PSC-SKU-BIKE-ROAD-001-20260706-ROAD-OP-010-02,2026-07-07T08:00,2026-07-07T15:14,,,,RISK_ONLY_NO_DATED_DOWNTIME,False,False,False,HIGH,MAINTENANCE_RISK_REVIEW,False,Maintenance risk is review-only without dated downtime; no horizon-wide production block applied.,True,True
PHASE4-MPS-20260721170405,ALT-BASELINE,M-FRAME-JIG-001,WS-FRAME-PREP,,SEG-ALT-BASELINE-PSC-SKU-BIKE-ROAD-001-20260706-ROAD-OP-010-03,2026-07-08T08:00,2026-07-08T15:14,,,,RISK_ONLY_NO_DATED_DOWNTIME,False,False,False,HIGH,MAINTENANCE_RISK_REVIEW,False,Maintenance risk is review-only without dated downtime; no horizon-wide production block applied.,True,True
PHASE4-MPS-20260721170405,ALT-BASELINE,M-FRAME-JIG-001,WS-FRAME-PREP,,SEG-ALT-BASELINE-PSC-SKU-BIKE-ROAD-001-20260706-ROAD-OP-010-04,2026-07-09T08:00,2026-07-09T15:14,,,,RISK_ONLY_NO_DATED_DOWNTIME,False,False,False,HIGH,MAINTENANCE_RISK_REVIEW,False,Maintenance risk is review-only without dated downtime; no horizon-wide production block applied.,True,True
PHASE4-MPS-20260721170405,ALT-BASELINE,M-FRAME-JIG-001,WS-FRAME-PREP,,SEG-ALT-BASELINE-PSC-SKU-BIKE-ROAD-001-20260706-ROAD-OP-010-05,2026-07-10T08:00,2026-07-10T10:15,,,,RISK_ONLY_NO_DATED_DOWNTIME,False,False,False,HIGH,MAINTENANCE_RISK_REVIEW,False,Maintenance risk is review-only without dated downtime; no horizon-wide production block applied.,True,True
PHASE4-MPS-20260721170405,ALT-BASELINE,M-WHEEL-TRUE-001,WS-WHEEL-SUB,,SEG-ALT-BASELINE-PSC-SKU-BIKE-ROAD-001-20260706-ROAD-OP-020-01,2026-07-10T10:15,2026-07-10T15:14,,,,RISK_ONLY_NO_DATED_DOWNTIME,False,False,False,HIGH,MAINTENANCE_RISK_REVIEW,False,Maintenance risk is review-only without dated downtime; no horizon-wide production block applied.,True,True
PHASE4-MPS-20260721170405,ALT-BASELINE,M-WHEEL-TRUE-001,WS-WHEEL-SUB,,SEG-ALT-BASELINE-PSC-SKU-BIKE-ROAD-001-20260706-ROAD-OP-020-02,2026-07-13T08:00,2026-07-13T15:15,,,,RISK_ONLY_NO_DATED_DOWNTIME,False,False,False,HIGH,MAINTENANCE_RISK_REVIEW,False,Maintenance risk is review-only without dated downtime; no horizon-wide production block applied.,True,True
PHASE4-MPS-20260721170405,ALT-BASELINE,M-WHEEL-TRUE-001,WS-WHEEL-SUB,,SEG-ALT-BASELINE-PSC-SKU-BIKE-ROAD-001-20260706-ROAD-OP-020-03,2026-07-14T08:00,2026-07-14T15:15,,,,RISK_ONLY_NO_DATED_DOWNTIME,False,False,False,HIGH,MAINTENANCE_RISK_REVIEW,False,Maintenance risk is review-only without dated downtime; no horizon-wide production block applied.,True,True
PHASE4-MPS-20260721170405,ALT-BASELINE,M-WHEEL-TRUE-001,WS-WHEEL-SUB,,SEG-ALT-BASELINE-PSC-SKU-BIKE-ROAD-001-20260706-ROAD-OP-020-04,2026-07-15T08:00,2026-07-15T15:15,,,,RISK_ONLY_NO_DATED_DOWNTIME,False,False,False,HIGH,MAINTENANCE_RISK_REVIEW,False,Maintenance risk is review-only without dated downtime; no horizon-wide production block applied.,True,True
PHASE4-MPS-20260721170405,ALT-BASELINE,M-WHEEL-TRUE-001,WS-WHEEL-SUB,,SEG-ALT-BASELINE-PSC-SKU-BIKE-ROAD-001-20260706-ROAD-OP-020-05,2026-07-16T08:00,2026-07-16T15:15,,,,RISK_ONLY_NO_DATED_DOWNTIME,False,False,False,HIGH,MAINTENANCE_RISK_REVIEW,False,Maintenance risk is review-only without dated downtime; no horizon-wide production block applied.,True,True
PHASE4-MPS-20260721170405,ALT-BASELINE,M-WHEEL-TRUE-001,WS-WHEEL-SUB,,SEG-ALT-BASELINE-PSC-SKU-BIKE-ROAD-001-20260706-ROAD-OP-020-06,2026-07-17T08:00,2026-07-17T13:08,,,,RISK_ONLY_NO_DATED_DOWNTIME,False,False,False,HIGH,MAINTENANCE_RISK_REVIEW,False,Maintenance risk is review-only without dated downtime; no horizon-wide production block applied.,True,True
PHASE4-MPS-20260721170405,ALT-BASELINE,M-BRAKE-BENCH-001,WS-BRAKE-SUB,,SEG-ALT-BASELINE-PSC-SKU-BIKE-ROAD-001-20260706-ROAD-OP-030-01,2026-07-10T10:15,2026-07-10T15:14,,,,RISK_ONLY_NO_DATED_DOWNTIME,False,False,False,HIGH,MAINTENANCE_RISK_REVIEW,False,Maintenance risk is review-only without dated downtime; no horizon-wide production block applied.,True,True
PHASE4-MPS-20260721170405,ALT-BASELINE,M-BRAKE-BENCH-001,WS-BRAKE-SUB,,SEG-ALT-BASELINE-PSC-SKU-BIKE-ROAD-001-20260706-ROAD-OP-030-02,2026-07-13T08:00,2026-07-13T15:15,,,,RISK_ONLY_NO_DATED_DOWNTIME,False,False,False,HIGH,MAINTENANCE_RISK_REVIEW,False,Maintenance risk is review-only without dated downtime; no horizon-wide production block applied.,True,True
PHASE4-MPS-20260721170405,ALT-BASELINE,M-BRAKE-BENCH-001,WS-BRAKE-SUB,,SEG-ALT-BASELINE-PSC-SKU-BIKE-ROAD-001-20260706-ROAD-OP-030-03,2026-07-14T08:00,2026-07-14T15:15,,,,RISK_ONLY_NO_DATED_DOWNTIME,False,False,False,HIGH,MAINTENANCE_RISK_REVIEW,False,Maintenance risk is review-only without dated downtime; no horizon-wide production block applied.,True,True
PHASE4-MPS-20260721170405,ALT-BASELINE,M-BRAKE-BENCH-001,WS-BRAKE-SUB,,SEG-ALT-BASELINE-PSC-SKU-BIKE-ROAD-001-20260706-ROAD-OP-030-04,2026-07-15T08:00,2026-07-15T15:15,,,,RISK_ONLY_NO_DATED_DOWNTIME,False,False,False,HIGH,MAINTENANCE_RISK_REVIEW,False,Maintenance risk is review-only without dated downtime; no horizon-wide production block applied.,True,True
PHASE4-MPS-20260721170405,ALT-BASELINE,M-BRAKE-BENCH-001,WS-BRAKE-SUB,,SEG-ALT-BASELINE-PSC-SKU-BIKE-ROAD-001-20260706-ROAD-OP-030-05,2026-07-16T08:00,2026-07-16T09:59,,,,RISK_ONLY_NO_DATED_DOWNTIME,False,False,False,HIGH,MAINTENANCE_RISK_REVIEW,False,Maintenance risk is review-only without dated downtime; no horizon-wide production block applied.,True,True
PHASE4-MPS-20260721170405,ALT-BASELINE,M-FINAL-STAND-001,WS-FINAL-ASM,,SEG-ALT-BASELINE-PSC-SKU-BIKE-ROAD-001-20260706-ROAD-OP-040-01,2026-07-31T10:47,2026-07-31T15:14,,,,RISK_ONLY_NO_DATED_DOWNTIME,False,False,False,HIGH,MAINTENANCE_RISK_REVIEW,False,Maintenance risk is review-only without dated downtime; no horizon-wide production block applied.,True,True
PHASE4-MPS-20260721170405,ALT-BASELINE,M-FINAL-STAND-001,WS-FINAL-ASM,,SEG-ALT-BASELINE-PSC-SKU-BIKE-ROAD-001-20260706-ROAD-OP-040-02,2026-08-03T08:00,2026-08-03T15:15,,,,RISK_ONLY_NO_DATED_DOWNTIME,False,False,False,HIGH,MAINTENANCE_RISK_REVIEW,False,Maintenance risk is review-only without dated downtime; no horizon-wide production block applied.,True,True
PHASE4-MPS-20260721170405,ALT-BASELINE,M-FINAL-STAND-001,WS-FINAL-ASM,,SEG-ALT-BASELINE-PSC-SKU-BIKE-ROAD-001-20260706-ROAD-OP-040-03,2026-08-04T08:00,2026-08-04T15:15,,,,RISK_ONLY_NO_DATED_DOWNTIME,False,False,False,HIGH,MAINTENANCE_RISK_REVIEW,False,Maintenance risk is review-only without dated downtime; no horizon-wide production block applied.,True,True
PHASE4-MPS-20260721170405,ALT-BASELINE,M-FINAL-STAND-001,WS-FINAL-ASM,,SEG-ALT-BASELINE-PSC-SKU-BIKE-ROAD-001-20260706-ROAD-OP-040-04,2026-08-05T08:00,2026-08-05T15:15,,,,RISK_ONLY_NO_DATED_DOWNTIME,False,False,False,HIGH,MAINTENANCE_RISK_REVIEW,False,Maintenance risk is review-only without dated downtime; no horizon-wide production block applied.,True,True
PHASE4-MPS-20260721170405,ALT-BASELINE,M-FINAL-STAND-001,WS-FINAL-ASM,,SEG-ALT-BASELINE-PSC-SKU-BIKE-ROAD-001-20260706-ROAD-OP-040-05,2026-08-06T08:00,2026-08-06T15:15,,,,RISK_ONLY_NO_DATED_DOWNTIME,False,False,False,HIGH,MAINTENANCE_RISK_REVIEW,False,Maintenance risk is review-only without dated downtime; no horizon-wide production block applied.,True,True
PHASE4-MPS-20260721170405,ALT-BASELINE,M-FINAL-STAND-001,WS-FINAL-ASM,,SEG-ALT-BASELINE-PSC-SKU-BIKE-ROAD-001-20260706-ROAD-OP-040-06,2026-08-07T08:00,2026-08-07T09:38,,,,RISK_ONLY_NO_DATED_DOWNTIME,False,False,False,HIGH,MAINTENANCE_RISK_REVIEW,False,Maintenance risk is review-only without dated downtime; no horizon-wide production block applied.,True,True
PHASE4-MPS-20260721170405,ALT-BASELINE,M-QC-TOOLS-001,WS-QC,,SEG-ALT-BASELINE-PSC-SKU-BIKE-ROAD-001-20260706-ROAD-OP-050-01,2026-08-07T09:38,2026-08-07T15:14,,,,RISK_ONLY_NO_DATED_DOWNTIME,False,False,False,HIGH,MAINTENANCE_RISK_REVIEW,False,Maintenance risk is review-only without dated downtime; no horizon-wide production block applied.,True,True
PHASE4-MPS-20260721170405,ALT-BASELINE,M-QC-TOOLS-001,WS-QC,,SEG-ALT-BASELINE-PSC-SKU-BIKE-ROAD-001-20260706-ROAD-OP-050-02,2026-08-10T08:00,2026-08-10T15:14,,,,RISK_ONLY_NO_DATED_DOWNTIME,False,False,False,HIGH,MAINTENANCE_RISK_REVIEW,False,Maintenance risk is review-only without dated downtime; no horizon-wide production block applied.,True,True
PHASE4-MPS-20260721170405,ALT-BASELINE,M-QC-TOOLS-001,WS-QC,,SEG-ALT-BASELINE-PSC-SKU-BIKE-ROAD-001-20260706-ROAD-OP-050-03,2026-08-11T08:00,2026-08-11T11:59,,,,RISK_ONLY_NO_DATED_DOWNTIME,False,False,False,HIGH,MAINTENANCE_RISK_REVIEW,False,Maintenance risk is review-only without dated downtime; no horizon-wide production block applied.,True,True
PHASE4-MPS-20260721170405,ALT-BASELINE,M-PACK-BENCH-001,WS-PACK,,SEG-ALT-BASELINE-PSC-SKU-BIKE-ROAD-001-20260706-ROAD-OP-060-01,2026-08-11T11:59,2026-08-11T15:14,,,,RISK_ONLY_NO_DATED_DOWNTIME,False,False,False,HIGH,MAINTENANCE_RISK_REVIEW,False,Maintenance risk is review-only without dated downtime; no horizon-wide production block applied.,True,True
PHASE4-MPS-20260721170405,ALT-BASELINE,M-PACK-BENCH-001,WS-PACK,,SEG-ALT-BASELINE-PSC-SKU-BIKE-ROAD-001-20260706-ROAD-OP-060-02,2026-08-12T08:00,2026-08-12T15:14,,,,RISK_ONLY_NO_DATED_DOWNTIME,False,False,False,HIGH,MAINTENANCE_RISK_REVIEW,False,Maintenance risk is review-only without dated downtime; no horizon-wide production block applied.,True,True
PHASE4-MPS-20260721170405,ALT-BASELINE,M-PACK-BENCH-001,WS-PACK,,SEG-ALT-BASELINE-PSC-SKU-BIKE-ROAD-001-20260706-ROAD-OP-060-03,2026-08-13T08:00,2026-08-13T12:40,,,,RISK_ONLY_NO_DATED_DOWNTIME,False,False,False,HIGH,MAINTENANCE_RISK_REVIEW,False,Maintenance risk is review-only without dated downtime; no horizon-wide production block applied.,True,True
PHASE4-MPS-20260721170405,ALT-BASELINE,M-FRAME-JIG-001,WS-FRAME-PREP,,SEG-ALT-BASELINE-PSC-SKU-BIKE-MT-001-20260713-MT-OP-010-01,2026-07-13T08:00,2026-07-13T15:14,,,,RISK_ONLY_NO_DATED_DOWNTIME,False,False,False,HIGH,MAINTENANCE_RISK_REVIEW,False,Maintenance risk is review-only without dated downtime; no horizon-wide production block applied.,True,True
PHASE4-MPS-20260721170405,ALT-BASELINE,M-FRAME-JIG-001,WS-FRAME-PREP,,SEG-ALT-BASELINE-PSC-SKU-BIKE-MT-001-20260713-MT-OP-010-02,2026-07-14T08:00,2026-07-14T15:14,,,,RISK_ONLY_NO_DATED_DOWNTIME,False,False,False,HIGH,MAINTENANCE_RISK_REVIEW,False,Maintenance risk is review-only without dated downtime; no horizon-wide production block applied.,True,True
PHASE4-MPS-20260721170405,ALT-BASELINE,M-FRAME-JIG-001,WS-FRAME-PREP,,SEG-ALT-BASELINE-PSC-SKU-BIKE-MT-001-20260713-MT-OP-010-03,2026-07-15T08:00,2026-07-15T15:14,,,,RISK_ONLY_NO_DATED_DOWNTIME,False,False,False,HIGH,MAINTENANCE_RISK_REVIEW,False,Maintenance risk is review-only without dated downtime; no horizon-wide production block applied.,True,True
PHASE4-MPS-20260721170405,ALT-BASELINE,M-FRAME-JIG-001,WS-FRAME-PREP,,SEG-ALT-BASELINE-PSC-SKU-BIKE-MT-001-20260713-MT-OP-010-04,2026-07-16T08:00,2026-07-16T15:14,,,,RISK_ONLY_NO_DATED_DOWNTIME,False,False,False,HIGH,MAINTENANCE_RISK_REVIEW,False,Maintenance risk is review-only without dated downtime; no horizon-wide production block applied.,True,True
PHASE4-MPS-20260721170405,ALT-BASELINE,M-FRAME-JIG-001,WS-FRAME-PREP,,SEG-ALT-BASELINE-PSC-SKU-BIKE-MT-001-20260713-MT-OP-010-05,2026-07-17T08:00,2026-07-17T14:22,,,,RISK_ONLY_NO_DATED_DOWNTIME,False,False,False,HIGH,MAINTENANCE_RISK_REVIEW,False,Maintenance risk is review-only without dated downtime; no horizon-wide production block applied.,True,True
PHASE4-MPS-20260721170405,ALT-BASELINE,M-FORK-BENCH-001,WS-FORK-SUSP,,SEG-ALT-BASELINE-PSC-SKU-BIKE-MT-001-20260713-MT-OP-020-01,2026-07-17T14:22,2026-07-17T15:14,,,,RISK_ONLY_NO_DATED_DOWNTIME,False,False,False,HIGH,MAINTENANCE_RISK_REVIEW,False,Maintenance risk is review-only without dated downtime; no horizon-wide production block applied.,True,True
PHASE4-MPS-20260721170405,ALT-BASELINE,M-FORK-BENCH-001,WS-FORK-SUSP,,SEG-ALT-BASELINE-PSC-SKU-BIKE-MT-001-20260713-MT-OP-020-02,2026-07-20T08:00,2026-07-20T15:15,,,,RISK_ONLY_NO_DATED_DOWNTIME,False,False,False,HIGH,MAINTENANCE_RISK_REVIEW,False,Maintenance risk is review-only without dated downtime; no horizon-wide production block applied.,True,True
PHASE4-MPS-20260721170405,ALT-BASELINE,M-FORK-BENCH-001,WS-FORK-SUSP,,SEG-ALT-BASELINE-PSC-SKU-BIKE-MT-001-20260713-MT-OP-020-03,2026-07-21T08:00,2026-07-21T15:15,,,,RISK_ONLY_NO_DATED_DOWNTIME,False,False,False,HIGH,MAINTENANCE_RISK_REVIEW,False,Maintenance risk is review-only without dated downtime; no horizon-wide production block applied.,True,True
PHASE4-MPS-20260721170405,ALT-BASELINE,M-FORK-BENCH-001,WS-FORK-SUSP,,SEG-ALT-BASELINE-PSC-SKU-BIKE-MT-001-20260713-MT-OP-020-04,2026-07-22T08:00,2026-07-22T15:15,,,,RISK_ONLY_NO_DATED_DOWNTIME,False,False,False,HIGH,MAINTENANCE_RISK_REVIEW,False,Maintenance risk is review-only without dated downtime; no horizon-wide production block applied.,True,True
PHASE4-MPS-20260721170405,ALT-BASELINE,M-FORK-BENCH-001,WS-FORK-SUSP,,SEG-ALT-BASELINE-PSC-SKU-BIKE-MT-001-20260713-MT-OP-020-05,2026-07-23T08:00,2026-07-23T15:15,,,,RISK_ONLY_NO_DATED_DOWNTIME,False,False,False,HIGH,MAINTENANCE_RISK_REVIEW,False,Maintenance risk is review-only without dated downtime; no horizon-wide production block applied.,True,True
PHASE4-MPS-20260721170405,ALT-BASELINE,M-FORK-BENCH-001,WS-FORK-SUSP,,SEG-ALT-BASELINE-PSC-SKU-BIKE-MT-001-20260713-MT-OP-020-06,2026-07-24T08:00,2026-07-24T15:15,,,,RISK_ONLY_NO_DATED_DOWNTIME,False,False,False,HIGH,MAINTENANCE_RISK_REVIEW,False,Maintenance risk is review-only without dated downtime; no horizon-wide production block applied.,True,True
PHASE4-MPS-20260721170405,ALT-BASELINE,M-FORK-BENCH-001,WS-FORK-SUSP,,SEG-ALT-BASELINE-PSC-SKU-BIKE-MT-001-20260713-MT-OP-020-07,2026-07-27T08:00,2026-07-27T13:54,,,,RISK_ONLY_NO_DATED_DOWNTIME,False,False,False,HIGH,MAINTENANCE_RISK_REVIEW,False,Maintenance risk is review-only without dated downtime; no horizon-wide production block applied.,True,True
PHASE4-MPS-20260721170405,ALT-BASELINE,M-WHEEL-TRUE-001,WS-WHEEL-SUB,,SEG-ALT-BASELINE-PSC-SKU-BIKE-MT-001-20260713-MT-OP-030-01,2026-07-17T14:22,2026-07-17T15:14,,,,RISK_ONLY_NO_DATED_DOWNTIME,False,False,False,HIGH,MAINTENANCE_RISK_REVIEW,False,Maintenance risk is review-only without dated downtime; no horizon-wide production block applied.,True,True
PHASE4-MPS-20260721170405,ALT-BASELINE,M-WHEEL-TRUE-001,WS-WHEEL-SUB,,SEG-ALT-BASELINE-PSC-SKU-BIKE-MT-001-20260713-MT-OP-030-02,2026-07-20T08:00,2026-07-20T15:14,,,,RISK_ONLY_NO_DATED_DOWNTIME,False,False,False,HIGH,MAINTENANCE_RISK_REVIEW,False,Maintenance risk is review-only without dated downtime; no horizon-wide production block applied.,True,True
PHASE4-MPS-20260721170405,ALT-BASELINE,M-WHEEL-TRUE-001,WS-WHEEL-SUB,,SEG-ALT-BASELINE-PSC-SKU-BIKE-MT-001-20260713-MT-OP-030-03,2026-07-21T08:00,2026-07-21T15:14,,,,RISK_ONLY_NO_DATED_DOWNTIME,False,False,False,HIGH,MAINTENANCE_RISK_REVIEW,False,Maintenance risk is review-only without dated downtime; no horizon-wide production block applied.,True,True
PHASE4-MPS-20260721170405,ALT-BASELINE,M-WHEEL-TRUE-001,WS-WHEEL-SUB,,SEG-ALT-BASELINE-PSC-SKU-BIKE-MT-001-20260713-MT-OP-030-04,2026-07-22T08:00,2026-07-22T15:14,,,,RISK_ONLY_NO_DATED_DOWNTIME,False,False,False,HIGH,MAINTENANCE_RISK_REVIEW,False,Maintenance risk is review-only without dated downtime; no horizon-wide production block applied.,True,True
PHASE4-MPS-20260721170405,ALT-BASELINE,M-WHEEL-TRUE-001,WS-WHEEL-SUB,,SEG-ALT-BASELINE-PSC-SKU-BIKE-MT-001-20260713-MT-OP-030-05,2026-07-23T08:00,2026-07-23T15:14,,,,RISK_ONLY_NO_DATED_DOWNTIME,False,False,False,HIGH,MAINTENANCE_RISK_REVIEW,False,Maintenance risk is review-only without dated downtime; no horizon-wide production block applied.,True,True
PHASE4-MPS-20260721170405,ALT-BASELINE,M-WHEEL-TRUE-001,WS-WHEEL-SUB,,SEG-ALT-BASELINE-PSC-SKU-BIKE-MT-001-20260713-MT-OP-030-06,2026-07-24T08:00,2026-07-24T11:58,,,,RISK_ONLY_NO_DATED_DOWNTIME,False,False,False,HIGH,MAINTENANCE_RISK_REVIEW,False,Maintenance risk is review-only without dated downtime; no horizon-wide production block applied.,True,True
PHASE4-MPS-20260721170405,ALT-BASELINE,M-BRAKE-BENCH-001,WS-BRAKE-SUB,,SEG-ALT-BASELINE-PSC-SKU-BIKE-MT-001-20260713-MT-OP-040-01,2026-07-17T14:22,2026-07-17T15:14,,,,RISK_ONLY_NO_DATED_DOWNTIME,False,False,False,HIGH,MAINTENANCE_RISK_REVIEW,False,Maintenance risk is review-only without dated downtime; no horizon-wide production block applied.,True,True
PHASE4-MPS-20260721170405,ALT-BASELINE,M-BRAKE-BENCH-001,WS-BRAKE-SUB,,SEG-ALT-BASELINE-PSC-SKU-BIKE-MT-001-20260713-MT-OP-040-02,2026-07-20T08:00,2026-07-20T15:14,,,,RISK_ONLY_NO_DATED_DOWNTIME,False,False,False,HIGH,MAINTENANCE_RISK_REVIEW,False,Maintenance risk is review-only without dated downtime; no horizon-wide production block applied.,True,True
PHASE4-MPS-20260721170405,ALT-BASELINE,M-BRAKE-BENCH-001,WS-BRAKE-SUB,,SEG-ALT-BASELINE-PSC-SKU-BIKE-MT-001-20260713-MT-OP-040-03,2026-07-21T08:00,2026-07-21T15:14,,,,RISK_ONLY_NO_DATED_DOWNTIME,False,False,False,HIGH,MAINTENANCE_RISK_REVIEW,False,Maintenance risk is review-only without dated downtime; no horizon-wide production block applied.,True,True
PHASE4-MPS-20260721170405,ALT-BASELINE,M-BRAKE-BENCH-001,WS-BRAKE-SUB,,SEG-ALT-BASELINE-PSC-SKU-BIKE-MT-001-20260713-MT-OP-040-04,2026-07-22T08:00,2026-07-22T15:14,,,,RISK_ONLY_NO_DATED_DOWNTIME,False,False,False,HIGH,MAINTENANCE_RISK_REVIEW,False,Maintenance risk is review-only without dated downtime; no horizon-wide production block applied.,True,True
PHASE4-MPS-20260721170405,ALT-BASELINE,M-BRAKE-BENCH-001,WS-BRAKE-SUB,,SEG-ALT-BASELINE-PSC-SKU-BIKE-MT-001-20260713-MT-OP-040-05,2026-07-23T08:00,2026-07-23T12:45,,,,RISK_ONLY_NO_DATED_DOWNTIME,False,False,False,HIGH,MAINTENANCE_RISK_REVIEW,False,Maintenance risk is review-only without dated downtime; no horizon-wide production block applied.,True,True
PHASE4-MPS-20260721170405,ALT-BASELINE,M-FINAL-STAND-001,WS-FINAL-ASM,,SEG-ALT-BASELINE-PSC-SKU-BIKE-MT-001-20260713-MT-OP-050-01,2026-08-07T09:38,2026-08-07T15:14,,,,RISK_ONLY_NO_DATED_DOWNTIME,False,False,False,HIGH,MAINTENANCE_RISK_REVIEW,False,Maintenance risk is review-only without dated downtime; no horizon-wide production block applied.,True,True
PHASE4-MPS-20260721170405,ALT-BASELINE,M-FINAL-STAND-001,WS-FINAL-ASM,,SEG-ALT-BASELINE-PSC-SKU-BIKE-MT-001-20260713-MT-OP-050-02,2026-08-10T08:00,2026-08-10T15:14,,,,RISK_ONLY_NO_DATED_DOWNTIME,False,False,False,HIGH,MAINTENANCE_RISK_REVIEW,False,Maintenance risk is review-only without dated downtime; no horizon-wide production block applied.,True,True
PHASE4-MPS-20260721170405,ALT-BASELINE,M-FINAL-STAND-001,WS-FINAL-ASM,,SEG-ALT-BASELINE-PSC-SKU-BIKE-MT-001-20260713-MT-OP-050-03,2026-08-11T08:00,2026-08-11T15:14,,,,RISK_ONLY_NO_DATED_DOWNTIME,False,False,False,HIGH,MAINTENANCE_RISK_REVIEW,False,Maintenance risk is review-only without dated downtime; no horizon-wide production block applied.,True,True
PHASE4-MPS-20260721170405,ALT-BASELINE,M-FINAL-STAND-001,WS-FINAL-ASM,,SEG-ALT-BASELINE-PSC-SKU-BIKE-MT-001-20260713-MT-OP-050-04,2026-08-12T08:00,2026-08-12T15:14,,,,RISK_ONLY_NO_DATED_DOWNTIME,False,False,False,HIGH,MAINTENANCE_RISK_REVIEW,False,Maintenance risk is review-only without dated downtime; no horizon-wide production block applied.,True,True
PHASE4-MPS-20260721170405,ALT-BASELINE,M-FINAL-STAND-001,WS-FINAL-ASM,,SEG-ALT-BASELINE-PSC-SKU-BIKE-MT-001-20260713-MT-OP-050-05,2026-08-13T08:00,2026-08-13T15:14,,,,RISK_ONLY_NO_DATED_DOWNTIME,False,False,False,HIGH,MAINTENANCE_RISK_REVIEW,False,Maintenance risk is review-only without dated downtime; no horizon-wide production block applied.,True,True
PHASE4-MPS-20260721170405,ALT-BASELINE,M-FINAL-STAND-001,WS-FINAL-ASM,,SEG-ALT-BASELINE-PSC-SKU-BIKE-MT-001-20260713-MT-OP-050-06,2026-08-14T08:00,2026-08-14T11:56,,,,RISK_ONLY_NO_DATED_DOWNTIME,False,False,False,HIGH,MAINTENANCE_RISK_REVIEW,False,Maintenance risk is review-only without dated downtime; no horizon-wide production block applied.,True,True
PHASE4-MPS-20260721170405,ALT-BASELINE,M-QC-TOOLS-001,WS-QC,,SEG-ALT-BASELINE-PSC-SKU-BIKE-MT-001-20260713-MT-OP-060-01,2026-08-14T11:56,2026-08-14T15:14,,,,RISK_ONLY_NO_DATED_DOWNTIME,False,False,False,HIGH,MAINTENANCE_RISK_REVIEW,False,Maintenance risk is review-only without dated downtime; no horizon-wide production block applied.,True,True
PHASE4-MPS-20260721170405,ALT-BASELINE,M-QC-TOOLS-001,WS-QC,,SEG-ALT-BASELINE-PSC-SKU-BIKE-MT-001-20260713-MT-OP-060-02,2026-08-17T08:00,2026-08-17T15:14,,,,RISK_ONLY_NO_DATED_DOWNTIME,False,False,False,HIGH,MAINTENANCE_RISK_REVIEW,False,Maintenance risk is review-only without dated downtime; no horizon-wide production block applied.,True,True
PHASE4-MPS-20260721170405,ALT-BASELINE,M-QC-TOOLS-001,WS-QC,,SEG-ALT-BASELINE-PSC-SKU-BIKE-MT-001-20260713-MT-OP-060-03,2026-08-18T08:00,2026-08-18T15:14,,,,RISK_ONLY_NO_DATED_DOWNTIME,False,False,False,HIGH,MAINTENANCE_RISK_REVIEW,False,Maintenance risk is review-only without dated downtime; no horizon-wide production block applied.,True,True
PHASE4-MPS-20260721170405,ALT-BASELINE,M-QC-TOOLS-001,WS-QC,,SEG-ALT-BASELINE-PSC-SKU-BIKE-MT-001-20260713-MT-OP-060-04,2026-08-19T08:00,2026-08-19T12:59,,,,RISK_ONLY_NO_DATED_DOWNTIME,False,False,False,HIGH,MAINTENANCE_RISK_REVIEW,False,Maintenance risk is review-only without dated downtime; no horizon-wide production block applied.,True,True
PHASE4-MPS-20260721170405,ALT-BASELINE,M-PACK-BENCH-001,WS-PACK,,SEG-ALT-BASELINE-PSC-SKU-BIKE-MT-001-20260713-MT-OP-070-01,2026-08-19T12:59,2026-08-19T15:14,,,,RISK_ONLY_NO_DATED_DOWNTIME,False,False,False,HIGH,MAINTENANCE_RISK_REVIEW,False,Maintenance risk is review-only without dated downtime; no horizon-wide production block applied.,True,True
PHASE4-MPS-20260721170405,ALT-BASELINE,M-PACK-BENCH-001,WS-PACK,,SEG-ALT-BASELINE-PSC-SKU-BIKE-MT-001-20260713-MT-OP-070-02,2026-08-20T08:00,2026-08-20T15:15,,,,RISK_ONLY_NO_DATED_DOWNTIME,False,False,False,HIGH,MAINTENANCE_RISK_REVIEW,False,Maintenance risk is review-only without dated downtime; no horizon-wide production block applied.,True,True
PHASE4-MPS-20260721170405,ALT-BASELINE,M-PACK-BENCH-001,WS-PACK,,SEG-ALT-BASELINE-PSC-SKU-BIKE-MT-001-20260713-MT-OP-070-03,2026-08-21T08:00,2026-08-21T15:15,,,,RISK_ONLY_NO_DATED_DOWNTIME,False,False,False,HIGH,MAINTENANCE_RISK_REVIEW,False,Maintenance risk is review-only without dated downtime; no horizon-wide production block applied.,True,True
PHASE4-MPS-20260721170405,ALT-BASELINE,M-PACK-BENCH-001,WS-PACK,,SEG-ALT-BASELINE-PSC-SKU-BIKE-MT-001-20260713-MT-OP-070-04,2026-08-24T08:00,2026-08-24T08:27,,,,RISK_ONLY_NO_DATED_DOWNTIME,False,False,False,HIGH,MAINTENANCE_RISK_REVIEW,False,Maintenance risk is review-only without dated downtime; no horizon-wide production block applied.,True,True
PHASE4-MPS-20260721170405,ALT-BASELINE,M-FRAME-JIG-001,WS-FRAME-PREP,,SEG-ALT-BASELINE-PSC-SKU-BIKE-ROAD-001-20260713-ROAD-OP-010-01,2026-07-13T08:00,2026-07-13T15:15,,,,RISK_ONLY_NO_DATED_DOWNTIME,False,False,False,HIGH,MAINTENANCE_RISK_REVIEW,False,Maintenance risk is review-only without dated downtime; no horizon-wide production block applied.,True,True
PHASE4-MPS-20260721170405,ALT-BASELINE,M-FRAME-JIG-001,WS-FRAME-PREP,,SEG-ALT-BASELINE-PSC-SKU-BIKE-ROAD-001-20260713-ROAD-OP-010-02,2026-07-14T08:00,2026-07-14T15:15,,,,RISK_ONLY_NO_DATED_DOWNTIME,False,False,False,HIGH,MAINTENANCE_RISK_REVIEW,False,Maintenance risk is review-only without dated downtime; no horizon-wide production block applied.,True,True
PHASE4-MPS-20260721170405,ALT-BASELINE,M-FRAME-JIG-001,WS-FRAME-PREP,,SEG-ALT-BASELINE-PSC-SKU-BIKE-ROAD-001-20260713-ROAD-OP-010-03,2026-07-15T08:00,2026-07-15T15:15,,,,RISK_ONLY_NO_DATED_DOWNTIME,False,False,False,HIGH,MAINTENANCE_RISK_REVIEW,False,Maintenance risk is review-only without dated downtime; no horizon-wide production block applied.,True,True
PHASE4-MPS-20260721170405,ALT-BASELINE,M-FRAME-JIG-001,WS-FRAME-PREP,,SEG-ALT-BASELINE-PSC-SKU-BIKE-ROAD-001-20260713-ROAD-OP-010-04,2026-07-16T08:00,2026-07-16T15:15,,,,RISK_ONLY_NO_DATED_DOWNTIME,False,False,False,HIGH,MAINTENANCE_RISK_REVIEW,False,Maintenance risk is review-only without dated downtime; no horizon-wide production block applied.,True,True
PHASE4-MPS-20260721170405,ALT-BASELINE,M-FRAME-JIG-001,WS-FRAME-PREP,,SEG-ALT-BASELINE-PSC-SKU-BIKE-ROAD-001-20260713-ROAD-OP-010-05,2026-07-17T08:00,2026-07-17T10:15,,,,RISK_ONLY_NO_DATED_DOWNTIME,False,False,False,HIGH,MAINTENANCE_RISK_REVIEW,False,Maintenance risk is review-only without dated downtime; no horizon-wide production block applied.,True,True
PHASE4-MPS-20260721170405,ALT-BASELINE,M-WHEEL-TRUE-001,WS-WHEEL-SUB,,SEG-ALT-BASELINE-PSC-SKU-BIKE-ROAD-001-20260713-ROAD-OP-020-01,2026-07-31T10:47,2026-07-31T15:14,,,,RISK_ONLY_NO_DATED_DOWNTIME,False,False,False,HIGH,MAINTENANCE_RISK_REVIEW,False,Maintenance risk is review-only without dated downtime; no horizon-wide production block applied.,True,True
PHASE4-MPS-20260721170405,ALT-BASELINE,M-WHEEL-TRUE-001,WS-WHEEL-SUB,,SEG-ALT-BASELINE-PSC-SKU-BIKE-ROAD-001-20260713-ROAD-OP-020-02,2026-08-03T08:00,2026-08-03T15:15,,,,RISK_ONLY_NO_DATED_DOWNTIME,False,False,False,HIGH,MAINTENANCE_RISK_REVIEW,False,Maintenance risk is review-only without dated downtime; no horizon-wide production block applied.,True,True
PHASE4-MPS-20260721170405,ALT-BASELINE,M-WHEEL-TRUE-001,WS-WHEEL-SUB,,SEG-ALT-BASELINE-PSC-SKU-BIKE-ROAD-001-20260713-ROAD-OP-020-03,2026-08-04T08:00,2026-08-04T15:15,,,,RISK_ONLY_NO_DATED_DOWNTIME,False,False,False,HIGH,MAINTENANCE_RISK_REVIEW,False,Maintenance risk is review-only without dated downtime; no horizon-wide production block applied.,True,True
PHASE4-MPS-20260721170405,ALT-BASELINE,M-WHEEL-TRUE-001,WS-WHEEL-SUB,,SEG-ALT-BASELINE-PSC-SKU-BIKE-ROAD-001-20260713-ROAD-OP-020-04,2026-08-05T08:00,2026-08-05T11:36,,,,RISK_ONLY_NO_DATED_DOWNTIME,False,False,False,HIGH,MAINTENANCE_RISK_REVIEW,False,Maintenance risk is review-only without dated downtime; no horizon-wide production block applied.,True,True
PHASE4-MPS-20260721170405,ALT-BASELINE,M-BRAKE-BENCH-001,WS-BRAKE-SUB,,SEG-ALT-BASELINE-PSC-SKU-BIKE-ROAD-001-20260713-ROAD-OP-030-01,2026-07-31T10:47,2026-07-31T15:14,,,,RISK_ONLY_NO_DATED_DOWNTIME,False,False,False,HIGH,MAINTENANCE_RISK_REVIEW,False,Maintenance risk is review-only without dated downtime; no horizon-wide production block applied.,True,True
PHASE4-MPS-20260721170405,ALT-BASELINE,M-BRAKE-BENCH-001,WS-BRAKE-SUB,,SEG-ALT-BASELINE-PSC-SKU-BIKE-ROAD-001-20260713-ROAD-OP-030-02,2026-08-03T08:00,2026-08-03T15:14,,,,RISK_ONLY_NO_DATED_DOWNTIME,False,False,False,HIGH,MAINTENANCE_RISK_REVIEW,False,Maintenance risk is review-only without dated downtime; no horizon-wide production block applied.,True,True
PHASE4-MPS-20260721170405,ALT-BASELINE,M-BRAKE-BENCH-001,WS-BRAKE-SUB,,SEG-ALT-BASELINE-PSC-SKU-BIKE-ROAD-001-20260713-ROAD-OP-030-03,2026-08-04T08:00,2026-08-04T13:35,,,,RISK_ONLY_NO_DATED_DOWNTIME,False,False,False,HIGH,MAINTENANCE_RISK_REVIEW,False,Maintenance risk is review-only without dated downtime; no horizon-wide production block applied.,True,True
PHASE4-MPS-20260721170405,ALT-BASELINE,M-FINAL-STAND-001,WS-FINAL-ASM,,SEG-ALT-BASELINE-PSC-SKU-BIKE-ROAD-001-20260713-ROAD-OP-040-01,2026-08-14T11:56,2026-08-14T15:14,,,,RISK_ONLY_NO_DATED_DOWNTIME,False,False,False,HIGH,MAINTENANCE_RISK_REVIEW,False,Maintenance risk is review-only without dated downtime; no horizon-wide production block applied.,True,True
PHASE4-MPS-20260721170405,ALT-BASELINE,M-FINAL-STAND-001,WS-FINAL-ASM,,SEG-ALT-BASELINE-PSC-SKU-BIKE-ROAD-001-20260713-ROAD-OP-040-02,2026-08-17T08:00,2026-08-17T15:15,,,,RISK_ONLY_NO_DATED_DOWNTIME,False,False,False,HIGH,MAINTENANCE_RISK_REVIEW,False,Maintenance risk is review-only without dated downtime; no horizon-wide production block applied.,True,True
PHASE4-MPS-20260721170405,ALT-BASELINE,M-FINAL-STAND-001,WS-FINAL-ASM,,SEG-ALT-BASELINE-PSC-SKU-BIKE-ROAD-001-20260713-ROAD-OP-040-03,2026-08-18T08:00,2026-08-18T15:15,,,,RISK_ONLY_NO_DATED_DOWNTIME,False,False,False,HIGH,MAINTENANCE_RISK_REVIEW,False,Maintenance risk is review-only without dated downtime; no horizon-wide production block applied.,True,True
PHASE4-MPS-20260721170405,ALT-BASELINE,M-FINAL-STAND-001,WS-FINAL-ASM,,SEG-ALT-BASELINE-PSC-SKU-BIKE-ROAD-001-20260713-ROAD-OP-040-04,2026-08-19T08:00,2026-08-19T15:15,,,,RISK_ONLY_NO_DATED_DOWNTIME,False,False,False,HIGH,MAINTENANCE_RISK_REVIEW,False,Maintenance risk is review-only without dated downtime; no horizon-wide production block applied.,True,True
PHASE4-MPS-20260721170405,ALT-BASELINE,M-FINAL-STAND-001,WS-FINAL-ASM,,SEG-ALT-BASELINE-PSC-SKU-BIKE-ROAD-001-20260713-ROAD-OP-040-05,2026-08-20T08:00,2026-08-20T15:15,,,,RISK_ONLY_NO_DATED_DOWNTIME,False,False,False,HIGH,MAINTENANCE_RISK_REVIEW,False,Maintenance risk is review-only without dated downtime; no horizon-wide production block applied.,True,True
PHASE4-MPS-20260721170405,ALT-BASELINE,M-FINAL-STAND-001,WS-FINAL-ASM,,SEG-ALT-BASELINE-PSC-SKU-BIKE-ROAD-001-20260713-ROAD-OP-040-06,2026-08-21T08:00,2026-08-21T15:15,,,,RISK_ONLY_NO_DATED_DOWNTIME,False,False,False,HIGH,MAINTENANCE_RISK_REVIEW,False,Maintenance risk is review-only without dated downtime; no horizon-wide production block applied.,True,True
PHASE4-MPS-20260721170405,ALT-BASELINE,M-FINAL-STAND-001,WS-FINAL-ASM,,SEG-ALT-BASELINE-PSC-SKU-BIKE-ROAD-001-20260713-ROAD-OP-040-07,2026-08-24T08:00,2026-08-24T09:35,,,,RISK_ONLY_NO_DATED_DOWNTIME,False,False,False,HIGH,MAINTENANCE_RISK_REVIEW,False,Maintenance risk is review-only without dated downtime; no horizon-wide production block applied.,True,True
PHASE4-MPS-20260721170405,ALT-BASELINE,M-QC-TOOLS-001,WS-QC,,SEG-ALT-BASELINE-PSC-SKU-BIKE-ROAD-001-20260713-ROAD-OP-050-01,2026-08-24T09:35,2026-08-24T15:14,,,,RISK_ONLY_NO_DATED_DOWNTIME,False,False,False,HIGH,MAINTENANCE_RISK_REVIEW,False,Maintenance risk is review-only without dated downtime; no horizon-wide production block applied.,True,True
PHASE4-MPS-20260721170405,ALT-BASELINE,M-QC-TOOLS-001,WS-QC,,SEG-ALT-BASELINE-PSC-SKU-BIKE-ROAD-001-20260713-ROAD-OP-050-02,2026-08-25T08:00,2026-08-25T15:14,,,,RISK_ONLY_NO_DATED_DOWNTIME,False,False,False,HIGH,MAINTENANCE_RISK_REVIEW,False,Maintenance risk is review-only without dated downtime; no horizon-wide production block applied.,True,True
PHASE4-MPS-20260721170405,ALT-BASELINE,M-QC-TOOLS-001,WS-QC,,SEG-ALT-BASELINE-PSC-SKU-BIKE-ROAD-001-20260713-ROAD-OP-050-03,2026-08-26T08:00,2026-08-26T13:47,,,,RISK_ONLY_NO_DATED_DOWNTIME,False,False,False,HIGH,MAINTENANCE_RISK_REVIEW,False,Maintenance risk is review-only without dated downtime; no horizon-wide production block applied.,True,True
PHASE4-MPS-20260721170405,ALT-BASELINE,M-PACK-BENCH-001,WS-PACK,,SEG-ALT-BASELINE-PSC-SKU-BIKE-ROAD-001-20260713-ROAD-OP-060-01,2026-08-26T13:47,2026-08-26T15:14,,,,RISK_ONLY_NO_DATED_DOWNTIME,False,False,False,HIGH,MAINTENANCE_RISK_REVIEW,False,Maintenance risk is review-only without dated downtime; no horizon-wide production block applied.,True,True
PHASE4-MPS-20260721170405,ALT-BASELINE,M-PACK-BENCH-001,WS-PACK,,SEG-ALT-BASELINE-PSC-SKU-BIKE-ROAD-001-20260713-ROAD-OP-060-02,2026-08-27T08:00,2026-08-27T15:14,,,,RISK_ONLY_NO_DATED_DOWNTIME,False,False,False,HIGH,MAINTENANCE_RISK_REVIEW,False,Maintenance risk is review-only without dated downtime; no horizon-wide production block applied.,True,True
PHASE4-MPS-20260721170405,ALT-BASELINE,M-PACK-BENCH-001,WS-PACK,,SEG-ALT-BASELINE-PSC-SKU-BIKE-ROAD-001-20260713-ROAD-OP-060-03,2026-08-28T08:00,2026-08-28T14:28,,,,RISK_ONLY_NO_DATED_DOWNTIME,False,False,False,HIGH,MAINTENANCE_RISK_REVIEW,False,Maintenance risk is review-only without dated downtime; no horizon-wide production block applied.,True,True
PHASE4-MPS-20260721170405,ALT-BASELINE,M-FRAME-JIG-001,WS-FRAME-PREP,,SEG-ALT-BASELINE-PSC-SKU-BIKE-MT-001-20260720-MT-OP-010-01,2026-07-20T08:00,2026-07-20T15:14,,,,RISK_ONLY_NO_DATED_DOWNTIME,False,False,False,HIGH,MAINTENANCE_RISK_REVIEW,False,Maintenance risk is review-only without dated downtime; no horizon-wide production block applied.,True,True
PHASE4-MPS-20260721170405,ALT-BASELINE,M-FRAME-JIG-001,WS-FRAME-PREP,,SEG-ALT-BASELINE-PSC-SKU-BIKE-MT-001-20260720-MT-OP-010-02,2026-07-21T08:00,2026-07-21T15:14,,,,RISK_ONLY_NO_DATED_DOWNTIME,False,False,False,HIGH,MAINTENANCE_RISK_REVIEW,False,Maintenance risk is review-only without dated downtime; no horizon-wide production block applied.,True,True
PHASE4-MPS-20260721170405,ALT-BASELINE,M-FRAME-JIG-001,WS-FRAME-PREP,,SEG-ALT-BASELINE-PSC-SKU-BIKE-MT-001-20260720-MT-OP-010-03,2026-07-22T08:00,2026-07-22T15:14,,,,RISK_ONLY_NO_DATED_DOWNTIME,False,False,False,HIGH,MAINTENANCE_RISK_REVIEW,False,Maintenance risk is review-only without dated downtime; no horizon-wide production block applied.,True,True
PHASE4-MPS-20260721170405,ALT-BASELINE,M-FRAME-JIG-001,WS-FRAME-PREP,,SEG-ALT-BASELINE-PSC-SKU-BIKE-MT-001-20260720-MT-OP-010-04,2026-07-23T08:00,2026-07-23T14:22,,,,RISK_ONLY_NO_DATED_DOWNTIME,False,False,False,HIGH,MAINTENANCE_RISK_REVIEW,False,Maintenance risk is review-only without dated downtime; no horizon-wide production block applied.,True,True
PHASE4-MPS-20260721170405,ALT-BASELINE,M-FORK-BENCH-001,WS-FORK-SUSP,,SEG-ALT-BASELINE-PSC-SKU-BIKE-MT-001-20260720-MT-OP-020-01,2026-08-07T09:38,2026-08-07T15:14,,,,RISK_ONLY_NO_DATED_DOWNTIME,False,False,False,HIGH,MAINTENANCE_RISK_REVIEW,False,Maintenance risk is review-only without dated downtime; no horizon-wide production block applied.,True,True
PHASE4-MPS-20260721170405,ALT-BASELINE,M-FORK-BENCH-001,WS-FORK-SUSP,,SEG-ALT-BASELINE-PSC-SKU-BIKE-MT-001-20260720-MT-OP-020-02,2026-08-10T08:00,2026-08-10T15:15,,,,RISK_ONLY_NO_DATED_DOWNTIME,False,False,False,HIGH,MAINTENANCE_RISK_REVIEW,False,Maintenance risk is review-only without dated downtime; no horizon-wide production block applied.,True,True
PHASE4-MPS-20260721170405,ALT-BASELINE,M-FORK-BENCH-001,WS-FORK-SUSP,,SEG-ALT-BASELINE-PSC-SKU-BIKE-MT-001-20260720-MT-OP-020-03,2026-08-11T08:00,2026-08-11T15:15,,,,RISK_ONLY_NO_DATED_DOWNTIME,False,False,False,HIGH,MAINTENANCE_RISK_REVIEW,False,Maintenance risk is review-only without dated downtime; no horizon-wide production block applied.,True,True
PHASE4-MPS-20260721170405,ALT-BASELINE,M-FORK-BENCH-001,WS-FORK-SUSP,,SEG-ALT-BASELINE-PSC-SKU-BIKE-MT-001-20260720-MT-OP-020-04,2026-08-12T08:00,2026-08-12T15:15,,,,RISK_ONLY_NO_DATED_DOWNTIME,False,False,False,HIGH,MAINTENANCE_RISK_REVIEW,False,Maintenance risk is review-only without dated downtime; no horizon-wide production block applied.,True,True
PHASE4-MPS-20260721170405,ALT-BASELINE,M-FORK-BENCH-001,WS-FORK-SUSP,,SEG-ALT-BASELINE-PSC-SKU-BIKE-MT-001-20260720-MT-OP-020-05,2026-08-13T08:00,2026-08-13T14:46,,,,RISK_ONLY_NO_DATED_DOWNTIME,False,False,False,HIGH,MAINTENANCE_RISK_REVIEW,False,Maintenance risk is review-only without dated downtime; no horizon-wide production block applied.,True,True
PHASE4-MPS-20260721170405,ALT-BASELINE,M-WHEEL-TRUE-001,WS-WHEEL-SUB,,SEG-ALT-BASELINE-PSC-SKU-BIKE-MT-001-20260720-MT-OP-030-01,2026-08-07T09:38,2026-08-07T15:14,,,,RISK_ONLY_NO_DATED_DOWNTIME,False,False,False,HIGH,MAINTENANCE_RISK_REVIEW,False,Maintenance risk is review-only without dated downtime; no horizon-wide production block applied.,True,True
PHASE4-MPS-20260721170405,ALT-BASELINE,M-WHEEL-TRUE-001,WS-WHEEL-SUB,,SEG-ALT-BASELINE-PSC-SKU-BIKE-MT-001-20260720-MT-OP-030-02,2026-08-10T08:00,2026-08-10T15:14,,,,RISK_ONLY_NO_DATED_DOWNTIME,False,False,False,HIGH,MAINTENANCE_RISK_REVIEW,False,Maintenance risk is review-only without dated downtime; no horizon-wide production block applied.,True,True
PHASE4-MPS-20260721170405,ALT-BASELINE,M-WHEEL-TRUE-001,WS-WHEEL-SUB,,SEG-ALT-BASELINE-PSC-SKU-BIKE-MT-001-20260720-MT-OP-030-03,2026-08-11T08:00,2026-08-11T15:14,,,,RISK_ONLY_NO_DATED_DOWNTIME,False,False,False,HIGH,MAINTENANCE_RISK_REVIEW,False,Maintenance risk is review-only without dated downtime; no horizon-wide production block applied.,True,True
PHASE4-MPS-20260721170405,ALT-BASELINE,M-WHEEL-TRUE-001,WS-WHEEL-SUB,,SEG-ALT-BASELINE-PSC-SKU-BIKE-MT-001-20260720-MT-OP-030-04,2026-08-12T08:00,2026-08-12T11:38,,,,RISK_ONLY_NO_DATED_DOWNTIME,False,False,False,HIGH,MAINTENANCE_RISK_REVIEW,False,Maintenance risk is review-only without dated downtime; no horizon-wide production block applied.,True,True
PHASE4-MPS-20260721170405,ALT-BASELINE,M-BRAKE-BENCH-001,WS-BRAKE-SUB,,SEG-ALT-BASELINE-PSC-SKU-BIKE-MT-001-20260720-MT-OP-040-01,2026-08-07T09:38,2026-08-07T15:14,,,,RISK_ONLY_NO_DATED_DOWNTIME,False,False,False,HIGH,MAINTENANCE_RISK_REVIEW,False,Maintenance risk is review-only without dated downtime; no horizon-wide production block applied.,True,True
PHASE4-MPS-20260721170405,ALT-BASELINE,M-BRAKE-BENCH-001,WS-BRAKE-SUB,,SEG-ALT-BASELINE-PSC-SKU-BIKE-MT-001-20260720-MT-OP-040-02,2026-08-10T08:00,2026-08-10T15:14,,,,RISK_ONLY_NO_DATED_DOWNTIME,False,False,False,HIGH,MAINTENANCE_RISK_REVIEW,False,Maintenance risk is review-only without dated downtime; no horizon-wide production block applied.,True,True
PHASE4-MPS-20260721170405,ALT-BASELINE,M-BRAKE-BENCH-001,WS-BRAKE-SUB,,SEG-ALT-BASELINE-PSC-SKU-BIKE-MT-001-20260720-MT-OP-040-03,2026-08-11T08:00,2026-08-11T13:10,,,,RISK_ONLY_NO_DATED_DOWNTIME,False,False,False,HIGH,MAINTENANCE_RISK_REVIEW,False,Maintenance risk is review-only without dated downtime; no horizon-wide production block applied.,True,True
PHASE4-MPS-20260721170405,ALT-BASELINE,M-FINAL-STAND-001,WS-FINAL-ASM,,SEG-ALT-BASELINE-PSC-SKU-BIKE-MT-001-20260720-MT-OP-050-01,2026-08-24T09:35,2026-08-24T15:14,,,,RISK_ONLY_NO_DATED_DOWNTIME,False,False,False,HIGH,MAINTENANCE_RISK_REVIEW,False,Maintenance risk is review-only without dated downtime; no horizon-wide production block applied.,True,True
PHASE4-MPS-20260721170405,ALT-BASELINE,M-FINAL-STAND-001,WS-FINAL-ASM,,SEG-ALT-BASELINE-PSC-SKU-BIKE-MT-001-20260720-MT-OP-050-02,2026-08-25T08:00,2026-08-25T15:14,,,,RISK_ONLY_NO_DATED_DOWNTIME,False,False,False,HIGH,MAINTENANCE_RISK_REVIEW,False,Maintenance risk is review-only without dated downtime; no horizon-wide production block applied.,True,True
PHASE4-MPS-20260721170405,ALT-BASELINE,M-FINAL-STAND-001,WS-FINAL-ASM,,SEG-ALT-BASELINE-PSC-SKU-BIKE-MT-001-20260720-MT-OP-050-03,2026-08-26T08:00,2026-08-26T15:14,,,,RISK_ONLY_NO_DATED_DOWNTIME,False,False,False,HIGH,MAINTENANCE_RISK_REVIEW,False,Maintenance risk is review-only without dated downtime; no horizon-wide production block applied.,True,True
PHASE4-MPS-20260721170405,ALT-BASELINE,M-FINAL-STAND-001,WS-FINAL-ASM,,SEG-ALT-BASELINE-PSC-SKU-BIKE-MT-001-20260720-MT-OP-050-04,2026-08-27T08:00,2026-08-27T15:14,,,,RISK_ONLY_NO_DATED_DOWNTIME,False,False,False,HIGH,MAINTENANCE_RISK_REVIEW,False,Maintenance risk is review-only without dated downtime; no horizon-wide production block applied.,True,True
PHASE4-MPS-20260721170405,ALT-BASELINE,M-FINAL-STAND-001,WS-FINAL-ASM,,SEG-ALT-BASELINE-PSC-SKU-BIKE-MT-001-20260720-MT-OP-050-05,2026-08-28T08:00,2026-08-28T15:14,,,,RISK_ONLY_NO_DATED_DOWNTIME,False,False,False,HIGH,MAINTENANCE_RISK_REVIEW,False,Maintenance risk is review-only without dated downtime; no horizon-wide production block applied.,True,True
PHASE4-MPS-20260721170405,ALT-BASELINE,M-FINAL-STAND-001,WS-FINAL-ASM,,SEG-ALT-BASELINE-PSC-SKU-BIKE-MT-001-20260720-MT-OP-050-06,2026-08-31T08:00,2026-08-31T15:14,,,,RISK_ONLY_NO_DATED_DOWNTIME,False,False,False,HIGH,MAINTENANCE_RISK_REVIEW,False,Maintenance risk is review-only without dated downtime; no horizon-wide production block applied.,True,True
PHASE4-MPS-20260721170405,ALT-BASELINE,M-FINAL-STAND-001,WS-FINAL-ASM,,SEG-ALT-BASELINE-PSC-SKU-BIKE-MT-001-20260720-MT-OP-050-07,2026-09-01T08:00,2026-09-01T15:14,,,,RISK_ONLY_NO_DATED_DOWNTIME,False,False,False,HIGH,MAINTENANCE_RISK_REVIEW,False,Maintenance risk is review-only without dated downtime; no horizon-wide production block applied.,True,True
PHASE4-MPS-20260721170405,ALT-BASELINE,M-FINAL-STAND-001,WS-FINAL-ASM,,SEG-ALT-BASELINE-PSC-SKU-BIKE-MT-001-20260720-MT-OP-050-08,2026-09-02T08:00,2026-09-02T13:44,,,,RISK_ONLY_NO_DATED_DOWNTIME,False,False,False,HIGH,MAINTENANCE_RISK_REVIEW,False,Maintenance risk is review-only without dated downtime; no horizon-wide production block applied.,True,True
PHASE4-MPS-20260721170405,ALT-BASELINE,M-QC-TOOLS-001,WS-QC,,SEG-ALT-BASELINE-PSC-SKU-BIKE-MT-001-20260720-MT-OP-060-01,2026-09-02T13:44,2026-09-02T15:14,,,,RISK_ONLY_NO_DATED_DOWNTIME,False,False,False,HIGH,MAINTENANCE_RISK_REVIEW,False,Maintenance risk is review-only without dated downtime; no horizon-wide production block applied.,True,True
PHASE4-MPS-20260721170405,ALT-BASELINE,M-QC-TOOLS-001,WS-QC,,SEG-ALT-BASELINE-PSC-SKU-BIKE-MT-001-20260720-MT-OP-060-02,2026-09-03T08:00,2026-09-03T15:14,,,,RISK_ONLY_NO_DATED_DOWNTIME,False,False,False,HIGH,MAINTENANCE_RISK_REVIEW,False,Maintenance risk is review-only without dated downtime; no horizon-wide production block applied.,True,True
PHASE4-MPS-20260721170405,ALT-BASELINE,M-QC-TOOLS-001,WS-QC,,SEG-ALT-BASELINE-PSC-SKU-BIKE-MT-001-20260720-MT-OP-060-03,2026-09-04T08:00,2026-09-04T15:14,,,,RISK_ONLY_NO_DATED_DOWNTIME,False,False,False,HIGH,MAINTENANCE_RISK_REVIEW,False,Maintenance risk is review-only without dated downtime; no horizon-wide production block applied.,True,True
PHASE4-MPS-20260721170405,ALT-BASELINE,M-QC-TOOLS-001,WS-QC,,SEG-ALT-BASELINE-PSC-SKU-BIKE-MT-001-20260720-MT-OP-060-04,2026-09-07T08:00,2026-09-07T14:47,,,,RISK_ONLY_NO_DATED_DOWNTIME,False,False,False,HIGH,MAINTENANCE_RISK_REVIEW,False,Maintenance risk is review-only without dated downtime; no horizon-wide production block applied.,True,True
PHASE4-MPS-20260721170405,ALT-BASELINE,M-PACK-BENCH-001,WS-PACK,,SEG-ALT-BASELINE-PSC-SKU-BIKE-MT-001-20260720-MT-OP-070-01,2026-09-07T14:47,2026-09-07T15:14,,,,RISK_ONLY_NO_DATED_DOWNTIME,False,False,False,HIGH,MAINTENANCE_RISK_REVIEW,False,Maintenance risk is review-only without dated downtime; no horizon-wide production block applied.,True,True
PHASE4-MPS-20260721170405,ALT-BASELINE,M-PACK-BENCH-001,WS-PACK,,SEG-ALT-BASELINE-PSC-SKU-BIKE-MT-001-20260720-MT-OP-070-02,2026-09-08T08:00,2026-09-08T15:15,,,,RISK_ONLY_NO_DATED_DOWNTIME,False,False,False,HIGH,MAINTENANCE_RISK_REVIEW,False,Maintenance risk is review-only without dated downtime; no horizon-wide production block applied.,True,True
PHASE4-MPS-20260721170405,ALT-BASELINE,M-PACK-BENCH-001,WS-PACK,,SEG-ALT-BASELINE-PSC-SKU-BIKE-MT-001-20260720-MT-OP-070-03,2026-09-09T08:00,2026-09-09T15:15,,,,RISK_ONLY_NO_DATED_DOWNTIME,False,False,False,HIGH,MAINTENANCE_RISK_REVIEW,False,Maintenance risk is review-only without dated downtime; no horizon-wide production block applied.,True,True
PHASE4-MPS-20260721170405,ALT-BASELINE,M-PACK-BENCH-001,WS-PACK,,SEG-ALT-BASELINE-PSC-SKU-BIKE-MT-001-20260720-MT-OP-070-04,2026-09-10T08:00,2026-09-10T10:15,,,,RISK_ONLY_NO_DATED_DOWNTIME,False,False,False,HIGH,MAINTENANCE_RISK_REVIEW,False,Maintenance risk is review-only without dated downtime; no horizon-wide production block applied.,True,True
PHASE4-MPS-20260721170405,ALT-BASELINE,M-FRAME-JIG-001,WS-FRAME-PREP,,SEG-ALT-BASELINE-PSC-SKU-BIKE-ROAD-001-20260720-ROAD-OP-010-01,2026-07-31T10:47,2026-07-31T15:14,,,,RISK_ONLY_NO_DATED_DOWNTIME,False,False,False,HIGH,MAINTENANCE_RISK_REVIEW,False,Maintenance risk is review-only without dated downtime; no horizon-wide production block applied.,True,True
PHASE4-MPS-20260721170405,ALT-BASELINE,M-FRAME-JIG-001,WS-FRAME-PREP,,SEG-ALT-BASELINE-PSC-SKU-BIKE-ROAD-001-20260720-ROAD-OP-010-02,2026-08-03T08:00,2026-08-03T15:15,,,,RISK_ONLY_NO_DATED_DOWNTIME,False,False,False,HIGH,MAINTENANCE_RISK_REVIEW,False,Maintenance risk is review-only without dated downtime; no horizon-wide production block applied.,True,True
PHASE4-MPS-20260721170405,ALT-BASELINE,M-FRAME-JIG-001,WS-FRAME-PREP,,SEG-ALT-BASELINE-PSC-SKU-BIKE-ROAD-001-20260720-ROAD-OP-010-03,2026-08-04T08:00,2026-08-04T14:23,,,,RISK_ONLY_NO_DATED_DOWNTIME,False,False,False,HIGH,MAINTENANCE_RISK_REVIEW,False,Maintenance risk is review-only without dated downtime; no horizon-wide production block applied.,True,True
PHASE4-MPS-20260721170405,ALT-BASELINE,M-WHEEL-TRUE-001,WS-WHEEL-SUB,,SEG-ALT-BASELINE-PSC-SKU-BIKE-ROAD-001-20260720-ROAD-OP-020-01,2026-08-14T11:56,2026-08-14T15:14,,,,RISK_ONLY_NO_DATED_DOWNTIME,False,False,False,HIGH,MAINTENANCE_RISK_REVIEW,False,Maintenance risk is review-only without dated downtime; no horizon-wide production block applied.,True,True
PHASE4-MPS-20260721170405,ALT-BASELINE,M-WHEEL-TRUE-001,WS-WHEEL-SUB,,SEG-ALT-BASELINE-PSC-SKU-BIKE-ROAD-001-20260720-ROAD-OP-020-02,2026-08-17T08:00,2026-08-17T15:15,,,,RISK_ONLY_NO_DATED_DOWNTIME,False,False,False,HIGH,MAINTENANCE_RISK_REVIEW,False,Maintenance risk is review-only without dated downtime; no horizon-wide production block applied.,True,True
PHASE4-MPS-20260721170405,ALT-BASELINE,M-WHEEL-TRUE-001,WS-WHEEL-SUB,,SEG-ALT-BASELINE-PSC-SKU-BIKE-ROAD-001-20260720-ROAD-OP-020-03,2026-08-18T08:00,2026-08-18T15:15,,,,RISK_ONLY_NO_DATED_DOWNTIME,False,False,False,HIGH,MAINTENANCE_RISK_REVIEW,False,Maintenance risk is review-only without dated downtime; no horizon-wide production block applied.,True,True
PHASE4-MPS-20260721170405,ALT-BASELINE,M-WHEEL-TRUE-001,WS-WHEEL-SUB,,SEG-ALT-BASELINE-PSC-SKU-BIKE-ROAD-001-20260720-ROAD-OP-020-04,2026-08-19T08:00,2026-08-19T15:15,,,,RISK_ONLY_NO_DATED_DOWNTIME,False,False,False,HIGH,MAINTENANCE_RISK_REVIEW,False,Maintenance risk is review-only without dated downtime; no horizon-wide production block applied.,True,True
PHASE4-MPS-20260721170405,ALT-BASELINE,M-WHEEL-TRUE-001,WS-WHEEL-SUB,,SEG-ALT-BASELINE-PSC-SKU-BIKE-ROAD-001-20260720-ROAD-OP-020-05,2026-08-20T08:00,2026-08-20T09:24,,,,RISK_ONLY_NO_DATED_DOWNTIME,False,False,False,HIGH,MAINTENANCE_RISK_REVIEW,False,Maintenance risk is review-only without dated downtime; no horizon-wide production block applied.,True,True
PHASE4-MPS-20260721170405,ALT-BASELINE,M-BRAKE-BENCH-001,WS-BRAKE-SUB,,SEG-ALT-BASELINE-PSC-SKU-BIKE-ROAD-001-20260720-ROAD-OP-030-01,2026-08-14T11:56,2026-08-14T15:14,,,,RISK_ONLY_NO_DATED_DOWNTIME,False,False,False,HIGH,MAINTENANCE_RISK_REVIEW,False,Maintenance risk is review-only without dated downtime; no horizon-wide production block applied.,True,True
PHASE4-MPS-20260721170405,ALT-BASELINE,M-BRAKE-BENCH-001,WS-BRAKE-SUB,,SEG-ALT-BASELINE-PSC-SKU-BIKE-ROAD-001-20260720-ROAD-OP-030-02,2026-08-17T08:00,2026-08-17T15:14,,,,RISK_ONLY_NO_DATED_DOWNTIME,False,False,False,HIGH,MAINTENANCE_RISK_REVIEW,False,Maintenance risk is review-only without dated downtime; no horizon-wide production block applied.,True,True
PHASE4-MPS-20260721170405,ALT-BASELINE,M-BRAKE-BENCH-001,WS-BRAKE-SUB,,SEG-ALT-BASELINE-PSC-SKU-BIKE-ROAD-001-20260720-ROAD-OP-030-03,2026-08-18T08:00,2026-08-18T15:14,,,,RISK_ONLY_NO_DATED_DOWNTIME,False,False,False,HIGH,MAINTENANCE_RISK_REVIEW,False,Maintenance risk is review-only without dated downtime; no horizon-wide production block applied.,True,True
PHASE4-MPS-20260721170405,ALT-BASELINE,M-BRAKE-BENCH-001,WS-BRAKE-SUB,,SEG-ALT-BASELINE-PSC-SKU-BIKE-ROAD-001-20260720-ROAD-OP-030-04,2026-08-19T08:00,2026-08-19T09:38,,,,RISK_ONLY_NO_DATED_DOWNTIME,False,False,False,HIGH,MAINTENANCE_RISK_REVIEW,False,Maintenance risk is review-only without dated downtime; no horizon-wide production block applied.,True,True
PHASE4-MPS-20260721170405,ALT-BASELINE,M-FINAL-STAND-001,WS-FINAL-ASM,,SEG-ALT-BASELINE-PSC-SKU-BIKE-ROAD-001-20260720-ROAD-OP-040-01,2026-09-02T13:44,2026-09-02T15:14,,,,RISK_ONLY_NO_DATED_DOWNTIME,False,False,False,HIGH,MAINTENANCE_RISK_REVIEW,False,Maintenance risk is review-only without dated downtime; no horizon-wide production block applied.,True,True
PHASE4-MPS-20260721170405,ALT-BASELINE,M-FINAL-STAND-001,WS-FINAL-ASM,,SEG-ALT-BASELINE-PSC-SKU-BIKE-ROAD-001-20260720-ROAD-OP-040-02,2026-09-03T08:00,2026-09-03T15:15,,,,RISK_ONLY_NO_DATED_DOWNTIME,False,False,False,HIGH,MAINTENANCE_RISK_REVIEW,False,Maintenance risk is review-only without dated downtime; no horizon-wide production block applied.,True,True
PHASE4-MPS-20260721170405,ALT-BASELINE,M-FINAL-STAND-001,WS-FINAL-ASM,,SEG-ALT-BASELINE-PSC-SKU-BIKE-ROAD-001-20260720-ROAD-OP-040-03,2026-09-04T08:00,2026-09-04T15:15,,,,RISK_ONLY_NO_DATED_DOWNTIME,False,False,False,HIGH,MAINTENANCE_RISK_REVIEW,False,Maintenance risk is review-only without dated downtime; no horizon-wide production block applied.,True,True
PHASE4-MPS-20260721170405,ALT-BASELINE,M-FINAL-STAND-001,WS-FINAL-ASM,,SEG-ALT-BASELINE-PSC-SKU-BIKE-ROAD-001-20260720-ROAD-OP-040-04,2026-09-07T08:00,2026-09-07T15:15,,,,RISK_ONLY_NO_DATED_DOWNTIME,False,False,False,HIGH,MAINTENANCE_RISK_REVIEW,False,Maintenance risk is review-only without dated downtime; no horizon-wide production block applied.,True,True
PHASE4-MPS-20260721170405,ALT-BASELINE,M-FINAL-STAND-001,WS-FINAL-ASM,,SEG-ALT-BASELINE-PSC-SKU-BIKE-ROAD-001-20260720-ROAD-OP-040-05,2026-09-08T08:00,2026-09-08T15:15,,,,RISK_ONLY_NO_DATED_DOWNTIME,False,False,False,HIGH,MAINTENANCE_RISK_REVIEW,False,Maintenance risk is review-only without dated downtime; no horizon-wide production block applied.,True,True
PHASE4-MPS-20260721170405,ALT-BASELINE,M-FINAL-STAND-001,WS-FINAL-ASM,,SEG-ALT-BASELINE-PSC-SKU-BIKE-ROAD-001-20260720-ROAD-OP-040-06,2026-09-09T08:00,2026-09-09T15:15,,,,RISK_ONLY_NO_DATED_DOWNTIME,False,False,False,HIGH,MAINTENANCE_RISK_REVIEW,False,Maintenance risk is review-only without dated downtime; no horizon-wide production block applied.,True,True
PHASE4-MPS-20260721170405,ALT-BASELINE,M-FINAL-STAND-001,WS-FINAL-ASM,,SEG-ALT-BASELINE-PSC-SKU-BIKE-ROAD-001-20260720-ROAD-OP-040-07,2026-09-10T08:00,2026-09-10T15:15,,,,RISK_ONLY_NO_DATED_DOWNTIME,False,False,False,HIGH,MAINTENANCE_RISK_REVIEW,False,Maintenance risk is review-only without dated downtime; no horizon-wide production block applied.,True,True
PHASE4-MPS-20260721170405,ALT-BASELINE,M-FINAL-STAND-001,WS-FINAL-ASM,,SEG-ALT-BASELINE-PSC-SKU-BIKE-ROAD-001-20260720-ROAD-OP-040-08,2026-09-11T08:00,2026-09-11T08:39,,,,RISK_ONLY_NO_DATED_DOWNTIME,False,False,False,HIGH,MAINTENANCE_RISK_REVIEW,False,Maintenance risk is review-only without dated downtime; no horizon-wide production block applied.,True,True
PHASE4-MPS-20260721170405,ALT-BASELINE,M-QC-TOOLS-001,WS-QC,,SEG-ALT-BASELINE-PSC-SKU-BIKE-ROAD-001-20260720-ROAD-OP-050-01,2026-09-11T08:39,2026-09-11T15:14,,,,RISK_ONLY_NO_DATED_DOWNTIME,False,False,False,HIGH,MAINTENANCE_RISK_REVIEW,False,Maintenance risk is review-only without dated downtime; no horizon-wide production block applied.,True,True
PHASE4-MPS-20260721170405,ALT-BASELINE,M-QC-TOOLS-001,WS-QC,,SEG-ALT-BASELINE-PSC-SKU-BIKE-ROAD-001-20260720-ROAD-OP-050-02,2026-09-14T08:00,2026-09-14T15:14,,,,RISK_ONLY_NO_DATED_DOWNTIME,False,False,False,HIGH,MAINTENANCE_RISK_REVIEW,False,Maintenance risk is review-only without dated downtime; no horizon-wide production block applied.,True,True
PHASE4-MPS-20260721170405,ALT-BASELINE,M-QC-TOOLS-001,WS-QC,,SEG-ALT-BASELINE-PSC-SKU-BIKE-ROAD-001-20260720-ROAD-OP-050-03,2026-09-15T08:00,2026-09-15T12:51,,,,RISK_ONLY_NO_DATED_DOWNTIME,False,False,False,HIGH,MAINTENANCE_RISK_REVIEW,False,Maintenance risk is review-only without dated downtime; no horizon-wide production block applied.,True,True
PHASE4-MPS-20260721170405,ALT-BASELINE,M-PACK-BENCH-001,WS-PACK,,SEG-ALT-BASELINE-PSC-SKU-BIKE-ROAD-001-20260720-ROAD-OP-060-01,2026-09-15T12:51,2026-09-15T15:14,,,,RISK_ONLY_NO_DATED_DOWNTIME,False,False,False,HIGH,MAINTENANCE_RISK_REVIEW,False,Maintenance risk is review-only without dated downtime; no horizon-wide production block applied.,True,True
PHASE4-MPS-20260721170405,ALT-BASELINE,M-PACK-BENCH-001,WS-PACK,,SEG-ALT-BASELINE-PSC-SKU-BIKE-ROAD-001-20260720-ROAD-OP-060-02,2026-09-16T08:00,2026-09-16T15:14,,,,RISK_ONLY_NO_DATED_DOWNTIME,False,False,False,HIGH,MAINTENANCE_RISK_REVIEW,False,Maintenance risk is review-only without dated downtime; no horizon-wide production block applied.,True,True
PHASE4-MPS-20260721170405,ALT-BASELINE,M-PACK-BENCH-001,WS-PACK,,SEG-ALT-BASELINE-PSC-SKU-BIKE-ROAD-001-20260720-ROAD-OP-060-03,2026-09-17T08:00,2026-09-17T13:32,,,,RISK_ONLY_NO_DATED_DOWNTIME,False,False,False,HIGH,MAINTENANCE_RISK_REVIEW,False,Maintenance risk is review-only without dated downtime; no horizon-wide production block applied.,True,True
PHASE4-MPS-20260721170405,ALT-BASELINE,M-FRAME-JIG-001,WS-FRAME-PREP,,SEG-ALT-BASELINE-PSC-SKU-BIKE-MT-001-20260727-MT-OP-010-01,2026-08-07T09:38,2026-08-07T15:14,,,,RISK_ONLY_NO_DATED_DOWNTIME,False,False,False,HIGH,MAINTENANCE_RISK_REVIEW,False,Maintenance risk is review-only without dated downtime; no horizon-wide production block applied.,True,True
PHASE4-MPS-20260721170405,ALT-BASELINE,M-FRAME-JIG-001,WS-FRAME-PREP,,SEG-ALT-BASELINE-PSC-SKU-BIKE-MT-001-20260727-MT-OP-010-02,2026-08-10T08:00,2026-08-10T15:14,,,,RISK_ONLY_NO_DATED_DOWNTIME,False,False,False,HIGH,MAINTENANCE_RISK_REVIEW,False,Maintenance risk is review-only without dated downtime; no horizon-wide production block applied.,True,True
PHASE4-MPS-20260721170405,ALT-BASELINE,M-FRAME-JIG-001,WS-FRAME-PREP,,SEG-ALT-BASELINE-PSC-SKU-BIKE-MT-001-20260727-MT-OP-010-03,2026-08-11T08:00,2026-08-11T14:34,,,,RISK_ONLY_NO_DATED_DOWNTIME,False,False,False,HIGH,MAINTENANCE_RISK_REVIEW,False,Maintenance risk is review-only without dated downtime; no horizon-wide production block applied.,True,True
PHASE4-MPS-20260721170405,ALT-BASELINE,M-FORK-BENCH-001,WS-FORK-SUSP,,SEG-ALT-BASELINE-PSC-SKU-BIKE-MT-001-20260727-MT-OP-020-01,2026-08-24T09:35,2026-08-24T15:14,,,,RISK_ONLY_NO_DATED_DOWNTIME,False,False,False,HIGH,MAINTENANCE_RISK_REVIEW,False,Maintenance risk is review-only without dated downtime; no horizon-wide production block applied.,True,True
PHASE4-MPS-20260721170405,ALT-BASELINE,M-FORK-BENCH-001,WS-FORK-SUSP,,SEG-ALT-BASELINE-PSC-SKU-BIKE-MT-001-20260727-MT-OP-020-02,2026-08-25T08:00,2026-08-25T15:15,,,,RISK_ONLY_NO_DATED_DOWNTIME,False,False,False,HIGH,MAINTENANCE_RISK_REVIEW,False,Maintenance risk is review-only without dated downtime; no horizon-wide production block applied.,True,True
PHASE4-MPS-20260721170405,ALT-BASELINE,M-FORK-BENCH-001,WS-FORK-SUSP,,SEG-ALT-BASELINE-PSC-SKU-BIKE-MT-001-20260727-MT-OP-020-03,2026-08-26T08:00,2026-08-26T15:15,,,,RISK_ONLY_NO_DATED_DOWNTIME,False,False,False,HIGH,MAINTENANCE_RISK_REVIEW,False,Maintenance risk is review-only without dated downtime; no horizon-wide production block applied.,True,True
PHASE4-MPS-20260721170405,ALT-BASELINE,M-FORK-BENCH-001,WS-FORK-SUSP,,SEG-ALT-BASELINE-PSC-SKU-BIKE-MT-001-20260727-MT-OP-020-04,2026-08-27T08:00,2026-08-27T11:19,,,,RISK_ONLY_NO_DATED_DOWNTIME,False,False,False,HIGH,MAINTENANCE_RISK_REVIEW,False,Maintenance risk is review-only without dated downtime; no horizon-wide production block applied.,True,True
PHASE4-MPS-20260721170405,ALT-BASELINE,M-WHEEL-TRUE-001,WS-WHEEL-SUB,,SEG-ALT-BASELINE-PSC-SKU-BIKE-MT-001-20260727-MT-OP-030-01,2026-08-24T09:35,2026-08-24T15:14,,,,RISK_ONLY_NO_DATED_DOWNTIME,False,False,False,HIGH,MAINTENANCE_RISK_REVIEW,False,Maintenance risk is review-only without dated downtime; no horizon-wide production block applied.,True,True
PHASE4-MPS-20260721170405,ALT-BASELINE,M-WHEEL-TRUE-001,WS-WHEEL-SUB,,SEG-ALT-BASELINE-PSC-SKU-BIKE-MT-001-20260727-MT-OP-030-02,2026-08-25T08:00,2026-08-25T15:14,,,,RISK_ONLY_NO_DATED_DOWNTIME,False,False,False,HIGH,MAINTENANCE_RISK_REVIEW,False,Maintenance risk is review-only without dated downtime; no horizon-wide production block applied.,True,True
PHASE4-MPS-20260721170405,ALT-BASELINE,M-WHEEL-TRUE-001,WS-WHEEL-SUB,,SEG-ALT-BASELINE-PSC-SKU-BIKE-MT-001-20260727-MT-OP-030-03,2026-08-26T08:00,2026-08-26T15:14,,,,RISK_ONLY_NO_DATED_DOWNTIME,False,False,False,HIGH,MAINTENANCE_RISK_REVIEW,False,Maintenance risk is review-only without dated downtime; no horizon-wide production block applied.,True,True
PHASE4-MPS-20260721170405,ALT-BASELINE,M-WHEEL-TRUE-001,WS-WHEEL-SUB,,SEG-ALT-BASELINE-PSC-SKU-BIKE-MT-001-20260727-MT-OP-030-04,2026-08-27T08:00,2026-08-27T15:14,,,,RISK_ONLY_NO_DATED_DOWNTIME,False,False,False,HIGH,MAINTENANCE_RISK_REVIEW,False,Maintenance risk is review-only without dated downtime; no horizon-wide production block applied.,True,True
PHASE4-MPS-20260721170405,ALT-BASELINE,M-WHEEL-TRUE-001,WS-WHEEL-SUB,,SEG-ALT-BASELINE-PSC-SKU-BIKE-MT-001-20260727-MT-OP-030-05,2026-08-28T08:00,2026-08-28T14:26,,,,RISK_ONLY_NO_DATED_DOWNTIME,False,False,False,HIGH,MAINTENANCE_RISK_REVIEW,False,Maintenance risk is review-only without dated downtime; no horizon-wide production block applied.,True,True
PHASE4-MPS-20260721170405,ALT-BASELINE,M-BRAKE-BENCH-001,WS-BRAKE-SUB,,SEG-ALT-BASELINE-PSC-SKU-BIKE-MT-001-20260727-MT-OP-040-01,2026-08-24T09:35,2026-08-24T15:14,,,,RISK_ONLY_NO_DATED_DOWNTIME,False,False,False,HIGH,MAINTENANCE_RISK_REVIEW,False,Maintenance risk is review-only without dated downtime; no horizon-wide production block applied.,True,True
PHASE4-MPS-20260721170405,ALT-BASELINE,M-BRAKE-BENCH-001,WS-BRAKE-SUB,,SEG-ALT-BASELINE-PSC-SKU-BIKE-MT-001-20260727-MT-OP-040-02,2026-08-25T08:00,2026-08-25T15:14,,,,RISK_ONLY_NO_DATED_DOWNTIME,False,False,False,HIGH,MAINTENANCE_RISK_REVIEW,False,Maintenance risk is review-only without dated downtime; no horizon-wide production block applied.,True,True
PHASE4-MPS-20260721170405,ALT-BASELINE,M-BRAKE-BENCH-001,WS-BRAKE-SUB,,SEG-ALT-BASELINE-PSC-SKU-BIKE-MT-001-20260727-MT-OP-040-03,2026-08-26T08:00,2026-08-26T15:14,,,,RISK_ONLY_NO_DATED_DOWNTIME,False,False,False,HIGH,MAINTENANCE_RISK_REVIEW,False,Maintenance risk is review-only without dated downtime; no horizon-wide production block applied.,True,True
PHASE4-MPS-20260721170405,ALT-BASELINE,M-BRAKE-BENCH-001,WS-BRAKE-SUB,,SEG-ALT-BASELINE-PSC-SKU-BIKE-MT-001-20260727-MT-OP-040-04,2026-08-27T08:00,2026-08-27T13:30,,,,RISK_ONLY_NO_DATED_DOWNTIME,False,False,False,HIGH,MAINTENANCE_RISK_REVIEW,False,Maintenance risk is review-only without dated downtime; no horizon-wide production block applied.,True,True
PHASE4-MPS-20260721170405,ALT-BASELINE,M-FINAL-STAND-001,WS-FINAL-ASM,,SEG-ALT-BASELINE-PSC-SKU-BIKE-MT-001-20260727-MT-OP-050-01,2026-09-11T08:39,2026-09-11T15:14,,,,RISK_ONLY_NO_DATED_DOWNTIME,False,False,False,HIGH,MAINTENANCE_RISK_REVIEW,False,Maintenance risk is review-only without dated downtime; no horizon-wide production block applied.,True,True
PHASE4-MPS-20260721170405,ALT-BASELINE,M-FINAL-STAND-001,WS-FINAL-ASM,,SEG-ALT-BASELINE-PSC-SKU-BIKE-MT-001-20260727-MT-OP-050-02,2026-09-14T08:00,2026-09-14T15:14,,,,RISK_ONLY_NO_DATED_DOWNTIME,False,False,False,HIGH,MAINTENANCE_RISK_REVIEW,False,Maintenance risk is review-only without dated downtime; no horizon-wide production block applied.,True,True
PHASE4-MPS-20260721170405,ALT-BASELINE,M-FINAL-STAND-001,WS-FINAL-ASM,,SEG-ALT-BASELINE-PSC-SKU-BIKE-MT-001-20260727-MT-OP-050-03,2026-09-15T08:00,2026-09-15T15:14,,,,RISK_ONLY_NO_DATED_DOWNTIME,False,False,False,HIGH,MAINTENANCE_RISK_REVIEW,False,Maintenance risk is review-only without dated downtime; no horizon-wide production block applied.,True,True
PHASE4-MPS-20260721170405,ALT-BASELINE,M-FINAL-STAND-001,WS-FINAL-ASM,,SEG-ALT-BASELINE-PSC-SKU-BIKE-MT-001-20260727-MT-OP-050-04,2026-09-16T08:00,2026-09-16T15:14,,,,RISK_ONLY_NO_DATED_DOWNTIME,False,False,False,HIGH,MAINTENANCE_RISK_REVIEW,False,Maintenance risk is review-only without dated downtime; no horizon-wide production block applied.,True,True
PHASE4-MPS-20260721170405,ALT-BASELINE,M-FINAL-STAND-001,WS-FINAL-ASM,,SEG-ALT-BASELINE-PSC-SKU-BIKE-MT-001-20260727-MT-OP-050-05,2026-09-17T08:00,2026-09-17T15:14,,,,RISK_ONLY_NO_DATED_DOWNTIME,False,False,False,HIGH,MAINTENANCE_RISK_REVIEW,False,Maintenance risk is review-only without dated downtime; no horizon-wide production block applied.,True,True
PHASE4-MPS-20260721170405,ALT-BASELINE,M-FINAL-STAND-001,WS-FINAL-ASM,,SEG-ALT-BASELINE-PSC-SKU-BIKE-MT-001-20260727-MT-OP-050-06,2026-09-18T08:00,2026-09-18T15:14,,,,RISK_ONLY_NO_DATED_DOWNTIME,False,False,False,HIGH,MAINTENANCE_RISK_REVIEW,False,Maintenance risk is review-only without dated downtime; no horizon-wide production block applied.,True,True
PHASE4-MPS-20260721170405,ALT-BASELINE,M-FINAL-STAND-001,WS-FINAL-ASM,,SEG-ALT-BASELINE-PSC-SKU-BIKE-MT-001-20260727-MT-OP-050-07,2026-09-21T08:00,2026-09-21T15:14,,,,RISK_ONLY_NO_DATED_DOWNTIME,False,False,False,HIGH,MAINTENANCE_RISK_REVIEW,False,Maintenance risk is review-only without dated downtime; no horizon-wide production block applied.,True,True
PHASE4-MPS-20260721170405,ALT-BASELINE,M-FINAL-STAND-001,WS-FINAL-ASM,,SEG-ALT-BASELINE-PSC-SKU-BIKE-MT-001-20260727-MT-OP-050-08,2026-09-22T08:00,2026-09-22T12:49,,,,RISK_ONLY_NO_DATED_DOWNTIME,False,False,False,HIGH,MAINTENANCE_RISK_REVIEW,False,Maintenance risk is review-only without dated downtime; no horizon-wide production block applied.,True,True
PHASE4-MPS-20260721170405,ALT-BASELINE,M-QC-TOOLS-001,WS-QC,,SEG-ALT-BASELINE-PSC-SKU-BIKE-MT-001-20260727-MT-OP-060-01,2026-09-22T12:49,2026-09-22T15:14,,,,RISK_ONLY_NO_DATED_DOWNTIME,False,False,False,HIGH,MAINTENANCE_RISK_REVIEW,False,Maintenance risk is review-only without dated downtime; no horizon-wide production block applied.,True,True
PHASE4-MPS-20260721170405,ALT-BASELINE,M-QC-TOOLS-001,WS-QC,,SEG-ALT-BASELINE-PSC-SKU-BIKE-MT-001-20260727-MT-OP-060-02,2026-09-23T08:00,2026-09-23T15:14,,,,RISK_ONLY_NO_DATED_DOWNTIME,False,False,False,HIGH,MAINTENANCE_RISK_REVIEW,False,Maintenance risk is review-only without dated downtime; no horizon-wide production block applied.,True,True
PHASE4-MPS-20260721170405,ALT-BASELINE,M-QC-TOOLS-001,WS-QC,,SEG-ALT-BASELINE-PSC-SKU-BIKE-MT-001-20260727-MT-OP-060-03,2026-09-24T08:00,2026-09-24T15:14,,,,RISK_ONLY_NO_DATED_DOWNTIME,False,False,False,HIGH,MAINTENANCE_RISK_REVIEW,False,Maintenance risk is review-only without dated downtime; no horizon-wide production block applied.,True,True
PHASE4-MPS-20260721170405,ALT-BASELINE,M-QC-TOOLS-001,WS-QC,,SEG-ALT-BASELINE-PSC-SKU-BIKE-MT-001-20260727-MT-OP-060-04,2026-09-25T08:00,2026-09-25T13:51,,,,RISK_ONLY_NO_DATED_DOWNTIME,False,False,False,HIGH,MAINTENANCE_RISK_REVIEW,False,Maintenance risk is review-only without dated downtime; no horizon-wide production block applied.,True,True
PHASE4-MPS-20260721170405,ALT-BASELINE,M-PACK-BENCH-001,WS-PACK,,SEG-ALT-BASELINE-PSC-SKU-BIKE-MT-001-20260727-MT-OP-070-01,2026-09-25T13:51,2026-09-25T15:14,,,,RISK_ONLY_NO_DATED_DOWNTIME,False,False,False,HIGH,MAINTENANCE_RISK_REVIEW,False,Maintenance risk is review-only without dated downtime; no horizon-wide production block applied.,True,True
PHASE4-MPS-20260721170405,ALT-BASELINE,M-PACK-BENCH-001,WS-PACK,,SEG-ALT-BASELINE-PSC-SKU-BIKE-MT-001-20260727-MT-OP-070-02,2026-09-28T08:00,2026-09-28T15:15,,,,RISK_ONLY_NO_DATED_DOWNTIME,False,False,False,HIGH,MAINTENANCE_RISK_REVIEW,False,Maintenance risk is review-only without dated downtime; no horizon-wide production block applied.,True,True
PHASE4-MPS-20260721170405,ALT-BASELINE,M-PACK-BENCH-001,WS-PACK,,SEG-ALT-BASELINE-PSC-SKU-BIKE-MT-001-20260727-MT-OP-070-03,2026-09-29T08:00,2026-09-29T15:15,,,,RISK_ONLY_NO_DATED_DOWNTIME,False,False,False,HIGH,MAINTENANCE_RISK_REVIEW,False,Maintenance risk is review-only without dated downtime; no horizon-wide production block applied.,True,True
PHASE4-MPS-20260721170405,ALT-BASELINE,M-PACK-BENCH-001,WS-PACK,,SEG-ALT-BASELINE-PSC-SKU-BIKE-MT-001-20260727-MT-OP-070-04,2026-09-30T08:00,2026-09-30T09:20,,,,RISK_ONLY_NO_DATED_DOWNTIME,False,False,False,HIGH,MAINTENANCE_RISK_REVIEW,False,Maintenance risk is review-only without dated downtime; no horizon-wide production block applied.,True,True
PHASE4-MPS-20260721170405,ALT-BASELINE,M-FRAME-JIG-001,WS-FRAME-PREP,,SEG-ALT-BASELINE-PSC-SKU-BIKE-ROAD-001-20260727-ROAD-OP-010-01,2026-08-14T11:56,2026-08-14T15:14,,,,RISK_ONLY_NO_DATED_DOWNTIME,False,False,False,HIGH,MAINTENANCE_RISK_REVIEW,False,Maintenance risk is review-only without dated downtime; no horizon-wide production block applied.,True,True
PHASE4-MPS-20260721170405,ALT-BASELINE,M-FRAME-JIG-001,WS-FRAME-PREP,,SEG-ALT-BASELINE-PSC-SKU-BIKE-ROAD-001-20260727-ROAD-OP-010-02,2026-08-17T08:00,2026-08-17T15:15,,,,RISK_ONLY_NO_DATED_DOWNTIME,False,False,False,HIGH,MAINTENANCE_RISK_REVIEW,False,Maintenance risk is review-only without dated downtime; no horizon-wide production block applied.,True,True
PHASE4-MPS-20260721170405,ALT-BASELINE,M-FRAME-JIG-001,WS-FRAME-PREP,,SEG-ALT-BASELINE-PSC-SKU-BIKE-ROAD-001-20260727-ROAD-OP-010-03,2026-08-18T08:00,2026-08-18T15:15,,,,RISK_ONLY_NO_DATED_DOWNTIME,False,False,False,HIGH,MAINTENANCE_RISK_REVIEW,False,Maintenance risk is review-only without dated downtime; no horizon-wide production block applied.,True,True
PHASE4-MPS-20260721170405,ALT-BASELINE,M-FRAME-JIG-001,WS-FRAME-PREP,,SEG-ALT-BASELINE-PSC-SKU-BIKE-ROAD-001-20260727-ROAD-OP-010-04,2026-08-19T08:00,2026-08-19T11:23,,,,RISK_ONLY_NO_DATED_DOWNTIME,False,False,False,HIGH,MAINTENANCE_RISK_REVIEW,False,Maintenance risk is review-only without dated downtime; no horizon-wide production block applied.,True,True
PHASE4-MPS-20260721170405,ALT-BASELINE,M-WHEEL-TRUE-001,WS-WHEEL-SUB,,SEG-ALT-BASELINE-PSC-SKU-BIKE-ROAD-001-20260727-ROAD-OP-020-01,2026-09-02T13:44,2026-09-02T15:14,,,,RISK_ONLY_NO_DATED_DOWNTIME,False,False,False,HIGH,MAINTENANCE_RISK_REVIEW,False,Maintenance risk is review-only without dated downtime; no horizon-wide production block applied.,True,True
PHASE4-MPS-20260721170405,ALT-BASELINE,M-WHEEL-TRUE-001,WS-WHEEL-SUB,,SEG-ALT-BASELINE-PSC-SKU-BIKE-ROAD-001-20260727-ROAD-OP-020-02,2026-09-03T08:00,2026-09-03T15:15,,,,RISK_ONLY_NO_DATED_DOWNTIME,False,False,False,HIGH,MAINTENANCE_RISK_REVIEW,False,Maintenance risk is review-only without dated downtime; no horizon-wide production block applied.,True,True
PHASE4-MPS-20260721170405,ALT-BASELINE,M-WHEEL-TRUE-001,WS-WHEEL-SUB,,SEG-ALT-BASELINE-PSC-SKU-BIKE-ROAD-001-20260727-ROAD-OP-020-03,2026-09-04T08:00,2026-09-04T15:15,,,,RISK_ONLY_NO_DATED_DOWNTIME,False,False,False,HIGH,MAINTENANCE_RISK_REVIEW,False,Maintenance risk is review-only without dated downtime; no horizon-wide production block applied.,True,True
PHASE4-MPS-20260721170405,ALT-BASELINE,M-WHEEL-TRUE-001,WS-WHEEL-SUB,,SEG-ALT-BASELINE-PSC-SKU-BIKE-ROAD-001-20260727-ROAD-OP-020-04,2026-09-07T08:00,2026-09-07T15:15,,,,RISK_ONLY_NO_DATED_DOWNTIME,False,False,False,HIGH,MAINTENANCE_RISK_REVIEW,False,Maintenance risk is review-only without dated downtime; no horizon-wide production block applied.,True,True
PHASE4-MPS-20260721170405,ALT-BASELINE,M-WHEEL-TRUE-001,WS-WHEEL-SUB,,SEG-ALT-BASELINE-PSC-SKU-BIKE-ROAD-001-20260727-ROAD-OP-020-05,2026-09-08T08:00,2026-09-08T14:07,,,,RISK_ONLY_NO_DATED_DOWNTIME,False,False,False,HIGH,MAINTENANCE_RISK_REVIEW,False,Maintenance risk is review-only without dated downtime; no horizon-wide production block applied.,True,True
PHASE4-MPS-20260721170405,ALT-BASELINE,M-BRAKE-BENCH-001,WS-BRAKE-SUB,,SEG-ALT-BASELINE-PSC-SKU-BIKE-ROAD-001-20260727-ROAD-OP-030-01,2026-09-02T13:44,2026-09-02T15:14,,,,RISK_ONLY_NO_DATED_DOWNTIME,False,False,False,HIGH,MAINTENANCE_RISK_REVIEW,False,Maintenance risk is review-only without dated downtime; no horizon-wide production block applied.,True,True
PHASE4-MPS-20260721170405,ALT-BASELINE,M-BRAKE-BENCH-001,WS-BRAKE-SUB,,SEG-ALT-BASELINE-PSC-SKU-BIKE-ROAD-001-20260727-ROAD-OP-030-02,2026-09-03T08:00,2026-09-03T15:14,,,,RISK_ONLY_NO_DATED_DOWNTIME,False,False,False,HIGH,MAINTENANCE_RISK_REVIEW,False,Maintenance risk is review-only without dated downtime; no horizon-wide production block applied.,True,True
PHASE4-MPS-20260721170405,ALT-BASELINE,M-BRAKE-BENCH-001,WS-BRAKE-SUB,,SEG-ALT-BASELINE-PSC-SKU-BIKE-ROAD-001-20260727-ROAD-OP-030-03,2026-09-04T08:00,2026-09-04T15:14,,,,RISK_ONLY_NO_DATED_DOWNTIME,False,False,False,HIGH,MAINTENANCE_RISK_REVIEW,False,Maintenance risk is review-only without dated downtime; no horizon-wide production block applied.,True,True
PHASE4-MPS-20260721170405,ALT-BASELINE,M-BRAKE-BENCH-001,WS-BRAKE-SUB,,SEG-ALT-BASELINE-PSC-SKU-BIKE-ROAD-001-20260727-ROAD-OP-030-04,2026-09-07T08:00,2026-09-07T13:35,,,,RISK_ONLY_NO_DATED_DOWNTIME,False,False,False,HIGH,MAINTENANCE_RISK_REVIEW,False,Maintenance risk is review-only without dated downtime; no horizon-wide production block applied.,True,True
PHASE4-MPS-20260721170405,ALT-BASELINE,M-FINAL-STAND-001,WS-FINAL-ASM,,SEG-ALT-BASELINE-PSC-SKU-BIKE-ROAD-001-20260727-ROAD-OP-040-01,2026-09-22T12:49,2026-09-22T15:14,,,,RISK_ONLY_NO_DATED_DOWNTIME,False,False,False,HIGH,MAINTENANCE_RISK_REVIEW,False,Maintenance risk is review-only without dated downtime; no horizon-wide production block applied.,True,True
PHASE4-MPS-20260721170405,ALT-BASELINE,M-FINAL-STAND-001,WS-FINAL-ASM,,SEG-ALT-BASELINE-PSC-SKU-BIKE-ROAD-001-20260727-ROAD-OP-040-02,2026-09-23T08:00,2026-09-23T15:15,,,,RISK_ONLY_NO_DATED_DOWNTIME,False,False,False,HIGH,MAINTENANCE_RISK_REVIEW,False,Maintenance risk is review-only without dated downtime; no horizon-wide production block applied.,True,True
PHASE4-MPS-20260721170405,ALT-BASELINE,M-FINAL-STAND-001,WS-FINAL-ASM,,SEG-ALT-BASELINE-PSC-SKU-BIKE-ROAD-001-20260727-ROAD-OP-040-03,2026-09-24T08:00,2026-09-24T15:15,,,,RISK_ONLY_NO_DATED_DOWNTIME,False,False,False,HIGH,MAINTENANCE_RISK_REVIEW,False,Maintenance risk is review-only without dated downtime; no horizon-wide production block applied.,True,True
PHASE4-MPS-20260721170405,ALT-BASELINE,M-FINAL-STAND-001,WS-FINAL-ASM,,SEG-ALT-BASELINE-PSC-SKU-BIKE-ROAD-001-20260727-ROAD-OP-040-04,2026-09-25T08:00,2026-09-25T15:15,,,,RISK_ONLY_NO_DATED_DOWNTIME,False,False,False,HIGH,MAINTENANCE_RISK_REVIEW,False,Maintenance risk is review-only without dated downtime; no horizon-wide production block applied.,True,True
PHASE4-MPS-20260721170405,ALT-BASELINE,M-FINAL-STAND-001,WS-FINAL-ASM,,SEG-ALT-BASELINE-PSC-SKU-BIKE-ROAD-001-20260727-ROAD-OP-040-05,2026-09-28T08:00,2026-09-28T15:15,,,,RISK_ONLY_NO_DATED_DOWNTIME,False,False,False,HIGH,MAINTENANCE_RISK_REVIEW,False,Maintenance risk is review-only without dated downtime; no horizon-wide production block applied.,True,True
PHASE4-MPS-20260721170405,ALT-BASELINE,M-FINAL-STAND-001,WS-FINAL-ASM,,SEG-ALT-BASELINE-PSC-SKU-BIKE-ROAD-001-20260727-ROAD-OP-040-06,2026-09-29T08:00,2026-09-29T15:15,,,,RISK_ONLY_NO_DATED_DOWNTIME,False,False,False,HIGH,MAINTENANCE_RISK_REVIEW,False,Maintenance risk is review-only without dated downtime; no horizon-wide production block applied.,True,True
PHASE4-MPS-20260721170405,ALT-BASELINE,M-FINAL-STAND-001,WS-FINAL-ASM,,SEG-ALT-BASELINE-PSC-SKU-BIKE-ROAD-001-20260727-ROAD-OP-040-07,2026-09-30T08:00,2026-09-30T14:59,,,,RISK_ONLY_NO_DATED_DOWNTIME,False,False,False,HIGH,MAINTENANCE_RISK_REVIEW,False,Maintenance risk is review-only without dated downtime; no horizon-wide production block applied.,True,True
PHASE4-MPS-20260721170405,ALT-BASELINE,M-QC-TOOLS-001,WS-QC,,SEG-ALT-BASELINE-PSC-SKU-BIKE-ROAD-001-20260727-ROAD-OP-050-01,2026-09-30T14:59,2026-09-30T15:14,,,,RISK_ONLY_NO_DATED_DOWNTIME,False,False,False,HIGH,MAINTENANCE_RISK_REVIEW,False,Maintenance risk is review-only without dated downtime; no horizon-wide production block applied.,True,True
PHASE4-MPS-20260721170405,ALT-BASELINE,M-QC-TOOLS-001,WS-QC,,SEG-ALT-BASELINE-PSC-SKU-BIKE-ROAD-001-20260727-ROAD-OP-050-02,2026-10-01T08:00,2026-10-01T15:14,,,,RISK_ONLY_NO_DATED_DOWNTIME,False,False,False,HIGH,MAINTENANCE_RISK_REVIEW,False,Maintenance risk is review-only without dated downtime; no horizon-wide production block applied.,True,True
PHASE4-MPS-20260721170405,ALT-BASELINE,M-QC-TOOLS-001,WS-QC,,SEG-ALT-BASELINE-PSC-SKU-BIKE-ROAD-001-20260727-ROAD-OP-050-03,2026-10-02T08:00,2026-10-02T15:14,,,,RISK_ONLY_NO_DATED_DOWNTIME,False,False,False,HIGH,MAINTENANCE_RISK_REVIEW,False,Maintenance risk is review-only without dated downtime; no horizon-wide production block applied.,True,True
PHASE4-MPS-20260721170405,ALT-BASELINE,M-QC-TOOLS-001,WS-QC,,SEG-ALT-BASELINE-PSC-SKU-BIKE-ROAD-001-20260727-ROAD-OP-050-04,2026-10-05T08:00,2026-10-05T11:56,,,,RISK_ONLY_NO_DATED_DOWNTIME,False,False,False,HIGH,MAINTENANCE_RISK_REVIEW,False,Maintenance risk is review-only without dated downtime; no horizon-wide production block applied.,True,True
PHASE4-MPS-20260721170405,ALT-BASELINE,M-PACK-BENCH-001,WS-PACK,,SEG-ALT-BASELINE-PSC-SKU-BIKE-ROAD-001-20260727-ROAD-OP-060-01,2026-10-05T11:56,2026-10-05T15:14,,,,RISK_ONLY_NO_DATED_DOWNTIME,False,False,False,HIGH,MAINTENANCE_RISK_REVIEW,False,Maintenance risk is review-only without dated downtime; no horizon-wide production block applied.,True,True
PHASE4-MPS-20260721170405,ALT-BASELINE,M-PACK-BENCH-001,WS-PACK,,SEG-ALT-BASELINE-PSC-SKU-BIKE-ROAD-001-20260727-ROAD-OP-060-02,2026-10-06T08:00,2026-10-06T15:14,,,,RISK_ONLY_NO_DATED_DOWNTIME,False,False,False,HIGH,MAINTENANCE_RISK_REVIEW,False,Maintenance risk is review-only without dated downtime; no horizon-wide production block applied.,True,True
PHASE4-MPS-20260721170405,ALT-BASELINE,M-PACK-BENCH-001,WS-PACK,,SEG-ALT-BASELINE-PSC-SKU-BIKE-ROAD-001-20260727-ROAD-OP-060-03,2026-10-07T08:00,2026-10-07T12:37,,,,RISK_ONLY_NO_DATED_DOWNTIME,False,False,False,HIGH,MAINTENANCE_RISK_REVIEW,False,Maintenance risk is review-only without dated downtime; no horizon-wide production block applied.,True,True
PHASE4-MPS-20260721170405,ALT-BASELINE,M-FRAME-JIG-001,WS-FRAME-PREP,,SEG-ALT-BASELINE-PSC-SKU-BIKE-MT-001-20260803-MT-OP-010-01,2026-08-24T09:35,2026-08-24T15:14,,,,RISK_ONLY_NO_DATED_DOWNTIME,False,False,False,HIGH,MAINTENANCE_RISK_REVIEW,False,Maintenance risk is review-only without dated downtime; no horizon-wide production block applied.,True,True
PHASE4-MPS-20260721170405,ALT-BASELINE,M-FRAME-JIG-001,WS-FRAME-PREP,,SEG-ALT-BASELINE-PSC-SKU-BIKE-MT-001-20260803-MT-OP-010-02,2026-08-25T08:00,2026-08-25T15:14,,,,RISK_ONLY_NO_DATED_DOWNTIME,False,False,False,HIGH,MAINTENANCE_RISK_REVIEW,False,Maintenance risk is review-only without dated downtime; no horizon-wide production block applied.,True,True
PHASE4-MPS-20260721170405,ALT-BASELINE,M-FRAME-JIG-001,WS-FRAME-PREP,,SEG-ALT-BASELINE-PSC-SKU-BIKE-MT-001-20260803-MT-OP-010-03,2026-08-26T08:00,2026-08-26T15:14,,,,RISK_ONLY_NO_DATED_DOWNTIME,False,False,False,HIGH,MAINTENANCE_RISK_REVIEW,False,Maintenance risk is review-only without dated downtime; no horizon-wide production block applied.,True,True
PHASE4-MPS-20260721170405,ALT-BASELINE,M-FRAME-JIG-001,WS-FRAME-PREP,,SEG-ALT-BASELINE-PSC-SKU-BIKE-MT-001-20260803-MT-OP-010-04,2026-08-27T08:00,2026-08-27T15:14,,,,RISK_ONLY_NO_DATED_DOWNTIME,False,False,False,HIGH,MAINTENANCE_RISK_REVIEW,False,Maintenance risk is review-only without dated downtime; no horizon-wide production block applied.,True,True
PHASE4-MPS-20260721170405,ALT-BASELINE,M-FRAME-JIG-001,WS-FRAME-PREP,,SEG-ALT-BASELINE-PSC-SKU-BIKE-MT-001-20260803-MT-OP-010-05,2026-08-28T08:00,2026-08-28T08:13,,,,RISK_ONLY_NO_DATED_DOWNTIME,False,False,False,HIGH,MAINTENANCE_RISK_REVIEW,False,Maintenance risk is review-only without dated downtime; no horizon-wide production block applied.,True,True
PHASE4-MPS-20260721170405,ALT-BASELINE,M-FORK-BENCH-001,WS-FORK-SUSP,,SEG-ALT-BASELINE-PSC-SKU-BIKE-MT-001-20260803-MT-OP-020-01,2026-09-11T08:39,2026-09-11T15:14,,,,RISK_ONLY_NO_DATED_DOWNTIME,False,False,False,HIGH,MAINTENANCE_RISK_REVIEW,False,Maintenance risk is review-only without dated downtime; no horizon-wide production block applied.,True,True
PHASE4-MPS-20260721170405,ALT-BASELINE,M-FORK-BENCH-001,WS-FORK-SUSP,,SEG-ALT-BASELINE-PSC-SKU-BIKE-MT-001-20260803-MT-OP-020-02,2026-09-14T08:00,2026-09-14T15:15,,,,RISK_ONLY_NO_DATED_DOWNTIME,False,False,False,HIGH,MAINTENANCE_RISK_REVIEW,False,Maintenance risk is review-only without dated downtime; no horizon-wide production block applied.,True,True
PHASE4-MPS-20260721170405,ALT-BASELINE,M-FORK-BENCH-001,WS-FORK-SUSP,,SEG-ALT-BASELINE-PSC-SKU-BIKE-MT-001-20260803-MT-OP-020-03,2026-09-15T08:00,2026-09-15T15:15,,,,RISK_ONLY_NO_DATED_DOWNTIME,False,False,False,HIGH,MAINTENANCE_RISK_REVIEW,False,Maintenance risk is review-only without dated downtime; no horizon-wide production block applied.,True,True
PHASE4-MPS-20260721170405,ALT-BASELINE,M-FORK-BENCH-001,WS-FORK-SUSP,,SEG-ALT-BASELINE-PSC-SKU-BIKE-MT-001-20260803-MT-OP-020-04,2026-09-16T08:00,2026-09-16T15:15,,,,RISK_ONLY_NO_DATED_DOWNTIME,False,False,False,HIGH,MAINTENANCE_RISK_REVIEW,False,Maintenance risk is review-only without dated downtime; no horizon-wide production block applied.,True,True
PHASE4-MPS-20260721170405,ALT-BASELINE,M-FORK-BENCH-001,WS-FORK-SUSP,,SEG-ALT-BASELINE-PSC-SKU-BIKE-MT-001-20260803-MT-OP-020-05,2026-09-17T08:00,2026-09-17T13:12,,,,RISK_ONLY_NO_DATED_DOWNTIME,False,False,False,HIGH,MAINTENANCE_RISK_REVIEW,False,Maintenance risk is review-only without dated downtime; no horizon-wide production block applied.,True,True
PHASE4-MPS-20260721170405,ALT-BASELINE,M-WHEEL-TRUE-001,WS-WHEEL-SUB,,SEG-ALT-BASELINE-PSC-SKU-BIKE-MT-001-20260803-MT-OP-030-01,2026-09-11T08:39,2026-09-11T15:14,,,,RISK_ONLY_NO_DATED_DOWNTIME,False,False,False,HIGH,MAINTENANCE_RISK_REVIEW,False,Maintenance risk is review-only without dated downtime; no horizon-wide production block applied.,True,True
PHASE4-MPS-20260721170405,ALT-BASELINE,M-WHEEL-TRUE-001,WS-WHEEL-SUB,,SEG-ALT-BASELINE-PSC-SKU-BIKE-MT-001-20260803-MT-OP-030-02,2026-09-14T08:00,2026-09-14T15:14,,,,RISK_ONLY_NO_DATED_DOWNTIME,False,False,False,HIGH,MAINTENANCE_RISK_REVIEW,False,Maintenance risk is review-only without dated downtime; no horizon-wide production block applied.,True,True
PHASE4-MPS-20260721170405,ALT-BASELINE,M-WHEEL-TRUE-001,WS-WHEEL-SUB,,SEG-ALT-BASELINE-PSC-SKU-BIKE-MT-001-20260803-MT-OP-030-03,2026-09-15T08:00,2026-09-15T15:14,,,,RISK_ONLY_NO_DATED_DOWNTIME,False,False,False,HIGH,MAINTENANCE_RISK_REVIEW,False,Maintenance risk is review-only without dated downtime; no horizon-wide production block applied.,True,True
PHASE4-MPS-20260721170405,ALT-BASELINE,M-WHEEL-TRUE-001,WS-WHEEL-SUB,,SEG-ALT-BASELINE-PSC-SKU-BIKE-MT-001-20260803-MT-OP-030-04,2026-09-16T08:00,2026-09-16T15:14,,,,RISK_ONLY_NO_DATED_DOWNTIME,False,False,False,HIGH,MAINTENANCE_RISK_REVIEW,False,Maintenance risk is review-only without dated downtime; no horizon-wide production block applied.,True,True
PHASE4-MPS-20260721170405,ALT-BASELINE,M-WHEEL-TRUE-001,WS-WHEEL-SUB,,SEG-ALT-BASELINE-PSC-SKU-BIKE-MT-001-20260803-MT-OP-030-05,2026-09-17T08:00,2026-09-17T13:30,,,,RISK_ONLY_NO_DATED_DOWNTIME,False,False,False,HIGH,MAINTENANCE_RISK_REVIEW,False,Maintenance risk is review-only without dated downtime; no horizon-wide production block applied.,True,True
PHASE4-MPS-20260721170405,ALT-BASELINE,M-BRAKE-BENCH-001,WS-BRAKE-SUB,,SEG-ALT-BASELINE-PSC-SKU-BIKE-MT-001-20260803-MT-OP-040-01,2026-09-11T08:39,2026-09-11T15:14,,,,RISK_ONLY_NO_DATED_DOWNTIME,False,False,False,HIGH,MAINTENANCE_RISK_REVIEW,False,Maintenance risk is review-only without dated downtime; no horizon-wide production block applied.,True,True
PHASE4-MPS-20260721170405,ALT-BASELINE,M-BRAKE-BENCH-001,WS-BRAKE-SUB,,SEG-ALT-BASELINE-PSC-SKU-BIKE-MT-001-20260803-MT-OP-040-02,2026-09-14T08:00,2026-09-14T15:14,,,,RISK_ONLY_NO_DATED_DOWNTIME,False,False,False,HIGH,MAINTENANCE_RISK_REVIEW,False,Maintenance risk is review-only without dated downtime; no horizon-wide production block applied.,True,True
PHASE4-MPS-20260721170405,ALT-BASELINE,M-BRAKE-BENCH-001,WS-BRAKE-SUB,,SEG-ALT-BASELINE-PSC-SKU-BIKE-MT-001-20260803-MT-OP-040-03,2026-09-15T08:00,2026-09-15T15:14,,,,RISK_ONLY_NO_DATED_DOWNTIME,False,False,False,HIGH,MAINTENANCE_RISK_REVIEW,False,Maintenance risk is review-only without dated downtime; no horizon-wide production block applied.,True,True
PHASE4-MPS-20260721170405,ALT-BASELINE,M-BRAKE-BENCH-001,WS-BRAKE-SUB,,SEG-ALT-BASELINE-PSC-SKU-BIKE-MT-001-20260803-MT-OP-040-04,2026-09-16T08:00,2026-09-16T12:35,,,,RISK_ONLY_NO_DATED_DOWNTIME,False,False,False,HIGH,MAINTENANCE_RISK_REVIEW,False,Maintenance risk is review-only without dated downtime; no horizon-wide production block applied.,True,True
PHASE4-MPS-20260721170405,ALT-BASELINE,M-FINAL-STAND-001,WS-FINAL-ASM,,SEG-ALT-BASELINE-PSC-SKU-BIKE-MT-001-20260803-MT-OP-050-01,2026-10-01T08:00,2026-10-01T15:14,,,,RISK_ONLY_NO_DATED_DOWNTIME,False,False,False,HIGH,MAINTENANCE_RISK_REVIEW,False,Maintenance risk is review-only without dated downtime; no horizon-wide production block applied.,True,True
PHASE4-MPS-20260721170405,ALT-BASELINE,M-FINAL-STAND-001,WS-FINAL-ASM,,SEG-ALT-BASELINE-PSC-SKU-BIKE-MT-001-20260803-MT-OP-050-02,2026-10-02T08:00,2026-10-02T15:14,,,,RISK_ONLY_NO_DATED_DOWNTIME,False,False,False,HIGH,MAINTENANCE_RISK_REVIEW,False,Maintenance risk is review-only without dated downtime; no horizon-wide production block applied.,True,True
PHASE4-MPS-20260721170405,ALT-BASELINE,M-FINAL-STAND-001,WS-FINAL-ASM,,SEG-ALT-BASELINE-PSC-SKU-BIKE-MT-001-20260803-MT-OP-050-03,2026-10-05T08:00,2026-10-05T15:14,,,,RISK_ONLY_NO_DATED_DOWNTIME,False,False,False,HIGH,MAINTENANCE_RISK_REVIEW,False,Maintenance risk is review-only without dated downtime; no horizon-wide production block applied.,True,True
PHASE4-MPS-20260721170405,ALT-BASELINE,M-FINAL-STAND-001,WS-FINAL-ASM,,SEG-ALT-BASELINE-PSC-SKU-BIKE-MT-001-20260803-MT-OP-050-04,2026-10-06T08:00,2026-10-06T15:14,,,,RISK_ONLY_NO_DATED_DOWNTIME,False,False,False,HIGH,MAINTENANCE_RISK_REVIEW,False,Maintenance risk is review-only without dated downtime; no horizon-wide production block applied.,True,True
PHASE4-MPS-20260721170405,ALT-BASELINE,M-FINAL-STAND-001,WS-FINAL-ASM,,SEG-ALT-BASELINE-PSC-SKU-BIKE-MT-001-20260803-MT-OP-050-05,2026-10-07T08:00,2026-10-07T15:14,,,,RISK_ONLY_NO_DATED_DOWNTIME,False,False,False,HIGH,MAINTENANCE_RISK_REVIEW,False,Maintenance risk is review-only without dated downtime; no horizon-wide production block applied.,True,True
PHASE4-MPS-20260721170405,ALT-BASELINE,M-FINAL-STAND-001,WS-FINAL-ASM,,SEG-ALT-BASELINE-PSC-SKU-BIKE-MT-001-20260803-MT-OP-050-06,2026-10-08T08:00,2026-10-08T15:14,,,,RISK_ONLY_NO_DATED_DOWNTIME,False,False,False,HIGH,MAINTENANCE_RISK_REVIEW,False,Maintenance risk is review-only without dated downtime; no horizon-wide production block applied.,True,True
PHASE4-MPS-20260721170405,ALT-BASELINE,M-FINAL-STAND-001,WS-FINAL-ASM,,SEG-ALT-BASELINE-PSC-SKU-BIKE-MT-001-20260803-MT-OP-050-07,2026-10-09T08:00,2026-10-09T15:14,,,,RISK_ONLY_NO_DATED_DOWNTIME,False,False,False,HIGH,MAINTENANCE_RISK_REVIEW,False,Maintenance risk is review-only without dated downtime; no horizon-wide production block applied.,True,True
PHASE4-MPS-20260721170405,ALT-BASELINE,M-FINAL-STAND-001,WS-FINAL-ASM,,SEG-ALT-BASELINE-PSC-SKU-BIKE-MT-001-20260803-MT-OP-050-08,2026-10-12T08:00,2026-10-12T12:09,,,,RISK_ONLY_NO_DATED_DOWNTIME,False,False,False,HIGH,MAINTENANCE_RISK_REVIEW,False,Maintenance risk is review-only without dated downtime; no horizon-wide production block applied.,True,True
PHASE4-MPS-20260721170405,ALT-BASELINE,M-QC-TOOLS-001,WS-QC,,SEG-ALT-BASELINE-PSC-SKU-BIKE-MT-001-20260803-MT-OP-060-01,2026-10-12T12:09,2026-10-12T15:14,,,,RISK_ONLY_NO_DATED_DOWNTIME,False,False,False,HIGH,MAINTENANCE_RISK_REVIEW,False,Maintenance risk is review-only without dated downtime; no horizon-wide production block applied.,True,True
PHASE4-MPS-20260721170405,ALT-BASELINE,M-QC-TOOLS-001,WS-QC,,SEG-ALT-BASELINE-PSC-SKU-BIKE-MT-001-20260803-MT-OP-060-02,2026-10-13T08:00,2026-10-13T15:14,,,,RISK_ONLY_NO_DATED_DOWNTIME,False,False,False,HIGH,MAINTENANCE_RISK_REVIEW,False,Maintenance risk is review-only without dated downtime; no horizon-wide production block applied.,True,True
PHASE4-MPS-20260721170405,ALT-BASELINE,M-QC-TOOLS-001,WS-QC,,SEG-ALT-BASELINE-PSC-SKU-BIKE-MT-001-20260803-MT-OP-060-03,2026-10-14T08:00,2026-10-14T15:14,,,,RISK_ONLY_NO_DATED_DOWNTIME,False,False,False,HIGH,MAINTENANCE_RISK_REVIEW,False,Maintenance risk is review-only without dated downtime; no horizon-wide production block applied.,True,True
PHASE4-MPS-20260721170405,ALT-BASELINE,M-QC-TOOLS-001,WS-QC,,SEG-ALT-BASELINE-PSC-SKU-BIKE-MT-001-20260803-MT-OP-060-04,2026-10-15T08:00,2026-10-15T13:12,,,,RISK_ONLY_NO_DATED_DOWNTIME,False,False,False,HIGH,MAINTENANCE_RISK_REVIEW,False,Maintenance risk is review-only without dated downtime; no horizon-wide production block applied.,True,True
PHASE4-MPS-20260721170405,ALT-BASELINE,M-PACK-BENCH-001,WS-PACK,,SEG-ALT-BASELINE-PSC-SKU-BIKE-MT-001-20260803-MT-OP-070-01,2026-10-15T13:12,2026-10-15T15:14,,,,RISK_ONLY_NO_DATED_DOWNTIME,False,False,False,HIGH,MAINTENANCE_RISK_REVIEW,False,Maintenance risk is review-only without dated downtime; no horizon-wide production block applied.,True,True
PHASE4-MPS-20260721170405,ALT-BASELINE,M-PACK-BENCH-001,WS-PACK,,SEG-ALT-BASELINE-PSC-SKU-BIKE-MT-001-20260803-MT-OP-070-02,2026-10-16T08:00,2026-10-16T15:15,,,,RISK_ONLY_NO_DATED_DOWNTIME,False,False,False,HIGH,MAINTENANCE_RISK_REVIEW,False,Maintenance risk is review-only without dated downtime; no horizon-wide production block applied.,True,True
PHASE4-MPS-20260721170405,ALT-BASELINE,M-PACK-BENCH-001,WS-PACK,,SEG-ALT-BASELINE-PSC-SKU-BIKE-MT-001-20260803-MT-OP-070-03,2026-10-19T08:00,2026-10-19T15:15,,,,RISK_ONLY_NO_DATED_DOWNTIME,False,False,False,HIGH,MAINTENANCE_RISK_REVIEW,False,Maintenance risk is review-only without dated downtime; no horizon-wide production block applied.,True,True
PHASE4-MPS-20260721170405,ALT-BASELINE,M-PACK-BENCH-001,WS-PACK,,SEG-ALT-BASELINE-PSC-SKU-BIKE-MT-001-20260803-MT-OP-070-04,2026-10-20T08:00,2026-10-20T08:40,,,,RISK_ONLY_NO_DATED_DOWNTIME,False,False,False,HIGH,MAINTENANCE_RISK_REVIEW,False,Maintenance risk is review-only without dated downtime; no horizon-wide production block applied.,True,True
PHASE4-MPS-20260721170405,ALT-BASELINE,M-FRAME-JIG-001,WS-FRAME-PREP,,SEG-ALT-BASELINE-PSC-SKU-BIKE-ROAD-001-20260803-ROAD-OP-010-01,2026-09-02T13:44,2026-09-02T15:14,,,,RISK_ONLY_NO_DATED_DOWNTIME,False,False,False,HIGH,MAINTENANCE_RISK_REVIEW,False,Maintenance risk is review-only without dated downtime; no horizon-wide production block applied.,True,True
PHASE4-MPS-20260721170405,ALT-BASELINE,M-FRAME-JIG-001,WS-FRAME-PREP,,SEG-ALT-BASELINE-PSC-SKU-BIKE-ROAD-001-20260803-ROAD-OP-010-02,2026-09-03T08:00,2026-09-03T15:15,,,,RISK_ONLY_NO_DATED_DOWNTIME,False,False,False,HIGH,MAINTENANCE_RISK_REVIEW,False,Maintenance risk is review-only without dated downtime; no horizon-wide production block applied.,True,True
PHASE4-MPS-20260721170405,ALT-BASELINE,M-FRAME-JIG-001,WS-FRAME-PREP,,SEG-ALT-BASELINE-PSC-SKU-BIKE-ROAD-001-20260803-ROAD-OP-010-03,2026-09-04T08:00,2026-09-04T15:15,,,,RISK_ONLY_NO_DATED_DOWNTIME,False,False,False,HIGH,MAINTENANCE_RISK_REVIEW,False,Maintenance risk is review-only without dated downtime; no horizon-wide production block applied.,True,True
PHASE4-MPS-20260721170405,ALT-BASELINE,M-FRAME-JIG-001,WS-FRAME-PREP,,SEG-ALT-BASELINE-PSC-SKU-BIKE-ROAD-001-20260803-ROAD-OP-010-04,2026-09-07T08:00,2026-09-07T15:15,,,,RISK_ONLY_NO_DATED_DOWNTIME,False,False,False,HIGH,MAINTENANCE_RISK_REVIEW,False,Maintenance risk is review-only without dated downtime; no horizon-wide production block applied.,True,True
PHASE4-MPS-20260721170405,ALT-BASELINE,M-FRAME-JIG-001,WS-FRAME-PREP,,SEG-ALT-BASELINE-PSC-SKU-BIKE-ROAD-001-20260803-ROAD-OP-010-05,2026-09-08T08:00,2026-09-08T08:15,,,,RISK_ONLY_NO_DATED_DOWNTIME,False,False,False,HIGH,MAINTENANCE_RISK_REVIEW,False,Maintenance risk is review-only without dated downtime; no horizon-wide production block applied.,True,True
PHASE4-MPS-20260721170405,ALT-BASELINE,M-WHEEL-TRUE-001,WS-WHEEL-SUB,,SEG-ALT-BASELINE-PSC-SKU-BIKE-ROAD-001-20260803-ROAD-OP-020-01,2026-09-22T12:49,2026-09-22T15:14,,,,RISK_ONLY_NO_DATED_DOWNTIME,False,False,False,HIGH,MAINTENANCE_RISK_REVIEW,False,Maintenance risk is review-only without dated downtime; no horizon-wide production block applied.,True,True
PHASE4-MPS-20260721170405,ALT-BASELINE,M-WHEEL-TRUE-001,WS-WHEEL-SUB,,SEG-ALT-BASELINE-PSC-SKU-BIKE-ROAD-001-20260803-ROAD-OP-020-02,2026-09-23T08:00,2026-09-23T15:15,,,,RISK_ONLY_NO_DATED_DOWNTIME,False,False,False,HIGH,MAINTENANCE_RISK_REVIEW,False,Maintenance risk is review-only without dated downtime; no horizon-wide production block applied.,True,True
PHASE4-MPS-20260721170405,ALT-BASELINE,M-WHEEL-TRUE-001,WS-WHEEL-SUB,,SEG-ALT-BASELINE-PSC-SKU-BIKE-ROAD-001-20260803-ROAD-OP-020-03,2026-09-24T08:00,2026-09-24T15:15,,,,RISK_ONLY_NO_DATED_DOWNTIME,False,False,False,HIGH,MAINTENANCE_RISK_REVIEW,False,Maintenance risk is review-only without dated downtime; no horizon-wide production block applied.,True,True
PHASE4-MPS-20260721170405,ALT-BASELINE,M-WHEEL-TRUE-001,WS-WHEEL-SUB,,SEG-ALT-BASELINE-PSC-SKU-BIKE-ROAD-001-20260803-ROAD-OP-020-04,2026-09-25T08:00,2026-09-25T15:15,,,,RISK_ONLY_NO_DATED_DOWNTIME,False,False,False,HIGH,MAINTENANCE_RISK_REVIEW,False,Maintenance risk is review-only without dated downtime; no horizon-wide production block applied.,True,True
PHASE4-MPS-20260721170405,ALT-BASELINE,M-WHEEL-TRUE-001,WS-WHEEL-SUB,,SEG-ALT-BASELINE-PSC-SKU-BIKE-ROAD-001-20260803-ROAD-OP-020-05,2026-09-28T08:00,2026-09-28T13:12,,,,RISK_ONLY_NO_DATED_DOWNTIME,False,False,False,HIGH,MAINTENANCE_RISK_REVIEW,False,Maintenance risk is review-only without dated downtime; no horizon-wide production block applied.,True,True
PHASE4-MPS-20260721170405,ALT-BASELINE,M-BRAKE-BENCH-001,WS-BRAKE-SUB,,SEG-ALT-BASELINE-PSC-SKU-BIKE-ROAD-001-20260803-ROAD-OP-030-01,2026-09-22T12:49,2026-09-22T15:14,,,,RISK_ONLY_NO_DATED_DOWNTIME,False,False,False,HIGH,MAINTENANCE_RISK_REVIEW,False,Maintenance risk is review-only without dated downtime; no horizon-wide production block applied.,True,True
PHASE4-MPS-20260721170405,ALT-BASELINE,M-BRAKE-BENCH-001,WS-BRAKE-SUB,,SEG-ALT-BASELINE-PSC-SKU-BIKE-ROAD-001-20260803-ROAD-OP-030-02,2026-09-23T08:00,2026-09-23T15:14,,,,RISK_ONLY_NO_DATED_DOWNTIME,False,False,False,HIGH,MAINTENANCE_RISK_REVIEW,False,Maintenance risk is review-only without dated downtime; no horizon-wide production block applied.,True,True
PHASE4-MPS-20260721170405,ALT-BASELINE,M-BRAKE-BENCH-001,WS-BRAKE-SUB,,SEG-ALT-BASELINE-PSC-SKU-BIKE-ROAD-001-20260803-ROAD-OP-030-03,2026-09-24T08:00,2026-09-24T15:14,,,,RISK_ONLY_NO_DATED_DOWNTIME,False,False,False,HIGH,MAINTENANCE_RISK_REVIEW,False,Maintenance risk is review-only without dated downtime; no horizon-wide production block applied.,True,True
PHASE4-MPS-20260721170405,ALT-BASELINE,M-BRAKE-BENCH-001,WS-BRAKE-SUB,,SEG-ALT-BASELINE-PSC-SKU-BIKE-ROAD-001-20260803-ROAD-OP-030-04,2026-09-25T08:00,2026-09-25T12:39,,,,RISK_ONLY_NO_DATED_DOWNTIME,False,False,False,HIGH,MAINTENANCE_RISK_REVIEW,False,Maintenance risk is review-only without dated downtime; no horizon-wide production block applied.,True,True
PHASE4-MPS-20260721170405,ALT-BASELINE,M-FINAL-STAND-001,WS-FINAL-ASM,,SEG-ALT-BASELINE-PSC-SKU-BIKE-ROAD-001-20260803-ROAD-OP-040-01,2026-10-12T12:09,2026-10-12T15:14,,,,RISK_ONLY_NO_DATED_DOWNTIME,False,False,False,HIGH,MAINTENANCE_RISK_REVIEW,False,Maintenance risk is review-only without dated downtime; no horizon-wide production block applied.,True,True
PHASE4-MPS-20260721170405,ALT-BASELINE,M-FINAL-STAND-001,WS-FINAL-ASM,,SEG-ALT-BASELINE-PSC-SKU-BIKE-ROAD-001-20260803-ROAD-OP-040-02,2026-10-13T08:00,2026-10-13T15:15,,,,RISK_ONLY_NO_DATED_DOWNTIME,False,False,False,HIGH,MAINTENANCE_RISK_REVIEW,False,Maintenance risk is review-only without dated downtime; no horizon-wide production block applied.,True,True
PHASE4-MPS-20260721170405,ALT-BASELINE,M-FINAL-STAND-001,WS-FINAL-ASM,,SEG-ALT-BASELINE-PSC-SKU-BIKE-ROAD-001-20260803-ROAD-OP-040-03,2026-10-14T08:00,2026-10-14T15:15,,,,RISK_ONLY_NO_DATED_DOWNTIME,False,False,False,HIGH,MAINTENANCE_RISK_REVIEW,False,Maintenance risk is review-only without dated downtime; no horizon-wide production block applied.,True,True
PHASE4-MPS-20260721170405,ALT-BASELINE,M-FINAL-STAND-001,WS-FINAL-ASM,,SEG-ALT-BASELINE-PSC-SKU-BIKE-ROAD-001-20260803-ROAD-OP-040-04,2026-10-15T08:00,2026-10-15T15:15,,,,RISK_ONLY_NO_DATED_DOWNTIME,False,False,False,HIGH,MAINTENANCE_RISK_REVIEW,False,Maintenance risk is review-only without dated downtime; no horizon-wide production block applied.,True,True
PHASE4-MPS-20260721170405,ALT-BASELINE,M-FINAL-STAND-001,WS-FINAL-ASM,,SEG-ALT-BASELINE-PSC-SKU-BIKE-ROAD-001-20260803-ROAD-OP-040-05,2026-10-16T08:00,2026-10-16T15:15,,,,RISK_ONLY_NO_DATED_DOWNTIME,False,False,False,HIGH,MAINTENANCE_RISK_REVIEW,False,Maintenance risk is review-only without dated downtime; no horizon-wide production block applied.,True,True
PHASE4-MPS-20260721170405,ALT-BASELINE,M-FINAL-STAND-001,WS-FINAL-ASM,,SEG-ALT-BASELINE-PSC-SKU-BIKE-ROAD-001-20260803-ROAD-OP-040-06,2026-10-19T08:00,2026-10-19T15:15,,,,RISK_ONLY_NO_DATED_DOWNTIME,False,False,False,HIGH,MAINTENANCE_RISK_REVIEW,False,Maintenance risk is review-only without dated downtime; no horizon-wide production block applied.,True,True
PHASE4-MPS-20260721170405,ALT-BASELINE,M-FINAL-STAND-001,WS-FINAL-ASM,,SEG-ALT-BASELINE-PSC-SKU-BIKE-ROAD-001-20260803-ROAD-OP-040-07,2026-10-20T08:00,2026-10-20T14:19,,,,RISK_ONLY_NO_DATED_DOWNTIME,False,False,False,HIGH,MAINTENANCE_RISK_REVIEW,False,Maintenance risk is review-only without dated downtime; no horizon-wide production block applied.,True,True
PHASE4-MPS-20260721170405,ALT-BASELINE,M-QC-TOOLS-001,WS-QC,,SEG-ALT-BASELINE-PSC-SKU-BIKE-ROAD-001-20260803-ROAD-OP-050-01,2026-10-20T14:19,2026-10-20T15:14,,,,RISK_ONLY_NO_DATED_DOWNTIME,False,False,False,HIGH,MAINTENANCE_RISK_REVIEW,False,Maintenance risk is review-only without dated downtime; no horizon-wide production block applied.,True,True
PHASE4-MPS-20260721170405,ALT-BASELINE,M-QC-TOOLS-001,WS-QC,,SEG-ALT-BASELINE-PSC-SKU-BIKE-ROAD-001-20260803-ROAD-OP-050-02,2026-10-21T08:00,2026-10-21T15:14,,,,RISK_ONLY_NO_DATED_DOWNTIME,False,False,False,HIGH,MAINTENANCE_RISK_REVIEW,False,Maintenance risk is review-only without dated downtime; no horizon-wide production block applied.,True,True
PHASE4-MPS-20260721170405,ALT-BASELINE,M-QC-TOOLS-001,WS-QC,,SEG-ALT-BASELINE-PSC-SKU-BIKE-ROAD-001-20260803-ROAD-OP-050-03,2026-10-22T08:00,2026-10-22T15:14,,,,RISK_ONLY_NO_DATED_DOWNTIME,False,False,False,HIGH,MAINTENANCE_RISK_REVIEW,False,Maintenance risk is review-only without dated downtime; no horizon-wide production block applied.,True,True
PHASE4-MPS-20260721170405,ALT-BASELINE,M-QC-TOOLS-001,WS-QC,,SEG-ALT-BASELINE-PSC-SKU-BIKE-ROAD-001-20260803-ROAD-OP-050-04,2026-10-23T08:00,2026-10-23T11:16,,,,RISK_ONLY_NO_DATED_DOWNTIME,False,False,False,HIGH,MAINTENANCE_RISK_REVIEW,False,Maintenance risk is review-only without dated downtime; no horizon-wide production block applied.,True,True
PHASE4-MPS-20260721170405,ALT-BASELINE,M-PACK-BENCH-001,WS-PACK,,SEG-ALT-BASELINE-PSC-SKU-BIKE-ROAD-001-20260803-ROAD-OP-060-01,2026-10-23T11:16,2026-10-23T15:14,,,,RISK_ONLY_NO_DATED_DOWNTIME,False,False,False,HIGH,MAINTENANCE_RISK_REVIEW,False,Maintenance risk is review-only without dated downtime; no horizon-wide production block applied.,True,True
PHASE4-MPS-20260721170405,ALT-BASELINE,M-FRAME-JIG-001,WS-FRAME-PREP,,SEG-ALT-BASELINE-PSC-SKU-BIKE-MT-001-20260810-MT-OP-010-01,2026-09-11T08:39,2026-09-11T15:14,,,,RISK_ONLY_NO_DATED_DOWNTIME,False,False,False,HIGH,MAINTENANCE_RISK_REVIEW,False,Maintenance risk is review-only without dated downtime; no horizon-wide production block applied.,True,True
PHASE4-MPS-20260721170405,ALT-BASELINE,M-FRAME-JIG-001,WS-FRAME-PREP,,SEG-ALT-BASELINE-PSC-SKU-BIKE-MT-001-20260810-MT-OP-010-02,2026-09-14T08:00,2026-09-14T15:14,,,,RISK_ONLY_NO_DATED_DOWNTIME,False,False,False,HIGH,MAINTENANCE_RISK_REVIEW,False,Maintenance risk is review-only without dated downtime; no horizon-wide production block applied.,True,True
PHASE4-MPS-20260721170405,ALT-BASELINE,M-FRAME-JIG-001,WS-FRAME-PREP,,SEG-ALT-BASELINE-PSC-SKU-BIKE-MT-001-20260810-MT-OP-010-03,2026-09-15T08:00,2026-09-15T15:14,,,,RISK_ONLY_NO_DATED_DOWNTIME,False,False,False,HIGH,MAINTENANCE_RISK_REVIEW,False,Maintenance risk is review-only without dated downtime; no horizon-wide production block applied.,True,True
PHASE4-MPS-20260721170405,ALT-BASELINE,M-FRAME-JIG-001,WS-FRAME-PREP,,SEG-ALT-BASELINE-PSC-SKU-BIKE-MT-001-20260810-MT-OP-010-04,2026-09-16T08:00,2026-09-16T14:33,,,,RISK_ONLY_NO_DATED_DOWNTIME,False,False,False,HIGH,MAINTENANCE_RISK_REVIEW,False,Maintenance risk is review-only without dated downtime; no horizon-wide production block applied.,True,True
PHASE4-MPS-20260721170405,ALT-BASELINE,M-FORK-BENCH-001,WS-FORK-SUSP,,SEG-ALT-BASELINE-PSC-SKU-BIKE-MT-001-20260810-MT-OP-020-01,2026-10-01T08:00,2026-10-01T15:15,,,,RISK_ONLY_NO_DATED_DOWNTIME,False,False,False,HIGH,MAINTENANCE_RISK_REVIEW,False,Maintenance risk is review-only without dated downtime; no horizon-wide production block applied.,True,True
PHASE4-MPS-20260721170405,ALT-BASELINE,M-FORK-BENCH-001,WS-FORK-SUSP,,SEG-ALT-BASELINE-PSC-SKU-BIKE-MT-001-20260810-MT-OP-020-02,2026-10-02T08:00,2026-10-02T15:15,,,,RISK_ONLY_NO_DATED_DOWNTIME,False,False,False,HIGH,MAINTENANCE_RISK_REVIEW,False,Maintenance risk is review-only without dated downtime; no horizon-wide production block applied.,True,True
PHASE4-MPS-20260721170405,ALT-BASELINE,M-FORK-BENCH-001,WS-FORK-SUSP,,SEG-ALT-BASELINE-PSC-SKU-BIKE-MT-001-20260810-MT-OP-020-03,2026-10-05T08:00,2026-10-05T15:15,,,,RISK_ONLY_NO_DATED_DOWNTIME,False,False,False,HIGH,MAINTENANCE_RISK_REVIEW,False,Maintenance risk is review-only without dated downtime; no horizon-wide production block applied.,True,True
PHASE4-MPS-20260721170405,ALT-BASELINE,M-FORK-BENCH-001,WS-FORK-SUSP,,SEG-ALT-BASELINE-PSC-SKU-BIKE-MT-001-20260810-MT-OP-020-04,2026-10-06T08:00,2026-10-06T15:15,,,,RISK_ONLY_NO_DATED_DOWNTIME,False,False,False,HIGH,MAINTENANCE_RISK_REVIEW,False,Maintenance risk is review-only without dated downtime; no horizon-wide production block applied.,True,True
PHASE4-MPS-20260721170405,ALT-BASELINE,M-FORK-BENCH-001,WS-FORK-SUSP,,SEG-ALT-BASELINE-PSC-SKU-BIKE-MT-001-20260810-MT-OP-020-05,2026-10-07T08:00,2026-10-07T12:32,,,,RISK_ONLY_NO_DATED_DOWNTIME,False,False,False,HIGH,MAINTENANCE_RISK_REVIEW,False,Maintenance risk is review-only without dated downtime; no horizon-wide production block applied.,True,True
PHASE4-MPS-20260721170405,ALT-BASELINE,M-WHEEL-TRUE-001,WS-WHEEL-SUB,,SEG-ALT-BASELINE-PSC-SKU-BIKE-MT-001-20260810-MT-OP-030-01,2026-10-01T08:00,2026-10-01T15:14,,,,RISK_ONLY_NO_DATED_DOWNTIME,False,False,False,HIGH,MAINTENANCE_RISK_REVIEW,False,Maintenance risk is review-only without dated downtime; no horizon-wide production block applied.,True,True
PHASE4-MPS-20260721170405,ALT-BASELINE,M-WHEEL-TRUE-001,WS-WHEEL-SUB,,SEG-ALT-BASELINE-PSC-SKU-BIKE-MT-001-20260810-MT-OP-030-02,2026-10-02T08:00,2026-10-02T15:14,,,,RISK_ONLY_NO_DATED_DOWNTIME,False,False,False,HIGH,MAINTENANCE_RISK_REVIEW,False,Maintenance risk is review-only without dated downtime; no horizon-wide production block applied.,True,True
PHASE4-MPS-20260721170405,ALT-BASELINE,M-WHEEL-TRUE-001,WS-WHEEL-SUB,,SEG-ALT-BASELINE-PSC-SKU-BIKE-MT-001-20260810-MT-OP-030-03,2026-10-05T08:00,2026-10-05T15:14,,,,RISK_ONLY_NO_DATED_DOWNTIME,False,False,False,HIGH,MAINTENANCE_RISK_REVIEW,False,Maintenance risk is review-only without dated downtime; no horizon-wide production block applied.,True,True
PHASE4-MPS-20260721170405,ALT-BASELINE,M-WHEEL-TRUE-001,WS-WHEEL-SUB,,SEG-ALT-BASELINE-PSC-SKU-BIKE-MT-001-20260810-MT-OP-030-04,2026-10-06T08:00,2026-10-06T15:14,,,,RISK_ONLY_NO_DATED_DOWNTIME,False,False,False,HIGH,MAINTENANCE_RISK_REVIEW,False,Maintenance risk is review-only without dated downtime; no horizon-wide production block applied.,True,True
PHASE4-MPS-20260721170405,ALT-BASELINE,M-WHEEL-TRUE-001,WS-WHEEL-SUB,,SEG-ALT-BASELINE-PSC-SKU-BIKE-MT-001-20260810-MT-OP-030-05,2026-10-07T08:00,2026-10-07T12:50,,,,RISK_ONLY_NO_DATED_DOWNTIME,False,False,False,HIGH,MAINTENANCE_RISK_REVIEW,False,Maintenance risk is review-only without dated downtime; no horizon-wide production block applied.,True,True
PHASE4-MPS-20260721170405,ALT-BASELINE,M-BRAKE-BENCH-001,WS-BRAKE-SUB,,SEG-ALT-BASELINE-PSC-SKU-BIKE-MT-001-20260810-MT-OP-040-01,2026-10-01T08:00,2026-10-01T15:14,,,,RISK_ONLY_NO_DATED_DOWNTIME,False,False,False,HIGH,MAINTENANCE_RISK_REVIEW,False,Maintenance risk is review-only without dated downtime; no horizon-wide production block applied.,True,True
PHASE4-MPS-20260721170405,ALT-BASELINE,M-BRAKE-BENCH-001,WS-BRAKE-SUB,,SEG-ALT-BASELINE-PSC-SKU-BIKE-MT-001-20260810-MT-OP-040-02,2026-10-02T08:00,2026-10-02T15:14,,,,RISK_ONLY_NO_DATED_DOWNTIME,False,False,False,HIGH,MAINTENANCE_RISK_REVIEW,False,Maintenance risk is review-only without dated downtime; no horizon-wide production block applied.,True,True
PHASE4-MPS-20260721170405,ALT-BASELINE,M-BRAKE-BENCH-001,WS-BRAKE-SUB,,SEG-ALT-BASELINE-PSC-SKU-BIKE-MT-001-20260810-MT-OP-040-03,2026-10-05T08:00,2026-10-05T15:14,,,,RISK_ONLY_NO_DATED_DOWNTIME,False,False,False,HIGH,MAINTENANCE_RISK_REVIEW,False,Maintenance risk is review-only without dated downtime; no horizon-wide production block applied.,True,True
PHASE4-MPS-20260721170405,ALT-BASELINE,M-BRAKE-BENCH-001,WS-BRAKE-SUB,,SEG-ALT-BASELINE-PSC-SKU-BIKE-MT-001-20260810-MT-OP-040-04,2026-10-06T08:00,2026-10-06T11:55,,,,RISK_ONLY_NO_DATED_DOWNTIME,False,False,False,HIGH,MAINTENANCE_RISK_REVIEW,False,Maintenance risk is review-only without dated downtime; no horizon-wide production block applied.,True,True
PHASE4-MPS-20260721170405,ALT-BASELINE,M-FINAL-STAND-001,WS-FINAL-ASM,,SEG-ALT-BASELINE-PSC-SKU-BIKE-MT-001-20260810-MT-OP-050-01,2026-10-20T14:19,2026-10-20T15:14,,,,RISK_ONLY_NO_DATED_DOWNTIME,False,False,False,HIGH,MAINTENANCE_RISK_REVIEW,False,Maintenance risk is review-only without dated downtime; no horizon-wide production block applied.,True,True
PHASE4-MPS-20260721170405,ALT-BASELINE,M-FINAL-STAND-001,WS-FINAL-ASM,,SEG-ALT-BASELINE-PSC-SKU-BIKE-MT-001-20260810-MT-OP-050-02,2026-10-21T08:00,2026-10-21T15:14,,,,RISK_ONLY_NO_DATED_DOWNTIME,False,False,False,HIGH,MAINTENANCE_RISK_REVIEW,False,Maintenance risk is review-only without dated downtime; no horizon-wide production block applied.,True,True
PHASE4-MPS-20260721170405,ALT-BASELINE,M-FINAL-STAND-001,WS-FINAL-ASM,,SEG-ALT-BASELINE-PSC-SKU-BIKE-MT-001-20260810-MT-OP-050-03,2026-10-22T08:00,2026-10-22T15:14,,,,RISK_ONLY_NO_DATED_DOWNTIME,False,False,False,HIGH,MAINTENANCE_RISK_REVIEW,False,Maintenance risk is review-only without dated downtime; no horizon-wide production block applied.,True,True
PHASE4-MPS-20260721170405,ALT-BASELINE,M-FINAL-STAND-001,WS-FINAL-ASM,,SEG-ALT-BASELINE-PSC-SKU-BIKE-MT-001-20260810-MT-OP-050-04,2026-10-23T08:00,2026-10-23T15:14,,,,RISK_ONLY_NO_DATED_DOWNTIME,False,False,False,HIGH,MAINTENANCE_RISK_REVIEW,False,Maintenance risk is review-only without dated downtime; no horizon-wide production block applied.,True,True
PHASE4-MPS-20260721170405,ALT-BASELINE,M-FRAME-JIG-001,WS-FRAME-PREP,,SEG-ALT-BASELINE-PSC-SKU-BIKE-ROAD-001-20260810-ROAD-OP-010-01,2026-09-22T12:49,2026-09-22T15:14,,,,RISK_ONLY_NO_DATED_DOWNTIME,False,False,False,HIGH,MAINTENANCE_RISK_REVIEW,False,Maintenance risk is review-only without dated downtime; no horizon-wide production block applied.,True,True
PHASE4-MPS-20260721170405,ALT-BASELINE,M-FRAME-JIG-001,WS-FRAME-PREP,,SEG-ALT-BASELINE-PSC-SKU-BIKE-ROAD-001-20260810-ROAD-OP-010-02,2026-09-23T08:00,2026-09-23T15:15,,,,RISK_ONLY_NO_DATED_DOWNTIME,False,False,False,HIGH,MAINTENANCE_RISK_REVIEW,False,Maintenance risk is review-only without dated downtime; no horizon-wide production block applied.,True,True
PHASE4-MPS-20260721170405,ALT-BASELINE,M-FRAME-JIG-001,WS-FRAME-PREP,,SEG-ALT-BASELINE-PSC-SKU-BIKE-ROAD-001-20260810-ROAD-OP-010-03,2026-09-24T08:00,2026-09-24T15:15,,,,RISK_ONLY_NO_DATED_DOWNTIME,False,False,False,HIGH,MAINTENANCE_RISK_REVIEW,False,Maintenance risk is review-only without dated downtime; no horizon-wide production block applied.,True,True
PHASE4-MPS-20260721170405,ALT-BASELINE,M-FRAME-JIG-001,WS-FRAME-PREP,,SEG-ALT-BASELINE-PSC-SKU-BIKE-ROAD-001-20260810-ROAD-OP-010-04,2026-09-25T08:00,2026-09-25T14:35,,,,RISK_ONLY_NO_DATED_DOWNTIME,False,False,False,HIGH,MAINTENANCE_RISK_REVIEW,False,Maintenance risk is review-only without dated downtime; no horizon-wide production block applied.,True,True
PHASE4-MPS-20260721170405,ALT-BASELINE,M-WHEEL-TRUE-001,WS-WHEEL-SUB,,SEG-ALT-BASELINE-PSC-SKU-BIKE-ROAD-001-20260810-ROAD-OP-020-01,2026-10-12T12:09,2026-10-12T15:14,,,,RISK_ONLY_NO_DATED_DOWNTIME,False,False,False,HIGH,MAINTENANCE_RISK_REVIEW,False,Maintenance risk is review-only without dated downtime; no horizon-wide production block applied.,True,True
PHASE4-MPS-20260721170405,ALT-BASELINE,M-WHEEL-TRUE-001,WS-WHEEL-SUB,,SEG-ALT-BASELINE-PSC-SKU-BIKE-ROAD-001-20260810-ROAD-OP-020-02,2026-10-13T08:00,2026-10-13T15:15,,,,RISK_ONLY_NO_DATED_DOWNTIME,False,False,False,HIGH,MAINTENANCE_RISK_REVIEW,False,Maintenance risk is review-only without dated downtime; no horizon-wide production block applied.,True,True
PHASE4-MPS-20260721170405,ALT-BASELINE,M-WHEEL-TRUE-001,WS-WHEEL-SUB,,SEG-ALT-BASELINE-PSC-SKU-BIKE-ROAD-001-20260810-ROAD-OP-020-03,2026-10-14T08:00,2026-10-14T15:15,,,,RISK_ONLY_NO_DATED_DOWNTIME,False,False,False,HIGH,MAINTENANCE_RISK_REVIEW,False,Maintenance risk is review-only without dated downtime; no horizon-wide production block applied.,True,True
PHASE4-MPS-20260721170405,ALT-BASELINE,M-WHEEL-TRUE-001,WS-WHEEL-SUB,,SEG-ALT-BASELINE-PSC-SKU-BIKE-ROAD-001-20260810-ROAD-OP-020-04,2026-10-15T08:00,2026-10-15T15:15,,,,RISK_ONLY_NO_DATED_DOWNTIME,False,False,False,HIGH,MAINTENANCE_RISK_REVIEW,False,Maintenance risk is review-only without dated downtime; no horizon-wide production block applied.,True,True
PHASE4-MPS-20260721170405,ALT-BASELINE,M-WHEEL-TRUE-001,WS-WHEEL-SUB,,SEG-ALT-BASELINE-PSC-SKU-BIKE-ROAD-001-20260810-ROAD-OP-020-05,2026-10-16T08:00,2026-10-16T12:32,,,,RISK_ONLY_NO_DATED_DOWNTIME,False,False,False,HIGH,MAINTENANCE_RISK_REVIEW,False,Maintenance risk is review-only without dated downtime; no horizon-wide production block applied.,True,True
PHASE4-MPS-20260721170405,ALT-BASELINE,M-BRAKE-BENCH-001,WS-BRAKE-SUB,,SEG-ALT-BASELINE-PSC-SKU-BIKE-ROAD-001-20260810-ROAD-OP-030-01,2026-10-12T12:09,2026-10-12T15:14,,,,RISK_ONLY_NO_DATED_DOWNTIME,False,False,False,HIGH,MAINTENANCE_RISK_REVIEW,False,Maintenance risk is review-only without dated downtime; no horizon-wide production block applied.,True,True
PHASE4-MPS-20260721170405,ALT-BASELINE,M-BRAKE-BENCH-001,WS-BRAKE-SUB,,SEG-ALT-BASELINE-PSC-SKU-BIKE-ROAD-001-20260810-ROAD-OP-030-02,2026-10-13T08:00,2026-10-13T15:14,,,,RISK_ONLY_NO_DATED_DOWNTIME,False,False,False,HIGH,MAINTENANCE_RISK_REVIEW,False,Maintenance risk is review-only without dated downtime; no horizon-wide production block applied.,True,True
PHASE4-MPS-20260721170405,ALT-BASELINE,M-BRAKE-BENCH-001,WS-BRAKE-SUB,,SEG-ALT-BASELINE-PSC-SKU-BIKE-ROAD-001-20260810-ROAD-OP-030-03,2026-10-14T08:00,2026-10-14T15:14,,,,RISK_ONLY_NO_DATED_DOWNTIME,False,False,False,HIGH,MAINTENANCE_RISK_REVIEW,False,Maintenance risk is review-only without dated downtime; no horizon-wide production block applied.,True,True
PHASE4-MPS-20260721170405,ALT-BASELINE,M-BRAKE-BENCH-001,WS-BRAKE-SUB,,SEG-ALT-BASELINE-PSC-SKU-BIKE-ROAD-001-20260810-ROAD-OP-030-04,2026-10-15T08:00,2026-10-15T11:59,,,,RISK_ONLY_NO_DATED_DOWNTIME,False,False,False,HIGH,MAINTENANCE_RISK_REVIEW,False,Maintenance risk is review-only without dated downtime; no horizon-wide production block applied.,True,True
PHASE4-MPS-20260721170405,ALT-BASELINE,M-WHEEL-TRUE-001,WS-WHEEL-SUB,,SEG-ALT-BASELINE-PSC-SKU-BIKE-MT-001-20260817-MT-OP-030-01,2026-10-01T08:00,2026-10-01T15:14,,,,RISK_ONLY_NO_DATED_DOWNTIME,False,False,False,HIGH,MAINTENANCE_RISK_REVIEW,False,Maintenance risk is review-only without dated downtime; no horizon-wide production block applied.,True,True
PHASE4-MPS-20260721170405,ALT-BASELINE,M-WHEEL-TRUE-001,WS-WHEEL-SUB,,SEG-ALT-BASELINE-PSC-SKU-BIKE-MT-001-20260817-MT-OP-030-02,2026-10-02T08:00,2026-10-02T12:08,,,,RISK_ONLY_NO_DATED_DOWNTIME,False,False,False,HIGH,MAINTENANCE_RISK_REVIEW,False,Maintenance risk is review-only without dated downtime; no horizon-wide production block applied.,True,True
PHASE4-MPS-20260721170405,ALT-BASELINE,M-BRAKE-BENCH-001,WS-BRAKE-SUB,,SEG-ALT-BASELINE-PSC-SKU-BIKE-MT-001-20260817-MT-OP-040-01,2026-10-01T08:00,2026-10-01T14:08,,,,RISK_ONLY_NO_DATED_DOWNTIME,False,False,False,HIGH,MAINTENANCE_RISK_REVIEW,False,Maintenance risk is review-only without dated downtime; no horizon-wide production block applied.,True,True
PHASE4-MPS-20260721170405,ALT-BASELINE,M-FRAME-JIG-001,WS-FRAME-PREP,,SEG-ALT-BASELINE-PSC-SKU-BIKE-ROAD-001-20260817-ROAD-OP-010-01,2026-09-02T13:44,2026-09-02T15:14,,,,RISK_ONLY_NO_DATED_DOWNTIME,False,False,False,HIGH,MAINTENANCE_RISK_REVIEW,False,Maintenance risk is review-only without dated downtime; no horizon-wide production block applied.,True,True
PHASE4-MPS-20260721170405,ALT-BASELINE,M-FRAME-JIG-001,WS-FRAME-PREP,,SEG-ALT-BASELINE-PSC-SKU-BIKE-ROAD-001-20260817-ROAD-OP-010-02,2026-09-03T08:00,2026-09-03T15:15,,,,RISK_ONLY_NO_DATED_DOWNTIME,False,False,False,HIGH,MAINTENANCE_RISK_REVIEW,False,Maintenance risk is review-only without dated downtime; no horizon-wide production block applied.,True,True
PHASE4-MPS-20260721170405,ALT-BASELINE,M-FRAME-JIG-001,WS-FRAME-PREP,,SEG-ALT-BASELINE-PSC-SKU-BIKE-ROAD-001-20260817-ROAD-OP-010-03,2026-09-04T08:00,2026-09-04T15:15,,,,RISK_ONLY_NO_DATED_DOWNTIME,False,False,False,HIGH,MAINTENANCE_RISK_REVIEW,False,Maintenance risk is review-only without dated downtime; no horizon-wide production block applied.,True,True
PHASE4-MPS-20260721170405,ALT-BASELINE,M-FRAME-JIG-001,WS-FRAME-PREP,,SEG-ALT-BASELINE-PSC-SKU-BIKE-ROAD-001-20260817-ROAD-OP-010-04,2026-09-07T08:00,2026-09-07T15:12,,,,RISK_ONLY_NO_DATED_DOWNTIME,False,False,False,HIGH,MAINTENANCE_RISK_REVIEW,False,Maintenance risk is review-only without dated downtime; no horizon-wide production block applied.,True,True
PHASE4-MPS-20260721170405,ALT-BASELINE,M-FRAME-JIG-001,WS-FRAME-PREP,,SEG-ALT-BASELINE-PSC-SKU-BIKE-MT-001-20260824-MT-OP-010-01,2026-10-01T08:00,2026-10-01T15:14,,,,RISK_ONLY_NO_DATED_DOWNTIME,False,False,False,HIGH,MAINTENANCE_RISK_REVIEW,False,Maintenance risk is review-only without dated downtime; no horizon-wide production block applied.,True,True
PHASE4-MPS-20260721170405,ALT-BASELINE,M-FRAME-JIG-001,WS-FRAME-PREP,,SEG-ALT-BASELINE-PSC-SKU-BIKE-MT-001-20260824-MT-OP-010-02,2026-10-02T08:00,2026-10-02T15:14,,,,RISK_ONLY_NO_DATED_DOWNTIME,False,False,False,HIGH,MAINTENANCE_RISK_REVIEW,False,Maintenance risk is review-only without dated downtime; no horizon-wide production block applied.,True,True
PHASE4-MPS-20260721170405,ALT-BASELINE,M-FRAME-JIG-001,WS-FRAME-PREP,,SEG-ALT-BASELINE-PSC-SKU-BIKE-MT-001-20260824-MT-OP-010-03,2026-10-05T08:00,2026-10-05T15:14,,,,RISK_ONLY_NO_DATED_DOWNTIME,False,False,False,HIGH,MAINTENANCE_RISK_REVIEW,False,Maintenance risk is review-only without dated downtime; no horizon-wide production block applied.,True,True
PHASE4-MPS-20260721170405,ALT-BASELINE,M-FRAME-JIG-001,WS-FRAME-PREP,,SEG-ALT-BASELINE-PSC-SKU-BIKE-MT-001-20260824-MT-OP-010-04,2026-10-06T08:00,2026-10-06T15:14,,,,RISK_ONLY_NO_DATED_DOWNTIME,False,False,False,HIGH,MAINTENANCE_RISK_REVIEW,False,Maintenance risk is review-only without dated downtime; no horizon-wide production block applied.,True,True
PHASE4-MPS-20260721170405,ALT-BASELINE,M-FRAME-JIG-001,WS-FRAME-PREP,,SEG-ALT-BASELINE-PSC-SKU-BIKE-MT-001-20260824-MT-OP-010-05,2026-10-07T08:00,2026-10-07T14:22,,,,RISK_ONLY_NO_DATED_DOWNTIME,False,False,False,HIGH,MAINTENANCE_RISK_REVIEW,False,Maintenance risk is review-only without dated downtime; no horizon-wide production block applied.,True,True
PHASE4-MPS-20260721170405,ALT-BASELINE,M-FORK-BENCH-001,WS-FORK-SUSP,,SEG-ALT-BASELINE-PSC-SKU-BIKE-MT-001-20260824-MT-OP-020-01,2026-10-20T14:19,2026-10-20T15:14,,,,RISK_ONLY_NO_DATED_DOWNTIME,False,False,False,HIGH,MAINTENANCE_RISK_REVIEW,False,Maintenance risk is review-only without dated downtime; no horizon-wide production block applied.,True,True
PHASE4-MPS-20260721170405,ALT-BASELINE,M-FORK-BENCH-001,WS-FORK-SUSP,,SEG-ALT-BASELINE-PSC-SKU-BIKE-MT-001-20260824-MT-OP-020-02,2026-10-21T08:00,2026-10-21T15:15,,,,RISK_ONLY_NO_DATED_DOWNTIME,False,False,False,HIGH,MAINTENANCE_RISK_REVIEW,False,Maintenance risk is review-only without dated downtime; no horizon-wide production block applied.,True,True
PHASE4-MPS-20260721170405,ALT-BASELINE,M-FORK-BENCH-001,WS-FORK-SUSP,,SEG-ALT-BASELINE-PSC-SKU-BIKE-MT-001-20260824-MT-OP-020-03,2026-10-22T08:00,2026-10-22T15:15,,,,RISK_ONLY_NO_DATED_DOWNTIME,False,False,False,HIGH,MAINTENANCE_RISK_REVIEW,False,Maintenance risk is review-only without dated downtime; no horizon-wide production block applied.,True,True
PHASE4-MPS-20260721170405,ALT-BASELINE,M-FORK-BENCH-001,WS-FORK-SUSP,,SEG-ALT-BASELINE-PSC-SKU-BIKE-MT-001-20260824-MT-OP-020-04,2026-10-23T08:00,2026-10-23T15:15,,,,RISK_ONLY_NO_DATED_DOWNTIME,False,False,False,HIGH,MAINTENANCE_RISK_REVIEW,False,Maintenance risk is review-only without dated downtime; no horizon-wide production block applied.,True,True
PHASE4-MPS-20260721170405,ALT-BASELINE,M-WHEEL-TRUE-001,WS-WHEEL-SUB,,SEG-ALT-BASELINE-PSC-SKU-BIKE-MT-001-20260824-MT-OP-030-01,2026-10-20T14:19,2026-10-20T15:14,,,,RISK_ONLY_NO_DATED_DOWNTIME,False,False,False,HIGH,MAINTENANCE_RISK_REVIEW,False,Maintenance risk is review-only without dated downtime; no horizon-wide production block applied.,True,True
PHASE4-MPS-20260721170405,ALT-BASELINE,M-WHEEL-TRUE-001,WS-WHEEL-SUB,,SEG-ALT-BASELINE-PSC-SKU-BIKE-MT-001-20260824-MT-OP-030-02,2026-10-21T08:00,2026-10-21T15:14,,,,RISK_ONLY_NO_DATED_DOWNTIME,False,False,False,HIGH,MAINTENANCE_RISK_REVIEW,False,Maintenance risk is review-only without dated downtime; no horizon-wide production block applied.,True,True
PHASE4-MPS-20260721170405,ALT-BASELINE,M-WHEEL-TRUE-001,WS-WHEEL-SUB,,SEG-ALT-BASELINE-PSC-SKU-BIKE-MT-001-20260824-MT-OP-030-03,2026-10-22T08:00,2026-10-22T13:35,,,,RISK_ONLY_NO_DATED_DOWNTIME,False,False,False,HIGH,MAINTENANCE_RISK_REVIEW,False,Maintenance risk is review-only without dated downtime; no horizon-wide production block applied.,True,True
PHASE4-MPS-20260721170405,ALT-BASELINE,M-BRAKE-BENCH-001,WS-BRAKE-SUB,,SEG-ALT-BASELINE-PSC-SKU-BIKE-MT-001-20260824-MT-OP-040-01,2026-10-20T14:19,2026-10-20T15:14,,,,RISK_ONLY_NO_DATED_DOWNTIME,False,False,False,HIGH,MAINTENANCE_RISK_REVIEW,False,Maintenance risk is review-only without dated downtime; no horizon-wide production block applied.,True,True
PHASE4-MPS-20260721170405,ALT-BASELINE,M-BRAKE-BENCH-001,WS-BRAKE-SUB,,SEG-ALT-BASELINE-PSC-SKU-BIKE-MT-001-20260824-MT-OP-040-02,2026-10-21T08:00,2026-10-21T15:14,,,,RISK_ONLY_NO_DATED_DOWNTIME,False,False,False,HIGH,MAINTENANCE_RISK_REVIEW,False,Maintenance risk is review-only without dated downtime; no horizon-wide production block applied.,True,True
PHASE4-MPS-20260721170405,ALT-BASELINE,M-BRAKE-BENCH-001,WS-BRAKE-SUB,,SEG-ALT-BASELINE-PSC-SKU-BIKE-MT-001-20260824-MT-OP-040-03,2026-10-22T08:00,2026-10-22T10:14,,,,RISK_ONLY_NO_DATED_DOWNTIME,False,False,False,HIGH,MAINTENANCE_RISK_REVIEW,False,Maintenance risk is review-only without dated downtime; no horizon-wide production block applied.,True,True
PHASE4-MPS-20260721170405,ALT-BASELINE,M-FRAME-JIG-001,WS-FRAME-PREP,,SEG-ALT-BASELINE-PSC-SKU-BIKE-MT-001-20260831-MT-OP-010-01,2026-10-01T08:00,2026-10-01T15:14,,,,RISK_ONLY_NO_DATED_DOWNTIME,False,False,False,HIGH,MAINTENANCE_RISK_REVIEW,False,Maintenance risk is review-only without dated downtime; no horizon-wide production block applied.,True,True
PHASE4-MPS-20260721170405,ALT-BASELINE,M-FRAME-JIG-001,WS-FRAME-PREP,,SEG-ALT-BASELINE-PSC-SKU-BIKE-MT-001-20260831-MT-OP-010-02,2026-10-02T08:00,2026-10-02T15:14,,,,RISK_ONLY_NO_DATED_DOWNTIME,False,False,False,HIGH,MAINTENANCE_RISK_REVIEW,False,Maintenance risk is review-only without dated downtime; no horizon-wide production block applied.,True,True
PHASE4-MPS-20260721170405,ALT-BASELINE,M-FRAME-JIG-001,WS-FRAME-PREP,,SEG-ALT-BASELINE-PSC-SKU-BIKE-MT-001-20260831-MT-OP-010-03,2026-10-05T08:00,2026-10-05T15:14,,,,RISK_ONLY_NO_DATED_DOWNTIME,False,False,False,HIGH,MAINTENANCE_RISK_REVIEW,False,Maintenance risk is review-only without dated downtime; no horizon-wide production block applied.,True,True
PHASE4-MPS-20260721170405,ALT-BASELINE,M-FRAME-JIG-001,WS-FRAME-PREP,,SEG-ALT-BASELINE-PSC-SKU-BIKE-MT-001-20260831-MT-OP-010-04,2026-10-06T08:00,2026-10-06T15:14,,,,RISK_ONLY_NO_DATED_DOWNTIME,False,False,False,HIGH,MAINTENANCE_RISK_REVIEW,False,Maintenance risk is review-only without dated downtime; no horizon-wide production block applied.,True,True
PHASE4-MPS-20260721170405,ALT-BASELINE,M-FRAME-JIG-001,WS-FRAME-PREP,,SEG-ALT-BASELINE-PSC-SKU-BIKE-MT-001-20260831-MT-OP-010-05,2026-10-07T08:00,2026-10-07T14:04,,,,RISK_ONLY_NO_DATED_DOWNTIME,False,False,False,HIGH,MAINTENANCE_RISK_REVIEW,False,Maintenance risk is review-only without dated downtime; no horizon-wide production block applied.,True,True
PHASE4-MPS-20260721170405,ALT-BASELINE,M-FORK-BENCH-001,WS-FORK-SUSP,,SEG-ALT-BASELINE-PSC-SKU-BIKE-MT-001-20260831-MT-OP-020-01,2026-10-07T14:04,2026-10-07T15:14,,,,RISK_ONLY_NO_DATED_DOWNTIME,False,False,False,HIGH,MAINTENANCE_RISK_REVIEW,False,Maintenance risk is review-only without dated downtime; no horizon-wide production block applied.,True,True
PHASE4-MPS-20260721170405,ALT-BASELINE,M-FORK-BENCH-001,WS-FORK-SUSP,,SEG-ALT-BASELINE-PSC-SKU-BIKE-MT-001-20260831-MT-OP-020-02,2026-10-08T08:00,2026-10-08T11:50,,,,RISK_ONLY_NO_DATED_DOWNTIME,False,False,False,HIGH,MAINTENANCE_RISK_REVIEW,False,Maintenance risk is review-only without dated downtime; no horizon-wide production block applied.,True,True
PHASE4-MPS-20260721170405,ALT-BASELINE,M-FRAME-JIG-001,WS-FRAME-PREP,,SEG-ALT-BASELINE-PSC-SKU-BIKE-ROAD-001-20260831-ROAD-OP-010-01,2026-10-12T12:09,2026-10-12T15:14,,,,RISK_ONLY_NO_DATED_DOWNTIME,False,False,False,HIGH,MAINTENANCE_RISK_REVIEW,False,Maintenance risk is review-only without dated downtime; no horizon-wide production block applied.,True,True
PHASE4-MPS-20260721170405,ALT-BASELINE,M-FRAME-JIG-001,WS-FRAME-PREP,,SEG-ALT-BASELINE-PSC-SKU-BIKE-ROAD-001-20260831-ROAD-OP-010-02,2026-10-13T08:00,2026-10-13T15:15,,,,RISK_ONLY_NO_DATED_DOWNTIME,False,False,False,HIGH,MAINTENANCE_RISK_REVIEW,False,Maintenance risk is review-only without dated downtime; no horizon-wide production block applied.,True,True
PHASE4-MPS-20260721170405,ALT-BASELINE,M-FRAME-JIG-001,WS-FRAME-PREP,,SEG-ALT-BASELINE-PSC-SKU-BIKE-ROAD-001-20260831-ROAD-OP-010-03,2026-10-14T08:00,2026-10-14T15:15,,,,RISK_ONLY_NO_DATED_DOWNTIME,False,False,False,HIGH,MAINTENANCE_RISK_REVIEW,False,Maintenance risk is review-only without dated downtime; no horizon-wide production block applied.,True,True
PHASE4-MPS-20260721170405,ALT-BASELINE,M-FRAME-JIG-001,WS-FRAME-PREP,,SEG-ALT-BASELINE-PSC-SKU-BIKE-ROAD-001-20260831-ROAD-OP-010-04,2026-10-15T08:00,2026-10-15T13:55,,,,RISK_ONLY_NO_DATED_DOWNTIME,False,False,False,HIGH,MAINTENANCE_RISK_REVIEW,False,Maintenance risk is review-only without dated downtime; no horizon-wide production block applied.,True,True
PHASE4-MPS-20260721170405,ALT-BASELINE,M-FRAME-JIG-001,WS-FRAME-PREP,,SEG-ALT-BASELINE-PSC-SKU-BIKE-MT-001-20260907-MT-OP-010-01,2026-09-11T08:39,2026-09-11T15:14,,,,RISK_ONLY_NO_DATED_DOWNTIME,False,False,False,HIGH,MAINTENANCE_RISK_REVIEW,False,Maintenance risk is review-only without dated downtime; no horizon-wide production block applied.,True,True
PHASE4-MPS-20260721170405,ALT-BASELINE,M-FRAME-JIG-001,WS-FRAME-PREP,,SEG-ALT-BASELINE-PSC-SKU-BIKE-MT-001-20260907-MT-OP-010-02,2026-09-14T08:00,2026-09-14T12:53,,,,RISK_ONLY_NO_DATED_DOWNTIME,False,False,False,HIGH,MAINTENANCE_RISK_REVIEW,False,Maintenance risk is review-only without dated downtime; no horizon-wide production block applied.,True,True
PHASE4-MPS-20260721170405,ALT-BASELINE,M-FRAME-JIG-001,WS-FRAME-PREP,,SEG-ALT-BASELINE-PSC-SKU-BIKE-MT-001-20260914-MT-OP-010-01,2026-09-14T12:53,2026-09-14T15:14,,,,RISK_ONLY_NO_DATED_DOWNTIME,False,False,False,HIGH,MAINTENANCE_RISK_REVIEW,False,Maintenance risk is review-only without dated downtime; no horizon-wide production block applied.,True,True
PHASE4-MPS-20260721170405,ALT-BASELINE,M-FRAME-JIG-001,WS-FRAME-PREP,,SEG-ALT-BASELINE-PSC-SKU-BIKE-MT-001-20260914-MT-OP-010-02,2026-09-15T08:00,2026-09-15T15:14,,,,RISK_ONLY_NO_DATED_DOWNTIME,False,False,False,HIGH,MAINTENANCE_RISK_REVIEW,False,Maintenance risk is review-only without dated downtime; no horizon-wide production block applied.,True,True
PHASE4-MPS-20260721170405,ALT-BASELINE,M-FRAME-JIG-001,WS-FRAME-PREP,,SEG-ALT-BASELINE-PSC-SKU-BIKE-MT-001-20260914-MT-OP-010-03,2026-09-16T08:00,2026-09-16T09:33,,,,RISK_ONLY_NO_DATED_DOWNTIME,False,False,False,HIGH,MAINTENANCE_RISK_REVIEW,False,Maintenance risk is review-only without dated downtime; no horizon-wide production block applied.,True,True
PHASE4-MPS-20260721170405,ALT-BASELINE,M-FRAME-JIG-001,WS-FRAME-PREP,,SEG-ALT-BASELINE-PSC-SKU-BIKE-MT-001-20260921-MT-OP-010-01,2026-10-20T14:19,2026-10-20T15:14,,,,RISK_ONLY_NO_DATED_DOWNTIME,False,False,False,HIGH,MAINTENANCE_RISK_REVIEW,False,Maintenance risk is review-only without dated downtime; no horizon-wide production block applied.,True,True
PHASE4-MPS-20260721170405,ALT-BASELINE,M-FRAME-JIG-001,WS-FRAME-PREP,,SEG-ALT-BASELINE-PSC-SKU-BIKE-MT-001-20260921-MT-OP-010-02,2026-10-21T08:00,2026-10-21T15:14,,,,RISK_ONLY_NO_DATED_DOWNTIME,False,False,False,HIGH,MAINTENANCE_RISK_REVIEW,False,Maintenance risk is review-only without dated downtime; no horizon-wide production block applied.,True,True
PHASE4-MPS-20260721170405,ALT-BASELINE,M-FRAME-JIG-001,WS-FRAME-PREP,,SEG-ALT-BASELINE-PSC-SKU-BIKE-MT-001-20260921-MT-OP-010-03,2026-10-22T08:00,2026-10-22T11:00,,,,RISK_ONLY_NO_DATED_DOWNTIME,False,False,False,HIGH,MAINTENANCE_RISK_REVIEW,False,Maintenance risk is review-only without dated downtime; no horizon-wide production block applied.,True,True
PHASE4-MPS-20260721170405,ALT-BASELINE,M-FRAME-JIG-001,WS-FRAME-PREP,,SEG-ALT-BASELINE-PSC-SKU-BIKE-MT-001-20260928-MT-OP-010-01,2026-10-20T14:19,2026-10-20T15:14,,,,RISK_ONLY_NO_DATED_DOWNTIME,False,False,False,HIGH,MAINTENANCE_RISK_REVIEW,False,Maintenance risk is review-only without dated downtime; no horizon-wide production block applied.,True,True
PHASE4-MPS-20260721170405,ALT-BASELINE,M-FRAME-JIG-001,WS-FRAME-PREP,,SEG-ALT-BASELINE-PSC-SKU-BIKE-MT-001-20260928-MT-OP-010-02,2026-10-21T08:00,2026-10-21T12:05,,,,RISK_ONLY_NO_DATED_DOWNTIME,False,False,False,HIGH,MAINTENANCE_RISK_REVIEW,False,Maintenance risk is review-only without dated downtime; no horizon-wide production block applied.,True,True
PHASE4-MPS-20260721170405,ALT-BASELINE,M-FORK-BENCH-001,WS-FORK-SUSP,,SEG-ALT-BASELINE-PSC-SKU-BIKE-MT-001-20260928-MT-OP-020-01,2026-09-14T12:53,2026-09-14T15:14,,,,RISK_ONLY_NO_DATED_DOWNTIME,False,False,False,HIGH,MAINTENANCE_RISK_REVIEW,False,Maintenance risk is review-only without dated downtime; no horizon-wide production block applied.,True,True
PHASE4-MPS-20260721170405,ALT-BASELINE,M-FORK-BENCH-001,WS-FORK-SUSP,,SEG-ALT-BASELINE-PSC-SKU-BIKE-MT-001-20260928-MT-OP-020-02,2026-09-15T08:00,2026-09-15T11:47,,,,RISK_ONLY_NO_DATED_DOWNTIME,False,False,False,HIGH,MAINTENANCE_RISK_REVIEW,False,Maintenance risk is review-only without dated downtime; no horizon-wide production block applied.,True,True
PHASE4-MPS-20260721170405,ALT-BASELINE,M-WHEEL-TRUE-001,WS-WHEEL-SUB,,SEG-ALT-BASELINE-PSC-SKU-BIKE-MT-001-20260928-MT-OP-030-01,2026-09-14T12:53,2026-09-14T15:14,,,,RISK_ONLY_NO_DATED_DOWNTIME,False,False,False,HIGH,MAINTENANCE_RISK_REVIEW,False,Maintenance risk is review-only without dated downtime; no horizon-wide production block applied.,True,True
PHASE4-MPS-20260721170405,ALT-BASELINE,M-WHEEL-TRUE-001,WS-WHEEL-SUB,,SEG-ALT-BASELINE-PSC-SKU-BIKE-MT-001-20260928-MT-OP-030-02,2026-09-15T08:00,2026-09-15T11:48,,,,RISK_ONLY_NO_DATED_DOWNTIME,False,False,False,HIGH,MAINTENANCE_RISK_REVIEW,False,Maintenance risk is review-only without dated downtime; no horizon-wide production block applied.,True,True
PHASE4-MPS-20260721170405,ALT-BASELINE,M-BRAKE-BENCH-001,WS-BRAKE-SUB,,SEG-ALT-BASELINE-PSC-SKU-BIKE-MT-001-20260928-MT-OP-040-01,2026-09-14T12:53,2026-09-14T15:14,,,,RISK_ONLY_NO_DATED_DOWNTIME,False,False,False,HIGH,MAINTENANCE_RISK_REVIEW,False,Maintenance risk is review-only without dated downtime; no horizon-wide production block applied.,True,True
PHASE4-MPS-20260721170405,ALT-BASELINE,M-BRAKE-BENCH-001,WS-BRAKE-SUB,,SEG-ALT-BASELINE-PSC-SKU-BIKE-MT-001-20260928-MT-OP-040-02,2026-09-15T08:00,2026-09-15T10:18,,,,RISK_ONLY_NO_DATED_DOWNTIME,False,False,False,HIGH,MAINTENANCE_RISK_REVIEW,False,Maintenance risk is review-only without dated downtime; no horizon-wide production block applied.,True,True
PHASE4-MPS-20260721170405,ALT-BASELINE,M-FINAL-STAND-001,WS-FINAL-ASM,,SEG-ALT-BASELINE-PSC-SKU-BIKE-MT-001-20260928-MT-OP-050-01,2026-09-30T14:59,2026-09-30T15:14,,,,RISK_ONLY_NO_DATED_DOWNTIME,False,False,False,HIGH,MAINTENANCE_RISK_REVIEW,False,Maintenance risk is review-only without dated downtime; no horizon-wide production block applied.,True,True
PHASE4-MPS-20260721170405,ALT-BASELINE,M-FRAME-JIG-001,WS-FRAME-PREP,,SEG-ALT-BASELINE-PSC-SKU-BIKE-ROAD-001-20260928-ROAD-OP-010-01,2026-10-12T12:09,2026-10-12T15:14,,,,RISK_ONLY_NO_DATED_DOWNTIME,False,False,False,HIGH,MAINTENANCE_RISK_REVIEW,False,Maintenance risk is review-only without dated downtime; no horizon-wide production block applied.,True,True
PHASE4-MPS-20260721170405,ALT-BASELINE,M-FRAME-JIG-001,WS-FRAME-PREP,,SEG-ALT-BASELINE-PSC-SKU-BIKE-ROAD-001-20260928-ROAD-OP-010-02,2026-10-13T08:00,2026-10-13T10:42,,,,RISK_ONLY_NO_DATED_DOWNTIME,False,False,False,HIGH,MAINTENANCE_RISK_REVIEW,False,Maintenance risk is review-only without dated downtime; no horizon-wide production block applied.,True,True
PHASE4-MPS-20260721170405,ALT-BASELINE,M-WHEEL-TRUE-001,WS-WHEEL-SUB,,SEG-ALT-BASELINE-PSC-SKU-BIKE-ROAD-001-20260928-ROAD-OP-020-01,2026-09-22T12:49,2026-09-22T15:14,,,,RISK_ONLY_NO_DATED_DOWNTIME,False,False,False,HIGH,MAINTENANCE_RISK_REVIEW,False,Maintenance risk is review-only without dated downtime; no horizon-wide production block applied.,True,True
PHASE4-MPS-20260721170405,ALT-BASELINE,M-WHEEL-TRUE-001,WS-WHEEL-SUB,,SEG-ALT-BASELINE-PSC-SKU-BIKE-ROAD-001-20260928-ROAD-OP-020-02,2026-09-23T08:00,2026-09-23T12:38,,,,RISK_ONLY_NO_DATED_DOWNTIME,False,False,False,HIGH,MAINTENANCE_RISK_REVIEW,False,Maintenance risk is review-only without dated downtime; no horizon-wide production block applied.,True,True
PHASE4-MPS-20260721170405,ALT-BASELINE,M-BRAKE-BENCH-001,WS-BRAKE-SUB,,SEG-ALT-BASELINE-PSC-SKU-BIKE-ROAD-001-20260928-ROAD-OP-030-01,2026-09-22T12:49,2026-09-22T15:14,,,,RISK_ONLY_NO_DATED_DOWNTIME,False,False,False,HIGH,MAINTENANCE_RISK_REVIEW,False,Maintenance risk is review-only without dated downtime; no horizon-wide production block applied.,True,True
PHASE4-MPS-20260721170405,ALT-BASELINE,M-BRAKE-BENCH-001,WS-BRAKE-SUB,,SEG-ALT-BASELINE-PSC-SKU-BIKE-ROAD-001-20260928-ROAD-OP-030-02,2026-09-23T08:00,2026-09-23T10:49,,,,RISK_ONLY_NO_DATED_DOWNTIME,False,False,False,HIGH,MAINTENANCE_RISK_REVIEW,False,Maintenance risk is review-only without dated downtime; no horizon-wide production block applied.,True,True
PHASE4-MPS-20260721170405,ALT-BN-CP,M-FRAME-JIG-001,WS-FRAME-PREP,,SEG-ALT-BN-CP-PSC-SKU-BIKE-MT-001-20260629-MT-OP-010-01,2026-06-29T08:00,2026-06-29T15:14,,,,RISK_ONLY_NO_DATED_DOWNTIME,False,False,False,HIGH,MAINTENANCE_RISK_REVIEW,False,Maintenance risk is review-only without dated downtime; no horizon-wide production block applied.,True,True
PHASE4-MPS-20260721170405,ALT-BN-CP,M-FRAME-JIG-001,WS-FRAME-PREP,,SEG-ALT-BN-CP-PSC-SKU-BIKE-MT-001-20260629-MT-OP-010-02,2026-06-30T08:00,2026-06-30T15:14,,,,RISK_ONLY_NO_DATED_DOWNTIME,False,False,False,HIGH,MAINTENANCE_RISK_REVIEW,False,Maintenance risk is review-only without dated downtime; no horizon-wide production block applied.,True,True
PHASE4-MPS-20260721170405,ALT-BN-CP,M-FRAME-JIG-001,WS-FRAME-PREP,,SEG-ALT-BN-CP-PSC-SKU-BIKE-MT-001-20260629-MT-OP-010-03,2026-07-01T08:00,2026-07-01T12:37,,,,RISK_ONLY_NO_DATED_DOWNTIME,False,False,False,HIGH,MAINTENANCE_RISK_REVIEW,False,Maintenance risk is review-only without dated downtime; no horizon-wide production block applied.,True,True
PHASE4-MPS-20260721170405,ALT-BN-CP,M-FORK-BENCH-001,WS-FORK-SUSP,,SEG-ALT-BN-CP-PSC-SKU-BIKE-MT-001-20260629-MT-OP-020-01,2026-07-01T12:37,2026-07-01T15:14,,,,RISK_ONLY_NO_DATED_DOWNTIME,False,False,False,HIGH,MAINTENANCE_RISK_REVIEW,False,Maintenance risk is review-only without dated downtime; no horizon-wide production block applied.,True,True
PHASE4-MPS-20260721170405,ALT-BN-CP,M-FORK-BENCH-001,WS-FORK-SUSP,,SEG-ALT-BN-CP-PSC-SKU-BIKE-MT-001-20260629-MT-OP-020-02,2026-07-02T08:00,2026-07-02T15:15,,,,RISK_ONLY_NO_DATED_DOWNTIME,False,False,False,HIGH,MAINTENANCE_RISK_REVIEW,False,Maintenance risk is review-only without dated downtime; no horizon-wide production block applied.,True,True
PHASE4-MPS-20260721170405,ALT-BN-CP,M-FORK-BENCH-001,WS-FORK-SUSP,,SEG-ALT-BN-CP-PSC-SKU-BIKE-MT-001-20260629-MT-OP-020-03,2026-07-03T08:00,2026-07-03T15:15,,,,RISK_ONLY_NO_DATED_DOWNTIME,False,False,False,HIGH,MAINTENANCE_RISK_REVIEW,False,Maintenance risk is review-only without dated downtime; no horizon-wide production block applied.,True,True
PHASE4-MPS-20260721170405,ALT-BN-CP,M-FORK-BENCH-001,WS-FORK-SUSP,,SEG-ALT-BN-CP-PSC-SKU-BIKE-MT-001-20260629-MT-OP-020-04,2026-07-06T08:00,2026-07-06T14:21,,,,RISK_ONLY_NO_DATED_DOWNTIME,False,False,False,HIGH,MAINTENANCE_RISK_REVIEW,False,Maintenance risk is review-only without dated downtime; no horizon-wide production block applied.,True,True
PHASE4-MPS-20260721170405,ALT-BN-CP,M-WHEEL-TRUE-001,WS-WHEEL-SUB,,SEG-ALT-BN-CP-PSC-SKU-BIKE-MT-001-20260629-MT-OP-030-01,2026-07-01T12:37,2026-07-01T15:14,,,,RISK_ONLY_NO_DATED_DOWNTIME,False,False,False,HIGH,MAINTENANCE_RISK_REVIEW,False,Maintenance risk is review-only without dated downtime; no horizon-wide production block applied.,True,True
PHASE4-MPS-20260721170405,ALT-BN-CP,M-WHEEL-TRUE-001,WS-WHEEL-SUB,,SEG-ALT-BN-CP-PSC-SKU-BIKE-MT-001-20260629-MT-OP-030-02,2026-07-02T08:00,2026-07-02T15:14,,,,RISK_ONLY_NO_DATED_DOWNTIME,False,False,False,HIGH,MAINTENANCE_RISK_REVIEW,False,Maintenance risk is review-only without dated downtime; no horizon-wide production block applied.,True,True
PHASE4-MPS-20260721170405,ALT-BN-CP,M-WHEEL-TRUE-001,WS-WHEEL-SUB,,SEG-ALT-BN-CP-PSC-SKU-BIKE-MT-001-20260629-MT-OP-030-03,2026-07-03T08:00,2026-07-03T15:14,,,,RISK_ONLY_NO_DATED_DOWNTIME,False,False,False,HIGH,MAINTENANCE_RISK_REVIEW,False,Maintenance risk is review-only without dated downtime; no horizon-wide production block applied.,True,True
PHASE4-MPS-20260721170405,ALT-BN-CP,M-WHEEL-TRUE-001,WS-WHEEL-SUB,,SEG-ALT-BN-CP-PSC-SKU-BIKE-MT-001-20260629-MT-OP-030-04,2026-07-06T08:00,2026-07-06T14:36,,,,RISK_ONLY_NO_DATED_DOWNTIME,False,False,False,HIGH,MAINTENANCE_RISK_REVIEW,False,Maintenance risk is review-only without dated downtime; no horizon-wide production block applied.,True,True
PHASE4-MPS-20260721170405,ALT-BN-CP,M-BRAKE-BENCH-001,WS-BRAKE-SUB,,SEG-ALT-BN-CP-PSC-SKU-BIKE-MT-001-20260629-MT-OP-040-01,2026-07-01T12:37,2026-07-01T15:14,,,,RISK_ONLY_NO_DATED_DOWNTIME,False,False,False,HIGH,MAINTENANCE_RISK_REVIEW,False,Maintenance risk is review-only without dated downtime; no horizon-wide production block applied.,True,True
PHASE4-MPS-20260721170405,ALT-BN-CP,M-BRAKE-BENCH-001,WS-BRAKE-SUB,,SEG-ALT-BN-CP-PSC-SKU-BIKE-MT-001-20260629-MT-OP-040-02,2026-07-02T08:00,2026-07-02T15:15,,,,RISK_ONLY_NO_DATED_DOWNTIME,False,False,False,HIGH,MAINTENANCE_RISK_REVIEW,False,Maintenance risk is review-only without dated downtime; no horizon-wide production block applied.,True,True
PHASE4-MPS-20260721170405,ALT-BN-CP,M-BRAKE-BENCH-001,WS-BRAKE-SUB,,SEG-ALT-BN-CP-PSC-SKU-BIKE-MT-001-20260629-MT-OP-040-03,2026-07-03T08:00,2026-07-03T15:15,,,,RISK_ONLY_NO_DATED_DOWNTIME,False,False,False,HIGH,MAINTENANCE_RISK_REVIEW,False,Maintenance risk is review-only without dated downtime; no horizon-wide production block applied.,True,True
PHASE4-MPS-20260721170405,ALT-BN-CP,M-BRAKE-BENCH-001,WS-BRAKE-SUB,,SEG-ALT-BN-CP-PSC-SKU-BIKE-MT-001-20260629-MT-OP-040-04,2026-07-06T08:00,2026-07-06T08:54,,,,RISK_ONLY_NO_DATED_DOWNTIME,False,False,False,HIGH,MAINTENANCE_RISK_REVIEW,False,Maintenance risk is review-only without dated downtime; no horizon-wide production block applied.,True,True
PHASE4-MPS-20260721170405,ALT-BN-CP,M-PACK-BENCH-001,WS-PACK,,SEG-ALT-BN-CP-PSC-SKU-BIKE-MT-001-20260629-MT-OP-070-01,2026-06-29T08:00,2026-06-29T13:08,,,,RISK_ONLY_NO_DATED_DOWNTIME,False,False,False,HIGH,MAINTENANCE_RISK_REVIEW,False,Maintenance risk is review-only without dated downtime; no horizon-wide production block applied.,True,True
PHASE4-MPS-20260721170405,ALT-BN-CP,M-FINAL-STAND-001,WS-FINAL-ASM,,SEG-ALT-BN-CP-PSC-SKU-BIKE-ROAD-001-20260928-ROAD-OP-040-01,2026-06-29T08:00,2026-06-29T15:14,,,,RISK_ONLY_NO_DATED_DOWNTIME,False,False,False,HIGH,MAINTENANCE_RISK_REVIEW,False,Maintenance risk is review-only without dated downtime; no horizon-wide production block applied.,True,True
PHASE4-MPS-20260721170405,ALT-BN-CP,M-FINAL-STAND-001,WS-FINAL-ASM,,SEG-ALT-BN-CP-PSC-SKU-BIKE-ROAD-001-20260928-ROAD-OP-040-02,2026-06-30T08:00,2026-06-30T11:27,,,,RISK_ONLY_NO_DATED_DOWNTIME,False,False,False,HIGH,MAINTENANCE_RISK_REVIEW,False,Maintenance risk is review-only without dated downtime; no horizon-wide production block applied.,True,True
PHASE4-MPS-20260721170405,ALT-BN-CP,M-QC-TOOLS-001,WS-QC,,SEG-ALT-BN-CP-PSC-SKU-BIKE-ROAD-001-20260928-ROAD-OP-050-01,2026-06-30T11:27,2026-06-30T15:14,,,,RISK_ONLY_NO_DATED_DOWNTIME,False,False,False,HIGH,MAINTENANCE_RISK_REVIEW,False,Maintenance risk is review-only without dated downtime; no horizon-wide production block applied.,True,True
PHASE4-MPS-20260721170405,ALT-BN-CP,M-QC-TOOLS-001,WS-QC,,SEG-ALT-BN-CP-PSC-SKU-BIKE-ROAD-001-20260928-ROAD-OP-050-02,2026-07-01T08:00,2026-07-01T08:36,,,,RISK_ONLY_NO_DATED_DOWNTIME,False,False,False,HIGH,MAINTENANCE_RISK_REVIEW,False,Maintenance risk is review-only without dated downtime; no horizon-wide production block applied.,True,True
PHASE4-MPS-20260721170405,ALT-BN-CP,M-PACK-BENCH-001,WS-PACK,,SEG-ALT-BN-CP-PSC-SKU-BIKE-ROAD-001-20260928-ROAD-OP-060-01,2026-06-29T13:08,2026-06-29T15:14,,,,RISK_ONLY_NO_DATED_DOWNTIME,False,False,False,HIGH,MAINTENANCE_RISK_REVIEW,False,Maintenance risk is review-only without dated downtime; no horizon-wide production block applied.,True,True
PHASE4-MPS-20260721170405,ALT-BN-CP,M-PACK-BENCH-001,WS-PACK,,SEG-ALT-BN-CP-PSC-SKU-BIKE-ROAD-001-20260928-ROAD-OP-060-02,2026-06-30T08:00,2026-06-30T09:33,,,,RISK_ONLY_NO_DATED_DOWNTIME,False,False,False,HIGH,MAINTENANCE_RISK_REVIEW,False,Maintenance risk is review-only without dated downtime; no horizon-wide production block applied.,True,True
PHASE4-MPS-20260721170405,ALT-BN-CP,M-FRAME-JIG-001,WS-FRAME-PREP,,SEG-ALT-BN-CP-PSC-SKU-BIKE-ROAD-001-20260629-ROAD-OP-010-01,2026-06-29T08:00,2026-06-29T15:14,,,,RISK_ONLY_NO_DATED_DOWNTIME,False,False,False,HIGH,MAINTENANCE_RISK_REVIEW,False,Maintenance risk is review-only without dated downtime; no horizon-wide production block applied.,True,True
PHASE4-MPS-20260721170405,ALT-BN-CP,M-FRAME-JIG-001,WS-FRAME-PREP,,SEG-ALT-BN-CP-PSC-SKU-BIKE-ROAD-001-20260629-ROAD-OP-010-02,2026-06-30T08:00,2026-06-30T15:15,,,,RISK_ONLY_NO_DATED_DOWNTIME,False,False,False,HIGH,MAINTENANCE_RISK_REVIEW,False,Maintenance risk is review-only without dated downtime; no horizon-wide production block applied.,True,True
PHASE4-MPS-20260721170405,ALT-BN-CP,M-FRAME-JIG-001,WS-FRAME-PREP,,SEG-ALT-BN-CP-PSC-SKU-BIKE-ROAD-001-20260629-ROAD-OP-010-03,2026-07-01T08:00,2026-07-01T14:41,,,,RISK_ONLY_NO_DATED_DOWNTIME,False,False,False,HIGH,MAINTENANCE_RISK_REVIEW,False,Maintenance risk is review-only without dated downtime; no horizon-wide production block applied.,True,True
PHASE4-MPS-20260721170405,ALT-BN-CP,M-WHEEL-TRUE-001,WS-WHEEL-SUB,,SEG-ALT-BN-CP-PSC-SKU-BIKE-ROAD-001-20260629-ROAD-OP-020-01,2026-07-01T14:41,2026-07-01T15:14,,,,RISK_ONLY_NO_DATED_DOWNTIME,False,False,False,HIGH,MAINTENANCE_RISK_REVIEW,False,Maintenance risk is review-only without dated downtime; no horizon-wide production block applied.,True,True
PHASE4-MPS-20260721170405,ALT-BN-CP,M-WHEEL-TRUE-001,WS-WHEEL-SUB,,SEG-ALT-BN-CP-PSC-SKU-BIKE-ROAD-001-20260629-ROAD-OP-020-02,2026-07-02T08:00,2026-07-02T15:15,,,,RISK_ONLY_NO_DATED_DOWNTIME,False,False,False,HIGH,MAINTENANCE_RISK_REVIEW,False,Maintenance risk is review-only without dated downtime; no horizon-wide production block applied.,True,True
PHASE4-MPS-20260721170405,ALT-BN-CP,M-WHEEL-TRUE-001,WS-WHEEL-SUB,,SEG-ALT-BN-CP-PSC-SKU-BIKE-ROAD-001-20260629-ROAD-OP-020-03,2026-07-03T08:00,2026-07-03T15:15,,,,RISK_ONLY_NO_DATED_DOWNTIME,False,False,False,HIGH,MAINTENANCE_RISK_REVIEW,False,Maintenance risk is review-only without dated downtime; no horizon-wide production block applied.,True,True
PHASE4-MPS-20260721170405,ALT-BN-CP,M-WHEEL-TRUE-001,WS-WHEEL-SUB,,SEG-ALT-BN-CP-PSC-SKU-BIKE-ROAD-001-20260629-ROAD-OP-020-04,2026-07-06T08:00,2026-07-06T15:15,,,,RISK_ONLY_NO_DATED_DOWNTIME,False,False,False,HIGH,MAINTENANCE_RISK_REVIEW,False,Maintenance risk is review-only without dated downtime; no horizon-wide production block applied.,True,True
PHASE4-MPS-20260721170405,ALT-BN-CP,M-WHEEL-TRUE-001,WS-WHEEL-SUB,,SEG-ALT-BN-CP-PSC-SKU-BIKE-ROAD-001-20260629-ROAD-OP-020-05,2026-07-07T08:00,2026-07-07T11:59,,,,RISK_ONLY_NO_DATED_DOWNTIME,False,False,False,HIGH,MAINTENANCE_RISK_REVIEW,False,Maintenance risk is review-only without dated downtime; no horizon-wide production block applied.,True,True
PHASE4-MPS-20260721170405,ALT-BN-CP,M-BRAKE-BENCH-001,WS-BRAKE-SUB,,SEG-ALT-BN-CP-PSC-SKU-BIKE-ROAD-001-20260629-ROAD-OP-030-01,2026-07-01T14:41,2026-07-01T15:14,,,,RISK_ONLY_NO_DATED_DOWNTIME,False,False,False,HIGH,MAINTENANCE_RISK_REVIEW,False,Maintenance risk is review-only without dated downtime; no horizon-wide production block applied.,True,True
PHASE4-MPS-20260721170405,ALT-BN-CP,M-BRAKE-BENCH-001,WS-BRAKE-SUB,,SEG-ALT-BN-CP-PSC-SKU-BIKE-ROAD-001-20260629-ROAD-OP-030-02,2026-07-02T08:00,2026-07-02T15:15,,,,RISK_ONLY_NO_DATED_DOWNTIME,False,False,False,HIGH,MAINTENANCE_RISK_REVIEW,False,Maintenance risk is review-only without dated downtime; no horizon-wide production block applied.,True,True
PHASE4-MPS-20260721170405,ALT-BN-CP,M-BRAKE-BENCH-001,WS-BRAKE-SUB,,SEG-ALT-BN-CP-PSC-SKU-BIKE-ROAD-001-20260629-ROAD-OP-030-03,2026-07-03T08:00,2026-07-03T15:15,,,,RISK_ONLY_NO_DATED_DOWNTIME,False,False,False,HIGH,MAINTENANCE_RISK_REVIEW,False,Maintenance risk is review-only without dated downtime; no horizon-wide production block applied.,True,True
PHASE4-MPS-20260721170405,ALT-BN-CP,M-BRAKE-BENCH-001,WS-BRAKE-SUB,,SEG-ALT-BN-CP-PSC-SKU-BIKE-ROAD-001-20260629-ROAD-OP-030-04,2026-07-06T08:00,2026-07-06T12:12,,,,RISK_ONLY_NO_DATED_DOWNTIME,False,False,False,HIGH,MAINTENANCE_RISK_REVIEW,False,Maintenance risk is review-only without dated downtime; no horizon-wide production block applied.,True,True
PHASE4-MPS-20260721170405,ALT-BN-CP,M-FINAL-STAND-001,WS-FINAL-ASM,,SEG-ALT-BN-CP-PSC-SKU-BIKE-ROAD-001-20260629-ROAD-OP-040-01,2026-07-07T11:59,2026-07-07T15:14,,,,RISK_ONLY_NO_DATED_DOWNTIME,False,False,False,HIGH,MAINTENANCE_RISK_REVIEW,False,Maintenance risk is review-only without dated downtime; no horizon-wide production block applied.,True,True
PHASE4-MPS-20260721170405,ALT-BN-CP,M-FINAL-STAND-001,WS-FINAL-ASM,,SEG-ALT-BN-CP-PSC-SKU-BIKE-ROAD-001-20260629-ROAD-OP-040-02,2026-07-08T08:00,2026-07-08T15:14,,,,RISK_ONLY_NO_DATED_DOWNTIME,False,False,False,HIGH,MAINTENANCE_RISK_REVIEW,False,Maintenance risk is review-only without dated downtime; no horizon-wide production block applied.,True,True
PHASE4-MPS-20260721170405,ALT-BN-CP,M-FINAL-STAND-001,WS-FINAL-ASM,,SEG-ALT-BN-CP-PSC-SKU-BIKE-ROAD-001-20260629-ROAD-OP-040-03,2026-07-09T08:00,2026-07-09T15:14,,,,RISK_ONLY_NO_DATED_DOWNTIME,False,False,False,HIGH,MAINTENANCE_RISK_REVIEW,False,Maintenance risk is review-only without dated downtime; no horizon-wide production block applied.,True,True
PHASE4-MPS-20260721170405,ALT-BN-CP,M-FINAL-STAND-001,WS-FINAL-ASM,,SEG-ALT-BN-CP-PSC-SKU-BIKE-ROAD-001-20260629-ROAD-OP-040-04,2026-07-10T08:00,2026-07-10T15:14,,,,RISK_ONLY_NO_DATED_DOWNTIME,False,False,False,HIGH,MAINTENANCE_RISK_REVIEW,False,Maintenance risk is review-only without dated downtime; no horizon-wide production block applied.,True,True
PHASE4-MPS-20260721170405,ALT-BN-CP,M-FINAL-STAND-001,WS-FINAL-ASM,,SEG-ALT-BN-CP-PSC-SKU-BIKE-ROAD-001-20260629-ROAD-OP-040-05,2026-07-13T08:00,2026-07-13T15:14,,,,RISK_ONLY_NO_DATED_DOWNTIME,False,False,False,HIGH,MAINTENANCE_RISK_REVIEW,False,Maintenance risk is review-only without dated downtime; no horizon-wide production block applied.,True,True
PHASE4-MPS-20260721170405,ALT-BN-CP,M-FINAL-STAND-001,WS-FINAL-ASM,,SEG-ALT-BN-CP-PSC-SKU-BIKE-ROAD-001-20260629-ROAD-OP-040-06,2026-07-14T08:00,2026-07-14T15:14,,,,RISK_ONLY_NO_DATED_DOWNTIME,False,False,False,HIGH,MAINTENANCE_RISK_REVIEW,False,Maintenance risk is review-only without dated downtime; no horizon-wide production block applied.,True,True
PHASE4-MPS-20260721170405,ALT-BN-CP,M-FINAL-STAND-001,WS-FINAL-ASM,,SEG-ALT-BN-CP-PSC-SKU-BIKE-ROAD-001-20260629-ROAD-OP-040-07,2026-07-15T08:00,2026-07-15T09:14,,,,RISK_ONLY_NO_DATED_DOWNTIME,False,False,False,HIGH,MAINTENANCE_RISK_REVIEW,False,Maintenance risk is review-only without dated downtime; no horizon-wide production block applied.,True,True
PHASE4-MPS-20260721170405,ALT-BN-CP,M-QC-TOOLS-001,WS-QC,,SEG-ALT-BN-CP-PSC-SKU-BIKE-ROAD-001-20260629-ROAD-OP-050-01,2026-07-15T09:14,2026-07-15T15:14,,,,RISK_ONLY_NO_DATED_DOWNTIME,False,False,False,HIGH,MAINTENANCE_RISK_REVIEW,False,Maintenance risk is review-only without dated downtime; no horizon-wide production block applied.,True,True
PHASE4-MPS-20260721170405,ALT-BN-CP,M-QC-TOOLS-001,WS-QC,,SEG-ALT-BN-CP-PSC-SKU-BIKE-ROAD-001-20260629-ROAD-OP-050-02,2026-07-16T08:00,2026-07-16T14:21,,,,RISK_ONLY_NO_DATED_DOWNTIME,False,False,False,HIGH,MAINTENANCE_RISK_REVIEW,False,Maintenance risk is review-only without dated downtime; no horizon-wide production block applied.,True,True
PHASE4-MPS-20260721170405,ALT-BN-CP,M-PACK-BENCH-001,WS-PACK,,SEG-ALT-BN-CP-PSC-SKU-BIKE-ROAD-001-20260629-ROAD-OP-060-01,2026-07-16T14:21,2026-07-16T15:14,,,,RISK_ONLY_NO_DATED_DOWNTIME,False,False,False,HIGH,MAINTENANCE_RISK_REVIEW,False,Maintenance risk is review-only without dated downtime; no horizon-wide production block applied.,True,True
PHASE4-MPS-20260721170405,ALT-BN-CP,M-PACK-BENCH-001,WS-PACK,,SEG-ALT-BN-CP-PSC-SKU-BIKE-ROAD-001-20260629-ROAD-OP-060-02,2026-07-17T08:00,2026-07-17T15:14,,,,RISK_ONLY_NO_DATED_DOWNTIME,False,False,False,HIGH,MAINTENANCE_RISK_REVIEW,False,Maintenance risk is review-only without dated downtime; no horizon-wide production block applied.,True,True
PHASE4-MPS-20260721170405,ALT-BN-CP,M-PACK-BENCH-001,WS-PACK,,SEG-ALT-BN-CP-PSC-SKU-BIKE-ROAD-001-20260629-ROAD-OP-060-03,2026-07-20T08:00,2026-07-20T13:26,,,,RISK_ONLY_NO_DATED_DOWNTIME,False,False,False,HIGH,MAINTENANCE_RISK_REVIEW,False,Maintenance risk is review-only without dated downtime; no horizon-wide production block applied.,True,True
PHASE4-MPS-20260721170405,ALT-BN-CP,M-FRAME-JIG-001,WS-FRAME-PREP,,SEG-ALT-BN-CP-PSC-SKU-BIKE-MT-001-20260706-MT-OP-010-01,2026-07-06T08:00,2026-07-06T15:14,,,,RISK_ONLY_NO_DATED_DOWNTIME,False,False,False,HIGH,MAINTENANCE_RISK_REVIEW,False,Maintenance risk is review-only without dated downtime; no horizon-wide production block applied.,True,True
PHASE4-MPS-20260721170405,ALT-BN-CP,M-FRAME-JIG-001,WS-FRAME-PREP,,SEG-ALT-BN-CP-PSC-SKU-BIKE-MT-001-20260706-MT-OP-010-02,2026-07-07T08:00,2026-07-07T15:14,,,,RISK_ONLY_NO_DATED_DOWNTIME,False,False,False,HIGH,MAINTENANCE_RISK_REVIEW,False,Maintenance risk is review-only without dated downtime; no horizon-wide production block applied.,True,True
PHASE4-MPS-20260721170405,ALT-BN-CP,M-FRAME-JIG-001,WS-FRAME-PREP,,SEG-ALT-BN-CP-PSC-SKU-BIKE-MT-001-20260706-MT-OP-010-03,2026-07-08T08:00,2026-07-08T11:07,,,,RISK_ONLY_NO_DATED_DOWNTIME,False,False,False,HIGH,MAINTENANCE_RISK_REVIEW,False,Maintenance risk is review-only without dated downtime; no horizon-wide production block applied.,True,True
PHASE4-MPS-20260721170405,ALT-BN-CP,M-FORK-BENCH-001,WS-FORK-SUSP,,SEG-ALT-BN-CP-PSC-SKU-BIKE-MT-001-20260706-MT-OP-020-01,2026-07-08T11:07,2026-07-08T15:14,,,,RISK_ONLY_NO_DATED_DOWNTIME,False,False,False,HIGH,MAINTENANCE_RISK_REVIEW,False,Maintenance risk is review-only without dated downtime; no horizon-wide production block applied.,True,True
PHASE4-MPS-20260721170405,ALT-BN-CP,M-FORK-BENCH-001,WS-FORK-SUSP,,SEG-ALT-BN-CP-PSC-SKU-BIKE-MT-001-20260706-MT-OP-020-02,2026-07-09T08:00,2026-07-09T15:15,,,,RISK_ONLY_NO_DATED_DOWNTIME,False,False,False,HIGH,MAINTENANCE_RISK_REVIEW,False,Maintenance risk is review-only without dated downtime; no horizon-wide production block applied.,True,True
PHASE4-MPS-20260721170405,ALT-BN-CP,M-FORK-BENCH-001,WS-FORK-SUSP,,SEG-ALT-BN-CP-PSC-SKU-BIKE-MT-001-20260706-MT-OP-020-03,2026-07-10T08:00,2026-07-10T15:15,,,,RISK_ONLY_NO_DATED_DOWNTIME,False,False,False,HIGH,MAINTENANCE_RISK_REVIEW,False,Maintenance risk is review-only without dated downtime; no horizon-wide production block applied.,True,True
PHASE4-MPS-20260721170405,ALT-BN-CP,M-FORK-BENCH-001,WS-FORK-SUSP,,SEG-ALT-BN-CP-PSC-SKU-BIKE-MT-001-20260706-MT-OP-020-04,2026-07-13T08:00,2026-07-13T10:37,,,,RISK_ONLY_NO_DATED_DOWNTIME,False,False,False,HIGH,MAINTENANCE_RISK_REVIEW,False,Maintenance risk is review-only without dated downtime; no horizon-wide production block applied.,True,True
PHASE4-MPS-20260721170405,ALT-BN-CP,M-WHEEL-TRUE-001,WS-WHEEL-SUB,,SEG-ALT-BN-CP-PSC-SKU-BIKE-MT-001-20260706-MT-OP-030-01,2026-07-08T11:07,2026-07-08T15:14,,,,RISK_ONLY_NO_DATED_DOWNTIME,False,False,False,HIGH,MAINTENANCE_RISK_REVIEW,False,Maintenance risk is review-only without dated downtime; no horizon-wide production block applied.,True,True
PHASE4-MPS-20260721170405,ALT-BN-CP,M-WHEEL-TRUE-001,WS-WHEEL-SUB,,SEG-ALT-BN-CP-PSC-SKU-BIKE-MT-001-20260706-MT-OP-030-02,2026-07-09T08:00,2026-07-09T15:14,,,,RISK_ONLY_NO_DATED_DOWNTIME,False,False,False,HIGH,MAINTENANCE_RISK_REVIEW,False,Maintenance risk is review-only without dated downtime; no horizon-wide production block applied.,True,True
PHASE4-MPS-20260721170405,ALT-BN-CP,M-WHEEL-TRUE-001,WS-WHEEL-SUB,,SEG-ALT-BN-CP-PSC-SKU-BIKE-MT-001-20260706-MT-OP-030-03,2026-07-10T08:00,2026-07-10T15:14,,,,RISK_ONLY_NO_DATED_DOWNTIME,False,False,False,HIGH,MAINTENANCE_RISK_REVIEW,False,Maintenance risk is review-only without dated downtime; no horizon-wide production block applied.,True,True
PHASE4-MPS-20260721170405,ALT-BN-CP,M-WHEEL-TRUE-001,WS-WHEEL-SUB,,SEG-ALT-BN-CP-PSC-SKU-BIKE-MT-001-20260706-MT-OP-030-04,2026-07-13T08:00,2026-07-13T08:04,,,,RISK_ONLY_NO_DATED_DOWNTIME,False,False,False,HIGH,MAINTENANCE_RISK_REVIEW,False,Maintenance risk is review-only without dated downtime; no horizon-wide production block applied.,True,True
PHASE4-MPS-20260721170405,ALT-BN-CP,M-BRAKE-BENCH-001,WS-BRAKE-SUB,,SEG-ALT-BN-CP-PSC-SKU-BIKE-MT-001-20260706-MT-OP-040-01,2026-07-08T11:07,2026-07-08T15:14,,,,RISK_ONLY_NO_DATED_DOWNTIME,False,False,False,HIGH,MAINTENANCE_RISK_REVIEW,False,Maintenance risk is review-only without dated downtime; no horizon-wide production block applied.,True,True
PHASE4-MPS-20260721170405,ALT-BN-CP,M-BRAKE-BENCH-001,WS-BRAKE-SUB,,SEG-ALT-BN-CP-PSC-SKU-BIKE-MT-001-20260706-MT-OP-040-02,2026-07-09T08:00,2026-07-09T15:14,,,,RISK_ONLY_NO_DATED_DOWNTIME,False,False,False,HIGH,MAINTENANCE_RISK_REVIEW,False,Maintenance risk is review-only without dated downtime; no horizon-wide production block applied.,True,True
PHASE4-MPS-20260721170405,ALT-BN-CP,M-BRAKE-BENCH-001,WS-BRAKE-SUB,,SEG-ALT-BN-CP-PSC-SKU-BIKE-MT-001-20260706-MT-OP-040-03,2026-07-10T08:00,2026-07-10T12:45,,,,RISK_ONLY_NO_DATED_DOWNTIME,False,False,False,HIGH,MAINTENANCE_RISK_REVIEW,False,Maintenance risk is review-only without dated downtime; no horizon-wide production block applied.,True,True
PHASE4-MPS-20260721170405,ALT-BN-CP,M-FINAL-STAND-001,WS-FINAL-ASM,,SEG-ALT-BN-CP-PSC-SKU-BIKE-MT-001-20260706-MT-OP-050-01,2026-07-22T10:33,2026-07-22T15:14,,,,RISK_ONLY_NO_DATED_DOWNTIME,False,False,False,HIGH,MAINTENANCE_RISK_REVIEW,False,Maintenance risk is review-only without dated downtime; no horizon-wide production block applied.,True,True
PHASE4-MPS-20260721170405,ALT-BN-CP,M-FINAL-STAND-001,WS-FINAL-ASM,,SEG-ALT-BN-CP-PSC-SKU-BIKE-MT-001-20260706-MT-OP-050-02,2026-07-23T08:00,2026-07-23T15:14,,,,RISK_ONLY_NO_DATED_DOWNTIME,False,False,False,HIGH,MAINTENANCE_RISK_REVIEW,False,Maintenance risk is review-only without dated downtime; no horizon-wide production block applied.,True,True
PHASE4-MPS-20260721170405,ALT-BN-CP,M-FINAL-STAND-001,WS-FINAL-ASM,,SEG-ALT-BN-CP-PSC-SKU-BIKE-MT-001-20260706-MT-OP-050-03,2026-07-24T08:00,2026-07-24T15:14,,,,RISK_ONLY_NO_DATED_DOWNTIME,False,False,False,HIGH,MAINTENANCE_RISK_REVIEW,False,Maintenance risk is review-only without dated downtime; no horizon-wide production block applied.,True,True
PHASE4-MPS-20260721170405,ALT-BN-CP,M-FINAL-STAND-001,WS-FINAL-ASM,,SEG-ALT-BN-CP-PSC-SKU-BIKE-MT-001-20260706-MT-OP-050-04,2026-07-27T08:00,2026-07-27T15:14,,,,RISK_ONLY_NO_DATED_DOWNTIME,False,False,False,HIGH,MAINTENANCE_RISK_REVIEW,False,Maintenance risk is review-only without dated downtime; no horizon-wide production block applied.,True,True
PHASE4-MPS-20260721170405,ALT-BN-CP,M-FINAL-STAND-001,WS-FINAL-ASM,,SEG-ALT-BN-CP-PSC-SKU-BIKE-MT-001-20260706-MT-OP-050-05,2026-07-28T08:00,2026-07-28T15:14,,,,RISK_ONLY_NO_DATED_DOWNTIME,False,False,False,HIGH,MAINTENANCE_RISK_REVIEW,False,Maintenance risk is review-only without dated downtime; no horizon-wide production block applied.,True,True
PHASE4-MPS-20260721170405,ALT-BN-CP,M-FINAL-STAND-001,WS-FINAL-ASM,,SEG-ALT-BN-CP-PSC-SKU-BIKE-MT-001-20260706-MT-OP-050-06,2026-07-29T08:00,2026-07-29T15:14,,,,RISK_ONLY_NO_DATED_DOWNTIME,False,False,False,HIGH,MAINTENANCE_RISK_REVIEW,False,Maintenance risk is review-only without dated downtime; no horizon-wide production block applied.,True,True
PHASE4-MPS-20260721170405,ALT-BN-CP,M-FINAL-STAND-001,WS-FINAL-ASM,,SEG-ALT-BN-CP-PSC-SKU-BIKE-MT-001-20260706-MT-OP-050-07,2026-07-30T08:00,2026-07-30T15:14,,,,RISK_ONLY_NO_DATED_DOWNTIME,False,False,False,HIGH,MAINTENANCE_RISK_REVIEW,False,Maintenance risk is review-only without dated downtime; no horizon-wide production block applied.,True,True
PHASE4-MPS-20260721170405,ALT-BN-CP,M-FINAL-STAND-001,WS-FINAL-ASM,,SEG-ALT-BN-CP-PSC-SKU-BIKE-MT-001-20260706-MT-OP-050-08,2026-07-31T08:00,2026-07-31T14:42,,,,RISK_ONLY_NO_DATED_DOWNTIME,False,False,False,HIGH,MAINTENANCE_RISK_REVIEW,False,Maintenance risk is review-only without dated downtime; no horizon-wide production block applied.,True,True
PHASE4-MPS-20260721170405,ALT-BN-CP,M-QC-TOOLS-001,WS-QC,,SEG-ALT-BN-CP-PSC-SKU-BIKE-MT-001-20260706-MT-OP-060-01,2026-07-31T14:42,2026-07-31T15:14,,,,RISK_ONLY_NO_DATED_DOWNTIME,False,False,False,HIGH,MAINTENANCE_RISK_REVIEW,False,Maintenance risk is review-only without dated downtime; no horizon-wide production block applied.,True,True
PHASE4-MPS-20260721170405,ALT-BN-CP,M-QC-TOOLS-001,WS-QC,,SEG-ALT-BN-CP-PSC-SKU-BIKE-MT-001-20260706-MT-OP-060-02,2026-08-03T08:00,2026-08-03T15:14,,,,RISK_ONLY_NO_DATED_DOWNTIME,False,False,False,HIGH,MAINTENANCE_RISK_REVIEW,False,Maintenance risk is review-only without dated downtime; no horizon-wide production block applied.,True,True
PHASE4-MPS-20260721170405,ALT-BN-CP,M-QC-TOOLS-001,WS-QC,,SEG-ALT-BN-CP-PSC-SKU-BIKE-MT-001-20260706-MT-OP-060-03,2026-08-04T08:00,2026-08-04T15:14,,,,RISK_ONLY_NO_DATED_DOWNTIME,False,False,False,HIGH,MAINTENANCE_RISK_REVIEW,False,Maintenance risk is review-only without dated downtime; no horizon-wide production block applied.,True,True
PHASE4-MPS-20260721170405,ALT-BN-CP,M-QC-TOOLS-001,WS-QC,,SEG-ALT-BN-CP-PSC-SKU-BIKE-MT-001-20260706-MT-OP-060-04,2026-08-05T08:00,2026-08-05T15:14,,,,RISK_ONLY_NO_DATED_DOWNTIME,False,False,False,HIGH,MAINTENANCE_RISK_REVIEW,False,Maintenance risk is review-only without dated downtime; no horizon-wide production block applied.,True,True
PHASE4-MPS-20260721170405,ALT-BN-CP,M-QC-TOOLS-001,WS-QC,,SEG-ALT-BN-CP-PSC-SKU-BIKE-MT-001-20260706-MT-OP-060-05,2026-08-06T08:00,2026-08-06T08:30,,,,RISK_ONLY_NO_DATED_DOWNTIME,False,False,False,HIGH,MAINTENANCE_RISK_REVIEW,False,Maintenance risk is review-only without dated downtime; no horizon-wide production block applied.,True,True
PHASE4-MPS-20260721170405,ALT-BN-CP,M-PACK-BENCH-001,WS-PACK,,SEG-ALT-BN-CP-PSC-SKU-BIKE-MT-001-20260706-MT-OP-070-01,2026-08-06T08:30,2026-08-06T15:14,,,,RISK_ONLY_NO_DATED_DOWNTIME,False,False,False,HIGH,MAINTENANCE_RISK_REVIEW,False,Maintenance risk is review-only without dated downtime; no horizon-wide production block applied.,True,True
PHASE4-MPS-20260721170405,ALT-BN-CP,M-PACK-BENCH-001,WS-PACK,,SEG-ALT-BN-CP-PSC-SKU-BIKE-MT-001-20260706-MT-OP-070-02,2026-08-07T08:00,2026-08-07T15:15,,,,RISK_ONLY_NO_DATED_DOWNTIME,False,False,False,HIGH,MAINTENANCE_RISK_REVIEW,False,Maintenance risk is review-only without dated downtime; no horizon-wide production block applied.,True,True
PHASE4-MPS-20260721170405,ALT-BN-CP,M-PACK-BENCH-001,WS-PACK,,SEG-ALT-BN-CP-PSC-SKU-BIKE-MT-001-20260706-MT-OP-070-03,2026-08-10T08:00,2026-08-10T11:14,,,,RISK_ONLY_NO_DATED_DOWNTIME,False,False,False,HIGH,MAINTENANCE_RISK_REVIEW,False,Maintenance risk is review-only without dated downtime; no horizon-wide production block applied.,True,True
PHASE4-MPS-20260721170405,ALT-BN-CP,M-FRAME-JIG-001,WS-FRAME-PREP,,SEG-ALT-BN-CP-PSC-SKU-BIKE-ROAD-001-20260706-ROAD-OP-010-01,2026-07-06T08:00,2026-07-06T15:14,,,,RISK_ONLY_NO_DATED_DOWNTIME,False,False,False,HIGH,MAINTENANCE_RISK_REVIEW,False,Maintenance risk is review-only without dated downtime; no horizon-wide production block applied.,True,True
PHASE4-MPS-20260721170405,ALT-BN-CP,M-FRAME-JIG-001,WS-FRAME-PREP,,SEG-ALT-BN-CP-PSC-SKU-BIKE-ROAD-001-20260706-ROAD-OP-010-02,2026-07-07T08:00,2026-07-07T11:06,,,,RISK_ONLY_NO_DATED_DOWNTIME,False,False,False,HIGH,MAINTENANCE_RISK_REVIEW,False,Maintenance risk is review-only without dated downtime; no horizon-wide production block applied.,True,True
PHASE4-MPS-20260721170405,ALT-BN-CP,M-WHEEL-TRUE-001,WS-WHEEL-SUB,,SEG-ALT-BN-CP-PSC-SKU-BIKE-ROAD-001-20260706-ROAD-OP-020-01,2026-07-07T11:06,2026-07-07T15:14,,,,RISK_ONLY_NO_DATED_DOWNTIME,False,False,False,HIGH,MAINTENANCE_RISK_REVIEW,False,Maintenance risk is review-only without dated downtime; no horizon-wide production block applied.,True,True
PHASE4-MPS-20260721170405,ALT-BN-CP,M-WHEEL-TRUE-001,WS-WHEEL-SUB,,SEG-ALT-BN-CP-PSC-SKU-BIKE-ROAD-001-20260706-ROAD-OP-020-02,2026-07-08T08:00,2026-07-08T15:15,,,,RISK_ONLY_NO_DATED_DOWNTIME,False,False,False,HIGH,MAINTENANCE_RISK_REVIEW,False,Maintenance risk is review-only without dated downtime; no horizon-wide production block applied.,True,True
PHASE4-MPS-20260721170405,ALT-BN-CP,M-WHEEL-TRUE-001,WS-WHEEL-SUB,,SEG-ALT-BN-CP-PSC-SKU-BIKE-ROAD-001-20260706-ROAD-OP-020-03,2026-07-09T08:00,2026-07-09T09:26,,,,RISK_ONLY_NO_DATED_DOWNTIME,False,False,False,HIGH,MAINTENANCE_RISK_REVIEW,False,Maintenance risk is review-only without dated downtime; no horizon-wide production block applied.,True,True
PHASE4-MPS-20260721170405,ALT-BN-CP,M-BRAKE-BENCH-001,WS-BRAKE-SUB,,SEG-ALT-BN-CP-PSC-SKU-BIKE-ROAD-001-20260706-ROAD-OP-030-01,2026-07-07T11:06,2026-07-07T15:14,,,,RISK_ONLY_NO_DATED_DOWNTIME,False,False,False,HIGH,MAINTENANCE_RISK_REVIEW,False,Maintenance risk is review-only without dated downtime; no horizon-wide production block applied.,True,True
PHASE4-MPS-20260721170405,ALT-BN-CP,M-BRAKE-BENCH-001,WS-BRAKE-SUB,,SEG-ALT-BN-CP-PSC-SKU-BIKE-ROAD-001-20260706-ROAD-OP-030-02,2026-07-08T08:00,2026-07-08T13:07,,,,RISK_ONLY_NO_DATED_DOWNTIME,False,False,False,HIGH,MAINTENANCE_RISK_REVIEW,False,Maintenance risk is review-only without dated downtime; no horizon-wide production block applied.,True,True
PHASE4-MPS-20260721170405,ALT-BN-CP,M-FINAL-STAND-001,WS-FINAL-ASM,,SEG-ALT-BN-CP-PSC-SKU-BIKE-ROAD-001-20260706-ROAD-OP-040-01,2026-07-15T09:14,2026-07-15T15:14,,,,RISK_ONLY_NO_DATED_DOWNTIME,False,False,False,HIGH,MAINTENANCE_RISK_REVIEW,False,Maintenance risk is review-only without dated downtime; no horizon-wide production block applied.,True,True
PHASE4-MPS-20260721170405,ALT-BN-CP,M-FINAL-STAND-001,WS-FINAL-ASM,,SEG-ALT-BN-CP-PSC-SKU-BIKE-ROAD-001-20260706-ROAD-OP-040-02,2026-07-16T08:00,2026-07-16T15:15,,,,RISK_ONLY_NO_DATED_DOWNTIME,False,False,False,HIGH,MAINTENANCE_RISK_REVIEW,False,Maintenance risk is review-only without dated downtime; no horizon-wide production block applied.,True,True
PHASE4-MPS-20260721170405,ALT-BN-CP,M-FINAL-STAND-001,WS-FINAL-ASM,,SEG-ALT-BN-CP-PSC-SKU-BIKE-ROAD-001-20260706-ROAD-OP-040-03,2026-07-17T08:00,2026-07-17T15:15,,,,RISK_ONLY_NO_DATED_DOWNTIME,False,False,False,HIGH,MAINTENANCE_RISK_REVIEW,False,Maintenance risk is review-only without dated downtime; no horizon-wide production block applied.,True,True
PHASE4-MPS-20260721170405,ALT-BN-CP,M-FINAL-STAND-001,WS-FINAL-ASM,,SEG-ALT-BN-CP-PSC-SKU-BIKE-ROAD-001-20260706-ROAD-OP-040-04,2026-07-20T08:00,2026-07-20T15:15,,,,RISK_ONLY_NO_DATED_DOWNTIME,False,False,False,HIGH,MAINTENANCE_RISK_REVIEW,False,Maintenance risk is review-only without dated downtime; no horizon-wide production block applied.,True,True
PHASE4-MPS-20260721170405,ALT-BN-CP,M-FINAL-STAND-001,WS-FINAL-ASM,,SEG-ALT-BN-CP-PSC-SKU-BIKE-ROAD-001-20260706-ROAD-OP-040-05,2026-07-21T08:00,2026-07-21T14:56,,,,RISK_ONLY_NO_DATED_DOWNTIME,False,False,False,HIGH,MAINTENANCE_RISK_REVIEW,False,Maintenance risk is review-only without dated downtime; no horizon-wide production block applied.,True,True
PHASE4-MPS-20260721170405,ALT-BN-CP,M-QC-TOOLS-001,WS-QC,,SEG-ALT-BN-CP-PSC-SKU-BIKE-ROAD-001-20260706-ROAD-OP-050-01,2026-07-21T14:56,2026-07-21T15:14,,,,RISK_ONLY_NO_DATED_DOWNTIME,False,False,False,HIGH,MAINTENANCE_RISK_REVIEW,False,Maintenance risk is review-only without dated downtime; no horizon-wide production block applied.,True,True
PHASE4-MPS-20260721170405,ALT-BN-CP,M-QC-TOOLS-001,WS-QC,,SEG-ALT-BN-CP-PSC-SKU-BIKE-ROAD-001-20260706-ROAD-OP-050-02,2026-07-22T08:00,2026-07-22T15:14,,,,RISK_ONLY_NO_DATED_DOWNTIME,False,False,False,HIGH,MAINTENANCE_RISK_REVIEW,False,Maintenance risk is review-only without dated downtime; no horizon-wide production block applied.,True,True
PHASE4-MPS-20260721170405,ALT-BN-CP,M-QC-TOOLS-001,WS-QC,,SEG-ALT-BN-CP-PSC-SKU-BIKE-ROAD-001-20260706-ROAD-OP-050-03,2026-07-23T08:00,2026-07-23T15:14,,,,RISK_ONLY_NO_DATED_DOWNTIME,False,False,False,HIGH,MAINTENANCE_RISK_REVIEW,False,Maintenance risk is review-only without dated downtime; no horizon-wide production block applied.,True,True
PHASE4-MPS-20260721170405,ALT-BN-CP,M-QC-TOOLS-001,WS-QC,,SEG-ALT-BN-CP-PSC-SKU-BIKE-ROAD-001-20260706-ROAD-OP-050-04,2026-07-24T08:00,2026-07-24T09:54,,,,RISK_ONLY_NO_DATED_DOWNTIME,False,False,False,HIGH,MAINTENANCE_RISK_REVIEW,False,Maintenance risk is review-only without dated downtime; no horizon-wide production block applied.,True,True
PHASE4-MPS-20260721170405,ALT-BN-CP,M-PACK-BENCH-001,WS-PACK,,SEG-ALT-BN-CP-PSC-SKU-BIKE-ROAD-001-20260706-ROAD-OP-060-01,2026-07-24T09:54,2026-07-24T15:14,,,,RISK_ONLY_NO_DATED_DOWNTIME,False,False,False,HIGH,MAINTENANCE_RISK_REVIEW,False,Maintenance risk is review-only without dated downtime; no horizon-wide production block applied.,True,True
PHASE4-MPS-20260721170405,ALT-BN-CP,M-PACK-BENCH-001,WS-PACK,,SEG-ALT-BN-CP-PSC-SKU-BIKE-ROAD-001-20260706-ROAD-OP-060-02,2026-07-27T08:00,2026-07-27T15:14,,,,RISK_ONLY_NO_DATED_DOWNTIME,False,False,False,HIGH,MAINTENANCE_RISK_REVIEW,False,Maintenance risk is review-only without dated downtime; no horizon-wide production block applied.,True,True
PHASE4-MPS-20260721170405,ALT-BN-CP,M-PACK-BENCH-001,WS-PACK,,SEG-ALT-BN-CP-PSC-SKU-BIKE-ROAD-001-20260706-ROAD-OP-060-03,2026-07-28T08:00,2026-07-28T10:29,,,,RISK_ONLY_NO_DATED_DOWNTIME,False,False,False,HIGH,MAINTENANCE_RISK_REVIEW,False,Maintenance risk is review-only without dated downtime; no horizon-wide production block applied.,True,True
PHASE4-MPS-20260721170405,ALT-BN-CP,M-WHEEL-TRUE-001,WS-WHEEL-SUB,,SEG-ALT-BN-CP-PSC-SKU-BIKE-MT-001-20260713-MT-OP-030-01,2026-07-08T11:07,2026-07-08T13:55,,,,RISK_ONLY_NO_DATED_DOWNTIME,False,False,False,HIGH,MAINTENANCE_RISK_REVIEW,False,Maintenance risk is review-only without dated downtime; no horizon-wide production block applied.,True,True
PHASE4-MPS-20260721170405,ALT-BN-CP,M-FINAL-STAND-001,WS-FINAL-ASM,,SEG-ALT-BN-CP-PSC-SKU-BIKE-MT-001-20260713-MT-OP-050-01,2026-07-31T14:42,2026-07-31T15:14,,,,RISK_ONLY_NO_DATED_DOWNTIME,False,False,False,HIGH,MAINTENANCE_RISK_REVIEW,False,Maintenance risk is review-only without dated downtime; no horizon-wide production block applied.,True,True
PHASE4-MPS-20260721170405,ALT-BN-CP,M-FINAL-STAND-001,WS-FINAL-ASM,,SEG-ALT-BN-CP-PSC-SKU-BIKE-MT-001-20260713-MT-OP-050-02,2026-08-03T08:00,2026-08-03T15:14,,,,RISK_ONLY_NO_DATED_DOWNTIME,False,False,False,HIGH,MAINTENANCE_RISK_REVIEW,False,Maintenance risk is review-only without dated downtime; no horizon-wide production block applied.,True,True
PHASE4-MPS-20260721170405,ALT-BN-CP,M-FINAL-STAND-001,WS-FINAL-ASM,,SEG-ALT-BN-CP-PSC-SKU-BIKE-MT-001-20260713-MT-OP-050-03,2026-08-04T08:00,2026-08-04T15:14,,,,RISK_ONLY_NO_DATED_DOWNTIME,False,False,False,HIGH,MAINTENANCE_RISK_REVIEW,False,Maintenance risk is review-only without dated downtime; no horizon-wide production block applied.,True,True
PHASE4-MPS-20260721170405,ALT-BN-CP,M-FINAL-STAND-001,WS-FINAL-ASM,,SEG-ALT-BN-CP-PSC-SKU-BIKE-MT-001-20260713-MT-OP-050-04,2026-08-05T08:00,2026-08-05T11:07,,,,RISK_ONLY_NO_DATED_DOWNTIME,False,False,False,HIGH,MAINTENANCE_RISK_REVIEW,False,Maintenance risk is review-only without dated downtime; no horizon-wide production block applied.,True,True
PHASE4-MPS-20260721170405,ALT-BN-CP,M-QC-TOOLS-001,WS-QC,,SEG-ALT-BN-CP-PSC-SKU-BIKE-MT-001-20260713-MT-OP-060-01,2026-08-06T08:30,2026-08-06T15:14,,,,RISK_ONLY_NO_DATED_DOWNTIME,False,False,False,HIGH,MAINTENANCE_RISK_REVIEW,False,Maintenance risk is review-only without dated downtime; no horizon-wide production block applied.,True,True
PHASE4-MPS-20260721170405,ALT-BN-CP,M-QC-TOOLS-001,WS-QC,,SEG-ALT-BN-CP-PSC-SKU-BIKE-MT-001-20260713-MT-OP-060-02,2026-08-07T08:00,2026-08-07T08:49,,,,RISK_ONLY_NO_DATED_DOWNTIME,False,False,False,HIGH,MAINTENANCE_RISK_REVIEW,False,Maintenance risk is review-only without dated downtime; no horizon-wide production block applied.,True,True
PHASE4-MPS-20260721170405,ALT-BN-CP,M-PACK-BENCH-001,WS-PACK,,SEG-ALT-BN-CP-PSC-SKU-BIKE-MT-001-20260713-MT-OP-070-01,2026-08-10T11:14,2026-08-10T15:14,,,,RISK_ONLY_NO_DATED_DOWNTIME,False,False,False,HIGH,MAINTENANCE_RISK_REVIEW,False,Maintenance risk is review-only without dated downtime; no horizon-wide production block applied.,True,True
PHASE4-MPS-20260721170405,ALT-BN-CP,M-PACK-BENCH-001,WS-PACK,,SEG-ALT-BN-CP-PSC-SKU-BIKE-MT-001-20260713-MT-OP-070-02,2026-08-11T08:00,2026-08-11T09:41,,,,RISK_ONLY_NO_DATED_DOWNTIME,False,False,False,HIGH,MAINTENANCE_RISK_REVIEW,False,Maintenance risk is review-only without dated downtime; no horizon-wide production block applied.,True,True
PHASE4-MPS-20260721170405,ALT-BN-CP,M-FINAL-STAND-001,WS-FINAL-ASM,,SEG-ALT-BN-CP-PSC-SKU-BIKE-ROAD-001-20260713-ROAD-OP-040-01,2026-07-21T14:56,2026-07-21T15:14,,,,RISK_ONLY_NO_DATED_DOWNTIME,False,False,False,HIGH,MAINTENANCE_RISK_REVIEW,False,Maintenance risk is review-only without dated downtime; no horizon-wide production block applied.,True,True
PHASE4-MPS-20260721170405,ALT-BN-CP,M-FINAL-STAND-001,WS-FINAL-ASM,,SEG-ALT-BN-CP-PSC-SKU-BIKE-ROAD-001-20260713-ROAD-OP-040-02,2026-07-22T08:00,2026-07-22T10:33,,,,RISK_ONLY_NO_DATED_DOWNTIME,False,False,False,HIGH,MAINTENANCE_RISK_REVIEW,False,Maintenance risk is review-only without dated downtime; no horizon-wide production block applied.,True,True
PHASE4-MPS-20260721170405,ALT-BN-CP,M-QC-TOOLS-001,WS-QC,,SEG-ALT-BN-CP-PSC-SKU-BIKE-ROAD-001-20260713-ROAD-OP-050-01,2026-07-24T09:54,2026-07-24T12:55,,,,RISK_ONLY_NO_DATED_DOWNTIME,False,False,False,HIGH,MAINTENANCE_RISK_REVIEW,False,Maintenance risk is review-only without dated downtime; no horizon-wide production block applied.,True,True
PHASE4-MPS-20260721170405,ALT-BN-CP,M-PACK-BENCH-001,WS-PACK,,SEG-ALT-BN-CP-PSC-SKU-BIKE-ROAD-001-20260713-ROAD-OP-060-01,2026-07-28T10:29,2026-07-28T12:56,,,,RISK_ONLY_NO_DATED_DOWNTIME,False,False,False,HIGH,MAINTENANCE_RISK_REVIEW,False,Maintenance risk is review-only without dated downtime; no horizon-wide production block applied.,True,True
PHASE4-MPS-20260721170405,ALT-SETUP,M-FRAME-JIG-001,WS-FRAME-PREP,,SEG-ALT-SETUP-PSC-SKU-BIKE-MT-001-20260629-MT-OP-010-01,2026-06-29T08:00,2026-06-29T15:14,,,,RISK_ONLY_NO_DATED_DOWNTIME,False,False,False,HIGH,MAINTENANCE_RISK_REVIEW,False,Maintenance risk is review-only without dated downtime; no horizon-wide production block applied.,True,True
PHASE4-MPS-20260721170405,ALT-SETUP,M-FRAME-JIG-001,WS-FRAME-PREP,,SEG-ALT-SETUP-PSC-SKU-BIKE-MT-001-20260629-MT-OP-010-02,2026-06-30T08:00,2026-06-30T15:14,,,,RISK_ONLY_NO_DATED_DOWNTIME,False,False,False,HIGH,MAINTENANCE_RISK_REVIEW,False,Maintenance risk is review-only without dated downtime; no horizon-wide production block applied.,True,True
PHASE4-MPS-20260721170405,ALT-SETUP,M-FRAME-JIG-001,WS-FRAME-PREP,,SEG-ALT-SETUP-PSC-SKU-BIKE-MT-001-20260629-MT-OP-010-03,2026-07-01T08:00,2026-07-01T12:37,,,,RISK_ONLY_NO_DATED_DOWNTIME,False,False,False,HIGH,MAINTENANCE_RISK_REVIEW,False,Maintenance risk is review-only without dated downtime; no horizon-wide production block applied.,True,True
PHASE4-MPS-20260721170405,ALT-SETUP,M-FORK-BENCH-001,WS-FORK-SUSP,,SEG-ALT-SETUP-PSC-SKU-BIKE-MT-001-20260629-MT-OP-020-01,2026-07-01T12:37,2026-07-01T15:14,,,,RISK_ONLY_NO_DATED_DOWNTIME,False,False,False,HIGH,MAINTENANCE_RISK_REVIEW,False,Maintenance risk is review-only without dated downtime; no horizon-wide production block applied.,True,True
PHASE4-MPS-20260721170405,ALT-SETUP,M-FORK-BENCH-001,WS-FORK-SUSP,,SEG-ALT-SETUP-PSC-SKU-BIKE-MT-001-20260629-MT-OP-020-02,2026-07-02T08:00,2026-07-02T15:15,,,,RISK_ONLY_NO_DATED_DOWNTIME,False,False,False,HIGH,MAINTENANCE_RISK_REVIEW,False,Maintenance risk is review-only without dated downtime; no horizon-wide production block applied.,True,True
PHASE4-MPS-20260721170405,ALT-SETUP,M-FORK-BENCH-001,WS-FORK-SUSP,,SEG-ALT-SETUP-PSC-SKU-BIKE-MT-001-20260629-MT-OP-020-03,2026-07-03T08:00,2026-07-03T15:15,,,,RISK_ONLY_NO_DATED_DOWNTIME,False,False,False,HIGH,MAINTENANCE_RISK_REVIEW,False,Maintenance risk is review-only without dated downtime; no horizon-wide production block applied.,True,True
PHASE4-MPS-20260721170405,ALT-SETUP,M-FORK-BENCH-001,WS-FORK-SUSP,,SEG-ALT-SETUP-PSC-SKU-BIKE-MT-001-20260629-MT-OP-020-04,2026-07-06T08:00,2026-07-06T14:21,,,,RISK_ONLY_NO_DATED_DOWNTIME,False,False,False,HIGH,MAINTENANCE_RISK_REVIEW,False,Maintenance risk is review-only without dated downtime; no horizon-wide production block applied.,True,True
PHASE4-MPS-20260721170405,ALT-SETUP,M-WHEEL-TRUE-001,WS-WHEEL-SUB,,SEG-ALT-SETUP-PSC-SKU-BIKE-MT-001-20260629-MT-OP-030-01,2026-07-01T12:37,2026-07-01T15:14,,,,RISK_ONLY_NO_DATED_DOWNTIME,False,False,False,HIGH,MAINTENANCE_RISK_REVIEW,False,Maintenance risk is review-only without dated downtime; no horizon-wide production block applied.,True,True
PHASE4-MPS-20260721170405,ALT-SETUP,M-WHEEL-TRUE-001,WS-WHEEL-SUB,,SEG-ALT-SETUP-PSC-SKU-BIKE-MT-001-20260629-MT-OP-030-02,2026-07-02T08:00,2026-07-02T15:14,,,,RISK_ONLY_NO_DATED_DOWNTIME,False,False,False,HIGH,MAINTENANCE_RISK_REVIEW,False,Maintenance risk is review-only without dated downtime; no horizon-wide production block applied.,True,True
PHASE4-MPS-20260721170405,ALT-SETUP,M-WHEEL-TRUE-001,WS-WHEEL-SUB,,SEG-ALT-SETUP-PSC-SKU-BIKE-MT-001-20260629-MT-OP-030-03,2026-07-03T08:00,2026-07-03T15:14,,,,RISK_ONLY_NO_DATED_DOWNTIME,False,False,False,HIGH,MAINTENANCE_RISK_REVIEW,False,Maintenance risk is review-only without dated downtime; no horizon-wide production block applied.,True,True
PHASE4-MPS-20260721170405,ALT-SETUP,M-WHEEL-TRUE-001,WS-WHEEL-SUB,,SEG-ALT-SETUP-PSC-SKU-BIKE-MT-001-20260629-MT-OP-030-04,2026-07-06T08:00,2026-07-06T14:26,,,,RISK_ONLY_NO_DATED_DOWNTIME,False,False,False,HIGH,MAINTENANCE_RISK_REVIEW,False,Maintenance risk is review-only without dated downtime; no horizon-wide production block applied.,True,True
PHASE4-MPS-20260721170405,ALT-SETUP,M-BRAKE-BENCH-001,WS-BRAKE-SUB,,SEG-ALT-SETUP-PSC-SKU-BIKE-MT-001-20260629-MT-OP-040-01,2026-07-01T12:37,2026-07-01T15:14,,,,RISK_ONLY_NO_DATED_DOWNTIME,False,False,False,HIGH,MAINTENANCE_RISK_REVIEW,False,Maintenance risk is review-only without dated downtime; no horizon-wide production block applied.,True,True
PHASE4-MPS-20260721170405,ALT-SETUP,M-BRAKE-BENCH-001,WS-BRAKE-SUB,,SEG-ALT-SETUP-PSC-SKU-BIKE-MT-001-20260629-MT-OP-040-02,2026-07-02T08:00,2026-07-02T15:15,,,,RISK_ONLY_NO_DATED_DOWNTIME,False,False,False,HIGH,MAINTENANCE_RISK_REVIEW,False,Maintenance risk is review-only without dated downtime; no horizon-wide production block applied.,True,True
PHASE4-MPS-20260721170405,ALT-SETUP,M-BRAKE-BENCH-001,WS-BRAKE-SUB,,SEG-ALT-SETUP-PSC-SKU-BIKE-MT-001-20260629-MT-OP-040-03,2026-07-03T08:00,2026-07-03T15:15,,,,RISK_ONLY_NO_DATED_DOWNTIME,False,False,False,HIGH,MAINTENANCE_RISK_REVIEW,False,Maintenance risk is review-only without dated downtime; no horizon-wide production block applied.,True,True
PHASE4-MPS-20260721170405,ALT-SETUP,M-BRAKE-BENCH-001,WS-BRAKE-SUB,,SEG-ALT-SETUP-PSC-SKU-BIKE-MT-001-20260629-MT-OP-040-04,2026-07-06T08:00,2026-07-06T08:42,,,,RISK_ONLY_NO_DATED_DOWNTIME,False,False,False,HIGH,MAINTENANCE_RISK_REVIEW,False,Maintenance risk is review-only without dated downtime; no horizon-wide production block applied.,True,True
PHASE4-MPS-20260721170405,ALT-SETUP,M-PACK-BENCH-001,WS-PACK,,SEG-ALT-SETUP-PSC-SKU-BIKE-MT-001-20260629-MT-OP-070-01,2026-06-29T11:08,2026-06-29T13:07,,,,RISK_ONLY_NO_DATED_DOWNTIME,False,False,False,HIGH,MAINTENANCE_RISK_REVIEW,False,Maintenance risk is review-only without dated downtime; no horizon-wide production block applied.,True,True
PHASE4-MPS-20260721170405,ALT-SETUP,M-PACK-BENCH-001,WS-PACK,,SEG-ALT-SETUP-PSC-SKU-BIKE-MT-001-20260928-MT-OP-070-01,2026-06-29T08:00,2026-06-29T11:08,,,,RISK_ONLY_NO_DATED_DOWNTIME,False,False,False,HIGH,MAINTENANCE_RISK_REVIEW,False,Maintenance risk is review-only without dated downtime; no horizon-wide production block applied.,True,True
PHASE4-MPS-20260721170405,ALT-SETUP,M-FRAME-JIG-001,WS-FRAME-PREP,,SEG-ALT-SETUP-PSC-SKU-BIKE-MT-001-20260706-MT-OP-010-01,2026-07-06T08:00,2026-07-06T15:14,,,,RISK_ONLY_NO_DATED_DOWNTIME,False,False,False,HIGH,MAINTENANCE_RISK_REVIEW,False,Maintenance risk is review-only without dated downtime; no horizon-wide production block applied.,True,True
PHASE4-MPS-20260721170405,ALT-SETUP,M-FRAME-JIG-001,WS-FRAME-PREP,,SEG-ALT-SETUP-PSC-SKU-BIKE-MT-001-20260706-MT-OP-010-02,2026-07-07T08:00,2026-07-07T15:14,,,,RISK_ONLY_NO_DATED_DOWNTIME,False,False,False,HIGH,MAINTENANCE_RISK_REVIEW,False,Maintenance risk is review-only without dated downtime; no horizon-wide production block applied.,True,True
PHASE4-MPS-20260721170405,ALT-SETUP,M-FRAME-JIG-001,WS-FRAME-PREP,,SEG-ALT-SETUP-PSC-SKU-BIKE-MT-001-20260706-MT-OP-010-03,2026-07-08T08:00,2026-07-08T10:49,,,,RISK_ONLY_NO_DATED_DOWNTIME,False,False,False,HIGH,MAINTENANCE_RISK_REVIEW,False,Maintenance risk is review-only without dated downtime; no horizon-wide production block applied.,True,True
PHASE4-MPS-20260721170405,ALT-SETUP,M-FORK-BENCH-001,WS-FORK-SUSP,,SEG-ALT-SETUP-PSC-SKU-BIKE-MT-001-20260706-MT-OP-020-01,2026-07-08T10:49,2026-07-08T15:14,,,,RISK_ONLY_NO_DATED_DOWNTIME,False,False,False,HIGH,MAINTENANCE_RISK_REVIEW,False,Maintenance risk is review-only without dated downtime; no horizon-wide production block applied.,True,True
PHASE4-MPS-20260721170405,ALT-SETUP,M-FORK-BENCH-001,WS-FORK-SUSP,,SEG-ALT-SETUP-PSC-SKU-BIKE-MT-001-20260706-MT-OP-020-02,2026-07-09T08:00,2026-07-09T15:15,,,,RISK_ONLY_NO_DATED_DOWNTIME,False,False,False,HIGH,MAINTENANCE_RISK_REVIEW,False,Maintenance risk is review-only without dated downtime; no horizon-wide production block applied.,True,True
PHASE4-MPS-20260721170405,ALT-SETUP,M-FORK-BENCH-001,WS-FORK-SUSP,,SEG-ALT-SETUP-PSC-SKU-BIKE-MT-001-20260706-MT-OP-020-03,2026-07-10T08:00,2026-07-10T15:15,,,,RISK_ONLY_NO_DATED_DOWNTIME,False,False,False,HIGH,MAINTENANCE_RISK_REVIEW,False,Maintenance risk is review-only without dated downtime; no horizon-wide production block applied.,True,True
PHASE4-MPS-20260721170405,ALT-SETUP,M-FORK-BENCH-001,WS-FORK-SUSP,,SEG-ALT-SETUP-PSC-SKU-BIKE-MT-001-20260706-MT-OP-020-04,2026-07-13T08:00,2026-07-13T10:19,,,,RISK_ONLY_NO_DATED_DOWNTIME,False,False,False,HIGH,MAINTENANCE_RISK_REVIEW,False,Maintenance risk is review-only without dated downtime; no horizon-wide production block applied.,True,True
PHASE4-MPS-20260721170405,ALT-SETUP,M-WHEEL-TRUE-001,WS-WHEEL-SUB,,SEG-ALT-SETUP-PSC-SKU-BIKE-MT-001-20260706-MT-OP-030-01,2026-07-08T10:49,2026-07-08T15:14,,,,RISK_ONLY_NO_DATED_DOWNTIME,False,False,False,HIGH,MAINTENANCE_RISK_REVIEW,False,Maintenance risk is review-only without dated downtime; no horizon-wide production block applied.,True,True
PHASE4-MPS-20260721170405,ALT-SETUP,M-WHEEL-TRUE-001,WS-WHEEL-SUB,,SEG-ALT-SETUP-PSC-SKU-BIKE-MT-001-20260706-MT-OP-030-02,2026-07-09T08:00,2026-07-09T15:14,,,,RISK_ONLY_NO_DATED_DOWNTIME,False,False,False,HIGH,MAINTENANCE_RISK_REVIEW,False,Maintenance risk is review-only without dated downtime; no horizon-wide production block applied.,True,True
PHASE4-MPS-20260721170405,ALT-SETUP,M-WHEEL-TRUE-001,WS-WHEEL-SUB,,SEG-ALT-SETUP-PSC-SKU-BIKE-MT-001-20260706-MT-OP-030-03,2026-07-10T08:00,2026-07-10T14:51,,,,RISK_ONLY_NO_DATED_DOWNTIME,False,False,False,HIGH,MAINTENANCE_RISK_REVIEW,False,Maintenance risk is review-only without dated downtime; no horizon-wide production block applied.,True,True
PHASE4-MPS-20260721170405,ALT-SETUP,M-BRAKE-BENCH-001,WS-BRAKE-SUB,,SEG-ALT-SETUP-PSC-SKU-BIKE-MT-001-20260706-MT-OP-040-01,2026-07-08T10:49,2026-07-08T15:14,,,,RISK_ONLY_NO_DATED_DOWNTIME,False,False,False,HIGH,MAINTENANCE_RISK_REVIEW,False,Maintenance risk is review-only without dated downtime; no horizon-wide production block applied.,True,True
PHASE4-MPS-20260721170405,ALT-SETUP,M-BRAKE-BENCH-001,WS-BRAKE-SUB,,SEG-ALT-SETUP-PSC-SKU-BIKE-MT-001-20260706-MT-OP-040-02,2026-07-09T08:00,2026-07-09T15:14,,,,RISK_ONLY_NO_DATED_DOWNTIME,False,False,False,HIGH,MAINTENANCE_RISK_REVIEW,False,Maintenance risk is review-only without dated downtime; no horizon-wide production block applied.,True,True
PHASE4-MPS-20260721170405,ALT-SETUP,M-BRAKE-BENCH-001,WS-BRAKE-SUB,,SEG-ALT-SETUP-PSC-SKU-BIKE-MT-001-20260706-MT-OP-040-03,2026-07-10T08:00,2026-07-10T12:27,,,,RISK_ONLY_NO_DATED_DOWNTIME,False,False,False,HIGH,MAINTENANCE_RISK_REVIEW,False,Maintenance risk is review-only without dated downtime; no horizon-wide production block applied.,True,True
PHASE4-MPS-20260721170405,ALT-SETUP,M-FINAL-STAND-001,WS-FINAL-ASM,,SEG-ALT-SETUP-PSC-SKU-BIKE-MT-001-20260706-MT-OP-050-01,2026-07-13T10:19,2026-07-13T15:14,,,,RISK_ONLY_NO_DATED_DOWNTIME,False,False,False,HIGH,MAINTENANCE_RISK_REVIEW,False,Maintenance risk is review-only without dated downtime; no horizon-wide production block applied.,True,True
PHASE4-MPS-20260721170405,ALT-SETUP,M-FINAL-STAND-001,WS-FINAL-ASM,,SEG-ALT-SETUP-PSC-SKU-BIKE-MT-001-20260706-MT-OP-050-02,2026-07-14T08:00,2026-07-14T15:14,,,,RISK_ONLY_NO_DATED_DOWNTIME,False,False,False,HIGH,MAINTENANCE_RISK_REVIEW,False,Maintenance risk is review-only without dated downtime; no horizon-wide production block applied.,True,True
PHASE4-MPS-20260721170405,ALT-SETUP,M-FINAL-STAND-001,WS-FINAL-ASM,,SEG-ALT-SETUP-PSC-SKU-BIKE-MT-001-20260706-MT-OP-050-03,2026-07-15T08:00,2026-07-15T15:14,,,,RISK_ONLY_NO_DATED_DOWNTIME,False,False,False,HIGH,MAINTENANCE_RISK_REVIEW,False,Maintenance risk is review-only without dated downtime; no horizon-wide production block applied.,True,True
PHASE4-MPS-20260721170405,ALT-SETUP,M-FINAL-STAND-001,WS-FINAL-ASM,,SEG-ALT-SETUP-PSC-SKU-BIKE-MT-001-20260706-MT-OP-050-04,2026-07-16T08:00,2026-07-16T15:14,,,,RISK_ONLY_NO_DATED_DOWNTIME,False,False,False,HIGH,MAINTENANCE_RISK_REVIEW,False,Maintenance risk is review-only without dated downtime; no horizon-wide production block applied.,True,True
PHASE4-MPS-20260721170405,ALT-SETUP,M-FINAL-STAND-001,WS-FINAL-ASM,,SEG-ALT-SETUP-PSC-SKU-BIKE-MT-001-20260706-MT-OP-050-05,2026-07-17T08:00,2026-07-17T15:14,,,,RISK_ONLY_NO_DATED_DOWNTIME,False,False,False,HIGH,MAINTENANCE_RISK_REVIEW,False,Maintenance risk is review-only without dated downtime; no horizon-wide production block applied.,True,True
PHASE4-MPS-20260721170405,ALT-SETUP,M-FINAL-STAND-001,WS-FINAL-ASM,,SEG-ALT-SETUP-PSC-SKU-BIKE-MT-001-20260706-MT-OP-050-06,2026-07-20T08:00,2026-07-20T15:14,,,,RISK_ONLY_NO_DATED_DOWNTIME,False,False,False,HIGH,MAINTENANCE_RISK_REVIEW,False,Maintenance risk is review-only without dated downtime; no horizon-wide production block applied.,True,True
PHASE4-MPS-20260721170405,ALT-SETUP,M-FINAL-STAND-001,WS-FINAL-ASM,,SEG-ALT-SETUP-PSC-SKU-BIKE-MT-001-20260706-MT-OP-050-07,2026-07-21T08:00,2026-07-21T15:14,,,,RISK_ONLY_NO_DATED_DOWNTIME,False,False,False,HIGH,MAINTENANCE_RISK_REVIEW,False,Maintenance risk is review-only without dated downtime; no horizon-wide production block applied.,True,True
PHASE4-MPS-20260721170405,ALT-SETUP,M-FINAL-STAND-001,WS-FINAL-ASM,,SEG-ALT-SETUP-PSC-SKU-BIKE-MT-001-20260706-MT-OP-050-08,2026-07-22T08:00,2026-07-22T14:04,,,,RISK_ONLY_NO_DATED_DOWNTIME,False,False,False,HIGH,MAINTENANCE_RISK_REVIEW,False,Maintenance risk is review-only without dated downtime; no horizon-wide production block applied.,True,True
PHASE4-MPS-20260721170405,ALT-SETUP,M-QC-TOOLS-001,WS-QC,,SEG-ALT-SETUP-PSC-SKU-BIKE-MT-001-20260706-MT-OP-060-01,2026-07-22T14:04,2026-07-22T15:14,,,,RISK_ONLY_NO_DATED_DOWNTIME,False,False,False,HIGH,MAINTENANCE_RISK_REVIEW,False,Maintenance risk is review-only without dated downtime; no horizon-wide production block applied.,True,True
PHASE4-MPS-20260721170405,ALT-SETUP,M-QC-TOOLS-001,WS-QC,,SEG-ALT-SETUP-PSC-SKU-BIKE-MT-001-20260706-MT-OP-060-02,2026-07-23T08:00,2026-07-23T15:14,,,,RISK_ONLY_NO_DATED_DOWNTIME,False,False,False,HIGH,MAINTENANCE_RISK_REVIEW,False,Maintenance risk is review-only without dated downtime; no horizon-wide production block applied.,True,True
PHASE4-MPS-20260721170405,ALT-SETUP,M-QC-TOOLS-001,WS-QC,,SEG-ALT-SETUP-PSC-SKU-BIKE-MT-001-20260706-MT-OP-060-03,2026-07-24T08:00,2026-07-24T15:14,,,,RISK_ONLY_NO_DATED_DOWNTIME,False,False,False,HIGH,MAINTENANCE_RISK_REVIEW,False,Maintenance risk is review-only without dated downtime; no horizon-wide production block applied.,True,True
PHASE4-MPS-20260721170405,ALT-SETUP,M-QC-TOOLS-001,WS-QC,,SEG-ALT-SETUP-PSC-SKU-BIKE-MT-001-20260706-MT-OP-060-04,2026-07-27T08:00,2026-07-27T14:59,,,,RISK_ONLY_NO_DATED_DOWNTIME,False,False,False,HIGH,MAINTENANCE_RISK_REVIEW,False,Maintenance risk is review-only without dated downtime; no horizon-wide production block applied.,True,True
PHASE4-MPS-20260721170405,ALT-SETUP,M-PACK-BENCH-001,WS-PACK,,SEG-ALT-SETUP-PSC-SKU-BIKE-MT-001-20260706-MT-OP-070-01,2026-07-27T14:59,2026-07-27T15:14,,,,RISK_ONLY_NO_DATED_DOWNTIME,False,False,False,HIGH,MAINTENANCE_RISK_REVIEW,False,Maintenance risk is review-only without dated downtime; no horizon-wide production block applied.,True,True
PHASE4-MPS-20260721170405,ALT-SETUP,M-PACK-BENCH-001,WS-PACK,,SEG-ALT-SETUP-PSC-SKU-BIKE-MT-001-20260706-MT-OP-070-02,2026-07-28T08:00,2026-07-28T15:15,,,,RISK_ONLY_NO_DATED_DOWNTIME,False,False,False,HIGH,MAINTENANCE_RISK_REVIEW,False,Maintenance risk is review-only without dated downtime; no horizon-wide production block applied.,True,True
PHASE4-MPS-20260721170405,ALT-SETUP,M-PACK-BENCH-001,WS-PACK,,SEG-ALT-SETUP-PSC-SKU-BIKE-MT-001-20260706-MT-OP-070-03,2026-07-29T08:00,2026-07-29T15:15,,,,RISK_ONLY_NO_DATED_DOWNTIME,False,False,False,HIGH,MAINTENANCE_RISK_REVIEW,False,Maintenance risk is review-only without dated downtime; no horizon-wide production block applied.,True,True
PHASE4-MPS-20260721170405,ALT-SETUP,M-PACK-BENCH-001,WS-PACK,,SEG-ALT-SETUP-PSC-SKU-BIKE-MT-001-20260706-MT-OP-070-04,2026-07-30T08:00,2026-07-30T10:22,,,,RISK_ONLY_NO_DATED_DOWNTIME,False,False,False,HIGH,MAINTENANCE_RISK_REVIEW,False,Maintenance risk is review-only without dated downtime; no horizon-wide production block applied.,True,True
PHASE4-MPS-20260721170405,ALT-SETUP,M-WHEEL-TRUE-001,WS-WHEEL-SUB,,SEG-ALT-SETUP-PSC-SKU-BIKE-MT-001-20260713-MT-OP-030-01,2026-07-08T10:49,2026-07-08T13:37,,,,RISK_ONLY_NO_DATED_DOWNTIME,False,False,False,HIGH,MAINTENANCE_RISK_REVIEW,False,Maintenance risk is review-only without dated downtime; no horizon-wide production block applied.,True,True
PHASE4-MPS-20260721170405,ALT-SETUP,M-FINAL-STAND-001,WS-FINAL-ASM,,SEG-ALT-SETUP-PSC-SKU-BIKE-ROAD-001-20260928-ROAD-OP-040-01,2026-06-29T08:00,2026-06-29T15:14,,,,RISK_ONLY_NO_DATED_DOWNTIME,False,False,False,HIGH,MAINTENANCE_RISK_REVIEW,False,Maintenance risk is review-only without dated downtime; no horizon-wide production block applied.,True,True
PHASE4-MPS-20260721170405,ALT-SETUP,M-FINAL-STAND-001,WS-FINAL-ASM,,SEG-ALT-SETUP-PSC-SKU-BIKE-ROAD-001-20260928-ROAD-OP-040-02,2026-06-30T08:00,2026-06-30T11:51,,,,RISK_ONLY_NO_DATED_DOWNTIME,False,False,False,HIGH,MAINTENANCE_RISK_REVIEW,False,Maintenance risk is review-only without dated downtime; no horizon-wide production block applied.,True,True
PHASE4-MPS-20260721170405,ALT-SETUP,M-QC-TOOLS-001,WS-QC,,SEG-ALT-SETUP-PSC-SKU-BIKE-ROAD-001-20260928-ROAD-OP-050-01,2026-06-30T11:51,2026-06-30T15:14,,,,RISK_ONLY_NO_DATED_DOWNTIME,False,False,False,HIGH,MAINTENANCE_RISK_REVIEW,False,Maintenance risk is review-only without dated downtime; no horizon-wide production block applied.,True,True
PHASE4-MPS-20260721170405,ALT-SETUP,M-QC-TOOLS-001,WS-QC,,SEG-ALT-SETUP-PSC-SKU-BIKE-ROAD-001-20260928-ROAD-OP-050-02,2026-07-01T08:00,2026-07-01T09:08,,,,RISK_ONLY_NO_DATED_DOWNTIME,False,False,False,HIGH,MAINTENANCE_RISK_REVIEW,False,Maintenance risk is review-only without dated downtime; no horizon-wide production block applied.,True,True
PHASE4-MPS-20260721170405,ALT-SETUP,M-PACK-BENCH-001,WS-PACK,,SEG-ALT-SETUP-PSC-SKU-BIKE-ROAD-001-20260928-ROAD-OP-060-01,2026-06-29T13:08,2026-06-29T15:14,,,,RISK_ONLY_NO_DATED_DOWNTIME,False,False,False,HIGH,MAINTENANCE_RISK_REVIEW,False,Maintenance risk is review-only without dated downtime; no horizon-wide production block applied.,True,True
PHASE4-MPS-20260721170405,ALT-SETUP,M-PACK-BENCH-001,WS-PACK,,SEG-ALT-SETUP-PSC-SKU-BIKE-ROAD-001-20260928-ROAD-OP-060-02,2026-06-30T08:00,2026-06-30T09:33,,,,RISK_ONLY_NO_DATED_DOWNTIME,False,False,False,HIGH,MAINTENANCE_RISK_REVIEW,False,Maintenance risk is review-only without dated downtime; no horizon-wide production block applied.,True,True
PHASE4-MPS-20260721170405,ALT-SETUP,M-FRAME-JIG-001,WS-FRAME-PREP,,SEG-ALT-SETUP-PSC-SKU-BIKE-ROAD-001-20260629-ROAD-OP-010-01,2026-06-29T08:00,2026-06-29T15:14,,,,RISK_ONLY_NO_DATED_DOWNTIME,False,False,False,HIGH,MAINTENANCE_RISK_REVIEW,False,Maintenance risk is review-only without dated downtime; no horizon-wide production block applied.,True,True
PHASE4-MPS-20260721170405,ALT-SETUP,M-FRAME-JIG-001,WS-FRAME-PREP,,SEG-ALT-SETUP-PSC-SKU-BIKE-ROAD-001-20260629-ROAD-OP-010-02,2026-06-30T08:00,2026-06-30T15:15,,,,RISK_ONLY_NO_DATED_DOWNTIME,False,False,False,HIGH,MAINTENANCE_RISK_REVIEW,False,Maintenance risk is review-only without dated downtime; no horizon-wide production block applied.,True,True
PHASE4-MPS-20260721170405,ALT-SETUP,M-FRAME-JIG-001,WS-FRAME-PREP,,SEG-ALT-SETUP-PSC-SKU-BIKE-ROAD-001-20260629-ROAD-OP-010-03,2026-07-01T08:00,2026-07-01T14:41,,,,RISK_ONLY_NO_DATED_DOWNTIME,False,False,False,HIGH,MAINTENANCE_RISK_REVIEW,False,Maintenance risk is review-only without dated downtime; no horizon-wide production block applied.,True,True
PHASE4-MPS-20260721170405,ALT-SETUP,M-WHEEL-TRUE-001,WS-WHEEL-SUB,,SEG-ALT-SETUP-PSC-SKU-BIKE-ROAD-001-20260629-ROAD-OP-020-01,2026-07-01T14:41,2026-07-01T15:14,,,,RISK_ONLY_NO_DATED_DOWNTIME,False,False,False,HIGH,MAINTENANCE_RISK_REVIEW,False,Maintenance risk is review-only without dated downtime; no horizon-wide production block applied.,True,True
PHASE4-MPS-20260721170405,ALT-SETUP,M-WHEEL-TRUE-001,WS-WHEEL-SUB,,SEG-ALT-SETUP-PSC-SKU-BIKE-ROAD-001-20260629-ROAD-OP-020-02,2026-07-02T08:00,2026-07-02T15:15,,,,RISK_ONLY_NO_DATED_DOWNTIME,False,False,False,HIGH,MAINTENANCE_RISK_REVIEW,False,Maintenance risk is review-only without dated downtime; no horizon-wide production block applied.,True,True
PHASE4-MPS-20260721170405,ALT-SETUP,M-WHEEL-TRUE-001,WS-WHEEL-SUB,,SEG-ALT-SETUP-PSC-SKU-BIKE-ROAD-001-20260629-ROAD-OP-020-03,2026-07-03T08:00,2026-07-03T15:15,,,,RISK_ONLY_NO_DATED_DOWNTIME,False,False,False,HIGH,MAINTENANCE_RISK_REVIEW,False,Maintenance risk is review-only without dated downtime; no horizon-wide production block applied.,True,True
PHASE4-MPS-20260721170405,ALT-SETUP,M-WHEEL-TRUE-001,WS-WHEEL-SUB,,SEG-ALT-SETUP-PSC-SKU-BIKE-ROAD-001-20260629-ROAD-OP-020-04,2026-07-06T08:00,2026-07-06T15:15,,,,RISK_ONLY_NO_DATED_DOWNTIME,False,False,False,HIGH,MAINTENANCE_RISK_REVIEW,False,Maintenance risk is review-only without dated downtime; no horizon-wide production block applied.,True,True
PHASE4-MPS-20260721170405,ALT-SETUP,M-WHEEL-TRUE-001,WS-WHEEL-SUB,,SEG-ALT-SETUP-PSC-SKU-BIKE-ROAD-001-20260629-ROAD-OP-020-05,2026-07-07T08:00,2026-07-07T12:09,,,,RISK_ONLY_NO_DATED_DOWNTIME,False,False,False,HIGH,MAINTENANCE_RISK_REVIEW,False,Maintenance risk is review-only without dated downtime; no horizon-wide production block applied.,True,True
PHASE4-MPS-20260721170405,ALT-SETUP,M-BRAKE-BENCH-001,WS-BRAKE-SUB,,SEG-ALT-SETUP-PSC-SKU-BIKE-ROAD-001-20260629-ROAD-OP-030-01,2026-07-01T14:41,2026-07-01T15:14,,,,RISK_ONLY_NO_DATED_DOWNTIME,False,False,False,HIGH,MAINTENANCE_RISK_REVIEW,False,Maintenance risk is review-only without dated downtime; no horizon-wide production block applied.,True,True
PHASE4-MPS-20260721170405,ALT-SETUP,M-BRAKE-BENCH-001,WS-BRAKE-SUB,,SEG-ALT-SETUP-PSC-SKU-BIKE-ROAD-001-20260629-ROAD-OP-030-02,2026-07-02T08:00,2026-07-02T15:15,,,,RISK_ONLY_NO_DATED_DOWNTIME,False,False,False,HIGH,MAINTENANCE_RISK_REVIEW,False,Maintenance risk is review-only without dated downtime; no horizon-wide production block applied.,True,True
PHASE4-MPS-20260721170405,ALT-SETUP,M-BRAKE-BENCH-001,WS-BRAKE-SUB,,SEG-ALT-SETUP-PSC-SKU-BIKE-ROAD-001-20260629-ROAD-OP-030-03,2026-07-03T08:00,2026-07-03T15:15,,,,RISK_ONLY_NO_DATED_DOWNTIME,False,False,False,HIGH,MAINTENANCE_RISK_REVIEW,False,Maintenance risk is review-only without dated downtime; no horizon-wide production block applied.,True,True
PHASE4-MPS-20260721170405,ALT-SETUP,M-BRAKE-BENCH-001,WS-BRAKE-SUB,,SEG-ALT-SETUP-PSC-SKU-BIKE-ROAD-001-20260629-ROAD-OP-030-04,2026-07-06T08:00,2026-07-06T12:24,,,,RISK_ONLY_NO_DATED_DOWNTIME,False,False,False,HIGH,MAINTENANCE_RISK_REVIEW,False,Maintenance risk is review-only without dated downtime; no horizon-wide production block applied.,True,True
PHASE4-MPS-20260721170405,ALT-SETUP,M-FINAL-STAND-001,WS-FINAL-ASM,,SEG-ALT-SETUP-PSC-SKU-BIKE-ROAD-001-20260629-ROAD-OP-040-01,2026-07-07T12:09,2026-07-07T15:14,,,,RISK_ONLY_NO_DATED_DOWNTIME,False,False,False,HIGH,MAINTENANCE_RISK_REVIEW,False,Maintenance risk is review-only without dated downtime; no horizon-wide production block applied.,True,True
PHASE4-MPS-20260721170405,ALT-SETUP,M-FINAL-STAND-001,WS-FINAL-ASM,,SEG-ALT-SETUP-PSC-SKU-BIKE-ROAD-001-20260629-ROAD-OP-040-02,2026-07-08T08:00,2026-07-08T15:14,,,,RISK_ONLY_NO_DATED_DOWNTIME,False,False,False,HIGH,MAINTENANCE_RISK_REVIEW,False,Maintenance risk is review-only without dated downtime; no horizon-wide production block applied.,True,True
PHASE4-MPS-20260721170405,ALT-SETUP,M-FINAL-STAND-001,WS-FINAL-ASM,,SEG-ALT-SETUP-PSC-SKU-BIKE-ROAD-001-20260629-ROAD-OP-040-03,2026-07-09T08:00,2026-07-09T15:14,,,,RISK_ONLY_NO_DATED_DOWNTIME,False,False,False,HIGH,MAINTENANCE_RISK_REVIEW,False,Maintenance risk is review-only without dated downtime; no horizon-wide production block applied.,True,True
PHASE4-MPS-20260721170405,ALT-SETUP,M-FINAL-STAND-001,WS-FINAL-ASM,,SEG-ALT-SETUP-PSC-SKU-BIKE-ROAD-001-20260629-ROAD-OP-040-04,2026-07-10T08:00,2026-07-10T15:14,,,,RISK_ONLY_NO_DATED_DOWNTIME,False,False,False,HIGH,MAINTENANCE_RISK_REVIEW,False,Maintenance risk is review-only without dated downtime; no horizon-wide production block applied.,True,True
PHASE4-MPS-20260721170405,ALT-SETUP,M-FINAL-STAND-001,WS-FINAL-ASM,,SEG-ALT-SETUP-PSC-SKU-BIKE-ROAD-001-20260629-ROAD-OP-040-05,2026-07-22T14:04,2026-07-22T15:14,,,,RISK_ONLY_NO_DATED_DOWNTIME,False,False,False,HIGH,MAINTENANCE_RISK_REVIEW,False,Maintenance risk is review-only without dated downtime; no horizon-wide production block applied.,True,True
PHASE4-MPS-20260721170405,ALT-SETUP,M-FINAL-STAND-001,WS-FINAL-ASM,,SEG-ALT-SETUP-PSC-SKU-BIKE-ROAD-001-20260629-ROAD-OP-040-06,2026-07-23T08:00,2026-07-23T15:14,,,,RISK_ONLY_NO_DATED_DOWNTIME,False,False,False,HIGH,MAINTENANCE_RISK_REVIEW,False,Maintenance risk is review-only without dated downtime; no horizon-wide production block applied.,True,True
PHASE4-MPS-20260721170405,ALT-SETUP,M-FINAL-STAND-001,WS-FINAL-ASM,,SEG-ALT-SETUP-PSC-SKU-BIKE-ROAD-001-20260629-ROAD-OP-040-07,2026-07-24T08:00,2026-07-24T15:14,,,,RISK_ONLY_NO_DATED_DOWNTIME,False,False,False,HIGH,MAINTENANCE_RISK_REVIEW,False,Maintenance risk is review-only without dated downtime; no horizon-wide production block applied.,True,True
PHASE4-MPS-20260721170405,ALT-SETUP,M-FINAL-STAND-001,WS-FINAL-ASM,,SEG-ALT-SETUP-PSC-SKU-BIKE-ROAD-001-20260629-ROAD-OP-040-08,2026-07-27T08:00,2026-07-27T08:14,,,,RISK_ONLY_NO_DATED_DOWNTIME,False,False,False,HIGH,MAINTENANCE_RISK_REVIEW,False,Maintenance risk is review-only without dated downtime; no horizon-wide production block applied.,True,True
PHASE4-MPS-20260721170405,ALT-SETUP,M-QC-TOOLS-001,WS-QC,,SEG-ALT-SETUP-PSC-SKU-BIKE-ROAD-001-20260629-ROAD-OP-050-01,2026-07-27T14:59,2026-07-27T15:14,,,,RISK_ONLY_NO_DATED_DOWNTIME,False,False,False,HIGH,MAINTENANCE_RISK_REVIEW,False,Maintenance risk is review-only without dated downtime; no horizon-wide production block applied.,True,True
PHASE4-MPS-20260721170405,ALT-SETUP,M-QC-TOOLS-001,WS-QC,,SEG-ALT-SETUP-PSC-SKU-BIKE-ROAD-001-20260629-ROAD-OP-050-02,2026-07-28T08:00,2026-07-28T15:14,,,,RISK_ONLY_NO_DATED_DOWNTIME,False,False,False,HIGH,MAINTENANCE_RISK_REVIEW,False,Maintenance risk is review-only without dated downtime; no horizon-wide production block applied.,True,True
PHASE4-MPS-20260721170405,ALT-SETUP,M-QC-TOOLS-001,WS-QC,,SEG-ALT-SETUP-PSC-SKU-BIKE-ROAD-001-20260629-ROAD-OP-050-03,2026-07-29T08:00,2026-07-29T12:52,,,,RISK_ONLY_NO_DATED_DOWNTIME,False,False,False,HIGH,MAINTENANCE_RISK_REVIEW,False,Maintenance risk is review-only without dated downtime; no horizon-wide production block applied.,True,True
PHASE4-MPS-20260721170405,ALT-SETUP,M-PACK-BENCH-001,WS-PACK,,SEG-ALT-SETUP-PSC-SKU-BIKE-ROAD-001-20260629-ROAD-OP-060-01,2026-07-30T10:22,2026-07-30T15:14,,,,RISK_ONLY_NO_DATED_DOWNTIME,False,False,False,HIGH,MAINTENANCE_RISK_REVIEW,False,Maintenance risk is review-only without dated downtime; no horizon-wide production block applied.,True,True
PHASE4-MPS-20260721170405,ALT-SETUP,M-PACK-BENCH-001,WS-PACK,,SEG-ALT-SETUP-PSC-SKU-BIKE-ROAD-001-20260629-ROAD-OP-060-02,2026-07-31T08:00,2026-07-31T15:14,,,,RISK_ONLY_NO_DATED_DOWNTIME,False,False,False,HIGH,MAINTENANCE_RISK_REVIEW,False,Maintenance risk is review-only without dated downtime; no horizon-wide production block applied.,True,True
PHASE4-MPS-20260721170405,ALT-SETUP,M-PACK-BENCH-001,WS-PACK,,SEG-ALT-SETUP-PSC-SKU-BIKE-ROAD-001-20260629-ROAD-OP-060-03,2026-08-03T08:00,2026-08-03T09:26,,,,RISK_ONLY_NO_DATED_DOWNTIME,False,False,False,HIGH,MAINTENANCE_RISK_REVIEW,False,Maintenance risk is review-only without dated downtime; no horizon-wide production block applied.,True,True
PHASE4-MPS-20260721170405,ALT-SETUP,M-FRAME-JIG-001,WS-FRAME-PREP,,SEG-ALT-SETUP-PSC-SKU-BIKE-ROAD-001-20260706-ROAD-OP-010-01,2026-07-06T08:00,2026-07-06T15:14,,,,RISK_ONLY_NO_DATED_DOWNTIME,False,False,False,HIGH,MAINTENANCE_RISK_REVIEW,False,Maintenance risk is review-only without dated downtime; no horizon-wide production block applied.,True,True
PHASE4-MPS-20260721170405,ALT-SETUP,M-FRAME-JIG-001,WS-FRAME-PREP,,SEG-ALT-SETUP-PSC-SKU-BIKE-ROAD-001-20260706-ROAD-OP-010-02,2026-07-07T08:00,2026-07-07T10:48,,,,RISK_ONLY_NO_DATED_DOWNTIME,False,False,False,HIGH,MAINTENANCE_RISK_REVIEW,False,Maintenance risk is review-only without dated downtime; no horizon-wide production block applied.,True,True
PHASE4-MPS-20260721170405,ALT-SETUP,M-WHEEL-TRUE-001,WS-WHEEL-SUB,,SEG-ALT-SETUP-PSC-SKU-BIKE-ROAD-001-20260706-ROAD-OP-020-01,2026-07-07T10:48,2026-07-07T15:14,,,,RISK_ONLY_NO_DATED_DOWNTIME,False,False,False,HIGH,MAINTENANCE_RISK_REVIEW,False,Maintenance risk is review-only without dated downtime; no horizon-wide production block applied.,True,True
PHASE4-MPS-20260721170405,ALT-SETUP,M-WHEEL-TRUE-001,WS-WHEEL-SUB,,SEG-ALT-SETUP-PSC-SKU-BIKE-ROAD-001-20260706-ROAD-OP-020-02,2026-07-08T08:00,2026-07-08T15:15,,,,RISK_ONLY_NO_DATED_DOWNTIME,False,False,False,HIGH,MAINTENANCE_RISK_REVIEW,False,Maintenance risk is review-only without dated downtime; no horizon-wide production block applied.,True,True
PHASE4-MPS-20260721170405,ALT-SETUP,M-WHEEL-TRUE-001,WS-WHEEL-SUB,,SEG-ALT-SETUP-PSC-SKU-BIKE-ROAD-001-20260706-ROAD-OP-020-03,2026-07-09T08:00,2026-07-09T08:58,,,,RISK_ONLY_NO_DATED_DOWNTIME,False,False,False,HIGH,MAINTENANCE_RISK_REVIEW,False,Maintenance risk is review-only without dated downtime; no horizon-wide production block applied.,True,True
PHASE4-MPS-20260721170405,ALT-SETUP,M-BRAKE-BENCH-001,WS-BRAKE-SUB,,SEG-ALT-SETUP-PSC-SKU-BIKE-ROAD-001-20260706-ROAD-OP-030-01,2026-07-07T10:48,2026-07-07T15:14,,,,RISK_ONLY_NO_DATED_DOWNTIME,False,False,False,HIGH,MAINTENANCE_RISK_REVIEW,False,Maintenance risk is review-only without dated downtime; no horizon-wide production block applied.,True,True
PHASE4-MPS-20260721170405,ALT-SETUP,M-BRAKE-BENCH-001,WS-BRAKE-SUB,,SEG-ALT-SETUP-PSC-SKU-BIKE-ROAD-001-20260706-ROAD-OP-030-02,2026-07-08T08:00,2026-07-08T12:49,,,,RISK_ONLY_NO_DATED_DOWNTIME,False,False,False,HIGH,MAINTENANCE_RISK_REVIEW,False,Maintenance risk is review-only without dated downtime; no horizon-wide production block applied.,True,True
PHASE4-MPS-20260721170405,ALT-SETUP,M-FINAL-STAND-001,WS-FINAL-ASM,,SEG-ALT-SETUP-PSC-SKU-BIKE-ROAD-001-20260706-ROAD-OP-040-01,2026-07-27T08:14,2026-07-27T15:14,,,,RISK_ONLY_NO_DATED_DOWNTIME,False,False,False,HIGH,MAINTENANCE_RISK_REVIEW,False,Maintenance risk is review-only without dated downtime; no horizon-wide production block applied.,True,True
PHASE4-MPS-20260721170405,ALT-SETUP,M-FINAL-STAND-001,WS-FINAL-ASM,,SEG-ALT-SETUP-PSC-SKU-BIKE-ROAD-001-20260706-ROAD-OP-040-02,2026-07-28T08:00,2026-07-28T15:15,,,,RISK_ONLY_NO_DATED_DOWNTIME,False,False,False,HIGH,MAINTENANCE_RISK_REVIEW,False,Maintenance risk is review-only without dated downtime; no horizon-wide production block applied.,True,True
PHASE4-MPS-20260721170405,ALT-SETUP,M-FINAL-STAND-001,WS-FINAL-ASM,,SEG-ALT-SETUP-PSC-SKU-BIKE-ROAD-001-20260706-ROAD-OP-040-03,2026-07-29T08:00,2026-07-29T15:15,,,,RISK_ONLY_NO_DATED_DOWNTIME,False,False,False,HIGH,MAINTENANCE_RISK_REVIEW,False,Maintenance risk is review-only without dated downtime; no horizon-wide production block applied.,True,True
PHASE4-MPS-20260721170405,ALT-SETUP,M-FINAL-STAND-001,WS-FINAL-ASM,,SEG-ALT-SETUP-PSC-SKU-BIKE-ROAD-001-20260706-ROAD-OP-040-04,2026-07-30T08:00,2026-07-30T15:15,,,,RISK_ONLY_NO_DATED_DOWNTIME,False,False,False,HIGH,MAINTENANCE_RISK_REVIEW,False,Maintenance risk is review-only without dated downtime; no horizon-wide production block applied.,True,True
PHASE4-MPS-20260721170405,ALT-SETUP,M-FINAL-STAND-001,WS-FINAL-ASM,,SEG-ALT-SETUP-PSC-SKU-BIKE-ROAD-001-20260706-ROAD-OP-040-05,2026-07-31T08:00,2026-07-31T13:56,,,,RISK_ONLY_NO_DATED_DOWNTIME,False,False,False,HIGH,MAINTENANCE_RISK_REVIEW,False,Maintenance risk is review-only without dated downtime; no horizon-wide production block applied.,True,True
PHASE4-MPS-20260721170405,ALT-SETUP,M-QC-TOOLS-001,WS-QC,,SEG-ALT-SETUP-PSC-SKU-BIKE-ROAD-001-20260706-ROAD-OP-050-01,2026-07-31T13:56,2026-07-31T15:14,,,,RISK_ONLY_NO_DATED_DOWNTIME,False,False,False,HIGH,MAINTENANCE_RISK_REVIEW,False,Maintenance risk is review-only without dated downtime; no horizon-wide production block applied.,True,True
PHASE4-MPS-20260721170405,ALT-SETUP,M-QC-TOOLS-001,WS-QC,,SEG-ALT-SETUP-PSC-SKU-BIKE-ROAD-001-20260706-ROAD-OP-050-02,2026-08-03T08:00,2026-08-03T15:14,,,,RISK_ONLY_NO_DATED_DOWNTIME,False,False,False,HIGH,MAINTENANCE_RISK_REVIEW,False,Maintenance risk is review-only without dated downtime; no horizon-wide production block applied.,True,True
PHASE4-MPS-20260721170405,ALT-SETUP,M-QC-TOOLS-001,WS-QC,,SEG-ALT-SETUP-PSC-SKU-BIKE-ROAD-001-20260706-ROAD-OP-050-03,2026-08-04T08:00,2026-08-04T15:14,,,,RISK_ONLY_NO_DATED_DOWNTIME,False,False,False,HIGH,MAINTENANCE_RISK_REVIEW,False,Maintenance risk is review-only without dated downtime; no horizon-wide production block applied.,True,True
PHASE4-MPS-20260721170405,ALT-SETUP,M-QC-TOOLS-001,WS-QC,,SEG-ALT-SETUP-PSC-SKU-BIKE-ROAD-001-20260706-ROAD-OP-050-04,2026-08-05T08:00,2026-08-05T08:54,,,,RISK_ONLY_NO_DATED_DOWNTIME,False,False,False,HIGH,MAINTENANCE_RISK_REVIEW,False,Maintenance risk is review-only without dated downtime; no horizon-wide production block applied.,True,True
PHASE4-MPS-20260721170405,ALT-SETUP,M-PACK-BENCH-001,WS-PACK,,SEG-ALT-SETUP-PSC-SKU-BIKE-ROAD-001-20260706-ROAD-OP-060-01,2026-08-05T08:54,2026-08-05T15:14,,,,RISK_ONLY_NO_DATED_DOWNTIME,False,False,False,HIGH,MAINTENANCE_RISK_REVIEW,False,Maintenance risk is review-only without dated downtime; no horizon-wide production block applied.,True,True
PHASE4-MPS-20260721170405,ALT-SETUP,M-PACK-BENCH-001,WS-PACK,,SEG-ALT-SETUP-PSC-SKU-BIKE-ROAD-001-20260706-ROAD-OP-060-02,2026-08-06T08:00,2026-08-06T15:14,,,,RISK_ONLY_NO_DATED_DOWNTIME,False,False,False,HIGH,MAINTENANCE_RISK_REVIEW,False,Maintenance risk is review-only without dated downtime; no horizon-wide production block applied.,True,True
PHASE4-MPS-20260721170405,ALT-SETUP,M-PACK-BENCH-001,WS-PACK,,SEG-ALT-SETUP-PSC-SKU-BIKE-ROAD-001-20260706-ROAD-OP-060-03,2026-08-07T08:00,2026-08-07T09:29,,,,RISK_ONLY_NO_DATED_DOWNTIME,False,False,False,HIGH,MAINTENANCE_RISK_REVIEW,False,Maintenance risk is review-only without dated downtime; no horizon-wide production block applied.,True,True
PHASE4-MPS-20260721170405,ALT-SETUP,M-FINAL-STAND-001,WS-FINAL-ASM,,SEG-ALT-SETUP-PSC-SKU-BIKE-ROAD-001-20260713-ROAD-OP-040-01,2026-07-31T13:56,2026-07-31T15:14,,,,RISK_ONLY_NO_DATED_DOWNTIME,False,False,False,HIGH,MAINTENANCE_RISK_REVIEW,False,Maintenance risk is review-only without dated downtime; no horizon-wide production block applied.,True,True
PHASE4-MPS-20260721170405,ALT-SETUP,M-FINAL-STAND-001,WS-FINAL-ASM,,SEG-ALT-SETUP-PSC-SKU-BIKE-ROAD-001-20260713-ROAD-OP-040-02,2026-08-03T08:00,2026-08-03T09:33,,,,RISK_ONLY_NO_DATED_DOWNTIME,False,False,False,HIGH,MAINTENANCE_RISK_REVIEW,False,Maintenance risk is review-only without dated downtime; no horizon-wide production block applied.,True,True
PHASE4-MPS-20260721170405,ALT-SETUP,M-QC-TOOLS-001,WS-QC,,SEG-ALT-SETUP-PSC-SKU-BIKE-ROAD-001-20260713-ROAD-OP-050-01,2026-08-05T08:54,2026-08-05T11:55,,,,RISK_ONLY_NO_DATED_DOWNTIME,False,False,False,HIGH,MAINTENANCE_RISK_REVIEW,False,Maintenance risk is review-only without dated downtime; no horizon-wide production block applied.,True,True
PHASE4-MPS-20260721170405,ALT-SETUP,M-PACK-BENCH-001,WS-PACK,,SEG-ALT-SETUP-PSC-SKU-BIKE-ROAD-001-20260713-ROAD-OP-060-01,2026-08-07T09:29,2026-08-07T11:56,,,,RISK_ONLY_NO_DATED_DOWNTIME,False,False,False,HIGH,MAINTENANCE_RISK_REVIEW,False,Maintenance risk is review-only without dated downtime; no horizon-wide production block applied.,True,True
PHASE4-MPS-20260721170405,ALT-WIP,M-FRAME-JIG-001,WS-FRAME-PREP,,SEG-ALT-WIP-PSC-SKU-BIKE-MT-001-20260629-MT-OP-010-01,2026-06-29T08:00,2026-06-29T15:14,,,,RISK_ONLY_NO_DATED_DOWNTIME,False,False,False,HIGH,MAINTENANCE_RISK_REVIEW,False,Maintenance risk is review-only without dated downtime; no horizon-wide production block applied.,True,True
PHASE4-MPS-20260721170405,ALT-WIP,M-FRAME-JIG-001,WS-FRAME-PREP,,SEG-ALT-WIP-PSC-SKU-BIKE-MT-001-20260629-MT-OP-010-02,2026-06-30T08:00,2026-06-30T15:14,,,,RISK_ONLY_NO_DATED_DOWNTIME,False,False,False,HIGH,MAINTENANCE_RISK_REVIEW,False,Maintenance risk is review-only without dated downtime; no horizon-wide production block applied.,True,True
PHASE4-MPS-20260721170405,ALT-WIP,M-FRAME-JIG-001,WS-FRAME-PREP,,SEG-ALT-WIP-PSC-SKU-BIKE-MT-001-20260629-MT-OP-010-03,2026-07-01T08:00,2026-07-01T12:37,,,,RISK_ONLY_NO_DATED_DOWNTIME,False,False,False,HIGH,MAINTENANCE_RISK_REVIEW,False,Maintenance risk is review-only without dated downtime; no horizon-wide production block applied.,True,True
PHASE4-MPS-20260721170405,ALT-WIP,M-FORK-BENCH-001,WS-FORK-SUSP,,SEG-ALT-WIP-PSC-SKU-BIKE-MT-001-20260629-MT-OP-020-01,2026-07-01T12:37,2026-07-01T15:14,,,,RISK_ONLY_NO_DATED_DOWNTIME,False,False,False,HIGH,MAINTENANCE_RISK_REVIEW,False,Maintenance risk is review-only without dated downtime; no horizon-wide production block applied.,True,True
PHASE4-MPS-20260721170405,ALT-WIP,M-FORK-BENCH-001,WS-FORK-SUSP,,SEG-ALT-WIP-PSC-SKU-BIKE-MT-001-20260629-MT-OP-020-02,2026-07-02T08:00,2026-07-02T15:15,,,,RISK_ONLY_NO_DATED_DOWNTIME,False,False,False,HIGH,MAINTENANCE_RISK_REVIEW,False,Maintenance risk is review-only without dated downtime; no horizon-wide production block applied.,True,True
PHASE4-MPS-20260721170405,ALT-WIP,M-FORK-BENCH-001,WS-FORK-SUSP,,SEG-ALT-WIP-PSC-SKU-BIKE-MT-001-20260629-MT-OP-020-03,2026-07-03T08:00,2026-07-03T15:15,,,,RISK_ONLY_NO_DATED_DOWNTIME,False,False,False,HIGH,MAINTENANCE_RISK_REVIEW,False,Maintenance risk is review-only without dated downtime; no horizon-wide production block applied.,True,True
PHASE4-MPS-20260721170405,ALT-WIP,M-FORK-BENCH-001,WS-FORK-SUSP,,SEG-ALT-WIP-PSC-SKU-BIKE-MT-001-20260629-MT-OP-020-04,2026-07-06T08:00,2026-07-06T14:21,,,,RISK_ONLY_NO_DATED_DOWNTIME,False,False,False,HIGH,MAINTENANCE_RISK_REVIEW,False,Maintenance risk is review-only without dated downtime; no horizon-wide production block applied.,True,True
PHASE4-MPS-20260721170405,ALT-WIP,M-WHEEL-TRUE-001,WS-WHEEL-SUB,,SEG-ALT-WIP-PSC-SKU-BIKE-MT-001-20260629-MT-OP-030-01,2026-07-01T12:37,2026-07-01T15:14,,,,RISK_ONLY_NO_DATED_DOWNTIME,False,False,False,HIGH,MAINTENANCE_RISK_REVIEW,False,Maintenance risk is review-only without dated downtime; no horizon-wide production block applied.,True,True
PHASE4-MPS-20260721170405,ALT-WIP,M-WHEEL-TRUE-001,WS-WHEEL-SUB,,SEG-ALT-WIP-PSC-SKU-BIKE-MT-001-20260629-MT-OP-030-02,2026-07-02T08:00,2026-07-02T15:14,,,,RISK_ONLY_NO_DATED_DOWNTIME,False,False,False,HIGH,MAINTENANCE_RISK_REVIEW,False,Maintenance risk is review-only without dated downtime; no horizon-wide production block applied.,True,True
PHASE4-MPS-20260721170405,ALT-WIP,M-WHEEL-TRUE-001,WS-WHEEL-SUB,,SEG-ALT-WIP-PSC-SKU-BIKE-MT-001-20260629-MT-OP-030-03,2026-07-03T08:00,2026-07-03T15:14,,,,RISK_ONLY_NO_DATED_DOWNTIME,False,False,False,HIGH,MAINTENANCE_RISK_REVIEW,False,Maintenance risk is review-only without dated downtime; no horizon-wide production block applied.,True,True
PHASE4-MPS-20260721170405,ALT-WIP,M-WHEEL-TRUE-001,WS-WHEEL-SUB,,SEG-ALT-WIP-PSC-SKU-BIKE-MT-001-20260629-MT-OP-030-04,2026-07-06T08:00,2026-07-06T14:26,,,,RISK_ONLY_NO_DATED_DOWNTIME,False,False,False,HIGH,MAINTENANCE_RISK_REVIEW,False,Maintenance risk is review-only without dated downtime; no horizon-wide production block applied.,True,True
PHASE4-MPS-20260721170405,ALT-WIP,M-BRAKE-BENCH-001,WS-BRAKE-SUB,,SEG-ALT-WIP-PSC-SKU-BIKE-MT-001-20260629-MT-OP-040-01,2026-07-01T12:37,2026-07-01T15:14,,,,RISK_ONLY_NO_DATED_DOWNTIME,False,False,False,HIGH,MAINTENANCE_RISK_REVIEW,False,Maintenance risk is review-only without dated downtime; no horizon-wide production block applied.,True,True
PHASE4-MPS-20260721170405,ALT-WIP,M-BRAKE-BENCH-001,WS-BRAKE-SUB,,SEG-ALT-WIP-PSC-SKU-BIKE-MT-001-20260629-MT-OP-040-02,2026-07-02T08:00,2026-07-02T15:15,,,,RISK_ONLY_NO_DATED_DOWNTIME,False,False,False,HIGH,MAINTENANCE_RISK_REVIEW,False,Maintenance risk is review-only without dated downtime; no horizon-wide production block applied.,True,True
PHASE4-MPS-20260721170405,ALT-WIP,M-BRAKE-BENCH-001,WS-BRAKE-SUB,,SEG-ALT-WIP-PSC-SKU-BIKE-MT-001-20260629-MT-OP-040-03,2026-07-03T08:00,2026-07-03T15:15,,,,RISK_ONLY_NO_DATED_DOWNTIME,False,False,False,HIGH,MAINTENANCE_RISK_REVIEW,False,Maintenance risk is review-only without dated downtime; no horizon-wide production block applied.,True,True
PHASE4-MPS-20260721170405,ALT-WIP,M-BRAKE-BENCH-001,WS-BRAKE-SUB,,SEG-ALT-WIP-PSC-SKU-BIKE-MT-001-20260629-MT-OP-040-04,2026-07-06T08:00,2026-07-06T08:42,,,,RISK_ONLY_NO_DATED_DOWNTIME,False,False,False,HIGH,MAINTENANCE_RISK_REVIEW,False,Maintenance risk is review-only without dated downtime; no horizon-wide production block applied.,True,True
PHASE4-MPS-20260721170405,ALT-WIP,M-FINAL-STAND-001,WS-FINAL-ASM,,SEG-ALT-WIP-PSC-SKU-BIKE-MT-001-20260629-MT-OP-050-01,2026-07-06T14:21,2026-07-06T15:14,,,,RISK_ONLY_NO_DATED_DOWNTIME,False,False,False,HIGH,MAINTENANCE_RISK_REVIEW,False,Maintenance risk is review-only without dated downtime; no horizon-wide production block applied.,True,True
PHASE4-MPS-20260721170405,ALT-WIP,M-FINAL-STAND-001,WS-FINAL-ASM,,SEG-ALT-WIP-PSC-SKU-BIKE-MT-001-20260629-MT-OP-050-02,2026-07-07T08:00,2026-07-07T15:14,,,,RISK_ONLY_NO_DATED_DOWNTIME,False,False,False,HIGH,MAINTENANCE_RISK_REVIEW,False,Maintenance risk is review-only without dated downtime; no horizon-wide production block applied.,True,True
PHASE4-MPS-20260721170405,ALT-WIP,M-FINAL-STAND-001,WS-FINAL-ASM,,SEG-ALT-WIP-PSC-SKU-BIKE-MT-001-20260629-MT-OP-050-03,2026-07-08T08:00,2026-07-08T15:14,,,,RISK_ONLY_NO_DATED_DOWNTIME,False,False,False,HIGH,MAINTENANCE_RISK_REVIEW,False,Maintenance risk is review-only without dated downtime; no horizon-wide production block applied.,True,True
PHASE4-MPS-20260721170405,ALT-WIP,M-FINAL-STAND-001,WS-FINAL-ASM,,SEG-ALT-WIP-PSC-SKU-BIKE-MT-001-20260629-MT-OP-050-04,2026-07-09T08:00,2026-07-09T15:14,,,,RISK_ONLY_NO_DATED_DOWNTIME,False,False,False,HIGH,MAINTENANCE_RISK_REVIEW,False,Maintenance risk is review-only without dated downtime; no horizon-wide production block applied.,True,True
PHASE4-MPS-20260721170405,ALT-WIP,M-FINAL-STAND-001,WS-FINAL-ASM,,SEG-ALT-WIP-PSC-SKU-BIKE-MT-001-20260629-MT-OP-050-05,2026-07-10T08:00,2026-07-10T15:14,,,,RISK_ONLY_NO_DATED_DOWNTIME,False,False,False,HIGH,MAINTENANCE_RISK_REVIEW,False,Maintenance risk is review-only without dated downtime; no horizon-wide production block applied.,True,True
PHASE4-MPS-20260721170405,ALT-WIP,M-FINAL-STAND-001,WS-FINAL-ASM,,SEG-ALT-WIP-PSC-SKU-BIKE-MT-001-20260629-MT-OP-050-06,2026-07-13T08:00,2026-07-13T15:14,,,,RISK_ONLY_NO_DATED_DOWNTIME,False,False,False,HIGH,MAINTENANCE_RISK_REVIEW,False,Maintenance risk is review-only without dated downtime; no horizon-wide production block applied.,True,True
PHASE4-MPS-20260721170405,ALT-WIP,M-FINAL-STAND-001,WS-FINAL-ASM,,SEG-ALT-WIP-PSC-SKU-BIKE-MT-001-20260629-MT-OP-050-07,2026-07-14T08:00,2026-07-14T08:59,,,,RISK_ONLY_NO_DATED_DOWNTIME,False,False,False,HIGH,MAINTENANCE_RISK_REVIEW,False,Maintenance risk is review-only without dated downtime; no horizon-wide production block applied.,True,True
PHASE4-MPS-20260721170405,ALT-WIP,M-QC-TOOLS-001,WS-QC,,SEG-ALT-WIP-PSC-SKU-BIKE-MT-001-20260629-MT-OP-060-01,2026-07-14T08:59,2026-07-14T15:14,,,,RISK_ONLY_NO_DATED_DOWNTIME,False,False,False,HIGH,MAINTENANCE_RISK_REVIEW,False,Maintenance risk is review-only without dated downtime; no horizon-wide production block applied.,True,True
PHASE4-MPS-20260721170405,ALT-WIP,M-QC-TOOLS-001,WS-QC,,SEG-ALT-WIP-PSC-SKU-BIKE-MT-001-20260629-MT-OP-060-02,2026-07-15T08:00,2026-07-15T15:15,,,,RISK_ONLY_NO_DATED_DOWNTIME,False,False,False,HIGH,MAINTENANCE_RISK_REVIEW,False,Maintenance risk is review-only without dated downtime; no horizon-wide production block applied.,True,True
PHASE4-MPS-20260721170405,ALT-WIP,M-QC-TOOLS-001,WS-QC,,SEG-ALT-WIP-PSC-SKU-BIKE-MT-001-20260629-MT-OP-060-03,2026-07-16T08:00,2026-07-16T10:20,,,,RISK_ONLY_NO_DATED_DOWNTIME,False,False,False,HIGH,MAINTENANCE_RISK_REVIEW,False,Maintenance risk is review-only without dated downtime; no horizon-wide production block applied.,True,True
PHASE4-MPS-20260721170405,ALT-WIP,M-PACK-BENCH-001,WS-PACK,,SEG-ALT-WIP-PSC-SKU-BIKE-MT-001-20260629-MT-OP-070-01,2026-07-16T10:20,2026-07-16T15:14,,,,RISK_ONLY_NO_DATED_DOWNTIME,False,False,False,HIGH,MAINTENANCE_RISK_REVIEW,False,Maintenance risk is review-only without dated downtime; no horizon-wide production block applied.,True,True
PHASE4-MPS-20260721170405,ALT-WIP,M-PACK-BENCH-001,WS-PACK,,SEG-ALT-WIP-PSC-SKU-BIKE-MT-001-20260629-MT-OP-070-02,2026-07-17T08:00,2026-07-17T15:04,,,,RISK_ONLY_NO_DATED_DOWNTIME,False,False,False,HIGH,MAINTENANCE_RISK_REVIEW,False,Maintenance risk is review-only without dated downtime; no horizon-wide production block applied.,True,True
PHASE4-MPS-20260721170405,ALT-WIP,M-FRAME-JIG-001,WS-FRAME-PREP,,SEG-ALT-WIP-PSC-SKU-BIKE-ROAD-001-20260629-ROAD-OP-010-01,2026-06-29T08:00,2026-06-29T15:14,,,,RISK_ONLY_NO_DATED_DOWNTIME,False,False,False,HIGH,MAINTENANCE_RISK_REVIEW,False,Maintenance risk is review-only without dated downtime; no horizon-wide production block applied.,True,True
PHASE4-MPS-20260721170405,ALT-WIP,M-FRAME-JIG-001,WS-FRAME-PREP,,SEG-ALT-WIP-PSC-SKU-BIKE-ROAD-001-20260629-ROAD-OP-010-02,2026-06-30T08:00,2026-06-30T15:15,,,,RISK_ONLY_NO_DATED_DOWNTIME,False,False,False,HIGH,MAINTENANCE_RISK_REVIEW,False,Maintenance risk is review-only without dated downtime; no horizon-wide production block applied.,True,True
PHASE4-MPS-20260721170405,ALT-WIP,M-FRAME-JIG-001,WS-FRAME-PREP,,SEG-ALT-WIP-PSC-SKU-BIKE-ROAD-001-20260629-ROAD-OP-010-03,2026-07-01T08:00,2026-07-01T14:41,,,,RISK_ONLY_NO_DATED_DOWNTIME,False,False,False,HIGH,MAINTENANCE_RISK_REVIEW,False,Maintenance risk is review-only without dated downtime; no horizon-wide production block applied.,True,True
PHASE4-MPS-20260721170405,ALT-WIP,M-WHEEL-TRUE-001,WS-WHEEL-SUB,,SEG-ALT-WIP-PSC-SKU-BIKE-ROAD-001-20260629-ROAD-OP-020-01,2026-07-01T14:41,2026-07-01T15:14,,,,RISK_ONLY_NO_DATED_DOWNTIME,False,False,False,HIGH,MAINTENANCE_RISK_REVIEW,False,Maintenance risk is review-only without dated downtime; no horizon-wide production block applied.,True,True
PHASE4-MPS-20260721170405,ALT-WIP,M-WHEEL-TRUE-001,WS-WHEEL-SUB,,SEG-ALT-WIP-PSC-SKU-BIKE-ROAD-001-20260629-ROAD-OP-020-02,2026-07-02T08:00,2026-07-02T15:15,,,,RISK_ONLY_NO_DATED_DOWNTIME,False,False,False,HIGH,MAINTENANCE_RISK_REVIEW,False,Maintenance risk is review-only without dated downtime; no horizon-wide production block applied.,True,True
PHASE4-MPS-20260721170405,ALT-WIP,M-WHEEL-TRUE-001,WS-WHEEL-SUB,,SEG-ALT-WIP-PSC-SKU-BIKE-ROAD-001-20260629-ROAD-OP-020-03,2026-07-03T08:00,2026-07-03T15:15,,,,RISK_ONLY_NO_DATED_DOWNTIME,False,False,False,HIGH,MAINTENANCE_RISK_REVIEW,False,Maintenance risk is review-only without dated downtime; no horizon-wide production block applied.,True,True
PHASE4-MPS-20260721170405,ALT-WIP,M-WHEEL-TRUE-001,WS-WHEEL-SUB,,SEG-ALT-WIP-PSC-SKU-BIKE-ROAD-001-20260629-ROAD-OP-020-04,2026-07-06T08:00,2026-07-06T15:15,,,,RISK_ONLY_NO_DATED_DOWNTIME,False,False,False,HIGH,MAINTENANCE_RISK_REVIEW,False,Maintenance risk is review-only without dated downtime; no horizon-wide production block applied.,True,True
PHASE4-MPS-20260721170405,ALT-WIP,M-WHEEL-TRUE-001,WS-WHEEL-SUB,,SEG-ALT-WIP-PSC-SKU-BIKE-ROAD-001-20260629-ROAD-OP-020-05,2026-07-07T08:00,2026-07-07T12:09,,,,RISK_ONLY_NO_DATED_DOWNTIME,False,False,False,HIGH,MAINTENANCE_RISK_REVIEW,False,Maintenance risk is review-only without dated downtime; no horizon-wide production block applied.,True,True
PHASE4-MPS-20260721170405,ALT-WIP,M-BRAKE-BENCH-001,WS-BRAKE-SUB,,SEG-ALT-WIP-PSC-SKU-BIKE-ROAD-001-20260629-ROAD-OP-030-01,2026-07-01T14:41,2026-07-01T15:14,,,,RISK_ONLY_NO_DATED_DOWNTIME,False,False,False,HIGH,MAINTENANCE_RISK_REVIEW,False,Maintenance risk is review-only without dated downtime; no horizon-wide production block applied.,True,True
PHASE4-MPS-20260721170405,ALT-WIP,M-BRAKE-BENCH-001,WS-BRAKE-SUB,,SEG-ALT-WIP-PSC-SKU-BIKE-ROAD-001-20260629-ROAD-OP-030-02,2026-07-02T08:00,2026-07-02T15:15,,,,RISK_ONLY_NO_DATED_DOWNTIME,False,False,False,HIGH,MAINTENANCE_RISK_REVIEW,False,Maintenance risk is review-only without dated downtime; no horizon-wide production block applied.,True,True
PHASE4-MPS-20260721170405,ALT-WIP,M-BRAKE-BENCH-001,WS-BRAKE-SUB,,SEG-ALT-WIP-PSC-SKU-BIKE-ROAD-001-20260629-ROAD-OP-030-03,2026-07-03T08:00,2026-07-03T15:15,,,,RISK_ONLY_NO_DATED_DOWNTIME,False,False,False,HIGH,MAINTENANCE_RISK_REVIEW,False,Maintenance risk is review-only without dated downtime; no horizon-wide production block applied.,True,True
PHASE4-MPS-20260721170405,ALT-WIP,M-BRAKE-BENCH-001,WS-BRAKE-SUB,,SEG-ALT-WIP-PSC-SKU-BIKE-ROAD-001-20260629-ROAD-OP-030-04,2026-07-06T08:00,2026-07-06T12:24,,,,RISK_ONLY_NO_DATED_DOWNTIME,False,False,False,HIGH,MAINTENANCE_RISK_REVIEW,False,Maintenance risk is review-only without dated downtime; no horizon-wide production block applied.,True,True
PHASE4-MPS-20260721170405,ALT-WIP,M-FINAL-STAND-001,WS-FINAL-ASM,,SEG-ALT-WIP-PSC-SKU-BIKE-ROAD-001-20260629-ROAD-OP-040-01,2026-07-14T08:59,2026-07-14T15:14,,,,RISK_ONLY_NO_DATED_DOWNTIME,False,False,False,HIGH,MAINTENANCE_RISK_REVIEW,False,Maintenance risk is review-only without dated downtime; no horizon-wide production block applied.,True,True
PHASE4-MPS-20260721170405,ALT-WIP,M-FINAL-STAND-001,WS-FINAL-ASM,,SEG-ALT-WIP-PSC-SKU-BIKE-ROAD-001-20260629-ROAD-OP-040-02,2026-07-15T08:00,2026-07-15T15:14,,,,RISK_ONLY_NO_DATED_DOWNTIME,False,False,False,HIGH,MAINTENANCE_RISK_REVIEW,False,Maintenance risk is review-only without dated downtime; no horizon-wide production block applied.,True,True
PHASE4-MPS-20260721170405,ALT-WIP,M-FINAL-STAND-001,WS-FINAL-ASM,,SEG-ALT-WIP-PSC-SKU-BIKE-ROAD-001-20260629-ROAD-OP-040-03,2026-07-16T08:00,2026-07-16T15:14,,,,RISK_ONLY_NO_DATED_DOWNTIME,False,False,False,HIGH,MAINTENANCE_RISK_REVIEW,False,Maintenance risk is review-only without dated downtime; no horizon-wide production block applied.,True,True
PHASE4-MPS-20260721170405,ALT-WIP,M-FINAL-STAND-001,WS-FINAL-ASM,,SEG-ALT-WIP-PSC-SKU-BIKE-ROAD-001-20260629-ROAD-OP-040-04,2026-07-17T08:00,2026-07-17T15:14,,,,RISK_ONLY_NO_DATED_DOWNTIME,False,False,False,HIGH,MAINTENANCE_RISK_REVIEW,False,Maintenance risk is review-only without dated downtime; no horizon-wide production block applied.,True,True
PHASE4-MPS-20260721170405,ALT-WIP,M-FINAL-STAND-001,WS-FINAL-ASM,,SEG-ALT-WIP-PSC-SKU-BIKE-ROAD-001-20260629-ROAD-OP-040-05,2026-07-20T08:00,2026-07-20T15:14,,,,RISK_ONLY_NO_DATED_DOWNTIME,False,False,False,HIGH,MAINTENANCE_RISK_REVIEW,False,Maintenance risk is review-only without dated downtime; no horizon-wide production block applied.,True,True
PHASE4-MPS-20260721170405,ALT-WIP,M-FINAL-STAND-001,WS-FINAL-ASM,,SEG-ALT-WIP-PSC-SKU-BIKE-ROAD-001-20260629-ROAD-OP-040-06,2026-07-21T08:00,2026-07-21T13:52,,,,RISK_ONLY_NO_DATED_DOWNTIME,False,False,False,HIGH,MAINTENANCE_RISK_REVIEW,False,Maintenance risk is review-only without dated downtime; no horizon-wide production block applied.,True,True
PHASE4-MPS-20260721170405,ALT-WIP,M-QC-TOOLS-001,WS-QC,,SEG-ALT-WIP-PSC-SKU-BIKE-ROAD-001-20260629-ROAD-OP-050-01,2026-07-21T13:52,2026-07-21T15:14,,,,RISK_ONLY_NO_DATED_DOWNTIME,False,False,False,HIGH,MAINTENANCE_RISK_REVIEW,False,Maintenance risk is review-only without dated downtime; no horizon-wide production block applied.,True,True
PHASE4-MPS-20260721170405,ALT-WIP,M-QC-TOOLS-001,WS-QC,,SEG-ALT-WIP-PSC-SKU-BIKE-ROAD-001-20260629-ROAD-OP-050-02,2026-07-22T08:00,2026-07-22T15:14,,,,RISK_ONLY_NO_DATED_DOWNTIME,False,False,False,HIGH,MAINTENANCE_RISK_REVIEW,False,Maintenance risk is review-only without dated downtime; no horizon-wide production block applied.,True,True
PHASE4-MPS-20260721170405,ALT-WIP,M-QC-TOOLS-001,WS-QC,,SEG-ALT-WIP-PSC-SKU-BIKE-ROAD-001-20260629-ROAD-OP-050-03,2026-07-23T08:00,2026-07-23T11:53,,,,RISK_ONLY_NO_DATED_DOWNTIME,False,False,False,HIGH,MAINTENANCE_RISK_REVIEW,False,Maintenance risk is review-only without dated downtime; no horizon-wide production block applied.,True,True
PHASE4-MPS-20260721170405,ALT-WIP,M-PACK-BENCH-001,WS-PACK,,SEG-ALT-WIP-PSC-SKU-BIKE-ROAD-001-20260629-ROAD-OP-060-01,2026-07-23T11:53,2026-07-23T15:14,,,,RISK_ONLY_NO_DATED_DOWNTIME,False,False,False,HIGH,MAINTENANCE_RISK_REVIEW,False,Maintenance risk is review-only without dated downtime; no horizon-wide production block applied.,True,True
PHASE4-MPS-20260721170405,ALT-WIP,M-PACK-BENCH-001,WS-PACK,,SEG-ALT-WIP-PSC-SKU-BIKE-ROAD-001-20260629-ROAD-OP-060-02,2026-07-24T08:00,2026-07-24T15:14,,,,RISK_ONLY_NO_DATED_DOWNTIME,False,False,False,HIGH,MAINTENANCE_RISK_REVIEW,False,Maintenance risk is review-only without dated downtime; no horizon-wide production block applied.,True,True
PHASE4-MPS-20260721170405,ALT-WIP,M-PACK-BENCH-001,WS-PACK,,SEG-ALT-WIP-PSC-SKU-BIKE-ROAD-001-20260629-ROAD-OP-060-03,2026-07-27T08:00,2026-07-27T11:04,,,,RISK_ONLY_NO_DATED_DOWNTIME,False,False,False,HIGH,MAINTENANCE_RISK_REVIEW,False,Maintenance risk is review-only without dated downtime; no horizon-wide production block applied.,True,True
PHASE4-MPS-20260721170405,ALT-WIP,M-FRAME-JIG-001,WS-FRAME-PREP,,SEG-ALT-WIP-PSC-SKU-BIKE-MT-001-20260706-MT-OP-010-01,2026-07-06T08:00,2026-07-06T15:14,,,,RISK_ONLY_NO_DATED_DOWNTIME,False,False,False,HIGH,MAINTENANCE_RISK_REVIEW,False,Maintenance risk is review-only without dated downtime; no horizon-wide production block applied.,True,True
PHASE4-MPS-20260721170405,ALT-WIP,M-FRAME-JIG-001,WS-FRAME-PREP,,SEG-ALT-WIP-PSC-SKU-BIKE-MT-001-20260706-MT-OP-010-02,2026-07-07T08:00,2026-07-07T15:14,,,,RISK_ONLY_NO_DATED_DOWNTIME,False,False,False,HIGH,MAINTENANCE_RISK_REVIEW,False,Maintenance risk is review-only without dated downtime; no horizon-wide production block applied.,True,True
PHASE4-MPS-20260721170405,ALT-WIP,M-FRAME-JIG-001,WS-FRAME-PREP,,SEG-ALT-WIP-PSC-SKU-BIKE-MT-001-20260706-MT-OP-010-03,2026-07-08T08:00,2026-07-08T15:14,,,,RISK_ONLY_NO_DATED_DOWNTIME,False,False,False,HIGH,MAINTENANCE_RISK_REVIEW,False,Maintenance risk is review-only without dated downtime; no horizon-wide production block applied.,True,True
PHASE4-MPS-20260721170405,ALT-WIP,M-FRAME-JIG-001,WS-FRAME-PREP,,SEG-ALT-WIP-PSC-SKU-BIKE-MT-001-20260706-MT-OP-010-04,2026-07-09T08:00,2026-07-09T15:14,,,,RISK_ONLY_NO_DATED_DOWNTIME,False,False,False,HIGH,MAINTENANCE_RISK_REVIEW,False,Maintenance risk is review-only without dated downtime; no horizon-wide production block applied.,True,True
PHASE4-MPS-20260721170405,ALT-WIP,M-FRAME-JIG-001,WS-FRAME-PREP,,SEG-ALT-WIP-PSC-SKU-BIKE-MT-001-20260706-MT-OP-010-05,2026-07-10T08:00,2026-07-10T14:22,,,,RISK_ONLY_NO_DATED_DOWNTIME,False,False,False,HIGH,MAINTENANCE_RISK_REVIEW,False,Maintenance risk is review-only without dated downtime; no horizon-wide production block applied.,True,True
PHASE4-MPS-20260721170405,ALT-WIP,M-FORK-BENCH-001,WS-FORK-SUSP,,SEG-ALT-WIP-PSC-SKU-BIKE-MT-001-20260706-MT-OP-020-01,2026-07-10T14:22,2026-07-10T15:14,,,,RISK_ONLY_NO_DATED_DOWNTIME,False,False,False,HIGH,MAINTENANCE_RISK_REVIEW,False,Maintenance risk is review-only without dated downtime; no horizon-wide production block applied.,True,True
PHASE4-MPS-20260721170405,ALT-WIP,M-FORK-BENCH-001,WS-FORK-SUSP,,SEG-ALT-WIP-PSC-SKU-BIKE-MT-001-20260706-MT-OP-020-02,2026-07-13T08:00,2026-07-13T15:15,,,,RISK_ONLY_NO_DATED_DOWNTIME,False,False,False,HIGH,MAINTENANCE_RISK_REVIEW,False,Maintenance risk is review-only without dated downtime; no horizon-wide production block applied.,True,True
PHASE4-MPS-20260721170405,ALT-WIP,M-FORK-BENCH-001,WS-FORK-SUSP,,SEG-ALT-WIP-PSC-SKU-BIKE-MT-001-20260706-MT-OP-020-03,2026-07-14T08:00,2026-07-14T15:15,,,,RISK_ONLY_NO_DATED_DOWNTIME,False,False,False,HIGH,MAINTENANCE_RISK_REVIEW,False,Maintenance risk is review-only without dated downtime; no horizon-wide production block applied.,True,True
PHASE4-MPS-20260721170405,ALT-WIP,M-FORK-BENCH-001,WS-FORK-SUSP,,SEG-ALT-WIP-PSC-SKU-BIKE-MT-001-20260706-MT-OP-020-04,2026-07-15T08:00,2026-07-15T15:15,,,,RISK_ONLY_NO_DATED_DOWNTIME,False,False,False,HIGH,MAINTENANCE_RISK_REVIEW,False,Maintenance risk is review-only without dated downtime; no horizon-wide production block applied.,True,True
PHASE4-MPS-20260721170405,ALT-WIP,M-FORK-BENCH-001,WS-FORK-SUSP,,SEG-ALT-WIP-PSC-SKU-BIKE-MT-001-20260706-MT-OP-020-05,2026-07-16T08:00,2026-07-16T15:15,,,,RISK_ONLY_NO_DATED_DOWNTIME,False,False,False,HIGH,MAINTENANCE_RISK_REVIEW,False,Maintenance risk is review-only without dated downtime; no horizon-wide production block applied.,True,True
PHASE4-MPS-20260721170405,ALT-WIP,M-FORK-BENCH-001,WS-FORK-SUSP,,SEG-ALT-WIP-PSC-SKU-BIKE-MT-001-20260706-MT-OP-020-06,2026-07-17T08:00,2026-07-17T15:15,,,,RISK_ONLY_NO_DATED_DOWNTIME,False,False,False,HIGH,MAINTENANCE_RISK_REVIEW,False,Maintenance risk is review-only without dated downtime; no horizon-wide production block applied.,True,True
PHASE4-MPS-20260721170405,ALT-WIP,M-FORK-BENCH-001,WS-FORK-SUSP,,SEG-ALT-WIP-PSC-SKU-BIKE-MT-001-20260706-MT-OP-020-07,2026-07-20T08:00,2026-07-20T13:54,,,,RISK_ONLY_NO_DATED_DOWNTIME,False,False,False,HIGH,MAINTENANCE_RISK_REVIEW,False,Maintenance risk is review-only without dated downtime; no horizon-wide production block applied.,True,True
PHASE4-MPS-20260721170405,ALT-WIP,M-WHEEL-TRUE-001,WS-WHEEL-SUB,,SEG-ALT-WIP-PSC-SKU-BIKE-MT-001-20260706-MT-OP-030-01,2026-07-10T14:22,2026-07-10T15:14,,,,RISK_ONLY_NO_DATED_DOWNTIME,False,False,False,HIGH,MAINTENANCE_RISK_REVIEW,False,Maintenance risk is review-only without dated downtime; no horizon-wide production block applied.,True,True
PHASE4-MPS-20260721170405,ALT-WIP,M-WHEEL-TRUE-001,WS-WHEEL-SUB,,SEG-ALT-WIP-PSC-SKU-BIKE-MT-001-20260706-MT-OP-030-02,2026-07-13T08:00,2026-07-13T15:14,,,,RISK_ONLY_NO_DATED_DOWNTIME,False,False,False,HIGH,MAINTENANCE_RISK_REVIEW,False,Maintenance risk is review-only without dated downtime; no horizon-wide production block applied.,True,True
PHASE4-MPS-20260721170405,ALT-WIP,M-WHEEL-TRUE-001,WS-WHEEL-SUB,,SEG-ALT-WIP-PSC-SKU-BIKE-MT-001-20260706-MT-OP-030-03,2026-07-14T08:00,2026-07-14T15:14,,,,RISK_ONLY_NO_DATED_DOWNTIME,False,False,False,HIGH,MAINTENANCE_RISK_REVIEW,False,Maintenance risk is review-only without dated downtime; no horizon-wide production block applied.,True,True
PHASE4-MPS-20260721170405,ALT-WIP,M-WHEEL-TRUE-001,WS-WHEEL-SUB,,SEG-ALT-WIP-PSC-SKU-BIKE-MT-001-20260706-MT-OP-030-04,2026-07-15T08:00,2026-07-15T15:14,,,,RISK_ONLY_NO_DATED_DOWNTIME,False,False,False,HIGH,MAINTENANCE_RISK_REVIEW,False,Maintenance risk is review-only without dated downtime; no horizon-wide production block applied.,True,True
PHASE4-MPS-20260721170405,ALT-WIP,M-WHEEL-TRUE-001,WS-WHEEL-SUB,,SEG-ALT-WIP-PSC-SKU-BIKE-MT-001-20260706-MT-OP-030-05,2026-07-16T08:00,2026-07-16T15:14,,,,RISK_ONLY_NO_DATED_DOWNTIME,False,False,False,HIGH,MAINTENANCE_RISK_REVIEW,False,Maintenance risk is review-only without dated downtime; no horizon-wide production block applied.,True,True
PHASE4-MPS-20260721170405,ALT-WIP,M-WHEEL-TRUE-001,WS-WHEEL-SUB,,SEG-ALT-WIP-PSC-SKU-BIKE-MT-001-20260706-MT-OP-030-06,2026-07-17T08:00,2026-07-17T15:14,,,,RISK_ONLY_NO_DATED_DOWNTIME,False,False,False,HIGH,MAINTENANCE_RISK_REVIEW,False,Maintenance risk is review-only without dated downtime; no horizon-wide production block applied.,True,True
PHASE4-MPS-20260721170405,ALT-WIP,M-WHEEL-TRUE-001,WS-WHEEL-SUB,,SEG-ALT-WIP-PSC-SKU-BIKE-MT-001-20260706-MT-OP-030-07,2026-07-20T08:00,2026-07-20T13:08,,,,RISK_ONLY_NO_DATED_DOWNTIME,False,False,False,HIGH,MAINTENANCE_RISK_REVIEW,False,Maintenance risk is review-only without dated downtime; no horizon-wide production block applied.,True,True
PHASE4-MPS-20260721170405,ALT-WIP,M-BRAKE-BENCH-001,WS-BRAKE-SUB,,SEG-ALT-WIP-PSC-SKU-BIKE-MT-001-20260706-MT-OP-040-01,2026-07-10T14:22,2026-07-10T15:14,,,,RISK_ONLY_NO_DATED_DOWNTIME,False,False,False,HIGH,MAINTENANCE_RISK_REVIEW,False,Maintenance risk is review-only without dated downtime; no horizon-wide production block applied.,True,True
PHASE4-MPS-20260721170405,ALT-WIP,M-BRAKE-BENCH-001,WS-BRAKE-SUB,,SEG-ALT-WIP-PSC-SKU-BIKE-MT-001-20260706-MT-OP-040-02,2026-07-13T08:00,2026-07-13T15:14,,,,RISK_ONLY_NO_DATED_DOWNTIME,False,False,False,HIGH,MAINTENANCE_RISK_REVIEW,False,Maintenance risk is review-only without dated downtime; no horizon-wide production block applied.,True,True
PHASE4-MPS-20260721170405,ALT-WIP,M-BRAKE-BENCH-001,WS-BRAKE-SUB,,SEG-ALT-WIP-PSC-SKU-BIKE-MT-001-20260706-MT-OP-040-03,2026-07-14T08:00,2026-07-14T15:14,,,,RISK_ONLY_NO_DATED_DOWNTIME,False,False,False,HIGH,MAINTENANCE_RISK_REVIEW,False,Maintenance risk is review-only without dated downtime; no horizon-wide production block applied.,True,True
PHASE4-MPS-20260721170405,ALT-WIP,M-BRAKE-BENCH-001,WS-BRAKE-SUB,,SEG-ALT-WIP-PSC-SKU-BIKE-MT-001-20260706-MT-OP-040-04,2026-07-15T08:00,2026-07-15T15:14,,,,RISK_ONLY_NO_DATED_DOWNTIME,False,False,False,HIGH,MAINTENANCE_RISK_REVIEW,False,Maintenance risk is review-only without dated downtime; no horizon-wide production block applied.,True,True
PHASE4-MPS-20260721170405,ALT-WIP,M-BRAKE-BENCH-001,WS-BRAKE-SUB,,SEG-ALT-WIP-PSC-SKU-BIKE-MT-001-20260706-MT-OP-040-05,2026-07-16T08:00,2026-07-16T15:14,,,,RISK_ONLY_NO_DATED_DOWNTIME,False,False,False,HIGH,MAINTENANCE_RISK_REVIEW,False,Maintenance risk is review-only without dated downtime; no horizon-wide production block applied.,True,True
PHASE4-MPS-20260721170405,ALT-WIP,M-BRAKE-BENCH-001,WS-BRAKE-SUB,,SEG-ALT-WIP-PSC-SKU-BIKE-MT-001-20260706-MT-OP-040-06,2026-07-17T08:00,2026-07-17T11:00,,,,RISK_ONLY_NO_DATED_DOWNTIME,False,False,False,HIGH,MAINTENANCE_RISK_REVIEW,False,Maintenance risk is review-only without dated downtime; no horizon-wide production block applied.,True,True
PHASE4-MPS-20260721170405,ALT-WIP,M-FINAL-STAND-001,WS-FINAL-ASM,,SEG-ALT-WIP-PSC-SKU-BIKE-MT-001-20260706-MT-OP-050-01,2026-07-21T13:52,2026-07-21T15:14,,,,RISK_ONLY_NO_DATED_DOWNTIME,False,False,False,HIGH,MAINTENANCE_RISK_REVIEW,False,Maintenance risk is review-only without dated downtime; no horizon-wide production block applied.,True,True
PHASE4-MPS-20260721170405,ALT-WIP,M-FINAL-STAND-001,WS-FINAL-ASM,,SEG-ALT-WIP-PSC-SKU-BIKE-MT-001-20260706-MT-OP-050-02,2026-07-22T08:00,2026-07-22T15:14,,,,RISK_ONLY_NO_DATED_DOWNTIME,False,False,False,HIGH,MAINTENANCE_RISK_REVIEW,False,Maintenance risk is review-only without dated downtime; no horizon-wide production block applied.,True,True
PHASE4-MPS-20260721170405,ALT-WIP,M-FINAL-STAND-001,WS-FINAL-ASM,,SEG-ALT-WIP-PSC-SKU-BIKE-MT-001-20260706-MT-OP-050-03,2026-07-23T08:00,2026-07-23T15:14,,,,RISK_ONLY_NO_DATED_DOWNTIME,False,False,False,HIGH,MAINTENANCE_RISK_REVIEW,False,Maintenance risk is review-only without dated downtime; no horizon-wide production block applied.,True,True
PHASE4-MPS-20260721170405,ALT-WIP,M-FINAL-STAND-001,WS-FINAL-ASM,,SEG-ALT-WIP-PSC-SKU-BIKE-MT-001-20260706-MT-OP-050-04,2026-07-24T08:00,2026-07-24T15:14,,,,RISK_ONLY_NO_DATED_DOWNTIME,False,False,False,HIGH,MAINTENANCE_RISK_REVIEW,False,Maintenance risk is review-only without dated downtime; no horizon-wide production block applied.,True,True
PHASE4-MPS-20260721170405,ALT-WIP,M-FINAL-STAND-001,WS-FINAL-ASM,,SEG-ALT-WIP-PSC-SKU-BIKE-MT-001-20260706-MT-OP-050-05,2026-07-27T08:00,2026-07-27T15:14,,,,RISK_ONLY_NO_DATED_DOWNTIME,False,False,False,HIGH,MAINTENANCE_RISK_REVIEW,False,Maintenance risk is review-only without dated downtime; no horizon-wide production block applied.,True,True
PHASE4-MPS-20260721170405,ALT-WIP,M-FINAL-STAND-001,WS-FINAL-ASM,,SEG-ALT-WIP-PSC-SKU-BIKE-MT-001-20260706-MT-OP-050-06,2026-07-28T08:00,2026-07-28T15:14,,,,RISK_ONLY_NO_DATED_DOWNTIME,False,False,False,HIGH,MAINTENANCE_RISK_REVIEW,False,Maintenance risk is review-only without dated downtime; no horizon-wide production block applied.,True,True
PHASE4-MPS-20260721170405,ALT-WIP,M-FINAL-STAND-001,WS-FINAL-ASM,,SEG-ALT-WIP-PSC-SKU-BIKE-MT-001-20260706-MT-OP-050-07,2026-07-29T08:00,2026-07-29T15:14,,,,RISK_ONLY_NO_DATED_DOWNTIME,False,False,False,HIGH,MAINTENANCE_RISK_REVIEW,False,Maintenance risk is review-only without dated downtime; no horizon-wide production block applied.,True,True
PHASE4-MPS-20260721170405,ALT-WIP,M-FINAL-STAND-001,WS-FINAL-ASM,,SEG-ALT-WIP-PSC-SKU-BIKE-MT-001-20260706-MT-OP-050-08,2026-07-30T08:00,2026-07-30T15:14,,,,RISK_ONLY_NO_DATED_DOWNTIME,False,False,False,HIGH,MAINTENANCE_RISK_REVIEW,False,Maintenance risk is review-only without dated downtime; no horizon-wide production block applied.,True,True
PHASE4-MPS-20260721170405,ALT-WIP,M-FINAL-STAND-001,WS-FINAL-ASM,,SEG-ALT-WIP-PSC-SKU-BIKE-MT-001-20260706-MT-OP-050-09,2026-07-31T08:00,2026-07-31T10:47,,,,RISK_ONLY_NO_DATED_DOWNTIME,False,False,False,HIGH,MAINTENANCE_RISK_REVIEW,False,Maintenance risk is review-only without dated downtime; no horizon-wide production block applied.,True,True
PHASE4-MPS-20260721170405,ALT-WIP,M-QC-TOOLS-001,WS-QC,,SEG-ALT-WIP-PSC-SKU-BIKE-MT-001-20260706-MT-OP-060-01,2026-07-31T10:47,2026-07-31T15:14,,,,RISK_ONLY_NO_DATED_DOWNTIME,False,False,False,HIGH,MAINTENANCE_RISK_REVIEW,False,Maintenance risk is review-only without dated downtime; no horizon-wide production block applied.,True,True
PHASE4-MPS-20260721170405,ALT-WIP,M-QC-TOOLS-001,WS-QC,,SEG-ALT-WIP-PSC-SKU-BIKE-MT-001-20260706-MT-OP-060-02,2026-08-03T08:00,2026-08-03T15:14,,,,RISK_ONLY_NO_DATED_DOWNTIME,False,False,False,HIGH,MAINTENANCE_RISK_REVIEW,False,Maintenance risk is review-only without dated downtime; no horizon-wide production block applied.,True,True
PHASE4-MPS-20260721170405,ALT-WIP,M-QC-TOOLS-001,WS-QC,,SEG-ALT-WIP-PSC-SKU-BIKE-MT-001-20260706-MT-OP-060-03,2026-08-04T08:00,2026-08-04T12:16,,,,RISK_ONLY_NO_DATED_DOWNTIME,False,False,False,HIGH,MAINTENANCE_RISK_REVIEW,False,Maintenance risk is review-only without dated downtime; no horizon-wide production block applied.,True,True
PHASE4-MPS-20260721170405,ALT-WIP,M-PACK-BENCH-001,WS-PACK,,SEG-ALT-WIP-PSC-SKU-BIKE-MT-001-20260706-MT-OP-070-01,2026-08-04T12:16,2026-08-04T15:14,,,,RISK_ONLY_NO_DATED_DOWNTIME,False,False,False,HIGH,MAINTENANCE_RISK_REVIEW,False,Maintenance risk is review-only without dated downtime; no horizon-wide production block applied.,True,True
PHASE4-MPS-20260721170405,ALT-WIP,M-PACK-BENCH-001,WS-PACK,,SEG-ALT-WIP-PSC-SKU-BIKE-MT-001-20260706-MT-OP-070-02,2026-08-05T08:00,2026-08-05T15:15,,,,RISK_ONLY_NO_DATED_DOWNTIME,False,False,False,HIGH,MAINTENANCE_RISK_REVIEW,False,Maintenance risk is review-only without dated downtime; no horizon-wide production block applied.,True,True
PHASE4-MPS-20260721170405,ALT-WIP,M-PACK-BENCH-001,WS-PACK,,SEG-ALT-WIP-PSC-SKU-BIKE-MT-001-20260706-MT-OP-070-03,2026-08-06T08:00,2026-08-06T15:00,,,,RISK_ONLY_NO_DATED_DOWNTIME,False,False,False,HIGH,MAINTENANCE_RISK_REVIEW,False,Maintenance risk is review-only without dated downtime; no horizon-wide production block applied.,True,True
PHASE4-MPS-20260721170405,ALT-WIP,M-FRAME-JIG-001,WS-FRAME-PREP,,SEG-ALT-WIP-PSC-SKU-BIKE-ROAD-001-20260706-ROAD-OP-010-01,2026-07-06T08:00,2026-07-06T15:14,,,,RISK_ONLY_NO_DATED_DOWNTIME,False,False,False,HIGH,MAINTENANCE_RISK_REVIEW,False,Maintenance risk is review-only without dated downtime; no horizon-wide production block applied.,True,True
PHASE4-MPS-20260721170405,ALT-WIP,M-FRAME-JIG-001,WS-FRAME-PREP,,SEG-ALT-WIP-PSC-SKU-BIKE-ROAD-001-20260706-ROAD-OP-010-02,2026-07-07T08:00,2026-07-07T15:14,,,,RISK_ONLY_NO_DATED_DOWNTIME,False,False,False,HIGH,MAINTENANCE_RISK_REVIEW,False,Maintenance risk is review-only without dated downtime; no horizon-wide production block applied.,True,True
PHASE4-MPS-20260721170405,ALT-WIP,M-FRAME-JIG-001,WS-FRAME-PREP,,SEG-ALT-WIP-PSC-SKU-BIKE-ROAD-001-20260706-ROAD-OP-010-03,2026-07-08T08:00,2026-07-08T15:14,,,,RISK_ONLY_NO_DATED_DOWNTIME,False,False,False,HIGH,MAINTENANCE_RISK_REVIEW,False,Maintenance risk is review-only without dated downtime; no horizon-wide production block applied.,True,True
PHASE4-MPS-20260721170405,ALT-WIP,M-FRAME-JIG-001,WS-FRAME-PREP,,SEG-ALT-WIP-PSC-SKU-BIKE-ROAD-001-20260706-ROAD-OP-010-04,2026-07-09T08:00,2026-07-09T15:14,,,,RISK_ONLY_NO_DATED_DOWNTIME,False,False,False,HIGH,MAINTENANCE_RISK_REVIEW,False,Maintenance risk is review-only without dated downtime; no horizon-wide production block applied.,True,True
PHASE4-MPS-20260721170405,ALT-WIP,M-FRAME-JIG-001,WS-FRAME-PREP,,SEG-ALT-WIP-PSC-SKU-BIKE-ROAD-001-20260706-ROAD-OP-010-05,2026-07-10T08:00,2026-07-10T10:15,,,,RISK_ONLY_NO_DATED_DOWNTIME,False,False,False,HIGH,MAINTENANCE_RISK_REVIEW,False,Maintenance risk is review-only without dated downtime; no horizon-wide production block applied.,True,True
PHASE4-MPS-20260721170405,ALT-WIP,M-WHEEL-TRUE-001,WS-WHEEL-SUB,,SEG-ALT-WIP-PSC-SKU-BIKE-ROAD-001-20260706-ROAD-OP-020-01,2026-07-10T10:15,2026-07-10T15:14,,,,RISK_ONLY_NO_DATED_DOWNTIME,False,False,False,HIGH,MAINTENANCE_RISK_REVIEW,False,Maintenance risk is review-only without dated downtime; no horizon-wide production block applied.,True,True
PHASE4-MPS-20260721170405,ALT-WIP,M-WHEEL-TRUE-001,WS-WHEEL-SUB,,SEG-ALT-WIP-PSC-SKU-BIKE-ROAD-001-20260706-ROAD-OP-020-02,2026-07-13T08:00,2026-07-13T15:15,,,,RISK_ONLY_NO_DATED_DOWNTIME,False,False,False,HIGH,MAINTENANCE_RISK_REVIEW,False,Maintenance risk is review-only without dated downtime; no horizon-wide production block applied.,True,True
PHASE4-MPS-20260721170405,ALT-WIP,M-WHEEL-TRUE-001,WS-WHEEL-SUB,,SEG-ALT-WIP-PSC-SKU-BIKE-ROAD-001-20260706-ROAD-OP-020-03,2026-07-14T08:00,2026-07-14T15:15,,,,RISK_ONLY_NO_DATED_DOWNTIME,False,False,False,HIGH,MAINTENANCE_RISK_REVIEW,False,Maintenance risk is review-only without dated downtime; no horizon-wide production block applied.,True,True
PHASE4-MPS-20260721170405,ALT-WIP,M-WHEEL-TRUE-001,WS-WHEEL-SUB,,SEG-ALT-WIP-PSC-SKU-BIKE-ROAD-001-20260706-ROAD-OP-020-04,2026-07-15T08:00,2026-07-15T15:15,,,,RISK_ONLY_NO_DATED_DOWNTIME,False,False,False,HIGH,MAINTENANCE_RISK_REVIEW,False,Maintenance risk is review-only without dated downtime; no horizon-wide production block applied.,True,True
PHASE4-MPS-20260721170405,ALT-WIP,M-WHEEL-TRUE-001,WS-WHEEL-SUB,,SEG-ALT-WIP-PSC-SKU-BIKE-ROAD-001-20260706-ROAD-OP-020-05,2026-07-16T08:00,2026-07-16T15:15,,,,RISK_ONLY_NO_DATED_DOWNTIME,False,False,False,HIGH,MAINTENANCE_RISK_REVIEW,False,Maintenance risk is review-only without dated downtime; no horizon-wide production block applied.,True,True
PHASE4-MPS-20260721170405,ALT-WIP,M-WHEEL-TRUE-001,WS-WHEEL-SUB,,SEG-ALT-WIP-PSC-SKU-BIKE-ROAD-001-20260706-ROAD-OP-020-06,2026-07-17T08:00,2026-07-17T13:08,,,,RISK_ONLY_NO_DATED_DOWNTIME,False,False,False,HIGH,MAINTENANCE_RISK_REVIEW,False,Maintenance risk is review-only without dated downtime; no horizon-wide production block applied.,True,True
PHASE4-MPS-20260721170405,ALT-WIP,M-BRAKE-BENCH-001,WS-BRAKE-SUB,,SEG-ALT-WIP-PSC-SKU-BIKE-ROAD-001-20260706-ROAD-OP-030-01,2026-07-10T10:15,2026-07-10T15:14,,,,RISK_ONLY_NO_DATED_DOWNTIME,False,False,False,HIGH,MAINTENANCE_RISK_REVIEW,False,Maintenance risk is review-only without dated downtime; no horizon-wide production block applied.,True,True
PHASE4-MPS-20260721170405,ALT-WIP,M-BRAKE-BENCH-001,WS-BRAKE-SUB,,SEG-ALT-WIP-PSC-SKU-BIKE-ROAD-001-20260706-ROAD-OP-030-02,2026-07-13T08:00,2026-07-13T15:15,,,,RISK_ONLY_NO_DATED_DOWNTIME,False,False,False,HIGH,MAINTENANCE_RISK_REVIEW,False,Maintenance risk is review-only without dated downtime; no horizon-wide production block applied.,True,True
PHASE4-MPS-20260721170405,ALT-WIP,M-BRAKE-BENCH-001,WS-BRAKE-SUB,,SEG-ALT-WIP-PSC-SKU-BIKE-ROAD-001-20260706-ROAD-OP-030-03,2026-07-14T08:00,2026-07-14T15:15,,,,RISK_ONLY_NO_DATED_DOWNTIME,False,False,False,HIGH,MAINTENANCE_RISK_REVIEW,False,Maintenance risk is review-only without dated downtime; no horizon-wide production block applied.,True,True
PHASE4-MPS-20260721170405,ALT-WIP,M-BRAKE-BENCH-001,WS-BRAKE-SUB,,SEG-ALT-WIP-PSC-SKU-BIKE-ROAD-001-20260706-ROAD-OP-030-04,2026-07-15T08:00,2026-07-15T15:15,,,,RISK_ONLY_NO_DATED_DOWNTIME,False,False,False,HIGH,MAINTENANCE_RISK_REVIEW,False,Maintenance risk is review-only without dated downtime; no horizon-wide production block applied.,True,True
PHASE4-MPS-20260721170405,ALT-WIP,M-BRAKE-BENCH-001,WS-BRAKE-SUB,,SEG-ALT-WIP-PSC-SKU-BIKE-ROAD-001-20260706-ROAD-OP-030-05,2026-07-16T08:00,2026-07-16T09:59,,,,RISK_ONLY_NO_DATED_DOWNTIME,False,False,False,HIGH,MAINTENANCE_RISK_REVIEW,False,Maintenance risk is review-only without dated downtime; no horizon-wide production block applied.,True,True
PHASE4-MPS-20260721170405,ALT-WIP,M-FINAL-STAND-001,WS-FINAL-ASM,,SEG-ALT-WIP-PSC-SKU-BIKE-ROAD-001-20260706-ROAD-OP-040-01,2026-07-31T10:47,2026-07-31T15:14,,,,RISK_ONLY_NO_DATED_DOWNTIME,False,False,False,HIGH,MAINTENANCE_RISK_REVIEW,False,Maintenance risk is review-only without dated downtime; no horizon-wide production block applied.,True,True
PHASE4-MPS-20260721170405,ALT-WIP,M-FINAL-STAND-001,WS-FINAL-ASM,,SEG-ALT-WIP-PSC-SKU-BIKE-ROAD-001-20260706-ROAD-OP-040-02,2026-08-03T08:00,2026-08-03T15:15,,,,RISK_ONLY_NO_DATED_DOWNTIME,False,False,False,HIGH,MAINTENANCE_RISK_REVIEW,False,Maintenance risk is review-only without dated downtime; no horizon-wide production block applied.,True,True
PHASE4-MPS-20260721170405,ALT-WIP,M-FINAL-STAND-001,WS-FINAL-ASM,,SEG-ALT-WIP-PSC-SKU-BIKE-ROAD-001-20260706-ROAD-OP-040-03,2026-08-04T08:00,2026-08-04T15:15,,,,RISK_ONLY_NO_DATED_DOWNTIME,False,False,False,HIGH,MAINTENANCE_RISK_REVIEW,False,Maintenance risk is review-only without dated downtime; no horizon-wide production block applied.,True,True
PHASE4-MPS-20260721170405,ALT-WIP,M-FINAL-STAND-001,WS-FINAL-ASM,,SEG-ALT-WIP-PSC-SKU-BIKE-ROAD-001-20260706-ROAD-OP-040-04,2026-08-05T08:00,2026-08-05T15:15,,,,RISK_ONLY_NO_DATED_DOWNTIME,False,False,False,HIGH,MAINTENANCE_RISK_REVIEW,False,Maintenance risk is review-only without dated downtime; no horizon-wide production block applied.,True,True
PHASE4-MPS-20260721170405,ALT-WIP,M-FINAL-STAND-001,WS-FINAL-ASM,,SEG-ALT-WIP-PSC-SKU-BIKE-ROAD-001-20260706-ROAD-OP-040-05,2026-08-06T08:00,2026-08-06T15:15,,,,RISK_ONLY_NO_DATED_DOWNTIME,False,False,False,HIGH,MAINTENANCE_RISK_REVIEW,False,Maintenance risk is review-only without dated downtime; no horizon-wide production block applied.,True,True
PHASE4-MPS-20260721170405,ALT-WIP,M-FINAL-STAND-001,WS-FINAL-ASM,,SEG-ALT-WIP-PSC-SKU-BIKE-ROAD-001-20260706-ROAD-OP-040-06,2026-08-07T08:00,2026-08-07T09:38,,,,RISK_ONLY_NO_DATED_DOWNTIME,False,False,False,HIGH,MAINTENANCE_RISK_REVIEW,False,Maintenance risk is review-only without dated downtime; no horizon-wide production block applied.,True,True
PHASE4-MPS-20260721170405,ALT-WIP,M-QC-TOOLS-001,WS-QC,,SEG-ALT-WIP-PSC-SKU-BIKE-ROAD-001-20260706-ROAD-OP-050-01,2026-08-07T09:38,2026-08-07T15:14,,,,RISK_ONLY_NO_DATED_DOWNTIME,False,False,False,HIGH,MAINTENANCE_RISK_REVIEW,False,Maintenance risk is review-only without dated downtime; no horizon-wide production block applied.,True,True
PHASE4-MPS-20260721170405,ALT-WIP,M-QC-TOOLS-001,WS-QC,,SEG-ALT-WIP-PSC-SKU-BIKE-ROAD-001-20260706-ROAD-OP-050-02,2026-08-10T08:00,2026-08-10T15:14,,,,RISK_ONLY_NO_DATED_DOWNTIME,False,False,False,HIGH,MAINTENANCE_RISK_REVIEW,False,Maintenance risk is review-only without dated downtime; no horizon-wide production block applied.,True,True
PHASE4-MPS-20260721170405,ALT-WIP,M-QC-TOOLS-001,WS-QC,,SEG-ALT-WIP-PSC-SKU-BIKE-ROAD-001-20260706-ROAD-OP-050-03,2026-08-11T08:00,2026-08-11T11:59,,,,RISK_ONLY_NO_DATED_DOWNTIME,False,False,False,HIGH,MAINTENANCE_RISK_REVIEW,False,Maintenance risk is review-only without dated downtime; no horizon-wide production block applied.,True,True
PHASE4-MPS-20260721170405,ALT-WIP,M-PACK-BENCH-001,WS-PACK,,SEG-ALT-WIP-PSC-SKU-BIKE-ROAD-001-20260706-ROAD-OP-060-01,2026-08-11T11:59,2026-08-11T15:14,,,,RISK_ONLY_NO_DATED_DOWNTIME,False,False,False,HIGH,MAINTENANCE_RISK_REVIEW,False,Maintenance risk is review-only without dated downtime; no horizon-wide production block applied.,True,True
PHASE4-MPS-20260721170405,ALT-WIP,M-PACK-BENCH-001,WS-PACK,,SEG-ALT-WIP-PSC-SKU-BIKE-ROAD-001-20260706-ROAD-OP-060-02,2026-08-12T08:00,2026-08-12T15:14,,,,RISK_ONLY_NO_DATED_DOWNTIME,False,False,False,HIGH,MAINTENANCE_RISK_REVIEW,False,Maintenance risk is review-only without dated downtime; no horizon-wide production block applied.,True,True
PHASE4-MPS-20260721170405,ALT-WIP,M-PACK-BENCH-001,WS-PACK,,SEG-ALT-WIP-PSC-SKU-BIKE-ROAD-001-20260706-ROAD-OP-060-03,2026-08-13T08:00,2026-08-13T12:40,,,,RISK_ONLY_NO_DATED_DOWNTIME,False,False,False,HIGH,MAINTENANCE_RISK_REVIEW,False,Maintenance risk is review-only without dated downtime; no horizon-wide production block applied.,True,True
PHASE4-MPS-20260721170405,ALT-WIP,M-FRAME-JIG-001,WS-FRAME-PREP,,SEG-ALT-WIP-PSC-SKU-BIKE-MT-001-20260713-MT-OP-010-01,2026-07-13T08:00,2026-07-13T15:14,,,,RISK_ONLY_NO_DATED_DOWNTIME,False,False,False,HIGH,MAINTENANCE_RISK_REVIEW,False,Maintenance risk is review-only without dated downtime; no horizon-wide production block applied.,True,True
PHASE4-MPS-20260721170405,ALT-WIP,M-FRAME-JIG-001,WS-FRAME-PREP,,SEG-ALT-WIP-PSC-SKU-BIKE-MT-001-20260713-MT-OP-010-02,2026-07-14T08:00,2026-07-14T15:14,,,,RISK_ONLY_NO_DATED_DOWNTIME,False,False,False,HIGH,MAINTENANCE_RISK_REVIEW,False,Maintenance risk is review-only without dated downtime; no horizon-wide production block applied.,True,True
PHASE4-MPS-20260721170405,ALT-WIP,M-FRAME-JIG-001,WS-FRAME-PREP,,SEG-ALT-WIP-PSC-SKU-BIKE-MT-001-20260713-MT-OP-010-03,2026-07-15T08:00,2026-07-15T15:14,,,,RISK_ONLY_NO_DATED_DOWNTIME,False,False,False,HIGH,MAINTENANCE_RISK_REVIEW,False,Maintenance risk is review-only without dated downtime; no horizon-wide production block applied.,True,True
PHASE4-MPS-20260721170405,ALT-WIP,M-FRAME-JIG-001,WS-FRAME-PREP,,SEG-ALT-WIP-PSC-SKU-BIKE-MT-001-20260713-MT-OP-010-04,2026-07-16T08:00,2026-07-16T15:14,,,,RISK_ONLY_NO_DATED_DOWNTIME,False,False,False,HIGH,MAINTENANCE_RISK_REVIEW,False,Maintenance risk is review-only without dated downtime; no horizon-wide production block applied.,True,True
PHASE4-MPS-20260721170405,ALT-WIP,M-FRAME-JIG-001,WS-FRAME-PREP,,SEG-ALT-WIP-PSC-SKU-BIKE-MT-001-20260713-MT-OP-010-05,2026-07-17T08:00,2026-07-17T14:22,,,,RISK_ONLY_NO_DATED_DOWNTIME,False,False,False,HIGH,MAINTENANCE_RISK_REVIEW,False,Maintenance risk is review-only without dated downtime; no horizon-wide production block applied.,True,True
PHASE4-MPS-20260721170405,ALT-WIP,M-FORK-BENCH-001,WS-FORK-SUSP,,SEG-ALT-WIP-PSC-SKU-BIKE-MT-001-20260713-MT-OP-020-01,2026-07-17T14:22,2026-07-17T15:14,,,,RISK_ONLY_NO_DATED_DOWNTIME,False,False,False,HIGH,MAINTENANCE_RISK_REVIEW,False,Maintenance risk is review-only without dated downtime; no horizon-wide production block applied.,True,True
PHASE4-MPS-20260721170405,ALT-WIP,M-FORK-BENCH-001,WS-FORK-SUSP,,SEG-ALT-WIP-PSC-SKU-BIKE-MT-001-20260713-MT-OP-020-02,2026-07-20T08:00,2026-07-20T15:15,,,,RISK_ONLY_NO_DATED_DOWNTIME,False,False,False,HIGH,MAINTENANCE_RISK_REVIEW,False,Maintenance risk is review-only without dated downtime; no horizon-wide production block applied.,True,True
PHASE4-MPS-20260721170405,ALT-WIP,M-FORK-BENCH-001,WS-FORK-SUSP,,SEG-ALT-WIP-PSC-SKU-BIKE-MT-001-20260713-MT-OP-020-03,2026-07-21T08:00,2026-07-21T15:15,,,,RISK_ONLY_NO_DATED_DOWNTIME,False,False,False,HIGH,MAINTENANCE_RISK_REVIEW,False,Maintenance risk is review-only without dated downtime; no horizon-wide production block applied.,True,True
PHASE4-MPS-20260721170405,ALT-WIP,M-FORK-BENCH-001,WS-FORK-SUSP,,SEG-ALT-WIP-PSC-SKU-BIKE-MT-001-20260713-MT-OP-020-04,2026-07-22T08:00,2026-07-22T15:15,,,,RISK_ONLY_NO_DATED_DOWNTIME,False,False,False,HIGH,MAINTENANCE_RISK_REVIEW,False,Maintenance risk is review-only without dated downtime; no horizon-wide production block applied.,True,True
PHASE4-MPS-20260721170405,ALT-WIP,M-FORK-BENCH-001,WS-FORK-SUSP,,SEG-ALT-WIP-PSC-SKU-BIKE-MT-001-20260713-MT-OP-020-05,2026-07-23T08:00,2026-07-23T15:15,,,,RISK_ONLY_NO_DATED_DOWNTIME,False,False,False,HIGH,MAINTENANCE_RISK_REVIEW,False,Maintenance risk is review-only without dated downtime; no horizon-wide production block applied.,True,True
PHASE4-MPS-20260721170405,ALT-WIP,M-FORK-BENCH-001,WS-FORK-SUSP,,SEG-ALT-WIP-PSC-SKU-BIKE-MT-001-20260713-MT-OP-020-06,2026-07-24T08:00,2026-07-24T15:15,,,,RISK_ONLY_NO_DATED_DOWNTIME,False,False,False,HIGH,MAINTENANCE_RISK_REVIEW,False,Maintenance risk is review-only without dated downtime; no horizon-wide production block applied.,True,True
PHASE4-MPS-20260721170405,ALT-WIP,M-FORK-BENCH-001,WS-FORK-SUSP,,SEG-ALT-WIP-PSC-SKU-BIKE-MT-001-20260713-MT-OP-020-07,2026-07-27T08:00,2026-07-27T13:54,,,,RISK_ONLY_NO_DATED_DOWNTIME,False,False,False,HIGH,MAINTENANCE_RISK_REVIEW,False,Maintenance risk is review-only without dated downtime; no horizon-wide production block applied.,True,True
PHASE4-MPS-20260721170405,ALT-WIP,M-WHEEL-TRUE-001,WS-WHEEL-SUB,,SEG-ALT-WIP-PSC-SKU-BIKE-MT-001-20260713-MT-OP-030-01,2026-07-17T14:22,2026-07-17T15:14,,,,RISK_ONLY_NO_DATED_DOWNTIME,False,False,False,HIGH,MAINTENANCE_RISK_REVIEW,False,Maintenance risk is review-only without dated downtime; no horizon-wide production block applied.,True,True
PHASE4-MPS-20260721170405,ALT-WIP,M-WHEEL-TRUE-001,WS-WHEEL-SUB,,SEG-ALT-WIP-PSC-SKU-BIKE-MT-001-20260713-MT-OP-030-02,2026-07-20T08:00,2026-07-20T15:14,,,,RISK_ONLY_NO_DATED_DOWNTIME,False,False,False,HIGH,MAINTENANCE_RISK_REVIEW,False,Maintenance risk is review-only without dated downtime; no horizon-wide production block applied.,True,True
PHASE4-MPS-20260721170405,ALT-WIP,M-WHEEL-TRUE-001,WS-WHEEL-SUB,,SEG-ALT-WIP-PSC-SKU-BIKE-MT-001-20260713-MT-OP-030-03,2026-07-21T08:00,2026-07-21T15:14,,,,RISK_ONLY_NO_DATED_DOWNTIME,False,False,False,HIGH,MAINTENANCE_RISK_REVIEW,False,Maintenance risk is review-only without dated downtime; no horizon-wide production block applied.,True,True
PHASE4-MPS-20260721170405,ALT-WIP,M-WHEEL-TRUE-001,WS-WHEEL-SUB,,SEG-ALT-WIP-PSC-SKU-BIKE-MT-001-20260713-MT-OP-030-04,2026-07-22T08:00,2026-07-22T15:14,,,,RISK_ONLY_NO_DATED_DOWNTIME,False,False,False,HIGH,MAINTENANCE_RISK_REVIEW,False,Maintenance risk is review-only without dated downtime; no horizon-wide production block applied.,True,True
PHASE4-MPS-20260721170405,ALT-WIP,M-WHEEL-TRUE-001,WS-WHEEL-SUB,,SEG-ALT-WIP-PSC-SKU-BIKE-MT-001-20260713-MT-OP-030-05,2026-07-23T08:00,2026-07-23T15:14,,,,RISK_ONLY_NO_DATED_DOWNTIME,False,False,False,HIGH,MAINTENANCE_RISK_REVIEW,False,Maintenance risk is review-only without dated downtime; no horizon-wide production block applied.,True,True
PHASE4-MPS-20260721170405,ALT-WIP,M-WHEEL-TRUE-001,WS-WHEEL-SUB,,SEG-ALT-WIP-PSC-SKU-BIKE-MT-001-20260713-MT-OP-030-06,2026-07-24T08:00,2026-07-24T11:58,,,,RISK_ONLY_NO_DATED_DOWNTIME,False,False,False,HIGH,MAINTENANCE_RISK_REVIEW,False,Maintenance risk is review-only without dated downtime; no horizon-wide production block applied.,True,True
PHASE4-MPS-20260721170405,ALT-WIP,M-BRAKE-BENCH-001,WS-BRAKE-SUB,,SEG-ALT-WIP-PSC-SKU-BIKE-MT-001-20260713-MT-OP-040-01,2026-07-17T14:22,2026-07-17T15:14,,,,RISK_ONLY_NO_DATED_DOWNTIME,False,False,False,HIGH,MAINTENANCE_RISK_REVIEW,False,Maintenance risk is review-only without dated downtime; no horizon-wide production block applied.,True,True
PHASE4-MPS-20260721170405,ALT-WIP,M-BRAKE-BENCH-001,WS-BRAKE-SUB,,SEG-ALT-WIP-PSC-SKU-BIKE-MT-001-20260713-MT-OP-040-02,2026-07-20T08:00,2026-07-20T15:14,,,,RISK_ONLY_NO_DATED_DOWNTIME,False,False,False,HIGH,MAINTENANCE_RISK_REVIEW,False,Maintenance risk is review-only without dated downtime; no horizon-wide production block applied.,True,True
PHASE4-MPS-20260721170405,ALT-WIP,M-BRAKE-BENCH-001,WS-BRAKE-SUB,,SEG-ALT-WIP-PSC-SKU-BIKE-MT-001-20260713-MT-OP-040-03,2026-07-21T08:00,2026-07-21T15:14,,,,RISK_ONLY_NO_DATED_DOWNTIME,False,False,False,HIGH,MAINTENANCE_RISK_REVIEW,False,Maintenance risk is review-only without dated downtime; no horizon-wide production block applied.,True,True
PHASE4-MPS-20260721170405,ALT-WIP,M-BRAKE-BENCH-001,WS-BRAKE-SUB,,SEG-ALT-WIP-PSC-SKU-BIKE-MT-001-20260713-MT-OP-040-04,2026-07-22T08:00,2026-07-22T15:14,,,,RISK_ONLY_NO_DATED_DOWNTIME,False,False,False,HIGH,MAINTENANCE_RISK_REVIEW,False,Maintenance risk is review-only without dated downtime; no horizon-wide production block applied.,True,True
PHASE4-MPS-20260721170405,ALT-WIP,M-BRAKE-BENCH-001,WS-BRAKE-SUB,,SEG-ALT-WIP-PSC-SKU-BIKE-MT-001-20260713-MT-OP-040-05,2026-07-23T08:00,2026-07-23T12:45,,,,RISK_ONLY_NO_DATED_DOWNTIME,False,False,False,HIGH,MAINTENANCE_RISK_REVIEW,False,Maintenance risk is review-only without dated downtime; no horizon-wide production block applied.,True,True
PHASE4-MPS-20260721170405,ALT-WIP,M-FINAL-STAND-001,WS-FINAL-ASM,,SEG-ALT-WIP-PSC-SKU-BIKE-MT-001-20260713-MT-OP-050-01,2026-08-07T09:38,2026-08-07T15:14,,,,RISK_ONLY_NO_DATED_DOWNTIME,False,False,False,HIGH,MAINTENANCE_RISK_REVIEW,False,Maintenance risk is review-only without dated downtime; no horizon-wide production block applied.,True,True
PHASE4-MPS-20260721170405,ALT-WIP,M-FINAL-STAND-001,WS-FINAL-ASM,,SEG-ALT-WIP-PSC-SKU-BIKE-MT-001-20260713-MT-OP-050-02,2026-08-10T08:00,2026-08-10T15:14,,,,RISK_ONLY_NO_DATED_DOWNTIME,False,False,False,HIGH,MAINTENANCE_RISK_REVIEW,False,Maintenance risk is review-only without dated downtime; no horizon-wide production block applied.,True,True
PHASE4-MPS-20260721170405,ALT-WIP,M-FINAL-STAND-001,WS-FINAL-ASM,,SEG-ALT-WIP-PSC-SKU-BIKE-MT-001-20260713-MT-OP-050-03,2026-08-11T08:00,2026-08-11T15:14,,,,RISK_ONLY_NO_DATED_DOWNTIME,False,False,False,HIGH,MAINTENANCE_RISK_REVIEW,False,Maintenance risk is review-only without dated downtime; no horizon-wide production block applied.,True,True
PHASE4-MPS-20260721170405,ALT-WIP,M-FINAL-STAND-001,WS-FINAL-ASM,,SEG-ALT-WIP-PSC-SKU-BIKE-MT-001-20260713-MT-OP-050-04,2026-08-12T08:00,2026-08-12T15:14,,,,RISK_ONLY_NO_DATED_DOWNTIME,False,False,False,HIGH,MAINTENANCE_RISK_REVIEW,False,Maintenance risk is review-only without dated downtime; no horizon-wide production block applied.,True,True
PHASE4-MPS-20260721170405,ALT-WIP,M-FINAL-STAND-001,WS-FINAL-ASM,,SEG-ALT-WIP-PSC-SKU-BIKE-MT-001-20260713-MT-OP-050-05,2026-08-13T08:00,2026-08-13T15:14,,,,RISK_ONLY_NO_DATED_DOWNTIME,False,False,False,HIGH,MAINTENANCE_RISK_REVIEW,False,Maintenance risk is review-only without dated downtime; no horizon-wide production block applied.,True,True
PHASE4-MPS-20260721170405,ALT-WIP,M-FINAL-STAND-001,WS-FINAL-ASM,,SEG-ALT-WIP-PSC-SKU-BIKE-MT-001-20260713-MT-OP-050-06,2026-08-14T08:00,2026-08-14T11:56,,,,RISK_ONLY_NO_DATED_DOWNTIME,False,False,False,HIGH,MAINTENANCE_RISK_REVIEW,False,Maintenance risk is review-only without dated downtime; no horizon-wide production block applied.,True,True
PHASE4-MPS-20260721170405,ALT-WIP,M-QC-TOOLS-001,WS-QC,,SEG-ALT-WIP-PSC-SKU-BIKE-MT-001-20260713-MT-OP-060-01,2026-08-14T11:56,2026-08-14T15:14,,,,RISK_ONLY_NO_DATED_DOWNTIME,False,False,False,HIGH,MAINTENANCE_RISK_REVIEW,False,Maintenance risk is review-only without dated downtime; no horizon-wide production block applied.,True,True
PHASE4-MPS-20260721170405,ALT-WIP,M-QC-TOOLS-001,WS-QC,,SEG-ALT-WIP-PSC-SKU-BIKE-MT-001-20260713-MT-OP-060-02,2026-08-17T08:00,2026-08-17T15:14,,,,RISK_ONLY_NO_DATED_DOWNTIME,False,False,False,HIGH,MAINTENANCE_RISK_REVIEW,False,Maintenance risk is review-only without dated downtime; no horizon-wide production block applied.,True,True
PHASE4-MPS-20260721170405,ALT-WIP,M-QC-TOOLS-001,WS-QC,,SEG-ALT-WIP-PSC-SKU-BIKE-MT-001-20260713-MT-OP-060-03,2026-08-18T08:00,2026-08-18T15:14,,,,RISK_ONLY_NO_DATED_DOWNTIME,False,False,False,HIGH,MAINTENANCE_RISK_REVIEW,False,Maintenance risk is review-only without dated downtime; no horizon-wide production block applied.,True,True
PHASE4-MPS-20260721170405,ALT-WIP,M-QC-TOOLS-001,WS-QC,,SEG-ALT-WIP-PSC-SKU-BIKE-MT-001-20260713-MT-OP-060-04,2026-08-19T08:00,2026-08-19T12:59,,,,RISK_ONLY_NO_DATED_DOWNTIME,False,False,False,HIGH,MAINTENANCE_RISK_REVIEW,False,Maintenance risk is review-only without dated downtime; no horizon-wide production block applied.,True,True
PHASE4-MPS-20260721170405,ALT-WIP,M-PACK-BENCH-001,WS-PACK,,SEG-ALT-WIP-PSC-SKU-BIKE-MT-001-20260713-MT-OP-070-01,2026-08-19T12:59,2026-08-19T15:14,,,,RISK_ONLY_NO_DATED_DOWNTIME,False,False,False,HIGH,MAINTENANCE_RISK_REVIEW,False,Maintenance risk is review-only without dated downtime; no horizon-wide production block applied.,True,True
PHASE4-MPS-20260721170405,ALT-WIP,M-PACK-BENCH-001,WS-PACK,,SEG-ALT-WIP-PSC-SKU-BIKE-MT-001-20260713-MT-OP-070-02,2026-08-20T08:00,2026-08-20T15:15,,,,RISK_ONLY_NO_DATED_DOWNTIME,False,False,False,HIGH,MAINTENANCE_RISK_REVIEW,False,Maintenance risk is review-only without dated downtime; no horizon-wide production block applied.,True,True
PHASE4-MPS-20260721170405,ALT-WIP,M-PACK-BENCH-001,WS-PACK,,SEG-ALT-WIP-PSC-SKU-BIKE-MT-001-20260713-MT-OP-070-03,2026-08-21T08:00,2026-08-21T15:15,,,,RISK_ONLY_NO_DATED_DOWNTIME,False,False,False,HIGH,MAINTENANCE_RISK_REVIEW,False,Maintenance risk is review-only without dated downtime; no horizon-wide production block applied.,True,True
PHASE4-MPS-20260721170405,ALT-WIP,M-PACK-BENCH-001,WS-PACK,,SEG-ALT-WIP-PSC-SKU-BIKE-MT-001-20260713-MT-OP-070-04,2026-08-24T08:00,2026-08-24T08:27,,,,RISK_ONLY_NO_DATED_DOWNTIME,False,False,False,HIGH,MAINTENANCE_RISK_REVIEW,False,Maintenance risk is review-only without dated downtime; no horizon-wide production block applied.,True,True
PHASE4-MPS-20260721170405,ALT-WIP,M-FRAME-JIG-001,WS-FRAME-PREP,,SEG-ALT-WIP-PSC-SKU-BIKE-ROAD-001-20260713-ROAD-OP-010-01,2026-07-13T08:00,2026-07-13T15:15,,,,RISK_ONLY_NO_DATED_DOWNTIME,False,False,False,HIGH,MAINTENANCE_RISK_REVIEW,False,Maintenance risk is review-only without dated downtime; no horizon-wide production block applied.,True,True
PHASE4-MPS-20260721170405,ALT-WIP,M-FRAME-JIG-001,WS-FRAME-PREP,,SEG-ALT-WIP-PSC-SKU-BIKE-ROAD-001-20260713-ROAD-OP-010-02,2026-07-14T08:00,2026-07-14T15:15,,,,RISK_ONLY_NO_DATED_DOWNTIME,False,False,False,HIGH,MAINTENANCE_RISK_REVIEW,False,Maintenance risk is review-only without dated downtime; no horizon-wide production block applied.,True,True
PHASE4-MPS-20260721170405,ALT-WIP,M-FRAME-JIG-001,WS-FRAME-PREP,,SEG-ALT-WIP-PSC-SKU-BIKE-ROAD-001-20260713-ROAD-OP-010-03,2026-07-15T08:00,2026-07-15T15:15,,,,RISK_ONLY_NO_DATED_DOWNTIME,False,False,False,HIGH,MAINTENANCE_RISK_REVIEW,False,Maintenance risk is review-only without dated downtime; no horizon-wide production block applied.,True,True
PHASE4-MPS-20260721170405,ALT-WIP,M-FRAME-JIG-001,WS-FRAME-PREP,,SEG-ALT-WIP-PSC-SKU-BIKE-ROAD-001-20260713-ROAD-OP-010-04,2026-07-16T08:00,2026-07-16T15:15,,,,RISK_ONLY_NO_DATED_DOWNTIME,False,False,False,HIGH,MAINTENANCE_RISK_REVIEW,False,Maintenance risk is review-only without dated downtime; no horizon-wide production block applied.,True,True
PHASE4-MPS-20260721170405,ALT-WIP,M-FRAME-JIG-001,WS-FRAME-PREP,,SEG-ALT-WIP-PSC-SKU-BIKE-ROAD-001-20260713-ROAD-OP-010-05,2026-07-17T08:00,2026-07-17T10:15,,,,RISK_ONLY_NO_DATED_DOWNTIME,False,False,False,HIGH,MAINTENANCE_RISK_REVIEW,False,Maintenance risk is review-only without dated downtime; no horizon-wide production block applied.,True,True
PHASE4-MPS-20260721170405,ALT-WIP,M-WHEEL-TRUE-001,WS-WHEEL-SUB,,SEG-ALT-WIP-PSC-SKU-BIKE-ROAD-001-20260713-ROAD-OP-020-01,2026-07-31T10:47,2026-07-31T15:14,,,,RISK_ONLY_NO_DATED_DOWNTIME,False,False,False,HIGH,MAINTENANCE_RISK_REVIEW,False,Maintenance risk is review-only without dated downtime; no horizon-wide production block applied.,True,True
PHASE4-MPS-20260721170405,ALT-WIP,M-WHEEL-TRUE-001,WS-WHEEL-SUB,,SEG-ALT-WIP-PSC-SKU-BIKE-ROAD-001-20260713-ROAD-OP-020-02,2026-08-03T08:00,2026-08-03T15:15,,,,RISK_ONLY_NO_DATED_DOWNTIME,False,False,False,HIGH,MAINTENANCE_RISK_REVIEW,False,Maintenance risk is review-only without dated downtime; no horizon-wide production block applied.,True,True
PHASE4-MPS-20260721170405,ALT-WIP,M-WHEEL-TRUE-001,WS-WHEEL-SUB,,SEG-ALT-WIP-PSC-SKU-BIKE-ROAD-001-20260713-ROAD-OP-020-03,2026-08-04T08:00,2026-08-04T15:15,,,,RISK_ONLY_NO_DATED_DOWNTIME,False,False,False,HIGH,MAINTENANCE_RISK_REVIEW,False,Maintenance risk is review-only without dated downtime; no horizon-wide production block applied.,True,True
PHASE4-MPS-20260721170405,ALT-WIP,M-WHEEL-TRUE-001,WS-WHEEL-SUB,,SEG-ALT-WIP-PSC-SKU-BIKE-ROAD-001-20260713-ROAD-OP-020-04,2026-08-05T08:00,2026-08-05T11:36,,,,RISK_ONLY_NO_DATED_DOWNTIME,False,False,False,HIGH,MAINTENANCE_RISK_REVIEW,False,Maintenance risk is review-only without dated downtime; no horizon-wide production block applied.,True,True
PHASE4-MPS-20260721170405,ALT-WIP,M-BRAKE-BENCH-001,WS-BRAKE-SUB,,SEG-ALT-WIP-PSC-SKU-BIKE-ROAD-001-20260713-ROAD-OP-030-01,2026-07-31T10:47,2026-07-31T15:14,,,,RISK_ONLY_NO_DATED_DOWNTIME,False,False,False,HIGH,MAINTENANCE_RISK_REVIEW,False,Maintenance risk is review-only without dated downtime; no horizon-wide production block applied.,True,True
PHASE4-MPS-20260721170405,ALT-WIP,M-BRAKE-BENCH-001,WS-BRAKE-SUB,,SEG-ALT-WIP-PSC-SKU-BIKE-ROAD-001-20260713-ROAD-OP-030-02,2026-08-03T08:00,2026-08-03T15:14,,,,RISK_ONLY_NO_DATED_DOWNTIME,False,False,False,HIGH,MAINTENANCE_RISK_REVIEW,False,Maintenance risk is review-only without dated downtime; no horizon-wide production block applied.,True,True
PHASE4-MPS-20260721170405,ALT-WIP,M-BRAKE-BENCH-001,WS-BRAKE-SUB,,SEG-ALT-WIP-PSC-SKU-BIKE-ROAD-001-20260713-ROAD-OP-030-03,2026-08-04T08:00,2026-08-04T13:35,,,,RISK_ONLY_NO_DATED_DOWNTIME,False,False,False,HIGH,MAINTENANCE_RISK_REVIEW,False,Maintenance risk is review-only without dated downtime; no horizon-wide production block applied.,True,True
PHASE4-MPS-20260721170405,ALT-WIP,M-FINAL-STAND-001,WS-FINAL-ASM,,SEG-ALT-WIP-PSC-SKU-BIKE-ROAD-001-20260713-ROAD-OP-040-01,2026-08-14T11:56,2026-08-14T15:14,,,,RISK_ONLY_NO_DATED_DOWNTIME,False,False,False,HIGH,MAINTENANCE_RISK_REVIEW,False,Maintenance risk is review-only without dated downtime; no horizon-wide production block applied.,True,True
PHASE4-MPS-20260721170405,ALT-WIP,M-FINAL-STAND-001,WS-FINAL-ASM,,SEG-ALT-WIP-PSC-SKU-BIKE-ROAD-001-20260713-ROAD-OP-040-02,2026-08-17T08:00,2026-08-17T15:15,,,,RISK_ONLY_NO_DATED_DOWNTIME,False,False,False,HIGH,MAINTENANCE_RISK_REVIEW,False,Maintenance risk is review-only without dated downtime; no horizon-wide production block applied.,True,True
PHASE4-MPS-20260721170405,ALT-WIP,M-FINAL-STAND-001,WS-FINAL-ASM,,SEG-ALT-WIP-PSC-SKU-BIKE-ROAD-001-20260713-ROAD-OP-040-03,2026-08-18T08:00,2026-08-18T15:15,,,,RISK_ONLY_NO_DATED_DOWNTIME,False,False,False,HIGH,MAINTENANCE_RISK_REVIEW,False,Maintenance risk is review-only without dated downtime; no horizon-wide production block applied.,True,True
PHASE4-MPS-20260721170405,ALT-WIP,M-FINAL-STAND-001,WS-FINAL-ASM,,SEG-ALT-WIP-PSC-SKU-BIKE-ROAD-001-20260713-ROAD-OP-040-04,2026-08-19T08:00,2026-08-19T15:15,,,,RISK_ONLY_NO_DATED_DOWNTIME,False,False,False,HIGH,MAINTENANCE_RISK_REVIEW,False,Maintenance risk is review-only without dated downtime; no horizon-wide production block applied.,True,True
PHASE4-MPS-20260721170405,ALT-WIP,M-FINAL-STAND-001,WS-FINAL-ASM,,SEG-ALT-WIP-PSC-SKU-BIKE-ROAD-001-20260713-ROAD-OP-040-05,2026-08-20T08:00,2026-08-20T15:15,,,,RISK_ONLY_NO_DATED_DOWNTIME,False,False,False,HIGH,MAINTENANCE_RISK_REVIEW,False,Maintenance risk is review-only without dated downtime; no horizon-wide production block applied.,True,True
PHASE4-MPS-20260721170405,ALT-WIP,M-FINAL-STAND-001,WS-FINAL-ASM,,SEG-ALT-WIP-PSC-SKU-BIKE-ROAD-001-20260713-ROAD-OP-040-06,2026-08-21T08:00,2026-08-21T15:15,,,,RISK_ONLY_NO_DATED_DOWNTIME,False,False,False,HIGH,MAINTENANCE_RISK_REVIEW,False,Maintenance risk is review-only without dated downtime; no horizon-wide production block applied.,True,True
PHASE4-MPS-20260721170405,ALT-WIP,M-FINAL-STAND-001,WS-FINAL-ASM,,SEG-ALT-WIP-PSC-SKU-BIKE-ROAD-001-20260713-ROAD-OP-040-07,2026-08-24T08:00,2026-08-24T09:35,,,,RISK_ONLY_NO_DATED_DOWNTIME,False,False,False,HIGH,MAINTENANCE_RISK_REVIEW,False,Maintenance risk is review-only without dated downtime; no horizon-wide production block applied.,True,True
PHASE4-MPS-20260721170405,ALT-WIP,M-QC-TOOLS-001,WS-QC,,SEG-ALT-WIP-PSC-SKU-BIKE-ROAD-001-20260713-ROAD-OP-050-01,2026-08-24T09:35,2026-08-24T15:14,,,,RISK_ONLY_NO_DATED_DOWNTIME,False,False,False,HIGH,MAINTENANCE_RISK_REVIEW,False,Maintenance risk is review-only without dated downtime; no horizon-wide production block applied.,True,True
PHASE4-MPS-20260721170405,ALT-WIP,M-QC-TOOLS-001,WS-QC,,SEG-ALT-WIP-PSC-SKU-BIKE-ROAD-001-20260713-ROAD-OP-050-02,2026-08-25T08:00,2026-08-25T15:14,,,,RISK_ONLY_NO_DATED_DOWNTIME,False,False,False,HIGH,MAINTENANCE_RISK_REVIEW,False,Maintenance risk is review-only without dated downtime; no horizon-wide production block applied.,True,True
PHASE4-MPS-20260721170405,ALT-WIP,M-QC-TOOLS-001,WS-QC,,SEG-ALT-WIP-PSC-SKU-BIKE-ROAD-001-20260713-ROAD-OP-050-03,2026-08-26T08:00,2026-08-26T13:47,,,,RISK_ONLY_NO_DATED_DOWNTIME,False,False,False,HIGH,MAINTENANCE_RISK_REVIEW,False,Maintenance risk is review-only without dated downtime; no horizon-wide production block applied.,True,True
PHASE4-MPS-20260721170405,ALT-WIP,M-PACK-BENCH-001,WS-PACK,,SEG-ALT-WIP-PSC-SKU-BIKE-ROAD-001-20260713-ROAD-OP-060-01,2026-08-26T13:47,2026-08-26T15:14,,,,RISK_ONLY_NO_DATED_DOWNTIME,False,False,False,HIGH,MAINTENANCE_RISK_REVIEW,False,Maintenance risk is review-only without dated downtime; no horizon-wide production block applied.,True,True
PHASE4-MPS-20260721170405,ALT-WIP,M-PACK-BENCH-001,WS-PACK,,SEG-ALT-WIP-PSC-SKU-BIKE-ROAD-001-20260713-ROAD-OP-060-02,2026-08-27T08:00,2026-08-27T15:14,,,,RISK_ONLY_NO_DATED_DOWNTIME,False,False,False,HIGH,MAINTENANCE_RISK_REVIEW,False,Maintenance risk is review-only without dated downtime; no horizon-wide production block applied.,True,True
PHASE4-MPS-20260721170405,ALT-WIP,M-PACK-BENCH-001,WS-PACK,,SEG-ALT-WIP-PSC-SKU-BIKE-ROAD-001-20260713-ROAD-OP-060-03,2026-08-28T08:00,2026-08-28T14:28,,,,RISK_ONLY_NO_DATED_DOWNTIME,False,False,False,HIGH,MAINTENANCE_RISK_REVIEW,False,Maintenance risk is review-only without dated downtime; no horizon-wide production block applied.,True,True
PHASE4-MPS-20260721170405,ALT-WIP,M-FRAME-JIG-001,WS-FRAME-PREP,,SEG-ALT-WIP-PSC-SKU-BIKE-MT-001-20260720-MT-OP-010-01,2026-07-20T08:00,2026-07-20T15:14,,,,RISK_ONLY_NO_DATED_DOWNTIME,False,False,False,HIGH,MAINTENANCE_RISK_REVIEW,False,Maintenance risk is review-only without dated downtime; no horizon-wide production block applied.,True,True
PHASE4-MPS-20260721170405,ALT-WIP,M-FRAME-JIG-001,WS-FRAME-PREP,,SEG-ALT-WIP-PSC-SKU-BIKE-MT-001-20260720-MT-OP-010-02,2026-07-21T08:00,2026-07-21T15:14,,,,RISK_ONLY_NO_DATED_DOWNTIME,False,False,False,HIGH,MAINTENANCE_RISK_REVIEW,False,Maintenance risk is review-only without dated downtime; no horizon-wide production block applied.,True,True
PHASE4-MPS-20260721170405,ALT-WIP,M-FRAME-JIG-001,WS-FRAME-PREP,,SEG-ALT-WIP-PSC-SKU-BIKE-MT-001-20260720-MT-OP-010-03,2026-07-22T08:00,2026-07-22T15:14,,,,RISK_ONLY_NO_DATED_DOWNTIME,False,False,False,HIGH,MAINTENANCE_RISK_REVIEW,False,Maintenance risk is review-only without dated downtime; no horizon-wide production block applied.,True,True
PHASE4-MPS-20260721170405,ALT-WIP,M-FRAME-JIG-001,WS-FRAME-PREP,,SEG-ALT-WIP-PSC-SKU-BIKE-MT-001-20260720-MT-OP-010-04,2026-07-23T08:00,2026-07-23T14:22,,,,RISK_ONLY_NO_DATED_DOWNTIME,False,False,False,HIGH,MAINTENANCE_RISK_REVIEW,False,Maintenance risk is review-only without dated downtime; no horizon-wide production block applied.,True,True
PHASE4-MPS-20260721170405,ALT-WIP,M-FORK-BENCH-001,WS-FORK-SUSP,,SEG-ALT-WIP-PSC-SKU-BIKE-MT-001-20260720-MT-OP-020-01,2026-08-07T09:38,2026-08-07T15:14,,,,RISK_ONLY_NO_DATED_DOWNTIME,False,False,False,HIGH,MAINTENANCE_RISK_REVIEW,False,Maintenance risk is review-only without dated downtime; no horizon-wide production block applied.,True,True
PHASE4-MPS-20260721170405,ALT-WIP,M-FORK-BENCH-001,WS-FORK-SUSP,,SEG-ALT-WIP-PSC-SKU-BIKE-MT-001-20260720-MT-OP-020-02,2026-08-10T08:00,2026-08-10T15:15,,,,RISK_ONLY_NO_DATED_DOWNTIME,False,False,False,HIGH,MAINTENANCE_RISK_REVIEW,False,Maintenance risk is review-only without dated downtime; no horizon-wide production block applied.,True,True
PHASE4-MPS-20260721170405,ALT-WIP,M-FORK-BENCH-001,WS-FORK-SUSP,,SEG-ALT-WIP-PSC-SKU-BIKE-MT-001-20260720-MT-OP-020-03,2026-08-11T08:00,2026-08-11T15:15,,,,RISK_ONLY_NO_DATED_DOWNTIME,False,False,False,HIGH,MAINTENANCE_RISK_REVIEW,False,Maintenance risk is review-only without dated downtime; no horizon-wide production block applied.,True,True
PHASE4-MPS-20260721170405,ALT-WIP,M-FORK-BENCH-001,WS-FORK-SUSP,,SEG-ALT-WIP-PSC-SKU-BIKE-MT-001-20260720-MT-OP-020-04,2026-08-12T08:00,2026-08-12T15:15,,,,RISK_ONLY_NO_DATED_DOWNTIME,False,False,False,HIGH,MAINTENANCE_RISK_REVIEW,False,Maintenance risk is review-only without dated downtime; no horizon-wide production block applied.,True,True
PHASE4-MPS-20260721170405,ALT-WIP,M-FORK-BENCH-001,WS-FORK-SUSP,,SEG-ALT-WIP-PSC-SKU-BIKE-MT-001-20260720-MT-OP-020-05,2026-08-13T08:00,2026-08-13T14:46,,,,RISK_ONLY_NO_DATED_DOWNTIME,False,False,False,HIGH,MAINTENANCE_RISK_REVIEW,False,Maintenance risk is review-only without dated downtime; no horizon-wide production block applied.,True,True
PHASE4-MPS-20260721170405,ALT-WIP,M-WHEEL-TRUE-001,WS-WHEEL-SUB,,SEG-ALT-WIP-PSC-SKU-BIKE-MT-001-20260720-MT-OP-030-01,2026-08-07T09:38,2026-08-07T15:14,,,,RISK_ONLY_NO_DATED_DOWNTIME,False,False,False,HIGH,MAINTENANCE_RISK_REVIEW,False,Maintenance risk is review-only without dated downtime; no horizon-wide production block applied.,True,True
PHASE4-MPS-20260721170405,ALT-WIP,M-WHEEL-TRUE-001,WS-WHEEL-SUB,,SEG-ALT-WIP-PSC-SKU-BIKE-MT-001-20260720-MT-OP-030-02,2026-08-10T08:00,2026-08-10T15:14,,,,RISK_ONLY_NO_DATED_DOWNTIME,False,False,False,HIGH,MAINTENANCE_RISK_REVIEW,False,Maintenance risk is review-only without dated downtime; no horizon-wide production block applied.,True,True
PHASE4-MPS-20260721170405,ALT-WIP,M-WHEEL-TRUE-001,WS-WHEEL-SUB,,SEG-ALT-WIP-PSC-SKU-BIKE-MT-001-20260720-MT-OP-030-03,2026-08-11T08:00,2026-08-11T15:14,,,,RISK_ONLY_NO_DATED_DOWNTIME,False,False,False,HIGH,MAINTENANCE_RISK_REVIEW,False,Maintenance risk is review-only without dated downtime; no horizon-wide production block applied.,True,True
PHASE4-MPS-20260721170405,ALT-WIP,M-WHEEL-TRUE-001,WS-WHEEL-SUB,,SEG-ALT-WIP-PSC-SKU-BIKE-MT-001-20260720-MT-OP-030-04,2026-08-12T08:00,2026-08-12T11:38,,,,RISK_ONLY_NO_DATED_DOWNTIME,False,False,False,HIGH,MAINTENANCE_RISK_REVIEW,False,Maintenance risk is review-only without dated downtime; no horizon-wide production block applied.,True,True
PHASE4-MPS-20260721170405,ALT-WIP,M-BRAKE-BENCH-001,WS-BRAKE-SUB,,SEG-ALT-WIP-PSC-SKU-BIKE-MT-001-20260720-MT-OP-040-01,2026-08-07T09:38,2026-08-07T15:14,,,,RISK_ONLY_NO_DATED_DOWNTIME,False,False,False,HIGH,MAINTENANCE_RISK_REVIEW,False,Maintenance risk is review-only without dated downtime; no horizon-wide production block applied.,True,True
PHASE4-MPS-20260721170405,ALT-WIP,M-BRAKE-BENCH-001,WS-BRAKE-SUB,,SEG-ALT-WIP-PSC-SKU-BIKE-MT-001-20260720-MT-OP-040-02,2026-08-10T08:00,2026-08-10T15:14,,,,RISK_ONLY_NO_DATED_DOWNTIME,False,False,False,HIGH,MAINTENANCE_RISK_REVIEW,False,Maintenance risk is review-only without dated downtime; no horizon-wide production block applied.,True,True
PHASE4-MPS-20260721170405,ALT-WIP,M-BRAKE-BENCH-001,WS-BRAKE-SUB,,SEG-ALT-WIP-PSC-SKU-BIKE-MT-001-20260720-MT-OP-040-03,2026-08-11T08:00,2026-08-11T13:10,,,,RISK_ONLY_NO_DATED_DOWNTIME,False,False,False,HIGH,MAINTENANCE_RISK_REVIEW,False,Maintenance risk is review-only without dated downtime; no horizon-wide production block applied.,True,True
PHASE4-MPS-20260721170405,ALT-WIP,M-FINAL-STAND-001,WS-FINAL-ASM,,SEG-ALT-WIP-PSC-SKU-BIKE-MT-001-20260720-MT-OP-050-01,2026-08-24T09:35,2026-08-24T15:14,,,,RISK_ONLY_NO_DATED_DOWNTIME,False,False,False,HIGH,MAINTENANCE_RISK_REVIEW,False,Maintenance risk is review-only without dated downtime; no horizon-wide production block applied.,True,True
PHASE4-MPS-20260721170405,ALT-WIP,M-FINAL-STAND-001,WS-FINAL-ASM,,SEG-ALT-WIP-PSC-SKU-BIKE-MT-001-20260720-MT-OP-050-02,2026-08-25T08:00,2026-08-25T15:14,,,,RISK_ONLY_NO_DATED_DOWNTIME,False,False,False,HIGH,MAINTENANCE_RISK_REVIEW,False,Maintenance risk is review-only without dated downtime; no horizon-wide production block applied.,True,True
PHASE4-MPS-20260721170405,ALT-WIP,M-FINAL-STAND-001,WS-FINAL-ASM,,SEG-ALT-WIP-PSC-SKU-BIKE-MT-001-20260720-MT-OP-050-03,2026-08-26T08:00,2026-08-26T15:14,,,,RISK_ONLY_NO_DATED_DOWNTIME,False,False,False,HIGH,MAINTENANCE_RISK_REVIEW,False,Maintenance risk is review-only without dated downtime; no horizon-wide production block applied.,True,True
PHASE4-MPS-20260721170405,ALT-WIP,M-FINAL-STAND-001,WS-FINAL-ASM,,SEG-ALT-WIP-PSC-SKU-BIKE-MT-001-20260720-MT-OP-050-04,2026-08-27T08:00,2026-08-27T15:14,,,,RISK_ONLY_NO_DATED_DOWNTIME,False,False,False,HIGH,MAINTENANCE_RISK_REVIEW,False,Maintenance risk is review-only without dated downtime; no horizon-wide production block applied.,True,True
PHASE4-MPS-20260721170405,ALT-WIP,M-FINAL-STAND-001,WS-FINAL-ASM,,SEG-ALT-WIP-PSC-SKU-BIKE-MT-001-20260720-MT-OP-050-05,2026-08-28T08:00,2026-08-28T15:14,,,,RISK_ONLY_NO_DATED_DOWNTIME,False,False,False,HIGH,MAINTENANCE_RISK_REVIEW,False,Maintenance risk is review-only without dated downtime; no horizon-wide production block applied.,True,True
PHASE4-MPS-20260721170405,ALT-WIP,M-FINAL-STAND-001,WS-FINAL-ASM,,SEG-ALT-WIP-PSC-SKU-BIKE-MT-001-20260720-MT-OP-050-06,2026-08-31T08:00,2026-08-31T15:14,,,,RISK_ONLY_NO_DATED_DOWNTIME,False,False,False,HIGH,MAINTENANCE_RISK_REVIEW,False,Maintenance risk is review-only without dated downtime; no horizon-wide production block applied.,True,True
PHASE4-MPS-20260721170405,ALT-WIP,M-FINAL-STAND-001,WS-FINAL-ASM,,SEG-ALT-WIP-PSC-SKU-BIKE-MT-001-20260720-MT-OP-050-07,2026-09-01T08:00,2026-09-01T15:14,,,,RISK_ONLY_NO_DATED_DOWNTIME,False,False,False,HIGH,MAINTENANCE_RISK_REVIEW,False,Maintenance risk is review-only without dated downtime; no horizon-wide production block applied.,True,True
PHASE4-MPS-20260721170405,ALT-WIP,M-FINAL-STAND-001,WS-FINAL-ASM,,SEG-ALT-WIP-PSC-SKU-BIKE-MT-001-20260720-MT-OP-050-08,2026-09-02T08:00,2026-09-02T13:44,,,,RISK_ONLY_NO_DATED_DOWNTIME,False,False,False,HIGH,MAINTENANCE_RISK_REVIEW,False,Maintenance risk is review-only without dated downtime; no horizon-wide production block applied.,True,True
PHASE4-MPS-20260721170405,ALT-WIP,M-QC-TOOLS-001,WS-QC,,SEG-ALT-WIP-PSC-SKU-BIKE-MT-001-20260720-MT-OP-060-01,2026-09-02T13:44,2026-09-02T15:14,,,,RISK_ONLY_NO_DATED_DOWNTIME,False,False,False,HIGH,MAINTENANCE_RISK_REVIEW,False,Maintenance risk is review-only without dated downtime; no horizon-wide production block applied.,True,True
PHASE4-MPS-20260721170405,ALT-WIP,M-QC-TOOLS-001,WS-QC,,SEG-ALT-WIP-PSC-SKU-BIKE-MT-001-20260720-MT-OP-060-02,2026-09-03T08:00,2026-09-03T15:14,,,,RISK_ONLY_NO_DATED_DOWNTIME,False,False,False,HIGH,MAINTENANCE_RISK_REVIEW,False,Maintenance risk is review-only without dated downtime; no horizon-wide production block applied.,True,True
PHASE4-MPS-20260721170405,ALT-WIP,M-QC-TOOLS-001,WS-QC,,SEG-ALT-WIP-PSC-SKU-BIKE-MT-001-20260720-MT-OP-060-03,2026-09-04T08:00,2026-09-04T15:14,,,,RISK_ONLY_NO_DATED_DOWNTIME,False,False,False,HIGH,MAINTENANCE_RISK_REVIEW,False,Maintenance risk is review-only without dated downtime; no horizon-wide production block applied.,True,True
PHASE4-MPS-20260721170405,ALT-WIP,M-QC-TOOLS-001,WS-QC,,SEG-ALT-WIP-PSC-SKU-BIKE-MT-001-20260720-MT-OP-060-04,2026-09-07T08:00,2026-09-07T14:47,,,,RISK_ONLY_NO_DATED_DOWNTIME,False,False,False,HIGH,MAINTENANCE_RISK_REVIEW,False,Maintenance risk is review-only without dated downtime; no horizon-wide production block applied.,True,True
PHASE4-MPS-20260721170405,ALT-WIP,M-PACK-BENCH-001,WS-PACK,,SEG-ALT-WIP-PSC-SKU-BIKE-MT-001-20260720-MT-OP-070-01,2026-09-07T14:47,2026-09-07T15:14,,,,RISK_ONLY_NO_DATED_DOWNTIME,False,False,False,HIGH,MAINTENANCE_RISK_REVIEW,False,Maintenance risk is review-only without dated downtime; no horizon-wide production block applied.,True,True
PHASE4-MPS-20260721170405,ALT-WIP,M-PACK-BENCH-001,WS-PACK,,SEG-ALT-WIP-PSC-SKU-BIKE-MT-001-20260720-MT-OP-070-02,2026-09-08T08:00,2026-09-08T15:15,,,,RISK_ONLY_NO_DATED_DOWNTIME,False,False,False,HIGH,MAINTENANCE_RISK_REVIEW,False,Maintenance risk is review-only without dated downtime; no horizon-wide production block applied.,True,True
PHASE4-MPS-20260721170405,ALT-WIP,M-PACK-BENCH-001,WS-PACK,,SEG-ALT-WIP-PSC-SKU-BIKE-MT-001-20260720-MT-OP-070-03,2026-09-09T08:00,2026-09-09T15:15,,,,RISK_ONLY_NO_DATED_DOWNTIME,False,False,False,HIGH,MAINTENANCE_RISK_REVIEW,False,Maintenance risk is review-only without dated downtime; no horizon-wide production block applied.,True,True
PHASE4-MPS-20260721170405,ALT-WIP,M-PACK-BENCH-001,WS-PACK,,SEG-ALT-WIP-PSC-SKU-BIKE-MT-001-20260720-MT-OP-070-04,2026-09-10T08:00,2026-09-10T10:15,,,,RISK_ONLY_NO_DATED_DOWNTIME,False,False,False,HIGH,MAINTENANCE_RISK_REVIEW,False,Maintenance risk is review-only without dated downtime; no horizon-wide production block applied.,True,True
PHASE4-MPS-20260721170405,ALT-WIP,M-FRAME-JIG-001,WS-FRAME-PREP,,SEG-ALT-WIP-PSC-SKU-BIKE-ROAD-001-20260720-ROAD-OP-010-01,2026-07-31T10:47,2026-07-31T15:14,,,,RISK_ONLY_NO_DATED_DOWNTIME,False,False,False,HIGH,MAINTENANCE_RISK_REVIEW,False,Maintenance risk is review-only without dated downtime; no horizon-wide production block applied.,True,True
PHASE4-MPS-20260721170405,ALT-WIP,M-FRAME-JIG-001,WS-FRAME-PREP,,SEG-ALT-WIP-PSC-SKU-BIKE-ROAD-001-20260720-ROAD-OP-010-02,2026-08-03T08:00,2026-08-03T15:15,,,,RISK_ONLY_NO_DATED_DOWNTIME,False,False,False,HIGH,MAINTENANCE_RISK_REVIEW,False,Maintenance risk is review-only without dated downtime; no horizon-wide production block applied.,True,True
PHASE4-MPS-20260721170405,ALT-WIP,M-FRAME-JIG-001,WS-FRAME-PREP,,SEG-ALT-WIP-PSC-SKU-BIKE-ROAD-001-20260720-ROAD-OP-010-03,2026-08-04T08:00,2026-08-04T14:23,,,,RISK_ONLY_NO_DATED_DOWNTIME,False,False,False,HIGH,MAINTENANCE_RISK_REVIEW,False,Maintenance risk is review-only without dated downtime; no horizon-wide production block applied.,True,True
PHASE4-MPS-20260721170405,ALT-WIP,M-WHEEL-TRUE-001,WS-WHEEL-SUB,,SEG-ALT-WIP-PSC-SKU-BIKE-ROAD-001-20260720-ROAD-OP-020-01,2026-08-14T11:56,2026-08-14T15:14,,,,RISK_ONLY_NO_DATED_DOWNTIME,False,False,False,HIGH,MAINTENANCE_RISK_REVIEW,False,Maintenance risk is review-only without dated downtime; no horizon-wide production block applied.,True,True
PHASE4-MPS-20260721170405,ALT-WIP,M-WHEEL-TRUE-001,WS-WHEEL-SUB,,SEG-ALT-WIP-PSC-SKU-BIKE-ROAD-001-20260720-ROAD-OP-020-02,2026-08-17T08:00,2026-08-17T15:15,,,,RISK_ONLY_NO_DATED_DOWNTIME,False,False,False,HIGH,MAINTENANCE_RISK_REVIEW,False,Maintenance risk is review-only without dated downtime; no horizon-wide production block applied.,True,True
PHASE4-MPS-20260721170405,ALT-WIP,M-WHEEL-TRUE-001,WS-WHEEL-SUB,,SEG-ALT-WIP-PSC-SKU-BIKE-ROAD-001-20260720-ROAD-OP-020-03,2026-08-18T08:00,2026-08-18T15:15,,,,RISK_ONLY_NO_DATED_DOWNTIME,False,False,False,HIGH,MAINTENANCE_RISK_REVIEW,False,Maintenance risk is review-only without dated downtime; no horizon-wide production block applied.,True,True
PHASE4-MPS-20260721170405,ALT-WIP,M-WHEEL-TRUE-001,WS-WHEEL-SUB,,SEG-ALT-WIP-PSC-SKU-BIKE-ROAD-001-20260720-ROAD-OP-020-04,2026-08-19T08:00,2026-08-19T15:15,,,,RISK_ONLY_NO_DATED_DOWNTIME,False,False,False,HIGH,MAINTENANCE_RISK_REVIEW,False,Maintenance risk is review-only without dated downtime; no horizon-wide production block applied.,True,True
PHASE4-MPS-20260721170405,ALT-WIP,M-WHEEL-TRUE-001,WS-WHEEL-SUB,,SEG-ALT-WIP-PSC-SKU-BIKE-ROAD-001-20260720-ROAD-OP-020-05,2026-08-20T08:00,2026-08-20T09:24,,,,RISK_ONLY_NO_DATED_DOWNTIME,False,False,False,HIGH,MAINTENANCE_RISK_REVIEW,False,Maintenance risk is review-only without dated downtime; no horizon-wide production block applied.,True,True
PHASE4-MPS-20260721170405,ALT-WIP,M-BRAKE-BENCH-001,WS-BRAKE-SUB,,SEG-ALT-WIP-PSC-SKU-BIKE-ROAD-001-20260720-ROAD-OP-030-01,2026-08-14T11:56,2026-08-14T15:14,,,,RISK_ONLY_NO_DATED_DOWNTIME,False,False,False,HIGH,MAINTENANCE_RISK_REVIEW,False,Maintenance risk is review-only without dated downtime; no horizon-wide production block applied.,True,True
PHASE4-MPS-20260721170405,ALT-WIP,M-BRAKE-BENCH-001,WS-BRAKE-SUB,,SEG-ALT-WIP-PSC-SKU-BIKE-ROAD-001-20260720-ROAD-OP-030-02,2026-08-17T08:00,2026-08-17T15:14,,,,RISK_ONLY_NO_DATED_DOWNTIME,False,False,False,HIGH,MAINTENANCE_RISK_REVIEW,False,Maintenance risk is review-only without dated downtime; no horizon-wide production block applied.,True,True
PHASE4-MPS-20260721170405,ALT-WIP,M-BRAKE-BENCH-001,WS-BRAKE-SUB,,SEG-ALT-WIP-PSC-SKU-BIKE-ROAD-001-20260720-ROAD-OP-030-03,2026-08-18T08:00,2026-08-18T15:14,,,,RISK_ONLY_NO_DATED_DOWNTIME,False,False,False,HIGH,MAINTENANCE_RISK_REVIEW,False,Maintenance risk is review-only without dated downtime; no horizon-wide production block applied.,True,True
PHASE4-MPS-20260721170405,ALT-WIP,M-BRAKE-BENCH-001,WS-BRAKE-SUB,,SEG-ALT-WIP-PSC-SKU-BIKE-ROAD-001-20260720-ROAD-OP-030-04,2026-08-19T08:00,2026-08-19T09:38,,,,RISK_ONLY_NO_DATED_DOWNTIME,False,False,False,HIGH,MAINTENANCE_RISK_REVIEW,False,Maintenance risk is review-only without dated downtime; no horizon-wide production block applied.,True,True
PHASE4-MPS-20260721170405,ALT-WIP,M-FINAL-STAND-001,WS-FINAL-ASM,,SEG-ALT-WIP-PSC-SKU-BIKE-ROAD-001-20260720-ROAD-OP-040-01,2026-09-02T13:44,2026-09-02T15:14,,,,RISK_ONLY_NO_DATED_DOWNTIME,False,False,False,HIGH,MAINTENANCE_RISK_REVIEW,False,Maintenance risk is review-only without dated downtime; no horizon-wide production block applied.,True,True
PHASE4-MPS-20260721170405,ALT-WIP,M-FINAL-STAND-001,WS-FINAL-ASM,,SEG-ALT-WIP-PSC-SKU-BIKE-ROAD-001-20260720-ROAD-OP-040-02,2026-09-03T08:00,2026-09-03T15:15,,,,RISK_ONLY_NO_DATED_DOWNTIME,False,False,False,HIGH,MAINTENANCE_RISK_REVIEW,False,Maintenance risk is review-only without dated downtime; no horizon-wide production block applied.,True,True
PHASE4-MPS-20260721170405,ALT-WIP,M-FINAL-STAND-001,WS-FINAL-ASM,,SEG-ALT-WIP-PSC-SKU-BIKE-ROAD-001-20260720-ROAD-OP-040-03,2026-09-04T08:00,2026-09-04T15:15,,,,RISK_ONLY_NO_DATED_DOWNTIME,False,False,False,HIGH,MAINTENANCE_RISK_REVIEW,False,Maintenance risk is review-only without dated downtime; no horizon-wide production block applied.,True,True
PHASE4-MPS-20260721170405,ALT-WIP,M-FINAL-STAND-001,WS-FINAL-ASM,,SEG-ALT-WIP-PSC-SKU-BIKE-ROAD-001-20260720-ROAD-OP-040-04,2026-09-07T08:00,2026-09-07T15:15,,,,RISK_ONLY_NO_DATED_DOWNTIME,False,False,False,HIGH,MAINTENANCE_RISK_REVIEW,False,Maintenance risk is review-only without dated downtime; no horizon-wide production block applied.,True,True
PHASE4-MPS-20260721170405,ALT-WIP,M-FINAL-STAND-001,WS-FINAL-ASM,,SEG-ALT-WIP-PSC-SKU-BIKE-ROAD-001-20260720-ROAD-OP-040-05,2026-09-08T08:00,2026-09-08T15:15,,,,RISK_ONLY_NO_DATED_DOWNTIME,False,False,False,HIGH,MAINTENANCE_RISK_REVIEW,False,Maintenance risk is review-only without dated downtime; no horizon-wide production block applied.,True,True
PHASE4-MPS-20260721170405,ALT-WIP,M-FINAL-STAND-001,WS-FINAL-ASM,,SEG-ALT-WIP-PSC-SKU-BIKE-ROAD-001-20260720-ROAD-OP-040-06,2026-09-09T08:00,2026-09-09T15:15,,,,RISK_ONLY_NO_DATED_DOWNTIME,False,False,False,HIGH,MAINTENANCE_RISK_REVIEW,False,Maintenance risk is review-only without dated downtime; no horizon-wide production block applied.,True,True
PHASE4-MPS-20260721170405,ALT-WIP,M-FINAL-STAND-001,WS-FINAL-ASM,,SEG-ALT-WIP-PSC-SKU-BIKE-ROAD-001-20260720-ROAD-OP-040-07,2026-09-10T08:00,2026-09-10T15:15,,,,RISK_ONLY_NO_DATED_DOWNTIME,False,False,False,HIGH,MAINTENANCE_RISK_REVIEW,False,Maintenance risk is review-only without dated downtime; no horizon-wide production block applied.,True,True
PHASE4-MPS-20260721170405,ALT-WIP,M-FINAL-STAND-001,WS-FINAL-ASM,,SEG-ALT-WIP-PSC-SKU-BIKE-ROAD-001-20260720-ROAD-OP-040-08,2026-09-11T08:00,2026-09-11T08:39,,,,RISK_ONLY_NO_DATED_DOWNTIME,False,False,False,HIGH,MAINTENANCE_RISK_REVIEW,False,Maintenance risk is review-only without dated downtime; no horizon-wide production block applied.,True,True
PHASE4-MPS-20260721170405,ALT-WIP,M-QC-TOOLS-001,WS-QC,,SEG-ALT-WIP-PSC-SKU-BIKE-ROAD-001-20260720-ROAD-OP-050-01,2026-09-11T08:39,2026-09-11T15:14,,,,RISK_ONLY_NO_DATED_DOWNTIME,False,False,False,HIGH,MAINTENANCE_RISK_REVIEW,False,Maintenance risk is review-only without dated downtime; no horizon-wide production block applied.,True,True
PHASE4-MPS-20260721170405,ALT-WIP,M-QC-TOOLS-001,WS-QC,,SEG-ALT-WIP-PSC-SKU-BIKE-ROAD-001-20260720-ROAD-OP-050-02,2026-09-14T08:00,2026-09-14T15:14,,,,RISK_ONLY_NO_DATED_DOWNTIME,False,False,False,HIGH,MAINTENANCE_RISK_REVIEW,False,Maintenance risk is review-only without dated downtime; no horizon-wide production block applied.,True,True
PHASE4-MPS-20260721170405,ALT-WIP,M-QC-TOOLS-001,WS-QC,,SEG-ALT-WIP-PSC-SKU-BIKE-ROAD-001-20260720-ROAD-OP-050-03,2026-09-15T08:00,2026-09-15T12:51,,,,RISK_ONLY_NO_DATED_DOWNTIME,False,False,False,HIGH,MAINTENANCE_RISK_REVIEW,False,Maintenance risk is review-only without dated downtime; no horizon-wide production block applied.,True,True
PHASE4-MPS-20260721170405,ALT-WIP,M-PACK-BENCH-001,WS-PACK,,SEG-ALT-WIP-PSC-SKU-BIKE-ROAD-001-20260720-ROAD-OP-060-01,2026-09-15T12:51,2026-09-15T15:14,,,,RISK_ONLY_NO_DATED_DOWNTIME,False,False,False,HIGH,MAINTENANCE_RISK_REVIEW,False,Maintenance risk is review-only without dated downtime; no horizon-wide production block applied.,True,True
PHASE4-MPS-20260721170405,ALT-WIP,M-PACK-BENCH-001,WS-PACK,,SEG-ALT-WIP-PSC-SKU-BIKE-ROAD-001-20260720-ROAD-OP-060-02,2026-09-16T08:00,2026-09-16T15:14,,,,RISK_ONLY_NO_DATED_DOWNTIME,False,False,False,HIGH,MAINTENANCE_RISK_REVIEW,False,Maintenance risk is review-only without dated downtime; no horizon-wide production block applied.,True,True
PHASE4-MPS-20260721170405,ALT-WIP,M-PACK-BENCH-001,WS-PACK,,SEG-ALT-WIP-PSC-SKU-BIKE-ROAD-001-20260720-ROAD-OP-060-03,2026-09-17T08:00,2026-09-17T13:32,,,,RISK_ONLY_NO_DATED_DOWNTIME,False,False,False,HIGH,MAINTENANCE_RISK_REVIEW,False,Maintenance risk is review-only without dated downtime; no horizon-wide production block applied.,True,True
PHASE4-MPS-20260721170405,ALT-WIP,M-FRAME-JIG-001,WS-FRAME-PREP,,SEG-ALT-WIP-PSC-SKU-BIKE-MT-001-20260727-MT-OP-010-01,2026-08-07T09:38,2026-08-07T15:14,,,,RISK_ONLY_NO_DATED_DOWNTIME,False,False,False,HIGH,MAINTENANCE_RISK_REVIEW,False,Maintenance risk is review-only without dated downtime; no horizon-wide production block applied.,True,True
PHASE4-MPS-20260721170405,ALT-WIP,M-FRAME-JIG-001,WS-FRAME-PREP,,SEG-ALT-WIP-PSC-SKU-BIKE-MT-001-20260727-MT-OP-010-02,2026-08-10T08:00,2026-08-10T15:14,,,,RISK_ONLY_NO_DATED_DOWNTIME,False,False,False,HIGH,MAINTENANCE_RISK_REVIEW,False,Maintenance risk is review-only without dated downtime; no horizon-wide production block applied.,True,True
PHASE4-MPS-20260721170405,ALT-WIP,M-FRAME-JIG-001,WS-FRAME-PREP,,SEG-ALT-WIP-PSC-SKU-BIKE-MT-001-20260727-MT-OP-010-03,2026-08-11T08:00,2026-08-11T14:34,,,,RISK_ONLY_NO_DATED_DOWNTIME,False,False,False,HIGH,MAINTENANCE_RISK_REVIEW,False,Maintenance risk is review-only without dated downtime; no horizon-wide production block applied.,True,True
PHASE4-MPS-20260721170405,ALT-WIP,M-FORK-BENCH-001,WS-FORK-SUSP,,SEG-ALT-WIP-PSC-SKU-BIKE-MT-001-20260727-MT-OP-020-01,2026-08-24T09:35,2026-08-24T15:14,,,,RISK_ONLY_NO_DATED_DOWNTIME,False,False,False,HIGH,MAINTENANCE_RISK_REVIEW,False,Maintenance risk is review-only without dated downtime; no horizon-wide production block applied.,True,True
PHASE4-MPS-20260721170405,ALT-WIP,M-FORK-BENCH-001,WS-FORK-SUSP,,SEG-ALT-WIP-PSC-SKU-BIKE-MT-001-20260727-MT-OP-020-02,2026-08-25T08:00,2026-08-25T15:15,,,,RISK_ONLY_NO_DATED_DOWNTIME,False,False,False,HIGH,MAINTENANCE_RISK_REVIEW,False,Maintenance risk is review-only without dated downtime; no horizon-wide production block applied.,True,True
PHASE4-MPS-20260721170405,ALT-WIP,M-FORK-BENCH-001,WS-FORK-SUSP,,SEG-ALT-WIP-PSC-SKU-BIKE-MT-001-20260727-MT-OP-020-03,2026-08-26T08:00,2026-08-26T15:15,,,,RISK_ONLY_NO_DATED_DOWNTIME,False,False,False,HIGH,MAINTENANCE_RISK_REVIEW,False,Maintenance risk is review-only without dated downtime; no horizon-wide production block applied.,True,True
PHASE4-MPS-20260721170405,ALT-WIP,M-FORK-BENCH-001,WS-FORK-SUSP,,SEG-ALT-WIP-PSC-SKU-BIKE-MT-001-20260727-MT-OP-020-04,2026-08-27T08:00,2026-08-27T11:19,,,,RISK_ONLY_NO_DATED_DOWNTIME,False,False,False,HIGH,MAINTENANCE_RISK_REVIEW,False,Maintenance risk is review-only without dated downtime; no horizon-wide production block applied.,True,True
PHASE4-MPS-20260721170405,ALT-WIP,M-WHEEL-TRUE-001,WS-WHEEL-SUB,,SEG-ALT-WIP-PSC-SKU-BIKE-MT-001-20260727-MT-OP-030-01,2026-08-24T09:35,2026-08-24T15:14,,,,RISK_ONLY_NO_DATED_DOWNTIME,False,False,False,HIGH,MAINTENANCE_RISK_REVIEW,False,Maintenance risk is review-only without dated downtime; no horizon-wide production block applied.,True,True
PHASE4-MPS-20260721170405,ALT-WIP,M-WHEEL-TRUE-001,WS-WHEEL-SUB,,SEG-ALT-WIP-PSC-SKU-BIKE-MT-001-20260727-MT-OP-030-02,2026-08-25T08:00,2026-08-25T15:14,,,,RISK_ONLY_NO_DATED_DOWNTIME,False,False,False,HIGH,MAINTENANCE_RISK_REVIEW,False,Maintenance risk is review-only without dated downtime; no horizon-wide production block applied.,True,True
PHASE4-MPS-20260721170405,ALT-WIP,M-WHEEL-TRUE-001,WS-WHEEL-SUB,,SEG-ALT-WIP-PSC-SKU-BIKE-MT-001-20260727-MT-OP-030-03,2026-08-26T08:00,2026-08-26T15:14,,,,RISK_ONLY_NO_DATED_DOWNTIME,False,False,False,HIGH,MAINTENANCE_RISK_REVIEW,False,Maintenance risk is review-only without dated downtime; no horizon-wide production block applied.,True,True
PHASE4-MPS-20260721170405,ALT-WIP,M-WHEEL-TRUE-001,WS-WHEEL-SUB,,SEG-ALT-WIP-PSC-SKU-BIKE-MT-001-20260727-MT-OP-030-04,2026-08-27T08:00,2026-08-27T15:14,,,,RISK_ONLY_NO_DATED_DOWNTIME,False,False,False,HIGH,MAINTENANCE_RISK_REVIEW,False,Maintenance risk is review-only without dated downtime; no horizon-wide production block applied.,True,True
PHASE4-MPS-20260721170405,ALT-WIP,M-WHEEL-TRUE-001,WS-WHEEL-SUB,,SEG-ALT-WIP-PSC-SKU-BIKE-MT-001-20260727-MT-OP-030-05,2026-08-28T08:00,2026-08-28T14:26,,,,RISK_ONLY_NO_DATED_DOWNTIME,False,False,False,HIGH,MAINTENANCE_RISK_REVIEW,False,Maintenance risk is review-only without dated downtime; no horizon-wide production block applied.,True,True
PHASE4-MPS-20260721170405,ALT-WIP,M-BRAKE-BENCH-001,WS-BRAKE-SUB,,SEG-ALT-WIP-PSC-SKU-BIKE-MT-001-20260727-MT-OP-040-01,2026-08-24T09:35,2026-08-24T15:14,,,,RISK_ONLY_NO_DATED_DOWNTIME,False,False,False,HIGH,MAINTENANCE_RISK_REVIEW,False,Maintenance risk is review-only without dated downtime; no horizon-wide production block applied.,True,True
PHASE4-MPS-20260721170405,ALT-WIP,M-BRAKE-BENCH-001,WS-BRAKE-SUB,,SEG-ALT-WIP-PSC-SKU-BIKE-MT-001-20260727-MT-OP-040-02,2026-08-25T08:00,2026-08-25T15:14,,,,RISK_ONLY_NO_DATED_DOWNTIME,False,False,False,HIGH,MAINTENANCE_RISK_REVIEW,False,Maintenance risk is review-only without dated downtime; no horizon-wide production block applied.,True,True
PHASE4-MPS-20260721170405,ALT-WIP,M-BRAKE-BENCH-001,WS-BRAKE-SUB,,SEG-ALT-WIP-PSC-SKU-BIKE-MT-001-20260727-MT-OP-040-03,2026-08-26T08:00,2026-08-26T15:14,,,,RISK_ONLY_NO_DATED_DOWNTIME,False,False,False,HIGH,MAINTENANCE_RISK_REVIEW,False,Maintenance risk is review-only without dated downtime; no horizon-wide production block applied.,True,True
PHASE4-MPS-20260721170405,ALT-WIP,M-BRAKE-BENCH-001,WS-BRAKE-SUB,,SEG-ALT-WIP-PSC-SKU-BIKE-MT-001-20260727-MT-OP-040-04,2026-08-27T08:00,2026-08-27T13:30,,,,RISK_ONLY_NO_DATED_DOWNTIME,False,False,False,HIGH,MAINTENANCE_RISK_REVIEW,False,Maintenance risk is review-only without dated downtime; no horizon-wide production block applied.,True,True
PHASE4-MPS-20260721170405,ALT-WIP,M-FINAL-STAND-001,WS-FINAL-ASM,,SEG-ALT-WIP-PSC-SKU-BIKE-MT-001-20260727-MT-OP-050-01,2026-09-11T08:39,2026-09-11T15:14,,,,RISK_ONLY_NO_DATED_DOWNTIME,False,False,False,HIGH,MAINTENANCE_RISK_REVIEW,False,Maintenance risk is review-only without dated downtime; no horizon-wide production block applied.,True,True
PHASE4-MPS-20260721170405,ALT-WIP,M-FINAL-STAND-001,WS-FINAL-ASM,,SEG-ALT-WIP-PSC-SKU-BIKE-MT-001-20260727-MT-OP-050-02,2026-09-14T08:00,2026-09-14T15:14,,,,RISK_ONLY_NO_DATED_DOWNTIME,False,False,False,HIGH,MAINTENANCE_RISK_REVIEW,False,Maintenance risk is review-only without dated downtime; no horizon-wide production block applied.,True,True
PHASE4-MPS-20260721170405,ALT-WIP,M-FINAL-STAND-001,WS-FINAL-ASM,,SEG-ALT-WIP-PSC-SKU-BIKE-MT-001-20260727-MT-OP-050-03,2026-09-15T08:00,2026-09-15T15:14,,,,RISK_ONLY_NO_DATED_DOWNTIME,False,False,False,HIGH,MAINTENANCE_RISK_REVIEW,False,Maintenance risk is review-only without dated downtime; no horizon-wide production block applied.,True,True
PHASE4-MPS-20260721170405,ALT-WIP,M-FINAL-STAND-001,WS-FINAL-ASM,,SEG-ALT-WIP-PSC-SKU-BIKE-MT-001-20260727-MT-OP-050-04,2026-09-16T08:00,2026-09-16T15:14,,,,RISK_ONLY_NO_DATED_DOWNTIME,False,False,False,HIGH,MAINTENANCE_RISK_REVIEW,False,Maintenance risk is review-only without dated downtime; no horizon-wide production block applied.,True,True
PHASE4-MPS-20260721170405,ALT-WIP,M-FINAL-STAND-001,WS-FINAL-ASM,,SEG-ALT-WIP-PSC-SKU-BIKE-MT-001-20260727-MT-OP-050-05,2026-09-17T08:00,2026-09-17T15:14,,,,RISK_ONLY_NO_DATED_DOWNTIME,False,False,False,HIGH,MAINTENANCE_RISK_REVIEW,False,Maintenance risk is review-only without dated downtime; no horizon-wide production block applied.,True,True
PHASE4-MPS-20260721170405,ALT-WIP,M-FINAL-STAND-001,WS-FINAL-ASM,,SEG-ALT-WIP-PSC-SKU-BIKE-MT-001-20260727-MT-OP-050-06,2026-09-18T08:00,2026-09-18T15:14,,,,RISK_ONLY_NO_DATED_DOWNTIME,False,False,False,HIGH,MAINTENANCE_RISK_REVIEW,False,Maintenance risk is review-only without dated downtime; no horizon-wide production block applied.,True,True
PHASE4-MPS-20260721170405,ALT-WIP,M-FINAL-STAND-001,WS-FINAL-ASM,,SEG-ALT-WIP-PSC-SKU-BIKE-MT-001-20260727-MT-OP-050-07,2026-09-21T08:00,2026-09-21T15:14,,,,RISK_ONLY_NO_DATED_DOWNTIME,False,False,False,HIGH,MAINTENANCE_RISK_REVIEW,False,Maintenance risk is review-only without dated downtime; no horizon-wide production block applied.,True,True
PHASE4-MPS-20260721170405,ALT-WIP,M-FINAL-STAND-001,WS-FINAL-ASM,,SEG-ALT-WIP-PSC-SKU-BIKE-MT-001-20260727-MT-OP-050-08,2026-09-22T08:00,2026-09-22T12:49,,,,RISK_ONLY_NO_DATED_DOWNTIME,False,False,False,HIGH,MAINTENANCE_RISK_REVIEW,False,Maintenance risk is review-only without dated downtime; no horizon-wide production block applied.,True,True
PHASE4-MPS-20260721170405,ALT-WIP,M-QC-TOOLS-001,WS-QC,,SEG-ALT-WIP-PSC-SKU-BIKE-MT-001-20260727-MT-OP-060-01,2026-09-22T12:49,2026-09-22T15:14,,,,RISK_ONLY_NO_DATED_DOWNTIME,False,False,False,HIGH,MAINTENANCE_RISK_REVIEW,False,Maintenance risk is review-only without dated downtime; no horizon-wide production block applied.,True,True
PHASE4-MPS-20260721170405,ALT-WIP,M-QC-TOOLS-001,WS-QC,,SEG-ALT-WIP-PSC-SKU-BIKE-MT-001-20260727-MT-OP-060-02,2026-09-23T08:00,2026-09-23T15:14,,,,RISK_ONLY_NO_DATED_DOWNTIME,False,False,False,HIGH,MAINTENANCE_RISK_REVIEW,False,Maintenance risk is review-only without dated downtime; no horizon-wide production block applied.,True,True
PHASE4-MPS-20260721170405,ALT-WIP,M-QC-TOOLS-001,WS-QC,,SEG-ALT-WIP-PSC-SKU-BIKE-MT-001-20260727-MT-OP-060-03,2026-09-24T08:00,2026-09-24T15:14,,,,RISK_ONLY_NO_DATED_DOWNTIME,False,False,False,HIGH,MAINTENANCE_RISK_REVIEW,False,Maintenance risk is review-only without dated downtime; no horizon-wide production block applied.,True,True
PHASE4-MPS-20260721170405,ALT-WIP,M-QC-TOOLS-001,WS-QC,,SEG-ALT-WIP-PSC-SKU-BIKE-MT-001-20260727-MT-OP-060-04,2026-09-25T08:00,2026-09-25T13:51,,,,RISK_ONLY_NO_DATED_DOWNTIME,False,False,False,HIGH,MAINTENANCE_RISK_REVIEW,False,Maintenance risk is review-only without dated downtime; no horizon-wide production block applied.,True,True
PHASE4-MPS-20260721170405,ALT-WIP,M-PACK-BENCH-001,WS-PACK,,SEG-ALT-WIP-PSC-SKU-BIKE-MT-001-20260727-MT-OP-070-01,2026-09-25T13:51,2026-09-25T15:14,,,,RISK_ONLY_NO_DATED_DOWNTIME,False,False,False,HIGH,MAINTENANCE_RISK_REVIEW,False,Maintenance risk is review-only without dated downtime; no horizon-wide production block applied.,True,True
PHASE4-MPS-20260721170405,ALT-WIP,M-PACK-BENCH-001,WS-PACK,,SEG-ALT-WIP-PSC-SKU-BIKE-MT-001-20260727-MT-OP-070-02,2026-09-28T08:00,2026-09-28T15:15,,,,RISK_ONLY_NO_DATED_DOWNTIME,False,False,False,HIGH,MAINTENANCE_RISK_REVIEW,False,Maintenance risk is review-only without dated downtime; no horizon-wide production block applied.,True,True
PHASE4-MPS-20260721170405,ALT-WIP,M-PACK-BENCH-001,WS-PACK,,SEG-ALT-WIP-PSC-SKU-BIKE-MT-001-20260727-MT-OP-070-03,2026-09-29T08:00,2026-09-29T15:15,,,,RISK_ONLY_NO_DATED_DOWNTIME,False,False,False,HIGH,MAINTENANCE_RISK_REVIEW,False,Maintenance risk is review-only without dated downtime; no horizon-wide production block applied.,True,True
PHASE4-MPS-20260721170405,ALT-WIP,M-PACK-BENCH-001,WS-PACK,,SEG-ALT-WIP-PSC-SKU-BIKE-MT-001-20260727-MT-OP-070-04,2026-09-30T08:00,2026-09-30T09:20,,,,RISK_ONLY_NO_DATED_DOWNTIME,False,False,False,HIGH,MAINTENANCE_RISK_REVIEW,False,Maintenance risk is review-only without dated downtime; no horizon-wide production block applied.,True,True
PHASE4-MPS-20260721170405,ALT-WIP,M-FRAME-JIG-001,WS-FRAME-PREP,,SEG-ALT-WIP-PSC-SKU-BIKE-ROAD-001-20260727-ROAD-OP-010-01,2026-08-14T11:56,2026-08-14T15:14,,,,RISK_ONLY_NO_DATED_DOWNTIME,False,False,False,HIGH,MAINTENANCE_RISK_REVIEW,False,Maintenance risk is review-only without dated downtime; no horizon-wide production block applied.,True,True
PHASE4-MPS-20260721170405,ALT-WIP,M-FRAME-JIG-001,WS-FRAME-PREP,,SEG-ALT-WIP-PSC-SKU-BIKE-ROAD-001-20260727-ROAD-OP-010-02,2026-08-17T08:00,2026-08-17T15:15,,,,RISK_ONLY_NO_DATED_DOWNTIME,False,False,False,HIGH,MAINTENANCE_RISK_REVIEW,False,Maintenance risk is review-only without dated downtime; no horizon-wide production block applied.,True,True
PHASE4-MPS-20260721170405,ALT-WIP,M-FRAME-JIG-001,WS-FRAME-PREP,,SEG-ALT-WIP-PSC-SKU-BIKE-ROAD-001-20260727-ROAD-OP-010-03,2026-08-18T08:00,2026-08-18T15:15,,,,RISK_ONLY_NO_DATED_DOWNTIME,False,False,False,HIGH,MAINTENANCE_RISK_REVIEW,False,Maintenance risk is review-only without dated downtime; no horizon-wide production block applied.,True,True
PHASE4-MPS-20260721170405,ALT-WIP,M-FRAME-JIG-001,WS-FRAME-PREP,,SEG-ALT-WIP-PSC-SKU-BIKE-ROAD-001-20260727-ROAD-OP-010-04,2026-08-19T08:00,2026-08-19T11:23,,,,RISK_ONLY_NO_DATED_DOWNTIME,False,False,False,HIGH,MAINTENANCE_RISK_REVIEW,False,Maintenance risk is review-only without dated downtime; no horizon-wide production block applied.,True,True
PHASE4-MPS-20260721170405,ALT-WIP,M-WHEEL-TRUE-001,WS-WHEEL-SUB,,SEG-ALT-WIP-PSC-SKU-BIKE-ROAD-001-20260727-ROAD-OP-020-01,2026-09-02T13:44,2026-09-02T15:14,,,,RISK_ONLY_NO_DATED_DOWNTIME,False,False,False,HIGH,MAINTENANCE_RISK_REVIEW,False,Maintenance risk is review-only without dated downtime; no horizon-wide production block applied.,True,True
PHASE4-MPS-20260721170405,ALT-WIP,M-WHEEL-TRUE-001,WS-WHEEL-SUB,,SEG-ALT-WIP-PSC-SKU-BIKE-ROAD-001-20260727-ROAD-OP-020-02,2026-09-03T08:00,2026-09-03T15:15,,,,RISK_ONLY_NO_DATED_DOWNTIME,False,False,False,HIGH,MAINTENANCE_RISK_REVIEW,False,Maintenance risk is review-only without dated downtime; no horizon-wide production block applied.,True,True
PHASE4-MPS-20260721170405,ALT-WIP,M-WHEEL-TRUE-001,WS-WHEEL-SUB,,SEG-ALT-WIP-PSC-SKU-BIKE-ROAD-001-20260727-ROAD-OP-020-03,2026-09-04T08:00,2026-09-04T15:15,,,,RISK_ONLY_NO_DATED_DOWNTIME,False,False,False,HIGH,MAINTENANCE_RISK_REVIEW,False,Maintenance risk is review-only without dated downtime; no horizon-wide production block applied.,True,True
PHASE4-MPS-20260721170405,ALT-WIP,M-WHEEL-TRUE-001,WS-WHEEL-SUB,,SEG-ALT-WIP-PSC-SKU-BIKE-ROAD-001-20260727-ROAD-OP-020-04,2026-09-07T08:00,2026-09-07T15:15,,,,RISK_ONLY_NO_DATED_DOWNTIME,False,False,False,HIGH,MAINTENANCE_RISK_REVIEW,False,Maintenance risk is review-only without dated downtime; no horizon-wide production block applied.,True,True
PHASE4-MPS-20260721170405,ALT-WIP,M-WHEEL-TRUE-001,WS-WHEEL-SUB,,SEG-ALT-WIP-PSC-SKU-BIKE-ROAD-001-20260727-ROAD-OP-020-05,2026-09-08T08:00,2026-09-08T14:07,,,,RISK_ONLY_NO_DATED_DOWNTIME,False,False,False,HIGH,MAINTENANCE_RISK_REVIEW,False,Maintenance risk is review-only without dated downtime; no horizon-wide production block applied.,True,True
PHASE4-MPS-20260721170405,ALT-WIP,M-BRAKE-BENCH-001,WS-BRAKE-SUB,,SEG-ALT-WIP-PSC-SKU-BIKE-ROAD-001-20260727-ROAD-OP-030-01,2026-09-02T13:44,2026-09-02T15:14,,,,RISK_ONLY_NO_DATED_DOWNTIME,False,False,False,HIGH,MAINTENANCE_RISK_REVIEW,False,Maintenance risk is review-only without dated downtime; no horizon-wide production block applied.,True,True
PHASE4-MPS-20260721170405,ALT-WIP,M-BRAKE-BENCH-001,WS-BRAKE-SUB,,SEG-ALT-WIP-PSC-SKU-BIKE-ROAD-001-20260727-ROAD-OP-030-02,2026-09-03T08:00,2026-09-03T15:14,,,,RISK_ONLY_NO_DATED_DOWNTIME,False,False,False,HIGH,MAINTENANCE_RISK_REVIEW,False,Maintenance risk is review-only without dated downtime; no horizon-wide production block applied.,True,True
PHASE4-MPS-20260721170405,ALT-WIP,M-BRAKE-BENCH-001,WS-BRAKE-SUB,,SEG-ALT-WIP-PSC-SKU-BIKE-ROAD-001-20260727-ROAD-OP-030-03,2026-09-04T08:00,2026-09-04T15:14,,,,RISK_ONLY_NO_DATED_DOWNTIME,False,False,False,HIGH,MAINTENANCE_RISK_REVIEW,False,Maintenance risk is review-only without dated downtime; no horizon-wide production block applied.,True,True
PHASE4-MPS-20260721170405,ALT-WIP,M-BRAKE-BENCH-001,WS-BRAKE-SUB,,SEG-ALT-WIP-PSC-SKU-BIKE-ROAD-001-20260727-ROAD-OP-030-04,2026-09-07T08:00,2026-09-07T13:35,,,,RISK_ONLY_NO_DATED_DOWNTIME,False,False,False,HIGH,MAINTENANCE_RISK_REVIEW,False,Maintenance risk is review-only without dated downtime; no horizon-wide production block applied.,True,True
PHASE4-MPS-20260721170405,ALT-WIP,M-FINAL-STAND-001,WS-FINAL-ASM,,SEG-ALT-WIP-PSC-SKU-BIKE-ROAD-001-20260727-ROAD-OP-040-01,2026-09-22T12:49,2026-09-22T15:14,,,,RISK_ONLY_NO_DATED_DOWNTIME,False,False,False,HIGH,MAINTENANCE_RISK_REVIEW,False,Maintenance risk is review-only without dated downtime; no horizon-wide production block applied.,True,True
PHASE4-MPS-20260721170405,ALT-WIP,M-FINAL-STAND-001,WS-FINAL-ASM,,SEG-ALT-WIP-PSC-SKU-BIKE-ROAD-001-20260727-ROAD-OP-040-02,2026-09-23T08:00,2026-09-23T15:15,,,,RISK_ONLY_NO_DATED_DOWNTIME,False,False,False,HIGH,MAINTENANCE_RISK_REVIEW,False,Maintenance risk is review-only without dated downtime; no horizon-wide production block applied.,True,True
PHASE4-MPS-20260721170405,ALT-WIP,M-FINAL-STAND-001,WS-FINAL-ASM,,SEG-ALT-WIP-PSC-SKU-BIKE-ROAD-001-20260727-ROAD-OP-040-03,2026-09-24T08:00,2026-09-24T15:15,,,,RISK_ONLY_NO_DATED_DOWNTIME,False,False,False,HIGH,MAINTENANCE_RISK_REVIEW,False,Maintenance risk is review-only without dated downtime; no horizon-wide production block applied.,True,True
PHASE4-MPS-20260721170405,ALT-WIP,M-FINAL-STAND-001,WS-FINAL-ASM,,SEG-ALT-WIP-PSC-SKU-BIKE-ROAD-001-20260727-ROAD-OP-040-04,2026-09-25T08:00,2026-09-25T15:15,,,,RISK_ONLY_NO_DATED_DOWNTIME,False,False,False,HIGH,MAINTENANCE_RISK_REVIEW,False,Maintenance risk is review-only without dated downtime; no horizon-wide production block applied.,True,True
PHASE4-MPS-20260721170405,ALT-WIP,M-FINAL-STAND-001,WS-FINAL-ASM,,SEG-ALT-WIP-PSC-SKU-BIKE-ROAD-001-20260727-ROAD-OP-040-05,2026-09-28T08:00,2026-09-28T15:15,,,,RISK_ONLY_NO_DATED_DOWNTIME,False,False,False,HIGH,MAINTENANCE_RISK_REVIEW,False,Maintenance risk is review-only without dated downtime; no horizon-wide production block applied.,True,True
PHASE4-MPS-20260721170405,ALT-WIP,M-FINAL-STAND-001,WS-FINAL-ASM,,SEG-ALT-WIP-PSC-SKU-BIKE-ROAD-001-20260727-ROAD-OP-040-06,2026-09-29T08:00,2026-09-29T15:15,,,,RISK_ONLY_NO_DATED_DOWNTIME,False,False,False,HIGH,MAINTENANCE_RISK_REVIEW,False,Maintenance risk is review-only without dated downtime; no horizon-wide production block applied.,True,True
PHASE4-MPS-20260721170405,ALT-WIP,M-FINAL-STAND-001,WS-FINAL-ASM,,SEG-ALT-WIP-PSC-SKU-BIKE-ROAD-001-20260727-ROAD-OP-040-07,2026-09-30T08:00,2026-09-30T14:59,,,,RISK_ONLY_NO_DATED_DOWNTIME,False,False,False,HIGH,MAINTENANCE_RISK_REVIEW,False,Maintenance risk is review-only without dated downtime; no horizon-wide production block applied.,True,True
PHASE4-MPS-20260721170405,ALT-WIP,M-QC-TOOLS-001,WS-QC,,SEG-ALT-WIP-PSC-SKU-BIKE-ROAD-001-20260727-ROAD-OP-050-01,2026-09-30T14:59,2026-09-30T15:14,,,,RISK_ONLY_NO_DATED_DOWNTIME,False,False,False,HIGH,MAINTENANCE_RISK_REVIEW,False,Maintenance risk is review-only without dated downtime; no horizon-wide production block applied.,True,True
PHASE4-MPS-20260721170405,ALT-WIP,M-QC-TOOLS-001,WS-QC,,SEG-ALT-WIP-PSC-SKU-BIKE-ROAD-001-20260727-ROAD-OP-050-02,2026-10-01T08:00,2026-10-01T15:14,,,,RISK_ONLY_NO_DATED_DOWNTIME,False,False,False,HIGH,MAINTENANCE_RISK_REVIEW,False,Maintenance risk is review-only without dated downtime; no horizon-wide production block applied.,True,True
PHASE4-MPS-20260721170405,ALT-WIP,M-QC-TOOLS-001,WS-QC,,SEG-ALT-WIP-PSC-SKU-BIKE-ROAD-001-20260727-ROAD-OP-050-03,2026-10-02T08:00,2026-10-02T15:14,,,,RISK_ONLY_NO_DATED_DOWNTIME,False,False,False,HIGH,MAINTENANCE_RISK_REVIEW,False,Maintenance risk is review-only without dated downtime; no horizon-wide production block applied.,True,True
PHASE4-MPS-20260721170405,ALT-WIP,M-QC-TOOLS-001,WS-QC,,SEG-ALT-WIP-PSC-SKU-BIKE-ROAD-001-20260727-ROAD-OP-050-04,2026-10-05T08:00,2026-10-05T11:56,,,,RISK_ONLY_NO_DATED_DOWNTIME,False,False,False,HIGH,MAINTENANCE_RISK_REVIEW,False,Maintenance risk is review-only without dated downtime; no horizon-wide production block applied.,True,True
PHASE4-MPS-20260721170405,ALT-WIP,M-PACK-BENCH-001,WS-PACK,,SEG-ALT-WIP-PSC-SKU-BIKE-ROAD-001-20260727-ROAD-OP-060-01,2026-10-05T11:56,2026-10-05T15:14,,,,RISK_ONLY_NO_DATED_DOWNTIME,False,False,False,HIGH,MAINTENANCE_RISK_REVIEW,False,Maintenance risk is review-only without dated downtime; no horizon-wide production block applied.,True,True
PHASE4-MPS-20260721170405,ALT-WIP,M-PACK-BENCH-001,WS-PACK,,SEG-ALT-WIP-PSC-SKU-BIKE-ROAD-001-20260727-ROAD-OP-060-02,2026-10-06T08:00,2026-10-06T15:14,,,,RISK_ONLY_NO_DATED_DOWNTIME,False,False,False,HIGH,MAINTENANCE_RISK_REVIEW,False,Maintenance risk is review-only without dated downtime; no horizon-wide production block applied.,True,True
PHASE4-MPS-20260721170405,ALT-WIP,M-PACK-BENCH-001,WS-PACK,,SEG-ALT-WIP-PSC-SKU-BIKE-ROAD-001-20260727-ROAD-OP-060-03,2026-10-07T08:00,2026-10-07T12:37,,,,RISK_ONLY_NO_DATED_DOWNTIME,False,False,False,HIGH,MAINTENANCE_RISK_REVIEW,False,Maintenance risk is review-only without dated downtime; no horizon-wide production block applied.,True,True
PHASE4-MPS-20260721170405,ALT-WIP,M-FRAME-JIG-001,WS-FRAME-PREP,,SEG-ALT-WIP-PSC-SKU-BIKE-MT-001-20260803-MT-OP-010-01,2026-08-24T09:35,2026-08-24T15:14,,,,RISK_ONLY_NO_DATED_DOWNTIME,False,False,False,HIGH,MAINTENANCE_RISK_REVIEW,False,Maintenance risk is review-only without dated downtime; no horizon-wide production block applied.,True,True
PHASE4-MPS-20260721170405,ALT-WIP,M-FRAME-JIG-001,WS-FRAME-PREP,,SEG-ALT-WIP-PSC-SKU-BIKE-MT-001-20260803-MT-OP-010-02,2026-08-25T08:00,2026-08-25T15:14,,,,RISK_ONLY_NO_DATED_DOWNTIME,False,False,False,HIGH,MAINTENANCE_RISK_REVIEW,False,Maintenance risk is review-only without dated downtime; no horizon-wide production block applied.,True,True
PHASE4-MPS-20260721170405,ALT-WIP,M-FRAME-JIG-001,WS-FRAME-PREP,,SEG-ALT-WIP-PSC-SKU-BIKE-MT-001-20260803-MT-OP-010-03,2026-08-26T08:00,2026-08-26T15:14,,,,RISK_ONLY_NO_DATED_DOWNTIME,False,False,False,HIGH,MAINTENANCE_RISK_REVIEW,False,Maintenance risk is review-only without dated downtime; no horizon-wide production block applied.,True,True
PHASE4-MPS-20260721170405,ALT-WIP,M-FRAME-JIG-001,WS-FRAME-PREP,,SEG-ALT-WIP-PSC-SKU-BIKE-MT-001-20260803-MT-OP-010-04,2026-08-27T08:00,2026-08-27T15:14,,,,RISK_ONLY_NO_DATED_DOWNTIME,False,False,False,HIGH,MAINTENANCE_RISK_REVIEW,False,Maintenance risk is review-only without dated downtime; no horizon-wide production block applied.,True,True
PHASE4-MPS-20260721170405,ALT-WIP,M-FRAME-JIG-001,WS-FRAME-PREP,,SEG-ALT-WIP-PSC-SKU-BIKE-MT-001-20260803-MT-OP-010-05,2026-08-28T08:00,2026-08-28T08:13,,,,RISK_ONLY_NO_DATED_DOWNTIME,False,False,False,HIGH,MAINTENANCE_RISK_REVIEW,False,Maintenance risk is review-only without dated downtime; no horizon-wide production block applied.,True,True
PHASE4-MPS-20260721170405,ALT-WIP,M-FORK-BENCH-001,WS-FORK-SUSP,,SEG-ALT-WIP-PSC-SKU-BIKE-MT-001-20260803-MT-OP-020-01,2026-09-11T08:39,2026-09-11T15:14,,,,RISK_ONLY_NO_DATED_DOWNTIME,False,False,False,HIGH,MAINTENANCE_RISK_REVIEW,False,Maintenance risk is review-only without dated downtime; no horizon-wide production block applied.,True,True
PHASE4-MPS-20260721170405,ALT-WIP,M-FORK-BENCH-001,WS-FORK-SUSP,,SEG-ALT-WIP-PSC-SKU-BIKE-MT-001-20260803-MT-OP-020-02,2026-09-14T08:00,2026-09-14T15:15,,,,RISK_ONLY_NO_DATED_DOWNTIME,False,False,False,HIGH,MAINTENANCE_RISK_REVIEW,False,Maintenance risk is review-only without dated downtime; no horizon-wide production block applied.,True,True
PHASE4-MPS-20260721170405,ALT-WIP,M-FORK-BENCH-001,WS-FORK-SUSP,,SEG-ALT-WIP-PSC-SKU-BIKE-MT-001-20260803-MT-OP-020-03,2026-09-15T08:00,2026-09-15T15:15,,,,RISK_ONLY_NO_DATED_DOWNTIME,False,False,False,HIGH,MAINTENANCE_RISK_REVIEW,False,Maintenance risk is review-only without dated downtime; no horizon-wide production block applied.,True,True
PHASE4-MPS-20260721170405,ALT-WIP,M-FORK-BENCH-001,WS-FORK-SUSP,,SEG-ALT-WIP-PSC-SKU-BIKE-MT-001-20260803-MT-OP-020-04,2026-09-16T08:00,2026-09-16T15:15,,,,RISK_ONLY_NO_DATED_DOWNTIME,False,False,False,HIGH,MAINTENANCE_RISK_REVIEW,False,Maintenance risk is review-only without dated downtime; no horizon-wide production block applied.,True,True
PHASE4-MPS-20260721170405,ALT-WIP,M-FORK-BENCH-001,WS-FORK-SUSP,,SEG-ALT-WIP-PSC-SKU-BIKE-MT-001-20260803-MT-OP-020-05,2026-09-17T08:00,2026-09-17T13:12,,,,RISK_ONLY_NO_DATED_DOWNTIME,False,False,False,HIGH,MAINTENANCE_RISK_REVIEW,False,Maintenance risk is review-only without dated downtime; no horizon-wide production block applied.,True,True
PHASE4-MPS-20260721170405,ALT-WIP,M-WHEEL-TRUE-001,WS-WHEEL-SUB,,SEG-ALT-WIP-PSC-SKU-BIKE-MT-001-20260803-MT-OP-030-01,2026-09-11T08:39,2026-09-11T15:14,,,,RISK_ONLY_NO_DATED_DOWNTIME,False,False,False,HIGH,MAINTENANCE_RISK_REVIEW,False,Maintenance risk is review-only without dated downtime; no horizon-wide production block applied.,True,True
PHASE4-MPS-20260721170405,ALT-WIP,M-WHEEL-TRUE-001,WS-WHEEL-SUB,,SEG-ALT-WIP-PSC-SKU-BIKE-MT-001-20260803-MT-OP-030-02,2026-09-14T08:00,2026-09-14T15:14,,,,RISK_ONLY_NO_DATED_DOWNTIME,False,False,False,HIGH,MAINTENANCE_RISK_REVIEW,False,Maintenance risk is review-only without dated downtime; no horizon-wide production block applied.,True,True
PHASE4-MPS-20260721170405,ALT-WIP,M-WHEEL-TRUE-001,WS-WHEEL-SUB,,SEG-ALT-WIP-PSC-SKU-BIKE-MT-001-20260803-MT-OP-030-03,2026-09-15T08:00,2026-09-15T15:14,,,,RISK_ONLY_NO_DATED_DOWNTIME,False,False,False,HIGH,MAINTENANCE_RISK_REVIEW,False,Maintenance risk is review-only without dated downtime; no horizon-wide production block applied.,True,True
PHASE4-MPS-20260721170405,ALT-WIP,M-WHEEL-TRUE-001,WS-WHEEL-SUB,,SEG-ALT-WIP-PSC-SKU-BIKE-MT-001-20260803-MT-OP-030-04,2026-09-16T08:00,2026-09-16T15:14,,,,RISK_ONLY_NO_DATED_DOWNTIME,False,False,False,HIGH,MAINTENANCE_RISK_REVIEW,False,Maintenance risk is review-only without dated downtime; no horizon-wide production block applied.,True,True
PHASE4-MPS-20260721170405,ALT-WIP,M-WHEEL-TRUE-001,WS-WHEEL-SUB,,SEG-ALT-WIP-PSC-SKU-BIKE-MT-001-20260803-MT-OP-030-05,2026-09-17T08:00,2026-09-17T13:30,,,,RISK_ONLY_NO_DATED_DOWNTIME,False,False,False,HIGH,MAINTENANCE_RISK_REVIEW,False,Maintenance risk is review-only without dated downtime; no horizon-wide production block applied.,True,True
PHASE4-MPS-20260721170405,ALT-WIP,M-BRAKE-BENCH-001,WS-BRAKE-SUB,,SEG-ALT-WIP-PSC-SKU-BIKE-MT-001-20260803-MT-OP-040-01,2026-09-11T08:39,2026-09-11T15:14,,,,RISK_ONLY_NO_DATED_DOWNTIME,False,False,False,HIGH,MAINTENANCE_RISK_REVIEW,False,Maintenance risk is review-only without dated downtime; no horizon-wide production block applied.,True,True
PHASE4-MPS-20260721170405,ALT-WIP,M-BRAKE-BENCH-001,WS-BRAKE-SUB,,SEG-ALT-WIP-PSC-SKU-BIKE-MT-001-20260803-MT-OP-040-02,2026-09-14T08:00,2026-09-14T15:14,,,,RISK_ONLY_NO_DATED_DOWNTIME,False,False,False,HIGH,MAINTENANCE_RISK_REVIEW,False,Maintenance risk is review-only without dated downtime; no horizon-wide production block applied.,True,True
PHASE4-MPS-20260721170405,ALT-WIP,M-BRAKE-BENCH-001,WS-BRAKE-SUB,,SEG-ALT-WIP-PSC-SKU-BIKE-MT-001-20260803-MT-OP-040-03,2026-09-15T08:00,2026-09-15T15:14,,,,RISK_ONLY_NO_DATED_DOWNTIME,False,False,False,HIGH,MAINTENANCE_RISK_REVIEW,False,Maintenance risk is review-only without dated downtime; no horizon-wide production block applied.,True,True
PHASE4-MPS-20260721170405,ALT-WIP,M-BRAKE-BENCH-001,WS-BRAKE-SUB,,SEG-ALT-WIP-PSC-SKU-BIKE-MT-001-20260803-MT-OP-040-04,2026-09-16T08:00,2026-09-16T12:35,,,,RISK_ONLY_NO_DATED_DOWNTIME,False,False,False,HIGH,MAINTENANCE_RISK_REVIEW,False,Maintenance risk is review-only without dated downtime; no horizon-wide production block applied.,True,True
PHASE4-MPS-20260721170405,ALT-WIP,M-FINAL-STAND-001,WS-FINAL-ASM,,SEG-ALT-WIP-PSC-SKU-BIKE-MT-001-20260803-MT-OP-050-01,2026-10-01T08:00,2026-10-01T15:14,,,,RISK_ONLY_NO_DATED_DOWNTIME,False,False,False,HIGH,MAINTENANCE_RISK_REVIEW,False,Maintenance risk is review-only without dated downtime; no horizon-wide production block applied.,True,True
PHASE4-MPS-20260721170405,ALT-WIP,M-FINAL-STAND-001,WS-FINAL-ASM,,SEG-ALT-WIP-PSC-SKU-BIKE-MT-001-20260803-MT-OP-050-02,2026-10-02T08:00,2026-10-02T15:14,,,,RISK_ONLY_NO_DATED_DOWNTIME,False,False,False,HIGH,MAINTENANCE_RISK_REVIEW,False,Maintenance risk is review-only without dated downtime; no horizon-wide production block applied.,True,True
PHASE4-MPS-20260721170405,ALT-WIP,M-FINAL-STAND-001,WS-FINAL-ASM,,SEG-ALT-WIP-PSC-SKU-BIKE-MT-001-20260803-MT-OP-050-03,2026-10-05T08:00,2026-10-05T15:14,,,,RISK_ONLY_NO_DATED_DOWNTIME,False,False,False,HIGH,MAINTENANCE_RISK_REVIEW,False,Maintenance risk is review-only without dated downtime; no horizon-wide production block applied.,True,True
PHASE4-MPS-20260721170405,ALT-WIP,M-FINAL-STAND-001,WS-FINAL-ASM,,SEG-ALT-WIP-PSC-SKU-BIKE-MT-001-20260803-MT-OP-050-04,2026-10-06T08:00,2026-10-06T15:14,,,,RISK_ONLY_NO_DATED_DOWNTIME,False,False,False,HIGH,MAINTENANCE_RISK_REVIEW,False,Maintenance risk is review-only without dated downtime; no horizon-wide production block applied.,True,True
PHASE4-MPS-20260721170405,ALT-WIP,M-FINAL-STAND-001,WS-FINAL-ASM,,SEG-ALT-WIP-PSC-SKU-BIKE-MT-001-20260803-MT-OP-050-05,2026-10-07T08:00,2026-10-07T15:14,,,,RISK_ONLY_NO_DATED_DOWNTIME,False,False,False,HIGH,MAINTENANCE_RISK_REVIEW,False,Maintenance risk is review-only without dated downtime; no horizon-wide production block applied.,True,True
PHASE4-MPS-20260721170405,ALT-WIP,M-FINAL-STAND-001,WS-FINAL-ASM,,SEG-ALT-WIP-PSC-SKU-BIKE-MT-001-20260803-MT-OP-050-06,2026-10-08T08:00,2026-10-08T15:14,,,,RISK_ONLY_NO_DATED_DOWNTIME,False,False,False,HIGH,MAINTENANCE_RISK_REVIEW,False,Maintenance risk is review-only without dated downtime; no horizon-wide production block applied.,True,True
PHASE4-MPS-20260721170405,ALT-WIP,M-FINAL-STAND-001,WS-FINAL-ASM,,SEG-ALT-WIP-PSC-SKU-BIKE-MT-001-20260803-MT-OP-050-07,2026-10-09T08:00,2026-10-09T15:14,,,,RISK_ONLY_NO_DATED_DOWNTIME,False,False,False,HIGH,MAINTENANCE_RISK_REVIEW,False,Maintenance risk is review-only without dated downtime; no horizon-wide production block applied.,True,True
PHASE4-MPS-20260721170405,ALT-WIP,M-FINAL-STAND-001,WS-FINAL-ASM,,SEG-ALT-WIP-PSC-SKU-BIKE-MT-001-20260803-MT-OP-050-08,2026-10-12T08:00,2026-10-12T12:09,,,,RISK_ONLY_NO_DATED_DOWNTIME,False,False,False,HIGH,MAINTENANCE_RISK_REVIEW,False,Maintenance risk is review-only without dated downtime; no horizon-wide production block applied.,True,True
PHASE4-MPS-20260721170405,ALT-WIP,M-QC-TOOLS-001,WS-QC,,SEG-ALT-WIP-PSC-SKU-BIKE-MT-001-20260803-MT-OP-060-01,2026-10-12T12:09,2026-10-12T15:14,,,,RISK_ONLY_NO_DATED_DOWNTIME,False,False,False,HIGH,MAINTENANCE_RISK_REVIEW,False,Maintenance risk is review-only without dated downtime; no horizon-wide production block applied.,True,True
PHASE4-MPS-20260721170405,ALT-WIP,M-QC-TOOLS-001,WS-QC,,SEG-ALT-WIP-PSC-SKU-BIKE-MT-001-20260803-MT-OP-060-02,2026-10-13T08:00,2026-10-13T15:14,,,,RISK_ONLY_NO_DATED_DOWNTIME,False,False,False,HIGH,MAINTENANCE_RISK_REVIEW,False,Maintenance risk is review-only without dated downtime; no horizon-wide production block applied.,True,True
PHASE4-MPS-20260721170405,ALT-WIP,M-QC-TOOLS-001,WS-QC,,SEG-ALT-WIP-PSC-SKU-BIKE-MT-001-20260803-MT-OP-060-03,2026-10-14T08:00,2026-10-14T15:14,,,,RISK_ONLY_NO_DATED_DOWNTIME,False,False,False,HIGH,MAINTENANCE_RISK_REVIEW,False,Maintenance risk is review-only without dated downtime; no horizon-wide production block applied.,True,True
PHASE4-MPS-20260721170405,ALT-WIP,M-QC-TOOLS-001,WS-QC,,SEG-ALT-WIP-PSC-SKU-BIKE-MT-001-20260803-MT-OP-060-04,2026-10-15T08:00,2026-10-15T13:12,,,,RISK_ONLY_NO_DATED_DOWNTIME,False,False,False,HIGH,MAINTENANCE_RISK_REVIEW,False,Maintenance risk is review-only without dated downtime; no horizon-wide production block applied.,True,True
PHASE4-MPS-20260721170405,ALT-WIP,M-PACK-BENCH-001,WS-PACK,,SEG-ALT-WIP-PSC-SKU-BIKE-MT-001-20260803-MT-OP-070-01,2026-10-15T13:12,2026-10-15T15:14,,,,RISK_ONLY_NO_DATED_DOWNTIME,False,False,False,HIGH,MAINTENANCE_RISK_REVIEW,False,Maintenance risk is review-only without dated downtime; no horizon-wide production block applied.,True,True
PHASE4-MPS-20260721170405,ALT-WIP,M-PACK-BENCH-001,WS-PACK,,SEG-ALT-WIP-PSC-SKU-BIKE-MT-001-20260803-MT-OP-070-02,2026-10-16T08:00,2026-10-16T15:15,,,,RISK_ONLY_NO_DATED_DOWNTIME,False,False,False,HIGH,MAINTENANCE_RISK_REVIEW,False,Maintenance risk is review-only without dated downtime; no horizon-wide production block applied.,True,True
PHASE4-MPS-20260721170405,ALT-WIP,M-PACK-BENCH-001,WS-PACK,,SEG-ALT-WIP-PSC-SKU-BIKE-MT-001-20260803-MT-OP-070-03,2026-10-19T08:00,2026-10-19T15:15,,,,RISK_ONLY_NO_DATED_DOWNTIME,False,False,False,HIGH,MAINTENANCE_RISK_REVIEW,False,Maintenance risk is review-only without dated downtime; no horizon-wide production block applied.,True,True
PHASE4-MPS-20260721170405,ALT-WIP,M-PACK-BENCH-001,WS-PACK,,SEG-ALT-WIP-PSC-SKU-BIKE-MT-001-20260803-MT-OP-070-04,2026-10-20T08:00,2026-10-20T08:40,,,,RISK_ONLY_NO_DATED_DOWNTIME,False,False,False,HIGH,MAINTENANCE_RISK_REVIEW,False,Maintenance risk is review-only without dated downtime; no horizon-wide production block applied.,True,True
PHASE4-MPS-20260721170405,ALT-WIP,M-FRAME-JIG-001,WS-FRAME-PREP,,SEG-ALT-WIP-PSC-SKU-BIKE-ROAD-001-20260803-ROAD-OP-010-01,2026-09-02T13:44,2026-09-02T15:14,,,,RISK_ONLY_NO_DATED_DOWNTIME,False,False,False,HIGH,MAINTENANCE_RISK_REVIEW,False,Maintenance risk is review-only without dated downtime; no horizon-wide production block applied.,True,True
PHASE4-MPS-20260721170405,ALT-WIP,M-FRAME-JIG-001,WS-FRAME-PREP,,SEG-ALT-WIP-PSC-SKU-BIKE-ROAD-001-20260803-ROAD-OP-010-02,2026-09-03T08:00,2026-09-03T15:15,,,,RISK_ONLY_NO_DATED_DOWNTIME,False,False,False,HIGH,MAINTENANCE_RISK_REVIEW,False,Maintenance risk is review-only without dated downtime; no horizon-wide production block applied.,True,True
PHASE4-MPS-20260721170405,ALT-WIP,M-FRAME-JIG-001,WS-FRAME-PREP,,SEG-ALT-WIP-PSC-SKU-BIKE-ROAD-001-20260803-ROAD-OP-010-03,2026-09-04T08:00,2026-09-04T15:15,,,,RISK_ONLY_NO_DATED_DOWNTIME,False,False,False,HIGH,MAINTENANCE_RISK_REVIEW,False,Maintenance risk is review-only without dated downtime; no horizon-wide production block applied.,True,True
PHASE4-MPS-20260721170405,ALT-WIP,M-FRAME-JIG-001,WS-FRAME-PREP,,SEG-ALT-WIP-PSC-SKU-BIKE-ROAD-001-20260803-ROAD-OP-010-04,2026-09-07T08:00,2026-09-07T15:15,,,,RISK_ONLY_NO_DATED_DOWNTIME,False,False,False,HIGH,MAINTENANCE_RISK_REVIEW,False,Maintenance risk is review-only without dated downtime; no horizon-wide production block applied.,True,True
PHASE4-MPS-20260721170405,ALT-WIP,M-FRAME-JIG-001,WS-FRAME-PREP,,SEG-ALT-WIP-PSC-SKU-BIKE-ROAD-001-20260803-ROAD-OP-010-05,2026-09-08T08:00,2026-09-08T08:15,,,,RISK_ONLY_NO_DATED_DOWNTIME,False,False,False,HIGH,MAINTENANCE_RISK_REVIEW,False,Maintenance risk is review-only without dated downtime; no horizon-wide production block applied.,True,True
PHASE4-MPS-20260721170405,ALT-WIP,M-WHEEL-TRUE-001,WS-WHEEL-SUB,,SEG-ALT-WIP-PSC-SKU-BIKE-ROAD-001-20260803-ROAD-OP-020-01,2026-09-22T12:49,2026-09-22T15:14,,,,RISK_ONLY_NO_DATED_DOWNTIME,False,False,False,HIGH,MAINTENANCE_RISK_REVIEW,False,Maintenance risk is review-only without dated downtime; no horizon-wide production block applied.,True,True
PHASE4-MPS-20260721170405,ALT-WIP,M-WHEEL-TRUE-001,WS-WHEEL-SUB,,SEG-ALT-WIP-PSC-SKU-BIKE-ROAD-001-20260803-ROAD-OP-020-02,2026-09-23T08:00,2026-09-23T15:15,,,,RISK_ONLY_NO_DATED_DOWNTIME,False,False,False,HIGH,MAINTENANCE_RISK_REVIEW,False,Maintenance risk is review-only without dated downtime; no horizon-wide production block applied.,True,True
PHASE4-MPS-20260721170405,ALT-WIP,M-WHEEL-TRUE-001,WS-WHEEL-SUB,,SEG-ALT-WIP-PSC-SKU-BIKE-ROAD-001-20260803-ROAD-OP-020-03,2026-09-24T08:00,2026-09-24T15:15,,,,RISK_ONLY_NO_DATED_DOWNTIME,False,False,False,HIGH,MAINTENANCE_RISK_REVIEW,False,Maintenance risk is review-only without dated downtime; no horizon-wide production block applied.,True,True
PHASE4-MPS-20260721170405,ALT-WIP,M-WHEEL-TRUE-001,WS-WHEEL-SUB,,SEG-ALT-WIP-PSC-SKU-BIKE-ROAD-001-20260803-ROAD-OP-020-04,2026-09-25T08:00,2026-09-25T15:15,,,,RISK_ONLY_NO_DATED_DOWNTIME,False,False,False,HIGH,MAINTENANCE_RISK_REVIEW,False,Maintenance risk is review-only without dated downtime; no horizon-wide production block applied.,True,True
PHASE4-MPS-20260721170405,ALT-WIP,M-WHEEL-TRUE-001,WS-WHEEL-SUB,,SEG-ALT-WIP-PSC-SKU-BIKE-ROAD-001-20260803-ROAD-OP-020-05,2026-09-28T08:00,2026-09-28T13:12,,,,RISK_ONLY_NO_DATED_DOWNTIME,False,False,False,HIGH,MAINTENANCE_RISK_REVIEW,False,Maintenance risk is review-only without dated downtime; no horizon-wide production block applied.,True,True
PHASE4-MPS-20260721170405,ALT-WIP,M-BRAKE-BENCH-001,WS-BRAKE-SUB,,SEG-ALT-WIP-PSC-SKU-BIKE-ROAD-001-20260803-ROAD-OP-030-01,2026-09-22T12:49,2026-09-22T15:14,,,,RISK_ONLY_NO_DATED_DOWNTIME,False,False,False,HIGH,MAINTENANCE_RISK_REVIEW,False,Maintenance risk is review-only without dated downtime; no horizon-wide production block applied.,True,True
PHASE4-MPS-20260721170405,ALT-WIP,M-BRAKE-BENCH-001,WS-BRAKE-SUB,,SEG-ALT-WIP-PSC-SKU-BIKE-ROAD-001-20260803-ROAD-OP-030-02,2026-09-23T08:00,2026-09-23T15:14,,,,RISK_ONLY_NO_DATED_DOWNTIME,False,False,False,HIGH,MAINTENANCE_RISK_REVIEW,False,Maintenance risk is review-only without dated downtime; no horizon-wide production block applied.,True,True
PHASE4-MPS-20260721170405,ALT-WIP,M-BRAKE-BENCH-001,WS-BRAKE-SUB,,SEG-ALT-WIP-PSC-SKU-BIKE-ROAD-001-20260803-ROAD-OP-030-03,2026-09-24T08:00,2026-09-24T15:14,,,,RISK_ONLY_NO_DATED_DOWNTIME,False,False,False,HIGH,MAINTENANCE_RISK_REVIEW,False,Maintenance risk is review-only without dated downtime; no horizon-wide production block applied.,True,True
PHASE4-MPS-20260721170405,ALT-WIP,M-BRAKE-BENCH-001,WS-BRAKE-SUB,,SEG-ALT-WIP-PSC-SKU-BIKE-ROAD-001-20260803-ROAD-OP-030-04,2026-09-25T08:00,2026-09-25T12:39,,,,RISK_ONLY_NO_DATED_DOWNTIME,False,False,False,HIGH,MAINTENANCE_RISK_REVIEW,False,Maintenance risk is review-only without dated downtime; no horizon-wide production block applied.,True,True
PHASE4-MPS-20260721170405,ALT-WIP,M-FINAL-STAND-001,WS-FINAL-ASM,,SEG-ALT-WIP-PSC-SKU-BIKE-ROAD-001-20260803-ROAD-OP-040-01,2026-10-12T12:09,2026-10-12T15:14,,,,RISK_ONLY_NO_DATED_DOWNTIME,False,False,False,HIGH,MAINTENANCE_RISK_REVIEW,False,Maintenance risk is review-only without dated downtime; no horizon-wide production block applied.,True,True
PHASE4-MPS-20260721170405,ALT-WIP,M-FINAL-STAND-001,WS-FINAL-ASM,,SEG-ALT-WIP-PSC-SKU-BIKE-ROAD-001-20260803-ROAD-OP-040-02,2026-10-13T08:00,2026-10-13T15:15,,,,RISK_ONLY_NO_DATED_DOWNTIME,False,False,False,HIGH,MAINTENANCE_RISK_REVIEW,False,Maintenance risk is review-only without dated downtime; no horizon-wide production block applied.,True,True
PHASE4-MPS-20260721170405,ALT-WIP,M-FINAL-STAND-001,WS-FINAL-ASM,,SEG-ALT-WIP-PSC-SKU-BIKE-ROAD-001-20260803-ROAD-OP-040-03,2026-10-14T08:00,2026-10-14T15:15,,,,RISK_ONLY_NO_DATED_DOWNTIME,False,False,False,HIGH,MAINTENANCE_RISK_REVIEW,False,Maintenance risk is review-only without dated downtime; no horizon-wide production block applied.,True,True
PHASE4-MPS-20260721170405,ALT-WIP,M-FINAL-STAND-001,WS-FINAL-ASM,,SEG-ALT-WIP-PSC-SKU-BIKE-ROAD-001-20260803-ROAD-OP-040-04,2026-10-15T08:00,2026-10-15T15:15,,,,RISK_ONLY_NO_DATED_DOWNTIME,False,False,False,HIGH,MAINTENANCE_RISK_REVIEW,False,Maintenance risk is review-only without dated downtime; no horizon-wide production block applied.,True,True
PHASE4-MPS-20260721170405,ALT-WIP,M-FINAL-STAND-001,WS-FINAL-ASM,,SEG-ALT-WIP-PSC-SKU-BIKE-ROAD-001-20260803-ROAD-OP-040-05,2026-10-16T08:00,2026-10-16T15:15,,,,RISK_ONLY_NO_DATED_DOWNTIME,False,False,False,HIGH,MAINTENANCE_RISK_REVIEW,False,Maintenance risk is review-only without dated downtime; no horizon-wide production block applied.,True,True
PHASE4-MPS-20260721170405,ALT-WIP,M-FINAL-STAND-001,WS-FINAL-ASM,,SEG-ALT-WIP-PSC-SKU-BIKE-ROAD-001-20260803-ROAD-OP-040-06,2026-10-19T08:00,2026-10-19T15:15,,,,RISK_ONLY_NO_DATED_DOWNTIME,False,False,False,HIGH,MAINTENANCE_RISK_REVIEW,False,Maintenance risk is review-only without dated downtime; no horizon-wide production block applied.,True,True
PHASE4-MPS-20260721170405,ALT-WIP,M-FINAL-STAND-001,WS-FINAL-ASM,,SEG-ALT-WIP-PSC-SKU-BIKE-ROAD-001-20260803-ROAD-OP-040-07,2026-10-20T08:00,2026-10-20T14:19,,,,RISK_ONLY_NO_DATED_DOWNTIME,False,False,False,HIGH,MAINTENANCE_RISK_REVIEW,False,Maintenance risk is review-only without dated downtime; no horizon-wide production block applied.,True,True
PHASE4-MPS-20260721170405,ALT-WIP,M-QC-TOOLS-001,WS-QC,,SEG-ALT-WIP-PSC-SKU-BIKE-ROAD-001-20260803-ROAD-OP-050-01,2026-10-20T14:19,2026-10-20T15:14,,,,RISK_ONLY_NO_DATED_DOWNTIME,False,False,False,HIGH,MAINTENANCE_RISK_REVIEW,False,Maintenance risk is review-only without dated downtime; no horizon-wide production block applied.,True,True
PHASE4-MPS-20260721170405,ALT-WIP,M-QC-TOOLS-001,WS-QC,,SEG-ALT-WIP-PSC-SKU-BIKE-ROAD-001-20260803-ROAD-OP-050-02,2026-10-21T08:00,2026-10-21T15:14,,,,RISK_ONLY_NO_DATED_DOWNTIME,False,False,False,HIGH,MAINTENANCE_RISK_REVIEW,False,Maintenance risk is review-only without dated downtime; no horizon-wide production block applied.,True,True
PHASE4-MPS-20260721170405,ALT-WIP,M-QC-TOOLS-001,WS-QC,,SEG-ALT-WIP-PSC-SKU-BIKE-ROAD-001-20260803-ROAD-OP-050-03,2026-10-22T08:00,2026-10-22T15:14,,,,RISK_ONLY_NO_DATED_DOWNTIME,False,False,False,HIGH,MAINTENANCE_RISK_REVIEW,False,Maintenance risk is review-only without dated downtime; no horizon-wide production block applied.,True,True
PHASE4-MPS-20260721170405,ALT-WIP,M-QC-TOOLS-001,WS-QC,,SEG-ALT-WIP-PSC-SKU-BIKE-ROAD-001-20260803-ROAD-OP-050-04,2026-10-23T08:00,2026-10-23T11:16,,,,RISK_ONLY_NO_DATED_DOWNTIME,False,False,False,HIGH,MAINTENANCE_RISK_REVIEW,False,Maintenance risk is review-only without dated downtime; no horizon-wide production block applied.,True,True
PHASE4-MPS-20260721170405,ALT-WIP,M-PACK-BENCH-001,WS-PACK,,SEG-ALT-WIP-PSC-SKU-BIKE-ROAD-001-20260803-ROAD-OP-060-01,2026-10-23T11:16,2026-10-23T15:14,,,,RISK_ONLY_NO_DATED_DOWNTIME,False,False,False,HIGH,MAINTENANCE_RISK_REVIEW,False,Maintenance risk is review-only without dated downtime; no horizon-wide production block applied.,True,True
PHASE4-MPS-20260721170405,ALT-WIP,M-FRAME-JIG-001,WS-FRAME-PREP,,SEG-ALT-WIP-PSC-SKU-BIKE-MT-001-20260810-MT-OP-010-01,2026-09-11T08:39,2026-09-11T15:14,,,,RISK_ONLY_NO_DATED_DOWNTIME,False,False,False,HIGH,MAINTENANCE_RISK_REVIEW,False,Maintenance risk is review-only without dated downtime; no horizon-wide production block applied.,True,True
PHASE4-MPS-20260721170405,ALT-WIP,M-FRAME-JIG-001,WS-FRAME-PREP,,SEG-ALT-WIP-PSC-SKU-BIKE-MT-001-20260810-MT-OP-010-02,2026-09-14T08:00,2026-09-14T15:14,,,,RISK_ONLY_NO_DATED_DOWNTIME,False,False,False,HIGH,MAINTENANCE_RISK_REVIEW,False,Maintenance risk is review-only without dated downtime; no horizon-wide production block applied.,True,True
PHASE4-MPS-20260721170405,ALT-WIP,M-FRAME-JIG-001,WS-FRAME-PREP,,SEG-ALT-WIP-PSC-SKU-BIKE-MT-001-20260810-MT-OP-010-03,2026-09-15T08:00,2026-09-15T15:14,,,,RISK_ONLY_NO_DATED_DOWNTIME,False,False,False,HIGH,MAINTENANCE_RISK_REVIEW,False,Maintenance risk is review-only without dated downtime; no horizon-wide production block applied.,True,True
PHASE4-MPS-20260721170405,ALT-WIP,M-FRAME-JIG-001,WS-FRAME-PREP,,SEG-ALT-WIP-PSC-SKU-BIKE-MT-001-20260810-MT-OP-010-04,2026-09-16T08:00,2026-09-16T14:33,,,,RISK_ONLY_NO_DATED_DOWNTIME,False,False,False,HIGH,MAINTENANCE_RISK_REVIEW,False,Maintenance risk is review-only without dated downtime; no horizon-wide production block applied.,True,True
PHASE4-MPS-20260721170405,ALT-WIP,M-FORK-BENCH-001,WS-FORK-SUSP,,SEG-ALT-WIP-PSC-SKU-BIKE-MT-001-20260810-MT-OP-020-01,2026-10-01T08:00,2026-10-01T15:15,,,,RISK_ONLY_NO_DATED_DOWNTIME,False,False,False,HIGH,MAINTENANCE_RISK_REVIEW,False,Maintenance risk is review-only without dated downtime; no horizon-wide production block applied.,True,True
PHASE4-MPS-20260721170405,ALT-WIP,M-FORK-BENCH-001,WS-FORK-SUSP,,SEG-ALT-WIP-PSC-SKU-BIKE-MT-001-20260810-MT-OP-020-02,2026-10-02T08:00,2026-10-02T15:15,,,,RISK_ONLY_NO_DATED_DOWNTIME,False,False,False,HIGH,MAINTENANCE_RISK_REVIEW,False,Maintenance risk is review-only without dated downtime; no horizon-wide production block applied.,True,True
PHASE4-MPS-20260721170405,ALT-WIP,M-FORK-BENCH-001,WS-FORK-SUSP,,SEG-ALT-WIP-PSC-SKU-BIKE-MT-001-20260810-MT-OP-020-03,2026-10-05T08:00,2026-10-05T15:15,,,,RISK_ONLY_NO_DATED_DOWNTIME,False,False,False,HIGH,MAINTENANCE_RISK_REVIEW,False,Maintenance risk is review-only without dated downtime; no horizon-wide production block applied.,True,True
PHASE4-MPS-20260721170405,ALT-WIP,M-FORK-BENCH-001,WS-FORK-SUSP,,SEG-ALT-WIP-PSC-SKU-BIKE-MT-001-20260810-MT-OP-020-04,2026-10-06T08:00,2026-10-06T15:15,,,,RISK_ONLY_NO_DATED_DOWNTIME,False,False,False,HIGH,MAINTENANCE_RISK_REVIEW,False,Maintenance risk is review-only without dated downtime; no horizon-wide production block applied.,True,True
PHASE4-MPS-20260721170405,ALT-WIP,M-FORK-BENCH-001,WS-FORK-SUSP,,SEG-ALT-WIP-PSC-SKU-BIKE-MT-001-20260810-MT-OP-020-05,2026-10-07T08:00,2026-10-07T12:32,,,,RISK_ONLY_NO_DATED_DOWNTIME,False,False,False,HIGH,MAINTENANCE_RISK_REVIEW,False,Maintenance risk is review-only without dated downtime; no horizon-wide production block applied.,True,True
PHASE4-MPS-20260721170405,ALT-WIP,M-WHEEL-TRUE-001,WS-WHEEL-SUB,,SEG-ALT-WIP-PSC-SKU-BIKE-MT-001-20260810-MT-OP-030-01,2026-10-01T08:00,2026-10-01T15:14,,,,RISK_ONLY_NO_DATED_DOWNTIME,False,False,False,HIGH,MAINTENANCE_RISK_REVIEW,False,Maintenance risk is review-only without dated downtime; no horizon-wide production block applied.,True,True
PHASE4-MPS-20260721170405,ALT-WIP,M-WHEEL-TRUE-001,WS-WHEEL-SUB,,SEG-ALT-WIP-PSC-SKU-BIKE-MT-001-20260810-MT-OP-030-02,2026-10-02T08:00,2026-10-02T15:14,,,,RISK_ONLY_NO_DATED_DOWNTIME,False,False,False,HIGH,MAINTENANCE_RISK_REVIEW,False,Maintenance risk is review-only without dated downtime; no horizon-wide production block applied.,True,True
PHASE4-MPS-20260721170405,ALT-WIP,M-WHEEL-TRUE-001,WS-WHEEL-SUB,,SEG-ALT-WIP-PSC-SKU-BIKE-MT-001-20260810-MT-OP-030-03,2026-10-05T08:00,2026-10-05T15:14,,,,RISK_ONLY_NO_DATED_DOWNTIME,False,False,False,HIGH,MAINTENANCE_RISK_REVIEW,False,Maintenance risk is review-only without dated downtime; no horizon-wide production block applied.,True,True
PHASE4-MPS-20260721170405,ALT-WIP,M-WHEEL-TRUE-001,WS-WHEEL-SUB,,SEG-ALT-WIP-PSC-SKU-BIKE-MT-001-20260810-MT-OP-030-04,2026-10-06T08:00,2026-10-06T15:14,,,,RISK_ONLY_NO_DATED_DOWNTIME,False,False,False,HIGH,MAINTENANCE_RISK_REVIEW,False,Maintenance risk is review-only without dated downtime; no horizon-wide production block applied.,True,True
PHASE4-MPS-20260721170405,ALT-WIP,M-WHEEL-TRUE-001,WS-WHEEL-SUB,,SEG-ALT-WIP-PSC-SKU-BIKE-MT-001-20260810-MT-OP-030-05,2026-10-07T08:00,2026-10-07T12:50,,,,RISK_ONLY_NO_DATED_DOWNTIME,False,False,False,HIGH,MAINTENANCE_RISK_REVIEW,False,Maintenance risk is review-only without dated downtime; no horizon-wide production block applied.,True,True
PHASE4-MPS-20260721170405,ALT-WIP,M-BRAKE-BENCH-001,WS-BRAKE-SUB,,SEG-ALT-WIP-PSC-SKU-BIKE-MT-001-20260810-MT-OP-040-01,2026-10-01T08:00,2026-10-01T15:14,,,,RISK_ONLY_NO_DATED_DOWNTIME,False,False,False,HIGH,MAINTENANCE_RISK_REVIEW,False,Maintenance risk is review-only without dated downtime; no horizon-wide production block applied.,True,True
PHASE4-MPS-20260721170405,ALT-WIP,M-BRAKE-BENCH-001,WS-BRAKE-SUB,,SEG-ALT-WIP-PSC-SKU-BIKE-MT-001-20260810-MT-OP-040-02,2026-10-02T08:00,2026-10-02T15:14,,,,RISK_ONLY_NO_DATED_DOWNTIME,False,False,False,HIGH,MAINTENANCE_RISK_REVIEW,False,Maintenance risk is review-only without dated downtime; no horizon-wide production block applied.,True,True
PHASE4-MPS-20260721170405,ALT-WIP,M-BRAKE-BENCH-001,WS-BRAKE-SUB,,SEG-ALT-WIP-PSC-SKU-BIKE-MT-001-20260810-MT-OP-040-03,2026-10-05T08:00,2026-10-05T15:14,,,,RISK_ONLY_NO_DATED_DOWNTIME,False,False,False,HIGH,MAINTENANCE_RISK_REVIEW,False,Maintenance risk is review-only without dated downtime; no horizon-wide production block applied.,True,True
PHASE4-MPS-20260721170405,ALT-WIP,M-BRAKE-BENCH-001,WS-BRAKE-SUB,,SEG-ALT-WIP-PSC-SKU-BIKE-MT-001-20260810-MT-OP-040-04,2026-10-06T08:00,2026-10-06T11:55,,,,RISK_ONLY_NO_DATED_DOWNTIME,False,False,False,HIGH,MAINTENANCE_RISK_REVIEW,False,Maintenance risk is review-only without dated downtime; no horizon-wide production block applied.,True,True
PHASE4-MPS-20260721170405,ALT-WIP,M-FINAL-STAND-001,WS-FINAL-ASM,,SEG-ALT-WIP-PSC-SKU-BIKE-MT-001-20260810-MT-OP-050-01,2026-10-20T14:19,2026-10-20T15:14,,,,RISK_ONLY_NO_DATED_DOWNTIME,False,False,False,HIGH,MAINTENANCE_RISK_REVIEW,False,Maintenance risk is review-only without dated downtime; no horizon-wide production block applied.,True,True
PHASE4-MPS-20260721170405,ALT-WIP,M-FINAL-STAND-001,WS-FINAL-ASM,,SEG-ALT-WIP-PSC-SKU-BIKE-MT-001-20260810-MT-OP-050-02,2026-10-21T08:00,2026-10-21T15:14,,,,RISK_ONLY_NO_DATED_DOWNTIME,False,False,False,HIGH,MAINTENANCE_RISK_REVIEW,False,Maintenance risk is review-only without dated downtime; no horizon-wide production block applied.,True,True
PHASE4-MPS-20260721170405,ALT-WIP,M-FINAL-STAND-001,WS-FINAL-ASM,,SEG-ALT-WIP-PSC-SKU-BIKE-MT-001-20260810-MT-OP-050-03,2026-10-22T08:00,2026-10-22T15:14,,,,RISK_ONLY_NO_DATED_DOWNTIME,False,False,False,HIGH,MAINTENANCE_RISK_REVIEW,False,Maintenance risk is review-only without dated downtime; no horizon-wide production block applied.,True,True
PHASE4-MPS-20260721170405,ALT-WIP,M-FINAL-STAND-001,WS-FINAL-ASM,,SEG-ALT-WIP-PSC-SKU-BIKE-MT-001-20260810-MT-OP-050-04,2026-10-23T08:00,2026-10-23T15:14,,,,RISK_ONLY_NO_DATED_DOWNTIME,False,False,False,HIGH,MAINTENANCE_RISK_REVIEW,False,Maintenance risk is review-only without dated downtime; no horizon-wide production block applied.,True,True
PHASE4-MPS-20260721170405,ALT-WIP,M-FRAME-JIG-001,WS-FRAME-PREP,,SEG-ALT-WIP-PSC-SKU-BIKE-ROAD-001-20260810-ROAD-OP-010-01,2026-09-22T12:49,2026-09-22T15:14,,,,RISK_ONLY_NO_DATED_DOWNTIME,False,False,False,HIGH,MAINTENANCE_RISK_REVIEW,False,Maintenance risk is review-only without dated downtime; no horizon-wide production block applied.,True,True
PHASE4-MPS-20260721170405,ALT-WIP,M-FRAME-JIG-001,WS-FRAME-PREP,,SEG-ALT-WIP-PSC-SKU-BIKE-ROAD-001-20260810-ROAD-OP-010-02,2026-09-23T08:00,2026-09-23T15:15,,,,RISK_ONLY_NO_DATED_DOWNTIME,False,False,False,HIGH,MAINTENANCE_RISK_REVIEW,False,Maintenance risk is review-only without dated downtime; no horizon-wide production block applied.,True,True
PHASE4-MPS-20260721170405,ALT-WIP,M-FRAME-JIG-001,WS-FRAME-PREP,,SEG-ALT-WIP-PSC-SKU-BIKE-ROAD-001-20260810-ROAD-OP-010-03,2026-09-24T08:00,2026-09-24T15:15,,,,RISK_ONLY_NO_DATED_DOWNTIME,False,False,False,HIGH,MAINTENANCE_RISK_REVIEW,False,Maintenance risk is review-only without dated downtime; no horizon-wide production block applied.,True,True
PHASE4-MPS-20260721170405,ALT-WIP,M-FRAME-JIG-001,WS-FRAME-PREP,,SEG-ALT-WIP-PSC-SKU-BIKE-ROAD-001-20260810-ROAD-OP-010-04,2026-09-25T08:00,2026-09-25T14:35,,,,RISK_ONLY_NO_DATED_DOWNTIME,False,False,False,HIGH,MAINTENANCE_RISK_REVIEW,False,Maintenance risk is review-only without dated downtime; no horizon-wide production block applied.,True,True
PHASE4-MPS-20260721170405,ALT-WIP,M-WHEEL-TRUE-001,WS-WHEEL-SUB,,SEG-ALT-WIP-PSC-SKU-BIKE-ROAD-001-20260810-ROAD-OP-020-01,2026-10-12T12:09,2026-10-12T15:14,,,,RISK_ONLY_NO_DATED_DOWNTIME,False,False,False,HIGH,MAINTENANCE_RISK_REVIEW,False,Maintenance risk is review-only without dated downtime; no horizon-wide production block applied.,True,True
PHASE4-MPS-20260721170405,ALT-WIP,M-WHEEL-TRUE-001,WS-WHEEL-SUB,,SEG-ALT-WIP-PSC-SKU-BIKE-ROAD-001-20260810-ROAD-OP-020-02,2026-10-13T08:00,2026-10-13T15:15,,,,RISK_ONLY_NO_DATED_DOWNTIME,False,False,False,HIGH,MAINTENANCE_RISK_REVIEW,False,Maintenance risk is review-only without dated downtime; no horizon-wide production block applied.,True,True
PHASE4-MPS-20260721170405,ALT-WIP,M-WHEEL-TRUE-001,WS-WHEEL-SUB,,SEG-ALT-WIP-PSC-SKU-BIKE-ROAD-001-20260810-ROAD-OP-020-03,2026-10-14T08:00,2026-10-14T15:15,,,,RISK_ONLY_NO_DATED_DOWNTIME,False,False,False,HIGH,MAINTENANCE_RISK_REVIEW,False,Maintenance risk is review-only without dated downtime; no horizon-wide production block applied.,True,True
PHASE4-MPS-20260721170405,ALT-WIP,M-WHEEL-TRUE-001,WS-WHEEL-SUB,,SEG-ALT-WIP-PSC-SKU-BIKE-ROAD-001-20260810-ROAD-OP-020-04,2026-10-15T08:00,2026-10-15T15:15,,,,RISK_ONLY_NO_DATED_DOWNTIME,False,False,False,HIGH,MAINTENANCE_RISK_REVIEW,False,Maintenance risk is review-only without dated downtime; no horizon-wide production block applied.,True,True
PHASE4-MPS-20260721170405,ALT-WIP,M-WHEEL-TRUE-001,WS-WHEEL-SUB,,SEG-ALT-WIP-PSC-SKU-BIKE-ROAD-001-20260810-ROAD-OP-020-05,2026-10-16T08:00,2026-10-16T12:32,,,,RISK_ONLY_NO_DATED_DOWNTIME,False,False,False,HIGH,MAINTENANCE_RISK_REVIEW,False,Maintenance risk is review-only without dated downtime; no horizon-wide production block applied.,True,True
PHASE4-MPS-20260721170405,ALT-WIP,M-BRAKE-BENCH-001,WS-BRAKE-SUB,,SEG-ALT-WIP-PSC-SKU-BIKE-ROAD-001-20260810-ROAD-OP-030-01,2026-10-12T12:09,2026-10-12T15:14,,,,RISK_ONLY_NO_DATED_DOWNTIME,False,False,False,HIGH,MAINTENANCE_RISK_REVIEW,False,Maintenance risk is review-only without dated downtime; no horizon-wide production block applied.,True,True
PHASE4-MPS-20260721170405,ALT-WIP,M-BRAKE-BENCH-001,WS-BRAKE-SUB,,SEG-ALT-WIP-PSC-SKU-BIKE-ROAD-001-20260810-ROAD-OP-030-02,2026-10-13T08:00,2026-10-13T15:14,,,,RISK_ONLY_NO_DATED_DOWNTIME,False,False,False,HIGH,MAINTENANCE_RISK_REVIEW,False,Maintenance risk is review-only without dated downtime; no horizon-wide production block applied.,True,True
PHASE4-MPS-20260721170405,ALT-WIP,M-BRAKE-BENCH-001,WS-BRAKE-SUB,,SEG-ALT-WIP-PSC-SKU-BIKE-ROAD-001-20260810-ROAD-OP-030-03,2026-10-14T08:00,2026-10-14T15:14,,,,RISK_ONLY_NO_DATED_DOWNTIME,False,False,False,HIGH,MAINTENANCE_RISK_REVIEW,False,Maintenance risk is review-only without dated downtime; no horizon-wide production block applied.,True,True
PHASE4-MPS-20260721170405,ALT-WIP,M-BRAKE-BENCH-001,WS-BRAKE-SUB,,SEG-ALT-WIP-PSC-SKU-BIKE-ROAD-001-20260810-ROAD-OP-030-04,2026-10-15T08:00,2026-10-15T11:59,,,,RISK_ONLY_NO_DATED_DOWNTIME,False,False,False,HIGH,MAINTENANCE_RISK_REVIEW,False,Maintenance risk is review-only without dated downtime; no horizon-wide production block applied.,True,True
PHASE4-MPS-20260721170405,ALT-WIP,M-WHEEL-TRUE-001,WS-WHEEL-SUB,,SEG-ALT-WIP-PSC-SKU-BIKE-MT-001-20260817-MT-OP-030-01,2026-10-01T08:00,2026-10-01T15:14,,,,RISK_ONLY_NO_DATED_DOWNTIME,False,False,False,HIGH,MAINTENANCE_RISK_REVIEW,False,Maintenance risk is review-only without dated downtime; no horizon-wide production block applied.,True,True
PHASE4-MPS-20260721170405,ALT-WIP,M-WHEEL-TRUE-001,WS-WHEEL-SUB,,SEG-ALT-WIP-PSC-SKU-BIKE-MT-001-20260817-MT-OP-030-02,2026-10-02T08:00,2026-10-02T12:08,,,,RISK_ONLY_NO_DATED_DOWNTIME,False,False,False,HIGH,MAINTENANCE_RISK_REVIEW,False,Maintenance risk is review-only without dated downtime; no horizon-wide production block applied.,True,True
PHASE4-MPS-20260721170405,ALT-WIP,M-BRAKE-BENCH-001,WS-BRAKE-SUB,,SEG-ALT-WIP-PSC-SKU-BIKE-MT-001-20260817-MT-OP-040-01,2026-10-01T08:00,2026-10-01T14:08,,,,RISK_ONLY_NO_DATED_DOWNTIME,False,False,False,HIGH,MAINTENANCE_RISK_REVIEW,False,Maintenance risk is review-only without dated downtime; no horizon-wide production block applied.,True,True
PHASE4-MPS-20260721170405,ALT-WIP,M-FRAME-JIG-001,WS-FRAME-PREP,,SEG-ALT-WIP-PSC-SKU-BIKE-ROAD-001-20260817-ROAD-OP-010-01,2026-09-02T13:44,2026-09-02T15:14,,,,RISK_ONLY_NO_DATED_DOWNTIME,False,False,False,HIGH,MAINTENANCE_RISK_REVIEW,False,Maintenance risk is review-only without dated downtime; no horizon-wide production block applied.,True,True
PHASE4-MPS-20260721170405,ALT-WIP,M-FRAME-JIG-001,WS-FRAME-PREP,,SEG-ALT-WIP-PSC-SKU-BIKE-ROAD-001-20260817-ROAD-OP-010-02,2026-09-03T08:00,2026-09-03T15:15,,,,RISK_ONLY_NO_DATED_DOWNTIME,False,False,False,HIGH,MAINTENANCE_RISK_REVIEW,False,Maintenance risk is review-only without dated downtime; no horizon-wide production block applied.,True,True
PHASE4-MPS-20260721170405,ALT-WIP,M-FRAME-JIG-001,WS-FRAME-PREP,,SEG-ALT-WIP-PSC-SKU-BIKE-ROAD-001-20260817-ROAD-OP-010-03,2026-09-04T08:00,2026-09-04T15:15,,,,RISK_ONLY_NO_DATED_DOWNTIME,False,False,False,HIGH,MAINTENANCE_RISK_REVIEW,False,Maintenance risk is review-only without dated downtime; no horizon-wide production block applied.,True,True
PHASE4-MPS-20260721170405,ALT-WIP,M-FRAME-JIG-001,WS-FRAME-PREP,,SEG-ALT-WIP-PSC-SKU-BIKE-ROAD-001-20260817-ROAD-OP-010-04,2026-09-07T08:00,2026-09-07T15:12,,,,RISK_ONLY_NO_DATED_DOWNTIME,False,False,False,HIGH,MAINTENANCE_RISK_REVIEW,False,Maintenance risk is review-only without dated downtime; no horizon-wide production block applied.,True,True
PHASE4-MPS-20260721170405,ALT-WIP,M-FRAME-JIG-001,WS-FRAME-PREP,,SEG-ALT-WIP-PSC-SKU-BIKE-MT-001-20260824-MT-OP-010-01,2026-10-01T08:00,2026-10-01T15:14,,,,RISK_ONLY_NO_DATED_DOWNTIME,False,False,False,HIGH,MAINTENANCE_RISK_REVIEW,False,Maintenance risk is review-only without dated downtime; no horizon-wide production block applied.,True,True
PHASE4-MPS-20260721170405,ALT-WIP,M-FRAME-JIG-001,WS-FRAME-PREP,,SEG-ALT-WIP-PSC-SKU-BIKE-MT-001-20260824-MT-OP-010-02,2026-10-02T08:00,2026-10-02T15:14,,,,RISK_ONLY_NO_DATED_DOWNTIME,False,False,False,HIGH,MAINTENANCE_RISK_REVIEW,False,Maintenance risk is review-only without dated downtime; no horizon-wide production block applied.,True,True
PHASE4-MPS-20260721170405,ALT-WIP,M-FRAME-JIG-001,WS-FRAME-PREP,,SEG-ALT-WIP-PSC-SKU-BIKE-MT-001-20260824-MT-OP-010-03,2026-10-05T08:00,2026-10-05T15:14,,,,RISK_ONLY_NO_DATED_DOWNTIME,False,False,False,HIGH,MAINTENANCE_RISK_REVIEW,False,Maintenance risk is review-only without dated downtime; no horizon-wide production block applied.,True,True
PHASE4-MPS-20260721170405,ALT-WIP,M-FRAME-JIG-001,WS-FRAME-PREP,,SEG-ALT-WIP-PSC-SKU-BIKE-MT-001-20260824-MT-OP-010-04,2026-10-06T08:00,2026-10-06T15:14,,,,RISK_ONLY_NO_DATED_DOWNTIME,False,False,False,HIGH,MAINTENANCE_RISK_REVIEW,False,Maintenance risk is review-only without dated downtime; no horizon-wide production block applied.,True,True
PHASE4-MPS-20260721170405,ALT-WIP,M-FRAME-JIG-001,WS-FRAME-PREP,,SEG-ALT-WIP-PSC-SKU-BIKE-MT-001-20260824-MT-OP-010-05,2026-10-07T08:00,2026-10-07T14:22,,,,RISK_ONLY_NO_DATED_DOWNTIME,False,False,False,HIGH,MAINTENANCE_RISK_REVIEW,False,Maintenance risk is review-only without dated downtime; no horizon-wide production block applied.,True,True
PHASE4-MPS-20260721170405,ALT-WIP,M-FORK-BENCH-001,WS-FORK-SUSP,,SEG-ALT-WIP-PSC-SKU-BIKE-MT-001-20260824-MT-OP-020-01,2026-10-20T14:19,2026-10-20T15:14,,,,RISK_ONLY_NO_DATED_DOWNTIME,False,False,False,HIGH,MAINTENANCE_RISK_REVIEW,False,Maintenance risk is review-only without dated downtime; no horizon-wide production block applied.,True,True
PHASE4-MPS-20260721170405,ALT-WIP,M-FORK-BENCH-001,WS-FORK-SUSP,,SEG-ALT-WIP-PSC-SKU-BIKE-MT-001-20260824-MT-OP-020-02,2026-10-21T08:00,2026-10-21T15:15,,,,RISK_ONLY_NO_DATED_DOWNTIME,False,False,False,HIGH,MAINTENANCE_RISK_REVIEW,False,Maintenance risk is review-only without dated downtime; no horizon-wide production block applied.,True,True
PHASE4-MPS-20260721170405,ALT-WIP,M-FORK-BENCH-001,WS-FORK-SUSP,,SEG-ALT-WIP-PSC-SKU-BIKE-MT-001-20260824-MT-OP-020-03,2026-10-22T08:00,2026-10-22T15:15,,,,RISK_ONLY_NO_DATED_DOWNTIME,False,False,False,HIGH,MAINTENANCE_RISK_REVIEW,False,Maintenance risk is review-only without dated downtime; no horizon-wide production block applied.,True,True
PHASE4-MPS-20260721170405,ALT-WIP,M-FORK-BENCH-001,WS-FORK-SUSP,,SEG-ALT-WIP-PSC-SKU-BIKE-MT-001-20260824-MT-OP-020-04,2026-10-23T08:00,2026-10-23T15:15,,,,RISK_ONLY_NO_DATED_DOWNTIME,False,False,False,HIGH,MAINTENANCE_RISK_REVIEW,False,Maintenance risk is review-only without dated downtime; no horizon-wide production block applied.,True,True
PHASE4-MPS-20260721170405,ALT-WIP,M-WHEEL-TRUE-001,WS-WHEEL-SUB,,SEG-ALT-WIP-PSC-SKU-BIKE-MT-001-20260824-MT-OP-030-01,2026-10-20T14:19,2026-10-20T15:14,,,,RISK_ONLY_NO_DATED_DOWNTIME,False,False,False,HIGH,MAINTENANCE_RISK_REVIEW,False,Maintenance risk is review-only without dated downtime; no horizon-wide production block applied.,True,True
PHASE4-MPS-20260721170405,ALT-WIP,M-WHEEL-TRUE-001,WS-WHEEL-SUB,,SEG-ALT-WIP-PSC-SKU-BIKE-MT-001-20260824-MT-OP-030-02,2026-10-21T08:00,2026-10-21T15:14,,,,RISK_ONLY_NO_DATED_DOWNTIME,False,False,False,HIGH,MAINTENANCE_RISK_REVIEW,False,Maintenance risk is review-only without dated downtime; no horizon-wide production block applied.,True,True
PHASE4-MPS-20260721170405,ALT-WIP,M-WHEEL-TRUE-001,WS-WHEEL-SUB,,SEG-ALT-WIP-PSC-SKU-BIKE-MT-001-20260824-MT-OP-030-03,2026-10-22T08:00,2026-10-22T13:35,,,,RISK_ONLY_NO_DATED_DOWNTIME,False,False,False,HIGH,MAINTENANCE_RISK_REVIEW,False,Maintenance risk is review-only without dated downtime; no horizon-wide production block applied.,True,True
PHASE4-MPS-20260721170405,ALT-WIP,M-BRAKE-BENCH-001,WS-BRAKE-SUB,,SEG-ALT-WIP-PSC-SKU-BIKE-MT-001-20260824-MT-OP-040-01,2026-10-20T14:19,2026-10-20T15:14,,,,RISK_ONLY_NO_DATED_DOWNTIME,False,False,False,HIGH,MAINTENANCE_RISK_REVIEW,False,Maintenance risk is review-only without dated downtime; no horizon-wide production block applied.,True,True
PHASE4-MPS-20260721170405,ALT-WIP,M-BRAKE-BENCH-001,WS-BRAKE-SUB,,SEG-ALT-WIP-PSC-SKU-BIKE-MT-001-20260824-MT-OP-040-02,2026-10-21T08:00,2026-10-21T15:14,,,,RISK_ONLY_NO_DATED_DOWNTIME,False,False,False,HIGH,MAINTENANCE_RISK_REVIEW,False,Maintenance risk is review-only without dated downtime; no horizon-wide production block applied.,True,True
PHASE4-MPS-20260721170405,ALT-WIP,M-BRAKE-BENCH-001,WS-BRAKE-SUB,,SEG-ALT-WIP-PSC-SKU-BIKE-MT-001-20260824-MT-OP-040-03,2026-10-22T08:00,2026-10-22T10:14,,,,RISK_ONLY_NO_DATED_DOWNTIME,False,False,False,HIGH,MAINTENANCE_RISK_REVIEW,False,Maintenance risk is review-only without dated downtime; no horizon-wide production block applied.,True,True
PHASE4-MPS-20260721170405,ALT-WIP,M-FRAME-JIG-001,WS-FRAME-PREP,,SEG-ALT-WIP-PSC-SKU-BIKE-MT-001-20260831-MT-OP-010-01,2026-10-01T08:00,2026-10-01T15:14,,,,RISK_ONLY_NO_DATED_DOWNTIME,False,False,False,HIGH,MAINTENANCE_RISK_REVIEW,False,Maintenance risk is review-only without dated downtime; no horizon-wide production block applied.,True,True
PHASE4-MPS-20260721170405,ALT-WIP,M-FRAME-JIG-001,WS-FRAME-PREP,,SEG-ALT-WIP-PSC-SKU-BIKE-MT-001-20260831-MT-OP-010-02,2026-10-02T08:00,2026-10-02T15:14,,,,RISK_ONLY_NO_DATED_DOWNTIME,False,False,False,HIGH,MAINTENANCE_RISK_REVIEW,False,Maintenance risk is review-only without dated downtime; no horizon-wide production block applied.,True,True
PHASE4-MPS-20260721170405,ALT-WIP,M-FRAME-JIG-001,WS-FRAME-PREP,,SEG-ALT-WIP-PSC-SKU-BIKE-MT-001-20260831-MT-OP-010-03,2026-10-05T08:00,2026-10-05T15:14,,,,RISK_ONLY_NO_DATED_DOWNTIME,False,False,False,HIGH,MAINTENANCE_RISK_REVIEW,False,Maintenance risk is review-only without dated downtime; no horizon-wide production block applied.,True,True
PHASE4-MPS-20260721170405,ALT-WIP,M-FRAME-JIG-001,WS-FRAME-PREP,,SEG-ALT-WIP-PSC-SKU-BIKE-MT-001-20260831-MT-OP-010-04,2026-10-06T08:00,2026-10-06T15:14,,,,RISK_ONLY_NO_DATED_DOWNTIME,False,False,False,HIGH,MAINTENANCE_RISK_REVIEW,False,Maintenance risk is review-only without dated downtime; no horizon-wide production block applied.,True,True
PHASE4-MPS-20260721170405,ALT-WIP,M-FRAME-JIG-001,WS-FRAME-PREP,,SEG-ALT-WIP-PSC-SKU-BIKE-MT-001-20260831-MT-OP-010-05,2026-10-07T08:00,2026-10-07T14:04,,,,RISK_ONLY_NO_DATED_DOWNTIME,False,False,False,HIGH,MAINTENANCE_RISK_REVIEW,False,Maintenance risk is review-only without dated downtime; no horizon-wide production block applied.,True,True
PHASE4-MPS-20260721170405,ALT-WIP,M-FORK-BENCH-001,WS-FORK-SUSP,,SEG-ALT-WIP-PSC-SKU-BIKE-MT-001-20260831-MT-OP-020-01,2026-10-07T14:04,2026-10-07T15:14,,,,RISK_ONLY_NO_DATED_DOWNTIME,False,False,False,HIGH,MAINTENANCE_RISK_REVIEW,False,Maintenance risk is review-only without dated downtime; no horizon-wide production block applied.,True,True
PHASE4-MPS-20260721170405,ALT-WIP,M-FORK-BENCH-001,WS-FORK-SUSP,,SEG-ALT-WIP-PSC-SKU-BIKE-MT-001-20260831-MT-OP-020-02,2026-10-08T08:00,2026-10-08T11:50,,,,RISK_ONLY_NO_DATED_DOWNTIME,False,False,False,HIGH,MAINTENANCE_RISK_REVIEW,False,Maintenance risk is review-only without dated downtime; no horizon-wide production block applied.,True,True
PHASE4-MPS-20260721170405,ALT-WIP,M-FRAME-JIG-001,WS-FRAME-PREP,,SEG-ALT-WIP-PSC-SKU-BIKE-ROAD-001-20260831-ROAD-OP-010-01,2026-10-12T12:09,2026-10-12T15:14,,,,RISK_ONLY_NO_DATED_DOWNTIME,False,False,False,HIGH,MAINTENANCE_RISK_REVIEW,False,Maintenance risk is review-only without dated downtime; no horizon-wide production block applied.,True,True
PHASE4-MPS-20260721170405,ALT-WIP,M-FRAME-JIG-001,WS-FRAME-PREP,,SEG-ALT-WIP-PSC-SKU-BIKE-ROAD-001-20260831-ROAD-OP-010-02,2026-10-13T08:00,2026-10-13T15:15,,,,RISK_ONLY_NO_DATED_DOWNTIME,False,False,False,HIGH,MAINTENANCE_RISK_REVIEW,False,Maintenance risk is review-only without dated downtime; no horizon-wide production block applied.,True,True
PHASE4-MPS-20260721170405,ALT-WIP,M-FRAME-JIG-001,WS-FRAME-PREP,,SEG-ALT-WIP-PSC-SKU-BIKE-ROAD-001-20260831-ROAD-OP-010-03,2026-10-14T08:00,2026-10-14T15:15,,,,RISK_ONLY_NO_DATED_DOWNTIME,False,False,False,HIGH,MAINTENANCE_RISK_REVIEW,False,Maintenance risk is review-only without dated downtime; no horizon-wide production block applied.,True,True
PHASE4-MPS-20260721170405,ALT-WIP,M-FRAME-JIG-001,WS-FRAME-PREP,,SEG-ALT-WIP-PSC-SKU-BIKE-ROAD-001-20260831-ROAD-OP-010-04,2026-10-15T08:00,2026-10-15T13:55,,,,RISK_ONLY_NO_DATED_DOWNTIME,False,False,False,HIGH,MAINTENANCE_RISK_REVIEW,False,Maintenance risk is review-only without dated downtime; no horizon-wide production block applied.,True,True
PHASE4-MPS-20260721170405,ALT-WIP,M-FRAME-JIG-001,WS-FRAME-PREP,,SEG-ALT-WIP-PSC-SKU-BIKE-MT-001-20260907-MT-OP-010-01,2026-09-11T08:39,2026-09-11T15:14,,,,RISK_ONLY_NO_DATED_DOWNTIME,False,False,False,HIGH,MAINTENANCE_RISK_REVIEW,False,Maintenance risk is review-only without dated downtime; no horizon-wide production block applied.,True,True
PHASE4-MPS-20260721170405,ALT-WIP,M-FRAME-JIG-001,WS-FRAME-PREP,,SEG-ALT-WIP-PSC-SKU-BIKE-MT-001-20260907-MT-OP-010-02,2026-09-14T08:00,2026-09-14T12:53,,,,RISK_ONLY_NO_DATED_DOWNTIME,False,False,False,HIGH,MAINTENANCE_RISK_REVIEW,False,Maintenance risk is review-only without dated downtime; no horizon-wide production block applied.,True,True
PHASE4-MPS-20260721170405,ALT-WIP,M-FRAME-JIG-001,WS-FRAME-PREP,,SEG-ALT-WIP-PSC-SKU-BIKE-MT-001-20260914-MT-OP-010-01,2026-09-14T12:53,2026-09-14T15:14,,,,RISK_ONLY_NO_DATED_DOWNTIME,False,False,False,HIGH,MAINTENANCE_RISK_REVIEW,False,Maintenance risk is review-only without dated downtime; no horizon-wide production block applied.,True,True
PHASE4-MPS-20260721170405,ALT-WIP,M-FRAME-JIG-001,WS-FRAME-PREP,,SEG-ALT-WIP-PSC-SKU-BIKE-MT-001-20260914-MT-OP-010-02,2026-09-15T08:00,2026-09-15T15:14,,,,RISK_ONLY_NO_DATED_DOWNTIME,False,False,False,HIGH,MAINTENANCE_RISK_REVIEW,False,Maintenance risk is review-only without dated downtime; no horizon-wide production block applied.,True,True
PHASE4-MPS-20260721170405,ALT-WIP,M-FRAME-JIG-001,WS-FRAME-PREP,,SEG-ALT-WIP-PSC-SKU-BIKE-MT-001-20260914-MT-OP-010-03,2026-09-16T08:00,2026-09-16T09:33,,,,RISK_ONLY_NO_DATED_DOWNTIME,False,False,False,HIGH,MAINTENANCE_RISK_REVIEW,False,Maintenance risk is review-only without dated downtime; no horizon-wide production block applied.,True,True
PHASE4-MPS-20260721170405,ALT-WIP,M-FRAME-JIG-001,WS-FRAME-PREP,,SEG-ALT-WIP-PSC-SKU-BIKE-MT-001-20260921-MT-OP-010-01,2026-10-20T14:19,2026-10-20T15:14,,,,RISK_ONLY_NO_DATED_DOWNTIME,False,False,False,HIGH,MAINTENANCE_RISK_REVIEW,False,Maintenance risk is review-only without dated downtime; no horizon-wide production block applied.,True,True
PHASE4-MPS-20260721170405,ALT-WIP,M-FRAME-JIG-001,WS-FRAME-PREP,,SEG-ALT-WIP-PSC-SKU-BIKE-MT-001-20260921-MT-OP-010-02,2026-10-21T08:00,2026-10-21T15:14,,,,RISK_ONLY_NO_DATED_DOWNTIME,False,False,False,HIGH,MAINTENANCE_RISK_REVIEW,False,Maintenance risk is review-only without dated downtime; no horizon-wide production block applied.,True,True
PHASE4-MPS-20260721170405,ALT-WIP,M-FRAME-JIG-001,WS-FRAME-PREP,,SEG-ALT-WIP-PSC-SKU-BIKE-MT-001-20260921-MT-OP-010-03,2026-10-22T08:00,2026-10-22T11:00,,,,RISK_ONLY_NO_DATED_DOWNTIME,False,False,False,HIGH,MAINTENANCE_RISK_REVIEW,False,Maintenance risk is review-only without dated downtime; no horizon-wide production block applied.,True,True
PHASE4-MPS-20260721170405,ALT-WIP,M-FRAME-JIG-001,WS-FRAME-PREP,,SEG-ALT-WIP-PSC-SKU-BIKE-MT-001-20260928-MT-OP-010-01,2026-10-20T14:19,2026-10-20T15:14,,,,RISK_ONLY_NO_DATED_DOWNTIME,False,False,False,HIGH,MAINTENANCE_RISK_REVIEW,False,Maintenance risk is review-only without dated downtime; no horizon-wide production block applied.,True,True
PHASE4-MPS-20260721170405,ALT-WIP,M-FRAME-JIG-001,WS-FRAME-PREP,,SEG-ALT-WIP-PSC-SKU-BIKE-MT-001-20260928-MT-OP-010-02,2026-10-21T08:00,2026-10-21T12:05,,,,RISK_ONLY_NO_DATED_DOWNTIME,False,False,False,HIGH,MAINTENANCE_RISK_REVIEW,False,Maintenance risk is review-only without dated downtime; no horizon-wide production block applied.,True,True
PHASE4-MPS-20260721170405,ALT-WIP,M-FORK-BENCH-001,WS-FORK-SUSP,,SEG-ALT-WIP-PSC-SKU-BIKE-MT-001-20260928-MT-OP-020-01,2026-09-14T12:53,2026-09-14T15:14,,,,RISK_ONLY_NO_DATED_DOWNTIME,False,False,False,HIGH,MAINTENANCE_RISK_REVIEW,False,Maintenance risk is review-only without dated downtime; no horizon-wide production block applied.,True,True
PHASE4-MPS-20260721170405,ALT-WIP,M-FORK-BENCH-001,WS-FORK-SUSP,,SEG-ALT-WIP-PSC-SKU-BIKE-MT-001-20260928-MT-OP-020-02,2026-09-15T08:00,2026-09-15T11:47,,,,RISK_ONLY_NO_DATED_DOWNTIME,False,False,False,HIGH,MAINTENANCE_RISK_REVIEW,False,Maintenance risk is review-only without dated downtime; no horizon-wide production block applied.,True,True
PHASE4-MPS-20260721170405,ALT-WIP,M-WHEEL-TRUE-001,WS-WHEEL-SUB,,SEG-ALT-WIP-PSC-SKU-BIKE-MT-001-20260928-MT-OP-030-01,2026-09-14T12:53,2026-09-14T15:14,,,,RISK_ONLY_NO_DATED_DOWNTIME,False,False,False,HIGH,MAINTENANCE_RISK_REVIEW,False,Maintenance risk is review-only without dated downtime; no horizon-wide production block applied.,True,True
PHASE4-MPS-20260721170405,ALT-WIP,M-WHEEL-TRUE-001,WS-WHEEL-SUB,,SEG-ALT-WIP-PSC-SKU-BIKE-MT-001-20260928-MT-OP-030-02,2026-09-15T08:00,2026-09-15T11:48,,,,RISK_ONLY_NO_DATED_DOWNTIME,False,False,False,HIGH,MAINTENANCE_RISK_REVIEW,False,Maintenance risk is review-only without dated downtime; no horizon-wide production block applied.,True,True
PHASE4-MPS-20260721170405,ALT-WIP,M-BRAKE-BENCH-001,WS-BRAKE-SUB,,SEG-ALT-WIP-PSC-SKU-BIKE-MT-001-20260928-MT-OP-040-01,2026-09-14T12:53,2026-09-14T15:14,,,,RISK_ONLY_NO_DATED_DOWNTIME,False,False,False,HIGH,MAINTENANCE_RISK_REVIEW,False,Maintenance risk is review-only without dated downtime; no horizon-wide production block applied.,True,True
PHASE4-MPS-20260721170405,ALT-WIP,M-BRAKE-BENCH-001,WS-BRAKE-SUB,,SEG-ALT-WIP-PSC-SKU-BIKE-MT-001-20260928-MT-OP-040-02,2026-09-15T08:00,2026-09-15T10:18,,,,RISK_ONLY_NO_DATED_DOWNTIME,False,False,False,HIGH,MAINTENANCE_RISK_REVIEW,False,Maintenance risk is review-only without dated downtime; no horizon-wide production block applied.,True,True
PHASE4-MPS-20260721170405,ALT-WIP,M-FINAL-STAND-001,WS-FINAL-ASM,,SEG-ALT-WIP-PSC-SKU-BIKE-MT-001-20260928-MT-OP-050-01,2026-09-30T14:59,2026-09-30T15:14,,,,RISK_ONLY_NO_DATED_DOWNTIME,False,False,False,HIGH,MAINTENANCE_RISK_REVIEW,False,Maintenance risk is review-only without dated downtime; no horizon-wide production block applied.,True,True
PHASE4-MPS-20260721170405,ALT-WIP,M-FRAME-JIG-001,WS-FRAME-PREP,,SEG-ALT-WIP-PSC-SKU-BIKE-ROAD-001-20260928-ROAD-OP-010-01,2026-10-12T12:09,2026-10-12T15:14,,,,RISK_ONLY_NO_DATED_DOWNTIME,False,False,False,HIGH,MAINTENANCE_RISK_REVIEW,False,Maintenance risk is review-only without dated downtime; no horizon-wide production block applied.,True,True
PHASE4-MPS-20260721170405,ALT-WIP,M-FRAME-JIG-001,WS-FRAME-PREP,,SEG-ALT-WIP-PSC-SKU-BIKE-ROAD-001-20260928-ROAD-OP-010-02,2026-10-13T08:00,2026-10-13T10:42,,,,RISK_ONLY_NO_DATED_DOWNTIME,False,False,False,HIGH,MAINTENANCE_RISK_REVIEW,False,Maintenance risk is review-only without dated downtime; no horizon-wide production block applied.,True,True
PHASE4-MPS-20260721170405,ALT-WIP,M-WHEEL-TRUE-001,WS-WHEEL-SUB,,SEG-ALT-WIP-PSC-SKU-BIKE-ROAD-001-20260928-ROAD-OP-020-01,2026-09-22T12:49,2026-09-22T15:14,,,,RISK_ONLY_NO_DATED_DOWNTIME,False,False,False,HIGH,MAINTENANCE_RISK_REVIEW,False,Maintenance risk is review-only without dated downtime; no horizon-wide production block applied.,True,True
PHASE4-MPS-20260721170405,ALT-WIP,M-WHEEL-TRUE-001,WS-WHEEL-SUB,,SEG-ALT-WIP-PSC-SKU-BIKE-ROAD-001-20260928-ROAD-OP-020-02,2026-09-23T08:00,2026-09-23T12:38,,,,RISK_ONLY_NO_DATED_DOWNTIME,False,False,False,HIGH,MAINTENANCE_RISK_REVIEW,False,Maintenance risk is review-only without dated downtime; no horizon-wide production block applied.,True,True
PHASE4-MPS-20260721170405,ALT-WIP,M-BRAKE-BENCH-001,WS-BRAKE-SUB,,SEG-ALT-WIP-PSC-SKU-BIKE-ROAD-001-20260928-ROAD-OP-030-01,2026-09-22T12:49,2026-09-22T15:14,,,,RISK_ONLY_NO_DATED_DOWNTIME,False,False,False,HIGH,MAINTENANCE_RISK_REVIEW,False,Maintenance risk is review-only without dated downtime; no horizon-wide production block applied.,True,True
PHASE4-MPS-20260721170405,ALT-WIP,M-BRAKE-BENCH-001,WS-BRAKE-SUB,,SEG-ALT-WIP-PSC-SKU-BIKE-ROAD-001-20260928-ROAD-OP-030-02,2026-09-23T08:00,2026-09-23T10:49,,,,RISK_ONLY_NO_DATED_DOWNTIME,False,False,False,HIGH,MAINTENANCE_RISK_REVIEW,False,Maintenance risk is review-only without dated downtime; no horizon-wide production block applied.,True,True
PHASE4-MPS-20260721170405,ALT-MAINT,M-FRAME-JIG-001,WS-FRAME-PREP,,SEG-ALT-MAINT-PSC-SKU-BIKE-MT-001-20260629-MT-OP-010-01,2026-06-29T08:00,2026-06-29T15:14,,,,RISK_ONLY_NO_DATED_DOWNTIME,False,False,False,HIGH,MAINTENANCE_RISK_REVIEW,False,Maintenance risk is review-only without dated downtime; no horizon-wide production block applied.,True,True
PHASE4-MPS-20260721170405,ALT-MAINT,M-FRAME-JIG-001,WS-FRAME-PREP,,SEG-ALT-MAINT-PSC-SKU-BIKE-MT-001-20260629-MT-OP-010-02,2026-06-30T08:00,2026-06-30T15:14,,,,RISK_ONLY_NO_DATED_DOWNTIME,False,False,False,HIGH,MAINTENANCE_RISK_REVIEW,False,Maintenance risk is review-only without dated downtime; no horizon-wide production block applied.,True,True
PHASE4-MPS-20260721170405,ALT-MAINT,M-FRAME-JIG-001,WS-FRAME-PREP,,SEG-ALT-MAINT-PSC-SKU-BIKE-MT-001-20260629-MT-OP-010-03,2026-07-01T08:00,2026-07-01T12:37,,,,RISK_ONLY_NO_DATED_DOWNTIME,False,False,False,HIGH,MAINTENANCE_RISK_REVIEW,False,Maintenance risk is review-only without dated downtime; no horizon-wide production block applied.,True,True
PHASE4-MPS-20260721170405,ALT-MAINT,M-FORK-BENCH-001,WS-FORK-SUSP,,SEG-ALT-MAINT-PSC-SKU-BIKE-MT-001-20260629-MT-OP-020-01,2026-07-01T12:37,2026-07-01T15:14,,,,RISK_ONLY_NO_DATED_DOWNTIME,False,False,False,HIGH,MAINTENANCE_RISK_REVIEW,False,Maintenance risk is review-only without dated downtime; no horizon-wide production block applied.,True,True
PHASE4-MPS-20260721170405,ALT-MAINT,M-FORK-BENCH-001,WS-FORK-SUSP,,SEG-ALT-MAINT-PSC-SKU-BIKE-MT-001-20260629-MT-OP-020-02,2026-07-02T08:00,2026-07-02T15:15,,,,RISK_ONLY_NO_DATED_DOWNTIME,False,False,False,HIGH,MAINTENANCE_RISK_REVIEW,False,Maintenance risk is review-only without dated downtime; no horizon-wide production block applied.,True,True
PHASE4-MPS-20260721170405,ALT-MAINT,M-FORK-BENCH-001,WS-FORK-SUSP,,SEG-ALT-MAINT-PSC-SKU-BIKE-MT-001-20260629-MT-OP-020-03,2026-07-03T08:00,2026-07-03T15:15,,,,RISK_ONLY_NO_DATED_DOWNTIME,False,False,False,HIGH,MAINTENANCE_RISK_REVIEW,False,Maintenance risk is review-only without dated downtime; no horizon-wide production block applied.,True,True
PHASE4-MPS-20260721170405,ALT-MAINT,M-FORK-BENCH-001,WS-FORK-SUSP,,SEG-ALT-MAINT-PSC-SKU-BIKE-MT-001-20260629-MT-OP-020-04,2026-07-06T08:00,2026-07-06T14:21,,,,RISK_ONLY_NO_DATED_DOWNTIME,False,False,False,HIGH,MAINTENANCE_RISK_REVIEW,False,Maintenance risk is review-only without dated downtime; no horizon-wide production block applied.,True,True
PHASE4-MPS-20260721170405,ALT-MAINT,M-WHEEL-TRUE-001,WS-WHEEL-SUB,,SEG-ALT-MAINT-PSC-SKU-BIKE-MT-001-20260629-MT-OP-030-01,2026-07-01T12:37,2026-07-01T15:14,,,,RISK_ONLY_NO_DATED_DOWNTIME,False,False,False,HIGH,MAINTENANCE_RISK_REVIEW,False,Maintenance risk is review-only without dated downtime; no horizon-wide production block applied.,True,True
PHASE4-MPS-20260721170405,ALT-MAINT,M-WHEEL-TRUE-001,WS-WHEEL-SUB,,SEG-ALT-MAINT-PSC-SKU-BIKE-MT-001-20260629-MT-OP-030-02,2026-07-02T08:00,2026-07-02T15:14,,,,RISK_ONLY_NO_DATED_DOWNTIME,False,False,False,HIGH,MAINTENANCE_RISK_REVIEW,False,Maintenance risk is review-only without dated downtime; no horizon-wide production block applied.,True,True
PHASE4-MPS-20260721170405,ALT-MAINT,M-WHEEL-TRUE-001,WS-WHEEL-SUB,,SEG-ALT-MAINT-PSC-SKU-BIKE-MT-001-20260629-MT-OP-030-03,2026-07-03T08:00,2026-07-03T15:14,,,,RISK_ONLY_NO_DATED_DOWNTIME,False,False,False,HIGH,MAINTENANCE_RISK_REVIEW,False,Maintenance risk is review-only without dated downtime; no horizon-wide production block applied.,True,True
PHASE4-MPS-20260721170405,ALT-MAINT,M-WHEEL-TRUE-001,WS-WHEEL-SUB,,SEG-ALT-MAINT-PSC-SKU-BIKE-MT-001-20260629-MT-OP-030-04,2026-07-06T08:00,2026-07-06T14:26,,,,RISK_ONLY_NO_DATED_DOWNTIME,False,False,False,HIGH,MAINTENANCE_RISK_REVIEW,False,Maintenance risk is review-only without dated downtime; no horizon-wide production block applied.,True,True
PHASE4-MPS-20260721170405,ALT-MAINT,M-BRAKE-BENCH-001,WS-BRAKE-SUB,,SEG-ALT-MAINT-PSC-SKU-BIKE-MT-001-20260629-MT-OP-040-01,2026-07-01T12:37,2026-07-01T15:14,,,,RISK_ONLY_NO_DATED_DOWNTIME,False,False,False,HIGH,MAINTENANCE_RISK_REVIEW,False,Maintenance risk is review-only without dated downtime; no horizon-wide production block applied.,True,True
PHASE4-MPS-20260721170405,ALT-MAINT,M-BRAKE-BENCH-001,WS-BRAKE-SUB,,SEG-ALT-MAINT-PSC-SKU-BIKE-MT-001-20260629-MT-OP-040-02,2026-07-02T08:00,2026-07-02T15:15,,,,RISK_ONLY_NO_DATED_DOWNTIME,False,False,False,HIGH,MAINTENANCE_RISK_REVIEW,False,Maintenance risk is review-only without dated downtime; no horizon-wide production block applied.,True,True
PHASE4-MPS-20260721170405,ALT-MAINT,M-BRAKE-BENCH-001,WS-BRAKE-SUB,,SEG-ALT-MAINT-PSC-SKU-BIKE-MT-001-20260629-MT-OP-040-03,2026-07-03T08:00,2026-07-03T15:15,,,,RISK_ONLY_NO_DATED_DOWNTIME,False,False,False,HIGH,MAINTENANCE_RISK_REVIEW,False,Maintenance risk is review-only without dated downtime; no horizon-wide production block applied.,True,True
PHASE4-MPS-20260721170405,ALT-MAINT,M-BRAKE-BENCH-001,WS-BRAKE-SUB,,SEG-ALT-MAINT-PSC-SKU-BIKE-MT-001-20260629-MT-OP-040-04,2026-07-06T08:00,2026-07-06T08:42,,,,RISK_ONLY_NO_DATED_DOWNTIME,False,False,False,HIGH,MAINTENANCE_RISK_REVIEW,False,Maintenance risk is review-only without dated downtime; no horizon-wide production block applied.,True,True
PHASE4-MPS-20260721170405,ALT-MAINT,M-FINAL-STAND-001,WS-FINAL-ASM,,SEG-ALT-MAINT-PSC-SKU-BIKE-MT-001-20260629-MT-OP-050-01,2026-07-06T14:21,2026-07-06T15:14,,,,RISK_ONLY_NO_DATED_DOWNTIME,False,False,False,HIGH,MAINTENANCE_RISK_REVIEW,False,Maintenance risk is review-only without dated downtime; no horizon-wide production block applied.,True,True
PHASE4-MPS-20260721170405,ALT-MAINT,M-FINAL-STAND-001,WS-FINAL-ASM,,SEG-ALT-MAINT-PSC-SKU-BIKE-MT-001-20260629-MT-OP-050-02,2026-07-07T08:00,2026-07-07T15:14,,,,RISK_ONLY_NO_DATED_DOWNTIME,False,False,False,HIGH,MAINTENANCE_RISK_REVIEW,False,Maintenance risk is review-only without dated downtime; no horizon-wide production block applied.,True,True
PHASE4-MPS-20260721170405,ALT-MAINT,M-FINAL-STAND-001,WS-FINAL-ASM,,SEG-ALT-MAINT-PSC-SKU-BIKE-MT-001-20260629-MT-OP-050-03,2026-07-08T08:00,2026-07-08T15:14,,,,RISK_ONLY_NO_DATED_DOWNTIME,False,False,False,HIGH,MAINTENANCE_RISK_REVIEW,False,Maintenance risk is review-only without dated downtime; no horizon-wide production block applied.,True,True
PHASE4-MPS-20260721170405,ALT-MAINT,M-FINAL-STAND-001,WS-FINAL-ASM,,SEG-ALT-MAINT-PSC-SKU-BIKE-MT-001-20260629-MT-OP-050-04,2026-07-09T08:00,2026-07-09T15:14,,,,RISK_ONLY_NO_DATED_DOWNTIME,False,False,False,HIGH,MAINTENANCE_RISK_REVIEW,False,Maintenance risk is review-only without dated downtime; no horizon-wide production block applied.,True,True
PHASE4-MPS-20260721170405,ALT-MAINT,M-FINAL-STAND-001,WS-FINAL-ASM,,SEG-ALT-MAINT-PSC-SKU-BIKE-MT-001-20260629-MT-OP-050-05,2026-07-10T08:00,2026-07-10T15:14,,,,RISK_ONLY_NO_DATED_DOWNTIME,False,False,False,HIGH,MAINTENANCE_RISK_REVIEW,False,Maintenance risk is review-only without dated downtime; no horizon-wide production block applied.,True,True
PHASE4-MPS-20260721170405,ALT-MAINT,M-FINAL-STAND-001,WS-FINAL-ASM,,SEG-ALT-MAINT-PSC-SKU-BIKE-MT-001-20260629-MT-OP-050-06,2026-07-13T08:00,2026-07-13T15:14,,,,RISK_ONLY_NO_DATED_DOWNTIME,False,False,False,HIGH,MAINTENANCE_RISK_REVIEW,False,Maintenance risk is review-only without dated downtime; no horizon-wide production block applied.,True,True
PHASE4-MPS-20260721170405,ALT-MAINT,M-FINAL-STAND-001,WS-FINAL-ASM,,SEG-ALT-MAINT-PSC-SKU-BIKE-MT-001-20260629-MT-OP-050-07,2026-07-14T08:00,2026-07-14T08:59,,,,RISK_ONLY_NO_DATED_DOWNTIME,False,False,False,HIGH,MAINTENANCE_RISK_REVIEW,False,Maintenance risk is review-only without dated downtime; no horizon-wide production block applied.,True,True
PHASE4-MPS-20260721170405,ALT-MAINT,M-QC-TOOLS-001,WS-QC,,SEG-ALT-MAINT-PSC-SKU-BIKE-MT-001-20260629-MT-OP-060-01,2026-07-14T08:59,2026-07-14T15:14,,,,RISK_ONLY_NO_DATED_DOWNTIME,False,False,False,HIGH,MAINTENANCE_RISK_REVIEW,False,Maintenance risk is review-only without dated downtime; no horizon-wide production block applied.,True,True
PHASE4-MPS-20260721170405,ALT-MAINT,M-QC-TOOLS-001,WS-QC,,SEG-ALT-MAINT-PSC-SKU-BIKE-MT-001-20260629-MT-OP-060-02,2026-07-15T08:00,2026-07-15T15:15,,,,RISK_ONLY_NO_DATED_DOWNTIME,False,False,False,HIGH,MAINTENANCE_RISK_REVIEW,False,Maintenance risk is review-only without dated downtime; no horizon-wide production block applied.,True,True
PHASE4-MPS-20260721170405,ALT-MAINT,M-QC-TOOLS-001,WS-QC,,SEG-ALT-MAINT-PSC-SKU-BIKE-MT-001-20260629-MT-OP-060-03,2026-07-16T08:00,2026-07-16T10:20,,,,RISK_ONLY_NO_DATED_DOWNTIME,False,False,False,HIGH,MAINTENANCE_RISK_REVIEW,False,Maintenance risk is review-only without dated downtime; no horizon-wide production block applied.,True,True
PHASE4-MPS-20260721170405,ALT-MAINT,M-PACK-BENCH-001,WS-PACK,,SEG-ALT-MAINT-PSC-SKU-BIKE-MT-001-20260629-MT-OP-070-01,2026-07-16T10:20,2026-07-16T15:14,,,,RISK_ONLY_NO_DATED_DOWNTIME,False,False,False,HIGH,MAINTENANCE_RISK_REVIEW,False,Maintenance risk is review-only without dated downtime; no horizon-wide production block applied.,True,True
PHASE4-MPS-20260721170405,ALT-MAINT,M-PACK-BENCH-001,WS-PACK,,SEG-ALT-MAINT-PSC-SKU-BIKE-MT-001-20260629-MT-OP-070-02,2026-07-17T08:00,2026-07-17T15:04,,,,RISK_ONLY_NO_DATED_DOWNTIME,False,False,False,HIGH,MAINTENANCE_RISK_REVIEW,False,Maintenance risk is review-only without dated downtime; no horizon-wide production block applied.,True,True
PHASE4-MPS-20260721170405,ALT-MAINT,M-FRAME-JIG-001,WS-FRAME-PREP,,SEG-ALT-MAINT-PSC-SKU-BIKE-ROAD-001-20260629-ROAD-OP-010-01,2026-06-29T08:00,2026-06-29T15:14,,,,RISK_ONLY_NO_DATED_DOWNTIME,False,False,False,HIGH,MAINTENANCE_RISK_REVIEW,False,Maintenance risk is review-only without dated downtime; no horizon-wide production block applied.,True,True
PHASE4-MPS-20260721170405,ALT-MAINT,M-FRAME-JIG-001,WS-FRAME-PREP,,SEG-ALT-MAINT-PSC-SKU-BIKE-ROAD-001-20260629-ROAD-OP-010-02,2026-06-30T08:00,2026-06-30T15:15,,,,RISK_ONLY_NO_DATED_DOWNTIME,False,False,False,HIGH,MAINTENANCE_RISK_REVIEW,False,Maintenance risk is review-only without dated downtime; no horizon-wide production block applied.,True,True
PHASE4-MPS-20260721170405,ALT-MAINT,M-FRAME-JIG-001,WS-FRAME-PREP,,SEG-ALT-MAINT-PSC-SKU-BIKE-ROAD-001-20260629-ROAD-OP-010-03,2026-07-01T08:00,2026-07-01T14:41,,,,RISK_ONLY_NO_DATED_DOWNTIME,False,False,False,HIGH,MAINTENANCE_RISK_REVIEW,False,Maintenance risk is review-only without dated downtime; no horizon-wide production block applied.,True,True
PHASE4-MPS-20260721170405,ALT-MAINT,M-WHEEL-TRUE-001,WS-WHEEL-SUB,,SEG-ALT-MAINT-PSC-SKU-BIKE-ROAD-001-20260629-ROAD-OP-020-01,2026-07-01T14:41,2026-07-01T15:14,,,,RISK_ONLY_NO_DATED_DOWNTIME,False,False,False,HIGH,MAINTENANCE_RISK_REVIEW,False,Maintenance risk is review-only without dated downtime; no horizon-wide production block applied.,True,True
PHASE4-MPS-20260721170405,ALT-MAINT,M-WHEEL-TRUE-001,WS-WHEEL-SUB,,SEG-ALT-MAINT-PSC-SKU-BIKE-ROAD-001-20260629-ROAD-OP-020-02,2026-07-02T08:00,2026-07-02T15:15,,,,RISK_ONLY_NO_DATED_DOWNTIME,False,False,False,HIGH,MAINTENANCE_RISK_REVIEW,False,Maintenance risk is review-only without dated downtime; no horizon-wide production block applied.,True,True
PHASE4-MPS-20260721170405,ALT-MAINT,M-WHEEL-TRUE-001,WS-WHEEL-SUB,,SEG-ALT-MAINT-PSC-SKU-BIKE-ROAD-001-20260629-ROAD-OP-020-03,2026-07-03T08:00,2026-07-03T15:15,,,,RISK_ONLY_NO_DATED_DOWNTIME,False,False,False,HIGH,MAINTENANCE_RISK_REVIEW,False,Maintenance risk is review-only without dated downtime; no horizon-wide production block applied.,True,True
PHASE4-MPS-20260721170405,ALT-MAINT,M-WHEEL-TRUE-001,WS-WHEEL-SUB,,SEG-ALT-MAINT-PSC-SKU-BIKE-ROAD-001-20260629-ROAD-OP-020-04,2026-07-06T08:00,2026-07-06T15:15,,,,RISK_ONLY_NO_DATED_DOWNTIME,False,False,False,HIGH,MAINTENANCE_RISK_REVIEW,False,Maintenance risk is review-only without dated downtime; no horizon-wide production block applied.,True,True
PHASE4-MPS-20260721170405,ALT-MAINT,M-WHEEL-TRUE-001,WS-WHEEL-SUB,,SEG-ALT-MAINT-PSC-SKU-BIKE-ROAD-001-20260629-ROAD-OP-020-05,2026-07-07T08:00,2026-07-07T12:09,,,,RISK_ONLY_NO_DATED_DOWNTIME,False,False,False,HIGH,MAINTENANCE_RISK_REVIEW,False,Maintenance risk is review-only without dated downtime; no horizon-wide production block applied.,True,True
PHASE4-MPS-20260721170405,ALT-MAINT,M-BRAKE-BENCH-001,WS-BRAKE-SUB,,SEG-ALT-MAINT-PSC-SKU-BIKE-ROAD-001-20260629-ROAD-OP-030-01,2026-07-01T14:41,2026-07-01T15:14,,,,RISK_ONLY_NO_DATED_DOWNTIME,False,False,False,HIGH,MAINTENANCE_RISK_REVIEW,False,Maintenance risk is review-only without dated downtime; no horizon-wide production block applied.,True,True
PHASE4-MPS-20260721170405,ALT-MAINT,M-BRAKE-BENCH-001,WS-BRAKE-SUB,,SEG-ALT-MAINT-PSC-SKU-BIKE-ROAD-001-20260629-ROAD-OP-030-02,2026-07-02T08:00,2026-07-02T15:15,,,,RISK_ONLY_NO_DATED_DOWNTIME,False,False,False,HIGH,MAINTENANCE_RISK_REVIEW,False,Maintenance risk is review-only without dated downtime; no horizon-wide production block applied.,True,True
PHASE4-MPS-20260721170405,ALT-MAINT,M-BRAKE-BENCH-001,WS-BRAKE-SUB,,SEG-ALT-MAINT-PSC-SKU-BIKE-ROAD-001-20260629-ROAD-OP-030-03,2026-07-03T08:00,2026-07-03T15:15,,,,RISK_ONLY_NO_DATED_DOWNTIME,False,False,False,HIGH,MAINTENANCE_RISK_REVIEW,False,Maintenance risk is review-only without dated downtime; no horizon-wide production block applied.,True,True
PHASE4-MPS-20260721170405,ALT-MAINT,M-BRAKE-BENCH-001,WS-BRAKE-SUB,,SEG-ALT-MAINT-PSC-SKU-BIKE-ROAD-001-20260629-ROAD-OP-030-04,2026-07-06T08:00,2026-07-06T12:24,,,,RISK_ONLY_NO_DATED_DOWNTIME,False,False,False,HIGH,MAINTENANCE_RISK_REVIEW,False,Maintenance risk is review-only without dated downtime; no horizon-wide production block applied.,True,True
PHASE4-MPS-20260721170405,ALT-MAINT,M-FINAL-STAND-001,WS-FINAL-ASM,,SEG-ALT-MAINT-PSC-SKU-BIKE-ROAD-001-20260629-ROAD-OP-040-01,2026-07-14T08:59,2026-07-14T15:14,,,,RISK_ONLY_NO_DATED_DOWNTIME,False,False,False,HIGH,MAINTENANCE_RISK_REVIEW,False,Maintenance risk is review-only without dated downtime; no horizon-wide production block applied.,True,True
PHASE4-MPS-20260721170405,ALT-MAINT,M-FINAL-STAND-001,WS-FINAL-ASM,,SEG-ALT-MAINT-PSC-SKU-BIKE-ROAD-001-20260629-ROAD-OP-040-02,2026-07-15T08:00,2026-07-15T15:14,,,,RISK_ONLY_NO_DATED_DOWNTIME,False,False,False,HIGH,MAINTENANCE_RISK_REVIEW,False,Maintenance risk is review-only without dated downtime; no horizon-wide production block applied.,True,True
PHASE4-MPS-20260721170405,ALT-MAINT,M-FINAL-STAND-001,WS-FINAL-ASM,,SEG-ALT-MAINT-PSC-SKU-BIKE-ROAD-001-20260629-ROAD-OP-040-03,2026-07-16T08:00,2026-07-16T15:14,,,,RISK_ONLY_NO_DATED_DOWNTIME,False,False,False,HIGH,MAINTENANCE_RISK_REVIEW,False,Maintenance risk is review-only without dated downtime; no horizon-wide production block applied.,True,True
PHASE4-MPS-20260721170405,ALT-MAINT,M-FINAL-STAND-001,WS-FINAL-ASM,,SEG-ALT-MAINT-PSC-SKU-BIKE-ROAD-001-20260629-ROAD-OP-040-04,2026-07-17T08:00,2026-07-17T15:14,,,,RISK_ONLY_NO_DATED_DOWNTIME,False,False,False,HIGH,MAINTENANCE_RISK_REVIEW,False,Maintenance risk is review-only without dated downtime; no horizon-wide production block applied.,True,True
PHASE4-MPS-20260721170405,ALT-MAINT,M-FINAL-STAND-001,WS-FINAL-ASM,,SEG-ALT-MAINT-PSC-SKU-BIKE-ROAD-001-20260629-ROAD-OP-040-05,2026-07-20T08:00,2026-07-20T15:14,,,,RISK_ONLY_NO_DATED_DOWNTIME,False,False,False,HIGH,MAINTENANCE_RISK_REVIEW,False,Maintenance risk is review-only without dated downtime; no horizon-wide production block applied.,True,True
PHASE4-MPS-20260721170405,ALT-MAINT,M-FINAL-STAND-001,WS-FINAL-ASM,,SEG-ALT-MAINT-PSC-SKU-BIKE-ROAD-001-20260629-ROAD-OP-040-06,2026-07-21T08:00,2026-07-21T13:52,,,,RISK_ONLY_NO_DATED_DOWNTIME,False,False,False,HIGH,MAINTENANCE_RISK_REVIEW,False,Maintenance risk is review-only without dated downtime; no horizon-wide production block applied.,True,True
PHASE4-MPS-20260721170405,ALT-MAINT,M-QC-TOOLS-001,WS-QC,,SEG-ALT-MAINT-PSC-SKU-BIKE-ROAD-001-20260629-ROAD-OP-050-01,2026-07-21T13:52,2026-07-21T15:14,,,,RISK_ONLY_NO_DATED_DOWNTIME,False,False,False,HIGH,MAINTENANCE_RISK_REVIEW,False,Maintenance risk is review-only without dated downtime; no horizon-wide production block applied.,True,True
PHASE4-MPS-20260721170405,ALT-MAINT,M-QC-TOOLS-001,WS-QC,,SEG-ALT-MAINT-PSC-SKU-BIKE-ROAD-001-20260629-ROAD-OP-050-02,2026-07-22T08:00,2026-07-22T15:14,,,,RISK_ONLY_NO_DATED_DOWNTIME,False,False,False,HIGH,MAINTENANCE_RISK_REVIEW,False,Maintenance risk is review-only without dated downtime; no horizon-wide production block applied.,True,True
PHASE4-MPS-20260721170405,ALT-MAINT,M-QC-TOOLS-001,WS-QC,,SEG-ALT-MAINT-PSC-SKU-BIKE-ROAD-001-20260629-ROAD-OP-050-03,2026-07-23T08:00,2026-07-23T11:53,,,,RISK_ONLY_NO_DATED_DOWNTIME,False,False,False,HIGH,MAINTENANCE_RISK_REVIEW,False,Maintenance risk is review-only without dated downtime; no horizon-wide production block applied.,True,True
PHASE4-MPS-20260721170405,ALT-MAINT,M-PACK-BENCH-001,WS-PACK,,SEG-ALT-MAINT-PSC-SKU-BIKE-ROAD-001-20260629-ROAD-OP-060-01,2026-07-23T11:53,2026-07-23T15:14,,,,RISK_ONLY_NO_DATED_DOWNTIME,False,False,False,HIGH,MAINTENANCE_RISK_REVIEW,False,Maintenance risk is review-only without dated downtime; no horizon-wide production block applied.,True,True
PHASE4-MPS-20260721170405,ALT-MAINT,M-PACK-BENCH-001,WS-PACK,,SEG-ALT-MAINT-PSC-SKU-BIKE-ROAD-001-20260629-ROAD-OP-060-02,2026-07-24T08:00,2026-07-24T15:14,,,,RISK_ONLY_NO_DATED_DOWNTIME,False,False,False,HIGH,MAINTENANCE_RISK_REVIEW,False,Maintenance risk is review-only without dated downtime; no horizon-wide production block applied.,True,True
PHASE4-MPS-20260721170405,ALT-MAINT,M-PACK-BENCH-001,WS-PACK,,SEG-ALT-MAINT-PSC-SKU-BIKE-ROAD-001-20260629-ROAD-OP-060-03,2026-07-27T08:00,2026-07-27T11:04,,,,RISK_ONLY_NO_DATED_DOWNTIME,False,False,False,HIGH,MAINTENANCE_RISK_REVIEW,False,Maintenance risk is review-only without dated downtime; no horizon-wide production block applied.,True,True
PHASE4-MPS-20260721170405,ALT-MAINT,M-FRAME-JIG-001,WS-FRAME-PREP,,SEG-ALT-MAINT-PSC-SKU-BIKE-MT-001-20260706-MT-OP-010-01,2026-07-06T08:00,2026-07-06T15:14,,,,RISK_ONLY_NO_DATED_DOWNTIME,False,False,False,HIGH,MAINTENANCE_RISK_REVIEW,False,Maintenance risk is review-only without dated downtime; no horizon-wide production block applied.,True,True
PHASE4-MPS-20260721170405,ALT-MAINT,M-FRAME-JIG-001,WS-FRAME-PREP,,SEG-ALT-MAINT-PSC-SKU-BIKE-MT-001-20260706-MT-OP-010-02,2026-07-07T08:00,2026-07-07T15:14,,,,RISK_ONLY_NO_DATED_DOWNTIME,False,False,False,HIGH,MAINTENANCE_RISK_REVIEW,False,Maintenance risk is review-only without dated downtime; no horizon-wide production block applied.,True,True
PHASE4-MPS-20260721170405,ALT-MAINT,M-FRAME-JIG-001,WS-FRAME-PREP,,SEG-ALT-MAINT-PSC-SKU-BIKE-MT-001-20260706-MT-OP-010-03,2026-07-08T08:00,2026-07-08T15:14,,,,RISK_ONLY_NO_DATED_DOWNTIME,False,False,False,HIGH,MAINTENANCE_RISK_REVIEW,False,Maintenance risk is review-only without dated downtime; no horizon-wide production block applied.,True,True
PHASE4-MPS-20260721170405,ALT-MAINT,M-FRAME-JIG-001,WS-FRAME-PREP,,SEG-ALT-MAINT-PSC-SKU-BIKE-MT-001-20260706-MT-OP-010-04,2026-07-09T08:00,2026-07-09T15:14,,,,RISK_ONLY_NO_DATED_DOWNTIME,False,False,False,HIGH,MAINTENANCE_RISK_REVIEW,False,Maintenance risk is review-only without dated downtime; no horizon-wide production block applied.,True,True
PHASE4-MPS-20260721170405,ALT-MAINT,M-FRAME-JIG-001,WS-FRAME-PREP,,SEG-ALT-MAINT-PSC-SKU-BIKE-MT-001-20260706-MT-OP-010-05,2026-07-10T08:00,2026-07-10T14:22,,,,RISK_ONLY_NO_DATED_DOWNTIME,False,False,False,HIGH,MAINTENANCE_RISK_REVIEW,False,Maintenance risk is review-only without dated downtime; no horizon-wide production block applied.,True,True
PHASE4-MPS-20260721170405,ALT-MAINT,M-FORK-BENCH-001,WS-FORK-SUSP,,SEG-ALT-MAINT-PSC-SKU-BIKE-MT-001-20260706-MT-OP-020-01,2026-07-10T14:22,2026-07-10T15:14,,,,RISK_ONLY_NO_DATED_DOWNTIME,False,False,False,HIGH,MAINTENANCE_RISK_REVIEW,False,Maintenance risk is review-only without dated downtime; no horizon-wide production block applied.,True,True
PHASE4-MPS-20260721170405,ALT-MAINT,M-FORK-BENCH-001,WS-FORK-SUSP,,SEG-ALT-MAINT-PSC-SKU-BIKE-MT-001-20260706-MT-OP-020-02,2026-07-13T08:00,2026-07-13T15:15,,,,RISK_ONLY_NO_DATED_DOWNTIME,False,False,False,HIGH,MAINTENANCE_RISK_REVIEW,False,Maintenance risk is review-only without dated downtime; no horizon-wide production block applied.,True,True
PHASE4-MPS-20260721170405,ALT-MAINT,M-FORK-BENCH-001,WS-FORK-SUSP,,SEG-ALT-MAINT-PSC-SKU-BIKE-MT-001-20260706-MT-OP-020-03,2026-07-14T08:00,2026-07-14T15:15,,,,RISK_ONLY_NO_DATED_DOWNTIME,False,False,False,HIGH,MAINTENANCE_RISK_REVIEW,False,Maintenance risk is review-only without dated downtime; no horizon-wide production block applied.,True,True
PHASE4-MPS-20260721170405,ALT-MAINT,M-FORK-BENCH-001,WS-FORK-SUSP,,SEG-ALT-MAINT-PSC-SKU-BIKE-MT-001-20260706-MT-OP-020-04,2026-07-15T08:00,2026-07-15T15:15,,,,RISK_ONLY_NO_DATED_DOWNTIME,False,False,False,HIGH,MAINTENANCE_RISK_REVIEW,False,Maintenance risk is review-only without dated downtime; no horizon-wide production block applied.,True,True
PHASE4-MPS-20260721170405,ALT-MAINT,M-FORK-BENCH-001,WS-FORK-SUSP,,SEG-ALT-MAINT-PSC-SKU-BIKE-MT-001-20260706-MT-OP-020-05,2026-07-16T08:00,2026-07-16T15:15,,,,RISK_ONLY_NO_DATED_DOWNTIME,False,False,False,HIGH,MAINTENANCE_RISK_REVIEW,False,Maintenance risk is review-only without dated downtime; no horizon-wide production block applied.,True,True
PHASE4-MPS-20260721170405,ALT-MAINT,M-FORK-BENCH-001,WS-FORK-SUSP,,SEG-ALT-MAINT-PSC-SKU-BIKE-MT-001-20260706-MT-OP-020-06,2026-07-17T08:00,2026-07-17T15:15,,,,RISK_ONLY_NO_DATED_DOWNTIME,False,False,False,HIGH,MAINTENANCE_RISK_REVIEW,False,Maintenance risk is review-only without dated downtime; no horizon-wide production block applied.,True,True
PHASE4-MPS-20260721170405,ALT-MAINT,M-FORK-BENCH-001,WS-FORK-SUSP,,SEG-ALT-MAINT-PSC-SKU-BIKE-MT-001-20260706-MT-OP-020-07,2026-07-20T08:00,2026-07-20T13:54,,,,RISK_ONLY_NO_DATED_DOWNTIME,False,False,False,HIGH,MAINTENANCE_RISK_REVIEW,False,Maintenance risk is review-only without dated downtime; no horizon-wide production block applied.,True,True
PHASE4-MPS-20260721170405,ALT-MAINT,M-WHEEL-TRUE-001,WS-WHEEL-SUB,,SEG-ALT-MAINT-PSC-SKU-BIKE-MT-001-20260706-MT-OP-030-01,2026-07-10T14:22,2026-07-10T15:14,,,,RISK_ONLY_NO_DATED_DOWNTIME,False,False,False,HIGH,MAINTENANCE_RISK_REVIEW,False,Maintenance risk is review-only without dated downtime; no horizon-wide production block applied.,True,True
PHASE4-MPS-20260721170405,ALT-MAINT,M-WHEEL-TRUE-001,WS-WHEEL-SUB,,SEG-ALT-MAINT-PSC-SKU-BIKE-MT-001-20260706-MT-OP-030-02,2026-07-13T08:00,2026-07-13T15:14,,,,RISK_ONLY_NO_DATED_DOWNTIME,False,False,False,HIGH,MAINTENANCE_RISK_REVIEW,False,Maintenance risk is review-only without dated downtime; no horizon-wide production block applied.,True,True
PHASE4-MPS-20260721170405,ALT-MAINT,M-WHEEL-TRUE-001,WS-WHEEL-SUB,,SEG-ALT-MAINT-PSC-SKU-BIKE-MT-001-20260706-MT-OP-030-03,2026-07-14T08:00,2026-07-14T15:14,,,,RISK_ONLY_NO_DATED_DOWNTIME,False,False,False,HIGH,MAINTENANCE_RISK_REVIEW,False,Maintenance risk is review-only without dated downtime; no horizon-wide production block applied.,True,True
PHASE4-MPS-20260721170405,ALT-MAINT,M-WHEEL-TRUE-001,WS-WHEEL-SUB,,SEG-ALT-MAINT-PSC-SKU-BIKE-MT-001-20260706-MT-OP-030-04,2026-07-15T08:00,2026-07-15T15:14,,,,RISK_ONLY_NO_DATED_DOWNTIME,False,False,False,HIGH,MAINTENANCE_RISK_REVIEW,False,Maintenance risk is review-only without dated downtime; no horizon-wide production block applied.,True,True
PHASE4-MPS-20260721170405,ALT-MAINT,M-WHEEL-TRUE-001,WS-WHEEL-SUB,,SEG-ALT-MAINT-PSC-SKU-BIKE-MT-001-20260706-MT-OP-030-05,2026-07-16T08:00,2026-07-16T15:14,,,,RISK_ONLY_NO_DATED_DOWNTIME,False,False,False,HIGH,MAINTENANCE_RISK_REVIEW,False,Maintenance risk is review-only without dated downtime; no horizon-wide production block applied.,True,True
PHASE4-MPS-20260721170405,ALT-MAINT,M-WHEEL-TRUE-001,WS-WHEEL-SUB,,SEG-ALT-MAINT-PSC-SKU-BIKE-MT-001-20260706-MT-OP-030-06,2026-07-17T08:00,2026-07-17T15:14,,,,RISK_ONLY_NO_DATED_DOWNTIME,False,False,False,HIGH,MAINTENANCE_RISK_REVIEW,False,Maintenance risk is review-only without dated downtime; no horizon-wide production block applied.,True,True
PHASE4-MPS-20260721170405,ALT-MAINT,M-WHEEL-TRUE-001,WS-WHEEL-SUB,,SEG-ALT-MAINT-PSC-SKU-BIKE-MT-001-20260706-MT-OP-030-07,2026-07-20T08:00,2026-07-20T13:08,,,,RISK_ONLY_NO_DATED_DOWNTIME,False,False,False,HIGH,MAINTENANCE_RISK_REVIEW,False,Maintenance risk is review-only without dated downtime; no horizon-wide production block applied.,True,True
PHASE4-MPS-20260721170405,ALT-MAINT,M-BRAKE-BENCH-001,WS-BRAKE-SUB,,SEG-ALT-MAINT-PSC-SKU-BIKE-MT-001-20260706-MT-OP-040-01,2026-07-10T14:22,2026-07-10T15:14,,,,RISK_ONLY_NO_DATED_DOWNTIME,False,False,False,HIGH,MAINTENANCE_RISK_REVIEW,False,Maintenance risk is review-only without dated downtime; no horizon-wide production block applied.,True,True
PHASE4-MPS-20260721170405,ALT-MAINT,M-BRAKE-BENCH-001,WS-BRAKE-SUB,,SEG-ALT-MAINT-PSC-SKU-BIKE-MT-001-20260706-MT-OP-040-02,2026-07-13T08:00,2026-07-13T15:14,,,,RISK_ONLY_NO_DATED_DOWNTIME,False,False,False,HIGH,MAINTENANCE_RISK_REVIEW,False,Maintenance risk is review-only without dated downtime; no horizon-wide production block applied.,True,True
PHASE4-MPS-20260721170405,ALT-MAINT,M-BRAKE-BENCH-001,WS-BRAKE-SUB,,SEG-ALT-MAINT-PSC-SKU-BIKE-MT-001-20260706-MT-OP-040-03,2026-07-14T08:00,2026-07-14T15:14,,,,RISK_ONLY_NO_DATED_DOWNTIME,False,False,False,HIGH,MAINTENANCE_RISK_REVIEW,False,Maintenance risk is review-only without dated downtime; no horizon-wide production block applied.,True,True
PHASE4-MPS-20260721170405,ALT-MAINT,M-BRAKE-BENCH-001,WS-BRAKE-SUB,,SEG-ALT-MAINT-PSC-SKU-BIKE-MT-001-20260706-MT-OP-040-04,2026-07-15T08:00,2026-07-15T15:14,,,,RISK_ONLY_NO_DATED_DOWNTIME,False,False,False,HIGH,MAINTENANCE_RISK_REVIEW,False,Maintenance risk is review-only without dated downtime; no horizon-wide production block applied.,True,True
PHASE4-MPS-20260721170405,ALT-MAINT,M-BRAKE-BENCH-001,WS-BRAKE-SUB,,SEG-ALT-MAINT-PSC-SKU-BIKE-MT-001-20260706-MT-OP-040-05,2026-07-16T08:00,2026-07-16T15:14,,,,RISK_ONLY_NO_DATED_DOWNTIME,False,False,False,HIGH,MAINTENANCE_RISK_REVIEW,False,Maintenance risk is review-only without dated downtime; no horizon-wide production block applied.,True,True
PHASE4-MPS-20260721170405,ALT-MAINT,M-BRAKE-BENCH-001,WS-BRAKE-SUB,,SEG-ALT-MAINT-PSC-SKU-BIKE-MT-001-20260706-MT-OP-040-06,2026-07-17T08:00,2026-07-17T11:00,,,,RISK_ONLY_NO_DATED_DOWNTIME,False,False,False,HIGH,MAINTENANCE_RISK_REVIEW,False,Maintenance risk is review-only without dated downtime; no horizon-wide production block applied.,True,True
PHASE4-MPS-20260721170405,ALT-MAINT,M-FINAL-STAND-001,WS-FINAL-ASM,,SEG-ALT-MAINT-PSC-SKU-BIKE-MT-001-20260706-MT-OP-050-01,2026-07-21T13:52,2026-07-21T15:14,,,,RISK_ONLY_NO_DATED_DOWNTIME,False,False,False,HIGH,MAINTENANCE_RISK_REVIEW,False,Maintenance risk is review-only without dated downtime; no horizon-wide production block applied.,True,True
PHASE4-MPS-20260721170405,ALT-MAINT,M-FINAL-STAND-001,WS-FINAL-ASM,,SEG-ALT-MAINT-PSC-SKU-BIKE-MT-001-20260706-MT-OP-050-02,2026-07-22T08:00,2026-07-22T15:14,,,,RISK_ONLY_NO_DATED_DOWNTIME,False,False,False,HIGH,MAINTENANCE_RISK_REVIEW,False,Maintenance risk is review-only without dated downtime; no horizon-wide production block applied.,True,True
PHASE4-MPS-20260721170405,ALT-MAINT,M-FINAL-STAND-001,WS-FINAL-ASM,,SEG-ALT-MAINT-PSC-SKU-BIKE-MT-001-20260706-MT-OP-050-03,2026-07-23T08:00,2026-07-23T15:14,,,,RISK_ONLY_NO_DATED_DOWNTIME,False,False,False,HIGH,MAINTENANCE_RISK_REVIEW,False,Maintenance risk is review-only without dated downtime; no horizon-wide production block applied.,True,True
PHASE4-MPS-20260721170405,ALT-MAINT,M-FINAL-STAND-001,WS-FINAL-ASM,,SEG-ALT-MAINT-PSC-SKU-BIKE-MT-001-20260706-MT-OP-050-04,2026-07-24T08:00,2026-07-24T15:14,,,,RISK_ONLY_NO_DATED_DOWNTIME,False,False,False,HIGH,MAINTENANCE_RISK_REVIEW,False,Maintenance risk is review-only without dated downtime; no horizon-wide production block applied.,True,True
PHASE4-MPS-20260721170405,ALT-MAINT,M-FINAL-STAND-001,WS-FINAL-ASM,,SEG-ALT-MAINT-PSC-SKU-BIKE-MT-001-20260706-MT-OP-050-05,2026-07-27T08:00,2026-07-27T15:14,,,,RISK_ONLY_NO_DATED_DOWNTIME,False,False,False,HIGH,MAINTENANCE_RISK_REVIEW,False,Maintenance risk is review-only without dated downtime; no horizon-wide production block applied.,True,True
PHASE4-MPS-20260721170405,ALT-MAINT,M-FINAL-STAND-001,WS-FINAL-ASM,,SEG-ALT-MAINT-PSC-SKU-BIKE-MT-001-20260706-MT-OP-050-06,2026-07-28T08:00,2026-07-28T15:14,,,,RISK_ONLY_NO_DATED_DOWNTIME,False,False,False,HIGH,MAINTENANCE_RISK_REVIEW,False,Maintenance risk is review-only without dated downtime; no horizon-wide production block applied.,True,True
PHASE4-MPS-20260721170405,ALT-MAINT,M-FINAL-STAND-001,WS-FINAL-ASM,,SEG-ALT-MAINT-PSC-SKU-BIKE-MT-001-20260706-MT-OP-050-07,2026-07-29T08:00,2026-07-29T15:14,,,,RISK_ONLY_NO_DATED_DOWNTIME,False,False,False,HIGH,MAINTENANCE_RISK_REVIEW,False,Maintenance risk is review-only without dated downtime; no horizon-wide production block applied.,True,True
PHASE4-MPS-20260721170405,ALT-MAINT,M-FINAL-STAND-001,WS-FINAL-ASM,,SEG-ALT-MAINT-PSC-SKU-BIKE-MT-001-20260706-MT-OP-050-08,2026-07-30T08:00,2026-07-30T15:14,,,,RISK_ONLY_NO_DATED_DOWNTIME,False,False,False,HIGH,MAINTENANCE_RISK_REVIEW,False,Maintenance risk is review-only without dated downtime; no horizon-wide production block applied.,True,True
PHASE4-MPS-20260721170405,ALT-MAINT,M-FINAL-STAND-001,WS-FINAL-ASM,,SEG-ALT-MAINT-PSC-SKU-BIKE-MT-001-20260706-MT-OP-050-09,2026-07-31T08:00,2026-07-31T10:47,,,,RISK_ONLY_NO_DATED_DOWNTIME,False,False,False,HIGH,MAINTENANCE_RISK_REVIEW,False,Maintenance risk is review-only without dated downtime; no horizon-wide production block applied.,True,True
PHASE4-MPS-20260721170405,ALT-MAINT,M-QC-TOOLS-001,WS-QC,,SEG-ALT-MAINT-PSC-SKU-BIKE-MT-001-20260706-MT-OP-060-01,2026-07-31T10:47,2026-07-31T15:14,,,,RISK_ONLY_NO_DATED_DOWNTIME,False,False,False,HIGH,MAINTENANCE_RISK_REVIEW,False,Maintenance risk is review-only without dated downtime; no horizon-wide production block applied.,True,True
PHASE4-MPS-20260721170405,ALT-MAINT,M-QC-TOOLS-001,WS-QC,,SEG-ALT-MAINT-PSC-SKU-BIKE-MT-001-20260706-MT-OP-060-02,2026-08-03T08:00,2026-08-03T15:14,,,,RISK_ONLY_NO_DATED_DOWNTIME,False,False,False,HIGH,MAINTENANCE_RISK_REVIEW,False,Maintenance risk is review-only without dated downtime; no horizon-wide production block applied.,True,True
PHASE4-MPS-20260721170405,ALT-MAINT,M-QC-TOOLS-001,WS-QC,,SEG-ALT-MAINT-PSC-SKU-BIKE-MT-001-20260706-MT-OP-060-03,2026-08-04T08:00,2026-08-04T12:16,,,,RISK_ONLY_NO_DATED_DOWNTIME,False,False,False,HIGH,MAINTENANCE_RISK_REVIEW,False,Maintenance risk is review-only without dated downtime; no horizon-wide production block applied.,True,True
PHASE4-MPS-20260721170405,ALT-MAINT,M-PACK-BENCH-001,WS-PACK,,SEG-ALT-MAINT-PSC-SKU-BIKE-MT-001-20260706-MT-OP-070-01,2026-08-04T12:16,2026-08-04T15:14,,,,RISK_ONLY_NO_DATED_DOWNTIME,False,False,False,HIGH,MAINTENANCE_RISK_REVIEW,False,Maintenance risk is review-only without dated downtime; no horizon-wide production block applied.,True,True
PHASE4-MPS-20260721170405,ALT-MAINT,M-PACK-BENCH-001,WS-PACK,,SEG-ALT-MAINT-PSC-SKU-BIKE-MT-001-20260706-MT-OP-070-02,2026-08-05T08:00,2026-08-05T15:15,,,,RISK_ONLY_NO_DATED_DOWNTIME,False,False,False,HIGH,MAINTENANCE_RISK_REVIEW,False,Maintenance risk is review-only without dated downtime; no horizon-wide production block applied.,True,True
PHASE4-MPS-20260721170405,ALT-MAINT,M-PACK-BENCH-001,WS-PACK,,SEG-ALT-MAINT-PSC-SKU-BIKE-MT-001-20260706-MT-OP-070-03,2026-08-06T08:00,2026-08-06T15:00,,,,RISK_ONLY_NO_DATED_DOWNTIME,False,False,False,HIGH,MAINTENANCE_RISK_REVIEW,False,Maintenance risk is review-only without dated downtime; no horizon-wide production block applied.,True,True
PHASE4-MPS-20260721170405,ALT-MAINT,M-FRAME-JIG-001,WS-FRAME-PREP,,SEG-ALT-MAINT-PSC-SKU-BIKE-ROAD-001-20260706-ROAD-OP-010-01,2026-07-06T08:00,2026-07-06T15:14,,,,RISK_ONLY_NO_DATED_DOWNTIME,False,False,False,HIGH,MAINTENANCE_RISK_REVIEW,False,Maintenance risk is review-only without dated downtime; no horizon-wide production block applied.,True,True
PHASE4-MPS-20260721170405,ALT-MAINT,M-FRAME-JIG-001,WS-FRAME-PREP,,SEG-ALT-MAINT-PSC-SKU-BIKE-ROAD-001-20260706-ROAD-OP-010-02,2026-07-07T08:00,2026-07-07T15:14,,,,RISK_ONLY_NO_DATED_DOWNTIME,False,False,False,HIGH,MAINTENANCE_RISK_REVIEW,False,Maintenance risk is review-only without dated downtime; no horizon-wide production block applied.,True,True
PHASE4-MPS-20260721170405,ALT-MAINT,M-FRAME-JIG-001,WS-FRAME-PREP,,SEG-ALT-MAINT-PSC-SKU-BIKE-ROAD-001-20260706-ROAD-OP-010-03,2026-07-08T08:00,2026-07-08T15:14,,,,RISK_ONLY_NO_DATED_DOWNTIME,False,False,False,HIGH,MAINTENANCE_RISK_REVIEW,False,Maintenance risk is review-only without dated downtime; no horizon-wide production block applied.,True,True
PHASE4-MPS-20260721170405,ALT-MAINT,M-FRAME-JIG-001,WS-FRAME-PREP,,SEG-ALT-MAINT-PSC-SKU-BIKE-ROAD-001-20260706-ROAD-OP-010-04,2026-07-09T08:00,2026-07-09T15:14,,,,RISK_ONLY_NO_DATED_DOWNTIME,False,False,False,HIGH,MAINTENANCE_RISK_REVIEW,False,Maintenance risk is review-only without dated downtime; no horizon-wide production block applied.,True,True
PHASE4-MPS-20260721170405,ALT-MAINT,M-FRAME-JIG-001,WS-FRAME-PREP,,SEG-ALT-MAINT-PSC-SKU-BIKE-ROAD-001-20260706-ROAD-OP-010-05,2026-07-10T08:00,2026-07-10T10:15,,,,RISK_ONLY_NO_DATED_DOWNTIME,False,False,False,HIGH,MAINTENANCE_RISK_REVIEW,False,Maintenance risk is review-only without dated downtime; no horizon-wide production block applied.,True,True
PHASE4-MPS-20260721170405,ALT-MAINT,M-WHEEL-TRUE-001,WS-WHEEL-SUB,,SEG-ALT-MAINT-PSC-SKU-BIKE-ROAD-001-20260706-ROAD-OP-020-01,2026-07-10T10:15,2026-07-10T15:14,,,,RISK_ONLY_NO_DATED_DOWNTIME,False,False,False,HIGH,MAINTENANCE_RISK_REVIEW,False,Maintenance risk is review-only without dated downtime; no horizon-wide production block applied.,True,True
PHASE4-MPS-20260721170405,ALT-MAINT,M-WHEEL-TRUE-001,WS-WHEEL-SUB,,SEG-ALT-MAINT-PSC-SKU-BIKE-ROAD-001-20260706-ROAD-OP-020-02,2026-07-13T08:00,2026-07-13T15:15,,,,RISK_ONLY_NO_DATED_DOWNTIME,False,False,False,HIGH,MAINTENANCE_RISK_REVIEW,False,Maintenance risk is review-only without dated downtime; no horizon-wide production block applied.,True,True
PHASE4-MPS-20260721170405,ALT-MAINT,M-WHEEL-TRUE-001,WS-WHEEL-SUB,,SEG-ALT-MAINT-PSC-SKU-BIKE-ROAD-001-20260706-ROAD-OP-020-03,2026-07-14T08:00,2026-07-14T15:15,,,,RISK_ONLY_NO_DATED_DOWNTIME,False,False,False,HIGH,MAINTENANCE_RISK_REVIEW,False,Maintenance risk is review-only without dated downtime; no horizon-wide production block applied.,True,True
PHASE4-MPS-20260721170405,ALT-MAINT,M-WHEEL-TRUE-001,WS-WHEEL-SUB,,SEG-ALT-MAINT-PSC-SKU-BIKE-ROAD-001-20260706-ROAD-OP-020-04,2026-07-15T08:00,2026-07-15T15:15,,,,RISK_ONLY_NO_DATED_DOWNTIME,False,False,False,HIGH,MAINTENANCE_RISK_REVIEW,False,Maintenance risk is review-only without dated downtime; no horizon-wide production block applied.,True,True
PHASE4-MPS-20260721170405,ALT-MAINT,M-WHEEL-TRUE-001,WS-WHEEL-SUB,,SEG-ALT-MAINT-PSC-SKU-BIKE-ROAD-001-20260706-ROAD-OP-020-05,2026-07-16T08:00,2026-07-16T15:15,,,,RISK_ONLY_NO_DATED_DOWNTIME,False,False,False,HIGH,MAINTENANCE_RISK_REVIEW,False,Maintenance risk is review-only without dated downtime; no horizon-wide production block applied.,True,True
PHASE4-MPS-20260721170405,ALT-MAINT,M-WHEEL-TRUE-001,WS-WHEEL-SUB,,SEG-ALT-MAINT-PSC-SKU-BIKE-ROAD-001-20260706-ROAD-OP-020-06,2026-07-17T08:00,2026-07-17T13:08,,,,RISK_ONLY_NO_DATED_DOWNTIME,False,False,False,HIGH,MAINTENANCE_RISK_REVIEW,False,Maintenance risk is review-only without dated downtime; no horizon-wide production block applied.,True,True
PHASE4-MPS-20260721170405,ALT-MAINT,M-BRAKE-BENCH-001,WS-BRAKE-SUB,,SEG-ALT-MAINT-PSC-SKU-BIKE-ROAD-001-20260706-ROAD-OP-030-01,2026-07-10T10:15,2026-07-10T15:14,,,,RISK_ONLY_NO_DATED_DOWNTIME,False,False,False,HIGH,MAINTENANCE_RISK_REVIEW,False,Maintenance risk is review-only without dated downtime; no horizon-wide production block applied.,True,True
PHASE4-MPS-20260721170405,ALT-MAINT,M-BRAKE-BENCH-001,WS-BRAKE-SUB,,SEG-ALT-MAINT-PSC-SKU-BIKE-ROAD-001-20260706-ROAD-OP-030-02,2026-07-13T08:00,2026-07-13T15:15,,,,RISK_ONLY_NO_DATED_DOWNTIME,False,False,False,HIGH,MAINTENANCE_RISK_REVIEW,False,Maintenance risk is review-only without dated downtime; no horizon-wide production block applied.,True,True
PHASE4-MPS-20260721170405,ALT-MAINT,M-BRAKE-BENCH-001,WS-BRAKE-SUB,,SEG-ALT-MAINT-PSC-SKU-BIKE-ROAD-001-20260706-ROAD-OP-030-03,2026-07-14T08:00,2026-07-14T15:15,,,,RISK_ONLY_NO_DATED_DOWNTIME,False,False,False,HIGH,MAINTENANCE_RISK_REVIEW,False,Maintenance risk is review-only without dated downtime; no horizon-wide production block applied.,True,True
PHASE4-MPS-20260721170405,ALT-MAINT,M-BRAKE-BENCH-001,WS-BRAKE-SUB,,SEG-ALT-MAINT-PSC-SKU-BIKE-ROAD-001-20260706-ROAD-OP-030-04,2026-07-15T08:00,2026-07-15T15:15,,,,RISK_ONLY_NO_DATED_DOWNTIME,False,False,False,HIGH,MAINTENANCE_RISK_REVIEW,False,Maintenance risk is review-only without dated downtime; no horizon-wide production block applied.,True,True
PHASE4-MPS-20260721170405,ALT-MAINT,M-BRAKE-BENCH-001,WS-BRAKE-SUB,,SEG-ALT-MAINT-PSC-SKU-BIKE-ROAD-001-20260706-ROAD-OP-030-05,2026-07-16T08:00,2026-07-16T09:59,,,,RISK_ONLY_NO_DATED_DOWNTIME,False,False,False,HIGH,MAINTENANCE_RISK_REVIEW,False,Maintenance risk is review-only without dated downtime; no horizon-wide production block applied.,True,True
PHASE4-MPS-20260721170405,ALT-MAINT,M-FINAL-STAND-001,WS-FINAL-ASM,,SEG-ALT-MAINT-PSC-SKU-BIKE-ROAD-001-20260706-ROAD-OP-040-01,2026-07-31T10:47,2026-07-31T15:14,,,,RISK_ONLY_NO_DATED_DOWNTIME,False,False,False,HIGH,MAINTENANCE_RISK_REVIEW,False,Maintenance risk is review-only without dated downtime; no horizon-wide production block applied.,True,True
PHASE4-MPS-20260721170405,ALT-MAINT,M-FINAL-STAND-001,WS-FINAL-ASM,,SEG-ALT-MAINT-PSC-SKU-BIKE-ROAD-001-20260706-ROAD-OP-040-02,2026-08-03T08:00,2026-08-03T15:15,,,,RISK_ONLY_NO_DATED_DOWNTIME,False,False,False,HIGH,MAINTENANCE_RISK_REVIEW,False,Maintenance risk is review-only without dated downtime; no horizon-wide production block applied.,True,True
PHASE4-MPS-20260721170405,ALT-MAINT,M-FINAL-STAND-001,WS-FINAL-ASM,,SEG-ALT-MAINT-PSC-SKU-BIKE-ROAD-001-20260706-ROAD-OP-040-03,2026-08-04T08:00,2026-08-04T15:15,,,,RISK_ONLY_NO_DATED_DOWNTIME,False,False,False,HIGH,MAINTENANCE_RISK_REVIEW,False,Maintenance risk is review-only without dated downtime; no horizon-wide production block applied.,True,True
PHASE4-MPS-20260721170405,ALT-MAINT,M-FINAL-STAND-001,WS-FINAL-ASM,,SEG-ALT-MAINT-PSC-SKU-BIKE-ROAD-001-20260706-ROAD-OP-040-04,2026-08-05T08:00,2026-08-05T15:15,,,,RISK_ONLY_NO_DATED_DOWNTIME,False,False,False,HIGH,MAINTENANCE_RISK_REVIEW,False,Maintenance risk is review-only without dated downtime; no horizon-wide production block applied.,True,True
PHASE4-MPS-20260721170405,ALT-MAINT,M-FINAL-STAND-001,WS-FINAL-ASM,,SEG-ALT-MAINT-PSC-SKU-BIKE-ROAD-001-20260706-ROAD-OP-040-05,2026-08-06T08:00,2026-08-06T15:15,,,,RISK_ONLY_NO_DATED_DOWNTIME,False,False,False,HIGH,MAINTENANCE_RISK_REVIEW,False,Maintenance risk is review-only without dated downtime; no horizon-wide production block applied.,True,True
PHASE4-MPS-20260721170405,ALT-MAINT,M-FINAL-STAND-001,WS-FINAL-ASM,,SEG-ALT-MAINT-PSC-SKU-BIKE-ROAD-001-20260706-ROAD-OP-040-06,2026-08-07T08:00,2026-08-07T09:38,,,,RISK_ONLY_NO_DATED_DOWNTIME,False,False,False,HIGH,MAINTENANCE_RISK_REVIEW,False,Maintenance risk is review-only without dated downtime; no horizon-wide production block applied.,True,True
PHASE4-MPS-20260721170405,ALT-MAINT,M-QC-TOOLS-001,WS-QC,,SEG-ALT-MAINT-PSC-SKU-BIKE-ROAD-001-20260706-ROAD-OP-050-01,2026-08-07T09:38,2026-08-07T15:14,,,,RISK_ONLY_NO_DATED_DOWNTIME,False,False,False,HIGH,MAINTENANCE_RISK_REVIEW,False,Maintenance risk is review-only without dated downtime; no horizon-wide production block applied.,True,True
PHASE4-MPS-20260721170405,ALT-MAINT,M-QC-TOOLS-001,WS-QC,,SEG-ALT-MAINT-PSC-SKU-BIKE-ROAD-001-20260706-ROAD-OP-050-02,2026-08-10T08:00,2026-08-10T15:14,,,,RISK_ONLY_NO_DATED_DOWNTIME,False,False,False,HIGH,MAINTENANCE_RISK_REVIEW,False,Maintenance risk is review-only without dated downtime; no horizon-wide production block applied.,True,True
PHASE4-MPS-20260721170405,ALT-MAINT,M-QC-TOOLS-001,WS-QC,,SEG-ALT-MAINT-PSC-SKU-BIKE-ROAD-001-20260706-ROAD-OP-050-03,2026-08-11T08:00,2026-08-11T11:59,,,,RISK_ONLY_NO_DATED_DOWNTIME,False,False,False,HIGH,MAINTENANCE_RISK_REVIEW,False,Maintenance risk is review-only without dated downtime; no horizon-wide production block applied.,True,True
PHASE4-MPS-20260721170405,ALT-MAINT,M-PACK-BENCH-001,WS-PACK,,SEG-ALT-MAINT-PSC-SKU-BIKE-ROAD-001-20260706-ROAD-OP-060-01,2026-08-11T11:59,2026-08-11T15:14,,,,RISK_ONLY_NO_DATED_DOWNTIME,False,False,False,HIGH,MAINTENANCE_RISK_REVIEW,False,Maintenance risk is review-only without dated downtime; no horizon-wide production block applied.,True,True
PHASE4-MPS-20260721170405,ALT-MAINT,M-PACK-BENCH-001,WS-PACK,,SEG-ALT-MAINT-PSC-SKU-BIKE-ROAD-001-20260706-ROAD-OP-060-02,2026-08-12T08:00,2026-08-12T15:14,,,,RISK_ONLY_NO_DATED_DOWNTIME,False,False,False,HIGH,MAINTENANCE_RISK_REVIEW,False,Maintenance risk is review-only without dated downtime; no horizon-wide production block applied.,True,True
PHASE4-MPS-20260721170405,ALT-MAINT,M-PACK-BENCH-001,WS-PACK,,SEG-ALT-MAINT-PSC-SKU-BIKE-ROAD-001-20260706-ROAD-OP-060-03,2026-08-13T08:00,2026-08-13T12:40,,,,RISK_ONLY_NO_DATED_DOWNTIME,False,False,False,HIGH,MAINTENANCE_RISK_REVIEW,False,Maintenance risk is review-only without dated downtime; no horizon-wide production block applied.,True,True
PHASE4-MPS-20260721170405,ALT-MAINT,M-FRAME-JIG-001,WS-FRAME-PREP,,SEG-ALT-MAINT-PSC-SKU-BIKE-MT-001-20260713-MT-OP-010-01,2026-07-13T08:00,2026-07-13T15:14,,,,RISK_ONLY_NO_DATED_DOWNTIME,False,False,False,HIGH,MAINTENANCE_RISK_REVIEW,False,Maintenance risk is review-only without dated downtime; no horizon-wide production block applied.,True,True
PHASE4-MPS-20260721170405,ALT-MAINT,M-FRAME-JIG-001,WS-FRAME-PREP,,SEG-ALT-MAINT-PSC-SKU-BIKE-MT-001-20260713-MT-OP-010-02,2026-07-14T08:00,2026-07-14T15:14,,,,RISK_ONLY_NO_DATED_DOWNTIME,False,False,False,HIGH,MAINTENANCE_RISK_REVIEW,False,Maintenance risk is review-only without dated downtime; no horizon-wide production block applied.,True,True
PHASE4-MPS-20260721170405,ALT-MAINT,M-FRAME-JIG-001,WS-FRAME-PREP,,SEG-ALT-MAINT-PSC-SKU-BIKE-MT-001-20260713-MT-OP-010-03,2026-07-15T08:00,2026-07-15T15:14,,,,RISK_ONLY_NO_DATED_DOWNTIME,False,False,False,HIGH,MAINTENANCE_RISK_REVIEW,False,Maintenance risk is review-only without dated downtime; no horizon-wide production block applied.,True,True
PHASE4-MPS-20260721170405,ALT-MAINT,M-FRAME-JIG-001,WS-FRAME-PREP,,SEG-ALT-MAINT-PSC-SKU-BIKE-MT-001-20260713-MT-OP-010-04,2026-07-16T08:00,2026-07-16T15:14,,,,RISK_ONLY_NO_DATED_DOWNTIME,False,False,False,HIGH,MAINTENANCE_RISK_REVIEW,False,Maintenance risk is review-only without dated downtime; no horizon-wide production block applied.,True,True
PHASE4-MPS-20260721170405,ALT-MAINT,M-FRAME-JIG-001,WS-FRAME-PREP,,SEG-ALT-MAINT-PSC-SKU-BIKE-MT-001-20260713-MT-OP-010-05,2026-07-17T08:00,2026-07-17T14:22,,,,RISK_ONLY_NO_DATED_DOWNTIME,False,False,False,HIGH,MAINTENANCE_RISK_REVIEW,False,Maintenance risk is review-only without dated downtime; no horizon-wide production block applied.,True,True
PHASE4-MPS-20260721170405,ALT-MAINT,M-FORK-BENCH-001,WS-FORK-SUSP,,SEG-ALT-MAINT-PSC-SKU-BIKE-MT-001-20260713-MT-OP-020-01,2026-07-17T14:22,2026-07-17T15:14,,,,RISK_ONLY_NO_DATED_DOWNTIME,False,False,False,HIGH,MAINTENANCE_RISK_REVIEW,False,Maintenance risk is review-only without dated downtime; no horizon-wide production block applied.,True,True
PHASE4-MPS-20260721170405,ALT-MAINT,M-FORK-BENCH-001,WS-FORK-SUSP,,SEG-ALT-MAINT-PSC-SKU-BIKE-MT-001-20260713-MT-OP-020-02,2026-07-20T08:00,2026-07-20T15:15,,,,RISK_ONLY_NO_DATED_DOWNTIME,False,False,False,HIGH,MAINTENANCE_RISK_REVIEW,False,Maintenance risk is review-only without dated downtime; no horizon-wide production block applied.,True,True
PHASE4-MPS-20260721170405,ALT-MAINT,M-FORK-BENCH-001,WS-FORK-SUSP,,SEG-ALT-MAINT-PSC-SKU-BIKE-MT-001-20260713-MT-OP-020-03,2026-07-21T08:00,2026-07-21T15:15,,,,RISK_ONLY_NO_DATED_DOWNTIME,False,False,False,HIGH,MAINTENANCE_RISK_REVIEW,False,Maintenance risk is review-only without dated downtime; no horizon-wide production block applied.,True,True
PHASE4-MPS-20260721170405,ALT-MAINT,M-FORK-BENCH-001,WS-FORK-SUSP,,SEG-ALT-MAINT-PSC-SKU-BIKE-MT-001-20260713-MT-OP-020-04,2026-07-22T08:00,2026-07-22T15:15,,,,RISK_ONLY_NO_DATED_DOWNTIME,False,False,False,HIGH,MAINTENANCE_RISK_REVIEW,False,Maintenance risk is review-only without dated downtime; no horizon-wide production block applied.,True,True
PHASE4-MPS-20260721170405,ALT-MAINT,M-FORK-BENCH-001,WS-FORK-SUSP,,SEG-ALT-MAINT-PSC-SKU-BIKE-MT-001-20260713-MT-OP-020-05,2026-07-23T08:00,2026-07-23T15:15,,,,RISK_ONLY_NO_DATED_DOWNTIME,False,False,False,HIGH,MAINTENANCE_RISK_REVIEW,False,Maintenance risk is review-only without dated downtime; no horizon-wide production block applied.,True,True
PHASE4-MPS-20260721170405,ALT-MAINT,M-FORK-BENCH-001,WS-FORK-SUSP,,SEG-ALT-MAINT-PSC-SKU-BIKE-MT-001-20260713-MT-OP-020-06,2026-07-24T08:00,2026-07-24T15:15,,,,RISK_ONLY_NO_DATED_DOWNTIME,False,False,False,HIGH,MAINTENANCE_RISK_REVIEW,False,Maintenance risk is review-only without dated downtime; no horizon-wide production block applied.,True,True
PHASE4-MPS-20260721170405,ALT-MAINT,M-FORK-BENCH-001,WS-FORK-SUSP,,SEG-ALT-MAINT-PSC-SKU-BIKE-MT-001-20260713-MT-OP-020-07,2026-07-27T08:00,2026-07-27T13:54,,,,RISK_ONLY_NO_DATED_DOWNTIME,False,False,False,HIGH,MAINTENANCE_RISK_REVIEW,False,Maintenance risk is review-only without dated downtime; no horizon-wide production block applied.,True,True
PHASE4-MPS-20260721170405,ALT-MAINT,M-WHEEL-TRUE-001,WS-WHEEL-SUB,,SEG-ALT-MAINT-PSC-SKU-BIKE-MT-001-20260713-MT-OP-030-01,2026-07-17T14:22,2026-07-17T15:14,,,,RISK_ONLY_NO_DATED_DOWNTIME,False,False,False,HIGH,MAINTENANCE_RISK_REVIEW,False,Maintenance risk is review-only without dated downtime; no horizon-wide production block applied.,True,True
PHASE4-MPS-20260721170405,ALT-MAINT,M-WHEEL-TRUE-001,WS-WHEEL-SUB,,SEG-ALT-MAINT-PSC-SKU-BIKE-MT-001-20260713-MT-OP-030-02,2026-07-20T08:00,2026-07-20T15:14,,,,RISK_ONLY_NO_DATED_DOWNTIME,False,False,False,HIGH,MAINTENANCE_RISK_REVIEW,False,Maintenance risk is review-only without dated downtime; no horizon-wide production block applied.,True,True
PHASE4-MPS-20260721170405,ALT-MAINT,M-WHEEL-TRUE-001,WS-WHEEL-SUB,,SEG-ALT-MAINT-PSC-SKU-BIKE-MT-001-20260713-MT-OP-030-03,2026-07-21T08:00,2026-07-21T15:14,,,,RISK_ONLY_NO_DATED_DOWNTIME,False,False,False,HIGH,MAINTENANCE_RISK_REVIEW,False,Maintenance risk is review-only without dated downtime; no horizon-wide production block applied.,True,True
PHASE4-MPS-20260721170405,ALT-MAINT,M-WHEEL-TRUE-001,WS-WHEEL-SUB,,SEG-ALT-MAINT-PSC-SKU-BIKE-MT-001-20260713-MT-OP-030-04,2026-07-22T08:00,2026-07-22T15:14,,,,RISK_ONLY_NO_DATED_DOWNTIME,False,False,False,HIGH,MAINTENANCE_RISK_REVIEW,False,Maintenance risk is review-only without dated downtime; no horizon-wide production block applied.,True,True
PHASE4-MPS-20260721170405,ALT-MAINT,M-WHEEL-TRUE-001,WS-WHEEL-SUB,,SEG-ALT-MAINT-PSC-SKU-BIKE-MT-001-20260713-MT-OP-030-05,2026-07-23T08:00,2026-07-23T15:14,,,,RISK_ONLY_NO_DATED_DOWNTIME,False,False,False,HIGH,MAINTENANCE_RISK_REVIEW,False,Maintenance risk is review-only without dated downtime; no horizon-wide production block applied.,True,True
PHASE4-MPS-20260721170405,ALT-MAINT,M-WHEEL-TRUE-001,WS-WHEEL-SUB,,SEG-ALT-MAINT-PSC-SKU-BIKE-MT-001-20260713-MT-OP-030-06,2026-07-24T08:00,2026-07-24T11:58,,,,RISK_ONLY_NO_DATED_DOWNTIME,False,False,False,HIGH,MAINTENANCE_RISK_REVIEW,False,Maintenance risk is review-only without dated downtime; no horizon-wide production block applied.,True,True
PHASE4-MPS-20260721170405,ALT-MAINT,M-BRAKE-BENCH-001,WS-BRAKE-SUB,,SEG-ALT-MAINT-PSC-SKU-BIKE-MT-001-20260713-MT-OP-040-01,2026-07-17T14:22,2026-07-17T15:14,,,,RISK_ONLY_NO_DATED_DOWNTIME,False,False,False,HIGH,MAINTENANCE_RISK_REVIEW,False,Maintenance risk is review-only without dated downtime; no horizon-wide production block applied.,True,True
PHASE4-MPS-20260721170405,ALT-MAINT,M-BRAKE-BENCH-001,WS-BRAKE-SUB,,SEG-ALT-MAINT-PSC-SKU-BIKE-MT-001-20260713-MT-OP-040-02,2026-07-20T08:00,2026-07-20T15:14,,,,RISK_ONLY_NO_DATED_DOWNTIME,False,False,False,HIGH,MAINTENANCE_RISK_REVIEW,False,Maintenance risk is review-only without dated downtime; no horizon-wide production block applied.,True,True
PHASE4-MPS-20260721170405,ALT-MAINT,M-BRAKE-BENCH-001,WS-BRAKE-SUB,,SEG-ALT-MAINT-PSC-SKU-BIKE-MT-001-20260713-MT-OP-040-03,2026-07-21T08:00,2026-07-21T15:14,,,,RISK_ONLY_NO_DATED_DOWNTIME,False,False,False,HIGH,MAINTENANCE_RISK_REVIEW,False,Maintenance risk is review-only without dated downtime; no horizon-wide production block applied.,True,True
PHASE4-MPS-20260721170405,ALT-MAINT,M-BRAKE-BENCH-001,WS-BRAKE-SUB,,SEG-ALT-MAINT-PSC-SKU-BIKE-MT-001-20260713-MT-OP-040-04,2026-07-22T08:00,2026-07-22T15:14,,,,RISK_ONLY_NO_DATED_DOWNTIME,False,False,False,HIGH,MAINTENANCE_RISK_REVIEW,False,Maintenance risk is review-only without dated downtime; no horizon-wide production block applied.,True,True
PHASE4-MPS-20260721170405,ALT-MAINT,M-BRAKE-BENCH-001,WS-BRAKE-SUB,,SEG-ALT-MAINT-PSC-SKU-BIKE-MT-001-20260713-MT-OP-040-05,2026-07-23T08:00,2026-07-23T12:45,,,,RISK_ONLY_NO_DATED_DOWNTIME,False,False,False,HIGH,MAINTENANCE_RISK_REVIEW,False,Maintenance risk is review-only without dated downtime; no horizon-wide production block applied.,True,True
PHASE4-MPS-20260721170405,ALT-MAINT,M-FINAL-STAND-001,WS-FINAL-ASM,,SEG-ALT-MAINT-PSC-SKU-BIKE-MT-001-20260713-MT-OP-050-01,2026-08-07T09:38,2026-08-07T15:14,,,,RISK_ONLY_NO_DATED_DOWNTIME,False,False,False,HIGH,MAINTENANCE_RISK_REVIEW,False,Maintenance risk is review-only without dated downtime; no horizon-wide production block applied.,True,True
PHASE4-MPS-20260721170405,ALT-MAINT,M-FINAL-STAND-001,WS-FINAL-ASM,,SEG-ALT-MAINT-PSC-SKU-BIKE-MT-001-20260713-MT-OP-050-02,2026-08-10T08:00,2026-08-10T15:14,,,,RISK_ONLY_NO_DATED_DOWNTIME,False,False,False,HIGH,MAINTENANCE_RISK_REVIEW,False,Maintenance risk is review-only without dated downtime; no horizon-wide production block applied.,True,True
PHASE4-MPS-20260721170405,ALT-MAINT,M-FINAL-STAND-001,WS-FINAL-ASM,,SEG-ALT-MAINT-PSC-SKU-BIKE-MT-001-20260713-MT-OP-050-03,2026-08-11T08:00,2026-08-11T15:14,,,,RISK_ONLY_NO_DATED_DOWNTIME,False,False,False,HIGH,MAINTENANCE_RISK_REVIEW,False,Maintenance risk is review-only without dated downtime; no horizon-wide production block applied.,True,True
PHASE4-MPS-20260721170405,ALT-MAINT,M-FINAL-STAND-001,WS-FINAL-ASM,,SEG-ALT-MAINT-PSC-SKU-BIKE-MT-001-20260713-MT-OP-050-04,2026-08-12T08:00,2026-08-12T15:14,,,,RISK_ONLY_NO_DATED_DOWNTIME,False,False,False,HIGH,MAINTENANCE_RISK_REVIEW,False,Maintenance risk is review-only without dated downtime; no horizon-wide production block applied.,True,True
PHASE4-MPS-20260721170405,ALT-MAINT,M-FINAL-STAND-001,WS-FINAL-ASM,,SEG-ALT-MAINT-PSC-SKU-BIKE-MT-001-20260713-MT-OP-050-05,2026-08-13T08:00,2026-08-13T15:14,,,,RISK_ONLY_NO_DATED_DOWNTIME,False,False,False,HIGH,MAINTENANCE_RISK_REVIEW,False,Maintenance risk is review-only without dated downtime; no horizon-wide production block applied.,True,True
PHASE4-MPS-20260721170405,ALT-MAINT,M-FINAL-STAND-001,WS-FINAL-ASM,,SEG-ALT-MAINT-PSC-SKU-BIKE-MT-001-20260713-MT-OP-050-06,2026-08-14T08:00,2026-08-14T11:56,,,,RISK_ONLY_NO_DATED_DOWNTIME,False,False,False,HIGH,MAINTENANCE_RISK_REVIEW,False,Maintenance risk is review-only without dated downtime; no horizon-wide production block applied.,True,True
PHASE4-MPS-20260721170405,ALT-MAINT,M-QC-TOOLS-001,WS-QC,,SEG-ALT-MAINT-PSC-SKU-BIKE-MT-001-20260713-MT-OP-060-01,2026-08-14T11:56,2026-08-14T15:14,,,,RISK_ONLY_NO_DATED_DOWNTIME,False,False,False,HIGH,MAINTENANCE_RISK_REVIEW,False,Maintenance risk is review-only without dated downtime; no horizon-wide production block applied.,True,True
PHASE4-MPS-20260721170405,ALT-MAINT,M-QC-TOOLS-001,WS-QC,,SEG-ALT-MAINT-PSC-SKU-BIKE-MT-001-20260713-MT-OP-060-02,2026-08-17T08:00,2026-08-17T15:14,,,,RISK_ONLY_NO_DATED_DOWNTIME,False,False,False,HIGH,MAINTENANCE_RISK_REVIEW,False,Maintenance risk is review-only without dated downtime; no horizon-wide production block applied.,True,True
PHASE4-MPS-20260721170405,ALT-MAINT,M-QC-TOOLS-001,WS-QC,,SEG-ALT-MAINT-PSC-SKU-BIKE-MT-001-20260713-MT-OP-060-03,2026-08-18T08:00,2026-08-18T15:14,,,,RISK_ONLY_NO_DATED_DOWNTIME,False,False,False,HIGH,MAINTENANCE_RISK_REVIEW,False,Maintenance risk is review-only without dated downtime; no horizon-wide production block applied.,True,True
PHASE4-MPS-20260721170405,ALT-MAINT,M-QC-TOOLS-001,WS-QC,,SEG-ALT-MAINT-PSC-SKU-BIKE-MT-001-20260713-MT-OP-060-04,2026-08-19T08:00,2026-08-19T12:59,,,,RISK_ONLY_NO_DATED_DOWNTIME,False,False,False,HIGH,MAINTENANCE_RISK_REVIEW,False,Maintenance risk is review-only without dated downtime; no horizon-wide production block applied.,True,True
PHASE4-MPS-20260721170405,ALT-MAINT,M-PACK-BENCH-001,WS-PACK,,SEG-ALT-MAINT-PSC-SKU-BIKE-MT-001-20260713-MT-OP-070-01,2026-08-19T12:59,2026-08-19T15:14,,,,RISK_ONLY_NO_DATED_DOWNTIME,False,False,False,HIGH,MAINTENANCE_RISK_REVIEW,False,Maintenance risk is review-only without dated downtime; no horizon-wide production block applied.,True,True
PHASE4-MPS-20260721170405,ALT-MAINT,M-PACK-BENCH-001,WS-PACK,,SEG-ALT-MAINT-PSC-SKU-BIKE-MT-001-20260713-MT-OP-070-02,2026-08-20T08:00,2026-08-20T15:15,,,,RISK_ONLY_NO_DATED_DOWNTIME,False,False,False,HIGH,MAINTENANCE_RISK_REVIEW,False,Maintenance risk is review-only without dated downtime; no horizon-wide production block applied.,True,True
PHASE4-MPS-20260721170405,ALT-MAINT,M-PACK-BENCH-001,WS-PACK,,SEG-ALT-MAINT-PSC-SKU-BIKE-MT-001-20260713-MT-OP-070-03,2026-08-21T08:00,2026-08-21T15:15,,,,RISK_ONLY_NO_DATED_DOWNTIME,False,False,False,HIGH,MAINTENANCE_RISK_REVIEW,False,Maintenance risk is review-only without dated downtime; no horizon-wide production block applied.,True,True
PHASE4-MPS-20260721170405,ALT-MAINT,M-PACK-BENCH-001,WS-PACK,,SEG-ALT-MAINT-PSC-SKU-BIKE-MT-001-20260713-MT-OP-070-04,2026-08-24T08:00,2026-08-24T08:27,,,,RISK_ONLY_NO_DATED_DOWNTIME,False,False,False,HIGH,MAINTENANCE_RISK_REVIEW,False,Maintenance risk is review-only without dated downtime; no horizon-wide production block applied.,True,True
PHASE4-MPS-20260721170405,ALT-MAINT,M-FRAME-JIG-001,WS-FRAME-PREP,,SEG-ALT-MAINT-PSC-SKU-BIKE-ROAD-001-20260713-ROAD-OP-010-01,2026-07-13T08:00,2026-07-13T15:15,,,,RISK_ONLY_NO_DATED_DOWNTIME,False,False,False,HIGH,MAINTENANCE_RISK_REVIEW,False,Maintenance risk is review-only without dated downtime; no horizon-wide production block applied.,True,True
PHASE4-MPS-20260721170405,ALT-MAINT,M-FRAME-JIG-001,WS-FRAME-PREP,,SEG-ALT-MAINT-PSC-SKU-BIKE-ROAD-001-20260713-ROAD-OP-010-02,2026-07-14T08:00,2026-07-14T15:15,,,,RISK_ONLY_NO_DATED_DOWNTIME,False,False,False,HIGH,MAINTENANCE_RISK_REVIEW,False,Maintenance risk is review-only without dated downtime; no horizon-wide production block applied.,True,True
PHASE4-MPS-20260721170405,ALT-MAINT,M-FRAME-JIG-001,WS-FRAME-PREP,,SEG-ALT-MAINT-PSC-SKU-BIKE-ROAD-001-20260713-ROAD-OP-010-03,2026-07-15T08:00,2026-07-15T15:15,,,,RISK_ONLY_NO_DATED_DOWNTIME,False,False,False,HIGH,MAINTENANCE_RISK_REVIEW,False,Maintenance risk is review-only without dated downtime; no horizon-wide production block applied.,True,True
PHASE4-MPS-20260721170405,ALT-MAINT,M-FRAME-JIG-001,WS-FRAME-PREP,,SEG-ALT-MAINT-PSC-SKU-BIKE-ROAD-001-20260713-ROAD-OP-010-04,2026-07-16T08:00,2026-07-16T15:15,,,,RISK_ONLY_NO_DATED_DOWNTIME,False,False,False,HIGH,MAINTENANCE_RISK_REVIEW,False,Maintenance risk is review-only without dated downtime; no horizon-wide production block applied.,True,True
PHASE4-MPS-20260721170405,ALT-MAINT,M-FRAME-JIG-001,WS-FRAME-PREP,,SEG-ALT-MAINT-PSC-SKU-BIKE-ROAD-001-20260713-ROAD-OP-010-05,2026-07-17T08:00,2026-07-17T10:15,,,,RISK_ONLY_NO_DATED_DOWNTIME,False,False,False,HIGH,MAINTENANCE_RISK_REVIEW,False,Maintenance risk is review-only without dated downtime; no horizon-wide production block applied.,True,True
PHASE4-MPS-20260721170405,ALT-MAINT,M-WHEEL-TRUE-001,WS-WHEEL-SUB,,SEG-ALT-MAINT-PSC-SKU-BIKE-ROAD-001-20260713-ROAD-OP-020-01,2026-07-31T10:47,2026-07-31T15:14,,,,RISK_ONLY_NO_DATED_DOWNTIME,False,False,False,HIGH,MAINTENANCE_RISK_REVIEW,False,Maintenance risk is review-only without dated downtime; no horizon-wide production block applied.,True,True
PHASE4-MPS-20260721170405,ALT-MAINT,M-WHEEL-TRUE-001,WS-WHEEL-SUB,,SEG-ALT-MAINT-PSC-SKU-BIKE-ROAD-001-20260713-ROAD-OP-020-02,2026-08-03T08:00,2026-08-03T15:15,,,,RISK_ONLY_NO_DATED_DOWNTIME,False,False,False,HIGH,MAINTENANCE_RISK_REVIEW,False,Maintenance risk is review-only without dated downtime; no horizon-wide production block applied.,True,True
PHASE4-MPS-20260721170405,ALT-MAINT,M-WHEEL-TRUE-001,WS-WHEEL-SUB,,SEG-ALT-MAINT-PSC-SKU-BIKE-ROAD-001-20260713-ROAD-OP-020-03,2026-08-04T08:00,2026-08-04T15:15,,,,RISK_ONLY_NO_DATED_DOWNTIME,False,False,False,HIGH,MAINTENANCE_RISK_REVIEW,False,Maintenance risk is review-only without dated downtime; no horizon-wide production block applied.,True,True
PHASE4-MPS-20260721170405,ALT-MAINT,M-WHEEL-TRUE-001,WS-WHEEL-SUB,,SEG-ALT-MAINT-PSC-SKU-BIKE-ROAD-001-20260713-ROAD-OP-020-04,2026-08-05T08:00,2026-08-05T11:36,,,,RISK_ONLY_NO_DATED_DOWNTIME,False,False,False,HIGH,MAINTENANCE_RISK_REVIEW,False,Maintenance risk is review-only without dated downtime; no horizon-wide production block applied.,True,True
PHASE4-MPS-20260721170405,ALT-MAINT,M-BRAKE-BENCH-001,WS-BRAKE-SUB,,SEG-ALT-MAINT-PSC-SKU-BIKE-ROAD-001-20260713-ROAD-OP-030-01,2026-07-31T10:47,2026-07-31T15:14,,,,RISK_ONLY_NO_DATED_DOWNTIME,False,False,False,HIGH,MAINTENANCE_RISK_REVIEW,False,Maintenance risk is review-only without dated downtime; no horizon-wide production block applied.,True,True
PHASE4-MPS-20260721170405,ALT-MAINT,M-BRAKE-BENCH-001,WS-BRAKE-SUB,,SEG-ALT-MAINT-PSC-SKU-BIKE-ROAD-001-20260713-ROAD-OP-030-02,2026-08-03T08:00,2026-08-03T15:14,,,,RISK_ONLY_NO_DATED_DOWNTIME,False,False,False,HIGH,MAINTENANCE_RISK_REVIEW,False,Maintenance risk is review-only without dated downtime; no horizon-wide production block applied.,True,True
PHASE4-MPS-20260721170405,ALT-MAINT,M-BRAKE-BENCH-001,WS-BRAKE-SUB,,SEG-ALT-MAINT-PSC-SKU-BIKE-ROAD-001-20260713-ROAD-OP-030-03,2026-08-04T08:00,2026-08-04T13:35,,,,RISK_ONLY_NO_DATED_DOWNTIME,False,False,False,HIGH,MAINTENANCE_RISK_REVIEW,False,Maintenance risk is review-only without dated downtime; no horizon-wide production block applied.,True,True
PHASE4-MPS-20260721170405,ALT-MAINT,M-FINAL-STAND-001,WS-FINAL-ASM,,SEG-ALT-MAINT-PSC-SKU-BIKE-ROAD-001-20260713-ROAD-OP-040-01,2026-08-14T11:56,2026-08-14T15:14,,,,RISK_ONLY_NO_DATED_DOWNTIME,False,False,False,HIGH,MAINTENANCE_RISK_REVIEW,False,Maintenance risk is review-only without dated downtime; no horizon-wide production block applied.,True,True
PHASE4-MPS-20260721170405,ALT-MAINT,M-FINAL-STAND-001,WS-FINAL-ASM,,SEG-ALT-MAINT-PSC-SKU-BIKE-ROAD-001-20260713-ROAD-OP-040-02,2026-08-17T08:00,2026-08-17T15:15,,,,RISK_ONLY_NO_DATED_DOWNTIME,False,False,False,HIGH,MAINTENANCE_RISK_REVIEW,False,Maintenance risk is review-only without dated downtime; no horizon-wide production block applied.,True,True
PHASE4-MPS-20260721170405,ALT-MAINT,M-FINAL-STAND-001,WS-FINAL-ASM,,SEG-ALT-MAINT-PSC-SKU-BIKE-ROAD-001-20260713-ROAD-OP-040-03,2026-08-18T08:00,2026-08-18T15:15,,,,RISK_ONLY_NO_DATED_DOWNTIME,False,False,False,HIGH,MAINTENANCE_RISK_REVIEW,False,Maintenance risk is review-only without dated downtime; no horizon-wide production block applied.,True,True
PHASE4-MPS-20260721170405,ALT-MAINT,M-FINAL-STAND-001,WS-FINAL-ASM,,SEG-ALT-MAINT-PSC-SKU-BIKE-ROAD-001-20260713-ROAD-OP-040-04,2026-08-19T08:00,2026-08-19T15:15,,,,RISK_ONLY_NO_DATED_DOWNTIME,False,False,False,HIGH,MAINTENANCE_RISK_REVIEW,False,Maintenance risk is review-only without dated downtime; no horizon-wide production block applied.,True,True
PHASE4-MPS-20260721170405,ALT-MAINT,M-FINAL-STAND-001,WS-FINAL-ASM,,SEG-ALT-MAINT-PSC-SKU-BIKE-ROAD-001-20260713-ROAD-OP-040-05,2026-08-20T08:00,2026-08-20T15:15,,,,RISK_ONLY_NO_DATED_DOWNTIME,False,False,False,HIGH,MAINTENANCE_RISK_REVIEW,False,Maintenance risk is review-only without dated downtime; no horizon-wide production block applied.,True,True
PHASE4-MPS-20260721170405,ALT-MAINT,M-FINAL-STAND-001,WS-FINAL-ASM,,SEG-ALT-MAINT-PSC-SKU-BIKE-ROAD-001-20260713-ROAD-OP-040-06,2026-08-21T08:00,2026-08-21T15:15,,,,RISK_ONLY_NO_DATED_DOWNTIME,False,False,False,HIGH,MAINTENANCE_RISK_REVIEW,False,Maintenance risk is review-only without dated downtime; no horizon-wide production block applied.,True,True
PHASE4-MPS-20260721170405,ALT-MAINT,M-FINAL-STAND-001,WS-FINAL-ASM,,SEG-ALT-MAINT-PSC-SKU-BIKE-ROAD-001-20260713-ROAD-OP-040-07,2026-08-24T08:00,2026-08-24T09:35,,,,RISK_ONLY_NO_DATED_DOWNTIME,False,False,False,HIGH,MAINTENANCE_RISK_REVIEW,False,Maintenance risk is review-only without dated downtime; no horizon-wide production block applied.,True,True
PHASE4-MPS-20260721170405,ALT-MAINT,M-QC-TOOLS-001,WS-QC,,SEG-ALT-MAINT-PSC-SKU-BIKE-ROAD-001-20260713-ROAD-OP-050-01,2026-08-24T09:35,2026-08-24T15:14,,,,RISK_ONLY_NO_DATED_DOWNTIME,False,False,False,HIGH,MAINTENANCE_RISK_REVIEW,False,Maintenance risk is review-only without dated downtime; no horizon-wide production block applied.,True,True
PHASE4-MPS-20260721170405,ALT-MAINT,M-QC-TOOLS-001,WS-QC,,SEG-ALT-MAINT-PSC-SKU-BIKE-ROAD-001-20260713-ROAD-OP-050-02,2026-08-25T08:00,2026-08-25T15:14,,,,RISK_ONLY_NO_DATED_DOWNTIME,False,False,False,HIGH,MAINTENANCE_RISK_REVIEW,False,Maintenance risk is review-only without dated downtime; no horizon-wide production block applied.,True,True
PHASE4-MPS-20260721170405,ALT-MAINT,M-QC-TOOLS-001,WS-QC,,SEG-ALT-MAINT-PSC-SKU-BIKE-ROAD-001-20260713-ROAD-OP-050-03,2026-08-26T08:00,2026-08-26T13:47,,,,RISK_ONLY_NO_DATED_DOWNTIME,False,False,False,HIGH,MAINTENANCE_RISK_REVIEW,False,Maintenance risk is review-only without dated downtime; no horizon-wide production block applied.,True,True
PHASE4-MPS-20260721170405,ALT-MAINT,M-PACK-BENCH-001,WS-PACK,,SEG-ALT-MAINT-PSC-SKU-BIKE-ROAD-001-20260713-ROAD-OP-060-01,2026-08-26T13:47,2026-08-26T15:14,,,,RISK_ONLY_NO_DATED_DOWNTIME,False,False,False,HIGH,MAINTENANCE_RISK_REVIEW,False,Maintenance risk is review-only without dated downtime; no horizon-wide production block applied.,True,True
PHASE4-MPS-20260721170405,ALT-MAINT,M-PACK-BENCH-001,WS-PACK,,SEG-ALT-MAINT-PSC-SKU-BIKE-ROAD-001-20260713-ROAD-OP-060-02,2026-08-27T08:00,2026-08-27T15:14,,,,RISK_ONLY_NO_DATED_DOWNTIME,False,False,False,HIGH,MAINTENANCE_RISK_REVIEW,False,Maintenance risk is review-only without dated downtime; no horizon-wide production block applied.,True,True
PHASE4-MPS-20260721170405,ALT-MAINT,M-PACK-BENCH-001,WS-PACK,,SEG-ALT-MAINT-PSC-SKU-BIKE-ROAD-001-20260713-ROAD-OP-060-03,2026-08-28T08:00,2026-08-28T14:28,,,,RISK_ONLY_NO_DATED_DOWNTIME,False,False,False,HIGH,MAINTENANCE_RISK_REVIEW,False,Maintenance risk is review-only without dated downtime; no horizon-wide production block applied.,True,True
PHASE4-MPS-20260721170405,ALT-MAINT,M-FRAME-JIG-001,WS-FRAME-PREP,,SEG-ALT-MAINT-PSC-SKU-BIKE-MT-001-20260720-MT-OP-010-01,2026-07-20T08:00,2026-07-20T15:14,,,,RISK_ONLY_NO_DATED_DOWNTIME,False,False,False,HIGH,MAINTENANCE_RISK_REVIEW,False,Maintenance risk is review-only without dated downtime; no horizon-wide production block applied.,True,True
PHASE4-MPS-20260721170405,ALT-MAINT,M-FRAME-JIG-001,WS-FRAME-PREP,,SEG-ALT-MAINT-PSC-SKU-BIKE-MT-001-20260720-MT-OP-010-02,2026-07-21T08:00,2026-07-21T15:14,,,,RISK_ONLY_NO_DATED_DOWNTIME,False,False,False,HIGH,MAINTENANCE_RISK_REVIEW,False,Maintenance risk is review-only without dated downtime; no horizon-wide production block applied.,True,True
PHASE4-MPS-20260721170405,ALT-MAINT,M-FRAME-JIG-001,WS-FRAME-PREP,,SEG-ALT-MAINT-PSC-SKU-BIKE-MT-001-20260720-MT-OP-010-03,2026-07-22T08:00,2026-07-22T15:14,,,,RISK_ONLY_NO_DATED_DOWNTIME,False,False,False,HIGH,MAINTENANCE_RISK_REVIEW,False,Maintenance risk is review-only without dated downtime; no horizon-wide production block applied.,True,True
PHASE4-MPS-20260721170405,ALT-MAINT,M-FRAME-JIG-001,WS-FRAME-PREP,,SEG-ALT-MAINT-PSC-SKU-BIKE-MT-001-20260720-MT-OP-010-04,2026-07-23T08:00,2026-07-23T14:22,,,,RISK_ONLY_NO_DATED_DOWNTIME,False,False,False,HIGH,MAINTENANCE_RISK_REVIEW,False,Maintenance risk is review-only without dated downtime; no horizon-wide production block applied.,True,True
PHASE4-MPS-20260721170405,ALT-MAINT,M-FORK-BENCH-001,WS-FORK-SUSP,,SEG-ALT-MAINT-PSC-SKU-BIKE-MT-001-20260720-MT-OP-020-01,2026-08-07T09:38,2026-08-07T15:14,,,,RISK_ONLY_NO_DATED_DOWNTIME,False,False,False,HIGH,MAINTENANCE_RISK_REVIEW,False,Maintenance risk is review-only without dated downtime; no horizon-wide production block applied.,True,True
PHASE4-MPS-20260721170405,ALT-MAINT,M-FORK-BENCH-001,WS-FORK-SUSP,,SEG-ALT-MAINT-PSC-SKU-BIKE-MT-001-20260720-MT-OP-020-02,2026-08-10T08:00,2026-08-10T15:15,,,,RISK_ONLY_NO_DATED_DOWNTIME,False,False,False,HIGH,MAINTENANCE_RISK_REVIEW,False,Maintenance risk is review-only without dated downtime; no horizon-wide production block applied.,True,True
PHASE4-MPS-20260721170405,ALT-MAINT,M-FORK-BENCH-001,WS-FORK-SUSP,,SEG-ALT-MAINT-PSC-SKU-BIKE-MT-001-20260720-MT-OP-020-03,2026-08-11T08:00,2026-08-11T15:15,,,,RISK_ONLY_NO_DATED_DOWNTIME,False,False,False,HIGH,MAINTENANCE_RISK_REVIEW,False,Maintenance risk is review-only without dated downtime; no horizon-wide production block applied.,True,True
PHASE4-MPS-20260721170405,ALT-MAINT,M-FORK-BENCH-001,WS-FORK-SUSP,,SEG-ALT-MAINT-PSC-SKU-BIKE-MT-001-20260720-MT-OP-020-04,2026-08-12T08:00,2026-08-12T15:15,,,,RISK_ONLY_NO_DATED_DOWNTIME,False,False,False,HIGH,MAINTENANCE_RISK_REVIEW,False,Maintenance risk is review-only without dated downtime; no horizon-wide production block applied.,True,True
PHASE4-MPS-20260721170405,ALT-MAINT,M-FORK-BENCH-001,WS-FORK-SUSP,,SEG-ALT-MAINT-PSC-SKU-BIKE-MT-001-20260720-MT-OP-020-05,2026-08-13T08:00,2026-08-13T14:46,,,,RISK_ONLY_NO_DATED_DOWNTIME,False,False,False,HIGH,MAINTENANCE_RISK_REVIEW,False,Maintenance risk is review-only without dated downtime; no horizon-wide production block applied.,True,True
PHASE4-MPS-20260721170405,ALT-MAINT,M-WHEEL-TRUE-001,WS-WHEEL-SUB,,SEG-ALT-MAINT-PSC-SKU-BIKE-MT-001-20260720-MT-OP-030-01,2026-08-07T09:38,2026-08-07T15:14,,,,RISK_ONLY_NO_DATED_DOWNTIME,False,False,False,HIGH,MAINTENANCE_RISK_REVIEW,False,Maintenance risk is review-only without dated downtime; no horizon-wide production block applied.,True,True
PHASE4-MPS-20260721170405,ALT-MAINT,M-WHEEL-TRUE-001,WS-WHEEL-SUB,,SEG-ALT-MAINT-PSC-SKU-BIKE-MT-001-20260720-MT-OP-030-02,2026-08-10T08:00,2026-08-10T15:14,,,,RISK_ONLY_NO_DATED_DOWNTIME,False,False,False,HIGH,MAINTENANCE_RISK_REVIEW,False,Maintenance risk is review-only without dated downtime; no horizon-wide production block applied.,True,True
PHASE4-MPS-20260721170405,ALT-MAINT,M-WHEEL-TRUE-001,WS-WHEEL-SUB,,SEG-ALT-MAINT-PSC-SKU-BIKE-MT-001-20260720-MT-OP-030-03,2026-08-11T08:00,2026-08-11T15:14,,,,RISK_ONLY_NO_DATED_DOWNTIME,False,False,False,HIGH,MAINTENANCE_RISK_REVIEW,False,Maintenance risk is review-only without dated downtime; no horizon-wide production block applied.,True,True
PHASE4-MPS-20260721170405,ALT-MAINT,M-WHEEL-TRUE-001,WS-WHEEL-SUB,,SEG-ALT-MAINT-PSC-SKU-BIKE-MT-001-20260720-MT-OP-030-04,2026-08-12T08:00,2026-08-12T11:38,,,,RISK_ONLY_NO_DATED_DOWNTIME,False,False,False,HIGH,MAINTENANCE_RISK_REVIEW,False,Maintenance risk is review-only without dated downtime; no horizon-wide production block applied.,True,True
PHASE4-MPS-20260721170405,ALT-MAINT,M-BRAKE-BENCH-001,WS-BRAKE-SUB,,SEG-ALT-MAINT-PSC-SKU-BIKE-MT-001-20260720-MT-OP-040-01,2026-08-07T09:38,2026-08-07T15:14,,,,RISK_ONLY_NO_DATED_DOWNTIME,False,False,False,HIGH,MAINTENANCE_RISK_REVIEW,False,Maintenance risk is review-only without dated downtime; no horizon-wide production block applied.,True,True
PHASE4-MPS-20260721170405,ALT-MAINT,M-BRAKE-BENCH-001,WS-BRAKE-SUB,,SEG-ALT-MAINT-PSC-SKU-BIKE-MT-001-20260720-MT-OP-040-02,2026-08-10T08:00,2026-08-10T15:14,,,,RISK_ONLY_NO_DATED_DOWNTIME,False,False,False,HIGH,MAINTENANCE_RISK_REVIEW,False,Maintenance risk is review-only without dated downtime; no horizon-wide production block applied.,True,True
PHASE4-MPS-20260721170405,ALT-MAINT,M-BRAKE-BENCH-001,WS-BRAKE-SUB,,SEG-ALT-MAINT-PSC-SKU-BIKE-MT-001-20260720-MT-OP-040-03,2026-08-11T08:00,2026-08-11T13:10,,,,RISK_ONLY_NO_DATED_DOWNTIME,False,False,False,HIGH,MAINTENANCE_RISK_REVIEW,False,Maintenance risk is review-only without dated downtime; no horizon-wide production block applied.,True,True
PHASE4-MPS-20260721170405,ALT-MAINT,M-FINAL-STAND-001,WS-FINAL-ASM,,SEG-ALT-MAINT-PSC-SKU-BIKE-MT-001-20260720-MT-OP-050-01,2026-08-24T09:35,2026-08-24T15:14,,,,RISK_ONLY_NO_DATED_DOWNTIME,False,False,False,HIGH,MAINTENANCE_RISK_REVIEW,False,Maintenance risk is review-only without dated downtime; no horizon-wide production block applied.,True,True
PHASE4-MPS-20260721170405,ALT-MAINT,M-FINAL-STAND-001,WS-FINAL-ASM,,SEG-ALT-MAINT-PSC-SKU-BIKE-MT-001-20260720-MT-OP-050-02,2026-08-25T08:00,2026-08-25T15:14,,,,RISK_ONLY_NO_DATED_DOWNTIME,False,False,False,HIGH,MAINTENANCE_RISK_REVIEW,False,Maintenance risk is review-only without dated downtime; no horizon-wide production block applied.,True,True
PHASE4-MPS-20260721170405,ALT-MAINT,M-FINAL-STAND-001,WS-FINAL-ASM,,SEG-ALT-MAINT-PSC-SKU-BIKE-MT-001-20260720-MT-OP-050-03,2026-08-26T08:00,2026-08-26T15:14,,,,RISK_ONLY_NO_DATED_DOWNTIME,False,False,False,HIGH,MAINTENANCE_RISK_REVIEW,False,Maintenance risk is review-only without dated downtime; no horizon-wide production block applied.,True,True
PHASE4-MPS-20260721170405,ALT-MAINT,M-FINAL-STAND-001,WS-FINAL-ASM,,SEG-ALT-MAINT-PSC-SKU-BIKE-MT-001-20260720-MT-OP-050-04,2026-08-27T08:00,2026-08-27T15:14,,,,RISK_ONLY_NO_DATED_DOWNTIME,False,False,False,HIGH,MAINTENANCE_RISK_REVIEW,False,Maintenance risk is review-only without dated downtime; no horizon-wide production block applied.,True,True
PHASE4-MPS-20260721170405,ALT-MAINT,M-FINAL-STAND-001,WS-FINAL-ASM,,SEG-ALT-MAINT-PSC-SKU-BIKE-MT-001-20260720-MT-OP-050-05,2026-08-28T08:00,2026-08-28T15:14,,,,RISK_ONLY_NO_DATED_DOWNTIME,False,False,False,HIGH,MAINTENANCE_RISK_REVIEW,False,Maintenance risk is review-only without dated downtime; no horizon-wide production block applied.,True,True
PHASE4-MPS-20260721170405,ALT-MAINT,M-FINAL-STAND-001,WS-FINAL-ASM,,SEG-ALT-MAINT-PSC-SKU-BIKE-MT-001-20260720-MT-OP-050-06,2026-08-31T08:00,2026-08-31T15:14,,,,RISK_ONLY_NO_DATED_DOWNTIME,False,False,False,HIGH,MAINTENANCE_RISK_REVIEW,False,Maintenance risk is review-only without dated downtime; no horizon-wide production block applied.,True,True
PHASE4-MPS-20260721170405,ALT-MAINT,M-FINAL-STAND-001,WS-FINAL-ASM,,SEG-ALT-MAINT-PSC-SKU-BIKE-MT-001-20260720-MT-OP-050-07,2026-09-01T08:00,2026-09-01T15:14,,,,RISK_ONLY_NO_DATED_DOWNTIME,False,False,False,HIGH,MAINTENANCE_RISK_REVIEW,False,Maintenance risk is review-only without dated downtime; no horizon-wide production block applied.,True,True
PHASE4-MPS-20260721170405,ALT-MAINT,M-FINAL-STAND-001,WS-FINAL-ASM,,SEG-ALT-MAINT-PSC-SKU-BIKE-MT-001-20260720-MT-OP-050-08,2026-09-02T08:00,2026-09-02T13:44,,,,RISK_ONLY_NO_DATED_DOWNTIME,False,False,False,HIGH,MAINTENANCE_RISK_REVIEW,False,Maintenance risk is review-only without dated downtime; no horizon-wide production block applied.,True,True
PHASE4-MPS-20260721170405,ALT-MAINT,M-QC-TOOLS-001,WS-QC,,SEG-ALT-MAINT-PSC-SKU-BIKE-MT-001-20260720-MT-OP-060-01,2026-09-02T13:44,2026-09-02T15:14,,,,RISK_ONLY_NO_DATED_DOWNTIME,False,False,False,HIGH,MAINTENANCE_RISK_REVIEW,False,Maintenance risk is review-only without dated downtime; no horizon-wide production block applied.,True,True
PHASE4-MPS-20260721170405,ALT-MAINT,M-QC-TOOLS-001,WS-QC,,SEG-ALT-MAINT-PSC-SKU-BIKE-MT-001-20260720-MT-OP-060-02,2026-09-03T08:00,2026-09-03T15:14,,,,RISK_ONLY_NO_DATED_DOWNTIME,False,False,False,HIGH,MAINTENANCE_RISK_REVIEW,False,Maintenance risk is review-only without dated downtime; no horizon-wide production block applied.,True,True
PHASE4-MPS-20260721170405,ALT-MAINT,M-QC-TOOLS-001,WS-QC,,SEG-ALT-MAINT-PSC-SKU-BIKE-MT-001-20260720-MT-OP-060-03,2026-09-04T08:00,2026-09-04T15:14,,,,RISK_ONLY_NO_DATED_DOWNTIME,False,False,False,HIGH,MAINTENANCE_RISK_REVIEW,False,Maintenance risk is review-only without dated downtime; no horizon-wide production block applied.,True,True
PHASE4-MPS-20260721170405,ALT-MAINT,M-QC-TOOLS-001,WS-QC,,SEG-ALT-MAINT-PSC-SKU-BIKE-MT-001-20260720-MT-OP-060-04,2026-09-07T08:00,2026-09-07T14:47,,,,RISK_ONLY_NO_DATED_DOWNTIME,False,False,False,HIGH,MAINTENANCE_RISK_REVIEW,False,Maintenance risk is review-only without dated downtime; no horizon-wide production block applied.,True,True
PHASE4-MPS-20260721170405,ALT-MAINT,M-PACK-BENCH-001,WS-PACK,,SEG-ALT-MAINT-PSC-SKU-BIKE-MT-001-20260720-MT-OP-070-01,2026-09-07T14:47,2026-09-07T15:14,,,,RISK_ONLY_NO_DATED_DOWNTIME,False,False,False,HIGH,MAINTENANCE_RISK_REVIEW,False,Maintenance risk is review-only without dated downtime; no horizon-wide production block applied.,True,True
PHASE4-MPS-20260721170405,ALT-MAINT,M-PACK-BENCH-001,WS-PACK,,SEG-ALT-MAINT-PSC-SKU-BIKE-MT-001-20260720-MT-OP-070-02,2026-09-08T08:00,2026-09-08T15:15,,,,RISK_ONLY_NO_DATED_DOWNTIME,False,False,False,HIGH,MAINTENANCE_RISK_REVIEW,False,Maintenance risk is review-only without dated downtime; no horizon-wide production block applied.,True,True
PHASE4-MPS-20260721170405,ALT-MAINT,M-PACK-BENCH-001,WS-PACK,,SEG-ALT-MAINT-PSC-SKU-BIKE-MT-001-20260720-MT-OP-070-03,2026-09-09T08:00,2026-09-09T15:15,,,,RISK_ONLY_NO_DATED_DOWNTIME,False,False,False,HIGH,MAINTENANCE_RISK_REVIEW,False,Maintenance risk is review-only without dated downtime; no horizon-wide production block applied.,True,True
PHASE4-MPS-20260721170405,ALT-MAINT,M-PACK-BENCH-001,WS-PACK,,SEG-ALT-MAINT-PSC-SKU-BIKE-MT-001-20260720-MT-OP-070-04,2026-09-10T08:00,2026-09-10T10:15,,,,RISK_ONLY_NO_DATED_DOWNTIME,False,False,False,HIGH,MAINTENANCE_RISK_REVIEW,False,Maintenance risk is review-only without dated downtime; no horizon-wide production block applied.,True,True
PHASE4-MPS-20260721170405,ALT-MAINT,M-FRAME-JIG-001,WS-FRAME-PREP,,SEG-ALT-MAINT-PSC-SKU-BIKE-ROAD-001-20260720-ROAD-OP-010-01,2026-07-31T10:47,2026-07-31T15:14,,,,RISK_ONLY_NO_DATED_DOWNTIME,False,False,False,HIGH,MAINTENANCE_RISK_REVIEW,False,Maintenance risk is review-only without dated downtime; no horizon-wide production block applied.,True,True
PHASE4-MPS-20260721170405,ALT-MAINT,M-FRAME-JIG-001,WS-FRAME-PREP,,SEG-ALT-MAINT-PSC-SKU-BIKE-ROAD-001-20260720-ROAD-OP-010-02,2026-08-03T08:00,2026-08-03T15:15,,,,RISK_ONLY_NO_DATED_DOWNTIME,False,False,False,HIGH,MAINTENANCE_RISK_REVIEW,False,Maintenance risk is review-only without dated downtime; no horizon-wide production block applied.,True,True
PHASE4-MPS-20260721170405,ALT-MAINT,M-FRAME-JIG-001,WS-FRAME-PREP,,SEG-ALT-MAINT-PSC-SKU-BIKE-ROAD-001-20260720-ROAD-OP-010-03,2026-08-04T08:00,2026-08-04T14:23,,,,RISK_ONLY_NO_DATED_DOWNTIME,False,False,False,HIGH,MAINTENANCE_RISK_REVIEW,False,Maintenance risk is review-only without dated downtime; no horizon-wide production block applied.,True,True
PHASE4-MPS-20260721170405,ALT-MAINT,M-WHEEL-TRUE-001,WS-WHEEL-SUB,,SEG-ALT-MAINT-PSC-SKU-BIKE-ROAD-001-20260720-ROAD-OP-020-01,2026-08-14T11:56,2026-08-14T15:14,,,,RISK_ONLY_NO_DATED_DOWNTIME,False,False,False,HIGH,MAINTENANCE_RISK_REVIEW,False,Maintenance risk is review-only without dated downtime; no horizon-wide production block applied.,True,True
PHASE4-MPS-20260721170405,ALT-MAINT,M-WHEEL-TRUE-001,WS-WHEEL-SUB,,SEG-ALT-MAINT-PSC-SKU-BIKE-ROAD-001-20260720-ROAD-OP-020-02,2026-08-17T08:00,2026-08-17T15:15,,,,RISK_ONLY_NO_DATED_DOWNTIME,False,False,False,HIGH,MAINTENANCE_RISK_REVIEW,False,Maintenance risk is review-only without dated downtime; no horizon-wide production block applied.,True,True
PHASE4-MPS-20260721170405,ALT-MAINT,M-WHEEL-TRUE-001,WS-WHEEL-SUB,,SEG-ALT-MAINT-PSC-SKU-BIKE-ROAD-001-20260720-ROAD-OP-020-03,2026-08-18T08:00,2026-08-18T15:15,,,,RISK_ONLY_NO_DATED_DOWNTIME,False,False,False,HIGH,MAINTENANCE_RISK_REVIEW,False,Maintenance risk is review-only without dated downtime; no horizon-wide production block applied.,True,True
PHASE4-MPS-20260721170405,ALT-MAINT,M-WHEEL-TRUE-001,WS-WHEEL-SUB,,SEG-ALT-MAINT-PSC-SKU-BIKE-ROAD-001-20260720-ROAD-OP-020-04,2026-08-19T08:00,2026-08-19T15:15,,,,RISK_ONLY_NO_DATED_DOWNTIME,False,False,False,HIGH,MAINTENANCE_RISK_REVIEW,False,Maintenance risk is review-only without dated downtime; no horizon-wide production block applied.,True,True
PHASE4-MPS-20260721170405,ALT-MAINT,M-WHEEL-TRUE-001,WS-WHEEL-SUB,,SEG-ALT-MAINT-PSC-SKU-BIKE-ROAD-001-20260720-ROAD-OP-020-05,2026-08-20T08:00,2026-08-20T09:24,,,,RISK_ONLY_NO_DATED_DOWNTIME,False,False,False,HIGH,MAINTENANCE_RISK_REVIEW,False,Maintenance risk is review-only without dated downtime; no horizon-wide production block applied.,True,True
PHASE4-MPS-20260721170405,ALT-MAINT,M-BRAKE-BENCH-001,WS-BRAKE-SUB,,SEG-ALT-MAINT-PSC-SKU-BIKE-ROAD-001-20260720-ROAD-OP-030-01,2026-08-14T11:56,2026-08-14T15:14,,,,RISK_ONLY_NO_DATED_DOWNTIME,False,False,False,HIGH,MAINTENANCE_RISK_REVIEW,False,Maintenance risk is review-only without dated downtime; no horizon-wide production block applied.,True,True
PHASE4-MPS-20260721170405,ALT-MAINT,M-BRAKE-BENCH-001,WS-BRAKE-SUB,,SEG-ALT-MAINT-PSC-SKU-BIKE-ROAD-001-20260720-ROAD-OP-030-02,2026-08-17T08:00,2026-08-17T15:14,,,,RISK_ONLY_NO_DATED_DOWNTIME,False,False,False,HIGH,MAINTENANCE_RISK_REVIEW,False,Maintenance risk is review-only without dated downtime; no horizon-wide production block applied.,True,True
PHASE4-MPS-20260721170405,ALT-MAINT,M-BRAKE-BENCH-001,WS-BRAKE-SUB,,SEG-ALT-MAINT-PSC-SKU-BIKE-ROAD-001-20260720-ROAD-OP-030-03,2026-08-18T08:00,2026-08-18T15:14,,,,RISK_ONLY_NO_DATED_DOWNTIME,False,False,False,HIGH,MAINTENANCE_RISK_REVIEW,False,Maintenance risk is review-only without dated downtime; no horizon-wide production block applied.,True,True
PHASE4-MPS-20260721170405,ALT-MAINT,M-BRAKE-BENCH-001,WS-BRAKE-SUB,,SEG-ALT-MAINT-PSC-SKU-BIKE-ROAD-001-20260720-ROAD-OP-030-04,2026-08-19T08:00,2026-08-19T09:38,,,,RISK_ONLY_NO_DATED_DOWNTIME,False,False,False,HIGH,MAINTENANCE_RISK_REVIEW,False,Maintenance risk is review-only without dated downtime; no horizon-wide production block applied.,True,True
PHASE4-MPS-20260721170405,ALT-MAINT,M-FINAL-STAND-001,WS-FINAL-ASM,,SEG-ALT-MAINT-PSC-SKU-BIKE-ROAD-001-20260720-ROAD-OP-040-01,2026-09-02T13:44,2026-09-02T15:14,,,,RISK_ONLY_NO_DATED_DOWNTIME,False,False,False,HIGH,MAINTENANCE_RISK_REVIEW,False,Maintenance risk is review-only without dated downtime; no horizon-wide production block applied.,True,True
PHASE4-MPS-20260721170405,ALT-MAINT,M-FINAL-STAND-001,WS-FINAL-ASM,,SEG-ALT-MAINT-PSC-SKU-BIKE-ROAD-001-20260720-ROAD-OP-040-02,2026-09-03T08:00,2026-09-03T15:15,,,,RISK_ONLY_NO_DATED_DOWNTIME,False,False,False,HIGH,MAINTENANCE_RISK_REVIEW,False,Maintenance risk is review-only without dated downtime; no horizon-wide production block applied.,True,True
PHASE4-MPS-20260721170405,ALT-MAINT,M-FINAL-STAND-001,WS-FINAL-ASM,,SEG-ALT-MAINT-PSC-SKU-BIKE-ROAD-001-20260720-ROAD-OP-040-03,2026-09-04T08:00,2026-09-04T15:15,,,,RISK_ONLY_NO_DATED_DOWNTIME,False,False,False,HIGH,MAINTENANCE_RISK_REVIEW,False,Maintenance risk is review-only without dated downtime; no horizon-wide production block applied.,True,True
PHASE4-MPS-20260721170405,ALT-MAINT,M-FINAL-STAND-001,WS-FINAL-ASM,,SEG-ALT-MAINT-PSC-SKU-BIKE-ROAD-001-20260720-ROAD-OP-040-04,2026-09-07T08:00,2026-09-07T15:15,,,,RISK_ONLY_NO_DATED_DOWNTIME,False,False,False,HIGH,MAINTENANCE_RISK_REVIEW,False,Maintenance risk is review-only without dated downtime; no horizon-wide production block applied.,True,True
PHASE4-MPS-20260721170405,ALT-MAINT,M-FINAL-STAND-001,WS-FINAL-ASM,,SEG-ALT-MAINT-PSC-SKU-BIKE-ROAD-001-20260720-ROAD-OP-040-05,2026-09-08T08:00,2026-09-08T15:15,,,,RISK_ONLY_NO_DATED_DOWNTIME,False,False,False,HIGH,MAINTENANCE_RISK_REVIEW,False,Maintenance risk is review-only without dated downtime; no horizon-wide production block applied.,True,True
PHASE4-MPS-20260721170405,ALT-MAINT,M-FINAL-STAND-001,WS-FINAL-ASM,,SEG-ALT-MAINT-PSC-SKU-BIKE-ROAD-001-20260720-ROAD-OP-040-06,2026-09-09T08:00,2026-09-09T15:15,,,,RISK_ONLY_NO_DATED_DOWNTIME,False,False,False,HIGH,MAINTENANCE_RISK_REVIEW,False,Maintenance risk is review-only without dated downtime; no horizon-wide production block applied.,True,True
PHASE4-MPS-20260721170405,ALT-MAINT,M-FINAL-STAND-001,WS-FINAL-ASM,,SEG-ALT-MAINT-PSC-SKU-BIKE-ROAD-001-20260720-ROAD-OP-040-07,2026-09-10T08:00,2026-09-10T15:15,,,,RISK_ONLY_NO_DATED_DOWNTIME,False,False,False,HIGH,MAINTENANCE_RISK_REVIEW,False,Maintenance risk is review-only without dated downtime; no horizon-wide production block applied.,True,True
PHASE4-MPS-20260721170405,ALT-MAINT,M-FINAL-STAND-001,WS-FINAL-ASM,,SEG-ALT-MAINT-PSC-SKU-BIKE-ROAD-001-20260720-ROAD-OP-040-08,2026-09-11T08:00,2026-09-11T08:39,,,,RISK_ONLY_NO_DATED_DOWNTIME,False,False,False,HIGH,MAINTENANCE_RISK_REVIEW,False,Maintenance risk is review-only without dated downtime; no horizon-wide production block applied.,True,True
PHASE4-MPS-20260721170405,ALT-MAINT,M-QC-TOOLS-001,WS-QC,,SEG-ALT-MAINT-PSC-SKU-BIKE-ROAD-001-20260720-ROAD-OP-050-01,2026-09-11T08:39,2026-09-11T15:14,,,,RISK_ONLY_NO_DATED_DOWNTIME,False,False,False,HIGH,MAINTENANCE_RISK_REVIEW,False,Maintenance risk is review-only without dated downtime; no horizon-wide production block applied.,True,True
PHASE4-MPS-20260721170405,ALT-MAINT,M-QC-TOOLS-001,WS-QC,,SEG-ALT-MAINT-PSC-SKU-BIKE-ROAD-001-20260720-ROAD-OP-050-02,2026-09-14T08:00,2026-09-14T15:14,,,,RISK_ONLY_NO_DATED_DOWNTIME,False,False,False,HIGH,MAINTENANCE_RISK_REVIEW,False,Maintenance risk is review-only without dated downtime; no horizon-wide production block applied.,True,True
PHASE4-MPS-20260721170405,ALT-MAINT,M-QC-TOOLS-001,WS-QC,,SEG-ALT-MAINT-PSC-SKU-BIKE-ROAD-001-20260720-ROAD-OP-050-03,2026-09-15T08:00,2026-09-15T12:51,,,,RISK_ONLY_NO_DATED_DOWNTIME,False,False,False,HIGH,MAINTENANCE_RISK_REVIEW,False,Maintenance risk is review-only without dated downtime; no horizon-wide production block applied.,True,True
PHASE4-MPS-20260721170405,ALT-MAINT,M-PACK-BENCH-001,WS-PACK,,SEG-ALT-MAINT-PSC-SKU-BIKE-ROAD-001-20260720-ROAD-OP-060-01,2026-09-15T12:51,2026-09-15T15:14,,,,RISK_ONLY_NO_DATED_DOWNTIME,False,False,False,HIGH,MAINTENANCE_RISK_REVIEW,False,Maintenance risk is review-only without dated downtime; no horizon-wide production block applied.,True,True
PHASE4-MPS-20260721170405,ALT-MAINT,M-PACK-BENCH-001,WS-PACK,,SEG-ALT-MAINT-PSC-SKU-BIKE-ROAD-001-20260720-ROAD-OP-060-02,2026-09-16T08:00,2026-09-16T15:14,,,,RISK_ONLY_NO_DATED_DOWNTIME,False,False,False,HIGH,MAINTENANCE_RISK_REVIEW,False,Maintenance risk is review-only without dated downtime; no horizon-wide production block applied.,True,True
PHASE4-MPS-20260721170405,ALT-MAINT,M-PACK-BENCH-001,WS-PACK,,SEG-ALT-MAINT-PSC-SKU-BIKE-ROAD-001-20260720-ROAD-OP-060-03,2026-09-17T08:00,2026-09-17T13:32,,,,RISK_ONLY_NO_DATED_DOWNTIME,False,False,False,HIGH,MAINTENANCE_RISK_REVIEW,False,Maintenance risk is review-only without dated downtime; no horizon-wide production block applied.,True,True
PHASE4-MPS-20260721170405,ALT-MAINT,M-FRAME-JIG-001,WS-FRAME-PREP,,SEG-ALT-MAINT-PSC-SKU-BIKE-MT-001-20260727-MT-OP-010-01,2026-08-07T09:38,2026-08-07T15:14,,,,RISK_ONLY_NO_DATED_DOWNTIME,False,False,False,HIGH,MAINTENANCE_RISK_REVIEW,False,Maintenance risk is review-only without dated downtime; no horizon-wide production block applied.,True,True
PHASE4-MPS-20260721170405,ALT-MAINT,M-FRAME-JIG-001,WS-FRAME-PREP,,SEG-ALT-MAINT-PSC-SKU-BIKE-MT-001-20260727-MT-OP-010-02,2026-08-10T08:00,2026-08-10T15:14,,,,RISK_ONLY_NO_DATED_DOWNTIME,False,False,False,HIGH,MAINTENANCE_RISK_REVIEW,False,Maintenance risk is review-only without dated downtime; no horizon-wide production block applied.,True,True
PHASE4-MPS-20260721170405,ALT-MAINT,M-FRAME-JIG-001,WS-FRAME-PREP,,SEG-ALT-MAINT-PSC-SKU-BIKE-MT-001-20260727-MT-OP-010-03,2026-08-11T08:00,2026-08-11T14:34,,,,RISK_ONLY_NO_DATED_DOWNTIME,False,False,False,HIGH,MAINTENANCE_RISK_REVIEW,False,Maintenance risk is review-only without dated downtime; no horizon-wide production block applied.,True,True
PHASE4-MPS-20260721170405,ALT-MAINT,M-FORK-BENCH-001,WS-FORK-SUSP,,SEG-ALT-MAINT-PSC-SKU-BIKE-MT-001-20260727-MT-OP-020-01,2026-08-24T09:35,2026-08-24T15:14,,,,RISK_ONLY_NO_DATED_DOWNTIME,False,False,False,HIGH,MAINTENANCE_RISK_REVIEW,False,Maintenance risk is review-only without dated downtime; no horizon-wide production block applied.,True,True
PHASE4-MPS-20260721170405,ALT-MAINT,M-FORK-BENCH-001,WS-FORK-SUSP,,SEG-ALT-MAINT-PSC-SKU-BIKE-MT-001-20260727-MT-OP-020-02,2026-08-25T08:00,2026-08-25T15:15,,,,RISK_ONLY_NO_DATED_DOWNTIME,False,False,False,HIGH,MAINTENANCE_RISK_REVIEW,False,Maintenance risk is review-only without dated downtime; no horizon-wide production block applied.,True,True
PHASE4-MPS-20260721170405,ALT-MAINT,M-FORK-BENCH-001,WS-FORK-SUSP,,SEG-ALT-MAINT-PSC-SKU-BIKE-MT-001-20260727-MT-OP-020-03,2026-08-26T08:00,2026-08-26T15:15,,,,RISK_ONLY_NO_DATED_DOWNTIME,False,False,False,HIGH,MAINTENANCE_RISK_REVIEW,False,Maintenance risk is review-only without dated downtime; no horizon-wide production block applied.,True,True
PHASE4-MPS-20260721170405,ALT-MAINT,M-FORK-BENCH-001,WS-FORK-SUSP,,SEG-ALT-MAINT-PSC-SKU-BIKE-MT-001-20260727-MT-OP-020-04,2026-08-27T08:00,2026-08-27T11:19,,,,RISK_ONLY_NO_DATED_DOWNTIME,False,False,False,HIGH,MAINTENANCE_RISK_REVIEW,False,Maintenance risk is review-only without dated downtime; no horizon-wide production block applied.,True,True
PHASE4-MPS-20260721170405,ALT-MAINT,M-WHEEL-TRUE-001,WS-WHEEL-SUB,,SEG-ALT-MAINT-PSC-SKU-BIKE-MT-001-20260727-MT-OP-030-01,2026-08-24T09:35,2026-08-24T15:14,,,,RISK_ONLY_NO_DATED_DOWNTIME,False,False,False,HIGH,MAINTENANCE_RISK_REVIEW,False,Maintenance risk is review-only without dated downtime; no horizon-wide production block applied.,True,True
PHASE4-MPS-20260721170405,ALT-MAINT,M-WHEEL-TRUE-001,WS-WHEEL-SUB,,SEG-ALT-MAINT-PSC-SKU-BIKE-MT-001-20260727-MT-OP-030-02,2026-08-25T08:00,2026-08-25T15:14,,,,RISK_ONLY_NO_DATED_DOWNTIME,False,False,False,HIGH,MAINTENANCE_RISK_REVIEW,False,Maintenance risk is review-only without dated downtime; no horizon-wide production block applied.,True,True
PHASE4-MPS-20260721170405,ALT-MAINT,M-WHEEL-TRUE-001,WS-WHEEL-SUB,,SEG-ALT-MAINT-PSC-SKU-BIKE-MT-001-20260727-MT-OP-030-03,2026-08-26T08:00,2026-08-26T15:14,,,,RISK_ONLY_NO_DATED_DOWNTIME,False,False,False,HIGH,MAINTENANCE_RISK_REVIEW,False,Maintenance risk is review-only without dated downtime; no horizon-wide production block applied.,True,True
PHASE4-MPS-20260721170405,ALT-MAINT,M-WHEEL-TRUE-001,WS-WHEEL-SUB,,SEG-ALT-MAINT-PSC-SKU-BIKE-MT-001-20260727-MT-OP-030-04,2026-08-27T08:00,2026-08-27T15:14,,,,RISK_ONLY_NO_DATED_DOWNTIME,False,False,False,HIGH,MAINTENANCE_RISK_REVIEW,False,Maintenance risk is review-only without dated downtime; no horizon-wide production block applied.,True,True
PHASE4-MPS-20260721170405,ALT-MAINT,M-WHEEL-TRUE-001,WS-WHEEL-SUB,,SEG-ALT-MAINT-PSC-SKU-BIKE-MT-001-20260727-MT-OP-030-05,2026-08-28T08:00,2026-08-28T14:26,,,,RISK_ONLY_NO_DATED_DOWNTIME,False,False,False,HIGH,MAINTENANCE_RISK_REVIEW,False,Maintenance risk is review-only without dated downtime; no horizon-wide production block applied.,True,True
PHASE4-MPS-20260721170405,ALT-MAINT,M-BRAKE-BENCH-001,WS-BRAKE-SUB,,SEG-ALT-MAINT-PSC-SKU-BIKE-MT-001-20260727-MT-OP-040-01,2026-08-24T09:35,2026-08-24T15:14,,,,RISK_ONLY_NO_DATED_DOWNTIME,False,False,False,HIGH,MAINTENANCE_RISK_REVIEW,False,Maintenance risk is review-only without dated downtime; no horizon-wide production block applied.,True,True
PHASE4-MPS-20260721170405,ALT-MAINT,M-BRAKE-BENCH-001,WS-BRAKE-SUB,,SEG-ALT-MAINT-PSC-SKU-BIKE-MT-001-20260727-MT-OP-040-02,2026-08-25T08:00,2026-08-25T15:14,,,,RISK_ONLY_NO_DATED_DOWNTIME,False,False,False,HIGH,MAINTENANCE_RISK_REVIEW,False,Maintenance risk is review-only without dated downtime; no horizon-wide production block applied.,True,True
PHASE4-MPS-20260721170405,ALT-MAINT,M-BRAKE-BENCH-001,WS-BRAKE-SUB,,SEG-ALT-MAINT-PSC-SKU-BIKE-MT-001-20260727-MT-OP-040-03,2026-08-26T08:00,2026-08-26T15:14,,,,RISK_ONLY_NO_DATED_DOWNTIME,False,False,False,HIGH,MAINTENANCE_RISK_REVIEW,False,Maintenance risk is review-only without dated downtime; no horizon-wide production block applied.,True,True
PHASE4-MPS-20260721170405,ALT-MAINT,M-BRAKE-BENCH-001,WS-BRAKE-SUB,,SEG-ALT-MAINT-PSC-SKU-BIKE-MT-001-20260727-MT-OP-040-04,2026-08-27T08:00,2026-08-27T13:30,,,,RISK_ONLY_NO_DATED_DOWNTIME,False,False,False,HIGH,MAINTENANCE_RISK_REVIEW,False,Maintenance risk is review-only without dated downtime; no horizon-wide production block applied.,True,True
PHASE4-MPS-20260721170405,ALT-MAINT,M-FINAL-STAND-001,WS-FINAL-ASM,,SEG-ALT-MAINT-PSC-SKU-BIKE-MT-001-20260727-MT-OP-050-01,2026-09-11T08:39,2026-09-11T15:14,,,,RISK_ONLY_NO_DATED_DOWNTIME,False,False,False,HIGH,MAINTENANCE_RISK_REVIEW,False,Maintenance risk is review-only without dated downtime; no horizon-wide production block applied.,True,True
PHASE4-MPS-20260721170405,ALT-MAINT,M-FINAL-STAND-001,WS-FINAL-ASM,,SEG-ALT-MAINT-PSC-SKU-BIKE-MT-001-20260727-MT-OP-050-02,2026-09-14T08:00,2026-09-14T15:14,,,,RISK_ONLY_NO_DATED_DOWNTIME,False,False,False,HIGH,MAINTENANCE_RISK_REVIEW,False,Maintenance risk is review-only without dated downtime; no horizon-wide production block applied.,True,True
PHASE4-MPS-20260721170405,ALT-MAINT,M-FINAL-STAND-001,WS-FINAL-ASM,,SEG-ALT-MAINT-PSC-SKU-BIKE-MT-001-20260727-MT-OP-050-03,2026-09-15T08:00,2026-09-15T15:14,,,,RISK_ONLY_NO_DATED_DOWNTIME,False,False,False,HIGH,MAINTENANCE_RISK_REVIEW,False,Maintenance risk is review-only without dated downtime; no horizon-wide production block applied.,True,True
PHASE4-MPS-20260721170405,ALT-MAINT,M-FINAL-STAND-001,WS-FINAL-ASM,,SEG-ALT-MAINT-PSC-SKU-BIKE-MT-001-20260727-MT-OP-050-04,2026-09-16T08:00,2026-09-16T15:14,,,,RISK_ONLY_NO_DATED_DOWNTIME,False,False,False,HIGH,MAINTENANCE_RISK_REVIEW,False,Maintenance risk is review-only without dated downtime; no horizon-wide production block applied.,True,True
PHASE4-MPS-20260721170405,ALT-MAINT,M-FINAL-STAND-001,WS-FINAL-ASM,,SEG-ALT-MAINT-PSC-SKU-BIKE-MT-001-20260727-MT-OP-050-05,2026-09-17T08:00,2026-09-17T15:14,,,,RISK_ONLY_NO_DATED_DOWNTIME,False,False,False,HIGH,MAINTENANCE_RISK_REVIEW,False,Maintenance risk is review-only without dated downtime; no horizon-wide production block applied.,True,True
PHASE4-MPS-20260721170405,ALT-MAINT,M-FINAL-STAND-001,WS-FINAL-ASM,,SEG-ALT-MAINT-PSC-SKU-BIKE-MT-001-20260727-MT-OP-050-06,2026-09-18T08:00,2026-09-18T15:14,,,,RISK_ONLY_NO_DATED_DOWNTIME,False,False,False,HIGH,MAINTENANCE_RISK_REVIEW,False,Maintenance risk is review-only without dated downtime; no horizon-wide production block applied.,True,True
PHASE4-MPS-20260721170405,ALT-MAINT,M-FINAL-STAND-001,WS-FINAL-ASM,,SEG-ALT-MAINT-PSC-SKU-BIKE-MT-001-20260727-MT-OP-050-07,2026-09-21T08:00,2026-09-21T15:14,,,,RISK_ONLY_NO_DATED_DOWNTIME,False,False,False,HIGH,MAINTENANCE_RISK_REVIEW,False,Maintenance risk is review-only without dated downtime; no horizon-wide production block applied.,True,True
PHASE4-MPS-20260721170405,ALT-MAINT,M-FINAL-STAND-001,WS-FINAL-ASM,,SEG-ALT-MAINT-PSC-SKU-BIKE-MT-001-20260727-MT-OP-050-08,2026-09-22T08:00,2026-09-22T12:49,,,,RISK_ONLY_NO_DATED_DOWNTIME,False,False,False,HIGH,MAINTENANCE_RISK_REVIEW,False,Maintenance risk is review-only without dated downtime; no horizon-wide production block applied.,True,True
PHASE4-MPS-20260721170405,ALT-MAINT,M-QC-TOOLS-001,WS-QC,,SEG-ALT-MAINT-PSC-SKU-BIKE-MT-001-20260727-MT-OP-060-01,2026-09-22T12:49,2026-09-22T15:14,,,,RISK_ONLY_NO_DATED_DOWNTIME,False,False,False,HIGH,MAINTENANCE_RISK_REVIEW,False,Maintenance risk is review-only without dated downtime; no horizon-wide production block applied.,True,True
PHASE4-MPS-20260721170405,ALT-MAINT,M-QC-TOOLS-001,WS-QC,,SEG-ALT-MAINT-PSC-SKU-BIKE-MT-001-20260727-MT-OP-060-02,2026-09-23T08:00,2026-09-23T15:14,,,,RISK_ONLY_NO_DATED_DOWNTIME,False,False,False,HIGH,MAINTENANCE_RISK_REVIEW,False,Maintenance risk is review-only without dated downtime; no horizon-wide production block applied.,True,True
PHASE4-MPS-20260721170405,ALT-MAINT,M-QC-TOOLS-001,WS-QC,,SEG-ALT-MAINT-PSC-SKU-BIKE-MT-001-20260727-MT-OP-060-03,2026-09-24T08:00,2026-09-24T15:14,,,,RISK_ONLY_NO_DATED_DOWNTIME,False,False,False,HIGH,MAINTENANCE_RISK_REVIEW,False,Maintenance risk is review-only without dated downtime; no horizon-wide production block applied.,True,True
PHASE4-MPS-20260721170405,ALT-MAINT,M-QC-TOOLS-001,WS-QC,,SEG-ALT-MAINT-PSC-SKU-BIKE-MT-001-20260727-MT-OP-060-04,2026-09-25T08:00,2026-09-25T13:51,,,,RISK_ONLY_NO_DATED_DOWNTIME,False,False,False,HIGH,MAINTENANCE_RISK_REVIEW,False,Maintenance risk is review-only without dated downtime; no horizon-wide production block applied.,True,True
PHASE4-MPS-20260721170405,ALT-MAINT,M-PACK-BENCH-001,WS-PACK,,SEG-ALT-MAINT-PSC-SKU-BIKE-MT-001-20260727-MT-OP-070-01,2026-09-25T13:51,2026-09-25T15:14,,,,RISK_ONLY_NO_DATED_DOWNTIME,False,False,False,HIGH,MAINTENANCE_RISK_REVIEW,False,Maintenance risk is review-only without dated downtime; no horizon-wide production block applied.,True,True
PHASE4-MPS-20260721170405,ALT-MAINT,M-PACK-BENCH-001,WS-PACK,,SEG-ALT-MAINT-PSC-SKU-BIKE-MT-001-20260727-MT-OP-070-02,2026-09-28T08:00,2026-09-28T15:15,,,,RISK_ONLY_NO_DATED_DOWNTIME,False,False,False,HIGH,MAINTENANCE_RISK_REVIEW,False,Maintenance risk is review-only without dated downtime; no horizon-wide production block applied.,True,True
PHASE4-MPS-20260721170405,ALT-MAINT,M-PACK-BENCH-001,WS-PACK,,SEG-ALT-MAINT-PSC-SKU-BIKE-MT-001-20260727-MT-OP-070-03,2026-09-29T08:00,2026-09-29T15:15,,,,RISK_ONLY_NO_DATED_DOWNTIME,False,False,False,HIGH,MAINTENANCE_RISK_REVIEW,False,Maintenance risk is review-only without dated downtime; no horizon-wide production block applied.,True,True
PHASE4-MPS-20260721170405,ALT-MAINT,M-PACK-BENCH-001,WS-PACK,,SEG-ALT-MAINT-PSC-SKU-BIKE-MT-001-20260727-MT-OP-070-04,2026-09-30T08:00,2026-09-30T09:20,,,,RISK_ONLY_NO_DATED_DOWNTIME,False,False,False,HIGH,MAINTENANCE_RISK_REVIEW,False,Maintenance risk is review-only without dated downtime; no horizon-wide production block applied.,True,True
PHASE4-MPS-20260721170405,ALT-MAINT,M-FRAME-JIG-001,WS-FRAME-PREP,,SEG-ALT-MAINT-PSC-SKU-BIKE-ROAD-001-20260727-ROAD-OP-010-01,2026-08-14T11:56,2026-08-14T15:14,,,,RISK_ONLY_NO_DATED_DOWNTIME,False,False,False,HIGH,MAINTENANCE_RISK_REVIEW,False,Maintenance risk is review-only without dated downtime; no horizon-wide production block applied.,True,True
PHASE4-MPS-20260721170405,ALT-MAINT,M-FRAME-JIG-001,WS-FRAME-PREP,,SEG-ALT-MAINT-PSC-SKU-BIKE-ROAD-001-20260727-ROAD-OP-010-02,2026-08-17T08:00,2026-08-17T15:15,,,,RISK_ONLY_NO_DATED_DOWNTIME,False,False,False,HIGH,MAINTENANCE_RISK_REVIEW,False,Maintenance risk is review-only without dated downtime; no horizon-wide production block applied.,True,True
PHASE4-MPS-20260721170405,ALT-MAINT,M-FRAME-JIG-001,WS-FRAME-PREP,,SEG-ALT-MAINT-PSC-SKU-BIKE-ROAD-001-20260727-ROAD-OP-010-03,2026-08-18T08:00,2026-08-18T15:15,,,,RISK_ONLY_NO_DATED_DOWNTIME,False,False,False,HIGH,MAINTENANCE_RISK_REVIEW,False,Maintenance risk is review-only without dated downtime; no horizon-wide production block applied.,True,True
PHASE4-MPS-20260721170405,ALT-MAINT,M-FRAME-JIG-001,WS-FRAME-PREP,,SEG-ALT-MAINT-PSC-SKU-BIKE-ROAD-001-20260727-ROAD-OP-010-04,2026-08-19T08:00,2026-08-19T11:23,,,,RISK_ONLY_NO_DATED_DOWNTIME,False,False,False,HIGH,MAINTENANCE_RISK_REVIEW,False,Maintenance risk is review-only without dated downtime; no horizon-wide production block applied.,True,True
PHASE4-MPS-20260721170405,ALT-MAINT,M-WHEEL-TRUE-001,WS-WHEEL-SUB,,SEG-ALT-MAINT-PSC-SKU-BIKE-ROAD-001-20260727-ROAD-OP-020-01,2026-09-02T13:44,2026-09-02T15:14,,,,RISK_ONLY_NO_DATED_DOWNTIME,False,False,False,HIGH,MAINTENANCE_RISK_REVIEW,False,Maintenance risk is review-only without dated downtime; no horizon-wide production block applied.,True,True
PHASE4-MPS-20260721170405,ALT-MAINT,M-WHEEL-TRUE-001,WS-WHEEL-SUB,,SEG-ALT-MAINT-PSC-SKU-BIKE-ROAD-001-20260727-ROAD-OP-020-02,2026-09-03T08:00,2026-09-03T15:15,,,,RISK_ONLY_NO_DATED_DOWNTIME,False,False,False,HIGH,MAINTENANCE_RISK_REVIEW,False,Maintenance risk is review-only without dated downtime; no horizon-wide production block applied.,True,True
PHASE4-MPS-20260721170405,ALT-MAINT,M-WHEEL-TRUE-001,WS-WHEEL-SUB,,SEG-ALT-MAINT-PSC-SKU-BIKE-ROAD-001-20260727-ROAD-OP-020-03,2026-09-04T08:00,2026-09-04T15:15,,,,RISK_ONLY_NO_DATED_DOWNTIME,False,False,False,HIGH,MAINTENANCE_RISK_REVIEW,False,Maintenance risk is review-only without dated downtime; no horizon-wide production block applied.,True,True
PHASE4-MPS-20260721170405,ALT-MAINT,M-WHEEL-TRUE-001,WS-WHEEL-SUB,,SEG-ALT-MAINT-PSC-SKU-BIKE-ROAD-001-20260727-ROAD-OP-020-04,2026-09-07T08:00,2026-09-07T15:15,,,,RISK_ONLY_NO_DATED_DOWNTIME,False,False,False,HIGH,MAINTENANCE_RISK_REVIEW,False,Maintenance risk is review-only without dated downtime; no horizon-wide production block applied.,True,True
PHASE4-MPS-20260721170405,ALT-MAINT,M-WHEEL-TRUE-001,WS-WHEEL-SUB,,SEG-ALT-MAINT-PSC-SKU-BIKE-ROAD-001-20260727-ROAD-OP-020-05,2026-09-08T08:00,2026-09-08T14:07,,,,RISK_ONLY_NO_DATED_DOWNTIME,False,False,False,HIGH,MAINTENANCE_RISK_REVIEW,False,Maintenance risk is review-only without dated downtime; no horizon-wide production block applied.,True,True
PHASE4-MPS-20260721170405,ALT-MAINT,M-BRAKE-BENCH-001,WS-BRAKE-SUB,,SEG-ALT-MAINT-PSC-SKU-BIKE-ROAD-001-20260727-ROAD-OP-030-01,2026-09-02T13:44,2026-09-02T15:14,,,,RISK_ONLY_NO_DATED_DOWNTIME,False,False,False,HIGH,MAINTENANCE_RISK_REVIEW,False,Maintenance risk is review-only without dated downtime; no horizon-wide production block applied.,True,True
PHASE4-MPS-20260721170405,ALT-MAINT,M-BRAKE-BENCH-001,WS-BRAKE-SUB,,SEG-ALT-MAINT-PSC-SKU-BIKE-ROAD-001-20260727-ROAD-OP-030-02,2026-09-03T08:00,2026-09-03T15:14,,,,RISK_ONLY_NO_DATED_DOWNTIME,False,False,False,HIGH,MAINTENANCE_RISK_REVIEW,False,Maintenance risk is review-only without dated downtime; no horizon-wide production block applied.,True,True
PHASE4-MPS-20260721170405,ALT-MAINT,M-BRAKE-BENCH-001,WS-BRAKE-SUB,,SEG-ALT-MAINT-PSC-SKU-BIKE-ROAD-001-20260727-ROAD-OP-030-03,2026-09-04T08:00,2026-09-04T15:14,,,,RISK_ONLY_NO_DATED_DOWNTIME,False,False,False,HIGH,MAINTENANCE_RISK_REVIEW,False,Maintenance risk is review-only without dated downtime; no horizon-wide production block applied.,True,True
PHASE4-MPS-20260721170405,ALT-MAINT,M-BRAKE-BENCH-001,WS-BRAKE-SUB,,SEG-ALT-MAINT-PSC-SKU-BIKE-ROAD-001-20260727-ROAD-OP-030-04,2026-09-07T08:00,2026-09-07T13:35,,,,RISK_ONLY_NO_DATED_DOWNTIME,False,False,False,HIGH,MAINTENANCE_RISK_REVIEW,False,Maintenance risk is review-only without dated downtime; no horizon-wide production block applied.,True,True
PHASE4-MPS-20260721170405,ALT-MAINT,M-FINAL-STAND-001,WS-FINAL-ASM,,SEG-ALT-MAINT-PSC-SKU-BIKE-ROAD-001-20260727-ROAD-OP-040-01,2026-09-22T12:49,2026-09-22T15:14,,,,RISK_ONLY_NO_DATED_DOWNTIME,False,False,False,HIGH,MAINTENANCE_RISK_REVIEW,False,Maintenance risk is review-only without dated downtime; no horizon-wide production block applied.,True,True
PHASE4-MPS-20260721170405,ALT-MAINT,M-FINAL-STAND-001,WS-FINAL-ASM,,SEG-ALT-MAINT-PSC-SKU-BIKE-ROAD-001-20260727-ROAD-OP-040-02,2026-09-23T08:00,2026-09-23T15:15,,,,RISK_ONLY_NO_DATED_DOWNTIME,False,False,False,HIGH,MAINTENANCE_RISK_REVIEW,False,Maintenance risk is review-only without dated downtime; no horizon-wide production block applied.,True,True
PHASE4-MPS-20260721170405,ALT-MAINT,M-FINAL-STAND-001,WS-FINAL-ASM,,SEG-ALT-MAINT-PSC-SKU-BIKE-ROAD-001-20260727-ROAD-OP-040-03,2026-09-24T08:00,2026-09-24T15:15,,,,RISK_ONLY_NO_DATED_DOWNTIME,False,False,False,HIGH,MAINTENANCE_RISK_REVIEW,False,Maintenance risk is review-only without dated downtime; no horizon-wide production block applied.,True,True
PHASE4-MPS-20260721170405,ALT-MAINT,M-FINAL-STAND-001,WS-FINAL-ASM,,SEG-ALT-MAINT-PSC-SKU-BIKE-ROAD-001-20260727-ROAD-OP-040-04,2026-09-25T08:00,2026-09-25T15:15,,,,RISK_ONLY_NO_DATED_DOWNTIME,False,False,False,HIGH,MAINTENANCE_RISK_REVIEW,False,Maintenance risk is review-only without dated downtime; no horizon-wide production block applied.,True,True
PHASE4-MPS-20260721170405,ALT-MAINT,M-FINAL-STAND-001,WS-FINAL-ASM,,SEG-ALT-MAINT-PSC-SKU-BIKE-ROAD-001-20260727-ROAD-OP-040-05,2026-09-28T08:00,2026-09-28T15:15,,,,RISK_ONLY_NO_DATED_DOWNTIME,False,False,False,HIGH,MAINTENANCE_RISK_REVIEW,False,Maintenance risk is review-only without dated downtime; no horizon-wide production block applied.,True,True
PHASE4-MPS-20260721170405,ALT-MAINT,M-FINAL-STAND-001,WS-FINAL-ASM,,SEG-ALT-MAINT-PSC-SKU-BIKE-ROAD-001-20260727-ROAD-OP-040-06,2026-09-29T08:00,2026-09-29T15:15,,,,RISK_ONLY_NO_DATED_DOWNTIME,False,False,False,HIGH,MAINTENANCE_RISK_REVIEW,False,Maintenance risk is review-only without dated downtime; no horizon-wide production block applied.,True,True
PHASE4-MPS-20260721170405,ALT-MAINT,M-FINAL-STAND-001,WS-FINAL-ASM,,SEG-ALT-MAINT-PSC-SKU-BIKE-ROAD-001-20260727-ROAD-OP-040-07,2026-09-30T08:00,2026-09-30T14:59,,,,RISK_ONLY_NO_DATED_DOWNTIME,False,False,False,HIGH,MAINTENANCE_RISK_REVIEW,False,Maintenance risk is review-only without dated downtime; no horizon-wide production block applied.,True,True
PHASE4-MPS-20260721170405,ALT-MAINT,M-QC-TOOLS-001,WS-QC,,SEG-ALT-MAINT-PSC-SKU-BIKE-ROAD-001-20260727-ROAD-OP-050-01,2026-09-30T14:59,2026-09-30T15:14,,,,RISK_ONLY_NO_DATED_DOWNTIME,False,False,False,HIGH,MAINTENANCE_RISK_REVIEW,False,Maintenance risk is review-only without dated downtime; no horizon-wide production block applied.,True,True
PHASE4-MPS-20260721170405,ALT-MAINT,M-QC-TOOLS-001,WS-QC,,SEG-ALT-MAINT-PSC-SKU-BIKE-ROAD-001-20260727-ROAD-OP-050-02,2026-10-01T08:00,2026-10-01T15:14,,,,RISK_ONLY_NO_DATED_DOWNTIME,False,False,False,HIGH,MAINTENANCE_RISK_REVIEW,False,Maintenance risk is review-only without dated downtime; no horizon-wide production block applied.,True,True
PHASE4-MPS-20260721170405,ALT-MAINT,M-QC-TOOLS-001,WS-QC,,SEG-ALT-MAINT-PSC-SKU-BIKE-ROAD-001-20260727-ROAD-OP-050-03,2026-10-02T08:00,2026-10-02T15:14,,,,RISK_ONLY_NO_DATED_DOWNTIME,False,False,False,HIGH,MAINTENANCE_RISK_REVIEW,False,Maintenance risk is review-only without dated downtime; no horizon-wide production block applied.,True,True
PHASE4-MPS-20260721170405,ALT-MAINT,M-QC-TOOLS-001,WS-QC,,SEG-ALT-MAINT-PSC-SKU-BIKE-ROAD-001-20260727-ROAD-OP-050-04,2026-10-05T08:00,2026-10-05T11:56,,,,RISK_ONLY_NO_DATED_DOWNTIME,False,False,False,HIGH,MAINTENANCE_RISK_REVIEW,False,Maintenance risk is review-only without dated downtime; no horizon-wide production block applied.,True,True
PHASE4-MPS-20260721170405,ALT-MAINT,M-PACK-BENCH-001,WS-PACK,,SEG-ALT-MAINT-PSC-SKU-BIKE-ROAD-001-20260727-ROAD-OP-060-01,2026-10-05T11:56,2026-10-05T15:14,,,,RISK_ONLY_NO_DATED_DOWNTIME,False,False,False,HIGH,MAINTENANCE_RISK_REVIEW,False,Maintenance risk is review-only without dated downtime; no horizon-wide production block applied.,True,True
PHASE4-MPS-20260721170405,ALT-MAINT,M-PACK-BENCH-001,WS-PACK,,SEG-ALT-MAINT-PSC-SKU-BIKE-ROAD-001-20260727-ROAD-OP-060-02,2026-10-06T08:00,2026-10-06T15:14,,,,RISK_ONLY_NO_DATED_DOWNTIME,False,False,False,HIGH,MAINTENANCE_RISK_REVIEW,False,Maintenance risk is review-only without dated downtime; no horizon-wide production block applied.,True,True
PHASE4-MPS-20260721170405,ALT-MAINT,M-PACK-BENCH-001,WS-PACK,,SEG-ALT-MAINT-PSC-SKU-BIKE-ROAD-001-20260727-ROAD-OP-060-03,2026-10-07T08:00,2026-10-07T12:37,,,,RISK_ONLY_NO_DATED_DOWNTIME,False,False,False,HIGH,MAINTENANCE_RISK_REVIEW,False,Maintenance risk is review-only without dated downtime; no horizon-wide production block applied.,True,True
PHASE4-MPS-20260721170405,ALT-MAINT,M-FRAME-JIG-001,WS-FRAME-PREP,,SEG-ALT-MAINT-PSC-SKU-BIKE-MT-001-20260803-MT-OP-010-01,2026-08-24T09:35,2026-08-24T15:14,,,,RISK_ONLY_NO_DATED_DOWNTIME,False,False,False,HIGH,MAINTENANCE_RISK_REVIEW,False,Maintenance risk is review-only without dated downtime; no horizon-wide production block applied.,True,True
PHASE4-MPS-20260721170405,ALT-MAINT,M-FRAME-JIG-001,WS-FRAME-PREP,,SEG-ALT-MAINT-PSC-SKU-BIKE-MT-001-20260803-MT-OP-010-02,2026-08-25T08:00,2026-08-25T15:14,,,,RISK_ONLY_NO_DATED_DOWNTIME,False,False,False,HIGH,MAINTENANCE_RISK_REVIEW,False,Maintenance risk is review-only without dated downtime; no horizon-wide production block applied.,True,True
PHASE4-MPS-20260721170405,ALT-MAINT,M-FRAME-JIG-001,WS-FRAME-PREP,,SEG-ALT-MAINT-PSC-SKU-BIKE-MT-001-20260803-MT-OP-010-03,2026-08-26T08:00,2026-08-26T15:14,,,,RISK_ONLY_NO_DATED_DOWNTIME,False,False,False,HIGH,MAINTENANCE_RISK_REVIEW,False,Maintenance risk is review-only without dated downtime; no horizon-wide production block applied.,True,True
PHASE4-MPS-20260721170405,ALT-MAINT,M-FRAME-JIG-001,WS-FRAME-PREP,,SEG-ALT-MAINT-PSC-SKU-BIKE-MT-001-20260803-MT-OP-010-04,2026-08-27T08:00,2026-08-27T15:14,,,,RISK_ONLY_NO_DATED_DOWNTIME,False,False,False,HIGH,MAINTENANCE_RISK_REVIEW,False,Maintenance risk is review-only without dated downtime; no horizon-wide production block applied.,True,True
PHASE4-MPS-20260721170405,ALT-MAINT,M-FRAME-JIG-001,WS-FRAME-PREP,,SEG-ALT-MAINT-PSC-SKU-BIKE-MT-001-20260803-MT-OP-010-05,2026-08-28T08:00,2026-08-28T08:13,,,,RISK_ONLY_NO_DATED_DOWNTIME,False,False,False,HIGH,MAINTENANCE_RISK_REVIEW,False,Maintenance risk is review-only without dated downtime; no horizon-wide production block applied.,True,True
PHASE4-MPS-20260721170405,ALT-MAINT,M-FORK-BENCH-001,WS-FORK-SUSP,,SEG-ALT-MAINT-PSC-SKU-BIKE-MT-001-20260803-MT-OP-020-01,2026-09-11T08:39,2026-09-11T15:14,,,,RISK_ONLY_NO_DATED_DOWNTIME,False,False,False,HIGH,MAINTENANCE_RISK_REVIEW,False,Maintenance risk is review-only without dated downtime; no horizon-wide production block applied.,True,True
PHASE4-MPS-20260721170405,ALT-MAINT,M-FORK-BENCH-001,WS-FORK-SUSP,,SEG-ALT-MAINT-PSC-SKU-BIKE-MT-001-20260803-MT-OP-020-02,2026-09-14T08:00,2026-09-14T15:15,,,,RISK_ONLY_NO_DATED_DOWNTIME,False,False,False,HIGH,MAINTENANCE_RISK_REVIEW,False,Maintenance risk is review-only without dated downtime; no horizon-wide production block applied.,True,True
PHASE4-MPS-20260721170405,ALT-MAINT,M-FORK-BENCH-001,WS-FORK-SUSP,,SEG-ALT-MAINT-PSC-SKU-BIKE-MT-001-20260803-MT-OP-020-03,2026-09-15T08:00,2026-09-15T15:15,,,,RISK_ONLY_NO_DATED_DOWNTIME,False,False,False,HIGH,MAINTENANCE_RISK_REVIEW,False,Maintenance risk is review-only without dated downtime; no horizon-wide production block applied.,True,True
PHASE4-MPS-20260721170405,ALT-MAINT,M-FORK-BENCH-001,WS-FORK-SUSP,,SEG-ALT-MAINT-PSC-SKU-BIKE-MT-001-20260803-MT-OP-020-04,2026-09-16T08:00,2026-09-16T15:15,,,,RISK_ONLY_NO_DATED_DOWNTIME,False,False,False,HIGH,MAINTENANCE_RISK_REVIEW,False,Maintenance risk is review-only without dated downtime; no horizon-wide production block applied.,True,True
PHASE4-MPS-20260721170405,ALT-MAINT,M-FORK-BENCH-001,WS-FORK-SUSP,,SEG-ALT-MAINT-PSC-SKU-BIKE-MT-001-20260803-MT-OP-020-05,2026-09-17T08:00,2026-09-17T13:12,,,,RISK_ONLY_NO_DATED_DOWNTIME,False,False,False,HIGH,MAINTENANCE_RISK_REVIEW,False,Maintenance risk is review-only without dated downtime; no horizon-wide production block applied.,True,True
PHASE4-MPS-20260721170405,ALT-MAINT,M-WHEEL-TRUE-001,WS-WHEEL-SUB,,SEG-ALT-MAINT-PSC-SKU-BIKE-MT-001-20260803-MT-OP-030-01,2026-09-11T08:39,2026-09-11T15:14,,,,RISK_ONLY_NO_DATED_DOWNTIME,False,False,False,HIGH,MAINTENANCE_RISK_REVIEW,False,Maintenance risk is review-only without dated downtime; no horizon-wide production block applied.,True,True
PHASE4-MPS-20260721170405,ALT-MAINT,M-WHEEL-TRUE-001,WS-WHEEL-SUB,,SEG-ALT-MAINT-PSC-SKU-BIKE-MT-001-20260803-MT-OP-030-02,2026-09-14T08:00,2026-09-14T15:14,,,,RISK_ONLY_NO_DATED_DOWNTIME,False,False,False,HIGH,MAINTENANCE_RISK_REVIEW,False,Maintenance risk is review-only without dated downtime; no horizon-wide production block applied.,True,True
PHASE4-MPS-20260721170405,ALT-MAINT,M-WHEEL-TRUE-001,WS-WHEEL-SUB,,SEG-ALT-MAINT-PSC-SKU-BIKE-MT-001-20260803-MT-OP-030-03,2026-09-15T08:00,2026-09-15T15:14,,,,RISK_ONLY_NO_DATED_DOWNTIME,False,False,False,HIGH,MAINTENANCE_RISK_REVIEW,False,Maintenance risk is review-only without dated downtime; no horizon-wide production block applied.,True,True
PHASE4-MPS-20260721170405,ALT-MAINT,M-WHEEL-TRUE-001,WS-WHEEL-SUB,,SEG-ALT-MAINT-PSC-SKU-BIKE-MT-001-20260803-MT-OP-030-04,2026-09-16T08:00,2026-09-16T15:14,,,,RISK_ONLY_NO_DATED_DOWNTIME,False,False,False,HIGH,MAINTENANCE_RISK_REVIEW,False,Maintenance risk is review-only without dated downtime; no horizon-wide production block applied.,True,True
PHASE4-MPS-20260721170405,ALT-MAINT,M-WHEEL-TRUE-001,WS-WHEEL-SUB,,SEG-ALT-MAINT-PSC-SKU-BIKE-MT-001-20260803-MT-OP-030-05,2026-09-17T08:00,2026-09-17T13:30,,,,RISK_ONLY_NO_DATED_DOWNTIME,False,False,False,HIGH,MAINTENANCE_RISK_REVIEW,False,Maintenance risk is review-only without dated downtime; no horizon-wide production block applied.,True,True
PHASE4-MPS-20260721170405,ALT-MAINT,M-BRAKE-BENCH-001,WS-BRAKE-SUB,,SEG-ALT-MAINT-PSC-SKU-BIKE-MT-001-20260803-MT-OP-040-01,2026-09-11T08:39,2026-09-11T15:14,,,,RISK_ONLY_NO_DATED_DOWNTIME,False,False,False,HIGH,MAINTENANCE_RISK_REVIEW,False,Maintenance risk is review-only without dated downtime; no horizon-wide production block applied.,True,True
PHASE4-MPS-20260721170405,ALT-MAINT,M-BRAKE-BENCH-001,WS-BRAKE-SUB,,SEG-ALT-MAINT-PSC-SKU-BIKE-MT-001-20260803-MT-OP-040-02,2026-09-14T08:00,2026-09-14T15:14,,,,RISK_ONLY_NO_DATED_DOWNTIME,False,False,False,HIGH,MAINTENANCE_RISK_REVIEW,False,Maintenance risk is review-only without dated downtime; no horizon-wide production block applied.,True,True
PHASE4-MPS-20260721170405,ALT-MAINT,M-BRAKE-BENCH-001,WS-BRAKE-SUB,,SEG-ALT-MAINT-PSC-SKU-BIKE-MT-001-20260803-MT-OP-040-03,2026-09-15T08:00,2026-09-15T15:14,,,,RISK_ONLY_NO_DATED_DOWNTIME,False,False,False,HIGH,MAINTENANCE_RISK_REVIEW,False,Maintenance risk is review-only without dated downtime; no horizon-wide production block applied.,True,True
PHASE4-MPS-20260721170405,ALT-MAINT,M-BRAKE-BENCH-001,WS-BRAKE-SUB,,SEG-ALT-MAINT-PSC-SKU-BIKE-MT-001-20260803-MT-OP-040-04,2026-09-16T08:00,2026-09-16T12:35,,,,RISK_ONLY_NO_DATED_DOWNTIME,False,False,False,HIGH,MAINTENANCE_RISK_REVIEW,False,Maintenance risk is review-only without dated downtime; no horizon-wide production block applied.,True,True
PHASE4-MPS-20260721170405,ALT-MAINT,M-FINAL-STAND-001,WS-FINAL-ASM,,SEG-ALT-MAINT-PSC-SKU-BIKE-MT-001-20260803-MT-OP-050-01,2026-10-01T08:00,2026-10-01T15:14,,,,RISK_ONLY_NO_DATED_DOWNTIME,False,False,False,HIGH,MAINTENANCE_RISK_REVIEW,False,Maintenance risk is review-only without dated downtime; no horizon-wide production block applied.,True,True
PHASE4-MPS-20260721170405,ALT-MAINT,M-FINAL-STAND-001,WS-FINAL-ASM,,SEG-ALT-MAINT-PSC-SKU-BIKE-MT-001-20260803-MT-OP-050-02,2026-10-02T08:00,2026-10-02T15:14,,,,RISK_ONLY_NO_DATED_DOWNTIME,False,False,False,HIGH,MAINTENANCE_RISK_REVIEW,False,Maintenance risk is review-only without dated downtime; no horizon-wide production block applied.,True,True
PHASE4-MPS-20260721170405,ALT-MAINT,M-FINAL-STAND-001,WS-FINAL-ASM,,SEG-ALT-MAINT-PSC-SKU-BIKE-MT-001-20260803-MT-OP-050-03,2026-10-05T08:00,2026-10-05T15:14,,,,RISK_ONLY_NO_DATED_DOWNTIME,False,False,False,HIGH,MAINTENANCE_RISK_REVIEW,False,Maintenance risk is review-only without dated downtime; no horizon-wide production block applied.,True,True
PHASE4-MPS-20260721170405,ALT-MAINT,M-FINAL-STAND-001,WS-FINAL-ASM,,SEG-ALT-MAINT-PSC-SKU-BIKE-MT-001-20260803-MT-OP-050-04,2026-10-06T08:00,2026-10-06T15:14,,,,RISK_ONLY_NO_DATED_DOWNTIME,False,False,False,HIGH,MAINTENANCE_RISK_REVIEW,False,Maintenance risk is review-only without dated downtime; no horizon-wide production block applied.,True,True
PHASE4-MPS-20260721170405,ALT-MAINT,M-FINAL-STAND-001,WS-FINAL-ASM,,SEG-ALT-MAINT-PSC-SKU-BIKE-MT-001-20260803-MT-OP-050-05,2026-10-07T08:00,2026-10-07T15:14,,,,RISK_ONLY_NO_DATED_DOWNTIME,False,False,False,HIGH,MAINTENANCE_RISK_REVIEW,False,Maintenance risk is review-only without dated downtime; no horizon-wide production block applied.,True,True
PHASE4-MPS-20260721170405,ALT-MAINT,M-FINAL-STAND-001,WS-FINAL-ASM,,SEG-ALT-MAINT-PSC-SKU-BIKE-MT-001-20260803-MT-OP-050-06,2026-10-08T08:00,2026-10-08T15:14,,,,RISK_ONLY_NO_DATED_DOWNTIME,False,False,False,HIGH,MAINTENANCE_RISK_REVIEW,False,Maintenance risk is review-only without dated downtime; no horizon-wide production block applied.,True,True
PHASE4-MPS-20260721170405,ALT-MAINT,M-FINAL-STAND-001,WS-FINAL-ASM,,SEG-ALT-MAINT-PSC-SKU-BIKE-MT-001-20260803-MT-OP-050-07,2026-10-09T08:00,2026-10-09T15:14,,,,RISK_ONLY_NO_DATED_DOWNTIME,False,False,False,HIGH,MAINTENANCE_RISK_REVIEW,False,Maintenance risk is review-only without dated downtime; no horizon-wide production block applied.,True,True
PHASE4-MPS-20260721170405,ALT-MAINT,M-FINAL-STAND-001,WS-FINAL-ASM,,SEG-ALT-MAINT-PSC-SKU-BIKE-MT-001-20260803-MT-OP-050-08,2026-10-12T08:00,2026-10-12T12:09,,,,RISK_ONLY_NO_DATED_DOWNTIME,False,False,False,HIGH,MAINTENANCE_RISK_REVIEW,False,Maintenance risk is review-only without dated downtime; no horizon-wide production block applied.,True,True
PHASE4-MPS-20260721170405,ALT-MAINT,M-QC-TOOLS-001,WS-QC,,SEG-ALT-MAINT-PSC-SKU-BIKE-MT-001-20260803-MT-OP-060-01,2026-10-12T12:09,2026-10-12T15:14,,,,RISK_ONLY_NO_DATED_DOWNTIME,False,False,False,HIGH,MAINTENANCE_RISK_REVIEW,False,Maintenance risk is review-only without dated downtime; no horizon-wide production block applied.,True,True
PHASE4-MPS-20260721170405,ALT-MAINT,M-QC-TOOLS-001,WS-QC,,SEG-ALT-MAINT-PSC-SKU-BIKE-MT-001-20260803-MT-OP-060-02,2026-10-13T08:00,2026-10-13T15:14,,,,RISK_ONLY_NO_DATED_DOWNTIME,False,False,False,HIGH,MAINTENANCE_RISK_REVIEW,False,Maintenance risk is review-only without dated downtime; no horizon-wide production block applied.,True,True
PHASE4-MPS-20260721170405,ALT-MAINT,M-QC-TOOLS-001,WS-QC,,SEG-ALT-MAINT-PSC-SKU-BIKE-MT-001-20260803-MT-OP-060-03,2026-10-14T08:00,2026-10-14T15:14,,,,RISK_ONLY_NO_DATED_DOWNTIME,False,False,False,HIGH,MAINTENANCE_RISK_REVIEW,False,Maintenance risk is review-only without dated downtime; no horizon-wide production block applied.,True,True
PHASE4-MPS-20260721170405,ALT-MAINT,M-QC-TOOLS-001,WS-QC,,SEG-ALT-MAINT-PSC-SKU-BIKE-MT-001-20260803-MT-OP-060-04,2026-10-15T08:00,2026-10-15T13:12,,,,RISK_ONLY_NO_DATED_DOWNTIME,False,False,False,HIGH,MAINTENANCE_RISK_REVIEW,False,Maintenance risk is review-only without dated downtime; no horizon-wide production block applied.,True,True
PHASE4-MPS-20260721170405,ALT-MAINT,M-PACK-BENCH-001,WS-PACK,,SEG-ALT-MAINT-PSC-SKU-BIKE-MT-001-20260803-MT-OP-070-01,2026-10-15T13:12,2026-10-15T15:14,,,,RISK_ONLY_NO_DATED_DOWNTIME,False,False,False,HIGH,MAINTENANCE_RISK_REVIEW,False,Maintenance risk is review-only without dated downtime; no horizon-wide production block applied.,True,True
PHASE4-MPS-20260721170405,ALT-MAINT,M-PACK-BENCH-001,WS-PACK,,SEG-ALT-MAINT-PSC-SKU-BIKE-MT-001-20260803-MT-OP-070-02,2026-10-16T08:00,2026-10-16T15:15,,,,RISK_ONLY_NO_DATED_DOWNTIME,False,False,False,HIGH,MAINTENANCE_RISK_REVIEW,False,Maintenance risk is review-only without dated downtime; no horizon-wide production block applied.,True,True
PHASE4-MPS-20260721170405,ALT-MAINT,M-PACK-BENCH-001,WS-PACK,,SEG-ALT-MAINT-PSC-SKU-BIKE-MT-001-20260803-MT-OP-070-03,2026-10-19T08:00,2026-10-19T15:15,,,,RISK_ONLY_NO_DATED_DOWNTIME,False,False,False,HIGH,MAINTENANCE_RISK_REVIEW,False,Maintenance risk is review-only without dated downtime; no horizon-wide production block applied.,True,True
PHASE4-MPS-20260721170405,ALT-MAINT,M-PACK-BENCH-001,WS-PACK,,SEG-ALT-MAINT-PSC-SKU-BIKE-MT-001-20260803-MT-OP-070-04,2026-10-20T08:00,2026-10-20T08:40,,,,RISK_ONLY_NO_DATED_DOWNTIME,False,False,False,HIGH,MAINTENANCE_RISK_REVIEW,False,Maintenance risk is review-only without dated downtime; no horizon-wide production block applied.,True,True
PHASE4-MPS-20260721170405,ALT-MAINT,M-FRAME-JIG-001,WS-FRAME-PREP,,SEG-ALT-MAINT-PSC-SKU-BIKE-ROAD-001-20260803-ROAD-OP-010-01,2026-09-02T13:44,2026-09-02T15:14,,,,RISK_ONLY_NO_DATED_DOWNTIME,False,False,False,HIGH,MAINTENANCE_RISK_REVIEW,False,Maintenance risk is review-only without dated downtime; no horizon-wide production block applied.,True,True
PHASE4-MPS-20260721170405,ALT-MAINT,M-FRAME-JIG-001,WS-FRAME-PREP,,SEG-ALT-MAINT-PSC-SKU-BIKE-ROAD-001-20260803-ROAD-OP-010-02,2026-09-03T08:00,2026-09-03T15:15,,,,RISK_ONLY_NO_DATED_DOWNTIME,False,False,False,HIGH,MAINTENANCE_RISK_REVIEW,False,Maintenance risk is review-only without dated downtime; no horizon-wide production block applied.,True,True
PHASE4-MPS-20260721170405,ALT-MAINT,M-FRAME-JIG-001,WS-FRAME-PREP,,SEG-ALT-MAINT-PSC-SKU-BIKE-ROAD-001-20260803-ROAD-OP-010-03,2026-09-04T08:00,2026-09-04T15:15,,,,RISK_ONLY_NO_DATED_DOWNTIME,False,False,False,HIGH,MAINTENANCE_RISK_REVIEW,False,Maintenance risk is review-only without dated downtime; no horizon-wide production block applied.,True,True
PHASE4-MPS-20260721170405,ALT-MAINT,M-FRAME-JIG-001,WS-FRAME-PREP,,SEG-ALT-MAINT-PSC-SKU-BIKE-ROAD-001-20260803-ROAD-OP-010-04,2026-09-07T08:00,2026-09-07T15:15,,,,RISK_ONLY_NO_DATED_DOWNTIME,False,False,False,HIGH,MAINTENANCE_RISK_REVIEW,False,Maintenance risk is review-only without dated downtime; no horizon-wide production block applied.,True,True
PHASE4-MPS-20260721170405,ALT-MAINT,M-FRAME-JIG-001,WS-FRAME-PREP,,SEG-ALT-MAINT-PSC-SKU-BIKE-ROAD-001-20260803-ROAD-OP-010-05,2026-09-08T08:00,2026-09-08T08:15,,,,RISK_ONLY_NO_DATED_DOWNTIME,False,False,False,HIGH,MAINTENANCE_RISK_REVIEW,False,Maintenance risk is review-only without dated downtime; no horizon-wide production block applied.,True,True
PHASE4-MPS-20260721170405,ALT-MAINT,M-WHEEL-TRUE-001,WS-WHEEL-SUB,,SEG-ALT-MAINT-PSC-SKU-BIKE-ROAD-001-20260803-ROAD-OP-020-01,2026-09-22T12:49,2026-09-22T15:14,,,,RISK_ONLY_NO_DATED_DOWNTIME,False,False,False,HIGH,MAINTENANCE_RISK_REVIEW,False,Maintenance risk is review-only without dated downtime; no horizon-wide production block applied.,True,True
PHASE4-MPS-20260721170405,ALT-MAINT,M-WHEEL-TRUE-001,WS-WHEEL-SUB,,SEG-ALT-MAINT-PSC-SKU-BIKE-ROAD-001-20260803-ROAD-OP-020-02,2026-09-23T08:00,2026-09-23T15:15,,,,RISK_ONLY_NO_DATED_DOWNTIME,False,False,False,HIGH,MAINTENANCE_RISK_REVIEW,False,Maintenance risk is review-only without dated downtime; no horizon-wide production block applied.,True,True
PHASE4-MPS-20260721170405,ALT-MAINT,M-WHEEL-TRUE-001,WS-WHEEL-SUB,,SEG-ALT-MAINT-PSC-SKU-BIKE-ROAD-001-20260803-ROAD-OP-020-03,2026-09-24T08:00,2026-09-24T15:15,,,,RISK_ONLY_NO_DATED_DOWNTIME,False,False,False,HIGH,MAINTENANCE_RISK_REVIEW,False,Maintenance risk is review-only without dated downtime; no horizon-wide production block applied.,True,True
PHASE4-MPS-20260721170405,ALT-MAINT,M-WHEEL-TRUE-001,WS-WHEEL-SUB,,SEG-ALT-MAINT-PSC-SKU-BIKE-ROAD-001-20260803-ROAD-OP-020-04,2026-09-25T08:00,2026-09-25T15:15,,,,RISK_ONLY_NO_DATED_DOWNTIME,False,False,False,HIGH,MAINTENANCE_RISK_REVIEW,False,Maintenance risk is review-only without dated downtime; no horizon-wide production block applied.,True,True
PHASE4-MPS-20260721170405,ALT-MAINT,M-WHEEL-TRUE-001,WS-WHEEL-SUB,,SEG-ALT-MAINT-PSC-SKU-BIKE-ROAD-001-20260803-ROAD-OP-020-05,2026-09-28T08:00,2026-09-28T13:12,,,,RISK_ONLY_NO_DATED_DOWNTIME,False,False,False,HIGH,MAINTENANCE_RISK_REVIEW,False,Maintenance risk is review-only without dated downtime; no horizon-wide production block applied.,True,True
PHASE4-MPS-20260721170405,ALT-MAINT,M-BRAKE-BENCH-001,WS-BRAKE-SUB,,SEG-ALT-MAINT-PSC-SKU-BIKE-ROAD-001-20260803-ROAD-OP-030-01,2026-09-22T12:49,2026-09-22T15:14,,,,RISK_ONLY_NO_DATED_DOWNTIME,False,False,False,HIGH,MAINTENANCE_RISK_REVIEW,False,Maintenance risk is review-only without dated downtime; no horizon-wide production block applied.,True,True
PHASE4-MPS-20260721170405,ALT-MAINT,M-BRAKE-BENCH-001,WS-BRAKE-SUB,,SEG-ALT-MAINT-PSC-SKU-BIKE-ROAD-001-20260803-ROAD-OP-030-02,2026-09-23T08:00,2026-09-23T15:14,,,,RISK_ONLY_NO_DATED_DOWNTIME,False,False,False,HIGH,MAINTENANCE_RISK_REVIEW,False,Maintenance risk is review-only without dated downtime; no horizon-wide production block applied.,True,True
PHASE4-MPS-20260721170405,ALT-MAINT,M-BRAKE-BENCH-001,WS-BRAKE-SUB,,SEG-ALT-MAINT-PSC-SKU-BIKE-ROAD-001-20260803-ROAD-OP-030-03,2026-09-24T08:00,2026-09-24T15:14,,,,RISK_ONLY_NO_DATED_DOWNTIME,False,False,False,HIGH,MAINTENANCE_RISK_REVIEW,False,Maintenance risk is review-only without dated downtime; no horizon-wide production block applied.,True,True
PHASE4-MPS-20260721170405,ALT-MAINT,M-BRAKE-BENCH-001,WS-BRAKE-SUB,,SEG-ALT-MAINT-PSC-SKU-BIKE-ROAD-001-20260803-ROAD-OP-030-04,2026-09-25T08:00,2026-09-25T12:39,,,,RISK_ONLY_NO_DATED_DOWNTIME,False,False,False,HIGH,MAINTENANCE_RISK_REVIEW,False,Maintenance risk is review-only without dated downtime; no horizon-wide production block applied.,True,True
PHASE4-MPS-20260721170405,ALT-MAINT,M-FINAL-STAND-001,WS-FINAL-ASM,,SEG-ALT-MAINT-PSC-SKU-BIKE-ROAD-001-20260803-ROAD-OP-040-01,2026-10-12T12:09,2026-10-12T15:14,,,,RISK_ONLY_NO_DATED_DOWNTIME,False,False,False,HIGH,MAINTENANCE_RISK_REVIEW,False,Maintenance risk is review-only without dated downtime; no horizon-wide production block applied.,True,True
PHASE4-MPS-20260721170405,ALT-MAINT,M-FINAL-STAND-001,WS-FINAL-ASM,,SEG-ALT-MAINT-PSC-SKU-BIKE-ROAD-001-20260803-ROAD-OP-040-02,2026-10-13T08:00,2026-10-13T15:15,,,,RISK_ONLY_NO_DATED_DOWNTIME,False,False,False,HIGH,MAINTENANCE_RISK_REVIEW,False,Maintenance risk is review-only without dated downtime; no horizon-wide production block applied.,True,True
PHASE4-MPS-20260721170405,ALT-MAINT,M-FINAL-STAND-001,WS-FINAL-ASM,,SEG-ALT-MAINT-PSC-SKU-BIKE-ROAD-001-20260803-ROAD-OP-040-03,2026-10-14T08:00,2026-10-14T15:15,,,,RISK_ONLY_NO_DATED_DOWNTIME,False,False,False,HIGH,MAINTENANCE_RISK_REVIEW,False,Maintenance risk is review-only without dated downtime; no horizon-wide production block applied.,True,True
PHASE4-MPS-20260721170405,ALT-MAINT,M-FINAL-STAND-001,WS-FINAL-ASM,,SEG-ALT-MAINT-PSC-SKU-BIKE-ROAD-001-20260803-ROAD-OP-040-04,2026-10-15T08:00,2026-10-15T15:15,,,,RISK_ONLY_NO_DATED_DOWNTIME,False,False,False,HIGH,MAINTENANCE_RISK_REVIEW,False,Maintenance risk is review-only without dated downtime; no horizon-wide production block applied.,True,True
PHASE4-MPS-20260721170405,ALT-MAINT,M-FINAL-STAND-001,WS-FINAL-ASM,,SEG-ALT-MAINT-PSC-SKU-BIKE-ROAD-001-20260803-ROAD-OP-040-05,2026-10-16T08:00,2026-10-16T15:15,,,,RISK_ONLY_NO_DATED_DOWNTIME,False,False,False,HIGH,MAINTENANCE_RISK_REVIEW,False,Maintenance risk is review-only without dated downtime; no horizon-wide production block applied.,True,True
PHASE4-MPS-20260721170405,ALT-MAINT,M-FINAL-STAND-001,WS-FINAL-ASM,,SEG-ALT-MAINT-PSC-SKU-BIKE-ROAD-001-20260803-ROAD-OP-040-06,2026-10-19T08:00,2026-10-19T15:15,,,,RISK_ONLY_NO_DATED_DOWNTIME,False,False,False,HIGH,MAINTENANCE_RISK_REVIEW,False,Maintenance risk is review-only without dated downtime; no horizon-wide production block applied.,True,True
PHASE4-MPS-20260721170405,ALT-MAINT,M-FINAL-STAND-001,WS-FINAL-ASM,,SEG-ALT-MAINT-PSC-SKU-BIKE-ROAD-001-20260803-ROAD-OP-040-07,2026-10-20T08:00,2026-10-20T14:19,,,,RISK_ONLY_NO_DATED_DOWNTIME,False,False,False,HIGH,MAINTENANCE_RISK_REVIEW,False,Maintenance risk is review-only without dated downtime; no horizon-wide production block applied.,True,True
PHASE4-MPS-20260721170405,ALT-MAINT,M-QC-TOOLS-001,WS-QC,,SEG-ALT-MAINT-PSC-SKU-BIKE-ROAD-001-20260803-ROAD-OP-050-01,2026-10-20T14:19,2026-10-20T15:14,,,,RISK_ONLY_NO_DATED_DOWNTIME,False,False,False,HIGH,MAINTENANCE_RISK_REVIEW,False,Maintenance risk is review-only without dated downtime; no horizon-wide production block applied.,True,True
PHASE4-MPS-20260721170405,ALT-MAINT,M-QC-TOOLS-001,WS-QC,,SEG-ALT-MAINT-PSC-SKU-BIKE-ROAD-001-20260803-ROAD-OP-050-02,2026-10-21T08:00,2026-10-21T15:14,,,,RISK_ONLY_NO_DATED_DOWNTIME,False,False,False,HIGH,MAINTENANCE_RISK_REVIEW,False,Maintenance risk is review-only without dated downtime; no horizon-wide production block applied.,True,True
PHASE4-MPS-20260721170405,ALT-MAINT,M-QC-TOOLS-001,WS-QC,,SEG-ALT-MAINT-PSC-SKU-BIKE-ROAD-001-20260803-ROAD-OP-050-03,2026-10-22T08:00,2026-10-22T15:14,,,,RISK_ONLY_NO_DATED_DOWNTIME,False,False,False,HIGH,MAINTENANCE_RISK_REVIEW,False,Maintenance risk is review-only without dated downtime; no horizon-wide production block applied.,True,True
PHASE4-MPS-20260721170405,ALT-MAINT,M-QC-TOOLS-001,WS-QC,,SEG-ALT-MAINT-PSC-SKU-BIKE-ROAD-001-20260803-ROAD-OP-050-04,2026-10-23T08:00,2026-10-23T11:16,,,,RISK_ONLY_NO_DATED_DOWNTIME,False,False,False,HIGH,MAINTENANCE_RISK_REVIEW,False,Maintenance risk is review-only without dated downtime; no horizon-wide production block applied.,True,True
PHASE4-MPS-20260721170405,ALT-MAINT,M-PACK-BENCH-001,WS-PACK,,SEG-ALT-MAINT-PSC-SKU-BIKE-ROAD-001-20260803-ROAD-OP-060-01,2026-10-23T11:16,2026-10-23T15:14,,,,RISK_ONLY_NO_DATED_DOWNTIME,False,False,False,HIGH,MAINTENANCE_RISK_REVIEW,False,Maintenance risk is review-only without dated downtime; no horizon-wide production block applied.,True,True
PHASE4-MPS-20260721170405,ALT-MAINT,M-FRAME-JIG-001,WS-FRAME-PREP,,SEG-ALT-MAINT-PSC-SKU-BIKE-MT-001-20260810-MT-OP-010-01,2026-09-11T08:39,2026-09-11T15:14,,,,RISK_ONLY_NO_DATED_DOWNTIME,False,False,False,HIGH,MAINTENANCE_RISK_REVIEW,False,Maintenance risk is review-only without dated downtime; no horizon-wide production block applied.,True,True
PHASE4-MPS-20260721170405,ALT-MAINT,M-FRAME-JIG-001,WS-FRAME-PREP,,SEG-ALT-MAINT-PSC-SKU-BIKE-MT-001-20260810-MT-OP-010-02,2026-09-14T08:00,2026-09-14T15:14,,,,RISK_ONLY_NO_DATED_DOWNTIME,False,False,False,HIGH,MAINTENANCE_RISK_REVIEW,False,Maintenance risk is review-only without dated downtime; no horizon-wide production block applied.,True,True
PHASE4-MPS-20260721170405,ALT-MAINT,M-FRAME-JIG-001,WS-FRAME-PREP,,SEG-ALT-MAINT-PSC-SKU-BIKE-MT-001-20260810-MT-OP-010-03,2026-09-15T08:00,2026-09-15T15:14,,,,RISK_ONLY_NO_DATED_DOWNTIME,False,False,False,HIGH,MAINTENANCE_RISK_REVIEW,False,Maintenance risk is review-only without dated downtime; no horizon-wide production block applied.,True,True
PHASE4-MPS-20260721170405,ALT-MAINT,M-FRAME-JIG-001,WS-FRAME-PREP,,SEG-ALT-MAINT-PSC-SKU-BIKE-MT-001-20260810-MT-OP-010-04,2026-09-16T08:00,2026-09-16T14:33,,,,RISK_ONLY_NO_DATED_DOWNTIME,False,False,False,HIGH,MAINTENANCE_RISK_REVIEW,False,Maintenance risk is review-only without dated downtime; no horizon-wide production block applied.,True,True
PHASE4-MPS-20260721170405,ALT-MAINT,M-FORK-BENCH-001,WS-FORK-SUSP,,SEG-ALT-MAINT-PSC-SKU-BIKE-MT-001-20260810-MT-OP-020-01,2026-10-01T08:00,2026-10-01T15:15,,,,RISK_ONLY_NO_DATED_DOWNTIME,False,False,False,HIGH,MAINTENANCE_RISK_REVIEW,False,Maintenance risk is review-only without dated downtime; no horizon-wide production block applied.,True,True
PHASE4-MPS-20260721170405,ALT-MAINT,M-FORK-BENCH-001,WS-FORK-SUSP,,SEG-ALT-MAINT-PSC-SKU-BIKE-MT-001-20260810-MT-OP-020-02,2026-10-02T08:00,2026-10-02T15:15,,,,RISK_ONLY_NO_DATED_DOWNTIME,False,False,False,HIGH,MAINTENANCE_RISK_REVIEW,False,Maintenance risk is review-only without dated downtime; no horizon-wide production block applied.,True,True
PHASE4-MPS-20260721170405,ALT-MAINT,M-FORK-BENCH-001,WS-FORK-SUSP,,SEG-ALT-MAINT-PSC-SKU-BIKE-MT-001-20260810-MT-OP-020-03,2026-10-05T08:00,2026-10-05T15:15,,,,RISK_ONLY_NO_DATED_DOWNTIME,False,False,False,HIGH,MAINTENANCE_RISK_REVIEW,False,Maintenance risk is review-only without dated downtime; no horizon-wide production block applied.,True,True
PHASE4-MPS-20260721170405,ALT-MAINT,M-FORK-BENCH-001,WS-FORK-SUSP,,SEG-ALT-MAINT-PSC-SKU-BIKE-MT-001-20260810-MT-OP-020-04,2026-10-06T08:00,2026-10-06T15:15,,,,RISK_ONLY_NO_DATED_DOWNTIME,False,False,False,HIGH,MAINTENANCE_RISK_REVIEW,False,Maintenance risk is review-only without dated downtime; no horizon-wide production block applied.,True,True
PHASE4-MPS-20260721170405,ALT-MAINT,M-FORK-BENCH-001,WS-FORK-SUSP,,SEG-ALT-MAINT-PSC-SKU-BIKE-MT-001-20260810-MT-OP-020-05,2026-10-07T08:00,2026-10-07T12:32,,,,RISK_ONLY_NO_DATED_DOWNTIME,False,False,False,HIGH,MAINTENANCE_RISK_REVIEW,False,Maintenance risk is review-only without dated downtime; no horizon-wide production block applied.,True,True
PHASE4-MPS-20260721170405,ALT-MAINT,M-WHEEL-TRUE-001,WS-WHEEL-SUB,,SEG-ALT-MAINT-PSC-SKU-BIKE-MT-001-20260810-MT-OP-030-01,2026-10-01T08:00,2026-10-01T15:14,,,,RISK_ONLY_NO_DATED_DOWNTIME,False,False,False,HIGH,MAINTENANCE_RISK_REVIEW,False,Maintenance risk is review-only without dated downtime; no horizon-wide production block applied.,True,True
PHASE4-MPS-20260721170405,ALT-MAINT,M-WHEEL-TRUE-001,WS-WHEEL-SUB,,SEG-ALT-MAINT-PSC-SKU-BIKE-MT-001-20260810-MT-OP-030-02,2026-10-02T08:00,2026-10-02T15:14,,,,RISK_ONLY_NO_DATED_DOWNTIME,False,False,False,HIGH,MAINTENANCE_RISK_REVIEW,False,Maintenance risk is review-only without dated downtime; no horizon-wide production block applied.,True,True
PHASE4-MPS-20260721170405,ALT-MAINT,M-WHEEL-TRUE-001,WS-WHEEL-SUB,,SEG-ALT-MAINT-PSC-SKU-BIKE-MT-001-20260810-MT-OP-030-03,2026-10-05T08:00,2026-10-05T15:14,,,,RISK_ONLY_NO_DATED_DOWNTIME,False,False,False,HIGH,MAINTENANCE_RISK_REVIEW,False,Maintenance risk is review-only without dated downtime; no horizon-wide production block applied.,True,True
PHASE4-MPS-20260721170405,ALT-MAINT,M-WHEEL-TRUE-001,WS-WHEEL-SUB,,SEG-ALT-MAINT-PSC-SKU-BIKE-MT-001-20260810-MT-OP-030-04,2026-10-06T08:00,2026-10-06T15:14,,,,RISK_ONLY_NO_DATED_DOWNTIME,False,False,False,HIGH,MAINTENANCE_RISK_REVIEW,False,Maintenance risk is review-only without dated downtime; no horizon-wide production block applied.,True,True
PHASE4-MPS-20260721170405,ALT-MAINT,M-WHEEL-TRUE-001,WS-WHEEL-SUB,,SEG-ALT-MAINT-PSC-SKU-BIKE-MT-001-20260810-MT-OP-030-05,2026-10-07T08:00,2026-10-07T12:50,,,,RISK_ONLY_NO_DATED_DOWNTIME,False,False,False,HIGH,MAINTENANCE_RISK_REVIEW,False,Maintenance risk is review-only without dated downtime; no horizon-wide production block applied.,True,True
PHASE4-MPS-20260721170405,ALT-MAINT,M-BRAKE-BENCH-001,WS-BRAKE-SUB,,SEG-ALT-MAINT-PSC-SKU-BIKE-MT-001-20260810-MT-OP-040-01,2026-10-01T08:00,2026-10-01T15:14,,,,RISK_ONLY_NO_DATED_DOWNTIME,False,False,False,HIGH,MAINTENANCE_RISK_REVIEW,False,Maintenance risk is review-only without dated downtime; no horizon-wide production block applied.,True,True
PHASE4-MPS-20260721170405,ALT-MAINT,M-BRAKE-BENCH-001,WS-BRAKE-SUB,,SEG-ALT-MAINT-PSC-SKU-BIKE-MT-001-20260810-MT-OP-040-02,2026-10-02T08:00,2026-10-02T15:14,,,,RISK_ONLY_NO_DATED_DOWNTIME,False,False,False,HIGH,MAINTENANCE_RISK_REVIEW,False,Maintenance risk is review-only without dated downtime; no horizon-wide production block applied.,True,True
PHASE4-MPS-20260721170405,ALT-MAINT,M-BRAKE-BENCH-001,WS-BRAKE-SUB,,SEG-ALT-MAINT-PSC-SKU-BIKE-MT-001-20260810-MT-OP-040-03,2026-10-05T08:00,2026-10-05T15:14,,,,RISK_ONLY_NO_DATED_DOWNTIME,False,False,False,HIGH,MAINTENANCE_RISK_REVIEW,False,Maintenance risk is review-only without dated downtime; no horizon-wide production block applied.,True,True
PHASE4-MPS-20260721170405,ALT-MAINT,M-BRAKE-BENCH-001,WS-BRAKE-SUB,,SEG-ALT-MAINT-PSC-SKU-BIKE-MT-001-20260810-MT-OP-040-04,2026-10-06T08:00,2026-10-06T11:55,,,,RISK_ONLY_NO_DATED_DOWNTIME,False,False,False,HIGH,MAINTENANCE_RISK_REVIEW,False,Maintenance risk is review-only without dated downtime; no horizon-wide production block applied.,True,True
PHASE4-MPS-20260721170405,ALT-MAINT,M-FINAL-STAND-001,WS-FINAL-ASM,,SEG-ALT-MAINT-PSC-SKU-BIKE-MT-001-20260810-MT-OP-050-01,2026-10-20T14:19,2026-10-20T15:14,,,,RISK_ONLY_NO_DATED_DOWNTIME,False,False,False,HIGH,MAINTENANCE_RISK_REVIEW,False,Maintenance risk is review-only without dated downtime; no horizon-wide production block applied.,True,True
PHASE4-MPS-20260721170405,ALT-MAINT,M-FINAL-STAND-001,WS-FINAL-ASM,,SEG-ALT-MAINT-PSC-SKU-BIKE-MT-001-20260810-MT-OP-050-02,2026-10-21T08:00,2026-10-21T15:14,,,,RISK_ONLY_NO_DATED_DOWNTIME,False,False,False,HIGH,MAINTENANCE_RISK_REVIEW,False,Maintenance risk is review-only without dated downtime; no horizon-wide production block applied.,True,True
PHASE4-MPS-20260721170405,ALT-MAINT,M-FINAL-STAND-001,WS-FINAL-ASM,,SEG-ALT-MAINT-PSC-SKU-BIKE-MT-001-20260810-MT-OP-050-03,2026-10-22T08:00,2026-10-22T15:14,,,,RISK_ONLY_NO_DATED_DOWNTIME,False,False,False,HIGH,MAINTENANCE_RISK_REVIEW,False,Maintenance risk is review-only without dated downtime; no horizon-wide production block applied.,True,True
PHASE4-MPS-20260721170405,ALT-MAINT,M-FINAL-STAND-001,WS-FINAL-ASM,,SEG-ALT-MAINT-PSC-SKU-BIKE-MT-001-20260810-MT-OP-050-04,2026-10-23T08:00,2026-10-23T15:14,,,,RISK_ONLY_NO_DATED_DOWNTIME,False,False,False,HIGH,MAINTENANCE_RISK_REVIEW,False,Maintenance risk is review-only without dated downtime; no horizon-wide production block applied.,True,True
PHASE4-MPS-20260721170405,ALT-MAINT,M-FRAME-JIG-001,WS-FRAME-PREP,,SEG-ALT-MAINT-PSC-SKU-BIKE-ROAD-001-20260810-ROAD-OP-010-01,2026-09-22T12:49,2026-09-22T15:14,,,,RISK_ONLY_NO_DATED_DOWNTIME,False,False,False,HIGH,MAINTENANCE_RISK_REVIEW,False,Maintenance risk is review-only without dated downtime; no horizon-wide production block applied.,True,True
PHASE4-MPS-20260721170405,ALT-MAINT,M-FRAME-JIG-001,WS-FRAME-PREP,,SEG-ALT-MAINT-PSC-SKU-BIKE-ROAD-001-20260810-ROAD-OP-010-02,2026-09-23T08:00,2026-09-23T15:15,,,,RISK_ONLY_NO_DATED_DOWNTIME,False,False,False,HIGH,MAINTENANCE_RISK_REVIEW,False,Maintenance risk is review-only without dated downtime; no horizon-wide production block applied.,True,True
PHASE4-MPS-20260721170405,ALT-MAINT,M-FRAME-JIG-001,WS-FRAME-PREP,,SEG-ALT-MAINT-PSC-SKU-BIKE-ROAD-001-20260810-ROAD-OP-010-03,2026-09-24T08:00,2026-09-24T15:15,,,,RISK_ONLY_NO_DATED_DOWNTIME,False,False,False,HIGH,MAINTENANCE_RISK_REVIEW,False,Maintenance risk is review-only without dated downtime; no horizon-wide production block applied.,True,True
PHASE4-MPS-20260721170405,ALT-MAINT,M-FRAME-JIG-001,WS-FRAME-PREP,,SEG-ALT-MAINT-PSC-SKU-BIKE-ROAD-001-20260810-ROAD-OP-010-04,2026-09-25T08:00,2026-09-25T14:35,,,,RISK_ONLY_NO_DATED_DOWNTIME,False,False,False,HIGH,MAINTENANCE_RISK_REVIEW,False,Maintenance risk is review-only without dated downtime; no horizon-wide production block applied.,True,True
PHASE4-MPS-20260721170405,ALT-MAINT,M-WHEEL-TRUE-001,WS-WHEEL-SUB,,SEG-ALT-MAINT-PSC-SKU-BIKE-ROAD-001-20260810-ROAD-OP-020-01,2026-10-12T12:09,2026-10-12T15:14,,,,RISK_ONLY_NO_DATED_DOWNTIME,False,False,False,HIGH,MAINTENANCE_RISK_REVIEW,False,Maintenance risk is review-only without dated downtime; no horizon-wide production block applied.,True,True
PHASE4-MPS-20260721170405,ALT-MAINT,M-WHEEL-TRUE-001,WS-WHEEL-SUB,,SEG-ALT-MAINT-PSC-SKU-BIKE-ROAD-001-20260810-ROAD-OP-020-02,2026-10-13T08:00,2026-10-13T15:15,,,,RISK_ONLY_NO_DATED_DOWNTIME,False,False,False,HIGH,MAINTENANCE_RISK_REVIEW,False,Maintenance risk is review-only without dated downtime; no horizon-wide production block applied.,True,True
PHASE4-MPS-20260721170405,ALT-MAINT,M-WHEEL-TRUE-001,WS-WHEEL-SUB,,SEG-ALT-MAINT-PSC-SKU-BIKE-ROAD-001-20260810-ROAD-OP-020-03,2026-10-14T08:00,2026-10-14T15:15,,,,RISK_ONLY_NO_DATED_DOWNTIME,False,False,False,HIGH,MAINTENANCE_RISK_REVIEW,False,Maintenance risk is review-only without dated downtime; no horizon-wide production block applied.,True,True
PHASE4-MPS-20260721170405,ALT-MAINT,M-WHEEL-TRUE-001,WS-WHEEL-SUB,,SEG-ALT-MAINT-PSC-SKU-BIKE-ROAD-001-20260810-ROAD-OP-020-04,2026-10-15T08:00,2026-10-15T15:15,,,,RISK_ONLY_NO_DATED_DOWNTIME,False,False,False,HIGH,MAINTENANCE_RISK_REVIEW,False,Maintenance risk is review-only without dated downtime; no horizon-wide production block applied.,True,True
PHASE4-MPS-20260721170405,ALT-MAINT,M-WHEEL-TRUE-001,WS-WHEEL-SUB,,SEG-ALT-MAINT-PSC-SKU-BIKE-ROAD-001-20260810-ROAD-OP-020-05,2026-10-16T08:00,2026-10-16T12:32,,,,RISK_ONLY_NO_DATED_DOWNTIME,False,False,False,HIGH,MAINTENANCE_RISK_REVIEW,False,Maintenance risk is review-only without dated downtime; no horizon-wide production block applied.,True,True
PHASE4-MPS-20260721170405,ALT-MAINT,M-BRAKE-BENCH-001,WS-BRAKE-SUB,,SEG-ALT-MAINT-PSC-SKU-BIKE-ROAD-001-20260810-ROAD-OP-030-01,2026-10-12T12:09,2026-10-12T15:14,,,,RISK_ONLY_NO_DATED_DOWNTIME,False,False,False,HIGH,MAINTENANCE_RISK_REVIEW,False,Maintenance risk is review-only without dated downtime; no horizon-wide production block applied.,True,True
PHASE4-MPS-20260721170405,ALT-MAINT,M-BRAKE-BENCH-001,WS-BRAKE-SUB,,SEG-ALT-MAINT-PSC-SKU-BIKE-ROAD-001-20260810-ROAD-OP-030-02,2026-10-13T08:00,2026-10-13T15:14,,,,RISK_ONLY_NO_DATED_DOWNTIME,False,False,False,HIGH,MAINTENANCE_RISK_REVIEW,False,Maintenance risk is review-only without dated downtime; no horizon-wide production block applied.,True,True
PHASE4-MPS-20260721170405,ALT-MAINT,M-BRAKE-BENCH-001,WS-BRAKE-SUB,,SEG-ALT-MAINT-PSC-SKU-BIKE-ROAD-001-20260810-ROAD-OP-030-03,2026-10-14T08:00,2026-10-14T15:14,,,,RISK_ONLY_NO_DATED_DOWNTIME,False,False,False,HIGH,MAINTENANCE_RISK_REVIEW,False,Maintenance risk is review-only without dated downtime; no horizon-wide production block applied.,True,True
PHASE4-MPS-20260721170405,ALT-MAINT,M-BRAKE-BENCH-001,WS-BRAKE-SUB,,SEG-ALT-MAINT-PSC-SKU-BIKE-ROAD-001-20260810-ROAD-OP-030-04,2026-10-15T08:00,2026-10-15T11:59,,,,RISK_ONLY_NO_DATED_DOWNTIME,False,False,False,HIGH,MAINTENANCE_RISK_REVIEW,False,Maintenance risk is review-only without dated downtime; no horizon-wide production block applied.,True,True
PHASE4-MPS-20260721170405,ALT-MAINT,M-WHEEL-TRUE-001,WS-WHEEL-SUB,,SEG-ALT-MAINT-PSC-SKU-BIKE-MT-001-20260817-MT-OP-030-01,2026-10-01T08:00,2026-10-01T15:14,,,,RISK_ONLY_NO_DATED_DOWNTIME,False,False,False,HIGH,MAINTENANCE_RISK_REVIEW,False,Maintenance risk is review-only without dated downtime; no horizon-wide production block applied.,True,True
PHASE4-MPS-20260721170405,ALT-MAINT,M-WHEEL-TRUE-001,WS-WHEEL-SUB,,SEG-ALT-MAINT-PSC-SKU-BIKE-MT-001-20260817-MT-OP-030-02,2026-10-02T08:00,2026-10-02T12:08,,,,RISK_ONLY_NO_DATED_DOWNTIME,False,False,False,HIGH,MAINTENANCE_RISK_REVIEW,False,Maintenance risk is review-only without dated downtime; no horizon-wide production block applied.,True,True
PHASE4-MPS-20260721170405,ALT-MAINT,M-BRAKE-BENCH-001,WS-BRAKE-SUB,,SEG-ALT-MAINT-PSC-SKU-BIKE-MT-001-20260817-MT-OP-040-01,2026-10-01T08:00,2026-10-01T14:08,,,,RISK_ONLY_NO_DATED_DOWNTIME,False,False,False,HIGH,MAINTENANCE_RISK_REVIEW,False,Maintenance risk is review-only without dated downtime; no horizon-wide production block applied.,True,True
PHASE4-MPS-20260721170405,ALT-MAINT,M-FRAME-JIG-001,WS-FRAME-PREP,,SEG-ALT-MAINT-PSC-SKU-BIKE-ROAD-001-20260817-ROAD-OP-010-01,2026-09-02T13:44,2026-09-02T15:14,,,,RISK_ONLY_NO_DATED_DOWNTIME,False,False,False,HIGH,MAINTENANCE_RISK_REVIEW,False,Maintenance risk is review-only without dated downtime; no horizon-wide production block applied.,True,True
PHASE4-MPS-20260721170405,ALT-MAINT,M-FRAME-JIG-001,WS-FRAME-PREP,,SEG-ALT-MAINT-PSC-SKU-BIKE-ROAD-001-20260817-ROAD-OP-010-02,2026-09-03T08:00,2026-09-03T15:15,,,,RISK_ONLY_NO_DATED_DOWNTIME,False,False,False,HIGH,MAINTENANCE_RISK_REVIEW,False,Maintenance risk is review-only without dated downtime; no horizon-wide production block applied.,True,True
PHASE4-MPS-20260721170405,ALT-MAINT,M-FRAME-JIG-001,WS-FRAME-PREP,,SEG-ALT-MAINT-PSC-SKU-BIKE-ROAD-001-20260817-ROAD-OP-010-03,2026-09-04T08:00,2026-09-04T15:15,,,,RISK_ONLY_NO_DATED_DOWNTIME,False,False,False,HIGH,MAINTENANCE_RISK_REVIEW,False,Maintenance risk is review-only without dated downtime; no horizon-wide production block applied.,True,True
PHASE4-MPS-20260721170405,ALT-MAINT,M-FRAME-JIG-001,WS-FRAME-PREP,,SEG-ALT-MAINT-PSC-SKU-BIKE-ROAD-001-20260817-ROAD-OP-010-04,2026-09-07T08:00,2026-09-07T15:12,,,,RISK_ONLY_NO_DATED_DOWNTIME,False,False,False,HIGH,MAINTENANCE_RISK_REVIEW,False,Maintenance risk is review-only without dated downtime; no horizon-wide production block applied.,True,True
PHASE4-MPS-20260721170405,ALT-MAINT,M-FRAME-JIG-001,WS-FRAME-PREP,,SEG-ALT-MAINT-PSC-SKU-BIKE-MT-001-20260824-MT-OP-010-01,2026-10-01T08:00,2026-10-01T15:14,,,,RISK_ONLY_NO_DATED_DOWNTIME,False,False,False,HIGH,MAINTENANCE_RISK_REVIEW,False,Maintenance risk is review-only without dated downtime; no horizon-wide production block applied.,True,True
PHASE4-MPS-20260721170405,ALT-MAINT,M-FRAME-JIG-001,WS-FRAME-PREP,,SEG-ALT-MAINT-PSC-SKU-BIKE-MT-001-20260824-MT-OP-010-02,2026-10-02T08:00,2026-10-02T15:14,,,,RISK_ONLY_NO_DATED_DOWNTIME,False,False,False,HIGH,MAINTENANCE_RISK_REVIEW,False,Maintenance risk is review-only without dated downtime; no horizon-wide production block applied.,True,True
PHASE4-MPS-20260721170405,ALT-MAINT,M-FRAME-JIG-001,WS-FRAME-PREP,,SEG-ALT-MAINT-PSC-SKU-BIKE-MT-001-20260824-MT-OP-010-03,2026-10-05T08:00,2026-10-05T15:14,,,,RISK_ONLY_NO_DATED_DOWNTIME,False,False,False,HIGH,MAINTENANCE_RISK_REVIEW,False,Maintenance risk is review-only without dated downtime; no horizon-wide production block applied.,True,True
PHASE4-MPS-20260721170405,ALT-MAINT,M-FRAME-JIG-001,WS-FRAME-PREP,,SEG-ALT-MAINT-PSC-SKU-BIKE-MT-001-20260824-MT-OP-010-04,2026-10-06T08:00,2026-10-06T15:14,,,,RISK_ONLY_NO_DATED_DOWNTIME,False,False,False,HIGH,MAINTENANCE_RISK_REVIEW,False,Maintenance risk is review-only without dated downtime; no horizon-wide production block applied.,True,True
PHASE4-MPS-20260721170405,ALT-MAINT,M-FRAME-JIG-001,WS-FRAME-PREP,,SEG-ALT-MAINT-PSC-SKU-BIKE-MT-001-20260824-MT-OP-010-05,2026-10-07T08:00,2026-10-07T14:22,,,,RISK_ONLY_NO_DATED_DOWNTIME,False,False,False,HIGH,MAINTENANCE_RISK_REVIEW,False,Maintenance risk is review-only without dated downtime; no horizon-wide production block applied.,True,True
PHASE4-MPS-20260721170405,ALT-MAINT,M-FORK-BENCH-001,WS-FORK-SUSP,,SEG-ALT-MAINT-PSC-SKU-BIKE-MT-001-20260824-MT-OP-020-01,2026-10-20T14:19,2026-10-20T15:14,,,,RISK_ONLY_NO_DATED_DOWNTIME,False,False,False,HIGH,MAINTENANCE_RISK_REVIEW,False,Maintenance risk is review-only without dated downtime; no horizon-wide production block applied.,True,True
PHASE4-MPS-20260721170405,ALT-MAINT,M-FORK-BENCH-001,WS-FORK-SUSP,,SEG-ALT-MAINT-PSC-SKU-BIKE-MT-001-20260824-MT-OP-020-02,2026-10-21T08:00,2026-10-21T15:15,,,,RISK_ONLY_NO_DATED_DOWNTIME,False,False,False,HIGH,MAINTENANCE_RISK_REVIEW,False,Maintenance risk is review-only without dated downtime; no horizon-wide production block applied.,True,True
PHASE4-MPS-20260721170405,ALT-MAINT,M-FORK-BENCH-001,WS-FORK-SUSP,,SEG-ALT-MAINT-PSC-SKU-BIKE-MT-001-20260824-MT-OP-020-03,2026-10-22T08:00,2026-10-22T15:15,,,,RISK_ONLY_NO_DATED_DOWNTIME,False,False,False,HIGH,MAINTENANCE_RISK_REVIEW,False,Maintenance risk is review-only without dated downtime; no horizon-wide production block applied.,True,True
PHASE4-MPS-20260721170405,ALT-MAINT,M-FORK-BENCH-001,WS-FORK-SUSP,,SEG-ALT-MAINT-PSC-SKU-BIKE-MT-001-20260824-MT-OP-020-04,2026-10-23T08:00,2026-10-23T15:15,,,,RISK_ONLY_NO_DATED_DOWNTIME,False,False,False,HIGH,MAINTENANCE_RISK_REVIEW,False,Maintenance risk is review-only without dated downtime; no horizon-wide production block applied.,True,True
PHASE4-MPS-20260721170405,ALT-MAINT,M-WHEEL-TRUE-001,WS-WHEEL-SUB,,SEG-ALT-MAINT-PSC-SKU-BIKE-MT-001-20260824-MT-OP-030-01,2026-10-20T14:19,2026-10-20T15:14,,,,RISK_ONLY_NO_DATED_DOWNTIME,False,False,False,HIGH,MAINTENANCE_RISK_REVIEW,False,Maintenance risk is review-only without dated downtime; no horizon-wide production block applied.,True,True
PHASE4-MPS-20260721170405,ALT-MAINT,M-WHEEL-TRUE-001,WS-WHEEL-SUB,,SEG-ALT-MAINT-PSC-SKU-BIKE-MT-001-20260824-MT-OP-030-02,2026-10-21T08:00,2026-10-21T15:14,,,,RISK_ONLY_NO_DATED_DOWNTIME,False,False,False,HIGH,MAINTENANCE_RISK_REVIEW,False,Maintenance risk is review-only without dated downtime; no horizon-wide production block applied.,True,True
PHASE4-MPS-20260721170405,ALT-MAINT,M-WHEEL-TRUE-001,WS-WHEEL-SUB,,SEG-ALT-MAINT-PSC-SKU-BIKE-MT-001-20260824-MT-OP-030-03,2026-10-22T08:00,2026-10-22T13:35,,,,RISK_ONLY_NO_DATED_DOWNTIME,False,False,False,HIGH,MAINTENANCE_RISK_REVIEW,False,Maintenance risk is review-only without dated downtime; no horizon-wide production block applied.,True,True
PHASE4-MPS-20260721170405,ALT-MAINT,M-BRAKE-BENCH-001,WS-BRAKE-SUB,,SEG-ALT-MAINT-PSC-SKU-BIKE-MT-001-20260824-MT-OP-040-01,2026-10-20T14:19,2026-10-20T15:14,,,,RISK_ONLY_NO_DATED_DOWNTIME,False,False,False,HIGH,MAINTENANCE_RISK_REVIEW,False,Maintenance risk is review-only without dated downtime; no horizon-wide production block applied.,True,True
PHASE4-MPS-20260721170405,ALT-MAINT,M-BRAKE-BENCH-001,WS-BRAKE-SUB,,SEG-ALT-MAINT-PSC-SKU-BIKE-MT-001-20260824-MT-OP-040-02,2026-10-21T08:00,2026-10-21T15:14,,,,RISK_ONLY_NO_DATED_DOWNTIME,False,False,False,HIGH,MAINTENANCE_RISK_REVIEW,False,Maintenance risk is review-only without dated downtime; no horizon-wide production block applied.,True,True
PHASE4-MPS-20260721170405,ALT-MAINT,M-BRAKE-BENCH-001,WS-BRAKE-SUB,,SEG-ALT-MAINT-PSC-SKU-BIKE-MT-001-20260824-MT-OP-040-03,2026-10-22T08:00,2026-10-22T10:14,,,,RISK_ONLY_NO_DATED_DOWNTIME,False,False,False,HIGH,MAINTENANCE_RISK_REVIEW,False,Maintenance risk is review-only without dated downtime; no horizon-wide production block applied.,True,True
PHASE4-MPS-20260721170405,ALT-MAINT,M-FRAME-JIG-001,WS-FRAME-PREP,,SEG-ALT-MAINT-PSC-SKU-BIKE-MT-001-20260831-MT-OP-010-01,2026-10-01T08:00,2026-10-01T15:14,,,,RISK_ONLY_NO_DATED_DOWNTIME,False,False,False,HIGH,MAINTENANCE_RISK_REVIEW,False,Maintenance risk is review-only without dated downtime; no horizon-wide production block applied.,True,True
PHASE4-MPS-20260721170405,ALT-MAINT,M-FRAME-JIG-001,WS-FRAME-PREP,,SEG-ALT-MAINT-PSC-SKU-BIKE-MT-001-20260831-MT-OP-010-02,2026-10-02T08:00,2026-10-02T15:14,,,,RISK_ONLY_NO_DATED_DOWNTIME,False,False,False,HIGH,MAINTENANCE_RISK_REVIEW,False,Maintenance risk is review-only without dated downtime; no horizon-wide production block applied.,True,True
PHASE4-MPS-20260721170405,ALT-MAINT,M-FRAME-JIG-001,WS-FRAME-PREP,,SEG-ALT-MAINT-PSC-SKU-BIKE-MT-001-20260831-MT-OP-010-03,2026-10-05T08:00,2026-10-05T15:14,,,,RISK_ONLY_NO_DATED_DOWNTIME,False,False,False,HIGH,MAINTENANCE_RISK_REVIEW,False,Maintenance risk is review-only without dated downtime; no horizon-wide production block applied.,True,True
PHASE4-MPS-20260721170405,ALT-MAINT,M-FRAME-JIG-001,WS-FRAME-PREP,,SEG-ALT-MAINT-PSC-SKU-BIKE-MT-001-20260831-MT-OP-010-04,2026-10-06T08:00,2026-10-06T15:14,,,,RISK_ONLY_NO_DATED_DOWNTIME,False,False,False,HIGH,MAINTENANCE_RISK_REVIEW,False,Maintenance risk is review-only without dated downtime; no horizon-wide production block applied.,True,True
PHASE4-MPS-20260721170405,ALT-MAINT,M-FRAME-JIG-001,WS-FRAME-PREP,,SEG-ALT-MAINT-PSC-SKU-BIKE-MT-001-20260831-MT-OP-010-05,2026-10-07T08:00,2026-10-07T14:04,,,,RISK_ONLY_NO_DATED_DOWNTIME,False,False,False,HIGH,MAINTENANCE_RISK_REVIEW,False,Maintenance risk is review-only without dated downtime; no horizon-wide production block applied.,True,True
PHASE4-MPS-20260721170405,ALT-MAINT,M-FORK-BENCH-001,WS-FORK-SUSP,,SEG-ALT-MAINT-PSC-SKU-BIKE-MT-001-20260831-MT-OP-020-01,2026-10-07T14:04,2026-10-07T15:14,,,,RISK_ONLY_NO_DATED_DOWNTIME,False,False,False,HIGH,MAINTENANCE_RISK_REVIEW,False,Maintenance risk is review-only without dated downtime; no horizon-wide production block applied.,True,True
PHASE4-MPS-20260721170405,ALT-MAINT,M-FORK-BENCH-001,WS-FORK-SUSP,,SEG-ALT-MAINT-PSC-SKU-BIKE-MT-001-20260831-MT-OP-020-02,2026-10-08T08:00,2026-10-08T11:50,,,,RISK_ONLY_NO_DATED_DOWNTIME,False,False,False,HIGH,MAINTENANCE_RISK_REVIEW,False,Maintenance risk is review-only without dated downtime; no horizon-wide production block applied.,True,True
PHASE4-MPS-20260721170405,ALT-MAINT,M-FRAME-JIG-001,WS-FRAME-PREP,,SEG-ALT-MAINT-PSC-SKU-BIKE-ROAD-001-20260831-ROAD-OP-010-01,2026-10-12T12:09,2026-10-12T15:14,,,,RISK_ONLY_NO_DATED_DOWNTIME,False,False,False,HIGH,MAINTENANCE_RISK_REVIEW,False,Maintenance risk is review-only without dated downtime; no horizon-wide production block applied.,True,True
PHASE4-MPS-20260721170405,ALT-MAINT,M-FRAME-JIG-001,WS-FRAME-PREP,,SEG-ALT-MAINT-PSC-SKU-BIKE-ROAD-001-20260831-ROAD-OP-010-02,2026-10-13T08:00,2026-10-13T15:15,,,,RISK_ONLY_NO_DATED_DOWNTIME,False,False,False,HIGH,MAINTENANCE_RISK_REVIEW,False,Maintenance risk is review-only without dated downtime; no horizon-wide production block applied.,True,True
PHASE4-MPS-20260721170405,ALT-MAINT,M-FRAME-JIG-001,WS-FRAME-PREP,,SEG-ALT-MAINT-PSC-SKU-BIKE-ROAD-001-20260831-ROAD-OP-010-03,2026-10-14T08:00,2026-10-14T15:15,,,,RISK_ONLY_NO_DATED_DOWNTIME,False,False,False,HIGH,MAINTENANCE_RISK_REVIEW,False,Maintenance risk is review-only without dated downtime; no horizon-wide production block applied.,True,True
PHASE4-MPS-20260721170405,ALT-MAINT,M-FRAME-JIG-001,WS-FRAME-PREP,,SEG-ALT-MAINT-PSC-SKU-BIKE-ROAD-001-20260831-ROAD-OP-010-04,2026-10-15T08:00,2026-10-15T13:55,,,,RISK_ONLY_NO_DATED_DOWNTIME,False,False,False,HIGH,MAINTENANCE_RISK_REVIEW,False,Maintenance risk is review-only without dated downtime; no horizon-wide production block applied.,True,True
PHASE4-MPS-20260721170405,ALT-MAINT,M-FRAME-JIG-001,WS-FRAME-PREP,,SEG-ALT-MAINT-PSC-SKU-BIKE-MT-001-20260907-MT-OP-010-01,2026-09-11T08:39,2026-09-11T15:14,,,,RISK_ONLY_NO_DATED_DOWNTIME,False,False,False,HIGH,MAINTENANCE_RISK_REVIEW,False,Maintenance risk is review-only without dated downtime; no horizon-wide production block applied.,True,True
PHASE4-MPS-20260721170405,ALT-MAINT,M-FRAME-JIG-001,WS-FRAME-PREP,,SEG-ALT-MAINT-PSC-SKU-BIKE-MT-001-20260907-MT-OP-010-02,2026-09-14T08:00,2026-09-14T12:53,,,,RISK_ONLY_NO_DATED_DOWNTIME,False,False,False,HIGH,MAINTENANCE_RISK_REVIEW,False,Maintenance risk is review-only without dated downtime; no horizon-wide production block applied.,True,True
PHASE4-MPS-20260721170405,ALT-MAINT,M-FRAME-JIG-001,WS-FRAME-PREP,,SEG-ALT-MAINT-PSC-SKU-BIKE-MT-001-20260914-MT-OP-010-01,2026-09-14T12:53,2026-09-14T15:14,,,,RISK_ONLY_NO_DATED_DOWNTIME,False,False,False,HIGH,MAINTENANCE_RISK_REVIEW,False,Maintenance risk is review-only without dated downtime; no horizon-wide production block applied.,True,True
PHASE4-MPS-20260721170405,ALT-MAINT,M-FRAME-JIG-001,WS-FRAME-PREP,,SEG-ALT-MAINT-PSC-SKU-BIKE-MT-001-20260914-MT-OP-010-02,2026-09-15T08:00,2026-09-15T15:14,,,,RISK_ONLY_NO_DATED_DOWNTIME,False,False,False,HIGH,MAINTENANCE_RISK_REVIEW,False,Maintenance risk is review-only without dated downtime; no horizon-wide production block applied.,True,True
PHASE4-MPS-20260721170405,ALT-MAINT,M-FRAME-JIG-001,WS-FRAME-PREP,,SEG-ALT-MAINT-PSC-SKU-BIKE-MT-001-20260914-MT-OP-010-03,2026-09-16T08:00,2026-09-16T09:33,,,,RISK_ONLY_NO_DATED_DOWNTIME,False,False,False,HIGH,MAINTENANCE_RISK_REVIEW,False,Maintenance risk is review-only without dated downtime; no horizon-wide production block applied.,True,True
PHASE4-MPS-20260721170405,ALT-MAINT,M-FRAME-JIG-001,WS-FRAME-PREP,,SEG-ALT-MAINT-PSC-SKU-BIKE-MT-001-20260921-MT-OP-010-01,2026-10-20T14:19,2026-10-20T15:14,,,,RISK_ONLY_NO_DATED_DOWNTIME,False,False,False,HIGH,MAINTENANCE_RISK_REVIEW,False,Maintenance risk is review-only without dated downtime; no horizon-wide production block applied.,True,True
PHASE4-MPS-20260721170405,ALT-MAINT,M-FRAME-JIG-001,WS-FRAME-PREP,,SEG-ALT-MAINT-PSC-SKU-BIKE-MT-001-20260921-MT-OP-010-02,2026-10-21T08:00,2026-10-21T15:14,,,,RISK_ONLY_NO_DATED_DOWNTIME,False,False,False,HIGH,MAINTENANCE_RISK_REVIEW,False,Maintenance risk is review-only without dated downtime; no horizon-wide production block applied.,True,True
PHASE4-MPS-20260721170405,ALT-MAINT,M-FRAME-JIG-001,WS-FRAME-PREP,,SEG-ALT-MAINT-PSC-SKU-BIKE-MT-001-20260921-MT-OP-010-03,2026-10-22T08:00,2026-10-22T11:00,,,,RISK_ONLY_NO_DATED_DOWNTIME,False,False,False,HIGH,MAINTENANCE_RISK_REVIEW,False,Maintenance risk is review-only without dated downtime; no horizon-wide production block applied.,True,True
PHASE4-MPS-20260721170405,ALT-MAINT,M-FRAME-JIG-001,WS-FRAME-PREP,,SEG-ALT-MAINT-PSC-SKU-BIKE-MT-001-20260928-MT-OP-010-01,2026-10-20T14:19,2026-10-20T15:14,,,,RISK_ONLY_NO_DATED_DOWNTIME,False,False,False,HIGH,MAINTENANCE_RISK_REVIEW,False,Maintenance risk is review-only without dated downtime; no horizon-wide production block applied.,True,True
PHASE4-MPS-20260721170405,ALT-MAINT,M-FRAME-JIG-001,WS-FRAME-PREP,,SEG-ALT-MAINT-PSC-SKU-BIKE-MT-001-20260928-MT-OP-010-02,2026-10-21T08:00,2026-10-21T12:05,,,,RISK_ONLY_NO_DATED_DOWNTIME,False,False,False,HIGH,MAINTENANCE_RISK_REVIEW,False,Maintenance risk is review-only without dated downtime; no horizon-wide production block applied.,True,True
PHASE4-MPS-20260721170405,ALT-MAINT,M-FORK-BENCH-001,WS-FORK-SUSP,,SEG-ALT-MAINT-PSC-SKU-BIKE-MT-001-20260928-MT-OP-020-01,2026-09-14T12:53,2026-09-14T15:14,,,,RISK_ONLY_NO_DATED_DOWNTIME,False,False,False,HIGH,MAINTENANCE_RISK_REVIEW,False,Maintenance risk is review-only without dated downtime; no horizon-wide production block applied.,True,True
PHASE4-MPS-20260721170405,ALT-MAINT,M-FORK-BENCH-001,WS-FORK-SUSP,,SEG-ALT-MAINT-PSC-SKU-BIKE-MT-001-20260928-MT-OP-020-02,2026-09-15T08:00,2026-09-15T11:47,,,,RISK_ONLY_NO_DATED_DOWNTIME,False,False,False,HIGH,MAINTENANCE_RISK_REVIEW,False,Maintenance risk is review-only without dated downtime; no horizon-wide production block applied.,True,True
PHASE4-MPS-20260721170405,ALT-MAINT,M-WHEEL-TRUE-001,WS-WHEEL-SUB,,SEG-ALT-MAINT-PSC-SKU-BIKE-MT-001-20260928-MT-OP-030-01,2026-09-14T12:53,2026-09-14T15:14,,,,RISK_ONLY_NO_DATED_DOWNTIME,False,False,False,HIGH,MAINTENANCE_RISK_REVIEW,False,Maintenance risk is review-only without dated downtime; no horizon-wide production block applied.,True,True
PHASE4-MPS-20260721170405,ALT-MAINT,M-WHEEL-TRUE-001,WS-WHEEL-SUB,,SEG-ALT-MAINT-PSC-SKU-BIKE-MT-001-20260928-MT-OP-030-02,2026-09-15T08:00,2026-09-15T11:48,,,,RISK_ONLY_NO_DATED_DOWNTIME,False,False,False,HIGH,MAINTENANCE_RISK_REVIEW,False,Maintenance risk is review-only without dated downtime; no horizon-wide production block applied.,True,True
PHASE4-MPS-20260721170405,ALT-MAINT,M-BRAKE-BENCH-001,WS-BRAKE-SUB,,SEG-ALT-MAINT-PSC-SKU-BIKE-MT-001-20260928-MT-OP-040-01,2026-09-14T12:53,2026-09-14T15:14,,,,RISK_ONLY_NO_DATED_DOWNTIME,False,False,False,HIGH,MAINTENANCE_RISK_REVIEW,False,Maintenance risk is review-only without dated downtime; no horizon-wide production block applied.,True,True
PHASE4-MPS-20260721170405,ALT-MAINT,M-BRAKE-BENCH-001,WS-BRAKE-SUB,,SEG-ALT-MAINT-PSC-SKU-BIKE-MT-001-20260928-MT-OP-040-02,2026-09-15T08:00,2026-09-15T10:18,,,,RISK_ONLY_NO_DATED_DOWNTIME,False,False,False,HIGH,MAINTENANCE_RISK_REVIEW,False,Maintenance risk is review-only without dated downtime; no horizon-wide production block applied.,True,True
PHASE4-MPS-20260721170405,ALT-MAINT,M-FINAL-STAND-001,WS-FINAL-ASM,,SEG-ALT-MAINT-PSC-SKU-BIKE-MT-001-20260928-MT-OP-050-01,2026-09-30T14:59,2026-09-30T15:14,,,,RISK_ONLY_NO_DATED_DOWNTIME,False,False,False,HIGH,MAINTENANCE_RISK_REVIEW,False,Maintenance risk is review-only without dated downtime; no horizon-wide production block applied.,True,True
PHASE4-MPS-20260721170405,ALT-MAINT,M-FRAME-JIG-001,WS-FRAME-PREP,,SEG-ALT-MAINT-PSC-SKU-BIKE-ROAD-001-20260928-ROAD-OP-010-01,2026-10-12T12:09,2026-10-12T15:14,,,,RISK_ONLY_NO_DATED_DOWNTIME,False,False,False,HIGH,MAINTENANCE_RISK_REVIEW,False,Maintenance risk is review-only without dated downtime; no horizon-wide production block applied.,True,True
PHASE4-MPS-20260721170405,ALT-MAINT,M-FRAME-JIG-001,WS-FRAME-PREP,,SEG-ALT-MAINT-PSC-SKU-BIKE-ROAD-001-20260928-ROAD-OP-010-02,2026-10-13T08:00,2026-10-13T10:42,,,,RISK_ONLY_NO_DATED_DOWNTIME,False,False,False,HIGH,MAINTENANCE_RISK_REVIEW,False,Maintenance risk is review-only without dated downtime; no horizon-wide production block applied.,True,True
PHASE4-MPS-20260721170405,ALT-MAINT,M-WHEEL-TRUE-001,WS-WHEEL-SUB,,SEG-ALT-MAINT-PSC-SKU-BIKE-ROAD-001-20260928-ROAD-OP-020-01,2026-09-22T12:49,2026-09-22T15:14,,,,RISK_ONLY_NO_DATED_DOWNTIME,False,False,False,HIGH,MAINTENANCE_RISK_REVIEW,False,Maintenance risk is review-only without dated downtime; no horizon-wide production block applied.,True,True
PHASE4-MPS-20260721170405,ALT-MAINT,M-WHEEL-TRUE-001,WS-WHEEL-SUB,,SEG-ALT-MAINT-PSC-SKU-BIKE-ROAD-001-20260928-ROAD-OP-020-02,2026-09-23T08:00,2026-09-23T12:38,,,,RISK_ONLY_NO_DATED_DOWNTIME,False,False,False,HIGH,MAINTENANCE_RISK_REVIEW,False,Maintenance risk is review-only without dated downtime; no horizon-wide production block applied.,True,True
PHASE4-MPS-20260721170405,ALT-MAINT,M-BRAKE-BENCH-001,WS-BRAKE-SUB,,SEG-ALT-MAINT-PSC-SKU-BIKE-ROAD-001-20260928-ROAD-OP-030-01,2026-09-22T12:49,2026-09-22T15:14,,,,RISK_ONLY_NO_DATED_DOWNTIME,False,False,False,HIGH,MAINTENANCE_RISK_REVIEW,False,Maintenance risk is review-only without dated downtime; no horizon-wide production block applied.,True,True
PHASE4-MPS-20260721170405,ALT-MAINT,M-BRAKE-BENCH-001,WS-BRAKE-SUB,,SEG-ALT-MAINT-PSC-SKU-BIKE-ROAD-001-20260928-ROAD-OP-030-02,2026-09-23T08:00,2026-09-23T10:49,,,,RISK_ONLY_NO_DATED_DOWNTIME,False,False,False,HIGH,MAINTENANCE_RISK_REVIEW,False,Maintenance risk is review-only without dated downtime; no horizon-wide production block applied.,True,True
PHASE4-MPS-20260721170405,ALT-COMBINED,M-FRAME-JIG-001,WS-FRAME-PREP,,SEG-ALT-COMBINED-PSC-SKU-BIKE-MT-001-20260629-MT-OP-010-01,2026-06-29T08:00,2026-06-29T15:14,,,,RISK_ONLY_NO_DATED_DOWNTIME,False,False,False,HIGH,MAINTENANCE_RISK_REVIEW,False,Maintenance risk is review-only without dated downtime; no horizon-wide production block applied.,True,True
PHASE4-MPS-20260721170405,ALT-COMBINED,M-FRAME-JIG-001,WS-FRAME-PREP,,SEG-ALT-COMBINED-PSC-SKU-BIKE-MT-001-20260629-MT-OP-010-02,2026-06-30T08:00,2026-06-30T15:14,,,,RISK_ONLY_NO_DATED_DOWNTIME,False,False,False,HIGH,MAINTENANCE_RISK_REVIEW,False,Maintenance risk is review-only without dated downtime; no horizon-wide production block applied.,True,True
PHASE4-MPS-20260721170405,ALT-COMBINED,M-FRAME-JIG-001,WS-FRAME-PREP,,SEG-ALT-COMBINED-PSC-SKU-BIKE-MT-001-20260629-MT-OP-010-03,2026-07-01T08:00,2026-07-01T12:37,,,,RISK_ONLY_NO_DATED_DOWNTIME,False,False,False,HIGH,MAINTENANCE_RISK_REVIEW,False,Maintenance risk is review-only without dated downtime; no horizon-wide production block applied.,True,True
PHASE4-MPS-20260721170405,ALT-COMBINED,M-FORK-BENCH-001,WS-FORK-SUSP,,SEG-ALT-COMBINED-PSC-SKU-BIKE-MT-001-20260629-MT-OP-020-01,2026-07-01T12:37,2026-07-01T15:14,,,,RISK_ONLY_NO_DATED_DOWNTIME,False,False,False,HIGH,MAINTENANCE_RISK_REVIEW,False,Maintenance risk is review-only without dated downtime; no horizon-wide production block applied.,True,True
PHASE4-MPS-20260721170405,ALT-COMBINED,M-FORK-BENCH-001,WS-FORK-SUSP,,SEG-ALT-COMBINED-PSC-SKU-BIKE-MT-001-20260629-MT-OP-020-02,2026-07-02T08:00,2026-07-02T15:15,,,,RISK_ONLY_NO_DATED_DOWNTIME,False,False,False,HIGH,MAINTENANCE_RISK_REVIEW,False,Maintenance risk is review-only without dated downtime; no horizon-wide production block applied.,True,True
PHASE4-MPS-20260721170405,ALT-COMBINED,M-FORK-BENCH-001,WS-FORK-SUSP,,SEG-ALT-COMBINED-PSC-SKU-BIKE-MT-001-20260629-MT-OP-020-03,2026-07-03T08:00,2026-07-03T15:15,,,,RISK_ONLY_NO_DATED_DOWNTIME,False,False,False,HIGH,MAINTENANCE_RISK_REVIEW,False,Maintenance risk is review-only without dated downtime; no horizon-wide production block applied.,True,True
PHASE4-MPS-20260721170405,ALT-COMBINED,M-FORK-BENCH-001,WS-FORK-SUSP,,SEG-ALT-COMBINED-PSC-SKU-BIKE-MT-001-20260629-MT-OP-020-04,2026-07-06T08:00,2026-07-06T14:21,,,,RISK_ONLY_NO_DATED_DOWNTIME,False,False,False,HIGH,MAINTENANCE_RISK_REVIEW,False,Maintenance risk is review-only without dated downtime; no horizon-wide production block applied.,True,True
PHASE4-MPS-20260721170405,ALT-COMBINED,M-WHEEL-TRUE-001,WS-WHEEL-SUB,,SEG-ALT-COMBINED-PSC-SKU-BIKE-MT-001-20260629-MT-OP-030-01,2026-07-01T12:37,2026-07-01T15:14,,,,RISK_ONLY_NO_DATED_DOWNTIME,False,False,False,HIGH,MAINTENANCE_RISK_REVIEW,False,Maintenance risk is review-only without dated downtime; no horizon-wide production block applied.,True,True
PHASE4-MPS-20260721170405,ALT-COMBINED,M-WHEEL-TRUE-001,WS-WHEEL-SUB,,SEG-ALT-COMBINED-PSC-SKU-BIKE-MT-001-20260629-MT-OP-030-02,2026-07-02T08:00,2026-07-02T15:14,,,,RISK_ONLY_NO_DATED_DOWNTIME,False,False,False,HIGH,MAINTENANCE_RISK_REVIEW,False,Maintenance risk is review-only without dated downtime; no horizon-wide production block applied.,True,True
PHASE4-MPS-20260721170405,ALT-COMBINED,M-WHEEL-TRUE-001,WS-WHEEL-SUB,,SEG-ALT-COMBINED-PSC-SKU-BIKE-MT-001-20260629-MT-OP-030-03,2026-07-03T08:00,2026-07-03T15:14,,,,RISK_ONLY_NO_DATED_DOWNTIME,False,False,False,HIGH,MAINTENANCE_RISK_REVIEW,False,Maintenance risk is review-only without dated downtime; no horizon-wide production block applied.,True,True
PHASE4-MPS-20260721170405,ALT-COMBINED,M-WHEEL-TRUE-001,WS-WHEEL-SUB,,SEG-ALT-COMBINED-PSC-SKU-BIKE-MT-001-20260629-MT-OP-030-04,2026-07-06T08:00,2026-07-06T14:36,,,,RISK_ONLY_NO_DATED_DOWNTIME,False,False,False,HIGH,MAINTENANCE_RISK_REVIEW,False,Maintenance risk is review-only without dated downtime; no horizon-wide production block applied.,True,True
PHASE4-MPS-20260721170405,ALT-COMBINED,M-BRAKE-BENCH-001,WS-BRAKE-SUB,,SEG-ALT-COMBINED-PSC-SKU-BIKE-MT-001-20260629-MT-OP-040-01,2026-07-01T12:37,2026-07-01T15:14,,,,RISK_ONLY_NO_DATED_DOWNTIME,False,False,False,HIGH,MAINTENANCE_RISK_REVIEW,False,Maintenance risk is review-only without dated downtime; no horizon-wide production block applied.,True,True
PHASE4-MPS-20260721170405,ALT-COMBINED,M-BRAKE-BENCH-001,WS-BRAKE-SUB,,SEG-ALT-COMBINED-PSC-SKU-BIKE-MT-001-20260629-MT-OP-040-02,2026-07-02T08:00,2026-07-02T15:15,,,,RISK_ONLY_NO_DATED_DOWNTIME,False,False,False,HIGH,MAINTENANCE_RISK_REVIEW,False,Maintenance risk is review-only without dated downtime; no horizon-wide production block applied.,True,True
PHASE4-MPS-20260721170405,ALT-COMBINED,M-BRAKE-BENCH-001,WS-BRAKE-SUB,,SEG-ALT-COMBINED-PSC-SKU-BIKE-MT-001-20260629-MT-OP-040-03,2026-07-03T08:00,2026-07-03T15:15,,,,RISK_ONLY_NO_DATED_DOWNTIME,False,False,False,HIGH,MAINTENANCE_RISK_REVIEW,False,Maintenance risk is review-only without dated downtime; no horizon-wide production block applied.,True,True
PHASE4-MPS-20260721170405,ALT-COMBINED,M-BRAKE-BENCH-001,WS-BRAKE-SUB,,SEG-ALT-COMBINED-PSC-SKU-BIKE-MT-001-20260629-MT-OP-040-04,2026-07-06T08:00,2026-07-06T08:54,,,,RISK_ONLY_NO_DATED_DOWNTIME,False,False,False,HIGH,MAINTENANCE_RISK_REVIEW,False,Maintenance risk is review-only without dated downtime; no horizon-wide production block applied.,True,True
PHASE4-MPS-20260721170405,ALT-COMBINED,M-PACK-BENCH-001,WS-PACK,,SEG-ALT-COMBINED-PSC-SKU-BIKE-MT-001-20260629-MT-OP-070-01,2026-06-29T08:00,2026-06-29T13:08,,,,RISK_ONLY_NO_DATED_DOWNTIME,False,False,False,HIGH,MAINTENANCE_RISK_REVIEW,False,Maintenance risk is review-only without dated downtime; no horizon-wide production block applied.,True,True
PHASE4-MPS-20260721170405,ALT-COMBINED,M-FINAL-STAND-001,WS-FINAL-ASM,,SEG-ALT-COMBINED-PSC-SKU-BIKE-ROAD-001-20260928-ROAD-OP-040-01,2026-06-29T08:00,2026-06-29T15:14,,,,RISK_ONLY_NO_DATED_DOWNTIME,False,False,False,HIGH,MAINTENANCE_RISK_REVIEW,False,Maintenance risk is review-only without dated downtime; no horizon-wide production block applied.,True,True
PHASE4-MPS-20260721170405,ALT-COMBINED,M-FINAL-STAND-001,WS-FINAL-ASM,,SEG-ALT-COMBINED-PSC-SKU-BIKE-ROAD-001-20260928-ROAD-OP-040-02,2026-06-30T08:00,2026-06-30T11:27,,,,RISK_ONLY_NO_DATED_DOWNTIME,False,False,False,HIGH,MAINTENANCE_RISK_REVIEW,False,Maintenance risk is review-only without dated downtime; no horizon-wide production block applied.,True,True
PHASE4-MPS-20260721170405,ALT-COMBINED,M-QC-TOOLS-001,WS-QC,,SEG-ALT-COMBINED-PSC-SKU-BIKE-ROAD-001-20260928-ROAD-OP-050-01,2026-06-30T11:27,2026-06-30T15:14,,,,RISK_ONLY_NO_DATED_DOWNTIME,False,False,False,HIGH,MAINTENANCE_RISK_REVIEW,False,Maintenance risk is review-only without dated downtime; no horizon-wide production block applied.,True,True
PHASE4-MPS-20260721170405,ALT-COMBINED,M-QC-TOOLS-001,WS-QC,,SEG-ALT-COMBINED-PSC-SKU-BIKE-ROAD-001-20260928-ROAD-OP-050-02,2026-07-01T08:00,2026-07-01T08:36,,,,RISK_ONLY_NO_DATED_DOWNTIME,False,False,False,HIGH,MAINTENANCE_RISK_REVIEW,False,Maintenance risk is review-only without dated downtime; no horizon-wide production block applied.,True,True
PHASE4-MPS-20260721170405,ALT-COMBINED,M-PACK-BENCH-001,WS-PACK,,SEG-ALT-COMBINED-PSC-SKU-BIKE-ROAD-001-20260928-ROAD-OP-060-01,2026-06-29T13:08,2026-06-29T15:14,,,,RISK_ONLY_NO_DATED_DOWNTIME,False,False,False,HIGH,MAINTENANCE_RISK_REVIEW,False,Maintenance risk is review-only without dated downtime; no horizon-wide production block applied.,True,True
PHASE4-MPS-20260721170405,ALT-COMBINED,M-PACK-BENCH-001,WS-PACK,,SEG-ALT-COMBINED-PSC-SKU-BIKE-ROAD-001-20260928-ROAD-OP-060-02,2026-06-30T08:00,2026-06-30T09:33,,,,RISK_ONLY_NO_DATED_DOWNTIME,False,False,False,HIGH,MAINTENANCE_RISK_REVIEW,False,Maintenance risk is review-only without dated downtime; no horizon-wide production block applied.,True,True
PHASE4-MPS-20260721170405,ALT-COMBINED,M-FRAME-JIG-001,WS-FRAME-PREP,,SEG-ALT-COMBINED-PSC-SKU-BIKE-MT-001-20260706-MT-OP-010-01,2026-07-06T08:00,2026-07-06T15:14,,,,RISK_ONLY_NO_DATED_DOWNTIME,False,False,False,HIGH,MAINTENANCE_RISK_REVIEW,False,Maintenance risk is review-only without dated downtime; no horizon-wide production block applied.,True,True
PHASE4-MPS-20260721170405,ALT-COMBINED,M-FRAME-JIG-001,WS-FRAME-PREP,,SEG-ALT-COMBINED-PSC-SKU-BIKE-MT-001-20260706-MT-OP-010-02,2026-07-07T08:00,2026-07-07T15:14,,,,RISK_ONLY_NO_DATED_DOWNTIME,False,False,False,HIGH,MAINTENANCE_RISK_REVIEW,False,Maintenance risk is review-only without dated downtime; no horizon-wide production block applied.,True,True
PHASE4-MPS-20260721170405,ALT-COMBINED,M-FRAME-JIG-001,WS-FRAME-PREP,,SEG-ALT-COMBINED-PSC-SKU-BIKE-MT-001-20260706-MT-OP-010-03,2026-07-08T08:00,2026-07-08T10:49,,,,RISK_ONLY_NO_DATED_DOWNTIME,False,False,False,HIGH,MAINTENANCE_RISK_REVIEW,False,Maintenance risk is review-only without dated downtime; no horizon-wide production block applied.,True,True
PHASE4-MPS-20260721170405,ALT-COMBINED,M-FORK-BENCH-001,WS-FORK-SUSP,,SEG-ALT-COMBINED-PSC-SKU-BIKE-MT-001-20260706-MT-OP-020-01,2026-07-08T10:49,2026-07-08T15:14,,,,RISK_ONLY_NO_DATED_DOWNTIME,False,False,False,HIGH,MAINTENANCE_RISK_REVIEW,False,Maintenance risk is review-only without dated downtime; no horizon-wide production block applied.,True,True
PHASE4-MPS-20260721170405,ALT-COMBINED,M-FORK-BENCH-001,WS-FORK-SUSP,,SEG-ALT-COMBINED-PSC-SKU-BIKE-MT-001-20260706-MT-OP-020-02,2026-07-09T08:00,2026-07-09T15:15,,,,RISK_ONLY_NO_DATED_DOWNTIME,False,False,False,HIGH,MAINTENANCE_RISK_REVIEW,False,Maintenance risk is review-only without dated downtime; no horizon-wide production block applied.,True,True
PHASE4-MPS-20260721170405,ALT-COMBINED,M-FORK-BENCH-001,WS-FORK-SUSP,,SEG-ALT-COMBINED-PSC-SKU-BIKE-MT-001-20260706-MT-OP-020-03,2026-07-10T08:00,2026-07-10T15:15,,,,RISK_ONLY_NO_DATED_DOWNTIME,False,False,False,HIGH,MAINTENANCE_RISK_REVIEW,False,Maintenance risk is review-only without dated downtime; no horizon-wide production block applied.,True,True
PHASE4-MPS-20260721170405,ALT-COMBINED,M-FORK-BENCH-001,WS-FORK-SUSP,,SEG-ALT-COMBINED-PSC-SKU-BIKE-MT-001-20260706-MT-OP-020-04,2026-07-13T08:00,2026-07-13T10:19,,,,RISK_ONLY_NO_DATED_DOWNTIME,False,False,False,HIGH,MAINTENANCE_RISK_REVIEW,False,Maintenance risk is review-only without dated downtime; no horizon-wide production block applied.,True,True
PHASE4-MPS-20260721170405,ALT-COMBINED,M-WHEEL-TRUE-001,WS-WHEEL-SUB,,SEG-ALT-COMBINED-PSC-SKU-BIKE-MT-001-20260706-MT-OP-030-01,2026-07-08T10:49,2026-07-08T15:14,,,,RISK_ONLY_NO_DATED_DOWNTIME,False,False,False,HIGH,MAINTENANCE_RISK_REVIEW,False,Maintenance risk is review-only without dated downtime; no horizon-wide production block applied.,True,True
PHASE4-MPS-20260721170405,ALT-COMBINED,M-WHEEL-TRUE-001,WS-WHEEL-SUB,,SEG-ALT-COMBINED-PSC-SKU-BIKE-MT-001-20260706-MT-OP-030-02,2026-07-09T08:00,2026-07-09T15:14,,,,RISK_ONLY_NO_DATED_DOWNTIME,False,False,False,HIGH,MAINTENANCE_RISK_REVIEW,False,Maintenance risk is review-only without dated downtime; no horizon-wide production block applied.,True,True
PHASE4-MPS-20260721170405,ALT-COMBINED,M-WHEEL-TRUE-001,WS-WHEEL-SUB,,SEG-ALT-COMBINED-PSC-SKU-BIKE-MT-001-20260706-MT-OP-030-03,2026-07-10T08:00,2026-07-10T14:51,,,,RISK_ONLY_NO_DATED_DOWNTIME,False,False,False,HIGH,MAINTENANCE_RISK_REVIEW,False,Maintenance risk is review-only without dated downtime; no horizon-wide production block applied.,True,True
PHASE4-MPS-20260721170405,ALT-COMBINED,M-BRAKE-BENCH-001,WS-BRAKE-SUB,,SEG-ALT-COMBINED-PSC-SKU-BIKE-MT-001-20260706-MT-OP-040-01,2026-07-08T10:49,2026-07-08T15:14,,,,RISK_ONLY_NO_DATED_DOWNTIME,False,False,False,HIGH,MAINTENANCE_RISK_REVIEW,False,Maintenance risk is review-only without dated downtime; no horizon-wide production block applied.,True,True
PHASE4-MPS-20260721170405,ALT-COMBINED,M-BRAKE-BENCH-001,WS-BRAKE-SUB,,SEG-ALT-COMBINED-PSC-SKU-BIKE-MT-001-20260706-MT-OP-040-02,2026-07-09T08:00,2026-07-09T15:14,,,,RISK_ONLY_NO_DATED_DOWNTIME,False,False,False,HIGH,MAINTENANCE_RISK_REVIEW,False,Maintenance risk is review-only without dated downtime; no horizon-wide production block applied.,True,True
PHASE4-MPS-20260721170405,ALT-COMBINED,M-BRAKE-BENCH-001,WS-BRAKE-SUB,,SEG-ALT-COMBINED-PSC-SKU-BIKE-MT-001-20260706-MT-OP-040-03,2026-07-10T08:00,2026-07-10T12:27,,,,RISK_ONLY_NO_DATED_DOWNTIME,False,False,False,HIGH,MAINTENANCE_RISK_REVIEW,False,Maintenance risk is review-only without dated downtime; no horizon-wide production block applied.,True,True
PHASE4-MPS-20260721170405,ALT-COMBINED,M-FINAL-STAND-001,WS-FINAL-ASM,,SEG-ALT-COMBINED-PSC-SKU-BIKE-MT-001-20260706-MT-OP-050-01,2026-07-22T10:33,2026-07-22T15:14,,,,RISK_ONLY_NO_DATED_DOWNTIME,False,False,False,HIGH,MAINTENANCE_RISK_REVIEW,False,Maintenance risk is review-only without dated downtime; no horizon-wide production block applied.,True,True
PHASE4-MPS-20260721170405,ALT-COMBINED,M-FINAL-STAND-001,WS-FINAL-ASM,,SEG-ALT-COMBINED-PSC-SKU-BIKE-MT-001-20260706-MT-OP-050-02,2026-07-23T08:00,2026-07-23T15:14,,,,RISK_ONLY_NO_DATED_DOWNTIME,False,False,False,HIGH,MAINTENANCE_RISK_REVIEW,False,Maintenance risk is review-only without dated downtime; no horizon-wide production block applied.,True,True
PHASE4-MPS-20260721170405,ALT-COMBINED,M-FINAL-STAND-001,WS-FINAL-ASM,,SEG-ALT-COMBINED-PSC-SKU-BIKE-MT-001-20260706-MT-OP-050-03,2026-07-24T08:00,2026-07-24T15:14,,,,RISK_ONLY_NO_DATED_DOWNTIME,False,False,False,HIGH,MAINTENANCE_RISK_REVIEW,False,Maintenance risk is review-only without dated downtime; no horizon-wide production block applied.,True,True
PHASE4-MPS-20260721170405,ALT-COMBINED,M-FINAL-STAND-001,WS-FINAL-ASM,,SEG-ALT-COMBINED-PSC-SKU-BIKE-MT-001-20260706-MT-OP-050-04,2026-07-27T08:00,2026-07-27T15:14,,,,RISK_ONLY_NO_DATED_DOWNTIME,False,False,False,HIGH,MAINTENANCE_RISK_REVIEW,False,Maintenance risk is review-only without dated downtime; no horizon-wide production block applied.,True,True
PHASE4-MPS-20260721170405,ALT-COMBINED,M-FINAL-STAND-001,WS-FINAL-ASM,,SEG-ALT-COMBINED-PSC-SKU-BIKE-MT-001-20260706-MT-OP-050-05,2026-07-28T08:00,2026-07-28T15:14,,,,RISK_ONLY_NO_DATED_DOWNTIME,False,False,False,HIGH,MAINTENANCE_RISK_REVIEW,False,Maintenance risk is review-only without dated downtime; no horizon-wide production block applied.,True,True
PHASE4-MPS-20260721170405,ALT-COMBINED,M-FINAL-STAND-001,WS-FINAL-ASM,,SEG-ALT-COMBINED-PSC-SKU-BIKE-MT-001-20260706-MT-OP-050-06,2026-07-29T08:00,2026-07-29T15:14,,,,RISK_ONLY_NO_DATED_DOWNTIME,False,False,False,HIGH,MAINTENANCE_RISK_REVIEW,False,Maintenance risk is review-only without dated downtime; no horizon-wide production block applied.,True,True
PHASE4-MPS-20260721170405,ALT-COMBINED,M-FINAL-STAND-001,WS-FINAL-ASM,,SEG-ALT-COMBINED-PSC-SKU-BIKE-MT-001-20260706-MT-OP-050-07,2026-07-30T08:00,2026-07-30T15:14,,,,RISK_ONLY_NO_DATED_DOWNTIME,False,False,False,HIGH,MAINTENANCE_RISK_REVIEW,False,Maintenance risk is review-only without dated downtime; no horizon-wide production block applied.,True,True
PHASE4-MPS-20260721170405,ALT-COMBINED,M-FINAL-STAND-001,WS-FINAL-ASM,,SEG-ALT-COMBINED-PSC-SKU-BIKE-MT-001-20260706-MT-OP-050-08,2026-07-31T08:00,2026-07-31T14:42,,,,RISK_ONLY_NO_DATED_DOWNTIME,False,False,False,HIGH,MAINTENANCE_RISK_REVIEW,False,Maintenance risk is review-only without dated downtime; no horizon-wide production block applied.,True,True
PHASE4-MPS-20260721170405,ALT-COMBINED,M-QC-TOOLS-001,WS-QC,,SEG-ALT-COMBINED-PSC-SKU-BIKE-MT-001-20260706-MT-OP-060-01,2026-07-31T14:42,2026-07-31T15:14,,,,RISK_ONLY_NO_DATED_DOWNTIME,False,False,False,HIGH,MAINTENANCE_RISK_REVIEW,False,Maintenance risk is review-only without dated downtime; no horizon-wide production block applied.,True,True
PHASE4-MPS-20260721170405,ALT-COMBINED,M-QC-TOOLS-001,WS-QC,,SEG-ALT-COMBINED-PSC-SKU-BIKE-MT-001-20260706-MT-OP-060-02,2026-08-03T08:00,2026-08-03T15:14,,,,RISK_ONLY_NO_DATED_DOWNTIME,False,False,False,HIGH,MAINTENANCE_RISK_REVIEW,False,Maintenance risk is review-only without dated downtime; no horizon-wide production block applied.,True,True
PHASE4-MPS-20260721170405,ALT-COMBINED,M-QC-TOOLS-001,WS-QC,,SEG-ALT-COMBINED-PSC-SKU-BIKE-MT-001-20260706-MT-OP-060-03,2026-08-04T08:00,2026-08-04T15:14,,,,RISK_ONLY_NO_DATED_DOWNTIME,False,False,False,HIGH,MAINTENANCE_RISK_REVIEW,False,Maintenance risk is review-only without dated downtime; no horizon-wide production block applied.,True,True
PHASE4-MPS-20260721170405,ALT-COMBINED,M-QC-TOOLS-001,WS-QC,,SEG-ALT-COMBINED-PSC-SKU-BIKE-MT-001-20260706-MT-OP-060-04,2026-08-05T08:00,2026-08-05T15:14,,,,RISK_ONLY_NO_DATED_DOWNTIME,False,False,False,HIGH,MAINTENANCE_RISK_REVIEW,False,Maintenance risk is review-only without dated downtime; no horizon-wide production block applied.,True,True
PHASE4-MPS-20260721170405,ALT-COMBINED,M-QC-TOOLS-001,WS-QC,,SEG-ALT-COMBINED-PSC-SKU-BIKE-MT-001-20260706-MT-OP-060-05,2026-08-06T08:00,2026-08-06T08:30,,,,RISK_ONLY_NO_DATED_DOWNTIME,False,False,False,HIGH,MAINTENANCE_RISK_REVIEW,False,Maintenance risk is review-only without dated downtime; no horizon-wide production block applied.,True,True
PHASE4-MPS-20260721170405,ALT-COMBINED,M-PACK-BENCH-001,WS-PACK,,SEG-ALT-COMBINED-PSC-SKU-BIKE-MT-001-20260706-MT-OP-070-01,2026-08-06T08:30,2026-08-06T15:14,,,,RISK_ONLY_NO_DATED_DOWNTIME,False,False,False,HIGH,MAINTENANCE_RISK_REVIEW,False,Maintenance risk is review-only without dated downtime; no horizon-wide production block applied.,True,True
PHASE4-MPS-20260721170405,ALT-COMBINED,M-PACK-BENCH-001,WS-PACK,,SEG-ALT-COMBINED-PSC-SKU-BIKE-MT-001-20260706-MT-OP-070-02,2026-08-07T08:00,2026-08-07T15:15,,,,RISK_ONLY_NO_DATED_DOWNTIME,False,False,False,HIGH,MAINTENANCE_RISK_REVIEW,False,Maintenance risk is review-only without dated downtime; no horizon-wide production block applied.,True,True
PHASE4-MPS-20260721170405,ALT-COMBINED,M-PACK-BENCH-001,WS-PACK,,SEG-ALT-COMBINED-PSC-SKU-BIKE-MT-001-20260706-MT-OP-070-03,2026-08-10T08:00,2026-08-10T11:14,,,,RISK_ONLY_NO_DATED_DOWNTIME,False,False,False,HIGH,MAINTENANCE_RISK_REVIEW,False,Maintenance risk is review-only without dated downtime; no horizon-wide production block applied.,True,True
PHASE4-MPS-20260721170405,ALT-COMBINED,M-WHEEL-TRUE-001,WS-WHEEL-SUB,,SEG-ALT-COMBINED-PSC-SKU-BIKE-MT-001-20260713-MT-OP-030-01,2026-07-08T10:49,2026-07-08T13:37,,,,RISK_ONLY_NO_DATED_DOWNTIME,False,False,False,HIGH,MAINTENANCE_RISK_REVIEW,False,Maintenance risk is review-only without dated downtime; no horizon-wide production block applied.,True,True
PHASE4-MPS-20260721170405,ALT-COMBINED,M-FINAL-STAND-001,WS-FINAL-ASM,,SEG-ALT-COMBINED-PSC-SKU-BIKE-MT-001-20260713-MT-OP-050-01,2026-07-31T14:42,2026-07-31T15:14,,,,RISK_ONLY_NO_DATED_DOWNTIME,False,False,False,HIGH,MAINTENANCE_RISK_REVIEW,False,Maintenance risk is review-only without dated downtime; no horizon-wide production block applied.,True,True
PHASE4-MPS-20260721170405,ALT-COMBINED,M-FINAL-STAND-001,WS-FINAL-ASM,,SEG-ALT-COMBINED-PSC-SKU-BIKE-MT-001-20260713-MT-OP-050-02,2026-08-03T08:00,2026-08-03T15:14,,,,RISK_ONLY_NO_DATED_DOWNTIME,False,False,False,HIGH,MAINTENANCE_RISK_REVIEW,False,Maintenance risk is review-only without dated downtime; no horizon-wide production block applied.,True,True
PHASE4-MPS-20260721170405,ALT-COMBINED,M-FINAL-STAND-001,WS-FINAL-ASM,,SEG-ALT-COMBINED-PSC-SKU-BIKE-MT-001-20260713-MT-OP-050-03,2026-08-04T08:00,2026-08-04T15:14,,,,RISK_ONLY_NO_DATED_DOWNTIME,False,False,False,HIGH,MAINTENANCE_RISK_REVIEW,False,Maintenance risk is review-only without dated downtime; no horizon-wide production block applied.,True,True
PHASE4-MPS-20260721170405,ALT-COMBINED,M-FINAL-STAND-001,WS-FINAL-ASM,,SEG-ALT-COMBINED-PSC-SKU-BIKE-MT-001-20260713-MT-OP-050-04,2026-08-05T08:00,2026-08-05T11:07,,,,RISK_ONLY_NO_DATED_DOWNTIME,False,False,False,HIGH,MAINTENANCE_RISK_REVIEW,False,Maintenance risk is review-only without dated downtime; no horizon-wide production block applied.,True,True
PHASE4-MPS-20260721170405,ALT-COMBINED,M-QC-TOOLS-001,WS-QC,,SEG-ALT-COMBINED-PSC-SKU-BIKE-MT-001-20260713-MT-OP-060-01,2026-08-06T08:30,2026-08-06T15:14,,,,RISK_ONLY_NO_DATED_DOWNTIME,False,False,False,HIGH,MAINTENANCE_RISK_REVIEW,False,Maintenance risk is review-only without dated downtime; no horizon-wide production block applied.,True,True
PHASE4-MPS-20260721170405,ALT-COMBINED,M-QC-TOOLS-001,WS-QC,,SEG-ALT-COMBINED-PSC-SKU-BIKE-MT-001-20260713-MT-OP-060-02,2026-08-07T08:00,2026-08-07T08:49,,,,RISK_ONLY_NO_DATED_DOWNTIME,False,False,False,HIGH,MAINTENANCE_RISK_REVIEW,False,Maintenance risk is review-only without dated downtime; no horizon-wide production block applied.,True,True
PHASE4-MPS-20260721170405,ALT-COMBINED,M-PACK-BENCH-001,WS-PACK,,SEG-ALT-COMBINED-PSC-SKU-BIKE-MT-001-20260713-MT-OP-070-01,2026-08-10T11:14,2026-08-10T15:14,,,,RISK_ONLY_NO_DATED_DOWNTIME,False,False,False,HIGH,MAINTENANCE_RISK_REVIEW,False,Maintenance risk is review-only without dated downtime; no horizon-wide production block applied.,True,True
PHASE4-MPS-20260721170405,ALT-COMBINED,M-PACK-BENCH-001,WS-PACK,,SEG-ALT-COMBINED-PSC-SKU-BIKE-MT-001-20260713-MT-OP-070-02,2026-08-11T08:00,2026-08-11T09:41,,,,RISK_ONLY_NO_DATED_DOWNTIME,False,False,False,HIGH,MAINTENANCE_RISK_REVIEW,False,Maintenance risk is review-only without dated downtime; no horizon-wide production block applied.,True,True
PHASE4-MPS-20260721170405,ALT-COMBINED,M-FRAME-JIG-001,WS-FRAME-PREP,,SEG-ALT-COMBINED-PSC-SKU-BIKE-ROAD-001-20260629-ROAD-OP-010-01,2026-06-29T08:00,2026-06-29T15:14,,,,RISK_ONLY_NO_DATED_DOWNTIME,False,False,False,HIGH,MAINTENANCE_RISK_REVIEW,False,Maintenance risk is review-only without dated downtime; no horizon-wide production block applied.,True,True
PHASE4-MPS-20260721170405,ALT-COMBINED,M-FRAME-JIG-001,WS-FRAME-PREP,,SEG-ALT-COMBINED-PSC-SKU-BIKE-ROAD-001-20260629-ROAD-OP-010-02,2026-06-30T08:00,2026-06-30T15:15,,,,RISK_ONLY_NO_DATED_DOWNTIME,False,False,False,HIGH,MAINTENANCE_RISK_REVIEW,False,Maintenance risk is review-only without dated downtime; no horizon-wide production block applied.,True,True
PHASE4-MPS-20260721170405,ALT-COMBINED,M-FRAME-JIG-001,WS-FRAME-PREP,,SEG-ALT-COMBINED-PSC-SKU-BIKE-ROAD-001-20260629-ROAD-OP-010-03,2026-07-01T08:00,2026-07-01T14:41,,,,RISK_ONLY_NO_DATED_DOWNTIME,False,False,False,HIGH,MAINTENANCE_RISK_REVIEW,False,Maintenance risk is review-only without dated downtime; no horizon-wide production block applied.,True,True
PHASE4-MPS-20260721170405,ALT-COMBINED,M-WHEEL-TRUE-001,WS-WHEEL-SUB,,SEG-ALT-COMBINED-PSC-SKU-BIKE-ROAD-001-20260629-ROAD-OP-020-01,2026-07-01T14:41,2026-07-01T15:14,,,,RISK_ONLY_NO_DATED_DOWNTIME,False,False,False,HIGH,MAINTENANCE_RISK_REVIEW,False,Maintenance risk is review-only without dated downtime; no horizon-wide production block applied.,True,True
PHASE4-MPS-20260721170405,ALT-COMBINED,M-WHEEL-TRUE-001,WS-WHEEL-SUB,,SEG-ALT-COMBINED-PSC-SKU-BIKE-ROAD-001-20260629-ROAD-OP-020-02,2026-07-02T08:00,2026-07-02T15:15,,,,RISK_ONLY_NO_DATED_DOWNTIME,False,False,False,HIGH,MAINTENANCE_RISK_REVIEW,False,Maintenance risk is review-only without dated downtime; no horizon-wide production block applied.,True,True
PHASE4-MPS-20260721170405,ALT-COMBINED,M-WHEEL-TRUE-001,WS-WHEEL-SUB,,SEG-ALT-COMBINED-PSC-SKU-BIKE-ROAD-001-20260629-ROAD-OP-020-03,2026-07-03T08:00,2026-07-03T15:15,,,,RISK_ONLY_NO_DATED_DOWNTIME,False,False,False,HIGH,MAINTENANCE_RISK_REVIEW,False,Maintenance risk is review-only without dated downtime; no horizon-wide production block applied.,True,True
PHASE4-MPS-20260721170405,ALT-COMBINED,M-WHEEL-TRUE-001,WS-WHEEL-SUB,,SEG-ALT-COMBINED-PSC-SKU-BIKE-ROAD-001-20260629-ROAD-OP-020-04,2026-07-06T08:00,2026-07-06T15:15,,,,RISK_ONLY_NO_DATED_DOWNTIME,False,False,False,HIGH,MAINTENANCE_RISK_REVIEW,False,Maintenance risk is review-only without dated downtime; no horizon-wide production block applied.,True,True
PHASE4-MPS-20260721170405,ALT-COMBINED,M-WHEEL-TRUE-001,WS-WHEEL-SUB,,SEG-ALT-COMBINED-PSC-SKU-BIKE-ROAD-001-20260629-ROAD-OP-020-05,2026-07-07T08:00,2026-07-07T11:59,,,,RISK_ONLY_NO_DATED_DOWNTIME,False,False,False,HIGH,MAINTENANCE_RISK_REVIEW,False,Maintenance risk is review-only without dated downtime; no horizon-wide production block applied.,True,True
PHASE4-MPS-20260721170405,ALT-COMBINED,M-BRAKE-BENCH-001,WS-BRAKE-SUB,,SEG-ALT-COMBINED-PSC-SKU-BIKE-ROAD-001-20260629-ROAD-OP-030-01,2026-07-01T14:41,2026-07-01T15:14,,,,RISK_ONLY_NO_DATED_DOWNTIME,False,False,False,HIGH,MAINTENANCE_RISK_REVIEW,False,Maintenance risk is review-only without dated downtime; no horizon-wide production block applied.,True,True
PHASE4-MPS-20260721170405,ALT-COMBINED,M-BRAKE-BENCH-001,WS-BRAKE-SUB,,SEG-ALT-COMBINED-PSC-SKU-BIKE-ROAD-001-20260629-ROAD-OP-030-02,2026-07-02T08:00,2026-07-02T15:15,,,,RISK_ONLY_NO_DATED_DOWNTIME,False,False,False,HIGH,MAINTENANCE_RISK_REVIEW,False,Maintenance risk is review-only without dated downtime; no horizon-wide production block applied.,True,True
PHASE4-MPS-20260721170405,ALT-COMBINED,M-BRAKE-BENCH-001,WS-BRAKE-SUB,,SEG-ALT-COMBINED-PSC-SKU-BIKE-ROAD-001-20260629-ROAD-OP-030-03,2026-07-03T08:00,2026-07-03T15:15,,,,RISK_ONLY_NO_DATED_DOWNTIME,False,False,False,HIGH,MAINTENANCE_RISK_REVIEW,False,Maintenance risk is review-only without dated downtime; no horizon-wide production block applied.,True,True
PHASE4-MPS-20260721170405,ALT-COMBINED,M-BRAKE-BENCH-001,WS-BRAKE-SUB,,SEG-ALT-COMBINED-PSC-SKU-BIKE-ROAD-001-20260629-ROAD-OP-030-04,2026-07-06T08:00,2026-07-06T12:12,,,,RISK_ONLY_NO_DATED_DOWNTIME,False,False,False,HIGH,MAINTENANCE_RISK_REVIEW,False,Maintenance risk is review-only without dated downtime; no horizon-wide production block applied.,True,True
PHASE4-MPS-20260721170405,ALT-COMBINED,M-FINAL-STAND-001,WS-FINAL-ASM,,SEG-ALT-COMBINED-PSC-SKU-BIKE-ROAD-001-20260629-ROAD-OP-040-01,2026-07-07T11:59,2026-07-07T15:14,,,,RISK_ONLY_NO_DATED_DOWNTIME,False,False,False,HIGH,MAINTENANCE_RISK_REVIEW,False,Maintenance risk is review-only without dated downtime; no horizon-wide production block applied.,True,True
PHASE4-MPS-20260721170405,ALT-COMBINED,M-FINAL-STAND-001,WS-FINAL-ASM,,SEG-ALT-COMBINED-PSC-SKU-BIKE-ROAD-001-20260629-ROAD-OP-040-02,2026-07-08T08:00,2026-07-08T15:14,,,,RISK_ONLY_NO_DATED_DOWNTIME,False,False,False,HIGH,MAINTENANCE_RISK_REVIEW,False,Maintenance risk is review-only without dated downtime; no horizon-wide production block applied.,True,True
PHASE4-MPS-20260721170405,ALT-COMBINED,M-FINAL-STAND-001,WS-FINAL-ASM,,SEG-ALT-COMBINED-PSC-SKU-BIKE-ROAD-001-20260629-ROAD-OP-040-03,2026-07-09T08:00,2026-07-09T15:14,,,,RISK_ONLY_NO_DATED_DOWNTIME,False,False,False,HIGH,MAINTENANCE_RISK_REVIEW,False,Maintenance risk is review-only without dated downtime; no horizon-wide production block applied.,True,True
PHASE4-MPS-20260721170405,ALT-COMBINED,M-FINAL-STAND-001,WS-FINAL-ASM,,SEG-ALT-COMBINED-PSC-SKU-BIKE-ROAD-001-20260629-ROAD-OP-040-04,2026-07-10T08:00,2026-07-10T15:14,,,,RISK_ONLY_NO_DATED_DOWNTIME,False,False,False,HIGH,MAINTENANCE_RISK_REVIEW,False,Maintenance risk is review-only without dated downtime; no horizon-wide production block applied.,True,True
PHASE4-MPS-20260721170405,ALT-COMBINED,M-FINAL-STAND-001,WS-FINAL-ASM,,SEG-ALT-COMBINED-PSC-SKU-BIKE-ROAD-001-20260629-ROAD-OP-040-05,2026-07-13T08:00,2026-07-13T15:14,,,,RISK_ONLY_NO_DATED_DOWNTIME,False,False,False,HIGH,MAINTENANCE_RISK_REVIEW,False,Maintenance risk is review-only without dated downtime; no horizon-wide production block applied.,True,True
PHASE4-MPS-20260721170405,ALT-COMBINED,M-FINAL-STAND-001,WS-FINAL-ASM,,SEG-ALT-COMBINED-PSC-SKU-BIKE-ROAD-001-20260629-ROAD-OP-040-06,2026-07-14T08:00,2026-07-14T15:14,,,,RISK_ONLY_NO_DATED_DOWNTIME,False,False,False,HIGH,MAINTENANCE_RISK_REVIEW,False,Maintenance risk is review-only without dated downtime; no horizon-wide production block applied.,True,True
PHASE4-MPS-20260721170405,ALT-COMBINED,M-FINAL-STAND-001,WS-FINAL-ASM,,SEG-ALT-COMBINED-PSC-SKU-BIKE-ROAD-001-20260629-ROAD-OP-040-07,2026-07-15T08:00,2026-07-15T09:14,,,,RISK_ONLY_NO_DATED_DOWNTIME,False,False,False,HIGH,MAINTENANCE_RISK_REVIEW,False,Maintenance risk is review-only without dated downtime; no horizon-wide production block applied.,True,True
PHASE4-MPS-20260721170405,ALT-COMBINED,M-QC-TOOLS-001,WS-QC,,SEG-ALT-COMBINED-PSC-SKU-BIKE-ROAD-001-20260629-ROAD-OP-050-01,2026-07-15T09:14,2026-07-15T15:14,,,,RISK_ONLY_NO_DATED_DOWNTIME,False,False,False,HIGH,MAINTENANCE_RISK_REVIEW,False,Maintenance risk is review-only without dated downtime; no horizon-wide production block applied.,True,True
PHASE4-MPS-20260721170405,ALT-COMBINED,M-QC-TOOLS-001,WS-QC,,SEG-ALT-COMBINED-PSC-SKU-BIKE-ROAD-001-20260629-ROAD-OP-050-02,2026-07-16T08:00,2026-07-16T14:21,,,,RISK_ONLY_NO_DATED_DOWNTIME,False,False,False,HIGH,MAINTENANCE_RISK_REVIEW,False,Maintenance risk is review-only without dated downtime; no horizon-wide production block applied.,True,True
PHASE4-MPS-20260721170405,ALT-COMBINED,M-PACK-BENCH-001,WS-PACK,,SEG-ALT-COMBINED-PSC-SKU-BIKE-ROAD-001-20260629-ROAD-OP-060-01,2026-07-16T14:21,2026-07-16T15:14,,,,RISK_ONLY_NO_DATED_DOWNTIME,False,False,False,HIGH,MAINTENANCE_RISK_REVIEW,False,Maintenance risk is review-only without dated downtime; no horizon-wide production block applied.,True,True
PHASE4-MPS-20260721170405,ALT-COMBINED,M-PACK-BENCH-001,WS-PACK,,SEG-ALT-COMBINED-PSC-SKU-BIKE-ROAD-001-20260629-ROAD-OP-060-02,2026-07-17T08:00,2026-07-17T15:14,,,,RISK_ONLY_NO_DATED_DOWNTIME,False,False,False,HIGH,MAINTENANCE_RISK_REVIEW,False,Maintenance risk is review-only without dated downtime; no horizon-wide production block applied.,True,True
PHASE4-MPS-20260721170405,ALT-COMBINED,M-PACK-BENCH-001,WS-PACK,,SEG-ALT-COMBINED-PSC-SKU-BIKE-ROAD-001-20260629-ROAD-OP-060-03,2026-07-20T08:00,2026-07-20T13:26,,,,RISK_ONLY_NO_DATED_DOWNTIME,False,False,False,HIGH,MAINTENANCE_RISK_REVIEW,False,Maintenance risk is review-only without dated downtime; no horizon-wide production block applied.,True,True
PHASE4-MPS-20260721170405,ALT-COMBINED,M-FRAME-JIG-001,WS-FRAME-PREP,,SEG-ALT-COMBINED-PSC-SKU-BIKE-ROAD-001-20260706-ROAD-OP-010-01,2026-07-06T08:00,2026-07-06T15:14,,,,RISK_ONLY_NO_DATED_DOWNTIME,False,False,False,HIGH,MAINTENANCE_RISK_REVIEW,False,Maintenance risk is review-only without dated downtime; no horizon-wide production block applied.,True,True
PHASE4-MPS-20260721170405,ALT-COMBINED,M-FRAME-JIG-001,WS-FRAME-PREP,,SEG-ALT-COMBINED-PSC-SKU-BIKE-ROAD-001-20260706-ROAD-OP-010-02,2026-07-07T08:00,2026-07-07T10:48,,,,RISK_ONLY_NO_DATED_DOWNTIME,False,False,False,HIGH,MAINTENANCE_RISK_REVIEW,False,Maintenance risk is review-only without dated downtime; no horizon-wide production block applied.,True,True
PHASE4-MPS-20260721170405,ALT-COMBINED,M-WHEEL-TRUE-001,WS-WHEEL-SUB,,SEG-ALT-COMBINED-PSC-SKU-BIKE-ROAD-001-20260706-ROAD-OP-020-01,2026-07-07T10:48,2026-07-07T15:14,,,,RISK_ONLY_NO_DATED_DOWNTIME,False,False,False,HIGH,MAINTENANCE_RISK_REVIEW,False,Maintenance risk is review-only without dated downtime; no horizon-wide production block applied.,True,True
PHASE4-MPS-20260721170405,ALT-COMBINED,M-WHEEL-TRUE-001,WS-WHEEL-SUB,,SEG-ALT-COMBINED-PSC-SKU-BIKE-ROAD-001-20260706-ROAD-OP-020-02,2026-07-08T08:00,2026-07-08T15:15,,,,RISK_ONLY_NO_DATED_DOWNTIME,False,False,False,HIGH,MAINTENANCE_RISK_REVIEW,False,Maintenance risk is review-only without dated downtime; no horizon-wide production block applied.,True,True
PHASE4-MPS-20260721170405,ALT-COMBINED,M-WHEEL-TRUE-001,WS-WHEEL-SUB,,SEG-ALT-COMBINED-PSC-SKU-BIKE-ROAD-001-20260706-ROAD-OP-020-03,2026-07-09T08:00,2026-07-09T08:58,,,,RISK_ONLY_NO_DATED_DOWNTIME,False,False,False,HIGH,MAINTENANCE_RISK_REVIEW,False,Maintenance risk is review-only without dated downtime; no horizon-wide production block applied.,True,True
PHASE4-MPS-20260721170405,ALT-COMBINED,M-BRAKE-BENCH-001,WS-BRAKE-SUB,,SEG-ALT-COMBINED-PSC-SKU-BIKE-ROAD-001-20260706-ROAD-OP-030-01,2026-07-07T10:48,2026-07-07T15:14,,,,RISK_ONLY_NO_DATED_DOWNTIME,False,False,False,HIGH,MAINTENANCE_RISK_REVIEW,False,Maintenance risk is review-only without dated downtime; no horizon-wide production block applied.,True,True
PHASE4-MPS-20260721170405,ALT-COMBINED,M-BRAKE-BENCH-001,WS-BRAKE-SUB,,SEG-ALT-COMBINED-PSC-SKU-BIKE-ROAD-001-20260706-ROAD-OP-030-02,2026-07-08T08:00,2026-07-08T12:49,,,,RISK_ONLY_NO_DATED_DOWNTIME,False,False,False,HIGH,MAINTENANCE_RISK_REVIEW,False,Maintenance risk is review-only without dated downtime; no horizon-wide production block applied.,True,True
PHASE4-MPS-20260721170405,ALT-COMBINED,M-FINAL-STAND-001,WS-FINAL-ASM,,SEG-ALT-COMBINED-PSC-SKU-BIKE-ROAD-001-20260706-ROAD-OP-040-01,2026-07-15T09:14,2026-07-15T15:14,,,,RISK_ONLY_NO_DATED_DOWNTIME,False,False,False,HIGH,MAINTENANCE_RISK_REVIEW,False,Maintenance risk is review-only without dated downtime; no horizon-wide production block applied.,True,True
PHASE4-MPS-20260721170405,ALT-COMBINED,M-FINAL-STAND-001,WS-FINAL-ASM,,SEG-ALT-COMBINED-PSC-SKU-BIKE-ROAD-001-20260706-ROAD-OP-040-02,2026-07-16T08:00,2026-07-16T15:15,,,,RISK_ONLY_NO_DATED_DOWNTIME,False,False,False,HIGH,MAINTENANCE_RISK_REVIEW,False,Maintenance risk is review-only without dated downtime; no horizon-wide production block applied.,True,True
PHASE4-MPS-20260721170405,ALT-COMBINED,M-FINAL-STAND-001,WS-FINAL-ASM,,SEG-ALT-COMBINED-PSC-SKU-BIKE-ROAD-001-20260706-ROAD-OP-040-03,2026-07-17T08:00,2026-07-17T15:15,,,,RISK_ONLY_NO_DATED_DOWNTIME,False,False,False,HIGH,MAINTENANCE_RISK_REVIEW,False,Maintenance risk is review-only without dated downtime; no horizon-wide production block applied.,True,True
PHASE4-MPS-20260721170405,ALT-COMBINED,M-FINAL-STAND-001,WS-FINAL-ASM,,SEG-ALT-COMBINED-PSC-SKU-BIKE-ROAD-001-20260706-ROAD-OP-040-04,2026-07-20T08:00,2026-07-20T15:15,,,,RISK_ONLY_NO_DATED_DOWNTIME,False,False,False,HIGH,MAINTENANCE_RISK_REVIEW,False,Maintenance risk is review-only without dated downtime; no horizon-wide production block applied.,True,True
PHASE4-MPS-20260721170405,ALT-COMBINED,M-FINAL-STAND-001,WS-FINAL-ASM,,SEG-ALT-COMBINED-PSC-SKU-BIKE-ROAD-001-20260706-ROAD-OP-040-05,2026-07-21T08:00,2026-07-21T14:56,,,,RISK_ONLY_NO_DATED_DOWNTIME,False,False,False,HIGH,MAINTENANCE_RISK_REVIEW,False,Maintenance risk is review-only without dated downtime; no horizon-wide production block applied.,True,True
PHASE4-MPS-20260721170405,ALT-COMBINED,M-QC-TOOLS-001,WS-QC,,SEG-ALT-COMBINED-PSC-SKU-BIKE-ROAD-001-20260706-ROAD-OP-050-01,2026-07-21T14:56,2026-07-21T15:14,,,,RISK_ONLY_NO_DATED_DOWNTIME,False,False,False,HIGH,MAINTENANCE_RISK_REVIEW,False,Maintenance risk is review-only without dated downtime; no horizon-wide production block applied.,True,True
PHASE4-MPS-20260721170405,ALT-COMBINED,M-QC-TOOLS-001,WS-QC,,SEG-ALT-COMBINED-PSC-SKU-BIKE-ROAD-001-20260706-ROAD-OP-050-02,2026-07-22T08:00,2026-07-22T15:14,,,,RISK_ONLY_NO_DATED_DOWNTIME,False,False,False,HIGH,MAINTENANCE_RISK_REVIEW,False,Maintenance risk is review-only without dated downtime; no horizon-wide production block applied.,True,True
PHASE4-MPS-20260721170405,ALT-COMBINED,M-QC-TOOLS-001,WS-QC,,SEG-ALT-COMBINED-PSC-SKU-BIKE-ROAD-001-20260706-ROAD-OP-050-03,2026-07-23T08:00,2026-07-23T15:14,,,,RISK_ONLY_NO_DATED_DOWNTIME,False,False,False,HIGH,MAINTENANCE_RISK_REVIEW,False,Maintenance risk is review-only without dated downtime; no horizon-wide production block applied.,True,True
PHASE4-MPS-20260721170405,ALT-COMBINED,M-QC-TOOLS-001,WS-QC,,SEG-ALT-COMBINED-PSC-SKU-BIKE-ROAD-001-20260706-ROAD-OP-050-04,2026-07-24T08:00,2026-07-24T09:54,,,,RISK_ONLY_NO_DATED_DOWNTIME,False,False,False,HIGH,MAINTENANCE_RISK_REVIEW,False,Maintenance risk is review-only without dated downtime; no horizon-wide production block applied.,True,True
PHASE4-MPS-20260721170405,ALT-COMBINED,M-PACK-BENCH-001,WS-PACK,,SEG-ALT-COMBINED-PSC-SKU-BIKE-ROAD-001-20260706-ROAD-OP-060-01,2026-07-24T09:54,2026-07-24T15:14,,,,RISK_ONLY_NO_DATED_DOWNTIME,False,False,False,HIGH,MAINTENANCE_RISK_REVIEW,False,Maintenance risk is review-only without dated downtime; no horizon-wide production block applied.,True,True
PHASE4-MPS-20260721170405,ALT-COMBINED,M-PACK-BENCH-001,WS-PACK,,SEG-ALT-COMBINED-PSC-SKU-BIKE-ROAD-001-20260706-ROAD-OP-060-02,2026-07-27T08:00,2026-07-27T15:14,,,,RISK_ONLY_NO_DATED_DOWNTIME,False,False,False,HIGH,MAINTENANCE_RISK_REVIEW,False,Maintenance risk is review-only without dated downtime; no horizon-wide production block applied.,True,True
PHASE4-MPS-20260721170405,ALT-COMBINED,M-PACK-BENCH-001,WS-PACK,,SEG-ALT-COMBINED-PSC-SKU-BIKE-ROAD-001-20260706-ROAD-OP-060-03,2026-07-28T08:00,2026-07-28T10:29,,,,RISK_ONLY_NO_DATED_DOWNTIME,False,False,False,HIGH,MAINTENANCE_RISK_REVIEW,False,Maintenance risk is review-only without dated downtime; no horizon-wide production block applied.,True,True
PHASE4-MPS-20260721170405,ALT-COMBINED,M-FINAL-STAND-001,WS-FINAL-ASM,,SEG-ALT-COMBINED-PSC-SKU-BIKE-ROAD-001-20260713-ROAD-OP-040-01,2026-07-21T14:56,2026-07-21T15:14,,,,RISK_ONLY_NO_DATED_DOWNTIME,False,False,False,HIGH,MAINTENANCE_RISK_REVIEW,False,Maintenance risk is review-only without dated downtime; no horizon-wide production block applied.,True,True
PHASE4-MPS-20260721170405,ALT-COMBINED,M-FINAL-STAND-001,WS-FINAL-ASM,,SEG-ALT-COMBINED-PSC-SKU-BIKE-ROAD-001-20260713-ROAD-OP-040-02,2026-07-22T08:00,2026-07-22T10:33,,,,RISK_ONLY_NO_DATED_DOWNTIME,False,False,False,HIGH,MAINTENANCE_RISK_REVIEW,False,Maintenance risk is review-only without dated downtime; no horizon-wide production block applied.,True,True
PHASE4-MPS-20260721170405,ALT-COMBINED,M-QC-TOOLS-001,WS-QC,,SEG-ALT-COMBINED-PSC-SKU-BIKE-ROAD-001-20260713-ROAD-OP-050-01,2026-07-24T09:54,2026-07-24T12:55,,,,RISK_ONLY_NO_DATED_DOWNTIME,False,False,False,HIGH,MAINTENANCE_RISK_REVIEW,False,Maintenance risk is review-only without dated downtime; no horizon-wide production block applied.,True,True
PHASE4-MPS-20260721170405,ALT-COMBINED,M-PACK-BENCH-001,WS-PACK,,SEG-ALT-COMBINED-PSC-SKU-BIKE-ROAD-001-20260713-ROAD-OP-060-01,2026-07-28T10:29,2026-07-28T12:56,,,,RISK_ONLY_NO_DATED_DOWNTIME,False,False,False,HIGH,MAINTENANCE_RISK_REVIEW,False,Maintenance risk is review-only without dated downtime; no horizon-wide production block applied.,True,True
