planning_run_id,alternative_id,shadow_wip_event_id,event_sequence,event_datetime,lot_id,lot_availability_datetime,lot_selection_method,lot_beginning_qty,lot_drawn_qty,lot_ending_qty,shelf_life_controlled_flag,shelf_life_hours,expiration_datetime,schedule_candidate_id,operation_segment_id,finished_sku,wip_item_id,wip_buffer_id,producer_operation_id,consumer_operation_id,shadow_event_type,shadow_beginning_qty,advisory_produced_qty,advisory_drawn_qty,advisory_blocked_qty,shadow_ending_qty,buffer_max_qty,buffer_overflow_qty,shadow_balance_status,note_no_actual_wip_consumption_flag,advisory_only_flag
PHASE4-MPS-20260721170405,ALT-BASELINE,SWIP-ALT-BASELINE-00001,1,2026-06-29T08:00,LOT-START-WIP-MT-BRAKE-SET-READY-BUF-MT-BRAKE,2026-06-29T08:00,,0.0,0.0,39.0,False,,,,,,WIP-MT-BRAKE-SET-READY,BUF-MT-BRAKE,,,STARTING_ACCEPTED_WIP,0.0,39.0,0.0,0.0,39.0,120.0,0.0,BALANCED,True,True
PHASE4-MPS-20260721170405,ALT-BASELINE,SWIP-ALT-BASELINE-00002,2,2026-06-29T08:00,LOT-START-WIP-MT-QC-PASSED-BUF-MT-QC,2026-06-29T08:00,,0.0,0.0,18.0,False,,,,,,WIP-MT-QC-PASSED,BUF-MT-QC,,,STARTING_ACCEPTED_WIP,0.0,18.0,0.0,0.0,18.0,60.0,0.0,BALANCED,True,True
PHASE4-MPS-20260721170405,ALT-BASELINE,SWIP-ALT-BASELINE-00003,3,2026-06-29T08:00,LOT-START-WIP-MT-WHEEL-SET-READY-BUF-MT-WHEEL,2026-06-29T08:00,,0.0,0.0,45.0,False,,,,,,WIP-MT-WHEEL-SET-READY,BUF-MT-WHEEL,,,STARTING_ACCEPTED_WIP,0.0,45.0,0.0,0.0,45.0,120.0,0.0,BALANCED,True,True
PHASE4-MPS-20260721170405,ALT-BASELINE,SWIP-ALT-BASELINE-00004,4,2026-06-29T08:00,LOT-START-WIP-ROAD-BRAKE-SET-READY-BUF-ROAD-BRAKE,2026-06-29T08:00,,0.0,0.0,38.0,False,,,,,,WIP-ROAD-BRAKE-SET-READY,BUF-ROAD-BRAKE,,,STARTING_ACCEPTED_WIP,0.0,38.0,0.0,0.0,38.0,120.0,0.0,BALANCED,True,True
PHASE4-MPS-20260721170405,ALT-BASELINE,SWIP-ALT-BASELINE-00005,5,2026-06-29T08:00,LOT-START-WIP-ROAD-QC-PASSED-BUF-ROAD-QC,2026-06-29T08:00,,0.0,0.0,20.0,False,,,,,,WIP-ROAD-QC-PASSED,BUF-ROAD-QC,,,STARTING_ACCEPTED_WIP,0.0,20.0,0.0,0.0,20.0,60.0,0.0,BALANCED,True,True
PHASE4-MPS-20260721170405,ALT-BASELINE,SWIP-ALT-BASELINE-00006,6,2026-06-29T08:00,LOT-START-WIP-ROAD-WHEEL-SET-READY-BUF-ROAD-WHEEL,2026-06-29T08:00,,0.0,0.0,40.0,False,,,,,,WIP-ROAD-WHEEL-SET-READY,BUF-ROAD-WHEEL,,,STARTING_ACCEPTED_WIP,0.0,40.0,0.0,0.0,40.0,120.0,0.0,BALANCED,True,True
PHASE4-MPS-20260721170405,ALT-BASELINE,SWIP-ALT-BASELINE-00007,7,2026-07-01T12:37,LOT-ALT-BASELINE-PSC-SKU-BIKE-MT-001-20260629-MT-OP-010-WIP-MT-FRAME-TO-FORK,2026-07-01T12:37,,0.0,0.0,41.9815,False,,,PSC-SKU-BIKE-MT-001-20260629,,SKU-BIKE-MT-001,WIP-MT-FRAME-TO-FORK,BUF-MT-FRAME-FORK,MT-OP-010,MT-OP-020,ADVISORY_PRODUCTION_TO_BUFFER,0.0,41.9815,0.0,0.0,41.9815,80.0,0.0,BALANCED,True,True
PHASE4-MPS-20260721170405,ALT-BASELINE,SWIP-ALT-BASELINE-00008,8,2026-07-01T12:37,LOT-ALT-BASELINE-PSC-SKU-BIKE-MT-001-20260629-MT-OP-010-WIP-MT-FRAME-TO-WHEEL,2026-07-01T12:37,,0.0,0.0,41.9815,False,,,PSC-SKU-BIKE-MT-001-20260629,,SKU-BIKE-MT-001,WIP-MT-FRAME-TO-WHEEL,BUF-MT-FRAME-WHEEL,MT-OP-010,MT-OP-030,ADVISORY_PRODUCTION_TO_BUFFER,0.0,41.9815,0.0,0.0,41.9815,80.0,0.0,BALANCED,True,True
PHASE4-MPS-20260721170405,ALT-BASELINE,SWIP-ALT-BASELINE-00009,9,2026-07-01T12:37,LOT-ALT-BASELINE-PSC-SKU-BIKE-MT-001-20260629-MT-OP-010-WIP-MT-FRAME-TO-BRAKE,2026-07-01T12:37,,0.0,0.0,41.9815,False,,,PSC-SKU-BIKE-MT-001-20260629,,SKU-BIKE-MT-001,WIP-MT-FRAME-TO-BRAKE,BUF-MT-FRAME-BRAKE,MT-OP-010,MT-OP-040,ADVISORY_PRODUCTION_TO_BUFFER,0.0,41.9815,0.0,0.0,41.9815,80.0,0.0,BALANCED,True,True
PHASE4-MPS-20260721170405,ALT-BASELINE,SWIP-ALT-BASELINE-00010,10,2026-07-01T12:37,LOT-ALT-BASELINE-PSC-SKU-BIKE-MT-001-20260629-MT-OP-010-WIP-MT-FRAME-TO-FORK,2026-07-01T12:37,FIFO,41.9815,41.9815,0.0,False,,,PSC-SKU-BIKE-MT-001-20260629,,SKU-BIKE-MT-001,WIP-MT-FRAME-TO-FORK,BUF-MT-FRAME-FORK,MT-OP-010,MT-OP-020,ADVISORY_DRAW_FOR_OPERATION,41.9815,0.0,41.9815,0.0,0.0,80.0,0.0,BALANCED,True,True
PHASE4-MPS-20260721170405,ALT-BASELINE,SWIP-ALT-BASELINE-00011,11,2026-07-01T12:37,LOT-ALT-BASELINE-PSC-SKU-BIKE-MT-001-20260629-MT-OP-010-WIP-MT-FRAME-TO-WHEEL,2026-07-01T12:37,FIFO,41.9815,41.9815,0.0,False,,,PSC-SKU-BIKE-MT-001-20260629,,SKU-BIKE-MT-001,WIP-MT-FRAME-TO-WHEEL,BUF-MT-FRAME-WHEEL,MT-OP-010,MT-OP-030,ADVISORY_DRAW_FOR_OPERATION,41.9815,0.0,41.9815,0.0,0.0,80.0,0.0,BALANCED,True,True
PHASE4-MPS-20260721170405,ALT-BASELINE,SWIP-ALT-BASELINE-00012,12,2026-07-01T12:37,LOT-ALT-BASELINE-PSC-SKU-BIKE-MT-001-20260629-MT-OP-010-WIP-MT-FRAME-TO-BRAKE,2026-07-01T12:37,FIFO,41.9815,41.9815,0.0,False,,,PSC-SKU-BIKE-MT-001-20260629,,SKU-BIKE-MT-001,WIP-MT-FRAME-TO-BRAKE,BUF-MT-FRAME-BRAKE,MT-OP-010,MT-OP-040,ADVISORY_DRAW_FOR_OPERATION,41.9815,0.0,41.9815,0.0,0.0,80.0,0.0,BALANCED,True,True
PHASE4-MPS-20260721170405,ALT-BASELINE,SWIP-ALT-BASELINE-00013,13,2026-07-01T14:41,LOT-ALT-BASELINE-PSC-SKU-BIKE-ROAD-001-20260629-ROAD-OP-010-WIP-ROAD-FRAME-TO-WHEEL,2026-07-01T14:41,,0.0,0.0,53.9995,False,,,PSC-SKU-BIKE-ROAD-001-20260629,,SKU-BIKE-ROAD-001,WIP-ROAD-FRAME-TO-WHEEL,BUF-ROAD-FRAME-WHEEL,ROAD-OP-010,ROAD-OP-020,ADVISORY_PRODUCTION_TO_BUFFER,0.0,53.9995,0.0,0.0,53.9995,80.0,0.0,BALANCED,True,True
PHASE4-MPS-20260721170405,ALT-BASELINE,SWIP-ALT-BASELINE-00014,14,2026-07-01T14:41,LOT-ALT-BASELINE-PSC-SKU-BIKE-ROAD-001-20260629-ROAD-OP-010-WIP-ROAD-FRAME-TO-BRAKE,2026-07-01T14:41,,0.0,0.0,53.9995,False,,,PSC-SKU-BIKE-ROAD-001-20260629,,SKU-BIKE-ROAD-001,WIP-ROAD-FRAME-TO-BRAKE,BUF-ROAD-FRAME-BRAKE,ROAD-OP-010,ROAD-OP-030,ADVISORY_PRODUCTION_TO_BUFFER,0.0,53.9995,0.0,0.0,53.9995,80.0,0.0,BALANCED,True,True
PHASE4-MPS-20260721170405,ALT-BASELINE,SWIP-ALT-BASELINE-00015,15,2026-07-01T14:41,LOT-ALT-BASELINE-PSC-SKU-BIKE-ROAD-001-20260629-ROAD-OP-010-WIP-ROAD-FRAME-TO-WHEEL,2026-07-01T14:41,FIFO,53.9995,53.9995,0.0,False,,,PSC-SKU-BIKE-ROAD-001-20260629,,SKU-BIKE-ROAD-001,WIP-ROAD-FRAME-TO-WHEEL,BUF-ROAD-FRAME-WHEEL,ROAD-OP-010,ROAD-OP-020,ADVISORY_DRAW_FOR_OPERATION,53.9995,0.0,53.9995,0.0,0.0,80.0,0.0,BALANCED,True,True
PHASE4-MPS-20260721170405,ALT-BASELINE,SWIP-ALT-BASELINE-00016,16,2026-07-01T14:41,LOT-ALT-BASELINE-PSC-SKU-BIKE-ROAD-001-20260629-ROAD-OP-010-WIP-ROAD-FRAME-TO-BRAKE,2026-07-01T14:41,FIFO,53.9995,53.9995,0.0,False,,,PSC-SKU-BIKE-ROAD-001-20260629,,SKU-BIKE-ROAD-001,WIP-ROAD-FRAME-TO-BRAKE,BUF-ROAD-FRAME-BRAKE,ROAD-OP-010,ROAD-OP-030,ADVISORY_DRAW_FOR_OPERATION,53.9995,0.0,53.9995,0.0,0.0,80.0,0.0,BALANCED,True,True
PHASE4-MPS-20260721170405,ALT-BASELINE,SWIP-ALT-BASELINE-00017,17,2026-07-06T08:42,LOT-ALT-BASELINE-PSC-SKU-BIKE-MT-001-20260629-MT-OP-040-WIP-MT-BRAKE-SET-READY,2026-07-06T08:42,,0.0,0.0,41.9815,False,,,PSC-SKU-BIKE-MT-001-20260629,,SKU-BIKE-MT-001,WIP-MT-BRAKE-SET-READY,BUF-MT-BRAKE,MT-OP-040,MT-OP-050,ADVISORY_PRODUCTION_TO_BUFFER,39.0,41.9815,0.0,0.0,80.9815,120.0,0.0,BALANCED,True,True
PHASE4-MPS-20260721170405,ALT-BASELINE,SWIP-ALT-BASELINE-00018,18,2026-07-06T12:24,LOT-ALT-BASELINE-PSC-SKU-BIKE-ROAD-001-20260629-ROAD-OP-030-WIP-ROAD-BRAKE-SET-READY,2026-07-06T12:24,,0.0,0.0,53.9995,False,,,PSC-SKU-BIKE-ROAD-001-20260629,,SKU-BIKE-ROAD-001,WIP-ROAD-BRAKE-SET-READY,BUF-ROAD-BRAKE,ROAD-OP-030,ROAD-OP-040,ADVISORY_PRODUCTION_TO_BUFFER,38.0,53.9995,0.0,0.0,91.9995,120.0,0.0,BALANCED,True,True
PHASE4-MPS-20260721170405,ALT-BASELINE,SWIP-ALT-BASELINE-00019,19,2026-07-06T14:21,LOT-ALT-BASELINE-PSC-SKU-BIKE-MT-001-20260629-MT-OP-020-WIP-MT-FORK-READY,2026-07-06T14:21,,0.0,0.0,41.9815,False,,,PSC-SKU-BIKE-MT-001-20260629,,SKU-BIKE-MT-001,WIP-MT-FORK-READY,BUF-MT-FORK,MT-OP-020,MT-OP-050,ADVISORY_PRODUCTION_TO_BUFFER,0.0,41.9815,0.0,0.0,41.9815,120.0,0.0,BALANCED,True,True
PHASE4-MPS-20260721170405,ALT-BASELINE,SWIP-ALT-BASELINE-00020,20,2026-07-06T14:21,LOT-ALT-BASELINE-PSC-SKU-BIKE-MT-001-20260629-MT-OP-020-WIP-MT-FORK-READY,2026-07-06T14:21,FIFO,41.9815,41.9815,0.0,False,,,PSC-SKU-BIKE-MT-001-20260629,,SKU-BIKE-MT-001,WIP-MT-FORK-READY,BUF-MT-FORK,MT-OP-020,MT-OP-050,ADVISORY_DRAW_FOR_OPERATION,41.9815,0.0,41.9815,0.0,0.0,120.0,0.0,BALANCED,True,True
PHASE4-MPS-20260721170405,ALT-BASELINE,SWIP-ALT-BASELINE-00021,21,2026-07-06T14:21,LOT-START-WIP-MT-WHEEL-SET-READY-BUF-MT-WHEEL,2026-06-29T08:00,FIFO,45.0,41.9815,3.0185,False,,,PSC-SKU-BIKE-MT-001-20260629,,SKU-BIKE-MT-001,WIP-MT-WHEEL-SET-READY,BUF-MT-WHEEL,MT-OP-030,MT-OP-050,ADVISORY_DRAW_FOR_OPERATION,45.0,0.0,41.9815,0.0,3.0185,120.0,0.0,BALANCED,True,True
PHASE4-MPS-20260721170405,ALT-BASELINE,SWIP-ALT-BASELINE-00022,22,2026-07-06T14:21,LOT-START-WIP-MT-BRAKE-SET-READY-BUF-MT-BRAKE,2026-06-29T08:00,FIFO,39.0,39.0,0.0,False,,,PSC-SKU-BIKE-MT-001-20260629,,SKU-BIKE-MT-001,WIP-MT-BRAKE-SET-READY,BUF-MT-BRAKE,MT-OP-040,MT-OP-050,ADVISORY_DRAW_FOR_OPERATION,80.9815,0.0,39.0,0.0,41.9815,120.0,0.0,BALANCED,True,True
PHASE4-MPS-20260721170405,ALT-BASELINE,SWIP-ALT-BASELINE-00023,23,2026-07-06T14:21,LOT-ALT-BASELINE-PSC-SKU-BIKE-MT-001-20260629-MT-OP-040-WIP-MT-BRAKE-SET-READY,2026-07-06T08:42,FIFO,41.9815,2.9815,39.0,False,,,PSC-SKU-BIKE-MT-001-20260629,,SKU-BIKE-MT-001,WIP-MT-BRAKE-SET-READY,BUF-MT-BRAKE,MT-OP-040,MT-OP-050,ADVISORY_DRAW_FOR_OPERATION,41.9815,0.0,2.9815,0.0,39.0,120.0,0.0,BALANCED,True,True
PHASE4-MPS-20260721170405,ALT-BASELINE,SWIP-ALT-BASELINE-00024,24,2026-07-06T14:26,LOT-ALT-BASELINE-PSC-SKU-BIKE-MT-001-20260629-MT-OP-030-WIP-MT-WHEEL-SET-READY,2026-07-06T14:26,,0.0,0.0,41.9815,False,,,PSC-SKU-BIKE-MT-001-20260629,,SKU-BIKE-MT-001,WIP-MT-WHEEL-SET-READY,BUF-MT-WHEEL,MT-OP-030,MT-OP-050,ADVISORY_PRODUCTION_TO_BUFFER,3.0185,41.9815,0.0,0.0,45.0,120.0,0.0,BALANCED,True,True
PHASE4-MPS-20260721170405,ALT-BASELINE,SWIP-ALT-BASELINE-00025,25,2026-07-07T12:09,LOT-ALT-BASELINE-PSC-SKU-BIKE-ROAD-001-20260629-ROAD-OP-020-WIP-ROAD-WHEEL-SET-READY,2026-07-07T12:09,,0.0,0.0,53.9995,False,,,PSC-SKU-BIKE-ROAD-001-20260629,,SKU-BIKE-ROAD-001,WIP-ROAD-WHEEL-SET-READY,BUF-ROAD-WHEEL,ROAD-OP-020,ROAD-OP-040,ADVISORY_PRODUCTION_TO_BUFFER,40.0,53.9995,0.0,0.0,93.9995,120.0,0.0,BALANCED,True,True
PHASE4-MPS-20260721170405,ALT-BASELINE,SWIP-ALT-BASELINE-00026,26,2026-07-10T10:15,LOT-ALT-BASELINE-PSC-SKU-BIKE-ROAD-001-20260706-ROAD-OP-010-WIP-ROAD-FRAME-TO-WHEEL,2026-07-10T10:15,,0.0,0.0,80.0,False,,,PSC-SKU-BIKE-ROAD-001-20260706,,SKU-BIKE-ROAD-001,WIP-ROAD-FRAME-TO-WHEEL,BUF-ROAD-FRAME-WHEEL,ROAD-OP-010,ROAD-OP-020,ADVISORY_PRODUCTION_TO_BUFFER,0.0,80.0,0.0,0.0,80.0,80.0,0.0,BALANCED,True,True
PHASE4-MPS-20260721170405,ALT-BASELINE,SWIP-ALT-BASELINE-00027,27,2026-07-10T10:15,LOT-ALT-BASELINE-PSC-SKU-BIKE-ROAD-001-20260706-ROAD-OP-010-WIP-ROAD-FRAME-TO-BRAKE,2026-07-10T10:15,,0.0,0.0,80.0,False,,,PSC-SKU-BIKE-ROAD-001-20260706,,SKU-BIKE-ROAD-001,WIP-ROAD-FRAME-TO-BRAKE,BUF-ROAD-FRAME-BRAKE,ROAD-OP-010,ROAD-OP-030,ADVISORY_PRODUCTION_TO_BUFFER,0.0,80.0,0.0,0.0,80.0,80.0,0.0,BALANCED,True,True
PHASE4-MPS-20260721170405,ALT-BASELINE,SWIP-ALT-BASELINE-00028,28,2026-07-10T10:15,LOT-ALT-BASELINE-PSC-SKU-BIKE-ROAD-001-20260706-ROAD-OP-010-WIP-ROAD-FRAME-TO-WHEEL,2026-07-10T10:15,FIFO,80.0,80.0,0.0,False,,,PSC-SKU-BIKE-ROAD-001-20260706,,SKU-BIKE-ROAD-001,WIP-ROAD-FRAME-TO-WHEEL,BUF-ROAD-FRAME-WHEEL,ROAD-OP-010,ROAD-OP-020,ADVISORY_DRAW_FOR_OPERATION,80.0,0.0,80.0,0.0,0.0,80.0,0.0,BALANCED,True,True
PHASE4-MPS-20260721170405,ALT-BASELINE,SWIP-ALT-BASELINE-00029,29,2026-07-10T10:15,LOT-ALT-BASELINE-PSC-SKU-BIKE-ROAD-001-20260706-ROAD-OP-010-WIP-ROAD-FRAME-TO-BRAKE,2026-07-10T10:15,FIFO,80.0,80.0,0.0,False,,,PSC-SKU-BIKE-ROAD-001-20260706,,SKU-BIKE-ROAD-001,WIP-ROAD-FRAME-TO-BRAKE,BUF-ROAD-FRAME-BRAKE,ROAD-OP-010,ROAD-OP-030,ADVISORY_DRAW_FOR_OPERATION,80.0,0.0,80.0,0.0,0.0,80.0,0.0,BALANCED,True,True
PHASE4-MPS-20260721170405,ALT-BASELINE,SWIP-ALT-BASELINE-00030,30,2026-07-10T14:22,LOT-ALT-BASELINE-PSC-SKU-BIKE-MT-001-20260706-MT-OP-010-WIP-MT-FRAME-TO-FORK,2026-07-10T14:22,,0.0,0.0,76.9741,False,,,PSC-SKU-BIKE-MT-001-20260706,,SKU-BIKE-MT-001,WIP-MT-FRAME-TO-FORK,BUF-MT-FRAME-FORK,MT-OP-010,MT-OP-020,ADVISORY_PRODUCTION_TO_BUFFER,0.0,76.9741,0.0,0.0,76.9741,80.0,0.0,BALANCED,True,True
PHASE4-MPS-20260721170405,ALT-BASELINE,SWIP-ALT-BASELINE-00031,31,2026-07-10T14:22,LOT-ALT-BASELINE-PSC-SKU-BIKE-MT-001-20260706-MT-OP-010-WIP-MT-FRAME-TO-WHEEL,2026-07-10T14:22,,0.0,0.0,76.9741,False,,,PSC-SKU-BIKE-MT-001-20260706,,SKU-BIKE-MT-001,WIP-MT-FRAME-TO-WHEEL,BUF-MT-FRAME-WHEEL,MT-OP-010,MT-OP-030,ADVISORY_PRODUCTION_TO_BUFFER,0.0,76.9741,0.0,0.0,76.9741,80.0,0.0,BALANCED,True,True
PHASE4-MPS-20260721170405,ALT-BASELINE,SWIP-ALT-BASELINE-00032,32,2026-07-10T14:22,LOT-ALT-BASELINE-PSC-SKU-BIKE-MT-001-20260706-MT-OP-010-WIP-MT-FRAME-TO-BRAKE,2026-07-10T14:22,,0.0,0.0,76.9741,False,,,PSC-SKU-BIKE-MT-001-20260706,,SKU-BIKE-MT-001,WIP-MT-FRAME-TO-BRAKE,BUF-MT-FRAME-BRAKE,MT-OP-010,MT-OP-040,ADVISORY_PRODUCTION_TO_BUFFER,0.0,76.9741,0.0,0.0,76.9741,80.0,0.0,BALANCED,True,True
PHASE4-MPS-20260721170405,ALT-BASELINE,SWIP-ALT-BASELINE-00033,33,2026-07-10T14:22,LOT-ALT-BASELINE-PSC-SKU-BIKE-MT-001-20260706-MT-OP-010-WIP-MT-FRAME-TO-FORK,2026-07-10T14:22,FIFO,76.9741,76.9741,0.0,False,,,PSC-SKU-BIKE-MT-001-20260706,,SKU-BIKE-MT-001,WIP-MT-FRAME-TO-FORK,BUF-MT-FRAME-FORK,MT-OP-010,MT-OP-020,ADVISORY_DRAW_FOR_OPERATION,76.9741,0.0,76.9741,0.0,0.0,80.0,0.0,BALANCED,True,True
PHASE4-MPS-20260721170405,ALT-BASELINE,SWIP-ALT-BASELINE-00034,34,2026-07-10T14:22,LOT-ALT-BASELINE-PSC-SKU-BIKE-MT-001-20260706-MT-OP-010-WIP-MT-FRAME-TO-WHEEL,2026-07-10T14:22,FIFO,76.9741,75.0,1.9741,False,,,PSC-SKU-BIKE-MT-001-20260706,,SKU-BIKE-MT-001,WIP-MT-FRAME-TO-WHEEL,BUF-MT-FRAME-WHEEL,MT-OP-010,MT-OP-030,ADVISORY_DRAW_FOR_OPERATION,76.9741,0.0,75.0,0.0,1.9741,80.0,0.0,BALANCED,True,True
PHASE4-MPS-20260721170405,ALT-BASELINE,SWIP-ALT-BASELINE-00035,35,2026-07-10T14:22,LOT-ALT-BASELINE-PSC-SKU-BIKE-MT-001-20260706-MT-OP-010-WIP-MT-FRAME-TO-BRAKE,2026-07-10T14:22,FIFO,76.9741,76.9741,0.0,False,,,PSC-SKU-BIKE-MT-001-20260706,,SKU-BIKE-MT-001,WIP-MT-FRAME-TO-BRAKE,BUF-MT-FRAME-BRAKE,MT-OP-010,MT-OP-040,ADVISORY_DRAW_FOR_OPERATION,76.9741,0.0,76.9741,0.0,0.0,80.0,0.0,BALANCED,True,True
PHASE4-MPS-20260721170405,ALT-BASELINE,SWIP-ALT-BASELINE-00036,36,2026-07-14T08:59,LOT-ALT-BASELINE-PSC-SKU-BIKE-MT-001-20260629-MT-OP-050-WIP-MT-FINAL-ASSEMBLY-READY,2026-07-14T08:59,,0.0,0.0,41.9815,False,,,PSC-SKU-BIKE-MT-001-20260629,,SKU-BIKE-MT-001,WIP-MT-FINAL-ASSEMBLY-READY,BUF-MT-ASM,MT-OP-050,MT-OP-060,ADVISORY_PRODUCTION_TO_BUFFER,0.0,41.9815,0.0,0.0,41.9815,60.0,0.0,BALANCED,True,True
PHASE4-MPS-20260721170405,ALT-BASELINE,SWIP-ALT-BASELINE-00037,37,2026-07-14T08:59,LOT-ALT-BASELINE-PSC-SKU-BIKE-MT-001-20260629-MT-OP-050-WIP-MT-FINAL-ASSEMBLY-READY,2026-07-14T08:59,FIFO,41.9815,41.9815,0.0,False,,,PSC-SKU-BIKE-MT-001-20260629,,SKU-BIKE-MT-001,WIP-MT-FINAL-ASSEMBLY-READY,BUF-MT-ASM,MT-OP-050,MT-OP-060,ADVISORY_DRAW_FOR_OPERATION,41.9815,0.0,41.9815,0.0,0.0,60.0,0.0,BALANCED,True,True
PHASE4-MPS-20260721170405,ALT-BASELINE,SWIP-ALT-BASELINE-00038,38,2026-07-14T08:59,LOT-START-WIP-ROAD-WHEEL-SET-READY-BUF-ROAD-WHEEL,2026-06-29T08:00,FIFO,40.0,40.0,0.0,False,,,PSC-SKU-BIKE-ROAD-001-20260629,,SKU-BIKE-ROAD-001,WIP-ROAD-WHEEL-SET-READY,BUF-ROAD-WHEEL,ROAD-OP-020,ROAD-OP-040,ADVISORY_DRAW_FOR_OPERATION,93.9995,0.0,40.0,0.0,53.9995,120.0,0.0,BALANCED,True,True
PHASE4-MPS-20260721170405,ALT-BASELINE,SWIP-ALT-BASELINE-00039,39,2026-07-14T08:59,LOT-ALT-BASELINE-PSC-SKU-BIKE-ROAD-001-20260629-ROAD-OP-020-WIP-ROAD-WHEEL-SET-READY,2026-07-07T12:09,FIFO,53.9995,13.9995,40.0,False,,,PSC-SKU-BIKE-ROAD-001-20260629,,SKU-BIKE-ROAD-001,WIP-ROAD-WHEEL-SET-READY,BUF-ROAD-WHEEL,ROAD-OP-020,ROAD-OP-040,ADVISORY_DRAW_FOR_OPERATION,53.9995,0.0,13.9995,0.0,40.0,120.0,0.0,BALANCED,True,True
PHASE4-MPS-20260721170405,ALT-BASELINE,SWIP-ALT-BASELINE-00040,40,2026-07-14T08:59,LOT-START-WIP-ROAD-BRAKE-SET-READY-BUF-ROAD-BRAKE,2026-06-29T08:00,FIFO,38.0,38.0,0.0,False,,,PSC-SKU-BIKE-ROAD-001-20260629,,SKU-BIKE-ROAD-001,WIP-ROAD-BRAKE-SET-READY,BUF-ROAD-BRAKE,ROAD-OP-030,ROAD-OP-040,ADVISORY_DRAW_FOR_OPERATION,91.9995,0.0,38.0,0.0,53.9995,120.0,0.0,BALANCED,True,True
PHASE4-MPS-20260721170405,ALT-BASELINE,SWIP-ALT-BASELINE-00041,41,2026-07-14T08:59,LOT-ALT-BASELINE-PSC-SKU-BIKE-ROAD-001-20260629-ROAD-OP-030-WIP-ROAD-BRAKE-SET-READY,2026-07-06T12:24,FIFO,53.9995,15.9995,38.0,False,,,PSC-SKU-BIKE-ROAD-001-20260629,,SKU-BIKE-ROAD-001,WIP-ROAD-BRAKE-SET-READY,BUF-ROAD-BRAKE,ROAD-OP-030,ROAD-OP-040,ADVISORY_DRAW_FOR_OPERATION,53.9995,0.0,15.9995,0.0,38.0,120.0,0.0,BALANCED,True,True
PHASE4-MPS-20260721170405,ALT-BASELINE,SWIP-ALT-BASELINE-00042,42,2026-07-16T09:59,LOT-ALT-BASELINE-PSC-SKU-BIKE-ROAD-001-20260706-ROAD-OP-030-WIP-ROAD-BRAKE-SET-READY,2026-07-16T09:59,,0.0,0.0,80.0,False,,,PSC-SKU-BIKE-ROAD-001-20260706,,SKU-BIKE-ROAD-001,WIP-ROAD-BRAKE-SET-READY,BUF-ROAD-BRAKE,ROAD-OP-030,ROAD-OP-040,ADVISORY_PRODUCTION_TO_BUFFER,38.0,80.0,0.0,0.0,118.0,120.0,0.0,BALANCED,True,True
PHASE4-MPS-20260721170405,ALT-BASELINE,SWIP-ALT-BASELINE-00043,43,2026-07-16T10:20,LOT-ALT-BASELINE-PSC-SKU-BIKE-MT-001-20260629-MT-OP-060-WIP-MT-QC-PASSED,2026-07-16T10:20,,0.0,0.0,41.9815,False,,,PSC-SKU-BIKE-MT-001-20260629,,SKU-BIKE-MT-001,WIP-MT-QC-PASSED,BUF-MT-QC,MT-OP-060,MT-OP-070,ADVISORY_PRODUCTION_TO_BUFFER,18.0,41.9815,0.0,0.0,59.9815,60.0,0.0,BALANCED,True,True
PHASE4-MPS-20260721170405,ALT-BASELINE,SWIP-ALT-BASELINE-00044,44,2026-07-16T10:20,LOT-START-WIP-MT-QC-PASSED-BUF-MT-QC,2026-06-29T08:00,FIFO,18.0,18.0,0.0,False,,,PSC-SKU-BIKE-MT-001-20260629,,SKU-BIKE-MT-001,WIP-MT-QC-PASSED,BUF-MT-QC,MT-OP-060,MT-OP-070,ADVISORY_DRAW_FOR_OPERATION,59.9815,0.0,18.0,0.0,41.9815,60.0,0.0,BALANCED,True,True
PHASE4-MPS-20260721170405,ALT-BASELINE,SWIP-ALT-BASELINE-00045,45,2026-07-16T10:20,LOT-ALT-BASELINE-PSC-SKU-BIKE-MT-001-20260629-MT-OP-060-WIP-MT-QC-PASSED,2026-07-16T10:20,FIFO,41.9815,23.9815,18.0,False,,,PSC-SKU-BIKE-MT-001-20260629,,SKU-BIKE-MT-001,WIP-MT-QC-PASSED,BUF-MT-QC,MT-OP-060,MT-OP-070,ADVISORY_DRAW_FOR_OPERATION,41.9815,0.0,23.9815,0.0,18.0,60.0,0.0,BALANCED,True,True
PHASE4-MPS-20260721170405,ALT-BASELINE,SWIP-ALT-BASELINE-00046,46,2026-07-17T10:15,LOT-ALT-BASELINE-PSC-SKU-BIKE-ROAD-001-20260713-ROAD-OP-010-WIP-ROAD-FRAME-TO-WHEEL,2026-07-17T10:15,,0.0,0.0,80.0,False,,,PSC-SKU-BIKE-ROAD-001-20260713,,SKU-BIKE-ROAD-001,WIP-ROAD-FRAME-TO-WHEEL,BUF-ROAD-FRAME-WHEEL,ROAD-OP-010,ROAD-OP-020,ADVISORY_PRODUCTION_TO_BUFFER,0.0,80.0,0.0,0.0,80.0,80.0,0.0,BALANCED,True,True
PHASE4-MPS-20260721170405,ALT-BASELINE,SWIP-ALT-BASELINE-00047,47,2026-07-17T10:15,LOT-ALT-BASELINE-PSC-SKU-BIKE-ROAD-001-20260713-ROAD-OP-010-WIP-ROAD-FRAME-TO-BRAKE,2026-07-17T10:15,,0.0,0.0,80.0,False,,,PSC-SKU-BIKE-ROAD-001-20260713,,SKU-BIKE-ROAD-001,WIP-ROAD-FRAME-TO-BRAKE,BUF-ROAD-FRAME-BRAKE,ROAD-OP-010,ROAD-OP-030,ADVISORY_PRODUCTION_TO_BUFFER,0.0,80.0,0.0,0.0,80.0,80.0,0.0,BALANCED,True,True
PHASE4-MPS-20260721170405,ALT-BASELINE,SWIP-ALT-BASELINE-00048,48,2026-07-17T11:00,LOT-ALT-BASELINE-PSC-SKU-BIKE-MT-001-20260706-MT-OP-040-WIP-MT-BRAKE-SET-READY,2026-07-17T11:00,,0.0,0.0,76.9741,False,,,PSC-SKU-BIKE-MT-001-20260706,,SKU-BIKE-MT-001,WIP-MT-BRAKE-SET-READY,BUF-MT-BRAKE,MT-OP-040,MT-OP-050,ADVISORY_PRODUCTION_TO_BUFFER,39.0,76.9741,0.0,0.0,115.9741,120.0,0.0,BALANCED,True,True
PHASE4-MPS-20260721170405,ALT-BASELINE,SWIP-ALT-BASELINE-00049,49,2026-07-17T13:08,LOT-ALT-BASELINE-PSC-SKU-BIKE-ROAD-001-20260706-ROAD-OP-020-WIP-ROAD-WHEEL-SET-READY,2026-07-17T13:08,,0.0,0.0,80.0,False,,,PSC-SKU-BIKE-ROAD-001-20260706,,SKU-BIKE-ROAD-001,WIP-ROAD-WHEEL-SET-READY,BUF-ROAD-WHEEL,ROAD-OP-020,ROAD-OP-040,ADVISORY_PRODUCTION_TO_BUFFER,40.0,80.0,0.0,0.0,120.0,120.0,0.0,BALANCED,True,True
PHASE4-MPS-20260721170405,ALT-BASELINE,SWIP-ALT-BASELINE-00050,50,2026-07-17T14:22,LOT-ALT-BASELINE-PSC-SKU-BIKE-MT-001-20260713-MT-OP-010-WIP-MT-FRAME-TO-FORK,2026-07-17T14:22,,0.0,0.0,76.9741,False,,,PSC-SKU-BIKE-MT-001-20260713,,SKU-BIKE-MT-001,WIP-MT-FRAME-TO-FORK,BUF-MT-FRAME-FORK,MT-OP-010,MT-OP-020,ADVISORY_PRODUCTION_TO_BUFFER,0.0,76.9741,0.0,0.0,76.9741,80.0,0.0,BALANCED,True,True
PHASE4-MPS-20260721170405,ALT-BASELINE,SWIP-ALT-BASELINE-00051,51,2026-07-17T14:22,LOT-ALT-BASELINE-PSC-SKU-BIKE-MT-001-20260713-MT-OP-010-WIP-MT-FRAME-TO-WHEEL,2026-07-17T14:22,,0.0,0.0,76.9741,False,,,PSC-SKU-BIKE-MT-001-20260713,,SKU-BIKE-MT-001,WIP-MT-FRAME-TO-WHEEL,BUF-MT-FRAME-WHEEL,MT-OP-010,MT-OP-030,ADVISORY_PRODUCTION_TO_BUFFER,1.9741,76.9741,0.0,0.0,78.9482,80.0,0.0,BALANCED,True,True
PHASE4-MPS-20260721170405,ALT-BASELINE,SWIP-ALT-BASELINE-00052,52,2026-07-17T14:22,LOT-ALT-BASELINE-PSC-SKU-BIKE-MT-001-20260713-MT-OP-010-WIP-MT-FRAME-TO-BRAKE,2026-07-17T14:22,,0.0,0.0,76.9741,False,,,PSC-SKU-BIKE-MT-001-20260713,,SKU-BIKE-MT-001,WIP-MT-FRAME-TO-BRAKE,BUF-MT-FRAME-BRAKE,MT-OP-010,MT-OP-040,ADVISORY_PRODUCTION_TO_BUFFER,0.0,76.9741,0.0,0.0,76.9741,80.0,0.0,BALANCED,True,True
PHASE4-MPS-20260721170405,ALT-BASELINE,SWIP-ALT-BASELINE-00053,53,2026-07-17T14:22,LOT-ALT-BASELINE-PSC-SKU-BIKE-MT-001-20260713-MT-OP-010-WIP-MT-FRAME-TO-FORK,2026-07-17T14:22,FIFO,76.9741,76.9741,0.0,False,,,PSC-SKU-BIKE-MT-001-20260713,,SKU-BIKE-MT-001,WIP-MT-FRAME-TO-FORK,BUF-MT-FRAME-FORK,MT-OP-010,MT-OP-020,ADVISORY_DRAW_FOR_OPERATION,76.9741,0.0,76.9741,0.0,0.0,80.0,0.0,BALANCED,True,True
PHASE4-MPS-20260721170405,ALT-BASELINE,SWIP-ALT-BASELINE-00054,54,2026-07-17T14:22,LOT-ALT-BASELINE-PSC-SKU-BIKE-MT-001-20260706-MT-OP-010-WIP-MT-FRAME-TO-WHEEL,2026-07-10T14:22,FIFO,1.9741,1.9741,0.0,False,,,PSC-SKU-BIKE-MT-001-20260713,,SKU-BIKE-MT-001,WIP-MT-FRAME-TO-WHEEL,BUF-MT-FRAME-WHEEL,MT-OP-010,MT-OP-030,ADVISORY_DRAW_FOR_OPERATION,78.9482,0.0,1.9741,0.0,76.9741,80.0,0.0,BALANCED,True,True
PHASE4-MPS-20260721170405,ALT-BASELINE,SWIP-ALT-BASELINE-00055,55,2026-07-17T14:22,LOT-ALT-BASELINE-PSC-SKU-BIKE-MT-001-20260713-MT-OP-010-WIP-MT-FRAME-TO-WHEEL,2026-07-17T14:22,FIFO,76.9741,58.0259,18.9482,False,,,PSC-SKU-BIKE-MT-001-20260713,,SKU-BIKE-MT-001,WIP-MT-FRAME-TO-WHEEL,BUF-MT-FRAME-WHEEL,MT-OP-010,MT-OP-030,ADVISORY_DRAW_FOR_OPERATION,76.9741,0.0,58.0259,0.0,18.9482,80.0,0.0,BALANCED,True,True
PHASE4-MPS-20260721170405,ALT-BASELINE,SWIP-ALT-BASELINE-00056,56,2026-07-17T14:22,LOT-ALT-BASELINE-PSC-SKU-BIKE-MT-001-20260713-MT-OP-010-WIP-MT-FRAME-TO-BRAKE,2026-07-17T14:22,FIFO,76.9741,64.0259,12.9482,False,,,PSC-SKU-BIKE-MT-001-20260713,,SKU-BIKE-MT-001,WIP-MT-FRAME-TO-BRAKE,BUF-MT-FRAME-BRAKE,MT-OP-010,MT-OP-040,ADVISORY_DRAW_FOR_OPERATION,76.9741,0.0,64.0259,0.0,12.9482,80.0,0.0,BALANCED,True,True
PHASE4-MPS-20260721170405,ALT-BASELINE,SWIP-ALT-BASELINE-00057,57,2026-07-20T13:08,LOT-ALT-BASELINE-PSC-SKU-BIKE-MT-001-20260706-MT-OP-030-WIP-MT-WHEEL-SET-READY,2026-07-20T13:08,,0.0,0.0,75.0,False,,,PSC-SKU-BIKE-MT-001-20260706,,SKU-BIKE-MT-001,WIP-MT-WHEEL-SET-READY,BUF-MT-WHEEL,MT-OP-030,MT-OP-050,ADVISORY_PRODUCTION_TO_BUFFER,45.0,75.0,0.0,0.0,120.0,120.0,0.0,BALANCED,True,True
PHASE4-MPS-20260721170405,ALT-BASELINE,SWIP-ALT-BASELINE-00058,58,2026-07-20T13:54,LOT-ALT-BASELINE-PSC-SKU-BIKE-MT-001-20260706-MT-OP-020-WIP-MT-FORK-READY,2026-07-20T13:54,,0.0,0.0,76.9741,False,,,PSC-SKU-BIKE-MT-001-20260706,,SKU-BIKE-MT-001,WIP-MT-FORK-READY,BUF-MT-FORK,MT-OP-020,MT-OP-050,ADVISORY_PRODUCTION_TO_BUFFER,0.0,76.9741,0.0,0.0,76.9741,120.0,0.0,BALANCED,True,True
PHASE4-MPS-20260721170405,ALT-BASELINE,SWIP-ALT-BASELINE-00059,59,2026-07-21T13:52,LOT-ALT-BASELINE-PSC-SKU-BIKE-ROAD-001-20260629-ROAD-OP-040-WIP-ROAD-FINAL-ASSEMBLY-READY,2026-07-21T13:52,,0.0,0.0,53.9995,False,,,PSC-SKU-BIKE-ROAD-001-20260629,,SKU-BIKE-ROAD-001,WIP-ROAD-FINAL-ASSEMBLY-READY,BUF-ROAD-ASM,ROAD-OP-040,ROAD-OP-050,ADVISORY_PRODUCTION_TO_BUFFER,0.0,53.9995,0.0,0.0,53.9995,60.0,0.0,BALANCED,True,True
PHASE4-MPS-20260721170405,ALT-BASELINE,SWIP-ALT-BASELINE-00060,60,2026-07-21T13:52,LOT-ALT-BASELINE-PSC-SKU-BIKE-MT-001-20260706-MT-OP-020-WIP-MT-FORK-READY,2026-07-20T13:54,FIFO,76.9741,60.0,16.9741,False,,,PSC-SKU-BIKE-MT-001-20260706,,SKU-BIKE-MT-001,WIP-MT-FORK-READY,BUF-MT-FORK,MT-OP-020,MT-OP-050,ADVISORY_DRAW_FOR_OPERATION,76.9741,0.0,60.0,0.0,16.9741,120.0,0.0,BALANCED,True,True
PHASE4-MPS-20260721170405,ALT-BASELINE,SWIP-ALT-BASELINE-00061,61,2026-07-21T13:52,LOT-START-WIP-MT-WHEEL-SET-READY-BUF-MT-WHEEL,2026-06-29T08:00,FIFO,3.0185,3.0185,0.0,False,,,PSC-SKU-BIKE-MT-001-20260706,,SKU-BIKE-MT-001,WIP-MT-WHEEL-SET-READY,BUF-MT-WHEEL,MT-OP-030,MT-OP-050,ADVISORY_DRAW_FOR_OPERATION,120.0,0.0,3.0185,0.0,116.9815,120.0,0.0,BALANCED,True,True
PHASE4-MPS-20260721170405,ALT-BASELINE,SWIP-ALT-BASELINE-00062,62,2026-07-21T13:52,LOT-ALT-BASELINE-PSC-SKU-BIKE-MT-001-20260629-MT-OP-030-WIP-MT-WHEEL-SET-READY,2026-07-06T14:26,FIFO,41.9815,41.9815,0.0,False,,,PSC-SKU-BIKE-MT-001-20260706,,SKU-BIKE-MT-001,WIP-MT-WHEEL-SET-READY,BUF-MT-WHEEL,MT-OP-030,MT-OP-050,ADVISORY_DRAW_FOR_OPERATION,116.9815,0.0,41.9815,0.0,75.0,120.0,0.0,BALANCED,True,True
PHASE4-MPS-20260721170405,ALT-BASELINE,SWIP-ALT-BASELINE-00063,63,2026-07-21T13:52,LOT-ALT-BASELINE-PSC-SKU-BIKE-MT-001-20260706-MT-OP-030-WIP-MT-WHEEL-SET-READY,2026-07-20T13:08,FIFO,75.0,15.0,60.0,False,,,PSC-SKU-BIKE-MT-001-20260706,,SKU-BIKE-MT-001,WIP-MT-WHEEL-SET-READY,BUF-MT-WHEEL,MT-OP-030,MT-OP-050,ADVISORY_DRAW_FOR_OPERATION,75.0,0.0,15.0,0.0,60.0,120.0,0.0,BALANCED,True,True
PHASE4-MPS-20260721170405,ALT-BASELINE,SWIP-ALT-BASELINE-00064,64,2026-07-21T13:52,LOT-ALT-BASELINE-PSC-SKU-BIKE-MT-001-20260629-MT-OP-040-WIP-MT-BRAKE-SET-READY,2026-07-06T08:42,FIFO,39.0,39.0,0.0,False,,,PSC-SKU-BIKE-MT-001-20260706,,SKU-BIKE-MT-001,WIP-MT-BRAKE-SET-READY,BUF-MT-BRAKE,MT-OP-040,MT-OP-050,ADVISORY_DRAW_FOR_OPERATION,115.9741,0.0,39.0,0.0,76.9741,120.0,0.0,BALANCED,True,True
PHASE4-MPS-20260721170405,ALT-BASELINE,SWIP-ALT-BASELINE-00065,65,2026-07-21T13:52,LOT-ALT-BASELINE-PSC-SKU-BIKE-MT-001-20260706-MT-OP-040-WIP-MT-BRAKE-SET-READY,2026-07-17T11:00,FIFO,76.9741,21.0,55.9741,False,,,PSC-SKU-BIKE-MT-001-20260706,,SKU-BIKE-MT-001,WIP-MT-BRAKE-SET-READY,BUF-MT-BRAKE,MT-OP-040,MT-OP-050,ADVISORY_DRAW_FOR_OPERATION,76.9741,0.0,21.0,0.0,55.9741,120.0,0.0,BALANCED,True,True
PHASE4-MPS-20260721170405,ALT-BASELINE,SWIP-ALT-BASELINE-00066,66,2026-07-21T13:52,LOT-ALT-BASELINE-PSC-SKU-BIKE-ROAD-001-20260629-ROAD-OP-040-WIP-ROAD-FINAL-ASSEMBLY-READY,2026-07-21T13:52,FIFO,53.9995,40.0,13.9995,False,,,PSC-SKU-BIKE-ROAD-001-20260629,,SKU-BIKE-ROAD-001,WIP-ROAD-FINAL-ASSEMBLY-READY,BUF-ROAD-ASM,ROAD-OP-040,ROAD-OP-050,ADVISORY_DRAW_FOR_OPERATION,53.9995,0.0,40.0,0.0,13.9995,60.0,0.0,BALANCED,True,True
PHASE4-MPS-20260721170405,ALT-BASELINE,SWIP-ALT-BASELINE-00067,67,2026-07-23T11:53,LOT-ALT-BASELINE-PSC-SKU-BIKE-ROAD-001-20260629-ROAD-OP-050-WIP-ROAD-QC-PASSED,2026-07-23T11:53,,0.0,0.0,40.0,False,,,PSC-SKU-BIKE-ROAD-001-20260629,,SKU-BIKE-ROAD-001,WIP-ROAD-QC-PASSED,BUF-ROAD-QC,ROAD-OP-050,ROAD-OP-060,ADVISORY_PRODUCTION_TO_BUFFER,20.0,40.0,0.0,0.0,60.0,60.0,0.0,BALANCED,True,True
PHASE4-MPS-20260721170405,ALT-BASELINE,SWIP-ALT-BASELINE-00068,68,2026-07-23T11:53,LOT-START-WIP-ROAD-QC-PASSED-BUF-ROAD-QC,2026-06-29T08:00,FIFO,20.0,20.0,0.0,False,,,PSC-SKU-BIKE-ROAD-001-20260629,,SKU-BIKE-ROAD-001,WIP-ROAD-QC-PASSED,BUF-ROAD-QC,ROAD-OP-050,ROAD-OP-060,ADVISORY_DRAW_FOR_OPERATION,60.0,0.0,20.0,0.0,40.0,60.0,0.0,BALANCED,True,True
PHASE4-MPS-20260721170405,ALT-BASELINE,SWIP-ALT-BASELINE-00069,69,2026-07-23T11:53,LOT-ALT-BASELINE-PSC-SKU-BIKE-ROAD-001-20260629-ROAD-OP-050-WIP-ROAD-QC-PASSED,2026-07-23T11:53,FIFO,40.0,33.9995,6.0005,False,,,PSC-SKU-BIKE-ROAD-001-20260629,,SKU-BIKE-ROAD-001,WIP-ROAD-QC-PASSED,BUF-ROAD-QC,ROAD-OP-050,ROAD-OP-060,ADVISORY_DRAW_FOR_OPERATION,40.0,0.0,33.9995,0.0,6.0005,60.0,0.0,BALANCED,True,True
PHASE4-MPS-20260721170405,ALT-BASELINE,SWIP-ALT-BASELINE-00070,70,2026-07-23T12:45,LOT-ALT-BASELINE-PSC-SKU-BIKE-MT-001-20260713-MT-OP-040-WIP-MT-BRAKE-SET-READY,2026-07-23T12:45,,0.0,0.0,64.0259,False,,,PSC-SKU-BIKE-MT-001-20260713,,SKU-BIKE-MT-001,WIP-MT-BRAKE-SET-READY,BUF-MT-BRAKE,MT-OP-040,MT-OP-050,ADVISORY_PRODUCTION_TO_BUFFER,55.9741,64.0259,0.0,0.0,120.0,120.0,0.0,BALANCED,True,True
PHASE4-MPS-20260721170405,ALT-BASELINE,SWIP-ALT-BASELINE-00071,71,2026-07-23T14:22,LOT-ALT-BASELINE-PSC-SKU-BIKE-MT-001-20260720-MT-OP-010-WIP-MT-FRAME-TO-FORK,2026-07-23T14:22,,0.0,0.0,61.0518,False,,,PSC-SKU-BIKE-MT-001-20260720,,SKU-BIKE-MT-001,WIP-MT-FRAME-TO-FORK,BUF-MT-FRAME-FORK,MT-OP-010,MT-OP-020,ADVISORY_PRODUCTION_TO_BUFFER,0.0,61.0518,0.0,0.0,61.0518,80.0,0.0,BALANCED,True,True
PHASE4-MPS-20260721170405,ALT-BASELINE,SWIP-ALT-BASELINE-00072,72,2026-07-23T14:22,LOT-ALT-BASELINE-PSC-SKU-BIKE-MT-001-20260720-MT-OP-010-WIP-MT-FRAME-TO-WHEEL,2026-07-23T14:22,,0.0,0.0,61.0518,False,,,PSC-SKU-BIKE-MT-001-20260720,,SKU-BIKE-MT-001,WIP-MT-FRAME-TO-WHEEL,BUF-MT-FRAME-WHEEL,MT-OP-010,MT-OP-030,ADVISORY_PRODUCTION_TO_BUFFER,18.9482,61.0518,0.0,0.0,80.0,80.0,0.0,BALANCED,True,True
PHASE4-MPS-20260721170405,ALT-BASELINE,SWIP-ALT-BASELINE-00073,73,2026-07-23T14:22,LOT-ALT-BASELINE-PSC-SKU-BIKE-MT-001-20260720-MT-OP-010-WIP-MT-FRAME-TO-BRAKE,2026-07-23T14:22,,0.0,0.0,61.0518,False,,,PSC-SKU-BIKE-MT-001-20260720,,SKU-BIKE-MT-001,WIP-MT-FRAME-TO-BRAKE,BUF-MT-FRAME-BRAKE,MT-OP-010,MT-OP-040,ADVISORY_PRODUCTION_TO_BUFFER,12.9482,61.0518,0.0,0.0,74.0,80.0,0.0,BALANCED,True,True
PHASE4-MPS-20260721170405,ALT-BASELINE,SWIP-ALT-BASELINE-00074,74,2026-07-24T11:58,LOT-ALT-BASELINE-PSC-SKU-BIKE-MT-001-20260713-MT-OP-030-WIP-MT-WHEEL-SET-READY,2026-07-24T11:58,,0.0,0.0,60.0,False,,,PSC-SKU-BIKE-MT-001-20260713,,SKU-BIKE-MT-001,WIP-MT-WHEEL-SET-READY,BUF-MT-WHEEL,MT-OP-030,MT-OP-050,ADVISORY_PRODUCTION_TO_BUFFER,60.0,60.0,0.0,0.0,120.0,120.0,0.0,BALANCED,True,True
PHASE4-MPS-20260721170405,ALT-BASELINE,SWIP-ALT-BASELINE-00075,75,2026-07-27T13:54,LOT-ALT-BASELINE-PSC-SKU-BIKE-MT-001-20260713-MT-OP-020-WIP-MT-FORK-READY,2026-07-27T13:54,,0.0,0.0,76.9741,False,,,PSC-SKU-BIKE-MT-001-20260713,,SKU-BIKE-MT-001,WIP-MT-FORK-READY,BUF-MT-FORK,MT-OP-020,MT-OP-050,ADVISORY_PRODUCTION_TO_BUFFER,16.9741,76.9741,0.0,0.0,93.9482,120.0,0.0,BALANCED,True,True
PHASE4-MPS-20260721170405,ALT-BASELINE,SWIP-ALT-BASELINE-00076,76,2026-07-31T10:47,LOT-ALT-BASELINE-PSC-SKU-BIKE-MT-001-20260706-MT-OP-050-WIP-MT-FINAL-ASSEMBLY-READY,2026-07-31T10:47,,0.0,0.0,60.0,False,,,PSC-SKU-BIKE-MT-001-20260706,,SKU-BIKE-MT-001,WIP-MT-FINAL-ASSEMBLY-READY,BUF-MT-ASM,MT-OP-050,MT-OP-060,ADVISORY_PRODUCTION_TO_BUFFER,0.0,60.0,0.0,0.0,60.0,60.0,0.0,BALANCED,True,True
PHASE4-MPS-20260721170405,ALT-BASELINE,SWIP-ALT-BASELINE-00077,77,2026-07-31T10:47,LOT-ALT-BASELINE-PSC-SKU-BIKE-MT-001-20260706-MT-OP-050-WIP-MT-FINAL-ASSEMBLY-READY,2026-07-31T10:47,FIFO,60.0,42.0,18.0,False,,,PSC-SKU-BIKE-MT-001-20260706,,SKU-BIKE-MT-001,WIP-MT-FINAL-ASSEMBLY-READY,BUF-MT-ASM,MT-OP-050,MT-OP-060,ADVISORY_DRAW_FOR_OPERATION,60.0,0.0,42.0,0.0,18.0,60.0,0.0,BALANCED,True,True
PHASE4-MPS-20260721170405,ALT-BASELINE,SWIP-ALT-BASELINE-00078,78,2026-07-31T10:47,LOT-ALT-BASELINE-PSC-SKU-BIKE-ROAD-001-20260629-ROAD-OP-020-WIP-ROAD-WHEEL-SET-READY,2026-07-07T12:09,FIFO,40.0,40.0,0.0,False,,,PSC-SKU-BIKE-ROAD-001-20260706,,SKU-BIKE-ROAD-001,WIP-ROAD-WHEEL-SET-READY,BUF-ROAD-WHEEL,ROAD-OP-020,ROAD-OP-040,ADVISORY_DRAW_FOR_OPERATION,120.0,0.0,40.0,0.0,80.0,120.0,0.0,BALANCED,True,True
PHASE4-MPS-20260721170405,ALT-BASELINE,SWIP-ALT-BASELINE-00079,79,2026-07-31T10:47,LOT-ALT-BASELINE-PSC-SKU-BIKE-ROAD-001-20260706-ROAD-OP-020-WIP-ROAD-WHEEL-SET-READY,2026-07-17T13:08,FIFO,80.0,6.0005,73.9995,False,,,PSC-SKU-BIKE-ROAD-001-20260706,,SKU-BIKE-ROAD-001,WIP-ROAD-WHEEL-SET-READY,BUF-ROAD-WHEEL,ROAD-OP-020,ROAD-OP-040,ADVISORY_DRAW_FOR_OPERATION,80.0,0.0,6.0005,0.0,73.9995,120.0,0.0,BALANCED,True,True
PHASE4-MPS-20260721170405,ALT-BASELINE,SWIP-ALT-BASELINE-00080,80,2026-07-31T10:47,LOT-ALT-BASELINE-PSC-SKU-BIKE-ROAD-001-20260629-ROAD-OP-030-WIP-ROAD-BRAKE-SET-READY,2026-07-06T12:24,FIFO,38.0,38.0,0.0,False,,,PSC-SKU-BIKE-ROAD-001-20260706,,SKU-BIKE-ROAD-001,WIP-ROAD-BRAKE-SET-READY,BUF-ROAD-BRAKE,ROAD-OP-030,ROAD-OP-040,ADVISORY_DRAW_FOR_OPERATION,118.0,0.0,38.0,0.0,80.0,120.0,0.0,BALANCED,True,True
PHASE4-MPS-20260721170405,ALT-BASELINE,SWIP-ALT-BASELINE-00081,81,2026-07-31T10:47,LOT-ALT-BASELINE-PSC-SKU-BIKE-ROAD-001-20260706-ROAD-OP-030-WIP-ROAD-BRAKE-SET-READY,2026-07-16T09:59,FIFO,80.0,8.0005,71.9995,False,,,PSC-SKU-BIKE-ROAD-001-20260706,,SKU-BIKE-ROAD-001,WIP-ROAD-BRAKE-SET-READY,BUF-ROAD-BRAKE,ROAD-OP-030,ROAD-OP-040,ADVISORY_DRAW_FOR_OPERATION,80.0,0.0,8.0005,0.0,71.9995,120.0,0.0,BALANCED,True,True
PHASE4-MPS-20260721170405,ALT-BASELINE,SWIP-ALT-BASELINE-00082,82,2026-07-31T10:47,LOT-ALT-BASELINE-PSC-SKU-BIKE-ROAD-001-20260713-ROAD-OP-010-WIP-ROAD-FRAME-TO-WHEEL,2026-07-17T10:15,FIFO,80.0,46.0005,33.9995,False,,,PSC-SKU-BIKE-ROAD-001-20260713,,SKU-BIKE-ROAD-001,WIP-ROAD-FRAME-TO-WHEEL,BUF-ROAD-FRAME-WHEEL,ROAD-OP-010,ROAD-OP-020,ADVISORY_DRAW_FOR_OPERATION,80.0,0.0,46.0005,0.0,33.9995,80.0,0.0,BALANCED,True,True
PHASE4-MPS-20260721170405,ALT-BASELINE,SWIP-ALT-BASELINE-00083,83,2026-07-31T10:47,LOT-ALT-BASELINE-PSC-SKU-BIKE-ROAD-001-20260713-ROAD-OP-010-WIP-ROAD-FRAME-TO-BRAKE,2026-07-17T10:15,FIFO,80.0,48.0005,31.9995,False,,,PSC-SKU-BIKE-ROAD-001-20260713,,SKU-BIKE-ROAD-001,WIP-ROAD-FRAME-TO-BRAKE,BUF-ROAD-FRAME-BRAKE,ROAD-OP-010,ROAD-OP-030,ADVISORY_DRAW_FOR_OPERATION,80.0,0.0,48.0005,0.0,31.9995,80.0,0.0,BALANCED,True,True
PHASE4-MPS-20260721170405,ALT-BASELINE,SWIP-ALT-BASELINE-00084,84,2026-08-04T12:16,LOT-ALT-BASELINE-PSC-SKU-BIKE-MT-001-20260706-MT-OP-060-WIP-MT-QC-PASSED,2026-08-04T12:16,,0.0,0.0,42.0,False,,,PSC-SKU-BIKE-MT-001-20260706,,SKU-BIKE-MT-001,WIP-MT-QC-PASSED,BUF-MT-QC,MT-OP-060,MT-OP-070,ADVISORY_PRODUCTION_TO_BUFFER,18.0,42.0,0.0,0.0,60.0,60.0,0.0,BALANCED,True,True
PHASE4-MPS-20260721170405,ALT-BASELINE,SWIP-ALT-BASELINE-00085,85,2026-08-04T12:16,LOT-ALT-BASELINE-PSC-SKU-BIKE-MT-001-20260629-MT-OP-060-WIP-MT-QC-PASSED,2026-07-16T10:20,FIFO,18.0,18.0,0.0,False,,,PSC-SKU-BIKE-MT-001-20260706,,SKU-BIKE-MT-001,WIP-MT-QC-PASSED,BUF-MT-QC,MT-OP-060,MT-OP-070,ADVISORY_DRAW_FOR_OPERATION,60.0,0.0,18.0,0.0,42.0,60.0,0.0,BALANCED,True,True
PHASE4-MPS-20260721170405,ALT-BASELINE,SWIP-ALT-BASELINE-00086,86,2026-08-04T12:16,LOT-ALT-BASELINE-PSC-SKU-BIKE-MT-001-20260706-MT-OP-060-WIP-MT-QC-PASSED,2026-08-04T12:16,FIFO,42.0,42.0,0.0,False,,,PSC-SKU-BIKE-MT-001-20260706,,SKU-BIKE-MT-001,WIP-MT-QC-PASSED,BUF-MT-QC,MT-OP-060,MT-OP-070,ADVISORY_DRAW_FOR_OPERATION,42.0,0.0,42.0,0.0,0.0,60.0,0.0,BALANCED,True,True
PHASE4-MPS-20260721170405,ALT-BASELINE,SWIP-ALT-BASELINE-00087,87,2026-08-04T13:35,LOT-ALT-BASELINE-PSC-SKU-BIKE-ROAD-001-20260713-ROAD-OP-030-WIP-ROAD-BRAKE-SET-READY,2026-08-04T13:35,,0.0,0.0,48.0005,False,,,PSC-SKU-BIKE-ROAD-001-20260713,,SKU-BIKE-ROAD-001,WIP-ROAD-BRAKE-SET-READY,BUF-ROAD-BRAKE,ROAD-OP-030,ROAD-OP-040,ADVISORY_PRODUCTION_TO_BUFFER,71.9995,48.0005,0.0,0.0,120.0,120.0,0.0,BALANCED,True,True
PHASE4-MPS-20260721170405,ALT-BASELINE,SWIP-ALT-BASELINE-00088,88,2026-08-04T14:23,LOT-ALT-BASELINE-PSC-SKU-BIKE-ROAD-001-20260720-ROAD-OP-010-WIP-ROAD-FRAME-TO-WHEEL,2026-08-04T14:23,,0.0,0.0,46.0005,False,,,PSC-SKU-BIKE-ROAD-001-20260720,,SKU-BIKE-ROAD-001,WIP-ROAD-FRAME-TO-WHEEL,BUF-ROAD-FRAME-WHEEL,ROAD-OP-010,ROAD-OP-020,ADVISORY_PRODUCTION_TO_BUFFER,33.9995,46.0005,0.0,0.0,80.0,80.0,0.0,BALANCED,True,True
PHASE4-MPS-20260721170405,ALT-BASELINE,SWIP-ALT-BASELINE-00089,89,2026-08-04T14:23,LOT-ALT-BASELINE-PSC-SKU-BIKE-ROAD-001-20260720-ROAD-OP-010-WIP-ROAD-FRAME-TO-BRAKE,2026-08-04T14:23,,0.0,0.0,46.0005,False,,,PSC-SKU-BIKE-ROAD-001-20260720,,SKU-BIKE-ROAD-001,WIP-ROAD-FRAME-TO-BRAKE,BUF-ROAD-FRAME-BRAKE,ROAD-OP-010,ROAD-OP-030,ADVISORY_PRODUCTION_TO_BUFFER,31.9995,46.0005,0.0,0.0,78.0,80.0,0.0,BALANCED,True,True
PHASE4-MPS-20260721170405,ALT-BASELINE,SWIP-ALT-BASELINE-00090,90,2026-08-05T11:36,LOT-ALT-BASELINE-PSC-SKU-BIKE-ROAD-001-20260713-ROAD-OP-020-WIP-ROAD-WHEEL-SET-READY,2026-08-05T11:36,,0.0,0.0,46.0005,False,,,PSC-SKU-BIKE-ROAD-001-20260713,,SKU-BIKE-ROAD-001,WIP-ROAD-WHEEL-SET-READY,BUF-ROAD-WHEEL,ROAD-OP-020,ROAD-OP-040,ADVISORY_PRODUCTION_TO_BUFFER,73.9995,46.0005,0.0,0.0,120.0,120.0,0.0,BALANCED,True,True
PHASE4-MPS-20260721170405,ALT-BASELINE,SWIP-ALT-BASELINE-00091,91,2026-08-07T09:38,LOT-ALT-BASELINE-PSC-SKU-BIKE-ROAD-001-20260706-ROAD-OP-040-WIP-ROAD-FINAL-ASSEMBLY-READY,2026-08-07T09:38,,0.0,0.0,46.0005,False,,,PSC-SKU-BIKE-ROAD-001-20260706,,SKU-BIKE-ROAD-001,WIP-ROAD-FINAL-ASSEMBLY-READY,BUF-ROAD-ASM,ROAD-OP-040,ROAD-OP-050,ADVISORY_PRODUCTION_TO_BUFFER,13.9995,46.0005,0.0,0.0,60.0,60.0,0.0,BALANCED,True,True
PHASE4-MPS-20260721170405,ALT-BASELINE,SWIP-ALT-BASELINE-00092,92,2026-08-07T09:38,LOT-ALT-BASELINE-PSC-SKU-BIKE-MT-001-20260706-MT-OP-020-WIP-MT-FORK-READY,2026-07-20T13:54,FIFO,16.9741,16.9741,0.0,False,,,PSC-SKU-BIKE-MT-001-20260713,,SKU-BIKE-MT-001,WIP-MT-FORK-READY,BUF-MT-FORK,MT-OP-020,MT-OP-050,ADVISORY_DRAW_FOR_OPERATION,93.9482,0.0,16.9741,0.0,76.9741,120.0,0.0,BALANCED,True,True
PHASE4-MPS-20260721170405,ALT-BASELINE,SWIP-ALT-BASELINE-00093,93,2026-08-07T09:38,LOT-ALT-BASELINE-PSC-SKU-BIKE-MT-001-20260713-MT-OP-020-WIP-MT-FORK-READY,2026-07-27T13:54,FIFO,76.9741,25.0259,51.9482,False,,,PSC-SKU-BIKE-MT-001-20260713,,SKU-BIKE-MT-001,WIP-MT-FORK-READY,BUF-MT-FORK,MT-OP-020,MT-OP-050,ADVISORY_DRAW_FOR_OPERATION,76.9741,0.0,25.0259,0.0,51.9482,120.0,0.0,BALANCED,True,True
PHASE4-MPS-20260721170405,ALT-BASELINE,SWIP-ALT-BASELINE-00094,94,2026-08-07T09:38,LOT-ALT-BASELINE-PSC-SKU-BIKE-MT-001-20260706-MT-OP-030-WIP-MT-WHEEL-SET-READY,2026-07-20T13:08,FIFO,60.0,42.0,18.0,False,,,PSC-SKU-BIKE-MT-001-20260713,,SKU-BIKE-MT-001,WIP-MT-WHEEL-SET-READY,BUF-MT-WHEEL,MT-OP-030,MT-OP-050,ADVISORY_DRAW_FOR_OPERATION,120.0,0.0,42.0,0.0,78.0,120.0,0.0,BALANCED,True,True
PHASE4-MPS-20260721170405,ALT-BASELINE,SWIP-ALT-BASELINE-00095,95,2026-08-07T09:38,LOT-ALT-BASELINE-PSC-SKU-BIKE-MT-001-20260706-MT-OP-040-WIP-MT-BRAKE-SET-READY,2026-07-17T11:00,FIFO,55.9741,42.0,13.9741,False,,,PSC-SKU-BIKE-MT-001-20260713,,SKU-BIKE-MT-001,WIP-MT-BRAKE-SET-READY,BUF-MT-BRAKE,MT-OP-040,MT-OP-050,ADVISORY_DRAW_FOR_OPERATION,120.0,0.0,42.0,0.0,78.0,120.0,0.0,BALANCED,True,True
PHASE4-MPS-20260721170405,ALT-BASELINE,SWIP-ALT-BASELINE-00096,96,2026-08-07T09:38,LOT-ALT-BASELINE-PSC-SKU-BIKE-MT-001-20260720-MT-OP-010-WIP-MT-FRAME-TO-FORK,2026-07-23T14:22,FIFO,61.0518,61.0518,0.0,False,,,PSC-SKU-BIKE-MT-001-20260720,,SKU-BIKE-MT-001,WIP-MT-FRAME-TO-FORK,BUF-MT-FRAME-FORK,MT-OP-010,MT-OP-020,ADVISORY_DRAW_FOR_OPERATION,61.0518,0.0,61.0518,0.0,0.0,80.0,0.0,BALANCED,True,True
PHASE4-MPS-20260721170405,ALT-BASELINE,SWIP-ALT-BASELINE-00097,97,2026-08-07T09:38,LOT-ALT-BASELINE-PSC-SKU-BIKE-MT-001-20260713-MT-OP-010-WIP-MT-FRAME-TO-WHEEL,2026-07-17T14:22,FIFO,18.9482,18.9482,0.0,False,,,PSC-SKU-BIKE-MT-001-20260720,,SKU-BIKE-MT-001,WIP-MT-FRAME-TO-WHEEL,BUF-MT-FRAME-WHEEL,MT-OP-010,MT-OP-030,ADVISORY_DRAW_FOR_OPERATION,80.0,0.0,18.9482,0.0,61.0518,80.0,0.0,BALANCED,True,True
PHASE4-MPS-20260721170405,ALT-BASELINE,SWIP-ALT-BASELINE-00098,98,2026-08-07T09:38,LOT-ALT-BASELINE-PSC-SKU-BIKE-MT-001-20260720-MT-OP-010-WIP-MT-FRAME-TO-WHEEL,2026-07-23T14:22,FIFO,61.0518,23.0518,38.0,False,,,PSC-SKU-BIKE-MT-001-20260720,,SKU-BIKE-MT-001,WIP-MT-FRAME-TO-WHEEL,BUF-MT-FRAME-WHEEL,MT-OP-010,MT-OP-030,ADVISORY_DRAW_FOR_OPERATION,61.0518,0.0,23.0518,0.0,38.0,80.0,0.0,BALANCED,True,True
PHASE4-MPS-20260721170405,ALT-BASELINE,SWIP-ALT-BASELINE-00099,99,2026-08-07T09:38,LOT-ALT-BASELINE-PSC-SKU-BIKE-MT-001-20260713-MT-OP-010-WIP-MT-FRAME-TO-BRAKE,2026-07-17T14:22,FIFO,12.9482,12.9482,0.0,False,,,PSC-SKU-BIKE-MT-001-20260720,,SKU-BIKE-MT-001,WIP-MT-FRAME-TO-BRAKE,BUF-MT-FRAME-BRAKE,MT-OP-010,MT-OP-040,ADVISORY_DRAW_FOR_OPERATION,74.0,0.0,12.9482,0.0,61.0518,80.0,0.0,BALANCED,True,True
PHASE4-MPS-20260721170405,ALT-BASELINE,SWIP-ALT-BASELINE-00100,100,2026-08-07T09:38,LOT-ALT-BASELINE-PSC-SKU-BIKE-MT-001-20260720-MT-OP-010-WIP-MT-FRAME-TO-BRAKE,2026-07-23T14:22,FIFO,61.0518,29.0518,32.0,False,,,PSC-SKU-BIKE-MT-001-20260720,,SKU-BIKE-MT-001,WIP-MT-FRAME-TO-BRAKE,BUF-MT-FRAME-BRAKE,MT-OP-010,MT-OP-040,ADVISORY_DRAW_FOR_OPERATION,61.0518,0.0,29.0518,0.0,32.0,80.0,0.0,BALANCED,True,True
PHASE4-MPS-20260721170405,ALT-BASELINE,SWIP-ALT-BASELINE-00101,101,2026-08-07T09:38,LOT-ALT-BASELINE-PSC-SKU-BIKE-ROAD-001-20260629-ROAD-OP-040-WIP-ROAD-FINAL-ASSEMBLY-READY,2026-07-21T13:52,FIFO,13.9995,13.9995,0.0,False,,,PSC-SKU-BIKE-ROAD-001-20260706,,SKU-BIKE-ROAD-001,WIP-ROAD-FINAL-ASSEMBLY-READY,BUF-ROAD-ASM,ROAD-OP-040,ROAD-OP-050,ADVISORY_DRAW_FOR_OPERATION,60.0,0.0,13.9995,0.0,46.0005,60.0,0.0,BALANCED,True,True
PHASE4-MPS-20260721170405,ALT-BASELINE,SWIP-ALT-BASELINE-00102,102,2026-08-07T09:38,LOT-ALT-BASELINE-PSC-SKU-BIKE-ROAD-001-20260706-ROAD-OP-040-WIP-ROAD-FINAL-ASSEMBLY-READY,2026-08-07T09:38,FIFO,46.0005,40.0,6.0005,False,,,PSC-SKU-BIKE-ROAD-001-20260706,,SKU-BIKE-ROAD-001,WIP-ROAD-FINAL-ASSEMBLY-READY,BUF-ROAD-ASM,ROAD-OP-040,ROAD-OP-050,ADVISORY_DRAW_FOR_OPERATION,46.0005,0.0,40.0,0.0,6.0005,60.0,0.0,BALANCED,True,True
PHASE4-MPS-20260721170405,ALT-BASELINE,SWIP-ALT-BASELINE-00103,103,2026-08-11T11:59,LOT-ALT-BASELINE-PSC-SKU-BIKE-ROAD-001-20260706-ROAD-OP-050-WIP-ROAD-QC-PASSED,2026-08-11T11:59,,0.0,0.0,53.9995,False,,,PSC-SKU-BIKE-ROAD-001-20260706,,SKU-BIKE-ROAD-001,WIP-ROAD-QC-PASSED,BUF-ROAD-QC,ROAD-OP-050,ROAD-OP-060,ADVISORY_PRODUCTION_TO_BUFFER,6.0005,53.9995,0.0,0.0,60.0,60.0,0.0,BALANCED,True,True
PHASE4-MPS-20260721170405,ALT-BASELINE,SWIP-ALT-BASELINE-00104,104,2026-08-11T11:59,LOT-ALT-BASELINE-PSC-SKU-BIKE-ROAD-001-20260629-ROAD-OP-050-WIP-ROAD-QC-PASSED,2026-07-23T11:53,FIFO,6.0005,6.0005,0.0,False,,,PSC-SKU-BIKE-ROAD-001-20260706,,SKU-BIKE-ROAD-001,WIP-ROAD-QC-PASSED,BUF-ROAD-QC,ROAD-OP-050,ROAD-OP-060,ADVISORY_DRAW_FOR_OPERATION,60.0,0.0,6.0005,0.0,53.9995,60.0,0.0,BALANCED,True,True
PHASE4-MPS-20260721170405,ALT-BASELINE,SWIP-ALT-BASELINE-00105,105,2026-08-11T11:59,LOT-ALT-BASELINE-PSC-SKU-BIKE-ROAD-001-20260706-ROAD-OP-050-WIP-ROAD-QC-PASSED,2026-08-11T11:59,FIFO,53.9995,53.9995,0.0,False,,,PSC-SKU-BIKE-ROAD-001-20260706,,SKU-BIKE-ROAD-001,WIP-ROAD-QC-PASSED,BUF-ROAD-QC,ROAD-OP-050,ROAD-OP-060,ADVISORY_DRAW_FOR_OPERATION,53.9995,0.0,53.9995,0.0,0.0,60.0,0.0,BALANCED,True,True
PHASE4-MPS-20260721170405,ALT-BASELINE,SWIP-ALT-BASELINE-00106,106,2026-08-11T13:10,LOT-ALT-BASELINE-PSC-SKU-BIKE-MT-001-20260720-MT-OP-040-WIP-MT-BRAKE-SET-READY,2026-08-11T13:10,,0.0,0.0,42.0,False,,,PSC-SKU-BIKE-MT-001-20260720,,SKU-BIKE-MT-001,WIP-MT-BRAKE-SET-READY,BUF-MT-BRAKE,MT-OP-040,MT-OP-050,ADVISORY_PRODUCTION_TO_BUFFER,78.0,42.0,0.0,0.0,120.0,120.0,0.0,BALANCED,True,True
PHASE4-MPS-20260721170405,ALT-BASELINE,SWIP-ALT-BASELINE-00107,107,2026-08-11T14:34,LOT-ALT-BASELINE-PSC-SKU-BIKE-MT-001-20260727-MT-OP-010-WIP-MT-FRAME-TO-FORK,2026-08-11T14:34,,0.0,0.0,42.0,False,,,PSC-SKU-BIKE-MT-001-20260727,,SKU-BIKE-MT-001,WIP-MT-FRAME-TO-FORK,BUF-MT-FRAME-FORK,MT-OP-010,MT-OP-020,ADVISORY_PRODUCTION_TO_BUFFER,0.0,42.0,0.0,0.0,42.0,80.0,0.0,BALANCED,True,True
PHASE4-MPS-20260721170405,ALT-BASELINE,SWIP-ALT-BASELINE-00108,108,2026-08-11T14:34,LOT-ALT-BASELINE-PSC-SKU-BIKE-MT-001-20260727-MT-OP-010-WIP-MT-FRAME-TO-WHEEL,2026-08-11T14:34,,0.0,0.0,42.0,False,,,PSC-SKU-BIKE-MT-001-20260727,,SKU-BIKE-MT-001,WIP-MT-FRAME-TO-WHEEL,BUF-MT-FRAME-WHEEL,MT-OP-010,MT-OP-030,ADVISORY_PRODUCTION_TO_BUFFER,38.0,42.0,0.0,0.0,80.0,80.0,0.0,BALANCED,True,True
PHASE4-MPS-20260721170405,ALT-BASELINE,SWIP-ALT-BASELINE-00109,109,2026-08-11T14:34,LOT-ALT-BASELINE-PSC-SKU-BIKE-MT-001-20260727-MT-OP-010-WIP-MT-FRAME-TO-BRAKE,2026-08-11T14:34,,0.0,0.0,42.0,False,,,PSC-SKU-BIKE-MT-001-20260727,,SKU-BIKE-MT-001,WIP-MT-FRAME-TO-BRAKE,BUF-MT-FRAME-BRAKE,MT-OP-010,MT-OP-040,ADVISORY_PRODUCTION_TO_BUFFER,32.0,42.0,0.0,0.0,74.0,80.0,0.0,BALANCED,True,True
PHASE4-MPS-20260721170405,ALT-BASELINE,SWIP-ALT-BASELINE-00110,110,2026-08-12T11:38,LOT-ALT-BASELINE-PSC-SKU-BIKE-MT-001-20260720-MT-OP-030-WIP-MT-WHEEL-SET-READY,2026-08-12T11:38,,0.0,0.0,42.0,False,,,PSC-SKU-BIKE-MT-001-20260720,,SKU-BIKE-MT-001,WIP-MT-WHEEL-SET-READY,BUF-MT-WHEEL,MT-OP-030,MT-OP-050,ADVISORY_PRODUCTION_TO_BUFFER,78.0,42.0,0.0,0.0,120.0,120.0,0.0,BALANCED,True,True
PHASE4-MPS-20260721170405,ALT-BASELINE,SWIP-ALT-BASELINE-00111,111,2026-08-13T14:46,LOT-ALT-BASELINE-PSC-SKU-BIKE-MT-001-20260720-MT-OP-020-WIP-MT-FORK-READY,2026-08-13T14:46,,0.0,0.0,61.0518,False,,,PSC-SKU-BIKE-MT-001-20260720,,SKU-BIKE-MT-001,WIP-MT-FORK-READY,BUF-MT-FORK,MT-OP-020,MT-OP-050,ADVISORY_PRODUCTION_TO_BUFFER,51.9482,61.0518,0.0,0.0,113.0,120.0,0.0,BALANCED,True,True
PHASE4-MPS-20260721170405,ALT-BASELINE,SWIP-ALT-BASELINE-00112,112,2026-08-14T11:56,LOT-ALT-BASELINE-PSC-SKU-BIKE-MT-001-20260713-MT-OP-050-WIP-MT-FINAL-ASSEMBLY-READY,2026-08-14T11:56,,0.0,0.0,42.0,False,,,PSC-SKU-BIKE-MT-001-20260713,,SKU-BIKE-MT-001,WIP-MT-FINAL-ASSEMBLY-READY,BUF-MT-ASM,MT-OP-050,MT-OP-060,ADVISORY_PRODUCTION_TO_BUFFER,18.0,42.0,0.0,0.0,60.0,60.0,0.0,BALANCED,True,True
PHASE4-MPS-20260721170405,ALT-BASELINE,SWIP-ALT-BASELINE-00113,113,2026-08-14T11:56,LOT-ALT-BASELINE-PSC-SKU-BIKE-MT-001-20260706-MT-OP-050-WIP-MT-FINAL-ASSEMBLY-READY,2026-07-31T10:47,FIFO,18.0,18.0,0.0,False,,,PSC-SKU-BIKE-MT-001-20260713,,SKU-BIKE-MT-001,WIP-MT-FINAL-ASSEMBLY-READY,BUF-MT-ASM,MT-OP-050,MT-OP-060,ADVISORY_DRAW_FOR_OPERATION,60.0,0.0,18.0,0.0,42.0,60.0,0.0,BALANCED,True,True
PHASE4-MPS-20260721170405,ALT-BASELINE,SWIP-ALT-BASELINE-00114,114,2026-08-14T11:56,LOT-ALT-BASELINE-PSC-SKU-BIKE-MT-001-20260713-MT-OP-050-WIP-MT-FINAL-ASSEMBLY-READY,2026-08-14T11:56,FIFO,42.0,42.0,0.0,False,,,PSC-SKU-BIKE-MT-001-20260713,,SKU-BIKE-MT-001,WIP-MT-FINAL-ASSEMBLY-READY,BUF-MT-ASM,MT-OP-050,MT-OP-060,ADVISORY_DRAW_FOR_OPERATION,42.0,0.0,42.0,0.0,0.0,60.0,0.0,BALANCED,True,True
PHASE4-MPS-20260721170405,ALT-BASELINE,SWIP-ALT-BASELINE-00115,115,2026-08-14T11:56,LOT-ALT-BASELINE-PSC-SKU-BIKE-ROAD-001-20260706-ROAD-OP-020-WIP-ROAD-WHEEL-SET-READY,2026-07-17T13:08,FIFO,73.9995,53.9995,20.0,False,,,PSC-SKU-BIKE-ROAD-001-20260713,,SKU-BIKE-ROAD-001,WIP-ROAD-WHEEL-SET-READY,BUF-ROAD-WHEEL,ROAD-OP-020,ROAD-OP-040,ADVISORY_DRAW_FOR_OPERATION,120.0,0.0,53.9995,0.0,66.0005,120.0,0.0,BALANCED,True,True
PHASE4-MPS-20260721170405,ALT-BASELINE,SWIP-ALT-BASELINE-00116,116,2026-08-14T11:56,LOT-ALT-BASELINE-PSC-SKU-BIKE-ROAD-001-20260706-ROAD-OP-030-WIP-ROAD-BRAKE-SET-READY,2026-07-16T09:59,FIFO,71.9995,53.9995,18.0,False,,,PSC-SKU-BIKE-ROAD-001-20260713,,SKU-BIKE-ROAD-001,WIP-ROAD-BRAKE-SET-READY,BUF-ROAD-BRAKE,ROAD-OP-030,ROAD-OP-040,ADVISORY_DRAW_FOR_OPERATION,120.0,0.0,53.9995,0.0,66.0005,120.0,0.0,BALANCED,True,True
PHASE4-MPS-20260721170405,ALT-BASELINE,SWIP-ALT-BASELINE-00117,117,2026-08-14T11:56,LOT-ALT-BASELINE-PSC-SKU-BIKE-ROAD-001-20260713-ROAD-OP-010-WIP-ROAD-FRAME-TO-WHEEL,2026-07-17T10:15,FIFO,33.9995,33.9995,0.0,False,,,PSC-SKU-BIKE-ROAD-001-20260720,,SKU-BIKE-ROAD-001,WIP-ROAD-FRAME-TO-WHEEL,BUF-ROAD-FRAME-WHEEL,ROAD-OP-010,ROAD-OP-020,ADVISORY_DRAW_FOR_OPERATION,80.0,0.0,33.9995,0.0,46.0005,80.0,0.0,BALANCED,True,True
PHASE4-MPS-20260721170405,ALT-BASELINE,SWIP-ALT-BASELINE-00118,118,2026-08-14T11:56,LOT-ALT-BASELINE-PSC-SKU-BIKE-ROAD-001-20260720-ROAD-OP-010-WIP-ROAD-FRAME-TO-WHEEL,2026-08-04T14:23,FIFO,46.0005,20.0,26.0005,False,,,PSC-SKU-BIKE-ROAD-001-20260720,,SKU-BIKE-ROAD-001,WIP-ROAD-FRAME-TO-WHEEL,BUF-ROAD-FRAME-WHEEL,ROAD-OP-010,ROAD-OP-020,ADVISORY_DRAW_FOR_OPERATION,46.0005,0.0,20.0,0.0,26.0005,80.0,0.0,BALANCED,True,True
PHASE4-MPS-20260721170405,ALT-BASELINE,SWIP-ALT-BASELINE-00119,119,2026-08-14T11:56,LOT-ALT-BASELINE-PSC-SKU-BIKE-ROAD-001-20260713-ROAD-OP-010-WIP-ROAD-FRAME-TO-BRAKE,2026-07-17T10:15,FIFO,31.9995,31.9995,0.0,False,,,PSC-SKU-BIKE-ROAD-001-20260720,,SKU-BIKE-ROAD-001,WIP-ROAD-FRAME-TO-BRAKE,BUF-ROAD-FRAME-BRAKE,ROAD-OP-010,ROAD-OP-030,ADVISORY_DRAW_FOR_OPERATION,78.0,0.0,31.9995,0.0,46.0005,80.0,0.0,BALANCED,True,True
PHASE4-MPS-20260721170405,ALT-BASELINE,SWIP-ALT-BASELINE-00120,120,2026-08-14T11:56,LOT-ALT-BASELINE-PSC-SKU-BIKE-ROAD-001-20260720-ROAD-OP-010-WIP-ROAD-FRAME-TO-BRAKE,2026-08-04T14:23,FIFO,46.0005,22.0,24.0005,False,,,PSC-SKU-BIKE-ROAD-001-20260720,,SKU-BIKE-ROAD-001,WIP-ROAD-FRAME-TO-BRAKE,BUF-ROAD-FRAME-BRAKE,ROAD-OP-010,ROAD-OP-030,ADVISORY_DRAW_FOR_OPERATION,46.0005,0.0,22.0,0.0,24.0005,80.0,0.0,BALANCED,True,True
PHASE4-MPS-20260721170405,ALT-BASELINE,SWIP-ALT-BASELINE-00121,121,2026-08-19T09:38,LOT-ALT-BASELINE-PSC-SKU-BIKE-ROAD-001-20260720-ROAD-OP-030-WIP-ROAD-BRAKE-SET-READY,2026-08-19T09:38,,0.0,0.0,53.9995,False,,,PSC-SKU-BIKE-ROAD-001-20260720,,SKU-BIKE-ROAD-001,WIP-ROAD-BRAKE-SET-READY,BUF-ROAD-BRAKE,ROAD-OP-030,ROAD-OP-040,ADVISORY_PRODUCTION_TO_BUFFER,66.0005,53.9995,0.0,0.0,120.0,120.0,0.0,BALANCED,True,True
PHASE4-MPS-20260721170405,ALT-BASELINE,SWIP-ALT-BASELINE-00122,122,2026-08-19T11:23,LOT-ALT-BASELINE-PSC-SKU-BIKE-ROAD-001-20260727-ROAD-OP-010-WIP-ROAD-FRAME-TO-WHEEL,2026-08-19T11:23,,0.0,0.0,53.9995,False,,,PSC-SKU-BIKE-ROAD-001-20260727,,SKU-BIKE-ROAD-001,WIP-ROAD-FRAME-TO-WHEEL,BUF-ROAD-FRAME-WHEEL,ROAD-OP-010,ROAD-OP-020,ADVISORY_PRODUCTION_TO_BUFFER,26.0005,53.9995,0.0,0.0,80.0,80.0,0.0,BALANCED,True,True
PHASE4-MPS-20260721170405,ALT-BASELINE,SWIP-ALT-BASELINE-00123,123,2026-08-19T11:23,LOT-ALT-BASELINE-PSC-SKU-BIKE-ROAD-001-20260727-ROAD-OP-010-WIP-ROAD-FRAME-TO-BRAKE,2026-08-19T11:23,,0.0,0.0,53.9995,False,,,PSC-SKU-BIKE-ROAD-001-20260727,,SKU-BIKE-ROAD-001,WIP-ROAD-FRAME-TO-BRAKE,BUF-ROAD-FRAME-BRAKE,ROAD-OP-010,ROAD-OP-030,ADVISORY_PRODUCTION_TO_BUFFER,24.0005,53.9995,0.0,0.0,78.0,80.0,0.0,BALANCED,True,True
PHASE4-MPS-20260721170405,ALT-BASELINE,SWIP-ALT-BASELINE-00124,124,2026-08-19T12:59,LOT-ALT-BASELINE-PSC-SKU-BIKE-MT-001-20260713-MT-OP-060-WIP-MT-QC-PASSED,2026-08-19T12:59,,0.0,0.0,60.0,False,,,PSC-SKU-BIKE-MT-001-20260713,,SKU-BIKE-MT-001,WIP-MT-QC-PASSED,BUF-MT-QC,MT-OP-060,MT-OP-070,ADVISORY_PRODUCTION_TO_BUFFER,0.0,60.0,0.0,0.0,60.0,60.0,0.0,BALANCED,True,True
PHASE4-MPS-20260721170405,ALT-BASELINE,SWIP-ALT-BASELINE-00125,125,2026-08-19T12:59,LOT-ALT-BASELINE-PSC-SKU-BIKE-MT-001-20260713-MT-OP-060-WIP-MT-QC-PASSED,2026-08-19T12:59,FIFO,60.0,60.0,0.0,False,,,PSC-SKU-BIKE-MT-001-20260713,,SKU-BIKE-MT-001,WIP-MT-QC-PASSED,BUF-MT-QC,MT-OP-060,MT-OP-070,ADVISORY_DRAW_FOR_OPERATION,60.0,0.0,60.0,0.0,0.0,60.0,0.0,BALANCED,True,True
PHASE4-MPS-20260721170405,ALT-BASELINE,SWIP-ALT-BASELINE-00126,126,2026-08-20T09:24,LOT-ALT-BASELINE-PSC-SKU-BIKE-ROAD-001-20260720-ROAD-OP-020-WIP-ROAD-WHEEL-SET-READY,2026-08-20T09:24,,0.0,0.0,53.9995,False,,,PSC-SKU-BIKE-ROAD-001-20260720,,SKU-BIKE-ROAD-001,WIP-ROAD-WHEEL-SET-READY,BUF-ROAD-WHEEL,ROAD-OP-020,ROAD-OP-040,ADVISORY_PRODUCTION_TO_BUFFER,66.0005,53.9995,0.0,0.0,120.0,120.0,0.0,BALANCED,True,True
PHASE4-MPS-20260721170405,ALT-BASELINE,SWIP-ALT-BASELINE-00127,127,2026-08-24T09:35,LOT-ALT-BASELINE-PSC-SKU-BIKE-ROAD-001-20260713-ROAD-OP-040-WIP-ROAD-FINAL-ASSEMBLY-READY,2026-08-24T09:35,,0.0,0.0,53.9995,False,,,PSC-SKU-BIKE-ROAD-001-20260713,,SKU-BIKE-ROAD-001,WIP-ROAD-FINAL-ASSEMBLY-READY,BUF-ROAD-ASM,ROAD-OP-040,ROAD-OP-050,ADVISORY_PRODUCTION_TO_BUFFER,6.0005,53.9995,0.0,0.0,60.0,60.0,0.0,BALANCED,True,True
PHASE4-MPS-20260721170405,ALT-BASELINE,SWIP-ALT-BASELINE-00128,128,2026-08-24T09:35,LOT-ALT-BASELINE-PSC-SKU-BIKE-MT-001-20260713-MT-OP-020-WIP-MT-FORK-READY,2026-07-27T13:54,FIFO,51.9482,51.9482,0.0,False,,,PSC-SKU-BIKE-MT-001-20260720,,SKU-BIKE-MT-001,WIP-MT-FORK-READY,BUF-MT-FORK,MT-OP-020,MT-OP-050,ADVISORY_DRAW_FOR_OPERATION,113.0,0.0,51.9482,0.0,61.0518,120.0,0.0,BALANCED,True,True
PHASE4-MPS-20260721170405,ALT-BASELINE,SWIP-ALT-BASELINE-00129,129,2026-08-24T09:35,LOT-ALT-BASELINE-PSC-SKU-BIKE-MT-001-20260720-MT-OP-020-WIP-MT-FORK-READY,2026-08-13T14:46,FIFO,61.0518,8.0518,53.0,False,,,PSC-SKU-BIKE-MT-001-20260720,,SKU-BIKE-MT-001,WIP-MT-FORK-READY,BUF-MT-FORK,MT-OP-020,MT-OP-050,ADVISORY_DRAW_FOR_OPERATION,61.0518,0.0,8.0518,0.0,53.0,120.0,0.0,BALANCED,True,True
PHASE4-MPS-20260721170405,ALT-BASELINE,SWIP-ALT-BASELINE-00130,130,2026-08-24T09:35,LOT-ALT-BASELINE-PSC-SKU-BIKE-MT-001-20260706-MT-OP-030-WIP-MT-WHEEL-SET-READY,2026-07-20T13:08,FIFO,18.0,18.0,0.0,False,,,PSC-SKU-BIKE-MT-001-20260720,,SKU-BIKE-MT-001,WIP-MT-WHEEL-SET-READY,BUF-MT-WHEEL,MT-OP-030,MT-OP-050,ADVISORY_DRAW_FOR_OPERATION,120.0,0.0,18.0,0.0,102.0,120.0,0.0,BALANCED,True,True
PHASE4-MPS-20260721170405,ALT-BASELINE,SWIP-ALT-BASELINE-00131,131,2026-08-24T09:35,LOT-ALT-BASELINE-PSC-SKU-BIKE-MT-001-20260713-MT-OP-030-WIP-MT-WHEEL-SET-READY,2026-07-24T11:58,FIFO,60.0,42.0,18.0,False,,,PSC-SKU-BIKE-MT-001-20260720,,SKU-BIKE-MT-001,WIP-MT-WHEEL-SET-READY,BUF-MT-WHEEL,MT-OP-030,MT-OP-050,ADVISORY_DRAW_FOR_OPERATION,102.0,0.0,42.0,0.0,60.0,120.0,0.0,BALANCED,True,True
PHASE4-MPS-20260721170405,ALT-BASELINE,SWIP-ALT-BASELINE-00132,132,2026-08-24T09:35,LOT-ALT-BASELINE-PSC-SKU-BIKE-MT-001-20260706-MT-OP-040-WIP-MT-BRAKE-SET-READY,2026-07-17T11:00,FIFO,13.9741,13.9741,0.0,False,,,PSC-SKU-BIKE-MT-001-20260720,,SKU-BIKE-MT-001,WIP-MT-BRAKE-SET-READY,BUF-MT-BRAKE,MT-OP-040,MT-OP-050,ADVISORY_DRAW_FOR_OPERATION,120.0,0.0,13.9741,0.0,106.0259,120.0,0.0,BALANCED,True,True
PHASE4-MPS-20260721170405,ALT-BASELINE,SWIP-ALT-BASELINE-00133,133,2026-08-24T09:35,LOT-ALT-BASELINE-PSC-SKU-BIKE-MT-001-20260713-MT-OP-040-WIP-MT-BRAKE-SET-READY,2026-07-23T12:45,FIFO,64.0259,46.0259,18.0,False,,,PSC-SKU-BIKE-MT-001-20260720,,SKU-BIKE-MT-001,WIP-MT-BRAKE-SET-READY,BUF-MT-BRAKE,MT-OP-040,MT-OP-050,ADVISORY_DRAW_FOR_OPERATION,106.0259,0.0,46.0259,0.0,60.0,120.0,0.0,BALANCED,True,True
PHASE4-MPS-20260721170405,ALT-BASELINE,SWIP-ALT-BASELINE-00134,134,2026-08-24T09:35,LOT-ALT-BASELINE-PSC-SKU-BIKE-MT-001-20260727-MT-OP-010-WIP-MT-FRAME-TO-FORK,2026-08-11T14:34,FIFO,42.0,42.0,0.0,False,,,PSC-SKU-BIKE-MT-001-20260727,,SKU-BIKE-MT-001,WIP-MT-FRAME-TO-FORK,BUF-MT-FRAME-FORK,MT-OP-010,MT-OP-020,ADVISORY_DRAW_FOR_OPERATION,42.0,0.0,42.0,0.0,0.0,80.0,0.0,BALANCED,True,True
PHASE4-MPS-20260721170405,ALT-BASELINE,SWIP-ALT-BASELINE-00135,135,2026-08-24T09:35,LOT-ALT-BASELINE-PSC-SKU-BIKE-MT-001-20260720-MT-OP-010-WIP-MT-FRAME-TO-WHEEL,2026-07-23T14:22,FIFO,38.0,38.0,0.0,False,,,PSC-SKU-BIKE-MT-001-20260727,,SKU-BIKE-MT-001,WIP-MT-FRAME-TO-WHEEL,BUF-MT-FRAME-WHEEL,MT-OP-010,MT-OP-030,ADVISORY_DRAW_FOR_OPERATION,80.0,0.0,38.0,0.0,42.0,80.0,0.0,BALANCED,True,True
PHASE4-MPS-20260721170405,ALT-BASELINE,SWIP-ALT-BASELINE-00136,136,2026-08-24T09:35,LOT-ALT-BASELINE-PSC-SKU-BIKE-MT-001-20260727-MT-OP-010-WIP-MT-FRAME-TO-WHEEL,2026-08-11T14:34,FIFO,42.0,22.0,20.0,False,,,PSC-SKU-BIKE-MT-001-20260727,,SKU-BIKE-MT-001,WIP-MT-FRAME-TO-WHEEL,BUF-MT-FRAME-WHEEL,MT-OP-010,MT-OP-030,ADVISORY_DRAW_FOR_OPERATION,42.0,0.0,22.0,0.0,20.0,80.0,0.0,BALANCED,True,True
PHASE4-MPS-20260721170405,ALT-BASELINE,SWIP-ALT-BASELINE-00137,137,2026-08-24T09:35,LOT-ALT-BASELINE-PSC-SKU-BIKE-MT-001-20260720-MT-OP-010-WIP-MT-FRAME-TO-BRAKE,2026-07-23T14:22,FIFO,32.0,32.0,0.0,False,,,PSC-SKU-BIKE-MT-001-20260727,,SKU-BIKE-MT-001,WIP-MT-FRAME-TO-BRAKE,BUF-MT-FRAME-BRAKE,MT-OP-010,MT-OP-040,ADVISORY_DRAW_FOR_OPERATION,74.0,0.0,32.0,0.0,42.0,80.0,0.0,BALANCED,True,True
PHASE4-MPS-20260721170405,ALT-BASELINE,SWIP-ALT-BASELINE-00138,138,2026-08-24T09:35,LOT-ALT-BASELINE-PSC-SKU-BIKE-MT-001-20260727-MT-OP-010-WIP-MT-FRAME-TO-BRAKE,2026-08-11T14:34,FIFO,42.0,28.0,14.0,False,,,PSC-SKU-BIKE-MT-001-20260727,,SKU-BIKE-MT-001,WIP-MT-FRAME-TO-BRAKE,BUF-MT-FRAME-BRAKE,MT-OP-010,MT-OP-040,ADVISORY_DRAW_FOR_OPERATION,42.0,0.0,28.0,0.0,14.0,80.0,0.0,BALANCED,True,True
PHASE4-MPS-20260721170405,ALT-BASELINE,SWIP-ALT-BASELINE-00139,139,2026-08-24T09:35,LOT-ALT-BASELINE-PSC-SKU-BIKE-ROAD-001-20260706-ROAD-OP-040-WIP-ROAD-FINAL-ASSEMBLY-READY,2026-08-07T09:38,FIFO,6.0005,6.0005,0.0,False,,,PSC-SKU-BIKE-ROAD-001-20260713,,SKU-BIKE-ROAD-001,WIP-ROAD-FINAL-ASSEMBLY-READY,BUF-ROAD-ASM,ROAD-OP-040,ROAD-OP-050,ADVISORY_DRAW_FOR_OPERATION,60.0,0.0,6.0005,0.0,53.9995,60.0,0.0,BALANCED,True,True
PHASE4-MPS-20260721170405,ALT-BASELINE,SWIP-ALT-BASELINE-00140,140,2026-08-24T09:35,LOT-ALT-BASELINE-PSC-SKU-BIKE-ROAD-001-20260713-ROAD-OP-040-WIP-ROAD-FINAL-ASSEMBLY-READY,2026-08-24T09:35,FIFO,53.9995,53.9995,0.0,False,,,PSC-SKU-BIKE-ROAD-001-20260713,,SKU-BIKE-ROAD-001,WIP-ROAD-FINAL-ASSEMBLY-READY,BUF-ROAD-ASM,ROAD-OP-040,ROAD-OP-050,ADVISORY_DRAW_FOR_OPERATION,53.9995,0.0,53.9995,0.0,0.0,60.0,0.0,BALANCED,True,True
PHASE4-MPS-20260721170405,ALT-BASELINE,SWIP-ALT-BASELINE-00141,141,2026-08-26T13:47,LOT-ALT-BASELINE-PSC-SKU-BIKE-ROAD-001-20260713-ROAD-OP-050-WIP-ROAD-QC-PASSED,2026-08-26T13:47,,0.0,0.0,60.0,False,,,PSC-SKU-BIKE-ROAD-001-20260713,,SKU-BIKE-ROAD-001,WIP-ROAD-QC-PASSED,BUF-ROAD-QC,ROAD-OP-050,ROAD-OP-060,ADVISORY_PRODUCTION_TO_BUFFER,0.0,60.0,0.0,0.0,60.0,60.0,0.0,BALANCED,True,True
PHASE4-MPS-20260721170405,ALT-BASELINE,SWIP-ALT-BASELINE-00142,142,2026-08-26T13:47,LOT-ALT-BASELINE-PSC-SKU-BIKE-ROAD-001-20260713-ROAD-OP-050-WIP-ROAD-QC-PASSED,2026-08-26T13:47,FIFO,60.0,60.0,0.0,False,,,PSC-SKU-BIKE-ROAD-001-20260713,,SKU-BIKE-ROAD-001,WIP-ROAD-QC-PASSED,BUF-ROAD-QC,ROAD-OP-050,ROAD-OP-060,ADVISORY_DRAW_FOR_OPERATION,60.0,0.0,60.0,0.0,0.0,60.0,0.0,BALANCED,True,True
PHASE4-MPS-20260721170405,ALT-BASELINE,SWIP-ALT-BASELINE-00143,143,2026-08-27T11:19,LOT-ALT-BASELINE-PSC-SKU-BIKE-MT-001-20260727-MT-OP-020-WIP-MT-FORK-READY,2026-08-27T11:19,,0.0,0.0,42.0,False,,,PSC-SKU-BIKE-MT-001-20260727,,SKU-BIKE-MT-001,WIP-MT-FORK-READY,BUF-MT-FORK,MT-OP-020,MT-OP-050,ADVISORY_PRODUCTION_TO_BUFFER,53.0,42.0,0.0,0.0,95.0,120.0,0.0,BALANCED,True,True
PHASE4-MPS-20260721170405,ALT-BASELINE,SWIP-ALT-BASELINE-00144,144,2026-08-27T13:30,LOT-ALT-BASELINE-PSC-SKU-BIKE-MT-001-20260727-MT-OP-040-WIP-MT-BRAKE-SET-READY,2026-08-27T13:30,,0.0,0.0,60.0,False,,,PSC-SKU-BIKE-MT-001-20260727,,SKU-BIKE-MT-001,WIP-MT-BRAKE-SET-READY,BUF-MT-BRAKE,MT-OP-040,MT-OP-050,ADVISORY_PRODUCTION_TO_BUFFER,60.0,60.0,0.0,0.0,120.0,120.0,0.0,BALANCED,True,True
PHASE4-MPS-20260721170405,ALT-BASELINE,SWIP-ALT-BASELINE-00145,145,2026-08-28T08:13,LOT-ALT-BASELINE-PSC-SKU-BIKE-MT-001-20260803-MT-OP-010-WIP-MT-FRAME-TO-FORK,2026-08-28T08:13,,0.0,0.0,60.0,False,,,PSC-SKU-BIKE-MT-001-20260803,,SKU-BIKE-MT-001,WIP-MT-FRAME-TO-FORK,BUF-MT-FRAME-FORK,MT-OP-010,MT-OP-020,ADVISORY_PRODUCTION_TO_BUFFER,0.0,60.0,0.0,0.0,60.0,80.0,0.0,BALANCED,True,True
PHASE4-MPS-20260721170405,ALT-BASELINE,SWIP-ALT-BASELINE-00146,146,2026-08-28T08:13,LOT-ALT-BASELINE-PSC-SKU-BIKE-MT-001-20260803-MT-OP-010-WIP-MT-FRAME-TO-WHEEL,2026-08-28T08:13,,0.0,0.0,60.0,False,,,PSC-SKU-BIKE-MT-001-20260803,,SKU-BIKE-MT-001,WIP-MT-FRAME-TO-WHEEL,BUF-MT-FRAME-WHEEL,MT-OP-010,MT-OP-030,ADVISORY_PRODUCTION_TO_BUFFER,20.0,60.0,0.0,0.0,80.0,80.0,0.0,BALANCED,True,True
PHASE4-MPS-20260721170405,ALT-BASELINE,SWIP-ALT-BASELINE-00147,147,2026-08-28T08:13,LOT-ALT-BASELINE-PSC-SKU-BIKE-MT-001-20260803-MT-OP-010-WIP-MT-FRAME-TO-BRAKE,2026-08-28T08:13,,0.0,0.0,60.0,False,,,PSC-SKU-BIKE-MT-001-20260803,,SKU-BIKE-MT-001,WIP-MT-FRAME-TO-BRAKE,BUF-MT-FRAME-BRAKE,MT-OP-010,MT-OP-040,ADVISORY_PRODUCTION_TO_BUFFER,14.0,60.0,0.0,0.0,74.0,80.0,0.0,BALANCED,True,True
PHASE4-MPS-20260721170405,ALT-BASELINE,SWIP-ALT-BASELINE-00148,148,2026-08-28T14:26,LOT-ALT-BASELINE-PSC-SKU-BIKE-MT-001-20260727-MT-OP-030-WIP-MT-WHEEL-SET-READY,2026-08-28T14:26,,0.0,0.0,60.0,False,,,PSC-SKU-BIKE-MT-001-20260727,,SKU-BIKE-MT-001,WIP-MT-WHEEL-SET-READY,BUF-MT-WHEEL,MT-OP-030,MT-OP-050,ADVISORY_PRODUCTION_TO_BUFFER,60.0,60.0,0.0,0.0,120.0,120.0,0.0,BALANCED,True,True
PHASE4-MPS-20260721170405,ALT-BASELINE,SWIP-ALT-BASELINE-00149,149,2026-09-02T13:44,LOT-ALT-BASELINE-PSC-SKU-BIKE-MT-001-20260720-MT-OP-050-WIP-MT-FINAL-ASSEMBLY-READY,2026-09-02T13:44,,0.0,0.0,60.0,False,,,PSC-SKU-BIKE-MT-001-20260720,,SKU-BIKE-MT-001,WIP-MT-FINAL-ASSEMBLY-READY,BUF-MT-ASM,MT-OP-050,MT-OP-060,ADVISORY_PRODUCTION_TO_BUFFER,0.0,60.0,0.0,0.0,60.0,60.0,0.0,BALANCED,True,True
PHASE4-MPS-20260721170405,ALT-BASELINE,SWIP-ALT-BASELINE-00150,150,2026-09-02T13:44,LOT-ALT-BASELINE-PSC-SKU-BIKE-MT-001-20260720-MT-OP-050-WIP-MT-FINAL-ASSEMBLY-READY,2026-09-02T13:44,FIFO,60.0,60.0,0.0,False,,,PSC-SKU-BIKE-MT-001-20260720,,SKU-BIKE-MT-001,WIP-MT-FINAL-ASSEMBLY-READY,BUF-MT-ASM,MT-OP-050,MT-OP-060,ADVISORY_DRAW_FOR_OPERATION,60.0,0.0,60.0,0.0,0.0,60.0,0.0,BALANCED,True,True
PHASE4-MPS-20260721170405,ALT-BASELINE,SWIP-ALT-BASELINE-00151,151,2026-09-02T13:44,LOT-ALT-BASELINE-PSC-SKU-BIKE-ROAD-001-20260706-ROAD-OP-020-WIP-ROAD-WHEEL-SET-READY,2026-07-17T13:08,FIFO,20.0,20.0,0.0,False,,,PSC-SKU-BIKE-ROAD-001-20260720,,SKU-BIKE-ROAD-001,WIP-ROAD-WHEEL-SET-READY,BUF-ROAD-WHEEL,ROAD-OP-020,ROAD-OP-040,ADVISORY_DRAW_FOR_OPERATION,120.0,0.0,20.0,0.0,100.0,120.0,0.0,BALANCED,True,True
PHASE4-MPS-20260721170405,ALT-BASELINE,SWIP-ALT-BASELINE-00152,152,2026-09-02T13:44,LOT-ALT-BASELINE-PSC-SKU-BIKE-ROAD-001-20260713-ROAD-OP-020-WIP-ROAD-WHEEL-SET-READY,2026-08-05T11:36,FIFO,46.0005,40.0,6.0005,False,,,PSC-SKU-BIKE-ROAD-001-20260720,,SKU-BIKE-ROAD-001,WIP-ROAD-WHEEL-SET-READY,BUF-ROAD-WHEEL,ROAD-OP-020,ROAD-OP-040,ADVISORY_DRAW_FOR_OPERATION,100.0,0.0,40.0,0.0,60.0,120.0,0.0,BALANCED,True,True
PHASE4-MPS-20260721170405,ALT-BASELINE,SWIP-ALT-BASELINE-00153,153,2026-09-02T13:44,LOT-ALT-BASELINE-PSC-SKU-BIKE-ROAD-001-20260706-ROAD-OP-030-WIP-ROAD-BRAKE-SET-READY,2026-07-16T09:59,FIFO,18.0,18.0,0.0,False,,,PSC-SKU-BIKE-ROAD-001-20260720,,SKU-BIKE-ROAD-001,WIP-ROAD-BRAKE-SET-READY,BUF-ROAD-BRAKE,ROAD-OP-030,ROAD-OP-040,ADVISORY_DRAW_FOR_OPERATION,120.0,0.0,18.0,0.0,102.0,120.0,0.0,BALANCED,True,True
PHASE4-MPS-20260721170405,ALT-BASELINE,SWIP-ALT-BASELINE-00154,154,2026-09-02T13:44,LOT-ALT-BASELINE-PSC-SKU-BIKE-ROAD-001-20260713-ROAD-OP-030-WIP-ROAD-BRAKE-SET-READY,2026-08-04T13:35,FIFO,48.0005,42.0,6.0005,False,,,PSC-SKU-BIKE-ROAD-001-20260720,,SKU-BIKE-ROAD-001,WIP-ROAD-BRAKE-SET-READY,BUF-ROAD-BRAKE,ROAD-OP-030,ROAD-OP-040,ADVISORY_DRAW_FOR_OPERATION,102.0,0.0,42.0,0.0,60.0,120.0,0.0,BALANCED,True,True
PHASE4-MPS-20260721170405,ALT-BASELINE,SWIP-ALT-BASELINE-00155,155,2026-09-02T13:44,LOT-ALT-BASELINE-PSC-SKU-BIKE-ROAD-001-20260720-ROAD-OP-010-WIP-ROAD-FRAME-TO-WHEEL,2026-08-04T14:23,FIFO,26.0005,26.0005,0.0,False,,,PSC-SKU-BIKE-ROAD-001-20260727,,SKU-BIKE-ROAD-001,WIP-ROAD-FRAME-TO-WHEEL,BUF-ROAD-FRAME-WHEEL,ROAD-OP-010,ROAD-OP-020,ADVISORY_DRAW_FOR_OPERATION,80.0,0.0,26.0005,0.0,53.9995,80.0,0.0,BALANCED,True,True
PHASE4-MPS-20260721170405,ALT-BASELINE,SWIP-ALT-BASELINE-00156,156,2026-09-02T13:44,LOT-ALT-BASELINE-PSC-SKU-BIKE-ROAD-001-20260727-ROAD-OP-010-WIP-ROAD-FRAME-TO-WHEEL,2026-08-19T11:23,FIFO,53.9995,33.9995,20.0,False,,,PSC-SKU-BIKE-ROAD-001-20260727,,SKU-BIKE-ROAD-001,WIP-ROAD-FRAME-TO-WHEEL,BUF-ROAD-FRAME-WHEEL,ROAD-OP-010,ROAD-OP-020,ADVISORY_DRAW_FOR_OPERATION,53.9995,0.0,33.9995,0.0,20.0,80.0,0.0,BALANCED,True,True
PHASE4-MPS-20260721170405,ALT-BASELINE,SWIP-ALT-BASELINE-00157,157,2026-09-02T13:44,LOT-ALT-BASELINE-PSC-SKU-BIKE-ROAD-001-20260720-ROAD-OP-010-WIP-ROAD-FRAME-TO-BRAKE,2026-08-04T14:23,FIFO,24.0005,24.0005,0.0,False,,,PSC-SKU-BIKE-ROAD-001-20260727,,SKU-BIKE-ROAD-001,WIP-ROAD-FRAME-TO-BRAKE,BUF-ROAD-FRAME-BRAKE,ROAD-OP-010,ROAD-OP-030,ADVISORY_DRAW_FOR_OPERATION,78.0,0.0,24.0005,0.0,53.9995,80.0,0.0,BALANCED,True,True
PHASE4-MPS-20260721170405,ALT-BASELINE,SWIP-ALT-BASELINE-00158,158,2026-09-02T13:44,LOT-ALT-BASELINE-PSC-SKU-BIKE-ROAD-001-20260727-ROAD-OP-010-WIP-ROAD-FRAME-TO-BRAKE,2026-08-19T11:23,FIFO,53.9995,35.9995,18.0,False,,,PSC-SKU-BIKE-ROAD-001-20260727,,SKU-BIKE-ROAD-001,WIP-ROAD-FRAME-TO-BRAKE,BUF-ROAD-FRAME-BRAKE,ROAD-OP-010,ROAD-OP-030,ADVISORY_DRAW_FOR_OPERATION,53.9995,0.0,35.9995,0.0,18.0,80.0,0.0,BALANCED,True,True
PHASE4-MPS-20260721170405,ALT-BASELINE,SWIP-ALT-BASELINE-00159,159,2026-09-07T13:35,LOT-ALT-BASELINE-PSC-SKU-BIKE-ROAD-001-20260727-ROAD-OP-030-WIP-ROAD-BRAKE-SET-READY,2026-09-07T13:35,,0.0,0.0,60.0,False,,,PSC-SKU-BIKE-ROAD-001-20260727,,SKU-BIKE-ROAD-001,WIP-ROAD-BRAKE-SET-READY,BUF-ROAD-BRAKE,ROAD-OP-030,ROAD-OP-040,ADVISORY_PRODUCTION_TO_BUFFER,60.0,60.0,0.0,0.0,120.0,120.0,0.0,BALANCED,True,True
PHASE4-MPS-20260721170405,ALT-BASELINE,SWIP-ALT-BASELINE-00160,160,2026-09-07T14:47,LOT-ALT-BASELINE-PSC-SKU-BIKE-MT-001-20260720-MT-OP-060-WIP-MT-QC-PASSED,2026-09-07T14:47,,0.0,0.0,60.0,False,,,PSC-SKU-BIKE-MT-001-20260720,,SKU-BIKE-MT-001,WIP-MT-QC-PASSED,BUF-MT-QC,MT-OP-060,MT-OP-070,ADVISORY_PRODUCTION_TO_BUFFER,0.0,60.0,0.0,0.0,60.0,60.0,0.0,BALANCED,True,True
PHASE4-MPS-20260721170405,ALT-BASELINE,SWIP-ALT-BASELINE-00161,161,2026-09-07T14:47,LOT-ALT-BASELINE-PSC-SKU-BIKE-MT-001-20260720-MT-OP-060-WIP-MT-QC-PASSED,2026-09-07T14:47,FIFO,60.0,60.0,0.0,False,,,PSC-SKU-BIKE-MT-001-20260720,,SKU-BIKE-MT-001,WIP-MT-QC-PASSED,BUF-MT-QC,MT-OP-060,MT-OP-070,ADVISORY_DRAW_FOR_OPERATION,60.0,0.0,60.0,0.0,0.0,60.0,0.0,BALANCED,True,True
PHASE4-MPS-20260721170405,ALT-BASELINE,SWIP-ALT-BASELINE-00162,162,2026-09-07T15:12,LOT-ALT-BASELINE-PSC-SKU-BIKE-ROAD-001-20260817-ROAD-OP-010-WIP-ROAD-FRAME-TO-WHEEL,2026-09-07T15:12,,0.0,0.0,60.0,False,,,PSC-SKU-BIKE-ROAD-001-20260817,,SKU-BIKE-ROAD-001,WIP-ROAD-FRAME-TO-WHEEL,BUF-ROAD-FRAME-WHEEL,ROAD-OP-010,ROAD-OP-020,ADVISORY_PRODUCTION_TO_BUFFER,20.0,60.0,0.0,0.0,80.0,80.0,0.0,BALANCED,True,True
PHASE4-MPS-20260721170405,ALT-BASELINE,SWIP-ALT-BASELINE-00163,163,2026-09-07T15:12,LOT-ALT-BASELINE-PSC-SKU-BIKE-ROAD-001-20260817-ROAD-OP-010-WIP-ROAD-FRAME-TO-BRAKE,2026-09-07T15:12,,0.0,0.0,60.0,False,,,PSC-SKU-BIKE-ROAD-001-20260817,,SKU-BIKE-ROAD-001,WIP-ROAD-FRAME-TO-BRAKE,BUF-ROAD-FRAME-BRAKE,ROAD-OP-010,ROAD-OP-030,ADVISORY_PRODUCTION_TO_BUFFER,18.0,60.0,0.0,0.0,78.0,80.0,0.0,BALANCED,True,True
PHASE4-MPS-20260721170405,ALT-BASELINE,SWIP-ALT-BASELINE-00164,164,2026-09-08T08:15,LOT-ALT-BASELINE-PSC-SKU-BIKE-ROAD-001-20260803-ROAD-OP-010-WIP-ROAD-FRAME-TO-WHEEL,2026-09-08T08:15,,0.0,0.0,0.0,False,,,PSC-SKU-BIKE-ROAD-001-20260803,,SKU-BIKE-ROAD-001,WIP-ROAD-FRAME-TO-WHEEL,BUF-ROAD-FRAME-WHEEL,ROAD-OP-010,ROAD-OP-020,ADVISORY_PRODUCTION_TO_BUFFER,80.0,60.0,0.0,60.0,80.0,80.0,0.0,BALANCED,True,True
PHASE4-MPS-20260721170405,ALT-BASELINE,SWIP-ALT-BASELINE-00165,165,2026-09-08T08:15,LOT-ALT-BASELINE-PSC-SKU-BIKE-ROAD-001-20260803-ROAD-OP-010-WIP-ROAD-FRAME-TO-BRAKE,2026-09-08T08:15,,0.0,0.0,2.0,False,,,PSC-SKU-BIKE-ROAD-001-20260803,,SKU-BIKE-ROAD-001,WIP-ROAD-FRAME-TO-BRAKE,BUF-ROAD-FRAME-BRAKE,ROAD-OP-010,ROAD-OP-030,ADVISORY_PRODUCTION_TO_BUFFER,78.0,60.0,0.0,58.0,80.0,80.0,0.0,BALANCED,True,True
PHASE4-MPS-20260721170405,ALT-BASELINE,SWIP-ALT-BASELINE-00166,166,2026-09-08T14:07,LOT-ALT-BASELINE-PSC-SKU-BIKE-ROAD-001-20260727-ROAD-OP-020-WIP-ROAD-WHEEL-SET-READY,2026-09-08T14:07,,0.0,0.0,60.0,False,,,PSC-SKU-BIKE-ROAD-001-20260727,,SKU-BIKE-ROAD-001,WIP-ROAD-WHEEL-SET-READY,BUF-ROAD-WHEEL,ROAD-OP-020,ROAD-OP-040,ADVISORY_PRODUCTION_TO_BUFFER,60.0,60.0,0.0,0.0,120.0,120.0,0.0,BALANCED,True,True
PHASE4-MPS-20260721170405,ALT-BASELINE,SWIP-ALT-BASELINE-00167,167,2026-09-11T08:39,LOT-ALT-BASELINE-PSC-SKU-BIKE-ROAD-001-20260720-ROAD-OP-040-WIP-ROAD-FINAL-ASSEMBLY-READY,2026-09-11T08:39,,0.0,0.0,60.0,False,,,PSC-SKU-BIKE-ROAD-001-20260720,,SKU-BIKE-ROAD-001,WIP-ROAD-FINAL-ASSEMBLY-READY,BUF-ROAD-ASM,ROAD-OP-040,ROAD-OP-050,ADVISORY_PRODUCTION_TO_BUFFER,0.0,60.0,0.0,0.0,60.0,60.0,0.0,BALANCED,True,True
PHASE4-MPS-20260721170405,ALT-BASELINE,SWIP-ALT-BASELINE-00168,168,2026-09-11T08:39,LOT-ALT-BASELINE-PSC-SKU-BIKE-MT-001-20260720-MT-OP-020-WIP-MT-FORK-READY,2026-08-13T14:46,FIFO,53.0,53.0,0.0,False,,,PSC-SKU-BIKE-MT-001-20260727,,SKU-BIKE-MT-001,WIP-MT-FORK-READY,BUF-MT-FORK,MT-OP-020,MT-OP-050,ADVISORY_DRAW_FOR_OPERATION,95.0,0.0,53.0,0.0,42.0,120.0,0.0,BALANCED,True,True
PHASE4-MPS-20260721170405,ALT-BASELINE,SWIP-ALT-BASELINE-00169,169,2026-09-11T08:39,LOT-ALT-BASELINE-PSC-SKU-BIKE-MT-001-20260727-MT-OP-020-WIP-MT-FORK-READY,2026-08-27T11:19,FIFO,42.0,7.0,35.0,False,,,PSC-SKU-BIKE-MT-001-20260727,,SKU-BIKE-MT-001,WIP-MT-FORK-READY,BUF-MT-FORK,MT-OP-020,MT-OP-050,ADVISORY_DRAW_FOR_OPERATION,42.0,0.0,7.0,0.0,35.0,120.0,0.0,BALANCED,True,True
PHASE4-MPS-20260721170405,ALT-BASELINE,SWIP-ALT-BASELINE-00170,170,2026-09-11T08:39,LOT-ALT-BASELINE-PSC-SKU-BIKE-MT-001-20260713-MT-OP-030-WIP-MT-WHEEL-SET-READY,2026-07-24T11:58,FIFO,18.0,18.0,0.0,False,,,PSC-SKU-BIKE-MT-001-20260727,,SKU-BIKE-MT-001,WIP-MT-WHEEL-SET-READY,BUF-MT-WHEEL,MT-OP-030,MT-OP-050,ADVISORY_DRAW_FOR_OPERATION,120.0,0.0,18.0,0.0,102.0,120.0,0.0,BALANCED,True,True
PHASE4-MPS-20260721170405,ALT-BASELINE,SWIP-ALT-BASELINE-00171,171,2026-09-11T08:39,LOT-ALT-BASELINE-PSC-SKU-BIKE-MT-001-20260720-MT-OP-030-WIP-MT-WHEEL-SET-READY,2026-08-12T11:38,FIFO,42.0,42.0,0.0,False,,,PSC-SKU-BIKE-MT-001-20260727,,SKU-BIKE-MT-001,WIP-MT-WHEEL-SET-READY,BUF-MT-WHEEL,MT-OP-030,MT-OP-050,ADVISORY_DRAW_FOR_OPERATION,102.0,0.0,42.0,0.0,60.0,120.0,0.0,BALANCED,True,True
PHASE4-MPS-20260721170405,ALT-BASELINE,SWIP-ALT-BASELINE-00172,172,2026-09-11T08:39,LOT-ALT-BASELINE-PSC-SKU-BIKE-MT-001-20260713-MT-OP-040-WIP-MT-BRAKE-SET-READY,2026-07-23T12:45,FIFO,18.0,18.0,0.0,False,,,PSC-SKU-BIKE-MT-001-20260727,,SKU-BIKE-MT-001,WIP-MT-BRAKE-SET-READY,BUF-MT-BRAKE,MT-OP-040,MT-OP-050,ADVISORY_DRAW_FOR_OPERATION,120.0,0.0,18.0,0.0,102.0,120.0,0.0,BALANCED,True,True
PHASE4-MPS-20260721170405,ALT-BASELINE,SWIP-ALT-BASELINE-00173,173,2026-09-11T08:39,LOT-ALT-BASELINE-PSC-SKU-BIKE-MT-001-20260720-MT-OP-040-WIP-MT-BRAKE-SET-READY,2026-08-11T13:10,FIFO,42.0,42.0,0.0,False,,,PSC-SKU-BIKE-MT-001-20260727,,SKU-BIKE-MT-001,WIP-MT-BRAKE-SET-READY,BUF-MT-BRAKE,MT-OP-040,MT-OP-050,ADVISORY_DRAW_FOR_OPERATION,102.0,0.0,42.0,0.0,60.0,120.0,0.0,BALANCED,True,True
PHASE4-MPS-20260721170405,ALT-BASELINE,SWIP-ALT-BASELINE-00174,174,2026-09-11T08:39,LOT-ALT-BASELINE-PSC-SKU-BIKE-MT-001-20260803-MT-OP-010-WIP-MT-FRAME-TO-FORK,2026-08-28T08:13,FIFO,60.0,60.0,0.0,False,,,PSC-SKU-BIKE-MT-001-20260803,,SKU-BIKE-MT-001,WIP-MT-FRAME-TO-FORK,BUF-MT-FRAME-FORK,MT-OP-010,MT-OP-020,ADVISORY_DRAW_FOR_OPERATION,60.0,0.0,60.0,0.0,0.0,80.0,0.0,BALANCED,True,True
PHASE4-MPS-20260721170405,ALT-BASELINE,SWIP-ALT-BASELINE-00175,175,2026-09-11T08:39,LOT-ALT-BASELINE-PSC-SKU-BIKE-MT-001-20260727-MT-OP-010-WIP-MT-FRAME-TO-WHEEL,2026-08-11T14:34,FIFO,20.0,20.0,0.0,False,,,PSC-SKU-BIKE-MT-001-20260803,,SKU-BIKE-MT-001,WIP-MT-FRAME-TO-WHEEL,BUF-MT-FRAME-WHEEL,MT-OP-010,MT-OP-030,ADVISORY_DRAW_FOR_OPERATION,80.0,0.0,20.0,0.0,60.0,80.0,0.0,BALANCED,True,True
PHASE4-MPS-20260721170405,ALT-BASELINE,SWIP-ALT-BASELINE-00176,176,2026-09-11T08:39,LOT-ALT-BASELINE-PSC-SKU-BIKE-MT-001-20260803-MT-OP-010-WIP-MT-FRAME-TO-WHEEL,2026-08-28T08:13,FIFO,60.0,40.0,20.0,False,,,PSC-SKU-BIKE-MT-001-20260803,,SKU-BIKE-MT-001,WIP-MT-FRAME-TO-WHEEL,BUF-MT-FRAME-WHEEL,MT-OP-010,MT-OP-030,ADVISORY_DRAW_FOR_OPERATION,60.0,0.0,40.0,0.0,20.0,80.0,0.0,BALANCED,True,True
PHASE4-MPS-20260721170405,ALT-BASELINE,SWIP-ALT-BASELINE-00177,177,2026-09-11T08:39,LOT-ALT-BASELINE-PSC-SKU-BIKE-MT-001-20260727-MT-OP-010-WIP-MT-FRAME-TO-BRAKE,2026-08-11T14:34,FIFO,14.0,14.0,0.0,False,,,PSC-SKU-BIKE-MT-001-20260803,,SKU-BIKE-MT-001,WIP-MT-FRAME-TO-BRAKE,BUF-MT-FRAME-BRAKE,MT-OP-010,MT-OP-040,ADVISORY_DRAW_FOR_OPERATION,74.0,0.0,14.0,0.0,60.0,80.0,0.0,BALANCED,True,True
PHASE4-MPS-20260721170405,ALT-BASELINE,SWIP-ALT-BASELINE-00178,178,2026-09-11T08:39,LOT-ALT-BASELINE-PSC-SKU-BIKE-MT-001-20260803-MT-OP-010-WIP-MT-FRAME-TO-BRAKE,2026-08-28T08:13,FIFO,60.0,46.0,14.0,False,,,PSC-SKU-BIKE-MT-001-20260803,,SKU-BIKE-MT-001,WIP-MT-FRAME-TO-BRAKE,BUF-MT-FRAME-BRAKE,MT-OP-010,MT-OP-040,ADVISORY_DRAW_FOR_OPERATION,60.0,0.0,46.0,0.0,14.0,80.0,0.0,BALANCED,True,True
PHASE4-MPS-20260721170405,ALT-BASELINE,SWIP-ALT-BASELINE-00179,179,2026-09-11T08:39,LOT-ALT-BASELINE-PSC-SKU-BIKE-ROAD-001-20260720-ROAD-OP-040-WIP-ROAD-FINAL-ASSEMBLY-READY,2026-09-11T08:39,FIFO,60.0,60.0,0.0,False,,,PSC-SKU-BIKE-ROAD-001-20260720,,SKU-BIKE-ROAD-001,WIP-ROAD-FINAL-ASSEMBLY-READY,BUF-ROAD-ASM,ROAD-OP-040,ROAD-OP-050,ADVISORY_DRAW_FOR_OPERATION,60.0,0.0,60.0,0.0,0.0,60.0,0.0,BALANCED,True,True
PHASE4-MPS-20260721170405,ALT-BASELINE,SWIP-ALT-BASELINE-00180,180,2026-09-14T12:53,LOT-ALT-BASELINE-PSC-SKU-BIKE-MT-001-20260907-MT-OP-010-WIP-MT-FRAME-TO-FORK,2026-09-14T12:53,,0.0,0.0,24.5212,False,,,PSC-SKU-BIKE-MT-001-20260907,,SKU-BIKE-MT-001,WIP-MT-FRAME-TO-FORK,BUF-MT-FRAME-FORK,MT-OP-010,MT-OP-020,ADVISORY_PRODUCTION_TO_BUFFER,0.0,24.5212,0.0,0.0,24.5212,80.0,0.0,BALANCED,True,True
PHASE4-MPS-20260721170405,ALT-BASELINE,SWIP-ALT-BASELINE-00181,181,2026-09-14T12:53,LOT-ALT-BASELINE-PSC-SKU-BIKE-MT-001-20260907-MT-OP-010-WIP-MT-FRAME-TO-WHEEL,2026-09-14T12:53,,0.0,0.0,24.5212,False,,,PSC-SKU-BIKE-MT-001-20260907,,SKU-BIKE-MT-001,WIP-MT-FRAME-TO-WHEEL,BUF-MT-FRAME-WHEEL,MT-OP-010,MT-OP-030,ADVISORY_PRODUCTION_TO_BUFFER,20.0,24.5212,0.0,0.0,44.5212,80.0,0.0,BALANCED,True,True
PHASE4-MPS-20260721170405,ALT-BASELINE,SWIP-ALT-BASELINE-00182,182,2026-09-14T12:53,LOT-ALT-BASELINE-PSC-SKU-BIKE-MT-001-20260907-MT-OP-010-WIP-MT-FRAME-TO-BRAKE,2026-09-14T12:53,,0.0,0.0,24.5212,False,,,PSC-SKU-BIKE-MT-001-20260907,,SKU-BIKE-MT-001,WIP-MT-FRAME-TO-BRAKE,BUF-MT-FRAME-BRAKE,MT-OP-010,MT-OP-040,ADVISORY_PRODUCTION_TO_BUFFER,14.0,24.5212,0.0,0.0,38.5212,80.0,0.0,BALANCED,True,True
PHASE4-MPS-20260721170405,ALT-BASELINE,SWIP-ALT-BASELINE-00183,183,2026-09-14T12:53,LOT-ALT-BASELINE-PSC-SKU-BIKE-MT-001-20260907-MT-OP-010-WIP-MT-FRAME-TO-FORK,2026-09-14T12:53,FIFO,24.5212,10.9963,13.5249,False,,,PSC-SKU-BIKE-MT-001-20260928,,SKU-BIKE-MT-001,WIP-MT-FRAME-TO-FORK,BUF-MT-FRAME-FORK,MT-OP-010,MT-OP-020,ADVISORY_DRAW_FOR_OPERATION,24.5212,0.0,10.9963,0.0,13.5249,80.0,0.0,BALANCED,True,True
PHASE4-MPS-20260721170405,ALT-BASELINE,SWIP-ALT-BASELINE-00184,184,2026-09-14T12:53,LOT-ALT-BASELINE-PSC-SKU-BIKE-MT-001-20260803-MT-OP-010-WIP-MT-FRAME-TO-WHEEL,2026-08-28T08:13,FIFO,20.0,10.9963,9.0037,False,,,PSC-SKU-BIKE-MT-001-20260928,,SKU-BIKE-MT-001,WIP-MT-FRAME-TO-WHEEL,BUF-MT-FRAME-WHEEL,MT-OP-010,MT-OP-030,ADVISORY_DRAW_FOR_OPERATION,44.5212,0.0,10.9963,0.0,33.5249,80.0,0.0,BALANCED,True,True
PHASE4-MPS-20260721170405,ALT-BASELINE,SWIP-ALT-BASELINE-00185,185,2026-09-14T12:53,LOT-ALT-BASELINE-PSC-SKU-BIKE-MT-001-20260803-MT-OP-010-WIP-MT-FRAME-TO-BRAKE,2026-08-28T08:13,FIFO,14.0,10.9963,3.0037,False,,,PSC-SKU-BIKE-MT-001-20260928,,SKU-BIKE-MT-001,WIP-MT-FRAME-TO-BRAKE,BUF-MT-FRAME-BRAKE,MT-OP-010,MT-OP-040,ADVISORY_DRAW_FOR_OPERATION,38.5212,0.0,10.9963,0.0,27.5249,80.0,0.0,BALANCED,True,True
PHASE4-MPS-20260721170405,ALT-BASELINE,SWIP-ALT-BASELINE-00186,186,2026-09-15T10:18,LOT-ALT-BASELINE-PSC-SKU-BIKE-MT-001-20260928-MT-OP-040-WIP-MT-BRAKE-SET-READY,2026-09-15T10:18,,0.0,0.0,10.9963,False,,,PSC-SKU-BIKE-MT-001-20260928,,SKU-BIKE-MT-001,WIP-MT-BRAKE-SET-READY,BUF-MT-BRAKE,MT-OP-040,MT-OP-050,ADVISORY_PRODUCTION_TO_BUFFER,60.0,10.9963,0.0,0.0,70.9963,120.0,0.0,BALANCED,True,True
PHASE4-MPS-20260721170405,ALT-BASELINE,SWIP-ALT-BASELINE-00187,187,2026-09-15T11:47,LOT-ALT-BASELINE-PSC-SKU-BIKE-MT-001-20260928-MT-OP-020-WIP-MT-FORK-READY,2026-09-15T11:47,,0.0,0.0,10.9963,False,,,PSC-SKU-BIKE-MT-001-20260928,,SKU-BIKE-MT-001,WIP-MT-FORK-READY,BUF-MT-FORK,MT-OP-020,MT-OP-050,ADVISORY_PRODUCTION_TO_BUFFER,35.0,10.9963,0.0,0.0,45.9963,120.0,0.0,BALANCED,True,True
PHASE4-MPS-20260721170405,ALT-BASELINE,SWIP-ALT-BASELINE-00188,188,2026-09-15T11:48,LOT-ALT-BASELINE-PSC-SKU-BIKE-MT-001-20260928-MT-OP-030-WIP-MT-WHEEL-SET-READY,2026-09-15T11:48,,0.0,0.0,10.9963,False,,,PSC-SKU-BIKE-MT-001-20260928,,SKU-BIKE-MT-001,WIP-MT-WHEEL-SET-READY,BUF-MT-WHEEL,MT-OP-030,MT-OP-050,ADVISORY_PRODUCTION_TO_BUFFER,60.0,10.9963,0.0,0.0,70.9963,120.0,0.0,BALANCED,True,True
PHASE4-MPS-20260721170405,ALT-BASELINE,SWIP-ALT-BASELINE-00189,189,2026-09-15T12:51,LOT-ALT-BASELINE-PSC-SKU-BIKE-ROAD-001-20260720-ROAD-OP-050-WIP-ROAD-QC-PASSED,2026-09-15T12:51,,0.0,0.0,60.0,False,,,PSC-SKU-BIKE-ROAD-001-20260720,,SKU-BIKE-ROAD-001,WIP-ROAD-QC-PASSED,BUF-ROAD-QC,ROAD-OP-050,ROAD-OP-060,ADVISORY_PRODUCTION_TO_BUFFER,0.0,60.0,0.0,0.0,60.0,60.0,0.0,BALANCED,True,True
PHASE4-MPS-20260721170405,ALT-BASELINE,SWIP-ALT-BASELINE-00190,190,2026-09-15T12:51,LOT-ALT-BASELINE-PSC-SKU-BIKE-ROAD-001-20260720-ROAD-OP-050-WIP-ROAD-QC-PASSED,2026-09-15T12:51,FIFO,60.0,60.0,0.0,False,,,PSC-SKU-BIKE-ROAD-001-20260720,,SKU-BIKE-ROAD-001,WIP-ROAD-QC-PASSED,BUF-ROAD-QC,ROAD-OP-050,ROAD-OP-060,ADVISORY_DRAW_FOR_OPERATION,60.0,0.0,60.0,0.0,0.0,60.0,0.0,BALANCED,True,True
PHASE4-MPS-20260721170405,ALT-BASELINE,SWIP-ALT-BASELINE-00191,191,2026-09-16T09:33,LOT-ALT-BASELINE-PSC-SKU-BIKE-MT-001-20260914-MT-OP-010-WIP-MT-FRAME-TO-FORK,2026-09-16T09:33,,0.0,0.0,24.5212,False,,,PSC-SKU-BIKE-MT-001-20260914,,SKU-BIKE-MT-001,WIP-MT-FRAME-TO-FORK,BUF-MT-FRAME-FORK,MT-OP-010,MT-OP-020,ADVISORY_PRODUCTION_TO_BUFFER,13.5249,24.5212,0.0,0.0,38.0461,80.0,0.0,BALANCED,True,True
PHASE4-MPS-20260721170405,ALT-BASELINE,SWIP-ALT-BASELINE-00192,192,2026-09-16T09:33,LOT-ALT-BASELINE-PSC-SKU-BIKE-MT-001-20260914-MT-OP-010-WIP-MT-FRAME-TO-WHEEL,2026-09-16T09:33,,0.0,0.0,24.5212,False,,,PSC-SKU-BIKE-MT-001-20260914,,SKU-BIKE-MT-001,WIP-MT-FRAME-TO-WHEEL,BUF-MT-FRAME-WHEEL,MT-OP-010,MT-OP-030,ADVISORY_PRODUCTION_TO_BUFFER,33.5249,24.5212,0.0,0.0,58.0461,80.0,0.0,BALANCED,True,True
PHASE4-MPS-20260721170405,ALT-BASELINE,SWIP-ALT-BASELINE-00193,193,2026-09-16T09:33,LOT-ALT-BASELINE-PSC-SKU-BIKE-MT-001-20260914-MT-OP-010-WIP-MT-FRAME-TO-BRAKE,2026-09-16T09:33,,0.0,0.0,24.5212,False,,,PSC-SKU-BIKE-MT-001-20260914,,SKU-BIKE-MT-001,WIP-MT-FRAME-TO-BRAKE,BUF-MT-FRAME-BRAKE,MT-OP-010,MT-OP-040,ADVISORY_PRODUCTION_TO_BUFFER,27.5249,24.5212,0.0,0.0,52.0461,80.0,0.0,BALANCED,True,True
PHASE4-MPS-20260721170405,ALT-BASELINE,SWIP-ALT-BASELINE-00194,194,2026-09-16T12:35,LOT-ALT-BASELINE-PSC-SKU-BIKE-MT-001-20260803-MT-OP-040-WIP-MT-BRAKE-SET-READY,2026-09-16T12:35,,0.0,0.0,49.0037,False,,,PSC-SKU-BIKE-MT-001-20260803,,SKU-BIKE-MT-001,WIP-MT-BRAKE-SET-READY,BUF-MT-BRAKE,MT-OP-040,MT-OP-050,ADVISORY_PRODUCTION_TO_BUFFER,70.9963,60.0,0.0,10.9963,120.0,120.0,0.0,BALANCED,True,True
PHASE4-MPS-20260721170405,ALT-BASELINE,SWIP-ALT-BASELINE-00195,195,2026-09-16T14:33,LOT-ALT-BASELINE-PSC-SKU-BIKE-MT-001-20260810-MT-OP-010-WIP-MT-FRAME-TO-FORK,2026-09-16T14:33,,0.0,0.0,41.9539,False,,,PSC-SKU-BIKE-MT-001-20260810,,SKU-BIKE-MT-001,WIP-MT-FRAME-TO-FORK,BUF-MT-FRAME-FORK,MT-OP-010,MT-OP-020,ADVISORY_PRODUCTION_TO_BUFFER,38.0461,60.0,0.0,18.0461,80.0,80.0,0.0,BALANCED,True,True
PHASE4-MPS-20260721170405,ALT-BASELINE,SWIP-ALT-BASELINE-00196,196,2026-09-16T14:33,LOT-ALT-BASELINE-PSC-SKU-BIKE-MT-001-20260810-MT-OP-010-WIP-MT-FRAME-TO-WHEEL,2026-09-16T14:33,,0.0,0.0,21.9539,False,,,PSC-SKU-BIKE-MT-001-20260810,,SKU-BIKE-MT-001,WIP-MT-FRAME-TO-WHEEL,BUF-MT-FRAME-WHEEL,MT-OP-010,MT-OP-030,ADVISORY_PRODUCTION_TO_BUFFER,58.0461,60.0,0.0,38.0461,80.0,80.0,0.0,BALANCED,True,True
PHASE4-MPS-20260721170405,ALT-BASELINE,SWIP-ALT-BASELINE-00197,197,2026-09-16T14:33,LOT-ALT-BASELINE-PSC-SKU-BIKE-MT-001-20260810-MT-OP-010-WIP-MT-FRAME-TO-BRAKE,2026-09-16T14:33,,0.0,0.0,27.9539,False,,,PSC-SKU-BIKE-MT-001-20260810,,SKU-BIKE-MT-001,WIP-MT-FRAME-TO-BRAKE,BUF-MT-FRAME-BRAKE,MT-OP-010,MT-OP-040,ADVISORY_PRODUCTION_TO_BUFFER,52.0461,60.0,0.0,32.0461,80.0,80.0,0.0,BALANCED,True,True
PHASE4-MPS-20260721170405,ALT-BASELINE,SWIP-ALT-BASELINE-00198,198,2026-09-17T13:12,LOT-ALT-BASELINE-PSC-SKU-BIKE-MT-001-20260803-MT-OP-020-WIP-MT-FORK-READY,2026-09-17T13:12,,0.0,0.0,60.0,False,,,PSC-SKU-BIKE-MT-001-20260803,,SKU-BIKE-MT-001,WIP-MT-FORK-READY,BUF-MT-FORK,MT-OP-020,MT-OP-050,ADVISORY_PRODUCTION_TO_BUFFER,45.9963,60.0,0.0,0.0,105.9963,120.0,0.0,BALANCED,True,True
PHASE4-MPS-20260721170405,ALT-BASELINE,SWIP-ALT-BASELINE-00199,199,2026-09-17T13:30,LOT-ALT-BASELINE-PSC-SKU-BIKE-MT-001-20260803-MT-OP-030-WIP-MT-WHEEL-SET-READY,2026-09-17T13:30,,0.0,0.0,49.0037,False,,,PSC-SKU-BIKE-MT-001-20260803,,SKU-BIKE-MT-001,WIP-MT-WHEEL-SET-READY,BUF-MT-WHEEL,MT-OP-030,MT-OP-050,ADVISORY_PRODUCTION_TO_BUFFER,70.9963,60.0,0.0,10.9963,120.0,120.0,0.0,BALANCED,True,True
PHASE4-MPS-20260721170405,ALT-BASELINE,SWIP-ALT-BASELINE-00200,200,2026-09-22T12:49,LOT-ALT-BASELINE-PSC-SKU-BIKE-MT-001-20260727-MT-OP-050-WIP-MT-FINAL-ASSEMBLY-READY,2026-09-22T12:49,,0.0,0.0,60.0,False,,,PSC-SKU-BIKE-MT-001-20260727,,SKU-BIKE-MT-001,WIP-MT-FINAL-ASSEMBLY-READY,BUF-MT-ASM,MT-OP-050,MT-OP-060,ADVISORY_PRODUCTION_TO_BUFFER,0.0,60.0,0.0,0.0,60.0,60.0,0.0,BALANCED,True,True
PHASE4-MPS-20260721170405,ALT-BASELINE,SWIP-ALT-BASELINE-00201,201,2026-09-22T12:49,LOT-ALT-BASELINE-PSC-SKU-BIKE-MT-001-20260727-MT-OP-050-WIP-MT-FINAL-ASSEMBLY-READY,2026-09-22T12:49,FIFO,60.0,60.0,0.0,False,,,PSC-SKU-BIKE-MT-001-20260727,,SKU-BIKE-MT-001,WIP-MT-FINAL-ASSEMBLY-READY,BUF-MT-ASM,MT-OP-050,MT-OP-060,ADVISORY_DRAW_FOR_OPERATION,60.0,0.0,60.0,0.0,0.0,60.0,0.0,BALANCED,True,True
PHASE4-MPS-20260721170405,ALT-BASELINE,SWIP-ALT-BASELINE-00202,202,2026-09-22T12:49,LOT-ALT-BASELINE-PSC-SKU-BIKE-ROAD-001-20260713-ROAD-OP-020-WIP-ROAD-WHEEL-SET-READY,2026-08-05T11:36,FIFO,6.0005,6.0005,0.0,False,,,PSC-SKU-BIKE-ROAD-001-20260727,,SKU-BIKE-ROAD-001,WIP-ROAD-WHEEL-SET-READY,BUF-ROAD-WHEEL,ROAD-OP-020,ROAD-OP-040,ADVISORY_DRAW_FOR_OPERATION,120.0,0.0,6.0005,0.0,113.9995,120.0,0.0,BALANCED,True,True
PHASE4-MPS-20260721170405,ALT-BASELINE,SWIP-ALT-BASELINE-00203,203,2026-09-22T12:49,LOT-ALT-BASELINE-PSC-SKU-BIKE-ROAD-001-20260720-ROAD-OP-020-WIP-ROAD-WHEEL-SET-READY,2026-08-20T09:24,FIFO,53.9995,53.9995,0.0,False,,,PSC-SKU-BIKE-ROAD-001-20260727,,SKU-BIKE-ROAD-001,WIP-ROAD-WHEEL-SET-READY,BUF-ROAD-WHEEL,ROAD-OP-020,ROAD-OP-040,ADVISORY_DRAW_FOR_OPERATION,113.9995,0.0,53.9995,0.0,60.0,120.0,0.0,BALANCED,True,True
PHASE4-MPS-20260721170405,ALT-BASELINE,SWIP-ALT-BASELINE-00204,204,2026-09-22T12:49,LOT-ALT-BASELINE-PSC-SKU-BIKE-ROAD-001-20260713-ROAD-OP-030-WIP-ROAD-BRAKE-SET-READY,2026-08-04T13:35,FIFO,6.0005,6.0005,0.0,False,,,PSC-SKU-BIKE-ROAD-001-20260727,,SKU-BIKE-ROAD-001,WIP-ROAD-BRAKE-SET-READY,BUF-ROAD-BRAKE,ROAD-OP-030,ROAD-OP-040,ADVISORY_DRAW_FOR_OPERATION,120.0,0.0,6.0005,0.0,113.9995,120.0,0.0,BALANCED,True,True
PHASE4-MPS-20260721170405,ALT-BASELINE,SWIP-ALT-BASELINE-00205,205,2026-09-22T12:49,LOT-ALT-BASELINE-PSC-SKU-BIKE-ROAD-001-20260720-ROAD-OP-030-WIP-ROAD-BRAKE-SET-READY,2026-08-19T09:38,FIFO,53.9995,53.9995,0.0,False,,,PSC-SKU-BIKE-ROAD-001-20260727,,SKU-BIKE-ROAD-001,WIP-ROAD-BRAKE-SET-READY,BUF-ROAD-BRAKE,ROAD-OP-030,ROAD-OP-040,ADVISORY_DRAW_FOR_OPERATION,113.9995,0.0,53.9995,0.0,60.0,120.0,0.0,BALANCED,True,True
PHASE4-MPS-20260721170405,ALT-BASELINE,SWIP-ALT-BASELINE-00206,206,2026-09-22T12:49,LOT-ALT-BASELINE-PSC-SKU-BIKE-ROAD-001-20260727-ROAD-OP-010-WIP-ROAD-FRAME-TO-WHEEL,2026-08-19T11:23,FIFO,20.0,20.0,0.0,False,,,PSC-SKU-BIKE-ROAD-001-20260803,,SKU-BIKE-ROAD-001,WIP-ROAD-FRAME-TO-WHEEL,BUF-ROAD-FRAME-WHEEL,ROAD-OP-010,ROAD-OP-020,ADVISORY_DRAW_FOR_OPERATION,80.0,0.0,20.0,0.0,60.0,80.0,0.0,BALANCED,True,True
PHASE4-MPS-20260721170405,ALT-BASELINE,SWIP-ALT-BASELINE-00207,207,2026-09-22T12:49,LOT-ALT-BASELINE-PSC-SKU-BIKE-ROAD-001-20260817-ROAD-OP-010-WIP-ROAD-FRAME-TO-WHEEL,2026-09-07T15:12,FIFO,60.0,40.0,20.0,False,,,PSC-SKU-BIKE-ROAD-001-20260803,,SKU-BIKE-ROAD-001,WIP-ROAD-FRAME-TO-WHEEL,BUF-ROAD-FRAME-WHEEL,ROAD-OP-010,ROAD-OP-020,ADVISORY_DRAW_FOR_OPERATION,60.0,0.0,40.0,0.0,20.0,80.0,0.0,BALANCED,True,True
PHASE4-MPS-20260721170405,ALT-BASELINE,SWIP-ALT-BASELINE-00208,208,2026-09-22T12:49,LOT-ALT-BASELINE-PSC-SKU-BIKE-ROAD-001-20260727-ROAD-OP-010-WIP-ROAD-FRAME-TO-BRAKE,2026-08-19T11:23,FIFO,18.0,18.0,0.0,False,,,PSC-SKU-BIKE-ROAD-001-20260803,,SKU-BIKE-ROAD-001,WIP-ROAD-FRAME-TO-BRAKE,BUF-ROAD-FRAME-BRAKE,ROAD-OP-010,ROAD-OP-030,ADVISORY_DRAW_FOR_OPERATION,80.0,0.0,18.0,0.0,62.0,80.0,0.0,BALANCED,True,True
PHASE4-MPS-20260721170405,ALT-BASELINE,SWIP-ALT-BASELINE-00209,209,2026-09-22T12:49,LOT-ALT-BASELINE-PSC-SKU-BIKE-ROAD-001-20260817-ROAD-OP-010-WIP-ROAD-FRAME-TO-BRAKE,2026-09-07T15:12,FIFO,60.0,42.0,18.0,False,,,PSC-SKU-BIKE-ROAD-001-20260803,,SKU-BIKE-ROAD-001,WIP-ROAD-FRAME-TO-BRAKE,BUF-ROAD-FRAME-BRAKE,ROAD-OP-010,ROAD-OP-030,ADVISORY_DRAW_FOR_OPERATION,62.0,0.0,42.0,0.0,20.0,80.0,0.0,BALANCED,True,True
PHASE4-MPS-20260721170405,ALT-BASELINE,SWIP-ALT-BASELINE-00210,210,2026-09-22T12:49,LOT-ALT-BASELINE-PSC-SKU-BIKE-ROAD-001-20260817-ROAD-OP-010-WIP-ROAD-FRAME-TO-WHEEL,2026-09-07T15:12,FIFO,20.0,14.202,5.798,False,,,PSC-SKU-BIKE-ROAD-001-20260928,,SKU-BIKE-ROAD-001,WIP-ROAD-FRAME-TO-WHEEL,BUF-ROAD-FRAME-WHEEL,ROAD-OP-010,ROAD-OP-020,ADVISORY_DRAW_FOR_OPERATION,20.0,0.0,14.202,0.0,5.798,80.0,0.0,BALANCED,True,True
PHASE4-MPS-20260721170405,ALT-BASELINE,SWIP-ALT-BASELINE-00211,211,2026-09-22T12:49,LOT-ALT-BASELINE-PSC-SKU-BIKE-ROAD-001-20260817-ROAD-OP-010-WIP-ROAD-FRAME-TO-BRAKE,2026-09-07T15:12,FIFO,18.0,14.202,3.798,False,,,PSC-SKU-BIKE-ROAD-001-20260928,,SKU-BIKE-ROAD-001,WIP-ROAD-FRAME-TO-BRAKE,BUF-ROAD-FRAME-BRAKE,ROAD-OP-010,ROAD-OP-030,ADVISORY_DRAW_FOR_OPERATION,20.0,0.0,14.202,0.0,5.798,80.0,0.0,BALANCED,True,True
PHASE4-MPS-20260721170405,ALT-BASELINE,SWIP-ALT-BASELINE-00212,212,2026-09-23T10:49,LOT-ALT-BASELINE-PSC-SKU-BIKE-ROAD-001-20260928-ROAD-OP-030-WIP-ROAD-BRAKE-SET-READY,2026-09-23T10:49,,0.0,0.0,14.202,False,,,PSC-SKU-BIKE-ROAD-001-20260928,,SKU-BIKE-ROAD-001,WIP-ROAD-BRAKE-SET-READY,BUF-ROAD-BRAKE,ROAD-OP-030,ROAD-OP-040,ADVISORY_PRODUCTION_TO_BUFFER,60.0,14.202,0.0,0.0,74.202,120.0,0.0,BALANCED,True,True
PHASE4-MPS-20260721170405,ALT-BASELINE,SWIP-ALT-BASELINE-00213,213,2026-09-23T12:38,LOT-ALT-BASELINE-PSC-SKU-BIKE-ROAD-001-20260928-ROAD-OP-020-WIP-ROAD-WHEEL-SET-READY,2026-09-23T12:38,,0.0,0.0,14.202,False,,,PSC-SKU-BIKE-ROAD-001-20260928,,SKU-BIKE-ROAD-001,WIP-ROAD-WHEEL-SET-READY,BUF-ROAD-WHEEL,ROAD-OP-020,ROAD-OP-040,ADVISORY_PRODUCTION_TO_BUFFER,60.0,14.202,0.0,0.0,74.202,120.0,0.0,BALANCED,True,True
PHASE4-MPS-20260721170405,ALT-BASELINE,SWIP-ALT-BASELINE-00214,214,2026-09-25T12:39,LOT-ALT-BASELINE-PSC-SKU-BIKE-ROAD-001-20260803-ROAD-OP-030-WIP-ROAD-BRAKE-SET-READY,2026-09-25T12:39,,0.0,0.0,45.798,False,,,PSC-SKU-BIKE-ROAD-001-20260803,,SKU-BIKE-ROAD-001,WIP-ROAD-BRAKE-SET-READY,BUF-ROAD-BRAKE,ROAD-OP-030,ROAD-OP-040,ADVISORY_PRODUCTION_TO_BUFFER,74.202,60.0,0.0,14.202,120.0,120.0,0.0,BALANCED,True,True
PHASE4-MPS-20260721170405,ALT-BASELINE,SWIP-ALT-BASELINE-00215,215,2026-09-25T13:51,LOT-ALT-BASELINE-PSC-SKU-BIKE-MT-001-20260727-MT-OP-060-WIP-MT-QC-PASSED,2026-09-25T13:51,,0.0,0.0,60.0,False,,,PSC-SKU-BIKE-MT-001-20260727,,SKU-BIKE-MT-001,WIP-MT-QC-PASSED,BUF-MT-QC,MT-OP-060,MT-OP-070,ADVISORY_PRODUCTION_TO_BUFFER,0.0,60.0,0.0,0.0,60.0,60.0,0.0,BALANCED,True,True
PHASE4-MPS-20260721170405,ALT-BASELINE,SWIP-ALT-BASELINE-00216,216,2026-09-25T13:51,LOT-ALT-BASELINE-PSC-SKU-BIKE-MT-001-20260727-MT-OP-060-WIP-MT-QC-PASSED,2026-09-25T13:51,FIFO,60.0,60.0,0.0,False,,,PSC-SKU-BIKE-MT-001-20260727,,SKU-BIKE-MT-001,WIP-MT-QC-PASSED,BUF-MT-QC,MT-OP-060,MT-OP-070,ADVISORY_DRAW_FOR_OPERATION,60.0,0.0,60.0,0.0,0.0,60.0,0.0,BALANCED,True,True
PHASE4-MPS-20260721170405,ALT-BASELINE,SWIP-ALT-BASELINE-00217,217,2026-09-25T14:35,LOT-ALT-BASELINE-PSC-SKU-BIKE-ROAD-001-20260810-ROAD-OP-010-WIP-ROAD-FRAME-TO-WHEEL,2026-09-25T14:35,,0.0,0.0,60.0,False,,,PSC-SKU-BIKE-ROAD-001-20260810,,SKU-BIKE-ROAD-001,WIP-ROAD-FRAME-TO-WHEEL,BUF-ROAD-FRAME-WHEEL,ROAD-OP-010,ROAD-OP-020,ADVISORY_PRODUCTION_TO_BUFFER,5.798,60.0,0.0,0.0,65.798,80.0,0.0,BALANCED,True,True
PHASE4-MPS-20260721170405,ALT-BASELINE,SWIP-ALT-BASELINE-00218,218,2026-09-25T14:35,LOT-ALT-BASELINE-PSC-SKU-BIKE-ROAD-001-20260810-ROAD-OP-010-WIP-ROAD-FRAME-TO-BRAKE,2026-09-25T14:35,,0.0,0.0,60.0,False,,,PSC-SKU-BIKE-ROAD-001-20260810,,SKU-BIKE-ROAD-001,WIP-ROAD-FRAME-TO-BRAKE,BUF-ROAD-FRAME-BRAKE,ROAD-OP-010,ROAD-OP-030,ADVISORY_PRODUCTION_TO_BUFFER,5.798,60.0,0.0,0.0,65.798,80.0,0.0,BALANCED,True,True
PHASE4-MPS-20260721170405,ALT-BASELINE,SWIP-ALT-BASELINE-00219,219,2026-09-28T13:12,LOT-ALT-BASELINE-PSC-SKU-BIKE-ROAD-001-20260803-ROAD-OP-020-WIP-ROAD-WHEEL-SET-READY,2026-09-28T13:12,,0.0,0.0,45.798,False,,,PSC-SKU-BIKE-ROAD-001-20260803,,SKU-BIKE-ROAD-001,WIP-ROAD-WHEEL-SET-READY,BUF-ROAD-WHEEL,ROAD-OP-020,ROAD-OP-040,ADVISORY_PRODUCTION_TO_BUFFER,74.202,60.0,0.0,14.202,120.0,120.0,0.0,BALANCED,True,True
PHASE4-MPS-20260721170405,ALT-BASELINE,SWIP-ALT-BASELINE-00220,220,2026-09-30T14:59,LOT-ALT-BASELINE-PSC-SKU-BIKE-ROAD-001-20260727-ROAD-OP-040-WIP-ROAD-FINAL-ASSEMBLY-READY,2026-09-30T14:59,,0.0,0.0,60.0,False,,,PSC-SKU-BIKE-ROAD-001-20260727,,SKU-BIKE-ROAD-001,WIP-ROAD-FINAL-ASSEMBLY-READY,BUF-ROAD-ASM,ROAD-OP-040,ROAD-OP-050,ADVISORY_PRODUCTION_TO_BUFFER,0.0,60.0,0.0,0.0,60.0,60.0,0.0,BALANCED,True,True
PHASE4-MPS-20260721170405,ALT-BASELINE,SWIP-ALT-BASELINE-00221,221,2026-09-30T14:59,LOT-ALT-BASELINE-PSC-SKU-BIKE-MT-001-20260727-MT-OP-020-WIP-MT-FORK-READY,2026-08-27T11:19,FIFO,35.0,0.2882,34.7118,False,,,PSC-SKU-BIKE-MT-001-20260928,,SKU-BIKE-MT-001,WIP-MT-FORK-READY,BUF-MT-FORK,MT-OP-020,MT-OP-050,ADVISORY_DRAW_FOR_OPERATION,105.9963,0.0,0.2882,0.0,105.7081,120.0,0.0,BALANCED,True,True
PHASE4-MPS-20260721170405,ALT-BASELINE,SWIP-ALT-BASELINE-00222,222,2026-09-30T14:59,LOT-ALT-BASELINE-PSC-SKU-BIKE-MT-001-20260727-MT-OP-030-WIP-MT-WHEEL-SET-READY,2026-08-28T14:26,FIFO,60.0,0.2882,59.7118,False,,,PSC-SKU-BIKE-MT-001-20260928,,SKU-BIKE-MT-001,WIP-MT-WHEEL-SET-READY,BUF-MT-WHEEL,MT-OP-030,MT-OP-050,ADVISORY_DRAW_FOR_OPERATION,120.0,0.0,0.2882,0.0,119.7118,120.0,0.0,BALANCED,True,True
PHASE4-MPS-20260721170405,ALT-BASELINE,SWIP-ALT-BASELINE-00223,223,2026-09-30T14:59,LOT-ALT-BASELINE-PSC-SKU-BIKE-MT-001-20260727-MT-OP-040-WIP-MT-BRAKE-SET-READY,2026-08-27T13:30,FIFO,60.0,0.2882,59.7118,False,,,PSC-SKU-BIKE-MT-001-20260928,,SKU-BIKE-MT-001,WIP-MT-BRAKE-SET-READY,BUF-MT-BRAKE,MT-OP-040,MT-OP-050,ADVISORY_DRAW_FOR_OPERATION,120.0,0.0,0.2882,0.0,119.7118,120.0,0.0,BALANCED,True,True
PHASE4-MPS-20260721170405,ALT-BASELINE,SWIP-ALT-BASELINE-00224,224,2026-09-30T14:59,LOT-ALT-BASELINE-PSC-SKU-BIKE-ROAD-001-20260727-ROAD-OP-040-WIP-ROAD-FINAL-ASSEMBLY-READY,2026-09-30T14:59,FIFO,60.0,60.0,0.0,False,,,PSC-SKU-BIKE-ROAD-001-20260727,,SKU-BIKE-ROAD-001,WIP-ROAD-FINAL-ASSEMBLY-READY,BUF-ROAD-ASM,ROAD-OP-040,ROAD-OP-050,ADVISORY_DRAW_FOR_OPERATION,60.0,0.0,60.0,0.0,0.0,60.0,0.0,BALANCED,True,True
PHASE4-MPS-20260721170405,ALT-BASELINE,SWIP-ALT-BASELINE-00225,225,2026-09-30T15:14,LOT-ALT-BASELINE-PSC-SKU-BIKE-MT-001-20260928-MT-OP-050-WIP-MT-FINAL-ASSEMBLY-READY,2026-09-30T15:14,,0.0,0.0,0.2882,False,,,PSC-SKU-BIKE-MT-001-20260928,,SKU-BIKE-MT-001,WIP-MT-FINAL-ASSEMBLY-READY,BUF-MT-ASM,MT-OP-050,MT-OP-060,ADVISORY_PRODUCTION_TO_BUFFER,0.0,0.2882,0.0,0.0,0.2882,60.0,0.0,BALANCED,True,True
PHASE4-MPS-20260721170405,ALT-BASELINE,SWIP-ALT-BASELINE-00226,226,2026-10-01T08:00,LOT-ALT-BASELINE-PSC-SKU-BIKE-MT-001-20260727-MT-OP-020-WIP-MT-FORK-READY,2026-08-27T11:19,FIFO,34.7118,34.7118,0.0,False,,,PSC-SKU-BIKE-MT-001-20260803,,SKU-BIKE-MT-001,WIP-MT-FORK-READY,BUF-MT-FORK,MT-OP-020,MT-OP-050,ADVISORY_DRAW_FOR_OPERATION,105.7081,0.0,34.7118,0.0,70.9963,120.0,0.0,BALANCED,True,True
PHASE4-MPS-20260721170405,ALT-BASELINE,SWIP-ALT-BASELINE-00227,227,2026-10-01T08:00,LOT-ALT-BASELINE-PSC-SKU-BIKE-MT-001-20260928-MT-OP-020-WIP-MT-FORK-READY,2026-09-15T11:47,FIFO,10.9963,10.9963,0.0,False,,,PSC-SKU-BIKE-MT-001-20260803,,SKU-BIKE-MT-001,WIP-MT-FORK-READY,BUF-MT-FORK,MT-OP-020,MT-OP-050,ADVISORY_DRAW_FOR_OPERATION,70.9963,0.0,10.9963,0.0,60.0,120.0,0.0,BALANCED,True,True
PHASE4-MPS-20260721170405,ALT-BASELINE,SWIP-ALT-BASELINE-00228,228,2026-10-01T08:00,LOT-ALT-BASELINE-PSC-SKU-BIKE-MT-001-20260803-MT-OP-020-WIP-MT-FORK-READY,2026-09-17T13:12,FIFO,60.0,14.2919,45.7081,False,,,PSC-SKU-BIKE-MT-001-20260803,,SKU-BIKE-MT-001,WIP-MT-FORK-READY,BUF-MT-FORK,MT-OP-020,MT-OP-050,ADVISORY_DRAW_FOR_OPERATION,60.0,0.0,14.2919,0.0,45.7081,120.0,0.0,BALANCED,True,True
PHASE4-MPS-20260721170405,ALT-BASELINE,SWIP-ALT-BASELINE-00229,229,2026-10-01T08:00,LOT-ALT-BASELINE-PSC-SKU-BIKE-MT-001-20260727-MT-OP-030-WIP-MT-WHEEL-SET-READY,2026-08-28T14:26,FIFO,59.7118,59.7118,0.0,False,,,PSC-SKU-BIKE-MT-001-20260803,,SKU-BIKE-MT-001,WIP-MT-WHEEL-SET-READY,BUF-MT-WHEEL,MT-OP-030,MT-OP-050,ADVISORY_DRAW_FOR_OPERATION,119.7118,0.0,59.7118,0.0,60.0,120.0,0.0,BALANCED,True,True
PHASE4-MPS-20260721170405,ALT-BASELINE,SWIP-ALT-BASELINE-00230,230,2026-10-01T08:00,LOT-ALT-BASELINE-PSC-SKU-BIKE-MT-001-20260928-MT-OP-030-WIP-MT-WHEEL-SET-READY,2026-09-15T11:48,FIFO,10.9963,0.2882,10.7081,False,,,PSC-SKU-BIKE-MT-001-20260803,,SKU-BIKE-MT-001,WIP-MT-WHEEL-SET-READY,BUF-MT-WHEEL,MT-OP-030,MT-OP-050,ADVISORY_DRAW_FOR_OPERATION,60.0,0.0,0.2882,0.0,59.7118,120.0,0.0,BALANCED,True,True
PHASE4-MPS-20260721170405,ALT-BASELINE,SWIP-ALT-BASELINE-00231,231,2026-10-01T08:00,LOT-ALT-BASELINE-PSC-SKU-BIKE-MT-001-20260727-MT-OP-040-WIP-MT-BRAKE-SET-READY,2026-08-27T13:30,FIFO,59.7118,59.7118,0.0,False,,,PSC-SKU-BIKE-MT-001-20260803,,SKU-BIKE-MT-001,WIP-MT-BRAKE-SET-READY,BUF-MT-BRAKE,MT-OP-040,MT-OP-050,ADVISORY_DRAW_FOR_OPERATION,119.7118,0.0,59.7118,0.0,60.0,120.0,0.0,BALANCED,True,True
PHASE4-MPS-20260721170405,ALT-BASELINE,SWIP-ALT-BASELINE-00232,232,2026-10-01T08:00,LOT-ALT-BASELINE-PSC-SKU-BIKE-MT-001-20260928-MT-OP-040-WIP-MT-BRAKE-SET-READY,2026-09-15T10:18,FIFO,10.9963,0.2882,10.7081,False,,,PSC-SKU-BIKE-MT-001-20260803,,SKU-BIKE-MT-001,WIP-MT-BRAKE-SET-READY,BUF-MT-BRAKE,MT-OP-040,MT-OP-050,ADVISORY_DRAW_FOR_OPERATION,60.0,0.0,0.2882,0.0,59.7118,120.0,0.0,BALANCED,True,True
PHASE4-MPS-20260721170405,ALT-BASELINE,SWIP-ALT-BASELINE-00233,233,2026-10-01T08:00,LOT-ALT-BASELINE-PSC-SKU-BIKE-MT-001-20260907-MT-OP-010-WIP-MT-FRAME-TO-FORK,2026-09-14T12:53,FIFO,13.5249,13.5249,0.0,False,,,PSC-SKU-BIKE-MT-001-20260810,,SKU-BIKE-MT-001,WIP-MT-FRAME-TO-FORK,BUF-MT-FRAME-FORK,MT-OP-010,MT-OP-020,ADVISORY_DRAW_FOR_OPERATION,80.0,0.0,13.5249,0.0,66.4751,80.0,0.0,BALANCED,True,True
PHASE4-MPS-20260721170405,ALT-BASELINE,SWIP-ALT-BASELINE-00234,234,2026-10-01T08:00,LOT-ALT-BASELINE-PSC-SKU-BIKE-MT-001-20260914-MT-OP-010-WIP-MT-FRAME-TO-FORK,2026-09-16T09:33,FIFO,24.5212,24.5212,0.0,False,,,PSC-SKU-BIKE-MT-001-20260810,,SKU-BIKE-MT-001,WIP-MT-FRAME-TO-FORK,BUF-MT-FRAME-FORK,MT-OP-010,MT-OP-020,ADVISORY_DRAW_FOR_OPERATION,66.4751,0.0,24.5212,0.0,41.9539,80.0,0.0,BALANCED,True,True
PHASE4-MPS-20260721170405,ALT-BASELINE,SWIP-ALT-BASELINE-00235,235,2026-10-01T08:00,LOT-ALT-BASELINE-PSC-SKU-BIKE-MT-001-20260810-MT-OP-010-WIP-MT-FRAME-TO-FORK,2026-09-16T14:33,FIFO,41.9539,21.9539,20.0,False,,,PSC-SKU-BIKE-MT-001-20260810,,SKU-BIKE-MT-001,WIP-MT-FRAME-TO-FORK,BUF-MT-FRAME-FORK,MT-OP-010,MT-OP-020,ADVISORY_DRAW_FOR_OPERATION,41.9539,0.0,21.9539,0.0,20.0,80.0,0.0,BALANCED,True,True
PHASE4-MPS-20260721170405,ALT-BASELINE,SWIP-ALT-BASELINE-00236,236,2026-10-01T08:00,LOT-ALT-BASELINE-PSC-SKU-BIKE-MT-001-20260803-MT-OP-010-WIP-MT-FRAME-TO-WHEEL,2026-08-28T08:13,FIFO,9.0037,9.0037,0.0,False,,,PSC-SKU-BIKE-MT-001-20260810,,SKU-BIKE-MT-001,WIP-MT-FRAME-TO-WHEEL,BUF-MT-FRAME-WHEEL,MT-OP-010,MT-OP-030,ADVISORY_DRAW_FOR_OPERATION,80.0,0.0,9.0037,0.0,70.9963,80.0,0.0,BALANCED,True,True
PHASE4-MPS-20260721170405,ALT-BASELINE,SWIP-ALT-BASELINE-00237,237,2026-10-01T08:00,LOT-ALT-BASELINE-PSC-SKU-BIKE-MT-001-20260907-MT-OP-010-WIP-MT-FRAME-TO-WHEEL,2026-09-14T12:53,FIFO,24.5212,24.5212,0.0,False,,,PSC-SKU-BIKE-MT-001-20260810,,SKU-BIKE-MT-001,WIP-MT-FRAME-TO-WHEEL,BUF-MT-FRAME-WHEEL,MT-OP-010,MT-OP-030,ADVISORY_DRAW_FOR_OPERATION,70.9963,0.0,24.5212,0.0,46.4751,80.0,0.0,BALANCED,True,True
PHASE4-MPS-20260721170405,ALT-BASELINE,SWIP-ALT-BASELINE-00238,238,2026-10-01T08:00,LOT-ALT-BASELINE-PSC-SKU-BIKE-MT-001-20260914-MT-OP-010-WIP-MT-FRAME-TO-WHEEL,2026-09-16T09:33,FIFO,24.5212,24.5212,0.0,False,,,PSC-SKU-BIKE-MT-001-20260810,,SKU-BIKE-MT-001,WIP-MT-FRAME-TO-WHEEL,BUF-MT-FRAME-WHEEL,MT-OP-010,MT-OP-030,ADVISORY_DRAW_FOR_OPERATION,46.4751,0.0,24.5212,0.0,21.9539,80.0,0.0,BALANCED,True,True
PHASE4-MPS-20260721170405,ALT-BASELINE,SWIP-ALT-BASELINE-00239,239,2026-10-01T08:00,LOT-ALT-BASELINE-PSC-SKU-BIKE-MT-001-20260810-MT-OP-010-WIP-MT-FRAME-TO-WHEEL,2026-09-16T14:33,FIFO,21.9539,1.9539,20.0,False,,,PSC-SKU-BIKE-MT-001-20260810,,SKU-BIKE-MT-001,WIP-MT-FRAME-TO-WHEEL,BUF-MT-FRAME-WHEEL,MT-OP-010,MT-OP-030,ADVISORY_DRAW_FOR_OPERATION,21.9539,0.0,1.9539,0.0,20.0,80.0,0.0,BALANCED,True,True
PHASE4-MPS-20260721170405,ALT-BASELINE,SWIP-ALT-BASELINE-00240,240,2026-10-01T08:00,LOT-ALT-BASELINE-PSC-SKU-BIKE-MT-001-20260803-MT-OP-010-WIP-MT-FRAME-TO-BRAKE,2026-08-28T08:13,FIFO,3.0037,3.0037,0.0,False,,,PSC-SKU-BIKE-MT-001-20260810,,SKU-BIKE-MT-001,WIP-MT-FRAME-TO-BRAKE,BUF-MT-FRAME-BRAKE,MT-OP-010,MT-OP-040,ADVISORY_DRAW_FOR_OPERATION,80.0,0.0,3.0037,0.0,76.9963,80.0,0.0,BALANCED,True,True
PHASE4-MPS-20260721170405,ALT-BASELINE,SWIP-ALT-BASELINE-00241,241,2026-10-01T08:00,LOT-ALT-BASELINE-PSC-SKU-BIKE-MT-001-20260907-MT-OP-010-WIP-MT-FRAME-TO-BRAKE,2026-09-14T12:53,FIFO,24.5212,24.5212,0.0,False,,,PSC-SKU-BIKE-MT-001-20260810,,SKU-BIKE-MT-001,WIP-MT-FRAME-TO-BRAKE,BUF-MT-FRAME-BRAKE,MT-OP-010,MT-OP-040,ADVISORY_DRAW_FOR_OPERATION,76.9963,0.0,24.5212,0.0,52.4751,80.0,0.0,BALANCED,True,True
PHASE4-MPS-20260721170405,ALT-BASELINE,SWIP-ALT-BASELINE-00242,242,2026-10-01T08:00,LOT-ALT-BASELINE-PSC-SKU-BIKE-MT-001-20260914-MT-OP-010-WIP-MT-FRAME-TO-BRAKE,2026-09-16T09:33,FIFO,24.5212,24.5212,0.0,False,,,PSC-SKU-BIKE-MT-001-20260810,,SKU-BIKE-MT-001,WIP-MT-FRAME-TO-BRAKE,BUF-MT-FRAME-BRAKE,MT-OP-010,MT-OP-040,ADVISORY_DRAW_FOR_OPERATION,52.4751,0.0,24.5212,0.0,27.9539,80.0,0.0,BALANCED,True,True
PHASE4-MPS-20260721170405,ALT-BASELINE,SWIP-ALT-BASELINE-00243,243,2026-10-01T08:00,LOT-ALT-BASELINE-PSC-SKU-BIKE-MT-001-20260810-MT-OP-010-WIP-MT-FRAME-TO-BRAKE,2026-09-16T14:33,FIFO,27.9539,7.9539,20.0,False,,,PSC-SKU-BIKE-MT-001-20260810,,SKU-BIKE-MT-001,WIP-MT-FRAME-TO-BRAKE,BUF-MT-FRAME-BRAKE,MT-OP-010,MT-OP-040,ADVISORY_DRAW_FOR_OPERATION,27.9539,0.0,7.9539,0.0,20.0,80.0,0.0,BALANCED,True,True
PHASE4-MPS-20260721170405,ALT-BASELINE,SWIP-ALT-BASELINE-00244,244,2026-10-01T08:00,LOT-ALT-BASELINE-PSC-SKU-BIKE-MT-001-20260810-MT-OP-010-WIP-MT-FRAME-TO-WHEEL,2026-09-16T14:33,FIFO,20.0,20.0,0.0,False,,,PSC-SKU-BIKE-MT-001-20260817,,SKU-BIKE-MT-001,WIP-MT-FRAME-TO-WHEEL,BUF-MT-FRAME-WHEEL,MT-OP-010,MT-OP-030,ADVISORY_DRAW_FOR_OPERATION,20.0,0.0,20.0,0.0,0.0,80.0,0.0,BALANCED,True,True
PHASE4-MPS-20260721170405,ALT-BASELINE,SWIP-ALT-BASELINE-00245,245,2026-10-01T08:00,LOT-ALT-BASELINE-PSC-SKU-BIKE-MT-001-20260810-MT-OP-010-WIP-MT-FRAME-TO-BRAKE,2026-09-16T14:33,FIFO,20.0,14.0,6.0,False,,,PSC-SKU-BIKE-MT-001-20260817,,SKU-BIKE-MT-001,WIP-MT-FRAME-TO-BRAKE,BUF-MT-FRAME-BRAKE,MT-OP-010,MT-OP-040,ADVISORY_DRAW_FOR_OPERATION,20.0,0.0,14.0,0.0,6.0,80.0,0.0,BALANCED,True,True
PHASE4-MPS-20260721170405,ALT-BASELINE,SWIP-ALT-BASELINE-00246,246,2026-10-01T14:08,LOT-ALT-BASELINE-PSC-SKU-BIKE-MT-001-20260817-MT-OP-040-WIP-MT-BRAKE-SET-READY,2026-10-01T14:08,,0.0,0.0,14.0,False,,,PSC-SKU-BIKE-MT-001-20260817,,SKU-BIKE-MT-001,WIP-MT-BRAKE-SET-READY,BUF-MT-BRAKE,MT-OP-040,MT-OP-050,ADVISORY_PRODUCTION_TO_BUFFER,59.7118,14.0,0.0,0.0,73.7118,120.0,0.0,BALANCED,True,True
PHASE4-MPS-20260721170405,ALT-BASELINE,SWIP-ALT-BASELINE-00247,247,2026-10-02T12:08,LOT-ALT-BASELINE-PSC-SKU-BIKE-MT-001-20260817-MT-OP-030-WIP-MT-WHEEL-SET-READY,2026-10-02T12:08,,0.0,0.0,20.0,False,,,PSC-SKU-BIKE-MT-001-20260817,,SKU-BIKE-MT-001,WIP-MT-WHEEL-SET-READY,BUF-MT-WHEEL,MT-OP-030,MT-OP-050,ADVISORY_PRODUCTION_TO_BUFFER,59.7118,20.0,0.0,0.0,79.7118,120.0,0.0,BALANCED,True,True
PHASE4-MPS-20260721170405,ALT-BASELINE,SWIP-ALT-BASELINE-00248,248,2026-10-05T11:56,LOT-ALT-BASELINE-PSC-SKU-BIKE-ROAD-001-20260727-ROAD-OP-050-WIP-ROAD-QC-PASSED,2026-10-05T11:56,,0.0,0.0,60.0,False,,,PSC-SKU-BIKE-ROAD-001-20260727,,SKU-BIKE-ROAD-001,WIP-ROAD-QC-PASSED,BUF-ROAD-QC,ROAD-OP-050,ROAD-OP-060,ADVISORY_PRODUCTION_TO_BUFFER,0.0,60.0,0.0,0.0,60.0,60.0,0.0,BALANCED,True,True
PHASE4-MPS-20260721170405,ALT-BASELINE,SWIP-ALT-BASELINE-00249,249,2026-10-05T11:56,LOT-ALT-BASELINE-PSC-SKU-BIKE-ROAD-001-20260727-ROAD-OP-050-WIP-ROAD-QC-PASSED,2026-10-05T11:56,FIFO,60.0,60.0,0.0,False,,,PSC-SKU-BIKE-ROAD-001-20260727,,SKU-BIKE-ROAD-001,WIP-ROAD-QC-PASSED,BUF-ROAD-QC,ROAD-OP-050,ROAD-OP-060,ADVISORY_DRAW_FOR_OPERATION,60.0,0.0,60.0,0.0,0.0,60.0,0.0,BALANCED,True,True
PHASE4-MPS-20260721170405,ALT-BASELINE,SWIP-ALT-BASELINE-00250,250,2026-10-06T11:55,LOT-ALT-BASELINE-PSC-SKU-BIKE-MT-001-20260810-MT-OP-040-WIP-MT-BRAKE-SET-READY,2026-10-06T11:55,,0.0,0.0,46.2882,False,,,PSC-SKU-BIKE-MT-001-20260810,,SKU-BIKE-MT-001,WIP-MT-BRAKE-SET-READY,BUF-MT-BRAKE,MT-OP-040,MT-OP-050,ADVISORY_PRODUCTION_TO_BUFFER,73.7118,60.0,0.0,13.7118,120.0,120.0,0.0,BALANCED,True,True
PHASE4-MPS-20260721170405,ALT-BASELINE,SWIP-ALT-BASELINE-00251,251,2026-10-07T12:32,LOT-ALT-BASELINE-PSC-SKU-BIKE-MT-001-20260810-MT-OP-020-WIP-MT-FORK-READY,2026-10-07T12:32,,0.0,0.0,60.0,False,,,PSC-SKU-BIKE-MT-001-20260810,,SKU-BIKE-MT-001,WIP-MT-FORK-READY,BUF-MT-FORK,MT-OP-020,MT-OP-050,ADVISORY_PRODUCTION_TO_BUFFER,45.7081,60.0,0.0,0.0,105.7081,120.0,0.0,BALANCED,True,True
PHASE4-MPS-20260721170405,ALT-BASELINE,SWIP-ALT-BASELINE-00252,252,2026-10-07T12:50,LOT-ALT-BASELINE-PSC-SKU-BIKE-MT-001-20260810-MT-OP-030-WIP-MT-WHEEL-SET-READY,2026-10-07T12:50,,0.0,0.0,40.2882,False,,,PSC-SKU-BIKE-MT-001-20260810,,SKU-BIKE-MT-001,WIP-MT-WHEEL-SET-READY,BUF-MT-WHEEL,MT-OP-030,MT-OP-050,ADVISORY_PRODUCTION_TO_BUFFER,79.7118,60.0,0.0,19.7118,120.0,120.0,0.0,BALANCED,True,True
PHASE4-MPS-20260721170405,ALT-BASELINE,SWIP-ALT-BASELINE-00253,253,2026-10-07T14:04,LOT-ALT-BASELINE-PSC-SKU-BIKE-MT-001-20260831-MT-OP-010-WIP-MT-FRAME-TO-FORK,2026-10-07T14:04,,0.0,0.0,60.0,False,,,PSC-SKU-BIKE-MT-001-20260831,,SKU-BIKE-MT-001,WIP-MT-FRAME-TO-FORK,BUF-MT-FRAME-FORK,MT-OP-010,MT-OP-020,ADVISORY_PRODUCTION_TO_BUFFER,20.0,76.9741,0.0,16.9741,80.0,80.0,0.0,BALANCED,True,True
PHASE4-MPS-20260721170405,ALT-BASELINE,SWIP-ALT-BASELINE-00254,254,2026-10-07T14:04,LOT-ALT-BASELINE-PSC-SKU-BIKE-MT-001-20260831-MT-OP-010-WIP-MT-FRAME-TO-WHEEL,2026-10-07T14:04,,0.0,0.0,76.9741,False,,,PSC-SKU-BIKE-MT-001-20260831,,SKU-BIKE-MT-001,WIP-MT-FRAME-TO-WHEEL,BUF-MT-FRAME-WHEEL,MT-OP-010,MT-OP-030,ADVISORY_PRODUCTION_TO_BUFFER,0.0,76.9741,0.0,0.0,76.9741,80.0,0.0,BALANCED,True,True
PHASE4-MPS-20260721170405,ALT-BASELINE,SWIP-ALT-BASELINE-00255,255,2026-10-07T14:04,LOT-ALT-BASELINE-PSC-SKU-BIKE-MT-001-20260831-MT-OP-010-WIP-MT-FRAME-TO-BRAKE,2026-10-07T14:04,,0.0,0.0,74.0,False,,,PSC-SKU-BIKE-MT-001-20260831,,SKU-BIKE-MT-001,WIP-MT-FRAME-TO-BRAKE,BUF-MT-FRAME-BRAKE,MT-OP-010,MT-OP-040,ADVISORY_PRODUCTION_TO_BUFFER,6.0,76.9741,0.0,2.9741,80.0,80.0,0.0,BALANCED,True,True
PHASE4-MPS-20260721170405,ALT-BASELINE,SWIP-ALT-BASELINE-00256,256,2026-10-07T14:04,LOT-ALT-BASELINE-PSC-SKU-BIKE-MT-001-20260810-MT-OP-010-WIP-MT-FRAME-TO-FORK,2026-09-16T14:33,FIFO,20.0,8.9586,11.0414,False,,,PSC-SKU-BIKE-MT-001-20260831,,SKU-BIKE-MT-001,WIP-MT-FRAME-TO-FORK,BUF-MT-FRAME-FORK,MT-OP-010,MT-OP-020,ADVISORY_DRAW_FOR_OPERATION,80.0,0.0,8.9586,0.0,71.0414,80.0,0.0,BALANCED,True,True
PHASE4-MPS-20260721170405,ALT-BASELINE,SWIP-ALT-BASELINE-00257,257,2026-10-07T14:22,LOT-ALT-BASELINE-PSC-SKU-BIKE-MT-001-20260824-MT-OP-010-WIP-MT-FRAME-TO-FORK,2026-10-07T14:22,,0.0,0.0,8.9586,False,,,PSC-SKU-BIKE-MT-001-20260824,,SKU-BIKE-MT-001,WIP-MT-FRAME-TO-FORK,BUF-MT-FRAME-FORK,MT-OP-010,MT-OP-020,ADVISORY_PRODUCTION_TO_BUFFER,71.0414,76.9741,0.0,68.0155,80.0,80.0,0.0,BALANCED,True,True
PHASE4-MPS-20260721170405,ALT-BASELINE,SWIP-ALT-BASELINE-00258,258,2026-10-07T14:22,LOT-ALT-BASELINE-PSC-SKU-BIKE-MT-001-20260824-MT-OP-010-WIP-MT-FRAME-TO-WHEEL,2026-10-07T14:22,,0.0,0.0,3.0259,False,,,PSC-SKU-BIKE-MT-001-20260824,,SKU-BIKE-MT-001,WIP-MT-FRAME-TO-WHEEL,BUF-MT-FRAME-WHEEL,MT-OP-010,MT-OP-030,ADVISORY_PRODUCTION_TO_BUFFER,76.9741,76.9741,0.0,73.9482,80.0,80.0,0.0,BALANCED,True,True
PHASE4-MPS-20260721170405,ALT-BASELINE,SWIP-ALT-BASELINE-00259,259,2026-10-07T14:22,LOT-ALT-BASELINE-PSC-SKU-BIKE-MT-001-20260824-MT-OP-010-WIP-MT-FRAME-TO-BRAKE,2026-10-07T14:22,,0.0,0.0,0.0,False,,,PSC-SKU-BIKE-MT-001-20260824,,SKU-BIKE-MT-001,WIP-MT-FRAME-TO-BRAKE,BUF-MT-FRAME-BRAKE,MT-OP-010,MT-OP-040,ADVISORY_PRODUCTION_TO_BUFFER,80.0,76.9741,0.0,76.9741,80.0,80.0,0.0,BALANCED,True,True
PHASE4-MPS-20260721170405,ALT-BASELINE,SWIP-ALT-BASELINE-00260,260,2026-10-08T11:50,LOT-ALT-BASELINE-PSC-SKU-BIKE-MT-001-20260831-MT-OP-020-WIP-MT-FORK-READY,2026-10-08T11:50,,0.0,0.0,8.9586,False,,,PSC-SKU-BIKE-MT-001-20260831,,SKU-BIKE-MT-001,WIP-MT-FORK-READY,BUF-MT-FORK,MT-OP-020,MT-OP-050,ADVISORY_PRODUCTION_TO_BUFFER,105.7081,8.9586,0.0,0.0,114.6667,120.0,0.0,BALANCED,True,True
PHASE4-MPS-20260721170405,ALT-BASELINE,SWIP-ALT-BASELINE-00261,261,2026-10-12T12:09,LOT-ALT-BASELINE-PSC-SKU-BIKE-MT-001-20260803-MT-OP-050-WIP-MT-FINAL-ASSEMBLY-READY,2026-10-12T12:09,,0.0,0.0,59.7118,False,,,PSC-SKU-BIKE-MT-001-20260803,,SKU-BIKE-MT-001,WIP-MT-FINAL-ASSEMBLY-READY,BUF-MT-ASM,MT-OP-050,MT-OP-060,ADVISORY_PRODUCTION_TO_BUFFER,0.2882,60.0,0.0,0.2882,60.0,60.0,0.0,BALANCED,True,True
PHASE4-MPS-20260721170405,ALT-BASELINE,SWIP-ALT-BASELINE-00262,262,2026-10-12T12:09,LOT-ALT-BASELINE-PSC-SKU-BIKE-MT-001-20260928-MT-OP-050-WIP-MT-FINAL-ASSEMBLY-READY,2026-09-30T15:14,FIFO,0.2882,0.2882,0.0,False,,,PSC-SKU-BIKE-MT-001-20260803,,SKU-BIKE-MT-001,WIP-MT-FINAL-ASSEMBLY-READY,BUF-MT-ASM,MT-OP-050,MT-OP-060,ADVISORY_DRAW_FOR_OPERATION,60.0,0.0,0.2882,0.0,59.7118,60.0,0.0,BALANCED,True,True
PHASE4-MPS-20260721170405,ALT-BASELINE,SWIP-ALT-BASELINE-00263,263,2026-10-12T12:09,LOT-ALT-BASELINE-PSC-SKU-BIKE-MT-001-20260803-MT-OP-050-WIP-MT-FINAL-ASSEMBLY-READY,2026-10-12T12:09,FIFO,59.7118,59.7118,0.0,False,,,PSC-SKU-BIKE-MT-001-20260803,,SKU-BIKE-MT-001,WIP-MT-FINAL-ASSEMBLY-READY,BUF-MT-ASM,MT-OP-050,MT-OP-060,ADVISORY_DRAW_FOR_OPERATION,59.7118,0.0,59.7118,0.0,0.0,60.0,0.0,BALANCED,True,True
PHASE4-MPS-20260721170405,ALT-BASELINE,SWIP-ALT-BASELINE-00264,264,2026-10-12T12:09,LOT-ALT-BASELINE-PSC-SKU-BIKE-ROAD-001-20260727-ROAD-OP-020-WIP-ROAD-WHEEL-SET-READY,2026-09-08T14:07,FIFO,60.0,60.0,0.0,False,,,PSC-SKU-BIKE-ROAD-001-20260803,,SKU-BIKE-ROAD-001,WIP-ROAD-WHEEL-SET-READY,BUF-ROAD-WHEEL,ROAD-OP-020,ROAD-OP-040,ADVISORY_DRAW_FOR_OPERATION,120.0,0.0,60.0,0.0,60.0,120.0,0.0,BALANCED,True,True
PHASE4-MPS-20260721170405,ALT-BASELINE,SWIP-ALT-BASELINE-00265,265,2026-10-12T12:09,LOT-ALT-BASELINE-PSC-SKU-BIKE-ROAD-001-20260727-ROAD-OP-030-WIP-ROAD-BRAKE-SET-READY,2026-09-07T13:35,FIFO,60.0,60.0,0.0,False,,,PSC-SKU-BIKE-ROAD-001-20260803,,SKU-BIKE-ROAD-001,WIP-ROAD-BRAKE-SET-READY,BUF-ROAD-BRAKE,ROAD-OP-030,ROAD-OP-040,ADVISORY_DRAW_FOR_OPERATION,120.0,0.0,60.0,0.0,60.0,120.0,0.0,BALANCED,True,True
PHASE4-MPS-20260721170405,ALT-BASELINE,SWIP-ALT-BASELINE-00266,266,2026-10-12T12:09,LOT-ALT-BASELINE-PSC-SKU-BIKE-ROAD-001-20260817-ROAD-OP-010-WIP-ROAD-FRAME-TO-WHEEL,2026-09-07T15:12,FIFO,5.798,5.798,0.0,False,,,PSC-SKU-BIKE-ROAD-001-20260810,,SKU-BIKE-ROAD-001,WIP-ROAD-FRAME-TO-WHEEL,BUF-ROAD-FRAME-WHEEL,ROAD-OP-010,ROAD-OP-020,ADVISORY_DRAW_FOR_OPERATION,65.798,0.0,5.798,0.0,60.0,80.0,0.0,BALANCED,True,True
PHASE4-MPS-20260721170405,ALT-BASELINE,SWIP-ALT-BASELINE-00267,267,2026-10-12T12:09,LOT-ALT-BASELINE-PSC-SKU-BIKE-ROAD-001-20260810-ROAD-OP-010-WIP-ROAD-FRAME-TO-WHEEL,2026-09-25T14:35,FIFO,60.0,54.202,5.798,False,,,PSC-SKU-BIKE-ROAD-001-20260810,,SKU-BIKE-ROAD-001,WIP-ROAD-FRAME-TO-WHEEL,BUF-ROAD-FRAME-WHEEL,ROAD-OP-010,ROAD-OP-020,ADVISORY_DRAW_FOR_OPERATION,60.0,0.0,54.202,0.0,5.798,80.0,0.0,BALANCED,True,True
PHASE4-MPS-20260721170405,ALT-BASELINE,SWIP-ALT-BASELINE-00268,268,2026-10-12T12:09,LOT-ALT-BASELINE-PSC-SKU-BIKE-ROAD-001-20260817-ROAD-OP-010-WIP-ROAD-FRAME-TO-BRAKE,2026-09-07T15:12,FIFO,3.798,3.798,0.0,False,,,PSC-SKU-BIKE-ROAD-001-20260810,,SKU-BIKE-ROAD-001,WIP-ROAD-FRAME-TO-BRAKE,BUF-ROAD-FRAME-BRAKE,ROAD-OP-010,ROAD-OP-030,ADVISORY_DRAW_FOR_OPERATION,65.798,0.0,3.798,0.0,62.0,80.0,0.0,BALANCED,True,True
PHASE4-MPS-20260721170405,ALT-BASELINE,SWIP-ALT-BASELINE-00269,269,2026-10-12T12:09,LOT-ALT-BASELINE-PSC-SKU-BIKE-ROAD-001-20260803-ROAD-OP-010-WIP-ROAD-FRAME-TO-BRAKE,2026-09-08T08:15,FIFO,2.0,2.0,0.0,False,,,PSC-SKU-BIKE-ROAD-001-20260810,,SKU-BIKE-ROAD-001,WIP-ROAD-FRAME-TO-BRAKE,BUF-ROAD-FRAME-BRAKE,ROAD-OP-010,ROAD-OP-030,ADVISORY_DRAW_FOR_OPERATION,62.0,0.0,2.0,0.0,60.0,80.0,0.0,BALANCED,True,True
PHASE4-MPS-20260721170405,ALT-BASELINE,SWIP-ALT-BASELINE-00270,270,2026-10-12T12:09,LOT-ALT-BASELINE-PSC-SKU-BIKE-ROAD-001-20260810-ROAD-OP-010-WIP-ROAD-FRAME-TO-BRAKE,2026-09-25T14:35,FIFO,60.0,54.202,5.798,False,,,PSC-SKU-BIKE-ROAD-001-20260810,,SKU-BIKE-ROAD-001,WIP-ROAD-FRAME-TO-BRAKE,BUF-ROAD-FRAME-BRAKE,ROAD-OP-010,ROAD-OP-030,ADVISORY_DRAW_FOR_OPERATION,60.0,0.0,54.202,0.0,5.798,80.0,0.0,BALANCED,True,True
PHASE4-MPS-20260721170405,ALT-BASELINE,SWIP-ALT-BASELINE-00271,271,2026-10-13T10:42,LOT-ALT-BASELINE-PSC-SKU-BIKE-ROAD-001-20260928-ROAD-OP-010-WIP-ROAD-FRAME-TO-WHEEL,2026-10-13T10:42,,0.0,0.0,14.202,False,,,PSC-SKU-BIKE-ROAD-001-20260928,,SKU-BIKE-ROAD-001,WIP-ROAD-FRAME-TO-WHEEL,BUF-ROAD-FRAME-WHEEL,ROAD-OP-010,ROAD-OP-020,ADVISORY_PRODUCTION_TO_BUFFER,5.798,14.202,0.0,0.0,20.0,80.0,0.0,BALANCED,True,True
PHASE4-MPS-20260721170405,ALT-BASELINE,SWIP-ALT-BASELINE-00272,272,2026-10-13T10:42,LOT-ALT-BASELINE-PSC-SKU-BIKE-ROAD-001-20260928-ROAD-OP-010-WIP-ROAD-FRAME-TO-BRAKE,2026-10-13T10:42,,0.0,0.0,14.202,False,,,PSC-SKU-BIKE-ROAD-001-20260928,,SKU-BIKE-ROAD-001,WIP-ROAD-FRAME-TO-BRAKE,BUF-ROAD-FRAME-BRAKE,ROAD-OP-010,ROAD-OP-030,ADVISORY_PRODUCTION_TO_BUFFER,5.798,14.202,0.0,0.0,20.0,80.0,0.0,BALANCED,True,True
PHASE4-MPS-20260721170405,ALT-BASELINE,SWIP-ALT-BASELINE-00273,273,2026-10-15T11:59,LOT-ALT-BASELINE-PSC-SKU-BIKE-ROAD-001-20260810-ROAD-OP-030-WIP-ROAD-BRAKE-SET-READY,2026-10-15T11:59,,0.0,0.0,60.0,False,,,PSC-SKU-BIKE-ROAD-001-20260810,,SKU-BIKE-ROAD-001,WIP-ROAD-BRAKE-SET-READY,BUF-ROAD-BRAKE,ROAD-OP-030,ROAD-OP-040,ADVISORY_PRODUCTION_TO_BUFFER,60.0,60.0,0.0,0.0,120.0,120.0,0.0,BALANCED,True,True
PHASE4-MPS-20260721170405,ALT-BASELINE,SWIP-ALT-BASELINE-00274,274,2026-10-15T13:12,LOT-ALT-BASELINE-PSC-SKU-BIKE-MT-001-20260803-MT-OP-060-WIP-MT-QC-PASSED,2026-10-15T13:12,,0.0,0.0,60.0,False,,,PSC-SKU-BIKE-MT-001-20260803,,SKU-BIKE-MT-001,WIP-MT-QC-PASSED,BUF-MT-QC,MT-OP-060,MT-OP-070,ADVISORY_PRODUCTION_TO_BUFFER,0.0,60.0,0.0,0.0,60.0,60.0,0.0,BALANCED,True,True
PHASE4-MPS-20260721170405,ALT-BASELINE,SWIP-ALT-BASELINE-00275,275,2026-10-15T13:12,LOT-ALT-BASELINE-PSC-SKU-BIKE-MT-001-20260803-MT-OP-060-WIP-MT-QC-PASSED,2026-10-15T13:12,FIFO,60.0,60.0,0.0,False,,,PSC-SKU-BIKE-MT-001-20260803,,SKU-BIKE-MT-001,WIP-MT-QC-PASSED,BUF-MT-QC,MT-OP-060,MT-OP-070,ADVISORY_DRAW_FOR_OPERATION,60.0,0.0,60.0,0.0,0.0,60.0,0.0,BALANCED,True,True
PHASE4-MPS-20260721170405,ALT-BASELINE,SWIP-ALT-BASELINE-00276,276,2026-10-15T13:55,LOT-ALT-BASELINE-PSC-SKU-BIKE-ROAD-001-20260831-ROAD-OP-010-WIP-ROAD-FRAME-TO-WHEEL,2026-10-15T13:55,,0.0,0.0,60.0,False,,,PSC-SKU-BIKE-ROAD-001-20260831,,SKU-BIKE-ROAD-001,WIP-ROAD-FRAME-TO-WHEEL,BUF-ROAD-FRAME-WHEEL,ROAD-OP-010,ROAD-OP-020,ADVISORY_PRODUCTION_TO_BUFFER,20.0,60.0,0.0,0.0,80.0,80.0,0.0,BALANCED,True,True
PHASE4-MPS-20260721170405,ALT-BASELINE,SWIP-ALT-BASELINE-00277,277,2026-10-15T13:55,LOT-ALT-BASELINE-PSC-SKU-BIKE-ROAD-001-20260831-ROAD-OP-010-WIP-ROAD-FRAME-TO-BRAKE,2026-10-15T13:55,,0.0,0.0,60.0,False,,,PSC-SKU-BIKE-ROAD-001-20260831,,SKU-BIKE-ROAD-001,WIP-ROAD-FRAME-TO-BRAKE,BUF-ROAD-FRAME-BRAKE,ROAD-OP-010,ROAD-OP-030,ADVISORY_PRODUCTION_TO_BUFFER,20.0,60.0,0.0,0.0,80.0,80.0,0.0,BALANCED,True,True
PHASE4-MPS-20260721170405,ALT-BASELINE,SWIP-ALT-BASELINE-00278,278,2026-10-16T12:32,LOT-ALT-BASELINE-PSC-SKU-BIKE-ROAD-001-20260810-ROAD-OP-020-WIP-ROAD-WHEEL-SET-READY,2026-10-16T12:32,,0.0,0.0,60.0,False,,,PSC-SKU-BIKE-ROAD-001-20260810,,SKU-BIKE-ROAD-001,WIP-ROAD-WHEEL-SET-READY,BUF-ROAD-WHEEL,ROAD-OP-020,ROAD-OP-040,ADVISORY_PRODUCTION_TO_BUFFER,60.0,60.0,0.0,0.0,120.0,120.0,0.0,BALANCED,True,True
PHASE4-MPS-20260721170405,ALT-BASELINE,SWIP-ALT-BASELINE-00279,279,2026-10-20T14:19,LOT-ALT-BASELINE-PSC-SKU-BIKE-ROAD-001-20260803-ROAD-OP-040-WIP-ROAD-FINAL-ASSEMBLY-READY,2026-10-20T14:19,,0.0,0.0,60.0,False,,,PSC-SKU-BIKE-ROAD-001-20260803,,SKU-BIKE-ROAD-001,WIP-ROAD-FINAL-ASSEMBLY-READY,BUF-ROAD-ASM,ROAD-OP-040,ROAD-OP-050,ADVISORY_PRODUCTION_TO_BUFFER,0.0,60.0,0.0,0.0,60.0,60.0,0.0,BALANCED,True,True
PHASE4-MPS-20260721170405,ALT-BASELINE,SWIP-ALT-BASELINE-00280,280,2026-10-20T14:19,LOT-ALT-BASELINE-PSC-SKU-BIKE-MT-001-20260803-MT-OP-020-WIP-MT-FORK-READY,2026-09-17T13:12,FIFO,45.7081,24.5212,21.1869,False,,,PSC-SKU-BIKE-MT-001-20260810,,SKU-BIKE-MT-001,WIP-MT-FORK-READY,BUF-MT-FORK,MT-OP-020,MT-OP-050,ADVISORY_DRAW_FOR_OPERATION,114.6667,0.0,24.5212,0.0,90.1455,120.0,0.0,BALANCED,True,True
PHASE4-MPS-20260721170405,ALT-BASELINE,SWIP-ALT-BASELINE-00281,281,2026-10-20T14:19,LOT-ALT-BASELINE-PSC-SKU-BIKE-MT-001-20260928-MT-OP-030-WIP-MT-WHEEL-SET-READY,2026-09-15T11:48,FIFO,10.7081,10.7081,0.0,False,,,PSC-SKU-BIKE-MT-001-20260810,,SKU-BIKE-MT-001,WIP-MT-WHEEL-SET-READY,BUF-MT-WHEEL,MT-OP-030,MT-OP-050,ADVISORY_DRAW_FOR_OPERATION,120.0,0.0,10.7081,0.0,109.2919,120.0,0.0,BALANCED,True,True
PHASE4-MPS-20260721170405,ALT-BASELINE,SWIP-ALT-BASELINE-00282,282,2026-10-20T14:19,LOT-ALT-BASELINE-PSC-SKU-BIKE-MT-001-20260803-MT-OP-030-WIP-MT-WHEEL-SET-READY,2026-09-17T13:30,FIFO,49.0037,13.8131,35.1906,False,,,PSC-SKU-BIKE-MT-001-20260810,,SKU-BIKE-MT-001,WIP-MT-WHEEL-SET-READY,BUF-MT-WHEEL,MT-OP-030,MT-OP-050,ADVISORY_DRAW_FOR_OPERATION,109.2919,0.0,13.8131,0.0,95.4788,120.0,0.0,BALANCED,True,True
PHASE4-MPS-20260721170405,ALT-BASELINE,SWIP-ALT-BASELINE-00283,283,2026-10-20T14:19,LOT-ALT-BASELINE-PSC-SKU-BIKE-MT-001-20260928-MT-OP-040-WIP-MT-BRAKE-SET-READY,2026-09-15T10:18,FIFO,10.7081,10.7081,0.0,False,,,PSC-SKU-BIKE-MT-001-20260810,,SKU-BIKE-MT-001,WIP-MT-BRAKE-SET-READY,BUF-MT-BRAKE,MT-OP-040,MT-OP-050,ADVISORY_DRAW_FOR_OPERATION,120.0,0.0,10.7081,0.0,109.2919,120.0,0.0,BALANCED,True,True
PHASE4-MPS-20260721170405,ALT-BASELINE,SWIP-ALT-BASELINE-00284,284,2026-10-20T14:19,LOT-ALT-BASELINE-PSC-SKU-BIKE-MT-001-20260803-MT-OP-040-WIP-MT-BRAKE-SET-READY,2026-09-16T12:35,FIFO,49.0037,13.8131,35.1906,False,,,PSC-SKU-BIKE-MT-001-20260810,,SKU-BIKE-MT-001,WIP-MT-BRAKE-SET-READY,BUF-MT-BRAKE,MT-OP-040,MT-OP-050,ADVISORY_DRAW_FOR_OPERATION,109.2919,0.0,13.8131,0.0,95.4788,120.0,0.0,BALANCED,True,True
PHASE4-MPS-20260721170405,ALT-BASELINE,SWIP-ALT-BASELINE-00285,285,2026-10-20T14:19,LOT-ALT-BASELINE-PSC-SKU-BIKE-MT-001-20260810-MT-OP-010-WIP-MT-FRAME-TO-FORK,2026-09-16T14:33,FIFO,11.0414,11.0414,0.0,False,,,PSC-SKU-BIKE-MT-001-20260824,,SKU-BIKE-MT-001,WIP-MT-FRAME-TO-FORK,BUF-MT-FRAME-FORK,MT-OP-010,MT-OP-020,ADVISORY_DRAW_FOR_OPERATION,80.0,0.0,11.0414,0.0,68.9586,80.0,0.0,BALANCED,True,True
PHASE4-MPS-20260721170405,ALT-BASELINE,SWIP-ALT-BASELINE-00286,286,2026-10-20T14:19,LOT-ALT-BASELINE-PSC-SKU-BIKE-MT-001-20260831-MT-OP-010-WIP-MT-FRAME-TO-FORK,2026-10-07T14:04,FIFO,60.0,29.5213,30.4787,False,,,PSC-SKU-BIKE-MT-001-20260824,,SKU-BIKE-MT-001,WIP-MT-FRAME-TO-FORK,BUF-MT-FRAME-FORK,MT-OP-010,MT-OP-020,ADVISORY_DRAW_FOR_OPERATION,68.9586,0.0,29.5213,0.0,39.4373,80.0,0.0,BALANCED,True,True
PHASE4-MPS-20260721170405,ALT-BASELINE,SWIP-ALT-BASELINE-00287,287,2026-10-20T14:19,LOT-ALT-BASELINE-PSC-SKU-BIKE-MT-001-20260831-MT-OP-010-WIP-MT-FRAME-TO-WHEEL,2026-10-07T14:04,FIFO,76.9741,24.5212,52.4529,False,,,PSC-SKU-BIKE-MT-001-20260824,,SKU-BIKE-MT-001,WIP-MT-FRAME-TO-WHEEL,BUF-MT-FRAME-WHEEL,MT-OP-010,MT-OP-030,ADVISORY_DRAW_FOR_OPERATION,80.0,0.0,24.5212,0.0,55.4788,80.0,0.0,BALANCED,True,True
PHASE4-MPS-20260721170405,ALT-BASELINE,SWIP-ALT-BASELINE-00288,288,2026-10-20T14:19,LOT-ALT-BASELINE-PSC-SKU-BIKE-MT-001-20260810-MT-OP-010-WIP-MT-FRAME-TO-BRAKE,2026-09-16T14:33,FIFO,6.0,6.0,0.0,False,,,PSC-SKU-BIKE-MT-001-20260824,,SKU-BIKE-MT-001,WIP-MT-FRAME-TO-BRAKE,BUF-MT-FRAME-BRAKE,MT-OP-010,MT-OP-040,ADVISORY_DRAW_FOR_OPERATION,80.0,0.0,6.0,0.0,74.0,80.0,0.0,BALANCED,True,True
PHASE4-MPS-20260721170405,ALT-BASELINE,SWIP-ALT-BASELINE-00289,289,2026-10-20T14:19,LOT-ALT-BASELINE-PSC-SKU-BIKE-MT-001-20260831-MT-OP-010-WIP-MT-FRAME-TO-BRAKE,2026-10-07T14:04,FIFO,74.0,18.5212,55.4788,False,,,PSC-SKU-BIKE-MT-001-20260824,,SKU-BIKE-MT-001,WIP-MT-FRAME-TO-BRAKE,BUF-MT-FRAME-BRAKE,MT-OP-010,MT-OP-040,ADVISORY_DRAW_FOR_OPERATION,74.0,0.0,18.5212,0.0,55.4788,80.0,0.0,BALANCED,True,True
PHASE4-MPS-20260721170405,ALT-BASELINE,SWIP-ALT-BASELINE-00290,290,2026-10-20T14:19,LOT-ALT-BASELINE-PSC-SKU-BIKE-ROAD-001-20260803-ROAD-OP-040-WIP-ROAD-FINAL-ASSEMBLY-READY,2026-10-20T14:19,FIFO,60.0,60.0,0.0,False,,,PSC-SKU-BIKE-ROAD-001-20260803,,SKU-BIKE-ROAD-001,WIP-ROAD-FINAL-ASSEMBLY-READY,BUF-ROAD-ASM,ROAD-OP-040,ROAD-OP-050,ADVISORY_DRAW_FOR_OPERATION,60.0,0.0,60.0,0.0,0.0,60.0,0.0,BALANCED,True,True
PHASE4-MPS-20260721170405,ALT-BASELINE,SWIP-ALT-BASELINE-00291,291,2026-10-21T12:05,LOT-ALT-BASELINE-PSC-SKU-BIKE-MT-001-20260928-MT-OP-010-WIP-MT-FRAME-TO-FORK,2026-10-21T12:05,,0.0,0.0,10.9963,False,,,PSC-SKU-BIKE-MT-001-20260928,,SKU-BIKE-MT-001,WIP-MT-FRAME-TO-FORK,BUF-MT-FRAME-FORK,MT-OP-010,MT-OP-020,ADVISORY_PRODUCTION_TO_BUFFER,39.4373,10.9963,0.0,0.0,50.4336,80.0,0.0,BALANCED,True,True
PHASE4-MPS-20260721170405,ALT-BASELINE,SWIP-ALT-BASELINE-00292,292,2026-10-21T12:05,LOT-ALT-BASELINE-PSC-SKU-BIKE-MT-001-20260928-MT-OP-010-WIP-MT-FRAME-TO-WHEEL,2026-10-21T12:05,,0.0,0.0,10.9963,False,,,PSC-SKU-BIKE-MT-001-20260928,,SKU-BIKE-MT-001,WIP-MT-FRAME-TO-WHEEL,BUF-MT-FRAME-WHEEL,MT-OP-010,MT-OP-030,ADVISORY_PRODUCTION_TO_BUFFER,55.4788,10.9963,0.0,0.0,66.4751,80.0,0.0,BALANCED,True,True
PHASE4-MPS-20260721170405,ALT-BASELINE,SWIP-ALT-BASELINE-00293,293,2026-10-21T12:05,LOT-ALT-BASELINE-PSC-SKU-BIKE-MT-001-20260928-MT-OP-010-WIP-MT-FRAME-TO-BRAKE,2026-10-21T12:05,,0.0,0.0,10.9963,False,,,PSC-SKU-BIKE-MT-001-20260928,,SKU-BIKE-MT-001,WIP-MT-FRAME-TO-BRAKE,BUF-MT-FRAME-BRAKE,MT-OP-010,MT-OP-040,ADVISORY_PRODUCTION_TO_BUFFER,55.4788,10.9963,0.0,0.0,66.4751,80.0,0.0,BALANCED,True,True
PHASE4-MPS-20260721170405,ALT-BASELINE,SWIP-ALT-BASELINE-00294,294,2026-10-22T10:14,LOT-ALT-BASELINE-PSC-SKU-BIKE-MT-001-20260824-MT-OP-040-WIP-MT-BRAKE-SET-READY,2026-10-22T10:14,,0.0,0.0,24.5212,False,,,PSC-SKU-BIKE-MT-001-20260824,,SKU-BIKE-MT-001,WIP-MT-BRAKE-SET-READY,BUF-MT-BRAKE,MT-OP-040,MT-OP-050,ADVISORY_PRODUCTION_TO_BUFFER,95.4788,24.5212,0.0,0.0,120.0,120.0,0.0,BALANCED,True,True
PHASE4-MPS-20260721170405,ALT-BASELINE,SWIP-ALT-BASELINE-00295,295,2026-10-22T11:00,LOT-ALT-BASELINE-PSC-SKU-BIKE-MT-001-20260921-MT-OP-010-WIP-MT-FRAME-TO-FORK,2026-10-22T11:00,,0.0,0.0,24.5212,False,,,PSC-SKU-BIKE-MT-001-20260921,,SKU-BIKE-MT-001,WIP-MT-FRAME-TO-FORK,BUF-MT-FRAME-FORK,MT-OP-010,MT-OP-020,ADVISORY_PRODUCTION_TO_BUFFER,50.4336,24.5212,0.0,0.0,74.9548,80.0,0.0,BALANCED,True,True
PHASE4-MPS-20260721170405,ALT-BASELINE,SWIP-ALT-BASELINE-00296,296,2026-10-22T11:00,LOT-ALT-BASELINE-PSC-SKU-BIKE-MT-001-20260921-MT-OP-010-WIP-MT-FRAME-TO-WHEEL,2026-10-22T11:00,,0.0,0.0,13.5249,False,,,PSC-SKU-BIKE-MT-001-20260921,,SKU-BIKE-MT-001,WIP-MT-FRAME-TO-WHEEL,BUF-MT-FRAME-WHEEL,MT-OP-010,MT-OP-030,ADVISORY_PRODUCTION_TO_BUFFER,66.4751,24.5212,0.0,10.9963,80.0,80.0,0.0,BALANCED,True,True
PHASE4-MPS-20260721170405,ALT-BASELINE,SWIP-ALT-BASELINE-00297,297,2026-10-22T11:00,LOT-ALT-BASELINE-PSC-SKU-BIKE-MT-001-20260921-MT-OP-010-WIP-MT-FRAME-TO-BRAKE,2026-10-22T11:00,,0.0,0.0,13.5249,False,,,PSC-SKU-BIKE-MT-001-20260921,,SKU-BIKE-MT-001,WIP-MT-FRAME-TO-BRAKE,BUF-MT-FRAME-BRAKE,MT-OP-010,MT-OP-040,ADVISORY_PRODUCTION_TO_BUFFER,66.4751,24.5212,0.0,10.9963,80.0,80.0,0.0,BALANCED,True,True
PHASE4-MPS-20260721170405,ALT-BASELINE,SWIP-ALT-BASELINE-00298,298,2026-10-22T13:35,LOT-ALT-BASELINE-PSC-SKU-BIKE-MT-001-20260824-MT-OP-030-WIP-MT-WHEEL-SET-READY,2026-10-22T13:35,,0.0,0.0,24.5212,False,,,PSC-SKU-BIKE-MT-001-20260824,,SKU-BIKE-MT-001,WIP-MT-WHEEL-SET-READY,BUF-MT-WHEEL,MT-OP-030,MT-OP-050,ADVISORY_PRODUCTION_TO_BUFFER,95.4788,24.5212,0.0,0.0,120.0,120.0,0.0,BALANCED,True,True
PHASE4-MPS-20260721170405,ALT-BASELINE,SWIP-ALT-BASELINE-00299,299,2026-10-23T11:16,LOT-ALT-BASELINE-PSC-SKU-BIKE-ROAD-001-20260803-ROAD-OP-050-WIP-ROAD-QC-PASSED,2026-10-23T11:16,,0.0,0.0,60.0,False,,,PSC-SKU-BIKE-ROAD-001-20260803,,SKU-BIKE-ROAD-001,WIP-ROAD-QC-PASSED,BUF-ROAD-QC,ROAD-OP-050,ROAD-OP-060,ADVISORY_PRODUCTION_TO_BUFFER,0.0,60.0,0.0,0.0,60.0,60.0,0.0,BALANCED,True,True
PHASE4-MPS-20260721170405,ALT-BASELINE,SWIP-ALT-BASELINE-00300,300,2026-10-23T11:16,LOT-ALT-BASELINE-PSC-SKU-BIKE-ROAD-001-20260803-ROAD-OP-050-WIP-ROAD-QC-PASSED,2026-10-23T11:16,FIFO,60.0,15.4128,44.5872,False,,,PSC-SKU-BIKE-ROAD-001-20260803,,SKU-BIKE-ROAD-001,WIP-ROAD-QC-PASSED,BUF-ROAD-QC,ROAD-OP-050,ROAD-OP-060,ADVISORY_DRAW_FOR_OPERATION,60.0,0.0,15.4128,0.0,44.5872,60.0,0.0,BALANCED,True,True
PHASE4-MPS-20260721170405,ALT-BASELINE,SWIP-ALT-BASELINE-00301,301,2026-10-23T15:14,LOT-ALT-BASELINE-PSC-SKU-BIKE-MT-001-20260810-MT-OP-050-WIP-MT-FINAL-ASSEMBLY-READY,2026-10-23T15:14,,0.0,0.0,24.5212,False,,,PSC-SKU-BIKE-MT-001-20260810,,SKU-BIKE-MT-001,WIP-MT-FINAL-ASSEMBLY-READY,BUF-MT-ASM,MT-OP-050,MT-OP-060,ADVISORY_PRODUCTION_TO_BUFFER,0.0,24.5212,0.0,0.0,24.5212,60.0,0.0,BALANCED,True,True
PHASE4-MPS-20260721170405,ALT-BASELINE,SWIP-ALT-BASELINE-00302,302,2026-10-23T15:15,LOT-ALT-BASELINE-PSC-SKU-BIKE-MT-001-20260824-MT-OP-020-WIP-MT-FORK-READY,2026-10-23T15:15,,0.0,0.0,29.8545,False,,,PSC-SKU-BIKE-MT-001-20260824,,SKU-BIKE-MT-001,WIP-MT-FORK-READY,BUF-MT-FORK,MT-OP-020,MT-OP-050,ADVISORY_PRODUCTION_TO_BUFFER,90.1455,40.5627,0.0,10.7082,120.0,120.0,0.0,BALANCED,True,True
PHASE4-MPS-20260721170405,ALT-BN-CP,SWIP-ALT-BN-CP-00001,1,2026-06-29T08:00,LOT-START-WIP-MT-BRAKE-SET-READY-BUF-MT-BRAKE,2026-06-29T08:00,,0.0,0.0,39.0,False,,,,,,WIP-MT-BRAKE-SET-READY,BUF-MT-BRAKE,,,STARTING_ACCEPTED_WIP,0.0,39.0,0.0,0.0,39.0,120.0,0.0,BALANCED,True,True
PHASE4-MPS-20260721170405,ALT-BN-CP,SWIP-ALT-BN-CP-00002,2,2026-06-29T08:00,LOT-START-WIP-MT-QC-PASSED-BUF-MT-QC,2026-06-29T08:00,,0.0,0.0,18.0,False,,,,,,WIP-MT-QC-PASSED,BUF-MT-QC,,,STARTING_ACCEPTED_WIP,0.0,18.0,0.0,0.0,18.0,60.0,0.0,BALANCED,True,True
PHASE4-MPS-20260721170405,ALT-BN-CP,SWIP-ALT-BN-CP-00003,3,2026-06-29T08:00,LOT-START-WIP-MT-WHEEL-SET-READY-BUF-MT-WHEEL,2026-06-29T08:00,,0.0,0.0,45.0,False,,,,,,WIP-MT-WHEEL-SET-READY,BUF-MT-WHEEL,,,STARTING_ACCEPTED_WIP,0.0,45.0,0.0,0.0,45.0,120.0,0.0,BALANCED,True,True
PHASE4-MPS-20260721170405,ALT-BN-CP,SWIP-ALT-BN-CP-00004,4,2026-06-29T08:00,LOT-START-WIP-ROAD-BRAKE-SET-READY-BUF-ROAD-BRAKE,2026-06-29T08:00,,0.0,0.0,38.0,False,,,,,,WIP-ROAD-BRAKE-SET-READY,BUF-ROAD-BRAKE,,,STARTING_ACCEPTED_WIP,0.0,38.0,0.0,0.0,38.0,120.0,0.0,BALANCED,True,True
PHASE4-MPS-20260721170405,ALT-BN-CP,SWIP-ALT-BN-CP-00005,5,2026-06-29T08:00,LOT-START-WIP-ROAD-QC-PASSED-BUF-ROAD-QC,2026-06-29T08:00,,0.0,0.0,20.0,False,,,,,,WIP-ROAD-QC-PASSED,BUF-ROAD-QC,,,STARTING_ACCEPTED_WIP,0.0,20.0,0.0,0.0,20.0,60.0,0.0,BALANCED,True,True
PHASE4-MPS-20260721170405,ALT-BN-CP,SWIP-ALT-BN-CP-00006,6,2026-06-29T08:00,LOT-START-WIP-ROAD-WHEEL-SET-READY-BUF-ROAD-WHEEL,2026-06-29T08:00,,0.0,0.0,40.0,False,,,,,,WIP-ROAD-WHEEL-SET-READY,BUF-ROAD-WHEEL,,,STARTING_ACCEPTED_WIP,0.0,40.0,0.0,0.0,40.0,120.0,0.0,BALANCED,True,True
PHASE4-MPS-20260721170405,ALT-BN-CP,SWIP-ALT-BN-CP-00007,7,2026-06-29T08:00,LOT-START-WIP-MT-QC-PASSED-BUF-MT-QC,2026-06-29T08:00,FIFO,18.0,18.0,0.0,False,,,PSC-SKU-BIKE-MT-001-20260629,,SKU-BIKE-MT-001,WIP-MT-QC-PASSED,BUF-MT-QC,MT-OP-060,MT-OP-070,ADVISORY_DRAW_FOR_OPERATION,18.0,0.0,18.0,0.0,0.0,60.0,0.0,BALANCED,True,True
PHASE4-MPS-20260721170405,ALT-BN-CP,SWIP-ALT-BN-CP-00008,8,2026-06-29T08:00,LOT-START-WIP-ROAD-WHEEL-SET-READY-BUF-ROAD-WHEEL,2026-06-29T08:00,FIFO,40.0,14.202,25.798,False,,,PSC-SKU-BIKE-ROAD-001-20260928,,SKU-BIKE-ROAD-001,WIP-ROAD-WHEEL-SET-READY,BUF-ROAD-WHEEL,ROAD-OP-020,ROAD-OP-040,ADVISORY_DRAW_FOR_OPERATION,40.0,0.0,14.202,0.0,25.798,120.0,0.0,BALANCED,True,True
PHASE4-MPS-20260721170405,ALT-BN-CP,SWIP-ALT-BN-CP-00009,9,2026-06-29T08:00,LOT-START-WIP-ROAD-BRAKE-SET-READY-BUF-ROAD-BRAKE,2026-06-29T08:00,FIFO,38.0,14.202,23.798,False,,,PSC-SKU-BIKE-ROAD-001-20260928,,SKU-BIKE-ROAD-001,WIP-ROAD-BRAKE-SET-READY,BUF-ROAD-BRAKE,ROAD-OP-030,ROAD-OP-040,ADVISORY_DRAW_FOR_OPERATION,38.0,0.0,14.202,0.0,23.798,120.0,0.0,BALANCED,True,True
PHASE4-MPS-20260721170405,ALT-BN-CP,SWIP-ALT-BN-CP-00010,10,2026-06-29T13:08,LOT-START-WIP-ROAD-QC-PASSED-BUF-ROAD-QC,2026-06-29T08:00,FIFO,20.0,14.202,5.798,False,,,PSC-SKU-BIKE-ROAD-001-20260928,,SKU-BIKE-ROAD-001,WIP-ROAD-QC-PASSED,BUF-ROAD-QC,ROAD-OP-050,ROAD-OP-060,ADVISORY_DRAW_FOR_OPERATION,20.0,0.0,14.202,0.0,5.798,60.0,0.0,BALANCED,True,True
PHASE4-MPS-20260721170405,ALT-BN-CP,SWIP-ALT-BN-CP-00011,11,2026-06-30T11:27,LOT-ALT-BN-CP-PSC-SKU-BIKE-ROAD-001-20260928-ROAD-OP-040-WIP-ROAD-FINAL-ASSEMBLY-READY,2026-06-30T11:27,,0.0,0.0,14.202,False,,,PSC-SKU-BIKE-ROAD-001-20260928,,SKU-BIKE-ROAD-001,WIP-ROAD-FINAL-ASSEMBLY-READY,BUF-ROAD-ASM,ROAD-OP-040,ROAD-OP-050,ADVISORY_PRODUCTION_TO_BUFFER,0.0,14.202,0.0,0.0,14.202,60.0,0.0,BALANCED,True,True
PHASE4-MPS-20260721170405,ALT-BN-CP,SWIP-ALT-BN-CP-00012,12,2026-06-30T11:27,LOT-ALT-BN-CP-PSC-SKU-BIKE-ROAD-001-20260928-ROAD-OP-040-WIP-ROAD-FINAL-ASSEMBLY-READY,2026-06-30T11:27,FIFO,14.202,14.202,0.0,False,,,PSC-SKU-BIKE-ROAD-001-20260928,,SKU-BIKE-ROAD-001,WIP-ROAD-FINAL-ASSEMBLY-READY,BUF-ROAD-ASM,ROAD-OP-040,ROAD-OP-050,ADVISORY_DRAW_FOR_OPERATION,14.202,0.0,14.202,0.0,0.0,60.0,0.0,BALANCED,True,True
PHASE4-MPS-20260721170405,ALT-BN-CP,SWIP-ALT-BN-CP-00013,13,2026-07-01T08:36,LOT-ALT-BN-CP-PSC-SKU-BIKE-ROAD-001-20260928-ROAD-OP-050-WIP-ROAD-QC-PASSED,2026-07-01T08:36,,0.0,0.0,14.202,False,,,PSC-SKU-BIKE-ROAD-001-20260928,,SKU-BIKE-ROAD-001,WIP-ROAD-QC-PASSED,BUF-ROAD-QC,ROAD-OP-050,ROAD-OP-060,ADVISORY_PRODUCTION_TO_BUFFER,5.798,14.202,0.0,0.0,20.0,60.0,0.0,BALANCED,True,True
PHASE4-MPS-20260721170405,ALT-BN-CP,SWIP-ALT-BN-CP-00014,14,2026-07-01T12:37,LOT-ALT-BN-CP-PSC-SKU-BIKE-MT-001-20260629-MT-OP-010-WIP-MT-FRAME-TO-FORK,2026-07-01T12:37,,0.0,0.0,41.9815,False,,,PSC-SKU-BIKE-MT-001-20260629,,SKU-BIKE-MT-001,WIP-MT-FRAME-TO-FORK,BUF-MT-FRAME-FORK,MT-OP-010,MT-OP-020,ADVISORY_PRODUCTION_TO_BUFFER,0.0,41.9815,0.0,0.0,41.9815,80.0,0.0,BALANCED,True,True
PHASE4-MPS-20260721170405,ALT-BN-CP,SWIP-ALT-BN-CP-00015,15,2026-07-01T12:37,LOT-ALT-BN-CP-PSC-SKU-BIKE-MT-001-20260629-MT-OP-010-WIP-MT-FRAME-TO-WHEEL,2026-07-01T12:37,,0.0,0.0,41.9815,False,,,PSC-SKU-BIKE-MT-001-20260629,,SKU-BIKE-MT-001,WIP-MT-FRAME-TO-WHEEL,BUF-MT-FRAME-WHEEL,MT-OP-010,MT-OP-030,ADVISORY_PRODUCTION_TO_BUFFER,0.0,41.9815,0.0,0.0,41.9815,80.0,0.0,BALANCED,True,True
PHASE4-MPS-20260721170405,ALT-BN-CP,SWIP-ALT-BN-CP-00016,16,2026-07-01T12:37,LOT-ALT-BN-CP-PSC-SKU-BIKE-MT-001-20260629-MT-OP-010-WIP-MT-FRAME-TO-BRAKE,2026-07-01T12:37,,0.0,0.0,41.9815,False,,,PSC-SKU-BIKE-MT-001-20260629,,SKU-BIKE-MT-001,WIP-MT-FRAME-TO-BRAKE,BUF-MT-FRAME-BRAKE,MT-OP-010,MT-OP-040,ADVISORY_PRODUCTION_TO_BUFFER,0.0,41.9815,0.0,0.0,41.9815,80.0,0.0,BALANCED,True,True
PHASE4-MPS-20260721170405,ALT-BN-CP,SWIP-ALT-BN-CP-00017,17,2026-07-01T12:37,LOT-ALT-BN-CP-PSC-SKU-BIKE-MT-001-20260629-MT-OP-010-WIP-MT-FRAME-TO-FORK,2026-07-01T12:37,FIFO,41.9815,41.9815,0.0,False,,,PSC-SKU-BIKE-MT-001-20260629,,SKU-BIKE-MT-001,WIP-MT-FRAME-TO-FORK,BUF-MT-FRAME-FORK,MT-OP-010,MT-OP-020,ADVISORY_DRAW_FOR_OPERATION,41.9815,0.0,41.9815,0.0,0.0,80.0,0.0,BALANCED,True,True
PHASE4-MPS-20260721170405,ALT-BN-CP,SWIP-ALT-BN-CP-00018,18,2026-07-01T12:37,LOT-ALT-BN-CP-PSC-SKU-BIKE-MT-001-20260629-MT-OP-010-WIP-MT-FRAME-TO-WHEEL,2026-07-01T12:37,FIFO,41.9815,41.9815,0.0,False,,,PSC-SKU-BIKE-MT-001-20260629,,SKU-BIKE-MT-001,WIP-MT-FRAME-TO-WHEEL,BUF-MT-FRAME-WHEEL,MT-OP-010,MT-OP-030,ADVISORY_DRAW_FOR_OPERATION,41.9815,0.0,41.9815,0.0,0.0,80.0,0.0,BALANCED,True,True
PHASE4-MPS-20260721170405,ALT-BN-CP,SWIP-ALT-BN-CP-00019,19,2026-07-01T12:37,LOT-ALT-BN-CP-PSC-SKU-BIKE-MT-001-20260629-MT-OP-010-WIP-MT-FRAME-TO-BRAKE,2026-07-01T12:37,FIFO,41.9815,41.9815,0.0,False,,,PSC-SKU-BIKE-MT-001-20260629,,SKU-BIKE-MT-001,WIP-MT-FRAME-TO-BRAKE,BUF-MT-FRAME-BRAKE,MT-OP-010,MT-OP-040,ADVISORY_DRAW_FOR_OPERATION,41.9815,0.0,41.9815,0.0,0.0,80.0,0.0,BALANCED,True,True
PHASE4-MPS-20260721170405,ALT-BN-CP,SWIP-ALT-BN-CP-00020,20,2026-07-01T14:41,LOT-ALT-BN-CP-PSC-SKU-BIKE-ROAD-001-20260629-ROAD-OP-010-WIP-ROAD-FRAME-TO-WHEEL,2026-07-01T14:41,,0.0,0.0,53.9995,False,,,PSC-SKU-BIKE-ROAD-001-20260629,,SKU-BIKE-ROAD-001,WIP-ROAD-FRAME-TO-WHEEL,BUF-ROAD-FRAME-WHEEL,ROAD-OP-010,ROAD-OP-020,ADVISORY_PRODUCTION_TO_BUFFER,0.0,53.9995,0.0,0.0,53.9995,80.0,0.0,BALANCED,True,True
PHASE4-MPS-20260721170405,ALT-BN-CP,SWIP-ALT-BN-CP-00021,21,2026-07-01T14:41,LOT-ALT-BN-CP-PSC-SKU-BIKE-ROAD-001-20260629-ROAD-OP-010-WIP-ROAD-FRAME-TO-BRAKE,2026-07-01T14:41,,0.0,0.0,53.9995,False,,,PSC-SKU-BIKE-ROAD-001-20260629,,SKU-BIKE-ROAD-001,WIP-ROAD-FRAME-TO-BRAKE,BUF-ROAD-FRAME-BRAKE,ROAD-OP-010,ROAD-OP-030,ADVISORY_PRODUCTION_TO_BUFFER,0.0,53.9995,0.0,0.0,53.9995,80.0,0.0,BALANCED,True,True
PHASE4-MPS-20260721170405,ALT-BN-CP,SWIP-ALT-BN-CP-00022,22,2026-07-01T14:41,LOT-ALT-BN-CP-PSC-SKU-BIKE-ROAD-001-20260629-ROAD-OP-010-WIP-ROAD-FRAME-TO-WHEEL,2026-07-01T14:41,FIFO,53.9995,53.9995,0.0,False,,,PSC-SKU-BIKE-ROAD-001-20260629,,SKU-BIKE-ROAD-001,WIP-ROAD-FRAME-TO-WHEEL,BUF-ROAD-FRAME-WHEEL,ROAD-OP-010,ROAD-OP-020,ADVISORY_DRAW_FOR_OPERATION,53.9995,0.0,53.9995,0.0,0.0,80.0,0.0,BALANCED,True,True
PHASE4-MPS-20260721170405,ALT-BN-CP,SWIP-ALT-BN-CP-00023,23,2026-07-01T14:41,LOT-ALT-BN-CP-PSC-SKU-BIKE-ROAD-001-20260629-ROAD-OP-010-WIP-ROAD-FRAME-TO-BRAKE,2026-07-01T14:41,FIFO,53.9995,53.9995,0.0,False,,,PSC-SKU-BIKE-ROAD-001-20260629,,SKU-BIKE-ROAD-001,WIP-ROAD-FRAME-TO-BRAKE,BUF-ROAD-FRAME-BRAKE,ROAD-OP-010,ROAD-OP-030,ADVISORY_DRAW_FOR_OPERATION,53.9995,0.0,53.9995,0.0,0.0,80.0,0.0,BALANCED,True,True
PHASE4-MPS-20260721170405,ALT-BN-CP,SWIP-ALT-BN-CP-00024,24,2026-07-06T08:54,LOT-ALT-BN-CP-PSC-SKU-BIKE-MT-001-20260629-MT-OP-040-WIP-MT-BRAKE-SET-READY,2026-07-06T08:54,,0.0,0.0,41.9815,False,,,PSC-SKU-BIKE-MT-001-20260629,,SKU-BIKE-MT-001,WIP-MT-BRAKE-SET-READY,BUF-MT-BRAKE,MT-OP-040,MT-OP-050,ADVISORY_PRODUCTION_TO_BUFFER,39.0,41.9815,0.0,0.0,80.9815,120.0,0.0,BALANCED,True,True
PHASE4-MPS-20260721170405,ALT-BN-CP,SWIP-ALT-BN-CP-00025,25,2026-07-06T12:12,LOT-ALT-BN-CP-PSC-SKU-BIKE-ROAD-001-20260629-ROAD-OP-030-WIP-ROAD-BRAKE-SET-READY,2026-07-06T12:12,,0.0,0.0,53.9995,False,,,PSC-SKU-BIKE-ROAD-001-20260629,,SKU-BIKE-ROAD-001,WIP-ROAD-BRAKE-SET-READY,BUF-ROAD-BRAKE,ROAD-OP-030,ROAD-OP-040,ADVISORY_PRODUCTION_TO_BUFFER,23.798,53.9995,0.0,0.0,77.7975,120.0,0.0,BALANCED,True,True
PHASE4-MPS-20260721170405,ALT-BN-CP,SWIP-ALT-BN-CP-00026,26,2026-07-06T14:21,LOT-ALT-BN-CP-PSC-SKU-BIKE-MT-001-20260629-MT-OP-020-WIP-MT-FORK-READY,2026-07-06T14:21,,0.0,0.0,41.9815,False,,,PSC-SKU-BIKE-MT-001-20260629,,SKU-BIKE-MT-001,WIP-MT-FORK-READY,BUF-MT-FORK,MT-OP-020,MT-OP-050,ADVISORY_PRODUCTION_TO_BUFFER,0.0,41.9815,0.0,0.0,41.9815,120.0,0.0,BALANCED,True,True
PHASE4-MPS-20260721170405,ALT-BN-CP,SWIP-ALT-BN-CP-00027,27,2026-07-06T14:36,LOT-ALT-BN-CP-PSC-SKU-BIKE-MT-001-20260629-MT-OP-030-WIP-MT-WHEEL-SET-READY,2026-07-06T14:36,,0.0,0.0,41.9815,False,,,PSC-SKU-BIKE-MT-001-20260629,,SKU-BIKE-MT-001,WIP-MT-WHEEL-SET-READY,BUF-MT-WHEEL,MT-OP-030,MT-OP-050,ADVISORY_PRODUCTION_TO_BUFFER,45.0,41.9815,0.0,0.0,86.9815,120.0,0.0,BALANCED,True,True
PHASE4-MPS-20260721170405,ALT-BN-CP,SWIP-ALT-BN-CP-00028,28,2026-07-07T11:06,LOT-ALT-BN-CP-PSC-SKU-BIKE-ROAD-001-20260706-ROAD-OP-010-WIP-ROAD-FRAME-TO-WHEEL,2026-07-07T11:06,,0.0,0.0,26.0005,False,,,PSC-SKU-BIKE-ROAD-001-20260706,,SKU-BIKE-ROAD-001,WIP-ROAD-FRAME-TO-WHEEL,BUF-ROAD-FRAME-WHEEL,ROAD-OP-010,ROAD-OP-020,ADVISORY_PRODUCTION_TO_BUFFER,0.0,26.0005,0.0,0.0,26.0005,80.0,0.0,BALANCED,True,True
PHASE4-MPS-20260721170405,ALT-BN-CP,SWIP-ALT-BN-CP-00029,29,2026-07-07T11:06,LOT-ALT-BN-CP-PSC-SKU-BIKE-ROAD-001-20260706-ROAD-OP-010-WIP-ROAD-FRAME-TO-BRAKE,2026-07-07T11:06,,0.0,0.0,26.0005,False,,,PSC-SKU-BIKE-ROAD-001-20260706,,SKU-BIKE-ROAD-001,WIP-ROAD-FRAME-TO-BRAKE,BUF-ROAD-FRAME-BRAKE,ROAD-OP-010,ROAD-OP-030,ADVISORY_PRODUCTION_TO_BUFFER,0.0,26.0005,0.0,0.0,26.0005,80.0,0.0,BALANCED,True,True
PHASE4-MPS-20260721170405,ALT-BN-CP,SWIP-ALT-BN-CP-00030,30,2026-07-07T11:06,LOT-ALT-BN-CP-PSC-SKU-BIKE-ROAD-001-20260706-ROAD-OP-010-WIP-ROAD-FRAME-TO-WHEEL,2026-07-07T11:06,FIFO,26.0005,26.0005,0.0,False,,,PSC-SKU-BIKE-ROAD-001-20260706,,SKU-BIKE-ROAD-001,WIP-ROAD-FRAME-TO-WHEEL,BUF-ROAD-FRAME-WHEEL,ROAD-OP-010,ROAD-OP-020,ADVISORY_DRAW_FOR_OPERATION,26.0005,0.0,26.0005,0.0,0.0,80.0,0.0,BALANCED,True,True
PHASE4-MPS-20260721170405,ALT-BN-CP,SWIP-ALT-BN-CP-00031,31,2026-07-07T11:06,LOT-ALT-BN-CP-PSC-SKU-BIKE-ROAD-001-20260706-ROAD-OP-010-WIP-ROAD-FRAME-TO-BRAKE,2026-07-07T11:06,FIFO,26.0005,26.0005,0.0,False,,,PSC-SKU-BIKE-ROAD-001-20260706,,SKU-BIKE-ROAD-001,WIP-ROAD-FRAME-TO-BRAKE,BUF-ROAD-FRAME-BRAKE,ROAD-OP-010,ROAD-OP-030,ADVISORY_DRAW_FOR_OPERATION,26.0005,0.0,26.0005,0.0,0.0,80.0,0.0,BALANCED,True,True
PHASE4-MPS-20260721170405,ALT-BN-CP,SWIP-ALT-BN-CP-00032,32,2026-07-07T11:59,LOT-ALT-BN-CP-PSC-SKU-BIKE-ROAD-001-20260629-ROAD-OP-020-WIP-ROAD-WHEEL-SET-READY,2026-07-07T11:59,,0.0,0.0,53.9995,False,,,PSC-SKU-BIKE-ROAD-001-20260629,,SKU-BIKE-ROAD-001,WIP-ROAD-WHEEL-SET-READY,BUF-ROAD-WHEEL,ROAD-OP-020,ROAD-OP-040,ADVISORY_PRODUCTION_TO_BUFFER,25.798,53.9995,0.0,0.0,79.7975,120.0,0.0,BALANCED,True,True
PHASE4-MPS-20260721170405,ALT-BN-CP,SWIP-ALT-BN-CP-00033,33,2026-07-07T11:59,LOT-START-WIP-ROAD-WHEEL-SET-READY-BUF-ROAD-WHEEL,2026-06-29T08:00,FIFO,25.798,25.798,0.0,False,,,PSC-SKU-BIKE-ROAD-001-20260629,,SKU-BIKE-ROAD-001,WIP-ROAD-WHEEL-SET-READY,BUF-ROAD-WHEEL,ROAD-OP-020,ROAD-OP-040,ADVISORY_DRAW_FOR_OPERATION,79.7975,0.0,25.798,0.0,53.9995,120.0,0.0,BALANCED,True,True
PHASE4-MPS-20260721170405,ALT-BN-CP,SWIP-ALT-BN-CP-00034,34,2026-07-07T11:59,LOT-ALT-BN-CP-PSC-SKU-BIKE-ROAD-001-20260629-ROAD-OP-020-WIP-ROAD-WHEEL-SET-READY,2026-07-07T11:59,FIFO,53.9995,28.2015,25.798,False,,,PSC-SKU-BIKE-ROAD-001-20260629,,SKU-BIKE-ROAD-001,WIP-ROAD-WHEEL-SET-READY,BUF-ROAD-WHEEL,ROAD-OP-020,ROAD-OP-040,ADVISORY_DRAW_FOR_OPERATION,53.9995,0.0,28.2015,0.0,25.798,120.0,0.0,BALANCED,True,True
PHASE4-MPS-20260721170405,ALT-BN-CP,SWIP-ALT-BN-CP-00035,35,2026-07-07T11:59,LOT-START-WIP-ROAD-BRAKE-SET-READY-BUF-ROAD-BRAKE,2026-06-29T08:00,FIFO,23.798,23.798,0.0,False,,,PSC-SKU-BIKE-ROAD-001-20260629,,SKU-BIKE-ROAD-001,WIP-ROAD-BRAKE-SET-READY,BUF-ROAD-BRAKE,ROAD-OP-030,ROAD-OP-040,ADVISORY_DRAW_FOR_OPERATION,77.7975,0.0,23.798,0.0,53.9995,120.0,0.0,BALANCED,True,True
PHASE4-MPS-20260721170405,ALT-BN-CP,SWIP-ALT-BN-CP-00036,36,2026-07-07T11:59,LOT-ALT-BN-CP-PSC-SKU-BIKE-ROAD-001-20260629-ROAD-OP-030-WIP-ROAD-BRAKE-SET-READY,2026-07-06T12:12,FIFO,53.9995,30.2015,23.798,False,,,PSC-SKU-BIKE-ROAD-001-20260629,,SKU-BIKE-ROAD-001,WIP-ROAD-BRAKE-SET-READY,BUF-ROAD-BRAKE,ROAD-OP-030,ROAD-OP-040,ADVISORY_DRAW_FOR_OPERATION,53.9995,0.0,30.2015,0.0,23.798,120.0,0.0,BALANCED,True,True
PHASE4-MPS-20260721170405,ALT-BN-CP,SWIP-ALT-BN-CP-00037,37,2026-07-08T11:07,LOT-ALT-BN-CP-PSC-SKU-BIKE-MT-001-20260706-MT-OP-010-WIP-MT-FRAME-TO-FORK,2026-07-08T11:07,,0.0,0.0,38.0185,False,,,PSC-SKU-BIKE-MT-001-20260706,,SKU-BIKE-MT-001,WIP-MT-FRAME-TO-FORK,BUF-MT-FRAME-FORK,MT-OP-010,MT-OP-020,ADVISORY_PRODUCTION_TO_BUFFER,0.0,38.0185,0.0,0.0,38.0185,80.0,0.0,BALANCED,True,True
PHASE4-MPS-20260721170405,ALT-BN-CP,SWIP-ALT-BN-CP-00038,38,2026-07-08T11:07,LOT-ALT-BN-CP-PSC-SKU-BIKE-MT-001-20260706-MT-OP-010-WIP-MT-FRAME-TO-WHEEL,2026-07-08T11:07,,0.0,0.0,38.0185,False,,,PSC-SKU-BIKE-MT-001-20260706,,SKU-BIKE-MT-001,WIP-MT-FRAME-TO-WHEEL,BUF-MT-FRAME-WHEEL,MT-OP-010,MT-OP-030,ADVISORY_PRODUCTION_TO_BUFFER,0.0,38.0185,0.0,0.0,38.0185,80.0,0.0,BALANCED,True,True
PHASE4-MPS-20260721170405,ALT-BN-CP,SWIP-ALT-BN-CP-00039,39,2026-07-08T11:07,LOT-ALT-BN-CP-PSC-SKU-BIKE-MT-001-20260706-MT-OP-010-WIP-MT-FRAME-TO-BRAKE,2026-07-08T11:07,,0.0,0.0,38.0185,False,,,PSC-SKU-BIKE-MT-001-20260706,,SKU-BIKE-MT-001,WIP-MT-FRAME-TO-BRAKE,BUF-MT-FRAME-BRAKE,MT-OP-010,MT-OP-040,ADVISORY_PRODUCTION_TO_BUFFER,0.0,38.0185,0.0,0.0,38.0185,80.0,0.0,BALANCED,True,True
PHASE4-MPS-20260721170405,ALT-BN-CP,SWIP-ALT-BN-CP-00040,40,2026-07-08T11:07,LOT-ALT-BN-CP-PSC-SKU-BIKE-MT-001-20260706-MT-OP-010-WIP-MT-FRAME-TO-FORK,2026-07-08T11:07,FIFO,38.0185,38.0185,0.0,False,,,PSC-SKU-BIKE-MT-001-20260706,,SKU-BIKE-MT-001,WIP-MT-FRAME-TO-FORK,BUF-MT-FRAME-FORK,MT-OP-010,MT-OP-020,ADVISORY_DRAW_FOR_OPERATION,38.0185,0.0,38.0185,0.0,0.0,80.0,0.0,BALANCED,True,True
PHASE4-MPS-20260721170405,ALT-BN-CP,SWIP-ALT-BN-CP-00041,41,2026-07-08T11:07,LOT-ALT-BN-CP-PSC-SKU-BIKE-MT-001-20260706-MT-OP-010-WIP-MT-FRAME-TO-WHEEL,2026-07-08T11:07,FIFO,38.0185,33.0185,5.0,False,,,PSC-SKU-BIKE-MT-001-20260706,,SKU-BIKE-MT-001,WIP-MT-FRAME-TO-WHEEL,BUF-MT-FRAME-WHEEL,MT-OP-010,MT-OP-030,ADVISORY_DRAW_FOR_OPERATION,38.0185,0.0,33.0185,0.0,5.0,80.0,0.0,BALANCED,True,True
PHASE4-MPS-20260721170405,ALT-BN-CP,SWIP-ALT-BN-CP-00042,42,2026-07-08T11:07,LOT-ALT-BN-CP-PSC-SKU-BIKE-MT-001-20260706-MT-OP-010-WIP-MT-FRAME-TO-BRAKE,2026-07-08T11:07,FIFO,38.0185,38.0185,0.0,False,,,PSC-SKU-BIKE-MT-001-20260706,,SKU-BIKE-MT-001,WIP-MT-FRAME-TO-BRAKE,BUF-MT-FRAME-BRAKE,MT-OP-010,MT-OP-040,ADVISORY_DRAW_FOR_OPERATION,38.0185,0.0,38.0185,0.0,0.0,80.0,0.0,BALANCED,True,True
PHASE4-MPS-20260721170405,ALT-BN-CP,SWIP-ALT-BN-CP-00043,43,2026-07-08T11:07,LOT-ALT-BN-CP-PSC-SKU-BIKE-MT-001-20260706-MT-OP-010-WIP-MT-FRAME-TO-WHEEL,2026-07-08T11:07,FIFO,5.0,5.0,0.0,False,,,PSC-SKU-BIKE-MT-001-20260713,,SKU-BIKE-MT-001,WIP-MT-FRAME-TO-WHEEL,BUF-MT-FRAME-WHEEL,MT-OP-010,MT-OP-030,ADVISORY_DRAW_FOR_OPERATION,5.0,0.0,5.0,0.0,0.0,80.0,0.0,BALANCED,True,True
PHASE4-MPS-20260721170405,ALT-BN-CP,SWIP-ALT-BN-CP-00044,44,2026-07-08T13:07,LOT-ALT-BN-CP-PSC-SKU-BIKE-ROAD-001-20260706-ROAD-OP-030-WIP-ROAD-BRAKE-SET-READY,2026-07-08T13:07,,0.0,0.0,26.0005,False,,,PSC-SKU-BIKE-ROAD-001-20260706,,SKU-BIKE-ROAD-001,WIP-ROAD-BRAKE-SET-READY,BUF-ROAD-BRAKE,ROAD-OP-030,ROAD-OP-040,ADVISORY_PRODUCTION_TO_BUFFER,23.798,26.0005,0.0,0.0,49.7985,120.0,0.0,BALANCED,True,True
PHASE4-MPS-20260721170405,ALT-BN-CP,SWIP-ALT-BN-CP-00045,45,2026-07-08T13:55,LOT-ALT-BN-CP-PSC-SKU-BIKE-MT-001-20260713-MT-OP-030-WIP-MT-WHEEL-SET-READY,2026-07-08T13:55,,0.0,0.0,5.0,False,,,PSC-SKU-BIKE-MT-001-20260713,,SKU-BIKE-MT-001,WIP-MT-WHEEL-SET-READY,BUF-MT-WHEEL,MT-OP-030,MT-OP-050,ADVISORY_PRODUCTION_TO_BUFFER,86.9815,5.0,0.0,0.0,91.9815,120.0,0.0,BALANCED,True,True
PHASE4-MPS-20260721170405,ALT-BN-CP,SWIP-ALT-BN-CP-00046,46,2026-07-09T09:26,LOT-ALT-BN-CP-PSC-SKU-BIKE-ROAD-001-20260706-ROAD-OP-020-WIP-ROAD-WHEEL-SET-READY,2026-07-09T09:26,,0.0,0.0,26.0005,False,,,PSC-SKU-BIKE-ROAD-001-20260706,,SKU-BIKE-ROAD-001,WIP-ROAD-WHEEL-SET-READY,BUF-ROAD-WHEEL,ROAD-OP-020,ROAD-OP-040,ADVISORY_PRODUCTION_TO_BUFFER,25.798,26.0005,0.0,0.0,51.7985,120.0,0.0,BALANCED,True,True
PHASE4-MPS-20260721170405,ALT-BN-CP,SWIP-ALT-BN-CP-00047,47,2026-07-10T12:45,LOT-ALT-BN-CP-PSC-SKU-BIKE-MT-001-20260706-MT-OP-040-WIP-MT-BRAKE-SET-READY,2026-07-10T12:45,,0.0,0.0,38.0185,False,,,PSC-SKU-BIKE-MT-001-20260706,,SKU-BIKE-MT-001,WIP-MT-BRAKE-SET-READY,BUF-MT-BRAKE,MT-OP-040,MT-OP-050,ADVISORY_PRODUCTION_TO_BUFFER,80.9815,38.0185,0.0,0.0,119.0,120.0,0.0,BALANCED,True,True
PHASE4-MPS-20260721170405,ALT-BN-CP,SWIP-ALT-BN-CP-00048,48,2026-07-13T08:04,LOT-ALT-BN-CP-PSC-SKU-BIKE-MT-001-20260706-MT-OP-030-WIP-MT-WHEEL-SET-READY,2026-07-13T08:04,,0.0,0.0,28.0185,False,,,PSC-SKU-BIKE-MT-001-20260706,,SKU-BIKE-MT-001,WIP-MT-WHEEL-SET-READY,BUF-MT-WHEEL,MT-OP-030,MT-OP-050,ADVISORY_PRODUCTION_TO_BUFFER,91.9815,33.0185,0.0,5.0,120.0,120.0,0.0,BALANCED,True,True
PHASE4-MPS-20260721170405,ALT-BN-CP,SWIP-ALT-BN-CP-00049,49,2026-07-13T10:37,LOT-ALT-BN-CP-PSC-SKU-BIKE-MT-001-20260706-MT-OP-020-WIP-MT-FORK-READY,2026-07-13T10:37,,0.0,0.0,38.0185,False,,,PSC-SKU-BIKE-MT-001-20260706,,SKU-BIKE-MT-001,WIP-MT-FORK-READY,BUF-MT-FORK,MT-OP-020,MT-OP-050,ADVISORY_PRODUCTION_TO_BUFFER,41.9815,38.0185,0.0,0.0,80.0,120.0,0.0,BALANCED,True,True
PHASE4-MPS-20260721170405,ALT-BN-CP,SWIP-ALT-BN-CP-00050,50,2026-07-15T09:14,LOT-ALT-BN-CP-PSC-SKU-BIKE-ROAD-001-20260629-ROAD-OP-040-WIP-ROAD-FINAL-ASSEMBLY-READY,2026-07-15T09:14,,0.0,0.0,53.9995,False,,,PSC-SKU-BIKE-ROAD-001-20260629,,SKU-BIKE-ROAD-001,WIP-ROAD-FINAL-ASSEMBLY-READY,BUF-ROAD-ASM,ROAD-OP-040,ROAD-OP-050,ADVISORY_PRODUCTION_TO_BUFFER,0.0,53.9995,0.0,0.0,53.9995,60.0,0.0,BALANCED,True,True
PHASE4-MPS-20260721170405,ALT-BN-CP,SWIP-ALT-BN-CP-00051,51,2026-07-15T09:14,LOT-ALT-BN-CP-PSC-SKU-BIKE-ROAD-001-20260629-ROAD-OP-040-WIP-ROAD-FINAL-ASSEMBLY-READY,2026-07-15T09:14,FIFO,53.9995,40.0,13.9995,False,,,PSC-SKU-BIKE-ROAD-001-20260629,,SKU-BIKE-ROAD-001,WIP-ROAD-FINAL-ASSEMBLY-READY,BUF-ROAD-ASM,ROAD-OP-040,ROAD-OP-050,ADVISORY_DRAW_FOR_OPERATION,53.9995,0.0,40.0,0.0,13.9995,60.0,0.0,BALANCED,True,True
PHASE4-MPS-20260721170405,ALT-BN-CP,SWIP-ALT-BN-CP-00052,52,2026-07-15T09:14,LOT-ALT-BN-CP-PSC-SKU-BIKE-ROAD-001-20260629-ROAD-OP-020-WIP-ROAD-WHEEL-SET-READY,2026-07-07T11:59,FIFO,25.798,25.798,0.0,False,,,PSC-SKU-BIKE-ROAD-001-20260706,,SKU-BIKE-ROAD-001,WIP-ROAD-WHEEL-SET-READY,BUF-ROAD-WHEEL,ROAD-OP-020,ROAD-OP-040,ADVISORY_DRAW_FOR_OPERATION,51.7985,0.0,25.798,0.0,26.0005,120.0,0.0,BALANCED,True,True
PHASE4-MPS-20260721170405,ALT-BN-CP,SWIP-ALT-BN-CP-00053,53,2026-07-15T09:14,LOT-ALT-BN-CP-PSC-SKU-BIKE-ROAD-001-20260706-ROAD-OP-020-WIP-ROAD-WHEEL-SET-READY,2026-07-09T09:26,FIFO,26.0005,20.2025,5.798,False,,,PSC-SKU-BIKE-ROAD-001-20260706,,SKU-BIKE-ROAD-001,WIP-ROAD-WHEEL-SET-READY,BUF-ROAD-WHEEL,ROAD-OP-020,ROAD-OP-040,ADVISORY_DRAW_FOR_OPERATION,26.0005,0.0,20.2025,0.0,5.798,120.0,0.0,BALANCED,True,True
PHASE4-MPS-20260721170405,ALT-BN-CP,SWIP-ALT-BN-CP-00054,54,2026-07-15T09:14,LOT-ALT-BN-CP-PSC-SKU-BIKE-ROAD-001-20260629-ROAD-OP-030-WIP-ROAD-BRAKE-SET-READY,2026-07-06T12:12,FIFO,23.798,23.798,0.0,False,,,PSC-SKU-BIKE-ROAD-001-20260706,,SKU-BIKE-ROAD-001,WIP-ROAD-BRAKE-SET-READY,BUF-ROAD-BRAKE,ROAD-OP-030,ROAD-OP-040,ADVISORY_DRAW_FOR_OPERATION,49.7985,0.0,23.798,0.0,26.0005,120.0,0.0,BALANCED,True,True
PHASE4-MPS-20260721170405,ALT-BN-CP,SWIP-ALT-BN-CP-00055,55,2026-07-15T09:14,LOT-ALT-BN-CP-PSC-SKU-BIKE-ROAD-001-20260706-ROAD-OP-030-WIP-ROAD-BRAKE-SET-READY,2026-07-08T13:07,FIFO,26.0005,22.2025,3.798,False,,,PSC-SKU-BIKE-ROAD-001-20260706,,SKU-BIKE-ROAD-001,WIP-ROAD-BRAKE-SET-READY,BUF-ROAD-BRAKE,ROAD-OP-030,ROAD-OP-040,ADVISORY_DRAW_FOR_OPERATION,26.0005,0.0,22.2025,0.0,3.798,120.0,0.0,BALANCED,True,True
PHASE4-MPS-20260721170405,ALT-BN-CP,SWIP-ALT-BN-CP-00056,56,2026-07-16T14:21,LOT-ALT-BN-CP-PSC-SKU-BIKE-ROAD-001-20260629-ROAD-OP-050-WIP-ROAD-QC-PASSED,2026-07-16T14:21,,0.0,0.0,40.0,False,,,PSC-SKU-BIKE-ROAD-001-20260629,,SKU-BIKE-ROAD-001,WIP-ROAD-QC-PASSED,BUF-ROAD-QC,ROAD-OP-050,ROAD-OP-060,ADVISORY_PRODUCTION_TO_BUFFER,20.0,40.0,0.0,0.0,60.0,60.0,0.0,BALANCED,True,True
PHASE4-MPS-20260721170405,ALT-BN-CP,SWIP-ALT-BN-CP-00057,57,2026-07-16T14:21,LOT-START-WIP-ROAD-QC-PASSED-BUF-ROAD-QC,2026-06-29T08:00,FIFO,5.798,5.798,0.0,False,,,PSC-SKU-BIKE-ROAD-001-20260629,,SKU-BIKE-ROAD-001,WIP-ROAD-QC-PASSED,BUF-ROAD-QC,ROAD-OP-050,ROAD-OP-060,ADVISORY_DRAW_FOR_OPERATION,60.0,0.0,5.798,0.0,54.202,60.0,0.0,BALANCED,True,True
PHASE4-MPS-20260721170405,ALT-BN-CP,SWIP-ALT-BN-CP-00058,58,2026-07-16T14:21,LOT-ALT-BN-CP-PSC-SKU-BIKE-ROAD-001-20260928-ROAD-OP-050-WIP-ROAD-QC-PASSED,2026-07-01T08:36,FIFO,14.202,14.202,0.0,False,,,PSC-SKU-BIKE-ROAD-001-20260629,,SKU-BIKE-ROAD-001,WIP-ROAD-QC-PASSED,BUF-ROAD-QC,ROAD-OP-050,ROAD-OP-060,ADVISORY_DRAW_FOR_OPERATION,54.202,0.0,14.202,0.0,40.0,60.0,0.0,BALANCED,True,True
PHASE4-MPS-20260721170405,ALT-BN-CP,SWIP-ALT-BN-CP-00059,59,2026-07-16T14:21,LOT-ALT-BN-CP-PSC-SKU-BIKE-ROAD-001-20260629-ROAD-OP-050-WIP-ROAD-QC-PASSED,2026-07-16T14:21,FIFO,40.0,33.9995,6.0005,False,,,PSC-SKU-BIKE-ROAD-001-20260629,,SKU-BIKE-ROAD-001,WIP-ROAD-QC-PASSED,BUF-ROAD-QC,ROAD-OP-050,ROAD-OP-060,ADVISORY_DRAW_FOR_OPERATION,40.0,0.0,33.9995,0.0,6.0005,60.0,0.0,BALANCED,True,True
PHASE4-MPS-20260721170405,ALT-BN-CP,SWIP-ALT-BN-CP-00060,60,2026-07-21T14:56,LOT-ALT-BN-CP-PSC-SKU-BIKE-ROAD-001-20260706-ROAD-OP-040-WIP-ROAD-FINAL-ASSEMBLY-READY,2026-07-21T14:56,,0.0,0.0,46.0005,False,,,PSC-SKU-BIKE-ROAD-001-20260706,,SKU-BIKE-ROAD-001,WIP-ROAD-FINAL-ASSEMBLY-READY,BUF-ROAD-ASM,ROAD-OP-040,ROAD-OP-050,ADVISORY_PRODUCTION_TO_BUFFER,13.9995,46.0005,0.0,0.0,60.0,60.0,0.0,BALANCED,True,True
PHASE4-MPS-20260721170405,ALT-BN-CP,SWIP-ALT-BN-CP-00061,61,2026-07-21T14:56,LOT-ALT-BN-CP-PSC-SKU-BIKE-ROAD-001-20260629-ROAD-OP-040-WIP-ROAD-FINAL-ASSEMBLY-READY,2026-07-15T09:14,FIFO,13.9995,13.9995,0.0,False,,,PSC-SKU-BIKE-ROAD-001-20260706,,SKU-BIKE-ROAD-001,WIP-ROAD-FINAL-ASSEMBLY-READY,BUF-ROAD-ASM,ROAD-OP-040,ROAD-OP-050,ADVISORY_DRAW_FOR_OPERATION,60.0,0.0,13.9995,0.0,46.0005,60.0,0.0,BALANCED,True,True
PHASE4-MPS-20260721170405,ALT-BN-CP,SWIP-ALT-BN-CP-00062,62,2026-07-21T14:56,LOT-ALT-BN-CP-PSC-SKU-BIKE-ROAD-001-20260706-ROAD-OP-040-WIP-ROAD-FINAL-ASSEMBLY-READY,2026-07-21T14:56,FIFO,46.0005,40.0,6.0005,False,,,PSC-SKU-BIKE-ROAD-001-20260706,,SKU-BIKE-ROAD-001,WIP-ROAD-FINAL-ASSEMBLY-READY,BUF-ROAD-ASM,ROAD-OP-040,ROAD-OP-050,ADVISORY_DRAW_FOR_OPERATION,46.0005,0.0,40.0,0.0,6.0005,60.0,0.0,BALANCED,True,True
PHASE4-MPS-20260721170405,ALT-BN-CP,SWIP-ALT-BN-CP-00063,63,2026-07-21T14:56,LOT-ALT-BN-CP-PSC-SKU-BIKE-ROAD-001-20260706-ROAD-OP-020-WIP-ROAD-WHEEL-SET-READY,2026-07-09T09:26,FIFO,5.798,3.798,2.0,False,,,PSC-SKU-BIKE-ROAD-001-20260713,,SKU-BIKE-ROAD-001,WIP-ROAD-WHEEL-SET-READY,BUF-ROAD-WHEEL,ROAD-OP-020,ROAD-OP-040,ADVISORY_DRAW_FOR_OPERATION,5.798,0.0,3.798,0.0,2.0,120.0,0.0,BALANCED,True,True
PHASE4-MPS-20260721170405,ALT-BN-CP,SWIP-ALT-BN-CP-00064,64,2026-07-21T14:56,LOT-ALT-BN-CP-PSC-SKU-BIKE-ROAD-001-20260706-ROAD-OP-030-WIP-ROAD-BRAKE-SET-READY,2026-07-08T13:07,FIFO,3.798,3.798,0.0,False,,,PSC-SKU-BIKE-ROAD-001-20260713,,SKU-BIKE-ROAD-001,WIP-ROAD-BRAKE-SET-READY,BUF-ROAD-BRAKE,ROAD-OP-030,ROAD-OP-040,ADVISORY_DRAW_FOR_OPERATION,3.798,0.0,3.798,0.0,0.0,120.0,0.0,BALANCED,True,True
PHASE4-MPS-20260721170405,ALT-BN-CP,SWIP-ALT-BN-CP-00065,65,2026-07-22T10:33,LOT-ALT-BN-CP-PSC-SKU-BIKE-ROAD-001-20260713-ROAD-OP-040-WIP-ROAD-FINAL-ASSEMBLY-READY,2026-07-22T10:33,,0.0,0.0,3.798,False,,,PSC-SKU-BIKE-ROAD-001-20260713,,SKU-BIKE-ROAD-001,WIP-ROAD-FINAL-ASSEMBLY-READY,BUF-ROAD-ASM,ROAD-OP-040,ROAD-OP-050,ADVISORY_PRODUCTION_TO_BUFFER,6.0005,3.798,0.0,0.0,9.7985,60.0,0.0,BALANCED,True,True
PHASE4-MPS-20260721170405,ALT-BN-CP,SWIP-ALT-BN-CP-00066,66,2026-07-22T10:33,LOT-ALT-BN-CP-PSC-SKU-BIKE-MT-001-20260629-MT-OP-020-WIP-MT-FORK-READY,2026-07-06T14:21,FIFO,41.9815,41.9815,0.0,False,,,PSC-SKU-BIKE-MT-001-20260706,,SKU-BIKE-MT-001,WIP-MT-FORK-READY,BUF-MT-FORK,MT-OP-020,MT-OP-050,ADVISORY_DRAW_FOR_OPERATION,80.0,0.0,41.9815,0.0,38.0185,120.0,0.0,BALANCED,True,True
PHASE4-MPS-20260721170405,ALT-BN-CP,SWIP-ALT-BN-CP-00067,67,2026-07-22T10:33,LOT-ALT-BN-CP-PSC-SKU-BIKE-MT-001-20260706-MT-OP-020-WIP-MT-FORK-READY,2026-07-13T10:37,FIFO,38.0185,18.0185,20.0,False,,,PSC-SKU-BIKE-MT-001-20260706,,SKU-BIKE-MT-001,WIP-MT-FORK-READY,BUF-MT-FORK,MT-OP-020,MT-OP-050,ADVISORY_DRAW_FOR_OPERATION,38.0185,0.0,18.0185,0.0,20.0,120.0,0.0,BALANCED,True,True
PHASE4-MPS-20260721170405,ALT-BN-CP,SWIP-ALT-BN-CP-00068,68,2026-07-22T10:33,LOT-START-WIP-MT-WHEEL-SET-READY-BUF-MT-WHEEL,2026-06-29T08:00,FIFO,45.0,45.0,0.0,False,,,PSC-SKU-BIKE-MT-001-20260706,,SKU-BIKE-MT-001,WIP-MT-WHEEL-SET-READY,BUF-MT-WHEEL,MT-OP-030,MT-OP-050,ADVISORY_DRAW_FOR_OPERATION,120.0,0.0,45.0,0.0,75.0,120.0,0.0,BALANCED,True,True
PHASE4-MPS-20260721170405,ALT-BN-CP,SWIP-ALT-BN-CP-00069,69,2026-07-22T10:33,LOT-ALT-BN-CP-PSC-SKU-BIKE-MT-001-20260629-MT-OP-030-WIP-MT-WHEEL-SET-READY,2026-07-06T14:36,FIFO,41.9815,15.0,26.9815,False,,,PSC-SKU-BIKE-MT-001-20260706,,SKU-BIKE-MT-001,WIP-MT-WHEEL-SET-READY,BUF-MT-WHEEL,MT-OP-030,MT-OP-050,ADVISORY_DRAW_FOR_OPERATION,75.0,0.0,15.0,0.0,60.0,120.0,0.0,BALANCED,True,True
PHASE4-MPS-20260721170405,ALT-BN-CP,SWIP-ALT-BN-CP-00070,70,2026-07-22T10:33,LOT-START-WIP-MT-BRAKE-SET-READY-BUF-MT-BRAKE,2026-06-29T08:00,FIFO,39.0,39.0,0.0,False,,,PSC-SKU-BIKE-MT-001-20260706,,SKU-BIKE-MT-001,WIP-MT-BRAKE-SET-READY,BUF-MT-BRAKE,MT-OP-040,MT-OP-050,ADVISORY_DRAW_FOR_OPERATION,119.0,0.0,39.0,0.0,80.0,120.0,0.0,BALANCED,True,True
PHASE4-MPS-20260721170405,ALT-BN-CP,SWIP-ALT-BN-CP-00071,71,2026-07-22T10:33,LOT-ALT-BN-CP-PSC-SKU-BIKE-MT-001-20260629-MT-OP-040-WIP-MT-BRAKE-SET-READY,2026-07-06T08:54,FIFO,41.9815,21.0,20.9815,False,,,PSC-SKU-BIKE-MT-001-20260706,,SKU-BIKE-MT-001,WIP-MT-BRAKE-SET-READY,BUF-MT-BRAKE,MT-OP-040,MT-OP-050,ADVISORY_DRAW_FOR_OPERATION,80.0,0.0,21.0,0.0,59.0,120.0,0.0,BALANCED,True,True
PHASE4-MPS-20260721170405,ALT-BN-CP,SWIP-ALT-BN-CP-00072,72,2026-07-24T09:54,LOT-ALT-BN-CP-PSC-SKU-BIKE-ROAD-001-20260706-ROAD-OP-050-WIP-ROAD-QC-PASSED,2026-07-24T09:54,,0.0,0.0,53.9995,False,,,PSC-SKU-BIKE-ROAD-001-20260706,,SKU-BIKE-ROAD-001,WIP-ROAD-QC-PASSED,BUF-ROAD-QC,ROAD-OP-050,ROAD-OP-060,ADVISORY_PRODUCTION_TO_BUFFER,6.0005,53.9995,0.0,0.0,60.0,60.0,0.0,BALANCED,True,True
PHASE4-MPS-20260721170405,ALT-BN-CP,SWIP-ALT-BN-CP-00073,73,2026-07-24T09:54,LOT-ALT-BN-CP-PSC-SKU-BIKE-ROAD-001-20260629-ROAD-OP-050-WIP-ROAD-QC-PASSED,2026-07-16T14:21,FIFO,6.0005,6.0005,0.0,False,,,PSC-SKU-BIKE-ROAD-001-20260706,,SKU-BIKE-ROAD-001,WIP-ROAD-QC-PASSED,BUF-ROAD-QC,ROAD-OP-050,ROAD-OP-060,ADVISORY_DRAW_FOR_OPERATION,60.0,0.0,6.0005,0.0,53.9995,60.0,0.0,BALANCED,True,True
PHASE4-MPS-20260721170405,ALT-BN-CP,SWIP-ALT-BN-CP-00074,74,2026-07-24T09:54,LOT-ALT-BN-CP-PSC-SKU-BIKE-ROAD-001-20260706-ROAD-OP-050-WIP-ROAD-QC-PASSED,2026-07-24T09:54,FIFO,53.9995,53.9995,0.0,False,,,PSC-SKU-BIKE-ROAD-001-20260706,,SKU-BIKE-ROAD-001,WIP-ROAD-QC-PASSED,BUF-ROAD-QC,ROAD-OP-050,ROAD-OP-060,ADVISORY_DRAW_FOR_OPERATION,53.9995,0.0,53.9995,0.0,0.0,60.0,0.0,BALANCED,True,True
PHASE4-MPS-20260721170405,ALT-BN-CP,SWIP-ALT-BN-CP-00075,75,2026-07-24T09:54,LOT-ALT-BN-CP-PSC-SKU-BIKE-ROAD-001-20260706-ROAD-OP-040-WIP-ROAD-FINAL-ASSEMBLY-READY,2026-07-21T14:56,FIFO,6.0005,6.0005,0.0,False,,,PSC-SKU-BIKE-ROAD-001-20260713,,SKU-BIKE-ROAD-001,WIP-ROAD-FINAL-ASSEMBLY-READY,BUF-ROAD-ASM,ROAD-OP-040,ROAD-OP-050,ADVISORY_DRAW_FOR_OPERATION,9.7985,0.0,6.0005,0.0,3.798,60.0,0.0,BALANCED,True,True
PHASE4-MPS-20260721170405,ALT-BN-CP,SWIP-ALT-BN-CP-00076,76,2026-07-24T09:54,LOT-ALT-BN-CP-PSC-SKU-BIKE-ROAD-001-20260713-ROAD-OP-040-WIP-ROAD-FINAL-ASSEMBLY-READY,2026-07-22T10:33,FIFO,3.798,3.798,0.0,False,,,PSC-SKU-BIKE-ROAD-001-20260713,,SKU-BIKE-ROAD-001,WIP-ROAD-FINAL-ASSEMBLY-READY,BUF-ROAD-ASM,ROAD-OP-040,ROAD-OP-050,ADVISORY_DRAW_FOR_OPERATION,3.798,0.0,3.798,0.0,0.0,60.0,0.0,BALANCED,True,True
PHASE4-MPS-20260721170405,ALT-BN-CP,SWIP-ALT-BN-CP-00077,77,2026-07-24T12:55,LOT-ALT-BN-CP-PSC-SKU-BIKE-ROAD-001-20260713-ROAD-OP-050-WIP-ROAD-QC-PASSED,2026-07-24T12:55,,0.0,0.0,9.7985,False,,,PSC-SKU-BIKE-ROAD-001-20260713,,SKU-BIKE-ROAD-001,WIP-ROAD-QC-PASSED,BUF-ROAD-QC,ROAD-OP-050,ROAD-OP-060,ADVISORY_PRODUCTION_TO_BUFFER,0.0,9.7985,0.0,0.0,9.7985,60.0,0.0,BALANCED,True,True
PHASE4-MPS-20260721170405,ALT-BN-CP,SWIP-ALT-BN-CP-00078,78,2026-07-28T10:29,LOT-ALT-BN-CP-PSC-SKU-BIKE-ROAD-001-20260713-ROAD-OP-050-WIP-ROAD-QC-PASSED,2026-07-24T12:55,FIFO,9.7985,9.7985,0.0,False,,,PSC-SKU-BIKE-ROAD-001-20260713,,SKU-BIKE-ROAD-001,WIP-ROAD-QC-PASSED,BUF-ROAD-QC,ROAD-OP-050,ROAD-OP-060,ADVISORY_DRAW_FOR_OPERATION,9.7985,0.0,9.7985,0.0,0.0,60.0,0.0,BALANCED,True,True
PHASE4-MPS-20260721170405,ALT-BN-CP,SWIP-ALT-BN-CP-00079,79,2026-07-31T14:42,LOT-ALT-BN-CP-PSC-SKU-BIKE-MT-001-20260706-MT-OP-050-WIP-MT-FINAL-ASSEMBLY-READY,2026-07-31T14:42,,0.0,0.0,60.0,False,,,PSC-SKU-BIKE-MT-001-20260706,,SKU-BIKE-MT-001,WIP-MT-FINAL-ASSEMBLY-READY,BUF-MT-ASM,MT-OP-050,MT-OP-060,ADVISORY_PRODUCTION_TO_BUFFER,0.0,60.0,0.0,0.0,60.0,60.0,0.0,BALANCED,True,True
PHASE4-MPS-20260721170405,ALT-BN-CP,SWIP-ALT-BN-CP-00080,80,2026-07-31T14:42,LOT-ALT-BN-CP-PSC-SKU-BIKE-MT-001-20260706-MT-OP-050-WIP-MT-FINAL-ASSEMBLY-READY,2026-07-31T14:42,FIFO,60.0,60.0,0.0,False,,,PSC-SKU-BIKE-MT-001-20260706,,SKU-BIKE-MT-001,WIP-MT-FINAL-ASSEMBLY-READY,BUF-MT-ASM,MT-OP-050,MT-OP-060,ADVISORY_DRAW_FOR_OPERATION,60.0,0.0,60.0,0.0,0.0,60.0,0.0,BALANCED,True,True
PHASE4-MPS-20260721170405,ALT-BN-CP,SWIP-ALT-BN-CP-00081,81,2026-07-31T14:42,LOT-ALT-BN-CP-PSC-SKU-BIKE-MT-001-20260706-MT-OP-020-WIP-MT-FORK-READY,2026-07-13T10:37,FIFO,20.0,20.0,0.0,False,,,PSC-SKU-BIKE-MT-001-20260713,,SKU-BIKE-MT-001,WIP-MT-FORK-READY,BUF-MT-FORK,MT-OP-020,MT-OP-050,ADVISORY_DRAW_FOR_OPERATION,20.0,0.0,20.0,0.0,0.0,120.0,0.0,BALANCED,True,True
PHASE4-MPS-20260721170405,ALT-BN-CP,SWIP-ALT-BN-CP-00082,82,2026-07-31T14:42,LOT-ALT-BN-CP-PSC-SKU-BIKE-MT-001-20260629-MT-OP-030-WIP-MT-WHEEL-SET-READY,2026-07-06T14:36,FIFO,26.9815,20.0,6.9815,False,,,PSC-SKU-BIKE-MT-001-20260713,,SKU-BIKE-MT-001,WIP-MT-WHEEL-SET-READY,BUF-MT-WHEEL,MT-OP-030,MT-OP-050,ADVISORY_DRAW_FOR_OPERATION,60.0,0.0,20.0,0.0,40.0,120.0,0.0,BALANCED,True,True
PHASE4-MPS-20260721170405,ALT-BN-CP,SWIP-ALT-BN-CP-00083,83,2026-07-31T14:42,LOT-ALT-BN-CP-PSC-SKU-BIKE-MT-001-20260629-MT-OP-040-WIP-MT-BRAKE-SET-READY,2026-07-06T08:54,FIFO,20.9815,20.0,0.9815,False,,,PSC-SKU-BIKE-MT-001-20260713,,SKU-BIKE-MT-001,WIP-MT-BRAKE-SET-READY,BUF-MT-BRAKE,MT-OP-040,MT-OP-050,ADVISORY_DRAW_FOR_OPERATION,59.0,0.0,20.0,0.0,39.0,120.0,0.0,BALANCED,True,True
PHASE4-MPS-20260721170405,ALT-BN-CP,SWIP-ALT-BN-CP-00084,84,2026-08-05T11:07,LOT-ALT-BN-CP-PSC-SKU-BIKE-MT-001-20260713-MT-OP-050-WIP-MT-FINAL-ASSEMBLY-READY,2026-08-05T11:07,,0.0,0.0,20.0,False,,,PSC-SKU-BIKE-MT-001-20260713,,SKU-BIKE-MT-001,WIP-MT-FINAL-ASSEMBLY-READY,BUF-MT-ASM,MT-OP-050,MT-OP-060,ADVISORY_PRODUCTION_TO_BUFFER,0.0,20.0,0.0,0.0,20.0,60.0,0.0,BALANCED,True,True
PHASE4-MPS-20260721170405,ALT-BN-CP,SWIP-ALT-BN-CP-00085,85,2026-08-06T08:30,LOT-ALT-BN-CP-PSC-SKU-BIKE-MT-001-20260706-MT-OP-060-WIP-MT-QC-PASSED,2026-08-06T08:30,,0.0,0.0,60.0,False,,,PSC-SKU-BIKE-MT-001-20260706,,SKU-BIKE-MT-001,WIP-MT-QC-PASSED,BUF-MT-QC,MT-OP-060,MT-OP-070,ADVISORY_PRODUCTION_TO_BUFFER,0.0,60.0,0.0,0.0,60.0,60.0,0.0,BALANCED,True,True
PHASE4-MPS-20260721170405,ALT-BN-CP,SWIP-ALT-BN-CP-00086,86,2026-08-06T08:30,LOT-ALT-BN-CP-PSC-SKU-BIKE-MT-001-20260706-MT-OP-060-WIP-MT-QC-PASSED,2026-08-06T08:30,FIFO,60.0,60.0,0.0,False,,,PSC-SKU-BIKE-MT-001-20260706,,SKU-BIKE-MT-001,WIP-MT-QC-PASSED,BUF-MT-QC,MT-OP-060,MT-OP-070,ADVISORY_DRAW_FOR_OPERATION,60.0,0.0,60.0,0.0,0.0,60.0,0.0,BALANCED,True,True
PHASE4-MPS-20260721170405,ALT-BN-CP,SWIP-ALT-BN-CP-00087,87,2026-08-06T08:30,LOT-ALT-BN-CP-PSC-SKU-BIKE-MT-001-20260713-MT-OP-050-WIP-MT-FINAL-ASSEMBLY-READY,2026-08-05T11:07,FIFO,20.0,20.0,0.0,False,,,PSC-SKU-BIKE-MT-001-20260713,,SKU-BIKE-MT-001,WIP-MT-FINAL-ASSEMBLY-READY,BUF-MT-ASM,MT-OP-050,MT-OP-060,ADVISORY_DRAW_FOR_OPERATION,20.0,0.0,20.0,0.0,0.0,60.0,0.0,BALANCED,True,True
PHASE4-MPS-20260721170405,ALT-BN-CP,SWIP-ALT-BN-CP-00088,88,2026-08-07T08:49,LOT-ALT-BN-CP-PSC-SKU-BIKE-MT-001-20260713-MT-OP-060-WIP-MT-QC-PASSED,2026-08-07T08:49,,0.0,0.0,20.0,False,,,PSC-SKU-BIKE-MT-001-20260713,,SKU-BIKE-MT-001,WIP-MT-QC-PASSED,BUF-MT-QC,MT-OP-060,MT-OP-070,ADVISORY_PRODUCTION_TO_BUFFER,0.0,20.0,0.0,0.0,20.0,60.0,0.0,BALANCED,True,True
PHASE4-MPS-20260721170405,ALT-BN-CP,SWIP-ALT-BN-CP-00089,89,2026-08-10T11:14,LOT-ALT-BN-CP-PSC-SKU-BIKE-MT-001-20260713-MT-OP-060-WIP-MT-QC-PASSED,2026-08-07T08:49,FIFO,20.0,20.0,0.0,False,,,PSC-SKU-BIKE-MT-001-20260713,,SKU-BIKE-MT-001,WIP-MT-QC-PASSED,BUF-MT-QC,MT-OP-060,MT-OP-070,ADVISORY_DRAW_FOR_OPERATION,20.0,0.0,20.0,0.0,0.0,60.0,0.0,BALANCED,True,True
PHASE4-MPS-20260721170405,ALT-COMBINED,SWIP-ALT-COMBINED-00001,1,2026-06-29T08:00,LOT-START-WIP-MT-BRAKE-SET-READY-BUF-MT-BRAKE,2026-06-29T08:00,,0.0,0.0,39.0,False,,,,,,WIP-MT-BRAKE-SET-READY,BUF-MT-BRAKE,,,STARTING_ACCEPTED_WIP,0.0,39.0,0.0,0.0,39.0,120.0,0.0,BALANCED,True,True
PHASE4-MPS-20260721170405,ALT-COMBINED,SWIP-ALT-COMBINED-00002,2,2026-06-29T08:00,LOT-START-WIP-MT-QC-PASSED-BUF-MT-QC,2026-06-29T08:00,,0.0,0.0,18.0,False,,,,,,WIP-MT-QC-PASSED,BUF-MT-QC,,,STARTING_ACCEPTED_WIP,0.0,18.0,0.0,0.0,18.0,60.0,0.0,BALANCED,True,True
PHASE4-MPS-20260721170405,ALT-COMBINED,SWIP-ALT-COMBINED-00003,3,2026-06-29T08:00,LOT-START-WIP-MT-WHEEL-SET-READY-BUF-MT-WHEEL,2026-06-29T08:00,,0.0,0.0,45.0,False,,,,,,WIP-MT-WHEEL-SET-READY,BUF-MT-WHEEL,,,STARTING_ACCEPTED_WIP,0.0,45.0,0.0,0.0,45.0,120.0,0.0,BALANCED,True,True
PHASE4-MPS-20260721170405,ALT-COMBINED,SWIP-ALT-COMBINED-00004,4,2026-06-29T08:00,LOT-START-WIP-ROAD-BRAKE-SET-READY-BUF-ROAD-BRAKE,2026-06-29T08:00,,0.0,0.0,38.0,False,,,,,,WIP-ROAD-BRAKE-SET-READY,BUF-ROAD-BRAKE,,,STARTING_ACCEPTED_WIP,0.0,38.0,0.0,0.0,38.0,120.0,0.0,BALANCED,True,True
PHASE4-MPS-20260721170405,ALT-COMBINED,SWIP-ALT-COMBINED-00005,5,2026-06-29T08:00,LOT-START-WIP-ROAD-QC-PASSED-BUF-ROAD-QC,2026-06-29T08:00,,0.0,0.0,20.0,False,,,,,,WIP-ROAD-QC-PASSED,BUF-ROAD-QC,,,STARTING_ACCEPTED_WIP,0.0,20.0,0.0,0.0,20.0,60.0,0.0,BALANCED,True,True
PHASE4-MPS-20260721170405,ALT-COMBINED,SWIP-ALT-COMBINED-00006,6,2026-06-29T08:00,LOT-START-WIP-ROAD-WHEEL-SET-READY-BUF-ROAD-WHEEL,2026-06-29T08:00,,0.0,0.0,40.0,False,,,,,,WIP-ROAD-WHEEL-SET-READY,BUF-ROAD-WHEEL,,,STARTING_ACCEPTED_WIP,0.0,40.0,0.0,0.0,40.0,120.0,0.0,BALANCED,True,True
PHASE4-MPS-20260721170405,ALT-COMBINED,SWIP-ALT-COMBINED-00007,7,2026-06-29T08:00,LOT-START-WIP-MT-QC-PASSED-BUF-MT-QC,2026-06-29T08:00,FIFO,18.0,18.0,0.0,False,,,PSC-SKU-BIKE-MT-001-20260629,,SKU-BIKE-MT-001,WIP-MT-QC-PASSED,BUF-MT-QC,MT-OP-060,MT-OP-070,ADVISORY_DRAW_FOR_OPERATION,18.0,0.0,18.0,0.0,0.0,60.0,0.0,BALANCED,True,True
PHASE4-MPS-20260721170405,ALT-COMBINED,SWIP-ALT-COMBINED-00008,8,2026-06-29T08:00,LOT-START-WIP-ROAD-WHEEL-SET-READY-BUF-ROAD-WHEEL,2026-06-29T08:00,FIFO,40.0,14.202,25.798,False,,,PSC-SKU-BIKE-ROAD-001-20260928,,SKU-BIKE-ROAD-001,WIP-ROAD-WHEEL-SET-READY,BUF-ROAD-WHEEL,ROAD-OP-020,ROAD-OP-040,ADVISORY_DRAW_FOR_OPERATION,40.0,0.0,14.202,0.0,25.798,120.0,0.0,BALANCED,True,True
PHASE4-MPS-20260721170405,ALT-COMBINED,SWIP-ALT-COMBINED-00009,9,2026-06-29T08:00,LOT-START-WIP-ROAD-BRAKE-SET-READY-BUF-ROAD-BRAKE,2026-06-29T08:00,FIFO,38.0,14.202,23.798,False,,,PSC-SKU-BIKE-ROAD-001-20260928,,SKU-BIKE-ROAD-001,WIP-ROAD-BRAKE-SET-READY,BUF-ROAD-BRAKE,ROAD-OP-030,ROAD-OP-040,ADVISORY_DRAW_FOR_OPERATION,38.0,0.0,14.202,0.0,23.798,120.0,0.0,BALANCED,True,True
PHASE4-MPS-20260721170405,ALT-COMBINED,SWIP-ALT-COMBINED-00010,10,2026-06-29T13:08,LOT-START-WIP-ROAD-QC-PASSED-BUF-ROAD-QC,2026-06-29T08:00,FIFO,20.0,14.202,5.798,False,,,PSC-SKU-BIKE-ROAD-001-20260928,,SKU-BIKE-ROAD-001,WIP-ROAD-QC-PASSED,BUF-ROAD-QC,ROAD-OP-050,ROAD-OP-060,ADVISORY_DRAW_FOR_OPERATION,20.0,0.0,14.202,0.0,5.798,60.0,0.0,BALANCED,True,True
PHASE4-MPS-20260721170405,ALT-COMBINED,SWIP-ALT-COMBINED-00011,11,2026-06-30T11:27,LOT-ALT-COMBINED-PSC-SKU-BIKE-ROAD-001-20260928-ROAD-OP-040-WIP-ROAD-FINAL-ASSEMBLY-READY,2026-06-30T11:27,,0.0,0.0,14.202,False,,,PSC-SKU-BIKE-ROAD-001-20260928,,SKU-BIKE-ROAD-001,WIP-ROAD-FINAL-ASSEMBLY-READY,BUF-ROAD-ASM,ROAD-OP-040,ROAD-OP-050,ADVISORY_PRODUCTION_TO_BUFFER,0.0,14.202,0.0,0.0,14.202,60.0,0.0,BALANCED,True,True
PHASE4-MPS-20260721170405,ALT-COMBINED,SWIP-ALT-COMBINED-00012,12,2026-06-30T11:27,LOT-ALT-COMBINED-PSC-SKU-BIKE-ROAD-001-20260928-ROAD-OP-040-WIP-ROAD-FINAL-ASSEMBLY-READY,2026-06-30T11:27,FIFO,14.202,14.202,0.0,False,,,PSC-SKU-BIKE-ROAD-001-20260928,,SKU-BIKE-ROAD-001,WIP-ROAD-FINAL-ASSEMBLY-READY,BUF-ROAD-ASM,ROAD-OP-040,ROAD-OP-050,ADVISORY_DRAW_FOR_OPERATION,14.202,0.0,14.202,0.0,0.0,60.0,0.0,BALANCED,True,True
PHASE4-MPS-20260721170405,ALT-COMBINED,SWIP-ALT-COMBINED-00013,13,2026-07-01T08:36,LOT-ALT-COMBINED-PSC-SKU-BIKE-ROAD-001-20260928-ROAD-OP-050-WIP-ROAD-QC-PASSED,2026-07-01T08:36,,0.0,0.0,14.202,False,,,PSC-SKU-BIKE-ROAD-001-20260928,,SKU-BIKE-ROAD-001,WIP-ROAD-QC-PASSED,BUF-ROAD-QC,ROAD-OP-050,ROAD-OP-060,ADVISORY_PRODUCTION_TO_BUFFER,5.798,14.202,0.0,0.0,20.0,60.0,0.0,BALANCED,True,True
PHASE4-MPS-20260721170405,ALT-COMBINED,SWIP-ALT-COMBINED-00014,14,2026-07-01T12:37,LOT-ALT-COMBINED-PSC-SKU-BIKE-MT-001-20260629-MT-OP-010-WIP-MT-FRAME-TO-FORK,2026-07-01T12:37,,0.0,0.0,41.9815,False,,,PSC-SKU-BIKE-MT-001-20260629,,SKU-BIKE-MT-001,WIP-MT-FRAME-TO-FORK,BUF-MT-FRAME-FORK,MT-OP-010,MT-OP-020,ADVISORY_PRODUCTION_TO_BUFFER,0.0,41.9815,0.0,0.0,41.9815,80.0,0.0,BALANCED,True,True
PHASE4-MPS-20260721170405,ALT-COMBINED,SWIP-ALT-COMBINED-00015,15,2026-07-01T12:37,LOT-ALT-COMBINED-PSC-SKU-BIKE-MT-001-20260629-MT-OP-010-WIP-MT-FRAME-TO-WHEEL,2026-07-01T12:37,,0.0,0.0,41.9815,False,,,PSC-SKU-BIKE-MT-001-20260629,,SKU-BIKE-MT-001,WIP-MT-FRAME-TO-WHEEL,BUF-MT-FRAME-WHEEL,MT-OP-010,MT-OP-030,ADVISORY_PRODUCTION_TO_BUFFER,0.0,41.9815,0.0,0.0,41.9815,80.0,0.0,BALANCED,True,True
PHASE4-MPS-20260721170405,ALT-COMBINED,SWIP-ALT-COMBINED-00016,16,2026-07-01T12:37,LOT-ALT-COMBINED-PSC-SKU-BIKE-MT-001-20260629-MT-OP-010-WIP-MT-FRAME-TO-BRAKE,2026-07-01T12:37,,0.0,0.0,41.9815,False,,,PSC-SKU-BIKE-MT-001-20260629,,SKU-BIKE-MT-001,WIP-MT-FRAME-TO-BRAKE,BUF-MT-FRAME-BRAKE,MT-OP-010,MT-OP-040,ADVISORY_PRODUCTION_TO_BUFFER,0.0,41.9815,0.0,0.0,41.9815,80.0,0.0,BALANCED,True,True
PHASE4-MPS-20260721170405,ALT-COMBINED,SWIP-ALT-COMBINED-00017,17,2026-07-01T12:37,LOT-ALT-COMBINED-PSC-SKU-BIKE-MT-001-20260629-MT-OP-010-WIP-MT-FRAME-TO-FORK,2026-07-01T12:37,FIFO,41.9815,41.9815,0.0,False,,,PSC-SKU-BIKE-MT-001-20260629,,SKU-BIKE-MT-001,WIP-MT-FRAME-TO-FORK,BUF-MT-FRAME-FORK,MT-OP-010,MT-OP-020,ADVISORY_DRAW_FOR_OPERATION,41.9815,0.0,41.9815,0.0,0.0,80.0,0.0,BALANCED,True,True
PHASE4-MPS-20260721170405,ALT-COMBINED,SWIP-ALT-COMBINED-00018,18,2026-07-01T12:37,LOT-ALT-COMBINED-PSC-SKU-BIKE-MT-001-20260629-MT-OP-010-WIP-MT-FRAME-TO-WHEEL,2026-07-01T12:37,FIFO,41.9815,41.9815,0.0,False,,,PSC-SKU-BIKE-MT-001-20260629,,SKU-BIKE-MT-001,WIP-MT-FRAME-TO-WHEEL,BUF-MT-FRAME-WHEEL,MT-OP-010,MT-OP-030,ADVISORY_DRAW_FOR_OPERATION,41.9815,0.0,41.9815,0.0,0.0,80.0,0.0,BALANCED,True,True
PHASE4-MPS-20260721170405,ALT-COMBINED,SWIP-ALT-COMBINED-00019,19,2026-07-01T12:37,LOT-ALT-COMBINED-PSC-SKU-BIKE-MT-001-20260629-MT-OP-010-WIP-MT-FRAME-TO-BRAKE,2026-07-01T12:37,FIFO,41.9815,41.9815,0.0,False,,,PSC-SKU-BIKE-MT-001-20260629,,SKU-BIKE-MT-001,WIP-MT-FRAME-TO-BRAKE,BUF-MT-FRAME-BRAKE,MT-OP-010,MT-OP-040,ADVISORY_DRAW_FOR_OPERATION,41.9815,0.0,41.9815,0.0,0.0,80.0,0.0,BALANCED,True,True
PHASE4-MPS-20260721170405,ALT-COMBINED,SWIP-ALT-COMBINED-00020,20,2026-07-01T14:41,LOT-ALT-COMBINED-PSC-SKU-BIKE-ROAD-001-20260629-ROAD-OP-010-WIP-ROAD-FRAME-TO-WHEEL,2026-07-01T14:41,,0.0,0.0,53.9995,False,,,PSC-SKU-BIKE-ROAD-001-20260629,,SKU-BIKE-ROAD-001,WIP-ROAD-FRAME-TO-WHEEL,BUF-ROAD-FRAME-WHEEL,ROAD-OP-010,ROAD-OP-020,ADVISORY_PRODUCTION_TO_BUFFER,0.0,53.9995,0.0,0.0,53.9995,80.0,0.0,BALANCED,True,True
PHASE4-MPS-20260721170405,ALT-COMBINED,SWIP-ALT-COMBINED-00021,21,2026-07-01T14:41,LOT-ALT-COMBINED-PSC-SKU-BIKE-ROAD-001-20260629-ROAD-OP-010-WIP-ROAD-FRAME-TO-BRAKE,2026-07-01T14:41,,0.0,0.0,53.9995,False,,,PSC-SKU-BIKE-ROAD-001-20260629,,SKU-BIKE-ROAD-001,WIP-ROAD-FRAME-TO-BRAKE,BUF-ROAD-FRAME-BRAKE,ROAD-OP-010,ROAD-OP-030,ADVISORY_PRODUCTION_TO_BUFFER,0.0,53.9995,0.0,0.0,53.9995,80.0,0.0,BALANCED,True,True
PHASE4-MPS-20260721170405,ALT-COMBINED,SWIP-ALT-COMBINED-00022,22,2026-07-01T14:41,LOT-ALT-COMBINED-PSC-SKU-BIKE-ROAD-001-20260629-ROAD-OP-010-WIP-ROAD-FRAME-TO-WHEEL,2026-07-01T14:41,FIFO,53.9995,53.9995,0.0,False,,,PSC-SKU-BIKE-ROAD-001-20260629,,SKU-BIKE-ROAD-001,WIP-ROAD-FRAME-TO-WHEEL,BUF-ROAD-FRAME-WHEEL,ROAD-OP-010,ROAD-OP-020,ADVISORY_DRAW_FOR_OPERATION,53.9995,0.0,53.9995,0.0,0.0,80.0,0.0,BALANCED,True,True
PHASE4-MPS-20260721170405,ALT-COMBINED,SWIP-ALT-COMBINED-00023,23,2026-07-01T14:41,LOT-ALT-COMBINED-PSC-SKU-BIKE-ROAD-001-20260629-ROAD-OP-010-WIP-ROAD-FRAME-TO-BRAKE,2026-07-01T14:41,FIFO,53.9995,53.9995,0.0,False,,,PSC-SKU-BIKE-ROAD-001-20260629,,SKU-BIKE-ROAD-001,WIP-ROAD-FRAME-TO-BRAKE,BUF-ROAD-FRAME-BRAKE,ROAD-OP-010,ROAD-OP-030,ADVISORY_DRAW_FOR_OPERATION,53.9995,0.0,53.9995,0.0,0.0,80.0,0.0,BALANCED,True,True
PHASE4-MPS-20260721170405,ALT-COMBINED,SWIP-ALT-COMBINED-00024,24,2026-07-06T08:54,LOT-ALT-COMBINED-PSC-SKU-BIKE-MT-001-20260629-MT-OP-040-WIP-MT-BRAKE-SET-READY,2026-07-06T08:54,,0.0,0.0,41.9815,False,,,PSC-SKU-BIKE-MT-001-20260629,,SKU-BIKE-MT-001,WIP-MT-BRAKE-SET-READY,BUF-MT-BRAKE,MT-OP-040,MT-OP-050,ADVISORY_PRODUCTION_TO_BUFFER,39.0,41.9815,0.0,0.0,80.9815,120.0,0.0,BALANCED,True,True
PHASE4-MPS-20260721170405,ALT-COMBINED,SWIP-ALT-COMBINED-00025,25,2026-07-06T12:12,LOT-ALT-COMBINED-PSC-SKU-BIKE-ROAD-001-20260629-ROAD-OP-030-WIP-ROAD-BRAKE-SET-READY,2026-07-06T12:12,,0.0,0.0,53.9995,False,,,PSC-SKU-BIKE-ROAD-001-20260629,,SKU-BIKE-ROAD-001,WIP-ROAD-BRAKE-SET-READY,BUF-ROAD-BRAKE,ROAD-OP-030,ROAD-OP-040,ADVISORY_PRODUCTION_TO_BUFFER,23.798,53.9995,0.0,0.0,77.7975,120.0,0.0,BALANCED,True,True
PHASE4-MPS-20260721170405,ALT-COMBINED,SWIP-ALT-COMBINED-00026,26,2026-07-06T14:21,LOT-ALT-COMBINED-PSC-SKU-BIKE-MT-001-20260629-MT-OP-020-WIP-MT-FORK-READY,2026-07-06T14:21,,0.0,0.0,41.9815,False,,,PSC-SKU-BIKE-MT-001-20260629,,SKU-BIKE-MT-001,WIP-MT-FORK-READY,BUF-MT-FORK,MT-OP-020,MT-OP-050,ADVISORY_PRODUCTION_TO_BUFFER,0.0,41.9815,0.0,0.0,41.9815,120.0,0.0,BALANCED,True,True
PHASE4-MPS-20260721170405,ALT-COMBINED,SWIP-ALT-COMBINED-00027,27,2026-07-06T14:36,LOT-ALT-COMBINED-PSC-SKU-BIKE-MT-001-20260629-MT-OP-030-WIP-MT-WHEEL-SET-READY,2026-07-06T14:36,,0.0,0.0,41.9815,False,,,PSC-SKU-BIKE-MT-001-20260629,,SKU-BIKE-MT-001,WIP-MT-WHEEL-SET-READY,BUF-MT-WHEEL,MT-OP-030,MT-OP-050,ADVISORY_PRODUCTION_TO_BUFFER,45.0,41.9815,0.0,0.0,86.9815,120.0,0.0,BALANCED,True,True
PHASE4-MPS-20260721170405,ALT-COMBINED,SWIP-ALT-COMBINED-00028,28,2026-07-07T10:48,LOT-ALT-COMBINED-PSC-SKU-BIKE-ROAD-001-20260706-ROAD-OP-010-WIP-ROAD-FRAME-TO-WHEEL,2026-07-07T10:48,,0.0,0.0,26.0005,False,,,PSC-SKU-BIKE-ROAD-001-20260706,,SKU-BIKE-ROAD-001,WIP-ROAD-FRAME-TO-WHEEL,BUF-ROAD-FRAME-WHEEL,ROAD-OP-010,ROAD-OP-020,ADVISORY_PRODUCTION_TO_BUFFER,0.0,26.0005,0.0,0.0,26.0005,80.0,0.0,BALANCED,True,True
PHASE4-MPS-20260721170405,ALT-COMBINED,SWIP-ALT-COMBINED-00029,29,2026-07-07T10:48,LOT-ALT-COMBINED-PSC-SKU-BIKE-ROAD-001-20260706-ROAD-OP-010-WIP-ROAD-FRAME-TO-BRAKE,2026-07-07T10:48,,0.0,0.0,26.0005,False,,,PSC-SKU-BIKE-ROAD-001-20260706,,SKU-BIKE-ROAD-001,WIP-ROAD-FRAME-TO-BRAKE,BUF-ROAD-FRAME-BRAKE,ROAD-OP-010,ROAD-OP-030,ADVISORY_PRODUCTION_TO_BUFFER,0.0,26.0005,0.0,0.0,26.0005,80.0,0.0,BALANCED,True,True
PHASE4-MPS-20260721170405,ALT-COMBINED,SWIP-ALT-COMBINED-00030,30,2026-07-07T10:48,LOT-ALT-COMBINED-PSC-SKU-BIKE-ROAD-001-20260706-ROAD-OP-010-WIP-ROAD-FRAME-TO-WHEEL,2026-07-07T10:48,FIFO,26.0005,26.0005,0.0,False,,,PSC-SKU-BIKE-ROAD-001-20260706,,SKU-BIKE-ROAD-001,WIP-ROAD-FRAME-TO-WHEEL,BUF-ROAD-FRAME-WHEEL,ROAD-OP-010,ROAD-OP-020,ADVISORY_DRAW_FOR_OPERATION,26.0005,0.0,26.0005,0.0,0.0,80.0,0.0,BALANCED,True,True
PHASE4-MPS-20260721170405,ALT-COMBINED,SWIP-ALT-COMBINED-00031,31,2026-07-07T10:48,LOT-ALT-COMBINED-PSC-SKU-BIKE-ROAD-001-20260706-ROAD-OP-010-WIP-ROAD-FRAME-TO-BRAKE,2026-07-07T10:48,FIFO,26.0005,26.0005,0.0,False,,,PSC-SKU-BIKE-ROAD-001-20260706,,SKU-BIKE-ROAD-001,WIP-ROAD-FRAME-TO-BRAKE,BUF-ROAD-FRAME-BRAKE,ROAD-OP-010,ROAD-OP-030,ADVISORY_DRAW_FOR_OPERATION,26.0005,0.0,26.0005,0.0,0.0,80.0,0.0,BALANCED,True,True
PHASE4-MPS-20260721170405,ALT-COMBINED,SWIP-ALT-COMBINED-00032,32,2026-07-07T11:59,LOT-ALT-COMBINED-PSC-SKU-BIKE-ROAD-001-20260629-ROAD-OP-020-WIP-ROAD-WHEEL-SET-READY,2026-07-07T11:59,,0.0,0.0,53.9995,False,,,PSC-SKU-BIKE-ROAD-001-20260629,,SKU-BIKE-ROAD-001,WIP-ROAD-WHEEL-SET-READY,BUF-ROAD-WHEEL,ROAD-OP-020,ROAD-OP-040,ADVISORY_PRODUCTION_TO_BUFFER,25.798,53.9995,0.0,0.0,79.7975,120.0,0.0,BALANCED,True,True
PHASE4-MPS-20260721170405,ALT-COMBINED,SWIP-ALT-COMBINED-00033,33,2026-07-07T11:59,LOT-START-WIP-ROAD-WHEEL-SET-READY-BUF-ROAD-WHEEL,2026-06-29T08:00,FIFO,25.798,25.798,0.0,False,,,PSC-SKU-BIKE-ROAD-001-20260629,,SKU-BIKE-ROAD-001,WIP-ROAD-WHEEL-SET-READY,BUF-ROAD-WHEEL,ROAD-OP-020,ROAD-OP-040,ADVISORY_DRAW_FOR_OPERATION,79.7975,0.0,25.798,0.0,53.9995,120.0,0.0,BALANCED,True,True
PHASE4-MPS-20260721170405,ALT-COMBINED,SWIP-ALT-COMBINED-00034,34,2026-07-07T11:59,LOT-ALT-COMBINED-PSC-SKU-BIKE-ROAD-001-20260629-ROAD-OP-020-WIP-ROAD-WHEEL-SET-READY,2026-07-07T11:59,FIFO,53.9995,28.2015,25.798,False,,,PSC-SKU-BIKE-ROAD-001-20260629,,SKU-BIKE-ROAD-001,WIP-ROAD-WHEEL-SET-READY,BUF-ROAD-WHEEL,ROAD-OP-020,ROAD-OP-040,ADVISORY_DRAW_FOR_OPERATION,53.9995,0.0,28.2015,0.0,25.798,120.0,0.0,BALANCED,True,True
PHASE4-MPS-20260721170405,ALT-COMBINED,SWIP-ALT-COMBINED-00035,35,2026-07-07T11:59,LOT-START-WIP-ROAD-BRAKE-SET-READY-BUF-ROAD-BRAKE,2026-06-29T08:00,FIFO,23.798,23.798,0.0,False,,,PSC-SKU-BIKE-ROAD-001-20260629,,SKU-BIKE-ROAD-001,WIP-ROAD-BRAKE-SET-READY,BUF-ROAD-BRAKE,ROAD-OP-030,ROAD-OP-040,ADVISORY_DRAW_FOR_OPERATION,77.7975,0.0,23.798,0.0,53.9995,120.0,0.0,BALANCED,True,True
PHASE4-MPS-20260721170405,ALT-COMBINED,SWIP-ALT-COMBINED-00036,36,2026-07-07T11:59,LOT-ALT-COMBINED-PSC-SKU-BIKE-ROAD-001-20260629-ROAD-OP-030-WIP-ROAD-BRAKE-SET-READY,2026-07-06T12:12,FIFO,53.9995,30.2015,23.798,False,,,PSC-SKU-BIKE-ROAD-001-20260629,,SKU-BIKE-ROAD-001,WIP-ROAD-BRAKE-SET-READY,BUF-ROAD-BRAKE,ROAD-OP-030,ROAD-OP-040,ADVISORY_DRAW_FOR_OPERATION,53.9995,0.0,30.2015,0.0,23.798,120.0,0.0,BALANCED,True,True
PHASE4-MPS-20260721170405,ALT-COMBINED,SWIP-ALT-COMBINED-00037,37,2026-07-08T10:49,LOT-ALT-COMBINED-PSC-SKU-BIKE-MT-001-20260706-MT-OP-010-WIP-MT-FRAME-TO-FORK,2026-07-08T10:49,,0.0,0.0,38.0185,False,,,PSC-SKU-BIKE-MT-001-20260706,,SKU-BIKE-MT-001,WIP-MT-FRAME-TO-FORK,BUF-MT-FRAME-FORK,MT-OP-010,MT-OP-020,ADVISORY_PRODUCTION_TO_BUFFER,0.0,38.0185,0.0,0.0,38.0185,80.0,0.0,BALANCED,True,True
PHASE4-MPS-20260721170405,ALT-COMBINED,SWIP-ALT-COMBINED-00038,38,2026-07-08T10:49,LOT-ALT-COMBINED-PSC-SKU-BIKE-MT-001-20260706-MT-OP-010-WIP-MT-FRAME-TO-WHEEL,2026-07-08T10:49,,0.0,0.0,38.0185,False,,,PSC-SKU-BIKE-MT-001-20260706,,SKU-BIKE-MT-001,WIP-MT-FRAME-TO-WHEEL,BUF-MT-FRAME-WHEEL,MT-OP-010,MT-OP-030,ADVISORY_PRODUCTION_TO_BUFFER,0.0,38.0185,0.0,0.0,38.0185,80.0,0.0,BALANCED,True,True
PHASE4-MPS-20260721170405,ALT-COMBINED,SWIP-ALT-COMBINED-00039,39,2026-07-08T10:49,LOT-ALT-COMBINED-PSC-SKU-BIKE-MT-001-20260706-MT-OP-010-WIP-MT-FRAME-TO-BRAKE,2026-07-08T10:49,,0.0,0.0,38.0185,False,,,PSC-SKU-BIKE-MT-001-20260706,,SKU-BIKE-MT-001,WIP-MT-FRAME-TO-BRAKE,BUF-MT-FRAME-BRAKE,MT-OP-010,MT-OP-040,ADVISORY_PRODUCTION_TO_BUFFER,0.0,38.0185,0.0,0.0,38.0185,80.0,0.0,BALANCED,True,True
PHASE4-MPS-20260721170405,ALT-COMBINED,SWIP-ALT-COMBINED-00040,40,2026-07-08T10:49,LOT-ALT-COMBINED-PSC-SKU-BIKE-MT-001-20260706-MT-OP-010-WIP-MT-FRAME-TO-FORK,2026-07-08T10:49,FIFO,38.0185,38.0185,0.0,False,,,PSC-SKU-BIKE-MT-001-20260706,,SKU-BIKE-MT-001,WIP-MT-FRAME-TO-FORK,BUF-MT-FRAME-FORK,MT-OP-010,MT-OP-020,ADVISORY_DRAW_FOR_OPERATION,38.0185,0.0,38.0185,0.0,0.0,80.0,0.0,BALANCED,True,True
PHASE4-MPS-20260721170405,ALT-COMBINED,SWIP-ALT-COMBINED-00041,41,2026-07-08T10:49,LOT-ALT-COMBINED-PSC-SKU-BIKE-MT-001-20260706-MT-OP-010-WIP-MT-FRAME-TO-WHEEL,2026-07-08T10:49,FIFO,38.0185,33.0185,5.0,False,,,PSC-SKU-BIKE-MT-001-20260706,,SKU-BIKE-MT-001,WIP-MT-FRAME-TO-WHEEL,BUF-MT-FRAME-WHEEL,MT-OP-010,MT-OP-030,ADVISORY_DRAW_FOR_OPERATION,38.0185,0.0,33.0185,0.0,5.0,80.0,0.0,BALANCED,True,True
PHASE4-MPS-20260721170405,ALT-COMBINED,SWIP-ALT-COMBINED-00042,42,2026-07-08T10:49,LOT-ALT-COMBINED-PSC-SKU-BIKE-MT-001-20260706-MT-OP-010-WIP-MT-FRAME-TO-BRAKE,2026-07-08T10:49,FIFO,38.0185,38.0185,0.0,False,,,PSC-SKU-BIKE-MT-001-20260706,,SKU-BIKE-MT-001,WIP-MT-FRAME-TO-BRAKE,BUF-MT-FRAME-BRAKE,MT-OP-010,MT-OP-040,ADVISORY_DRAW_FOR_OPERATION,38.0185,0.0,38.0185,0.0,0.0,80.0,0.0,BALANCED,True,True
PHASE4-MPS-20260721170405,ALT-COMBINED,SWIP-ALT-COMBINED-00043,43,2026-07-08T10:49,LOT-ALT-COMBINED-PSC-SKU-BIKE-MT-001-20260706-MT-OP-010-WIP-MT-FRAME-TO-WHEEL,2026-07-08T10:49,FIFO,5.0,5.0,0.0,False,,,PSC-SKU-BIKE-MT-001-20260713,,SKU-BIKE-MT-001,WIP-MT-FRAME-TO-WHEEL,BUF-MT-FRAME-WHEEL,MT-OP-010,MT-OP-030,ADVISORY_DRAW_FOR_OPERATION,5.0,0.0,5.0,0.0,0.0,80.0,0.0,BALANCED,True,True
PHASE4-MPS-20260721170405,ALT-COMBINED,SWIP-ALT-COMBINED-00044,44,2026-07-08T12:49,LOT-ALT-COMBINED-PSC-SKU-BIKE-ROAD-001-20260706-ROAD-OP-030-WIP-ROAD-BRAKE-SET-READY,2026-07-08T12:49,,0.0,0.0,26.0005,False,,,PSC-SKU-BIKE-ROAD-001-20260706,,SKU-BIKE-ROAD-001,WIP-ROAD-BRAKE-SET-READY,BUF-ROAD-BRAKE,ROAD-OP-030,ROAD-OP-040,ADVISORY_PRODUCTION_TO_BUFFER,23.798,26.0005,0.0,0.0,49.7985,120.0,0.0,BALANCED,True,True
PHASE4-MPS-20260721170405,ALT-COMBINED,SWIP-ALT-COMBINED-00045,45,2026-07-08T13:37,LOT-ALT-COMBINED-PSC-SKU-BIKE-MT-001-20260713-MT-OP-030-WIP-MT-WHEEL-SET-READY,2026-07-08T13:37,,0.0,0.0,5.0,False,,,PSC-SKU-BIKE-MT-001-20260713,,SKU-BIKE-MT-001,WIP-MT-WHEEL-SET-READY,BUF-MT-WHEEL,MT-OP-030,MT-OP-050,ADVISORY_PRODUCTION_TO_BUFFER,86.9815,5.0,0.0,0.0,91.9815,120.0,0.0,BALANCED,True,True
PHASE4-MPS-20260721170405,ALT-COMBINED,SWIP-ALT-COMBINED-00046,46,2026-07-09T08:58,LOT-ALT-COMBINED-PSC-SKU-BIKE-ROAD-001-20260706-ROAD-OP-020-WIP-ROAD-WHEEL-SET-READY,2026-07-09T08:58,,0.0,0.0,26.0005,False,,,PSC-SKU-BIKE-ROAD-001-20260706,,SKU-BIKE-ROAD-001,WIP-ROAD-WHEEL-SET-READY,BUF-ROAD-WHEEL,ROAD-OP-020,ROAD-OP-040,ADVISORY_PRODUCTION_TO_BUFFER,25.798,26.0005,0.0,0.0,51.7985,120.0,0.0,BALANCED,True,True
PHASE4-MPS-20260721170405,ALT-COMBINED,SWIP-ALT-COMBINED-00047,47,2026-07-10T12:27,LOT-ALT-COMBINED-PSC-SKU-BIKE-MT-001-20260706-MT-OP-040-WIP-MT-BRAKE-SET-READY,2026-07-10T12:27,,0.0,0.0,38.0185,False,,,PSC-SKU-BIKE-MT-001-20260706,,SKU-BIKE-MT-001,WIP-MT-BRAKE-SET-READY,BUF-MT-BRAKE,MT-OP-040,MT-OP-050,ADVISORY_PRODUCTION_TO_BUFFER,80.9815,38.0185,0.0,0.0,119.0,120.0,0.0,BALANCED,True,True
PHASE4-MPS-20260721170405,ALT-COMBINED,SWIP-ALT-COMBINED-00048,48,2026-07-10T14:51,LOT-ALT-COMBINED-PSC-SKU-BIKE-MT-001-20260706-MT-OP-030-WIP-MT-WHEEL-SET-READY,2026-07-10T14:51,,0.0,0.0,28.0185,False,,,PSC-SKU-BIKE-MT-001-20260706,,SKU-BIKE-MT-001,WIP-MT-WHEEL-SET-READY,BUF-MT-WHEEL,MT-OP-030,MT-OP-050,ADVISORY_PRODUCTION_TO_BUFFER,91.9815,33.0185,0.0,5.0,120.0,120.0,0.0,BALANCED,True,True
PHASE4-MPS-20260721170405,ALT-COMBINED,SWIP-ALT-COMBINED-00049,49,2026-07-13T10:19,LOT-ALT-COMBINED-PSC-SKU-BIKE-MT-001-20260706-MT-OP-020-WIP-MT-FORK-READY,2026-07-13T10:19,,0.0,0.0,38.0185,False,,,PSC-SKU-BIKE-MT-001-20260706,,SKU-BIKE-MT-001,WIP-MT-FORK-READY,BUF-MT-FORK,MT-OP-020,MT-OP-050,ADVISORY_PRODUCTION_TO_BUFFER,41.9815,38.0185,0.0,0.0,80.0,120.0,0.0,BALANCED,True,True
PHASE4-MPS-20260721170405,ALT-COMBINED,SWIP-ALT-COMBINED-00050,50,2026-07-15T09:14,LOT-ALT-COMBINED-PSC-SKU-BIKE-ROAD-001-20260629-ROAD-OP-040-WIP-ROAD-FINAL-ASSEMBLY-READY,2026-07-15T09:14,,0.0,0.0,53.9995,False,,,PSC-SKU-BIKE-ROAD-001-20260629,,SKU-BIKE-ROAD-001,WIP-ROAD-FINAL-ASSEMBLY-READY,BUF-ROAD-ASM,ROAD-OP-040,ROAD-OP-050,ADVISORY_PRODUCTION_TO_BUFFER,0.0,53.9995,0.0,0.0,53.9995,60.0,0.0,BALANCED,True,True
PHASE4-MPS-20260721170405,ALT-COMBINED,SWIP-ALT-COMBINED-00051,51,2026-07-15T09:14,LOT-ALT-COMBINED-PSC-SKU-BIKE-ROAD-001-20260629-ROAD-OP-040-WIP-ROAD-FINAL-ASSEMBLY-READY,2026-07-15T09:14,FIFO,53.9995,40.0,13.9995,False,,,PSC-SKU-BIKE-ROAD-001-20260629,,SKU-BIKE-ROAD-001,WIP-ROAD-FINAL-ASSEMBLY-READY,BUF-ROAD-ASM,ROAD-OP-040,ROAD-OP-050,ADVISORY_DRAW_FOR_OPERATION,53.9995,0.0,40.0,0.0,13.9995,60.0,0.0,BALANCED,True,True
PHASE4-MPS-20260721170405,ALT-COMBINED,SWIP-ALT-COMBINED-00052,52,2026-07-15T09:14,LOT-ALT-COMBINED-PSC-SKU-BIKE-ROAD-001-20260629-ROAD-OP-020-WIP-ROAD-WHEEL-SET-READY,2026-07-07T11:59,FIFO,25.798,25.798,0.0,False,,,PSC-SKU-BIKE-ROAD-001-20260706,,SKU-BIKE-ROAD-001,WIP-ROAD-WHEEL-SET-READY,BUF-ROAD-WHEEL,ROAD-OP-020,ROAD-OP-040,ADVISORY_DRAW_FOR_OPERATION,51.7985,0.0,25.798,0.0,26.0005,120.0,0.0,BALANCED,True,True
PHASE4-MPS-20260721170405,ALT-COMBINED,SWIP-ALT-COMBINED-00053,53,2026-07-15T09:14,LOT-ALT-COMBINED-PSC-SKU-BIKE-ROAD-001-20260706-ROAD-OP-020-WIP-ROAD-WHEEL-SET-READY,2026-07-09T08:58,FIFO,26.0005,20.2025,5.798,False,,,PSC-SKU-BIKE-ROAD-001-20260706,,SKU-BIKE-ROAD-001,WIP-ROAD-WHEEL-SET-READY,BUF-ROAD-WHEEL,ROAD-OP-020,ROAD-OP-040,ADVISORY_DRAW_FOR_OPERATION,26.0005,0.0,20.2025,0.0,5.798,120.0,0.0,BALANCED,True,True
PHASE4-MPS-20260721170405,ALT-COMBINED,SWIP-ALT-COMBINED-00054,54,2026-07-15T09:14,LOT-ALT-COMBINED-PSC-SKU-BIKE-ROAD-001-20260629-ROAD-OP-030-WIP-ROAD-BRAKE-SET-READY,2026-07-06T12:12,FIFO,23.798,23.798,0.0,False,,,PSC-SKU-BIKE-ROAD-001-20260706,,SKU-BIKE-ROAD-001,WIP-ROAD-BRAKE-SET-READY,BUF-ROAD-BRAKE,ROAD-OP-030,ROAD-OP-040,ADVISORY_DRAW_FOR_OPERATION,49.7985,0.0,23.798,0.0,26.0005,120.0,0.0,BALANCED,True,True
PHASE4-MPS-20260721170405,ALT-COMBINED,SWIP-ALT-COMBINED-00055,55,2026-07-15T09:14,LOT-ALT-COMBINED-PSC-SKU-BIKE-ROAD-001-20260706-ROAD-OP-030-WIP-ROAD-BRAKE-SET-READY,2026-07-08T12:49,FIFO,26.0005,22.2025,3.798,False,,,PSC-SKU-BIKE-ROAD-001-20260706,,SKU-BIKE-ROAD-001,WIP-ROAD-BRAKE-SET-READY,BUF-ROAD-BRAKE,ROAD-OP-030,ROAD-OP-040,ADVISORY_DRAW_FOR_OPERATION,26.0005,0.0,22.2025,0.0,3.798,120.0,0.0,BALANCED,True,True
PHASE4-MPS-20260721170405,ALT-COMBINED,SWIP-ALT-COMBINED-00056,56,2026-07-16T14:21,LOT-ALT-COMBINED-PSC-SKU-BIKE-ROAD-001-20260629-ROAD-OP-050-WIP-ROAD-QC-PASSED,2026-07-16T14:21,,0.0,0.0,40.0,False,,,PSC-SKU-BIKE-ROAD-001-20260629,,SKU-BIKE-ROAD-001,WIP-ROAD-QC-PASSED,BUF-ROAD-QC,ROAD-OP-050,ROAD-OP-060,ADVISORY_PRODUCTION_TO_BUFFER,20.0,40.0,0.0,0.0,60.0,60.0,0.0,BALANCED,True,True
PHASE4-MPS-20260721170405,ALT-COMBINED,SWIP-ALT-COMBINED-00057,57,2026-07-16T14:21,LOT-START-WIP-ROAD-QC-PASSED-BUF-ROAD-QC,2026-06-29T08:00,FIFO,5.798,5.798,0.0,False,,,PSC-SKU-BIKE-ROAD-001-20260629,,SKU-BIKE-ROAD-001,WIP-ROAD-QC-PASSED,BUF-ROAD-QC,ROAD-OP-050,ROAD-OP-060,ADVISORY_DRAW_FOR_OPERATION,60.0,0.0,5.798,0.0,54.202,60.0,0.0,BALANCED,True,True
PHASE4-MPS-20260721170405,ALT-COMBINED,SWIP-ALT-COMBINED-00058,58,2026-07-16T14:21,LOT-ALT-COMBINED-PSC-SKU-BIKE-ROAD-001-20260928-ROAD-OP-050-WIP-ROAD-QC-PASSED,2026-07-01T08:36,FIFO,14.202,14.202,0.0,False,,,PSC-SKU-BIKE-ROAD-001-20260629,,SKU-BIKE-ROAD-001,WIP-ROAD-QC-PASSED,BUF-ROAD-QC,ROAD-OP-050,ROAD-OP-060,ADVISORY_DRAW_FOR_OPERATION,54.202,0.0,14.202,0.0,40.0,60.0,0.0,BALANCED,True,True
PHASE4-MPS-20260721170405,ALT-COMBINED,SWIP-ALT-COMBINED-00059,59,2026-07-16T14:21,LOT-ALT-COMBINED-PSC-SKU-BIKE-ROAD-001-20260629-ROAD-OP-050-WIP-ROAD-QC-PASSED,2026-07-16T14:21,FIFO,40.0,33.9995,6.0005,False,,,PSC-SKU-BIKE-ROAD-001-20260629,,SKU-BIKE-ROAD-001,WIP-ROAD-QC-PASSED,BUF-ROAD-QC,ROAD-OP-050,ROAD-OP-060,ADVISORY_DRAW_FOR_OPERATION,40.0,0.0,33.9995,0.0,6.0005,60.0,0.0,BALANCED,True,True
PHASE4-MPS-20260721170405,ALT-COMBINED,SWIP-ALT-COMBINED-00060,60,2026-07-21T14:56,LOT-ALT-COMBINED-PSC-SKU-BIKE-ROAD-001-20260706-ROAD-OP-040-WIP-ROAD-FINAL-ASSEMBLY-READY,2026-07-21T14:56,,0.0,0.0,46.0005,False,,,PSC-SKU-BIKE-ROAD-001-20260706,,SKU-BIKE-ROAD-001,WIP-ROAD-FINAL-ASSEMBLY-READY,BUF-ROAD-ASM,ROAD-OP-040,ROAD-OP-050,ADVISORY_PRODUCTION_TO_BUFFER,13.9995,46.0005,0.0,0.0,60.0,60.0,0.0,BALANCED,True,True
PHASE4-MPS-20260721170405,ALT-COMBINED,SWIP-ALT-COMBINED-00061,61,2026-07-21T14:56,LOT-ALT-COMBINED-PSC-SKU-BIKE-ROAD-001-20260629-ROAD-OP-040-WIP-ROAD-FINAL-ASSEMBLY-READY,2026-07-15T09:14,FIFO,13.9995,13.9995,0.0,False,,,PSC-SKU-BIKE-ROAD-001-20260706,,SKU-BIKE-ROAD-001,WIP-ROAD-FINAL-ASSEMBLY-READY,BUF-ROAD-ASM,ROAD-OP-040,ROAD-OP-050,ADVISORY_DRAW_FOR_OPERATION,60.0,0.0,13.9995,0.0,46.0005,60.0,0.0,BALANCED,True,True
PHASE4-MPS-20260721170405,ALT-COMBINED,SWIP-ALT-COMBINED-00062,62,2026-07-21T14:56,LOT-ALT-COMBINED-PSC-SKU-BIKE-ROAD-001-20260706-ROAD-OP-040-WIP-ROAD-FINAL-ASSEMBLY-READY,2026-07-21T14:56,FIFO,46.0005,40.0,6.0005,False,,,PSC-SKU-BIKE-ROAD-001-20260706,,SKU-BIKE-ROAD-001,WIP-ROAD-FINAL-ASSEMBLY-READY,BUF-ROAD-ASM,ROAD-OP-040,ROAD-OP-050,ADVISORY_DRAW_FOR_OPERATION,46.0005,0.0,40.0,0.0,6.0005,60.0,0.0,BALANCED,True,True
PHASE4-MPS-20260721170405,ALT-COMBINED,SWIP-ALT-COMBINED-00063,63,2026-07-21T14:56,LOT-ALT-COMBINED-PSC-SKU-BIKE-ROAD-001-20260706-ROAD-OP-020-WIP-ROAD-WHEEL-SET-READY,2026-07-09T08:58,FIFO,5.798,3.798,2.0,False,,,PSC-SKU-BIKE-ROAD-001-20260713,,SKU-BIKE-ROAD-001,WIP-ROAD-WHEEL-SET-READY,BUF-ROAD-WHEEL,ROAD-OP-020,ROAD-OP-040,ADVISORY_DRAW_FOR_OPERATION,5.798,0.0,3.798,0.0,2.0,120.0,0.0,BALANCED,True,True
PHASE4-MPS-20260721170405,ALT-COMBINED,SWIP-ALT-COMBINED-00064,64,2026-07-21T14:56,LOT-ALT-COMBINED-PSC-SKU-BIKE-ROAD-001-20260706-ROAD-OP-030-WIP-ROAD-BRAKE-SET-READY,2026-07-08T12:49,FIFO,3.798,3.798,0.0,False,,,PSC-SKU-BIKE-ROAD-001-20260713,,SKU-BIKE-ROAD-001,WIP-ROAD-BRAKE-SET-READY,BUF-ROAD-BRAKE,ROAD-OP-030,ROAD-OP-040,ADVISORY_DRAW_FOR_OPERATION,3.798,0.0,3.798,0.0,0.0,120.0,0.0,BALANCED,True,True
PHASE4-MPS-20260721170405,ALT-COMBINED,SWIP-ALT-COMBINED-00065,65,2026-07-22T10:33,LOT-ALT-COMBINED-PSC-SKU-BIKE-ROAD-001-20260713-ROAD-OP-040-WIP-ROAD-FINAL-ASSEMBLY-READY,2026-07-22T10:33,,0.0,0.0,3.798,False,,,PSC-SKU-BIKE-ROAD-001-20260713,,SKU-BIKE-ROAD-001,WIP-ROAD-FINAL-ASSEMBLY-READY,BUF-ROAD-ASM,ROAD-OP-040,ROAD-OP-050,ADVISORY_PRODUCTION_TO_BUFFER,6.0005,3.798,0.0,0.0,9.7985,60.0,0.0,BALANCED,True,True
PHASE4-MPS-20260721170405,ALT-COMBINED,SWIP-ALT-COMBINED-00066,66,2026-07-22T10:33,LOT-ALT-COMBINED-PSC-SKU-BIKE-MT-001-20260629-MT-OP-020-WIP-MT-FORK-READY,2026-07-06T14:21,FIFO,41.9815,41.9815,0.0,False,,,PSC-SKU-BIKE-MT-001-20260706,,SKU-BIKE-MT-001,WIP-MT-FORK-READY,BUF-MT-FORK,MT-OP-020,MT-OP-050,ADVISORY_DRAW_FOR_OPERATION,80.0,0.0,41.9815,0.0,38.0185,120.0,0.0,BALANCED,True,True
PHASE4-MPS-20260721170405,ALT-COMBINED,SWIP-ALT-COMBINED-00067,67,2026-07-22T10:33,LOT-ALT-COMBINED-PSC-SKU-BIKE-MT-001-20260706-MT-OP-020-WIP-MT-FORK-READY,2026-07-13T10:19,FIFO,38.0185,18.0185,20.0,False,,,PSC-SKU-BIKE-MT-001-20260706,,SKU-BIKE-MT-001,WIP-MT-FORK-READY,BUF-MT-FORK,MT-OP-020,MT-OP-050,ADVISORY_DRAW_FOR_OPERATION,38.0185,0.0,18.0185,0.0,20.0,120.0,0.0,BALANCED,True,True
PHASE4-MPS-20260721170405,ALT-COMBINED,SWIP-ALT-COMBINED-00068,68,2026-07-22T10:33,LOT-START-WIP-MT-WHEEL-SET-READY-BUF-MT-WHEEL,2026-06-29T08:00,FIFO,45.0,45.0,0.0,False,,,PSC-SKU-BIKE-MT-001-20260706,,SKU-BIKE-MT-001,WIP-MT-WHEEL-SET-READY,BUF-MT-WHEEL,MT-OP-030,MT-OP-050,ADVISORY_DRAW_FOR_OPERATION,120.0,0.0,45.0,0.0,75.0,120.0,0.0,BALANCED,True,True
PHASE4-MPS-20260721170405,ALT-COMBINED,SWIP-ALT-COMBINED-00069,69,2026-07-22T10:33,LOT-ALT-COMBINED-PSC-SKU-BIKE-MT-001-20260629-MT-OP-030-WIP-MT-WHEEL-SET-READY,2026-07-06T14:36,FIFO,41.9815,15.0,26.9815,False,,,PSC-SKU-BIKE-MT-001-20260706,,SKU-BIKE-MT-001,WIP-MT-WHEEL-SET-READY,BUF-MT-WHEEL,MT-OP-030,MT-OP-050,ADVISORY_DRAW_FOR_OPERATION,75.0,0.0,15.0,0.0,60.0,120.0,0.0,BALANCED,True,True
PHASE4-MPS-20260721170405,ALT-COMBINED,SWIP-ALT-COMBINED-00070,70,2026-07-22T10:33,LOT-START-WIP-MT-BRAKE-SET-READY-BUF-MT-BRAKE,2026-06-29T08:00,FIFO,39.0,39.0,0.0,False,,,PSC-SKU-BIKE-MT-001-20260706,,SKU-BIKE-MT-001,WIP-MT-BRAKE-SET-READY,BUF-MT-BRAKE,MT-OP-040,MT-OP-050,ADVISORY_DRAW_FOR_OPERATION,119.0,0.0,39.0,0.0,80.0,120.0,0.0,BALANCED,True,True
PHASE4-MPS-20260721170405,ALT-COMBINED,SWIP-ALT-COMBINED-00071,71,2026-07-22T10:33,LOT-ALT-COMBINED-PSC-SKU-BIKE-MT-001-20260629-MT-OP-040-WIP-MT-BRAKE-SET-READY,2026-07-06T08:54,FIFO,41.9815,21.0,20.9815,False,,,PSC-SKU-BIKE-MT-001-20260706,,SKU-BIKE-MT-001,WIP-MT-BRAKE-SET-READY,BUF-MT-BRAKE,MT-OP-040,MT-OP-050,ADVISORY_DRAW_FOR_OPERATION,80.0,0.0,21.0,0.0,59.0,120.0,0.0,BALANCED,True,True
PHASE4-MPS-20260721170405,ALT-COMBINED,SWIP-ALT-COMBINED-00072,72,2026-07-24T09:54,LOT-ALT-COMBINED-PSC-SKU-BIKE-ROAD-001-20260706-ROAD-OP-050-WIP-ROAD-QC-PASSED,2026-07-24T09:54,,0.0,0.0,53.9995,False,,,PSC-SKU-BIKE-ROAD-001-20260706,,SKU-BIKE-ROAD-001,WIP-ROAD-QC-PASSED,BUF-ROAD-QC,ROAD-OP-050,ROAD-OP-060,ADVISORY_PRODUCTION_TO_BUFFER,6.0005,53.9995,0.0,0.0,60.0,60.0,0.0,BALANCED,True,True
PHASE4-MPS-20260721170405,ALT-COMBINED,SWIP-ALT-COMBINED-00073,73,2026-07-24T09:54,LOT-ALT-COMBINED-PSC-SKU-BIKE-ROAD-001-20260629-ROAD-OP-050-WIP-ROAD-QC-PASSED,2026-07-16T14:21,FIFO,6.0005,6.0005,0.0,False,,,PSC-SKU-BIKE-ROAD-001-20260706,,SKU-BIKE-ROAD-001,WIP-ROAD-QC-PASSED,BUF-ROAD-QC,ROAD-OP-050,ROAD-OP-060,ADVISORY_DRAW_FOR_OPERATION,60.0,0.0,6.0005,0.0,53.9995,60.0,0.0,BALANCED,True,True
PHASE4-MPS-20260721170405,ALT-COMBINED,SWIP-ALT-COMBINED-00074,74,2026-07-24T09:54,LOT-ALT-COMBINED-PSC-SKU-BIKE-ROAD-001-20260706-ROAD-OP-050-WIP-ROAD-QC-PASSED,2026-07-24T09:54,FIFO,53.9995,53.9995,0.0,False,,,PSC-SKU-BIKE-ROAD-001-20260706,,SKU-BIKE-ROAD-001,WIP-ROAD-QC-PASSED,BUF-ROAD-QC,ROAD-OP-050,ROAD-OP-060,ADVISORY_DRAW_FOR_OPERATION,53.9995,0.0,53.9995,0.0,0.0,60.0,0.0,BALANCED,True,True
PHASE4-MPS-20260721170405,ALT-COMBINED,SWIP-ALT-COMBINED-00075,75,2026-07-24T09:54,LOT-ALT-COMBINED-PSC-SKU-BIKE-ROAD-001-20260706-ROAD-OP-040-WIP-ROAD-FINAL-ASSEMBLY-READY,2026-07-21T14:56,FIFO,6.0005,6.0005,0.0,False,,,PSC-SKU-BIKE-ROAD-001-20260713,,SKU-BIKE-ROAD-001,WIP-ROAD-FINAL-ASSEMBLY-READY,BUF-ROAD-ASM,ROAD-OP-040,ROAD-OP-050,ADVISORY_DRAW_FOR_OPERATION,9.7985,0.0,6.0005,0.0,3.798,60.0,0.0,BALANCED,True,True
PHASE4-MPS-20260721170405,ALT-COMBINED,SWIP-ALT-COMBINED-00076,76,2026-07-24T09:54,LOT-ALT-COMBINED-PSC-SKU-BIKE-ROAD-001-20260713-ROAD-OP-040-WIP-ROAD-FINAL-ASSEMBLY-READY,2026-07-22T10:33,FIFO,3.798,3.798,0.0,False,,,PSC-SKU-BIKE-ROAD-001-20260713,,SKU-BIKE-ROAD-001,WIP-ROAD-FINAL-ASSEMBLY-READY,BUF-ROAD-ASM,ROAD-OP-040,ROAD-OP-050,ADVISORY_DRAW_FOR_OPERATION,3.798,0.0,3.798,0.0,0.0,60.0,0.0,BALANCED,True,True
PHASE4-MPS-20260721170405,ALT-COMBINED,SWIP-ALT-COMBINED-00077,77,2026-07-24T12:55,LOT-ALT-COMBINED-PSC-SKU-BIKE-ROAD-001-20260713-ROAD-OP-050-WIP-ROAD-QC-PASSED,2026-07-24T12:55,,0.0,0.0,9.7985,False,,,PSC-SKU-BIKE-ROAD-001-20260713,,SKU-BIKE-ROAD-001,WIP-ROAD-QC-PASSED,BUF-ROAD-QC,ROAD-OP-050,ROAD-OP-060,ADVISORY_PRODUCTION_TO_BUFFER,0.0,9.7985,0.0,0.0,9.7985,60.0,0.0,BALANCED,True,True
PHASE4-MPS-20260721170405,ALT-COMBINED,SWIP-ALT-COMBINED-00078,78,2026-07-28T10:29,LOT-ALT-COMBINED-PSC-SKU-BIKE-ROAD-001-20260713-ROAD-OP-050-WIP-ROAD-QC-PASSED,2026-07-24T12:55,FIFO,9.7985,9.7985,0.0,False,,,PSC-SKU-BIKE-ROAD-001-20260713,,SKU-BIKE-ROAD-001,WIP-ROAD-QC-PASSED,BUF-ROAD-QC,ROAD-OP-050,ROAD-OP-060,ADVISORY_DRAW_FOR_OPERATION,9.7985,0.0,9.7985,0.0,0.0,60.0,0.0,BALANCED,True,True
PHASE4-MPS-20260721170405,ALT-COMBINED,SWIP-ALT-COMBINED-00079,79,2026-07-31T14:42,LOT-ALT-COMBINED-PSC-SKU-BIKE-MT-001-20260706-MT-OP-050-WIP-MT-FINAL-ASSEMBLY-READY,2026-07-31T14:42,,0.0,0.0,60.0,False,,,PSC-SKU-BIKE-MT-001-20260706,,SKU-BIKE-MT-001,WIP-MT-FINAL-ASSEMBLY-READY,BUF-MT-ASM,MT-OP-050,MT-OP-060,ADVISORY_PRODUCTION_TO_BUFFER,0.0,60.0,0.0,0.0,60.0,60.0,0.0,BALANCED,True,True
PHASE4-MPS-20260721170405,ALT-COMBINED,SWIP-ALT-COMBINED-00080,80,2026-07-31T14:42,LOT-ALT-COMBINED-PSC-SKU-BIKE-MT-001-20260706-MT-OP-050-WIP-MT-FINAL-ASSEMBLY-READY,2026-07-31T14:42,FIFO,60.0,60.0,0.0,False,,,PSC-SKU-BIKE-MT-001-20260706,,SKU-BIKE-MT-001,WIP-MT-FINAL-ASSEMBLY-READY,BUF-MT-ASM,MT-OP-050,MT-OP-060,ADVISORY_DRAW_FOR_OPERATION,60.0,0.0,60.0,0.0,0.0,60.0,0.0,BALANCED,True,True
PHASE4-MPS-20260721170405,ALT-COMBINED,SWIP-ALT-COMBINED-00081,81,2026-07-31T14:42,LOT-ALT-COMBINED-PSC-SKU-BIKE-MT-001-20260706-MT-OP-020-WIP-MT-FORK-READY,2026-07-13T10:19,FIFO,20.0,20.0,0.0,False,,,PSC-SKU-BIKE-MT-001-20260713,,SKU-BIKE-MT-001,WIP-MT-FORK-READY,BUF-MT-FORK,MT-OP-020,MT-OP-050,ADVISORY_DRAW_FOR_OPERATION,20.0,0.0,20.0,0.0,0.0,120.0,0.0,BALANCED,True,True
PHASE4-MPS-20260721170405,ALT-COMBINED,SWIP-ALT-COMBINED-00082,82,2026-07-31T14:42,LOT-ALT-COMBINED-PSC-SKU-BIKE-MT-001-20260629-MT-OP-030-WIP-MT-WHEEL-SET-READY,2026-07-06T14:36,FIFO,26.9815,20.0,6.9815,False,,,PSC-SKU-BIKE-MT-001-20260713,,SKU-BIKE-MT-001,WIP-MT-WHEEL-SET-READY,BUF-MT-WHEEL,MT-OP-030,MT-OP-050,ADVISORY_DRAW_FOR_OPERATION,60.0,0.0,20.0,0.0,40.0,120.0,0.0,BALANCED,True,True
PHASE4-MPS-20260721170405,ALT-COMBINED,SWIP-ALT-COMBINED-00083,83,2026-07-31T14:42,LOT-ALT-COMBINED-PSC-SKU-BIKE-MT-001-20260629-MT-OP-040-WIP-MT-BRAKE-SET-READY,2026-07-06T08:54,FIFO,20.9815,20.0,0.9815,False,,,PSC-SKU-BIKE-MT-001-20260713,,SKU-BIKE-MT-001,WIP-MT-BRAKE-SET-READY,BUF-MT-BRAKE,MT-OP-040,MT-OP-050,ADVISORY_DRAW_FOR_OPERATION,59.0,0.0,20.0,0.0,39.0,120.0,0.0,BALANCED,True,True
PHASE4-MPS-20260721170405,ALT-COMBINED,SWIP-ALT-COMBINED-00084,84,2026-08-05T11:07,LOT-ALT-COMBINED-PSC-SKU-BIKE-MT-001-20260713-MT-OP-050-WIP-MT-FINAL-ASSEMBLY-READY,2026-08-05T11:07,,0.0,0.0,20.0,False,,,PSC-SKU-BIKE-MT-001-20260713,,SKU-BIKE-MT-001,WIP-MT-FINAL-ASSEMBLY-READY,BUF-MT-ASM,MT-OP-050,MT-OP-060,ADVISORY_PRODUCTION_TO_BUFFER,0.0,20.0,0.0,0.0,20.0,60.0,0.0,BALANCED,True,True
PHASE4-MPS-20260721170405,ALT-COMBINED,SWIP-ALT-COMBINED-00085,85,2026-08-06T08:30,LOT-ALT-COMBINED-PSC-SKU-BIKE-MT-001-20260706-MT-OP-060-WIP-MT-QC-PASSED,2026-08-06T08:30,,0.0,0.0,60.0,False,,,PSC-SKU-BIKE-MT-001-20260706,,SKU-BIKE-MT-001,WIP-MT-QC-PASSED,BUF-MT-QC,MT-OP-060,MT-OP-070,ADVISORY_PRODUCTION_TO_BUFFER,0.0,60.0,0.0,0.0,60.0,60.0,0.0,BALANCED,True,True
PHASE4-MPS-20260721170405,ALT-COMBINED,SWIP-ALT-COMBINED-00086,86,2026-08-06T08:30,LOT-ALT-COMBINED-PSC-SKU-BIKE-MT-001-20260706-MT-OP-060-WIP-MT-QC-PASSED,2026-08-06T08:30,FIFO,60.0,60.0,0.0,False,,,PSC-SKU-BIKE-MT-001-20260706,,SKU-BIKE-MT-001,WIP-MT-QC-PASSED,BUF-MT-QC,MT-OP-060,MT-OP-070,ADVISORY_DRAW_FOR_OPERATION,60.0,0.0,60.0,0.0,0.0,60.0,0.0,BALANCED,True,True
PHASE4-MPS-20260721170405,ALT-COMBINED,SWIP-ALT-COMBINED-00087,87,2026-08-06T08:30,LOT-ALT-COMBINED-PSC-SKU-BIKE-MT-001-20260713-MT-OP-050-WIP-MT-FINAL-ASSEMBLY-READY,2026-08-05T11:07,FIFO,20.0,20.0,0.0,False,,,PSC-SKU-BIKE-MT-001-20260713,,SKU-BIKE-MT-001,WIP-MT-FINAL-ASSEMBLY-READY,BUF-MT-ASM,MT-OP-050,MT-OP-060,ADVISORY_DRAW_FOR_OPERATION,20.0,0.0,20.0,0.0,0.0,60.0,0.0,BALANCED,True,True
PHASE4-MPS-20260721170405,ALT-COMBINED,SWIP-ALT-COMBINED-00088,88,2026-08-07T08:49,LOT-ALT-COMBINED-PSC-SKU-BIKE-MT-001-20260713-MT-OP-060-WIP-MT-QC-PASSED,2026-08-07T08:49,,0.0,0.0,20.0,False,,,PSC-SKU-BIKE-MT-001-20260713,,SKU-BIKE-MT-001,WIP-MT-QC-PASSED,BUF-MT-QC,MT-OP-060,MT-OP-070,ADVISORY_PRODUCTION_TO_BUFFER,0.0,20.0,0.0,0.0,20.0,60.0,0.0,BALANCED,True,True
PHASE4-MPS-20260721170405,ALT-COMBINED,SWIP-ALT-COMBINED-00089,89,2026-08-10T11:14,LOT-ALT-COMBINED-PSC-SKU-BIKE-MT-001-20260713-MT-OP-060-WIP-MT-QC-PASSED,2026-08-07T08:49,FIFO,20.0,20.0,0.0,False,,,PSC-SKU-BIKE-MT-001-20260713,,SKU-BIKE-MT-001,WIP-MT-QC-PASSED,BUF-MT-QC,MT-OP-060,MT-OP-070,ADVISORY_DRAW_FOR_OPERATION,20.0,0.0,20.0,0.0,0.0,60.0,0.0,BALANCED,True,True
PHASE4-MPS-20260721170405,ALT-MAINT,SWIP-ALT-MAINT-00001,1,2026-06-29T08:00,LOT-START-WIP-MT-BRAKE-SET-READY-BUF-MT-BRAKE,2026-06-29T08:00,,0.0,0.0,39.0,False,,,,,,WIP-MT-BRAKE-SET-READY,BUF-MT-BRAKE,,,STARTING_ACCEPTED_WIP,0.0,39.0,0.0,0.0,39.0,120.0,0.0,BALANCED,True,True
PHASE4-MPS-20260721170405,ALT-MAINT,SWIP-ALT-MAINT-00002,2,2026-06-29T08:00,LOT-START-WIP-MT-QC-PASSED-BUF-MT-QC,2026-06-29T08:00,,0.0,0.0,18.0,False,,,,,,WIP-MT-QC-PASSED,BUF-MT-QC,,,STARTING_ACCEPTED_WIP,0.0,18.0,0.0,0.0,18.0,60.0,0.0,BALANCED,True,True
PHASE4-MPS-20260721170405,ALT-MAINT,SWIP-ALT-MAINT-00003,3,2026-06-29T08:00,LOT-START-WIP-MT-WHEEL-SET-READY-BUF-MT-WHEEL,2026-06-29T08:00,,0.0,0.0,45.0,False,,,,,,WIP-MT-WHEEL-SET-READY,BUF-MT-WHEEL,,,STARTING_ACCEPTED_WIP,0.0,45.0,0.0,0.0,45.0,120.0,0.0,BALANCED,True,True
PHASE4-MPS-20260721170405,ALT-MAINT,SWIP-ALT-MAINT-00004,4,2026-06-29T08:00,LOT-START-WIP-ROAD-BRAKE-SET-READY-BUF-ROAD-BRAKE,2026-06-29T08:00,,0.0,0.0,38.0,False,,,,,,WIP-ROAD-BRAKE-SET-READY,BUF-ROAD-BRAKE,,,STARTING_ACCEPTED_WIP,0.0,38.0,0.0,0.0,38.0,120.0,0.0,BALANCED,True,True
PHASE4-MPS-20260721170405,ALT-MAINT,SWIP-ALT-MAINT-00005,5,2026-06-29T08:00,LOT-START-WIP-ROAD-QC-PASSED-BUF-ROAD-QC,2026-06-29T08:00,,0.0,0.0,20.0,False,,,,,,WIP-ROAD-QC-PASSED,BUF-ROAD-QC,,,STARTING_ACCEPTED_WIP,0.0,20.0,0.0,0.0,20.0,60.0,0.0,BALANCED,True,True
PHASE4-MPS-20260721170405,ALT-MAINT,SWIP-ALT-MAINT-00006,6,2026-06-29T08:00,LOT-START-WIP-ROAD-WHEEL-SET-READY-BUF-ROAD-WHEEL,2026-06-29T08:00,,0.0,0.0,40.0,False,,,,,,WIP-ROAD-WHEEL-SET-READY,BUF-ROAD-WHEEL,,,STARTING_ACCEPTED_WIP,0.0,40.0,0.0,0.0,40.0,120.0,0.0,BALANCED,True,True
PHASE4-MPS-20260721170405,ALT-MAINT,SWIP-ALT-MAINT-00007,7,2026-07-01T12:37,LOT-ALT-MAINT-PSC-SKU-BIKE-MT-001-20260629-MT-OP-010-WIP-MT-FRAME-TO-FORK,2026-07-01T12:37,,0.0,0.0,41.9815,False,,,PSC-SKU-BIKE-MT-001-20260629,,SKU-BIKE-MT-001,WIP-MT-FRAME-TO-FORK,BUF-MT-FRAME-FORK,MT-OP-010,MT-OP-020,ADVISORY_PRODUCTION_TO_BUFFER,0.0,41.9815,0.0,0.0,41.9815,80.0,0.0,BALANCED,True,True
PHASE4-MPS-20260721170405,ALT-MAINT,SWIP-ALT-MAINT-00008,8,2026-07-01T12:37,LOT-ALT-MAINT-PSC-SKU-BIKE-MT-001-20260629-MT-OP-010-WIP-MT-FRAME-TO-WHEEL,2026-07-01T12:37,,0.0,0.0,41.9815,False,,,PSC-SKU-BIKE-MT-001-20260629,,SKU-BIKE-MT-001,WIP-MT-FRAME-TO-WHEEL,BUF-MT-FRAME-WHEEL,MT-OP-010,MT-OP-030,ADVISORY_PRODUCTION_TO_BUFFER,0.0,41.9815,0.0,0.0,41.9815,80.0,0.0,BALANCED,True,True
PHASE4-MPS-20260721170405,ALT-MAINT,SWIP-ALT-MAINT-00009,9,2026-07-01T12:37,LOT-ALT-MAINT-PSC-SKU-BIKE-MT-001-20260629-MT-OP-010-WIP-MT-FRAME-TO-BRAKE,2026-07-01T12:37,,0.0,0.0,41.9815,False,,,PSC-SKU-BIKE-MT-001-20260629,,SKU-BIKE-MT-001,WIP-MT-FRAME-TO-BRAKE,BUF-MT-FRAME-BRAKE,MT-OP-010,MT-OP-040,ADVISORY_PRODUCTION_TO_BUFFER,0.0,41.9815,0.0,0.0,41.9815,80.0,0.0,BALANCED,True,True
PHASE4-MPS-20260721170405,ALT-MAINT,SWIP-ALT-MAINT-00010,10,2026-07-01T12:37,LOT-ALT-MAINT-PSC-SKU-BIKE-MT-001-20260629-MT-OP-010-WIP-MT-FRAME-TO-FORK,2026-07-01T12:37,FIFO,41.9815,41.9815,0.0,False,,,PSC-SKU-BIKE-MT-001-20260629,,SKU-BIKE-MT-001,WIP-MT-FRAME-TO-FORK,BUF-MT-FRAME-FORK,MT-OP-010,MT-OP-020,ADVISORY_DRAW_FOR_OPERATION,41.9815,0.0,41.9815,0.0,0.0,80.0,0.0,BALANCED,True,True
PHASE4-MPS-20260721170405,ALT-MAINT,SWIP-ALT-MAINT-00011,11,2026-07-01T12:37,LOT-ALT-MAINT-PSC-SKU-BIKE-MT-001-20260629-MT-OP-010-WIP-MT-FRAME-TO-WHEEL,2026-07-01T12:37,FIFO,41.9815,41.9815,0.0,False,,,PSC-SKU-BIKE-MT-001-20260629,,SKU-BIKE-MT-001,WIP-MT-FRAME-TO-WHEEL,BUF-MT-FRAME-WHEEL,MT-OP-010,MT-OP-030,ADVISORY_DRAW_FOR_OPERATION,41.9815,0.0,41.9815,0.0,0.0,80.0,0.0,BALANCED,True,True
PHASE4-MPS-20260721170405,ALT-MAINT,SWIP-ALT-MAINT-00012,12,2026-07-01T12:37,LOT-ALT-MAINT-PSC-SKU-BIKE-MT-001-20260629-MT-OP-010-WIP-MT-FRAME-TO-BRAKE,2026-07-01T12:37,FIFO,41.9815,41.9815,0.0,False,,,PSC-SKU-BIKE-MT-001-20260629,,SKU-BIKE-MT-001,WIP-MT-FRAME-TO-BRAKE,BUF-MT-FRAME-BRAKE,MT-OP-010,MT-OP-040,ADVISORY_DRAW_FOR_OPERATION,41.9815,0.0,41.9815,0.0,0.0,80.0,0.0,BALANCED,True,True
PHASE4-MPS-20260721170405,ALT-MAINT,SWIP-ALT-MAINT-00013,13,2026-07-01T14:41,LOT-ALT-MAINT-PSC-SKU-BIKE-ROAD-001-20260629-ROAD-OP-010-WIP-ROAD-FRAME-TO-WHEEL,2026-07-01T14:41,,0.0,0.0,53.9995,False,,,PSC-SKU-BIKE-ROAD-001-20260629,,SKU-BIKE-ROAD-001,WIP-ROAD-FRAME-TO-WHEEL,BUF-ROAD-FRAME-WHEEL,ROAD-OP-010,ROAD-OP-020,ADVISORY_PRODUCTION_TO_BUFFER,0.0,53.9995,0.0,0.0,53.9995,80.0,0.0,BALANCED,True,True
PHASE4-MPS-20260721170405,ALT-MAINT,SWIP-ALT-MAINT-00014,14,2026-07-01T14:41,LOT-ALT-MAINT-PSC-SKU-BIKE-ROAD-001-20260629-ROAD-OP-010-WIP-ROAD-FRAME-TO-BRAKE,2026-07-01T14:41,,0.0,0.0,53.9995,False,,,PSC-SKU-BIKE-ROAD-001-20260629,,SKU-BIKE-ROAD-001,WIP-ROAD-FRAME-TO-BRAKE,BUF-ROAD-FRAME-BRAKE,ROAD-OP-010,ROAD-OP-030,ADVISORY_PRODUCTION_TO_BUFFER,0.0,53.9995,0.0,0.0,53.9995,80.0,0.0,BALANCED,True,True
PHASE4-MPS-20260721170405,ALT-MAINT,SWIP-ALT-MAINT-00015,15,2026-07-01T14:41,LOT-ALT-MAINT-PSC-SKU-BIKE-ROAD-001-20260629-ROAD-OP-010-WIP-ROAD-FRAME-TO-WHEEL,2026-07-01T14:41,FIFO,53.9995,53.9995,0.0,False,,,PSC-SKU-BIKE-ROAD-001-20260629,,SKU-BIKE-ROAD-001,WIP-ROAD-FRAME-TO-WHEEL,BUF-ROAD-FRAME-WHEEL,ROAD-OP-010,ROAD-OP-020,ADVISORY_DRAW_FOR_OPERATION,53.9995,0.0,53.9995,0.0,0.0,80.0,0.0,BALANCED,True,True
PHASE4-MPS-20260721170405,ALT-MAINT,SWIP-ALT-MAINT-00016,16,2026-07-01T14:41,LOT-ALT-MAINT-PSC-SKU-BIKE-ROAD-001-20260629-ROAD-OP-010-WIP-ROAD-FRAME-TO-BRAKE,2026-07-01T14:41,FIFO,53.9995,53.9995,0.0,False,,,PSC-SKU-BIKE-ROAD-001-20260629,,SKU-BIKE-ROAD-001,WIP-ROAD-FRAME-TO-BRAKE,BUF-ROAD-FRAME-BRAKE,ROAD-OP-010,ROAD-OP-030,ADVISORY_DRAW_FOR_OPERATION,53.9995,0.0,53.9995,0.0,0.0,80.0,0.0,BALANCED,True,True
PHASE4-MPS-20260721170405,ALT-MAINT,SWIP-ALT-MAINT-00017,17,2026-07-06T08:42,LOT-ALT-MAINT-PSC-SKU-BIKE-MT-001-20260629-MT-OP-040-WIP-MT-BRAKE-SET-READY,2026-07-06T08:42,,0.0,0.0,41.9815,False,,,PSC-SKU-BIKE-MT-001-20260629,,SKU-BIKE-MT-001,WIP-MT-BRAKE-SET-READY,BUF-MT-BRAKE,MT-OP-040,MT-OP-050,ADVISORY_PRODUCTION_TO_BUFFER,39.0,41.9815,0.0,0.0,80.9815,120.0,0.0,BALANCED,True,True
PHASE4-MPS-20260721170405,ALT-MAINT,SWIP-ALT-MAINT-00018,18,2026-07-06T12:24,LOT-ALT-MAINT-PSC-SKU-BIKE-ROAD-001-20260629-ROAD-OP-030-WIP-ROAD-BRAKE-SET-READY,2026-07-06T12:24,,0.0,0.0,53.9995,False,,,PSC-SKU-BIKE-ROAD-001-20260629,,SKU-BIKE-ROAD-001,WIP-ROAD-BRAKE-SET-READY,BUF-ROAD-BRAKE,ROAD-OP-030,ROAD-OP-040,ADVISORY_PRODUCTION_TO_BUFFER,38.0,53.9995,0.0,0.0,91.9995,120.0,0.0,BALANCED,True,True
PHASE4-MPS-20260721170405,ALT-MAINT,SWIP-ALT-MAINT-00019,19,2026-07-06T14:21,LOT-ALT-MAINT-PSC-SKU-BIKE-MT-001-20260629-MT-OP-020-WIP-MT-FORK-READY,2026-07-06T14:21,,0.0,0.0,41.9815,False,,,PSC-SKU-BIKE-MT-001-20260629,,SKU-BIKE-MT-001,WIP-MT-FORK-READY,BUF-MT-FORK,MT-OP-020,MT-OP-050,ADVISORY_PRODUCTION_TO_BUFFER,0.0,41.9815,0.0,0.0,41.9815,120.0,0.0,BALANCED,True,True
PHASE4-MPS-20260721170405,ALT-MAINT,SWIP-ALT-MAINT-00020,20,2026-07-06T14:21,LOT-ALT-MAINT-PSC-SKU-BIKE-MT-001-20260629-MT-OP-020-WIP-MT-FORK-READY,2026-07-06T14:21,FIFO,41.9815,41.9815,0.0,False,,,PSC-SKU-BIKE-MT-001-20260629,,SKU-BIKE-MT-001,WIP-MT-FORK-READY,BUF-MT-FORK,MT-OP-020,MT-OP-050,ADVISORY_DRAW_FOR_OPERATION,41.9815,0.0,41.9815,0.0,0.0,120.0,0.0,BALANCED,True,True
PHASE4-MPS-20260721170405,ALT-MAINT,SWIP-ALT-MAINT-00021,21,2026-07-06T14:21,LOT-START-WIP-MT-WHEEL-SET-READY-BUF-MT-WHEEL,2026-06-29T08:00,FIFO,45.0,41.9815,3.0185,False,,,PSC-SKU-BIKE-MT-001-20260629,,SKU-BIKE-MT-001,WIP-MT-WHEEL-SET-READY,BUF-MT-WHEEL,MT-OP-030,MT-OP-050,ADVISORY_DRAW_FOR_OPERATION,45.0,0.0,41.9815,0.0,3.0185,120.0,0.0,BALANCED,True,True
PHASE4-MPS-20260721170405,ALT-MAINT,SWIP-ALT-MAINT-00022,22,2026-07-06T14:21,LOT-START-WIP-MT-BRAKE-SET-READY-BUF-MT-BRAKE,2026-06-29T08:00,FIFO,39.0,39.0,0.0,False,,,PSC-SKU-BIKE-MT-001-20260629,,SKU-BIKE-MT-001,WIP-MT-BRAKE-SET-READY,BUF-MT-BRAKE,MT-OP-040,MT-OP-050,ADVISORY_DRAW_FOR_OPERATION,80.9815,0.0,39.0,0.0,41.9815,120.0,0.0,BALANCED,True,True
PHASE4-MPS-20260721170405,ALT-MAINT,SWIP-ALT-MAINT-00023,23,2026-07-06T14:21,LOT-ALT-MAINT-PSC-SKU-BIKE-MT-001-20260629-MT-OP-040-WIP-MT-BRAKE-SET-READY,2026-07-06T08:42,FIFO,41.9815,2.9815,39.0,False,,,PSC-SKU-BIKE-MT-001-20260629,,SKU-BIKE-MT-001,WIP-MT-BRAKE-SET-READY,BUF-MT-BRAKE,MT-OP-040,MT-OP-050,ADVISORY_DRAW_FOR_OPERATION,41.9815,0.0,2.9815,0.0,39.0,120.0,0.0,BALANCED,True,True
PHASE4-MPS-20260721170405,ALT-MAINT,SWIP-ALT-MAINT-00024,24,2026-07-06T14:26,LOT-ALT-MAINT-PSC-SKU-BIKE-MT-001-20260629-MT-OP-030-WIP-MT-WHEEL-SET-READY,2026-07-06T14:26,,0.0,0.0,41.9815,False,,,PSC-SKU-BIKE-MT-001-20260629,,SKU-BIKE-MT-001,WIP-MT-WHEEL-SET-READY,BUF-MT-WHEEL,MT-OP-030,MT-OP-050,ADVISORY_PRODUCTION_TO_BUFFER,3.0185,41.9815,0.0,0.0,45.0,120.0,0.0,BALANCED,True,True
PHASE4-MPS-20260721170405,ALT-MAINT,SWIP-ALT-MAINT-00025,25,2026-07-07T12:09,LOT-ALT-MAINT-PSC-SKU-BIKE-ROAD-001-20260629-ROAD-OP-020-WIP-ROAD-WHEEL-SET-READY,2026-07-07T12:09,,0.0,0.0,53.9995,False,,,PSC-SKU-BIKE-ROAD-001-20260629,,SKU-BIKE-ROAD-001,WIP-ROAD-WHEEL-SET-READY,BUF-ROAD-WHEEL,ROAD-OP-020,ROAD-OP-040,ADVISORY_PRODUCTION_TO_BUFFER,40.0,53.9995,0.0,0.0,93.9995,120.0,0.0,BALANCED,True,True
PHASE4-MPS-20260721170405,ALT-MAINT,SWIP-ALT-MAINT-00026,26,2026-07-10T10:15,LOT-ALT-MAINT-PSC-SKU-BIKE-ROAD-001-20260706-ROAD-OP-010-WIP-ROAD-FRAME-TO-WHEEL,2026-07-10T10:15,,0.0,0.0,80.0,False,,,PSC-SKU-BIKE-ROAD-001-20260706,,SKU-BIKE-ROAD-001,WIP-ROAD-FRAME-TO-WHEEL,BUF-ROAD-FRAME-WHEEL,ROAD-OP-010,ROAD-OP-020,ADVISORY_PRODUCTION_TO_BUFFER,0.0,80.0,0.0,0.0,80.0,80.0,0.0,BALANCED,True,True
PHASE4-MPS-20260721170405,ALT-MAINT,SWIP-ALT-MAINT-00027,27,2026-07-10T10:15,LOT-ALT-MAINT-PSC-SKU-BIKE-ROAD-001-20260706-ROAD-OP-010-WIP-ROAD-FRAME-TO-BRAKE,2026-07-10T10:15,,0.0,0.0,80.0,False,,,PSC-SKU-BIKE-ROAD-001-20260706,,SKU-BIKE-ROAD-001,WIP-ROAD-FRAME-TO-BRAKE,BUF-ROAD-FRAME-BRAKE,ROAD-OP-010,ROAD-OP-030,ADVISORY_PRODUCTION_TO_BUFFER,0.0,80.0,0.0,0.0,80.0,80.0,0.0,BALANCED,True,True
PHASE4-MPS-20260721170405,ALT-MAINT,SWIP-ALT-MAINT-00028,28,2026-07-10T10:15,LOT-ALT-MAINT-PSC-SKU-BIKE-ROAD-001-20260706-ROAD-OP-010-WIP-ROAD-FRAME-TO-WHEEL,2026-07-10T10:15,FIFO,80.0,80.0,0.0,False,,,PSC-SKU-BIKE-ROAD-001-20260706,,SKU-BIKE-ROAD-001,WIP-ROAD-FRAME-TO-WHEEL,BUF-ROAD-FRAME-WHEEL,ROAD-OP-010,ROAD-OP-020,ADVISORY_DRAW_FOR_OPERATION,80.0,0.0,80.0,0.0,0.0,80.0,0.0,BALANCED,True,True
PHASE4-MPS-20260721170405,ALT-MAINT,SWIP-ALT-MAINT-00029,29,2026-07-10T10:15,LOT-ALT-MAINT-PSC-SKU-BIKE-ROAD-001-20260706-ROAD-OP-010-WIP-ROAD-FRAME-TO-BRAKE,2026-07-10T10:15,FIFO,80.0,80.0,0.0,False,,,PSC-SKU-BIKE-ROAD-001-20260706,,SKU-BIKE-ROAD-001,WIP-ROAD-FRAME-TO-BRAKE,BUF-ROAD-FRAME-BRAKE,ROAD-OP-010,ROAD-OP-030,ADVISORY_DRAW_FOR_OPERATION,80.0,0.0,80.0,0.0,0.0,80.0,0.0,BALANCED,True,True
PHASE4-MPS-20260721170405,ALT-MAINT,SWIP-ALT-MAINT-00030,30,2026-07-10T14:22,LOT-ALT-MAINT-PSC-SKU-BIKE-MT-001-20260706-MT-OP-010-WIP-MT-FRAME-TO-FORK,2026-07-10T14:22,,0.0,0.0,76.9741,False,,,PSC-SKU-BIKE-MT-001-20260706,,SKU-BIKE-MT-001,WIP-MT-FRAME-TO-FORK,BUF-MT-FRAME-FORK,MT-OP-010,MT-OP-020,ADVISORY_PRODUCTION_TO_BUFFER,0.0,76.9741,0.0,0.0,76.9741,80.0,0.0,BALANCED,True,True
PHASE4-MPS-20260721170405,ALT-MAINT,SWIP-ALT-MAINT-00031,31,2026-07-10T14:22,LOT-ALT-MAINT-PSC-SKU-BIKE-MT-001-20260706-MT-OP-010-WIP-MT-FRAME-TO-WHEEL,2026-07-10T14:22,,0.0,0.0,76.9741,False,,,PSC-SKU-BIKE-MT-001-20260706,,SKU-BIKE-MT-001,WIP-MT-FRAME-TO-WHEEL,BUF-MT-FRAME-WHEEL,MT-OP-010,MT-OP-030,ADVISORY_PRODUCTION_TO_BUFFER,0.0,76.9741,0.0,0.0,76.9741,80.0,0.0,BALANCED,True,True
PHASE4-MPS-20260721170405,ALT-MAINT,SWIP-ALT-MAINT-00032,32,2026-07-10T14:22,LOT-ALT-MAINT-PSC-SKU-BIKE-MT-001-20260706-MT-OP-010-WIP-MT-FRAME-TO-BRAKE,2026-07-10T14:22,,0.0,0.0,76.9741,False,,,PSC-SKU-BIKE-MT-001-20260706,,SKU-BIKE-MT-001,WIP-MT-FRAME-TO-BRAKE,BUF-MT-FRAME-BRAKE,MT-OP-010,MT-OP-040,ADVISORY_PRODUCTION_TO_BUFFER,0.0,76.9741,0.0,0.0,76.9741,80.0,0.0,BALANCED,True,True
PHASE4-MPS-20260721170405,ALT-MAINT,SWIP-ALT-MAINT-00033,33,2026-07-10T14:22,LOT-ALT-MAINT-PSC-SKU-BIKE-MT-001-20260706-MT-OP-010-WIP-MT-FRAME-TO-FORK,2026-07-10T14:22,FIFO,76.9741,76.9741,0.0,False,,,PSC-SKU-BIKE-MT-001-20260706,,SKU-BIKE-MT-001,WIP-MT-FRAME-TO-FORK,BUF-MT-FRAME-FORK,MT-OP-010,MT-OP-020,ADVISORY_DRAW_FOR_OPERATION,76.9741,0.0,76.9741,0.0,0.0,80.0,0.0,BALANCED,True,True
PHASE4-MPS-20260721170405,ALT-MAINT,SWIP-ALT-MAINT-00034,34,2026-07-10T14:22,LOT-ALT-MAINT-PSC-SKU-BIKE-MT-001-20260706-MT-OP-010-WIP-MT-FRAME-TO-WHEEL,2026-07-10T14:22,FIFO,76.9741,75.0,1.9741,False,,,PSC-SKU-BIKE-MT-001-20260706,,SKU-BIKE-MT-001,WIP-MT-FRAME-TO-WHEEL,BUF-MT-FRAME-WHEEL,MT-OP-010,MT-OP-030,ADVISORY_DRAW_FOR_OPERATION,76.9741,0.0,75.0,0.0,1.9741,80.0,0.0,BALANCED,True,True
PHASE4-MPS-20260721170405,ALT-MAINT,SWIP-ALT-MAINT-00035,35,2026-07-10T14:22,LOT-ALT-MAINT-PSC-SKU-BIKE-MT-001-20260706-MT-OP-010-WIP-MT-FRAME-TO-BRAKE,2026-07-10T14:22,FIFO,76.9741,76.9741,0.0,False,,,PSC-SKU-BIKE-MT-001-20260706,,SKU-BIKE-MT-001,WIP-MT-FRAME-TO-BRAKE,BUF-MT-FRAME-BRAKE,MT-OP-010,MT-OP-040,ADVISORY_DRAW_FOR_OPERATION,76.9741,0.0,76.9741,0.0,0.0,80.0,0.0,BALANCED,True,True
PHASE4-MPS-20260721170405,ALT-MAINT,SWIP-ALT-MAINT-00036,36,2026-07-14T08:59,LOT-ALT-MAINT-PSC-SKU-BIKE-MT-001-20260629-MT-OP-050-WIP-MT-FINAL-ASSEMBLY-READY,2026-07-14T08:59,,0.0,0.0,41.9815,False,,,PSC-SKU-BIKE-MT-001-20260629,,SKU-BIKE-MT-001,WIP-MT-FINAL-ASSEMBLY-READY,BUF-MT-ASM,MT-OP-050,MT-OP-060,ADVISORY_PRODUCTION_TO_BUFFER,0.0,41.9815,0.0,0.0,41.9815,60.0,0.0,BALANCED,True,True
PHASE4-MPS-20260721170405,ALT-MAINT,SWIP-ALT-MAINT-00037,37,2026-07-14T08:59,LOT-ALT-MAINT-PSC-SKU-BIKE-MT-001-20260629-MT-OP-050-WIP-MT-FINAL-ASSEMBLY-READY,2026-07-14T08:59,FIFO,41.9815,41.9815,0.0,False,,,PSC-SKU-BIKE-MT-001-20260629,,SKU-BIKE-MT-001,WIP-MT-FINAL-ASSEMBLY-READY,BUF-MT-ASM,MT-OP-050,MT-OP-060,ADVISORY_DRAW_FOR_OPERATION,41.9815,0.0,41.9815,0.0,0.0,60.0,0.0,BALANCED,True,True
PHASE4-MPS-20260721170405,ALT-MAINT,SWIP-ALT-MAINT-00038,38,2026-07-14T08:59,LOT-START-WIP-ROAD-WHEEL-SET-READY-BUF-ROAD-WHEEL,2026-06-29T08:00,FIFO,40.0,40.0,0.0,False,,,PSC-SKU-BIKE-ROAD-001-20260629,,SKU-BIKE-ROAD-001,WIP-ROAD-WHEEL-SET-READY,BUF-ROAD-WHEEL,ROAD-OP-020,ROAD-OP-040,ADVISORY_DRAW_FOR_OPERATION,93.9995,0.0,40.0,0.0,53.9995,120.0,0.0,BALANCED,True,True
PHASE4-MPS-20260721170405,ALT-MAINT,SWIP-ALT-MAINT-00039,39,2026-07-14T08:59,LOT-ALT-MAINT-PSC-SKU-BIKE-ROAD-001-20260629-ROAD-OP-020-WIP-ROAD-WHEEL-SET-READY,2026-07-07T12:09,FIFO,53.9995,13.9995,40.0,False,,,PSC-SKU-BIKE-ROAD-001-20260629,,SKU-BIKE-ROAD-001,WIP-ROAD-WHEEL-SET-READY,BUF-ROAD-WHEEL,ROAD-OP-020,ROAD-OP-040,ADVISORY_DRAW_FOR_OPERATION,53.9995,0.0,13.9995,0.0,40.0,120.0,0.0,BALANCED,True,True
PHASE4-MPS-20260721170405,ALT-MAINT,SWIP-ALT-MAINT-00040,40,2026-07-14T08:59,LOT-START-WIP-ROAD-BRAKE-SET-READY-BUF-ROAD-BRAKE,2026-06-29T08:00,FIFO,38.0,38.0,0.0,False,,,PSC-SKU-BIKE-ROAD-001-20260629,,SKU-BIKE-ROAD-001,WIP-ROAD-BRAKE-SET-READY,BUF-ROAD-BRAKE,ROAD-OP-030,ROAD-OP-040,ADVISORY_DRAW_FOR_OPERATION,91.9995,0.0,38.0,0.0,53.9995,120.0,0.0,BALANCED,True,True
PHASE4-MPS-20260721170405,ALT-MAINT,SWIP-ALT-MAINT-00041,41,2026-07-14T08:59,LOT-ALT-MAINT-PSC-SKU-BIKE-ROAD-001-20260629-ROAD-OP-030-WIP-ROAD-BRAKE-SET-READY,2026-07-06T12:24,FIFO,53.9995,15.9995,38.0,False,,,PSC-SKU-BIKE-ROAD-001-20260629,,SKU-BIKE-ROAD-001,WIP-ROAD-BRAKE-SET-READY,BUF-ROAD-BRAKE,ROAD-OP-030,ROAD-OP-040,ADVISORY_DRAW_FOR_OPERATION,53.9995,0.0,15.9995,0.0,38.0,120.0,0.0,BALANCED,True,True
PHASE4-MPS-20260721170405,ALT-MAINT,SWIP-ALT-MAINT-00042,42,2026-07-16T09:59,LOT-ALT-MAINT-PSC-SKU-BIKE-ROAD-001-20260706-ROAD-OP-030-WIP-ROAD-BRAKE-SET-READY,2026-07-16T09:59,,0.0,0.0,80.0,False,,,PSC-SKU-BIKE-ROAD-001-20260706,,SKU-BIKE-ROAD-001,WIP-ROAD-BRAKE-SET-READY,BUF-ROAD-BRAKE,ROAD-OP-030,ROAD-OP-040,ADVISORY_PRODUCTION_TO_BUFFER,38.0,80.0,0.0,0.0,118.0,120.0,0.0,BALANCED,True,True
PHASE4-MPS-20260721170405,ALT-MAINT,SWIP-ALT-MAINT-00043,43,2026-07-16T10:20,LOT-ALT-MAINT-PSC-SKU-BIKE-MT-001-20260629-MT-OP-060-WIP-MT-QC-PASSED,2026-07-16T10:20,,0.0,0.0,41.9815,False,,,PSC-SKU-BIKE-MT-001-20260629,,SKU-BIKE-MT-001,WIP-MT-QC-PASSED,BUF-MT-QC,MT-OP-060,MT-OP-070,ADVISORY_PRODUCTION_TO_BUFFER,18.0,41.9815,0.0,0.0,59.9815,60.0,0.0,BALANCED,True,True
PHASE4-MPS-20260721170405,ALT-MAINT,SWIP-ALT-MAINT-00044,44,2026-07-16T10:20,LOT-START-WIP-MT-QC-PASSED-BUF-MT-QC,2026-06-29T08:00,FIFO,18.0,18.0,0.0,False,,,PSC-SKU-BIKE-MT-001-20260629,,SKU-BIKE-MT-001,WIP-MT-QC-PASSED,BUF-MT-QC,MT-OP-060,MT-OP-070,ADVISORY_DRAW_FOR_OPERATION,59.9815,0.0,18.0,0.0,41.9815,60.0,0.0,BALANCED,True,True
PHASE4-MPS-20260721170405,ALT-MAINT,SWIP-ALT-MAINT-00045,45,2026-07-16T10:20,LOT-ALT-MAINT-PSC-SKU-BIKE-MT-001-20260629-MT-OP-060-WIP-MT-QC-PASSED,2026-07-16T10:20,FIFO,41.9815,23.9815,18.0,False,,,PSC-SKU-BIKE-MT-001-20260629,,SKU-BIKE-MT-001,WIP-MT-QC-PASSED,BUF-MT-QC,MT-OP-060,MT-OP-070,ADVISORY_DRAW_FOR_OPERATION,41.9815,0.0,23.9815,0.0,18.0,60.0,0.0,BALANCED,True,True
PHASE4-MPS-20260721170405,ALT-MAINT,SWIP-ALT-MAINT-00046,46,2026-07-17T10:15,LOT-ALT-MAINT-PSC-SKU-BIKE-ROAD-001-20260713-ROAD-OP-010-WIP-ROAD-FRAME-TO-WHEEL,2026-07-17T10:15,,0.0,0.0,80.0,False,,,PSC-SKU-BIKE-ROAD-001-20260713,,SKU-BIKE-ROAD-001,WIP-ROAD-FRAME-TO-WHEEL,BUF-ROAD-FRAME-WHEEL,ROAD-OP-010,ROAD-OP-020,ADVISORY_PRODUCTION_TO_BUFFER,0.0,80.0,0.0,0.0,80.0,80.0,0.0,BALANCED,True,True
PHASE4-MPS-20260721170405,ALT-MAINT,SWIP-ALT-MAINT-00047,47,2026-07-17T10:15,LOT-ALT-MAINT-PSC-SKU-BIKE-ROAD-001-20260713-ROAD-OP-010-WIP-ROAD-FRAME-TO-BRAKE,2026-07-17T10:15,,0.0,0.0,80.0,False,,,PSC-SKU-BIKE-ROAD-001-20260713,,SKU-BIKE-ROAD-001,WIP-ROAD-FRAME-TO-BRAKE,BUF-ROAD-FRAME-BRAKE,ROAD-OP-010,ROAD-OP-030,ADVISORY_PRODUCTION_TO_BUFFER,0.0,80.0,0.0,0.0,80.0,80.0,0.0,BALANCED,True,True
PHASE4-MPS-20260721170405,ALT-MAINT,SWIP-ALT-MAINT-00048,48,2026-07-17T11:00,LOT-ALT-MAINT-PSC-SKU-BIKE-MT-001-20260706-MT-OP-040-WIP-MT-BRAKE-SET-READY,2026-07-17T11:00,,0.0,0.0,76.9741,False,,,PSC-SKU-BIKE-MT-001-20260706,,SKU-BIKE-MT-001,WIP-MT-BRAKE-SET-READY,BUF-MT-BRAKE,MT-OP-040,MT-OP-050,ADVISORY_PRODUCTION_TO_BUFFER,39.0,76.9741,0.0,0.0,115.9741,120.0,0.0,BALANCED,True,True
PHASE4-MPS-20260721170405,ALT-MAINT,SWIP-ALT-MAINT-00049,49,2026-07-17T13:08,LOT-ALT-MAINT-PSC-SKU-BIKE-ROAD-001-20260706-ROAD-OP-020-WIP-ROAD-WHEEL-SET-READY,2026-07-17T13:08,,0.0,0.0,80.0,False,,,PSC-SKU-BIKE-ROAD-001-20260706,,SKU-BIKE-ROAD-001,WIP-ROAD-WHEEL-SET-READY,BUF-ROAD-WHEEL,ROAD-OP-020,ROAD-OP-040,ADVISORY_PRODUCTION_TO_BUFFER,40.0,80.0,0.0,0.0,120.0,120.0,0.0,BALANCED,True,True
PHASE4-MPS-20260721170405,ALT-MAINT,SWIP-ALT-MAINT-00050,50,2026-07-17T14:22,LOT-ALT-MAINT-PSC-SKU-BIKE-MT-001-20260713-MT-OP-010-WIP-MT-FRAME-TO-FORK,2026-07-17T14:22,,0.0,0.0,76.9741,False,,,PSC-SKU-BIKE-MT-001-20260713,,SKU-BIKE-MT-001,WIP-MT-FRAME-TO-FORK,BUF-MT-FRAME-FORK,MT-OP-010,MT-OP-020,ADVISORY_PRODUCTION_TO_BUFFER,0.0,76.9741,0.0,0.0,76.9741,80.0,0.0,BALANCED,True,True
PHASE4-MPS-20260721170405,ALT-MAINT,SWIP-ALT-MAINT-00051,51,2026-07-17T14:22,LOT-ALT-MAINT-PSC-SKU-BIKE-MT-001-20260713-MT-OP-010-WIP-MT-FRAME-TO-WHEEL,2026-07-17T14:22,,0.0,0.0,76.9741,False,,,PSC-SKU-BIKE-MT-001-20260713,,SKU-BIKE-MT-001,WIP-MT-FRAME-TO-WHEEL,BUF-MT-FRAME-WHEEL,MT-OP-010,MT-OP-030,ADVISORY_PRODUCTION_TO_BUFFER,1.9741,76.9741,0.0,0.0,78.9482,80.0,0.0,BALANCED,True,True
PHASE4-MPS-20260721170405,ALT-MAINT,SWIP-ALT-MAINT-00052,52,2026-07-17T14:22,LOT-ALT-MAINT-PSC-SKU-BIKE-MT-001-20260713-MT-OP-010-WIP-MT-FRAME-TO-BRAKE,2026-07-17T14:22,,0.0,0.0,76.9741,False,,,PSC-SKU-BIKE-MT-001-20260713,,SKU-BIKE-MT-001,WIP-MT-FRAME-TO-BRAKE,BUF-MT-FRAME-BRAKE,MT-OP-010,MT-OP-040,ADVISORY_PRODUCTION_TO_BUFFER,0.0,76.9741,0.0,0.0,76.9741,80.0,0.0,BALANCED,True,True
PHASE4-MPS-20260721170405,ALT-MAINT,SWIP-ALT-MAINT-00053,53,2026-07-17T14:22,LOT-ALT-MAINT-PSC-SKU-BIKE-MT-001-20260713-MT-OP-010-WIP-MT-FRAME-TO-FORK,2026-07-17T14:22,FIFO,76.9741,76.9741,0.0,False,,,PSC-SKU-BIKE-MT-001-20260713,,SKU-BIKE-MT-001,WIP-MT-FRAME-TO-FORK,BUF-MT-FRAME-FORK,MT-OP-010,MT-OP-020,ADVISORY_DRAW_FOR_OPERATION,76.9741,0.0,76.9741,0.0,0.0,80.0,0.0,BALANCED,True,True
PHASE4-MPS-20260721170405,ALT-MAINT,SWIP-ALT-MAINT-00054,54,2026-07-17T14:22,LOT-ALT-MAINT-PSC-SKU-BIKE-MT-001-20260706-MT-OP-010-WIP-MT-FRAME-TO-WHEEL,2026-07-10T14:22,FIFO,1.9741,1.9741,0.0,False,,,PSC-SKU-BIKE-MT-001-20260713,,SKU-BIKE-MT-001,WIP-MT-FRAME-TO-WHEEL,BUF-MT-FRAME-WHEEL,MT-OP-010,MT-OP-030,ADVISORY_DRAW_FOR_OPERATION,78.9482,0.0,1.9741,0.0,76.9741,80.0,0.0,BALANCED,True,True
PHASE4-MPS-20260721170405,ALT-MAINT,SWIP-ALT-MAINT-00055,55,2026-07-17T14:22,LOT-ALT-MAINT-PSC-SKU-BIKE-MT-001-20260713-MT-OP-010-WIP-MT-FRAME-TO-WHEEL,2026-07-17T14:22,FIFO,76.9741,58.0259,18.9482,False,,,PSC-SKU-BIKE-MT-001-20260713,,SKU-BIKE-MT-001,WIP-MT-FRAME-TO-WHEEL,BUF-MT-FRAME-WHEEL,MT-OP-010,MT-OP-030,ADVISORY_DRAW_FOR_OPERATION,76.9741,0.0,58.0259,0.0,18.9482,80.0,0.0,BALANCED,True,True
PHASE4-MPS-20260721170405,ALT-MAINT,SWIP-ALT-MAINT-00056,56,2026-07-17T14:22,LOT-ALT-MAINT-PSC-SKU-BIKE-MT-001-20260713-MT-OP-010-WIP-MT-FRAME-TO-BRAKE,2026-07-17T14:22,FIFO,76.9741,64.0259,12.9482,False,,,PSC-SKU-BIKE-MT-001-20260713,,SKU-BIKE-MT-001,WIP-MT-FRAME-TO-BRAKE,BUF-MT-FRAME-BRAKE,MT-OP-010,MT-OP-040,ADVISORY_DRAW_FOR_OPERATION,76.9741,0.0,64.0259,0.0,12.9482,80.0,0.0,BALANCED,True,True
PHASE4-MPS-20260721170405,ALT-MAINT,SWIP-ALT-MAINT-00057,57,2026-07-20T13:08,LOT-ALT-MAINT-PSC-SKU-BIKE-MT-001-20260706-MT-OP-030-WIP-MT-WHEEL-SET-READY,2026-07-20T13:08,,0.0,0.0,75.0,False,,,PSC-SKU-BIKE-MT-001-20260706,,SKU-BIKE-MT-001,WIP-MT-WHEEL-SET-READY,BUF-MT-WHEEL,MT-OP-030,MT-OP-050,ADVISORY_PRODUCTION_TO_BUFFER,45.0,75.0,0.0,0.0,120.0,120.0,0.0,BALANCED,True,True
PHASE4-MPS-20260721170405,ALT-MAINT,SWIP-ALT-MAINT-00058,58,2026-07-20T13:54,LOT-ALT-MAINT-PSC-SKU-BIKE-MT-001-20260706-MT-OP-020-WIP-MT-FORK-READY,2026-07-20T13:54,,0.0,0.0,76.9741,False,,,PSC-SKU-BIKE-MT-001-20260706,,SKU-BIKE-MT-001,WIP-MT-FORK-READY,BUF-MT-FORK,MT-OP-020,MT-OP-050,ADVISORY_PRODUCTION_TO_BUFFER,0.0,76.9741,0.0,0.0,76.9741,120.0,0.0,BALANCED,True,True
PHASE4-MPS-20260721170405,ALT-MAINT,SWIP-ALT-MAINT-00059,59,2026-07-21T13:52,LOT-ALT-MAINT-PSC-SKU-BIKE-ROAD-001-20260629-ROAD-OP-040-WIP-ROAD-FINAL-ASSEMBLY-READY,2026-07-21T13:52,,0.0,0.0,53.9995,False,,,PSC-SKU-BIKE-ROAD-001-20260629,,SKU-BIKE-ROAD-001,WIP-ROAD-FINAL-ASSEMBLY-READY,BUF-ROAD-ASM,ROAD-OP-040,ROAD-OP-050,ADVISORY_PRODUCTION_TO_BUFFER,0.0,53.9995,0.0,0.0,53.9995,60.0,0.0,BALANCED,True,True
PHASE4-MPS-20260721170405,ALT-MAINT,SWIP-ALT-MAINT-00060,60,2026-07-21T13:52,LOT-ALT-MAINT-PSC-SKU-BIKE-MT-001-20260706-MT-OP-020-WIP-MT-FORK-READY,2026-07-20T13:54,FIFO,76.9741,60.0,16.9741,False,,,PSC-SKU-BIKE-MT-001-20260706,,SKU-BIKE-MT-001,WIP-MT-FORK-READY,BUF-MT-FORK,MT-OP-020,MT-OP-050,ADVISORY_DRAW_FOR_OPERATION,76.9741,0.0,60.0,0.0,16.9741,120.0,0.0,BALANCED,True,True
PHASE4-MPS-20260721170405,ALT-MAINT,SWIP-ALT-MAINT-00061,61,2026-07-21T13:52,LOT-START-WIP-MT-WHEEL-SET-READY-BUF-MT-WHEEL,2026-06-29T08:00,FIFO,3.0185,3.0185,0.0,False,,,PSC-SKU-BIKE-MT-001-20260706,,SKU-BIKE-MT-001,WIP-MT-WHEEL-SET-READY,BUF-MT-WHEEL,MT-OP-030,MT-OP-050,ADVISORY_DRAW_FOR_OPERATION,120.0,0.0,3.0185,0.0,116.9815,120.0,0.0,BALANCED,True,True
PHASE4-MPS-20260721170405,ALT-MAINT,SWIP-ALT-MAINT-00062,62,2026-07-21T13:52,LOT-ALT-MAINT-PSC-SKU-BIKE-MT-001-20260629-MT-OP-030-WIP-MT-WHEEL-SET-READY,2026-07-06T14:26,FIFO,41.9815,41.9815,0.0,False,,,PSC-SKU-BIKE-MT-001-20260706,,SKU-BIKE-MT-001,WIP-MT-WHEEL-SET-READY,BUF-MT-WHEEL,MT-OP-030,MT-OP-050,ADVISORY_DRAW_FOR_OPERATION,116.9815,0.0,41.9815,0.0,75.0,120.0,0.0,BALANCED,True,True
PHASE4-MPS-20260721170405,ALT-MAINT,SWIP-ALT-MAINT-00063,63,2026-07-21T13:52,LOT-ALT-MAINT-PSC-SKU-BIKE-MT-001-20260706-MT-OP-030-WIP-MT-WHEEL-SET-READY,2026-07-20T13:08,FIFO,75.0,15.0,60.0,False,,,PSC-SKU-BIKE-MT-001-20260706,,SKU-BIKE-MT-001,WIP-MT-WHEEL-SET-READY,BUF-MT-WHEEL,MT-OP-030,MT-OP-050,ADVISORY_DRAW_FOR_OPERATION,75.0,0.0,15.0,0.0,60.0,120.0,0.0,BALANCED,True,True
PHASE4-MPS-20260721170405,ALT-MAINT,SWIP-ALT-MAINT-00064,64,2026-07-21T13:52,LOT-ALT-MAINT-PSC-SKU-BIKE-MT-001-20260629-MT-OP-040-WIP-MT-BRAKE-SET-READY,2026-07-06T08:42,FIFO,39.0,39.0,0.0,False,,,PSC-SKU-BIKE-MT-001-20260706,,SKU-BIKE-MT-001,WIP-MT-BRAKE-SET-READY,BUF-MT-BRAKE,MT-OP-040,MT-OP-050,ADVISORY_DRAW_FOR_OPERATION,115.9741,0.0,39.0,0.0,76.9741,120.0,0.0,BALANCED,True,True
PHASE4-MPS-20260721170405,ALT-MAINT,SWIP-ALT-MAINT-00065,65,2026-07-21T13:52,LOT-ALT-MAINT-PSC-SKU-BIKE-MT-001-20260706-MT-OP-040-WIP-MT-BRAKE-SET-READY,2026-07-17T11:00,FIFO,76.9741,21.0,55.9741,False,,,PSC-SKU-BIKE-MT-001-20260706,,SKU-BIKE-MT-001,WIP-MT-BRAKE-SET-READY,BUF-MT-BRAKE,MT-OP-040,MT-OP-050,ADVISORY_DRAW_FOR_OPERATION,76.9741,0.0,21.0,0.0,55.9741,120.0,0.0,BALANCED,True,True
PHASE4-MPS-20260721170405,ALT-MAINT,SWIP-ALT-MAINT-00066,66,2026-07-21T13:52,LOT-ALT-MAINT-PSC-SKU-BIKE-ROAD-001-20260629-ROAD-OP-040-WIP-ROAD-FINAL-ASSEMBLY-READY,2026-07-21T13:52,FIFO,53.9995,40.0,13.9995,False,,,PSC-SKU-BIKE-ROAD-001-20260629,,SKU-BIKE-ROAD-001,WIP-ROAD-FINAL-ASSEMBLY-READY,BUF-ROAD-ASM,ROAD-OP-040,ROAD-OP-050,ADVISORY_DRAW_FOR_OPERATION,53.9995,0.0,40.0,0.0,13.9995,60.0,0.0,BALANCED,True,True
PHASE4-MPS-20260721170405,ALT-MAINT,SWIP-ALT-MAINT-00067,67,2026-07-23T11:53,LOT-ALT-MAINT-PSC-SKU-BIKE-ROAD-001-20260629-ROAD-OP-050-WIP-ROAD-QC-PASSED,2026-07-23T11:53,,0.0,0.0,40.0,False,,,PSC-SKU-BIKE-ROAD-001-20260629,,SKU-BIKE-ROAD-001,WIP-ROAD-QC-PASSED,BUF-ROAD-QC,ROAD-OP-050,ROAD-OP-060,ADVISORY_PRODUCTION_TO_BUFFER,20.0,40.0,0.0,0.0,60.0,60.0,0.0,BALANCED,True,True
PHASE4-MPS-20260721170405,ALT-MAINT,SWIP-ALT-MAINT-00068,68,2026-07-23T11:53,LOT-START-WIP-ROAD-QC-PASSED-BUF-ROAD-QC,2026-06-29T08:00,FIFO,20.0,20.0,0.0,False,,,PSC-SKU-BIKE-ROAD-001-20260629,,SKU-BIKE-ROAD-001,WIP-ROAD-QC-PASSED,BUF-ROAD-QC,ROAD-OP-050,ROAD-OP-060,ADVISORY_DRAW_FOR_OPERATION,60.0,0.0,20.0,0.0,40.0,60.0,0.0,BALANCED,True,True
PHASE4-MPS-20260721170405,ALT-MAINT,SWIP-ALT-MAINT-00069,69,2026-07-23T11:53,LOT-ALT-MAINT-PSC-SKU-BIKE-ROAD-001-20260629-ROAD-OP-050-WIP-ROAD-QC-PASSED,2026-07-23T11:53,FIFO,40.0,33.9995,6.0005,False,,,PSC-SKU-BIKE-ROAD-001-20260629,,SKU-BIKE-ROAD-001,WIP-ROAD-QC-PASSED,BUF-ROAD-QC,ROAD-OP-050,ROAD-OP-060,ADVISORY_DRAW_FOR_OPERATION,40.0,0.0,33.9995,0.0,6.0005,60.0,0.0,BALANCED,True,True
PHASE4-MPS-20260721170405,ALT-MAINT,SWIP-ALT-MAINT-00070,70,2026-07-23T12:45,LOT-ALT-MAINT-PSC-SKU-BIKE-MT-001-20260713-MT-OP-040-WIP-MT-BRAKE-SET-READY,2026-07-23T12:45,,0.0,0.0,64.0259,False,,,PSC-SKU-BIKE-MT-001-20260713,,SKU-BIKE-MT-001,WIP-MT-BRAKE-SET-READY,BUF-MT-BRAKE,MT-OP-040,MT-OP-050,ADVISORY_PRODUCTION_TO_BUFFER,55.9741,64.0259,0.0,0.0,120.0,120.0,0.0,BALANCED,True,True
PHASE4-MPS-20260721170405,ALT-MAINT,SWIP-ALT-MAINT-00071,71,2026-07-23T14:22,LOT-ALT-MAINT-PSC-SKU-BIKE-MT-001-20260720-MT-OP-010-WIP-MT-FRAME-TO-FORK,2026-07-23T14:22,,0.0,0.0,61.0518,False,,,PSC-SKU-BIKE-MT-001-20260720,,SKU-BIKE-MT-001,WIP-MT-FRAME-TO-FORK,BUF-MT-FRAME-FORK,MT-OP-010,MT-OP-020,ADVISORY_PRODUCTION_TO_BUFFER,0.0,61.0518,0.0,0.0,61.0518,80.0,0.0,BALANCED,True,True
PHASE4-MPS-20260721170405,ALT-MAINT,SWIP-ALT-MAINT-00072,72,2026-07-23T14:22,LOT-ALT-MAINT-PSC-SKU-BIKE-MT-001-20260720-MT-OP-010-WIP-MT-FRAME-TO-WHEEL,2026-07-23T14:22,,0.0,0.0,61.0518,False,,,PSC-SKU-BIKE-MT-001-20260720,,SKU-BIKE-MT-001,WIP-MT-FRAME-TO-WHEEL,BUF-MT-FRAME-WHEEL,MT-OP-010,MT-OP-030,ADVISORY_PRODUCTION_TO_BUFFER,18.9482,61.0518,0.0,0.0,80.0,80.0,0.0,BALANCED,True,True
PHASE4-MPS-20260721170405,ALT-MAINT,SWIP-ALT-MAINT-00073,73,2026-07-23T14:22,LOT-ALT-MAINT-PSC-SKU-BIKE-MT-001-20260720-MT-OP-010-WIP-MT-FRAME-TO-BRAKE,2026-07-23T14:22,,0.0,0.0,61.0518,False,,,PSC-SKU-BIKE-MT-001-20260720,,SKU-BIKE-MT-001,WIP-MT-FRAME-TO-BRAKE,BUF-MT-FRAME-BRAKE,MT-OP-010,MT-OP-040,ADVISORY_PRODUCTION_TO_BUFFER,12.9482,61.0518,0.0,0.0,74.0,80.0,0.0,BALANCED,True,True
PHASE4-MPS-20260721170405,ALT-MAINT,SWIP-ALT-MAINT-00074,74,2026-07-24T11:58,LOT-ALT-MAINT-PSC-SKU-BIKE-MT-001-20260713-MT-OP-030-WIP-MT-WHEEL-SET-READY,2026-07-24T11:58,,0.0,0.0,60.0,False,,,PSC-SKU-BIKE-MT-001-20260713,,SKU-BIKE-MT-001,WIP-MT-WHEEL-SET-READY,BUF-MT-WHEEL,MT-OP-030,MT-OP-050,ADVISORY_PRODUCTION_TO_BUFFER,60.0,60.0,0.0,0.0,120.0,120.0,0.0,BALANCED,True,True
PHASE4-MPS-20260721170405,ALT-MAINT,SWIP-ALT-MAINT-00075,75,2026-07-27T13:54,LOT-ALT-MAINT-PSC-SKU-BIKE-MT-001-20260713-MT-OP-020-WIP-MT-FORK-READY,2026-07-27T13:54,,0.0,0.0,76.9741,False,,,PSC-SKU-BIKE-MT-001-20260713,,SKU-BIKE-MT-001,WIP-MT-FORK-READY,BUF-MT-FORK,MT-OP-020,MT-OP-050,ADVISORY_PRODUCTION_TO_BUFFER,16.9741,76.9741,0.0,0.0,93.9482,120.0,0.0,BALANCED,True,True
PHASE4-MPS-20260721170405,ALT-MAINT,SWIP-ALT-MAINT-00076,76,2026-07-31T10:47,LOT-ALT-MAINT-PSC-SKU-BIKE-MT-001-20260706-MT-OP-050-WIP-MT-FINAL-ASSEMBLY-READY,2026-07-31T10:47,,0.0,0.0,60.0,False,,,PSC-SKU-BIKE-MT-001-20260706,,SKU-BIKE-MT-001,WIP-MT-FINAL-ASSEMBLY-READY,BUF-MT-ASM,MT-OP-050,MT-OP-060,ADVISORY_PRODUCTION_TO_BUFFER,0.0,60.0,0.0,0.0,60.0,60.0,0.0,BALANCED,True,True
PHASE4-MPS-20260721170405,ALT-MAINT,SWIP-ALT-MAINT-00077,77,2026-07-31T10:47,LOT-ALT-MAINT-PSC-SKU-BIKE-MT-001-20260706-MT-OP-050-WIP-MT-FINAL-ASSEMBLY-READY,2026-07-31T10:47,FIFO,60.0,42.0,18.0,False,,,PSC-SKU-BIKE-MT-001-20260706,,SKU-BIKE-MT-001,WIP-MT-FINAL-ASSEMBLY-READY,BUF-MT-ASM,MT-OP-050,MT-OP-060,ADVISORY_DRAW_FOR_OPERATION,60.0,0.0,42.0,0.0,18.0,60.0,0.0,BALANCED,True,True
PHASE4-MPS-20260721170405,ALT-MAINT,SWIP-ALT-MAINT-00078,78,2026-07-31T10:47,LOT-ALT-MAINT-PSC-SKU-BIKE-ROAD-001-20260629-ROAD-OP-020-WIP-ROAD-WHEEL-SET-READY,2026-07-07T12:09,FIFO,40.0,40.0,0.0,False,,,PSC-SKU-BIKE-ROAD-001-20260706,,SKU-BIKE-ROAD-001,WIP-ROAD-WHEEL-SET-READY,BUF-ROAD-WHEEL,ROAD-OP-020,ROAD-OP-040,ADVISORY_DRAW_FOR_OPERATION,120.0,0.0,40.0,0.0,80.0,120.0,0.0,BALANCED,True,True
PHASE4-MPS-20260721170405,ALT-MAINT,SWIP-ALT-MAINT-00079,79,2026-07-31T10:47,LOT-ALT-MAINT-PSC-SKU-BIKE-ROAD-001-20260706-ROAD-OP-020-WIP-ROAD-WHEEL-SET-READY,2026-07-17T13:08,FIFO,80.0,6.0005,73.9995,False,,,PSC-SKU-BIKE-ROAD-001-20260706,,SKU-BIKE-ROAD-001,WIP-ROAD-WHEEL-SET-READY,BUF-ROAD-WHEEL,ROAD-OP-020,ROAD-OP-040,ADVISORY_DRAW_FOR_OPERATION,80.0,0.0,6.0005,0.0,73.9995,120.0,0.0,BALANCED,True,True
PHASE4-MPS-20260721170405,ALT-MAINT,SWIP-ALT-MAINT-00080,80,2026-07-31T10:47,LOT-ALT-MAINT-PSC-SKU-BIKE-ROAD-001-20260629-ROAD-OP-030-WIP-ROAD-BRAKE-SET-READY,2026-07-06T12:24,FIFO,38.0,38.0,0.0,False,,,PSC-SKU-BIKE-ROAD-001-20260706,,SKU-BIKE-ROAD-001,WIP-ROAD-BRAKE-SET-READY,BUF-ROAD-BRAKE,ROAD-OP-030,ROAD-OP-040,ADVISORY_DRAW_FOR_OPERATION,118.0,0.0,38.0,0.0,80.0,120.0,0.0,BALANCED,True,True
PHASE4-MPS-20260721170405,ALT-MAINT,SWIP-ALT-MAINT-00081,81,2026-07-31T10:47,LOT-ALT-MAINT-PSC-SKU-BIKE-ROAD-001-20260706-ROAD-OP-030-WIP-ROAD-BRAKE-SET-READY,2026-07-16T09:59,FIFO,80.0,8.0005,71.9995,False,,,PSC-SKU-BIKE-ROAD-001-20260706,,SKU-BIKE-ROAD-001,WIP-ROAD-BRAKE-SET-READY,BUF-ROAD-BRAKE,ROAD-OP-030,ROAD-OP-040,ADVISORY_DRAW_FOR_OPERATION,80.0,0.0,8.0005,0.0,71.9995,120.0,0.0,BALANCED,True,True
PHASE4-MPS-20260721170405,ALT-MAINT,SWIP-ALT-MAINT-00082,82,2026-07-31T10:47,LOT-ALT-MAINT-PSC-SKU-BIKE-ROAD-001-20260713-ROAD-OP-010-WIP-ROAD-FRAME-TO-WHEEL,2026-07-17T10:15,FIFO,80.0,46.0005,33.9995,False,,,PSC-SKU-BIKE-ROAD-001-20260713,,SKU-BIKE-ROAD-001,WIP-ROAD-FRAME-TO-WHEEL,BUF-ROAD-FRAME-WHEEL,ROAD-OP-010,ROAD-OP-020,ADVISORY_DRAW_FOR_OPERATION,80.0,0.0,46.0005,0.0,33.9995,80.0,0.0,BALANCED,True,True
PHASE4-MPS-20260721170405,ALT-MAINT,SWIP-ALT-MAINT-00083,83,2026-07-31T10:47,LOT-ALT-MAINT-PSC-SKU-BIKE-ROAD-001-20260713-ROAD-OP-010-WIP-ROAD-FRAME-TO-BRAKE,2026-07-17T10:15,FIFO,80.0,48.0005,31.9995,False,,,PSC-SKU-BIKE-ROAD-001-20260713,,SKU-BIKE-ROAD-001,WIP-ROAD-FRAME-TO-BRAKE,BUF-ROAD-FRAME-BRAKE,ROAD-OP-010,ROAD-OP-030,ADVISORY_DRAW_FOR_OPERATION,80.0,0.0,48.0005,0.0,31.9995,80.0,0.0,BALANCED,True,True
PHASE4-MPS-20260721170405,ALT-MAINT,SWIP-ALT-MAINT-00084,84,2026-08-04T12:16,LOT-ALT-MAINT-PSC-SKU-BIKE-MT-001-20260706-MT-OP-060-WIP-MT-QC-PASSED,2026-08-04T12:16,,0.0,0.0,42.0,False,,,PSC-SKU-BIKE-MT-001-20260706,,SKU-BIKE-MT-001,WIP-MT-QC-PASSED,BUF-MT-QC,MT-OP-060,MT-OP-070,ADVISORY_PRODUCTION_TO_BUFFER,18.0,42.0,0.0,0.0,60.0,60.0,0.0,BALANCED,True,True
PHASE4-MPS-20260721170405,ALT-MAINT,SWIP-ALT-MAINT-00085,85,2026-08-04T12:16,LOT-ALT-MAINT-PSC-SKU-BIKE-MT-001-20260629-MT-OP-060-WIP-MT-QC-PASSED,2026-07-16T10:20,FIFO,18.0,18.0,0.0,False,,,PSC-SKU-BIKE-MT-001-20260706,,SKU-BIKE-MT-001,WIP-MT-QC-PASSED,BUF-MT-QC,MT-OP-060,MT-OP-070,ADVISORY_DRAW_FOR_OPERATION,60.0,0.0,18.0,0.0,42.0,60.0,0.0,BALANCED,True,True
PHASE4-MPS-20260721170405,ALT-MAINT,SWIP-ALT-MAINT-00086,86,2026-08-04T12:16,LOT-ALT-MAINT-PSC-SKU-BIKE-MT-001-20260706-MT-OP-060-WIP-MT-QC-PASSED,2026-08-04T12:16,FIFO,42.0,42.0,0.0,False,,,PSC-SKU-BIKE-MT-001-20260706,,SKU-BIKE-MT-001,WIP-MT-QC-PASSED,BUF-MT-QC,MT-OP-060,MT-OP-070,ADVISORY_DRAW_FOR_OPERATION,42.0,0.0,42.0,0.0,0.0,60.0,0.0,BALANCED,True,True
PHASE4-MPS-20260721170405,ALT-MAINT,SWIP-ALT-MAINT-00087,87,2026-08-04T13:35,LOT-ALT-MAINT-PSC-SKU-BIKE-ROAD-001-20260713-ROAD-OP-030-WIP-ROAD-BRAKE-SET-READY,2026-08-04T13:35,,0.0,0.0,48.0005,False,,,PSC-SKU-BIKE-ROAD-001-20260713,,SKU-BIKE-ROAD-001,WIP-ROAD-BRAKE-SET-READY,BUF-ROAD-BRAKE,ROAD-OP-030,ROAD-OP-040,ADVISORY_PRODUCTION_TO_BUFFER,71.9995,48.0005,0.0,0.0,120.0,120.0,0.0,BALANCED,True,True
PHASE4-MPS-20260721170405,ALT-MAINT,SWIP-ALT-MAINT-00088,88,2026-08-04T14:23,LOT-ALT-MAINT-PSC-SKU-BIKE-ROAD-001-20260720-ROAD-OP-010-WIP-ROAD-FRAME-TO-WHEEL,2026-08-04T14:23,,0.0,0.0,46.0005,False,,,PSC-SKU-BIKE-ROAD-001-20260720,,SKU-BIKE-ROAD-001,WIP-ROAD-FRAME-TO-WHEEL,BUF-ROAD-FRAME-WHEEL,ROAD-OP-010,ROAD-OP-020,ADVISORY_PRODUCTION_TO_BUFFER,33.9995,46.0005,0.0,0.0,80.0,80.0,0.0,BALANCED,True,True
PHASE4-MPS-20260721170405,ALT-MAINT,SWIP-ALT-MAINT-00089,89,2026-08-04T14:23,LOT-ALT-MAINT-PSC-SKU-BIKE-ROAD-001-20260720-ROAD-OP-010-WIP-ROAD-FRAME-TO-BRAKE,2026-08-04T14:23,,0.0,0.0,46.0005,False,,,PSC-SKU-BIKE-ROAD-001-20260720,,SKU-BIKE-ROAD-001,WIP-ROAD-FRAME-TO-BRAKE,BUF-ROAD-FRAME-BRAKE,ROAD-OP-010,ROAD-OP-030,ADVISORY_PRODUCTION_TO_BUFFER,31.9995,46.0005,0.0,0.0,78.0,80.0,0.0,BALANCED,True,True
PHASE4-MPS-20260721170405,ALT-MAINT,SWIP-ALT-MAINT-00090,90,2026-08-05T11:36,LOT-ALT-MAINT-PSC-SKU-BIKE-ROAD-001-20260713-ROAD-OP-020-WIP-ROAD-WHEEL-SET-READY,2026-08-05T11:36,,0.0,0.0,46.0005,False,,,PSC-SKU-BIKE-ROAD-001-20260713,,SKU-BIKE-ROAD-001,WIP-ROAD-WHEEL-SET-READY,BUF-ROAD-WHEEL,ROAD-OP-020,ROAD-OP-040,ADVISORY_PRODUCTION_TO_BUFFER,73.9995,46.0005,0.0,0.0,120.0,120.0,0.0,BALANCED,True,True
PHASE4-MPS-20260721170405,ALT-MAINT,SWIP-ALT-MAINT-00091,91,2026-08-07T09:38,LOT-ALT-MAINT-PSC-SKU-BIKE-ROAD-001-20260706-ROAD-OP-040-WIP-ROAD-FINAL-ASSEMBLY-READY,2026-08-07T09:38,,0.0,0.0,46.0005,False,,,PSC-SKU-BIKE-ROAD-001-20260706,,SKU-BIKE-ROAD-001,WIP-ROAD-FINAL-ASSEMBLY-READY,BUF-ROAD-ASM,ROAD-OP-040,ROAD-OP-050,ADVISORY_PRODUCTION_TO_BUFFER,13.9995,46.0005,0.0,0.0,60.0,60.0,0.0,BALANCED,True,True
PHASE4-MPS-20260721170405,ALT-MAINT,SWIP-ALT-MAINT-00092,92,2026-08-07T09:38,LOT-ALT-MAINT-PSC-SKU-BIKE-MT-001-20260706-MT-OP-020-WIP-MT-FORK-READY,2026-07-20T13:54,FIFO,16.9741,16.9741,0.0,False,,,PSC-SKU-BIKE-MT-001-20260713,,SKU-BIKE-MT-001,WIP-MT-FORK-READY,BUF-MT-FORK,MT-OP-020,MT-OP-050,ADVISORY_DRAW_FOR_OPERATION,93.9482,0.0,16.9741,0.0,76.9741,120.0,0.0,BALANCED,True,True
PHASE4-MPS-20260721170405,ALT-MAINT,SWIP-ALT-MAINT-00093,93,2026-08-07T09:38,LOT-ALT-MAINT-PSC-SKU-BIKE-MT-001-20260713-MT-OP-020-WIP-MT-FORK-READY,2026-07-27T13:54,FIFO,76.9741,25.0259,51.9482,False,,,PSC-SKU-BIKE-MT-001-20260713,,SKU-BIKE-MT-001,WIP-MT-FORK-READY,BUF-MT-FORK,MT-OP-020,MT-OP-050,ADVISORY_DRAW_FOR_OPERATION,76.9741,0.0,25.0259,0.0,51.9482,120.0,0.0,BALANCED,True,True
PHASE4-MPS-20260721170405,ALT-MAINT,SWIP-ALT-MAINT-00094,94,2026-08-07T09:38,LOT-ALT-MAINT-PSC-SKU-BIKE-MT-001-20260706-MT-OP-030-WIP-MT-WHEEL-SET-READY,2026-07-20T13:08,FIFO,60.0,42.0,18.0,False,,,PSC-SKU-BIKE-MT-001-20260713,,SKU-BIKE-MT-001,WIP-MT-WHEEL-SET-READY,BUF-MT-WHEEL,MT-OP-030,MT-OP-050,ADVISORY_DRAW_FOR_OPERATION,120.0,0.0,42.0,0.0,78.0,120.0,0.0,BALANCED,True,True
PHASE4-MPS-20260721170405,ALT-MAINT,SWIP-ALT-MAINT-00095,95,2026-08-07T09:38,LOT-ALT-MAINT-PSC-SKU-BIKE-MT-001-20260706-MT-OP-040-WIP-MT-BRAKE-SET-READY,2026-07-17T11:00,FIFO,55.9741,42.0,13.9741,False,,,PSC-SKU-BIKE-MT-001-20260713,,SKU-BIKE-MT-001,WIP-MT-BRAKE-SET-READY,BUF-MT-BRAKE,MT-OP-040,MT-OP-050,ADVISORY_DRAW_FOR_OPERATION,120.0,0.0,42.0,0.0,78.0,120.0,0.0,BALANCED,True,True
PHASE4-MPS-20260721170405,ALT-MAINT,SWIP-ALT-MAINT-00096,96,2026-08-07T09:38,LOT-ALT-MAINT-PSC-SKU-BIKE-MT-001-20260720-MT-OP-010-WIP-MT-FRAME-TO-FORK,2026-07-23T14:22,FIFO,61.0518,61.0518,0.0,False,,,PSC-SKU-BIKE-MT-001-20260720,,SKU-BIKE-MT-001,WIP-MT-FRAME-TO-FORK,BUF-MT-FRAME-FORK,MT-OP-010,MT-OP-020,ADVISORY_DRAW_FOR_OPERATION,61.0518,0.0,61.0518,0.0,0.0,80.0,0.0,BALANCED,True,True
PHASE4-MPS-20260721170405,ALT-MAINT,SWIP-ALT-MAINT-00097,97,2026-08-07T09:38,LOT-ALT-MAINT-PSC-SKU-BIKE-MT-001-20260713-MT-OP-010-WIP-MT-FRAME-TO-WHEEL,2026-07-17T14:22,FIFO,18.9482,18.9482,0.0,False,,,PSC-SKU-BIKE-MT-001-20260720,,SKU-BIKE-MT-001,WIP-MT-FRAME-TO-WHEEL,BUF-MT-FRAME-WHEEL,MT-OP-010,MT-OP-030,ADVISORY_DRAW_FOR_OPERATION,80.0,0.0,18.9482,0.0,61.0518,80.0,0.0,BALANCED,True,True
PHASE4-MPS-20260721170405,ALT-MAINT,SWIP-ALT-MAINT-00098,98,2026-08-07T09:38,LOT-ALT-MAINT-PSC-SKU-BIKE-MT-001-20260720-MT-OP-010-WIP-MT-FRAME-TO-WHEEL,2026-07-23T14:22,FIFO,61.0518,23.0518,38.0,False,,,PSC-SKU-BIKE-MT-001-20260720,,SKU-BIKE-MT-001,WIP-MT-FRAME-TO-WHEEL,BUF-MT-FRAME-WHEEL,MT-OP-010,MT-OP-030,ADVISORY_DRAW_FOR_OPERATION,61.0518,0.0,23.0518,0.0,38.0,80.0,0.0,BALANCED,True,True
PHASE4-MPS-20260721170405,ALT-MAINT,SWIP-ALT-MAINT-00099,99,2026-08-07T09:38,LOT-ALT-MAINT-PSC-SKU-BIKE-MT-001-20260713-MT-OP-010-WIP-MT-FRAME-TO-BRAKE,2026-07-17T14:22,FIFO,12.9482,12.9482,0.0,False,,,PSC-SKU-BIKE-MT-001-20260720,,SKU-BIKE-MT-001,WIP-MT-FRAME-TO-BRAKE,BUF-MT-FRAME-BRAKE,MT-OP-010,MT-OP-040,ADVISORY_DRAW_FOR_OPERATION,74.0,0.0,12.9482,0.0,61.0518,80.0,0.0,BALANCED,True,True
PHASE4-MPS-20260721170405,ALT-MAINT,SWIP-ALT-MAINT-00100,100,2026-08-07T09:38,LOT-ALT-MAINT-PSC-SKU-BIKE-MT-001-20260720-MT-OP-010-WIP-MT-FRAME-TO-BRAKE,2026-07-23T14:22,FIFO,61.0518,29.0518,32.0,False,,,PSC-SKU-BIKE-MT-001-20260720,,SKU-BIKE-MT-001,WIP-MT-FRAME-TO-BRAKE,BUF-MT-FRAME-BRAKE,MT-OP-010,MT-OP-040,ADVISORY_DRAW_FOR_OPERATION,61.0518,0.0,29.0518,0.0,32.0,80.0,0.0,BALANCED,True,True
PHASE4-MPS-20260721170405,ALT-MAINT,SWIP-ALT-MAINT-00101,101,2026-08-07T09:38,LOT-ALT-MAINT-PSC-SKU-BIKE-ROAD-001-20260629-ROAD-OP-040-WIP-ROAD-FINAL-ASSEMBLY-READY,2026-07-21T13:52,FIFO,13.9995,13.9995,0.0,False,,,PSC-SKU-BIKE-ROAD-001-20260706,,SKU-BIKE-ROAD-001,WIP-ROAD-FINAL-ASSEMBLY-READY,BUF-ROAD-ASM,ROAD-OP-040,ROAD-OP-050,ADVISORY_DRAW_FOR_OPERATION,60.0,0.0,13.9995,0.0,46.0005,60.0,0.0,BALANCED,True,True
PHASE4-MPS-20260721170405,ALT-MAINT,SWIP-ALT-MAINT-00102,102,2026-08-07T09:38,LOT-ALT-MAINT-PSC-SKU-BIKE-ROAD-001-20260706-ROAD-OP-040-WIP-ROAD-FINAL-ASSEMBLY-READY,2026-08-07T09:38,FIFO,46.0005,40.0,6.0005,False,,,PSC-SKU-BIKE-ROAD-001-20260706,,SKU-BIKE-ROAD-001,WIP-ROAD-FINAL-ASSEMBLY-READY,BUF-ROAD-ASM,ROAD-OP-040,ROAD-OP-050,ADVISORY_DRAW_FOR_OPERATION,46.0005,0.0,40.0,0.0,6.0005,60.0,0.0,BALANCED,True,True
PHASE4-MPS-20260721170405,ALT-MAINT,SWIP-ALT-MAINT-00103,103,2026-08-11T11:59,LOT-ALT-MAINT-PSC-SKU-BIKE-ROAD-001-20260706-ROAD-OP-050-WIP-ROAD-QC-PASSED,2026-08-11T11:59,,0.0,0.0,53.9995,False,,,PSC-SKU-BIKE-ROAD-001-20260706,,SKU-BIKE-ROAD-001,WIP-ROAD-QC-PASSED,BUF-ROAD-QC,ROAD-OP-050,ROAD-OP-060,ADVISORY_PRODUCTION_TO_BUFFER,6.0005,53.9995,0.0,0.0,60.0,60.0,0.0,BALANCED,True,True
PHASE4-MPS-20260721170405,ALT-MAINT,SWIP-ALT-MAINT-00104,104,2026-08-11T11:59,LOT-ALT-MAINT-PSC-SKU-BIKE-ROAD-001-20260629-ROAD-OP-050-WIP-ROAD-QC-PASSED,2026-07-23T11:53,FIFO,6.0005,6.0005,0.0,False,,,PSC-SKU-BIKE-ROAD-001-20260706,,SKU-BIKE-ROAD-001,WIP-ROAD-QC-PASSED,BUF-ROAD-QC,ROAD-OP-050,ROAD-OP-060,ADVISORY_DRAW_FOR_OPERATION,60.0,0.0,6.0005,0.0,53.9995,60.0,0.0,BALANCED,True,True
PHASE4-MPS-20260721170405,ALT-MAINT,SWIP-ALT-MAINT-00105,105,2026-08-11T11:59,LOT-ALT-MAINT-PSC-SKU-BIKE-ROAD-001-20260706-ROAD-OP-050-WIP-ROAD-QC-PASSED,2026-08-11T11:59,FIFO,53.9995,53.9995,0.0,False,,,PSC-SKU-BIKE-ROAD-001-20260706,,SKU-BIKE-ROAD-001,WIP-ROAD-QC-PASSED,BUF-ROAD-QC,ROAD-OP-050,ROAD-OP-060,ADVISORY_DRAW_FOR_OPERATION,53.9995,0.0,53.9995,0.0,0.0,60.0,0.0,BALANCED,True,True
PHASE4-MPS-20260721170405,ALT-MAINT,SWIP-ALT-MAINT-00106,106,2026-08-11T13:10,LOT-ALT-MAINT-PSC-SKU-BIKE-MT-001-20260720-MT-OP-040-WIP-MT-BRAKE-SET-READY,2026-08-11T13:10,,0.0,0.0,42.0,False,,,PSC-SKU-BIKE-MT-001-20260720,,SKU-BIKE-MT-001,WIP-MT-BRAKE-SET-READY,BUF-MT-BRAKE,MT-OP-040,MT-OP-050,ADVISORY_PRODUCTION_TO_BUFFER,78.0,42.0,0.0,0.0,120.0,120.0,0.0,BALANCED,True,True
PHASE4-MPS-20260721170405,ALT-MAINT,SWIP-ALT-MAINT-00107,107,2026-08-11T14:34,LOT-ALT-MAINT-PSC-SKU-BIKE-MT-001-20260727-MT-OP-010-WIP-MT-FRAME-TO-FORK,2026-08-11T14:34,,0.0,0.0,42.0,False,,,PSC-SKU-BIKE-MT-001-20260727,,SKU-BIKE-MT-001,WIP-MT-FRAME-TO-FORK,BUF-MT-FRAME-FORK,MT-OP-010,MT-OP-020,ADVISORY_PRODUCTION_TO_BUFFER,0.0,42.0,0.0,0.0,42.0,80.0,0.0,BALANCED,True,True
PHASE4-MPS-20260721170405,ALT-MAINT,SWIP-ALT-MAINT-00108,108,2026-08-11T14:34,LOT-ALT-MAINT-PSC-SKU-BIKE-MT-001-20260727-MT-OP-010-WIP-MT-FRAME-TO-WHEEL,2026-08-11T14:34,,0.0,0.0,42.0,False,,,PSC-SKU-BIKE-MT-001-20260727,,SKU-BIKE-MT-001,WIP-MT-FRAME-TO-WHEEL,BUF-MT-FRAME-WHEEL,MT-OP-010,MT-OP-030,ADVISORY_PRODUCTION_TO_BUFFER,38.0,42.0,0.0,0.0,80.0,80.0,0.0,BALANCED,True,True
PHASE4-MPS-20260721170405,ALT-MAINT,SWIP-ALT-MAINT-00109,109,2026-08-11T14:34,LOT-ALT-MAINT-PSC-SKU-BIKE-MT-001-20260727-MT-OP-010-WIP-MT-FRAME-TO-BRAKE,2026-08-11T14:34,,0.0,0.0,42.0,False,,,PSC-SKU-BIKE-MT-001-20260727,,SKU-BIKE-MT-001,WIP-MT-FRAME-TO-BRAKE,BUF-MT-FRAME-BRAKE,MT-OP-010,MT-OP-040,ADVISORY_PRODUCTION_TO_BUFFER,32.0,42.0,0.0,0.0,74.0,80.0,0.0,BALANCED,True,True
PHASE4-MPS-20260721170405,ALT-MAINT,SWIP-ALT-MAINT-00110,110,2026-08-12T11:38,LOT-ALT-MAINT-PSC-SKU-BIKE-MT-001-20260720-MT-OP-030-WIP-MT-WHEEL-SET-READY,2026-08-12T11:38,,0.0,0.0,42.0,False,,,PSC-SKU-BIKE-MT-001-20260720,,SKU-BIKE-MT-001,WIP-MT-WHEEL-SET-READY,BUF-MT-WHEEL,MT-OP-030,MT-OP-050,ADVISORY_PRODUCTION_TO_BUFFER,78.0,42.0,0.0,0.0,120.0,120.0,0.0,BALANCED,True,True
PHASE4-MPS-20260721170405,ALT-MAINT,SWIP-ALT-MAINT-00111,111,2026-08-13T14:46,LOT-ALT-MAINT-PSC-SKU-BIKE-MT-001-20260720-MT-OP-020-WIP-MT-FORK-READY,2026-08-13T14:46,,0.0,0.0,61.0518,False,,,PSC-SKU-BIKE-MT-001-20260720,,SKU-BIKE-MT-001,WIP-MT-FORK-READY,BUF-MT-FORK,MT-OP-020,MT-OP-050,ADVISORY_PRODUCTION_TO_BUFFER,51.9482,61.0518,0.0,0.0,113.0,120.0,0.0,BALANCED,True,True
PHASE4-MPS-20260721170405,ALT-MAINT,SWIP-ALT-MAINT-00112,112,2026-08-14T11:56,LOT-ALT-MAINT-PSC-SKU-BIKE-MT-001-20260713-MT-OP-050-WIP-MT-FINAL-ASSEMBLY-READY,2026-08-14T11:56,,0.0,0.0,42.0,False,,,PSC-SKU-BIKE-MT-001-20260713,,SKU-BIKE-MT-001,WIP-MT-FINAL-ASSEMBLY-READY,BUF-MT-ASM,MT-OP-050,MT-OP-060,ADVISORY_PRODUCTION_TO_BUFFER,18.0,42.0,0.0,0.0,60.0,60.0,0.0,BALANCED,True,True
PHASE4-MPS-20260721170405,ALT-MAINT,SWIP-ALT-MAINT-00113,113,2026-08-14T11:56,LOT-ALT-MAINT-PSC-SKU-BIKE-MT-001-20260706-MT-OP-050-WIP-MT-FINAL-ASSEMBLY-READY,2026-07-31T10:47,FIFO,18.0,18.0,0.0,False,,,PSC-SKU-BIKE-MT-001-20260713,,SKU-BIKE-MT-001,WIP-MT-FINAL-ASSEMBLY-READY,BUF-MT-ASM,MT-OP-050,MT-OP-060,ADVISORY_DRAW_FOR_OPERATION,60.0,0.0,18.0,0.0,42.0,60.0,0.0,BALANCED,True,True
PHASE4-MPS-20260721170405,ALT-MAINT,SWIP-ALT-MAINT-00114,114,2026-08-14T11:56,LOT-ALT-MAINT-PSC-SKU-BIKE-MT-001-20260713-MT-OP-050-WIP-MT-FINAL-ASSEMBLY-READY,2026-08-14T11:56,FIFO,42.0,42.0,0.0,False,,,PSC-SKU-BIKE-MT-001-20260713,,SKU-BIKE-MT-001,WIP-MT-FINAL-ASSEMBLY-READY,BUF-MT-ASM,MT-OP-050,MT-OP-060,ADVISORY_DRAW_FOR_OPERATION,42.0,0.0,42.0,0.0,0.0,60.0,0.0,BALANCED,True,True
PHASE4-MPS-20260721170405,ALT-MAINT,SWIP-ALT-MAINT-00115,115,2026-08-14T11:56,LOT-ALT-MAINT-PSC-SKU-BIKE-ROAD-001-20260706-ROAD-OP-020-WIP-ROAD-WHEEL-SET-READY,2026-07-17T13:08,FIFO,73.9995,53.9995,20.0,False,,,PSC-SKU-BIKE-ROAD-001-20260713,,SKU-BIKE-ROAD-001,WIP-ROAD-WHEEL-SET-READY,BUF-ROAD-WHEEL,ROAD-OP-020,ROAD-OP-040,ADVISORY_DRAW_FOR_OPERATION,120.0,0.0,53.9995,0.0,66.0005,120.0,0.0,BALANCED,True,True
PHASE4-MPS-20260721170405,ALT-MAINT,SWIP-ALT-MAINT-00116,116,2026-08-14T11:56,LOT-ALT-MAINT-PSC-SKU-BIKE-ROAD-001-20260706-ROAD-OP-030-WIP-ROAD-BRAKE-SET-READY,2026-07-16T09:59,FIFO,71.9995,53.9995,18.0,False,,,PSC-SKU-BIKE-ROAD-001-20260713,,SKU-BIKE-ROAD-001,WIP-ROAD-BRAKE-SET-READY,BUF-ROAD-BRAKE,ROAD-OP-030,ROAD-OP-040,ADVISORY_DRAW_FOR_OPERATION,120.0,0.0,53.9995,0.0,66.0005,120.0,0.0,BALANCED,True,True
PHASE4-MPS-20260721170405,ALT-MAINT,SWIP-ALT-MAINT-00117,117,2026-08-14T11:56,LOT-ALT-MAINT-PSC-SKU-BIKE-ROAD-001-20260713-ROAD-OP-010-WIP-ROAD-FRAME-TO-WHEEL,2026-07-17T10:15,FIFO,33.9995,33.9995,0.0,False,,,PSC-SKU-BIKE-ROAD-001-20260720,,SKU-BIKE-ROAD-001,WIP-ROAD-FRAME-TO-WHEEL,BUF-ROAD-FRAME-WHEEL,ROAD-OP-010,ROAD-OP-020,ADVISORY_DRAW_FOR_OPERATION,80.0,0.0,33.9995,0.0,46.0005,80.0,0.0,BALANCED,True,True
PHASE4-MPS-20260721170405,ALT-MAINT,SWIP-ALT-MAINT-00118,118,2026-08-14T11:56,LOT-ALT-MAINT-PSC-SKU-BIKE-ROAD-001-20260720-ROAD-OP-010-WIP-ROAD-FRAME-TO-WHEEL,2026-08-04T14:23,FIFO,46.0005,20.0,26.0005,False,,,PSC-SKU-BIKE-ROAD-001-20260720,,SKU-BIKE-ROAD-001,WIP-ROAD-FRAME-TO-WHEEL,BUF-ROAD-FRAME-WHEEL,ROAD-OP-010,ROAD-OP-020,ADVISORY_DRAW_FOR_OPERATION,46.0005,0.0,20.0,0.0,26.0005,80.0,0.0,BALANCED,True,True
PHASE4-MPS-20260721170405,ALT-MAINT,SWIP-ALT-MAINT-00119,119,2026-08-14T11:56,LOT-ALT-MAINT-PSC-SKU-BIKE-ROAD-001-20260713-ROAD-OP-010-WIP-ROAD-FRAME-TO-BRAKE,2026-07-17T10:15,FIFO,31.9995,31.9995,0.0,False,,,PSC-SKU-BIKE-ROAD-001-20260720,,SKU-BIKE-ROAD-001,WIP-ROAD-FRAME-TO-BRAKE,BUF-ROAD-FRAME-BRAKE,ROAD-OP-010,ROAD-OP-030,ADVISORY_DRAW_FOR_OPERATION,78.0,0.0,31.9995,0.0,46.0005,80.0,0.0,BALANCED,True,True
PHASE4-MPS-20260721170405,ALT-MAINT,SWIP-ALT-MAINT-00120,120,2026-08-14T11:56,LOT-ALT-MAINT-PSC-SKU-BIKE-ROAD-001-20260720-ROAD-OP-010-WIP-ROAD-FRAME-TO-BRAKE,2026-08-04T14:23,FIFO,46.0005,22.0,24.0005,False,,,PSC-SKU-BIKE-ROAD-001-20260720,,SKU-BIKE-ROAD-001,WIP-ROAD-FRAME-TO-BRAKE,BUF-ROAD-FRAME-BRAKE,ROAD-OP-010,ROAD-OP-030,ADVISORY_DRAW_FOR_OPERATION,46.0005,0.0,22.0,0.0,24.0005,80.0,0.0,BALANCED,True,True
PHASE4-MPS-20260721170405,ALT-MAINT,SWIP-ALT-MAINT-00121,121,2026-08-19T09:38,LOT-ALT-MAINT-PSC-SKU-BIKE-ROAD-001-20260720-ROAD-OP-030-WIP-ROAD-BRAKE-SET-READY,2026-08-19T09:38,,0.0,0.0,53.9995,False,,,PSC-SKU-BIKE-ROAD-001-20260720,,SKU-BIKE-ROAD-001,WIP-ROAD-BRAKE-SET-READY,BUF-ROAD-BRAKE,ROAD-OP-030,ROAD-OP-040,ADVISORY_PRODUCTION_TO_BUFFER,66.0005,53.9995,0.0,0.0,120.0,120.0,0.0,BALANCED,True,True
PHASE4-MPS-20260721170405,ALT-MAINT,SWIP-ALT-MAINT-00122,122,2026-08-19T11:23,LOT-ALT-MAINT-PSC-SKU-BIKE-ROAD-001-20260727-ROAD-OP-010-WIP-ROAD-FRAME-TO-WHEEL,2026-08-19T11:23,,0.0,0.0,53.9995,False,,,PSC-SKU-BIKE-ROAD-001-20260727,,SKU-BIKE-ROAD-001,WIP-ROAD-FRAME-TO-WHEEL,BUF-ROAD-FRAME-WHEEL,ROAD-OP-010,ROAD-OP-020,ADVISORY_PRODUCTION_TO_BUFFER,26.0005,53.9995,0.0,0.0,80.0,80.0,0.0,BALANCED,True,True
PHASE4-MPS-20260721170405,ALT-MAINT,SWIP-ALT-MAINT-00123,123,2026-08-19T11:23,LOT-ALT-MAINT-PSC-SKU-BIKE-ROAD-001-20260727-ROAD-OP-010-WIP-ROAD-FRAME-TO-BRAKE,2026-08-19T11:23,,0.0,0.0,53.9995,False,,,PSC-SKU-BIKE-ROAD-001-20260727,,SKU-BIKE-ROAD-001,WIP-ROAD-FRAME-TO-BRAKE,BUF-ROAD-FRAME-BRAKE,ROAD-OP-010,ROAD-OP-030,ADVISORY_PRODUCTION_TO_BUFFER,24.0005,53.9995,0.0,0.0,78.0,80.0,0.0,BALANCED,True,True
PHASE4-MPS-20260721170405,ALT-MAINT,SWIP-ALT-MAINT-00124,124,2026-08-19T12:59,LOT-ALT-MAINT-PSC-SKU-BIKE-MT-001-20260713-MT-OP-060-WIP-MT-QC-PASSED,2026-08-19T12:59,,0.0,0.0,60.0,False,,,PSC-SKU-BIKE-MT-001-20260713,,SKU-BIKE-MT-001,WIP-MT-QC-PASSED,BUF-MT-QC,MT-OP-060,MT-OP-070,ADVISORY_PRODUCTION_TO_BUFFER,0.0,60.0,0.0,0.0,60.0,60.0,0.0,BALANCED,True,True
PHASE4-MPS-20260721170405,ALT-MAINT,SWIP-ALT-MAINT-00125,125,2026-08-19T12:59,LOT-ALT-MAINT-PSC-SKU-BIKE-MT-001-20260713-MT-OP-060-WIP-MT-QC-PASSED,2026-08-19T12:59,FIFO,60.0,60.0,0.0,False,,,PSC-SKU-BIKE-MT-001-20260713,,SKU-BIKE-MT-001,WIP-MT-QC-PASSED,BUF-MT-QC,MT-OP-060,MT-OP-070,ADVISORY_DRAW_FOR_OPERATION,60.0,0.0,60.0,0.0,0.0,60.0,0.0,BALANCED,True,True
PHASE4-MPS-20260721170405,ALT-MAINT,SWIP-ALT-MAINT-00126,126,2026-08-20T09:24,LOT-ALT-MAINT-PSC-SKU-BIKE-ROAD-001-20260720-ROAD-OP-020-WIP-ROAD-WHEEL-SET-READY,2026-08-20T09:24,,0.0,0.0,53.9995,False,,,PSC-SKU-BIKE-ROAD-001-20260720,,SKU-BIKE-ROAD-001,WIP-ROAD-WHEEL-SET-READY,BUF-ROAD-WHEEL,ROAD-OP-020,ROAD-OP-040,ADVISORY_PRODUCTION_TO_BUFFER,66.0005,53.9995,0.0,0.0,120.0,120.0,0.0,BALANCED,True,True
PHASE4-MPS-20260721170405,ALT-MAINT,SWIP-ALT-MAINT-00127,127,2026-08-24T09:35,LOT-ALT-MAINT-PSC-SKU-BIKE-ROAD-001-20260713-ROAD-OP-040-WIP-ROAD-FINAL-ASSEMBLY-READY,2026-08-24T09:35,,0.0,0.0,53.9995,False,,,PSC-SKU-BIKE-ROAD-001-20260713,,SKU-BIKE-ROAD-001,WIP-ROAD-FINAL-ASSEMBLY-READY,BUF-ROAD-ASM,ROAD-OP-040,ROAD-OP-050,ADVISORY_PRODUCTION_TO_BUFFER,6.0005,53.9995,0.0,0.0,60.0,60.0,0.0,BALANCED,True,True
PHASE4-MPS-20260721170405,ALT-MAINT,SWIP-ALT-MAINT-00128,128,2026-08-24T09:35,LOT-ALT-MAINT-PSC-SKU-BIKE-MT-001-20260713-MT-OP-020-WIP-MT-FORK-READY,2026-07-27T13:54,FIFO,51.9482,51.9482,0.0,False,,,PSC-SKU-BIKE-MT-001-20260720,,SKU-BIKE-MT-001,WIP-MT-FORK-READY,BUF-MT-FORK,MT-OP-020,MT-OP-050,ADVISORY_DRAW_FOR_OPERATION,113.0,0.0,51.9482,0.0,61.0518,120.0,0.0,BALANCED,True,True
PHASE4-MPS-20260721170405,ALT-MAINT,SWIP-ALT-MAINT-00129,129,2026-08-24T09:35,LOT-ALT-MAINT-PSC-SKU-BIKE-MT-001-20260720-MT-OP-020-WIP-MT-FORK-READY,2026-08-13T14:46,FIFO,61.0518,8.0518,53.0,False,,,PSC-SKU-BIKE-MT-001-20260720,,SKU-BIKE-MT-001,WIP-MT-FORK-READY,BUF-MT-FORK,MT-OP-020,MT-OP-050,ADVISORY_DRAW_FOR_OPERATION,61.0518,0.0,8.0518,0.0,53.0,120.0,0.0,BALANCED,True,True
PHASE4-MPS-20260721170405,ALT-MAINT,SWIP-ALT-MAINT-00130,130,2026-08-24T09:35,LOT-ALT-MAINT-PSC-SKU-BIKE-MT-001-20260706-MT-OP-030-WIP-MT-WHEEL-SET-READY,2026-07-20T13:08,FIFO,18.0,18.0,0.0,False,,,PSC-SKU-BIKE-MT-001-20260720,,SKU-BIKE-MT-001,WIP-MT-WHEEL-SET-READY,BUF-MT-WHEEL,MT-OP-030,MT-OP-050,ADVISORY_DRAW_FOR_OPERATION,120.0,0.0,18.0,0.0,102.0,120.0,0.0,BALANCED,True,True
PHASE4-MPS-20260721170405,ALT-MAINT,SWIP-ALT-MAINT-00131,131,2026-08-24T09:35,LOT-ALT-MAINT-PSC-SKU-BIKE-MT-001-20260713-MT-OP-030-WIP-MT-WHEEL-SET-READY,2026-07-24T11:58,FIFO,60.0,42.0,18.0,False,,,PSC-SKU-BIKE-MT-001-20260720,,SKU-BIKE-MT-001,WIP-MT-WHEEL-SET-READY,BUF-MT-WHEEL,MT-OP-030,MT-OP-050,ADVISORY_DRAW_FOR_OPERATION,102.0,0.0,42.0,0.0,60.0,120.0,0.0,BALANCED,True,True
PHASE4-MPS-20260721170405,ALT-MAINT,SWIP-ALT-MAINT-00132,132,2026-08-24T09:35,LOT-ALT-MAINT-PSC-SKU-BIKE-MT-001-20260706-MT-OP-040-WIP-MT-BRAKE-SET-READY,2026-07-17T11:00,FIFO,13.9741,13.9741,0.0,False,,,PSC-SKU-BIKE-MT-001-20260720,,SKU-BIKE-MT-001,WIP-MT-BRAKE-SET-READY,BUF-MT-BRAKE,MT-OP-040,MT-OP-050,ADVISORY_DRAW_FOR_OPERATION,120.0,0.0,13.9741,0.0,106.0259,120.0,0.0,BALANCED,True,True
PHASE4-MPS-20260721170405,ALT-MAINT,SWIP-ALT-MAINT-00133,133,2026-08-24T09:35,LOT-ALT-MAINT-PSC-SKU-BIKE-MT-001-20260713-MT-OP-040-WIP-MT-BRAKE-SET-READY,2026-07-23T12:45,FIFO,64.0259,46.0259,18.0,False,,,PSC-SKU-BIKE-MT-001-20260720,,SKU-BIKE-MT-001,WIP-MT-BRAKE-SET-READY,BUF-MT-BRAKE,MT-OP-040,MT-OP-050,ADVISORY_DRAW_FOR_OPERATION,106.0259,0.0,46.0259,0.0,60.0,120.0,0.0,BALANCED,True,True
PHASE4-MPS-20260721170405,ALT-MAINT,SWIP-ALT-MAINT-00134,134,2026-08-24T09:35,LOT-ALT-MAINT-PSC-SKU-BIKE-MT-001-20260727-MT-OP-010-WIP-MT-FRAME-TO-FORK,2026-08-11T14:34,FIFO,42.0,42.0,0.0,False,,,PSC-SKU-BIKE-MT-001-20260727,,SKU-BIKE-MT-001,WIP-MT-FRAME-TO-FORK,BUF-MT-FRAME-FORK,MT-OP-010,MT-OP-020,ADVISORY_DRAW_FOR_OPERATION,42.0,0.0,42.0,0.0,0.0,80.0,0.0,BALANCED,True,True
PHASE4-MPS-20260721170405,ALT-MAINT,SWIP-ALT-MAINT-00135,135,2026-08-24T09:35,LOT-ALT-MAINT-PSC-SKU-BIKE-MT-001-20260720-MT-OP-010-WIP-MT-FRAME-TO-WHEEL,2026-07-23T14:22,FIFO,38.0,38.0,0.0,False,,,PSC-SKU-BIKE-MT-001-20260727,,SKU-BIKE-MT-001,WIP-MT-FRAME-TO-WHEEL,BUF-MT-FRAME-WHEEL,MT-OP-010,MT-OP-030,ADVISORY_DRAW_FOR_OPERATION,80.0,0.0,38.0,0.0,42.0,80.0,0.0,BALANCED,True,True
PHASE4-MPS-20260721170405,ALT-MAINT,SWIP-ALT-MAINT-00136,136,2026-08-24T09:35,LOT-ALT-MAINT-PSC-SKU-BIKE-MT-001-20260727-MT-OP-010-WIP-MT-FRAME-TO-WHEEL,2026-08-11T14:34,FIFO,42.0,22.0,20.0,False,,,PSC-SKU-BIKE-MT-001-20260727,,SKU-BIKE-MT-001,WIP-MT-FRAME-TO-WHEEL,BUF-MT-FRAME-WHEEL,MT-OP-010,MT-OP-030,ADVISORY_DRAW_FOR_OPERATION,42.0,0.0,22.0,0.0,20.0,80.0,0.0,BALANCED,True,True
PHASE4-MPS-20260721170405,ALT-MAINT,SWIP-ALT-MAINT-00137,137,2026-08-24T09:35,LOT-ALT-MAINT-PSC-SKU-BIKE-MT-001-20260720-MT-OP-010-WIP-MT-FRAME-TO-BRAKE,2026-07-23T14:22,FIFO,32.0,32.0,0.0,False,,,PSC-SKU-BIKE-MT-001-20260727,,SKU-BIKE-MT-001,WIP-MT-FRAME-TO-BRAKE,BUF-MT-FRAME-BRAKE,MT-OP-010,MT-OP-040,ADVISORY_DRAW_FOR_OPERATION,74.0,0.0,32.0,0.0,42.0,80.0,0.0,BALANCED,True,True
PHASE4-MPS-20260721170405,ALT-MAINT,SWIP-ALT-MAINT-00138,138,2026-08-24T09:35,LOT-ALT-MAINT-PSC-SKU-BIKE-MT-001-20260727-MT-OP-010-WIP-MT-FRAME-TO-BRAKE,2026-08-11T14:34,FIFO,42.0,28.0,14.0,False,,,PSC-SKU-BIKE-MT-001-20260727,,SKU-BIKE-MT-001,WIP-MT-FRAME-TO-BRAKE,BUF-MT-FRAME-BRAKE,MT-OP-010,MT-OP-040,ADVISORY_DRAW_FOR_OPERATION,42.0,0.0,28.0,0.0,14.0,80.0,0.0,BALANCED,True,True
PHASE4-MPS-20260721170405,ALT-MAINT,SWIP-ALT-MAINT-00139,139,2026-08-24T09:35,LOT-ALT-MAINT-PSC-SKU-BIKE-ROAD-001-20260706-ROAD-OP-040-WIP-ROAD-FINAL-ASSEMBLY-READY,2026-08-07T09:38,FIFO,6.0005,6.0005,0.0,False,,,PSC-SKU-BIKE-ROAD-001-20260713,,SKU-BIKE-ROAD-001,WIP-ROAD-FINAL-ASSEMBLY-READY,BUF-ROAD-ASM,ROAD-OP-040,ROAD-OP-050,ADVISORY_DRAW_FOR_OPERATION,60.0,0.0,6.0005,0.0,53.9995,60.0,0.0,BALANCED,True,True
PHASE4-MPS-20260721170405,ALT-MAINT,SWIP-ALT-MAINT-00140,140,2026-08-24T09:35,LOT-ALT-MAINT-PSC-SKU-BIKE-ROAD-001-20260713-ROAD-OP-040-WIP-ROAD-FINAL-ASSEMBLY-READY,2026-08-24T09:35,FIFO,53.9995,53.9995,0.0,False,,,PSC-SKU-BIKE-ROAD-001-20260713,,SKU-BIKE-ROAD-001,WIP-ROAD-FINAL-ASSEMBLY-READY,BUF-ROAD-ASM,ROAD-OP-040,ROAD-OP-050,ADVISORY_DRAW_FOR_OPERATION,53.9995,0.0,53.9995,0.0,0.0,60.0,0.0,BALANCED,True,True
PHASE4-MPS-20260721170405,ALT-MAINT,SWIP-ALT-MAINT-00141,141,2026-08-26T13:47,LOT-ALT-MAINT-PSC-SKU-BIKE-ROAD-001-20260713-ROAD-OP-050-WIP-ROAD-QC-PASSED,2026-08-26T13:47,,0.0,0.0,60.0,False,,,PSC-SKU-BIKE-ROAD-001-20260713,,SKU-BIKE-ROAD-001,WIP-ROAD-QC-PASSED,BUF-ROAD-QC,ROAD-OP-050,ROAD-OP-060,ADVISORY_PRODUCTION_TO_BUFFER,0.0,60.0,0.0,0.0,60.0,60.0,0.0,BALANCED,True,True
PHASE4-MPS-20260721170405,ALT-MAINT,SWIP-ALT-MAINT-00142,142,2026-08-26T13:47,LOT-ALT-MAINT-PSC-SKU-BIKE-ROAD-001-20260713-ROAD-OP-050-WIP-ROAD-QC-PASSED,2026-08-26T13:47,FIFO,60.0,60.0,0.0,False,,,PSC-SKU-BIKE-ROAD-001-20260713,,SKU-BIKE-ROAD-001,WIP-ROAD-QC-PASSED,BUF-ROAD-QC,ROAD-OP-050,ROAD-OP-060,ADVISORY_DRAW_FOR_OPERATION,60.0,0.0,60.0,0.0,0.0,60.0,0.0,BALANCED,True,True
PHASE4-MPS-20260721170405,ALT-MAINT,SWIP-ALT-MAINT-00143,143,2026-08-27T11:19,LOT-ALT-MAINT-PSC-SKU-BIKE-MT-001-20260727-MT-OP-020-WIP-MT-FORK-READY,2026-08-27T11:19,,0.0,0.0,42.0,False,,,PSC-SKU-BIKE-MT-001-20260727,,SKU-BIKE-MT-001,WIP-MT-FORK-READY,BUF-MT-FORK,MT-OP-020,MT-OP-050,ADVISORY_PRODUCTION_TO_BUFFER,53.0,42.0,0.0,0.0,95.0,120.0,0.0,BALANCED,True,True
PHASE4-MPS-20260721170405,ALT-MAINT,SWIP-ALT-MAINT-00144,144,2026-08-27T13:30,LOT-ALT-MAINT-PSC-SKU-BIKE-MT-001-20260727-MT-OP-040-WIP-MT-BRAKE-SET-READY,2026-08-27T13:30,,0.0,0.0,60.0,False,,,PSC-SKU-BIKE-MT-001-20260727,,SKU-BIKE-MT-001,WIP-MT-BRAKE-SET-READY,BUF-MT-BRAKE,MT-OP-040,MT-OP-050,ADVISORY_PRODUCTION_TO_BUFFER,60.0,60.0,0.0,0.0,120.0,120.0,0.0,BALANCED,True,True
PHASE4-MPS-20260721170405,ALT-MAINT,SWIP-ALT-MAINT-00145,145,2026-08-28T08:13,LOT-ALT-MAINT-PSC-SKU-BIKE-MT-001-20260803-MT-OP-010-WIP-MT-FRAME-TO-FORK,2026-08-28T08:13,,0.0,0.0,60.0,False,,,PSC-SKU-BIKE-MT-001-20260803,,SKU-BIKE-MT-001,WIP-MT-FRAME-TO-FORK,BUF-MT-FRAME-FORK,MT-OP-010,MT-OP-020,ADVISORY_PRODUCTION_TO_BUFFER,0.0,60.0,0.0,0.0,60.0,80.0,0.0,BALANCED,True,True
PHASE4-MPS-20260721170405,ALT-MAINT,SWIP-ALT-MAINT-00146,146,2026-08-28T08:13,LOT-ALT-MAINT-PSC-SKU-BIKE-MT-001-20260803-MT-OP-010-WIP-MT-FRAME-TO-WHEEL,2026-08-28T08:13,,0.0,0.0,60.0,False,,,PSC-SKU-BIKE-MT-001-20260803,,SKU-BIKE-MT-001,WIP-MT-FRAME-TO-WHEEL,BUF-MT-FRAME-WHEEL,MT-OP-010,MT-OP-030,ADVISORY_PRODUCTION_TO_BUFFER,20.0,60.0,0.0,0.0,80.0,80.0,0.0,BALANCED,True,True
PHASE4-MPS-20260721170405,ALT-MAINT,SWIP-ALT-MAINT-00147,147,2026-08-28T08:13,LOT-ALT-MAINT-PSC-SKU-BIKE-MT-001-20260803-MT-OP-010-WIP-MT-FRAME-TO-BRAKE,2026-08-28T08:13,,0.0,0.0,60.0,False,,,PSC-SKU-BIKE-MT-001-20260803,,SKU-BIKE-MT-001,WIP-MT-FRAME-TO-BRAKE,BUF-MT-FRAME-BRAKE,MT-OP-010,MT-OP-040,ADVISORY_PRODUCTION_TO_BUFFER,14.0,60.0,0.0,0.0,74.0,80.0,0.0,BALANCED,True,True
PHASE4-MPS-20260721170405,ALT-MAINT,SWIP-ALT-MAINT-00148,148,2026-08-28T14:26,LOT-ALT-MAINT-PSC-SKU-BIKE-MT-001-20260727-MT-OP-030-WIP-MT-WHEEL-SET-READY,2026-08-28T14:26,,0.0,0.0,60.0,False,,,PSC-SKU-BIKE-MT-001-20260727,,SKU-BIKE-MT-001,WIP-MT-WHEEL-SET-READY,BUF-MT-WHEEL,MT-OP-030,MT-OP-050,ADVISORY_PRODUCTION_TO_BUFFER,60.0,60.0,0.0,0.0,120.0,120.0,0.0,BALANCED,True,True
PHASE4-MPS-20260721170405,ALT-MAINT,SWIP-ALT-MAINT-00149,149,2026-09-02T13:44,LOT-ALT-MAINT-PSC-SKU-BIKE-MT-001-20260720-MT-OP-050-WIP-MT-FINAL-ASSEMBLY-READY,2026-09-02T13:44,,0.0,0.0,60.0,False,,,PSC-SKU-BIKE-MT-001-20260720,,SKU-BIKE-MT-001,WIP-MT-FINAL-ASSEMBLY-READY,BUF-MT-ASM,MT-OP-050,MT-OP-060,ADVISORY_PRODUCTION_TO_BUFFER,0.0,60.0,0.0,0.0,60.0,60.0,0.0,BALANCED,True,True
PHASE4-MPS-20260721170405,ALT-MAINT,SWIP-ALT-MAINT-00150,150,2026-09-02T13:44,LOT-ALT-MAINT-PSC-SKU-BIKE-MT-001-20260720-MT-OP-050-WIP-MT-FINAL-ASSEMBLY-READY,2026-09-02T13:44,FIFO,60.0,60.0,0.0,False,,,PSC-SKU-BIKE-MT-001-20260720,,SKU-BIKE-MT-001,WIP-MT-FINAL-ASSEMBLY-READY,BUF-MT-ASM,MT-OP-050,MT-OP-060,ADVISORY_DRAW_FOR_OPERATION,60.0,0.0,60.0,0.0,0.0,60.0,0.0,BALANCED,True,True
PHASE4-MPS-20260721170405,ALT-MAINT,SWIP-ALT-MAINT-00151,151,2026-09-02T13:44,LOT-ALT-MAINT-PSC-SKU-BIKE-ROAD-001-20260706-ROAD-OP-020-WIP-ROAD-WHEEL-SET-READY,2026-07-17T13:08,FIFO,20.0,20.0,0.0,False,,,PSC-SKU-BIKE-ROAD-001-20260720,,SKU-BIKE-ROAD-001,WIP-ROAD-WHEEL-SET-READY,BUF-ROAD-WHEEL,ROAD-OP-020,ROAD-OP-040,ADVISORY_DRAW_FOR_OPERATION,120.0,0.0,20.0,0.0,100.0,120.0,0.0,BALANCED,True,True
PHASE4-MPS-20260721170405,ALT-MAINT,SWIP-ALT-MAINT-00152,152,2026-09-02T13:44,LOT-ALT-MAINT-PSC-SKU-BIKE-ROAD-001-20260713-ROAD-OP-020-WIP-ROAD-WHEEL-SET-READY,2026-08-05T11:36,FIFO,46.0005,40.0,6.0005,False,,,PSC-SKU-BIKE-ROAD-001-20260720,,SKU-BIKE-ROAD-001,WIP-ROAD-WHEEL-SET-READY,BUF-ROAD-WHEEL,ROAD-OP-020,ROAD-OP-040,ADVISORY_DRAW_FOR_OPERATION,100.0,0.0,40.0,0.0,60.0,120.0,0.0,BALANCED,True,True
PHASE4-MPS-20260721170405,ALT-MAINT,SWIP-ALT-MAINT-00153,153,2026-09-02T13:44,LOT-ALT-MAINT-PSC-SKU-BIKE-ROAD-001-20260706-ROAD-OP-030-WIP-ROAD-BRAKE-SET-READY,2026-07-16T09:59,FIFO,18.0,18.0,0.0,False,,,PSC-SKU-BIKE-ROAD-001-20260720,,SKU-BIKE-ROAD-001,WIP-ROAD-BRAKE-SET-READY,BUF-ROAD-BRAKE,ROAD-OP-030,ROAD-OP-040,ADVISORY_DRAW_FOR_OPERATION,120.0,0.0,18.0,0.0,102.0,120.0,0.0,BALANCED,True,True
PHASE4-MPS-20260721170405,ALT-MAINT,SWIP-ALT-MAINT-00154,154,2026-09-02T13:44,LOT-ALT-MAINT-PSC-SKU-BIKE-ROAD-001-20260713-ROAD-OP-030-WIP-ROAD-BRAKE-SET-READY,2026-08-04T13:35,FIFO,48.0005,42.0,6.0005,False,,,PSC-SKU-BIKE-ROAD-001-20260720,,SKU-BIKE-ROAD-001,WIP-ROAD-BRAKE-SET-READY,BUF-ROAD-BRAKE,ROAD-OP-030,ROAD-OP-040,ADVISORY_DRAW_FOR_OPERATION,102.0,0.0,42.0,0.0,60.0,120.0,0.0,BALANCED,True,True
PHASE4-MPS-20260721170405,ALT-MAINT,SWIP-ALT-MAINT-00155,155,2026-09-02T13:44,LOT-ALT-MAINT-PSC-SKU-BIKE-ROAD-001-20260720-ROAD-OP-010-WIP-ROAD-FRAME-TO-WHEEL,2026-08-04T14:23,FIFO,26.0005,26.0005,0.0,False,,,PSC-SKU-BIKE-ROAD-001-20260727,,SKU-BIKE-ROAD-001,WIP-ROAD-FRAME-TO-WHEEL,BUF-ROAD-FRAME-WHEEL,ROAD-OP-010,ROAD-OP-020,ADVISORY_DRAW_FOR_OPERATION,80.0,0.0,26.0005,0.0,53.9995,80.0,0.0,BALANCED,True,True
PHASE4-MPS-20260721170405,ALT-MAINT,SWIP-ALT-MAINT-00156,156,2026-09-02T13:44,LOT-ALT-MAINT-PSC-SKU-BIKE-ROAD-001-20260727-ROAD-OP-010-WIP-ROAD-FRAME-TO-WHEEL,2026-08-19T11:23,FIFO,53.9995,33.9995,20.0,False,,,PSC-SKU-BIKE-ROAD-001-20260727,,SKU-BIKE-ROAD-001,WIP-ROAD-FRAME-TO-WHEEL,BUF-ROAD-FRAME-WHEEL,ROAD-OP-010,ROAD-OP-020,ADVISORY_DRAW_FOR_OPERATION,53.9995,0.0,33.9995,0.0,20.0,80.0,0.0,BALANCED,True,True
PHASE4-MPS-20260721170405,ALT-MAINT,SWIP-ALT-MAINT-00157,157,2026-09-02T13:44,LOT-ALT-MAINT-PSC-SKU-BIKE-ROAD-001-20260720-ROAD-OP-010-WIP-ROAD-FRAME-TO-BRAKE,2026-08-04T14:23,FIFO,24.0005,24.0005,0.0,False,,,PSC-SKU-BIKE-ROAD-001-20260727,,SKU-BIKE-ROAD-001,WIP-ROAD-FRAME-TO-BRAKE,BUF-ROAD-FRAME-BRAKE,ROAD-OP-010,ROAD-OP-030,ADVISORY_DRAW_FOR_OPERATION,78.0,0.0,24.0005,0.0,53.9995,80.0,0.0,BALANCED,True,True
PHASE4-MPS-20260721170405,ALT-MAINT,SWIP-ALT-MAINT-00158,158,2026-09-02T13:44,LOT-ALT-MAINT-PSC-SKU-BIKE-ROAD-001-20260727-ROAD-OP-010-WIP-ROAD-FRAME-TO-BRAKE,2026-08-19T11:23,FIFO,53.9995,35.9995,18.0,False,,,PSC-SKU-BIKE-ROAD-001-20260727,,SKU-BIKE-ROAD-001,WIP-ROAD-FRAME-TO-BRAKE,BUF-ROAD-FRAME-BRAKE,ROAD-OP-010,ROAD-OP-030,ADVISORY_DRAW_FOR_OPERATION,53.9995,0.0,35.9995,0.0,18.0,80.0,0.0,BALANCED,True,True
PHASE4-MPS-20260721170405,ALT-MAINT,SWIP-ALT-MAINT-00159,159,2026-09-07T13:35,LOT-ALT-MAINT-PSC-SKU-BIKE-ROAD-001-20260727-ROAD-OP-030-WIP-ROAD-BRAKE-SET-READY,2026-09-07T13:35,,0.0,0.0,60.0,False,,,PSC-SKU-BIKE-ROAD-001-20260727,,SKU-BIKE-ROAD-001,WIP-ROAD-BRAKE-SET-READY,BUF-ROAD-BRAKE,ROAD-OP-030,ROAD-OP-040,ADVISORY_PRODUCTION_TO_BUFFER,60.0,60.0,0.0,0.0,120.0,120.0,0.0,BALANCED,True,True
PHASE4-MPS-20260721170405,ALT-MAINT,SWIP-ALT-MAINT-00160,160,2026-09-07T14:47,LOT-ALT-MAINT-PSC-SKU-BIKE-MT-001-20260720-MT-OP-060-WIP-MT-QC-PASSED,2026-09-07T14:47,,0.0,0.0,60.0,False,,,PSC-SKU-BIKE-MT-001-20260720,,SKU-BIKE-MT-001,WIP-MT-QC-PASSED,BUF-MT-QC,MT-OP-060,MT-OP-070,ADVISORY_PRODUCTION_TO_BUFFER,0.0,60.0,0.0,0.0,60.0,60.0,0.0,BALANCED,True,True
PHASE4-MPS-20260721170405,ALT-MAINT,SWIP-ALT-MAINT-00161,161,2026-09-07T14:47,LOT-ALT-MAINT-PSC-SKU-BIKE-MT-001-20260720-MT-OP-060-WIP-MT-QC-PASSED,2026-09-07T14:47,FIFO,60.0,60.0,0.0,False,,,PSC-SKU-BIKE-MT-001-20260720,,SKU-BIKE-MT-001,WIP-MT-QC-PASSED,BUF-MT-QC,MT-OP-060,MT-OP-070,ADVISORY_DRAW_FOR_OPERATION,60.0,0.0,60.0,0.0,0.0,60.0,0.0,BALANCED,True,True
PHASE4-MPS-20260721170405,ALT-MAINT,SWIP-ALT-MAINT-00162,162,2026-09-07T15:12,LOT-ALT-MAINT-PSC-SKU-BIKE-ROAD-001-20260817-ROAD-OP-010-WIP-ROAD-FRAME-TO-WHEEL,2026-09-07T15:12,,0.0,0.0,60.0,False,,,PSC-SKU-BIKE-ROAD-001-20260817,,SKU-BIKE-ROAD-001,WIP-ROAD-FRAME-TO-WHEEL,BUF-ROAD-FRAME-WHEEL,ROAD-OP-010,ROAD-OP-020,ADVISORY_PRODUCTION_TO_BUFFER,20.0,60.0,0.0,0.0,80.0,80.0,0.0,BALANCED,True,True
PHASE4-MPS-20260721170405,ALT-MAINT,SWIP-ALT-MAINT-00163,163,2026-09-07T15:12,LOT-ALT-MAINT-PSC-SKU-BIKE-ROAD-001-20260817-ROAD-OP-010-WIP-ROAD-FRAME-TO-BRAKE,2026-09-07T15:12,,0.0,0.0,60.0,False,,,PSC-SKU-BIKE-ROAD-001-20260817,,SKU-BIKE-ROAD-001,WIP-ROAD-FRAME-TO-BRAKE,BUF-ROAD-FRAME-BRAKE,ROAD-OP-010,ROAD-OP-030,ADVISORY_PRODUCTION_TO_BUFFER,18.0,60.0,0.0,0.0,78.0,80.0,0.0,BALANCED,True,True
PHASE4-MPS-20260721170405,ALT-MAINT,SWIP-ALT-MAINT-00164,164,2026-09-08T08:15,LOT-ALT-MAINT-PSC-SKU-BIKE-ROAD-001-20260803-ROAD-OP-010-WIP-ROAD-FRAME-TO-WHEEL,2026-09-08T08:15,,0.0,0.0,0.0,False,,,PSC-SKU-BIKE-ROAD-001-20260803,,SKU-BIKE-ROAD-001,WIP-ROAD-FRAME-TO-WHEEL,BUF-ROAD-FRAME-WHEEL,ROAD-OP-010,ROAD-OP-020,ADVISORY_PRODUCTION_TO_BUFFER,80.0,60.0,0.0,60.0,80.0,80.0,0.0,BALANCED,True,True
PHASE4-MPS-20260721170405,ALT-MAINT,SWIP-ALT-MAINT-00165,165,2026-09-08T08:15,LOT-ALT-MAINT-PSC-SKU-BIKE-ROAD-001-20260803-ROAD-OP-010-WIP-ROAD-FRAME-TO-BRAKE,2026-09-08T08:15,,0.0,0.0,2.0,False,,,PSC-SKU-BIKE-ROAD-001-20260803,,SKU-BIKE-ROAD-001,WIP-ROAD-FRAME-TO-BRAKE,BUF-ROAD-FRAME-BRAKE,ROAD-OP-010,ROAD-OP-030,ADVISORY_PRODUCTION_TO_BUFFER,78.0,60.0,0.0,58.0,80.0,80.0,0.0,BALANCED,True,True
PHASE4-MPS-20260721170405,ALT-MAINT,SWIP-ALT-MAINT-00166,166,2026-09-08T14:07,LOT-ALT-MAINT-PSC-SKU-BIKE-ROAD-001-20260727-ROAD-OP-020-WIP-ROAD-WHEEL-SET-READY,2026-09-08T14:07,,0.0,0.0,60.0,False,,,PSC-SKU-BIKE-ROAD-001-20260727,,SKU-BIKE-ROAD-001,WIP-ROAD-WHEEL-SET-READY,BUF-ROAD-WHEEL,ROAD-OP-020,ROAD-OP-040,ADVISORY_PRODUCTION_TO_BUFFER,60.0,60.0,0.0,0.0,120.0,120.0,0.0,BALANCED,True,True
PHASE4-MPS-20260721170405,ALT-MAINT,SWIP-ALT-MAINT-00167,167,2026-09-11T08:39,LOT-ALT-MAINT-PSC-SKU-BIKE-ROAD-001-20260720-ROAD-OP-040-WIP-ROAD-FINAL-ASSEMBLY-READY,2026-09-11T08:39,,0.0,0.0,60.0,False,,,PSC-SKU-BIKE-ROAD-001-20260720,,SKU-BIKE-ROAD-001,WIP-ROAD-FINAL-ASSEMBLY-READY,BUF-ROAD-ASM,ROAD-OP-040,ROAD-OP-050,ADVISORY_PRODUCTION_TO_BUFFER,0.0,60.0,0.0,0.0,60.0,60.0,0.0,BALANCED,True,True
PHASE4-MPS-20260721170405,ALT-MAINT,SWIP-ALT-MAINT-00168,168,2026-09-11T08:39,LOT-ALT-MAINT-PSC-SKU-BIKE-MT-001-20260720-MT-OP-020-WIP-MT-FORK-READY,2026-08-13T14:46,FIFO,53.0,53.0,0.0,False,,,PSC-SKU-BIKE-MT-001-20260727,,SKU-BIKE-MT-001,WIP-MT-FORK-READY,BUF-MT-FORK,MT-OP-020,MT-OP-050,ADVISORY_DRAW_FOR_OPERATION,95.0,0.0,53.0,0.0,42.0,120.0,0.0,BALANCED,True,True
PHASE4-MPS-20260721170405,ALT-MAINT,SWIP-ALT-MAINT-00169,169,2026-09-11T08:39,LOT-ALT-MAINT-PSC-SKU-BIKE-MT-001-20260727-MT-OP-020-WIP-MT-FORK-READY,2026-08-27T11:19,FIFO,42.0,7.0,35.0,False,,,PSC-SKU-BIKE-MT-001-20260727,,SKU-BIKE-MT-001,WIP-MT-FORK-READY,BUF-MT-FORK,MT-OP-020,MT-OP-050,ADVISORY_DRAW_FOR_OPERATION,42.0,0.0,7.0,0.0,35.0,120.0,0.0,BALANCED,True,True
PHASE4-MPS-20260721170405,ALT-MAINT,SWIP-ALT-MAINT-00170,170,2026-09-11T08:39,LOT-ALT-MAINT-PSC-SKU-BIKE-MT-001-20260713-MT-OP-030-WIP-MT-WHEEL-SET-READY,2026-07-24T11:58,FIFO,18.0,18.0,0.0,False,,,PSC-SKU-BIKE-MT-001-20260727,,SKU-BIKE-MT-001,WIP-MT-WHEEL-SET-READY,BUF-MT-WHEEL,MT-OP-030,MT-OP-050,ADVISORY_DRAW_FOR_OPERATION,120.0,0.0,18.0,0.0,102.0,120.0,0.0,BALANCED,True,True
PHASE4-MPS-20260721170405,ALT-MAINT,SWIP-ALT-MAINT-00171,171,2026-09-11T08:39,LOT-ALT-MAINT-PSC-SKU-BIKE-MT-001-20260720-MT-OP-030-WIP-MT-WHEEL-SET-READY,2026-08-12T11:38,FIFO,42.0,42.0,0.0,False,,,PSC-SKU-BIKE-MT-001-20260727,,SKU-BIKE-MT-001,WIP-MT-WHEEL-SET-READY,BUF-MT-WHEEL,MT-OP-030,MT-OP-050,ADVISORY_DRAW_FOR_OPERATION,102.0,0.0,42.0,0.0,60.0,120.0,0.0,BALANCED,True,True
PHASE4-MPS-20260721170405,ALT-MAINT,SWIP-ALT-MAINT-00172,172,2026-09-11T08:39,LOT-ALT-MAINT-PSC-SKU-BIKE-MT-001-20260713-MT-OP-040-WIP-MT-BRAKE-SET-READY,2026-07-23T12:45,FIFO,18.0,18.0,0.0,False,,,PSC-SKU-BIKE-MT-001-20260727,,SKU-BIKE-MT-001,WIP-MT-BRAKE-SET-READY,BUF-MT-BRAKE,MT-OP-040,MT-OP-050,ADVISORY_DRAW_FOR_OPERATION,120.0,0.0,18.0,0.0,102.0,120.0,0.0,BALANCED,True,True
PHASE4-MPS-20260721170405,ALT-MAINT,SWIP-ALT-MAINT-00173,173,2026-09-11T08:39,LOT-ALT-MAINT-PSC-SKU-BIKE-MT-001-20260720-MT-OP-040-WIP-MT-BRAKE-SET-READY,2026-08-11T13:10,FIFO,42.0,42.0,0.0,False,,,PSC-SKU-BIKE-MT-001-20260727,,SKU-BIKE-MT-001,WIP-MT-BRAKE-SET-READY,BUF-MT-BRAKE,MT-OP-040,MT-OP-050,ADVISORY_DRAW_FOR_OPERATION,102.0,0.0,42.0,0.0,60.0,120.0,0.0,BALANCED,True,True
PHASE4-MPS-20260721170405,ALT-MAINT,SWIP-ALT-MAINT-00174,174,2026-09-11T08:39,LOT-ALT-MAINT-PSC-SKU-BIKE-MT-001-20260803-MT-OP-010-WIP-MT-FRAME-TO-FORK,2026-08-28T08:13,FIFO,60.0,60.0,0.0,False,,,PSC-SKU-BIKE-MT-001-20260803,,SKU-BIKE-MT-001,WIP-MT-FRAME-TO-FORK,BUF-MT-FRAME-FORK,MT-OP-010,MT-OP-020,ADVISORY_DRAW_FOR_OPERATION,60.0,0.0,60.0,0.0,0.0,80.0,0.0,BALANCED,True,True
PHASE4-MPS-20260721170405,ALT-MAINT,SWIP-ALT-MAINT-00175,175,2026-09-11T08:39,LOT-ALT-MAINT-PSC-SKU-BIKE-MT-001-20260727-MT-OP-010-WIP-MT-FRAME-TO-WHEEL,2026-08-11T14:34,FIFO,20.0,20.0,0.0,False,,,PSC-SKU-BIKE-MT-001-20260803,,SKU-BIKE-MT-001,WIP-MT-FRAME-TO-WHEEL,BUF-MT-FRAME-WHEEL,MT-OP-010,MT-OP-030,ADVISORY_DRAW_FOR_OPERATION,80.0,0.0,20.0,0.0,60.0,80.0,0.0,BALANCED,True,True
PHASE4-MPS-20260721170405,ALT-MAINT,SWIP-ALT-MAINT-00176,176,2026-09-11T08:39,LOT-ALT-MAINT-PSC-SKU-BIKE-MT-001-20260803-MT-OP-010-WIP-MT-FRAME-TO-WHEEL,2026-08-28T08:13,FIFO,60.0,40.0,20.0,False,,,PSC-SKU-BIKE-MT-001-20260803,,SKU-BIKE-MT-001,WIP-MT-FRAME-TO-WHEEL,BUF-MT-FRAME-WHEEL,MT-OP-010,MT-OP-030,ADVISORY_DRAW_FOR_OPERATION,60.0,0.0,40.0,0.0,20.0,80.0,0.0,BALANCED,True,True
PHASE4-MPS-20260721170405,ALT-MAINT,SWIP-ALT-MAINT-00177,177,2026-09-11T08:39,LOT-ALT-MAINT-PSC-SKU-BIKE-MT-001-20260727-MT-OP-010-WIP-MT-FRAME-TO-BRAKE,2026-08-11T14:34,FIFO,14.0,14.0,0.0,False,,,PSC-SKU-BIKE-MT-001-20260803,,SKU-BIKE-MT-001,WIP-MT-FRAME-TO-BRAKE,BUF-MT-FRAME-BRAKE,MT-OP-010,MT-OP-040,ADVISORY_DRAW_FOR_OPERATION,74.0,0.0,14.0,0.0,60.0,80.0,0.0,BALANCED,True,True
PHASE4-MPS-20260721170405,ALT-MAINT,SWIP-ALT-MAINT-00178,178,2026-09-11T08:39,LOT-ALT-MAINT-PSC-SKU-BIKE-MT-001-20260803-MT-OP-010-WIP-MT-FRAME-TO-BRAKE,2026-08-28T08:13,FIFO,60.0,46.0,14.0,False,,,PSC-SKU-BIKE-MT-001-20260803,,SKU-BIKE-MT-001,WIP-MT-FRAME-TO-BRAKE,BUF-MT-FRAME-BRAKE,MT-OP-010,MT-OP-040,ADVISORY_DRAW_FOR_OPERATION,60.0,0.0,46.0,0.0,14.0,80.0,0.0,BALANCED,True,True
PHASE4-MPS-20260721170405,ALT-MAINT,SWIP-ALT-MAINT-00179,179,2026-09-11T08:39,LOT-ALT-MAINT-PSC-SKU-BIKE-ROAD-001-20260720-ROAD-OP-040-WIP-ROAD-FINAL-ASSEMBLY-READY,2026-09-11T08:39,FIFO,60.0,60.0,0.0,False,,,PSC-SKU-BIKE-ROAD-001-20260720,,SKU-BIKE-ROAD-001,WIP-ROAD-FINAL-ASSEMBLY-READY,BUF-ROAD-ASM,ROAD-OP-040,ROAD-OP-050,ADVISORY_DRAW_FOR_OPERATION,60.0,0.0,60.0,0.0,0.0,60.0,0.0,BALANCED,True,True
PHASE4-MPS-20260721170405,ALT-MAINT,SWIP-ALT-MAINT-00180,180,2026-09-14T12:53,LOT-ALT-MAINT-PSC-SKU-BIKE-MT-001-20260907-MT-OP-010-WIP-MT-FRAME-TO-FORK,2026-09-14T12:53,,0.0,0.0,24.5212,False,,,PSC-SKU-BIKE-MT-001-20260907,,SKU-BIKE-MT-001,WIP-MT-FRAME-TO-FORK,BUF-MT-FRAME-FORK,MT-OP-010,MT-OP-020,ADVISORY_PRODUCTION_TO_BUFFER,0.0,24.5212,0.0,0.0,24.5212,80.0,0.0,BALANCED,True,True
PHASE4-MPS-20260721170405,ALT-MAINT,SWIP-ALT-MAINT-00181,181,2026-09-14T12:53,LOT-ALT-MAINT-PSC-SKU-BIKE-MT-001-20260907-MT-OP-010-WIP-MT-FRAME-TO-WHEEL,2026-09-14T12:53,,0.0,0.0,24.5212,False,,,PSC-SKU-BIKE-MT-001-20260907,,SKU-BIKE-MT-001,WIP-MT-FRAME-TO-WHEEL,BUF-MT-FRAME-WHEEL,MT-OP-010,MT-OP-030,ADVISORY_PRODUCTION_TO_BUFFER,20.0,24.5212,0.0,0.0,44.5212,80.0,0.0,BALANCED,True,True
PHASE4-MPS-20260721170405,ALT-MAINT,SWIP-ALT-MAINT-00182,182,2026-09-14T12:53,LOT-ALT-MAINT-PSC-SKU-BIKE-MT-001-20260907-MT-OP-010-WIP-MT-FRAME-TO-BRAKE,2026-09-14T12:53,,0.0,0.0,24.5212,False,,,PSC-SKU-BIKE-MT-001-20260907,,SKU-BIKE-MT-001,WIP-MT-FRAME-TO-BRAKE,BUF-MT-FRAME-BRAKE,MT-OP-010,MT-OP-040,ADVISORY_PRODUCTION_TO_BUFFER,14.0,24.5212,0.0,0.0,38.5212,80.0,0.0,BALANCED,True,True
PHASE4-MPS-20260721170405,ALT-MAINT,SWIP-ALT-MAINT-00183,183,2026-09-14T12:53,LOT-ALT-MAINT-PSC-SKU-BIKE-MT-001-20260907-MT-OP-010-WIP-MT-FRAME-TO-FORK,2026-09-14T12:53,FIFO,24.5212,10.9963,13.5249,False,,,PSC-SKU-BIKE-MT-001-20260928,,SKU-BIKE-MT-001,WIP-MT-FRAME-TO-FORK,BUF-MT-FRAME-FORK,MT-OP-010,MT-OP-020,ADVISORY_DRAW_FOR_OPERATION,24.5212,0.0,10.9963,0.0,13.5249,80.0,0.0,BALANCED,True,True
PHASE4-MPS-20260721170405,ALT-MAINT,SWIP-ALT-MAINT-00184,184,2026-09-14T12:53,LOT-ALT-MAINT-PSC-SKU-BIKE-MT-001-20260803-MT-OP-010-WIP-MT-FRAME-TO-WHEEL,2026-08-28T08:13,FIFO,20.0,10.9963,9.0037,False,,,PSC-SKU-BIKE-MT-001-20260928,,SKU-BIKE-MT-001,WIP-MT-FRAME-TO-WHEEL,BUF-MT-FRAME-WHEEL,MT-OP-010,MT-OP-030,ADVISORY_DRAW_FOR_OPERATION,44.5212,0.0,10.9963,0.0,33.5249,80.0,0.0,BALANCED,True,True
PHASE4-MPS-20260721170405,ALT-MAINT,SWIP-ALT-MAINT-00185,185,2026-09-14T12:53,LOT-ALT-MAINT-PSC-SKU-BIKE-MT-001-20260803-MT-OP-010-WIP-MT-FRAME-TO-BRAKE,2026-08-28T08:13,FIFO,14.0,10.9963,3.0037,False,,,PSC-SKU-BIKE-MT-001-20260928,,SKU-BIKE-MT-001,WIP-MT-FRAME-TO-BRAKE,BUF-MT-FRAME-BRAKE,MT-OP-010,MT-OP-040,ADVISORY_DRAW_FOR_OPERATION,38.5212,0.0,10.9963,0.0,27.5249,80.0,0.0,BALANCED,True,True
PHASE4-MPS-20260721170405,ALT-MAINT,SWIP-ALT-MAINT-00186,186,2026-09-15T10:18,LOT-ALT-MAINT-PSC-SKU-BIKE-MT-001-20260928-MT-OP-040-WIP-MT-BRAKE-SET-READY,2026-09-15T10:18,,0.0,0.0,10.9963,False,,,PSC-SKU-BIKE-MT-001-20260928,,SKU-BIKE-MT-001,WIP-MT-BRAKE-SET-READY,BUF-MT-BRAKE,MT-OP-040,MT-OP-050,ADVISORY_PRODUCTION_TO_BUFFER,60.0,10.9963,0.0,0.0,70.9963,120.0,0.0,BALANCED,True,True
PHASE4-MPS-20260721170405,ALT-MAINT,SWIP-ALT-MAINT-00187,187,2026-09-15T11:47,LOT-ALT-MAINT-PSC-SKU-BIKE-MT-001-20260928-MT-OP-020-WIP-MT-FORK-READY,2026-09-15T11:47,,0.0,0.0,10.9963,False,,,PSC-SKU-BIKE-MT-001-20260928,,SKU-BIKE-MT-001,WIP-MT-FORK-READY,BUF-MT-FORK,MT-OP-020,MT-OP-050,ADVISORY_PRODUCTION_TO_BUFFER,35.0,10.9963,0.0,0.0,45.9963,120.0,0.0,BALANCED,True,True
PHASE4-MPS-20260721170405,ALT-MAINT,SWIP-ALT-MAINT-00188,188,2026-09-15T11:48,LOT-ALT-MAINT-PSC-SKU-BIKE-MT-001-20260928-MT-OP-030-WIP-MT-WHEEL-SET-READY,2026-09-15T11:48,,0.0,0.0,10.9963,False,,,PSC-SKU-BIKE-MT-001-20260928,,SKU-BIKE-MT-001,WIP-MT-WHEEL-SET-READY,BUF-MT-WHEEL,MT-OP-030,MT-OP-050,ADVISORY_PRODUCTION_TO_BUFFER,60.0,10.9963,0.0,0.0,70.9963,120.0,0.0,BALANCED,True,True
PHASE4-MPS-20260721170405,ALT-MAINT,SWIP-ALT-MAINT-00189,189,2026-09-15T12:51,LOT-ALT-MAINT-PSC-SKU-BIKE-ROAD-001-20260720-ROAD-OP-050-WIP-ROAD-QC-PASSED,2026-09-15T12:51,,0.0,0.0,60.0,False,,,PSC-SKU-BIKE-ROAD-001-20260720,,SKU-BIKE-ROAD-001,WIP-ROAD-QC-PASSED,BUF-ROAD-QC,ROAD-OP-050,ROAD-OP-060,ADVISORY_PRODUCTION_TO_BUFFER,0.0,60.0,0.0,0.0,60.0,60.0,0.0,BALANCED,True,True
PHASE4-MPS-20260721170405,ALT-MAINT,SWIP-ALT-MAINT-00190,190,2026-09-15T12:51,LOT-ALT-MAINT-PSC-SKU-BIKE-ROAD-001-20260720-ROAD-OP-050-WIP-ROAD-QC-PASSED,2026-09-15T12:51,FIFO,60.0,60.0,0.0,False,,,PSC-SKU-BIKE-ROAD-001-20260720,,SKU-BIKE-ROAD-001,WIP-ROAD-QC-PASSED,BUF-ROAD-QC,ROAD-OP-050,ROAD-OP-060,ADVISORY_DRAW_FOR_OPERATION,60.0,0.0,60.0,0.0,0.0,60.0,0.0,BALANCED,True,True
PHASE4-MPS-20260721170405,ALT-MAINT,SWIP-ALT-MAINT-00191,191,2026-09-16T09:33,LOT-ALT-MAINT-PSC-SKU-BIKE-MT-001-20260914-MT-OP-010-WIP-MT-FRAME-TO-FORK,2026-09-16T09:33,,0.0,0.0,24.5212,False,,,PSC-SKU-BIKE-MT-001-20260914,,SKU-BIKE-MT-001,WIP-MT-FRAME-TO-FORK,BUF-MT-FRAME-FORK,MT-OP-010,MT-OP-020,ADVISORY_PRODUCTION_TO_BUFFER,13.5249,24.5212,0.0,0.0,38.0461,80.0,0.0,BALANCED,True,True
PHASE4-MPS-20260721170405,ALT-MAINT,SWIP-ALT-MAINT-00192,192,2026-09-16T09:33,LOT-ALT-MAINT-PSC-SKU-BIKE-MT-001-20260914-MT-OP-010-WIP-MT-FRAME-TO-WHEEL,2026-09-16T09:33,,0.0,0.0,24.5212,False,,,PSC-SKU-BIKE-MT-001-20260914,,SKU-BIKE-MT-001,WIP-MT-FRAME-TO-WHEEL,BUF-MT-FRAME-WHEEL,MT-OP-010,MT-OP-030,ADVISORY_PRODUCTION_TO_BUFFER,33.5249,24.5212,0.0,0.0,58.0461,80.0,0.0,BALANCED,True,True
PHASE4-MPS-20260721170405,ALT-MAINT,SWIP-ALT-MAINT-00193,193,2026-09-16T09:33,LOT-ALT-MAINT-PSC-SKU-BIKE-MT-001-20260914-MT-OP-010-WIP-MT-FRAME-TO-BRAKE,2026-09-16T09:33,,0.0,0.0,24.5212,False,,,PSC-SKU-BIKE-MT-001-20260914,,SKU-BIKE-MT-001,WIP-MT-FRAME-TO-BRAKE,BUF-MT-FRAME-BRAKE,MT-OP-010,MT-OP-040,ADVISORY_PRODUCTION_TO_BUFFER,27.5249,24.5212,0.0,0.0,52.0461,80.0,0.0,BALANCED,True,True
PHASE4-MPS-20260721170405,ALT-MAINT,SWIP-ALT-MAINT-00194,194,2026-09-16T12:35,LOT-ALT-MAINT-PSC-SKU-BIKE-MT-001-20260803-MT-OP-040-WIP-MT-BRAKE-SET-READY,2026-09-16T12:35,,0.0,0.0,49.0037,False,,,PSC-SKU-BIKE-MT-001-20260803,,SKU-BIKE-MT-001,WIP-MT-BRAKE-SET-READY,BUF-MT-BRAKE,MT-OP-040,MT-OP-050,ADVISORY_PRODUCTION_TO_BUFFER,70.9963,60.0,0.0,10.9963,120.0,120.0,0.0,BALANCED,True,True
PHASE4-MPS-20260721170405,ALT-MAINT,SWIP-ALT-MAINT-00195,195,2026-09-16T14:33,LOT-ALT-MAINT-PSC-SKU-BIKE-MT-001-20260810-MT-OP-010-WIP-MT-FRAME-TO-FORK,2026-09-16T14:33,,0.0,0.0,41.9539,False,,,PSC-SKU-BIKE-MT-001-20260810,,SKU-BIKE-MT-001,WIP-MT-FRAME-TO-FORK,BUF-MT-FRAME-FORK,MT-OP-010,MT-OP-020,ADVISORY_PRODUCTION_TO_BUFFER,38.0461,60.0,0.0,18.0461,80.0,80.0,0.0,BALANCED,True,True
PHASE4-MPS-20260721170405,ALT-MAINT,SWIP-ALT-MAINT-00196,196,2026-09-16T14:33,LOT-ALT-MAINT-PSC-SKU-BIKE-MT-001-20260810-MT-OP-010-WIP-MT-FRAME-TO-WHEEL,2026-09-16T14:33,,0.0,0.0,21.9539,False,,,PSC-SKU-BIKE-MT-001-20260810,,SKU-BIKE-MT-001,WIP-MT-FRAME-TO-WHEEL,BUF-MT-FRAME-WHEEL,MT-OP-010,MT-OP-030,ADVISORY_PRODUCTION_TO_BUFFER,58.0461,60.0,0.0,38.0461,80.0,80.0,0.0,BALANCED,True,True
PHASE4-MPS-20260721170405,ALT-MAINT,SWIP-ALT-MAINT-00197,197,2026-09-16T14:33,LOT-ALT-MAINT-PSC-SKU-BIKE-MT-001-20260810-MT-OP-010-WIP-MT-FRAME-TO-BRAKE,2026-09-16T14:33,,0.0,0.0,27.9539,False,,,PSC-SKU-BIKE-MT-001-20260810,,SKU-BIKE-MT-001,WIP-MT-FRAME-TO-BRAKE,BUF-MT-FRAME-BRAKE,MT-OP-010,MT-OP-040,ADVISORY_PRODUCTION_TO_BUFFER,52.0461,60.0,0.0,32.0461,80.0,80.0,0.0,BALANCED,True,True
PHASE4-MPS-20260721170405,ALT-MAINT,SWIP-ALT-MAINT-00198,198,2026-09-17T13:12,LOT-ALT-MAINT-PSC-SKU-BIKE-MT-001-20260803-MT-OP-020-WIP-MT-FORK-READY,2026-09-17T13:12,,0.0,0.0,60.0,False,,,PSC-SKU-BIKE-MT-001-20260803,,SKU-BIKE-MT-001,WIP-MT-FORK-READY,BUF-MT-FORK,MT-OP-020,MT-OP-050,ADVISORY_PRODUCTION_TO_BUFFER,45.9963,60.0,0.0,0.0,105.9963,120.0,0.0,BALANCED,True,True
PHASE4-MPS-20260721170405,ALT-MAINT,SWIP-ALT-MAINT-00199,199,2026-09-17T13:30,LOT-ALT-MAINT-PSC-SKU-BIKE-MT-001-20260803-MT-OP-030-WIP-MT-WHEEL-SET-READY,2026-09-17T13:30,,0.0,0.0,49.0037,False,,,PSC-SKU-BIKE-MT-001-20260803,,SKU-BIKE-MT-001,WIP-MT-WHEEL-SET-READY,BUF-MT-WHEEL,MT-OP-030,MT-OP-050,ADVISORY_PRODUCTION_TO_BUFFER,70.9963,60.0,0.0,10.9963,120.0,120.0,0.0,BALANCED,True,True
PHASE4-MPS-20260721170405,ALT-MAINT,SWIP-ALT-MAINT-00200,200,2026-09-22T12:49,LOT-ALT-MAINT-PSC-SKU-BIKE-MT-001-20260727-MT-OP-050-WIP-MT-FINAL-ASSEMBLY-READY,2026-09-22T12:49,,0.0,0.0,60.0,False,,,PSC-SKU-BIKE-MT-001-20260727,,SKU-BIKE-MT-001,WIP-MT-FINAL-ASSEMBLY-READY,BUF-MT-ASM,MT-OP-050,MT-OP-060,ADVISORY_PRODUCTION_TO_BUFFER,0.0,60.0,0.0,0.0,60.0,60.0,0.0,BALANCED,True,True
PHASE4-MPS-20260721170405,ALT-MAINT,SWIP-ALT-MAINT-00201,201,2026-09-22T12:49,LOT-ALT-MAINT-PSC-SKU-BIKE-MT-001-20260727-MT-OP-050-WIP-MT-FINAL-ASSEMBLY-READY,2026-09-22T12:49,FIFO,60.0,60.0,0.0,False,,,PSC-SKU-BIKE-MT-001-20260727,,SKU-BIKE-MT-001,WIP-MT-FINAL-ASSEMBLY-READY,BUF-MT-ASM,MT-OP-050,MT-OP-060,ADVISORY_DRAW_FOR_OPERATION,60.0,0.0,60.0,0.0,0.0,60.0,0.0,BALANCED,True,True
PHASE4-MPS-20260721170405,ALT-MAINT,SWIP-ALT-MAINT-00202,202,2026-09-22T12:49,LOT-ALT-MAINT-PSC-SKU-BIKE-ROAD-001-20260713-ROAD-OP-020-WIP-ROAD-WHEEL-SET-READY,2026-08-05T11:36,FIFO,6.0005,6.0005,0.0,False,,,PSC-SKU-BIKE-ROAD-001-20260727,,SKU-BIKE-ROAD-001,WIP-ROAD-WHEEL-SET-READY,BUF-ROAD-WHEEL,ROAD-OP-020,ROAD-OP-040,ADVISORY_DRAW_FOR_OPERATION,120.0,0.0,6.0005,0.0,113.9995,120.0,0.0,BALANCED,True,True
PHASE4-MPS-20260721170405,ALT-MAINT,SWIP-ALT-MAINT-00203,203,2026-09-22T12:49,LOT-ALT-MAINT-PSC-SKU-BIKE-ROAD-001-20260720-ROAD-OP-020-WIP-ROAD-WHEEL-SET-READY,2026-08-20T09:24,FIFO,53.9995,53.9995,0.0,False,,,PSC-SKU-BIKE-ROAD-001-20260727,,SKU-BIKE-ROAD-001,WIP-ROAD-WHEEL-SET-READY,BUF-ROAD-WHEEL,ROAD-OP-020,ROAD-OP-040,ADVISORY_DRAW_FOR_OPERATION,113.9995,0.0,53.9995,0.0,60.0,120.0,0.0,BALANCED,True,True
PHASE4-MPS-20260721170405,ALT-MAINT,SWIP-ALT-MAINT-00204,204,2026-09-22T12:49,LOT-ALT-MAINT-PSC-SKU-BIKE-ROAD-001-20260713-ROAD-OP-030-WIP-ROAD-BRAKE-SET-READY,2026-08-04T13:35,FIFO,6.0005,6.0005,0.0,False,,,PSC-SKU-BIKE-ROAD-001-20260727,,SKU-BIKE-ROAD-001,WIP-ROAD-BRAKE-SET-READY,BUF-ROAD-BRAKE,ROAD-OP-030,ROAD-OP-040,ADVISORY_DRAW_FOR_OPERATION,120.0,0.0,6.0005,0.0,113.9995,120.0,0.0,BALANCED,True,True
PHASE4-MPS-20260721170405,ALT-MAINT,SWIP-ALT-MAINT-00205,205,2026-09-22T12:49,LOT-ALT-MAINT-PSC-SKU-BIKE-ROAD-001-20260720-ROAD-OP-030-WIP-ROAD-BRAKE-SET-READY,2026-08-19T09:38,FIFO,53.9995,53.9995,0.0,False,,,PSC-SKU-BIKE-ROAD-001-20260727,,SKU-BIKE-ROAD-001,WIP-ROAD-BRAKE-SET-READY,BUF-ROAD-BRAKE,ROAD-OP-030,ROAD-OP-040,ADVISORY_DRAW_FOR_OPERATION,113.9995,0.0,53.9995,0.0,60.0,120.0,0.0,BALANCED,True,True
PHASE4-MPS-20260721170405,ALT-MAINT,SWIP-ALT-MAINT-00206,206,2026-09-22T12:49,LOT-ALT-MAINT-PSC-SKU-BIKE-ROAD-001-20260727-ROAD-OP-010-WIP-ROAD-FRAME-TO-WHEEL,2026-08-19T11:23,FIFO,20.0,20.0,0.0,False,,,PSC-SKU-BIKE-ROAD-001-20260803,,SKU-BIKE-ROAD-001,WIP-ROAD-FRAME-TO-WHEEL,BUF-ROAD-FRAME-WHEEL,ROAD-OP-010,ROAD-OP-020,ADVISORY_DRAW_FOR_OPERATION,80.0,0.0,20.0,0.0,60.0,80.0,0.0,BALANCED,True,True
PHASE4-MPS-20260721170405,ALT-MAINT,SWIP-ALT-MAINT-00207,207,2026-09-22T12:49,LOT-ALT-MAINT-PSC-SKU-BIKE-ROAD-001-20260817-ROAD-OP-010-WIP-ROAD-FRAME-TO-WHEEL,2026-09-07T15:12,FIFO,60.0,40.0,20.0,False,,,PSC-SKU-BIKE-ROAD-001-20260803,,SKU-BIKE-ROAD-001,WIP-ROAD-FRAME-TO-WHEEL,BUF-ROAD-FRAME-WHEEL,ROAD-OP-010,ROAD-OP-020,ADVISORY_DRAW_FOR_OPERATION,60.0,0.0,40.0,0.0,20.0,80.0,0.0,BALANCED,True,True
PHASE4-MPS-20260721170405,ALT-MAINT,SWIP-ALT-MAINT-00208,208,2026-09-22T12:49,LOT-ALT-MAINT-PSC-SKU-BIKE-ROAD-001-20260727-ROAD-OP-010-WIP-ROAD-FRAME-TO-BRAKE,2026-08-19T11:23,FIFO,18.0,18.0,0.0,False,,,PSC-SKU-BIKE-ROAD-001-20260803,,SKU-BIKE-ROAD-001,WIP-ROAD-FRAME-TO-BRAKE,BUF-ROAD-FRAME-BRAKE,ROAD-OP-010,ROAD-OP-030,ADVISORY_DRAW_FOR_OPERATION,80.0,0.0,18.0,0.0,62.0,80.0,0.0,BALANCED,True,True
PHASE4-MPS-20260721170405,ALT-MAINT,SWIP-ALT-MAINT-00209,209,2026-09-22T12:49,LOT-ALT-MAINT-PSC-SKU-BIKE-ROAD-001-20260817-ROAD-OP-010-WIP-ROAD-FRAME-TO-BRAKE,2026-09-07T15:12,FIFO,60.0,42.0,18.0,False,,,PSC-SKU-BIKE-ROAD-001-20260803,,SKU-BIKE-ROAD-001,WIP-ROAD-FRAME-TO-BRAKE,BUF-ROAD-FRAME-BRAKE,ROAD-OP-010,ROAD-OP-030,ADVISORY_DRAW_FOR_OPERATION,62.0,0.0,42.0,0.0,20.0,80.0,0.0,BALANCED,True,True
PHASE4-MPS-20260721170405,ALT-MAINT,SWIP-ALT-MAINT-00210,210,2026-09-22T12:49,LOT-ALT-MAINT-PSC-SKU-BIKE-ROAD-001-20260817-ROAD-OP-010-WIP-ROAD-FRAME-TO-WHEEL,2026-09-07T15:12,FIFO,20.0,14.202,5.798,False,,,PSC-SKU-BIKE-ROAD-001-20260928,,SKU-BIKE-ROAD-001,WIP-ROAD-FRAME-TO-WHEEL,BUF-ROAD-FRAME-WHEEL,ROAD-OP-010,ROAD-OP-020,ADVISORY_DRAW_FOR_OPERATION,20.0,0.0,14.202,0.0,5.798,80.0,0.0,BALANCED,True,True
PHASE4-MPS-20260721170405,ALT-MAINT,SWIP-ALT-MAINT-00211,211,2026-09-22T12:49,LOT-ALT-MAINT-PSC-SKU-BIKE-ROAD-001-20260817-ROAD-OP-010-WIP-ROAD-FRAME-TO-BRAKE,2026-09-07T15:12,FIFO,18.0,14.202,3.798,False,,,PSC-SKU-BIKE-ROAD-001-20260928,,SKU-BIKE-ROAD-001,WIP-ROAD-FRAME-TO-BRAKE,BUF-ROAD-FRAME-BRAKE,ROAD-OP-010,ROAD-OP-030,ADVISORY_DRAW_FOR_OPERATION,20.0,0.0,14.202,0.0,5.798,80.0,0.0,BALANCED,True,True
PHASE4-MPS-20260721170405,ALT-MAINT,SWIP-ALT-MAINT-00212,212,2026-09-23T10:49,LOT-ALT-MAINT-PSC-SKU-BIKE-ROAD-001-20260928-ROAD-OP-030-WIP-ROAD-BRAKE-SET-READY,2026-09-23T10:49,,0.0,0.0,14.202,False,,,PSC-SKU-BIKE-ROAD-001-20260928,,SKU-BIKE-ROAD-001,WIP-ROAD-BRAKE-SET-READY,BUF-ROAD-BRAKE,ROAD-OP-030,ROAD-OP-040,ADVISORY_PRODUCTION_TO_BUFFER,60.0,14.202,0.0,0.0,74.202,120.0,0.0,BALANCED,True,True
PHASE4-MPS-20260721170405,ALT-MAINT,SWIP-ALT-MAINT-00213,213,2026-09-23T12:38,LOT-ALT-MAINT-PSC-SKU-BIKE-ROAD-001-20260928-ROAD-OP-020-WIP-ROAD-WHEEL-SET-READY,2026-09-23T12:38,,0.0,0.0,14.202,False,,,PSC-SKU-BIKE-ROAD-001-20260928,,SKU-BIKE-ROAD-001,WIP-ROAD-WHEEL-SET-READY,BUF-ROAD-WHEEL,ROAD-OP-020,ROAD-OP-040,ADVISORY_PRODUCTION_TO_BUFFER,60.0,14.202,0.0,0.0,74.202,120.0,0.0,BALANCED,True,True
PHASE4-MPS-20260721170405,ALT-MAINT,SWIP-ALT-MAINT-00214,214,2026-09-25T12:39,LOT-ALT-MAINT-PSC-SKU-BIKE-ROAD-001-20260803-ROAD-OP-030-WIP-ROAD-BRAKE-SET-READY,2026-09-25T12:39,,0.0,0.0,45.798,False,,,PSC-SKU-BIKE-ROAD-001-20260803,,SKU-BIKE-ROAD-001,WIP-ROAD-BRAKE-SET-READY,BUF-ROAD-BRAKE,ROAD-OP-030,ROAD-OP-040,ADVISORY_PRODUCTION_TO_BUFFER,74.202,60.0,0.0,14.202,120.0,120.0,0.0,BALANCED,True,True
PHASE4-MPS-20260721170405,ALT-MAINT,SWIP-ALT-MAINT-00215,215,2026-09-25T13:51,LOT-ALT-MAINT-PSC-SKU-BIKE-MT-001-20260727-MT-OP-060-WIP-MT-QC-PASSED,2026-09-25T13:51,,0.0,0.0,60.0,False,,,PSC-SKU-BIKE-MT-001-20260727,,SKU-BIKE-MT-001,WIP-MT-QC-PASSED,BUF-MT-QC,MT-OP-060,MT-OP-070,ADVISORY_PRODUCTION_TO_BUFFER,0.0,60.0,0.0,0.0,60.0,60.0,0.0,BALANCED,True,True
PHASE4-MPS-20260721170405,ALT-MAINT,SWIP-ALT-MAINT-00216,216,2026-09-25T13:51,LOT-ALT-MAINT-PSC-SKU-BIKE-MT-001-20260727-MT-OP-060-WIP-MT-QC-PASSED,2026-09-25T13:51,FIFO,60.0,60.0,0.0,False,,,PSC-SKU-BIKE-MT-001-20260727,,SKU-BIKE-MT-001,WIP-MT-QC-PASSED,BUF-MT-QC,MT-OP-060,MT-OP-070,ADVISORY_DRAW_FOR_OPERATION,60.0,0.0,60.0,0.0,0.0,60.0,0.0,BALANCED,True,True
PHASE4-MPS-20260721170405,ALT-MAINT,SWIP-ALT-MAINT-00217,217,2026-09-25T14:35,LOT-ALT-MAINT-PSC-SKU-BIKE-ROAD-001-20260810-ROAD-OP-010-WIP-ROAD-FRAME-TO-WHEEL,2026-09-25T14:35,,0.0,0.0,60.0,False,,,PSC-SKU-BIKE-ROAD-001-20260810,,SKU-BIKE-ROAD-001,WIP-ROAD-FRAME-TO-WHEEL,BUF-ROAD-FRAME-WHEEL,ROAD-OP-010,ROAD-OP-020,ADVISORY_PRODUCTION_TO_BUFFER,5.798,60.0,0.0,0.0,65.798,80.0,0.0,BALANCED,True,True
PHASE4-MPS-20260721170405,ALT-MAINT,SWIP-ALT-MAINT-00218,218,2026-09-25T14:35,LOT-ALT-MAINT-PSC-SKU-BIKE-ROAD-001-20260810-ROAD-OP-010-WIP-ROAD-FRAME-TO-BRAKE,2026-09-25T14:35,,0.0,0.0,60.0,False,,,PSC-SKU-BIKE-ROAD-001-20260810,,SKU-BIKE-ROAD-001,WIP-ROAD-FRAME-TO-BRAKE,BUF-ROAD-FRAME-BRAKE,ROAD-OP-010,ROAD-OP-030,ADVISORY_PRODUCTION_TO_BUFFER,5.798,60.0,0.0,0.0,65.798,80.0,0.0,BALANCED,True,True
PHASE4-MPS-20260721170405,ALT-MAINT,SWIP-ALT-MAINT-00219,219,2026-09-28T13:12,LOT-ALT-MAINT-PSC-SKU-BIKE-ROAD-001-20260803-ROAD-OP-020-WIP-ROAD-WHEEL-SET-READY,2026-09-28T13:12,,0.0,0.0,45.798,False,,,PSC-SKU-BIKE-ROAD-001-20260803,,SKU-BIKE-ROAD-001,WIP-ROAD-WHEEL-SET-READY,BUF-ROAD-WHEEL,ROAD-OP-020,ROAD-OP-040,ADVISORY_PRODUCTION_TO_BUFFER,74.202,60.0,0.0,14.202,120.0,120.0,0.0,BALANCED,True,True
PHASE4-MPS-20260721170405,ALT-MAINT,SWIP-ALT-MAINT-00220,220,2026-09-30T14:59,LOT-ALT-MAINT-PSC-SKU-BIKE-ROAD-001-20260727-ROAD-OP-040-WIP-ROAD-FINAL-ASSEMBLY-READY,2026-09-30T14:59,,0.0,0.0,60.0,False,,,PSC-SKU-BIKE-ROAD-001-20260727,,SKU-BIKE-ROAD-001,WIP-ROAD-FINAL-ASSEMBLY-READY,BUF-ROAD-ASM,ROAD-OP-040,ROAD-OP-050,ADVISORY_PRODUCTION_TO_BUFFER,0.0,60.0,0.0,0.0,60.0,60.0,0.0,BALANCED,True,True
PHASE4-MPS-20260721170405,ALT-MAINT,SWIP-ALT-MAINT-00221,221,2026-09-30T14:59,LOT-ALT-MAINT-PSC-SKU-BIKE-MT-001-20260727-MT-OP-020-WIP-MT-FORK-READY,2026-08-27T11:19,FIFO,35.0,0.2882,34.7118,False,,,PSC-SKU-BIKE-MT-001-20260928,,SKU-BIKE-MT-001,WIP-MT-FORK-READY,BUF-MT-FORK,MT-OP-020,MT-OP-050,ADVISORY_DRAW_FOR_OPERATION,105.9963,0.0,0.2882,0.0,105.7081,120.0,0.0,BALANCED,True,True
PHASE4-MPS-20260721170405,ALT-MAINT,SWIP-ALT-MAINT-00222,222,2026-09-30T14:59,LOT-ALT-MAINT-PSC-SKU-BIKE-MT-001-20260727-MT-OP-030-WIP-MT-WHEEL-SET-READY,2026-08-28T14:26,FIFO,60.0,0.2882,59.7118,False,,,PSC-SKU-BIKE-MT-001-20260928,,SKU-BIKE-MT-001,WIP-MT-WHEEL-SET-READY,BUF-MT-WHEEL,MT-OP-030,MT-OP-050,ADVISORY_DRAW_FOR_OPERATION,120.0,0.0,0.2882,0.0,119.7118,120.0,0.0,BALANCED,True,True
PHASE4-MPS-20260721170405,ALT-MAINT,SWIP-ALT-MAINT-00223,223,2026-09-30T14:59,LOT-ALT-MAINT-PSC-SKU-BIKE-MT-001-20260727-MT-OP-040-WIP-MT-BRAKE-SET-READY,2026-08-27T13:30,FIFO,60.0,0.2882,59.7118,False,,,PSC-SKU-BIKE-MT-001-20260928,,SKU-BIKE-MT-001,WIP-MT-BRAKE-SET-READY,BUF-MT-BRAKE,MT-OP-040,MT-OP-050,ADVISORY_DRAW_FOR_OPERATION,120.0,0.0,0.2882,0.0,119.7118,120.0,0.0,BALANCED,True,True
PHASE4-MPS-20260721170405,ALT-MAINT,SWIP-ALT-MAINT-00224,224,2026-09-30T14:59,LOT-ALT-MAINT-PSC-SKU-BIKE-ROAD-001-20260727-ROAD-OP-040-WIP-ROAD-FINAL-ASSEMBLY-READY,2026-09-30T14:59,FIFO,60.0,60.0,0.0,False,,,PSC-SKU-BIKE-ROAD-001-20260727,,SKU-BIKE-ROAD-001,WIP-ROAD-FINAL-ASSEMBLY-READY,BUF-ROAD-ASM,ROAD-OP-040,ROAD-OP-050,ADVISORY_DRAW_FOR_OPERATION,60.0,0.0,60.0,0.0,0.0,60.0,0.0,BALANCED,True,True
PHASE4-MPS-20260721170405,ALT-MAINT,SWIP-ALT-MAINT-00225,225,2026-09-30T15:14,LOT-ALT-MAINT-PSC-SKU-BIKE-MT-001-20260928-MT-OP-050-WIP-MT-FINAL-ASSEMBLY-READY,2026-09-30T15:14,,0.0,0.0,0.2882,False,,,PSC-SKU-BIKE-MT-001-20260928,,SKU-BIKE-MT-001,WIP-MT-FINAL-ASSEMBLY-READY,BUF-MT-ASM,MT-OP-050,MT-OP-060,ADVISORY_PRODUCTION_TO_BUFFER,0.0,0.2882,0.0,0.0,0.2882,60.0,0.0,BALANCED,True,True
PHASE4-MPS-20260721170405,ALT-MAINT,SWIP-ALT-MAINT-00226,226,2026-10-01T08:00,LOT-ALT-MAINT-PSC-SKU-BIKE-MT-001-20260727-MT-OP-020-WIP-MT-FORK-READY,2026-08-27T11:19,FIFO,34.7118,34.7118,0.0,False,,,PSC-SKU-BIKE-MT-001-20260803,,SKU-BIKE-MT-001,WIP-MT-FORK-READY,BUF-MT-FORK,MT-OP-020,MT-OP-050,ADVISORY_DRAW_FOR_OPERATION,105.7081,0.0,34.7118,0.0,70.9963,120.0,0.0,BALANCED,True,True
PHASE4-MPS-20260721170405,ALT-MAINT,SWIP-ALT-MAINT-00227,227,2026-10-01T08:00,LOT-ALT-MAINT-PSC-SKU-BIKE-MT-001-20260928-MT-OP-020-WIP-MT-FORK-READY,2026-09-15T11:47,FIFO,10.9963,10.9963,0.0,False,,,PSC-SKU-BIKE-MT-001-20260803,,SKU-BIKE-MT-001,WIP-MT-FORK-READY,BUF-MT-FORK,MT-OP-020,MT-OP-050,ADVISORY_DRAW_FOR_OPERATION,70.9963,0.0,10.9963,0.0,60.0,120.0,0.0,BALANCED,True,True
PHASE4-MPS-20260721170405,ALT-MAINT,SWIP-ALT-MAINT-00228,228,2026-10-01T08:00,LOT-ALT-MAINT-PSC-SKU-BIKE-MT-001-20260803-MT-OP-020-WIP-MT-FORK-READY,2026-09-17T13:12,FIFO,60.0,14.2919,45.7081,False,,,PSC-SKU-BIKE-MT-001-20260803,,SKU-BIKE-MT-001,WIP-MT-FORK-READY,BUF-MT-FORK,MT-OP-020,MT-OP-050,ADVISORY_DRAW_FOR_OPERATION,60.0,0.0,14.2919,0.0,45.7081,120.0,0.0,BALANCED,True,True
PHASE4-MPS-20260721170405,ALT-MAINT,SWIP-ALT-MAINT-00229,229,2026-10-01T08:00,LOT-ALT-MAINT-PSC-SKU-BIKE-MT-001-20260727-MT-OP-030-WIP-MT-WHEEL-SET-READY,2026-08-28T14:26,FIFO,59.7118,59.7118,0.0,False,,,PSC-SKU-BIKE-MT-001-20260803,,SKU-BIKE-MT-001,WIP-MT-WHEEL-SET-READY,BUF-MT-WHEEL,MT-OP-030,MT-OP-050,ADVISORY_DRAW_FOR_OPERATION,119.7118,0.0,59.7118,0.0,60.0,120.0,0.0,BALANCED,True,True
PHASE4-MPS-20260721170405,ALT-MAINT,SWIP-ALT-MAINT-00230,230,2026-10-01T08:00,LOT-ALT-MAINT-PSC-SKU-BIKE-MT-001-20260928-MT-OP-030-WIP-MT-WHEEL-SET-READY,2026-09-15T11:48,FIFO,10.9963,0.2882,10.7081,False,,,PSC-SKU-BIKE-MT-001-20260803,,SKU-BIKE-MT-001,WIP-MT-WHEEL-SET-READY,BUF-MT-WHEEL,MT-OP-030,MT-OP-050,ADVISORY_DRAW_FOR_OPERATION,60.0,0.0,0.2882,0.0,59.7118,120.0,0.0,BALANCED,True,True
PHASE4-MPS-20260721170405,ALT-MAINT,SWIP-ALT-MAINT-00231,231,2026-10-01T08:00,LOT-ALT-MAINT-PSC-SKU-BIKE-MT-001-20260727-MT-OP-040-WIP-MT-BRAKE-SET-READY,2026-08-27T13:30,FIFO,59.7118,59.7118,0.0,False,,,PSC-SKU-BIKE-MT-001-20260803,,SKU-BIKE-MT-001,WIP-MT-BRAKE-SET-READY,BUF-MT-BRAKE,MT-OP-040,MT-OP-050,ADVISORY_DRAW_FOR_OPERATION,119.7118,0.0,59.7118,0.0,60.0,120.0,0.0,BALANCED,True,True
PHASE4-MPS-20260721170405,ALT-MAINT,SWIP-ALT-MAINT-00232,232,2026-10-01T08:00,LOT-ALT-MAINT-PSC-SKU-BIKE-MT-001-20260928-MT-OP-040-WIP-MT-BRAKE-SET-READY,2026-09-15T10:18,FIFO,10.9963,0.2882,10.7081,False,,,PSC-SKU-BIKE-MT-001-20260803,,SKU-BIKE-MT-001,WIP-MT-BRAKE-SET-READY,BUF-MT-BRAKE,MT-OP-040,MT-OP-050,ADVISORY_DRAW_FOR_OPERATION,60.0,0.0,0.2882,0.0,59.7118,120.0,0.0,BALANCED,True,True
PHASE4-MPS-20260721170405,ALT-MAINT,SWIP-ALT-MAINT-00233,233,2026-10-01T08:00,LOT-ALT-MAINT-PSC-SKU-BIKE-MT-001-20260907-MT-OP-010-WIP-MT-FRAME-TO-FORK,2026-09-14T12:53,FIFO,13.5249,13.5249,0.0,False,,,PSC-SKU-BIKE-MT-001-20260810,,SKU-BIKE-MT-001,WIP-MT-FRAME-TO-FORK,BUF-MT-FRAME-FORK,MT-OP-010,MT-OP-020,ADVISORY_DRAW_FOR_OPERATION,80.0,0.0,13.5249,0.0,66.4751,80.0,0.0,BALANCED,True,True
PHASE4-MPS-20260721170405,ALT-MAINT,SWIP-ALT-MAINT-00234,234,2026-10-01T08:00,LOT-ALT-MAINT-PSC-SKU-BIKE-MT-001-20260914-MT-OP-010-WIP-MT-FRAME-TO-FORK,2026-09-16T09:33,FIFO,24.5212,24.5212,0.0,False,,,PSC-SKU-BIKE-MT-001-20260810,,SKU-BIKE-MT-001,WIP-MT-FRAME-TO-FORK,BUF-MT-FRAME-FORK,MT-OP-010,MT-OP-020,ADVISORY_DRAW_FOR_OPERATION,66.4751,0.0,24.5212,0.0,41.9539,80.0,0.0,BALANCED,True,True
PHASE4-MPS-20260721170405,ALT-MAINT,SWIP-ALT-MAINT-00235,235,2026-10-01T08:00,LOT-ALT-MAINT-PSC-SKU-BIKE-MT-001-20260810-MT-OP-010-WIP-MT-FRAME-TO-FORK,2026-09-16T14:33,FIFO,41.9539,21.9539,20.0,False,,,PSC-SKU-BIKE-MT-001-20260810,,SKU-BIKE-MT-001,WIP-MT-FRAME-TO-FORK,BUF-MT-FRAME-FORK,MT-OP-010,MT-OP-020,ADVISORY_DRAW_FOR_OPERATION,41.9539,0.0,21.9539,0.0,20.0,80.0,0.0,BALANCED,True,True
PHASE4-MPS-20260721170405,ALT-MAINT,SWIP-ALT-MAINT-00236,236,2026-10-01T08:00,LOT-ALT-MAINT-PSC-SKU-BIKE-MT-001-20260803-MT-OP-010-WIP-MT-FRAME-TO-WHEEL,2026-08-28T08:13,FIFO,9.0037,9.0037,0.0,False,,,PSC-SKU-BIKE-MT-001-20260810,,SKU-BIKE-MT-001,WIP-MT-FRAME-TO-WHEEL,BUF-MT-FRAME-WHEEL,MT-OP-010,MT-OP-030,ADVISORY_DRAW_FOR_OPERATION,80.0,0.0,9.0037,0.0,70.9963,80.0,0.0,BALANCED,True,True
PHASE4-MPS-20260721170405,ALT-MAINT,SWIP-ALT-MAINT-00237,237,2026-10-01T08:00,LOT-ALT-MAINT-PSC-SKU-BIKE-MT-001-20260907-MT-OP-010-WIP-MT-FRAME-TO-WHEEL,2026-09-14T12:53,FIFO,24.5212,24.5212,0.0,False,,,PSC-SKU-BIKE-MT-001-20260810,,SKU-BIKE-MT-001,WIP-MT-FRAME-TO-WHEEL,BUF-MT-FRAME-WHEEL,MT-OP-010,MT-OP-030,ADVISORY_DRAW_FOR_OPERATION,70.9963,0.0,24.5212,0.0,46.4751,80.0,0.0,BALANCED,True,True
PHASE4-MPS-20260721170405,ALT-MAINT,SWIP-ALT-MAINT-00238,238,2026-10-01T08:00,LOT-ALT-MAINT-PSC-SKU-BIKE-MT-001-20260914-MT-OP-010-WIP-MT-FRAME-TO-WHEEL,2026-09-16T09:33,FIFO,24.5212,24.5212,0.0,False,,,PSC-SKU-BIKE-MT-001-20260810,,SKU-BIKE-MT-001,WIP-MT-FRAME-TO-WHEEL,BUF-MT-FRAME-WHEEL,MT-OP-010,MT-OP-030,ADVISORY_DRAW_FOR_OPERATION,46.4751,0.0,24.5212,0.0,21.9539,80.0,0.0,BALANCED,True,True
PHASE4-MPS-20260721170405,ALT-MAINT,SWIP-ALT-MAINT-00239,239,2026-10-01T08:00,LOT-ALT-MAINT-PSC-SKU-BIKE-MT-001-20260810-MT-OP-010-WIP-MT-FRAME-TO-WHEEL,2026-09-16T14:33,FIFO,21.9539,1.9539,20.0,False,,,PSC-SKU-BIKE-MT-001-20260810,,SKU-BIKE-MT-001,WIP-MT-FRAME-TO-WHEEL,BUF-MT-FRAME-WHEEL,MT-OP-010,MT-OP-030,ADVISORY_DRAW_FOR_OPERATION,21.9539,0.0,1.9539,0.0,20.0,80.0,0.0,BALANCED,True,True
PHASE4-MPS-20260721170405,ALT-MAINT,SWIP-ALT-MAINT-00240,240,2026-10-01T08:00,LOT-ALT-MAINT-PSC-SKU-BIKE-MT-001-20260803-MT-OP-010-WIP-MT-FRAME-TO-BRAKE,2026-08-28T08:13,FIFO,3.0037,3.0037,0.0,False,,,PSC-SKU-BIKE-MT-001-20260810,,SKU-BIKE-MT-001,WIP-MT-FRAME-TO-BRAKE,BUF-MT-FRAME-BRAKE,MT-OP-010,MT-OP-040,ADVISORY_DRAW_FOR_OPERATION,80.0,0.0,3.0037,0.0,76.9963,80.0,0.0,BALANCED,True,True
PHASE4-MPS-20260721170405,ALT-MAINT,SWIP-ALT-MAINT-00241,241,2026-10-01T08:00,LOT-ALT-MAINT-PSC-SKU-BIKE-MT-001-20260907-MT-OP-010-WIP-MT-FRAME-TO-BRAKE,2026-09-14T12:53,FIFO,24.5212,24.5212,0.0,False,,,PSC-SKU-BIKE-MT-001-20260810,,SKU-BIKE-MT-001,WIP-MT-FRAME-TO-BRAKE,BUF-MT-FRAME-BRAKE,MT-OP-010,MT-OP-040,ADVISORY_DRAW_FOR_OPERATION,76.9963,0.0,24.5212,0.0,52.4751,80.0,0.0,BALANCED,True,True
PHASE4-MPS-20260721170405,ALT-MAINT,SWIP-ALT-MAINT-00242,242,2026-10-01T08:00,LOT-ALT-MAINT-PSC-SKU-BIKE-MT-001-20260914-MT-OP-010-WIP-MT-FRAME-TO-BRAKE,2026-09-16T09:33,FIFO,24.5212,24.5212,0.0,False,,,PSC-SKU-BIKE-MT-001-20260810,,SKU-BIKE-MT-001,WIP-MT-FRAME-TO-BRAKE,BUF-MT-FRAME-BRAKE,MT-OP-010,MT-OP-040,ADVISORY_DRAW_FOR_OPERATION,52.4751,0.0,24.5212,0.0,27.9539,80.0,0.0,BALANCED,True,True
PHASE4-MPS-20260721170405,ALT-MAINT,SWIP-ALT-MAINT-00243,243,2026-10-01T08:00,LOT-ALT-MAINT-PSC-SKU-BIKE-MT-001-20260810-MT-OP-010-WIP-MT-FRAME-TO-BRAKE,2026-09-16T14:33,FIFO,27.9539,7.9539,20.0,False,,,PSC-SKU-BIKE-MT-001-20260810,,SKU-BIKE-MT-001,WIP-MT-FRAME-TO-BRAKE,BUF-MT-FRAME-BRAKE,MT-OP-010,MT-OP-040,ADVISORY_DRAW_FOR_OPERATION,27.9539,0.0,7.9539,0.0,20.0,80.0,0.0,BALANCED,True,True
PHASE4-MPS-20260721170405,ALT-MAINT,SWIP-ALT-MAINT-00244,244,2026-10-01T08:00,LOT-ALT-MAINT-PSC-SKU-BIKE-MT-001-20260810-MT-OP-010-WIP-MT-FRAME-TO-WHEEL,2026-09-16T14:33,FIFO,20.0,20.0,0.0,False,,,PSC-SKU-BIKE-MT-001-20260817,,SKU-BIKE-MT-001,WIP-MT-FRAME-TO-WHEEL,BUF-MT-FRAME-WHEEL,MT-OP-010,MT-OP-030,ADVISORY_DRAW_FOR_OPERATION,20.0,0.0,20.0,0.0,0.0,80.0,0.0,BALANCED,True,True
PHASE4-MPS-20260721170405,ALT-MAINT,SWIP-ALT-MAINT-00245,245,2026-10-01T08:00,LOT-ALT-MAINT-PSC-SKU-BIKE-MT-001-20260810-MT-OP-010-WIP-MT-FRAME-TO-BRAKE,2026-09-16T14:33,FIFO,20.0,14.0,6.0,False,,,PSC-SKU-BIKE-MT-001-20260817,,SKU-BIKE-MT-001,WIP-MT-FRAME-TO-BRAKE,BUF-MT-FRAME-BRAKE,MT-OP-010,MT-OP-040,ADVISORY_DRAW_FOR_OPERATION,20.0,0.0,14.0,0.0,6.0,80.0,0.0,BALANCED,True,True
PHASE4-MPS-20260721170405,ALT-MAINT,SWIP-ALT-MAINT-00246,246,2026-10-01T14:08,LOT-ALT-MAINT-PSC-SKU-BIKE-MT-001-20260817-MT-OP-040-WIP-MT-BRAKE-SET-READY,2026-10-01T14:08,,0.0,0.0,14.0,False,,,PSC-SKU-BIKE-MT-001-20260817,,SKU-BIKE-MT-001,WIP-MT-BRAKE-SET-READY,BUF-MT-BRAKE,MT-OP-040,MT-OP-050,ADVISORY_PRODUCTION_TO_BUFFER,59.7118,14.0,0.0,0.0,73.7118,120.0,0.0,BALANCED,True,True
PHASE4-MPS-20260721170405,ALT-MAINT,SWIP-ALT-MAINT-00247,247,2026-10-02T12:08,LOT-ALT-MAINT-PSC-SKU-BIKE-MT-001-20260817-MT-OP-030-WIP-MT-WHEEL-SET-READY,2026-10-02T12:08,,0.0,0.0,20.0,False,,,PSC-SKU-BIKE-MT-001-20260817,,SKU-BIKE-MT-001,WIP-MT-WHEEL-SET-READY,BUF-MT-WHEEL,MT-OP-030,MT-OP-050,ADVISORY_PRODUCTION_TO_BUFFER,59.7118,20.0,0.0,0.0,79.7118,120.0,0.0,BALANCED,True,True
PHASE4-MPS-20260721170405,ALT-MAINT,SWIP-ALT-MAINT-00248,248,2026-10-05T11:56,LOT-ALT-MAINT-PSC-SKU-BIKE-ROAD-001-20260727-ROAD-OP-050-WIP-ROAD-QC-PASSED,2026-10-05T11:56,,0.0,0.0,60.0,False,,,PSC-SKU-BIKE-ROAD-001-20260727,,SKU-BIKE-ROAD-001,WIP-ROAD-QC-PASSED,BUF-ROAD-QC,ROAD-OP-050,ROAD-OP-060,ADVISORY_PRODUCTION_TO_BUFFER,0.0,60.0,0.0,0.0,60.0,60.0,0.0,BALANCED,True,True
PHASE4-MPS-20260721170405,ALT-MAINT,SWIP-ALT-MAINT-00249,249,2026-10-05T11:56,LOT-ALT-MAINT-PSC-SKU-BIKE-ROAD-001-20260727-ROAD-OP-050-WIP-ROAD-QC-PASSED,2026-10-05T11:56,FIFO,60.0,60.0,0.0,False,,,PSC-SKU-BIKE-ROAD-001-20260727,,SKU-BIKE-ROAD-001,WIP-ROAD-QC-PASSED,BUF-ROAD-QC,ROAD-OP-050,ROAD-OP-060,ADVISORY_DRAW_FOR_OPERATION,60.0,0.0,60.0,0.0,0.0,60.0,0.0,BALANCED,True,True
PHASE4-MPS-20260721170405,ALT-MAINT,SWIP-ALT-MAINT-00250,250,2026-10-06T11:55,LOT-ALT-MAINT-PSC-SKU-BIKE-MT-001-20260810-MT-OP-040-WIP-MT-BRAKE-SET-READY,2026-10-06T11:55,,0.0,0.0,46.2882,False,,,PSC-SKU-BIKE-MT-001-20260810,,SKU-BIKE-MT-001,WIP-MT-BRAKE-SET-READY,BUF-MT-BRAKE,MT-OP-040,MT-OP-050,ADVISORY_PRODUCTION_TO_BUFFER,73.7118,60.0,0.0,13.7118,120.0,120.0,0.0,BALANCED,True,True
PHASE4-MPS-20260721170405,ALT-MAINT,SWIP-ALT-MAINT-00251,251,2026-10-07T12:32,LOT-ALT-MAINT-PSC-SKU-BIKE-MT-001-20260810-MT-OP-020-WIP-MT-FORK-READY,2026-10-07T12:32,,0.0,0.0,60.0,False,,,PSC-SKU-BIKE-MT-001-20260810,,SKU-BIKE-MT-001,WIP-MT-FORK-READY,BUF-MT-FORK,MT-OP-020,MT-OP-050,ADVISORY_PRODUCTION_TO_BUFFER,45.7081,60.0,0.0,0.0,105.7081,120.0,0.0,BALANCED,True,True
PHASE4-MPS-20260721170405,ALT-MAINT,SWIP-ALT-MAINT-00252,252,2026-10-07T12:50,LOT-ALT-MAINT-PSC-SKU-BIKE-MT-001-20260810-MT-OP-030-WIP-MT-WHEEL-SET-READY,2026-10-07T12:50,,0.0,0.0,40.2882,False,,,PSC-SKU-BIKE-MT-001-20260810,,SKU-BIKE-MT-001,WIP-MT-WHEEL-SET-READY,BUF-MT-WHEEL,MT-OP-030,MT-OP-050,ADVISORY_PRODUCTION_TO_BUFFER,79.7118,60.0,0.0,19.7118,120.0,120.0,0.0,BALANCED,True,True
PHASE4-MPS-20260721170405,ALT-MAINT,SWIP-ALT-MAINT-00253,253,2026-10-07T14:04,LOT-ALT-MAINT-PSC-SKU-BIKE-MT-001-20260831-MT-OP-010-WIP-MT-FRAME-TO-FORK,2026-10-07T14:04,,0.0,0.0,60.0,False,,,PSC-SKU-BIKE-MT-001-20260831,,SKU-BIKE-MT-001,WIP-MT-FRAME-TO-FORK,BUF-MT-FRAME-FORK,MT-OP-010,MT-OP-020,ADVISORY_PRODUCTION_TO_BUFFER,20.0,76.9741,0.0,16.9741,80.0,80.0,0.0,BALANCED,True,True
PHASE4-MPS-20260721170405,ALT-MAINT,SWIP-ALT-MAINT-00254,254,2026-10-07T14:04,LOT-ALT-MAINT-PSC-SKU-BIKE-MT-001-20260831-MT-OP-010-WIP-MT-FRAME-TO-WHEEL,2026-10-07T14:04,,0.0,0.0,76.9741,False,,,PSC-SKU-BIKE-MT-001-20260831,,SKU-BIKE-MT-001,WIP-MT-FRAME-TO-WHEEL,BUF-MT-FRAME-WHEEL,MT-OP-010,MT-OP-030,ADVISORY_PRODUCTION_TO_BUFFER,0.0,76.9741,0.0,0.0,76.9741,80.0,0.0,BALANCED,True,True
PHASE4-MPS-20260721170405,ALT-MAINT,SWIP-ALT-MAINT-00255,255,2026-10-07T14:04,LOT-ALT-MAINT-PSC-SKU-BIKE-MT-001-20260831-MT-OP-010-WIP-MT-FRAME-TO-BRAKE,2026-10-07T14:04,,0.0,0.0,74.0,False,,,PSC-SKU-BIKE-MT-001-20260831,,SKU-BIKE-MT-001,WIP-MT-FRAME-TO-BRAKE,BUF-MT-FRAME-BRAKE,MT-OP-010,MT-OP-040,ADVISORY_PRODUCTION_TO_BUFFER,6.0,76.9741,0.0,2.9741,80.0,80.0,0.0,BALANCED,True,True
PHASE4-MPS-20260721170405,ALT-MAINT,SWIP-ALT-MAINT-00256,256,2026-10-07T14:04,LOT-ALT-MAINT-PSC-SKU-BIKE-MT-001-20260810-MT-OP-010-WIP-MT-FRAME-TO-FORK,2026-09-16T14:33,FIFO,20.0,8.9586,11.0414,False,,,PSC-SKU-BIKE-MT-001-20260831,,SKU-BIKE-MT-001,WIP-MT-FRAME-TO-FORK,BUF-MT-FRAME-FORK,MT-OP-010,MT-OP-020,ADVISORY_DRAW_FOR_OPERATION,80.0,0.0,8.9586,0.0,71.0414,80.0,0.0,BALANCED,True,True
PHASE4-MPS-20260721170405,ALT-MAINT,SWIP-ALT-MAINT-00257,257,2026-10-07T14:22,LOT-ALT-MAINT-PSC-SKU-BIKE-MT-001-20260824-MT-OP-010-WIP-MT-FRAME-TO-FORK,2026-10-07T14:22,,0.0,0.0,8.9586,False,,,PSC-SKU-BIKE-MT-001-20260824,,SKU-BIKE-MT-001,WIP-MT-FRAME-TO-FORK,BUF-MT-FRAME-FORK,MT-OP-010,MT-OP-020,ADVISORY_PRODUCTION_TO_BUFFER,71.0414,76.9741,0.0,68.0155,80.0,80.0,0.0,BALANCED,True,True
PHASE4-MPS-20260721170405,ALT-MAINT,SWIP-ALT-MAINT-00258,258,2026-10-07T14:22,LOT-ALT-MAINT-PSC-SKU-BIKE-MT-001-20260824-MT-OP-010-WIP-MT-FRAME-TO-WHEEL,2026-10-07T14:22,,0.0,0.0,3.0259,False,,,PSC-SKU-BIKE-MT-001-20260824,,SKU-BIKE-MT-001,WIP-MT-FRAME-TO-WHEEL,BUF-MT-FRAME-WHEEL,MT-OP-010,MT-OP-030,ADVISORY_PRODUCTION_TO_BUFFER,76.9741,76.9741,0.0,73.9482,80.0,80.0,0.0,BALANCED,True,True
PHASE4-MPS-20260721170405,ALT-MAINT,SWIP-ALT-MAINT-00259,259,2026-10-07T14:22,LOT-ALT-MAINT-PSC-SKU-BIKE-MT-001-20260824-MT-OP-010-WIP-MT-FRAME-TO-BRAKE,2026-10-07T14:22,,0.0,0.0,0.0,False,,,PSC-SKU-BIKE-MT-001-20260824,,SKU-BIKE-MT-001,WIP-MT-FRAME-TO-BRAKE,BUF-MT-FRAME-BRAKE,MT-OP-010,MT-OP-040,ADVISORY_PRODUCTION_TO_BUFFER,80.0,76.9741,0.0,76.9741,80.0,80.0,0.0,BALANCED,True,True
PHASE4-MPS-20260721170405,ALT-MAINT,SWIP-ALT-MAINT-00260,260,2026-10-08T11:50,LOT-ALT-MAINT-PSC-SKU-BIKE-MT-001-20260831-MT-OP-020-WIP-MT-FORK-READY,2026-10-08T11:50,,0.0,0.0,8.9586,False,,,PSC-SKU-BIKE-MT-001-20260831,,SKU-BIKE-MT-001,WIP-MT-FORK-READY,BUF-MT-FORK,MT-OP-020,MT-OP-050,ADVISORY_PRODUCTION_TO_BUFFER,105.7081,8.9586,0.0,0.0,114.6667,120.0,0.0,BALANCED,True,True
PHASE4-MPS-20260721170405,ALT-MAINT,SWIP-ALT-MAINT-00261,261,2026-10-12T12:09,LOT-ALT-MAINT-PSC-SKU-BIKE-MT-001-20260803-MT-OP-050-WIP-MT-FINAL-ASSEMBLY-READY,2026-10-12T12:09,,0.0,0.0,59.7118,False,,,PSC-SKU-BIKE-MT-001-20260803,,SKU-BIKE-MT-001,WIP-MT-FINAL-ASSEMBLY-READY,BUF-MT-ASM,MT-OP-050,MT-OP-060,ADVISORY_PRODUCTION_TO_BUFFER,0.2882,60.0,0.0,0.2882,60.0,60.0,0.0,BALANCED,True,True
PHASE4-MPS-20260721170405,ALT-MAINT,SWIP-ALT-MAINT-00262,262,2026-10-12T12:09,LOT-ALT-MAINT-PSC-SKU-BIKE-MT-001-20260928-MT-OP-050-WIP-MT-FINAL-ASSEMBLY-READY,2026-09-30T15:14,FIFO,0.2882,0.2882,0.0,False,,,PSC-SKU-BIKE-MT-001-20260803,,SKU-BIKE-MT-001,WIP-MT-FINAL-ASSEMBLY-READY,BUF-MT-ASM,MT-OP-050,MT-OP-060,ADVISORY_DRAW_FOR_OPERATION,60.0,0.0,0.2882,0.0,59.7118,60.0,0.0,BALANCED,True,True
PHASE4-MPS-20260721170405,ALT-MAINT,SWIP-ALT-MAINT-00263,263,2026-10-12T12:09,LOT-ALT-MAINT-PSC-SKU-BIKE-MT-001-20260803-MT-OP-050-WIP-MT-FINAL-ASSEMBLY-READY,2026-10-12T12:09,FIFO,59.7118,59.7118,0.0,False,,,PSC-SKU-BIKE-MT-001-20260803,,SKU-BIKE-MT-001,WIP-MT-FINAL-ASSEMBLY-READY,BUF-MT-ASM,MT-OP-050,MT-OP-060,ADVISORY_DRAW_FOR_OPERATION,59.7118,0.0,59.7118,0.0,0.0,60.0,0.0,BALANCED,True,True
PHASE4-MPS-20260721170405,ALT-MAINT,SWIP-ALT-MAINT-00264,264,2026-10-12T12:09,LOT-ALT-MAINT-PSC-SKU-BIKE-ROAD-001-20260727-ROAD-OP-020-WIP-ROAD-WHEEL-SET-READY,2026-09-08T14:07,FIFO,60.0,60.0,0.0,False,,,PSC-SKU-BIKE-ROAD-001-20260803,,SKU-BIKE-ROAD-001,WIP-ROAD-WHEEL-SET-READY,BUF-ROAD-WHEEL,ROAD-OP-020,ROAD-OP-040,ADVISORY_DRAW_FOR_OPERATION,120.0,0.0,60.0,0.0,60.0,120.0,0.0,BALANCED,True,True
PHASE4-MPS-20260721170405,ALT-MAINT,SWIP-ALT-MAINT-00265,265,2026-10-12T12:09,LOT-ALT-MAINT-PSC-SKU-BIKE-ROAD-001-20260727-ROAD-OP-030-WIP-ROAD-BRAKE-SET-READY,2026-09-07T13:35,FIFO,60.0,60.0,0.0,False,,,PSC-SKU-BIKE-ROAD-001-20260803,,SKU-BIKE-ROAD-001,WIP-ROAD-BRAKE-SET-READY,BUF-ROAD-BRAKE,ROAD-OP-030,ROAD-OP-040,ADVISORY_DRAW_FOR_OPERATION,120.0,0.0,60.0,0.0,60.0,120.0,0.0,BALANCED,True,True
PHASE4-MPS-20260721170405,ALT-MAINT,SWIP-ALT-MAINT-00266,266,2026-10-12T12:09,LOT-ALT-MAINT-PSC-SKU-BIKE-ROAD-001-20260817-ROAD-OP-010-WIP-ROAD-FRAME-TO-WHEEL,2026-09-07T15:12,FIFO,5.798,5.798,0.0,False,,,PSC-SKU-BIKE-ROAD-001-20260810,,SKU-BIKE-ROAD-001,WIP-ROAD-FRAME-TO-WHEEL,BUF-ROAD-FRAME-WHEEL,ROAD-OP-010,ROAD-OP-020,ADVISORY_DRAW_FOR_OPERATION,65.798,0.0,5.798,0.0,60.0,80.0,0.0,BALANCED,True,True
PHASE4-MPS-20260721170405,ALT-MAINT,SWIP-ALT-MAINT-00267,267,2026-10-12T12:09,LOT-ALT-MAINT-PSC-SKU-BIKE-ROAD-001-20260810-ROAD-OP-010-WIP-ROAD-FRAME-TO-WHEEL,2026-09-25T14:35,FIFO,60.0,54.202,5.798,False,,,PSC-SKU-BIKE-ROAD-001-20260810,,SKU-BIKE-ROAD-001,WIP-ROAD-FRAME-TO-WHEEL,BUF-ROAD-FRAME-WHEEL,ROAD-OP-010,ROAD-OP-020,ADVISORY_DRAW_FOR_OPERATION,60.0,0.0,54.202,0.0,5.798,80.0,0.0,BALANCED,True,True
PHASE4-MPS-20260721170405,ALT-MAINT,SWIP-ALT-MAINT-00268,268,2026-10-12T12:09,LOT-ALT-MAINT-PSC-SKU-BIKE-ROAD-001-20260817-ROAD-OP-010-WIP-ROAD-FRAME-TO-BRAKE,2026-09-07T15:12,FIFO,3.798,3.798,0.0,False,,,PSC-SKU-BIKE-ROAD-001-20260810,,SKU-BIKE-ROAD-001,WIP-ROAD-FRAME-TO-BRAKE,BUF-ROAD-FRAME-BRAKE,ROAD-OP-010,ROAD-OP-030,ADVISORY_DRAW_FOR_OPERATION,65.798,0.0,3.798,0.0,62.0,80.0,0.0,BALANCED,True,True
PHASE4-MPS-20260721170405,ALT-MAINT,SWIP-ALT-MAINT-00269,269,2026-10-12T12:09,LOT-ALT-MAINT-PSC-SKU-BIKE-ROAD-001-20260803-ROAD-OP-010-WIP-ROAD-FRAME-TO-BRAKE,2026-09-08T08:15,FIFO,2.0,2.0,0.0,False,,,PSC-SKU-BIKE-ROAD-001-20260810,,SKU-BIKE-ROAD-001,WIP-ROAD-FRAME-TO-BRAKE,BUF-ROAD-FRAME-BRAKE,ROAD-OP-010,ROAD-OP-030,ADVISORY_DRAW_FOR_OPERATION,62.0,0.0,2.0,0.0,60.0,80.0,0.0,BALANCED,True,True
PHASE4-MPS-20260721170405,ALT-MAINT,SWIP-ALT-MAINT-00270,270,2026-10-12T12:09,LOT-ALT-MAINT-PSC-SKU-BIKE-ROAD-001-20260810-ROAD-OP-010-WIP-ROAD-FRAME-TO-BRAKE,2026-09-25T14:35,FIFO,60.0,54.202,5.798,False,,,PSC-SKU-BIKE-ROAD-001-20260810,,SKU-BIKE-ROAD-001,WIP-ROAD-FRAME-TO-BRAKE,BUF-ROAD-FRAME-BRAKE,ROAD-OP-010,ROAD-OP-030,ADVISORY_DRAW_FOR_OPERATION,60.0,0.0,54.202,0.0,5.798,80.0,0.0,BALANCED,True,True
PHASE4-MPS-20260721170405,ALT-MAINT,SWIP-ALT-MAINT-00271,271,2026-10-13T10:42,LOT-ALT-MAINT-PSC-SKU-BIKE-ROAD-001-20260928-ROAD-OP-010-WIP-ROAD-FRAME-TO-WHEEL,2026-10-13T10:42,,0.0,0.0,14.202,False,,,PSC-SKU-BIKE-ROAD-001-20260928,,SKU-BIKE-ROAD-001,WIP-ROAD-FRAME-TO-WHEEL,BUF-ROAD-FRAME-WHEEL,ROAD-OP-010,ROAD-OP-020,ADVISORY_PRODUCTION_TO_BUFFER,5.798,14.202,0.0,0.0,20.0,80.0,0.0,BALANCED,True,True
PHASE4-MPS-20260721170405,ALT-MAINT,SWIP-ALT-MAINT-00272,272,2026-10-13T10:42,LOT-ALT-MAINT-PSC-SKU-BIKE-ROAD-001-20260928-ROAD-OP-010-WIP-ROAD-FRAME-TO-BRAKE,2026-10-13T10:42,,0.0,0.0,14.202,False,,,PSC-SKU-BIKE-ROAD-001-20260928,,SKU-BIKE-ROAD-001,WIP-ROAD-FRAME-TO-BRAKE,BUF-ROAD-FRAME-BRAKE,ROAD-OP-010,ROAD-OP-030,ADVISORY_PRODUCTION_TO_BUFFER,5.798,14.202,0.0,0.0,20.0,80.0,0.0,BALANCED,True,True
PHASE4-MPS-20260721170405,ALT-MAINT,SWIP-ALT-MAINT-00273,273,2026-10-15T11:59,LOT-ALT-MAINT-PSC-SKU-BIKE-ROAD-001-20260810-ROAD-OP-030-WIP-ROAD-BRAKE-SET-READY,2026-10-15T11:59,,0.0,0.0,60.0,False,,,PSC-SKU-BIKE-ROAD-001-20260810,,SKU-BIKE-ROAD-001,WIP-ROAD-BRAKE-SET-READY,BUF-ROAD-BRAKE,ROAD-OP-030,ROAD-OP-040,ADVISORY_PRODUCTION_TO_BUFFER,60.0,60.0,0.0,0.0,120.0,120.0,0.0,BALANCED,True,True
PHASE4-MPS-20260721170405,ALT-MAINT,SWIP-ALT-MAINT-00274,274,2026-10-15T13:12,LOT-ALT-MAINT-PSC-SKU-BIKE-MT-001-20260803-MT-OP-060-WIP-MT-QC-PASSED,2026-10-15T13:12,,0.0,0.0,60.0,False,,,PSC-SKU-BIKE-MT-001-20260803,,SKU-BIKE-MT-001,WIP-MT-QC-PASSED,BUF-MT-QC,MT-OP-060,MT-OP-070,ADVISORY_PRODUCTION_TO_BUFFER,0.0,60.0,0.0,0.0,60.0,60.0,0.0,BALANCED,True,True
PHASE4-MPS-20260721170405,ALT-MAINT,SWIP-ALT-MAINT-00275,275,2026-10-15T13:12,LOT-ALT-MAINT-PSC-SKU-BIKE-MT-001-20260803-MT-OP-060-WIP-MT-QC-PASSED,2026-10-15T13:12,FIFO,60.0,60.0,0.0,False,,,PSC-SKU-BIKE-MT-001-20260803,,SKU-BIKE-MT-001,WIP-MT-QC-PASSED,BUF-MT-QC,MT-OP-060,MT-OP-070,ADVISORY_DRAW_FOR_OPERATION,60.0,0.0,60.0,0.0,0.0,60.0,0.0,BALANCED,True,True
PHASE4-MPS-20260721170405,ALT-MAINT,SWIP-ALT-MAINT-00276,276,2026-10-15T13:55,LOT-ALT-MAINT-PSC-SKU-BIKE-ROAD-001-20260831-ROAD-OP-010-WIP-ROAD-FRAME-TO-WHEEL,2026-10-15T13:55,,0.0,0.0,60.0,False,,,PSC-SKU-BIKE-ROAD-001-20260831,,SKU-BIKE-ROAD-001,WIP-ROAD-FRAME-TO-WHEEL,BUF-ROAD-FRAME-WHEEL,ROAD-OP-010,ROAD-OP-020,ADVISORY_PRODUCTION_TO_BUFFER,20.0,60.0,0.0,0.0,80.0,80.0,0.0,BALANCED,True,True
PHASE4-MPS-20260721170405,ALT-MAINT,SWIP-ALT-MAINT-00277,277,2026-10-15T13:55,LOT-ALT-MAINT-PSC-SKU-BIKE-ROAD-001-20260831-ROAD-OP-010-WIP-ROAD-FRAME-TO-BRAKE,2026-10-15T13:55,,0.0,0.0,60.0,False,,,PSC-SKU-BIKE-ROAD-001-20260831,,SKU-BIKE-ROAD-001,WIP-ROAD-FRAME-TO-BRAKE,BUF-ROAD-FRAME-BRAKE,ROAD-OP-010,ROAD-OP-030,ADVISORY_PRODUCTION_TO_BUFFER,20.0,60.0,0.0,0.0,80.0,80.0,0.0,BALANCED,True,True
PHASE4-MPS-20260721170405,ALT-MAINT,SWIP-ALT-MAINT-00278,278,2026-10-16T12:32,LOT-ALT-MAINT-PSC-SKU-BIKE-ROAD-001-20260810-ROAD-OP-020-WIP-ROAD-WHEEL-SET-READY,2026-10-16T12:32,,0.0,0.0,60.0,False,,,PSC-SKU-BIKE-ROAD-001-20260810,,SKU-BIKE-ROAD-001,WIP-ROAD-WHEEL-SET-READY,BUF-ROAD-WHEEL,ROAD-OP-020,ROAD-OP-040,ADVISORY_PRODUCTION_TO_BUFFER,60.0,60.0,0.0,0.0,120.0,120.0,0.0,BALANCED,True,True
PHASE4-MPS-20260721170405,ALT-MAINT,SWIP-ALT-MAINT-00279,279,2026-10-20T14:19,LOT-ALT-MAINT-PSC-SKU-BIKE-ROAD-001-20260803-ROAD-OP-040-WIP-ROAD-FINAL-ASSEMBLY-READY,2026-10-20T14:19,,0.0,0.0,60.0,False,,,PSC-SKU-BIKE-ROAD-001-20260803,,SKU-BIKE-ROAD-001,WIP-ROAD-FINAL-ASSEMBLY-READY,BUF-ROAD-ASM,ROAD-OP-040,ROAD-OP-050,ADVISORY_PRODUCTION_TO_BUFFER,0.0,60.0,0.0,0.0,60.0,60.0,0.0,BALANCED,True,True
PHASE4-MPS-20260721170405,ALT-MAINT,SWIP-ALT-MAINT-00280,280,2026-10-20T14:19,LOT-ALT-MAINT-PSC-SKU-BIKE-MT-001-20260803-MT-OP-020-WIP-MT-FORK-READY,2026-09-17T13:12,FIFO,45.7081,24.5212,21.1869,False,,,PSC-SKU-BIKE-MT-001-20260810,,SKU-BIKE-MT-001,WIP-MT-FORK-READY,BUF-MT-FORK,MT-OP-020,MT-OP-050,ADVISORY_DRAW_FOR_OPERATION,114.6667,0.0,24.5212,0.0,90.1455,120.0,0.0,BALANCED,True,True
PHASE4-MPS-20260721170405,ALT-MAINT,SWIP-ALT-MAINT-00281,281,2026-10-20T14:19,LOT-ALT-MAINT-PSC-SKU-BIKE-MT-001-20260928-MT-OP-030-WIP-MT-WHEEL-SET-READY,2026-09-15T11:48,FIFO,10.7081,10.7081,0.0,False,,,PSC-SKU-BIKE-MT-001-20260810,,SKU-BIKE-MT-001,WIP-MT-WHEEL-SET-READY,BUF-MT-WHEEL,MT-OP-030,MT-OP-050,ADVISORY_DRAW_FOR_OPERATION,120.0,0.0,10.7081,0.0,109.2919,120.0,0.0,BALANCED,True,True
PHASE4-MPS-20260721170405,ALT-MAINT,SWIP-ALT-MAINT-00282,282,2026-10-20T14:19,LOT-ALT-MAINT-PSC-SKU-BIKE-MT-001-20260803-MT-OP-030-WIP-MT-WHEEL-SET-READY,2026-09-17T13:30,FIFO,49.0037,13.8131,35.1906,False,,,PSC-SKU-BIKE-MT-001-20260810,,SKU-BIKE-MT-001,WIP-MT-WHEEL-SET-READY,BUF-MT-WHEEL,MT-OP-030,MT-OP-050,ADVISORY_DRAW_FOR_OPERATION,109.2919,0.0,13.8131,0.0,95.4788,120.0,0.0,BALANCED,True,True
PHASE4-MPS-20260721170405,ALT-MAINT,SWIP-ALT-MAINT-00283,283,2026-10-20T14:19,LOT-ALT-MAINT-PSC-SKU-BIKE-MT-001-20260928-MT-OP-040-WIP-MT-BRAKE-SET-READY,2026-09-15T10:18,FIFO,10.7081,10.7081,0.0,False,,,PSC-SKU-BIKE-MT-001-20260810,,SKU-BIKE-MT-001,WIP-MT-BRAKE-SET-READY,BUF-MT-BRAKE,MT-OP-040,MT-OP-050,ADVISORY_DRAW_FOR_OPERATION,120.0,0.0,10.7081,0.0,109.2919,120.0,0.0,BALANCED,True,True
PHASE4-MPS-20260721170405,ALT-MAINT,SWIP-ALT-MAINT-00284,284,2026-10-20T14:19,LOT-ALT-MAINT-PSC-SKU-BIKE-MT-001-20260803-MT-OP-040-WIP-MT-BRAKE-SET-READY,2026-09-16T12:35,FIFO,49.0037,13.8131,35.1906,False,,,PSC-SKU-BIKE-MT-001-20260810,,SKU-BIKE-MT-001,WIP-MT-BRAKE-SET-READY,BUF-MT-BRAKE,MT-OP-040,MT-OP-050,ADVISORY_DRAW_FOR_OPERATION,109.2919,0.0,13.8131,0.0,95.4788,120.0,0.0,BALANCED,True,True
PHASE4-MPS-20260721170405,ALT-MAINT,SWIP-ALT-MAINT-00285,285,2026-10-20T14:19,LOT-ALT-MAINT-PSC-SKU-BIKE-MT-001-20260810-MT-OP-010-WIP-MT-FRAME-TO-FORK,2026-09-16T14:33,FIFO,11.0414,11.0414,0.0,False,,,PSC-SKU-BIKE-MT-001-20260824,,SKU-BIKE-MT-001,WIP-MT-FRAME-TO-FORK,BUF-MT-FRAME-FORK,MT-OP-010,MT-OP-020,ADVISORY_DRAW_FOR_OPERATION,80.0,0.0,11.0414,0.0,68.9586,80.0,0.0,BALANCED,True,True
PHASE4-MPS-20260721170405,ALT-MAINT,SWIP-ALT-MAINT-00286,286,2026-10-20T14:19,LOT-ALT-MAINT-PSC-SKU-BIKE-MT-001-20260831-MT-OP-010-WIP-MT-FRAME-TO-FORK,2026-10-07T14:04,FIFO,60.0,29.5213,30.4787,False,,,PSC-SKU-BIKE-MT-001-20260824,,SKU-BIKE-MT-001,WIP-MT-FRAME-TO-FORK,BUF-MT-FRAME-FORK,MT-OP-010,MT-OP-020,ADVISORY_DRAW_FOR_OPERATION,68.9586,0.0,29.5213,0.0,39.4373,80.0,0.0,BALANCED,True,True
PHASE4-MPS-20260721170405,ALT-MAINT,SWIP-ALT-MAINT-00287,287,2026-10-20T14:19,LOT-ALT-MAINT-PSC-SKU-BIKE-MT-001-20260831-MT-OP-010-WIP-MT-FRAME-TO-WHEEL,2026-10-07T14:04,FIFO,76.9741,24.5212,52.4529,False,,,PSC-SKU-BIKE-MT-001-20260824,,SKU-BIKE-MT-001,WIP-MT-FRAME-TO-WHEEL,BUF-MT-FRAME-WHEEL,MT-OP-010,MT-OP-030,ADVISORY_DRAW_FOR_OPERATION,80.0,0.0,24.5212,0.0,55.4788,80.0,0.0,BALANCED,True,True
PHASE4-MPS-20260721170405,ALT-MAINT,SWIP-ALT-MAINT-00288,288,2026-10-20T14:19,LOT-ALT-MAINT-PSC-SKU-BIKE-MT-001-20260810-MT-OP-010-WIP-MT-FRAME-TO-BRAKE,2026-09-16T14:33,FIFO,6.0,6.0,0.0,False,,,PSC-SKU-BIKE-MT-001-20260824,,SKU-BIKE-MT-001,WIP-MT-FRAME-TO-BRAKE,BUF-MT-FRAME-BRAKE,MT-OP-010,MT-OP-040,ADVISORY_DRAW_FOR_OPERATION,80.0,0.0,6.0,0.0,74.0,80.0,0.0,BALANCED,True,True
PHASE4-MPS-20260721170405,ALT-MAINT,SWIP-ALT-MAINT-00289,289,2026-10-20T14:19,LOT-ALT-MAINT-PSC-SKU-BIKE-MT-001-20260831-MT-OP-010-WIP-MT-FRAME-TO-BRAKE,2026-10-07T14:04,FIFO,74.0,18.5212,55.4788,False,,,PSC-SKU-BIKE-MT-001-20260824,,SKU-BIKE-MT-001,WIP-MT-FRAME-TO-BRAKE,BUF-MT-FRAME-BRAKE,MT-OP-010,MT-OP-040,ADVISORY_DRAW_FOR_OPERATION,74.0,0.0,18.5212,0.0,55.4788,80.0,0.0,BALANCED,True,True
PHASE4-MPS-20260721170405,ALT-MAINT,SWIP-ALT-MAINT-00290,290,2026-10-20T14:19,LOT-ALT-MAINT-PSC-SKU-BIKE-ROAD-001-20260803-ROAD-OP-040-WIP-ROAD-FINAL-ASSEMBLY-READY,2026-10-20T14:19,FIFO,60.0,60.0,0.0,False,,,PSC-SKU-BIKE-ROAD-001-20260803,,SKU-BIKE-ROAD-001,WIP-ROAD-FINAL-ASSEMBLY-READY,BUF-ROAD-ASM,ROAD-OP-040,ROAD-OP-050,ADVISORY_DRAW_FOR_OPERATION,60.0,0.0,60.0,0.0,0.0,60.0,0.0,BALANCED,True,True
PHASE4-MPS-20260721170405,ALT-MAINT,SWIP-ALT-MAINT-00291,291,2026-10-21T12:05,LOT-ALT-MAINT-PSC-SKU-BIKE-MT-001-20260928-MT-OP-010-WIP-MT-FRAME-TO-FORK,2026-10-21T12:05,,0.0,0.0,10.9963,False,,,PSC-SKU-BIKE-MT-001-20260928,,SKU-BIKE-MT-001,WIP-MT-FRAME-TO-FORK,BUF-MT-FRAME-FORK,MT-OP-010,MT-OP-020,ADVISORY_PRODUCTION_TO_BUFFER,39.4373,10.9963,0.0,0.0,50.4336,80.0,0.0,BALANCED,True,True
PHASE4-MPS-20260721170405,ALT-MAINT,SWIP-ALT-MAINT-00292,292,2026-10-21T12:05,LOT-ALT-MAINT-PSC-SKU-BIKE-MT-001-20260928-MT-OP-010-WIP-MT-FRAME-TO-WHEEL,2026-10-21T12:05,,0.0,0.0,10.9963,False,,,PSC-SKU-BIKE-MT-001-20260928,,SKU-BIKE-MT-001,WIP-MT-FRAME-TO-WHEEL,BUF-MT-FRAME-WHEEL,MT-OP-010,MT-OP-030,ADVISORY_PRODUCTION_TO_BUFFER,55.4788,10.9963,0.0,0.0,66.4751,80.0,0.0,BALANCED,True,True
PHASE4-MPS-20260721170405,ALT-MAINT,SWIP-ALT-MAINT-00293,293,2026-10-21T12:05,LOT-ALT-MAINT-PSC-SKU-BIKE-MT-001-20260928-MT-OP-010-WIP-MT-FRAME-TO-BRAKE,2026-10-21T12:05,,0.0,0.0,10.9963,False,,,PSC-SKU-BIKE-MT-001-20260928,,SKU-BIKE-MT-001,WIP-MT-FRAME-TO-BRAKE,BUF-MT-FRAME-BRAKE,MT-OP-010,MT-OP-040,ADVISORY_PRODUCTION_TO_BUFFER,55.4788,10.9963,0.0,0.0,66.4751,80.0,0.0,BALANCED,True,True
PHASE4-MPS-20260721170405,ALT-MAINT,SWIP-ALT-MAINT-00294,294,2026-10-22T10:14,LOT-ALT-MAINT-PSC-SKU-BIKE-MT-001-20260824-MT-OP-040-WIP-MT-BRAKE-SET-READY,2026-10-22T10:14,,0.0,0.0,24.5212,False,,,PSC-SKU-BIKE-MT-001-20260824,,SKU-BIKE-MT-001,WIP-MT-BRAKE-SET-READY,BUF-MT-BRAKE,MT-OP-040,MT-OP-050,ADVISORY_PRODUCTION_TO_BUFFER,95.4788,24.5212,0.0,0.0,120.0,120.0,0.0,BALANCED,True,True
PHASE4-MPS-20260721170405,ALT-MAINT,SWIP-ALT-MAINT-00295,295,2026-10-22T11:00,LOT-ALT-MAINT-PSC-SKU-BIKE-MT-001-20260921-MT-OP-010-WIP-MT-FRAME-TO-FORK,2026-10-22T11:00,,0.0,0.0,24.5212,False,,,PSC-SKU-BIKE-MT-001-20260921,,SKU-BIKE-MT-001,WIP-MT-FRAME-TO-FORK,BUF-MT-FRAME-FORK,MT-OP-010,MT-OP-020,ADVISORY_PRODUCTION_TO_BUFFER,50.4336,24.5212,0.0,0.0,74.9548,80.0,0.0,BALANCED,True,True
PHASE4-MPS-20260721170405,ALT-MAINT,SWIP-ALT-MAINT-00296,296,2026-10-22T11:00,LOT-ALT-MAINT-PSC-SKU-BIKE-MT-001-20260921-MT-OP-010-WIP-MT-FRAME-TO-WHEEL,2026-10-22T11:00,,0.0,0.0,13.5249,False,,,PSC-SKU-BIKE-MT-001-20260921,,SKU-BIKE-MT-001,WIP-MT-FRAME-TO-WHEEL,BUF-MT-FRAME-WHEEL,MT-OP-010,MT-OP-030,ADVISORY_PRODUCTION_TO_BUFFER,66.4751,24.5212,0.0,10.9963,80.0,80.0,0.0,BALANCED,True,True
PHASE4-MPS-20260721170405,ALT-MAINT,SWIP-ALT-MAINT-00297,297,2026-10-22T11:00,LOT-ALT-MAINT-PSC-SKU-BIKE-MT-001-20260921-MT-OP-010-WIP-MT-FRAME-TO-BRAKE,2026-10-22T11:00,,0.0,0.0,13.5249,False,,,PSC-SKU-BIKE-MT-001-20260921,,SKU-BIKE-MT-001,WIP-MT-FRAME-TO-BRAKE,BUF-MT-FRAME-BRAKE,MT-OP-010,MT-OP-040,ADVISORY_PRODUCTION_TO_BUFFER,66.4751,24.5212,0.0,10.9963,80.0,80.0,0.0,BALANCED,True,True
PHASE4-MPS-20260721170405,ALT-MAINT,SWIP-ALT-MAINT-00298,298,2026-10-22T13:35,LOT-ALT-MAINT-PSC-SKU-BIKE-MT-001-20260824-MT-OP-030-WIP-MT-WHEEL-SET-READY,2026-10-22T13:35,,0.0,0.0,24.5212,False,,,PSC-SKU-BIKE-MT-001-20260824,,SKU-BIKE-MT-001,WIP-MT-WHEEL-SET-READY,BUF-MT-WHEEL,MT-OP-030,MT-OP-050,ADVISORY_PRODUCTION_TO_BUFFER,95.4788,24.5212,0.0,0.0,120.0,120.0,0.0,BALANCED,True,True
PHASE4-MPS-20260721170405,ALT-MAINT,SWIP-ALT-MAINT-00299,299,2026-10-23T11:16,LOT-ALT-MAINT-PSC-SKU-BIKE-ROAD-001-20260803-ROAD-OP-050-WIP-ROAD-QC-PASSED,2026-10-23T11:16,,0.0,0.0,60.0,False,,,PSC-SKU-BIKE-ROAD-001-20260803,,SKU-BIKE-ROAD-001,WIP-ROAD-QC-PASSED,BUF-ROAD-QC,ROAD-OP-050,ROAD-OP-060,ADVISORY_PRODUCTION_TO_BUFFER,0.0,60.0,0.0,0.0,60.0,60.0,0.0,BALANCED,True,True
PHASE4-MPS-20260721170405,ALT-MAINT,SWIP-ALT-MAINT-00300,300,2026-10-23T11:16,LOT-ALT-MAINT-PSC-SKU-BIKE-ROAD-001-20260803-ROAD-OP-050-WIP-ROAD-QC-PASSED,2026-10-23T11:16,FIFO,60.0,15.4128,44.5872,False,,,PSC-SKU-BIKE-ROAD-001-20260803,,SKU-BIKE-ROAD-001,WIP-ROAD-QC-PASSED,BUF-ROAD-QC,ROAD-OP-050,ROAD-OP-060,ADVISORY_DRAW_FOR_OPERATION,60.0,0.0,15.4128,0.0,44.5872,60.0,0.0,BALANCED,True,True
PHASE4-MPS-20260721170405,ALT-MAINT,SWIP-ALT-MAINT-00301,301,2026-10-23T15:14,LOT-ALT-MAINT-PSC-SKU-BIKE-MT-001-20260810-MT-OP-050-WIP-MT-FINAL-ASSEMBLY-READY,2026-10-23T15:14,,0.0,0.0,24.5212,False,,,PSC-SKU-BIKE-MT-001-20260810,,SKU-BIKE-MT-001,WIP-MT-FINAL-ASSEMBLY-READY,BUF-MT-ASM,MT-OP-050,MT-OP-060,ADVISORY_PRODUCTION_TO_BUFFER,0.0,24.5212,0.0,0.0,24.5212,60.0,0.0,BALANCED,True,True
PHASE4-MPS-20260721170405,ALT-MAINT,SWIP-ALT-MAINT-00302,302,2026-10-23T15:15,LOT-ALT-MAINT-PSC-SKU-BIKE-MT-001-20260824-MT-OP-020-WIP-MT-FORK-READY,2026-10-23T15:15,,0.0,0.0,29.8545,False,,,PSC-SKU-BIKE-MT-001-20260824,,SKU-BIKE-MT-001,WIP-MT-FORK-READY,BUF-MT-FORK,MT-OP-020,MT-OP-050,ADVISORY_PRODUCTION_TO_BUFFER,90.1455,40.5627,0.0,10.7082,120.0,120.0,0.0,BALANCED,True,True
PHASE4-MPS-20260721170405,ALT-SETUP,SWIP-ALT-SETUP-00001,1,2026-06-29T08:00,LOT-START-WIP-MT-BRAKE-SET-READY-BUF-MT-BRAKE,2026-06-29T08:00,,0.0,0.0,39.0,False,,,,,,WIP-MT-BRAKE-SET-READY,BUF-MT-BRAKE,,,STARTING_ACCEPTED_WIP,0.0,39.0,0.0,0.0,39.0,120.0,0.0,BALANCED,True,True
PHASE4-MPS-20260721170405,ALT-SETUP,SWIP-ALT-SETUP-00002,2,2026-06-29T08:00,LOT-START-WIP-MT-QC-PASSED-BUF-MT-QC,2026-06-29T08:00,,0.0,0.0,18.0,False,,,,,,WIP-MT-QC-PASSED,BUF-MT-QC,,,STARTING_ACCEPTED_WIP,0.0,18.0,0.0,0.0,18.0,60.0,0.0,BALANCED,True,True
PHASE4-MPS-20260721170405,ALT-SETUP,SWIP-ALT-SETUP-00003,3,2026-06-29T08:00,LOT-START-WIP-MT-WHEEL-SET-READY-BUF-MT-WHEEL,2026-06-29T08:00,,0.0,0.0,45.0,False,,,,,,WIP-MT-WHEEL-SET-READY,BUF-MT-WHEEL,,,STARTING_ACCEPTED_WIP,0.0,45.0,0.0,0.0,45.0,120.0,0.0,BALANCED,True,True
PHASE4-MPS-20260721170405,ALT-SETUP,SWIP-ALT-SETUP-00004,4,2026-06-29T08:00,LOT-START-WIP-ROAD-BRAKE-SET-READY-BUF-ROAD-BRAKE,2026-06-29T08:00,,0.0,0.0,38.0,False,,,,,,WIP-ROAD-BRAKE-SET-READY,BUF-ROAD-BRAKE,,,STARTING_ACCEPTED_WIP,0.0,38.0,0.0,0.0,38.0,120.0,0.0,BALANCED,True,True
PHASE4-MPS-20260721170405,ALT-SETUP,SWIP-ALT-SETUP-00005,5,2026-06-29T08:00,LOT-START-WIP-ROAD-QC-PASSED-BUF-ROAD-QC,2026-06-29T08:00,,0.0,0.0,20.0,False,,,,,,WIP-ROAD-QC-PASSED,BUF-ROAD-QC,,,STARTING_ACCEPTED_WIP,0.0,20.0,0.0,0.0,20.0,60.0,0.0,BALANCED,True,True
PHASE4-MPS-20260721170405,ALT-SETUP,SWIP-ALT-SETUP-00006,6,2026-06-29T08:00,LOT-START-WIP-ROAD-WHEEL-SET-READY-BUF-ROAD-WHEEL,2026-06-29T08:00,,0.0,0.0,40.0,False,,,,,,WIP-ROAD-WHEEL-SET-READY,BUF-ROAD-WHEEL,,,STARTING_ACCEPTED_WIP,0.0,40.0,0.0,0.0,40.0,120.0,0.0,BALANCED,True,True
PHASE4-MPS-20260721170405,ALT-SETUP,SWIP-ALT-SETUP-00007,7,2026-06-29T08:00,LOT-START-WIP-MT-QC-PASSED-BUF-MT-QC,2026-06-29T08:00,FIFO,18.0,10.9963,7.0037,False,,,PSC-SKU-BIKE-MT-001-20260928,,SKU-BIKE-MT-001,WIP-MT-QC-PASSED,BUF-MT-QC,MT-OP-060,MT-OP-070,ADVISORY_DRAW_FOR_OPERATION,18.0,0.0,10.9963,0.0,7.0037,60.0,0.0,BALANCED,True,True
PHASE4-MPS-20260721170405,ALT-SETUP,SWIP-ALT-SETUP-00008,8,2026-06-29T08:00,LOT-START-WIP-ROAD-WHEEL-SET-READY-BUF-ROAD-WHEEL,2026-06-29T08:00,FIFO,40.0,14.202,25.798,False,,,PSC-SKU-BIKE-ROAD-001-20260928,,SKU-BIKE-ROAD-001,WIP-ROAD-WHEEL-SET-READY,BUF-ROAD-WHEEL,ROAD-OP-020,ROAD-OP-040,ADVISORY_DRAW_FOR_OPERATION,40.0,0.0,14.202,0.0,25.798,120.0,0.0,BALANCED,True,True
PHASE4-MPS-20260721170405,ALT-SETUP,SWIP-ALT-SETUP-00009,9,2026-06-29T08:00,LOT-START-WIP-ROAD-BRAKE-SET-READY-BUF-ROAD-BRAKE,2026-06-29T08:00,FIFO,38.0,14.202,23.798,False,,,PSC-SKU-BIKE-ROAD-001-20260928,,SKU-BIKE-ROAD-001,WIP-ROAD-BRAKE-SET-READY,BUF-ROAD-BRAKE,ROAD-OP-030,ROAD-OP-040,ADVISORY_DRAW_FOR_OPERATION,38.0,0.0,14.202,0.0,23.798,120.0,0.0,BALANCED,True,True
PHASE4-MPS-20260721170405,ALT-SETUP,SWIP-ALT-SETUP-00010,10,2026-06-29T11:08,LOT-START-WIP-MT-QC-PASSED-BUF-MT-QC,2026-06-29T08:00,FIFO,7.0037,7.0037,0.0,False,,,PSC-SKU-BIKE-MT-001-20260629,,SKU-BIKE-MT-001,WIP-MT-QC-PASSED,BUF-MT-QC,MT-OP-060,MT-OP-070,ADVISORY_DRAW_FOR_OPERATION,7.0037,0.0,7.0037,0.0,0.0,60.0,0.0,BALANCED,True,True
PHASE4-MPS-20260721170405,ALT-SETUP,SWIP-ALT-SETUP-00011,11,2026-06-29T13:08,LOT-START-WIP-ROAD-QC-PASSED-BUF-ROAD-QC,2026-06-29T08:00,FIFO,20.0,14.202,5.798,False,,,PSC-SKU-BIKE-ROAD-001-20260928,,SKU-BIKE-ROAD-001,WIP-ROAD-QC-PASSED,BUF-ROAD-QC,ROAD-OP-050,ROAD-OP-060,ADVISORY_DRAW_FOR_OPERATION,20.0,0.0,14.202,0.0,5.798,60.0,0.0,BALANCED,True,True
PHASE4-MPS-20260721170405,ALT-SETUP,SWIP-ALT-SETUP-00012,12,2026-06-30T11:51,LOT-ALT-SETUP-PSC-SKU-BIKE-ROAD-001-20260928-ROAD-OP-040-WIP-ROAD-FINAL-ASSEMBLY-READY,2026-06-30T11:51,,0.0,0.0,14.202,False,,,PSC-SKU-BIKE-ROAD-001-20260928,,SKU-BIKE-ROAD-001,WIP-ROAD-FINAL-ASSEMBLY-READY,BUF-ROAD-ASM,ROAD-OP-040,ROAD-OP-050,ADVISORY_PRODUCTION_TO_BUFFER,0.0,14.202,0.0,0.0,14.202,60.0,0.0,BALANCED,True,True
PHASE4-MPS-20260721170405,ALT-SETUP,SWIP-ALT-SETUP-00013,13,2026-06-30T11:51,LOT-ALT-SETUP-PSC-SKU-BIKE-ROAD-001-20260928-ROAD-OP-040-WIP-ROAD-FINAL-ASSEMBLY-READY,2026-06-30T11:51,FIFO,14.202,14.202,0.0,False,,,PSC-SKU-BIKE-ROAD-001-20260928,,SKU-BIKE-ROAD-001,WIP-ROAD-FINAL-ASSEMBLY-READY,BUF-ROAD-ASM,ROAD-OP-040,ROAD-OP-050,ADVISORY_DRAW_FOR_OPERATION,14.202,0.0,14.202,0.0,0.0,60.0,0.0,BALANCED,True,True
PHASE4-MPS-20260721170405,ALT-SETUP,SWIP-ALT-SETUP-00014,14,2026-07-01T09:08,LOT-ALT-SETUP-PSC-SKU-BIKE-ROAD-001-20260928-ROAD-OP-050-WIP-ROAD-QC-PASSED,2026-07-01T09:08,,0.0,0.0,14.202,False,,,PSC-SKU-BIKE-ROAD-001-20260928,,SKU-BIKE-ROAD-001,WIP-ROAD-QC-PASSED,BUF-ROAD-QC,ROAD-OP-050,ROAD-OP-060,ADVISORY_PRODUCTION_TO_BUFFER,5.798,14.202,0.0,0.0,20.0,60.0,0.0,BALANCED,True,True
PHASE4-MPS-20260721170405,ALT-SETUP,SWIP-ALT-SETUP-00015,15,2026-07-01T12:37,LOT-ALT-SETUP-PSC-SKU-BIKE-MT-001-20260629-MT-OP-010-WIP-MT-FRAME-TO-FORK,2026-07-01T12:37,,0.0,0.0,41.9815,False,,,PSC-SKU-BIKE-MT-001-20260629,,SKU-BIKE-MT-001,WIP-MT-FRAME-TO-FORK,BUF-MT-FRAME-FORK,MT-OP-010,MT-OP-020,ADVISORY_PRODUCTION_TO_BUFFER,0.0,41.9815,0.0,0.0,41.9815,80.0,0.0,BALANCED,True,True
PHASE4-MPS-20260721170405,ALT-SETUP,SWIP-ALT-SETUP-00016,16,2026-07-01T12:37,LOT-ALT-SETUP-PSC-SKU-BIKE-MT-001-20260629-MT-OP-010-WIP-MT-FRAME-TO-WHEEL,2026-07-01T12:37,,0.0,0.0,41.9815,False,,,PSC-SKU-BIKE-MT-001-20260629,,SKU-BIKE-MT-001,WIP-MT-FRAME-TO-WHEEL,BUF-MT-FRAME-WHEEL,MT-OP-010,MT-OP-030,ADVISORY_PRODUCTION_TO_BUFFER,0.0,41.9815,0.0,0.0,41.9815,80.0,0.0,BALANCED,True,True
PHASE4-MPS-20260721170405,ALT-SETUP,SWIP-ALT-SETUP-00017,17,2026-07-01T12:37,LOT-ALT-SETUP-PSC-SKU-BIKE-MT-001-20260629-MT-OP-010-WIP-MT-FRAME-TO-BRAKE,2026-07-01T12:37,,0.0,0.0,41.9815,False,,,PSC-SKU-BIKE-MT-001-20260629,,SKU-BIKE-MT-001,WIP-MT-FRAME-TO-BRAKE,BUF-MT-FRAME-BRAKE,MT-OP-010,MT-OP-040,ADVISORY_PRODUCTION_TO_BUFFER,0.0,41.9815,0.0,0.0,41.9815,80.0,0.0,BALANCED,True,True
PHASE4-MPS-20260721170405,ALT-SETUP,SWIP-ALT-SETUP-00018,18,2026-07-01T12:37,LOT-ALT-SETUP-PSC-SKU-BIKE-MT-001-20260629-MT-OP-010-WIP-MT-FRAME-TO-FORK,2026-07-01T12:37,FIFO,41.9815,41.9815,0.0,False,,,PSC-SKU-BIKE-MT-001-20260629,,SKU-BIKE-MT-001,WIP-MT-FRAME-TO-FORK,BUF-MT-FRAME-FORK,MT-OP-010,MT-OP-020,ADVISORY_DRAW_FOR_OPERATION,41.9815,0.0,41.9815,0.0,0.0,80.0,0.0,BALANCED,True,True
PHASE4-MPS-20260721170405,ALT-SETUP,SWIP-ALT-SETUP-00019,19,2026-07-01T12:37,LOT-ALT-SETUP-PSC-SKU-BIKE-MT-001-20260629-MT-OP-010-WIP-MT-FRAME-TO-WHEEL,2026-07-01T12:37,FIFO,41.9815,41.9815,0.0,False,,,PSC-SKU-BIKE-MT-001-20260629,,SKU-BIKE-MT-001,WIP-MT-FRAME-TO-WHEEL,BUF-MT-FRAME-WHEEL,MT-OP-010,MT-OP-030,ADVISORY_DRAW_FOR_OPERATION,41.9815,0.0,41.9815,0.0,0.0,80.0,0.0,BALANCED,True,True
PHASE4-MPS-20260721170405,ALT-SETUP,SWIP-ALT-SETUP-00020,20,2026-07-01T12:37,LOT-ALT-SETUP-PSC-SKU-BIKE-MT-001-20260629-MT-OP-010-WIP-MT-FRAME-TO-BRAKE,2026-07-01T12:37,FIFO,41.9815,41.9815,0.0,False,,,PSC-SKU-BIKE-MT-001-20260629,,SKU-BIKE-MT-001,WIP-MT-FRAME-TO-BRAKE,BUF-MT-FRAME-BRAKE,MT-OP-010,MT-OP-040,ADVISORY_DRAW_FOR_OPERATION,41.9815,0.0,41.9815,0.0,0.0,80.0,0.0,BALANCED,True,True
PHASE4-MPS-20260721170405,ALT-SETUP,SWIP-ALT-SETUP-00021,21,2026-07-01T14:41,LOT-ALT-SETUP-PSC-SKU-BIKE-ROAD-001-20260629-ROAD-OP-010-WIP-ROAD-FRAME-TO-WHEEL,2026-07-01T14:41,,0.0,0.0,53.9995,False,,,PSC-SKU-BIKE-ROAD-001-20260629,,SKU-BIKE-ROAD-001,WIP-ROAD-FRAME-TO-WHEEL,BUF-ROAD-FRAME-WHEEL,ROAD-OP-010,ROAD-OP-020,ADVISORY_PRODUCTION_TO_BUFFER,0.0,53.9995,0.0,0.0,53.9995,80.0,0.0,BALANCED,True,True
PHASE4-MPS-20260721170405,ALT-SETUP,SWIP-ALT-SETUP-00022,22,2026-07-01T14:41,LOT-ALT-SETUP-PSC-SKU-BIKE-ROAD-001-20260629-ROAD-OP-010-WIP-ROAD-FRAME-TO-BRAKE,2026-07-01T14:41,,0.0,0.0,53.9995,False,,,PSC-SKU-BIKE-ROAD-001-20260629,,SKU-BIKE-ROAD-001,WIP-ROAD-FRAME-TO-BRAKE,BUF-ROAD-FRAME-BRAKE,ROAD-OP-010,ROAD-OP-030,ADVISORY_PRODUCTION_TO_BUFFER,0.0,53.9995,0.0,0.0,53.9995,80.0,0.0,BALANCED,True,True
PHASE4-MPS-20260721170405,ALT-SETUP,SWIP-ALT-SETUP-00023,23,2026-07-01T14:41,LOT-ALT-SETUP-PSC-SKU-BIKE-ROAD-001-20260629-ROAD-OP-010-WIP-ROAD-FRAME-TO-WHEEL,2026-07-01T14:41,FIFO,53.9995,53.9995,0.0,False,,,PSC-SKU-BIKE-ROAD-001-20260629,,SKU-BIKE-ROAD-001,WIP-ROAD-FRAME-TO-WHEEL,BUF-ROAD-FRAME-WHEEL,ROAD-OP-010,ROAD-OP-020,ADVISORY_DRAW_FOR_OPERATION,53.9995,0.0,53.9995,0.0,0.0,80.0,0.0,BALANCED,True,True
PHASE4-MPS-20260721170405,ALT-SETUP,SWIP-ALT-SETUP-00024,24,2026-07-01T14:41,LOT-ALT-SETUP-PSC-SKU-BIKE-ROAD-001-20260629-ROAD-OP-010-WIP-ROAD-FRAME-TO-BRAKE,2026-07-01T14:41,FIFO,53.9995,53.9995,0.0,False,,,PSC-SKU-BIKE-ROAD-001-20260629,,SKU-BIKE-ROAD-001,WIP-ROAD-FRAME-TO-BRAKE,BUF-ROAD-FRAME-BRAKE,ROAD-OP-010,ROAD-OP-030,ADVISORY_DRAW_FOR_OPERATION,53.9995,0.0,53.9995,0.0,0.0,80.0,0.0,BALANCED,True,True
PHASE4-MPS-20260721170405,ALT-SETUP,SWIP-ALT-SETUP-00025,25,2026-07-06T08:42,LOT-ALT-SETUP-PSC-SKU-BIKE-MT-001-20260629-MT-OP-040-WIP-MT-BRAKE-SET-READY,2026-07-06T08:42,,0.0,0.0,41.9815,False,,,PSC-SKU-BIKE-MT-001-20260629,,SKU-BIKE-MT-001,WIP-MT-BRAKE-SET-READY,BUF-MT-BRAKE,MT-OP-040,MT-OP-050,ADVISORY_PRODUCTION_TO_BUFFER,39.0,41.9815,0.0,0.0,80.9815,120.0,0.0,BALANCED,True,True
PHASE4-MPS-20260721170405,ALT-SETUP,SWIP-ALT-SETUP-00026,26,2026-07-06T12:24,LOT-ALT-SETUP-PSC-SKU-BIKE-ROAD-001-20260629-ROAD-OP-030-WIP-ROAD-BRAKE-SET-READY,2026-07-06T12:24,,0.0,0.0,53.9995,False,,,PSC-SKU-BIKE-ROAD-001-20260629,,SKU-BIKE-ROAD-001,WIP-ROAD-BRAKE-SET-READY,BUF-ROAD-BRAKE,ROAD-OP-030,ROAD-OP-040,ADVISORY_PRODUCTION_TO_BUFFER,23.798,53.9995,0.0,0.0,77.7975,120.0,0.0,BALANCED,True,True
PHASE4-MPS-20260721170405,ALT-SETUP,SWIP-ALT-SETUP-00027,27,2026-07-06T14:21,LOT-ALT-SETUP-PSC-SKU-BIKE-MT-001-20260629-MT-OP-020-WIP-MT-FORK-READY,2026-07-06T14:21,,0.0,0.0,41.9815,False,,,PSC-SKU-BIKE-MT-001-20260629,,SKU-BIKE-MT-001,WIP-MT-FORK-READY,BUF-MT-FORK,MT-OP-020,MT-OP-050,ADVISORY_PRODUCTION_TO_BUFFER,0.0,41.9815,0.0,0.0,41.9815,120.0,0.0,BALANCED,True,True
PHASE4-MPS-20260721170405,ALT-SETUP,SWIP-ALT-SETUP-00028,28,2026-07-06T14:26,LOT-ALT-SETUP-PSC-SKU-BIKE-MT-001-20260629-MT-OP-030-WIP-MT-WHEEL-SET-READY,2026-07-06T14:26,,0.0,0.0,41.9815,False,,,PSC-SKU-BIKE-MT-001-20260629,,SKU-BIKE-MT-001,WIP-MT-WHEEL-SET-READY,BUF-MT-WHEEL,MT-OP-030,MT-OP-050,ADVISORY_PRODUCTION_TO_BUFFER,45.0,41.9815,0.0,0.0,86.9815,120.0,0.0,BALANCED,True,True
PHASE4-MPS-20260721170405,ALT-SETUP,SWIP-ALT-SETUP-00029,29,2026-07-07T10:48,LOT-ALT-SETUP-PSC-SKU-BIKE-ROAD-001-20260706-ROAD-OP-010-WIP-ROAD-FRAME-TO-WHEEL,2026-07-07T10:48,,0.0,0.0,26.0005,False,,,PSC-SKU-BIKE-ROAD-001-20260706,,SKU-BIKE-ROAD-001,WIP-ROAD-FRAME-TO-WHEEL,BUF-ROAD-FRAME-WHEEL,ROAD-OP-010,ROAD-OP-020,ADVISORY_PRODUCTION_TO_BUFFER,0.0,26.0005,0.0,0.0,26.0005,80.0,0.0,BALANCED,True,True
PHASE4-MPS-20260721170405,ALT-SETUP,SWIP-ALT-SETUP-00030,30,2026-07-07T10:48,LOT-ALT-SETUP-PSC-SKU-BIKE-ROAD-001-20260706-ROAD-OP-010-WIP-ROAD-FRAME-TO-BRAKE,2026-07-07T10:48,,0.0,0.0,26.0005,False,,,PSC-SKU-BIKE-ROAD-001-20260706,,SKU-BIKE-ROAD-001,WIP-ROAD-FRAME-TO-BRAKE,BUF-ROAD-FRAME-BRAKE,ROAD-OP-010,ROAD-OP-030,ADVISORY_PRODUCTION_TO_BUFFER,0.0,26.0005,0.0,0.0,26.0005,80.0,0.0,BALANCED,True,True
PHASE4-MPS-20260721170405,ALT-SETUP,SWIP-ALT-SETUP-00031,31,2026-07-07T10:48,LOT-ALT-SETUP-PSC-SKU-BIKE-ROAD-001-20260706-ROAD-OP-010-WIP-ROAD-FRAME-TO-WHEEL,2026-07-07T10:48,FIFO,26.0005,26.0005,0.0,False,,,PSC-SKU-BIKE-ROAD-001-20260706,,SKU-BIKE-ROAD-001,WIP-ROAD-FRAME-TO-WHEEL,BUF-ROAD-FRAME-WHEEL,ROAD-OP-010,ROAD-OP-020,ADVISORY_DRAW_FOR_OPERATION,26.0005,0.0,26.0005,0.0,0.0,80.0,0.0,BALANCED,True,True
PHASE4-MPS-20260721170405,ALT-SETUP,SWIP-ALT-SETUP-00032,32,2026-07-07T10:48,LOT-ALT-SETUP-PSC-SKU-BIKE-ROAD-001-20260706-ROAD-OP-010-WIP-ROAD-FRAME-TO-BRAKE,2026-07-07T10:48,FIFO,26.0005,26.0005,0.0,False,,,PSC-SKU-BIKE-ROAD-001-20260706,,SKU-BIKE-ROAD-001,WIP-ROAD-FRAME-TO-BRAKE,BUF-ROAD-FRAME-BRAKE,ROAD-OP-010,ROAD-OP-030,ADVISORY_DRAW_FOR_OPERATION,26.0005,0.0,26.0005,0.0,0.0,80.0,0.0,BALANCED,True,True
PHASE4-MPS-20260721170405,ALT-SETUP,SWIP-ALT-SETUP-00033,33,2026-07-07T12:09,LOT-ALT-SETUP-PSC-SKU-BIKE-ROAD-001-20260629-ROAD-OP-020-WIP-ROAD-WHEEL-SET-READY,2026-07-07T12:09,,0.0,0.0,53.9995,False,,,PSC-SKU-BIKE-ROAD-001-20260629,,SKU-BIKE-ROAD-001,WIP-ROAD-WHEEL-SET-READY,BUF-ROAD-WHEEL,ROAD-OP-020,ROAD-OP-040,ADVISORY_PRODUCTION_TO_BUFFER,25.798,53.9995,0.0,0.0,79.7975,120.0,0.0,BALANCED,True,True
PHASE4-MPS-20260721170405,ALT-SETUP,SWIP-ALT-SETUP-00034,34,2026-07-07T12:09,LOT-START-WIP-ROAD-WHEEL-SET-READY-BUF-ROAD-WHEEL,2026-06-29T08:00,FIFO,25.798,25.798,0.0,False,,,PSC-SKU-BIKE-ROAD-001-20260629,,SKU-BIKE-ROAD-001,WIP-ROAD-WHEEL-SET-READY,BUF-ROAD-WHEEL,ROAD-OP-020,ROAD-OP-040,ADVISORY_DRAW_FOR_OPERATION,79.7975,0.0,25.798,0.0,53.9995,120.0,0.0,BALANCED,True,True
PHASE4-MPS-20260721170405,ALT-SETUP,SWIP-ALT-SETUP-00035,35,2026-07-07T12:09,LOT-ALT-SETUP-PSC-SKU-BIKE-ROAD-001-20260629-ROAD-OP-020-WIP-ROAD-WHEEL-SET-READY,2026-07-07T12:09,FIFO,53.9995,28.2015,25.798,False,,,PSC-SKU-BIKE-ROAD-001-20260629,,SKU-BIKE-ROAD-001,WIP-ROAD-WHEEL-SET-READY,BUF-ROAD-WHEEL,ROAD-OP-020,ROAD-OP-040,ADVISORY_DRAW_FOR_OPERATION,53.9995,0.0,28.2015,0.0,25.798,120.0,0.0,BALANCED,True,True
PHASE4-MPS-20260721170405,ALT-SETUP,SWIP-ALT-SETUP-00036,36,2026-07-07T12:09,LOT-START-WIP-ROAD-BRAKE-SET-READY-BUF-ROAD-BRAKE,2026-06-29T08:00,FIFO,23.798,23.798,0.0,False,,,PSC-SKU-BIKE-ROAD-001-20260629,,SKU-BIKE-ROAD-001,WIP-ROAD-BRAKE-SET-READY,BUF-ROAD-BRAKE,ROAD-OP-030,ROAD-OP-040,ADVISORY_DRAW_FOR_OPERATION,77.7975,0.0,23.798,0.0,53.9995,120.0,0.0,BALANCED,True,True
PHASE4-MPS-20260721170405,ALT-SETUP,SWIP-ALT-SETUP-00037,37,2026-07-07T12:09,LOT-ALT-SETUP-PSC-SKU-BIKE-ROAD-001-20260629-ROAD-OP-030-WIP-ROAD-BRAKE-SET-READY,2026-07-06T12:24,FIFO,53.9995,30.2015,23.798,False,,,PSC-SKU-BIKE-ROAD-001-20260629,,SKU-BIKE-ROAD-001,WIP-ROAD-BRAKE-SET-READY,BUF-ROAD-BRAKE,ROAD-OP-030,ROAD-OP-040,ADVISORY_DRAW_FOR_OPERATION,53.9995,0.0,30.2015,0.0,23.798,120.0,0.0,BALANCED,True,True
PHASE4-MPS-20260721170405,ALT-SETUP,SWIP-ALT-SETUP-00038,38,2026-07-08T10:49,LOT-ALT-SETUP-PSC-SKU-BIKE-MT-001-20260706-MT-OP-010-WIP-MT-FRAME-TO-FORK,2026-07-08T10:49,,0.0,0.0,38.0185,False,,,PSC-SKU-BIKE-MT-001-20260706,,SKU-BIKE-MT-001,WIP-MT-FRAME-TO-FORK,BUF-MT-FRAME-FORK,MT-OP-010,MT-OP-020,ADVISORY_PRODUCTION_TO_BUFFER,0.0,38.0185,0.0,0.0,38.0185,80.0,0.0,BALANCED,True,True
PHASE4-MPS-20260721170405,ALT-SETUP,SWIP-ALT-SETUP-00039,39,2026-07-08T10:49,LOT-ALT-SETUP-PSC-SKU-BIKE-MT-001-20260706-MT-OP-010-WIP-MT-FRAME-TO-WHEEL,2026-07-08T10:49,,0.0,0.0,38.0185,False,,,PSC-SKU-BIKE-MT-001-20260706,,SKU-BIKE-MT-001,WIP-MT-FRAME-TO-WHEEL,BUF-MT-FRAME-WHEEL,MT-OP-010,MT-OP-030,ADVISORY_PRODUCTION_TO_BUFFER,0.0,38.0185,0.0,0.0,38.0185,80.0,0.0,BALANCED,True,True
PHASE4-MPS-20260721170405,ALT-SETUP,SWIP-ALT-SETUP-00040,40,2026-07-08T10:49,LOT-ALT-SETUP-PSC-SKU-BIKE-MT-001-20260706-MT-OP-010-WIP-MT-FRAME-TO-BRAKE,2026-07-08T10:49,,0.0,0.0,38.0185,False,,,PSC-SKU-BIKE-MT-001-20260706,,SKU-BIKE-MT-001,WIP-MT-FRAME-TO-BRAKE,BUF-MT-FRAME-BRAKE,MT-OP-010,MT-OP-040,ADVISORY_PRODUCTION_TO_BUFFER,0.0,38.0185,0.0,0.0,38.0185,80.0,0.0,BALANCED,True,True
PHASE4-MPS-20260721170405,ALT-SETUP,SWIP-ALT-SETUP-00041,41,2026-07-08T10:49,LOT-ALT-SETUP-PSC-SKU-BIKE-MT-001-20260706-MT-OP-010-WIP-MT-FRAME-TO-FORK,2026-07-08T10:49,FIFO,38.0185,38.0185,0.0,False,,,PSC-SKU-BIKE-MT-001-20260706,,SKU-BIKE-MT-001,WIP-MT-FRAME-TO-FORK,BUF-MT-FRAME-FORK,MT-OP-010,MT-OP-020,ADVISORY_DRAW_FOR_OPERATION,38.0185,0.0,38.0185,0.0,0.0,80.0,0.0,BALANCED,True,True
PHASE4-MPS-20260721170405,ALT-SETUP,SWIP-ALT-SETUP-00042,42,2026-07-08T10:49,LOT-ALT-SETUP-PSC-SKU-BIKE-MT-001-20260706-MT-OP-010-WIP-MT-FRAME-TO-WHEEL,2026-07-08T10:49,FIFO,38.0185,33.0185,5.0,False,,,PSC-SKU-BIKE-MT-001-20260706,,SKU-BIKE-MT-001,WIP-MT-FRAME-TO-WHEEL,BUF-MT-FRAME-WHEEL,MT-OP-010,MT-OP-030,ADVISORY_DRAW_FOR_OPERATION,38.0185,0.0,33.0185,0.0,5.0,80.0,0.0,BALANCED,True,True
PHASE4-MPS-20260721170405,ALT-SETUP,SWIP-ALT-SETUP-00043,43,2026-07-08T10:49,LOT-ALT-SETUP-PSC-SKU-BIKE-MT-001-20260706-MT-OP-010-WIP-MT-FRAME-TO-BRAKE,2026-07-08T10:49,FIFO,38.0185,38.0185,0.0,False,,,PSC-SKU-BIKE-MT-001-20260706,,SKU-BIKE-MT-001,WIP-MT-FRAME-TO-BRAKE,BUF-MT-FRAME-BRAKE,MT-OP-010,MT-OP-040,ADVISORY_DRAW_FOR_OPERATION,38.0185,0.0,38.0185,0.0,0.0,80.0,0.0,BALANCED,True,True
PHASE4-MPS-20260721170405,ALT-SETUP,SWIP-ALT-SETUP-00044,44,2026-07-08T10:49,LOT-ALT-SETUP-PSC-SKU-BIKE-MT-001-20260706-MT-OP-010-WIP-MT-FRAME-TO-WHEEL,2026-07-08T10:49,FIFO,5.0,5.0,0.0,False,,,PSC-SKU-BIKE-MT-001-20260713,,SKU-BIKE-MT-001,WIP-MT-FRAME-TO-WHEEL,BUF-MT-FRAME-WHEEL,MT-OP-010,MT-OP-030,ADVISORY_DRAW_FOR_OPERATION,5.0,0.0,5.0,0.0,0.0,80.0,0.0,BALANCED,True,True
PHASE4-MPS-20260721170405,ALT-SETUP,SWIP-ALT-SETUP-00045,45,2026-07-08T12:49,LOT-ALT-SETUP-PSC-SKU-BIKE-ROAD-001-20260706-ROAD-OP-030-WIP-ROAD-BRAKE-SET-READY,2026-07-08T12:49,,0.0,0.0,26.0005,False,,,PSC-SKU-BIKE-ROAD-001-20260706,,SKU-BIKE-ROAD-001,WIP-ROAD-BRAKE-SET-READY,BUF-ROAD-BRAKE,ROAD-OP-030,ROAD-OP-040,ADVISORY_PRODUCTION_TO_BUFFER,23.798,26.0005,0.0,0.0,49.7985,120.0,0.0,BALANCED,True,True
PHASE4-MPS-20260721170405,ALT-SETUP,SWIP-ALT-SETUP-00046,46,2026-07-08T13:37,LOT-ALT-SETUP-PSC-SKU-BIKE-MT-001-20260713-MT-OP-030-WIP-MT-WHEEL-SET-READY,2026-07-08T13:37,,0.0,0.0,5.0,False,,,PSC-SKU-BIKE-MT-001-20260713,,SKU-BIKE-MT-001,WIP-MT-WHEEL-SET-READY,BUF-MT-WHEEL,MT-OP-030,MT-OP-050,ADVISORY_PRODUCTION_TO_BUFFER,86.9815,5.0,0.0,0.0,91.9815,120.0,0.0,BALANCED,True,True
PHASE4-MPS-20260721170405,ALT-SETUP,SWIP-ALT-SETUP-00047,47,2026-07-09T08:58,LOT-ALT-SETUP-PSC-SKU-BIKE-ROAD-001-20260706-ROAD-OP-020-WIP-ROAD-WHEEL-SET-READY,2026-07-09T08:58,,0.0,0.0,26.0005,False,,,PSC-SKU-BIKE-ROAD-001-20260706,,SKU-BIKE-ROAD-001,WIP-ROAD-WHEEL-SET-READY,BUF-ROAD-WHEEL,ROAD-OP-020,ROAD-OP-040,ADVISORY_PRODUCTION_TO_BUFFER,25.798,26.0005,0.0,0.0,51.7985,120.0,0.0,BALANCED,True,True
PHASE4-MPS-20260721170405,ALT-SETUP,SWIP-ALT-SETUP-00048,48,2026-07-10T12:27,LOT-ALT-SETUP-PSC-SKU-BIKE-MT-001-20260706-MT-OP-040-WIP-MT-BRAKE-SET-READY,2026-07-10T12:27,,0.0,0.0,38.0185,False,,,PSC-SKU-BIKE-MT-001-20260706,,SKU-BIKE-MT-001,WIP-MT-BRAKE-SET-READY,BUF-MT-BRAKE,MT-OP-040,MT-OP-050,ADVISORY_PRODUCTION_TO_BUFFER,80.9815,38.0185,0.0,0.0,119.0,120.0,0.0,BALANCED,True,True
PHASE4-MPS-20260721170405,ALT-SETUP,SWIP-ALT-SETUP-00049,49,2026-07-10T14:51,LOT-ALT-SETUP-PSC-SKU-BIKE-MT-001-20260706-MT-OP-030-WIP-MT-WHEEL-SET-READY,2026-07-10T14:51,,0.0,0.0,28.0185,False,,,PSC-SKU-BIKE-MT-001-20260706,,SKU-BIKE-MT-001,WIP-MT-WHEEL-SET-READY,BUF-MT-WHEEL,MT-OP-030,MT-OP-050,ADVISORY_PRODUCTION_TO_BUFFER,91.9815,33.0185,0.0,5.0,120.0,120.0,0.0,BALANCED,True,True
PHASE4-MPS-20260721170405,ALT-SETUP,SWIP-ALT-SETUP-00050,50,2026-07-13T10:19,LOT-ALT-SETUP-PSC-SKU-BIKE-MT-001-20260706-MT-OP-020-WIP-MT-FORK-READY,2026-07-13T10:19,,0.0,0.0,38.0185,False,,,PSC-SKU-BIKE-MT-001-20260706,,SKU-BIKE-MT-001,WIP-MT-FORK-READY,BUF-MT-FORK,MT-OP-020,MT-OP-050,ADVISORY_PRODUCTION_TO_BUFFER,41.9815,38.0185,0.0,0.0,80.0,120.0,0.0,BALANCED,True,True
PHASE4-MPS-20260721170405,ALT-SETUP,SWIP-ALT-SETUP-00051,51,2026-07-13T10:19,LOT-ALT-SETUP-PSC-SKU-BIKE-MT-001-20260629-MT-OP-020-WIP-MT-FORK-READY,2026-07-06T14:21,FIFO,41.9815,41.9815,0.0,False,,,PSC-SKU-BIKE-MT-001-20260706,,SKU-BIKE-MT-001,WIP-MT-FORK-READY,BUF-MT-FORK,MT-OP-020,MT-OP-050,ADVISORY_DRAW_FOR_OPERATION,80.0,0.0,41.9815,0.0,38.0185,120.0,0.0,BALANCED,True,True
PHASE4-MPS-20260721170405,ALT-SETUP,SWIP-ALT-SETUP-00052,52,2026-07-13T10:19,LOT-ALT-SETUP-PSC-SKU-BIKE-MT-001-20260706-MT-OP-020-WIP-MT-FORK-READY,2026-07-13T10:19,FIFO,38.0185,18.0185,20.0,False,,,PSC-SKU-BIKE-MT-001-20260706,,SKU-BIKE-MT-001,WIP-MT-FORK-READY,BUF-MT-FORK,MT-OP-020,MT-OP-050,ADVISORY_DRAW_FOR_OPERATION,38.0185,0.0,18.0185,0.0,20.0,120.0,0.0,BALANCED,True,True
PHASE4-MPS-20260721170405,ALT-SETUP,SWIP-ALT-SETUP-00053,53,2026-07-13T10:19,LOT-START-WIP-MT-WHEEL-SET-READY-BUF-MT-WHEEL,2026-06-29T08:00,FIFO,45.0,45.0,0.0,False,,,PSC-SKU-BIKE-MT-001-20260706,,SKU-BIKE-MT-001,WIP-MT-WHEEL-SET-READY,BUF-MT-WHEEL,MT-OP-030,MT-OP-050,ADVISORY_DRAW_FOR_OPERATION,120.0,0.0,45.0,0.0,75.0,120.0,0.0,BALANCED,True,True
PHASE4-MPS-20260721170405,ALT-SETUP,SWIP-ALT-SETUP-00054,54,2026-07-13T10:19,LOT-ALT-SETUP-PSC-SKU-BIKE-MT-001-20260629-MT-OP-030-WIP-MT-WHEEL-SET-READY,2026-07-06T14:26,FIFO,41.9815,15.0,26.9815,False,,,PSC-SKU-BIKE-MT-001-20260706,,SKU-BIKE-MT-001,WIP-MT-WHEEL-SET-READY,BUF-MT-WHEEL,MT-OP-030,MT-OP-050,ADVISORY_DRAW_FOR_OPERATION,75.0,0.0,15.0,0.0,60.0,120.0,0.0,BALANCED,True,True
PHASE4-MPS-20260721170405,ALT-SETUP,SWIP-ALT-SETUP-00055,55,2026-07-13T10:19,LOT-START-WIP-MT-BRAKE-SET-READY-BUF-MT-BRAKE,2026-06-29T08:00,FIFO,39.0,39.0,0.0,False,,,PSC-SKU-BIKE-MT-001-20260706,,SKU-BIKE-MT-001,WIP-MT-BRAKE-SET-READY,BUF-MT-BRAKE,MT-OP-040,MT-OP-050,ADVISORY_DRAW_FOR_OPERATION,119.0,0.0,39.0,0.0,80.0,120.0,0.0,BALANCED,True,True
PHASE4-MPS-20260721170405,ALT-SETUP,SWIP-ALT-SETUP-00056,56,2026-07-13T10:19,LOT-ALT-SETUP-PSC-SKU-BIKE-MT-001-20260629-MT-OP-040-WIP-MT-BRAKE-SET-READY,2026-07-06T08:42,FIFO,41.9815,21.0,20.9815,False,,,PSC-SKU-BIKE-MT-001-20260706,,SKU-BIKE-MT-001,WIP-MT-BRAKE-SET-READY,BUF-MT-BRAKE,MT-OP-040,MT-OP-050,ADVISORY_DRAW_FOR_OPERATION,80.0,0.0,21.0,0.0,59.0,120.0,0.0,BALANCED,True,True
PHASE4-MPS-20260721170405,ALT-SETUP,SWIP-ALT-SETUP-00057,57,2026-07-22T14:04,LOT-ALT-SETUP-PSC-SKU-BIKE-MT-001-20260706-MT-OP-050-WIP-MT-FINAL-ASSEMBLY-READY,2026-07-22T14:04,,0.0,0.0,60.0,False,,,PSC-SKU-BIKE-MT-001-20260706,,SKU-BIKE-MT-001,WIP-MT-FINAL-ASSEMBLY-READY,BUF-MT-ASM,MT-OP-050,MT-OP-060,ADVISORY_PRODUCTION_TO_BUFFER,0.0,60.0,0.0,0.0,60.0,60.0,0.0,BALANCED,True,True
PHASE4-MPS-20260721170405,ALT-SETUP,SWIP-ALT-SETUP-00058,58,2026-07-22T14:04,LOT-ALT-SETUP-PSC-SKU-BIKE-MT-001-20260706-MT-OP-050-WIP-MT-FINAL-ASSEMBLY-READY,2026-07-22T14:04,FIFO,60.0,60.0,0.0,False,,,PSC-SKU-BIKE-MT-001-20260706,,SKU-BIKE-MT-001,WIP-MT-FINAL-ASSEMBLY-READY,BUF-MT-ASM,MT-OP-050,MT-OP-060,ADVISORY_DRAW_FOR_OPERATION,60.0,0.0,60.0,0.0,0.0,60.0,0.0,BALANCED,True,True
PHASE4-MPS-20260721170405,ALT-SETUP,SWIP-ALT-SETUP-00059,59,2026-07-27T08:14,LOT-ALT-SETUP-PSC-SKU-BIKE-ROAD-001-20260629-ROAD-OP-040-WIP-ROAD-FINAL-ASSEMBLY-READY,2026-07-27T08:14,,0.0,0.0,53.9995,False,,,PSC-SKU-BIKE-ROAD-001-20260629,,SKU-BIKE-ROAD-001,WIP-ROAD-FINAL-ASSEMBLY-READY,BUF-ROAD-ASM,ROAD-OP-040,ROAD-OP-050,ADVISORY_PRODUCTION_TO_BUFFER,0.0,53.9995,0.0,0.0,53.9995,60.0,0.0,BALANCED,True,True
PHASE4-MPS-20260721170405,ALT-SETUP,SWIP-ALT-SETUP-00060,60,2026-07-27T08:14,LOT-ALT-SETUP-PSC-SKU-BIKE-ROAD-001-20260629-ROAD-OP-020-WIP-ROAD-WHEEL-SET-READY,2026-07-07T12:09,FIFO,25.798,25.798,0.0,False,,,PSC-SKU-BIKE-ROAD-001-20260706,,SKU-BIKE-ROAD-001,WIP-ROAD-WHEEL-SET-READY,BUF-ROAD-WHEEL,ROAD-OP-020,ROAD-OP-040,ADVISORY_DRAW_FOR_OPERATION,51.7985,0.0,25.798,0.0,26.0005,120.0,0.0,BALANCED,True,True
PHASE4-MPS-20260721170405,ALT-SETUP,SWIP-ALT-SETUP-00061,61,2026-07-27T08:14,LOT-ALT-SETUP-PSC-SKU-BIKE-ROAD-001-20260706-ROAD-OP-020-WIP-ROAD-WHEEL-SET-READY,2026-07-09T08:58,FIFO,26.0005,20.2025,5.798,False,,,PSC-SKU-BIKE-ROAD-001-20260706,,SKU-BIKE-ROAD-001,WIP-ROAD-WHEEL-SET-READY,BUF-ROAD-WHEEL,ROAD-OP-020,ROAD-OP-040,ADVISORY_DRAW_FOR_OPERATION,26.0005,0.0,20.2025,0.0,5.798,120.0,0.0,BALANCED,True,True
PHASE4-MPS-20260721170405,ALT-SETUP,SWIP-ALT-SETUP-00062,62,2026-07-27T08:14,LOT-ALT-SETUP-PSC-SKU-BIKE-ROAD-001-20260629-ROAD-OP-030-WIP-ROAD-BRAKE-SET-READY,2026-07-06T12:24,FIFO,23.798,23.798,0.0,False,,,PSC-SKU-BIKE-ROAD-001-20260706,,SKU-BIKE-ROAD-001,WIP-ROAD-BRAKE-SET-READY,BUF-ROAD-BRAKE,ROAD-OP-030,ROAD-OP-040,ADVISORY_DRAW_FOR_OPERATION,49.7985,0.0,23.798,0.0,26.0005,120.0,0.0,BALANCED,True,True
PHASE4-MPS-20260721170405,ALT-SETUP,SWIP-ALT-SETUP-00063,63,2026-07-27T08:14,LOT-ALT-SETUP-PSC-SKU-BIKE-ROAD-001-20260706-ROAD-OP-030-WIP-ROAD-BRAKE-SET-READY,2026-07-08T12:49,FIFO,26.0005,22.2025,3.798,False,,,PSC-SKU-BIKE-ROAD-001-20260706,,SKU-BIKE-ROAD-001,WIP-ROAD-BRAKE-SET-READY,BUF-ROAD-BRAKE,ROAD-OP-030,ROAD-OP-040,ADVISORY_DRAW_FOR_OPERATION,26.0005,0.0,22.2025,0.0,3.798,120.0,0.0,BALANCED,True,True
PHASE4-MPS-20260721170405,ALT-SETUP,SWIP-ALT-SETUP-00064,64,2026-07-27T14:59,LOT-ALT-SETUP-PSC-SKU-BIKE-MT-001-20260706-MT-OP-060-WIP-MT-QC-PASSED,2026-07-27T14:59,,0.0,0.0,60.0,False,,,PSC-SKU-BIKE-MT-001-20260706,,SKU-BIKE-MT-001,WIP-MT-QC-PASSED,BUF-MT-QC,MT-OP-060,MT-OP-070,ADVISORY_PRODUCTION_TO_BUFFER,0.0,60.0,0.0,0.0,60.0,60.0,0.0,BALANCED,True,True
PHASE4-MPS-20260721170405,ALT-SETUP,SWIP-ALT-SETUP-00065,65,2026-07-27T14:59,LOT-ALT-SETUP-PSC-SKU-BIKE-MT-001-20260706-MT-OP-060-WIP-MT-QC-PASSED,2026-07-27T14:59,FIFO,60.0,60.0,0.0,False,,,PSC-SKU-BIKE-MT-001-20260706,,SKU-BIKE-MT-001,WIP-MT-QC-PASSED,BUF-MT-QC,MT-OP-060,MT-OP-070,ADVISORY_DRAW_FOR_OPERATION,60.0,0.0,60.0,0.0,0.0,60.0,0.0,BALANCED,True,True
PHASE4-MPS-20260721170405,ALT-SETUP,SWIP-ALT-SETUP-00066,66,2026-07-27T14:59,LOT-ALT-SETUP-PSC-SKU-BIKE-ROAD-001-20260629-ROAD-OP-040-WIP-ROAD-FINAL-ASSEMBLY-READY,2026-07-27T08:14,FIFO,53.9995,40.0,13.9995,False,,,PSC-SKU-BIKE-ROAD-001-20260629,,SKU-BIKE-ROAD-001,WIP-ROAD-FINAL-ASSEMBLY-READY,BUF-ROAD-ASM,ROAD-OP-040,ROAD-OP-050,ADVISORY_DRAW_FOR_OPERATION,53.9995,0.0,40.0,0.0,13.9995,60.0,0.0,BALANCED,True,True
PHASE4-MPS-20260721170405,ALT-SETUP,SWIP-ALT-SETUP-00067,67,2026-07-29T12:52,LOT-ALT-SETUP-PSC-SKU-BIKE-ROAD-001-20260629-ROAD-OP-050-WIP-ROAD-QC-PASSED,2026-07-29T12:52,,0.0,0.0,40.0,False,,,PSC-SKU-BIKE-ROAD-001-20260629,,SKU-BIKE-ROAD-001,WIP-ROAD-QC-PASSED,BUF-ROAD-QC,ROAD-OP-050,ROAD-OP-060,ADVISORY_PRODUCTION_TO_BUFFER,20.0,40.0,0.0,0.0,60.0,60.0,0.0,BALANCED,True,True
PHASE4-MPS-20260721170405,ALT-SETUP,SWIP-ALT-SETUP-00068,68,2026-07-30T10:22,LOT-START-WIP-ROAD-QC-PASSED-BUF-ROAD-QC,2026-06-29T08:00,FIFO,5.798,5.798,0.0,False,,,PSC-SKU-BIKE-ROAD-001-20260629,,SKU-BIKE-ROAD-001,WIP-ROAD-QC-PASSED,BUF-ROAD-QC,ROAD-OP-050,ROAD-OP-060,ADVISORY_DRAW_FOR_OPERATION,60.0,0.0,5.798,0.0,54.202,60.0,0.0,BALANCED,True,True
PHASE4-MPS-20260721170405,ALT-SETUP,SWIP-ALT-SETUP-00069,69,2026-07-30T10:22,LOT-ALT-SETUP-PSC-SKU-BIKE-ROAD-001-20260928-ROAD-OP-050-WIP-ROAD-QC-PASSED,2026-07-01T09:08,FIFO,14.202,14.202,0.0,False,,,PSC-SKU-BIKE-ROAD-001-20260629,,SKU-BIKE-ROAD-001,WIP-ROAD-QC-PASSED,BUF-ROAD-QC,ROAD-OP-050,ROAD-OP-060,ADVISORY_DRAW_FOR_OPERATION,54.202,0.0,14.202,0.0,40.0,60.0,0.0,BALANCED,True,True
PHASE4-MPS-20260721170405,ALT-SETUP,SWIP-ALT-SETUP-00070,70,2026-07-30T10:22,LOT-ALT-SETUP-PSC-SKU-BIKE-ROAD-001-20260629-ROAD-OP-050-WIP-ROAD-QC-PASSED,2026-07-29T12:52,FIFO,40.0,33.9995,6.0005,False,,,PSC-SKU-BIKE-ROAD-001-20260629,,SKU-BIKE-ROAD-001,WIP-ROAD-QC-PASSED,BUF-ROAD-QC,ROAD-OP-050,ROAD-OP-060,ADVISORY_DRAW_FOR_OPERATION,40.0,0.0,33.9995,0.0,6.0005,60.0,0.0,BALANCED,True,True
PHASE4-MPS-20260721170405,ALT-SETUP,SWIP-ALT-SETUP-00071,71,2026-07-31T13:56,LOT-ALT-SETUP-PSC-SKU-BIKE-ROAD-001-20260706-ROAD-OP-040-WIP-ROAD-FINAL-ASSEMBLY-READY,2026-07-31T13:56,,0.0,0.0,46.0005,False,,,PSC-SKU-BIKE-ROAD-001-20260706,,SKU-BIKE-ROAD-001,WIP-ROAD-FINAL-ASSEMBLY-READY,BUF-ROAD-ASM,ROAD-OP-040,ROAD-OP-050,ADVISORY_PRODUCTION_TO_BUFFER,13.9995,46.0005,0.0,0.0,60.0,60.0,0.0,BALANCED,True,True
PHASE4-MPS-20260721170405,ALT-SETUP,SWIP-ALT-SETUP-00072,72,2026-07-31T13:56,LOT-ALT-SETUP-PSC-SKU-BIKE-ROAD-001-20260629-ROAD-OP-040-WIP-ROAD-FINAL-ASSEMBLY-READY,2026-07-27T08:14,FIFO,13.9995,13.9995,0.0,False,,,PSC-SKU-BIKE-ROAD-001-20260706,,SKU-BIKE-ROAD-001,WIP-ROAD-FINAL-ASSEMBLY-READY,BUF-ROAD-ASM,ROAD-OP-040,ROAD-OP-050,ADVISORY_DRAW_FOR_OPERATION,60.0,0.0,13.9995,0.0,46.0005,60.0,0.0,BALANCED,True,True
PHASE4-MPS-20260721170405,ALT-SETUP,SWIP-ALT-SETUP-00073,73,2026-07-31T13:56,LOT-ALT-SETUP-PSC-SKU-BIKE-ROAD-001-20260706-ROAD-OP-040-WIP-ROAD-FINAL-ASSEMBLY-READY,2026-07-31T13:56,FIFO,46.0005,40.0,6.0005,False,,,PSC-SKU-BIKE-ROAD-001-20260706,,SKU-BIKE-ROAD-001,WIP-ROAD-FINAL-ASSEMBLY-READY,BUF-ROAD-ASM,ROAD-OP-040,ROAD-OP-050,ADVISORY_DRAW_FOR_OPERATION,46.0005,0.0,40.0,0.0,6.0005,60.0,0.0,BALANCED,True,True
PHASE4-MPS-20260721170405,ALT-SETUP,SWIP-ALT-SETUP-00074,74,2026-07-31T13:56,LOT-ALT-SETUP-PSC-SKU-BIKE-ROAD-001-20260706-ROAD-OP-020-WIP-ROAD-WHEEL-SET-READY,2026-07-09T08:58,FIFO,5.798,3.798,2.0,False,,,PSC-SKU-BIKE-ROAD-001-20260713,,SKU-BIKE-ROAD-001,WIP-ROAD-WHEEL-SET-READY,BUF-ROAD-WHEEL,ROAD-OP-020,ROAD-OP-040,ADVISORY_DRAW_FOR_OPERATION,5.798,0.0,3.798,0.0,2.0,120.0,0.0,BALANCED,True,True
PHASE4-MPS-20260721170405,ALT-SETUP,SWIP-ALT-SETUP-00075,75,2026-07-31T13:56,LOT-ALT-SETUP-PSC-SKU-BIKE-ROAD-001-20260706-ROAD-OP-030-WIP-ROAD-BRAKE-SET-READY,2026-07-08T12:49,FIFO,3.798,3.798,0.0,False,,,PSC-SKU-BIKE-ROAD-001-20260713,,SKU-BIKE-ROAD-001,WIP-ROAD-BRAKE-SET-READY,BUF-ROAD-BRAKE,ROAD-OP-030,ROAD-OP-040,ADVISORY_DRAW_FOR_OPERATION,3.798,0.0,3.798,0.0,0.0,120.0,0.0,BALANCED,True,True
PHASE4-MPS-20260721170405,ALT-SETUP,SWIP-ALT-SETUP-00076,76,2026-08-03T09:33,LOT-ALT-SETUP-PSC-SKU-BIKE-ROAD-001-20260713-ROAD-OP-040-WIP-ROAD-FINAL-ASSEMBLY-READY,2026-08-03T09:33,,0.0,0.0,3.798,False,,,PSC-SKU-BIKE-ROAD-001-20260713,,SKU-BIKE-ROAD-001,WIP-ROAD-FINAL-ASSEMBLY-READY,BUF-ROAD-ASM,ROAD-OP-040,ROAD-OP-050,ADVISORY_PRODUCTION_TO_BUFFER,6.0005,3.798,0.0,0.0,9.7985,60.0,0.0,BALANCED,True,True
PHASE4-MPS-20260721170405,ALT-SETUP,SWIP-ALT-SETUP-00077,77,2026-08-05T08:54,LOT-ALT-SETUP-PSC-SKU-BIKE-ROAD-001-20260706-ROAD-OP-050-WIP-ROAD-QC-PASSED,2026-08-05T08:54,,0.0,0.0,53.9995,False,,,PSC-SKU-BIKE-ROAD-001-20260706,,SKU-BIKE-ROAD-001,WIP-ROAD-QC-PASSED,BUF-ROAD-QC,ROAD-OP-050,ROAD-OP-060,ADVISORY_PRODUCTION_TO_BUFFER,6.0005,53.9995,0.0,0.0,60.0,60.0,0.0,BALANCED,True,True
PHASE4-MPS-20260721170405,ALT-SETUP,SWIP-ALT-SETUP-00078,78,2026-08-05T08:54,LOT-ALT-SETUP-PSC-SKU-BIKE-ROAD-001-20260629-ROAD-OP-050-WIP-ROAD-QC-PASSED,2026-07-29T12:52,FIFO,6.0005,6.0005,0.0,False,,,PSC-SKU-BIKE-ROAD-001-20260706,,SKU-BIKE-ROAD-001,WIP-ROAD-QC-PASSED,BUF-ROAD-QC,ROAD-OP-050,ROAD-OP-060,ADVISORY_DRAW_FOR_OPERATION,60.0,0.0,6.0005,0.0,53.9995,60.0,0.0,BALANCED,True,True
PHASE4-MPS-20260721170405,ALT-SETUP,SWIP-ALT-SETUP-00079,79,2026-08-05T08:54,LOT-ALT-SETUP-PSC-SKU-BIKE-ROAD-001-20260706-ROAD-OP-050-WIP-ROAD-QC-PASSED,2026-08-05T08:54,FIFO,53.9995,53.9995,0.0,False,,,PSC-SKU-BIKE-ROAD-001-20260706,,SKU-BIKE-ROAD-001,WIP-ROAD-QC-PASSED,BUF-ROAD-QC,ROAD-OP-050,ROAD-OP-060,ADVISORY_DRAW_FOR_OPERATION,53.9995,0.0,53.9995,0.0,0.0,60.0,0.0,BALANCED,True,True
PHASE4-MPS-20260721170405,ALT-SETUP,SWIP-ALT-SETUP-00080,80,2026-08-05T08:54,LOT-ALT-SETUP-PSC-SKU-BIKE-ROAD-001-20260706-ROAD-OP-040-WIP-ROAD-FINAL-ASSEMBLY-READY,2026-07-31T13:56,FIFO,6.0005,6.0005,0.0,False,,,PSC-SKU-BIKE-ROAD-001-20260713,,SKU-BIKE-ROAD-001,WIP-ROAD-FINAL-ASSEMBLY-READY,BUF-ROAD-ASM,ROAD-OP-040,ROAD-OP-050,ADVISORY_DRAW_FOR_OPERATION,9.7985,0.0,6.0005,0.0,3.798,60.0,0.0,BALANCED,True,True
PHASE4-MPS-20260721170405,ALT-SETUP,SWIP-ALT-SETUP-00081,81,2026-08-05T08:54,LOT-ALT-SETUP-PSC-SKU-BIKE-ROAD-001-20260713-ROAD-OP-040-WIP-ROAD-FINAL-ASSEMBLY-READY,2026-08-03T09:33,FIFO,3.798,3.798,0.0,False,,,PSC-SKU-BIKE-ROAD-001-20260713,,SKU-BIKE-ROAD-001,WIP-ROAD-FINAL-ASSEMBLY-READY,BUF-ROAD-ASM,ROAD-OP-040,ROAD-OP-050,ADVISORY_DRAW_FOR_OPERATION,3.798,0.0,3.798,0.0,0.0,60.0,0.0,BALANCED,True,True
PHASE4-MPS-20260721170405,ALT-SETUP,SWIP-ALT-SETUP-00082,82,2026-08-05T11:55,LOT-ALT-SETUP-PSC-SKU-BIKE-ROAD-001-20260713-ROAD-OP-050-WIP-ROAD-QC-PASSED,2026-08-05T11:55,,0.0,0.0,9.7985,False,,,PSC-SKU-BIKE-ROAD-001-20260713,,SKU-BIKE-ROAD-001,WIP-ROAD-QC-PASSED,BUF-ROAD-QC,ROAD-OP-050,ROAD-OP-060,ADVISORY_PRODUCTION_TO_BUFFER,0.0,9.7985,0.0,0.0,9.7985,60.0,0.0,BALANCED,True,True
PHASE4-MPS-20260721170405,ALT-SETUP,SWIP-ALT-SETUP-00083,83,2026-08-07T09:29,LOT-ALT-SETUP-PSC-SKU-BIKE-ROAD-001-20260713-ROAD-OP-050-WIP-ROAD-QC-PASSED,2026-08-05T11:55,FIFO,9.7985,9.7985,0.0,False,,,PSC-SKU-BIKE-ROAD-001-20260713,,SKU-BIKE-ROAD-001,WIP-ROAD-QC-PASSED,BUF-ROAD-QC,ROAD-OP-050,ROAD-OP-060,ADVISORY_DRAW_FOR_OPERATION,9.7985,0.0,9.7985,0.0,0.0,60.0,0.0,BALANCED,True,True
PHASE4-MPS-20260721170405,ALT-WIP,SWIP-ALT-WIP-00001,1,2026-06-29T08:00,LOT-START-WIP-MT-BRAKE-SET-READY-BUF-MT-BRAKE,2026-06-29T08:00,,0.0,0.0,39.0,False,,,,,,WIP-MT-BRAKE-SET-READY,BUF-MT-BRAKE,,,STARTING_ACCEPTED_WIP,0.0,39.0,0.0,0.0,39.0,120.0,0.0,BALANCED,True,True
PHASE4-MPS-20260721170405,ALT-WIP,SWIP-ALT-WIP-00002,2,2026-06-29T08:00,LOT-START-WIP-MT-QC-PASSED-BUF-MT-QC,2026-06-29T08:00,,0.0,0.0,18.0,False,,,,,,WIP-MT-QC-PASSED,BUF-MT-QC,,,STARTING_ACCEPTED_WIP,0.0,18.0,0.0,0.0,18.0,60.0,0.0,BALANCED,True,True
PHASE4-MPS-20260721170405,ALT-WIP,SWIP-ALT-WIP-00003,3,2026-06-29T08:00,LOT-START-WIP-MT-WHEEL-SET-READY-BUF-MT-WHEEL,2026-06-29T08:00,,0.0,0.0,45.0,False,,,,,,WIP-MT-WHEEL-SET-READY,BUF-MT-WHEEL,,,STARTING_ACCEPTED_WIP,0.0,45.0,0.0,0.0,45.0,120.0,0.0,BALANCED,True,True
PHASE4-MPS-20260721170405,ALT-WIP,SWIP-ALT-WIP-00004,4,2026-06-29T08:00,LOT-START-WIP-ROAD-BRAKE-SET-READY-BUF-ROAD-BRAKE,2026-06-29T08:00,,0.0,0.0,38.0,False,,,,,,WIP-ROAD-BRAKE-SET-READY,BUF-ROAD-BRAKE,,,STARTING_ACCEPTED_WIP,0.0,38.0,0.0,0.0,38.0,120.0,0.0,BALANCED,True,True
PHASE4-MPS-20260721170405,ALT-WIP,SWIP-ALT-WIP-00005,5,2026-06-29T08:00,LOT-START-WIP-ROAD-QC-PASSED-BUF-ROAD-QC,2026-06-29T08:00,,0.0,0.0,20.0,False,,,,,,WIP-ROAD-QC-PASSED,BUF-ROAD-QC,,,STARTING_ACCEPTED_WIP,0.0,20.0,0.0,0.0,20.0,60.0,0.0,BALANCED,True,True
PHASE4-MPS-20260721170405,ALT-WIP,SWIP-ALT-WIP-00006,6,2026-06-29T08:00,LOT-START-WIP-ROAD-WHEEL-SET-READY-BUF-ROAD-WHEEL,2026-06-29T08:00,,0.0,0.0,40.0,False,,,,,,WIP-ROAD-WHEEL-SET-READY,BUF-ROAD-WHEEL,,,STARTING_ACCEPTED_WIP,0.0,40.0,0.0,0.0,40.0,120.0,0.0,BALANCED,True,True
PHASE4-MPS-20260721170405,ALT-WIP,SWIP-ALT-WIP-00007,7,2026-07-01T12:37,LOT-ALT-WIP-PSC-SKU-BIKE-MT-001-20260629-MT-OP-010-WIP-MT-FRAME-TO-FORK,2026-07-01T12:37,,0.0,0.0,41.9815,False,,,PSC-SKU-BIKE-MT-001-20260629,,SKU-BIKE-MT-001,WIP-MT-FRAME-TO-FORK,BUF-MT-FRAME-FORK,MT-OP-010,MT-OP-020,ADVISORY_PRODUCTION_TO_BUFFER,0.0,41.9815,0.0,0.0,41.9815,80.0,0.0,BALANCED,True,True
PHASE4-MPS-20260721170405,ALT-WIP,SWIP-ALT-WIP-00008,8,2026-07-01T12:37,LOT-ALT-WIP-PSC-SKU-BIKE-MT-001-20260629-MT-OP-010-WIP-MT-FRAME-TO-WHEEL,2026-07-01T12:37,,0.0,0.0,41.9815,False,,,PSC-SKU-BIKE-MT-001-20260629,,SKU-BIKE-MT-001,WIP-MT-FRAME-TO-WHEEL,BUF-MT-FRAME-WHEEL,MT-OP-010,MT-OP-030,ADVISORY_PRODUCTION_TO_BUFFER,0.0,41.9815,0.0,0.0,41.9815,80.0,0.0,BALANCED,True,True
PHASE4-MPS-20260721170405,ALT-WIP,SWIP-ALT-WIP-00009,9,2026-07-01T12:37,LOT-ALT-WIP-PSC-SKU-BIKE-MT-001-20260629-MT-OP-010-WIP-MT-FRAME-TO-BRAKE,2026-07-01T12:37,,0.0,0.0,41.9815,False,,,PSC-SKU-BIKE-MT-001-20260629,,SKU-BIKE-MT-001,WIP-MT-FRAME-TO-BRAKE,BUF-MT-FRAME-BRAKE,MT-OP-010,MT-OP-040,ADVISORY_PRODUCTION_TO_BUFFER,0.0,41.9815,0.0,0.0,41.9815,80.0,0.0,BALANCED,True,True
PHASE4-MPS-20260721170405,ALT-WIP,SWIP-ALT-WIP-00010,10,2026-07-01T12:37,LOT-ALT-WIP-PSC-SKU-BIKE-MT-001-20260629-MT-OP-010-WIP-MT-FRAME-TO-FORK,2026-07-01T12:37,FIFO,41.9815,41.9815,0.0,False,,,PSC-SKU-BIKE-MT-001-20260629,,SKU-BIKE-MT-001,WIP-MT-FRAME-TO-FORK,BUF-MT-FRAME-FORK,MT-OP-010,MT-OP-020,ADVISORY_DRAW_FOR_OPERATION,41.9815,0.0,41.9815,0.0,0.0,80.0,0.0,BALANCED,True,True
PHASE4-MPS-20260721170405,ALT-WIP,SWIP-ALT-WIP-00011,11,2026-07-01T12:37,LOT-ALT-WIP-PSC-SKU-BIKE-MT-001-20260629-MT-OP-010-WIP-MT-FRAME-TO-WHEEL,2026-07-01T12:37,FIFO,41.9815,41.9815,0.0,False,,,PSC-SKU-BIKE-MT-001-20260629,,SKU-BIKE-MT-001,WIP-MT-FRAME-TO-WHEEL,BUF-MT-FRAME-WHEEL,MT-OP-010,MT-OP-030,ADVISORY_DRAW_FOR_OPERATION,41.9815,0.0,41.9815,0.0,0.0,80.0,0.0,BALANCED,True,True
PHASE4-MPS-20260721170405,ALT-WIP,SWIP-ALT-WIP-00012,12,2026-07-01T12:37,LOT-ALT-WIP-PSC-SKU-BIKE-MT-001-20260629-MT-OP-010-WIP-MT-FRAME-TO-BRAKE,2026-07-01T12:37,FIFO,41.9815,41.9815,0.0,False,,,PSC-SKU-BIKE-MT-001-20260629,,SKU-BIKE-MT-001,WIP-MT-FRAME-TO-BRAKE,BUF-MT-FRAME-BRAKE,MT-OP-010,MT-OP-040,ADVISORY_DRAW_FOR_OPERATION,41.9815,0.0,41.9815,0.0,0.0,80.0,0.0,BALANCED,True,True
PHASE4-MPS-20260721170405,ALT-WIP,SWIP-ALT-WIP-00013,13,2026-07-01T14:41,LOT-ALT-WIP-PSC-SKU-BIKE-ROAD-001-20260629-ROAD-OP-010-WIP-ROAD-FRAME-TO-WHEEL,2026-07-01T14:41,,0.0,0.0,53.9995,False,,,PSC-SKU-BIKE-ROAD-001-20260629,,SKU-BIKE-ROAD-001,WIP-ROAD-FRAME-TO-WHEEL,BUF-ROAD-FRAME-WHEEL,ROAD-OP-010,ROAD-OP-020,ADVISORY_PRODUCTION_TO_BUFFER,0.0,53.9995,0.0,0.0,53.9995,80.0,0.0,BALANCED,True,True
PHASE4-MPS-20260721170405,ALT-WIP,SWIP-ALT-WIP-00014,14,2026-07-01T14:41,LOT-ALT-WIP-PSC-SKU-BIKE-ROAD-001-20260629-ROAD-OP-010-WIP-ROAD-FRAME-TO-BRAKE,2026-07-01T14:41,,0.0,0.0,53.9995,False,,,PSC-SKU-BIKE-ROAD-001-20260629,,SKU-BIKE-ROAD-001,WIP-ROAD-FRAME-TO-BRAKE,BUF-ROAD-FRAME-BRAKE,ROAD-OP-010,ROAD-OP-030,ADVISORY_PRODUCTION_TO_BUFFER,0.0,53.9995,0.0,0.0,53.9995,80.0,0.0,BALANCED,True,True
PHASE4-MPS-20260721170405,ALT-WIP,SWIP-ALT-WIP-00015,15,2026-07-01T14:41,LOT-ALT-WIP-PSC-SKU-BIKE-ROAD-001-20260629-ROAD-OP-010-WIP-ROAD-FRAME-TO-WHEEL,2026-07-01T14:41,FIFO,53.9995,53.9995,0.0,False,,,PSC-SKU-BIKE-ROAD-001-20260629,,SKU-BIKE-ROAD-001,WIP-ROAD-FRAME-TO-WHEEL,BUF-ROAD-FRAME-WHEEL,ROAD-OP-010,ROAD-OP-020,ADVISORY_DRAW_FOR_OPERATION,53.9995,0.0,53.9995,0.0,0.0,80.0,0.0,BALANCED,True,True
PHASE4-MPS-20260721170405,ALT-WIP,SWIP-ALT-WIP-00016,16,2026-07-01T14:41,LOT-ALT-WIP-PSC-SKU-BIKE-ROAD-001-20260629-ROAD-OP-010-WIP-ROAD-FRAME-TO-BRAKE,2026-07-01T14:41,FIFO,53.9995,53.9995,0.0,False,,,PSC-SKU-BIKE-ROAD-001-20260629,,SKU-BIKE-ROAD-001,WIP-ROAD-FRAME-TO-BRAKE,BUF-ROAD-FRAME-BRAKE,ROAD-OP-010,ROAD-OP-030,ADVISORY_DRAW_FOR_OPERATION,53.9995,0.0,53.9995,0.0,0.0,80.0,0.0,BALANCED,True,True
PHASE4-MPS-20260721170405,ALT-WIP,SWIP-ALT-WIP-00017,17,2026-07-06T08:42,LOT-ALT-WIP-PSC-SKU-BIKE-MT-001-20260629-MT-OP-040-WIP-MT-BRAKE-SET-READY,2026-07-06T08:42,,0.0,0.0,41.9815,False,,,PSC-SKU-BIKE-MT-001-20260629,,SKU-BIKE-MT-001,WIP-MT-BRAKE-SET-READY,BUF-MT-BRAKE,MT-OP-040,MT-OP-050,ADVISORY_PRODUCTION_TO_BUFFER,39.0,41.9815,0.0,0.0,80.9815,120.0,0.0,BALANCED,True,True
PHASE4-MPS-20260721170405,ALT-WIP,SWIP-ALT-WIP-00018,18,2026-07-06T12:24,LOT-ALT-WIP-PSC-SKU-BIKE-ROAD-001-20260629-ROAD-OP-030-WIP-ROAD-BRAKE-SET-READY,2026-07-06T12:24,,0.0,0.0,53.9995,False,,,PSC-SKU-BIKE-ROAD-001-20260629,,SKU-BIKE-ROAD-001,WIP-ROAD-BRAKE-SET-READY,BUF-ROAD-BRAKE,ROAD-OP-030,ROAD-OP-040,ADVISORY_PRODUCTION_TO_BUFFER,38.0,53.9995,0.0,0.0,91.9995,120.0,0.0,BALANCED,True,True
PHASE4-MPS-20260721170405,ALT-WIP,SWIP-ALT-WIP-00019,19,2026-07-06T14:21,LOT-ALT-WIP-PSC-SKU-BIKE-MT-001-20260629-MT-OP-020-WIP-MT-FORK-READY,2026-07-06T14:21,,0.0,0.0,41.9815,False,,,PSC-SKU-BIKE-MT-001-20260629,,SKU-BIKE-MT-001,WIP-MT-FORK-READY,BUF-MT-FORK,MT-OP-020,MT-OP-050,ADVISORY_PRODUCTION_TO_BUFFER,0.0,41.9815,0.0,0.0,41.9815,120.0,0.0,BALANCED,True,True
PHASE4-MPS-20260721170405,ALT-WIP,SWIP-ALT-WIP-00020,20,2026-07-06T14:21,LOT-ALT-WIP-PSC-SKU-BIKE-MT-001-20260629-MT-OP-020-WIP-MT-FORK-READY,2026-07-06T14:21,FIFO,41.9815,41.9815,0.0,False,,,PSC-SKU-BIKE-MT-001-20260629,,SKU-BIKE-MT-001,WIP-MT-FORK-READY,BUF-MT-FORK,MT-OP-020,MT-OP-050,ADVISORY_DRAW_FOR_OPERATION,41.9815,0.0,41.9815,0.0,0.0,120.0,0.0,BALANCED,True,True
PHASE4-MPS-20260721170405,ALT-WIP,SWIP-ALT-WIP-00021,21,2026-07-06T14:21,LOT-START-WIP-MT-WHEEL-SET-READY-BUF-MT-WHEEL,2026-06-29T08:00,FIFO,45.0,41.9815,3.0185,False,,,PSC-SKU-BIKE-MT-001-20260629,,SKU-BIKE-MT-001,WIP-MT-WHEEL-SET-READY,BUF-MT-WHEEL,MT-OP-030,MT-OP-050,ADVISORY_DRAW_FOR_OPERATION,45.0,0.0,41.9815,0.0,3.0185,120.0,0.0,BALANCED,True,True
PHASE4-MPS-20260721170405,ALT-WIP,SWIP-ALT-WIP-00022,22,2026-07-06T14:21,LOT-START-WIP-MT-BRAKE-SET-READY-BUF-MT-BRAKE,2026-06-29T08:00,FIFO,39.0,39.0,0.0,False,,,PSC-SKU-BIKE-MT-001-20260629,,SKU-BIKE-MT-001,WIP-MT-BRAKE-SET-READY,BUF-MT-BRAKE,MT-OP-040,MT-OP-050,ADVISORY_DRAW_FOR_OPERATION,80.9815,0.0,39.0,0.0,41.9815,120.0,0.0,BALANCED,True,True
PHASE4-MPS-20260721170405,ALT-WIP,SWIP-ALT-WIP-00023,23,2026-07-06T14:21,LOT-ALT-WIP-PSC-SKU-BIKE-MT-001-20260629-MT-OP-040-WIP-MT-BRAKE-SET-READY,2026-07-06T08:42,FIFO,41.9815,2.9815,39.0,False,,,PSC-SKU-BIKE-MT-001-20260629,,SKU-BIKE-MT-001,WIP-MT-BRAKE-SET-READY,BUF-MT-BRAKE,MT-OP-040,MT-OP-050,ADVISORY_DRAW_FOR_OPERATION,41.9815,0.0,2.9815,0.0,39.0,120.0,0.0,BALANCED,True,True
PHASE4-MPS-20260721170405,ALT-WIP,SWIP-ALT-WIP-00024,24,2026-07-06T14:26,LOT-ALT-WIP-PSC-SKU-BIKE-MT-001-20260629-MT-OP-030-WIP-MT-WHEEL-SET-READY,2026-07-06T14:26,,0.0,0.0,41.9815,False,,,PSC-SKU-BIKE-MT-001-20260629,,SKU-BIKE-MT-001,WIP-MT-WHEEL-SET-READY,BUF-MT-WHEEL,MT-OP-030,MT-OP-050,ADVISORY_PRODUCTION_TO_BUFFER,3.0185,41.9815,0.0,0.0,45.0,120.0,0.0,BALANCED,True,True
PHASE4-MPS-20260721170405,ALT-WIP,SWIP-ALT-WIP-00025,25,2026-07-07T12:09,LOT-ALT-WIP-PSC-SKU-BIKE-ROAD-001-20260629-ROAD-OP-020-WIP-ROAD-WHEEL-SET-READY,2026-07-07T12:09,,0.0,0.0,53.9995,False,,,PSC-SKU-BIKE-ROAD-001-20260629,,SKU-BIKE-ROAD-001,WIP-ROAD-WHEEL-SET-READY,BUF-ROAD-WHEEL,ROAD-OP-020,ROAD-OP-040,ADVISORY_PRODUCTION_TO_BUFFER,40.0,53.9995,0.0,0.0,93.9995,120.0,0.0,BALANCED,True,True
PHASE4-MPS-20260721170405,ALT-WIP,SWIP-ALT-WIP-00026,26,2026-07-10T10:15,LOT-ALT-WIP-PSC-SKU-BIKE-ROAD-001-20260706-ROAD-OP-010-WIP-ROAD-FRAME-TO-WHEEL,2026-07-10T10:15,,0.0,0.0,80.0,False,,,PSC-SKU-BIKE-ROAD-001-20260706,,SKU-BIKE-ROAD-001,WIP-ROAD-FRAME-TO-WHEEL,BUF-ROAD-FRAME-WHEEL,ROAD-OP-010,ROAD-OP-020,ADVISORY_PRODUCTION_TO_BUFFER,0.0,80.0,0.0,0.0,80.0,80.0,0.0,BALANCED,True,True
PHASE4-MPS-20260721170405,ALT-WIP,SWIP-ALT-WIP-00027,27,2026-07-10T10:15,LOT-ALT-WIP-PSC-SKU-BIKE-ROAD-001-20260706-ROAD-OP-010-WIP-ROAD-FRAME-TO-BRAKE,2026-07-10T10:15,,0.0,0.0,80.0,False,,,PSC-SKU-BIKE-ROAD-001-20260706,,SKU-BIKE-ROAD-001,WIP-ROAD-FRAME-TO-BRAKE,BUF-ROAD-FRAME-BRAKE,ROAD-OP-010,ROAD-OP-030,ADVISORY_PRODUCTION_TO_BUFFER,0.0,80.0,0.0,0.0,80.0,80.0,0.0,BALANCED,True,True
PHASE4-MPS-20260721170405,ALT-WIP,SWIP-ALT-WIP-00028,28,2026-07-10T10:15,LOT-ALT-WIP-PSC-SKU-BIKE-ROAD-001-20260706-ROAD-OP-010-WIP-ROAD-FRAME-TO-WHEEL,2026-07-10T10:15,FIFO,80.0,80.0,0.0,False,,,PSC-SKU-BIKE-ROAD-001-20260706,,SKU-BIKE-ROAD-001,WIP-ROAD-FRAME-TO-WHEEL,BUF-ROAD-FRAME-WHEEL,ROAD-OP-010,ROAD-OP-020,ADVISORY_DRAW_FOR_OPERATION,80.0,0.0,80.0,0.0,0.0,80.0,0.0,BALANCED,True,True
PHASE4-MPS-20260721170405,ALT-WIP,SWIP-ALT-WIP-00029,29,2026-07-10T10:15,LOT-ALT-WIP-PSC-SKU-BIKE-ROAD-001-20260706-ROAD-OP-010-WIP-ROAD-FRAME-TO-BRAKE,2026-07-10T10:15,FIFO,80.0,80.0,0.0,False,,,PSC-SKU-BIKE-ROAD-001-20260706,,SKU-BIKE-ROAD-001,WIP-ROAD-FRAME-TO-BRAKE,BUF-ROAD-FRAME-BRAKE,ROAD-OP-010,ROAD-OP-030,ADVISORY_DRAW_FOR_OPERATION,80.0,0.0,80.0,0.0,0.0,80.0,0.0,BALANCED,True,True
PHASE4-MPS-20260721170405,ALT-WIP,SWIP-ALT-WIP-00030,30,2026-07-10T14:22,LOT-ALT-WIP-PSC-SKU-BIKE-MT-001-20260706-MT-OP-010-WIP-MT-FRAME-TO-FORK,2026-07-10T14:22,,0.0,0.0,76.9741,False,,,PSC-SKU-BIKE-MT-001-20260706,,SKU-BIKE-MT-001,WIP-MT-FRAME-TO-FORK,BUF-MT-FRAME-FORK,MT-OP-010,MT-OP-020,ADVISORY_PRODUCTION_TO_BUFFER,0.0,76.9741,0.0,0.0,76.9741,80.0,0.0,BALANCED,True,True
PHASE4-MPS-20260721170405,ALT-WIP,SWIP-ALT-WIP-00031,31,2026-07-10T14:22,LOT-ALT-WIP-PSC-SKU-BIKE-MT-001-20260706-MT-OP-010-WIP-MT-FRAME-TO-WHEEL,2026-07-10T14:22,,0.0,0.0,76.9741,False,,,PSC-SKU-BIKE-MT-001-20260706,,SKU-BIKE-MT-001,WIP-MT-FRAME-TO-WHEEL,BUF-MT-FRAME-WHEEL,MT-OP-010,MT-OP-030,ADVISORY_PRODUCTION_TO_BUFFER,0.0,76.9741,0.0,0.0,76.9741,80.0,0.0,BALANCED,True,True
PHASE4-MPS-20260721170405,ALT-WIP,SWIP-ALT-WIP-00032,32,2026-07-10T14:22,LOT-ALT-WIP-PSC-SKU-BIKE-MT-001-20260706-MT-OP-010-WIP-MT-FRAME-TO-BRAKE,2026-07-10T14:22,,0.0,0.0,76.9741,False,,,PSC-SKU-BIKE-MT-001-20260706,,SKU-BIKE-MT-001,WIP-MT-FRAME-TO-BRAKE,BUF-MT-FRAME-BRAKE,MT-OP-010,MT-OP-040,ADVISORY_PRODUCTION_TO_BUFFER,0.0,76.9741,0.0,0.0,76.9741,80.0,0.0,BALANCED,True,True
PHASE4-MPS-20260721170405,ALT-WIP,SWIP-ALT-WIP-00033,33,2026-07-10T14:22,LOT-ALT-WIP-PSC-SKU-BIKE-MT-001-20260706-MT-OP-010-WIP-MT-FRAME-TO-FORK,2026-07-10T14:22,FIFO,76.9741,76.9741,0.0,False,,,PSC-SKU-BIKE-MT-001-20260706,,SKU-BIKE-MT-001,WIP-MT-FRAME-TO-FORK,BUF-MT-FRAME-FORK,MT-OP-010,MT-OP-020,ADVISORY_DRAW_FOR_OPERATION,76.9741,0.0,76.9741,0.0,0.0,80.0,0.0,BALANCED,True,True
PHASE4-MPS-20260721170405,ALT-WIP,SWIP-ALT-WIP-00034,34,2026-07-10T14:22,LOT-ALT-WIP-PSC-SKU-BIKE-MT-001-20260706-MT-OP-010-WIP-MT-FRAME-TO-WHEEL,2026-07-10T14:22,FIFO,76.9741,75.0,1.9741,False,,,PSC-SKU-BIKE-MT-001-20260706,,SKU-BIKE-MT-001,WIP-MT-FRAME-TO-WHEEL,BUF-MT-FRAME-WHEEL,MT-OP-010,MT-OP-030,ADVISORY_DRAW_FOR_OPERATION,76.9741,0.0,75.0,0.0,1.9741,80.0,0.0,BALANCED,True,True
PHASE4-MPS-20260721170405,ALT-WIP,SWIP-ALT-WIP-00035,35,2026-07-10T14:22,LOT-ALT-WIP-PSC-SKU-BIKE-MT-001-20260706-MT-OP-010-WIP-MT-FRAME-TO-BRAKE,2026-07-10T14:22,FIFO,76.9741,76.9741,0.0,False,,,PSC-SKU-BIKE-MT-001-20260706,,SKU-BIKE-MT-001,WIP-MT-FRAME-TO-BRAKE,BUF-MT-FRAME-BRAKE,MT-OP-010,MT-OP-040,ADVISORY_DRAW_FOR_OPERATION,76.9741,0.0,76.9741,0.0,0.0,80.0,0.0,BALANCED,True,True
PHASE4-MPS-20260721170405,ALT-WIP,SWIP-ALT-WIP-00036,36,2026-07-14T08:59,LOT-ALT-WIP-PSC-SKU-BIKE-MT-001-20260629-MT-OP-050-WIP-MT-FINAL-ASSEMBLY-READY,2026-07-14T08:59,,0.0,0.0,41.9815,False,,,PSC-SKU-BIKE-MT-001-20260629,,SKU-BIKE-MT-001,WIP-MT-FINAL-ASSEMBLY-READY,BUF-MT-ASM,MT-OP-050,MT-OP-060,ADVISORY_PRODUCTION_TO_BUFFER,0.0,41.9815,0.0,0.0,41.9815,60.0,0.0,BALANCED,True,True
PHASE4-MPS-20260721170405,ALT-WIP,SWIP-ALT-WIP-00037,37,2026-07-14T08:59,LOT-ALT-WIP-PSC-SKU-BIKE-MT-001-20260629-MT-OP-050-WIP-MT-FINAL-ASSEMBLY-READY,2026-07-14T08:59,FIFO,41.9815,41.9815,0.0,False,,,PSC-SKU-BIKE-MT-001-20260629,,SKU-BIKE-MT-001,WIP-MT-FINAL-ASSEMBLY-READY,BUF-MT-ASM,MT-OP-050,MT-OP-060,ADVISORY_DRAW_FOR_OPERATION,41.9815,0.0,41.9815,0.0,0.0,60.0,0.0,BALANCED,True,True
PHASE4-MPS-20260721170405,ALT-WIP,SWIP-ALT-WIP-00038,38,2026-07-14T08:59,LOT-START-WIP-ROAD-WHEEL-SET-READY-BUF-ROAD-WHEEL,2026-06-29T08:00,FIFO,40.0,40.0,0.0,False,,,PSC-SKU-BIKE-ROAD-001-20260629,,SKU-BIKE-ROAD-001,WIP-ROAD-WHEEL-SET-READY,BUF-ROAD-WHEEL,ROAD-OP-020,ROAD-OP-040,ADVISORY_DRAW_FOR_OPERATION,93.9995,0.0,40.0,0.0,53.9995,120.0,0.0,BALANCED,True,True
PHASE4-MPS-20260721170405,ALT-WIP,SWIP-ALT-WIP-00039,39,2026-07-14T08:59,LOT-ALT-WIP-PSC-SKU-BIKE-ROAD-001-20260629-ROAD-OP-020-WIP-ROAD-WHEEL-SET-READY,2026-07-07T12:09,FIFO,53.9995,13.9995,40.0,False,,,PSC-SKU-BIKE-ROAD-001-20260629,,SKU-BIKE-ROAD-001,WIP-ROAD-WHEEL-SET-READY,BUF-ROAD-WHEEL,ROAD-OP-020,ROAD-OP-040,ADVISORY_DRAW_FOR_OPERATION,53.9995,0.0,13.9995,0.0,40.0,120.0,0.0,BALANCED,True,True
PHASE4-MPS-20260721170405,ALT-WIP,SWIP-ALT-WIP-00040,40,2026-07-14T08:59,LOT-START-WIP-ROAD-BRAKE-SET-READY-BUF-ROAD-BRAKE,2026-06-29T08:00,FIFO,38.0,38.0,0.0,False,,,PSC-SKU-BIKE-ROAD-001-20260629,,SKU-BIKE-ROAD-001,WIP-ROAD-BRAKE-SET-READY,BUF-ROAD-BRAKE,ROAD-OP-030,ROAD-OP-040,ADVISORY_DRAW_FOR_OPERATION,91.9995,0.0,38.0,0.0,53.9995,120.0,0.0,BALANCED,True,True
PHASE4-MPS-20260721170405,ALT-WIP,SWIP-ALT-WIP-00041,41,2026-07-14T08:59,LOT-ALT-WIP-PSC-SKU-BIKE-ROAD-001-20260629-ROAD-OP-030-WIP-ROAD-BRAKE-SET-READY,2026-07-06T12:24,FIFO,53.9995,15.9995,38.0,False,,,PSC-SKU-BIKE-ROAD-001-20260629,,SKU-BIKE-ROAD-001,WIP-ROAD-BRAKE-SET-READY,BUF-ROAD-BRAKE,ROAD-OP-030,ROAD-OP-040,ADVISORY_DRAW_FOR_OPERATION,53.9995,0.0,15.9995,0.0,38.0,120.0,0.0,BALANCED,True,True
PHASE4-MPS-20260721170405,ALT-WIP,SWIP-ALT-WIP-00042,42,2026-07-16T09:59,LOT-ALT-WIP-PSC-SKU-BIKE-ROAD-001-20260706-ROAD-OP-030-WIP-ROAD-BRAKE-SET-READY,2026-07-16T09:59,,0.0,0.0,80.0,False,,,PSC-SKU-BIKE-ROAD-001-20260706,,SKU-BIKE-ROAD-001,WIP-ROAD-BRAKE-SET-READY,BUF-ROAD-BRAKE,ROAD-OP-030,ROAD-OP-040,ADVISORY_PRODUCTION_TO_BUFFER,38.0,80.0,0.0,0.0,118.0,120.0,0.0,BALANCED,True,True
PHASE4-MPS-20260721170405,ALT-WIP,SWIP-ALT-WIP-00043,43,2026-07-16T10:20,LOT-ALT-WIP-PSC-SKU-BIKE-MT-001-20260629-MT-OP-060-WIP-MT-QC-PASSED,2026-07-16T10:20,,0.0,0.0,41.9815,False,,,PSC-SKU-BIKE-MT-001-20260629,,SKU-BIKE-MT-001,WIP-MT-QC-PASSED,BUF-MT-QC,MT-OP-060,MT-OP-070,ADVISORY_PRODUCTION_TO_BUFFER,18.0,41.9815,0.0,0.0,59.9815,60.0,0.0,BALANCED,True,True
PHASE4-MPS-20260721170405,ALT-WIP,SWIP-ALT-WIP-00044,44,2026-07-16T10:20,LOT-START-WIP-MT-QC-PASSED-BUF-MT-QC,2026-06-29T08:00,FIFO,18.0,18.0,0.0,False,,,PSC-SKU-BIKE-MT-001-20260629,,SKU-BIKE-MT-001,WIP-MT-QC-PASSED,BUF-MT-QC,MT-OP-060,MT-OP-070,ADVISORY_DRAW_FOR_OPERATION,59.9815,0.0,18.0,0.0,41.9815,60.0,0.0,BALANCED,True,True
PHASE4-MPS-20260721170405,ALT-WIP,SWIP-ALT-WIP-00045,45,2026-07-16T10:20,LOT-ALT-WIP-PSC-SKU-BIKE-MT-001-20260629-MT-OP-060-WIP-MT-QC-PASSED,2026-07-16T10:20,FIFO,41.9815,23.9815,18.0,False,,,PSC-SKU-BIKE-MT-001-20260629,,SKU-BIKE-MT-001,WIP-MT-QC-PASSED,BUF-MT-QC,MT-OP-060,MT-OP-070,ADVISORY_DRAW_FOR_OPERATION,41.9815,0.0,23.9815,0.0,18.0,60.0,0.0,BALANCED,True,True
PHASE4-MPS-20260721170405,ALT-WIP,SWIP-ALT-WIP-00046,46,2026-07-17T10:15,LOT-ALT-WIP-PSC-SKU-BIKE-ROAD-001-20260713-ROAD-OP-010-WIP-ROAD-FRAME-TO-WHEEL,2026-07-17T10:15,,0.0,0.0,80.0,False,,,PSC-SKU-BIKE-ROAD-001-20260713,,SKU-BIKE-ROAD-001,WIP-ROAD-FRAME-TO-WHEEL,BUF-ROAD-FRAME-WHEEL,ROAD-OP-010,ROAD-OP-020,ADVISORY_PRODUCTION_TO_BUFFER,0.0,80.0,0.0,0.0,80.0,80.0,0.0,BALANCED,True,True
PHASE4-MPS-20260721170405,ALT-WIP,SWIP-ALT-WIP-00047,47,2026-07-17T10:15,LOT-ALT-WIP-PSC-SKU-BIKE-ROAD-001-20260713-ROAD-OP-010-WIP-ROAD-FRAME-TO-BRAKE,2026-07-17T10:15,,0.0,0.0,80.0,False,,,PSC-SKU-BIKE-ROAD-001-20260713,,SKU-BIKE-ROAD-001,WIP-ROAD-FRAME-TO-BRAKE,BUF-ROAD-FRAME-BRAKE,ROAD-OP-010,ROAD-OP-030,ADVISORY_PRODUCTION_TO_BUFFER,0.0,80.0,0.0,0.0,80.0,80.0,0.0,BALANCED,True,True
PHASE4-MPS-20260721170405,ALT-WIP,SWIP-ALT-WIP-00048,48,2026-07-17T11:00,LOT-ALT-WIP-PSC-SKU-BIKE-MT-001-20260706-MT-OP-040-WIP-MT-BRAKE-SET-READY,2026-07-17T11:00,,0.0,0.0,76.9741,False,,,PSC-SKU-BIKE-MT-001-20260706,,SKU-BIKE-MT-001,WIP-MT-BRAKE-SET-READY,BUF-MT-BRAKE,MT-OP-040,MT-OP-050,ADVISORY_PRODUCTION_TO_BUFFER,39.0,76.9741,0.0,0.0,115.9741,120.0,0.0,BALANCED,True,True
PHASE4-MPS-20260721170405,ALT-WIP,SWIP-ALT-WIP-00049,49,2026-07-17T13:08,LOT-ALT-WIP-PSC-SKU-BIKE-ROAD-001-20260706-ROAD-OP-020-WIP-ROAD-WHEEL-SET-READY,2026-07-17T13:08,,0.0,0.0,80.0,False,,,PSC-SKU-BIKE-ROAD-001-20260706,,SKU-BIKE-ROAD-001,WIP-ROAD-WHEEL-SET-READY,BUF-ROAD-WHEEL,ROAD-OP-020,ROAD-OP-040,ADVISORY_PRODUCTION_TO_BUFFER,40.0,80.0,0.0,0.0,120.0,120.0,0.0,BALANCED,True,True
PHASE4-MPS-20260721170405,ALT-WIP,SWIP-ALT-WIP-00050,50,2026-07-17T14:22,LOT-ALT-WIP-PSC-SKU-BIKE-MT-001-20260713-MT-OP-010-WIP-MT-FRAME-TO-FORK,2026-07-17T14:22,,0.0,0.0,76.9741,False,,,PSC-SKU-BIKE-MT-001-20260713,,SKU-BIKE-MT-001,WIP-MT-FRAME-TO-FORK,BUF-MT-FRAME-FORK,MT-OP-010,MT-OP-020,ADVISORY_PRODUCTION_TO_BUFFER,0.0,76.9741,0.0,0.0,76.9741,80.0,0.0,BALANCED,True,True
PHASE4-MPS-20260721170405,ALT-WIP,SWIP-ALT-WIP-00051,51,2026-07-17T14:22,LOT-ALT-WIP-PSC-SKU-BIKE-MT-001-20260713-MT-OP-010-WIP-MT-FRAME-TO-WHEEL,2026-07-17T14:22,,0.0,0.0,76.9741,False,,,PSC-SKU-BIKE-MT-001-20260713,,SKU-BIKE-MT-001,WIP-MT-FRAME-TO-WHEEL,BUF-MT-FRAME-WHEEL,MT-OP-010,MT-OP-030,ADVISORY_PRODUCTION_TO_BUFFER,1.9741,76.9741,0.0,0.0,78.9482,80.0,0.0,BALANCED,True,True
PHASE4-MPS-20260721170405,ALT-WIP,SWIP-ALT-WIP-00052,52,2026-07-17T14:22,LOT-ALT-WIP-PSC-SKU-BIKE-MT-001-20260713-MT-OP-010-WIP-MT-FRAME-TO-BRAKE,2026-07-17T14:22,,0.0,0.0,76.9741,False,,,PSC-SKU-BIKE-MT-001-20260713,,SKU-BIKE-MT-001,WIP-MT-FRAME-TO-BRAKE,BUF-MT-FRAME-BRAKE,MT-OP-010,MT-OP-040,ADVISORY_PRODUCTION_TO_BUFFER,0.0,76.9741,0.0,0.0,76.9741,80.0,0.0,BALANCED,True,True
PHASE4-MPS-20260721170405,ALT-WIP,SWIP-ALT-WIP-00053,53,2026-07-17T14:22,LOT-ALT-WIP-PSC-SKU-BIKE-MT-001-20260713-MT-OP-010-WIP-MT-FRAME-TO-FORK,2026-07-17T14:22,FIFO,76.9741,76.9741,0.0,False,,,PSC-SKU-BIKE-MT-001-20260713,,SKU-BIKE-MT-001,WIP-MT-FRAME-TO-FORK,BUF-MT-FRAME-FORK,MT-OP-010,MT-OP-020,ADVISORY_DRAW_FOR_OPERATION,76.9741,0.0,76.9741,0.0,0.0,80.0,0.0,BALANCED,True,True
PHASE4-MPS-20260721170405,ALT-WIP,SWIP-ALT-WIP-00054,54,2026-07-17T14:22,LOT-ALT-WIP-PSC-SKU-BIKE-MT-001-20260706-MT-OP-010-WIP-MT-FRAME-TO-WHEEL,2026-07-10T14:22,FIFO,1.9741,1.9741,0.0,False,,,PSC-SKU-BIKE-MT-001-20260713,,SKU-BIKE-MT-001,WIP-MT-FRAME-TO-WHEEL,BUF-MT-FRAME-WHEEL,MT-OP-010,MT-OP-030,ADVISORY_DRAW_FOR_OPERATION,78.9482,0.0,1.9741,0.0,76.9741,80.0,0.0,BALANCED,True,True
PHASE4-MPS-20260721170405,ALT-WIP,SWIP-ALT-WIP-00055,55,2026-07-17T14:22,LOT-ALT-WIP-PSC-SKU-BIKE-MT-001-20260713-MT-OP-010-WIP-MT-FRAME-TO-WHEEL,2026-07-17T14:22,FIFO,76.9741,58.0259,18.9482,False,,,PSC-SKU-BIKE-MT-001-20260713,,SKU-BIKE-MT-001,WIP-MT-FRAME-TO-WHEEL,BUF-MT-FRAME-WHEEL,MT-OP-010,MT-OP-030,ADVISORY_DRAW_FOR_OPERATION,76.9741,0.0,58.0259,0.0,18.9482,80.0,0.0,BALANCED,True,True
PHASE4-MPS-20260721170405,ALT-WIP,SWIP-ALT-WIP-00056,56,2026-07-17T14:22,LOT-ALT-WIP-PSC-SKU-BIKE-MT-001-20260713-MT-OP-010-WIP-MT-FRAME-TO-BRAKE,2026-07-17T14:22,FIFO,76.9741,64.0259,12.9482,False,,,PSC-SKU-BIKE-MT-001-20260713,,SKU-BIKE-MT-001,WIP-MT-FRAME-TO-BRAKE,BUF-MT-FRAME-BRAKE,MT-OP-010,MT-OP-040,ADVISORY_DRAW_FOR_OPERATION,76.9741,0.0,64.0259,0.0,12.9482,80.0,0.0,BALANCED,True,True
PHASE4-MPS-20260721170405,ALT-WIP,SWIP-ALT-WIP-00057,57,2026-07-20T13:08,LOT-ALT-WIP-PSC-SKU-BIKE-MT-001-20260706-MT-OP-030-WIP-MT-WHEEL-SET-READY,2026-07-20T13:08,,0.0,0.0,75.0,False,,,PSC-SKU-BIKE-MT-001-20260706,,SKU-BIKE-MT-001,WIP-MT-WHEEL-SET-READY,BUF-MT-WHEEL,MT-OP-030,MT-OP-050,ADVISORY_PRODUCTION_TO_BUFFER,45.0,75.0,0.0,0.0,120.0,120.0,0.0,BALANCED,True,True
PHASE4-MPS-20260721170405,ALT-WIP,SWIP-ALT-WIP-00058,58,2026-07-20T13:54,LOT-ALT-WIP-PSC-SKU-BIKE-MT-001-20260706-MT-OP-020-WIP-MT-FORK-READY,2026-07-20T13:54,,0.0,0.0,76.9741,False,,,PSC-SKU-BIKE-MT-001-20260706,,SKU-BIKE-MT-001,WIP-MT-FORK-READY,BUF-MT-FORK,MT-OP-020,MT-OP-050,ADVISORY_PRODUCTION_TO_BUFFER,0.0,76.9741,0.0,0.0,76.9741,120.0,0.0,BALANCED,True,True
PHASE4-MPS-20260721170405,ALT-WIP,SWIP-ALT-WIP-00059,59,2026-07-21T13:52,LOT-ALT-WIP-PSC-SKU-BIKE-ROAD-001-20260629-ROAD-OP-040-WIP-ROAD-FINAL-ASSEMBLY-READY,2026-07-21T13:52,,0.0,0.0,53.9995,False,,,PSC-SKU-BIKE-ROAD-001-20260629,,SKU-BIKE-ROAD-001,WIP-ROAD-FINAL-ASSEMBLY-READY,BUF-ROAD-ASM,ROAD-OP-040,ROAD-OP-050,ADVISORY_PRODUCTION_TO_BUFFER,0.0,53.9995,0.0,0.0,53.9995,60.0,0.0,BALANCED,True,True
PHASE4-MPS-20260721170405,ALT-WIP,SWIP-ALT-WIP-00060,60,2026-07-21T13:52,LOT-ALT-WIP-PSC-SKU-BIKE-MT-001-20260706-MT-OP-020-WIP-MT-FORK-READY,2026-07-20T13:54,FIFO,76.9741,60.0,16.9741,False,,,PSC-SKU-BIKE-MT-001-20260706,,SKU-BIKE-MT-001,WIP-MT-FORK-READY,BUF-MT-FORK,MT-OP-020,MT-OP-050,ADVISORY_DRAW_FOR_OPERATION,76.9741,0.0,60.0,0.0,16.9741,120.0,0.0,BALANCED,True,True
PHASE4-MPS-20260721170405,ALT-WIP,SWIP-ALT-WIP-00061,61,2026-07-21T13:52,LOT-START-WIP-MT-WHEEL-SET-READY-BUF-MT-WHEEL,2026-06-29T08:00,FIFO,3.0185,3.0185,0.0,False,,,PSC-SKU-BIKE-MT-001-20260706,,SKU-BIKE-MT-001,WIP-MT-WHEEL-SET-READY,BUF-MT-WHEEL,MT-OP-030,MT-OP-050,ADVISORY_DRAW_FOR_OPERATION,120.0,0.0,3.0185,0.0,116.9815,120.0,0.0,BALANCED,True,True
PHASE4-MPS-20260721170405,ALT-WIP,SWIP-ALT-WIP-00062,62,2026-07-21T13:52,LOT-ALT-WIP-PSC-SKU-BIKE-MT-001-20260629-MT-OP-030-WIP-MT-WHEEL-SET-READY,2026-07-06T14:26,FIFO,41.9815,41.9815,0.0,False,,,PSC-SKU-BIKE-MT-001-20260706,,SKU-BIKE-MT-001,WIP-MT-WHEEL-SET-READY,BUF-MT-WHEEL,MT-OP-030,MT-OP-050,ADVISORY_DRAW_FOR_OPERATION,116.9815,0.0,41.9815,0.0,75.0,120.0,0.0,BALANCED,True,True
PHASE4-MPS-20260721170405,ALT-WIP,SWIP-ALT-WIP-00063,63,2026-07-21T13:52,LOT-ALT-WIP-PSC-SKU-BIKE-MT-001-20260706-MT-OP-030-WIP-MT-WHEEL-SET-READY,2026-07-20T13:08,FIFO,75.0,15.0,60.0,False,,,PSC-SKU-BIKE-MT-001-20260706,,SKU-BIKE-MT-001,WIP-MT-WHEEL-SET-READY,BUF-MT-WHEEL,MT-OP-030,MT-OP-050,ADVISORY_DRAW_FOR_OPERATION,75.0,0.0,15.0,0.0,60.0,120.0,0.0,BALANCED,True,True
PHASE4-MPS-20260721170405,ALT-WIP,SWIP-ALT-WIP-00064,64,2026-07-21T13:52,LOT-ALT-WIP-PSC-SKU-BIKE-MT-001-20260629-MT-OP-040-WIP-MT-BRAKE-SET-READY,2026-07-06T08:42,FIFO,39.0,39.0,0.0,False,,,PSC-SKU-BIKE-MT-001-20260706,,SKU-BIKE-MT-001,WIP-MT-BRAKE-SET-READY,BUF-MT-BRAKE,MT-OP-040,MT-OP-050,ADVISORY_DRAW_FOR_OPERATION,115.9741,0.0,39.0,0.0,76.9741,120.0,0.0,BALANCED,True,True
PHASE4-MPS-20260721170405,ALT-WIP,SWIP-ALT-WIP-00065,65,2026-07-21T13:52,LOT-ALT-WIP-PSC-SKU-BIKE-MT-001-20260706-MT-OP-040-WIP-MT-BRAKE-SET-READY,2026-07-17T11:00,FIFO,76.9741,21.0,55.9741,False,,,PSC-SKU-BIKE-MT-001-20260706,,SKU-BIKE-MT-001,WIP-MT-BRAKE-SET-READY,BUF-MT-BRAKE,MT-OP-040,MT-OP-050,ADVISORY_DRAW_FOR_OPERATION,76.9741,0.0,21.0,0.0,55.9741,120.0,0.0,BALANCED,True,True
PHASE4-MPS-20260721170405,ALT-WIP,SWIP-ALT-WIP-00066,66,2026-07-21T13:52,LOT-ALT-WIP-PSC-SKU-BIKE-ROAD-001-20260629-ROAD-OP-040-WIP-ROAD-FINAL-ASSEMBLY-READY,2026-07-21T13:52,FIFO,53.9995,40.0,13.9995,False,,,PSC-SKU-BIKE-ROAD-001-20260629,,SKU-BIKE-ROAD-001,WIP-ROAD-FINAL-ASSEMBLY-READY,BUF-ROAD-ASM,ROAD-OP-040,ROAD-OP-050,ADVISORY_DRAW_FOR_OPERATION,53.9995,0.0,40.0,0.0,13.9995,60.0,0.0,BALANCED,True,True
PHASE4-MPS-20260721170405,ALT-WIP,SWIP-ALT-WIP-00067,67,2026-07-23T11:53,LOT-ALT-WIP-PSC-SKU-BIKE-ROAD-001-20260629-ROAD-OP-050-WIP-ROAD-QC-PASSED,2026-07-23T11:53,,0.0,0.0,40.0,False,,,PSC-SKU-BIKE-ROAD-001-20260629,,SKU-BIKE-ROAD-001,WIP-ROAD-QC-PASSED,BUF-ROAD-QC,ROAD-OP-050,ROAD-OP-060,ADVISORY_PRODUCTION_TO_BUFFER,20.0,40.0,0.0,0.0,60.0,60.0,0.0,BALANCED,True,True
PHASE4-MPS-20260721170405,ALT-WIP,SWIP-ALT-WIP-00068,68,2026-07-23T11:53,LOT-START-WIP-ROAD-QC-PASSED-BUF-ROAD-QC,2026-06-29T08:00,FIFO,20.0,20.0,0.0,False,,,PSC-SKU-BIKE-ROAD-001-20260629,,SKU-BIKE-ROAD-001,WIP-ROAD-QC-PASSED,BUF-ROAD-QC,ROAD-OP-050,ROAD-OP-060,ADVISORY_DRAW_FOR_OPERATION,60.0,0.0,20.0,0.0,40.0,60.0,0.0,BALANCED,True,True
PHASE4-MPS-20260721170405,ALT-WIP,SWIP-ALT-WIP-00069,69,2026-07-23T11:53,LOT-ALT-WIP-PSC-SKU-BIKE-ROAD-001-20260629-ROAD-OP-050-WIP-ROAD-QC-PASSED,2026-07-23T11:53,FIFO,40.0,33.9995,6.0005,False,,,PSC-SKU-BIKE-ROAD-001-20260629,,SKU-BIKE-ROAD-001,WIP-ROAD-QC-PASSED,BUF-ROAD-QC,ROAD-OP-050,ROAD-OP-060,ADVISORY_DRAW_FOR_OPERATION,40.0,0.0,33.9995,0.0,6.0005,60.0,0.0,BALANCED,True,True
PHASE4-MPS-20260721170405,ALT-WIP,SWIP-ALT-WIP-00070,70,2026-07-23T12:45,LOT-ALT-WIP-PSC-SKU-BIKE-MT-001-20260713-MT-OP-040-WIP-MT-BRAKE-SET-READY,2026-07-23T12:45,,0.0,0.0,64.0259,False,,,PSC-SKU-BIKE-MT-001-20260713,,SKU-BIKE-MT-001,WIP-MT-BRAKE-SET-READY,BUF-MT-BRAKE,MT-OP-040,MT-OP-050,ADVISORY_PRODUCTION_TO_BUFFER,55.9741,64.0259,0.0,0.0,120.0,120.0,0.0,BALANCED,True,True
PHASE4-MPS-20260721170405,ALT-WIP,SWIP-ALT-WIP-00071,71,2026-07-23T14:22,LOT-ALT-WIP-PSC-SKU-BIKE-MT-001-20260720-MT-OP-010-WIP-MT-FRAME-TO-FORK,2026-07-23T14:22,,0.0,0.0,61.0518,False,,,PSC-SKU-BIKE-MT-001-20260720,,SKU-BIKE-MT-001,WIP-MT-FRAME-TO-FORK,BUF-MT-FRAME-FORK,MT-OP-010,MT-OP-020,ADVISORY_PRODUCTION_TO_BUFFER,0.0,61.0518,0.0,0.0,61.0518,80.0,0.0,BALANCED,True,True
PHASE4-MPS-20260721170405,ALT-WIP,SWIP-ALT-WIP-00072,72,2026-07-23T14:22,LOT-ALT-WIP-PSC-SKU-BIKE-MT-001-20260720-MT-OP-010-WIP-MT-FRAME-TO-WHEEL,2026-07-23T14:22,,0.0,0.0,61.0518,False,,,PSC-SKU-BIKE-MT-001-20260720,,SKU-BIKE-MT-001,WIP-MT-FRAME-TO-WHEEL,BUF-MT-FRAME-WHEEL,MT-OP-010,MT-OP-030,ADVISORY_PRODUCTION_TO_BUFFER,18.9482,61.0518,0.0,0.0,80.0,80.0,0.0,BALANCED,True,True
PHASE4-MPS-20260721170405,ALT-WIP,SWIP-ALT-WIP-00073,73,2026-07-23T14:22,LOT-ALT-WIP-PSC-SKU-BIKE-MT-001-20260720-MT-OP-010-WIP-MT-FRAME-TO-BRAKE,2026-07-23T14:22,,0.0,0.0,61.0518,False,,,PSC-SKU-BIKE-MT-001-20260720,,SKU-BIKE-MT-001,WIP-MT-FRAME-TO-BRAKE,BUF-MT-FRAME-BRAKE,MT-OP-010,MT-OP-040,ADVISORY_PRODUCTION_TO_BUFFER,12.9482,61.0518,0.0,0.0,74.0,80.0,0.0,BALANCED,True,True
PHASE4-MPS-20260721170405,ALT-WIP,SWIP-ALT-WIP-00074,74,2026-07-24T11:58,LOT-ALT-WIP-PSC-SKU-BIKE-MT-001-20260713-MT-OP-030-WIP-MT-WHEEL-SET-READY,2026-07-24T11:58,,0.0,0.0,60.0,False,,,PSC-SKU-BIKE-MT-001-20260713,,SKU-BIKE-MT-001,WIP-MT-WHEEL-SET-READY,BUF-MT-WHEEL,MT-OP-030,MT-OP-050,ADVISORY_PRODUCTION_TO_BUFFER,60.0,60.0,0.0,0.0,120.0,120.0,0.0,BALANCED,True,True
PHASE4-MPS-20260721170405,ALT-WIP,SWIP-ALT-WIP-00075,75,2026-07-27T13:54,LOT-ALT-WIP-PSC-SKU-BIKE-MT-001-20260713-MT-OP-020-WIP-MT-FORK-READY,2026-07-27T13:54,,0.0,0.0,76.9741,False,,,PSC-SKU-BIKE-MT-001-20260713,,SKU-BIKE-MT-001,WIP-MT-FORK-READY,BUF-MT-FORK,MT-OP-020,MT-OP-050,ADVISORY_PRODUCTION_TO_BUFFER,16.9741,76.9741,0.0,0.0,93.9482,120.0,0.0,BALANCED,True,True
PHASE4-MPS-20260721170405,ALT-WIP,SWIP-ALT-WIP-00076,76,2026-07-31T10:47,LOT-ALT-WIP-PSC-SKU-BIKE-MT-001-20260706-MT-OP-050-WIP-MT-FINAL-ASSEMBLY-READY,2026-07-31T10:47,,0.0,0.0,60.0,False,,,PSC-SKU-BIKE-MT-001-20260706,,SKU-BIKE-MT-001,WIP-MT-FINAL-ASSEMBLY-READY,BUF-MT-ASM,MT-OP-050,MT-OP-060,ADVISORY_PRODUCTION_TO_BUFFER,0.0,60.0,0.0,0.0,60.0,60.0,0.0,BALANCED,True,True
PHASE4-MPS-20260721170405,ALT-WIP,SWIP-ALT-WIP-00077,77,2026-07-31T10:47,LOT-ALT-WIP-PSC-SKU-BIKE-MT-001-20260706-MT-OP-050-WIP-MT-FINAL-ASSEMBLY-READY,2026-07-31T10:47,FIFO,60.0,42.0,18.0,False,,,PSC-SKU-BIKE-MT-001-20260706,,SKU-BIKE-MT-001,WIP-MT-FINAL-ASSEMBLY-READY,BUF-MT-ASM,MT-OP-050,MT-OP-060,ADVISORY_DRAW_FOR_OPERATION,60.0,0.0,42.0,0.0,18.0,60.0,0.0,BALANCED,True,True
PHASE4-MPS-20260721170405,ALT-WIP,SWIP-ALT-WIP-00078,78,2026-07-31T10:47,LOT-ALT-WIP-PSC-SKU-BIKE-ROAD-001-20260629-ROAD-OP-020-WIP-ROAD-WHEEL-SET-READY,2026-07-07T12:09,FIFO,40.0,40.0,0.0,False,,,PSC-SKU-BIKE-ROAD-001-20260706,,SKU-BIKE-ROAD-001,WIP-ROAD-WHEEL-SET-READY,BUF-ROAD-WHEEL,ROAD-OP-020,ROAD-OP-040,ADVISORY_DRAW_FOR_OPERATION,120.0,0.0,40.0,0.0,80.0,120.0,0.0,BALANCED,True,True
PHASE4-MPS-20260721170405,ALT-WIP,SWIP-ALT-WIP-00079,79,2026-07-31T10:47,LOT-ALT-WIP-PSC-SKU-BIKE-ROAD-001-20260706-ROAD-OP-020-WIP-ROAD-WHEEL-SET-READY,2026-07-17T13:08,FIFO,80.0,6.0005,73.9995,False,,,PSC-SKU-BIKE-ROAD-001-20260706,,SKU-BIKE-ROAD-001,WIP-ROAD-WHEEL-SET-READY,BUF-ROAD-WHEEL,ROAD-OP-020,ROAD-OP-040,ADVISORY_DRAW_FOR_OPERATION,80.0,0.0,6.0005,0.0,73.9995,120.0,0.0,BALANCED,True,True
PHASE4-MPS-20260721170405,ALT-WIP,SWIP-ALT-WIP-00080,80,2026-07-31T10:47,LOT-ALT-WIP-PSC-SKU-BIKE-ROAD-001-20260629-ROAD-OP-030-WIP-ROAD-BRAKE-SET-READY,2026-07-06T12:24,FIFO,38.0,38.0,0.0,False,,,PSC-SKU-BIKE-ROAD-001-20260706,,SKU-BIKE-ROAD-001,WIP-ROAD-BRAKE-SET-READY,BUF-ROAD-BRAKE,ROAD-OP-030,ROAD-OP-040,ADVISORY_DRAW_FOR_OPERATION,118.0,0.0,38.0,0.0,80.0,120.0,0.0,BALANCED,True,True
PHASE4-MPS-20260721170405,ALT-WIP,SWIP-ALT-WIP-00081,81,2026-07-31T10:47,LOT-ALT-WIP-PSC-SKU-BIKE-ROAD-001-20260706-ROAD-OP-030-WIP-ROAD-BRAKE-SET-READY,2026-07-16T09:59,FIFO,80.0,8.0005,71.9995,False,,,PSC-SKU-BIKE-ROAD-001-20260706,,SKU-BIKE-ROAD-001,WIP-ROAD-BRAKE-SET-READY,BUF-ROAD-BRAKE,ROAD-OP-030,ROAD-OP-040,ADVISORY_DRAW_FOR_OPERATION,80.0,0.0,8.0005,0.0,71.9995,120.0,0.0,BALANCED,True,True
PHASE4-MPS-20260721170405,ALT-WIP,SWIP-ALT-WIP-00082,82,2026-07-31T10:47,LOT-ALT-WIP-PSC-SKU-BIKE-ROAD-001-20260713-ROAD-OP-010-WIP-ROAD-FRAME-TO-WHEEL,2026-07-17T10:15,FIFO,80.0,46.0005,33.9995,False,,,PSC-SKU-BIKE-ROAD-001-20260713,,SKU-BIKE-ROAD-001,WIP-ROAD-FRAME-TO-WHEEL,BUF-ROAD-FRAME-WHEEL,ROAD-OP-010,ROAD-OP-020,ADVISORY_DRAW_FOR_OPERATION,80.0,0.0,46.0005,0.0,33.9995,80.0,0.0,BALANCED,True,True
PHASE4-MPS-20260721170405,ALT-WIP,SWIP-ALT-WIP-00083,83,2026-07-31T10:47,LOT-ALT-WIP-PSC-SKU-BIKE-ROAD-001-20260713-ROAD-OP-010-WIP-ROAD-FRAME-TO-BRAKE,2026-07-17T10:15,FIFO,80.0,48.0005,31.9995,False,,,PSC-SKU-BIKE-ROAD-001-20260713,,SKU-BIKE-ROAD-001,WIP-ROAD-FRAME-TO-BRAKE,BUF-ROAD-FRAME-BRAKE,ROAD-OP-010,ROAD-OP-030,ADVISORY_DRAW_FOR_OPERATION,80.0,0.0,48.0005,0.0,31.9995,80.0,0.0,BALANCED,True,True
PHASE4-MPS-20260721170405,ALT-WIP,SWIP-ALT-WIP-00084,84,2026-08-04T12:16,LOT-ALT-WIP-PSC-SKU-BIKE-MT-001-20260706-MT-OP-060-WIP-MT-QC-PASSED,2026-08-04T12:16,,0.0,0.0,42.0,False,,,PSC-SKU-BIKE-MT-001-20260706,,SKU-BIKE-MT-001,WIP-MT-QC-PASSED,BUF-MT-QC,MT-OP-060,MT-OP-070,ADVISORY_PRODUCTION_TO_BUFFER,18.0,42.0,0.0,0.0,60.0,60.0,0.0,BALANCED,True,True
PHASE4-MPS-20260721170405,ALT-WIP,SWIP-ALT-WIP-00085,85,2026-08-04T12:16,LOT-ALT-WIP-PSC-SKU-BIKE-MT-001-20260629-MT-OP-060-WIP-MT-QC-PASSED,2026-07-16T10:20,FIFO,18.0,18.0,0.0,False,,,PSC-SKU-BIKE-MT-001-20260706,,SKU-BIKE-MT-001,WIP-MT-QC-PASSED,BUF-MT-QC,MT-OP-060,MT-OP-070,ADVISORY_DRAW_FOR_OPERATION,60.0,0.0,18.0,0.0,42.0,60.0,0.0,BALANCED,True,True
PHASE4-MPS-20260721170405,ALT-WIP,SWIP-ALT-WIP-00086,86,2026-08-04T12:16,LOT-ALT-WIP-PSC-SKU-BIKE-MT-001-20260706-MT-OP-060-WIP-MT-QC-PASSED,2026-08-04T12:16,FIFO,42.0,42.0,0.0,False,,,PSC-SKU-BIKE-MT-001-20260706,,SKU-BIKE-MT-001,WIP-MT-QC-PASSED,BUF-MT-QC,MT-OP-060,MT-OP-070,ADVISORY_DRAW_FOR_OPERATION,42.0,0.0,42.0,0.0,0.0,60.0,0.0,BALANCED,True,True
PHASE4-MPS-20260721170405,ALT-WIP,SWIP-ALT-WIP-00087,87,2026-08-04T13:35,LOT-ALT-WIP-PSC-SKU-BIKE-ROAD-001-20260713-ROAD-OP-030-WIP-ROAD-BRAKE-SET-READY,2026-08-04T13:35,,0.0,0.0,48.0005,False,,,PSC-SKU-BIKE-ROAD-001-20260713,,SKU-BIKE-ROAD-001,WIP-ROAD-BRAKE-SET-READY,BUF-ROAD-BRAKE,ROAD-OP-030,ROAD-OP-040,ADVISORY_PRODUCTION_TO_BUFFER,71.9995,48.0005,0.0,0.0,120.0,120.0,0.0,BALANCED,True,True
PHASE4-MPS-20260721170405,ALT-WIP,SWIP-ALT-WIP-00088,88,2026-08-04T14:23,LOT-ALT-WIP-PSC-SKU-BIKE-ROAD-001-20260720-ROAD-OP-010-WIP-ROAD-FRAME-TO-WHEEL,2026-08-04T14:23,,0.0,0.0,46.0005,False,,,PSC-SKU-BIKE-ROAD-001-20260720,,SKU-BIKE-ROAD-001,WIP-ROAD-FRAME-TO-WHEEL,BUF-ROAD-FRAME-WHEEL,ROAD-OP-010,ROAD-OP-020,ADVISORY_PRODUCTION_TO_BUFFER,33.9995,46.0005,0.0,0.0,80.0,80.0,0.0,BALANCED,True,True
PHASE4-MPS-20260721170405,ALT-WIP,SWIP-ALT-WIP-00089,89,2026-08-04T14:23,LOT-ALT-WIP-PSC-SKU-BIKE-ROAD-001-20260720-ROAD-OP-010-WIP-ROAD-FRAME-TO-BRAKE,2026-08-04T14:23,,0.0,0.0,46.0005,False,,,PSC-SKU-BIKE-ROAD-001-20260720,,SKU-BIKE-ROAD-001,WIP-ROAD-FRAME-TO-BRAKE,BUF-ROAD-FRAME-BRAKE,ROAD-OP-010,ROAD-OP-030,ADVISORY_PRODUCTION_TO_BUFFER,31.9995,46.0005,0.0,0.0,78.0,80.0,0.0,BALANCED,True,True
PHASE4-MPS-20260721170405,ALT-WIP,SWIP-ALT-WIP-00090,90,2026-08-05T11:36,LOT-ALT-WIP-PSC-SKU-BIKE-ROAD-001-20260713-ROAD-OP-020-WIP-ROAD-WHEEL-SET-READY,2026-08-05T11:36,,0.0,0.0,46.0005,False,,,PSC-SKU-BIKE-ROAD-001-20260713,,SKU-BIKE-ROAD-001,WIP-ROAD-WHEEL-SET-READY,BUF-ROAD-WHEEL,ROAD-OP-020,ROAD-OP-040,ADVISORY_PRODUCTION_TO_BUFFER,73.9995,46.0005,0.0,0.0,120.0,120.0,0.0,BALANCED,True,True
PHASE4-MPS-20260721170405,ALT-WIP,SWIP-ALT-WIP-00091,91,2026-08-07T09:38,LOT-ALT-WIP-PSC-SKU-BIKE-ROAD-001-20260706-ROAD-OP-040-WIP-ROAD-FINAL-ASSEMBLY-READY,2026-08-07T09:38,,0.0,0.0,46.0005,False,,,PSC-SKU-BIKE-ROAD-001-20260706,,SKU-BIKE-ROAD-001,WIP-ROAD-FINAL-ASSEMBLY-READY,BUF-ROAD-ASM,ROAD-OP-040,ROAD-OP-050,ADVISORY_PRODUCTION_TO_BUFFER,13.9995,46.0005,0.0,0.0,60.0,60.0,0.0,BALANCED,True,True
PHASE4-MPS-20260721170405,ALT-WIP,SWIP-ALT-WIP-00092,92,2026-08-07T09:38,LOT-ALT-WIP-PSC-SKU-BIKE-MT-001-20260706-MT-OP-020-WIP-MT-FORK-READY,2026-07-20T13:54,FIFO,16.9741,16.9741,0.0,False,,,PSC-SKU-BIKE-MT-001-20260713,,SKU-BIKE-MT-001,WIP-MT-FORK-READY,BUF-MT-FORK,MT-OP-020,MT-OP-050,ADVISORY_DRAW_FOR_OPERATION,93.9482,0.0,16.9741,0.0,76.9741,120.0,0.0,BALANCED,True,True
PHASE4-MPS-20260721170405,ALT-WIP,SWIP-ALT-WIP-00093,93,2026-08-07T09:38,LOT-ALT-WIP-PSC-SKU-BIKE-MT-001-20260713-MT-OP-020-WIP-MT-FORK-READY,2026-07-27T13:54,FIFO,76.9741,25.0259,51.9482,False,,,PSC-SKU-BIKE-MT-001-20260713,,SKU-BIKE-MT-001,WIP-MT-FORK-READY,BUF-MT-FORK,MT-OP-020,MT-OP-050,ADVISORY_DRAW_FOR_OPERATION,76.9741,0.0,25.0259,0.0,51.9482,120.0,0.0,BALANCED,True,True
PHASE4-MPS-20260721170405,ALT-WIP,SWIP-ALT-WIP-00094,94,2026-08-07T09:38,LOT-ALT-WIP-PSC-SKU-BIKE-MT-001-20260706-MT-OP-030-WIP-MT-WHEEL-SET-READY,2026-07-20T13:08,FIFO,60.0,42.0,18.0,False,,,PSC-SKU-BIKE-MT-001-20260713,,SKU-BIKE-MT-001,WIP-MT-WHEEL-SET-READY,BUF-MT-WHEEL,MT-OP-030,MT-OP-050,ADVISORY_DRAW_FOR_OPERATION,120.0,0.0,42.0,0.0,78.0,120.0,0.0,BALANCED,True,True
PHASE4-MPS-20260721170405,ALT-WIP,SWIP-ALT-WIP-00095,95,2026-08-07T09:38,LOT-ALT-WIP-PSC-SKU-BIKE-MT-001-20260706-MT-OP-040-WIP-MT-BRAKE-SET-READY,2026-07-17T11:00,FIFO,55.9741,42.0,13.9741,False,,,PSC-SKU-BIKE-MT-001-20260713,,SKU-BIKE-MT-001,WIP-MT-BRAKE-SET-READY,BUF-MT-BRAKE,MT-OP-040,MT-OP-050,ADVISORY_DRAW_FOR_OPERATION,120.0,0.0,42.0,0.0,78.0,120.0,0.0,BALANCED,True,True
PHASE4-MPS-20260721170405,ALT-WIP,SWIP-ALT-WIP-00096,96,2026-08-07T09:38,LOT-ALT-WIP-PSC-SKU-BIKE-MT-001-20260720-MT-OP-010-WIP-MT-FRAME-TO-FORK,2026-07-23T14:22,FIFO,61.0518,61.0518,0.0,False,,,PSC-SKU-BIKE-MT-001-20260720,,SKU-BIKE-MT-001,WIP-MT-FRAME-TO-FORK,BUF-MT-FRAME-FORK,MT-OP-010,MT-OP-020,ADVISORY_DRAW_FOR_OPERATION,61.0518,0.0,61.0518,0.0,0.0,80.0,0.0,BALANCED,True,True
PHASE4-MPS-20260721170405,ALT-WIP,SWIP-ALT-WIP-00097,97,2026-08-07T09:38,LOT-ALT-WIP-PSC-SKU-BIKE-MT-001-20260713-MT-OP-010-WIP-MT-FRAME-TO-WHEEL,2026-07-17T14:22,FIFO,18.9482,18.9482,0.0,False,,,PSC-SKU-BIKE-MT-001-20260720,,SKU-BIKE-MT-001,WIP-MT-FRAME-TO-WHEEL,BUF-MT-FRAME-WHEEL,MT-OP-010,MT-OP-030,ADVISORY_DRAW_FOR_OPERATION,80.0,0.0,18.9482,0.0,61.0518,80.0,0.0,BALANCED,True,True
PHASE4-MPS-20260721170405,ALT-WIP,SWIP-ALT-WIP-00098,98,2026-08-07T09:38,LOT-ALT-WIP-PSC-SKU-BIKE-MT-001-20260720-MT-OP-010-WIP-MT-FRAME-TO-WHEEL,2026-07-23T14:22,FIFO,61.0518,23.0518,38.0,False,,,PSC-SKU-BIKE-MT-001-20260720,,SKU-BIKE-MT-001,WIP-MT-FRAME-TO-WHEEL,BUF-MT-FRAME-WHEEL,MT-OP-010,MT-OP-030,ADVISORY_DRAW_FOR_OPERATION,61.0518,0.0,23.0518,0.0,38.0,80.0,0.0,BALANCED,True,True
PHASE4-MPS-20260721170405,ALT-WIP,SWIP-ALT-WIP-00099,99,2026-08-07T09:38,LOT-ALT-WIP-PSC-SKU-BIKE-MT-001-20260713-MT-OP-010-WIP-MT-FRAME-TO-BRAKE,2026-07-17T14:22,FIFO,12.9482,12.9482,0.0,False,,,PSC-SKU-BIKE-MT-001-20260720,,SKU-BIKE-MT-001,WIP-MT-FRAME-TO-BRAKE,BUF-MT-FRAME-BRAKE,MT-OP-010,MT-OP-040,ADVISORY_DRAW_FOR_OPERATION,74.0,0.0,12.9482,0.0,61.0518,80.0,0.0,BALANCED,True,True
PHASE4-MPS-20260721170405,ALT-WIP,SWIP-ALT-WIP-00100,100,2026-08-07T09:38,LOT-ALT-WIP-PSC-SKU-BIKE-MT-001-20260720-MT-OP-010-WIP-MT-FRAME-TO-BRAKE,2026-07-23T14:22,FIFO,61.0518,29.0518,32.0,False,,,PSC-SKU-BIKE-MT-001-20260720,,SKU-BIKE-MT-001,WIP-MT-FRAME-TO-BRAKE,BUF-MT-FRAME-BRAKE,MT-OP-010,MT-OP-040,ADVISORY_DRAW_FOR_OPERATION,61.0518,0.0,29.0518,0.0,32.0,80.0,0.0,BALANCED,True,True
PHASE4-MPS-20260721170405,ALT-WIP,SWIP-ALT-WIP-00101,101,2026-08-07T09:38,LOT-ALT-WIP-PSC-SKU-BIKE-ROAD-001-20260629-ROAD-OP-040-WIP-ROAD-FINAL-ASSEMBLY-READY,2026-07-21T13:52,FIFO,13.9995,13.9995,0.0,False,,,PSC-SKU-BIKE-ROAD-001-20260706,,SKU-BIKE-ROAD-001,WIP-ROAD-FINAL-ASSEMBLY-READY,BUF-ROAD-ASM,ROAD-OP-040,ROAD-OP-050,ADVISORY_DRAW_FOR_OPERATION,60.0,0.0,13.9995,0.0,46.0005,60.0,0.0,BALANCED,True,True
PHASE4-MPS-20260721170405,ALT-WIP,SWIP-ALT-WIP-00102,102,2026-08-07T09:38,LOT-ALT-WIP-PSC-SKU-BIKE-ROAD-001-20260706-ROAD-OP-040-WIP-ROAD-FINAL-ASSEMBLY-READY,2026-08-07T09:38,FIFO,46.0005,40.0,6.0005,False,,,PSC-SKU-BIKE-ROAD-001-20260706,,SKU-BIKE-ROAD-001,WIP-ROAD-FINAL-ASSEMBLY-READY,BUF-ROAD-ASM,ROAD-OP-040,ROAD-OP-050,ADVISORY_DRAW_FOR_OPERATION,46.0005,0.0,40.0,0.0,6.0005,60.0,0.0,BALANCED,True,True
PHASE4-MPS-20260721170405,ALT-WIP,SWIP-ALT-WIP-00103,103,2026-08-11T11:59,LOT-ALT-WIP-PSC-SKU-BIKE-ROAD-001-20260706-ROAD-OP-050-WIP-ROAD-QC-PASSED,2026-08-11T11:59,,0.0,0.0,53.9995,False,,,PSC-SKU-BIKE-ROAD-001-20260706,,SKU-BIKE-ROAD-001,WIP-ROAD-QC-PASSED,BUF-ROAD-QC,ROAD-OP-050,ROAD-OP-060,ADVISORY_PRODUCTION_TO_BUFFER,6.0005,53.9995,0.0,0.0,60.0,60.0,0.0,BALANCED,True,True
PHASE4-MPS-20260721170405,ALT-WIP,SWIP-ALT-WIP-00104,104,2026-08-11T11:59,LOT-ALT-WIP-PSC-SKU-BIKE-ROAD-001-20260629-ROAD-OP-050-WIP-ROAD-QC-PASSED,2026-07-23T11:53,FIFO,6.0005,6.0005,0.0,False,,,PSC-SKU-BIKE-ROAD-001-20260706,,SKU-BIKE-ROAD-001,WIP-ROAD-QC-PASSED,BUF-ROAD-QC,ROAD-OP-050,ROAD-OP-060,ADVISORY_DRAW_FOR_OPERATION,60.0,0.0,6.0005,0.0,53.9995,60.0,0.0,BALANCED,True,True
PHASE4-MPS-20260721170405,ALT-WIP,SWIP-ALT-WIP-00105,105,2026-08-11T11:59,LOT-ALT-WIP-PSC-SKU-BIKE-ROAD-001-20260706-ROAD-OP-050-WIP-ROAD-QC-PASSED,2026-08-11T11:59,FIFO,53.9995,53.9995,0.0,False,,,PSC-SKU-BIKE-ROAD-001-20260706,,SKU-BIKE-ROAD-001,WIP-ROAD-QC-PASSED,BUF-ROAD-QC,ROAD-OP-050,ROAD-OP-060,ADVISORY_DRAW_FOR_OPERATION,53.9995,0.0,53.9995,0.0,0.0,60.0,0.0,BALANCED,True,True
PHASE4-MPS-20260721170405,ALT-WIP,SWIP-ALT-WIP-00106,106,2026-08-11T13:10,LOT-ALT-WIP-PSC-SKU-BIKE-MT-001-20260720-MT-OP-040-WIP-MT-BRAKE-SET-READY,2026-08-11T13:10,,0.0,0.0,42.0,False,,,PSC-SKU-BIKE-MT-001-20260720,,SKU-BIKE-MT-001,WIP-MT-BRAKE-SET-READY,BUF-MT-BRAKE,MT-OP-040,MT-OP-050,ADVISORY_PRODUCTION_TO_BUFFER,78.0,42.0,0.0,0.0,120.0,120.0,0.0,BALANCED,True,True
PHASE4-MPS-20260721170405,ALT-WIP,SWIP-ALT-WIP-00107,107,2026-08-11T14:34,LOT-ALT-WIP-PSC-SKU-BIKE-MT-001-20260727-MT-OP-010-WIP-MT-FRAME-TO-FORK,2026-08-11T14:34,,0.0,0.0,42.0,False,,,PSC-SKU-BIKE-MT-001-20260727,,SKU-BIKE-MT-001,WIP-MT-FRAME-TO-FORK,BUF-MT-FRAME-FORK,MT-OP-010,MT-OP-020,ADVISORY_PRODUCTION_TO_BUFFER,0.0,42.0,0.0,0.0,42.0,80.0,0.0,BALANCED,True,True
PHASE4-MPS-20260721170405,ALT-WIP,SWIP-ALT-WIP-00108,108,2026-08-11T14:34,LOT-ALT-WIP-PSC-SKU-BIKE-MT-001-20260727-MT-OP-010-WIP-MT-FRAME-TO-WHEEL,2026-08-11T14:34,,0.0,0.0,42.0,False,,,PSC-SKU-BIKE-MT-001-20260727,,SKU-BIKE-MT-001,WIP-MT-FRAME-TO-WHEEL,BUF-MT-FRAME-WHEEL,MT-OP-010,MT-OP-030,ADVISORY_PRODUCTION_TO_BUFFER,38.0,42.0,0.0,0.0,80.0,80.0,0.0,BALANCED,True,True
PHASE4-MPS-20260721170405,ALT-WIP,SWIP-ALT-WIP-00109,109,2026-08-11T14:34,LOT-ALT-WIP-PSC-SKU-BIKE-MT-001-20260727-MT-OP-010-WIP-MT-FRAME-TO-BRAKE,2026-08-11T14:34,,0.0,0.0,42.0,False,,,PSC-SKU-BIKE-MT-001-20260727,,SKU-BIKE-MT-001,WIP-MT-FRAME-TO-BRAKE,BUF-MT-FRAME-BRAKE,MT-OP-010,MT-OP-040,ADVISORY_PRODUCTION_TO_BUFFER,32.0,42.0,0.0,0.0,74.0,80.0,0.0,BALANCED,True,True
PHASE4-MPS-20260721170405,ALT-WIP,SWIP-ALT-WIP-00110,110,2026-08-12T11:38,LOT-ALT-WIP-PSC-SKU-BIKE-MT-001-20260720-MT-OP-030-WIP-MT-WHEEL-SET-READY,2026-08-12T11:38,,0.0,0.0,42.0,False,,,PSC-SKU-BIKE-MT-001-20260720,,SKU-BIKE-MT-001,WIP-MT-WHEEL-SET-READY,BUF-MT-WHEEL,MT-OP-030,MT-OP-050,ADVISORY_PRODUCTION_TO_BUFFER,78.0,42.0,0.0,0.0,120.0,120.0,0.0,BALANCED,True,True
PHASE4-MPS-20260721170405,ALT-WIP,SWIP-ALT-WIP-00111,111,2026-08-13T14:46,LOT-ALT-WIP-PSC-SKU-BIKE-MT-001-20260720-MT-OP-020-WIP-MT-FORK-READY,2026-08-13T14:46,,0.0,0.0,61.0518,False,,,PSC-SKU-BIKE-MT-001-20260720,,SKU-BIKE-MT-001,WIP-MT-FORK-READY,BUF-MT-FORK,MT-OP-020,MT-OP-050,ADVISORY_PRODUCTION_TO_BUFFER,51.9482,61.0518,0.0,0.0,113.0,120.0,0.0,BALANCED,True,True
PHASE4-MPS-20260721170405,ALT-WIP,SWIP-ALT-WIP-00112,112,2026-08-14T11:56,LOT-ALT-WIP-PSC-SKU-BIKE-MT-001-20260713-MT-OP-050-WIP-MT-FINAL-ASSEMBLY-READY,2026-08-14T11:56,,0.0,0.0,42.0,False,,,PSC-SKU-BIKE-MT-001-20260713,,SKU-BIKE-MT-001,WIP-MT-FINAL-ASSEMBLY-READY,BUF-MT-ASM,MT-OP-050,MT-OP-060,ADVISORY_PRODUCTION_TO_BUFFER,18.0,42.0,0.0,0.0,60.0,60.0,0.0,BALANCED,True,True
PHASE4-MPS-20260721170405,ALT-WIP,SWIP-ALT-WIP-00113,113,2026-08-14T11:56,LOT-ALT-WIP-PSC-SKU-BIKE-MT-001-20260706-MT-OP-050-WIP-MT-FINAL-ASSEMBLY-READY,2026-07-31T10:47,FIFO,18.0,18.0,0.0,False,,,PSC-SKU-BIKE-MT-001-20260713,,SKU-BIKE-MT-001,WIP-MT-FINAL-ASSEMBLY-READY,BUF-MT-ASM,MT-OP-050,MT-OP-060,ADVISORY_DRAW_FOR_OPERATION,60.0,0.0,18.0,0.0,42.0,60.0,0.0,BALANCED,True,True
PHASE4-MPS-20260721170405,ALT-WIP,SWIP-ALT-WIP-00114,114,2026-08-14T11:56,LOT-ALT-WIP-PSC-SKU-BIKE-MT-001-20260713-MT-OP-050-WIP-MT-FINAL-ASSEMBLY-READY,2026-08-14T11:56,FIFO,42.0,42.0,0.0,False,,,PSC-SKU-BIKE-MT-001-20260713,,SKU-BIKE-MT-001,WIP-MT-FINAL-ASSEMBLY-READY,BUF-MT-ASM,MT-OP-050,MT-OP-060,ADVISORY_DRAW_FOR_OPERATION,42.0,0.0,42.0,0.0,0.0,60.0,0.0,BALANCED,True,True
PHASE4-MPS-20260721170405,ALT-WIP,SWIP-ALT-WIP-00115,115,2026-08-14T11:56,LOT-ALT-WIP-PSC-SKU-BIKE-ROAD-001-20260706-ROAD-OP-020-WIP-ROAD-WHEEL-SET-READY,2026-07-17T13:08,FIFO,73.9995,53.9995,20.0,False,,,PSC-SKU-BIKE-ROAD-001-20260713,,SKU-BIKE-ROAD-001,WIP-ROAD-WHEEL-SET-READY,BUF-ROAD-WHEEL,ROAD-OP-020,ROAD-OP-040,ADVISORY_DRAW_FOR_OPERATION,120.0,0.0,53.9995,0.0,66.0005,120.0,0.0,BALANCED,True,True
PHASE4-MPS-20260721170405,ALT-WIP,SWIP-ALT-WIP-00116,116,2026-08-14T11:56,LOT-ALT-WIP-PSC-SKU-BIKE-ROAD-001-20260706-ROAD-OP-030-WIP-ROAD-BRAKE-SET-READY,2026-07-16T09:59,FIFO,71.9995,53.9995,18.0,False,,,PSC-SKU-BIKE-ROAD-001-20260713,,SKU-BIKE-ROAD-001,WIP-ROAD-BRAKE-SET-READY,BUF-ROAD-BRAKE,ROAD-OP-030,ROAD-OP-040,ADVISORY_DRAW_FOR_OPERATION,120.0,0.0,53.9995,0.0,66.0005,120.0,0.0,BALANCED,True,True
PHASE4-MPS-20260721170405,ALT-WIP,SWIP-ALT-WIP-00117,117,2026-08-14T11:56,LOT-ALT-WIP-PSC-SKU-BIKE-ROAD-001-20260713-ROAD-OP-010-WIP-ROAD-FRAME-TO-WHEEL,2026-07-17T10:15,FIFO,33.9995,33.9995,0.0,False,,,PSC-SKU-BIKE-ROAD-001-20260720,,SKU-BIKE-ROAD-001,WIP-ROAD-FRAME-TO-WHEEL,BUF-ROAD-FRAME-WHEEL,ROAD-OP-010,ROAD-OP-020,ADVISORY_DRAW_FOR_OPERATION,80.0,0.0,33.9995,0.0,46.0005,80.0,0.0,BALANCED,True,True
PHASE4-MPS-20260721170405,ALT-WIP,SWIP-ALT-WIP-00118,118,2026-08-14T11:56,LOT-ALT-WIP-PSC-SKU-BIKE-ROAD-001-20260720-ROAD-OP-010-WIP-ROAD-FRAME-TO-WHEEL,2026-08-04T14:23,FIFO,46.0005,20.0,26.0005,False,,,PSC-SKU-BIKE-ROAD-001-20260720,,SKU-BIKE-ROAD-001,WIP-ROAD-FRAME-TO-WHEEL,BUF-ROAD-FRAME-WHEEL,ROAD-OP-010,ROAD-OP-020,ADVISORY_DRAW_FOR_OPERATION,46.0005,0.0,20.0,0.0,26.0005,80.0,0.0,BALANCED,True,True
PHASE4-MPS-20260721170405,ALT-WIP,SWIP-ALT-WIP-00119,119,2026-08-14T11:56,LOT-ALT-WIP-PSC-SKU-BIKE-ROAD-001-20260713-ROAD-OP-010-WIP-ROAD-FRAME-TO-BRAKE,2026-07-17T10:15,FIFO,31.9995,31.9995,0.0,False,,,PSC-SKU-BIKE-ROAD-001-20260720,,SKU-BIKE-ROAD-001,WIP-ROAD-FRAME-TO-BRAKE,BUF-ROAD-FRAME-BRAKE,ROAD-OP-010,ROAD-OP-030,ADVISORY_DRAW_FOR_OPERATION,78.0,0.0,31.9995,0.0,46.0005,80.0,0.0,BALANCED,True,True
PHASE4-MPS-20260721170405,ALT-WIP,SWIP-ALT-WIP-00120,120,2026-08-14T11:56,LOT-ALT-WIP-PSC-SKU-BIKE-ROAD-001-20260720-ROAD-OP-010-WIP-ROAD-FRAME-TO-BRAKE,2026-08-04T14:23,FIFO,46.0005,22.0,24.0005,False,,,PSC-SKU-BIKE-ROAD-001-20260720,,SKU-BIKE-ROAD-001,WIP-ROAD-FRAME-TO-BRAKE,BUF-ROAD-FRAME-BRAKE,ROAD-OP-010,ROAD-OP-030,ADVISORY_DRAW_FOR_OPERATION,46.0005,0.0,22.0,0.0,24.0005,80.0,0.0,BALANCED,True,True
PHASE4-MPS-20260721170405,ALT-WIP,SWIP-ALT-WIP-00121,121,2026-08-19T09:38,LOT-ALT-WIP-PSC-SKU-BIKE-ROAD-001-20260720-ROAD-OP-030-WIP-ROAD-BRAKE-SET-READY,2026-08-19T09:38,,0.0,0.0,53.9995,False,,,PSC-SKU-BIKE-ROAD-001-20260720,,SKU-BIKE-ROAD-001,WIP-ROAD-BRAKE-SET-READY,BUF-ROAD-BRAKE,ROAD-OP-030,ROAD-OP-040,ADVISORY_PRODUCTION_TO_BUFFER,66.0005,53.9995,0.0,0.0,120.0,120.0,0.0,BALANCED,True,True
PHASE4-MPS-20260721170405,ALT-WIP,SWIP-ALT-WIP-00122,122,2026-08-19T11:23,LOT-ALT-WIP-PSC-SKU-BIKE-ROAD-001-20260727-ROAD-OP-010-WIP-ROAD-FRAME-TO-WHEEL,2026-08-19T11:23,,0.0,0.0,53.9995,False,,,PSC-SKU-BIKE-ROAD-001-20260727,,SKU-BIKE-ROAD-001,WIP-ROAD-FRAME-TO-WHEEL,BUF-ROAD-FRAME-WHEEL,ROAD-OP-010,ROAD-OP-020,ADVISORY_PRODUCTION_TO_BUFFER,26.0005,53.9995,0.0,0.0,80.0,80.0,0.0,BALANCED,True,True
PHASE4-MPS-20260721170405,ALT-WIP,SWIP-ALT-WIP-00123,123,2026-08-19T11:23,LOT-ALT-WIP-PSC-SKU-BIKE-ROAD-001-20260727-ROAD-OP-010-WIP-ROAD-FRAME-TO-BRAKE,2026-08-19T11:23,,0.0,0.0,53.9995,False,,,PSC-SKU-BIKE-ROAD-001-20260727,,SKU-BIKE-ROAD-001,WIP-ROAD-FRAME-TO-BRAKE,BUF-ROAD-FRAME-BRAKE,ROAD-OP-010,ROAD-OP-030,ADVISORY_PRODUCTION_TO_BUFFER,24.0005,53.9995,0.0,0.0,78.0,80.0,0.0,BALANCED,True,True
PHASE4-MPS-20260721170405,ALT-WIP,SWIP-ALT-WIP-00124,124,2026-08-19T12:59,LOT-ALT-WIP-PSC-SKU-BIKE-MT-001-20260713-MT-OP-060-WIP-MT-QC-PASSED,2026-08-19T12:59,,0.0,0.0,60.0,False,,,PSC-SKU-BIKE-MT-001-20260713,,SKU-BIKE-MT-001,WIP-MT-QC-PASSED,BUF-MT-QC,MT-OP-060,MT-OP-070,ADVISORY_PRODUCTION_TO_BUFFER,0.0,60.0,0.0,0.0,60.0,60.0,0.0,BALANCED,True,True
PHASE4-MPS-20260721170405,ALT-WIP,SWIP-ALT-WIP-00125,125,2026-08-19T12:59,LOT-ALT-WIP-PSC-SKU-BIKE-MT-001-20260713-MT-OP-060-WIP-MT-QC-PASSED,2026-08-19T12:59,FIFO,60.0,60.0,0.0,False,,,PSC-SKU-BIKE-MT-001-20260713,,SKU-BIKE-MT-001,WIP-MT-QC-PASSED,BUF-MT-QC,MT-OP-060,MT-OP-070,ADVISORY_DRAW_FOR_OPERATION,60.0,0.0,60.0,0.0,0.0,60.0,0.0,BALANCED,True,True
PHASE4-MPS-20260721170405,ALT-WIP,SWIP-ALT-WIP-00126,126,2026-08-20T09:24,LOT-ALT-WIP-PSC-SKU-BIKE-ROAD-001-20260720-ROAD-OP-020-WIP-ROAD-WHEEL-SET-READY,2026-08-20T09:24,,0.0,0.0,53.9995,False,,,PSC-SKU-BIKE-ROAD-001-20260720,,SKU-BIKE-ROAD-001,WIP-ROAD-WHEEL-SET-READY,BUF-ROAD-WHEEL,ROAD-OP-020,ROAD-OP-040,ADVISORY_PRODUCTION_TO_BUFFER,66.0005,53.9995,0.0,0.0,120.0,120.0,0.0,BALANCED,True,True
PHASE4-MPS-20260721170405,ALT-WIP,SWIP-ALT-WIP-00127,127,2026-08-24T09:35,LOT-ALT-WIP-PSC-SKU-BIKE-ROAD-001-20260713-ROAD-OP-040-WIP-ROAD-FINAL-ASSEMBLY-READY,2026-08-24T09:35,,0.0,0.0,53.9995,False,,,PSC-SKU-BIKE-ROAD-001-20260713,,SKU-BIKE-ROAD-001,WIP-ROAD-FINAL-ASSEMBLY-READY,BUF-ROAD-ASM,ROAD-OP-040,ROAD-OP-050,ADVISORY_PRODUCTION_TO_BUFFER,6.0005,53.9995,0.0,0.0,60.0,60.0,0.0,BALANCED,True,True
PHASE4-MPS-20260721170405,ALT-WIP,SWIP-ALT-WIP-00128,128,2026-08-24T09:35,LOT-ALT-WIP-PSC-SKU-BIKE-MT-001-20260713-MT-OP-020-WIP-MT-FORK-READY,2026-07-27T13:54,FIFO,51.9482,51.9482,0.0,False,,,PSC-SKU-BIKE-MT-001-20260720,,SKU-BIKE-MT-001,WIP-MT-FORK-READY,BUF-MT-FORK,MT-OP-020,MT-OP-050,ADVISORY_DRAW_FOR_OPERATION,113.0,0.0,51.9482,0.0,61.0518,120.0,0.0,BALANCED,True,True
PHASE4-MPS-20260721170405,ALT-WIP,SWIP-ALT-WIP-00129,129,2026-08-24T09:35,LOT-ALT-WIP-PSC-SKU-BIKE-MT-001-20260720-MT-OP-020-WIP-MT-FORK-READY,2026-08-13T14:46,FIFO,61.0518,8.0518,53.0,False,,,PSC-SKU-BIKE-MT-001-20260720,,SKU-BIKE-MT-001,WIP-MT-FORK-READY,BUF-MT-FORK,MT-OP-020,MT-OP-050,ADVISORY_DRAW_FOR_OPERATION,61.0518,0.0,8.0518,0.0,53.0,120.0,0.0,BALANCED,True,True
PHASE4-MPS-20260721170405,ALT-WIP,SWIP-ALT-WIP-00130,130,2026-08-24T09:35,LOT-ALT-WIP-PSC-SKU-BIKE-MT-001-20260706-MT-OP-030-WIP-MT-WHEEL-SET-READY,2026-07-20T13:08,FIFO,18.0,18.0,0.0,False,,,PSC-SKU-BIKE-MT-001-20260720,,SKU-BIKE-MT-001,WIP-MT-WHEEL-SET-READY,BUF-MT-WHEEL,MT-OP-030,MT-OP-050,ADVISORY_DRAW_FOR_OPERATION,120.0,0.0,18.0,0.0,102.0,120.0,0.0,BALANCED,True,True
PHASE4-MPS-20260721170405,ALT-WIP,SWIP-ALT-WIP-00131,131,2026-08-24T09:35,LOT-ALT-WIP-PSC-SKU-BIKE-MT-001-20260713-MT-OP-030-WIP-MT-WHEEL-SET-READY,2026-07-24T11:58,FIFO,60.0,42.0,18.0,False,,,PSC-SKU-BIKE-MT-001-20260720,,SKU-BIKE-MT-001,WIP-MT-WHEEL-SET-READY,BUF-MT-WHEEL,MT-OP-030,MT-OP-050,ADVISORY_DRAW_FOR_OPERATION,102.0,0.0,42.0,0.0,60.0,120.0,0.0,BALANCED,True,True
PHASE4-MPS-20260721170405,ALT-WIP,SWIP-ALT-WIP-00132,132,2026-08-24T09:35,LOT-ALT-WIP-PSC-SKU-BIKE-MT-001-20260706-MT-OP-040-WIP-MT-BRAKE-SET-READY,2026-07-17T11:00,FIFO,13.9741,13.9741,0.0,False,,,PSC-SKU-BIKE-MT-001-20260720,,SKU-BIKE-MT-001,WIP-MT-BRAKE-SET-READY,BUF-MT-BRAKE,MT-OP-040,MT-OP-050,ADVISORY_DRAW_FOR_OPERATION,120.0,0.0,13.9741,0.0,106.0259,120.0,0.0,BALANCED,True,True
PHASE4-MPS-20260721170405,ALT-WIP,SWIP-ALT-WIP-00133,133,2026-08-24T09:35,LOT-ALT-WIP-PSC-SKU-BIKE-MT-001-20260713-MT-OP-040-WIP-MT-BRAKE-SET-READY,2026-07-23T12:45,FIFO,64.0259,46.0259,18.0,False,,,PSC-SKU-BIKE-MT-001-20260720,,SKU-BIKE-MT-001,WIP-MT-BRAKE-SET-READY,BUF-MT-BRAKE,MT-OP-040,MT-OP-050,ADVISORY_DRAW_FOR_OPERATION,106.0259,0.0,46.0259,0.0,60.0,120.0,0.0,BALANCED,True,True
PHASE4-MPS-20260721170405,ALT-WIP,SWIP-ALT-WIP-00134,134,2026-08-24T09:35,LOT-ALT-WIP-PSC-SKU-BIKE-MT-001-20260727-MT-OP-010-WIP-MT-FRAME-TO-FORK,2026-08-11T14:34,FIFO,42.0,42.0,0.0,False,,,PSC-SKU-BIKE-MT-001-20260727,,SKU-BIKE-MT-001,WIP-MT-FRAME-TO-FORK,BUF-MT-FRAME-FORK,MT-OP-010,MT-OP-020,ADVISORY_DRAW_FOR_OPERATION,42.0,0.0,42.0,0.0,0.0,80.0,0.0,BALANCED,True,True
PHASE4-MPS-20260721170405,ALT-WIP,SWIP-ALT-WIP-00135,135,2026-08-24T09:35,LOT-ALT-WIP-PSC-SKU-BIKE-MT-001-20260720-MT-OP-010-WIP-MT-FRAME-TO-WHEEL,2026-07-23T14:22,FIFO,38.0,38.0,0.0,False,,,PSC-SKU-BIKE-MT-001-20260727,,SKU-BIKE-MT-001,WIP-MT-FRAME-TO-WHEEL,BUF-MT-FRAME-WHEEL,MT-OP-010,MT-OP-030,ADVISORY_DRAW_FOR_OPERATION,80.0,0.0,38.0,0.0,42.0,80.0,0.0,BALANCED,True,True
PHASE4-MPS-20260721170405,ALT-WIP,SWIP-ALT-WIP-00136,136,2026-08-24T09:35,LOT-ALT-WIP-PSC-SKU-BIKE-MT-001-20260727-MT-OP-010-WIP-MT-FRAME-TO-WHEEL,2026-08-11T14:34,FIFO,42.0,22.0,20.0,False,,,PSC-SKU-BIKE-MT-001-20260727,,SKU-BIKE-MT-001,WIP-MT-FRAME-TO-WHEEL,BUF-MT-FRAME-WHEEL,MT-OP-010,MT-OP-030,ADVISORY_DRAW_FOR_OPERATION,42.0,0.0,22.0,0.0,20.0,80.0,0.0,BALANCED,True,True
PHASE4-MPS-20260721170405,ALT-WIP,SWIP-ALT-WIP-00137,137,2026-08-24T09:35,LOT-ALT-WIP-PSC-SKU-BIKE-MT-001-20260720-MT-OP-010-WIP-MT-FRAME-TO-BRAKE,2026-07-23T14:22,FIFO,32.0,32.0,0.0,False,,,PSC-SKU-BIKE-MT-001-20260727,,SKU-BIKE-MT-001,WIP-MT-FRAME-TO-BRAKE,BUF-MT-FRAME-BRAKE,MT-OP-010,MT-OP-040,ADVISORY_DRAW_FOR_OPERATION,74.0,0.0,32.0,0.0,42.0,80.0,0.0,BALANCED,True,True
PHASE4-MPS-20260721170405,ALT-WIP,SWIP-ALT-WIP-00138,138,2026-08-24T09:35,LOT-ALT-WIP-PSC-SKU-BIKE-MT-001-20260727-MT-OP-010-WIP-MT-FRAME-TO-BRAKE,2026-08-11T14:34,FIFO,42.0,28.0,14.0,False,,,PSC-SKU-BIKE-MT-001-20260727,,SKU-BIKE-MT-001,WIP-MT-FRAME-TO-BRAKE,BUF-MT-FRAME-BRAKE,MT-OP-010,MT-OP-040,ADVISORY_DRAW_FOR_OPERATION,42.0,0.0,28.0,0.0,14.0,80.0,0.0,BALANCED,True,True
PHASE4-MPS-20260721170405,ALT-WIP,SWIP-ALT-WIP-00139,139,2026-08-24T09:35,LOT-ALT-WIP-PSC-SKU-BIKE-ROAD-001-20260706-ROAD-OP-040-WIP-ROAD-FINAL-ASSEMBLY-READY,2026-08-07T09:38,FIFO,6.0005,6.0005,0.0,False,,,PSC-SKU-BIKE-ROAD-001-20260713,,SKU-BIKE-ROAD-001,WIP-ROAD-FINAL-ASSEMBLY-READY,BUF-ROAD-ASM,ROAD-OP-040,ROAD-OP-050,ADVISORY_DRAW_FOR_OPERATION,60.0,0.0,6.0005,0.0,53.9995,60.0,0.0,BALANCED,True,True
PHASE4-MPS-20260721170405,ALT-WIP,SWIP-ALT-WIP-00140,140,2026-08-24T09:35,LOT-ALT-WIP-PSC-SKU-BIKE-ROAD-001-20260713-ROAD-OP-040-WIP-ROAD-FINAL-ASSEMBLY-READY,2026-08-24T09:35,FIFO,53.9995,53.9995,0.0,False,,,PSC-SKU-BIKE-ROAD-001-20260713,,SKU-BIKE-ROAD-001,WIP-ROAD-FINAL-ASSEMBLY-READY,BUF-ROAD-ASM,ROAD-OP-040,ROAD-OP-050,ADVISORY_DRAW_FOR_OPERATION,53.9995,0.0,53.9995,0.0,0.0,60.0,0.0,BALANCED,True,True
PHASE4-MPS-20260721170405,ALT-WIP,SWIP-ALT-WIP-00141,141,2026-08-26T13:47,LOT-ALT-WIP-PSC-SKU-BIKE-ROAD-001-20260713-ROAD-OP-050-WIP-ROAD-QC-PASSED,2026-08-26T13:47,,0.0,0.0,60.0,False,,,PSC-SKU-BIKE-ROAD-001-20260713,,SKU-BIKE-ROAD-001,WIP-ROAD-QC-PASSED,BUF-ROAD-QC,ROAD-OP-050,ROAD-OP-060,ADVISORY_PRODUCTION_TO_BUFFER,0.0,60.0,0.0,0.0,60.0,60.0,0.0,BALANCED,True,True
PHASE4-MPS-20260721170405,ALT-WIP,SWIP-ALT-WIP-00142,142,2026-08-26T13:47,LOT-ALT-WIP-PSC-SKU-BIKE-ROAD-001-20260713-ROAD-OP-050-WIP-ROAD-QC-PASSED,2026-08-26T13:47,FIFO,60.0,60.0,0.0,False,,,PSC-SKU-BIKE-ROAD-001-20260713,,SKU-BIKE-ROAD-001,WIP-ROAD-QC-PASSED,BUF-ROAD-QC,ROAD-OP-050,ROAD-OP-060,ADVISORY_DRAW_FOR_OPERATION,60.0,0.0,60.0,0.0,0.0,60.0,0.0,BALANCED,True,True
PHASE4-MPS-20260721170405,ALT-WIP,SWIP-ALT-WIP-00143,143,2026-08-27T11:19,LOT-ALT-WIP-PSC-SKU-BIKE-MT-001-20260727-MT-OP-020-WIP-MT-FORK-READY,2026-08-27T11:19,,0.0,0.0,42.0,False,,,PSC-SKU-BIKE-MT-001-20260727,,SKU-BIKE-MT-001,WIP-MT-FORK-READY,BUF-MT-FORK,MT-OP-020,MT-OP-050,ADVISORY_PRODUCTION_TO_BUFFER,53.0,42.0,0.0,0.0,95.0,120.0,0.0,BALANCED,True,True
PHASE4-MPS-20260721170405,ALT-WIP,SWIP-ALT-WIP-00144,144,2026-08-27T13:30,LOT-ALT-WIP-PSC-SKU-BIKE-MT-001-20260727-MT-OP-040-WIP-MT-BRAKE-SET-READY,2026-08-27T13:30,,0.0,0.0,60.0,False,,,PSC-SKU-BIKE-MT-001-20260727,,SKU-BIKE-MT-001,WIP-MT-BRAKE-SET-READY,BUF-MT-BRAKE,MT-OP-040,MT-OP-050,ADVISORY_PRODUCTION_TO_BUFFER,60.0,60.0,0.0,0.0,120.0,120.0,0.0,BALANCED,True,True
PHASE4-MPS-20260721170405,ALT-WIP,SWIP-ALT-WIP-00145,145,2026-08-28T08:13,LOT-ALT-WIP-PSC-SKU-BIKE-MT-001-20260803-MT-OP-010-WIP-MT-FRAME-TO-FORK,2026-08-28T08:13,,0.0,0.0,60.0,False,,,PSC-SKU-BIKE-MT-001-20260803,,SKU-BIKE-MT-001,WIP-MT-FRAME-TO-FORK,BUF-MT-FRAME-FORK,MT-OP-010,MT-OP-020,ADVISORY_PRODUCTION_TO_BUFFER,0.0,60.0,0.0,0.0,60.0,80.0,0.0,BALANCED,True,True
PHASE4-MPS-20260721170405,ALT-WIP,SWIP-ALT-WIP-00146,146,2026-08-28T08:13,LOT-ALT-WIP-PSC-SKU-BIKE-MT-001-20260803-MT-OP-010-WIP-MT-FRAME-TO-WHEEL,2026-08-28T08:13,,0.0,0.0,60.0,False,,,PSC-SKU-BIKE-MT-001-20260803,,SKU-BIKE-MT-001,WIP-MT-FRAME-TO-WHEEL,BUF-MT-FRAME-WHEEL,MT-OP-010,MT-OP-030,ADVISORY_PRODUCTION_TO_BUFFER,20.0,60.0,0.0,0.0,80.0,80.0,0.0,BALANCED,True,True
PHASE4-MPS-20260721170405,ALT-WIP,SWIP-ALT-WIP-00147,147,2026-08-28T08:13,LOT-ALT-WIP-PSC-SKU-BIKE-MT-001-20260803-MT-OP-010-WIP-MT-FRAME-TO-BRAKE,2026-08-28T08:13,,0.0,0.0,60.0,False,,,PSC-SKU-BIKE-MT-001-20260803,,SKU-BIKE-MT-001,WIP-MT-FRAME-TO-BRAKE,BUF-MT-FRAME-BRAKE,MT-OP-010,MT-OP-040,ADVISORY_PRODUCTION_TO_BUFFER,14.0,60.0,0.0,0.0,74.0,80.0,0.0,BALANCED,True,True
PHASE4-MPS-20260721170405,ALT-WIP,SWIP-ALT-WIP-00148,148,2026-08-28T14:26,LOT-ALT-WIP-PSC-SKU-BIKE-MT-001-20260727-MT-OP-030-WIP-MT-WHEEL-SET-READY,2026-08-28T14:26,,0.0,0.0,60.0,False,,,PSC-SKU-BIKE-MT-001-20260727,,SKU-BIKE-MT-001,WIP-MT-WHEEL-SET-READY,BUF-MT-WHEEL,MT-OP-030,MT-OP-050,ADVISORY_PRODUCTION_TO_BUFFER,60.0,60.0,0.0,0.0,120.0,120.0,0.0,BALANCED,True,True
PHASE4-MPS-20260721170405,ALT-WIP,SWIP-ALT-WIP-00149,149,2026-09-02T13:44,LOT-ALT-WIP-PSC-SKU-BIKE-MT-001-20260720-MT-OP-050-WIP-MT-FINAL-ASSEMBLY-READY,2026-09-02T13:44,,0.0,0.0,60.0,False,,,PSC-SKU-BIKE-MT-001-20260720,,SKU-BIKE-MT-001,WIP-MT-FINAL-ASSEMBLY-READY,BUF-MT-ASM,MT-OP-050,MT-OP-060,ADVISORY_PRODUCTION_TO_BUFFER,0.0,60.0,0.0,0.0,60.0,60.0,0.0,BALANCED,True,True
PHASE4-MPS-20260721170405,ALT-WIP,SWIP-ALT-WIP-00150,150,2026-09-02T13:44,LOT-ALT-WIP-PSC-SKU-BIKE-MT-001-20260720-MT-OP-050-WIP-MT-FINAL-ASSEMBLY-READY,2026-09-02T13:44,FIFO,60.0,60.0,0.0,False,,,PSC-SKU-BIKE-MT-001-20260720,,SKU-BIKE-MT-001,WIP-MT-FINAL-ASSEMBLY-READY,BUF-MT-ASM,MT-OP-050,MT-OP-060,ADVISORY_DRAW_FOR_OPERATION,60.0,0.0,60.0,0.0,0.0,60.0,0.0,BALANCED,True,True
PHASE4-MPS-20260721170405,ALT-WIP,SWIP-ALT-WIP-00151,151,2026-09-02T13:44,LOT-ALT-WIP-PSC-SKU-BIKE-ROAD-001-20260706-ROAD-OP-020-WIP-ROAD-WHEEL-SET-READY,2026-07-17T13:08,FIFO,20.0,20.0,0.0,False,,,PSC-SKU-BIKE-ROAD-001-20260720,,SKU-BIKE-ROAD-001,WIP-ROAD-WHEEL-SET-READY,BUF-ROAD-WHEEL,ROAD-OP-020,ROAD-OP-040,ADVISORY_DRAW_FOR_OPERATION,120.0,0.0,20.0,0.0,100.0,120.0,0.0,BALANCED,True,True
PHASE4-MPS-20260721170405,ALT-WIP,SWIP-ALT-WIP-00152,152,2026-09-02T13:44,LOT-ALT-WIP-PSC-SKU-BIKE-ROAD-001-20260713-ROAD-OP-020-WIP-ROAD-WHEEL-SET-READY,2026-08-05T11:36,FIFO,46.0005,40.0,6.0005,False,,,PSC-SKU-BIKE-ROAD-001-20260720,,SKU-BIKE-ROAD-001,WIP-ROAD-WHEEL-SET-READY,BUF-ROAD-WHEEL,ROAD-OP-020,ROAD-OP-040,ADVISORY_DRAW_FOR_OPERATION,100.0,0.0,40.0,0.0,60.0,120.0,0.0,BALANCED,True,True
PHASE4-MPS-20260721170405,ALT-WIP,SWIP-ALT-WIP-00153,153,2026-09-02T13:44,LOT-ALT-WIP-PSC-SKU-BIKE-ROAD-001-20260706-ROAD-OP-030-WIP-ROAD-BRAKE-SET-READY,2026-07-16T09:59,FIFO,18.0,18.0,0.0,False,,,PSC-SKU-BIKE-ROAD-001-20260720,,SKU-BIKE-ROAD-001,WIP-ROAD-BRAKE-SET-READY,BUF-ROAD-BRAKE,ROAD-OP-030,ROAD-OP-040,ADVISORY_DRAW_FOR_OPERATION,120.0,0.0,18.0,0.0,102.0,120.0,0.0,BALANCED,True,True
PHASE4-MPS-20260721170405,ALT-WIP,SWIP-ALT-WIP-00154,154,2026-09-02T13:44,LOT-ALT-WIP-PSC-SKU-BIKE-ROAD-001-20260713-ROAD-OP-030-WIP-ROAD-BRAKE-SET-READY,2026-08-04T13:35,FIFO,48.0005,42.0,6.0005,False,,,PSC-SKU-BIKE-ROAD-001-20260720,,SKU-BIKE-ROAD-001,WIP-ROAD-BRAKE-SET-READY,BUF-ROAD-BRAKE,ROAD-OP-030,ROAD-OP-040,ADVISORY_DRAW_FOR_OPERATION,102.0,0.0,42.0,0.0,60.0,120.0,0.0,BALANCED,True,True
PHASE4-MPS-20260721170405,ALT-WIP,SWIP-ALT-WIP-00155,155,2026-09-02T13:44,LOT-ALT-WIP-PSC-SKU-BIKE-ROAD-001-20260720-ROAD-OP-010-WIP-ROAD-FRAME-TO-WHEEL,2026-08-04T14:23,FIFO,26.0005,26.0005,0.0,False,,,PSC-SKU-BIKE-ROAD-001-20260727,,SKU-BIKE-ROAD-001,WIP-ROAD-FRAME-TO-WHEEL,BUF-ROAD-FRAME-WHEEL,ROAD-OP-010,ROAD-OP-020,ADVISORY_DRAW_FOR_OPERATION,80.0,0.0,26.0005,0.0,53.9995,80.0,0.0,BALANCED,True,True
PHASE4-MPS-20260721170405,ALT-WIP,SWIP-ALT-WIP-00156,156,2026-09-02T13:44,LOT-ALT-WIP-PSC-SKU-BIKE-ROAD-001-20260727-ROAD-OP-010-WIP-ROAD-FRAME-TO-WHEEL,2026-08-19T11:23,FIFO,53.9995,33.9995,20.0,False,,,PSC-SKU-BIKE-ROAD-001-20260727,,SKU-BIKE-ROAD-001,WIP-ROAD-FRAME-TO-WHEEL,BUF-ROAD-FRAME-WHEEL,ROAD-OP-010,ROAD-OP-020,ADVISORY_DRAW_FOR_OPERATION,53.9995,0.0,33.9995,0.0,20.0,80.0,0.0,BALANCED,True,True
PHASE4-MPS-20260721170405,ALT-WIP,SWIP-ALT-WIP-00157,157,2026-09-02T13:44,LOT-ALT-WIP-PSC-SKU-BIKE-ROAD-001-20260720-ROAD-OP-010-WIP-ROAD-FRAME-TO-BRAKE,2026-08-04T14:23,FIFO,24.0005,24.0005,0.0,False,,,PSC-SKU-BIKE-ROAD-001-20260727,,SKU-BIKE-ROAD-001,WIP-ROAD-FRAME-TO-BRAKE,BUF-ROAD-FRAME-BRAKE,ROAD-OP-010,ROAD-OP-030,ADVISORY_DRAW_FOR_OPERATION,78.0,0.0,24.0005,0.0,53.9995,80.0,0.0,BALANCED,True,True
PHASE4-MPS-20260721170405,ALT-WIP,SWIP-ALT-WIP-00158,158,2026-09-02T13:44,LOT-ALT-WIP-PSC-SKU-BIKE-ROAD-001-20260727-ROAD-OP-010-WIP-ROAD-FRAME-TO-BRAKE,2026-08-19T11:23,FIFO,53.9995,35.9995,18.0,False,,,PSC-SKU-BIKE-ROAD-001-20260727,,SKU-BIKE-ROAD-001,WIP-ROAD-FRAME-TO-BRAKE,BUF-ROAD-FRAME-BRAKE,ROAD-OP-010,ROAD-OP-030,ADVISORY_DRAW_FOR_OPERATION,53.9995,0.0,35.9995,0.0,18.0,80.0,0.0,BALANCED,True,True
PHASE4-MPS-20260721170405,ALT-WIP,SWIP-ALT-WIP-00159,159,2026-09-07T13:35,LOT-ALT-WIP-PSC-SKU-BIKE-ROAD-001-20260727-ROAD-OP-030-WIP-ROAD-BRAKE-SET-READY,2026-09-07T13:35,,0.0,0.0,60.0,False,,,PSC-SKU-BIKE-ROAD-001-20260727,,SKU-BIKE-ROAD-001,WIP-ROAD-BRAKE-SET-READY,BUF-ROAD-BRAKE,ROAD-OP-030,ROAD-OP-040,ADVISORY_PRODUCTION_TO_BUFFER,60.0,60.0,0.0,0.0,120.0,120.0,0.0,BALANCED,True,True
PHASE4-MPS-20260721170405,ALT-WIP,SWIP-ALT-WIP-00160,160,2026-09-07T14:47,LOT-ALT-WIP-PSC-SKU-BIKE-MT-001-20260720-MT-OP-060-WIP-MT-QC-PASSED,2026-09-07T14:47,,0.0,0.0,60.0,False,,,PSC-SKU-BIKE-MT-001-20260720,,SKU-BIKE-MT-001,WIP-MT-QC-PASSED,BUF-MT-QC,MT-OP-060,MT-OP-070,ADVISORY_PRODUCTION_TO_BUFFER,0.0,60.0,0.0,0.0,60.0,60.0,0.0,BALANCED,True,True
PHASE4-MPS-20260721170405,ALT-WIP,SWIP-ALT-WIP-00161,161,2026-09-07T14:47,LOT-ALT-WIP-PSC-SKU-BIKE-MT-001-20260720-MT-OP-060-WIP-MT-QC-PASSED,2026-09-07T14:47,FIFO,60.0,60.0,0.0,False,,,PSC-SKU-BIKE-MT-001-20260720,,SKU-BIKE-MT-001,WIP-MT-QC-PASSED,BUF-MT-QC,MT-OP-060,MT-OP-070,ADVISORY_DRAW_FOR_OPERATION,60.0,0.0,60.0,0.0,0.0,60.0,0.0,BALANCED,True,True
PHASE4-MPS-20260721170405,ALT-WIP,SWIP-ALT-WIP-00162,162,2026-09-07T15:12,LOT-ALT-WIP-PSC-SKU-BIKE-ROAD-001-20260817-ROAD-OP-010-WIP-ROAD-FRAME-TO-WHEEL,2026-09-07T15:12,,0.0,0.0,60.0,False,,,PSC-SKU-BIKE-ROAD-001-20260817,,SKU-BIKE-ROAD-001,WIP-ROAD-FRAME-TO-WHEEL,BUF-ROAD-FRAME-WHEEL,ROAD-OP-010,ROAD-OP-020,ADVISORY_PRODUCTION_TO_BUFFER,20.0,60.0,0.0,0.0,80.0,80.0,0.0,BALANCED,True,True
PHASE4-MPS-20260721170405,ALT-WIP,SWIP-ALT-WIP-00163,163,2026-09-07T15:12,LOT-ALT-WIP-PSC-SKU-BIKE-ROAD-001-20260817-ROAD-OP-010-WIP-ROAD-FRAME-TO-BRAKE,2026-09-07T15:12,,0.0,0.0,60.0,False,,,PSC-SKU-BIKE-ROAD-001-20260817,,SKU-BIKE-ROAD-001,WIP-ROAD-FRAME-TO-BRAKE,BUF-ROAD-FRAME-BRAKE,ROAD-OP-010,ROAD-OP-030,ADVISORY_PRODUCTION_TO_BUFFER,18.0,60.0,0.0,0.0,78.0,80.0,0.0,BALANCED,True,True
PHASE4-MPS-20260721170405,ALT-WIP,SWIP-ALT-WIP-00164,164,2026-09-08T08:15,LOT-ALT-WIP-PSC-SKU-BIKE-ROAD-001-20260803-ROAD-OP-010-WIP-ROAD-FRAME-TO-WHEEL,2026-09-08T08:15,,0.0,0.0,0.0,False,,,PSC-SKU-BIKE-ROAD-001-20260803,,SKU-BIKE-ROAD-001,WIP-ROAD-FRAME-TO-WHEEL,BUF-ROAD-FRAME-WHEEL,ROAD-OP-010,ROAD-OP-020,ADVISORY_PRODUCTION_TO_BUFFER,80.0,60.0,0.0,60.0,80.0,80.0,0.0,BALANCED,True,True
PHASE4-MPS-20260721170405,ALT-WIP,SWIP-ALT-WIP-00165,165,2026-09-08T08:15,LOT-ALT-WIP-PSC-SKU-BIKE-ROAD-001-20260803-ROAD-OP-010-WIP-ROAD-FRAME-TO-BRAKE,2026-09-08T08:15,,0.0,0.0,2.0,False,,,PSC-SKU-BIKE-ROAD-001-20260803,,SKU-BIKE-ROAD-001,WIP-ROAD-FRAME-TO-BRAKE,BUF-ROAD-FRAME-BRAKE,ROAD-OP-010,ROAD-OP-030,ADVISORY_PRODUCTION_TO_BUFFER,78.0,60.0,0.0,58.0,80.0,80.0,0.0,BALANCED,True,True
PHASE4-MPS-20260721170405,ALT-WIP,SWIP-ALT-WIP-00166,166,2026-09-08T14:07,LOT-ALT-WIP-PSC-SKU-BIKE-ROAD-001-20260727-ROAD-OP-020-WIP-ROAD-WHEEL-SET-READY,2026-09-08T14:07,,0.0,0.0,60.0,False,,,PSC-SKU-BIKE-ROAD-001-20260727,,SKU-BIKE-ROAD-001,WIP-ROAD-WHEEL-SET-READY,BUF-ROAD-WHEEL,ROAD-OP-020,ROAD-OP-040,ADVISORY_PRODUCTION_TO_BUFFER,60.0,60.0,0.0,0.0,120.0,120.0,0.0,BALANCED,True,True
PHASE4-MPS-20260721170405,ALT-WIP,SWIP-ALT-WIP-00167,167,2026-09-11T08:39,LOT-ALT-WIP-PSC-SKU-BIKE-ROAD-001-20260720-ROAD-OP-040-WIP-ROAD-FINAL-ASSEMBLY-READY,2026-09-11T08:39,,0.0,0.0,60.0,False,,,PSC-SKU-BIKE-ROAD-001-20260720,,SKU-BIKE-ROAD-001,WIP-ROAD-FINAL-ASSEMBLY-READY,BUF-ROAD-ASM,ROAD-OP-040,ROAD-OP-050,ADVISORY_PRODUCTION_TO_BUFFER,0.0,60.0,0.0,0.0,60.0,60.0,0.0,BALANCED,True,True
PHASE4-MPS-20260721170405,ALT-WIP,SWIP-ALT-WIP-00168,168,2026-09-11T08:39,LOT-ALT-WIP-PSC-SKU-BIKE-MT-001-20260720-MT-OP-020-WIP-MT-FORK-READY,2026-08-13T14:46,FIFO,53.0,53.0,0.0,False,,,PSC-SKU-BIKE-MT-001-20260727,,SKU-BIKE-MT-001,WIP-MT-FORK-READY,BUF-MT-FORK,MT-OP-020,MT-OP-050,ADVISORY_DRAW_FOR_OPERATION,95.0,0.0,53.0,0.0,42.0,120.0,0.0,BALANCED,True,True
PHASE4-MPS-20260721170405,ALT-WIP,SWIP-ALT-WIP-00169,169,2026-09-11T08:39,LOT-ALT-WIP-PSC-SKU-BIKE-MT-001-20260727-MT-OP-020-WIP-MT-FORK-READY,2026-08-27T11:19,FIFO,42.0,7.0,35.0,False,,,PSC-SKU-BIKE-MT-001-20260727,,SKU-BIKE-MT-001,WIP-MT-FORK-READY,BUF-MT-FORK,MT-OP-020,MT-OP-050,ADVISORY_DRAW_FOR_OPERATION,42.0,0.0,7.0,0.0,35.0,120.0,0.0,BALANCED,True,True
PHASE4-MPS-20260721170405,ALT-WIP,SWIP-ALT-WIP-00170,170,2026-09-11T08:39,LOT-ALT-WIP-PSC-SKU-BIKE-MT-001-20260713-MT-OP-030-WIP-MT-WHEEL-SET-READY,2026-07-24T11:58,FIFO,18.0,18.0,0.0,False,,,PSC-SKU-BIKE-MT-001-20260727,,SKU-BIKE-MT-001,WIP-MT-WHEEL-SET-READY,BUF-MT-WHEEL,MT-OP-030,MT-OP-050,ADVISORY_DRAW_FOR_OPERATION,120.0,0.0,18.0,0.0,102.0,120.0,0.0,BALANCED,True,True
PHASE4-MPS-20260721170405,ALT-WIP,SWIP-ALT-WIP-00171,171,2026-09-11T08:39,LOT-ALT-WIP-PSC-SKU-BIKE-MT-001-20260720-MT-OP-030-WIP-MT-WHEEL-SET-READY,2026-08-12T11:38,FIFO,42.0,42.0,0.0,False,,,PSC-SKU-BIKE-MT-001-20260727,,SKU-BIKE-MT-001,WIP-MT-WHEEL-SET-READY,BUF-MT-WHEEL,MT-OP-030,MT-OP-050,ADVISORY_DRAW_FOR_OPERATION,102.0,0.0,42.0,0.0,60.0,120.0,0.0,BALANCED,True,True
PHASE4-MPS-20260721170405,ALT-WIP,SWIP-ALT-WIP-00172,172,2026-09-11T08:39,LOT-ALT-WIP-PSC-SKU-BIKE-MT-001-20260713-MT-OP-040-WIP-MT-BRAKE-SET-READY,2026-07-23T12:45,FIFO,18.0,18.0,0.0,False,,,PSC-SKU-BIKE-MT-001-20260727,,SKU-BIKE-MT-001,WIP-MT-BRAKE-SET-READY,BUF-MT-BRAKE,MT-OP-040,MT-OP-050,ADVISORY_DRAW_FOR_OPERATION,120.0,0.0,18.0,0.0,102.0,120.0,0.0,BALANCED,True,True
PHASE4-MPS-20260721170405,ALT-WIP,SWIP-ALT-WIP-00173,173,2026-09-11T08:39,LOT-ALT-WIP-PSC-SKU-BIKE-MT-001-20260720-MT-OP-040-WIP-MT-BRAKE-SET-READY,2026-08-11T13:10,FIFO,42.0,42.0,0.0,False,,,PSC-SKU-BIKE-MT-001-20260727,,SKU-BIKE-MT-001,WIP-MT-BRAKE-SET-READY,BUF-MT-BRAKE,MT-OP-040,MT-OP-050,ADVISORY_DRAW_FOR_OPERATION,102.0,0.0,42.0,0.0,60.0,120.0,0.0,BALANCED,True,True
PHASE4-MPS-20260721170405,ALT-WIP,SWIP-ALT-WIP-00174,174,2026-09-11T08:39,LOT-ALT-WIP-PSC-SKU-BIKE-MT-001-20260803-MT-OP-010-WIP-MT-FRAME-TO-FORK,2026-08-28T08:13,FIFO,60.0,60.0,0.0,False,,,PSC-SKU-BIKE-MT-001-20260803,,SKU-BIKE-MT-001,WIP-MT-FRAME-TO-FORK,BUF-MT-FRAME-FORK,MT-OP-010,MT-OP-020,ADVISORY_DRAW_FOR_OPERATION,60.0,0.0,60.0,0.0,0.0,80.0,0.0,BALANCED,True,True
PHASE4-MPS-20260721170405,ALT-WIP,SWIP-ALT-WIP-00175,175,2026-09-11T08:39,LOT-ALT-WIP-PSC-SKU-BIKE-MT-001-20260727-MT-OP-010-WIP-MT-FRAME-TO-WHEEL,2026-08-11T14:34,FIFO,20.0,20.0,0.0,False,,,PSC-SKU-BIKE-MT-001-20260803,,SKU-BIKE-MT-001,WIP-MT-FRAME-TO-WHEEL,BUF-MT-FRAME-WHEEL,MT-OP-010,MT-OP-030,ADVISORY_DRAW_FOR_OPERATION,80.0,0.0,20.0,0.0,60.0,80.0,0.0,BALANCED,True,True
PHASE4-MPS-20260721170405,ALT-WIP,SWIP-ALT-WIP-00176,176,2026-09-11T08:39,LOT-ALT-WIP-PSC-SKU-BIKE-MT-001-20260803-MT-OP-010-WIP-MT-FRAME-TO-WHEEL,2026-08-28T08:13,FIFO,60.0,40.0,20.0,False,,,PSC-SKU-BIKE-MT-001-20260803,,SKU-BIKE-MT-001,WIP-MT-FRAME-TO-WHEEL,BUF-MT-FRAME-WHEEL,MT-OP-010,MT-OP-030,ADVISORY_DRAW_FOR_OPERATION,60.0,0.0,40.0,0.0,20.0,80.0,0.0,BALANCED,True,True
PHASE4-MPS-20260721170405,ALT-WIP,SWIP-ALT-WIP-00177,177,2026-09-11T08:39,LOT-ALT-WIP-PSC-SKU-BIKE-MT-001-20260727-MT-OP-010-WIP-MT-FRAME-TO-BRAKE,2026-08-11T14:34,FIFO,14.0,14.0,0.0,False,,,PSC-SKU-BIKE-MT-001-20260803,,SKU-BIKE-MT-001,WIP-MT-FRAME-TO-BRAKE,BUF-MT-FRAME-BRAKE,MT-OP-010,MT-OP-040,ADVISORY_DRAW_FOR_OPERATION,74.0,0.0,14.0,0.0,60.0,80.0,0.0,BALANCED,True,True
PHASE4-MPS-20260721170405,ALT-WIP,SWIP-ALT-WIP-00178,178,2026-09-11T08:39,LOT-ALT-WIP-PSC-SKU-BIKE-MT-001-20260803-MT-OP-010-WIP-MT-FRAME-TO-BRAKE,2026-08-28T08:13,FIFO,60.0,46.0,14.0,False,,,PSC-SKU-BIKE-MT-001-20260803,,SKU-BIKE-MT-001,WIP-MT-FRAME-TO-BRAKE,BUF-MT-FRAME-BRAKE,MT-OP-010,MT-OP-040,ADVISORY_DRAW_FOR_OPERATION,60.0,0.0,46.0,0.0,14.0,80.0,0.0,BALANCED,True,True
PHASE4-MPS-20260721170405,ALT-WIP,SWIP-ALT-WIP-00179,179,2026-09-11T08:39,LOT-ALT-WIP-PSC-SKU-BIKE-ROAD-001-20260720-ROAD-OP-040-WIP-ROAD-FINAL-ASSEMBLY-READY,2026-09-11T08:39,FIFO,60.0,60.0,0.0,False,,,PSC-SKU-BIKE-ROAD-001-20260720,,SKU-BIKE-ROAD-001,WIP-ROAD-FINAL-ASSEMBLY-READY,BUF-ROAD-ASM,ROAD-OP-040,ROAD-OP-050,ADVISORY_DRAW_FOR_OPERATION,60.0,0.0,60.0,0.0,0.0,60.0,0.0,BALANCED,True,True
PHASE4-MPS-20260721170405,ALT-WIP,SWIP-ALT-WIP-00180,180,2026-09-14T12:53,LOT-ALT-WIP-PSC-SKU-BIKE-MT-001-20260907-MT-OP-010-WIP-MT-FRAME-TO-FORK,2026-09-14T12:53,,0.0,0.0,24.5212,False,,,PSC-SKU-BIKE-MT-001-20260907,,SKU-BIKE-MT-001,WIP-MT-FRAME-TO-FORK,BUF-MT-FRAME-FORK,MT-OP-010,MT-OP-020,ADVISORY_PRODUCTION_TO_BUFFER,0.0,24.5212,0.0,0.0,24.5212,80.0,0.0,BALANCED,True,True
PHASE4-MPS-20260721170405,ALT-WIP,SWIP-ALT-WIP-00181,181,2026-09-14T12:53,LOT-ALT-WIP-PSC-SKU-BIKE-MT-001-20260907-MT-OP-010-WIP-MT-FRAME-TO-WHEEL,2026-09-14T12:53,,0.0,0.0,24.5212,False,,,PSC-SKU-BIKE-MT-001-20260907,,SKU-BIKE-MT-001,WIP-MT-FRAME-TO-WHEEL,BUF-MT-FRAME-WHEEL,MT-OP-010,MT-OP-030,ADVISORY_PRODUCTION_TO_BUFFER,20.0,24.5212,0.0,0.0,44.5212,80.0,0.0,BALANCED,True,True
PHASE4-MPS-20260721170405,ALT-WIP,SWIP-ALT-WIP-00182,182,2026-09-14T12:53,LOT-ALT-WIP-PSC-SKU-BIKE-MT-001-20260907-MT-OP-010-WIP-MT-FRAME-TO-BRAKE,2026-09-14T12:53,,0.0,0.0,24.5212,False,,,PSC-SKU-BIKE-MT-001-20260907,,SKU-BIKE-MT-001,WIP-MT-FRAME-TO-BRAKE,BUF-MT-FRAME-BRAKE,MT-OP-010,MT-OP-040,ADVISORY_PRODUCTION_TO_BUFFER,14.0,24.5212,0.0,0.0,38.5212,80.0,0.0,BALANCED,True,True
PHASE4-MPS-20260721170405,ALT-WIP,SWIP-ALT-WIP-00183,183,2026-09-14T12:53,LOT-ALT-WIP-PSC-SKU-BIKE-MT-001-20260907-MT-OP-010-WIP-MT-FRAME-TO-FORK,2026-09-14T12:53,FIFO,24.5212,10.9963,13.5249,False,,,PSC-SKU-BIKE-MT-001-20260928,,SKU-BIKE-MT-001,WIP-MT-FRAME-TO-FORK,BUF-MT-FRAME-FORK,MT-OP-010,MT-OP-020,ADVISORY_DRAW_FOR_OPERATION,24.5212,0.0,10.9963,0.0,13.5249,80.0,0.0,BALANCED,True,True
PHASE4-MPS-20260721170405,ALT-WIP,SWIP-ALT-WIP-00184,184,2026-09-14T12:53,LOT-ALT-WIP-PSC-SKU-BIKE-MT-001-20260803-MT-OP-010-WIP-MT-FRAME-TO-WHEEL,2026-08-28T08:13,FIFO,20.0,10.9963,9.0037,False,,,PSC-SKU-BIKE-MT-001-20260928,,SKU-BIKE-MT-001,WIP-MT-FRAME-TO-WHEEL,BUF-MT-FRAME-WHEEL,MT-OP-010,MT-OP-030,ADVISORY_DRAW_FOR_OPERATION,44.5212,0.0,10.9963,0.0,33.5249,80.0,0.0,BALANCED,True,True
PHASE4-MPS-20260721170405,ALT-WIP,SWIP-ALT-WIP-00185,185,2026-09-14T12:53,LOT-ALT-WIP-PSC-SKU-BIKE-MT-001-20260803-MT-OP-010-WIP-MT-FRAME-TO-BRAKE,2026-08-28T08:13,FIFO,14.0,10.9963,3.0037,False,,,PSC-SKU-BIKE-MT-001-20260928,,SKU-BIKE-MT-001,WIP-MT-FRAME-TO-BRAKE,BUF-MT-FRAME-BRAKE,MT-OP-010,MT-OP-040,ADVISORY_DRAW_FOR_OPERATION,38.5212,0.0,10.9963,0.0,27.5249,80.0,0.0,BALANCED,True,True
PHASE4-MPS-20260721170405,ALT-WIP,SWIP-ALT-WIP-00186,186,2026-09-15T10:18,LOT-ALT-WIP-PSC-SKU-BIKE-MT-001-20260928-MT-OP-040-WIP-MT-BRAKE-SET-READY,2026-09-15T10:18,,0.0,0.0,10.9963,False,,,PSC-SKU-BIKE-MT-001-20260928,,SKU-BIKE-MT-001,WIP-MT-BRAKE-SET-READY,BUF-MT-BRAKE,MT-OP-040,MT-OP-050,ADVISORY_PRODUCTION_TO_BUFFER,60.0,10.9963,0.0,0.0,70.9963,120.0,0.0,BALANCED,True,True
PHASE4-MPS-20260721170405,ALT-WIP,SWIP-ALT-WIP-00187,187,2026-09-15T11:47,LOT-ALT-WIP-PSC-SKU-BIKE-MT-001-20260928-MT-OP-020-WIP-MT-FORK-READY,2026-09-15T11:47,,0.0,0.0,10.9963,False,,,PSC-SKU-BIKE-MT-001-20260928,,SKU-BIKE-MT-001,WIP-MT-FORK-READY,BUF-MT-FORK,MT-OP-020,MT-OP-050,ADVISORY_PRODUCTION_TO_BUFFER,35.0,10.9963,0.0,0.0,45.9963,120.0,0.0,BALANCED,True,True
PHASE4-MPS-20260721170405,ALT-WIP,SWIP-ALT-WIP-00188,188,2026-09-15T11:48,LOT-ALT-WIP-PSC-SKU-BIKE-MT-001-20260928-MT-OP-030-WIP-MT-WHEEL-SET-READY,2026-09-15T11:48,,0.0,0.0,10.9963,False,,,PSC-SKU-BIKE-MT-001-20260928,,SKU-BIKE-MT-001,WIP-MT-WHEEL-SET-READY,BUF-MT-WHEEL,MT-OP-030,MT-OP-050,ADVISORY_PRODUCTION_TO_BUFFER,60.0,10.9963,0.0,0.0,70.9963,120.0,0.0,BALANCED,True,True
PHASE4-MPS-20260721170405,ALT-WIP,SWIP-ALT-WIP-00189,189,2026-09-15T12:51,LOT-ALT-WIP-PSC-SKU-BIKE-ROAD-001-20260720-ROAD-OP-050-WIP-ROAD-QC-PASSED,2026-09-15T12:51,,0.0,0.0,60.0,False,,,PSC-SKU-BIKE-ROAD-001-20260720,,SKU-BIKE-ROAD-001,WIP-ROAD-QC-PASSED,BUF-ROAD-QC,ROAD-OP-050,ROAD-OP-060,ADVISORY_PRODUCTION_TO_BUFFER,0.0,60.0,0.0,0.0,60.0,60.0,0.0,BALANCED,True,True
PHASE4-MPS-20260721170405,ALT-WIP,SWIP-ALT-WIP-00190,190,2026-09-15T12:51,LOT-ALT-WIP-PSC-SKU-BIKE-ROAD-001-20260720-ROAD-OP-050-WIP-ROAD-QC-PASSED,2026-09-15T12:51,FIFO,60.0,60.0,0.0,False,,,PSC-SKU-BIKE-ROAD-001-20260720,,SKU-BIKE-ROAD-001,WIP-ROAD-QC-PASSED,BUF-ROAD-QC,ROAD-OP-050,ROAD-OP-060,ADVISORY_DRAW_FOR_OPERATION,60.0,0.0,60.0,0.0,0.0,60.0,0.0,BALANCED,True,True
PHASE4-MPS-20260721170405,ALT-WIP,SWIP-ALT-WIP-00191,191,2026-09-16T09:33,LOT-ALT-WIP-PSC-SKU-BIKE-MT-001-20260914-MT-OP-010-WIP-MT-FRAME-TO-FORK,2026-09-16T09:33,,0.0,0.0,24.5212,False,,,PSC-SKU-BIKE-MT-001-20260914,,SKU-BIKE-MT-001,WIP-MT-FRAME-TO-FORK,BUF-MT-FRAME-FORK,MT-OP-010,MT-OP-020,ADVISORY_PRODUCTION_TO_BUFFER,13.5249,24.5212,0.0,0.0,38.0461,80.0,0.0,BALANCED,True,True
PHASE4-MPS-20260721170405,ALT-WIP,SWIP-ALT-WIP-00192,192,2026-09-16T09:33,LOT-ALT-WIP-PSC-SKU-BIKE-MT-001-20260914-MT-OP-010-WIP-MT-FRAME-TO-WHEEL,2026-09-16T09:33,,0.0,0.0,24.5212,False,,,PSC-SKU-BIKE-MT-001-20260914,,SKU-BIKE-MT-001,WIP-MT-FRAME-TO-WHEEL,BUF-MT-FRAME-WHEEL,MT-OP-010,MT-OP-030,ADVISORY_PRODUCTION_TO_BUFFER,33.5249,24.5212,0.0,0.0,58.0461,80.0,0.0,BALANCED,True,True
PHASE4-MPS-20260721170405,ALT-WIP,SWIP-ALT-WIP-00193,193,2026-09-16T09:33,LOT-ALT-WIP-PSC-SKU-BIKE-MT-001-20260914-MT-OP-010-WIP-MT-FRAME-TO-BRAKE,2026-09-16T09:33,,0.0,0.0,24.5212,False,,,PSC-SKU-BIKE-MT-001-20260914,,SKU-BIKE-MT-001,WIP-MT-FRAME-TO-BRAKE,BUF-MT-FRAME-BRAKE,MT-OP-010,MT-OP-040,ADVISORY_PRODUCTION_TO_BUFFER,27.5249,24.5212,0.0,0.0,52.0461,80.0,0.0,BALANCED,True,True
PHASE4-MPS-20260721170405,ALT-WIP,SWIP-ALT-WIP-00194,194,2026-09-16T12:35,LOT-ALT-WIP-PSC-SKU-BIKE-MT-001-20260803-MT-OP-040-WIP-MT-BRAKE-SET-READY,2026-09-16T12:35,,0.0,0.0,49.0037,False,,,PSC-SKU-BIKE-MT-001-20260803,,SKU-BIKE-MT-001,WIP-MT-BRAKE-SET-READY,BUF-MT-BRAKE,MT-OP-040,MT-OP-050,ADVISORY_PRODUCTION_TO_BUFFER,70.9963,60.0,0.0,10.9963,120.0,120.0,0.0,BALANCED,True,True
PHASE4-MPS-20260721170405,ALT-WIP,SWIP-ALT-WIP-00195,195,2026-09-16T14:33,LOT-ALT-WIP-PSC-SKU-BIKE-MT-001-20260810-MT-OP-010-WIP-MT-FRAME-TO-FORK,2026-09-16T14:33,,0.0,0.0,41.9539,False,,,PSC-SKU-BIKE-MT-001-20260810,,SKU-BIKE-MT-001,WIP-MT-FRAME-TO-FORK,BUF-MT-FRAME-FORK,MT-OP-010,MT-OP-020,ADVISORY_PRODUCTION_TO_BUFFER,38.0461,60.0,0.0,18.0461,80.0,80.0,0.0,BALANCED,True,True
PHASE4-MPS-20260721170405,ALT-WIP,SWIP-ALT-WIP-00196,196,2026-09-16T14:33,LOT-ALT-WIP-PSC-SKU-BIKE-MT-001-20260810-MT-OP-010-WIP-MT-FRAME-TO-WHEEL,2026-09-16T14:33,,0.0,0.0,21.9539,False,,,PSC-SKU-BIKE-MT-001-20260810,,SKU-BIKE-MT-001,WIP-MT-FRAME-TO-WHEEL,BUF-MT-FRAME-WHEEL,MT-OP-010,MT-OP-030,ADVISORY_PRODUCTION_TO_BUFFER,58.0461,60.0,0.0,38.0461,80.0,80.0,0.0,BALANCED,True,True
PHASE4-MPS-20260721170405,ALT-WIP,SWIP-ALT-WIP-00197,197,2026-09-16T14:33,LOT-ALT-WIP-PSC-SKU-BIKE-MT-001-20260810-MT-OP-010-WIP-MT-FRAME-TO-BRAKE,2026-09-16T14:33,,0.0,0.0,27.9539,False,,,PSC-SKU-BIKE-MT-001-20260810,,SKU-BIKE-MT-001,WIP-MT-FRAME-TO-BRAKE,BUF-MT-FRAME-BRAKE,MT-OP-010,MT-OP-040,ADVISORY_PRODUCTION_TO_BUFFER,52.0461,60.0,0.0,32.0461,80.0,80.0,0.0,BALANCED,True,True
PHASE4-MPS-20260721170405,ALT-WIP,SWIP-ALT-WIP-00198,198,2026-09-17T13:12,LOT-ALT-WIP-PSC-SKU-BIKE-MT-001-20260803-MT-OP-020-WIP-MT-FORK-READY,2026-09-17T13:12,,0.0,0.0,60.0,False,,,PSC-SKU-BIKE-MT-001-20260803,,SKU-BIKE-MT-001,WIP-MT-FORK-READY,BUF-MT-FORK,MT-OP-020,MT-OP-050,ADVISORY_PRODUCTION_TO_BUFFER,45.9963,60.0,0.0,0.0,105.9963,120.0,0.0,BALANCED,True,True
PHASE4-MPS-20260721170405,ALT-WIP,SWIP-ALT-WIP-00199,199,2026-09-17T13:30,LOT-ALT-WIP-PSC-SKU-BIKE-MT-001-20260803-MT-OP-030-WIP-MT-WHEEL-SET-READY,2026-09-17T13:30,,0.0,0.0,49.0037,False,,,PSC-SKU-BIKE-MT-001-20260803,,SKU-BIKE-MT-001,WIP-MT-WHEEL-SET-READY,BUF-MT-WHEEL,MT-OP-030,MT-OP-050,ADVISORY_PRODUCTION_TO_BUFFER,70.9963,60.0,0.0,10.9963,120.0,120.0,0.0,BALANCED,True,True
PHASE4-MPS-20260721170405,ALT-WIP,SWIP-ALT-WIP-00200,200,2026-09-22T12:49,LOT-ALT-WIP-PSC-SKU-BIKE-MT-001-20260727-MT-OP-050-WIP-MT-FINAL-ASSEMBLY-READY,2026-09-22T12:49,,0.0,0.0,60.0,False,,,PSC-SKU-BIKE-MT-001-20260727,,SKU-BIKE-MT-001,WIP-MT-FINAL-ASSEMBLY-READY,BUF-MT-ASM,MT-OP-050,MT-OP-060,ADVISORY_PRODUCTION_TO_BUFFER,0.0,60.0,0.0,0.0,60.0,60.0,0.0,BALANCED,True,True
PHASE4-MPS-20260721170405,ALT-WIP,SWIP-ALT-WIP-00201,201,2026-09-22T12:49,LOT-ALT-WIP-PSC-SKU-BIKE-MT-001-20260727-MT-OP-050-WIP-MT-FINAL-ASSEMBLY-READY,2026-09-22T12:49,FIFO,60.0,60.0,0.0,False,,,PSC-SKU-BIKE-MT-001-20260727,,SKU-BIKE-MT-001,WIP-MT-FINAL-ASSEMBLY-READY,BUF-MT-ASM,MT-OP-050,MT-OP-060,ADVISORY_DRAW_FOR_OPERATION,60.0,0.0,60.0,0.0,0.0,60.0,0.0,BALANCED,True,True
PHASE4-MPS-20260721170405,ALT-WIP,SWIP-ALT-WIP-00202,202,2026-09-22T12:49,LOT-ALT-WIP-PSC-SKU-BIKE-ROAD-001-20260713-ROAD-OP-020-WIP-ROAD-WHEEL-SET-READY,2026-08-05T11:36,FIFO,6.0005,6.0005,0.0,False,,,PSC-SKU-BIKE-ROAD-001-20260727,,SKU-BIKE-ROAD-001,WIP-ROAD-WHEEL-SET-READY,BUF-ROAD-WHEEL,ROAD-OP-020,ROAD-OP-040,ADVISORY_DRAW_FOR_OPERATION,120.0,0.0,6.0005,0.0,113.9995,120.0,0.0,BALANCED,True,True
PHASE4-MPS-20260721170405,ALT-WIP,SWIP-ALT-WIP-00203,203,2026-09-22T12:49,LOT-ALT-WIP-PSC-SKU-BIKE-ROAD-001-20260720-ROAD-OP-020-WIP-ROAD-WHEEL-SET-READY,2026-08-20T09:24,FIFO,53.9995,53.9995,0.0,False,,,PSC-SKU-BIKE-ROAD-001-20260727,,SKU-BIKE-ROAD-001,WIP-ROAD-WHEEL-SET-READY,BUF-ROAD-WHEEL,ROAD-OP-020,ROAD-OP-040,ADVISORY_DRAW_FOR_OPERATION,113.9995,0.0,53.9995,0.0,60.0,120.0,0.0,BALANCED,True,True
PHASE4-MPS-20260721170405,ALT-WIP,SWIP-ALT-WIP-00204,204,2026-09-22T12:49,LOT-ALT-WIP-PSC-SKU-BIKE-ROAD-001-20260713-ROAD-OP-030-WIP-ROAD-BRAKE-SET-READY,2026-08-04T13:35,FIFO,6.0005,6.0005,0.0,False,,,PSC-SKU-BIKE-ROAD-001-20260727,,SKU-BIKE-ROAD-001,WIP-ROAD-BRAKE-SET-READY,BUF-ROAD-BRAKE,ROAD-OP-030,ROAD-OP-040,ADVISORY_DRAW_FOR_OPERATION,120.0,0.0,6.0005,0.0,113.9995,120.0,0.0,BALANCED,True,True
PHASE4-MPS-20260721170405,ALT-WIP,SWIP-ALT-WIP-00205,205,2026-09-22T12:49,LOT-ALT-WIP-PSC-SKU-BIKE-ROAD-001-20260720-ROAD-OP-030-WIP-ROAD-BRAKE-SET-READY,2026-08-19T09:38,FIFO,53.9995,53.9995,0.0,False,,,PSC-SKU-BIKE-ROAD-001-20260727,,SKU-BIKE-ROAD-001,WIP-ROAD-BRAKE-SET-READY,BUF-ROAD-BRAKE,ROAD-OP-030,ROAD-OP-040,ADVISORY_DRAW_FOR_OPERATION,113.9995,0.0,53.9995,0.0,60.0,120.0,0.0,BALANCED,True,True
PHASE4-MPS-20260721170405,ALT-WIP,SWIP-ALT-WIP-00206,206,2026-09-22T12:49,LOT-ALT-WIP-PSC-SKU-BIKE-ROAD-001-20260727-ROAD-OP-010-WIP-ROAD-FRAME-TO-WHEEL,2026-08-19T11:23,FIFO,20.0,20.0,0.0,False,,,PSC-SKU-BIKE-ROAD-001-20260803,,SKU-BIKE-ROAD-001,WIP-ROAD-FRAME-TO-WHEEL,BUF-ROAD-FRAME-WHEEL,ROAD-OP-010,ROAD-OP-020,ADVISORY_DRAW_FOR_OPERATION,80.0,0.0,20.0,0.0,60.0,80.0,0.0,BALANCED,True,True
PHASE4-MPS-20260721170405,ALT-WIP,SWIP-ALT-WIP-00207,207,2026-09-22T12:49,LOT-ALT-WIP-PSC-SKU-BIKE-ROAD-001-20260817-ROAD-OP-010-WIP-ROAD-FRAME-TO-WHEEL,2026-09-07T15:12,FIFO,60.0,40.0,20.0,False,,,PSC-SKU-BIKE-ROAD-001-20260803,,SKU-BIKE-ROAD-001,WIP-ROAD-FRAME-TO-WHEEL,BUF-ROAD-FRAME-WHEEL,ROAD-OP-010,ROAD-OP-020,ADVISORY_DRAW_FOR_OPERATION,60.0,0.0,40.0,0.0,20.0,80.0,0.0,BALANCED,True,True
PHASE4-MPS-20260721170405,ALT-WIP,SWIP-ALT-WIP-00208,208,2026-09-22T12:49,LOT-ALT-WIP-PSC-SKU-BIKE-ROAD-001-20260727-ROAD-OP-010-WIP-ROAD-FRAME-TO-BRAKE,2026-08-19T11:23,FIFO,18.0,18.0,0.0,False,,,PSC-SKU-BIKE-ROAD-001-20260803,,SKU-BIKE-ROAD-001,WIP-ROAD-FRAME-TO-BRAKE,BUF-ROAD-FRAME-BRAKE,ROAD-OP-010,ROAD-OP-030,ADVISORY_DRAW_FOR_OPERATION,80.0,0.0,18.0,0.0,62.0,80.0,0.0,BALANCED,True,True
PHASE4-MPS-20260721170405,ALT-WIP,SWIP-ALT-WIP-00209,209,2026-09-22T12:49,LOT-ALT-WIP-PSC-SKU-BIKE-ROAD-001-20260817-ROAD-OP-010-WIP-ROAD-FRAME-TO-BRAKE,2026-09-07T15:12,FIFO,60.0,42.0,18.0,False,,,PSC-SKU-BIKE-ROAD-001-20260803,,SKU-BIKE-ROAD-001,WIP-ROAD-FRAME-TO-BRAKE,BUF-ROAD-FRAME-BRAKE,ROAD-OP-010,ROAD-OP-030,ADVISORY_DRAW_FOR_OPERATION,62.0,0.0,42.0,0.0,20.0,80.0,0.0,BALANCED,True,True
PHASE4-MPS-20260721170405,ALT-WIP,SWIP-ALT-WIP-00210,210,2026-09-22T12:49,LOT-ALT-WIP-PSC-SKU-BIKE-ROAD-001-20260817-ROAD-OP-010-WIP-ROAD-FRAME-TO-WHEEL,2026-09-07T15:12,FIFO,20.0,14.202,5.798,False,,,PSC-SKU-BIKE-ROAD-001-20260928,,SKU-BIKE-ROAD-001,WIP-ROAD-FRAME-TO-WHEEL,BUF-ROAD-FRAME-WHEEL,ROAD-OP-010,ROAD-OP-020,ADVISORY_DRAW_FOR_OPERATION,20.0,0.0,14.202,0.0,5.798,80.0,0.0,BALANCED,True,True
PHASE4-MPS-20260721170405,ALT-WIP,SWIP-ALT-WIP-00211,211,2026-09-22T12:49,LOT-ALT-WIP-PSC-SKU-BIKE-ROAD-001-20260817-ROAD-OP-010-WIP-ROAD-FRAME-TO-BRAKE,2026-09-07T15:12,FIFO,18.0,14.202,3.798,False,,,PSC-SKU-BIKE-ROAD-001-20260928,,SKU-BIKE-ROAD-001,WIP-ROAD-FRAME-TO-BRAKE,BUF-ROAD-FRAME-BRAKE,ROAD-OP-010,ROAD-OP-030,ADVISORY_DRAW_FOR_OPERATION,20.0,0.0,14.202,0.0,5.798,80.0,0.0,BALANCED,True,True
PHASE4-MPS-20260721170405,ALT-WIP,SWIP-ALT-WIP-00212,212,2026-09-23T10:49,LOT-ALT-WIP-PSC-SKU-BIKE-ROAD-001-20260928-ROAD-OP-030-WIP-ROAD-BRAKE-SET-READY,2026-09-23T10:49,,0.0,0.0,14.202,False,,,PSC-SKU-BIKE-ROAD-001-20260928,,SKU-BIKE-ROAD-001,WIP-ROAD-BRAKE-SET-READY,BUF-ROAD-BRAKE,ROAD-OP-030,ROAD-OP-040,ADVISORY_PRODUCTION_TO_BUFFER,60.0,14.202,0.0,0.0,74.202,120.0,0.0,BALANCED,True,True
PHASE4-MPS-20260721170405,ALT-WIP,SWIP-ALT-WIP-00213,213,2026-09-23T12:38,LOT-ALT-WIP-PSC-SKU-BIKE-ROAD-001-20260928-ROAD-OP-020-WIP-ROAD-WHEEL-SET-READY,2026-09-23T12:38,,0.0,0.0,14.202,False,,,PSC-SKU-BIKE-ROAD-001-20260928,,SKU-BIKE-ROAD-001,WIP-ROAD-WHEEL-SET-READY,BUF-ROAD-WHEEL,ROAD-OP-020,ROAD-OP-040,ADVISORY_PRODUCTION_TO_BUFFER,60.0,14.202,0.0,0.0,74.202,120.0,0.0,BALANCED,True,True
PHASE4-MPS-20260721170405,ALT-WIP,SWIP-ALT-WIP-00214,214,2026-09-25T12:39,LOT-ALT-WIP-PSC-SKU-BIKE-ROAD-001-20260803-ROAD-OP-030-WIP-ROAD-BRAKE-SET-READY,2026-09-25T12:39,,0.0,0.0,45.798,False,,,PSC-SKU-BIKE-ROAD-001-20260803,,SKU-BIKE-ROAD-001,WIP-ROAD-BRAKE-SET-READY,BUF-ROAD-BRAKE,ROAD-OP-030,ROAD-OP-040,ADVISORY_PRODUCTION_TO_BUFFER,74.202,60.0,0.0,14.202,120.0,120.0,0.0,BALANCED,True,True
PHASE4-MPS-20260721170405,ALT-WIP,SWIP-ALT-WIP-00215,215,2026-09-25T13:51,LOT-ALT-WIP-PSC-SKU-BIKE-MT-001-20260727-MT-OP-060-WIP-MT-QC-PASSED,2026-09-25T13:51,,0.0,0.0,60.0,False,,,PSC-SKU-BIKE-MT-001-20260727,,SKU-BIKE-MT-001,WIP-MT-QC-PASSED,BUF-MT-QC,MT-OP-060,MT-OP-070,ADVISORY_PRODUCTION_TO_BUFFER,0.0,60.0,0.0,0.0,60.0,60.0,0.0,BALANCED,True,True
PHASE4-MPS-20260721170405,ALT-WIP,SWIP-ALT-WIP-00216,216,2026-09-25T13:51,LOT-ALT-WIP-PSC-SKU-BIKE-MT-001-20260727-MT-OP-060-WIP-MT-QC-PASSED,2026-09-25T13:51,FIFO,60.0,60.0,0.0,False,,,PSC-SKU-BIKE-MT-001-20260727,,SKU-BIKE-MT-001,WIP-MT-QC-PASSED,BUF-MT-QC,MT-OP-060,MT-OP-070,ADVISORY_DRAW_FOR_OPERATION,60.0,0.0,60.0,0.0,0.0,60.0,0.0,BALANCED,True,True
PHASE4-MPS-20260721170405,ALT-WIP,SWIP-ALT-WIP-00217,217,2026-09-25T14:35,LOT-ALT-WIP-PSC-SKU-BIKE-ROAD-001-20260810-ROAD-OP-010-WIP-ROAD-FRAME-TO-WHEEL,2026-09-25T14:35,,0.0,0.0,60.0,False,,,PSC-SKU-BIKE-ROAD-001-20260810,,SKU-BIKE-ROAD-001,WIP-ROAD-FRAME-TO-WHEEL,BUF-ROAD-FRAME-WHEEL,ROAD-OP-010,ROAD-OP-020,ADVISORY_PRODUCTION_TO_BUFFER,5.798,60.0,0.0,0.0,65.798,80.0,0.0,BALANCED,True,True
PHASE4-MPS-20260721170405,ALT-WIP,SWIP-ALT-WIP-00218,218,2026-09-25T14:35,LOT-ALT-WIP-PSC-SKU-BIKE-ROAD-001-20260810-ROAD-OP-010-WIP-ROAD-FRAME-TO-BRAKE,2026-09-25T14:35,,0.0,0.0,60.0,False,,,PSC-SKU-BIKE-ROAD-001-20260810,,SKU-BIKE-ROAD-001,WIP-ROAD-FRAME-TO-BRAKE,BUF-ROAD-FRAME-BRAKE,ROAD-OP-010,ROAD-OP-030,ADVISORY_PRODUCTION_TO_BUFFER,5.798,60.0,0.0,0.0,65.798,80.0,0.0,BALANCED,True,True
PHASE4-MPS-20260721170405,ALT-WIP,SWIP-ALT-WIP-00219,219,2026-09-28T13:12,LOT-ALT-WIP-PSC-SKU-BIKE-ROAD-001-20260803-ROAD-OP-020-WIP-ROAD-WHEEL-SET-READY,2026-09-28T13:12,,0.0,0.0,45.798,False,,,PSC-SKU-BIKE-ROAD-001-20260803,,SKU-BIKE-ROAD-001,WIP-ROAD-WHEEL-SET-READY,BUF-ROAD-WHEEL,ROAD-OP-020,ROAD-OP-040,ADVISORY_PRODUCTION_TO_BUFFER,74.202,60.0,0.0,14.202,120.0,120.0,0.0,BALANCED,True,True
PHASE4-MPS-20260721170405,ALT-WIP,SWIP-ALT-WIP-00220,220,2026-09-30T14:59,LOT-ALT-WIP-PSC-SKU-BIKE-ROAD-001-20260727-ROAD-OP-040-WIP-ROAD-FINAL-ASSEMBLY-READY,2026-09-30T14:59,,0.0,0.0,60.0,False,,,PSC-SKU-BIKE-ROAD-001-20260727,,SKU-BIKE-ROAD-001,WIP-ROAD-FINAL-ASSEMBLY-READY,BUF-ROAD-ASM,ROAD-OP-040,ROAD-OP-050,ADVISORY_PRODUCTION_TO_BUFFER,0.0,60.0,0.0,0.0,60.0,60.0,0.0,BALANCED,True,True
PHASE4-MPS-20260721170405,ALT-WIP,SWIP-ALT-WIP-00221,221,2026-09-30T14:59,LOT-ALT-WIP-PSC-SKU-BIKE-MT-001-20260727-MT-OP-020-WIP-MT-FORK-READY,2026-08-27T11:19,FIFO,35.0,0.2882,34.7118,False,,,PSC-SKU-BIKE-MT-001-20260928,,SKU-BIKE-MT-001,WIP-MT-FORK-READY,BUF-MT-FORK,MT-OP-020,MT-OP-050,ADVISORY_DRAW_FOR_OPERATION,105.9963,0.0,0.2882,0.0,105.7081,120.0,0.0,BALANCED,True,True
PHASE4-MPS-20260721170405,ALT-WIP,SWIP-ALT-WIP-00222,222,2026-09-30T14:59,LOT-ALT-WIP-PSC-SKU-BIKE-MT-001-20260727-MT-OP-030-WIP-MT-WHEEL-SET-READY,2026-08-28T14:26,FIFO,60.0,0.2882,59.7118,False,,,PSC-SKU-BIKE-MT-001-20260928,,SKU-BIKE-MT-001,WIP-MT-WHEEL-SET-READY,BUF-MT-WHEEL,MT-OP-030,MT-OP-050,ADVISORY_DRAW_FOR_OPERATION,120.0,0.0,0.2882,0.0,119.7118,120.0,0.0,BALANCED,True,True
PHASE4-MPS-20260721170405,ALT-WIP,SWIP-ALT-WIP-00223,223,2026-09-30T14:59,LOT-ALT-WIP-PSC-SKU-BIKE-MT-001-20260727-MT-OP-040-WIP-MT-BRAKE-SET-READY,2026-08-27T13:30,FIFO,60.0,0.2882,59.7118,False,,,PSC-SKU-BIKE-MT-001-20260928,,SKU-BIKE-MT-001,WIP-MT-BRAKE-SET-READY,BUF-MT-BRAKE,MT-OP-040,MT-OP-050,ADVISORY_DRAW_FOR_OPERATION,120.0,0.0,0.2882,0.0,119.7118,120.0,0.0,BALANCED,True,True
PHASE4-MPS-20260721170405,ALT-WIP,SWIP-ALT-WIP-00224,224,2026-09-30T14:59,LOT-ALT-WIP-PSC-SKU-BIKE-ROAD-001-20260727-ROAD-OP-040-WIP-ROAD-FINAL-ASSEMBLY-READY,2026-09-30T14:59,FIFO,60.0,60.0,0.0,False,,,PSC-SKU-BIKE-ROAD-001-20260727,,SKU-BIKE-ROAD-001,WIP-ROAD-FINAL-ASSEMBLY-READY,BUF-ROAD-ASM,ROAD-OP-040,ROAD-OP-050,ADVISORY_DRAW_FOR_OPERATION,60.0,0.0,60.0,0.0,0.0,60.0,0.0,BALANCED,True,True
PHASE4-MPS-20260721170405,ALT-WIP,SWIP-ALT-WIP-00225,225,2026-09-30T15:14,LOT-ALT-WIP-PSC-SKU-BIKE-MT-001-20260928-MT-OP-050-WIP-MT-FINAL-ASSEMBLY-READY,2026-09-30T15:14,,0.0,0.0,0.2882,False,,,PSC-SKU-BIKE-MT-001-20260928,,SKU-BIKE-MT-001,WIP-MT-FINAL-ASSEMBLY-READY,BUF-MT-ASM,MT-OP-050,MT-OP-060,ADVISORY_PRODUCTION_TO_BUFFER,0.0,0.2882,0.0,0.0,0.2882,60.0,0.0,BALANCED,True,True
PHASE4-MPS-20260721170405,ALT-WIP,SWIP-ALT-WIP-00226,226,2026-10-01T08:00,LOT-ALT-WIP-PSC-SKU-BIKE-MT-001-20260727-MT-OP-020-WIP-MT-FORK-READY,2026-08-27T11:19,FIFO,34.7118,34.7118,0.0,False,,,PSC-SKU-BIKE-MT-001-20260803,,SKU-BIKE-MT-001,WIP-MT-FORK-READY,BUF-MT-FORK,MT-OP-020,MT-OP-050,ADVISORY_DRAW_FOR_OPERATION,105.7081,0.0,34.7118,0.0,70.9963,120.0,0.0,BALANCED,True,True
PHASE4-MPS-20260721170405,ALT-WIP,SWIP-ALT-WIP-00227,227,2026-10-01T08:00,LOT-ALT-WIP-PSC-SKU-BIKE-MT-001-20260928-MT-OP-020-WIP-MT-FORK-READY,2026-09-15T11:47,FIFO,10.9963,10.9963,0.0,False,,,PSC-SKU-BIKE-MT-001-20260803,,SKU-BIKE-MT-001,WIP-MT-FORK-READY,BUF-MT-FORK,MT-OP-020,MT-OP-050,ADVISORY_DRAW_FOR_OPERATION,70.9963,0.0,10.9963,0.0,60.0,120.0,0.0,BALANCED,True,True
PHASE4-MPS-20260721170405,ALT-WIP,SWIP-ALT-WIP-00228,228,2026-10-01T08:00,LOT-ALT-WIP-PSC-SKU-BIKE-MT-001-20260803-MT-OP-020-WIP-MT-FORK-READY,2026-09-17T13:12,FIFO,60.0,14.2919,45.7081,False,,,PSC-SKU-BIKE-MT-001-20260803,,SKU-BIKE-MT-001,WIP-MT-FORK-READY,BUF-MT-FORK,MT-OP-020,MT-OP-050,ADVISORY_DRAW_FOR_OPERATION,60.0,0.0,14.2919,0.0,45.7081,120.0,0.0,BALANCED,True,True
PHASE4-MPS-20260721170405,ALT-WIP,SWIP-ALT-WIP-00229,229,2026-10-01T08:00,LOT-ALT-WIP-PSC-SKU-BIKE-MT-001-20260727-MT-OP-030-WIP-MT-WHEEL-SET-READY,2026-08-28T14:26,FIFO,59.7118,59.7118,0.0,False,,,PSC-SKU-BIKE-MT-001-20260803,,SKU-BIKE-MT-001,WIP-MT-WHEEL-SET-READY,BUF-MT-WHEEL,MT-OP-030,MT-OP-050,ADVISORY_DRAW_FOR_OPERATION,119.7118,0.0,59.7118,0.0,60.0,120.0,0.0,BALANCED,True,True
PHASE4-MPS-20260721170405,ALT-WIP,SWIP-ALT-WIP-00230,230,2026-10-01T08:00,LOT-ALT-WIP-PSC-SKU-BIKE-MT-001-20260928-MT-OP-030-WIP-MT-WHEEL-SET-READY,2026-09-15T11:48,FIFO,10.9963,0.2882,10.7081,False,,,PSC-SKU-BIKE-MT-001-20260803,,SKU-BIKE-MT-001,WIP-MT-WHEEL-SET-READY,BUF-MT-WHEEL,MT-OP-030,MT-OP-050,ADVISORY_DRAW_FOR_OPERATION,60.0,0.0,0.2882,0.0,59.7118,120.0,0.0,BALANCED,True,True
PHASE4-MPS-20260721170405,ALT-WIP,SWIP-ALT-WIP-00231,231,2026-10-01T08:00,LOT-ALT-WIP-PSC-SKU-BIKE-MT-001-20260727-MT-OP-040-WIP-MT-BRAKE-SET-READY,2026-08-27T13:30,FIFO,59.7118,59.7118,0.0,False,,,PSC-SKU-BIKE-MT-001-20260803,,SKU-BIKE-MT-001,WIP-MT-BRAKE-SET-READY,BUF-MT-BRAKE,MT-OP-040,MT-OP-050,ADVISORY_DRAW_FOR_OPERATION,119.7118,0.0,59.7118,0.0,60.0,120.0,0.0,BALANCED,True,True
PHASE4-MPS-20260721170405,ALT-WIP,SWIP-ALT-WIP-00232,232,2026-10-01T08:00,LOT-ALT-WIP-PSC-SKU-BIKE-MT-001-20260928-MT-OP-040-WIP-MT-BRAKE-SET-READY,2026-09-15T10:18,FIFO,10.9963,0.2882,10.7081,False,,,PSC-SKU-BIKE-MT-001-20260803,,SKU-BIKE-MT-001,WIP-MT-BRAKE-SET-READY,BUF-MT-BRAKE,MT-OP-040,MT-OP-050,ADVISORY_DRAW_FOR_OPERATION,60.0,0.0,0.2882,0.0,59.7118,120.0,0.0,BALANCED,True,True
PHASE4-MPS-20260721170405,ALT-WIP,SWIP-ALT-WIP-00233,233,2026-10-01T08:00,LOT-ALT-WIP-PSC-SKU-BIKE-MT-001-20260907-MT-OP-010-WIP-MT-FRAME-TO-FORK,2026-09-14T12:53,FIFO,13.5249,13.5249,0.0,False,,,PSC-SKU-BIKE-MT-001-20260810,,SKU-BIKE-MT-001,WIP-MT-FRAME-TO-FORK,BUF-MT-FRAME-FORK,MT-OP-010,MT-OP-020,ADVISORY_DRAW_FOR_OPERATION,80.0,0.0,13.5249,0.0,66.4751,80.0,0.0,BALANCED,True,True
PHASE4-MPS-20260721170405,ALT-WIP,SWIP-ALT-WIP-00234,234,2026-10-01T08:00,LOT-ALT-WIP-PSC-SKU-BIKE-MT-001-20260914-MT-OP-010-WIP-MT-FRAME-TO-FORK,2026-09-16T09:33,FIFO,24.5212,24.5212,0.0,False,,,PSC-SKU-BIKE-MT-001-20260810,,SKU-BIKE-MT-001,WIP-MT-FRAME-TO-FORK,BUF-MT-FRAME-FORK,MT-OP-010,MT-OP-020,ADVISORY_DRAW_FOR_OPERATION,66.4751,0.0,24.5212,0.0,41.9539,80.0,0.0,BALANCED,True,True
PHASE4-MPS-20260721170405,ALT-WIP,SWIP-ALT-WIP-00235,235,2026-10-01T08:00,LOT-ALT-WIP-PSC-SKU-BIKE-MT-001-20260810-MT-OP-010-WIP-MT-FRAME-TO-FORK,2026-09-16T14:33,FIFO,41.9539,21.9539,20.0,False,,,PSC-SKU-BIKE-MT-001-20260810,,SKU-BIKE-MT-001,WIP-MT-FRAME-TO-FORK,BUF-MT-FRAME-FORK,MT-OP-010,MT-OP-020,ADVISORY_DRAW_FOR_OPERATION,41.9539,0.0,21.9539,0.0,20.0,80.0,0.0,BALANCED,True,True
PHASE4-MPS-20260721170405,ALT-WIP,SWIP-ALT-WIP-00236,236,2026-10-01T08:00,LOT-ALT-WIP-PSC-SKU-BIKE-MT-001-20260803-MT-OP-010-WIP-MT-FRAME-TO-WHEEL,2026-08-28T08:13,FIFO,9.0037,9.0037,0.0,False,,,PSC-SKU-BIKE-MT-001-20260810,,SKU-BIKE-MT-001,WIP-MT-FRAME-TO-WHEEL,BUF-MT-FRAME-WHEEL,MT-OP-010,MT-OP-030,ADVISORY_DRAW_FOR_OPERATION,80.0,0.0,9.0037,0.0,70.9963,80.0,0.0,BALANCED,True,True
PHASE4-MPS-20260721170405,ALT-WIP,SWIP-ALT-WIP-00237,237,2026-10-01T08:00,LOT-ALT-WIP-PSC-SKU-BIKE-MT-001-20260907-MT-OP-010-WIP-MT-FRAME-TO-WHEEL,2026-09-14T12:53,FIFO,24.5212,24.5212,0.0,False,,,PSC-SKU-BIKE-MT-001-20260810,,SKU-BIKE-MT-001,WIP-MT-FRAME-TO-WHEEL,BUF-MT-FRAME-WHEEL,MT-OP-010,MT-OP-030,ADVISORY_DRAW_FOR_OPERATION,70.9963,0.0,24.5212,0.0,46.4751,80.0,0.0,BALANCED,True,True
PHASE4-MPS-20260721170405,ALT-WIP,SWIP-ALT-WIP-00238,238,2026-10-01T08:00,LOT-ALT-WIP-PSC-SKU-BIKE-MT-001-20260914-MT-OP-010-WIP-MT-FRAME-TO-WHEEL,2026-09-16T09:33,FIFO,24.5212,24.5212,0.0,False,,,PSC-SKU-BIKE-MT-001-20260810,,SKU-BIKE-MT-001,WIP-MT-FRAME-TO-WHEEL,BUF-MT-FRAME-WHEEL,MT-OP-010,MT-OP-030,ADVISORY_DRAW_FOR_OPERATION,46.4751,0.0,24.5212,0.0,21.9539,80.0,0.0,BALANCED,True,True
PHASE4-MPS-20260721170405,ALT-WIP,SWIP-ALT-WIP-00239,239,2026-10-01T08:00,LOT-ALT-WIP-PSC-SKU-BIKE-MT-001-20260810-MT-OP-010-WIP-MT-FRAME-TO-WHEEL,2026-09-16T14:33,FIFO,21.9539,1.9539,20.0,False,,,PSC-SKU-BIKE-MT-001-20260810,,SKU-BIKE-MT-001,WIP-MT-FRAME-TO-WHEEL,BUF-MT-FRAME-WHEEL,MT-OP-010,MT-OP-030,ADVISORY_DRAW_FOR_OPERATION,21.9539,0.0,1.9539,0.0,20.0,80.0,0.0,BALANCED,True,True
PHASE4-MPS-20260721170405,ALT-WIP,SWIP-ALT-WIP-00240,240,2026-10-01T08:00,LOT-ALT-WIP-PSC-SKU-BIKE-MT-001-20260803-MT-OP-010-WIP-MT-FRAME-TO-BRAKE,2026-08-28T08:13,FIFO,3.0037,3.0037,0.0,False,,,PSC-SKU-BIKE-MT-001-20260810,,SKU-BIKE-MT-001,WIP-MT-FRAME-TO-BRAKE,BUF-MT-FRAME-BRAKE,MT-OP-010,MT-OP-040,ADVISORY_DRAW_FOR_OPERATION,80.0,0.0,3.0037,0.0,76.9963,80.0,0.0,BALANCED,True,True
PHASE4-MPS-20260721170405,ALT-WIP,SWIP-ALT-WIP-00241,241,2026-10-01T08:00,LOT-ALT-WIP-PSC-SKU-BIKE-MT-001-20260907-MT-OP-010-WIP-MT-FRAME-TO-BRAKE,2026-09-14T12:53,FIFO,24.5212,24.5212,0.0,False,,,PSC-SKU-BIKE-MT-001-20260810,,SKU-BIKE-MT-001,WIP-MT-FRAME-TO-BRAKE,BUF-MT-FRAME-BRAKE,MT-OP-010,MT-OP-040,ADVISORY_DRAW_FOR_OPERATION,76.9963,0.0,24.5212,0.0,52.4751,80.0,0.0,BALANCED,True,True
PHASE4-MPS-20260721170405,ALT-WIP,SWIP-ALT-WIP-00242,242,2026-10-01T08:00,LOT-ALT-WIP-PSC-SKU-BIKE-MT-001-20260914-MT-OP-010-WIP-MT-FRAME-TO-BRAKE,2026-09-16T09:33,FIFO,24.5212,24.5212,0.0,False,,,PSC-SKU-BIKE-MT-001-20260810,,SKU-BIKE-MT-001,WIP-MT-FRAME-TO-BRAKE,BUF-MT-FRAME-BRAKE,MT-OP-010,MT-OP-040,ADVISORY_DRAW_FOR_OPERATION,52.4751,0.0,24.5212,0.0,27.9539,80.0,0.0,BALANCED,True,True
PHASE4-MPS-20260721170405,ALT-WIP,SWIP-ALT-WIP-00243,243,2026-10-01T08:00,LOT-ALT-WIP-PSC-SKU-BIKE-MT-001-20260810-MT-OP-010-WIP-MT-FRAME-TO-BRAKE,2026-09-16T14:33,FIFO,27.9539,7.9539,20.0,False,,,PSC-SKU-BIKE-MT-001-20260810,,SKU-BIKE-MT-001,WIP-MT-FRAME-TO-BRAKE,BUF-MT-FRAME-BRAKE,MT-OP-010,MT-OP-040,ADVISORY_DRAW_FOR_OPERATION,27.9539,0.0,7.9539,0.0,20.0,80.0,0.0,BALANCED,True,True
PHASE4-MPS-20260721170405,ALT-WIP,SWIP-ALT-WIP-00244,244,2026-10-01T08:00,LOT-ALT-WIP-PSC-SKU-BIKE-MT-001-20260810-MT-OP-010-WIP-MT-FRAME-TO-WHEEL,2026-09-16T14:33,FIFO,20.0,20.0,0.0,False,,,PSC-SKU-BIKE-MT-001-20260817,,SKU-BIKE-MT-001,WIP-MT-FRAME-TO-WHEEL,BUF-MT-FRAME-WHEEL,MT-OP-010,MT-OP-030,ADVISORY_DRAW_FOR_OPERATION,20.0,0.0,20.0,0.0,0.0,80.0,0.0,BALANCED,True,True
PHASE4-MPS-20260721170405,ALT-WIP,SWIP-ALT-WIP-00245,245,2026-10-01T08:00,LOT-ALT-WIP-PSC-SKU-BIKE-MT-001-20260810-MT-OP-010-WIP-MT-FRAME-TO-BRAKE,2026-09-16T14:33,FIFO,20.0,14.0,6.0,False,,,PSC-SKU-BIKE-MT-001-20260817,,SKU-BIKE-MT-001,WIP-MT-FRAME-TO-BRAKE,BUF-MT-FRAME-BRAKE,MT-OP-010,MT-OP-040,ADVISORY_DRAW_FOR_OPERATION,20.0,0.0,14.0,0.0,6.0,80.0,0.0,BALANCED,True,True
PHASE4-MPS-20260721170405,ALT-WIP,SWIP-ALT-WIP-00246,246,2026-10-01T14:08,LOT-ALT-WIP-PSC-SKU-BIKE-MT-001-20260817-MT-OP-040-WIP-MT-BRAKE-SET-READY,2026-10-01T14:08,,0.0,0.0,14.0,False,,,PSC-SKU-BIKE-MT-001-20260817,,SKU-BIKE-MT-001,WIP-MT-BRAKE-SET-READY,BUF-MT-BRAKE,MT-OP-040,MT-OP-050,ADVISORY_PRODUCTION_TO_BUFFER,59.7118,14.0,0.0,0.0,73.7118,120.0,0.0,BALANCED,True,True
PHASE4-MPS-20260721170405,ALT-WIP,SWIP-ALT-WIP-00247,247,2026-10-02T12:08,LOT-ALT-WIP-PSC-SKU-BIKE-MT-001-20260817-MT-OP-030-WIP-MT-WHEEL-SET-READY,2026-10-02T12:08,,0.0,0.0,20.0,False,,,PSC-SKU-BIKE-MT-001-20260817,,SKU-BIKE-MT-001,WIP-MT-WHEEL-SET-READY,BUF-MT-WHEEL,MT-OP-030,MT-OP-050,ADVISORY_PRODUCTION_TO_BUFFER,59.7118,20.0,0.0,0.0,79.7118,120.0,0.0,BALANCED,True,True
PHASE4-MPS-20260721170405,ALT-WIP,SWIP-ALT-WIP-00248,248,2026-10-05T11:56,LOT-ALT-WIP-PSC-SKU-BIKE-ROAD-001-20260727-ROAD-OP-050-WIP-ROAD-QC-PASSED,2026-10-05T11:56,,0.0,0.0,60.0,False,,,PSC-SKU-BIKE-ROAD-001-20260727,,SKU-BIKE-ROAD-001,WIP-ROAD-QC-PASSED,BUF-ROAD-QC,ROAD-OP-050,ROAD-OP-060,ADVISORY_PRODUCTION_TO_BUFFER,0.0,60.0,0.0,0.0,60.0,60.0,0.0,BALANCED,True,True
PHASE4-MPS-20260721170405,ALT-WIP,SWIP-ALT-WIP-00249,249,2026-10-05T11:56,LOT-ALT-WIP-PSC-SKU-BIKE-ROAD-001-20260727-ROAD-OP-050-WIP-ROAD-QC-PASSED,2026-10-05T11:56,FIFO,60.0,60.0,0.0,False,,,PSC-SKU-BIKE-ROAD-001-20260727,,SKU-BIKE-ROAD-001,WIP-ROAD-QC-PASSED,BUF-ROAD-QC,ROAD-OP-050,ROAD-OP-060,ADVISORY_DRAW_FOR_OPERATION,60.0,0.0,60.0,0.0,0.0,60.0,0.0,BALANCED,True,True
PHASE4-MPS-20260721170405,ALT-WIP,SWIP-ALT-WIP-00250,250,2026-10-06T11:55,LOT-ALT-WIP-PSC-SKU-BIKE-MT-001-20260810-MT-OP-040-WIP-MT-BRAKE-SET-READY,2026-10-06T11:55,,0.0,0.0,46.2882,False,,,PSC-SKU-BIKE-MT-001-20260810,,SKU-BIKE-MT-001,WIP-MT-BRAKE-SET-READY,BUF-MT-BRAKE,MT-OP-040,MT-OP-050,ADVISORY_PRODUCTION_TO_BUFFER,73.7118,60.0,0.0,13.7118,120.0,120.0,0.0,BALANCED,True,True
PHASE4-MPS-20260721170405,ALT-WIP,SWIP-ALT-WIP-00251,251,2026-10-07T12:32,LOT-ALT-WIP-PSC-SKU-BIKE-MT-001-20260810-MT-OP-020-WIP-MT-FORK-READY,2026-10-07T12:32,,0.0,0.0,60.0,False,,,PSC-SKU-BIKE-MT-001-20260810,,SKU-BIKE-MT-001,WIP-MT-FORK-READY,BUF-MT-FORK,MT-OP-020,MT-OP-050,ADVISORY_PRODUCTION_TO_BUFFER,45.7081,60.0,0.0,0.0,105.7081,120.0,0.0,BALANCED,True,True
PHASE4-MPS-20260721170405,ALT-WIP,SWIP-ALT-WIP-00252,252,2026-10-07T12:50,LOT-ALT-WIP-PSC-SKU-BIKE-MT-001-20260810-MT-OP-030-WIP-MT-WHEEL-SET-READY,2026-10-07T12:50,,0.0,0.0,40.2882,False,,,PSC-SKU-BIKE-MT-001-20260810,,SKU-BIKE-MT-001,WIP-MT-WHEEL-SET-READY,BUF-MT-WHEEL,MT-OP-030,MT-OP-050,ADVISORY_PRODUCTION_TO_BUFFER,79.7118,60.0,0.0,19.7118,120.0,120.0,0.0,BALANCED,True,True
PHASE4-MPS-20260721170405,ALT-WIP,SWIP-ALT-WIP-00253,253,2026-10-07T14:04,LOT-ALT-WIP-PSC-SKU-BIKE-MT-001-20260831-MT-OP-010-WIP-MT-FRAME-TO-FORK,2026-10-07T14:04,,0.0,0.0,60.0,False,,,PSC-SKU-BIKE-MT-001-20260831,,SKU-BIKE-MT-001,WIP-MT-FRAME-TO-FORK,BUF-MT-FRAME-FORK,MT-OP-010,MT-OP-020,ADVISORY_PRODUCTION_TO_BUFFER,20.0,76.9741,0.0,16.9741,80.0,80.0,0.0,BALANCED,True,True
PHASE4-MPS-20260721170405,ALT-WIP,SWIP-ALT-WIP-00254,254,2026-10-07T14:04,LOT-ALT-WIP-PSC-SKU-BIKE-MT-001-20260831-MT-OP-010-WIP-MT-FRAME-TO-WHEEL,2026-10-07T14:04,,0.0,0.0,76.9741,False,,,PSC-SKU-BIKE-MT-001-20260831,,SKU-BIKE-MT-001,WIP-MT-FRAME-TO-WHEEL,BUF-MT-FRAME-WHEEL,MT-OP-010,MT-OP-030,ADVISORY_PRODUCTION_TO_BUFFER,0.0,76.9741,0.0,0.0,76.9741,80.0,0.0,BALANCED,True,True
PHASE4-MPS-20260721170405,ALT-WIP,SWIP-ALT-WIP-00255,255,2026-10-07T14:04,LOT-ALT-WIP-PSC-SKU-BIKE-MT-001-20260831-MT-OP-010-WIP-MT-FRAME-TO-BRAKE,2026-10-07T14:04,,0.0,0.0,74.0,False,,,PSC-SKU-BIKE-MT-001-20260831,,SKU-BIKE-MT-001,WIP-MT-FRAME-TO-BRAKE,BUF-MT-FRAME-BRAKE,MT-OP-010,MT-OP-040,ADVISORY_PRODUCTION_TO_BUFFER,6.0,76.9741,0.0,2.9741,80.0,80.0,0.0,BALANCED,True,True
PHASE4-MPS-20260721170405,ALT-WIP,SWIP-ALT-WIP-00256,256,2026-10-07T14:04,LOT-ALT-WIP-PSC-SKU-BIKE-MT-001-20260810-MT-OP-010-WIP-MT-FRAME-TO-FORK,2026-09-16T14:33,FIFO,20.0,8.9586,11.0414,False,,,PSC-SKU-BIKE-MT-001-20260831,,SKU-BIKE-MT-001,WIP-MT-FRAME-TO-FORK,BUF-MT-FRAME-FORK,MT-OP-010,MT-OP-020,ADVISORY_DRAW_FOR_OPERATION,80.0,0.0,8.9586,0.0,71.0414,80.0,0.0,BALANCED,True,True
PHASE4-MPS-20260721170405,ALT-WIP,SWIP-ALT-WIP-00257,257,2026-10-07T14:22,LOT-ALT-WIP-PSC-SKU-BIKE-MT-001-20260824-MT-OP-010-WIP-MT-FRAME-TO-FORK,2026-10-07T14:22,,0.0,0.0,8.9586,False,,,PSC-SKU-BIKE-MT-001-20260824,,SKU-BIKE-MT-001,WIP-MT-FRAME-TO-FORK,BUF-MT-FRAME-FORK,MT-OP-010,MT-OP-020,ADVISORY_PRODUCTION_TO_BUFFER,71.0414,76.9741,0.0,68.0155,80.0,80.0,0.0,BALANCED,True,True
PHASE4-MPS-20260721170405,ALT-WIP,SWIP-ALT-WIP-00258,258,2026-10-07T14:22,LOT-ALT-WIP-PSC-SKU-BIKE-MT-001-20260824-MT-OP-010-WIP-MT-FRAME-TO-WHEEL,2026-10-07T14:22,,0.0,0.0,3.0259,False,,,PSC-SKU-BIKE-MT-001-20260824,,SKU-BIKE-MT-001,WIP-MT-FRAME-TO-WHEEL,BUF-MT-FRAME-WHEEL,MT-OP-010,MT-OP-030,ADVISORY_PRODUCTION_TO_BUFFER,76.9741,76.9741,0.0,73.9482,80.0,80.0,0.0,BALANCED,True,True
PHASE4-MPS-20260721170405,ALT-WIP,SWIP-ALT-WIP-00259,259,2026-10-07T14:22,LOT-ALT-WIP-PSC-SKU-BIKE-MT-001-20260824-MT-OP-010-WIP-MT-FRAME-TO-BRAKE,2026-10-07T14:22,,0.0,0.0,0.0,False,,,PSC-SKU-BIKE-MT-001-20260824,,SKU-BIKE-MT-001,WIP-MT-FRAME-TO-BRAKE,BUF-MT-FRAME-BRAKE,MT-OP-010,MT-OP-040,ADVISORY_PRODUCTION_TO_BUFFER,80.0,76.9741,0.0,76.9741,80.0,80.0,0.0,BALANCED,True,True
PHASE4-MPS-20260721170405,ALT-WIP,SWIP-ALT-WIP-00260,260,2026-10-08T11:50,LOT-ALT-WIP-PSC-SKU-BIKE-MT-001-20260831-MT-OP-020-WIP-MT-FORK-READY,2026-10-08T11:50,,0.0,0.0,8.9586,False,,,PSC-SKU-BIKE-MT-001-20260831,,SKU-BIKE-MT-001,WIP-MT-FORK-READY,BUF-MT-FORK,MT-OP-020,MT-OP-050,ADVISORY_PRODUCTION_TO_BUFFER,105.7081,8.9586,0.0,0.0,114.6667,120.0,0.0,BALANCED,True,True
PHASE4-MPS-20260721170405,ALT-WIP,SWIP-ALT-WIP-00261,261,2026-10-12T12:09,LOT-ALT-WIP-PSC-SKU-BIKE-MT-001-20260803-MT-OP-050-WIP-MT-FINAL-ASSEMBLY-READY,2026-10-12T12:09,,0.0,0.0,59.7118,False,,,PSC-SKU-BIKE-MT-001-20260803,,SKU-BIKE-MT-001,WIP-MT-FINAL-ASSEMBLY-READY,BUF-MT-ASM,MT-OP-050,MT-OP-060,ADVISORY_PRODUCTION_TO_BUFFER,0.2882,60.0,0.0,0.2882,60.0,60.0,0.0,BALANCED,True,True
PHASE4-MPS-20260721170405,ALT-WIP,SWIP-ALT-WIP-00262,262,2026-10-12T12:09,LOT-ALT-WIP-PSC-SKU-BIKE-MT-001-20260928-MT-OP-050-WIP-MT-FINAL-ASSEMBLY-READY,2026-09-30T15:14,FIFO,0.2882,0.2882,0.0,False,,,PSC-SKU-BIKE-MT-001-20260803,,SKU-BIKE-MT-001,WIP-MT-FINAL-ASSEMBLY-READY,BUF-MT-ASM,MT-OP-050,MT-OP-060,ADVISORY_DRAW_FOR_OPERATION,60.0,0.0,0.2882,0.0,59.7118,60.0,0.0,BALANCED,True,True
PHASE4-MPS-20260721170405,ALT-WIP,SWIP-ALT-WIP-00263,263,2026-10-12T12:09,LOT-ALT-WIP-PSC-SKU-BIKE-MT-001-20260803-MT-OP-050-WIP-MT-FINAL-ASSEMBLY-READY,2026-10-12T12:09,FIFO,59.7118,59.7118,0.0,False,,,PSC-SKU-BIKE-MT-001-20260803,,SKU-BIKE-MT-001,WIP-MT-FINAL-ASSEMBLY-READY,BUF-MT-ASM,MT-OP-050,MT-OP-060,ADVISORY_DRAW_FOR_OPERATION,59.7118,0.0,59.7118,0.0,0.0,60.0,0.0,BALANCED,True,True
PHASE4-MPS-20260721170405,ALT-WIP,SWIP-ALT-WIP-00264,264,2026-10-12T12:09,LOT-ALT-WIP-PSC-SKU-BIKE-ROAD-001-20260727-ROAD-OP-020-WIP-ROAD-WHEEL-SET-READY,2026-09-08T14:07,FIFO,60.0,60.0,0.0,False,,,PSC-SKU-BIKE-ROAD-001-20260803,,SKU-BIKE-ROAD-001,WIP-ROAD-WHEEL-SET-READY,BUF-ROAD-WHEEL,ROAD-OP-020,ROAD-OP-040,ADVISORY_DRAW_FOR_OPERATION,120.0,0.0,60.0,0.0,60.0,120.0,0.0,BALANCED,True,True
PHASE4-MPS-20260721170405,ALT-WIP,SWIP-ALT-WIP-00265,265,2026-10-12T12:09,LOT-ALT-WIP-PSC-SKU-BIKE-ROAD-001-20260727-ROAD-OP-030-WIP-ROAD-BRAKE-SET-READY,2026-09-07T13:35,FIFO,60.0,60.0,0.0,False,,,PSC-SKU-BIKE-ROAD-001-20260803,,SKU-BIKE-ROAD-001,WIP-ROAD-BRAKE-SET-READY,BUF-ROAD-BRAKE,ROAD-OP-030,ROAD-OP-040,ADVISORY_DRAW_FOR_OPERATION,120.0,0.0,60.0,0.0,60.0,120.0,0.0,BALANCED,True,True
PHASE4-MPS-20260721170405,ALT-WIP,SWIP-ALT-WIP-00266,266,2026-10-12T12:09,LOT-ALT-WIP-PSC-SKU-BIKE-ROAD-001-20260817-ROAD-OP-010-WIP-ROAD-FRAME-TO-WHEEL,2026-09-07T15:12,FIFO,5.798,5.798,0.0,False,,,PSC-SKU-BIKE-ROAD-001-20260810,,SKU-BIKE-ROAD-001,WIP-ROAD-FRAME-TO-WHEEL,BUF-ROAD-FRAME-WHEEL,ROAD-OP-010,ROAD-OP-020,ADVISORY_DRAW_FOR_OPERATION,65.798,0.0,5.798,0.0,60.0,80.0,0.0,BALANCED,True,True
PHASE4-MPS-20260721170405,ALT-WIP,SWIP-ALT-WIP-00267,267,2026-10-12T12:09,LOT-ALT-WIP-PSC-SKU-BIKE-ROAD-001-20260810-ROAD-OP-010-WIP-ROAD-FRAME-TO-WHEEL,2026-09-25T14:35,FIFO,60.0,54.202,5.798,False,,,PSC-SKU-BIKE-ROAD-001-20260810,,SKU-BIKE-ROAD-001,WIP-ROAD-FRAME-TO-WHEEL,BUF-ROAD-FRAME-WHEEL,ROAD-OP-010,ROAD-OP-020,ADVISORY_DRAW_FOR_OPERATION,60.0,0.0,54.202,0.0,5.798,80.0,0.0,BALANCED,True,True
PHASE4-MPS-20260721170405,ALT-WIP,SWIP-ALT-WIP-00268,268,2026-10-12T12:09,LOT-ALT-WIP-PSC-SKU-BIKE-ROAD-001-20260817-ROAD-OP-010-WIP-ROAD-FRAME-TO-BRAKE,2026-09-07T15:12,FIFO,3.798,3.798,0.0,False,,,PSC-SKU-BIKE-ROAD-001-20260810,,SKU-BIKE-ROAD-001,WIP-ROAD-FRAME-TO-BRAKE,BUF-ROAD-FRAME-BRAKE,ROAD-OP-010,ROAD-OP-030,ADVISORY_DRAW_FOR_OPERATION,65.798,0.0,3.798,0.0,62.0,80.0,0.0,BALANCED,True,True
PHASE4-MPS-20260721170405,ALT-WIP,SWIP-ALT-WIP-00269,269,2026-10-12T12:09,LOT-ALT-WIP-PSC-SKU-BIKE-ROAD-001-20260803-ROAD-OP-010-WIP-ROAD-FRAME-TO-BRAKE,2026-09-08T08:15,FIFO,2.0,2.0,0.0,False,,,PSC-SKU-BIKE-ROAD-001-20260810,,SKU-BIKE-ROAD-001,WIP-ROAD-FRAME-TO-BRAKE,BUF-ROAD-FRAME-BRAKE,ROAD-OP-010,ROAD-OP-030,ADVISORY_DRAW_FOR_OPERATION,62.0,0.0,2.0,0.0,60.0,80.0,0.0,BALANCED,True,True
PHASE4-MPS-20260721170405,ALT-WIP,SWIP-ALT-WIP-00270,270,2026-10-12T12:09,LOT-ALT-WIP-PSC-SKU-BIKE-ROAD-001-20260810-ROAD-OP-010-WIP-ROAD-FRAME-TO-BRAKE,2026-09-25T14:35,FIFO,60.0,54.202,5.798,False,,,PSC-SKU-BIKE-ROAD-001-20260810,,SKU-BIKE-ROAD-001,WIP-ROAD-FRAME-TO-BRAKE,BUF-ROAD-FRAME-BRAKE,ROAD-OP-010,ROAD-OP-030,ADVISORY_DRAW_FOR_OPERATION,60.0,0.0,54.202,0.0,5.798,80.0,0.0,BALANCED,True,True
PHASE4-MPS-20260721170405,ALT-WIP,SWIP-ALT-WIP-00271,271,2026-10-13T10:42,LOT-ALT-WIP-PSC-SKU-BIKE-ROAD-001-20260928-ROAD-OP-010-WIP-ROAD-FRAME-TO-WHEEL,2026-10-13T10:42,,0.0,0.0,14.202,False,,,PSC-SKU-BIKE-ROAD-001-20260928,,SKU-BIKE-ROAD-001,WIP-ROAD-FRAME-TO-WHEEL,BUF-ROAD-FRAME-WHEEL,ROAD-OP-010,ROAD-OP-020,ADVISORY_PRODUCTION_TO_BUFFER,5.798,14.202,0.0,0.0,20.0,80.0,0.0,BALANCED,True,True
PHASE4-MPS-20260721170405,ALT-WIP,SWIP-ALT-WIP-00272,272,2026-10-13T10:42,LOT-ALT-WIP-PSC-SKU-BIKE-ROAD-001-20260928-ROAD-OP-010-WIP-ROAD-FRAME-TO-BRAKE,2026-10-13T10:42,,0.0,0.0,14.202,False,,,PSC-SKU-BIKE-ROAD-001-20260928,,SKU-BIKE-ROAD-001,WIP-ROAD-FRAME-TO-BRAKE,BUF-ROAD-FRAME-BRAKE,ROAD-OP-010,ROAD-OP-030,ADVISORY_PRODUCTION_TO_BUFFER,5.798,14.202,0.0,0.0,20.0,80.0,0.0,BALANCED,True,True
PHASE4-MPS-20260721170405,ALT-WIP,SWIP-ALT-WIP-00273,273,2026-10-15T11:59,LOT-ALT-WIP-PSC-SKU-BIKE-ROAD-001-20260810-ROAD-OP-030-WIP-ROAD-BRAKE-SET-READY,2026-10-15T11:59,,0.0,0.0,60.0,False,,,PSC-SKU-BIKE-ROAD-001-20260810,,SKU-BIKE-ROAD-001,WIP-ROAD-BRAKE-SET-READY,BUF-ROAD-BRAKE,ROAD-OP-030,ROAD-OP-040,ADVISORY_PRODUCTION_TO_BUFFER,60.0,60.0,0.0,0.0,120.0,120.0,0.0,BALANCED,True,True
PHASE4-MPS-20260721170405,ALT-WIP,SWIP-ALT-WIP-00274,274,2026-10-15T13:12,LOT-ALT-WIP-PSC-SKU-BIKE-MT-001-20260803-MT-OP-060-WIP-MT-QC-PASSED,2026-10-15T13:12,,0.0,0.0,60.0,False,,,PSC-SKU-BIKE-MT-001-20260803,,SKU-BIKE-MT-001,WIP-MT-QC-PASSED,BUF-MT-QC,MT-OP-060,MT-OP-070,ADVISORY_PRODUCTION_TO_BUFFER,0.0,60.0,0.0,0.0,60.0,60.0,0.0,BALANCED,True,True
PHASE4-MPS-20260721170405,ALT-WIP,SWIP-ALT-WIP-00275,275,2026-10-15T13:12,LOT-ALT-WIP-PSC-SKU-BIKE-MT-001-20260803-MT-OP-060-WIP-MT-QC-PASSED,2026-10-15T13:12,FIFO,60.0,60.0,0.0,False,,,PSC-SKU-BIKE-MT-001-20260803,,SKU-BIKE-MT-001,WIP-MT-QC-PASSED,BUF-MT-QC,MT-OP-060,MT-OP-070,ADVISORY_DRAW_FOR_OPERATION,60.0,0.0,60.0,0.0,0.0,60.0,0.0,BALANCED,True,True
PHASE4-MPS-20260721170405,ALT-WIP,SWIP-ALT-WIP-00276,276,2026-10-15T13:55,LOT-ALT-WIP-PSC-SKU-BIKE-ROAD-001-20260831-ROAD-OP-010-WIP-ROAD-FRAME-TO-WHEEL,2026-10-15T13:55,,0.0,0.0,60.0,False,,,PSC-SKU-BIKE-ROAD-001-20260831,,SKU-BIKE-ROAD-001,WIP-ROAD-FRAME-TO-WHEEL,BUF-ROAD-FRAME-WHEEL,ROAD-OP-010,ROAD-OP-020,ADVISORY_PRODUCTION_TO_BUFFER,20.0,60.0,0.0,0.0,80.0,80.0,0.0,BALANCED,True,True
PHASE4-MPS-20260721170405,ALT-WIP,SWIP-ALT-WIP-00277,277,2026-10-15T13:55,LOT-ALT-WIP-PSC-SKU-BIKE-ROAD-001-20260831-ROAD-OP-010-WIP-ROAD-FRAME-TO-BRAKE,2026-10-15T13:55,,0.0,0.0,60.0,False,,,PSC-SKU-BIKE-ROAD-001-20260831,,SKU-BIKE-ROAD-001,WIP-ROAD-FRAME-TO-BRAKE,BUF-ROAD-FRAME-BRAKE,ROAD-OP-010,ROAD-OP-030,ADVISORY_PRODUCTION_TO_BUFFER,20.0,60.0,0.0,0.0,80.0,80.0,0.0,BALANCED,True,True
PHASE4-MPS-20260721170405,ALT-WIP,SWIP-ALT-WIP-00278,278,2026-10-16T12:32,LOT-ALT-WIP-PSC-SKU-BIKE-ROAD-001-20260810-ROAD-OP-020-WIP-ROAD-WHEEL-SET-READY,2026-10-16T12:32,,0.0,0.0,60.0,False,,,PSC-SKU-BIKE-ROAD-001-20260810,,SKU-BIKE-ROAD-001,WIP-ROAD-WHEEL-SET-READY,BUF-ROAD-WHEEL,ROAD-OP-020,ROAD-OP-040,ADVISORY_PRODUCTION_TO_BUFFER,60.0,60.0,0.0,0.0,120.0,120.0,0.0,BALANCED,True,True
PHASE4-MPS-20260721170405,ALT-WIP,SWIP-ALT-WIP-00279,279,2026-10-20T14:19,LOT-ALT-WIP-PSC-SKU-BIKE-ROAD-001-20260803-ROAD-OP-040-WIP-ROAD-FINAL-ASSEMBLY-READY,2026-10-20T14:19,,0.0,0.0,60.0,False,,,PSC-SKU-BIKE-ROAD-001-20260803,,SKU-BIKE-ROAD-001,WIP-ROAD-FINAL-ASSEMBLY-READY,BUF-ROAD-ASM,ROAD-OP-040,ROAD-OP-050,ADVISORY_PRODUCTION_TO_BUFFER,0.0,60.0,0.0,0.0,60.0,60.0,0.0,BALANCED,True,True
PHASE4-MPS-20260721170405,ALT-WIP,SWIP-ALT-WIP-00280,280,2026-10-20T14:19,LOT-ALT-WIP-PSC-SKU-BIKE-MT-001-20260803-MT-OP-020-WIP-MT-FORK-READY,2026-09-17T13:12,FIFO,45.7081,24.5212,21.1869,False,,,PSC-SKU-BIKE-MT-001-20260810,,SKU-BIKE-MT-001,WIP-MT-FORK-READY,BUF-MT-FORK,MT-OP-020,MT-OP-050,ADVISORY_DRAW_FOR_OPERATION,114.6667,0.0,24.5212,0.0,90.1455,120.0,0.0,BALANCED,True,True
PHASE4-MPS-20260721170405,ALT-WIP,SWIP-ALT-WIP-00281,281,2026-10-20T14:19,LOT-ALT-WIP-PSC-SKU-BIKE-MT-001-20260928-MT-OP-030-WIP-MT-WHEEL-SET-READY,2026-09-15T11:48,FIFO,10.7081,10.7081,0.0,False,,,PSC-SKU-BIKE-MT-001-20260810,,SKU-BIKE-MT-001,WIP-MT-WHEEL-SET-READY,BUF-MT-WHEEL,MT-OP-030,MT-OP-050,ADVISORY_DRAW_FOR_OPERATION,120.0,0.0,10.7081,0.0,109.2919,120.0,0.0,BALANCED,True,True
PHASE4-MPS-20260721170405,ALT-WIP,SWIP-ALT-WIP-00282,282,2026-10-20T14:19,LOT-ALT-WIP-PSC-SKU-BIKE-MT-001-20260803-MT-OP-030-WIP-MT-WHEEL-SET-READY,2026-09-17T13:30,FIFO,49.0037,13.8131,35.1906,False,,,PSC-SKU-BIKE-MT-001-20260810,,SKU-BIKE-MT-001,WIP-MT-WHEEL-SET-READY,BUF-MT-WHEEL,MT-OP-030,MT-OP-050,ADVISORY_DRAW_FOR_OPERATION,109.2919,0.0,13.8131,0.0,95.4788,120.0,0.0,BALANCED,True,True
PHASE4-MPS-20260721170405,ALT-WIP,SWIP-ALT-WIP-00283,283,2026-10-20T14:19,LOT-ALT-WIP-PSC-SKU-BIKE-MT-001-20260928-MT-OP-040-WIP-MT-BRAKE-SET-READY,2026-09-15T10:18,FIFO,10.7081,10.7081,0.0,False,,,PSC-SKU-BIKE-MT-001-20260810,,SKU-BIKE-MT-001,WIP-MT-BRAKE-SET-READY,BUF-MT-BRAKE,MT-OP-040,MT-OP-050,ADVISORY_DRAW_FOR_OPERATION,120.0,0.0,10.7081,0.0,109.2919,120.0,0.0,BALANCED,True,True
PHASE4-MPS-20260721170405,ALT-WIP,SWIP-ALT-WIP-00284,284,2026-10-20T14:19,LOT-ALT-WIP-PSC-SKU-BIKE-MT-001-20260803-MT-OP-040-WIP-MT-BRAKE-SET-READY,2026-09-16T12:35,FIFO,49.0037,13.8131,35.1906,False,,,PSC-SKU-BIKE-MT-001-20260810,,SKU-BIKE-MT-001,WIP-MT-BRAKE-SET-READY,BUF-MT-BRAKE,MT-OP-040,MT-OP-050,ADVISORY_DRAW_FOR_OPERATION,109.2919,0.0,13.8131,0.0,95.4788,120.0,0.0,BALANCED,True,True
PHASE4-MPS-20260721170405,ALT-WIP,SWIP-ALT-WIP-00285,285,2026-10-20T14:19,LOT-ALT-WIP-PSC-SKU-BIKE-MT-001-20260810-MT-OP-010-WIP-MT-FRAME-TO-FORK,2026-09-16T14:33,FIFO,11.0414,11.0414,0.0,False,,,PSC-SKU-BIKE-MT-001-20260824,,SKU-BIKE-MT-001,WIP-MT-FRAME-TO-FORK,BUF-MT-FRAME-FORK,MT-OP-010,MT-OP-020,ADVISORY_DRAW_FOR_OPERATION,80.0,0.0,11.0414,0.0,68.9586,80.0,0.0,BALANCED,True,True
PHASE4-MPS-20260721170405,ALT-WIP,SWIP-ALT-WIP-00286,286,2026-10-20T14:19,LOT-ALT-WIP-PSC-SKU-BIKE-MT-001-20260831-MT-OP-010-WIP-MT-FRAME-TO-FORK,2026-10-07T14:04,FIFO,60.0,29.5213,30.4787,False,,,PSC-SKU-BIKE-MT-001-20260824,,SKU-BIKE-MT-001,WIP-MT-FRAME-TO-FORK,BUF-MT-FRAME-FORK,MT-OP-010,MT-OP-020,ADVISORY_DRAW_FOR_OPERATION,68.9586,0.0,29.5213,0.0,39.4373,80.0,0.0,BALANCED,True,True
PHASE4-MPS-20260721170405,ALT-WIP,SWIP-ALT-WIP-00287,287,2026-10-20T14:19,LOT-ALT-WIP-PSC-SKU-BIKE-MT-001-20260831-MT-OP-010-WIP-MT-FRAME-TO-WHEEL,2026-10-07T14:04,FIFO,76.9741,24.5212,52.4529,False,,,PSC-SKU-BIKE-MT-001-20260824,,SKU-BIKE-MT-001,WIP-MT-FRAME-TO-WHEEL,BUF-MT-FRAME-WHEEL,MT-OP-010,MT-OP-030,ADVISORY_DRAW_FOR_OPERATION,80.0,0.0,24.5212,0.0,55.4788,80.0,0.0,BALANCED,True,True
PHASE4-MPS-20260721170405,ALT-WIP,SWIP-ALT-WIP-00288,288,2026-10-20T14:19,LOT-ALT-WIP-PSC-SKU-BIKE-MT-001-20260810-MT-OP-010-WIP-MT-FRAME-TO-BRAKE,2026-09-16T14:33,FIFO,6.0,6.0,0.0,False,,,PSC-SKU-BIKE-MT-001-20260824,,SKU-BIKE-MT-001,WIP-MT-FRAME-TO-BRAKE,BUF-MT-FRAME-BRAKE,MT-OP-010,MT-OP-040,ADVISORY_DRAW_FOR_OPERATION,80.0,0.0,6.0,0.0,74.0,80.0,0.0,BALANCED,True,True
PHASE4-MPS-20260721170405,ALT-WIP,SWIP-ALT-WIP-00289,289,2026-10-20T14:19,LOT-ALT-WIP-PSC-SKU-BIKE-MT-001-20260831-MT-OP-010-WIP-MT-FRAME-TO-BRAKE,2026-10-07T14:04,FIFO,74.0,18.5212,55.4788,False,,,PSC-SKU-BIKE-MT-001-20260824,,SKU-BIKE-MT-001,WIP-MT-FRAME-TO-BRAKE,BUF-MT-FRAME-BRAKE,MT-OP-010,MT-OP-040,ADVISORY_DRAW_FOR_OPERATION,74.0,0.0,18.5212,0.0,55.4788,80.0,0.0,BALANCED,True,True
PHASE4-MPS-20260721170405,ALT-WIP,SWIP-ALT-WIP-00290,290,2026-10-20T14:19,LOT-ALT-WIP-PSC-SKU-BIKE-ROAD-001-20260803-ROAD-OP-040-WIP-ROAD-FINAL-ASSEMBLY-READY,2026-10-20T14:19,FIFO,60.0,60.0,0.0,False,,,PSC-SKU-BIKE-ROAD-001-20260803,,SKU-BIKE-ROAD-001,WIP-ROAD-FINAL-ASSEMBLY-READY,BUF-ROAD-ASM,ROAD-OP-040,ROAD-OP-050,ADVISORY_DRAW_FOR_OPERATION,60.0,0.0,60.0,0.0,0.0,60.0,0.0,BALANCED,True,True
PHASE4-MPS-20260721170405,ALT-WIP,SWIP-ALT-WIP-00291,291,2026-10-21T12:05,LOT-ALT-WIP-PSC-SKU-BIKE-MT-001-20260928-MT-OP-010-WIP-MT-FRAME-TO-FORK,2026-10-21T12:05,,0.0,0.0,10.9963,False,,,PSC-SKU-BIKE-MT-001-20260928,,SKU-BIKE-MT-001,WIP-MT-FRAME-TO-FORK,BUF-MT-FRAME-FORK,MT-OP-010,MT-OP-020,ADVISORY_PRODUCTION_TO_BUFFER,39.4373,10.9963,0.0,0.0,50.4336,80.0,0.0,BALANCED,True,True
PHASE4-MPS-20260721170405,ALT-WIP,SWIP-ALT-WIP-00292,292,2026-10-21T12:05,LOT-ALT-WIP-PSC-SKU-BIKE-MT-001-20260928-MT-OP-010-WIP-MT-FRAME-TO-WHEEL,2026-10-21T12:05,,0.0,0.0,10.9963,False,,,PSC-SKU-BIKE-MT-001-20260928,,SKU-BIKE-MT-001,WIP-MT-FRAME-TO-WHEEL,BUF-MT-FRAME-WHEEL,MT-OP-010,MT-OP-030,ADVISORY_PRODUCTION_TO_BUFFER,55.4788,10.9963,0.0,0.0,66.4751,80.0,0.0,BALANCED,True,True
PHASE4-MPS-20260721170405,ALT-WIP,SWIP-ALT-WIP-00293,293,2026-10-21T12:05,LOT-ALT-WIP-PSC-SKU-BIKE-MT-001-20260928-MT-OP-010-WIP-MT-FRAME-TO-BRAKE,2026-10-21T12:05,,0.0,0.0,10.9963,False,,,PSC-SKU-BIKE-MT-001-20260928,,SKU-BIKE-MT-001,WIP-MT-FRAME-TO-BRAKE,BUF-MT-FRAME-BRAKE,MT-OP-010,MT-OP-040,ADVISORY_PRODUCTION_TO_BUFFER,55.4788,10.9963,0.0,0.0,66.4751,80.0,0.0,BALANCED,True,True
PHASE4-MPS-20260721170405,ALT-WIP,SWIP-ALT-WIP-00294,294,2026-10-22T10:14,LOT-ALT-WIP-PSC-SKU-BIKE-MT-001-20260824-MT-OP-040-WIP-MT-BRAKE-SET-READY,2026-10-22T10:14,,0.0,0.0,24.5212,False,,,PSC-SKU-BIKE-MT-001-20260824,,SKU-BIKE-MT-001,WIP-MT-BRAKE-SET-READY,BUF-MT-BRAKE,MT-OP-040,MT-OP-050,ADVISORY_PRODUCTION_TO_BUFFER,95.4788,24.5212,0.0,0.0,120.0,120.0,0.0,BALANCED,True,True
PHASE4-MPS-20260721170405,ALT-WIP,SWIP-ALT-WIP-00295,295,2026-10-22T11:00,LOT-ALT-WIP-PSC-SKU-BIKE-MT-001-20260921-MT-OP-010-WIP-MT-FRAME-TO-FORK,2026-10-22T11:00,,0.0,0.0,24.5212,False,,,PSC-SKU-BIKE-MT-001-20260921,,SKU-BIKE-MT-001,WIP-MT-FRAME-TO-FORK,BUF-MT-FRAME-FORK,MT-OP-010,MT-OP-020,ADVISORY_PRODUCTION_TO_BUFFER,50.4336,24.5212,0.0,0.0,74.9548,80.0,0.0,BALANCED,True,True
PHASE4-MPS-20260721170405,ALT-WIP,SWIP-ALT-WIP-00296,296,2026-10-22T11:00,LOT-ALT-WIP-PSC-SKU-BIKE-MT-001-20260921-MT-OP-010-WIP-MT-FRAME-TO-WHEEL,2026-10-22T11:00,,0.0,0.0,13.5249,False,,,PSC-SKU-BIKE-MT-001-20260921,,SKU-BIKE-MT-001,WIP-MT-FRAME-TO-WHEEL,BUF-MT-FRAME-WHEEL,MT-OP-010,MT-OP-030,ADVISORY_PRODUCTION_TO_BUFFER,66.4751,24.5212,0.0,10.9963,80.0,80.0,0.0,BALANCED,True,True
PHASE4-MPS-20260721170405,ALT-WIP,SWIP-ALT-WIP-00297,297,2026-10-22T11:00,LOT-ALT-WIP-PSC-SKU-BIKE-MT-001-20260921-MT-OP-010-WIP-MT-FRAME-TO-BRAKE,2026-10-22T11:00,,0.0,0.0,13.5249,False,,,PSC-SKU-BIKE-MT-001-20260921,,SKU-BIKE-MT-001,WIP-MT-FRAME-TO-BRAKE,BUF-MT-FRAME-BRAKE,MT-OP-010,MT-OP-040,ADVISORY_PRODUCTION_TO_BUFFER,66.4751,24.5212,0.0,10.9963,80.0,80.0,0.0,BALANCED,True,True
PHASE4-MPS-20260721170405,ALT-WIP,SWIP-ALT-WIP-00298,298,2026-10-22T13:35,LOT-ALT-WIP-PSC-SKU-BIKE-MT-001-20260824-MT-OP-030-WIP-MT-WHEEL-SET-READY,2026-10-22T13:35,,0.0,0.0,24.5212,False,,,PSC-SKU-BIKE-MT-001-20260824,,SKU-BIKE-MT-001,WIP-MT-WHEEL-SET-READY,BUF-MT-WHEEL,MT-OP-030,MT-OP-050,ADVISORY_PRODUCTION_TO_BUFFER,95.4788,24.5212,0.0,0.0,120.0,120.0,0.0,BALANCED,True,True
PHASE4-MPS-20260721170405,ALT-WIP,SWIP-ALT-WIP-00299,299,2026-10-23T11:16,LOT-ALT-WIP-PSC-SKU-BIKE-ROAD-001-20260803-ROAD-OP-050-WIP-ROAD-QC-PASSED,2026-10-23T11:16,,0.0,0.0,60.0,False,,,PSC-SKU-BIKE-ROAD-001-20260803,,SKU-BIKE-ROAD-001,WIP-ROAD-QC-PASSED,BUF-ROAD-QC,ROAD-OP-050,ROAD-OP-060,ADVISORY_PRODUCTION_TO_BUFFER,0.0,60.0,0.0,0.0,60.0,60.0,0.0,BALANCED,True,True
PHASE4-MPS-20260721170405,ALT-WIP,SWIP-ALT-WIP-00300,300,2026-10-23T11:16,LOT-ALT-WIP-PSC-SKU-BIKE-ROAD-001-20260803-ROAD-OP-050-WIP-ROAD-QC-PASSED,2026-10-23T11:16,FIFO,60.0,15.4128,44.5872,False,,,PSC-SKU-BIKE-ROAD-001-20260803,,SKU-BIKE-ROAD-001,WIP-ROAD-QC-PASSED,BUF-ROAD-QC,ROAD-OP-050,ROAD-OP-060,ADVISORY_DRAW_FOR_OPERATION,60.0,0.0,15.4128,0.0,44.5872,60.0,0.0,BALANCED,True,True
PHASE4-MPS-20260721170405,ALT-WIP,SWIP-ALT-WIP-00301,301,2026-10-23T15:14,LOT-ALT-WIP-PSC-SKU-BIKE-MT-001-20260810-MT-OP-050-WIP-MT-FINAL-ASSEMBLY-READY,2026-10-23T15:14,,0.0,0.0,24.5212,False,,,PSC-SKU-BIKE-MT-001-20260810,,SKU-BIKE-MT-001,WIP-MT-FINAL-ASSEMBLY-READY,BUF-MT-ASM,MT-OP-050,MT-OP-060,ADVISORY_PRODUCTION_TO_BUFFER,0.0,24.5212,0.0,0.0,24.5212,60.0,0.0,BALANCED,True,True
PHASE4-MPS-20260721170405,ALT-WIP,SWIP-ALT-WIP-00302,302,2026-10-23T15:15,LOT-ALT-WIP-PSC-SKU-BIKE-MT-001-20260824-MT-OP-020-WIP-MT-FORK-READY,2026-10-23T15:15,,0.0,0.0,29.8545,False,,,PSC-SKU-BIKE-MT-001-20260824,,SKU-BIKE-MT-001,WIP-MT-FORK-READY,BUF-MT-FORK,MT-OP-020,MT-OP-050,ADVISORY_PRODUCTION_TO_BUFFER,90.1455,40.5627,0.0,10.7082,120.0,120.0,0.0,BALANCED,True,True
