date,sku_id,quantity_demanded,location_id,channel,sales_value,event_label,notes,is_invalid_quantity,event_count,has_event,before_event_flag,during_event_flag,after_event_flag,promotion_flag,holiday_flag,stockout_flag,breakdown_flag,marketing_flag,event_names,event_types,day_of_week,week_of_year,month,quarter,weekend_flag,month_start_flag,month_end_flag,lag_1,lag_3,lag_7,lag_14,lag_30,rolling_mean_7,rolling_std_7,rolling_mean_14,rolling_std_14,rolling_mean_30,rolling_std_30,rolling_min_30,rolling_max_30,demand_change_1,demand_change_7,rolling_trend_7,rolling_trend_30,momentum_7,momentum_30,recent_event_count_7,recent_event_count_30,anomaly_recent_flag,anomaly_count_30,demand_behavior_class,coefficient_of_variation,zero_demand_ratio,event_affected_ratio,data_sufficiency_class
2026-01-01,SKU-BAT-008,7,WH-NORTH,retail,33.25,,,False,1,1,0,1,0,0,1,0,0,0,New Year Holiday,holiday,3,1,1,1,0,1,0,,,,,,,,,,,,,,,,,,,,0.0,0.0,0,0.0,intermittent,1.7252946396530315,0.6574585635359116,0.08287292817679558,high
2026-01-02,SKU-BAT-008,0,WH-NORTH,retail,0.0,,,False,1,1,0,0,1,0,1,0,0,0,New Year Holiday,holiday,4,1,1,1,0,0,0,7.0,,,,,7.0,,7.0,,7.0,,7.0,7.0,-7.0,,0.0,0.0,,,1.0,1.0,0,0.0,intermittent,1.7252946396530315,0.6574585635359116,0.08287292817679558,high
2026-01-03,SKU-BAT-008,0,WH-NORTH,online,0.0,,,False,0,0,0,0,0,0,0,0,0,0,,,5,1,1,1,1,0,0,0.0,,,,,3.5,4.949747468305833,3.5,4.949747468305833,3.5,4.949747468305833,0.0,7.0,0.0,,0.0,0.0,,,2.0,2.0,0,0.0,intermittent,1.7252946396530315,0.6574585635359116,0.08287292817679558,high
2026-01-04,SKU-BAT-008,0,WH-NORTH,online,0.0,,,False,0,0,0,0,0,0,0,0,0,0,,,6,1,1,1,1,0,0,0.0,7.0,,,,2.3333333333333335,4.041451884327381,2.3333333333333335,4.041451884327381,2.3333333333333335,4.041451884327381,0.0,7.0,0.0,,0.0,0.0,,,2.0,2.0,0,0.0,intermittent,1.7252946396530315,0.6574585635359116,0.08287292817679558,high
2026-01-05,SKU-BAT-008,0,WH-NORTH,retail,0.0,,,False,0,0,0,0,0,0,0,0,0,0,,,0,2,1,1,0,0,0,0.0,0.0,,,,1.75,3.5,1.75,3.5,1.75,3.5,0.0,7.0,0.0,,0.0,0.0,,,2.0,2.0,0,0.0,intermittent,1.7252946396530315,0.6574585635359116,0.08287292817679558,high
2026-01-06,SKU-BAT-008,0,WH-NORTH,retail,0.0,,,False,0,0,0,0,0,0,0,0,0,0,,,1,2,1,1,0,0,0,0.0,0.0,,,,1.4,3.1304951684997055,1.4,3.1304951684997055,1.4,3.1304951684997055,0.0,7.0,0.0,,0.0,0.0,,,2.0,2.0,0,0.0,intermittent,1.7252946396530315,0.6574585635359116,0.08287292817679558,high
2026-01-07,SKU-BAT-008,0,WH-NORTH,retail,0.0,,,False,0,0,0,0,0,0,0,0,0,0,,,2,2,1,1,0,0,0,0.0,0.0,,,,1.1666666666666667,2.8577380332470415,1.1666666666666667,2.8577380332470415,1.1666666666666667,2.8577380332470415,0.0,7.0,0.0,,0.0,0.0,,,2.0,2.0,0,0.0,intermittent,1.7252946396530315,0.6574585635359116,0.08287292817679558,high
2026-01-08,SKU-BAT-008,7,WH-NORTH,retail,33.25,,,False,0,0,0,0,0,0,0,0,0,0,,,3,2,1,1,0,0,0,0.0,0.0,7.0,,,1.0,2.6457513110645907,1.0,2.6457513110645907,1.0,2.6457513110645907,0.0,7.0,7.0,0.0,0.0,0.0,-7.0,,2.0,2.0,0,0.0,intermittent,1.7252946396530315,0.6574585635359116,0.08287292817679558,high
2026-01-09,SKU-BAT-008,8,WH-NORTH,retail,38.0,,,False,0,0,0,0,0,0,0,0,0,0,,,4,2,1,1,0,0,0,7.0,0.0,0.0,,,1.0,2.6457513110645907,1.75,3.24037034920393,1.75,3.24037034920393,0.0,7.0,1.0,8.0,-0.75,-0.75,7.0,,1.0,2.0,0,0.0,intermittent,1.7252946396530315,0.6574585635359116,0.08287292817679558,high
2026-01-10,SKU-BAT-008,6,WH-NORTH,online,28.5,,,False,0,0,0,0,0,0,0,0,0,0,,,5,2,1,1,1,0,0,8.0,0.0,0.0,,,2.142857142857143,3.670993118515816,2.4444444444444446,3.6780127484523186,2.4444444444444446,3.6780127484523186,0.0,8.0,-2.0,6.0,-0.30158730158730185,-0.30158730158730185,8.0,,0.0,2.0,0,0.0,intermittent,1.7252946396530315,0.6574585635359116,0.08287292817679558,high
2026-01-11,SKU-BAT-008,0,WH-NORTH,online,0.0,,,False,0,0,0,0,0,0,0,0,0,0,,,6,2,1,1,1,0,0,6.0,7.0,0.0,,,3.0,3.7859388972001824,2.8,3.6453928305312844,2.8,3.6453928305312844,0.0,8.0,-6.0,0.0,0.20000000000000018,0.20000000000000018,6.0,,0.0,2.0,0,0.0,intermittent,1.7252946396530315,0.6574585635359116,0.08287292817679558,high
2026-01-12,SKU-BAT-008,0,WH-NORTH,retail,0.0,,,False,0,0,0,0,0,0,0,0,0,0,,,0,3,1,1,0,0,0,0.0,8.0,0.0,,,3.0,3.7859388972001824,2.5454545454545454,3.559877423834601,2.5454545454545454,3.559877423834601,0.0,8.0,0.0,0.0,0.4545454545454546,0.4545454545454546,0.0,,0.0,2.0,0,0.0,intermittent,1.7252946396530315,0.6574585635359116,0.08287292817679558,high
2026-01-13,SKU-BAT-008,0,WH-NORTH,retail,0.0,,,False,0,0,0,0,0,0,0,0,0,0,,,1,3,1,1,0,0,0,0.0,6.0,0.0,,,3.0,3.7859388972001824,2.3333333333333335,3.4728383291777436,2.3333333333333335,3.4728383291777436,0.0,8.0,0.0,0.0,0.6666666666666665,0.6666666666666665,0.0,,0.0,2.0,0,0.0,intermittent,1.7252946396530315,0.6574585635359116,0.08287292817679558,high
2026-01-14,SKU-BAT-008,0,WH-NORTH,retail,0.0,,,False,0,0,0,0,0,0,0,0,0,0,,,2,3,1,1,0,0,0,0.0,0.0,0.0,,,3.0,3.7859388972001824,2.1538461538461537,3.3873823188944847,2.1538461538461537,3.3873823188944847,0.0,8.0,0.0,0.0,0.8461538461538463,0.8461538461538463,0.0,,0.0,2.0,0,0.0,intermittent,1.7252946396530315,0.6574585635359116,0.08287292817679558,high
2026-01-15,SKU-BAT-008,0,WH-NORTH,retail,0.0,,,False,0,0,0,0,0,0,0,0,0,0,,,3,3,1,1,0,0,0,0.0,0.0,7.0,7.0,,3.0,3.7859388972001824,2.0,3.305007855221667,2.0,3.305007855221667,0.0,8.0,0.0,-7.0,1.0,1.0,-7.0,,0.0,2.0,0,0.0,intermittent,1.7252946396530315,0.6574585635359116,0.08287292817679558,high
2026-01-16,SKU-BAT-008,0,WH-NORTH,retail,0.0,,,False,0,0,0,0,0,0,0,0,0,0,,,4,3,1,1,0,0,0,0.0,0.0,8.0,0.0,,2.0,3.464101615137755,1.5,3.0064034224404317,1.8666666666666667,3.2263793654069595,0.0,8.0,0.0,-8.0,0.5,0.1333333333333333,-8.0,,0.0,2.0,0,0.0,intermittent,1.7252946396530315,0.6574585635359116,0.08287292817679558,high
2026-01-17,SKU-BAT-008,8,WH-NORTH,online,38.0,,,False,0,0,0,0,0,0,0,0,0,0,,,5,3,1,1,1,0,0,0.0,0.0,6.0,0.0,,0.8571428571428571,2.267786838055364,1.5,3.0064034224404317,1.75,3.1517191076194173,0.0,8.0,8.0,2.0,-0.6428571428571429,-0.8928571428571429,-6.0,,0.0,2.0,0,0.0,intermittent,1.7252946396530315,0.6574585635359116,0.08287292817679558,high
2026-01-18,SKU-BAT-008,6,WH-NORTH,online,28.5,,,False,0,0,0,0,0,0,0,0,0,0,,,6,3,1,1,1,0,0,8.0,0.0,0.0,0.0,,1.1428571428571428,3.0237157840738185,2.0714285714285716,3.429830354949974,2.1176470588235294,3.407388166564981,0.0,8.0,-2.0,6.0,-0.9285714285714288,-0.9747899159663866,8.0,,0.0,2.0,0,0.0,intermittent,1.7252946396530315,0.6574585635359116,0.08287292817679558,high
2026-01-19,SKU-BAT-008,8,WH-NORTH,retail,38.0,,,False,0,0,0,0,0,0,0,0,0,0,,,0,4,1,1,0,0,0,6.0,0.0,0.0,0.0,,2.0,3.464101615137755,2.5,3.524638552118064,2.3333333333333335,3.429971702850177,0.0,8.0,2.0,8.0,-0.5,-0.3333333333333335,6.0,,0.0,2.0,0,0.0,intermittent,1.7252946396530315,0.6574585635359116,0.08287292817679558,high
2026-01-20,SKU-BAT-008,0,WH-NORTH,retail,0.0,,,False,0,0,0,0,0,0,0,0,0,0,,,1,4,1,1,0,0,0,8.0,8.0,0.0,0.0,,3.142857142857143,3.9761191895520196,3.0714285714285716,3.7306276171151707,2.6315789473684212,3.5778722155274463,0.0,8.0,-8.0,0.0,0.07142857142857117,0.5112781954887216,8.0,,0.0,2.0,0,0.0,intermittent,1.7252946396530315,0.6574585635359116,0.08287292817679558,high
2026-01-21,SKU-BAT-008,0,WH-NORTH,retail,0.0,,,False,0,0,0,0,0,0,0,0,0,0,,,2,4,1,1,0,0,0,0.0,6.0,0.0,0.0,,3.142857142857143,3.9761191895520196,3.0714285714285716,3.7306276171151707,2.5,3.5318103304858144,0.0,8.0,0.0,0.0,0.07142857142857117,0.6428571428571428,0.0,,0.0,2.0,0,0.0,intermittent,1.7252946396530315,0.6574585635359116,0.08287292817679558,high
2026-01-22,SKU-BAT-008,0,WH-NORTH,retail,0.0,,,False,0,0,0,0,0,0,0,0,0,0,,,3,4,1,1,0,0,0,0.0,8.0,0.0,7.0,,3.142857142857143,3.9761191895520196,3.0714285714285716,3.7306276171151707,2.380952380952381,3.485343461930122,0.0,8.0,0.0,0.0,0.07142857142857117,0.7619047619047619,0.0,,0.0,2.0,0,0.0,intermittent,1.7252946396530315,0.6574585635359116,0.08287292817679558,high
2026-01-23,SKU-BAT-008,0,WH-NORTH,retail,0.0,,,False,0,0,0,0,0,0,0,0,0,0,,,4,4,1,1,0,0,0,0.0,0.0,0.0,8.0,,3.142857142857143,3.9761191895520196,2.5714285714285716,3.6313651960128146,2.272727272727273,3.4390172763218025,0.0,8.0,0.0,0.0,0.5714285714285712,0.8701298701298699,0.0,,0.0,2.0,0,0.0,intermittent,1.7252946396530315,0.6574585635359116,0.08287292817679558,high
2026-01-24,SKU-BAT-008,0,WH-NORTH,online,0.0,,,False,0,0,0,0,0,0,0,0,0,0,,,5,4,1,1,1,0,0,0.0,0.0,8.0,6.0,,3.142857142857143,3.9761191895520196,2.0,3.328201177351375,2.1739130434782608,3.3932040893666953,0.0,8.0,0.0,-8.0,1.1428571428571428,0.968944099378882,-8.0,,0.0,2.0,0,0.0,intermittent,1.7252946396530315,0.6574585635359116,0.08287292817679558,high
2026-01-25,SKU-BAT-008,0,WH-NORTH,online,0.0,,,False,0,0,0,0,0,0,0,0,0,0,,,6,4,1,1,1,0,0,0.0,0.0,6.0,0.0,,2.0,3.4641016151377544,1.5714285714285714,3.1553199451155436,2.0833333333333335,3.3481554515189753,0.0,8.0,0.0,-6.0,0.4285714285714286,-0.08333333333333348,-6.0,,0.0,2.0,0,0.0,intermittent,1.7252946396530315,0.6574585635359116,0.08287292817679558,high
2026-01-26,SKU-BAT-008,7,WH-NORTH,retail,33.25,,,False,0,0,0,0,0,0,0,0,0,0,,,0,5,1,1,0,0,0,0.0,0.0,8.0,0.0,,1.1428571428571428,3.0237157840738176,1.5714285714285714,3.1553199451155436,2.0,3.3040379335998353,0.0,8.0,7.0,-1.0,-0.4285714285714286,-0.8571428571428572,-8.0,,0.0,2.0,0,0.0,intermittent,1.7252946396530315,0.6574585635359116,0.08287292817679558,high
2026-01-27,SKU-BAT-008,9,WH-NORTH,retail,42.75,,,False,0,0,0,0,0,0,0,0,0,0,,,1,5,1,1,0,0,0,7.0,0.0,0.0,0.0,,1.0,2.6457513110645903,2.0714285714285716,3.429830354949974,2.1923076923076925,3.3825343252565028,0.0,8.0,2.0,9.0,-1.0714285714285716,-1.1923076923076925,7.0,,0.0,2.0,0,0.0,intermittent,1.7252946396530315,0.6574585635359116,0.08287292817679558,high
2026-01-28,SKU-BAT-008,9,WH-NORTH,retail,42.75,,,False,0,0,0,0,0,0,0,0,0,0,,,2,5,1,1,0,0,0,9.0,0.0,0.0,0.0,,2.2857142857142856,3.9460649476951812,2.7142857142857144,3.8316208947805213,2.4444444444444446,3.5662233129669154,0.0,9.0,0.0,9.0,-0.4285714285714288,-0.15873015873015905,9.0,,0.0,2.0,0,0.0,intermittent,1.7252946396530315,0.6574585635359116,0.08287292817679558,high
2026-01-29,SKU-BAT-008,0,WH-NORTH,retail,0.0,,,False,0,0,0,0,0,0,0,0,0,0,,,3,5,1,1,0,0,0,9.0,7.0,0.0,0.0,,3.5714285714285716,4.503966505838414,3.357142857142857,4.0876388305219935,2.6785714285714284,3.712377409658942,0.0,9.0,-9.0,0.0,0.2142857142857144,0.8928571428571432,9.0,,0.0,2.0,0,0.0,intermittent,1.7252946396530315,0.6574585635359116,0.08287292817679558,high
2026-01-30,SKU-BAT-008,0,WH-NORTH,retail,0.0,,,False,0,0,0,0,0,0,0,0,0,0,,,4,5,1,1,0,0,0,0.0,9.0,0.0,0.0,,3.5714285714285716,4.503966505838414,3.357142857142857,4.0876388305219935,2.586206896551724,3.679258867327479,0.0,9.0,0.0,0.0,0.2142857142857144,0.9852216748768474,0.0,,0.0,2.0,0,0.0,intermittent,1.7252946396530315,0.6574585635359116,0.08287292817679558,high
2026-01-31,SKU-BAT-008,0,WH-NORTH,online,0.0,,,False,0,0,0,0,0,0,0,0,0,0,,,5,5,1,1,1,0,1,0.0,9.0,0.0,8.0,7.0,3.5714285714285716,4.503966505838414,3.357142857142857,4.0876388305219935,2.5,3.6459708512652518,0.0,9.0,0.0,0.0,0.2142857142857144,1.0714285714285716,0.0,-7.0,0.0,2.0,0,0.0,intermittent,1.7252946396530315,0.6574585635359116,0.08287292817679558,high
2026-02-01,SKU-BAT-008,0,WH-NORTH,online,0.0,,,False,0,0,0,0,0,0,0,0,0,0,,,6,5,2,1,1,1,0,0.0,0.0,0.0,6.0,0.0,3.5714285714285716,4.503966505838414,2.7857142857142856,3.945368685678699,2.2666666666666666,3.5712775009099684,0.0,9.0,0.0,0.0,0.785714285714286,1.304761904761905,0.0,0.0,0.0,1.0,0,0.0,intermittent,1.7252946396530315,0.6574585635359116,0.08287292817679558,high
2026-02-02,SKU-BAT-008,0,WH-NORTH,retail,0.0,,,False,0,0,0,0,0,0,0,0,0,0,,,0,6,2,1,0,0,0,0.0,0.0,7.0,8.0,0.0,3.5714285714285716,4.503966505838414,2.357142857142857,3.8949107397127434,2.2666666666666666,3.5712775009099684,0.0,9.0,0.0,-7.0,1.2142857142857144,1.304761904761905,-7.0,0.0,0.0,0.0,0,0.0,intermittent,1.7252946396530315,0.6574585635359116,0.08287292817679558,high
2026-02-03,SKU-BAT-008,0,WH-NORTH,retail,0.0,,,False,0,0,0,0,0,0,0,0,0,0,,,1,6,2,1,0,0,0,0.0,0.0,9.0,0.0,0.0,2.5714285714285716,4.3915503282684,1.7857142857142858,3.577248006038063,2.2666666666666666,3.5712775009099684,0.0,9.0,0.0,-9.0,0.7857142857142858,0.304761904761905,-9.0,0.0,0.0,0.0,0,0.0,intermittent,1.7252946396530315,0.6574585635359116,0.08287292817679558,high
2026-02-04,SKU-BAT-008,9,WH-NORTH,retail,42.75,,,False,0,0,0,0,0,0,0,0,0,0,,,2,6,2,1,0,0,0,0.0,0.0,9.0,0.0,0.0,1.2857142857142858,3.4016802570830458,1.7857142857142858,3.577248006038063,2.2666666666666666,3.5712775009099684,0.0,9.0,9.0,0.0,-0.5,-0.9809523809523808,-9.0,0.0,0.0,0.0,0,0.0,intermittent,1.7252946396530315,0.6574585635359116,0.08287292817679558,high
2026-02-05,SKU-BAT-008,7,WH-NORTH,retail,33.25,,,False,0,0,0,0,0,0,0,0,0,0,,,3,6,2,1,0,0,0,9.0,0.0,0.0,0.0,0.0,1.2857142857142858,3.4016802570830458,2.4285714285714284,4.013712758767138,2.566666666666667,3.7479496310358296,0.0,9.0,-2.0,7.0,-1.1428571428571426,-1.280952380952381,9.0,9.0,0.0,0.0,0,0.0,intermittent,1.7252946396530315,0.6574585635359116,0.08287292817679558,high
2026-02-06,SKU-BAT-008,7,WH-NORTH,retail,33.25,,,False,0,0,0,0,0,0,0,0,0,0,,,4,6,2,1,0,0,0,7.0,0.0,0.0,0.0,0.0,2.2857142857142856,3.9460649476951817,2.9285714285714284,4.1224392651081585,2.8,3.800181483869531,0.0,9.0,0.0,7.0,-0.6428571428571428,-0.5142857142857142,7.0,7.0,0.0,0.0,0,0.0,intermittent,1.7252946396530315,0.6574585635359116,0.08287292817679558,high
2026-02-07,SKU-BAT-008,0,WH-NORTH,online,0.0,,,False,0,0,0,0,0,0,0,0,0,0,,,5,6,2,1,1,0,0,7.0,9.0,0.0,0.0,7.0,3.2857142857142856,4.1518785191880605,3.4285714285714284,4.164211731007364,3.033333333333333,3.8370546654624467,0.0,9.0,-7.0,0.0,-0.1428571428571428,0.2523809523809524,7.0,0.0,0.0,0.0,0,0.0,intermittent,1.7252946396530315,0.6574585635359116,0.08287292817679558,high
2026-02-08,SKU-BAT-008,0,WH-NORTH,online,0.0,,,False,0,0,0,0,0,0,0,0,0,0,,,6,6,2,1,1,0,0,0.0,7.0,0.0,0.0,8.0,3.2857142857142856,4.1518785191880605,3.4285714285714284,4.164211731007364,2.8,3.800181483869531,0.0,9.0,0.0,0.0,-0.1428571428571428,0.48571428571428577,0.0,-8.0,0.0,0.0,0,0.0,intermittent,1.7252946396530315,0.6574585635359116,0.08287292817679558,high
2026-02-09,SKU-BAT-008,0,WH-NORTH,retail,0.0,,,False,0,0,0,0,0,0,0,0,0,0,,,0,7,2,1,0,0,0,0.0,7.0,0.0,7.0,6.0,3.2857142857142856,4.1518785191880605,3.4285714285714284,4.164211731007364,2.533333333333333,3.7021273784726514,0.0,9.0,0.0,0.0,-0.1428571428571428,0.7523809523809524,0.0,-6.0,0.0,0.0,0,0.0,intermittent,1.7252946396530315,0.6574585635359116,0.08287292817679558,high
2026-02-10,SKU-BAT-008,0,WH-NORTH,retail,0.0,,,False,0,0,0,0,0,0,0,0,0,0,,,1,7,2,1,0,0,0,0.0,0.0,0.0,9.0,0.0,3.2857142857142856,4.1518785191880605,2.9285714285714284,4.1224392651081585,2.3333333333333335,3.6703221068206116,0.0,9.0,0.0,0.0,0.3571428571428572,0.9523809523809521,0.0,0.0,0.0,0.0,0,0.0,intermittent,1.7252946396530315,0.6574585635359116,0.08287292817679558,high
2026-02-11,SKU-BAT-008,0,WH-NORTH,retail,0.0,,,False,0,0,0,0,0,0,0,0,0,0,,,2,7,2,1,0,0,0,0.0,0.0,9.0,9.0,0.0,3.2857142857142856,4.1518785191880605,2.2857142857142856,3.7912565692163827,2.3333333333333335,3.6703221068206116,0.0,9.0,0.0,-9.0,1.0,0.9523809523809521,-9.0,0.0,0.0,0.0,0,0.0,intermittent,1.7252946396530315,0.6574585635359116,0.08287292817679558,high
2026-02-12,SKU-BAT-008,0,WH-NORTH,retail,0.0,,,False,0,0,0,0,0,0,0,0,0,0,,,3,7,2,1,0,0,0,0.0,0.0,7.0,0.0,0.0,2.0,3.415650255319867,1.6428571428571428,3.295851538318643,2.3333333333333335,3.6703221068206116,0.0,9.0,0.0,-7.0,0.3571428571428572,-0.3333333333333335,-7.0,0.0,0.0,0.0,0,0.0,intermittent,1.7252946396530315,0.6574585635359116,0.08287292817679558,high
2026-02-13,SKU-BAT-008,7,WH-NORTH,retail,33.25,,,False,0,0,0,0,0,0,0,0,0,0,,,4,7,2,1,0,0,0,0.0,0.0,7.0,0.0,0.0,1.0,2.6457513110645916,1.6428571428571428,3.295851538318643,2.3333333333333335,3.6703221068206116,0.0,9.0,7.0,0.0,-0.6428571428571428,-1.3333333333333335,-7.0,0.0,0.0,0.0,0,0.0,intermittent,1.7252946396530315,0.6574585635359116,0.08287292817679558,high
2026-02-14,SKU-BAT-008,8,WH-NORTH,online,38.0,,,False,0,0,0,0,0,0,0,0,0,0,,,5,7,2,1,1,0,0,7.0,0.0,0.0,0.0,0.0,1.0,2.6457513110645916,2.142857142857143,3.54871900738937,2.566666666666667,3.7387378778860962,0.0,9.0,1.0,8.0,-1.1428571428571428,-1.5666666666666669,7.0,7.0,0.0,0.0,0,0.0,intermittent,1.7252946396530315,0.6574585635359116,0.08287292817679558,high
2026-02-15,SKU-BAT-008,8,WH-NORTH,online,38.0,,,False,0,0,0,0,0,0,0,0,0,0,,,6,7,2,1,1,0,0,8.0,0.0,0.0,0.0,0.0,2.142857142857143,3.670993118515817,2.7142857142857144,3.8114921654743736,2.8333333333333335,3.8334582688286276,0.0,9.0,0.0,8.0,-0.5714285714285716,-0.6904761904761907,8.0,8.0,0.0,0.0,0,0.0,intermittent,1.7252946396530315,0.6574585635359116,0.08287292817679558,high
2026-02-16,SKU-BAT-008,0,WH-NORTH,retail,0.0,,,False,0,0,0,0,0,0,0,0,0,0,,,0,8,2,1,0,0,0,8.0,7.0,0.0,0.0,8.0,3.2857142857142856,4.111540089159038,3.2857142857142856,3.9696651947288655,3.1,3.90711111198278,0.0,9.0,-8.0,0.0,0.0,0.1857142857142855,8.0,0.0,0.0,0.0,0,0.0,intermittent,1.7252946396530315,0.6574585635359116,0.08287292817679558,high
2026-02-17,SKU-BAT-008,0,WH-NORTH,retail,0.0,,,False,0,0,0,0,0,0,0,0,0,0,,,1,8,2,1,0,0,0,0.0,8.0,0.0,0.0,6.0,3.2857142857142856,4.111540089159038,3.2857142857142856,3.9696651947288655,2.8333333333333335,3.8334582688286276,0.0,9.0,0.0,0.0,0.0,0.4523809523809521,0.0,-6.0,0.0,0.0,0,0.0,intermittent,1.7252946396530315,0.6574585635359116,0.08287292817679558,high
2026-02-18,SKU-BAT-008,0,WH-NORTH,retail,0.0,,,False,0,0,0,0,0,0,0,0,0,0,,,2,8,2,1,0,0,0,0.0,8.0,0.0,9.0,8.0,3.2857142857142856,4.111540089159038,3.2857142857142856,3.9696651947288655,2.6333333333333333,3.819038815103137,0.0,9.0,0.0,0.0,0.0,0.6523809523809523,0.0,-8.0,0.0,0.0,0,0.0,intermittent,1.7252946396530315,0.6574585635359116,0.08287292817679558,high
2026-02-19,SKU-BAT-008,0,WH-NORTH,retail,0.0,,,False,0,0,0,0,0,0,0,0,0,0,,,3,8,2,1,0,0,0,0.0,0.0,0.0,7.0,0.0,3.2857142857142856,4.111540089159038,2.642857142857143,3.6921359850184468,2.3666666666666667,3.709106531817038,0.0,9.0,0.0,0.0,0.6428571428571428,0.9190476190476189,0.0,0.0,0.0,0.0,0,0.0,intermittent,1.7252946396530315,0.6574585635359116,0.08287292817679558,high
2026-02-20,SKU-BAT-008,0,WH-NORTH,retail,0.0,,,False,0,0,0,0,0,0,0,0,0,0,,,4,8,2,1,0,0,0,0.0,0.0,7.0,7.0,0.0,3.2857142857142856,4.111540089159038,2.142857142857143,3.5269761041947025,2.3666666666666667,3.709106531817038,0.0,9.0,0.0,-7.0,1.1428571428571428,0.9190476190476189,-7.0,0.0,0.0,0.0,0,0.0,intermittent,1.7252946396530315,0.6574585635359116,0.08287292817679558,high
2026-02-21,SKU-BAT-008,0,WH-NORTH,online,0.0,,,False,0,0,0,0,0,0,0,0,0,0,,,5,8,2,1,1,0,0,0.0,0.0,8.0,0.0,0.0,2.2857142857142856,3.9036002917941337,1.6428571428571428,3.2724289463319463,2.3666666666666667,3.709106531817038,0.0,9.0,0.0,-8.0,0.6428571428571428,-0.08095238095238111,-8.0,0.0,0.0,0.0,0,0.0,intermittent,1.7252946396530315,0.6574585635359116,0.08287292817679558,high
2026-02-22,SKU-BAT-008,7,WH-NORTH,online,33.25,,,False,0,0,0,0,0,0,0,0,0,0,,,6,8,2,1,1,0,0,0.0,0.0,8.0,0.0,0.0,1.1428571428571428,3.0237157840738194,1.6428571428571428,3.2724289463319463,2.3666666666666667,3.709106531817038,0.0,9.0,7.0,-1.0,-0.5,-1.223809523809524,-8.0,0.0,0.0,0.0,0,0.0,intermittent,1.7252946396530315,0.6574585635359116,0.08287292817679558,high
2026-02-23,SKU-BAT-008,7,WH-NORTH,retail,33.25,,,False,0,0,0,0,0,0,0,0,0,0,,,0,9,2,1,0,0,0,7.0,0.0,0.0,0.0,0.0,1.0,2.645751311064592,2.142857142857143,3.5269761041947025,2.6,3.7746888430795154,0.0,9.0,0.0,7.0,-1.1428571428571428,-1.6,7.0,7.0,0.0,0.0,0,0.0,intermittent,1.7252946396530315,0.6574585635359116,0.08287292817679558,high
2026-02-24,SKU-BAT-008,7,WH-NORTH,retail,33.25,,,False,0,0,0,0,0,0,0,0,0,0,,,1,9,2,1,0,0,0,7.0,0.0,0.0,0.0,0.0,2.0,3.4156502553198678,2.642857142857143,3.6921359850184468,2.8333333333333335,3.8244524812852885,0.0,9.0,0.0,7.0,-0.6428571428571428,-0.8333333333333335,7.0,7.0,0.0,0.0,0,0.0,intermittent,1.7252946396530315,0.6574585635359116,0.08287292817679558,high
2026-02-25,SKU-BAT-008,0,WH-NORTH,retail,0.0,,,False,0,0,0,0,0,0,0,0,0,0,,,2,9,2,1,0,0,0,7.0,7.0,0.0,0.0,7.0,3.0,3.7416573867739427,3.142857142857143,3.7796447300922726,3.066666666666667,3.859009461375874,0.0,9.0,-7.0,0.0,-0.1428571428571428,-0.06666666666666687,7.0,0.0,0.0,0.0,0,0.0,intermittent,1.7252946396530315,0.6574585635359116,0.08287292817679558,high
2026-02-26,SKU-BAT-008,0,WH-NORTH,retail,0.0,,,False,0,0,0,0,0,0,0,0,0,0,,,3,9,2,1,0,0,0,0.0,7.0,0.0,0.0,9.0,3.0,3.7416573867739427,3.142857142857143,3.7796447300922726,2.8333333333333335,3.8244524812852885,0.0,9.0,0.0,0.0,-0.1428571428571428,0.16666666666666652,0.0,-9.0,0.0,0.0,0,0.0,intermittent,1.7252946396530315,0.6574585635359116,0.08287292817679558,high
2026-02-27,SKU-BAT-008,0,WH-NORTH,retail,0.0,,,False,0,0,0,0,0,0,0,0,0,0,,,4,9,2,1,0,0,0,0.0,7.0,0.0,7.0,9.0,3.0,3.7416573867739427,3.142857142857143,3.7796447300922726,2.533333333333333,3.6740781938756624,0.0,9.0,0.0,0.0,-0.1428571428571428,0.4666666666666668,0.0,-9.0,0.0,0.0,0,0.0,intermittent,1.7252946396530315,0.6574585635359116,0.08287292817679558,high
2026-02-28,SKU-BAT-008,0,WH-NORTH,online,0.0,,,False,0,0,0,0,0,0,0,0,0,0,,,5,9,2,1,1,0,1,0.0,0.0,0.0,8.0,0.0,3.0,3.7416573867739427,2.642857142857143,3.6921359850184468,2.2333333333333334,3.4907101671815113,0.0,9.0,0.0,0.0,0.3571428571428572,0.7666666666666666,0.0,0.0,0.0,0.0,0,0.0,intermittent,1.7252946396530315,0.6574585635359116,0.08287292817679558,high
2026-03-01,SKU-BAT-008,0,WH-NORTH,online,0.0,,,False,0,0,0,0,0,0,0,0,0,0,,,6,9,3,1,1,1,0,0.0,0.0,7.0,8.0,0.0,3.0,3.7416573867739427,2.0714285714285716,3.407328881967532,2.2333333333333334,3.4907101671815113,0.0,9.0,0.0,-7.0,0.9285714285714284,0.7666666666666666,-7.0,0.0,0.0,0.0,0,0.0,intermittent,1.7252946396530315,0.6574585635359116,0.08287292817679558,high
2026-03-02,SKU-BAT-008,0,WH-NORTH,retail,0.0,,,False,0,0,0,0,0,0,0,0,0,0,,,0,10,3,1,0,0,0,0.0,0.0,7.0,0.0,0.0,2.0,3.4156502553198678,1.5,2.980707195384241,2.2333333333333334,3.4907101671815113,0.0,9.0,0.0,-7.0,0.5,-0.2333333333333334,-7.0,0.0,0.0,0.0,0,0.0,intermittent,1.7252946396530315,0.6574585635359116,0.08287292817679558,high
2026-03-03,SKU-BAT-008,8,WH-NORTH,retail,38.0,,,False,0,0,0,0,0,0,0,0,0,0,,,1,10,3,1,0,0,0,0.0,0.0,7.0,0.0,0.0,1.0,2.6457513110645925,1.5,2.980707195384241,2.2333333333333334,3.4907101671815113,0.0,9.0,8.0,1.0,-0.5,-1.2333333333333334,-7.0,0.0,0.0,0.0,0,0.0,intermittent,1.7252946396530315,0.6574585635359116,0.08287292817679558,high
2026-03-04,SKU-BAT-008,10,WH-NORTH,retail,47.5,,,False,0,0,0,0,0,0,0,0,0,0,,,2,10,3,1,0,0,0,8.0,0.0,0.0,0.0,0.0,1.1428571428571428,3.02371578407382,2.0714285714285716,3.407328881967532,2.5,3.617486267638307,0.0,9.0,2.0,10.0,-0.9285714285714288,-1.3571428571428572,8.0,8.0,0.0,0.0,0,0.0,intermittent,1.7252946396530315,0.6574585635359116,0.08287292817679558,high
2026-03-05,SKU-BAT-008,10,WH-NORTH,retail,47.5,,,False,0,0,0,0,0,0,0,0,0,0,,,3,10,3,1,0,0,0,10.0,0.0,0.0,0.0,0.0,2.5714285714285716,4.429339411136567,2.7857142857142856,3.9453686856786994,2.8333333333333335,3.833458268828628,0.0,10.0,0.0,10.0,-0.21428571428571397,-0.26190476190476186,10.0,10.0,0.0,0.0,0,0.0,intermittent,1.7252946396530315,0.6574585635359116,0.08287292817679558,high
2026-03-06,SKU-BAT-008,0,WH-NORTH,retail,0.0,,,False,0,0,0,0,0,0,0,0,0,0,,,4,10,3,1,0,0,0,10.0,8.0,0.0,0.0,9.0,4.0,5.033222956847167,3.5,4.292211192739347,3.1666666666666665,4.009328203537117,0.0,10.0,-10.0,0.0,0.5,0.8333333333333335,10.0,1.0,0.0,0.0,0,0.0,intermittent,1.7252946396530315,0.6574585635359116,0.08287292817679558,high
2026-03-07,SKU-BAT-008,0,WH-NORTH,online,0.0,,,False,0,0,0,0,0,0,0,0,0,0,,,5,10,3,1,1,0,0,0.0,10.0,0.0,0.0,7.0,4.0,5.033222956847167,3.5,4.292211192739347,2.8666666666666667,3.8928168449730274,0.0,10.0,0.0,0.0,0.5,1.1333333333333333,0.0,-7.0,0.0,0.0,0,0.0,intermittent,1.7252946396530315,0.6574585635359116,0.08287292817679558,high
2026-03-08,SKU-BAT-008,0,WH-NORTH,online,0.0,,,False,0,0,0,0,0,0,0,0,0,0,,,6,10,3,1,1,0,0,0.0,10.0,0.0,7.0,7.0,4.0,5.033222956847167,3.5,4.292211192739347,2.6333333333333333,3.846030944101791,0.0,10.0,0.0,0.0,0.5,1.3666666666666667,0.0,-7.0,0.0,0.0,0,0.0,intermittent,1.7252946396530315,0.6574585635359116,0.08287292817679558,high
2026-03-09,SKU-BAT-008,0,WH-NORTH,retail,0.0,,,False,0,0,0,0,0,0,0,0,0,0,,,0,11,3,1,0,0,0,0.0,0.0,0.0,7.0,0.0,4.0,5.033222956847167,3.0,4.260733053577302,2.4,3.7838130740445344,0.0,10.0,0.0,0.0,1.0,1.6,0.0,0.0,0.0,0.0,0,0.0,intermittent,1.7252946396530315,0.6574585635359116,0.08287292817679558,high
2026-03-10,SKU-BAT-008,0,WH-NORTH,retail,0.0,,,False,0,0,0,0,0,0,0,0,0,0,,,1,11,3,1,0,0,0,0.0,0.0,8.0,7.0,0.0,4.0,5.033222956847167,2.5,4.1648714081174045,2.4,3.7838130740445344,0.0,10.0,0.0,-8.0,1.5,1.6,-8.0,0.0,0.0,0.0,0,0.0,intermittent,1.7252946396530315,0.6574585635359116,0.08287292817679558,high
2026-03-11,SKU-BAT-008,46,WH-NORTH,retail,218.5,Anomaly,Commercial replacement order,False,0,0,0,0,0,0,0,0,0,0,,,2,11,3,1,0,0,0,0.0,0.0,10.0,0.0,0.0,2.857142857142857,4.879500364742667,2.0,4.0,2.4,3.7838130740445344,0.0,10.0,46.0,36.0,0.8571428571428572,0.4571428571428573,-10.0,0.0,0.0,0.0,0,0.0,intermittent,1.7252946396530315,0.6574585635359116,0.08287292817679558,high
2026-03-12,SKU-BAT-008,9,WH-NORTH,retail,42.75,,,False,0,0,0,0,0,0,0,0,0,0,,,3,11,3,1,0,0,0,46.0,0.0,10.0,0.0,0.0,8.0,17.165857586111645,5.285714285714286,12.368872664435147,3.933333333333333,8.788445915473076,0.0,46.0,-37.0,-1.0,2.7142857142857144,4.066666666666666,36.0,46.0,0.0,0.0,1,1.0,intermittent,1.7252946396530315,0.6574585635359116,0.08287292817679558,high
2026-03-13,SKU-BAT-008,7,WH-NORTH,retail,33.25,,,False,0,0,0,0,0,0,0,0,0,0,,,4,11,3,1,0,0,0,9.0,0.0,0.0,0.0,0.0,7.857142857142857,17.150593492438013,5.928571428571429,12.306747903327018,4.233333333333333,8.80314729507865,0.0,46.0,-2.0,7.0,1.928571428571428,3.6238095238095234,9.0,9.0,0.0,0.0,1,1.0,intermittent,1.7252946396530315,0.6574585635359116,0.08287292817679558,high
2026-03-14,SKU-BAT-008,6,WH-NORTH,online,28.5,,,False,0,0,0,0,0,0,0,0,0,0,,,5,11,3,1,1,0,0,7.0,46.0,0.0,0.0,0.0,8.857142857142858,16.816941571210975,6.428571428571429,12.18898800440088,4.466666666666667,8.77980964891975,0.0,46.0,-1.0,6.0,2.428571428571429,4.390476190476191,7.0,7.0,0.0,0.0,1,1.0,intermittent,1.7252946396530315,0.6574585635359116,0.08287292817679558,high
2026-03-15,SKU-BAT-008,0,WH-NORTH,online,0.0,,,False,0,0,0,0,0,0,0,0,0,0,,,6,11,3,1,1,0,0,6.0,9.0,0.0,0.0,7.0,9.714285714285714,16.438920136009397,6.857142857142857,12.0502610431804,4.666666666666667,8.742813140471172,0.0,46.0,-6.0,0.0,2.8571428571428568,5.047619047619047,6.0,-1.0,0.0,0.0,1,1.0,intermittent,1.7252946396530315,0.6574585635359116,0.08287292817679558,high
2026-03-16,SKU-BAT-008,0,WH-NORTH,retail,0.0,,,False,0,0,0,0,0,0,0,0,0,0,,,0,12,3,1,0,0,0,0.0,7.0,0.0,0.0,8.0,9.714285714285714,16.438920136009397,6.857142857142857,12.0502610431804,4.433333333333334,8.771754565702322,0.0,46.0,0.0,0.0,2.8571428571428568,5.28095238095238,0.0,-8.0,0.0,0.0,1,1.0,intermittent,1.7252946396530315,0.6574585635359116,0.08287292817679558,high
2026-03-17,SKU-BAT-008,0,WH-NORTH,retail,0.0,,,False,0,0,0,0,0,0,0,0,0,0,,,1,12,3,1,0,0,0,0.0,6.0,0.0,8.0,8.0,9.714285714285714,16.438920136009397,6.857142857142857,12.0502610431804,4.166666666666667,8.781184168567405,0.0,46.0,0.0,0.0,2.8571428571428568,5.547619047619047,0.0,-8.0,0.0,0.0,1,1.0,intermittent,1.7252946396530315,0.6574585635359116,0.08287292817679558,high
2026-03-18,SKU-BAT-008,0,WH-NORTH,retail,0.0,,,False,0,0,0,0,0,0,0,0,0,0,,,2,12,3,1,0,0,0,0.0,0.0,46.0,10.0,0.0,9.714285714285714,16.438920136009397,6.285714285714286,12.180871330640775,3.9,8.782231277237951,0.0,46.0,0.0,-46.0,3.428571428571428,5.814285714285713,-46.0,0.0,0.0,0.0,1,1.0,intermittent,1.7252946396530315,0.6574585635359116,0.08287292817679558,high
2026-03-19,SKU-BAT-008,0,WH-NORTH,retail,0.0,,,False,0,0,0,0,0,0,0,0,0,0,,,3,12,3,1,0,0,0,0.0,0.0,9.0,10.0,0.0,3.142857142857143,4.0178174601215035,5.571428571428571,12.23937080908156,3.9,8.782231277237951,0.0,46.0,0.0,-9.0,-2.4285714285714284,-0.7571428571428571,-9.0,0.0,0.0,0.0,0,1.0,intermittent,1.7252946396530315,0.6574585635359116,0.08287292817679558,high
2026-03-20,SKU-BAT-008,0,WH-NORTH,retail,0.0,,,False,0,0,0,0,0,0,0,0,0,0,,,4,12,3,1,0,0,0,0.0,0.0,7.0,0.0,0.0,1.8571428571428572,3.184785258515433,4.857142857142857,12.252831025190389,3.9,8.782231277237951,0.0,46.0,0.0,-7.0,-2.9999999999999996,-2.0428571428571427,-7.0,0.0,0.0,0.0,0,1.0,intermittent,1.7252946396530315,0.6574585635359116,0.08287292817679558,high
2026-03-21,SKU-BAT-008,6,WH-NORTH,online,28.5,,,False,0,0,0,0,0,0,0,0,0,0,,,5,12,3,1,1,0,0,0.0,0.0,6.0,0.0,0.0,0.8571428571428571,2.267786838055379,4.857142857142857,12.252831025190389,3.9,8.782231277237951,0.0,46.0,6.0,0.0,-3.9999999999999996,-3.0428571428571427,-6.0,0.0,0.0,0.0,0,1.0,intermittent,1.7252946396530315,0.6574585635359116,0.08287292817679558,high
2026-03-22,SKU-BAT-008,7,WH-NORTH,online,33.25,,,False,0,0,0,0,0,0,0,0,0,0,,,6,12,3,1,1,0,0,6.0,0.0,0.0,0.0,0.0,0.8571428571428571,2.267786838055379,5.285714285714286,12.174554621002784,4.1,8.758641053465329,0.0,46.0,1.0,7.0,-4.428571428571429,-3.2428571428571424,6.0,6.0,0.0,0.0,0,1.0,intermittent,1.7252946396530315,0.6574585635359116,0.08287292817679558,high
2026-03-23,SKU-BAT-008,9,WH-NORTH,retail,42.75,,,False,0,0,0,0,0,0,0,0,0,0,,,0,13,3,1,0,0,0,7.0,0.0,0.0,0.0,0.0,1.8571428571428572,3.184785258515433,5.785714285714286,12.08418274139681,4.333333333333333,8.738868124188281,0.0,46.0,2.0,9.0,-3.9285714285714284,-2.476190476190476,7.0,7.0,0.0,0.0,0,1.0,intermittent,1.7252946396530315,0.6574585635359116,0.08287292817679558,high
2026-03-24,SKU-BAT-008,0,WH-NORTH,retail,0.0,,,False,0,0,0,0,0,0,0,0,0,0,,,1,13,3,1,0,0,0,9.0,6.0,0.0,0.0,7.0,3.142857142857143,4.0178174601215035,6.428571428571429,11.99175540953858,4.633333333333334,8.739459990156154,0.0,46.0,-9.0,0.0,-3.285714285714286,-1.490476190476191,9.0,2.0,0.0,0.0,0,1.0,intermittent,1.7252946396530315,0.6574585635359116,0.08287292817679558,high
2026-03-25,SKU-BAT-008,0,WH-NORTH,retail,0.0,,,False,0,0,0,0,0,0,0,0,0,0,,,2,13,3,1,0,0,0,0.0,7.0,0.0,46.0,7.0,3.142857142857143,4.0178174601215035,6.428571428571429,11.99175540953858,4.4,8.767494825618169,0.0,46.0,0.0,0.0,-3.285714285714286,-1.2571428571428576,0.0,-7.0,0.0,0.0,0,1.0,intermittent,1.7252946396530315,0.6574585635359116,0.08287292817679558,high
2026-03-26,SKU-BAT-008,0,WH-NORTH,retail,0.0,,,False,0,0,0,0,0,0,0,0,0,0,,,3,13,3,1,0,0,0,0.0,9.0,0.0,9.0,7.0,3.142857142857143,4.0178174601215035,3.142857142857143,3.8601941532905983,4.166666666666667,8.789034442803235,0.0,46.0,0.0,0.0,0.0,-1.0238095238095242,0.0,-7.0,0.0,0.0,0,1.0,intermittent,1.7252946396530315,0.6574585635359116,0.08287292817679558,high
2026-03-27,SKU-BAT-008,0,WH-NORTH,retail,0.0,,,False,0,0,0,0,0,0,0,0,0,0,,,4,13,3,1,0,0,0,0.0,0.0,0.0,7.0,0.0,3.142857142857143,4.0178174601215035,2.5,3.54639578684093,3.933333333333333,8.804126514206898,0.0,46.0,0.0,0.0,0.6428571428571428,-0.7904761904761903,0.0,0.0,0.0,0.0,0,1.0,intermittent,1.7252946396530315,0.6574585635359116,0.08287292817679558,high
2026-03-28,SKU-BAT-008,0,WH-NORTH,online,0.0,,,False,0,0,0,0,0,0,0,0,0,0,,,5,13,3,1,1,0,0,0.0,0.0,6.0,6.0,0.0,3.142857142857143,4.0178174601215035,2.0,3.3512339862756906,3.933333333333333,8.804126514206898,0.0,46.0,0.0,-6.0,1.1428571428571428,-0.7904761904761903,-6.0,0.0,0.0,0.0,0,1.0,intermittent,1.7252946396530315,0.6574585635359116,0.08287292817679558,high
2026-03-29,SKU-BAT-008,0,WH-NORTH,online,0.0,,,False,0,0,0,0,0,0,0,0,0,0,,,6,13,3,1,1,0,0,0.0,0.0,7.0,0.0,0.0,2.2857142857142856,3.9460649476951897,1.5714285714285714,3.1796053387000938,3.933333333333333,8.804126514206898,0.0,46.0,0.0,-7.0,0.7142857142857142,-1.6476190476190475,-7.0,0.0,0.0,0.0,0,1.0,intermittent,1.7252946396530315,0.6574585635359116,0.08287292817679558,high
2026-03-30,SKU-BAT-008,9,WH-NORTH,retail,42.75,,,False,0,0,0,0,0,0,0,0,0,0,,,0,14,3,1,0,0,0,0.0,0.0,9.0,0.0,0.0,1.2857142857142858,3.401680257083055,1.5714285714285714,3.1796053387000938,3.933333333333333,8.804126514206898,0.0,46.0,9.0,0.0,-0.2857142857142856,-2.647619047619047,-9.0,0.0,0.0,0.0,0,1.0,intermittent,1.7252946396530315,0.6574585635359116,0.08287292817679558,high
2026-03-31,SKU-BAT-008,9,WH-NORTH,retail,42.75,,,False,0,0,0,0,0,0,0,0,0,0,,,1,14,3,1,0,0,1,9.0,0.0,0.0,0.0,0.0,1.2857142857142858,3.401680257083055,2.2142857142857144,3.7040221678305656,4.233333333333333,8.818801753515956,0.0,46.0,0.0,9.0,-0.9285714285714286,-2.947619047619048,9.0,9.0,0.0,0.0,0,1.0,intermittent,1.7252946396530315,0.6574585635359116,0.08287292817679558,high
2026-04-01,SKU-BAT-008,8,WH-NORTH,retail,38.0,,,False,1,1,1,0,0,0,1,0,0,0,Easter Holiday,holiday,2,14,4,2,0,1,0,9.0,0.0,0.0,0.0,0.0,2.5714285714285716,4.391550328268407,2.857142857142857,4.054572781386525,4.533333333333333,8.822906446342923,0.0,46.0,-1.0,8.0,-0.2857142857142856,-1.9619047619047616,9.0,9.0,0.0,0.0,0,1.0,intermittent,1.7252946396530315,0.6574585635359116,0.08287292817679558,high
2026-04-02,SKU-BAT-008,0,WH-NORTH,retail,0.0,,,False,1,1,1,0,0,0,1,0,0,0,Easter Holiday,holiday,3,14,4,2,0,0,0,8.0,9.0,0.0,0.0,8.0,3.7142857142857144,4.644505202002537,3.4285714285714284,4.182643362098365,4.8,8.802037381706892,0.0,46.0,-8.0,0.0,0.28571428571428603,-1.0857142857142854,8.0,0.0,1.0,1.0,0,1.0,intermittent,1.7252946396530315,0.6574585635359116,0.08287292817679558,high
2026-04-03,SKU-BAT-008,0,WH-NORTH,retail,0.0,,,False,1,1,1,0,0,0,1,0,0,0,Easter Holiday,holiday,4,14,4,2,0,0,0,0.0,9.0,0.0,0.0,10.0,3.7142857142857144,4.644505202002537,3.4285714285714284,4.182643362098365,4.533333333333333,8.822906446342923,0.0,46.0,0.0,0.0,0.28571428571428603,-0.8190476190476188,0.0,-10.0,2.0,2.0,0,1.0,intermittent,1.7252946396530315,0.6574585635359116,0.08287292817679558,high
2026-04-04,SKU-BAT-008,0,WH-NORTH,online,0.0,,,False,1,1,1,0,0,0,1,0,0,0,Easter Holiday,holiday,5,14,4,2,1,0,0,0.0,8.0,0.0,6.0,10.0,3.7142857142857144,4.644505202002537,3.4285714285714284,4.182643362098365,4.2,8.798118921208335,0.0,46.0,0.0,0.0,0.28571428571428603,-0.48571428571428577,0.0,-10.0,3.0,3.0,0,1.0,intermittent,1.7252946396530315,0.6574585635359116,0.08287292817679558,high
2026-04-05,SKU-BAT-008,0,WH-NORTH,online,0.0,,,False,1,1,0,1,0,0,1,0,0,0,Easter Holiday,holiday,6,14,4,2,1,0,0,0.0,0.0,0.0,7.0,0.0,3.7142857142857144,4.644505202002537,3.0,4.206222496766869,3.8666666666666667,8.760150106308537,0.0,46.0,0.0,0.0,0.7142857142857144,-0.15238095238095228,0.0,0.0,4.0,4.0,0,1.0,intermittent,1.7252946396530315,0.6574585635359116,0.08287292817679558,high
2026-04-06,SKU-BAT-008,0,WH-NORTH,retail,0.0,,,False,1,1,0,0,1,0,1,0,0,0,Easter Holiday,holiday,0,15,4,2,0,0,0,0.0,0.0,9.0,9.0,0.0,3.7142857142857144,4.644505202002537,2.5,4.10908936196518,3.8666666666666667,8.760150106308537,0.0,46.0,0.0,-9.0,1.2142857142857144,-0.15238095238095228,-9.0,0.0,5.0,5.0,0,1.0,intermittent,1.7252946396530315,0.6574585635359116,0.08287292817679558,high
2026-04-07,SKU-BAT-008,0,WH-NORTH,retail,0.0,,,False,0,0,0,0,0,0,0,0,0,0,,,1,15,4,2,0,0,0,0.0,0.0,9.0,0.0,0.0,2.4285714285714284,4.157609203101507,1.8571428571428572,3.697340891820728,3.8666666666666667,8.760150106308537,0.0,46.0,0.0,-9.0,0.5714285714285712,-1.4380952380952383,-9.0,0.0,6.0,6.0,0,1.0,intermittent,1.7252946396530315,0.6574585635359116,0.08287292817679558,high
2026-04-08,SKU-BAT-008,7,WH-NORTH,retail,33.25,,,False,0,0,0,0,0,0,0,0,0,0,,,2,15,4,2,0,0,0,0.0,0.0,8.0,0.0,0.0,1.1428571428571428,3.023715784073828,1.8571428571428572,3.697340891820728,3.8666666666666667,8.760150106308537,0.0,46.0,7.0,-1.0,-0.7142857142857144,-2.723809523809524,-8.0,0.0,6.0,6.0,0,1.0,intermittent,1.7252946396530315,0.6574585635359116,0.08287292817679558,high
2026-04-09,SKU-BAT-008,8,WH-NORTH,retail,38.0,,,False,0,0,0,0,0,0,0,0,0,0,,,3,15,4,2,0,0,0,7.0,0.0,0.0,0.0,0.0,1.0,2.6457513110646027,2.357142857142857,3.8949107397127465,4.1,8.746822083003867,0.0,46.0,1.0,8.0,-1.3571428571428572,-3.0999999999999996,7.0,7.0,5.0,6.0,0,1.0,intermittent,1.7252946396530315,0.6574585635359116,0.08287292817679558,high
2026-04-10,SKU-BAT-008,8,WH-NORTH,retail,38.0,,,False,0,0,0,0,0,0,0,0,0,0,,,4,15,4,2,0,0,0,8.0,0.0,0.0,0.0,46.0,2.142857142857143,3.6709931185158244,2.9285714285714284,4.103737240694068,4.366666666666666,8.739459990156154,0.0,46.0,0.0,8.0,-0.7857142857142856,-2.2238095238095235,8.0,-38.0,4.0,6.0,0,1.0,intermittent,1.7252946396530315,0.6574585635359116,0.08287292817679558,high
2026-04-11,SKU-BAT-008,0,WH-NORTH,online,0.0,,,False,0,0,0,0,0,0,0,0,0,0,,,5,15,4,2,1,0,0,8.0,7.0,0.0,0.0,9.0,3.2857142857142856,4.111540089159044,3.5,4.219916149367465,3.1,3.9247227005053555,0.0,9.0,-8.0,0.0,-0.2142857142857144,0.1857142857142855,8.0,-1.0,3.0,6.0,0,0.0,intermittent,1.7252946396530315,0.6574585635359116,0.08287292817679558,high
2026-04-12,SKU-BAT-008,0,WH-NORTH,online,0.0,,,False,0,0,0,0,0,0,0,0,0,0,,,6,15,4,2,1,0,0,0.0,8.0,0.0,0.0,7.0,3.2857142857142856,4.111540089159044,3.5,4.219916149367465,2.8,3.8001814838695283,0.0,9.0,0.0,0.0,-0.2142857142857144,0.48571428571428577,0.0,-7.0,2.0,6.0,0,0.0,intermittent,1.7252946396530315,0.6574585635359116,0.08287292817679558,high
2026-04-13,SKU-BAT-008,0,WH-NORTH,retail,0.0,,,False,0,0,0,0,0,0,0,0,0,0,,,0,16,4,2,0,0,0,0.0,8.0,0.0,9.0,6.0,3.2857142857142856,4.111540089159044,3.5,4.219916149367465,2.566666666666667,3.7479496310358273,0.0,9.0,0.0,0.0,-0.2142857142857144,0.7190476190476187,0.0,-6.0,1.0,6.0,0,0.0,intermittent,1.7252946396530315,0.6574585635359116,0.08287292817679558,high
2026-04-14,SKU-BAT-008,0,WH-NORTH,retail,0.0,,,False,0,0,0,0,0,0,0,0,0,0,,,1,16,4,2,0,0,0,0.0,0.0,0.0,9.0,0.0,3.2857142857142856,4.111540089159044,2.857142857142857,3.9972518031795294,2.3666666666666667,3.7183916928706124,0.0,9.0,0.0,0.0,0.4285714285714284,0.9190476190476189,0.0,0.0,0.0,6.0,0,0.0,intermittent,1.7252946396530315,0.6574585635359116,0.08287292817679558,high
2026-04-15,SKU-BAT-008,0,WH-NORTH,retail,0.0,,,False,0,0,0,0,0,0,0,0,0,0,,,2,16,4,2,0,0,0,0.0,0.0,7.0,8.0,0.0,3.2857142857142856,4.111540089159044,2.2142857142857144,3.6411868612091007,2.3666666666666667,3.7183916928706124,0.0,9.0,0.0,-7.0,1.0714285714285712,0.9190476190476189,-7.0,0.0,0.0,6.0,0,0.0,intermittent,1.7252946396530315,0.6574585635359116,0.08287292817679558,high
2026-04-16,SKU-BAT-008,0,WH-NORTH,retail,0.0,,,False,0,0,0,0,0,0,0,0,0,0,,,3,16,4,2,0,0,0,0.0,0.0,8.0,0.0,0.0,2.2857142857142856,3.9036002917941404,1.6428571428571428,3.2724289463319503,2.3666666666666667,3.7183916928706124,0.0,9.0,0.0,-8.0,0.6428571428571428,-0.08095238095238111,-8.0,0.0,0.0,6.0,0,0.0,intermittent,1.7252946396530315,0.6574585635359116,0.08287292817679558,high
2026-04-17,SKU-BAT-008,9,WH-NORTH,retail,42.75,,,False,0,0,0,0,0,0,0,0,0,0,,,4,16,4,2,0,0,0,0.0,0.0,8.0,0.0,0.0,1.1428571428571428,3.0237157840738282,1.6428571428571428,3.2724289463319503,2.3666666666666667,3.7183916928706124,0.0,9.0,9.0,1.0,-0.5,-1.223809523809524,-8.0,0.0,0.0,6.0,0,0.0,intermittent,1.7252946396530315,0.6574585635359116,0.08287292817679558,high
2026-04-18,SKU-BAT-008,7,WH-NORTH,online,33.25,,,False,0,0,0,0,0,0,0,0,0,0,,,5,16,4,2,1,0,0,9.0,0.0,0.0,0.0,0.0,1.2857142857142858,3.401680257083054,2.2857142857142856,3.7709123855879025,2.6666666666666665,3.8803957613068025,0.0,9.0,-2.0,7.0,-0.9999999999999998,-1.3809523809523807,9.0,9.0,0.0,6.0,0,0.0,intermittent,1.7252946396530315,0.6574585635359116,0.08287292817679558,high
2026-04-19,SKU-BAT-008,6,WH-NORTH,online,28.5,,,False,0,0,0,0,0,0,0,0,0,0,,,6,16,4,2,1,0,0,7.0,0.0,0.0,0.0,0.0,2.2857142857142856,3.946064947695189,2.7857142857142856,3.9061799444267518,2.9,3.9247227005053555,0.0,9.0,-1.0,6.0,-0.5,-0.6142857142857143,7.0,7.0,0.0,6.0,0,0.0,intermittent,1.7252946396530315,0.6574585635359116,0.08287292817679558,high
2026-04-20,SKU-BAT-008,0,WH-NORTH,retail,0.0,,,False,0,0,0,0,0,0,0,0,0,0,,,0,17,4,2,0,0,0,6.0,9.0,0.0,0.0,6.0,3.142857142857143,4.017817460121503,3.2142857142857144,3.9061799444267518,3.1,3.9247227005053555,0.0,9.0,-6.0,0.0,-0.07142857142857162,0.042857142857142705,6.0,0.0,0.0,6.0,0,0.0,intermittent,1.7252946396530315,0.6574585635359116,0.08287292817679558,high
2026-04-21,SKU-BAT-008,0,WH-NORTH,retail,0.0,,,False,0,0,0,0,0,0,0,0,0,0,,,1,17,4,2,0,0,0,0.0,7.0,0.0,0.0,7.0,3.142857142857143,4.017817460121503,3.2142857142857144,3.9061799444267518,2.9,3.9247227005053555,0.0,9.0,0.0,0.0,-0.07142857142857162,0.24285714285714288,0.0,-7.0,0.0,6.0,0,0.0,intermittent,1.7252946396530315,0.6574585635359116,0.08287292817679558,high
2026-04-22,SKU-BAT-008,0,WH-NORTH,retail,0.0,,,False,0,0,0,0,0,0,0,0,0,0,,,2,17,4,2,0,0,0,0.0,6.0,0.0,7.0,9.0,3.142857142857143,4.017817460121503,3.2142857142857144,3.9061799444267518,2.6666666666666665,3.8803957613068025,0.0,9.0,0.0,0.0,-0.07142857142857162,0.4761904761904763,0.0,-9.0,0.0,6.0,0,0.0,intermittent,1.7252946396530315,0.6574585635359116,0.08287292817679558,high
2026-04-23,SKU-BAT-008,0,WH-NORTH,retail,0.0,,,False,0,0,0,0,0,0,0,0,0,0,,,3,17,4,2,0,0,0,0.0,0.0,0.0,8.0,0.0,3.142857142857143,4.017817460121503,2.7142857142857144,3.8316208947805244,2.3666666666666667,3.7183916928706124,0.0,9.0,0.0,0.0,0.4285714285714284,0.7761904761904761,0.0,0.0,0.0,6.0,0,0.0,intermittent,1.7252946396530315,0.6574585635359116,0.08287292817679558,high
2026-04-24,SKU-BAT-008,0,WH-NORTH,retail,0.0,,,False,0,0,0,0,0,0,0,0,0,0,,,4,17,4,2,0,0,0,0.0,0.0,9.0,8.0,0.0,3.142857142857143,4.017817460121503,2.142857142857143,3.5703295012159275,2.3666666666666667,3.7183916928706124,0.0,9.0,0.0,-9.0,1.0,0.7761904761904761,-9.0,0.0,0.0,6.0,0,0.0,intermittent,1.7252946396530315,0.6574585635359116,0.08287292817679558,high
2026-04-25,SKU-BAT-008,0,WH-NORTH,online,0.0,,,False,0,0,0,0,0,0,0,0,0,0,,,5,17,4,2,1,0,0,0.0,0.0,7.0,0.0,0.0,1.8571428571428572,3.1847852585154315,1.5714285714285714,3.179605338700094,2.3666666666666667,3.7183916928706124,0.0,9.0,0.0,-7.0,0.2857142857142858,-0.5095238095238095,-7.0,0.0,0.0,6.0,0,0.0,intermittent,1.7252946396530315,0.6574585635359116,0.08287292817679558,high
2026-04-26,SKU-BAT-008,5,WH-NORTH,online,23.75,,,False,0,0,0,0,0,0,0,0,0,0,,,6,17,4,2,1,0,0,0.0,0.0,6.0,0.0,0.0,0.8571428571428571,2.2677868380553776,1.5714285714285714,3.179605338700094,2.3666666666666667,3.7183916928706124,0.0,9.0,5.0,-1.0,-0.7142857142857143,-1.5095238095238095,-6.0,0.0,0.0,6.0,0,0.0,intermittent,1.7252946396530315,0.6574585635359116,0.08287292817679558,high
2026-04-27,SKU-BAT-008,7,WH-NORTH,retail,33.25,,,False,0,0,0,0,0,0,0,0,0,0,,,0,18,4,2,0,0,0,5.0,0.0,0.0,0.0,0.0,0.7142857142857143,1.8898223650461534,1.9285714285714286,3.2690691621336514,2.533333333333333,3.7207093625973426,0.0,9.0,2.0,7.0,-1.2142857142857144,-1.8190476190476188,5.0,5.0,0.0,6.0,0,0.0,intermittent,1.7252946396530315,0.6574585635359116,0.08287292817679558,high
2026-04-28,SKU-BAT-008,9,WH-NORTH,retail,42.75,,,False,0,0,0,0,0,0,0,0,0,0,,,1,18,4,2,0,0,0,7.0,0.0,0.0,0.0,0.0,1.7142857142857142,2.984084768360639,2.4285714285714284,3.479926739155601,2.7666666666666666,3.775450037877038,0.0,9.0,2.0,9.0,-0.7142857142857142,-1.0523809523809524,7.0,7.0,0.0,6.0,0,0.0,intermittent,1.7252946396530315,0.6574585635359116,0.08287292817679558,high
2026-04-29,SKU-BAT-008,0,WH-NORTH,retail,0.0,,,False,0,0,0,0,0,0,0,0,0,0,,,2,18,4,2,0,0,0,9.0,5.0,0.0,0.0,9.0,3.0,3.915780041490251,3.0714285714285716,3.8122128787578293,3.066666666666667,3.9034320295344433,0.0,9.0,-9.0,0.0,-0.07142857142857162,-0.06666666666666687,9.0,0.0,0.0,6.0,0,0.0,intermittent,1.7252946396530315,0.6574585635359116,0.08287292817679558,high
2026-04-30,SKU-BAT-008,0,WH-NORTH,retail,0.0,,,False,0,0,0,0,0,0,0,0,0,0,,,3,18,4,2,0,0,1,0.0,7.0,0.0,0.0,9.0,3.0,3.915780041490251,3.0714285714285716,3.8122128787578293,2.7666666666666666,3.775450037877038,0.0,9.0,0.0,0.0,-0.07142857142857162,0.2333333333333334,0.0,-9.0,0.0,6.0,0,0.0,intermittent,1.7252946396530315,0.6574585635359116,0.08287292817679558,high
2026-05-01,SKU-BAT-008,0,WH-NORTH,retail,0.0,,,False,0,0,0,0,0,0,0,0,0,0,,,4,18,5,2,0,1,0,0.0,9.0,0.0,9.0,8.0,3.0,3.915780041490251,3.0714285714285716,3.8122128787578293,2.466666666666667,3.617327393430729,0.0,9.0,0.0,0.0,-0.07142857142857162,0.5333333333333332,0.0,-8.0,0.0,6.0,0,0.0,intermittent,1.7252946396530315,0.6574585635359116,0.08287292817679558,high
2026-05-02,SKU-BAT-008,0,WH-NORTH,online,0.0,,,False,0,0,0,0,0,0,0,0,0,0,,,5,18,5,2,1,0,0,0.0,0.0,0.0,7.0,0.0,3.0,3.915780041490251,2.4285714285714284,3.479926739155601,2.2,3.4879101538570763,0.0,9.0,0.0,0.0,0.5714285714285716,0.7999999999999998,0.0,0.0,0.0,5.0,0,0.0,intermittent,1.7252946396530315,0.6574585635359116,0.08287292817679558,high
2026-05-03,SKU-BAT-008,0,WH-NORTH,online,0.0,,,False,0,0,0,0,0,0,0,0,0,0,,,6,18,5,2,1,0,0,0.0,0.0,5.0,6.0,0.0,3.0,3.915780041490251,1.9285714285714286,3.2690691621336514,2.2,3.4879101538570763,0.0,9.0,0.0,-5.0,1.0714285714285714,0.7999999999999998,-5.0,0.0,0.0,4.0,0,0.0,intermittent,1.7252946396530315,0.6574585635359116,0.08287292817679558,high
2026-05-04,SKU-BAT-008,0,WH-NORTH,retail,0.0,,,False,0,0,0,0,0,0,0,0,0,0,,,0,19,5,2,0,0,0,0.0,0.0,7.0,0.0,0.0,2.2857142857142856,3.946064947695189,1.5,3.0822070014844933,2.2,3.4879101538570763,0.0,9.0,0.0,-7.0,0.7857142857142856,0.08571428571428541,-7.0,0.0,0.0,3.0,0,0.0,intermittent,1.7252946396530315,0.6574585635359116,0.08287292817679558,high
2026-05-05,SKU-BAT-008,10,WH-NORTH,retail,47.5,,,False,0,0,0,0,0,0,0,0,0,0,,,1,19,5,2,0,0,0,0.0,0.0,9.0,0.0,0.0,1.2857142857142858,3.401680257083054,1.5,3.0822070014844933,2.2,3.4879101538570763,0.0,9.0,10.0,1.0,-0.2142857142857142,-0.9142857142857144,-9.0,0.0,0.0,2.0,0,0.0,intermittent,1.7252946396530315,0.6574585635359116,0.08287292817679558,high
2026-05-06,SKU-BAT-008,9,WH-NORTH,retail,42.75,,,False,0,0,0,0,0,0,0,0,0,0,,,2,19,5,2,0,0,0,10.0,0.0,0.0,0.0,0.0,1.4285714285714286,3.77964473009228,2.2142857142857144,3.7861807715909257,2.533333333333333,3.7391990045198558,0.0,10.0,-1.0,9.0,-0.7857142857142858,-1.1047619047619046,10.0,10.0,0.0,1.0,0,0.0,intermittent,1.7252946396530315,0.6574585635359116,0.08287292817679558,high
2026-05-07,SKU-BAT-008,7,WH-NORTH,retail,33.25,,,False,0,0,0,0,0,0,0,0,0,0,,,3,19,5,2,0,0,0,9.0,0.0,0.0,0.0,0.0,2.7142857142857144,4.644505202002537,2.857142857142857,4.129763317061291,2.8333333333333335,3.887054849407046,0.0,10.0,-2.0,7.0,-0.1428571428571428,-0.11904761904761907,9.0,9.0,0.0,0.0,0,0.0,intermittent,1.7252946396530315,0.6574585635359116,0.08287292817679558,high
2026-05-08,SKU-BAT-008,0,WH-NORTH,retail,0.0,,,False,0,0,0,0,0,0,0,0,0,0,,,4,19,5,2,0,0,0,7.0,10.0,0.0,0.0,7.0,3.7142857142857144,4.715728494951262,3.357142857142857,4.180672431322741,3.066666666666667,3.9210601428284853,0.0,10.0,-7.0,0.0,0.3571428571428572,0.6476190476190475,7.0,0.0,0.0,0.0,0,0.0,intermittent,1.7252946396530315,0.6574585635359116,0.08287292817679558,high
2026-05-09,SKU-BAT-008,0,WH-NORTH,online,0.0,,,False,0,0,0,0,0,0,0,0,0,0,,,5,19,5,2,1,0,0,0.0,9.0,0.0,0.0,8.0,3.7142857142857144,4.715728494951262,3.357142857142857,4.180672431322741,2.8333333333333335,3.887054849407046,0.0,10.0,0.0,0.0,0.3571428571428572,0.8809523809523809,0.0,-8.0,0.0,0.0,0,0.0,intermittent,1.7252946396530315,0.6574585635359116,0.08287292817679558,high
2026-05-10,SKU-BAT-008,0,WH-NORTH,online,0.0,,,False,0,0,0,0,0,0,0,0,0,0,,,6,19,5,2,1,0,0,0.0,7.0,0.0,5.0,8.0,3.7142857142857144,4.715728494951262,3.357142857142857,4.180672431322741,2.566666666666667,3.793672893514738,0.0,10.0,0.0,0.0,0.3571428571428572,1.1476190476190475,0.0,-8.0,0.0,0.0,0,0.0,intermittent,1.7252946396530315,0.6574585635359116,0.08287292817679558,high
2026-05-11,SKU-BAT-008,0,WH-NORTH,retail,0.0,,,False,0,0,0,0,0,0,0,0,0,0,,,0,20,5,2,0,0,0,0.0,0.0,0.0,7.0,0.0,3.7142857142857144,4.715728494951262,3.0,4.242640687119287,2.3,3.677986705644344,0.0,10.0,0.0,0.0,0.7142857142857144,1.4142857142857146,0.0,0.0,0.0,0.0,0,0.0,intermittent,1.7252946396530315,0.6574585635359116,0.08287292817679558,high
2026-05-12,SKU-BAT-008,0,WH-NORTH,retail,0.0,,,False,0,0,0,0,0,0,0,0,0,0,,,1,20,5,2,0,0,0,0.0,0.0,10.0,9.0,0.0,3.7142857142857144,4.715728494951262,2.5,4.146360776911208,2.3,3.677986705644344,0.0,10.0,0.0,-10.0,1.2142857142857144,1.4142857142857146,-10.0,0.0,0.0,0.0,0,0.0,intermittent,1.7252946396530315,0.6574585635359116,0.08287292817679558,high
2026-05-13,SKU-BAT-008,0,WH-NORTH,retail,0.0,,,False,0,0,0,0,0,0,0,0,0,0,,,2,20,5,2,0,0,0,0.0,0.0,9.0,0.0,0.0,2.2857142857142856,3.946064947695189,1.8571428571428572,3.7387192965000735,2.3,3.677986705644344,0.0,10.0,0.0,-9.0,0.4285714285714284,-0.014285714285714235,-9.0,0.0,0.0,0.0,0,0.0,intermittent,1.7252946396530315,0.6574585635359116,0.08287292817679558,high
2026-05-14,SKU-BAT-008,7,WH-NORTH,retail,33.25,,,False,0,0,0,0,0,0,0,0,0,0,,,3,20,5,2,0,0,0,0.0,0.0,7.0,0.0,0.0,1.0,2.6457513110646027,1.8571428571428572,3.7387192965000735,2.3,3.677986705644344,0.0,10.0,7.0,0.0,-0.8571428571428572,-1.2999999999999998,-7.0,0.0,0.0,0.0,0,0.0,intermittent,1.7252946396530315,0.6574585635359116,0.08287292817679558,high
2026-05-15,SKU-BAT-008,7,WH-NORTH,retail,33.25,,,False,0,0,0,0,0,0,0,0,0,0,,,4,20,5,2,0,0,0,7.0,0.0,0.0,0.0,0.0,1.0,2.6457513110646027,2.357142857142857,3.9342117352809067,2.533333333333333,3.748409624446568,0.0,10.0,0.0,7.0,-1.3571428571428572,-1.5333333333333332,7.0,7.0,0.0,0.0,0,0.0,intermittent,1.7252946396530315,0.6574585635359116,0.08287292817679558,high
2026-05-16,SKU-BAT-008,8,WH-NORTH,online,38.0,,,False,0,0,0,0,0,0,0,0,0,0,,,5,20,5,2,1,0,0,7.0,0.0,0.0,0.0,0.0,2.0,3.4156502553198753,2.857142857142857,4.0545727813865255,2.7666666666666666,3.8027515748770475,0.0,10.0,1.0,8.0,-0.8571428571428572,-0.7666666666666666,7.0,7.0,0.0,0.0,0,0.0,intermittent,1.7252946396530315,0.6574585635359116,0.08287292817679558,high
2026-05-17,SKU-BAT-008,0,WH-NORTH,online,0.0,,,False,0,0,0,0,0,0,0,0,0,0,,,6,20,5,2,1,0,0,8.0,7.0,0.0,0.0,9.0,3.142857142857143,3.9339789623472234,3.4285714285714284,4.182643362098365,3.033333333333333,3.8817284928178584,0.0,10.0,-8.0,0.0,-0.2857142857142856,0.10952380952380958,8.0,-1.0,0.0,0.0,0,0.0,intermittent,1.7252946396530315,0.6574585635359116,0.08287292817679558,high
2026-05-18,SKU-BAT-008,0,WH-NORTH,retail,0.0,,,False,0,0,0,0,0,0,0,0,0,0,,,0,21,5,2,0,0,0,0.0,7.0,0.0,0.0,7.0,3.142857142857143,3.9339789623472234,3.4285714285714284,4.182643362098365,2.7333333333333334,3.7502490338765417,0.0,10.0,0.0,0.0,-0.2857142857142856,0.4095238095238094,0.0,-7.0,0.0,0.0,0,0.0,intermittent,1.7252946396530315,0.6574585635359116,0.08287292817679558,high
2026-05-19,SKU-BAT-008,0,WH-NORTH,retail,0.0,,,False,0,0,0,0,0,0,0,0,0,0,,,1,21,5,2,0,0,0,0.0,8.0,0.0,10.0,6.0,3.142857142857143,3.9339789623472234,3.4285714285714284,4.182643362098365,2.5,3.692956949990446,0.0,10.0,0.0,0.0,-0.2857142857142856,0.6428571428571428,0.0,-6.0,0.0,0.0,0,0.0,intermittent,1.7252946396530315,0.6574585635359116,0.08287292817679558,high
2026-05-20,SKU-BAT-008,0,WH-NORTH,retail,0.0,,,False,1,1,1,0,0,0,1,0,0,0,Memorial Day,holiday,2,21,5,2,0,0,0,0.0,0.0,0.0,9.0,0.0,3.142857142857143,3.9339789623472234,2.7142857142857144,3.8114921654743763,2.3,3.659187774959598,0.0,10.0,0.0,0.0,0.4285714285714284,0.842857142857143,0.0,0.0,0.0,0.0,0,0.0,intermittent,1.7252946396530315,0.6574585635359116,0.08287292817679558,high
2026-05-21,SKU-BAT-008,0,WH-NORTH,retail,0.0,,,False,1,1,1,0,0,0,1,0,0,0,Memorial Day,holiday,3,21,5,2,0,0,0,0.0,0.0,7.0,7.0,0.0,3.142857142857143,3.9339789623472234,2.0714285714285716,3.407328881967535,2.3,3.659187774959598,0.0,10.0,0.0,-7.0,1.0714285714285712,0.842857142857143,-7.0,0.0,1.0,1.0,0,0.0,intermittent,1.7252946396530315,0.6574585635359116,0.08287292817679558,high
2026-05-22,SKU-BAT-008,0,WH-NORTH,retail,0.0,,,False,1,1,1,0,0,0,1,0,0,0,Memorial Day,holiday,4,21,5,2,0,0,0,0.0,0.0,7.0,0.0,0.0,2.142857142857143,3.6709931185158244,1.5714285714285714,3.130846179900544,2.3,3.659187774959598,0.0,10.0,0.0,-7.0,0.5714285714285714,-0.15714285714285703,-7.0,0.0,2.0,2.0,0,0.0,intermittent,1.7252946396530315,0.6574585635359116,0.08287292817679558,high
2026-05-23,SKU-BAT-008,7,WH-NORTH,online,33.25,,,False,1,1,1,0,0,0,1,0,0,0,Memorial Day,holiday,5,21,5,2,1,0,0,0.0,0.0,8.0,0.0,0.0,1.1428571428571428,3.0237157840738287,1.5714285714285714,3.130846179900544,2.3,3.659187774959598,0.0,10.0,7.0,-1.0,-0.4285714285714286,-1.157142857142857,-8.0,0.0,3.0,3.0,0,0.0,intermittent,1.7252946396530315,0.6574585635359116,0.08287292817679558,high
2026-05-24,SKU-BAT-008,7,WH-NORTH,online,33.25,,,False,1,1,1,0,0,0,1,0,0,0,Memorial Day,holiday,6,21,5,2,1,0,0,7.0,0.0,0.0,0.0,0.0,1.0,2.645751311064603,2.0714285714285716,3.407328881967535,2.533333333333333,3.7299656403458865,0.0,10.0,0.0,7.0,-1.0714285714285716,-1.5333333333333332,7.0,7.0,4.0,4.0,0,0.0,intermittent,1.7252946396530315,0.6574585635359116,0.08287292817679558,high
2026-05-25,SKU-BAT-008,9,WH-NORTH,retail,42.75,,,False,1,1,0,1,0,0,1,0,0,0,Memorial Day,holiday,0,22,5,2,0,0,0,7.0,0.0,0.0,0.0,0.0,2.0,3.4156502553198753,2.5714285714285716,3.5887492081672274,2.7666666666666666,3.7845724336769018,0.0,10.0,2.0,9.0,-0.5714285714285716,-0.7666666666666666,7.0,7.0,5.0,5.0,0,0.0,intermittent,1.7252946396530315,0.6574585635359116,0.08287292817679558,high
2026-05-26,SKU-BAT-008,0,WH-NORTH,retail,0.0,,,False,1,1,0,0,1,0,1,0,0,0,Memorial Day,holiday,1,22,5,2,0,0,0,9.0,7.0,0.0,0.0,5.0,3.2857142857142856,4.151878519188068,3.2142857142857144,3.8864373923164677,3.066666666666667,3.912256014940326,0.0,10.0,-9.0,0.0,0.07142857142857117,0.2190476190476187,9.0,4.0,6.0,6.0,0,0.0,intermittent,1.7252946396530315,0.6574585635359116,0.08287292817679558,high
2026-05-27,SKU-BAT-008,0,WH-NORTH,retail,0.0,,,False,0,0,0,0,0,0,0,0,0,0,,,2,22,5,2,0,0,0,0.0,7.0,0.0,0.0,7.0,3.2857142857142856,4.151878519188068,3.2142857142857144,3.8864373923164677,2.9,3.9334989250161776,0.0,10.0,0.0,0.0,0.07142857142857117,0.3857142857142857,0.0,-7.0,7.0,7.0,0,0.0,intermittent,1.7252946396530315,0.6574585635359116,0.08287292817679558,high
2026-05-28,SKU-BAT-008,0,WH-NORTH,retail,0.0,,,False,0,0,0,0,0,0,0,0,0,0,,,3,22,5,2,0,0,0,0.0,9.0,0.0,7.0,9.0,3.2857142857142856,4.151878519188068,3.2142857142857144,3.8864373923164677,2.6666666666666665,3.889272011779219,0.0,10.0,0.0,0.0,0.07142857142857117,0.6190476190476191,0.0,-9.0,6.0,7.0,0,0.0,intermittent,1.7252946396530315,0.6574585635359116,0.08287292817679558,high
2026-05-29,SKU-BAT-008,0,WH-NORTH,retail,0.0,,,False,0,0,0,0,0,0,0,0,0,0,,,4,22,5,2,0,0,0,0.0,0.0,0.0,7.0,0.0,3.2857142857142856,4.151878519188068,2.7142857142857144,3.8114921654743763,2.3666666666666667,3.7276537257168285,0.0,10.0,0.0,0.0,0.5714285714285712,0.9190476190476189,0.0,0.0,5.0,7.0,0,0.0,intermittent,1.7252946396530315,0.6574585635359116,0.08287292817679558,high
2026-05-30,SKU-BAT-008,0,WH-NORTH,online,0.0,,,False,0,0,0,0,0,0,0,0,0,0,,,5,22,5,2,1,0,0,0.0,0.0,7.0,8.0,0.0,3.2857142857142856,4.151878519188068,2.2142857142857144,3.6622517543292865,2.3666666666666667,3.7276537257168285,0.0,10.0,0.0,-7.0,1.0714285714285712,0.9190476190476189,-7.0,0.0,4.0,7.0,0,0.0,intermittent,1.7252946396530315,0.6574585635359116,0.08287292817679558,high
2026-05-31,SKU-BAT-008,0,WH-NORTH,online,0.0,,,False,0,0,0,0,0,0,0,0,0,0,,,6,22,5,2,1,0,1,0.0,0.0,7.0,0.0,0.0,2.2857142857142856,3.946064947695189,1.6428571428571428,3.2958515383186464,2.3666666666666667,3.7276537257168285,0.0,10.0,0.0,-7.0,0.6428571428571428,-0.08095238095238111,-7.0,0.0,3.0,7.0,0,0.0,intermittent,1.7252946396530315,0.6574585635359116,0.08287292817679558,high
2026-06-01,SKU-BAT-008,8,WH-NORTH,retail,38.0,,,False,0,0,0,0,0,0,0,0,0,0,,,0,23,6,2,0,1,0,0.0,0.0,9.0,0.0,0.0,1.2857142857142858,3.401680257083054,1.6428571428571428,3.2958515383186464,2.3666666666666667,3.7276537257168285,0.0,10.0,8.0,-1.0,-0.357142857142857,-1.0809523809523809,-9.0,0.0,2.0,7.0,0,0.0,intermittent,1.7252946396530315,0.6574585635359116,0.08287292817679558,high
2026-06-02,SKU-BAT-008,8,WH-NORTH,retail,38.0,,,False,0,0,0,0,0,0,0,0,0,0,,,1,23,6,2,0,0,0,8.0,0.0,0.0,0.0,0.0,1.1428571428571428,3.0237157840738287,2.2142857142857144,3.6622517543292865,2.6333333333333333,3.8370546654624436,0.0,10.0,0.0,8.0,-1.0714285714285716,-1.4904761904761905,8.0,8.0,1.0,7.0,0,0.0,intermittent,1.7252946396530315,0.6574585635359116,0.08287292817679558,high
2026-06-03,SKU-BAT-008,10,WH-NORTH,retail,47.5,,,False,0,0,0,0,0,0,0,0,0,0,,,2,23,6,2,0,0,0,8.0,0.0,0.0,0.0,0.0,2.2857142857142856,3.9036002917941404,2.7857142857142856,3.9061799444267518,2.9,3.924722700505355,0.0,10.0,2.0,10.0,-0.5,-0.6142857142857143,8.0,8.0,0.0,7.0,0,0.0,intermittent,1.7252946396530315,0.6574585635359116,0.08287292817679558,high
2026-06-04,SKU-BAT-008,0,WH-NORTH,retail,0.0,,,False,0,0,0,0,0,0,0,0,0,0,,,3,23,6,2,0,0,0,10.0,8.0,0.0,0.0,10.0,3.7142857142857144,4.680252333449764,3.5,4.256217172018439,3.2333333333333334,4.091061183751152,0.0,10.0,-10.0,0.0,0.2142857142857144,0.480952380952381,10.0,0.0,0.0,7.0,0,0.0,intermittent,1.7252946396530315,0.6574585635359116,0.08287292817679558,high
2026-06-05,SKU-BAT-008,0,WH-NORTH,retail,0.0,,,False,0,0,0,0,0,0,0,0,0,0,,,4,23,6,2,0,0,0,0.0,8.0,0.0,0.0,9.0,3.7142857142857144,4.680252333449764,3.5,4.256217172018439,2.9,3.9247227005053547,0.0,10.0,0.0,0.0,0.2142857142857144,0.8142857142857145,0.0,-9.0,0.0,7.0,0,0.0,intermittent,1.7252946396530315,0.6574585635359116,0.08287292817679558,high
2026-06-06,SKU-BAT-008,0,WH-NORTH,online,0.0,,,False,0,0,0,0,0,0,0,0,0,0,,,5,23,6,2,1,0,0,0.0,10.0,0.0,7.0,7.0,3.7142857142857144,4.680252333449764,3.5,4.256217172018439,2.6,3.783813074044531,0.0,10.0,0.0,0.0,0.2142857142857144,1.1142857142857143,0.0,-7.0,0.0,7.0,0,0.0,intermittent,1.7252946396530315,0.6574585635359116,0.08287292817679558,high
2026-06-07,SKU-BAT-008,0,WH-NORTH,online,0.0,,,False,0,0,0,0,0,0,0,0,0,0,,,6,23,6,2,1,0,0,0.0,0.0,0.0,7.0,0.0,3.7142857142857144,4.680252333449764,3.0,4.224470836229536,2.3666666666666667,3.7183916928706116,0.0,10.0,0.0,0.0,0.7142857142857144,1.3476190476190477,0.0,0.0,0.0,7.0,0,0.0,intermittent,1.7252946396530315,0.6574585635359116,0.08287292817679558,high
2026-06-08,SKU-BAT-008,0,WH-NORTH,retail,0.0,,,False,0,0,0,0,0,0,0,0,0,0,,,0,24,6,2,0,0,0,0.0,0.0,8.0,9.0,0.0,3.7142857142857144,4.680252333449764,2.5,4.127767137141043,2.3666666666666667,3.7183916928706116,0.0,10.0,0.0,-8.0,1.2142857142857144,1.3476190476190477,-8.0,0.0,0.0,7.0,0,0.0,intermittent,1.7252946396530315,0.6574585635359116,0.08287292817679558,high
2026-06-09,SKU-BAT-008,0,WH-NORTH,retail,0.0,,,False,0,0,0,0,0,0,0,0,0,0,,,1,24,6,2,0,0,0,0.0,0.0,8.0,0.0,0.0,2.5714285714285716,4.4293394111365725,1.8571428571428572,3.7180876568709147,2.3666666666666667,3.7183916928706116,0.0,10.0,0.0,-8.0,0.7142857142857144,0.20476190476190492,-8.0,0.0,0.0,7.0,0,0.0,intermittent,1.7252946396530315,0.6574585635359116,0.08287292817679558,high
2026-06-10,SKU-BAT-008,8,WH-NORTH,retail,38.0,,,False,0,0,0,0,0,0,0,0,0,0,,,2,24,6,2,0,0,0,0.0,0.0,10.0,0.0,0.0,1.4285714285714286,3.7796447300922806,1.8571428571428572,3.7180876568709147,2.3666666666666667,3.7183916928706116,0.0,10.0,8.0,-2.0,-0.4285714285714286,-0.9380952380952381,-10.0,0.0,0.0,7.0,0,0.0,intermittent,1.7252946396530315,0.6574585635359116,0.08287292817679558,high
2026-06-11,SKU-BAT-008,8,WH-NORTH,retail,38.0,,,False,0,0,0,0,0,0,0,0,0,0,,,3,24,6,2,0,0,0,8.0,0.0,0.0,0.0,0.0,1.1428571428571428,3.0237157840738282,2.4285714285714284,4.0137127587671415,2.6333333333333333,3.828057338717084,0.0,10.0,0.0,8.0,-1.2857142857142856,-1.4904761904761905,8.0,8.0,0.0,7.0,0,0.0,intermittent,1.7252946396530315,0.6574585635359116,0.08287292817679558,high
2026-06-12,SKU-BAT-008,6,WH-NORTH,retail,28.5,,,False,0,0,0,0,0,0,0,0,0,0,,,4,24,6,2,0,0,0,8.0,0.0,0.0,0.0,0.0,2.2857142857142856,3.9036002917941404,3.0,4.206222496766869,2.9,3.915926807107184,0.0,10.0,-2.0,6.0,-0.7142857142857144,-0.6142857142857143,8.0,8.0,0.0,7.0,0,0.0,intermittent,1.7252946396530315,0.6574585635359116,0.08287292817679558,high
2026-06-13,SKU-BAT-008,0,WH-NORTH,online,0.0,,,False,0,0,0,0,0,0,0,0,0,0,,,5,24,6,2,1,0,0,6.0,8.0,0.0,0.0,7.0,3.142857142857143,3.976119189552027,3.4285714285714284,4.182643362098365,3.1,3.915926807107184,0.0,10.0,-6.0,0.0,-0.2857142857142856,0.042857142857142705,6.0,-1.0,0.0,7.0,0,0.0,intermittent,1.7252946396530315,0.6574585635359116,0.08287292817679558,high
2026-06-14,SKU-BAT-008,0,WH-NORTH,online,0.0,,,False,0,0,0,0,0,0,0,0,0,0,,,6,24,6,2,1,0,0,0.0,8.0,0.0,0.0,7.0,3.142857142857143,3.976119189552027,3.4285714285714284,4.182643362098365,2.8666666666666667,3.8839486957559495,0.0,10.0,0.0,0.0,-0.2857142857142856,0.2761904761904761,0.0,-7.0,0.0,7.0,0,0.0,intermittent,1.7252946396530315,0.6574585635359116,0.08287292817679558,high
2026-06-15,SKU-BAT-008,0,WH-NORTH,retail,0.0,,,False,0,0,0,0,0,0,0,0,0,0,,,0,25,6,2,0,0,0,0.0,6.0,0.0,8.0,8.0,3.142857142857143,3.976119189552027,3.4285714285714284,4.182643362098365,2.6333333333333333,3.837054665462443,0.0,10.0,0.0,0.0,-0.2857142857142856,0.5095238095238095,0.0,-8.0,0.0,7.0,0,0.0,intermittent,1.7252946396530315,0.6574585635359116,0.08287292817679558,high
2026-06-16,SKU-BAT-008,0,WH-NORTH,retail,0.0,,,False,0,0,0,0,0,0,0,0,0,0,,,1,25,6,2,0,0,0,0.0,0.0,0.0,8.0,0.0,3.142857142857143,3.976119189552027,2.857142857142857,4.0545727813865255,2.3666666666666667,3.727653725716828,0.0,10.0,0.0,0.0,0.2857142857142856,0.7761904761904761,0.0,0.0,0.0,7.0,0,0.0,intermittent,1.7252946396530315,0.6574585635359116,0.08287292817679558,high
2026-06-17,SKU-BAT-008,0,WH-NORTH,retail,0.0,,,False,0,0,0,0,0,0,0,0,0,0,,,2,25,6,2,0,0,0,0.0,0.0,8.0,10.0,0.0,3.142857142857143,3.976119189552027,2.2857142857142856,3.8316208947805244,2.3666666666666667,3.727653725716828,0.0,10.0,0.0,-8.0,0.8571428571428572,0.7761904761904761,-8.0,0.0,0.0,7.0,0,0.0,intermittent,1.7252946396530315,0.6574585635359116,0.08287292817679558,high
2026-06-18,SKU-BAT-008,0,WH-NORTH,retail,0.0,,,False,0,0,0,0,0,0,0,0,0,0,,,3,25,6,2,0,0,0,0.0,0.0,8.0,0.0,0.0,2.0,3.4641016151377637,1.5714285714285714,3.1553199451155476,2.3666666666666667,3.727653725716828,0.0,10.0,0.0,-8.0,0.4285714285714286,-0.3666666666666667,-8.0,0.0,0.0,7.0,0,0.0,intermittent,1.7252946396530315,0.6574585635359116,0.08287292817679558,high
2026-06-19,SKU-BAT-008,8,WH-NORTH,retail,38.0,,,False,0,0,0,0,0,0,0,0,0,0,,,4,25,6,2,0,0,0,0.0,0.0,6.0,0.0,0.0,0.8571428571428571,2.2677868380553785,1.5714285714285714,3.1553199451155476,2.3666666666666667,3.727653725716828,0.0,10.0,8.0,2.0,-0.7142857142857143,-1.5095238095238095,-6.0,0.0,0.0,7.0,0,0.0,intermittent,1.7252946396530315,0.6574585635359116,0.08287292817679558,high
2026-06-20,SKU-BAT-008,6,WH-NORTH,online,28.5,,,False,0,0,0,0,0,0,0,0,0,0,,,5,25,6,2,1,0,0,8.0,0.0,0.0,0.0,0.0,1.1428571428571428,3.0237157840738287,2.142857142857143,3.5487190073893733,2.6333333333333333,3.837054665462443,0.0,10.0,-2.0,6.0,-1.0,-1.4904761904761905,8.0,8.0,0.0,6.0,0,0.0,intermittent,1.7252946396530315,0.6574585635359116,0.08287292817679558,high
2026-06-21,SKU-BAT-008,8,WH-NORTH,online,38.0,,,False,0,0,0,0,0,0,0,0,0,0,,,6,25,6,2,1,0,0,6.0,0.0,0.0,0.0,0.0,2.0,3.4641016151377637,2.5714285714285716,3.6313651960128177,2.8333333333333335,3.8514066694304443,0.0,10.0,2.0,8.0,-0.5714285714285716,-0.8333333333333335,6.0,6.0,0.0,5.0,0,0.0,intermittent,1.7252946396530315,0.6574585635359116,0.08287292817679558,high
2026-06-22,SKU-BAT-008,0,WH-NORTH,retail,0.0,,,False,0,0,0,0,0,0,0,0,0,0,,,0,26,6,2,0,0,0,8.0,8.0,0.0,0.0,7.0,3.142857142857143,3.976119189552027,3.142857142857143,3.8201317507916683,3.1,3.9247227005053547,0.0,10.0,-8.0,0.0,0.0,0.042857142857142705,8.0,1.0,0.0,4.0,0,0.0,intermittent,1.7252946396530315,0.6574585635359116,0.08287292817679558,high
2026-06-23,SKU-BAT-008,0,WH-NORTH,retail,0.0,,,False,0,0,0,0,0,0,0,0,0,0,,,1,26,6,2,0,0,0,0.0,6.0,0.0,0.0,7.0,3.142857142857143,3.976119189552027,3.142857142857143,3.8201317507916683,2.8666666666666667,3.892816844973023,0.0,10.0,0.0,0.0,0.0,0.2761904761904761,0.0,-7.0,0.0,3.0,0,0.0,intermittent,1.7252946396530315,0.6574585635359116,0.08287292817679558,high
2026-06-24,SKU-BAT-008,0,WH-NORTH,retail,0.0,,,False,0,0,0,0,0,0,0,0,0,0,,,2,26,6,2,0,0,0,0.0,8.0,0.0,8.0,9.0,3.142857142857143,3.976119189552027,3.142857142857143,3.8201317507916683,2.6333333333333333,3.846030944101787,0.0,10.0,0.0,0.0,0.0,0.5095238095238095,0.0,-9.0,0.0,2.0,0,0.0,intermittent,1.7252946396530315,0.6574585635359116,0.08287292817679558,high
2026-06-25,SKU-BAT-008,0,WH-NORTH,retail,0.0,,,False,0,0,0,0,0,0,0,0,0,0,,,3,26,6,2,0,0,0,0.0,0.0,0.0,8.0,0.0,3.142857142857143,3.976119189552027,2.5714285714285716,3.6313651960128177,2.3333333333333335,3.6797051356131036,0.0,10.0,0.0,0.0,0.5714285714285712,0.8095238095238093,0.0,0.0,0.0,1.0,0,0.0,intermittent,1.7252946396530315,0.6574585635359116,0.08287292817679558,high
2026-06-26,SKU-BAT-008,0,WH-NORTH,retail,0.0,,,False,0,0,0,0,0,0,0,0,0,0,,,4,26,6,2,0,0,0,0.0,0.0,8.0,6.0,0.0,3.142857142857143,3.976119189552027,2.0,3.3282011773513784,2.3333333333333335,3.6797051356131036,0.0,10.0,0.0,-8.0,1.1428571428571428,0.8095238095238093,-8.0,0.0,0.0,0.0,0,0.0,intermittent,1.7252946396530315,0.6574585635359116,0.08287292817679558,high
2026-06-27,SKU-BAT-008,0,WH-NORTH,online,0.0,,,False,0,0,0,0,0,0,0,0,0,0,,,5,26,6,2,1,0,0,0.0,0.0,6.0,0.0,0.0,2.0,3.4641016151377637,1.5714285714285714,3.1553199451155476,2.3333333333333335,3.6797051356131036,0.0,10.0,0.0,-6.0,0.4285714285714286,-0.3333333333333335,-6.0,0.0,0.0,0.0,0,0.0,intermittent,1.7252946396530315,0.6574585635359116,0.08287292817679558,high
2026-06-28,SKU-BAT-008,6,WH-NORTH,online,28.5,,,False,0,0,0,0,0,0,0,0,0,0,,,6,26,6,2,1,0,0,0.0,0.0,8.0,0.0,0.0,1.1428571428571428,3.0237157840738287,1.5714285714285714,3.1553199451155476,2.3333333333333335,3.6797051356131036,0.0,10.0,6.0,-2.0,-0.4285714285714286,-1.1904761904761907,-8.0,0.0,0.0,0.0,0,0.0,intermittent,1.7252946396530315,0.6574585635359116,0.08287292817679558,high
2026-06-29,SKU-BAT-008,8,WH-NORTH,retail,38.0,,,False,0,0,0,0,0,0,0,0,0,0,,,0,27,6,2,0,0,0,6.0,0.0,0.0,0.0,0.0,0.8571428571428571,2.267786838055378,2.0,3.3282011773513784,2.533333333333333,3.711429999835392,0.0,10.0,2.0,8.0,-1.1428571428571428,-1.676190476190476,6.0,6.0,0.0,0.0,0,0.0,intermittent,1.7252946396530315,0.6574585635359116,0.08287292817679558,high
2026-06-30,SKU-BAT-008,8,WH-NORTH,retail,38.0,,,False,0,0,0,0,0,0,0,0,0,0,,,1,27,6,2,0,0,1,8.0,0.0,0.0,0.0,0.0,2.0,3.4641016151377637,2.5714285714285716,3.6313651960128177,2.8,3.809244653154505,0.0,10.0,0.0,8.0,-0.5714285714285716,-0.7999999999999998,8.0,8.0,0.0,0.0,0,0.0,intermittent,1.7252946396530315,0.6574585635359116,0.08287292817679558,high
2026-01-01,SKU-BBQ-006,2,WH-NORTH,retail,15.6,New Year Holiday,,False,1,1,0,1,0,0,1,0,0,0,New Year Holiday,holiday,3,1,1,1,0,1,0,,,,,,,,,,,,,,,,,,,,0.0,0.0,0,0.0,variable,0.9663958061029083,0.08287292817679558,0.1270718232044199,high
2026-01-02,SKU-BBQ-006,4,WH-NORTH,retail,31.2,,,False,1,1,0,0,1,0,1,0,0,0,New Year Holiday,holiday,4,1,1,1,0,0,0,2.0,,,,,2.0,,2.0,,2.0,,2.0,2.0,2.0,,0.0,0.0,,,1.0,1.0,0,0.0,variable,0.9663958061029083,0.08287292817679558,0.1270718232044199,high
2026-01-03,SKU-BBQ-006,2,WH-NORTH,online,15.6,,,False,0,0,0,0,0,0,0,0,0,0,,,5,1,1,1,1,0,0,4.0,,,,,3.0,1.4142135623730951,3.0,1.4142135623730951,3.0,1.4142135623730951,2.0,4.0,-2.0,,0.0,0.0,,,2.0,2.0,0,0.0,variable,0.9663958061029083,0.08287292817679558,0.1270718232044199,high
2026-01-04,SKU-BBQ-006,1,WH-NORTH,online,7.8,,,False,0,0,0,0,0,0,0,0,0,0,,,6,1,1,1,1,0,0,2.0,2.0,,,,2.6666666666666665,1.1547005383792515,2.6666666666666665,1.1547005383792515,2.6666666666666665,1.1547005383792515,2.0,4.0,-1.0,,0.0,0.0,,,2.0,2.0,0,0.0,variable,0.9663958061029083,0.08287292817679558,0.1270718232044199,high
2026-01-05,SKU-BBQ-006,3,WH-NORTH,retail,23.4,,,False,0,0,0,0,0,0,0,0,0,0,,,0,2,1,1,0,0,0,1.0,4.0,,,,2.25,1.2583057392117916,2.25,1.2583057392117916,2.25,1.2583057392117916,1.0,4.0,2.0,,0.0,0.0,,,2.0,2.0,0,0.0,variable,0.9663958061029083,0.08287292817679558,0.1270718232044199,high
2026-01-06,SKU-BBQ-006,2,WH-NORTH,retail,15.6,,,False,0,0,0,0,0,0,0,0,0,0,,,1,2,1,1,0,0,0,3.0,2.0,,,,2.4,1.140175425099138,2.4,1.140175425099138,2.4,1.140175425099138,1.0,4.0,-1.0,,0.0,0.0,,,2.0,2.0,0,0.0,variable,0.9663958061029083,0.08287292817679558,0.1270718232044199,high
2026-01-07,SKU-BBQ-006,0,WH-NORTH,retail,0.0,,,False,0,0,0,0,0,0,0,0,0,0,,,2,2,1,1,0,0,0,2.0,1.0,,,,2.3333333333333335,1.0327955589886444,2.3333333333333335,1.0327955589886444,2.3333333333333335,1.0327955589886444,1.0,4.0,-2.0,,0.0,0.0,,,2.0,2.0,0,0.0,variable,0.9663958061029083,0.08287292817679558,0.1270718232044199,high
2026-01-08,SKU-BBQ-006,0,WH-NORTH,retail,0.0,,,False,0,0,0,0,0,0,0,0,0,0,,,3,2,1,1,0,0,0,0.0,3.0,2.0,,,2.0,1.2909944487358054,2.0,1.2909944487358054,2.0,1.2909944487358054,0.0,4.0,0.0,-2.0,0.0,0.0,-2.0,,2.0,2.0,0,0.0,variable,0.9663958061029083,0.08287292817679558,0.1270718232044199,high
2026-01-09,SKU-BBQ-006,3,WH-NORTH,retail,23.4,,,False,0,0,0,0,0,0,0,0,0,0,,,4,2,1,1,0,0,0,0.0,2.0,4.0,,,1.7142857142857142,1.4960264830861911,1.75,1.3887301496588271,1.75,1.3887301496588271,0.0,4.0,3.0,-1.0,-0.03571428571428581,-0.03571428571428581,-4.0,,1.0,2.0,0,0.0,variable,0.9663958061029083,0.08287292817679558,0.1270718232044199,high
2026-01-10,SKU-BBQ-006,1,WH-NORTH,online,7.8,,,False,0,0,0,0,0,0,0,0,0,0,,,5,2,1,1,1,0,0,3.0,0.0,2.0,,,1.5714285714285714,1.2724180205607034,1.8888888888888888,1.3642254619787415,1.8888888888888888,1.3642254619787415,0.0,4.0,-2.0,-1.0,-0.31746031746031744,-0.31746031746031744,1.0,,0.0,2.0,0,0.0,variable,0.9663958061029083,0.08287292817679558,0.1270718232044199,high
2026-01-11,SKU-BBQ-006,0,WH-NORTH,online,0.0,,,False,0,0,0,0,0,0,0,0,0,0,,,6,2,1,1,1,0,0,1.0,0.0,1.0,,,1.4285714285714286,1.2724180205607032,1.8,1.3165611772087664,1.8,1.3165611772087664,0.0,4.0,-1.0,-1.0,-0.37142857142857144,-0.37142857142857144,0.0,,0.0,2.0,0,0.0,variable,0.9663958061029083,0.08287292817679558,0.1270718232044199,high
2026-01-12,SKU-BBQ-006,2,WH-NORTH,retail,15.6,,,False,0,0,0,0,0,0,0,0,0,0,,,0,3,1,1,0,0,0,0.0,3.0,3.0,,,1.2857142857142858,1.380131118684708,1.6363636363636365,1.3618169680781094,1.6363636363636365,1.3618169680781094,0.0,4.0,2.0,-1.0,-0.35064935064935066,-0.35064935064935066,-3.0,,0.0,2.0,0,0.0,variable,0.9663958061029083,0.08287292817679558,0.1270718232044199,high
2026-01-13,SKU-BBQ-006,4,WH-NORTH,retail,31.2,,,False,0,0,0,0,0,0,0,0,0,0,,,1,3,1,1,0,0,0,2.0,1.0,2.0,,,1.1428571428571428,1.2149857925879115,1.6666666666666667,1.302677894557859,1.6666666666666667,1.302677894557859,0.0,4.0,2.0,2.0,-0.523809523809524,-0.523809523809524,0.0,,0.0,2.0,0,0.0,variable,0.9663958061029083,0.08287292817679558,0.1270718232044199,high
2026-01-14,SKU-BBQ-006,1,WH-NORTH,retail,7.8,,,False,0,0,0,0,0,0,0,0,0,0,,,2,3,1,1,0,0,0,4.0,0.0,0.0,,,1.4285714285714286,1.618347187425374,1.8461538461538463,1.4051188470584877,1.8461538461538463,1.4051188470584877,0.0,4.0,-3.0,1.0,-0.41758241758241765,-0.41758241758241765,4.0,,0.0,2.0,0,0.0,variable,0.9663958061029083,0.08287292817679558,0.1270718232044199,high
2026-01-15,SKU-BBQ-006,1,WH-NORTH,retail,7.8,,,False,0,0,0,0,0,0,0,0,0,0,,,3,3,1,1,0,0,0,1.0,2.0,0.0,2.0,,1.5714285714285714,1.5118578920369088,1.7857142857142858,1.3688047244316384,1.7857142857142858,1.3688047244316384,0.0,4.0,0.0,1.0,-0.2142857142857144,-0.2142857142857144,1.0,,0.0,2.0,0,0.0,variable,0.9663958061029083,0.08287292817679558,0.1270718232044199,high
2026-01-16,SKU-BBQ-006,4,WH-NORTH,retail,31.2,,,False,0,0,0,0,0,0,0,0,0,0,,,4,3,1,1,0,0,0,1.0,4.0,3.0,4.0,,1.7142857142857142,1.3801311186847083,1.7142857142857142,1.3827826698682304,1.7333333333333334,1.3345232785352155,0.0,4.0,3.0,1.0,0.0,-0.019047619047619202,-2.0,,0.0,2.0,0,0.0,variable,0.9663958061029083,0.08287292817679558,0.1270718232044199,high
2026-01-17,SKU-BBQ-006,4,WH-NORTH,online,31.2,,,False,0,0,0,0,0,0,0,0,0,0,,,5,3,1,1,1,0,0,4.0,1.0,1.0,2.0,,1.8571428571428572,1.5735915849388862,1.7142857142857142,1.3827826698682304,1.875,1.4083086782851737,0.0,4.0,0.0,3.0,0.14285714285714302,-0.017857142857142794,3.0,,0.0,2.0,0,0.0,variable,0.9663958061029083,0.08287292817679558,0.1270718232044199,high
2026-01-18,SKU-BBQ-006,1,WH-NORTH,online,7.8,,,False,0,0,0,0,0,0,0,0,0,0,,,6,3,1,1,1,0,0,4.0,1.0,0.0,1.0,,2.2857142857142856,1.704336206492693,1.8571428571428572,1.5118578920369088,2.0,1.457737973711325,0.0,4.0,-3.0,1.0,0.4285714285714284,0.2857142857142856,4.0,,0.0,2.0,0,0.0,variable,0.9663958061029083,0.08287292817679558,0.1270718232044199,high
2026-01-19,SKU-BBQ-006,2,WH-NORTH,retail,15.6,,,False,0,0,0,0,0,0,0,0,0,0,,,0,4,1,1,0,0,0,1.0,4.0,2.0,3.0,,2.4285714285714284,1.5118578920369086,1.8571428571428572,1.5118578920369088,1.9444444444444444,1.4337208778404376,0.0,4.0,1.0,0.0,0.5714285714285712,0.48412698412698396,-1.0,,0.0,2.0,0,0.0,variable,0.9663958061029083,0.08287292817679558,0.1270718232044199,high
2026-01-20,SKU-BBQ-006,4,WH-NORTH,retail,31.2,,,False,0,0,0,0,0,0,0,0,0,0,,,1,4,1,1,0,0,0,2.0,4.0,4.0,2.0,,2.4285714285714284,1.5118578920369086,1.7857142857142858,1.4769288003552103,1.9473684210526316,1.3933845369589317,0.0,4.0,2.0,0.0,0.6428571428571426,0.48120300751879674,-2.0,,0.0,2.0,0,0.0,variable,0.9663958061029083,0.08287292817679558,0.1270718232044199,high
2026-01-21,SKU-BBQ-006,1,WH-NORTH,retail,7.8,,,False,0,0,0,0,0,0,0,0,0,0,,,2,4,1,1,0,0,0,4.0,1.0,1.0,0.0,,2.4285714285714284,1.5118578920369086,1.9285714285714286,1.591529777593568,2.05,1.431782106327635,0.0,4.0,-3.0,0.0,0.4999999999999998,0.37857142857142856,3.0,,0.0,2.0,0,0.0,variable,0.9663958061029083,0.08287292817679558,0.1270718232044199,high
2026-01-22,SKU-BBQ-006,0,WH-NORTH,retail,0.0,,,False,0,0,0,0,0,0,0,0,0,0,,,3,4,1,1,0,0,0,1.0,2.0,1.0,0.0,,2.4285714285714284,1.5118578920369086,2.0,1.5191090506254996,2.0,1.414213562373095,0.0,4.0,-1.0,-1.0,0.4285714285714284,0.4285714285714284,0.0,,0.0,2.0,0,0.0,variable,0.9663958061029083,0.08287292817679558,0.1270718232044199,high
2026-01-23,SKU-BBQ-006,2,WH-NORTH,retail,15.6,,,False,0,0,0,0,0,0,0,0,0,0,,,4,4,1,1,0,0,0,0.0,4.0,4.0,3.0,,2.2857142857142856,1.704336206492693,2.0,1.5191090506254996,1.9090909090909092,1.4444999434337427,0.0,4.0,2.0,-2.0,0.2857142857142856,0.3766233766233764,-4.0,,0.0,2.0,0,0.0,variable,0.9663958061029083,0.08287292817679558,0.1270718232044199,high
2026-01-24,SKU-BBQ-006,3,WH-NORTH,online,23.4,,,False,0,0,0,0,0,0,0,0,0,0,,,5,4,1,1,1,0,0,2.0,1.0,4.0,1.0,,2.0,1.5275252316519465,1.9285714285714286,1.4917354742965405,1.9130434782608696,1.411415906690894,0.0,4.0,1.0,-1.0,0.0714285714285714,0.08695652173913038,-2.0,,0.0,2.0,0,0.0,variable,0.9663958061029083,0.08287292817679558,0.1270718232044199,high
2026-01-25,SKU-BBQ-006,0,WH-NORTH,online,0.0,,,False,0,0,0,0,0,0,0,0,0,0,,,6,4,1,1,1,0,0,3.0,0.0,1.0,0.0,,1.8571428571428572,1.345185418269098,2.0714285714285716,1.4917354742965405,1.9583333333333333,1.3981094896064241,0.0,4.0,-3.0,-1.0,-0.2142857142857144,-0.10119047619047605,2.0,,0.0,2.0,0,0.0,variable,0.9663958061029083,0.08287292817679558,0.1270718232044199,high
2026-01-26,SKU-BBQ-006,0,WH-NORTH,retail,0.0,,,False,0,0,0,0,0,0,0,0,0,0,,,0,5,1,1,0,0,0,0.0,2.0,2.0,2.0,,1.7142857142857142,1.496026483086191,2.0714285714285716,1.4917354742965405,1.88,1.4236104336041746,0.0,4.0,0.0,-2.0,-0.35714285714285743,-0.1657142857142857,-2.0,,0.0,2.0,0,0.0,variable,0.9663958061029083,0.08287292817679558,0.1270718232044199,high
2026-01-27,SKU-BBQ-006,3,WH-NORTH,retail,23.4,,,False,0,0,0,0,0,0,0,0,0,0,,,1,5,1,1,0,0,0,0.0,3.0,4.0,4.0,,1.4285714285714286,1.6183471874253739,1.9285714285714286,1.591529777593568,1.8076923076923077,1.4427537771700552,0.0,4.0,3.0,-1.0,-0.5,-0.3791208791208791,-4.0,,0.0,2.0,0,0.0,variable,0.9663958061029083,0.08287292817679558,0.1270718232044199,high
2026-01-28,SKU-BBQ-006,2,WH-NORTH,retail,15.6,,,False,0,0,0,0,0,0,0,0,0,0,,,2,5,1,1,0,0,0,3.0,0.0,1.0,1.0,,1.2857142857142858,1.380131118684708,1.8571428571428572,1.5118578920369086,1.8518518518518519,1.4332240069615962,0.0,4.0,-1.0,1.0,-0.5714285714285714,-0.566137566137566,2.0,,0.0,2.0,0,0.0,variable,0.9663958061029083,0.08287292817679558,0.1270718232044199,high
2026-01-29,SKU-BBQ-006,0,WH-NORTH,retail,0.0,,,False,0,0,0,0,0,0,0,0,0,0,,,3,5,1,1,0,0,0,2.0,0.0,0.0,1.0,,1.4285714285714286,1.3972762620115435,1.9285714285714286,1.4917354742965403,1.8571428571428572,1.4067110502288587,0.0,4.0,-2.0,0.0,-0.5,-0.4285714285714286,2.0,,0.0,2.0,0,0.0,variable,0.9663958061029083,0.08287292817679558,0.1270718232044199,high
2026-01-30,SKU-BBQ-006,2,WH-NORTH,retail,15.6,,,False,0,0,0,0,0,0,0,0,0,0,,,4,5,1,1,0,0,0,0.0,3.0,2.0,4.0,,1.4285714285714286,1.3972762620115435,1.8571428571428572,1.5619092289760115,1.793103448275862,1.423760371712569,0.0,4.0,2.0,0.0,-0.4285714285714286,-0.3645320197044335,-2.0,,0.0,2.0,0,0.0,variable,0.9663958061029083,0.08287292817679558,0.1270718232044199,high
2026-01-31,SKU-BBQ-006,5,WH-NORTH,online,39.0,,,False,0,0,0,0,0,0,0,0,0,0,,,5,5,1,1,1,0,1,2.0,2.0,3.0,4.0,2.0,1.4285714285714286,1.3972762620115435,1.7142857142857142,1.437335752680655,1.8,1.3995073024658258,0.0,4.0,3.0,2.0,-0.2857142857142856,-0.37142857142857144,-1.0,0.0,0.0,2.0,0,0.0,variable,0.9663958061029083,0.08287292817679558,0.1270718232044199,high
2026-02-01,SKU-BBQ-006,2,WH-NORTH,online,15.6,,,False,0,0,0,0,0,0,0,0,0,0,,,6,5,2,1,1,1,0,5.0,0.0,0.0,1.0,4.0,1.7142857142857142,1.8898223650461359,1.7857142857142858,1.5776599725577714,1.9,1.51657508881031,0.0,5.0,-3.0,2.0,-0.07142857142857162,-0.18571428571428572,5.0,1.0,0.0,1.0,0,0.0,variable,0.9663958061029083,0.08287292817679558,0.1270718232044199,high
2026-02-02,SKU-BBQ-006,1,WH-NORTH,retail,7.8,,,False,0,0,0,0,0,0,0,0,0,0,,,0,6,2,1,0,0,0,2.0,2.0,0.0,2.0,2.0,2.0,1.7320508075688772,1.8571428571428572,1.5619092289760115,1.8333333333333333,1.464130513622177,0.0,5.0,-1.0,1.0,0.1428571428571428,0.16666666666666674,2.0,0.0,0.0,0.0,0,0.0,variable,0.9663958061029083,0.08287292817679558,0.1270718232044199,high
2026-02-03,SKU-BBQ-006,3,WH-NORTH,retail,23.4,,,False,0,0,0,0,0,0,0,0,0,0,,,1,6,2,1,0,0,0,1.0,5.0,3.0,4.0,1.0,2.142857142857143,1.573591584938886,1.7857142857142858,1.5776599725577714,1.8,1.471569652235092,0.0,5.0,2.0,0.0,0.357142857142857,0.34285714285714275,-2.0,0.0,0.0,0.0,0,0.0,variable,0.9663958061029083,0.08287292817679558,0.1270718232044199,high
2026-02-04,SKU-BBQ-006,3,WH-NORTH,retail,23.4,,,False,0,0,0,0,0,0,0,0,0,0,,,2,6,2,1,0,0,0,3.0,2.0,2.0,1.0,3.0,2.142857142857143,1.573591584938886,1.7142857142857142,1.4898926873369835,1.8666666666666667,1.4793599112881342,0.0,5.0,0.0,1.0,0.4285714285714286,0.2761904761904761,1.0,0.0,0.0,0.0,0,0.0,variable,0.9663958061029083,0.08287292817679558,0.1270718232044199,high
2026-02-05,SKU-BBQ-006,0,WH-NORTH,retail,0.0,,,False,0,0,0,0,0,0,0,0,0,0,,,3,6,2,1,0,0,0,3.0,1.0,0.0,0.0,2.0,2.2857142857142856,1.6035674514745462,1.8571428571428572,1.5118578920369083,1.8666666666666667,1.4793599112881342,0.0,5.0,-3.0,0.0,0.4285714285714284,0.4190476190476189,3.0,1.0,0.0,0.0,0,0.0,variable,0.9663958061029083,0.08287292817679558,0.1270718232044199,high
2026-02-06,SKU-BBQ-006,0,WH-NORTH,retail,0.0,,,False,0,0,0,0,0,0,0,0,0,0,,,4,6,2,1,0,0,0,0.0,3.0,2.0,2.0,0.0,2.2857142857142856,1.6035674514745462,1.8571428571428572,1.5118578920369083,1.8,1.5177115259040725,0.0,5.0,0.0,-2.0,0.4285714285714284,0.48571428571428554,-2.0,0.0,0.0,0.0,0,0.0,variable,0.9663958061029083,0.08287292817679558,0.1270718232044199,high
2026-02-07,SKU-BBQ-006,4,WH-NORTH,online,31.2,,,False,0,0,0,0,0,0,0,0,0,0,,,5,6,2,1,1,0,0,0.0,3.0,5.0,3.0,0.0,2.0,1.8257418583505534,1.7142857142857142,1.5898026693500442,1.8,1.5177115259040725,0.0,5.0,4.0,-1.0,0.2857142857142858,0.19999999999999996,-5.0,0.0,0.0,0.0,0,0.0,variable,0.9663958061029083,0.08287292817679558,0.1270718232044199,high
2026-02-08,SKU-BBQ-006,2,WH-NORTH,online,15.6,,,False,0,0,0,0,0,0,0,0,0,0,,,6,6,2,1,1,0,0,4.0,0.0,2.0,0.0,3.0,1.8571428571428572,1.573591584938886,1.7857142857142858,1.6723346844167573,1.9333333333333333,1.529780992514115,0.0,5.0,-2.0,0.0,0.0714285714285714,-0.07619047619047614,2.0,1.0,0.0,0.0,0,0.0,variable,0.9663958061029083,0.08287292817679558,0.1270718232044199,high
2026-02-09,SKU-BBQ-006,0,WH-NORTH,retail,0.0,,,False,0,0,0,0,0,0,0,0,0,0,,,0,7,2,1,0,0,0,2.0,0.0,1.0,0.0,1.0,1.8571428571428572,1.573591584938886,1.9285714285714286,1.591529777593568,1.9,1.5165750888103098,0.0,5.0,-2.0,-1.0,-0.0714285714285714,-0.042857142857142705,1.0,1.0,0.0,0.0,0,0.0,variable,0.9663958061029083,0.08287292817679558,0.1270718232044199,high
2026-02-10,SKU-BBQ-006,2,WH-NORTH,retail,15.6,,,False,0,0,0,0,0,0,0,0,0,0,,,1,7,2,1,0,0,0,0.0,4.0,3.0,3.0,0.0,1.7142857142857142,1.704336206492693,1.9285714285714286,1.591529777593568,1.8666666666666667,1.547708725455334,0.0,5.0,2.0,-1.0,-0.2142857142857144,-0.1523809523809525,-3.0,0.0,0.0,0.0,0,0.0,variable,0.9663958061029083,0.08287292817679558,0.1270718232044199,high
2026-02-11,SKU-BBQ-006,3,WH-NORTH,retail,23.4,,,False,0,0,0,0,0,0,0,0,0,0,,,2,7,2,1,0,0,0,2.0,2.0,3.0,2.0,2.0,1.5714285714285714,1.6183471874253736,1.8571428571428572,1.5619092289760115,1.9333333333333333,1.5070714541175847,0.0,5.0,1.0,0.0,-0.2857142857142858,-0.36190476190476195,-1.0,0.0,0.0,0.0,0,0.0,variable,0.9663958061029083,0.08287292817679558,0.1270718232044199,high
2026-02-12,SKU-BBQ-006,0,WH-NORTH,retail,0.0,,,False,0,0,0,0,0,0,0,0,0,0,,,3,7,2,1,0,0,0,3.0,0.0,0.0,0.0,4.0,1.5714285714285714,1.6183471874253736,1.9285714285714286,1.591529777593568,1.9666666666666666,1.5196036990935662,0.0,5.0,-3.0,0.0,-0.3571428571428572,-0.39523809523809517,3.0,-1.0,0.0,0.0,0,0.0,variable,0.9663958061029083,0.08287292817679558,0.1270718232044199,high
2026-02-13,SKU-BBQ-006,0,WH-NORTH,retail,0.0,,,False,0,0,0,0,0,0,0,0,0,0,,,4,7,2,1,0,0,0,0.0,2.0,0.0,2.0,1.0,1.5714285714285714,1.6183471874253736,1.9285714285714286,1.591529777593568,1.8333333333333333,1.510499650911015,0.0,5.0,0.0,0.0,-0.3571428571428572,-0.26190476190476186,0.0,-1.0,0.0,0.0,0,0.0,variable,0.9663958061029083,0.08287292817679558,0.1270718232044199,high
2026-02-14,SKU-BBQ-006,4,WH-NORTH,online,31.2,,,False,0,0,0,0,0,0,0,0,0,0,,,5,7,2,1,1,0,0,0.0,3.0,4.0,5.0,1.0,1.5714285714285714,1.6183471874253736,1.7857142857142858,1.6723346844167573,1.8,1.5402641958779173,0.0,5.0,4.0,0.0,-0.2142857142857144,-0.22857142857142865,-4.0,-1.0,0.0,0.0,0,0.0,variable,0.9663958061029083,0.08287292817679558,0.1270718232044199,high
2026-02-15,SKU-BBQ-006,4,WH-NORTH,online,31.2,,,False,0,0,0,0,0,0,0,0,0,0,,,6,7,2,1,1,0,0,4.0,0.0,2.0,2.0,4.0,1.5714285714285714,1.6183471874253736,1.7142857142857142,1.5406577730392863,1.9,1.5833182092441611,0.0,5.0,0.0,2.0,-0.1428571428571428,-0.3285714285714285,2.0,0.0,0.0,0.0,0,0.0,variable,0.9663958061029083,0.08287292817679558,0.1270718232044199,high
2026-02-16,SKU-BBQ-006,0,WH-NORTH,retail,0.0,,,False,0,0,0,0,0,0,0,0,0,0,,,0,8,2,1,0,0,0,4.0,0.0,0.0,1.0,4.0,1.8571428571428572,1.8644544714716085,1.8571428571428572,1.6574838603294895,1.9,1.5833182092441611,0.0,5.0,-4.0,0.0,0.0,-0.042857142857142705,4.0,0.0,0.0,0.0,0,0.0,variable,0.9663958061029083,0.08287292817679558,0.1270718232044199,high
2026-02-17,SKU-BBQ-006,2,WH-NORTH,retail,15.6,,,False,0,0,0,0,0,0,0,0,0,0,,,1,8,2,1,0,0,0,0.0,4.0,2.0,3.0,1.0,1.8571428571428572,1.8644544714716085,1.7857142857142858,1.7177163475234931,1.7666666666666666,1.5687318254659988,0.0,5.0,2.0,0.0,0.0714285714285714,0.0904761904761906,-2.0,-1.0,0.0,0.0,0,0.0,variable,0.9663958061029083,0.08287292817679558,0.1270718232044199,high
2026-02-18,SKU-BBQ-006,4,WH-NORTH,retail,31.2,,,False,0,0,0,0,0,0,0,0,0,0,,,2,8,2,1,0,0,0,2.0,4.0,3.0,3.0,2.0,1.8571428571428572,1.8644544714716085,1.7142857142857142,1.6837947722821907,1.8,1.5624913792865631,0.0,5.0,2.0,1.0,0.14285714285714302,0.05714285714285716,-1.0,0.0,0.0,0.0,0,0.0,variable,0.9663958061029083,0.08287292817679558,0.1270718232044199,high
2026-02-19,SKU-BBQ-006,2,WH-NORTH,retail,15.6,,,False,0,0,0,0,0,0,0,0,0,0,,,3,8,2,1,0,0,0,4.0,0.0,0.0,0.0,4.0,2.0,1.9999999999999996,1.7857142857142858,1.7619295117556781,1.8666666666666667,1.613164235462314,0.0,5.0,-2.0,2.0,0.2142857142857142,0.1333333333333333,4.0,0.0,0.0,0.0,0,0.0,variable,0.9663958061029083,0.08287292817679558,0.1270718232044199,high
2026-02-20,SKU-BBQ-006,0,WH-NORTH,retail,0.0,,,False,0,0,0,0,0,0,0,0,0,0,,,4,8,2,1,0,0,0,2.0,2.0,0.0,0.0,1.0,2.2857142857142856,1.7994708216848743,1.9285714285714286,1.6854255666327536,1.8,1.5624913792865631,0.0,5.0,-2.0,0.0,0.357142857142857,0.48571428571428554,2.0,1.0,0.0,0.0,0,0.0,variable,0.9663958061029083,0.08287292817679558,0.1270718232044199,high
2026-02-21,SKU-BBQ-006,3,WH-NORTH,online,23.4,,,False,0,0,0,0,0,0,0,0,0,0,,,5,8,2,1,1,0,0,0.0,4.0,4.0,4.0,0.0,2.2857142857142856,1.7994708216848743,1.9285714285714286,1.6854255666327536,1.7666666666666666,1.590561239773956,0.0,5.0,3.0,-1.0,0.357142857142857,0.519047619047619,-4.0,0.0,0.0,0.0,0,0.0,variable,0.9663958061029083,0.08287292817679558,0.1270718232044199,high
2026-02-22,SKU-BBQ-006,4,WH-NORTH,online,31.2,,,False,0,0,0,0,0,0,0,0,0,0,,,6,8,2,1,1,0,0,3.0,2.0,4.0,2.0,2.0,2.142857142857143,1.676163419695051,1.8571428571428572,1.6104057232283397,1.8666666666666667,1.5698305055298019,0.0,5.0,1.0,0.0,0.2857142857142856,0.2761904761904761,-1.0,1.0,0.0,0.0,0,0.0,variable,0.9663958061029083,0.08287292817679558,0.1270718232044199,high
2026-02-23,SKU-BBQ-006,0,WH-NORTH,retail,0.0,,,False,0,0,0,0,0,0,0,0,0,0,,,0,9,2,1,0,0,0,4.0,0.0,0.0,0.0,3.0,2.142857142857143,1.676163419695051,2.0,1.7097008285302202,1.9333333333333333,1.6174337556830536,0.0,5.0,-4.0,0.0,0.1428571428571428,0.20952380952380945,4.0,1.0,0.0,0.0,0,0.0,variable,0.9663958061029083,0.08287292817679558,0.1270718232044199,high
2026-02-24,SKU-BBQ-006,1,WH-NORTH,retail,7.8,,,False,0,0,0,0,0,0,0,0,0,0,,,1,9,2,1,0,0,0,0.0,3.0,2.0,2.0,0.0,2.142857142857143,1.676163419695051,2.0,1.7097008285302202,1.8333333333333333,1.6417680405132067,0.0,5.0,1.0,-1.0,0.1428571428571428,0.30952380952380953,-2.0,0.0,0.0,0.0,0,0.0,variable,0.9663958061029083,0.08287292817679558,0.1270718232044199,high
2026-02-25,SKU-BBQ-006,4,WH-NORTH,retail,31.2,,,False,0,0,0,0,0,0,0,0,0,0,,,2,9,2,1,0,0,0,1.0,4.0,4.0,3.0,0.0,2.0,1.7320508075688767,1.9285714285714286,1.7304639535412152,1.8666666666666667,1.6131642354623141,0.0,5.0,3.0,0.0,0.0714285714285714,0.1333333333333333,-3.0,1.0,0.0,0.0,0,0.0,variable,0.9663958061029083,0.08287292817679558,0.1270718232044199,high
2026-02-26,SKU-BBQ-006,3,WH-NORTH,retail,23.4,,,False,0,0,0,0,0,0,0,0,0,0,,,3,9,2,1,0,0,0,4.0,0.0,2.0,0.0,3.0,2.0,1.7320508075688767,2.0,1.7974340685458339,2.0,1.6188544268007588,0.0,5.0,-1.0,1.0,0.0,0.0,2.0,1.0,0.0,0.0,0,0.0,variable,0.9663958061029083,0.08287292817679558,0.1270718232044199,high
2026-02-27,SKU-BBQ-006,1,WH-NORTH,retail,7.8,,,False,0,0,0,0,0,0,0,0,0,0,,,4,9,2,1,0,0,0,3.0,1.0,0.0,0.0,2.0,2.142857142857143,1.7728105208558362,2.2142857142857144,1.7177163475234931,2.0,1.6188544268007588,0.0,5.0,-2.0,1.0,-0.07142857142857162,0.1428571428571428,3.0,1.0,0.0,0.0,0,0.0,variable,0.9663958061029083,0.08287292817679558,0.1270718232044199,high
2026-02-28,SKU-BBQ-006,5,WH-NORTH,online,39.0,,,False,0,0,0,0,0,0,0,0,0,0,,,5,9,2,1,1,0,1,1.0,4.0,3.0,4.0,0.0,2.2857142857142856,1.6035674514745457,2.2857142857142856,1.637473261253044,1.9666666666666666,1.6291172420994589,0.0,5.0,4.0,2.0,0.0,0.319047619047619,-2.0,1.0,0.0,0.0,0,0.0,variable,0.9663958061029083,0.08287292817679558,0.1270718232044199,high
2026-03-01,SKU-BBQ-006,7,WH-NORTH,online,54.6,,,False,0,0,0,0,0,0,0,0,0,0,,,6,9,3,1,1,1,0,5.0,3.0,4.0,4.0,2.0,2.5714285714285716,1.9023794624226833,2.357142857142857,1.736802670565518,2.1333333333333333,1.6760654528683687,0.0,5.0,2.0,3.0,0.2142857142857144,0.4380952380952383,1.0,3.0,0.0,0.0,0,0.0,variable,0.9663958061029083,0.08287292817679558,0.1270718232044199,high
2026-03-02,SKU-BBQ-006,3,WH-NORTH,retail,23.4,,,False,0,0,0,0,0,0,0,0,0,0,,,0,10,3,1,0,0,0,7.0,1.0,0.0,0.0,5.0,3.0,2.5166114784235827,2.5714285714285716,2.1018045621756594,2.3,1.8964576779190012,0.0,7.0,-4.0,3.0,0.4285714285714284,0.7000000000000002,7.0,2.0,0.0,0.0,0,0.0,variable,0.9663958061029083,0.08287292817679558,0.1270718232044199,high
2026-03-03,SKU-BBQ-006,3,WH-NORTH,retail,23.4,,,False,0,0,0,0,0,0,0,0,0,0,,,1,10,3,1,0,0,0,3.0,5.0,1.0,2.0,2.0,3.4285714285714284,2.149196970742239,2.7857142857142856,1.968153036129653,2.2333333333333334,1.8323403789601471,0.0,7.0,0.0,2.0,0.6428571428571428,1.195238095238095,2.0,1.0,0.0,0.0,0,0.0,variable,0.9663958061029083,0.08287292817679558,0.1270718232044199,high
2026-03-04,SKU-BBQ-006,6,WH-NORTH,retail,46.8,,,False,0,0,0,0,0,0,0,0,0,0,,,2,10,3,1,0,0,0,3.0,7.0,4.0,4.0,1.0,3.7142857142857144,1.8898223650461357,2.857142857142857,1.9555500055421293,2.2666666666666666,1.8370390969378307,0.0,7.0,3.0,2.0,0.8571428571428572,1.4476190476190478,-1.0,2.0,0.0,0.0,0,0.0,variable,0.9663958061029083,0.08287292817679558,0.1270718232044199,high
2026-03-05,SKU-BBQ-006,6,WH-NORTH,retail,46.8,,,False,0,0,0,0,0,0,0,0,0,0,,,3,10,3,1,0,0,0,6.0,3.0,3.0,2.0,3.0,4.0,2.081665999466132,3.0,2.1122354181147656,2.433333333333333,1.9419743478779763,0.0,7.0,0.0,3.0,1.0,1.5666666666666669,3.0,3.0,0.0,0.0,0,0.0,variable,0.9663958061029083,0.08287292817679558,0.1270718232044199,high
2026-03-06,SKU-BBQ-006,3,WH-NORTH,retail,23.4,,,False,0,0,0,0,0,0,0,0,0,0,,,4,10,3,1,0,0,0,6.0,3.0,1.0,0.0,3.0,4.428571428571429,2.1491969707422394,3.2857142857142856,2.2336094083368705,2.533333333333333,2.046583921349534,0.0,7.0,-3.0,2.0,1.1428571428571432,1.8952380952380956,5.0,3.0,0.0,0.0,0,0.0,variable,0.9663958061029083,0.08287292817679558,0.1270718232044199,high
2026-03-07,SKU-BBQ-006,5,WH-NORTH,online,39.0,,,False,0,0,0,0,0,0,0,0,0,0,,,5,10,3,1,1,0,0,3.0,6.0,5.0,3.0,0.0,4.714285714285714,1.7043362064926932,3.5,2.0286410760370135,2.533333333333333,2.046583921349534,0.0,7.0,2.0,0.0,1.2142857142857144,2.180952380952381,-2.0,3.0,0.0,0.0,0,0.0,variable,0.9663958061029083,0.08287292817679558,0.1270718232044199,high
2026-03-08,SKU-BBQ-006,8,WH-NORTH,online,62.4,,,False,0,0,0,0,0,0,0,0,0,0,,,6,10,3,1,1,0,0,5.0,6.0,7.0,4.0,0.0,4.714285714285714,1.7043362064926932,3.642857142857143,2.0608863984346013,2.7,2.036731661773088,0.0,7.0,3.0,1.0,1.0714285714285716,2.0142857142857142,-2.0,5.0,0.0,0.0,0,0.0,variable,0.9663958061029083,0.08287292817679558,0.1270718232044199,high
2026-03-09,SKU-BBQ-006,4,WH-NORTH,retail,31.2,,,False,0,0,0,0,0,0,0,0,0,0,,,0,11,3,1,0,0,0,8.0,3.0,3.0,0.0,4.0,4.857142857142857,1.9518001458970666,3.9285714285714284,2.3685206585314185,2.966666666666667,2.18905322525253,0.0,8.0,-4.0,1.0,0.9285714285714284,1.89047619047619,5.0,4.0,0.0,0.0,0,0.0,variable,0.9663958061029083,0.08287292817679558,0.1270718232044199,high
2026-03-10,SKU-BBQ-006,2,WH-NORTH,retail,15.6,,,False,0,0,0,0,0,0,0,0,0,0,,,1,11,3,1,0,0,0,4.0,5.0,3.0,1.0,2.0,5.0,1.825741858350554,4.214285714285714,2.08210586550368,2.966666666666667,2.18905322525253,0.0,8.0,-2.0,-1.0,0.7857142857142856,2.033333333333333,1.0,2.0,0.0,0.0,0,0.0,variable,0.9663958061029083,0.08287292817679558,0.1270718232044199,high
2026-03-11,SKU-BBQ-006,5,WH-NORTH,retail,39.0,,,False,0,0,0,0,0,0,0,0,0,0,,,2,11,3,1,0,0,0,2.0,8.0,6.0,4.0,0.0,4.857142857142857,2.0354009783964297,4.285714285714286,1.9778998741311213,2.966666666666667,2.18905322525253,0.0,8.0,3.0,-1.0,0.5714285714285712,1.89047619047619,-4.0,2.0,0.0,0.0,0,0.0,variable,0.9663958061029083,0.08287292817679558,0.1270718232044199,high
2026-03-12,SKU-BBQ-006,6,WH-NORTH,retail,46.8,,,False,0,0,0,0,0,0,0,0,0,0,,,3,11,3,1,0,0,0,5.0,4.0,6.0,3.0,2.0,4.714285714285714,1.9760470401187076,4.357142857142857,1.984832597364431,3.1333333333333333,2.1452969143162237,0.0,8.0,1.0,0.0,0.35714285714285765,1.580952380952381,-1.0,3.0,0.0,0.0,0,0.0,variable,0.9663958061029083,0.08287292817679558,0.1270718232044199,high
2026-03-13,SKU-BBQ-006,3,WH-NORTH,retail,23.4,,,False,0,0,0,0,0,0,0,0,0,0,,,4,11,3,1,0,0,0,6.0,2.0,3.0,1.0,3.0,4.714285714285714,1.9760470401187076,4.571428571428571,1.988980632395386,3.2666666666666666,2.1961303480775283,0.0,8.0,-3.0,0.0,0.14285714285714324,1.4476190476190478,3.0,3.0,0.0,0.0,0,0.0,variable,0.9663958061029083,0.08287292817679558,0.1270718232044199,high
2026-03-14,SKU-BBQ-006,6,WH-NORTH,online,46.8,,,False,0,0,0,0,0,0,0,0,0,0,,,5,11,3,1,1,0,0,3.0,5.0,5.0,5.0,0.0,4.714285714285714,1.9760470401187076,4.714285714285714,1.7728105208558347,3.2666666666666666,2.1961303480775283,0.0,8.0,3.0,1.0,0.0,1.4476190476190478,-2.0,3.0,0.0,0.0,0,0.0,variable,0.9663958061029083,0.08287292817679558,0.1270718232044199,high
2026-03-15,SKU-BBQ-006,10,WH-NORTH,online,78.0,,,False,0,0,0,0,0,0,0,0,0,0,,,6,11,3,1,1,0,0,6.0,6.0,8.0,7.0,0.0,4.857142857142857,2.0354009783964297,4.785714285714286,1.8050600428356258,3.466666666666667,2.1613107985239166,0.0,8.0,4.0,2.0,0.07142857142857117,1.39047619047619,-2.0,6.0,0.0,0.0,0,0.0,variable,0.9663958061029083,0.08287292817679558,0.1270718232044199,high
2026-03-16,SKU-BBQ-006,7,WH-NORTH,retail,54.6,,,False,0,0,0,0,0,0,0,0,0,0,,,0,12,3,1,0,0,0,10.0,3.0,4.0,3.0,4.0,5.142857142857143,2.609506430251478,5.0,2.218800784900915,3.8,2.369344445927665,0.0,10.0,-3.0,3.0,0.14285714285714324,1.3428571428571434,6.0,6.0,0.0,0.0,0,0.0,variable,0.9663958061029083,0.08287292817679558,0.1270718232044199,high
2026-03-17,SKU-BBQ-006,5,WH-NORTH,retail,39.0,,,False,0,0,0,0,0,0,0,0,0,0,,,1,12,3,1,0,0,0,7.0,6.0,2.0,3.0,4.0,5.571428571428571,2.636736799982311,5.285714285714286,2.1989008243130996,3.9,2.44032219466879,0.0,10.0,-2.0,3.0,0.2857142857142856,1.6714285714285713,5.0,3.0,0.0,0.0,0,0.0,variable,0.9663958061029083,0.08287292817679558,0.1270718232044199,high
2026-03-18,SKU-BBQ-006,7,WH-NORTH,retail,54.6,,,False,0,0,0,0,0,0,0,0,0,0,,,2,12,3,1,0,0,0,5.0,10.0,5.0,6.0,0.0,6.0,2.1602468994692887,5.428571428571429,2.1018045621756585,3.933333333333333,2.448551061107481,0.0,10.0,2.0,2.0,0.5714285714285712,2.066666666666667,0.0,5.0,0.0,0.0,0,0.0,variable,0.9663958061029083,0.08287292817679558,0.1270718232044199,high
2026-03-19,SKU-BBQ-006,9,WH-NORTH,retail,70.2,,,False,0,0,0,0,0,0,0,0,0,0,,,3,12,3,1,0,0,0,7.0,7.0,6.0,6.0,2.0,6.285714285714286,2.1380899352993974,5.5,2.1393744592574415,4.166666666666667,2.3937178316316357,0.0,10.0,2.0,3.0,0.7857142857142856,2.1190476190476186,1.0,5.0,0.0,0.0,0,0.0,variable,0.9663958061029083,0.08287292817679558,0.1270718232044199,high
2026-03-20,SKU-BBQ-006,7,WH-NORTH,retail,54.6,,,False,0,0,0,0,0,0,0,0,0,0,,,4,12,3,1,0,0,0,9.0,5.0,3.0,3.0,4.0,6.714285714285714,2.360387377408332,5.714285714285714,2.3346411823981525,4.4,2.513412297914996,0.0,10.0,-2.0,4.0,1.0,2.314285714285714,6.0,5.0,0.0,0.0,0,0.0,variable,0.9663958061029083,0.08287292817679558,0.1270718232044199,high
2026-03-21,SKU-BBQ-006,8,WH-NORTH,online,62.4,,,False,0,0,0,0,0,0,0,0,0,0,,,5,12,3,1,1,0,0,7.0,7.0,6.0,5.0,2.0,7.285714285714286,1.7043362064926981,6.0,2.218800784900915,4.5,2.5562634368587065,0.0,10.0,1.0,2.0,1.2857142857142856,2.7857142857142856,1.0,5.0,0.0,0.0,0,0.0,variable,0.9663958061029083,0.08287292817679558,0.1270718232044199,high
2026-03-22,SKU-BBQ-006,11,WH-NORTH,online,85.8,,,False,0,0,0,0,0,0,0,0,0,0,,,6,12,3,1,1,0,0,8.0,9.0,10.0,8.0,0.0,7.571428571428571,1.6183471874253796,6.214285714285714,2.2592909516916135,4.7,2.588435821108956,0.0,10.0,3.0,1.0,1.3571428571428568,2.871428571428571,-2.0,8.0,0.0,0.0,0,0.0,variable,0.9663958061029083,0.08287292817679558,0.1270718232044199,high
2026-03-23,SKU-BBQ-006,9,WH-NORTH,retail,70.2,,,False,0,0,0,0,0,0,0,0,0,0,,,0,13,3,1,0,0,0,11.0,7.0,7.0,4.0,3.0,7.714285714285714,1.889822365046141,6.428571428571429,2.563479777846622,5.066666666666666,2.6772777390390443,0.0,11.0,-2.0,2.0,1.2857142857142856,2.647619047619048,4.0,8.0,0.0,0.0,0,0.0,variable,0.9663958061029083,0.08287292817679558,0.1270718232044199,high
2026-03-24,SKU-BBQ-006,6,WH-NORTH,retail,46.8,,,False,0,0,0,0,0,0,0,0,0,0,,,1,13,3,1,0,0,0,9.0,8.0,5.0,2.0,4.0,8.0,1.9148542155126813,6.785714285714286,2.5473537227897864,5.266666666666667,2.740920224698434,0.0,11.0,-3.0,1.0,1.2142857142857144,2.7333333333333334,4.0,5.0,0.0,0.0,0,0.0,variable,0.9663958061029083,0.08287292817679558,0.1270718232044199,high
2026-03-25,SKU-BBQ-006,6,WH-NORTH,retail,46.8,,,False,0,0,0,0,0,0,0,0,0,0,,,2,13,3,1,0,0,0,6.0,11.0,7.0,5.0,0.0,8.142857142857142,1.6761634196950577,7.071428571428571,2.1649048909393644,5.333333333333333,2.733361367952669,0.0,11.0,0.0,-1.0,1.0714285714285712,2.8095238095238093,-1.0,6.0,0.0,0.0,0,0.0,variable,0.9663958061029083,0.08287292817679558,0.1270718232044199,high
2026-03-26,SKU-BBQ-006,9,WH-NORTH,retail,70.2,,,False,0,0,0,0,0,0,0,0,0,0,,,3,13,3,1,0,0,0,6.0,9.0,9.0,6.0,1.0,8.0,1.8257418583505591,7.142857142857143,2.1070264449124587,5.533333333333333,2.542512107363886,1.0,11.0,3.0,0.0,0.8571428571428568,2.466666666666667,-3.0,5.0,0.0,0.0,0,0.0,variable,0.9663958061029083,0.08287292817679558,0.1270718232044199,high
2026-03-27,SKU-BBQ-006,8,WH-NORTH,retail,62.4,,,False,0,0,0,0,0,0,0,0,0,0,,,4,13,3,1,0,0,0,9.0,6.0,7.0,3.0,4.0,8.0,1.8257418583505591,7.357142857142857,2.134231724753676,5.8,2.469119625319504,1.0,11.0,-1.0,1.0,0.6428571428571432,2.2,2.0,5.0,0.0,0.0,0,0.0,variable,0.9663958061029083,0.08287292817679558,0.1270718232044199,high
2026-03-28,SKU-BBQ-006,9,WH-NORTH,online,70.2,,,False,0,0,0,0,0,0,0,0,0,0,,,5,13,3,1,1,0,0,8.0,6.0,8.0,6.0,3.0,8.142857142857142,1.7728105208558425,7.714285714285714,1.7288756430151315,5.933333333333334,2.4765567494675604,1.0,11.0,1.0,1.0,0.42857142857142794,2.209523809523809,0.0,5.0,0.0,0.0,0,0.0,variable,0.9663958061029083,0.08287292817679558,0.1270718232044199,high
2026-03-29,SKU-BBQ-006,12,WH-NORTH,online,93.6,,,False,0,0,0,0,0,0,0,0,0,0,,,6,13,3,1,1,0,0,9.0,9.0,11.0,10.0,1.0,8.285714285714286,1.7994708216848807,7.928571428571429,1.685425566632753,6.133333333333334,2.4737704480984193,1.0,11.0,3.0,1.0,0.35714285714285765,2.1523809523809527,-2.0,8.0,0.0,0.0,0,0.0,variable,0.9663958061029083,0.08287292817679558,0.1270718232044199,high
2026-03-30,SKU-BBQ-006,10,WH-NORTH,retail,78.0,,,False,0,0,0,0,0,0,0,0,0,0,,,0,14,3,1,0,0,0,12.0,8.0,9.0,7.0,5.0,8.428571428571429,2.0701966780270684,8.071428571428571,1.9400351192017786,6.5,2.5017235438103804,2.0,12.0,-2.0,1.0,0.35714285714285765,1.9285714285714288,3.0,7.0,0.0,0.0,0,0.0,variable,0.9663958061029083,0.08287292817679558,0.1270718232044199,high
2026-03-31,SKU-BBQ-006,9,WH-NORTH,retail,70.2,,,False,0,0,0,0,0,0,0,0,0,0,,,1,14,3,1,0,0,1,10.0,9.0,6.0,5.0,7.0,8.571428571428571,2.149196970742245,8.285714285714286,1.977899874131122,6.666666666666667,2.564120247507546,2.0,12.0,-1.0,3.0,0.2857142857142847,1.9047619047619042,4.0,3.0,0.0,0.0,0,0.0,variable,0.9663958061029083,0.08287292817679558,0.1270718232044199,high
2026-04-01,SKU-BBQ-006,8,WH-NORTH,retail,62.4,,,False,1,1,1,0,0,0,1,0,0,0,Easter Holiday,holiday,2,14,4,2,0,1,0,9.0,12.0,6.0,7.0,3.0,9.0,1.8257418583505611,8.571428571428571,1.7415415679698918,6.733333333333333,2.5988503205274722,2.0,12.0,-1.0,2.0,0.4285714285714288,2.2666666666666666,3.0,6.0,0.0,0.0,0,0.0,variable,0.9663958061029083,0.08287292817679558,0.1270718232044199,high
2026-04-02,SKU-BBQ-006,11,WH-NORTH,retail,85.8,,,False,1,1,1,0,0,0,1,0,0,0,Easter Holiday,holiday,3,14,4,2,0,0,0,8.0,10.0,9.0,9.0,3.0,9.285714285714286,1.3801311186847192,8.642857142857142,1.691933025458561,6.9,2.5099800796022262,2.0,12.0,3.0,2.0,0.6428571428571441,2.385714285714286,-1.0,5.0,1.0,1.0,0,0.0,variable,0.9663958061029083,0.08287292817679558,0.1270718232044199,high
2026-04-03,SKU-BBQ-006,11,WH-NORTH,retail,85.8,,,False,1,1,1,0,0,0,1,0,0,0,Easter Holiday,holiday,4,14,4,2,0,0,0,11.0,9.0,8.0,7.0,6.0,9.571428571428571,1.5118578920369192,8.785714285714286,1.805060042835627,7.166666666666667,2.506313866099435,2.0,12.0,0.0,3.0,0.7857142857142847,2.404761904761904,3.0,5.0,2.0,2.0,0,0.0,variable,0.9663958061029083,0.08287292817679558,0.1270718232044199,high
2026-04-04,SKU-BBQ-006,13,WH-NORTH,online,101.4,,,False,1,1,1,0,0,0,1,0,0,0,Easter Holiday,holiday,5,14,4,2,1,0,0,11.0,8.0,9.0,8.0,6.0,10.0,1.414213562373107,9.071428571428571,1.817195036917557,7.333333333333333,2.5908770094624174,2.0,12.0,2.0,4.0,0.9285714285714288,2.666666666666667,2.0,5.0,3.0,3.0,0,0.0,variable,0.9663958061029083,0.08287292817679558,0.1270718232044199,high
2026-04-05,SKU-BBQ-006,17,WH-NORTH,online,132.6,Easter Holiday,,False,1,1,0,1,0,0,1,0,0,0,Easter Holiday,holiday,6,14,4,2,1,0,0,13.0,11.0,12.0,11.0,3.0,10.571428571428571,1.7182493859684596,9.428571428571429,2.0648816585306444,7.566666666666666,2.7753015783108532,2.0,13.0,4.0,5.0,1.1428571428571423,3.0047619047619047,1.0,10.0,4.0,4.0,0,0.0,variable,0.9663958061029083,0.08287292817679558,0.1270718232044199,high
2026-04-06,SKU-BBQ-006,12,WH-NORTH,retail,93.6,,,False,1,1,0,0,1,0,1,0,0,0,Easter Holiday,holiday,0,15,4,2,0,0,0,17.0,11.0,10.0,9.0,5.0,11.285714285714286,2.9840847683606353,9.857142857142858,2.8784916685156987,8.033333333333333,3.134714784730693,2.0,17.0,-5.0,2.0,1.4285714285714288,3.2523809523809533,7.0,12.0,5.0,5.0,0,0.0,variable,0.9663958061029083,0.08287292817679558,0.1270718232044199,high
2026-04-07,SKU-BBQ-006,11,WH-NORTH,retail,85.8,,,False,0,0,0,0,0,0,0,0,0,0,,,1,15,4,2,0,0,0,12.0,13.0,9.0,6.0,8.0,11.571428571428571,2.935821455580646,10.071428571428571,2.921124275508839,8.266666666666667,3.161550616208853,2.0,17.0,-1.0,2.0,1.5,3.3047619047619037,3.0,4.0,6.0,6.0,0,0.0,variable,0.9663958061029083,0.08287292817679558,0.1270718232044199,high
2026-04-08,SKU-BBQ-006,9,WH-NORTH,retail,70.2,,,False,0,0,0,0,0,0,0,0,0,0,,,2,15,4,2,0,0,0,11.0,17.0,8.0,6.0,4.0,11.857142857142858,2.7342623276105975,10.428571428571429,2.6808232293109513,8.366666666666667,3.2000359193386365,2.0,17.0,-2.0,1.0,1.4285714285714288,3.4904761904761905,3.0,7.0,6.0,6.0,0,0.0,variable,0.9663958061029083,0.08287292817679558,0.1270718232044199,high
2026-04-09,SKU-BBQ-006,10,WH-NORTH,retail,78.0,,,False,0,0,0,0,0,0,0,0,0,0,,,3,15,4,2,0,0,0,9.0,12.0,11.0,9.0,2.0,12.0,2.5166114784235925,10.642857142857142,2.4053511772118226,8.533333333333333,3.093188660905446,2.0,17.0,1.0,-1.0,1.3571428571428577,3.466666666666667,-2.0,7.0,5.0,6.0,0,0.0,variable,0.9663958061029083,0.08287292817679558,0.1270718232044199,high
2026-04-10,SKU-BBQ-006,11,WH-NORTH,retail,85.8,,,False,0,0,0,0,0,0,0,0,0,0,,,4,15,4,2,0,0,0,10.0,11.0,11.0,8.0,5.0,11.857142857142858,2.6095064302514865,10.714285714285714,2.367360472001596,8.8,2.845444029345497,3.0,17.0,1.0,0.0,1.1428571428571441,3.057142857142857,-1.0,5.0,4.0,6.0,0,0.0,variable,0.9663958061029083,0.08287292817679558,0.1270718232044199,high
2026-04-11,SKU-BBQ-006,14,WH-NORTH,online,109.2,,,False,0,0,0,0,0,0,0,0,0,0,,,5,15,4,2,1,0,0,11.0,9.0,13.0,9.0,6.0,11.857142857142858,2.6095064302514865,10.928571428571429,2.23483903100548,9.0,2.779233335118606,3.0,17.0,3.0,1.0,0.9285714285714288,2.8571428571428577,-2.0,5.0,3.0,6.0,0,0.0,variable,0.9663958061029083,0.08287292817679558,0.1270718232044199,high
2026-04-12,SKU-BBQ-006,14,WH-NORTH,online,109.2,,,False,0,0,0,0,0,0,0,0,0,0,,,6,15,4,2,1,0,0,14.0,10.0,17.0,12.0,3.0,12.0,2.708012801545329,11.285714285714286,2.301456777066065,9.266666666666667,2.8639655812482663,3.0,17.0,0.0,-3.0,0.7142857142857135,2.7333333333333325,-3.0,11.0,2.0,6.0,0,0.0,variable,0.9663958061029083,0.08287292817679558,0.1270718232044199,high
2026-04-13,SKU-BBQ-006,12,WH-NORTH,retail,93.6,,,False,0,0,0,0,0,0,0,0,0,0,,,0,16,4,2,0,0,0,14.0,11.0,12.0,10.0,6.0,11.571428571428571,1.9023794624226953,11.428571428571429,2.4087751663859844,9.633333333333333,2.7352530404703526,5.0,17.0,-2.0,0.0,0.14285714285714235,1.9380952380952383,2.0,8.0,1.0,6.0,0,0.0,variable,0.9663958061029083,0.08287292817679558,0.1270718232044199,high
2026-04-14,SKU-BBQ-006,13,WH-NORTH,retail,101.4,,,False,0,0,0,0,0,0,0,0,0,0,,,1,16,4,2,0,0,0,12.0,14.0,11.0,9.0,10.0,11.571428571428571,1.9023794624226953,11.571428571428571,2.376626106132741,9.833333333333334,2.6792090100513324,5.0,17.0,1.0,2.0,0.0,1.7380952380952372,1.0,2.0,0.0,6.0,0,0.0,variable,0.9663958061029083,0.08287292817679558,0.1270718232044199,high
2026-04-15,SKU-BBQ-006,11,WH-NORTH,retail,85.8,,,False,0,0,0,0,0,0,0,0,0,0,,,2,16,4,2,0,0,0,13.0,14.0,9.0,8.0,7.0,11.857142857142858,1.9518001458970782,11.857142857142858,2.2822776362202823,9.933333333333334,2.7409202246984368,5.0,17.0,-2.0,2.0,0.0,1.923809523809524,4.0,6.0,0.0,6.0,0,0.0,variable,0.9663958061029083,0.08287292817679558,0.1270718232044199,high
2026-04-16,SKU-BBQ-006,12,WH-NORTH,retail,93.6,,,False,0,0,0,0,0,0,0,0,0,0,,,3,16,4,2,0,0,0,11.0,12.0,10.0,11.0,5.0,12.142857142857142,1.5735915849389015,12.071428571428571,2.017778127403656,10.066666666666666,2.690126690175653,5.0,17.0,1.0,2.0,0.07142857142857117,2.076190476190476,1.0,6.0,0.0,6.0,0,0.0,variable,0.9663958061029083,0.08287292817679558,0.1270718232044199,high
2026-04-17,SKU-BBQ-006,14,WH-NORTH,retail,109.2,,,False,0,0,0,0,0,0,0,0,0,0,,,4,16,4,2,0,0,0,12.0,13.0,11.0,11.0,7.0,12.428571428571429,1.2724180205607232,12.142857142857142,1.994497926301758,10.3,2.534588315887709,6.0,17.0,2.0,3.0,0.2857142857142865,2.128571428571428,1.0,5.0,0.0,6.0,0,0.0,variable,0.9663958061029083,0.08287292817679558,0.1270718232044199,high
2026-04-18,SKU-BBQ-006,19,WH-NORTH,online,148.2,,,False,0,0,0,0,0,0,0,0,0,0,,,5,16,4,2,1,0,0,14.0,11.0,14.0,13.0,9.0,12.857142857142858,1.2149857925879337,12.357142857142858,2.0232168923293004,10.533333333333333,2.542512107363889,6.0,17.0,5.0,5.0,0.5,2.3238095238095244,0.0,5.0,0.0,6.0,0,0.0,variable,0.9663958061029083,0.08287292817679558,0.1270718232044199,high
2026-04-19,SKU-BBQ-006,17,WH-NORTH,online,132.6,,,False,0,0,0,0,0,0,0,0,0,0,,,6,16,4,2,1,0,0,19.0,12.0,14.0,17.0,7.0,13.571428571428571,2.6367367999823217,12.785714285714286,2.6941124249447723,10.866666666666667,2.9563879794535564,6.0,19.0,-2.0,3.0,0.7857142857142847,2.704761904761904,5.0,12.0,0.0,6.0,0,0.0,variable,0.9663958061029083,0.08287292817679558,0.1270718232044199,high
2026-04-20,SKU-BBQ-006,14,WH-NORTH,retail,109.2,,,False,0,0,0,0,0,0,0,0,0,0,,,0,17,4,2,0,0,0,17.0,14.0,12.0,12.0,8.0,14.0,2.94392028877596,12.785714285714286,2.6941124249447723,11.2,3.067066440709126,6.0,19.0,-3.0,2.0,1.2142857142857135,2.8000000000000007,5.0,9.0,0.0,6.0,0,0.0,variable,0.9663958061029083,0.08287292817679558,0.1270718232044199,high
2026-04-21,SKU-BBQ-006,16,WH-NORTH,retail,124.8,,,False,0,0,0,0,0,0,0,0,0,0,,,1,17,4,2,0,0,0,14.0,19.0,13.0,11.0,11.0,14.285714285714286,2.8115408417382044,12.928571428571429,2.7022579081571485,11.4,3.04676198950454,6.0,19.0,2.0,3.0,1.3571428571428577,2.885714285714286,1.0,3.0,0.0,6.0,0,0.0,variable,0.9663958061029083,0.08287292817679558,0.1270718232044199,high
2026-04-22,SKU-BBQ-006,13,WH-NORTH,retail,101.4,,,False,0,0,0,0,0,0,0,0,0,0,,,2,17,4,2,0,0,0,16.0,17.0,11.0,9.0,9.0,14.714285714285714,2.8115408417382053,13.285714285714286,2.757606861827054,11.566666666666666,3.1588227110017177,6.0,19.0,-3.0,2.0,1.428571428571427,3.147619047619047,5.0,7.0,0.0,6.0,0,0.0,variable,0.9663958061029083,0.08287292817679558,0.1270718232044199,high
2026-04-23,SKU-BBQ-006,12,WH-NORTH,retail,93.6,,,False,0,0,0,0,0,0,0,0,0,0,,,3,17,4,2,0,0,0,13.0,14.0,12.0,10.0,6.0,15.0,2.4494897427831934,13.571428571428571,2.4718191903717726,11.7,3.1310458757198174,6.0,19.0,-1.0,0.0,1.4285714285714288,3.3000000000000007,1.0,7.0,0.0,6.0,0,0.0,variable,0.9663958061029083,0.08287292817679558,0.1270718232044199,high
2026-04-24,SKU-BBQ-006,14,WH-NORTH,retail,109.2,,,False,0,0,0,0,0,0,0,0,0,0,,,4,17,4,2,0,0,0,12.0,16.0,14.0,11.0,6.0,15.0,2.4494897427831934,13.714285714285714,2.3014567770660728,11.9,2.9402087657523412,6.0,19.0,2.0,0.0,1.2857142857142865,3.0999999999999996,-2.0,6.0,0.0,6.0,0,0.0,variable,0.9663958061029083,0.08287292817679558,0.1270718232044199,high
2026-04-25,SKU-BBQ-006,20,WH-NORTH,online,156.0,,,False,0,0,0,0,0,0,0,0,0,0,,,5,17,4,2,1,0,0,14.0,13.0,19.0,14.0,9.0,15.0,2.4494897427831934,13.928571428571429,2.1649048909393795,12.166666666666666,2.742806683991261,8.0,19.0,6.0,1.0,1.0714285714285712,2.833333333333334,-5.0,5.0,0.0,6.0,0,0.0,variable,0.9663958061029083,0.08287292817679558,0.1270718232044199,high
2026-04-26,SKU-BBQ-006,18,WH-NORTH,online,140.4,,,False,0,0,0,0,0,0,0,0,0,0,,,6,17,4,2,1,0,0,20.0,12.0,17.0,14.0,8.0,15.142857142857142,2.734262327610603,14.357142857142858,2.7063214561791975,12.533333333333333,3.0255615988615663,8.0,20.0,-2.0,1.0,0.7857142857142847,2.609523809523809,3.0,12.0,0.0,6.0,0,0.0,variable,0.9663958061029083,0.08287292817679558,0.1270718232044199,high
2026-04-27,SKU-BBQ-006,13,WH-NORTH,retail,101.4,,,False,0,0,0,0,0,0,0,0,0,0,,,0,18,4,2,0,0,0,18.0,14.0,14.0,12.0,9.0,15.285714285714286,2.8702082220799445,14.642857142857142,2.8718030481307073,12.866666666666667,3.059561985028232,8.0,20.0,-5.0,-1.0,0.6428571428571441,2.4190476190476193,4.0,9.0,0.0,6.0,0,0.0,variable,0.9663958061029083,0.08287292817679558,0.1270718232044199,high
2026-04-28,SKU-BBQ-006,17,WH-NORTH,retail,132.6,,,False,0,0,0,0,0,0,0,0,0,0,,,1,18,4,2,0,0,0,13.0,20.0,16.0,13.0,12.0,15.142857142857142,2.9680841985233313,14.714285714285714,2.812843385630986,13.0,2.971125410832832,8.0,20.0,4.0,1.0,0.4285714285714288,2.1428571428571423,-3.0,1.0,0.0,6.0,0,0.0,variable,0.9663958061029083,0.08287292817679558,0.1270718232044199,high
2026-04-29,SKU-BBQ-006,15,WH-NORTH,retail,117.0,,,False,0,0,0,0,0,0,0,0,0,0,,,2,18,4,2,0,0,0,17.0,18.0,13.0,11.0,10.0,15.285714285714286,3.03942350423486,15.0,2.828427124746204,13.166666666666666,3.0522273758720857,8.0,20.0,-2.0,2.0,0.2857142857142865,2.1190476190476204,4.0,7.0,0.0,6.0,0,0.0,variable,0.9663958061029083,0.08287292817679558,0.1270718232044199,high
2026-04-30,SKU-BBQ-006,13,WH-NORTH,retail,101.4,,,False,0,0,0,0,0,0,0,0,0,0,,,3,18,4,2,0,0,1,15.0,13.0,12.0,12.0,9.0,15.571428571428571,2.8784916685157116,15.285714285714286,2.5848246906354726,13.333333333333334,3.0095633012727654,8.0,20.0,-2.0,1.0,0.2857142857142847,2.2380952380952372,3.0,6.0,0.0,6.0,0,0.0,variable,0.9663958061029083,0.08287292817679558,0.1270718232044199,high
2026-05-01,SKU-BBQ-006,15,WH-NORTH,retail,117.0,,,False,0,0,0,0,0,0,0,0,0,0,,,4,18,5,2,0,1,0,13.0,17.0,14.0,14.0,8.0,15.714285714285714,2.6903708365382126,15.357142857142858,2.4994504890581117,13.466666666666667,2.8974820618686468,8.0,20.0,2.0,1.0,0.3571428571428559,2.2476190476190467,-1.0,5.0,0.0,6.0,0,0.0,variable,0.9663958061029083,0.08287292817679558,0.1270718232044199,high
2026-05-02,SKU-BBQ-006,24,WH-NORTH,online,187.2,,,False,0,0,0,0,0,0,0,0,0,0,,,5,18,5,2,1,0,0,15.0,15.0,20.0,19.0,11.0,15.857142857142858,2.6095064302514936,15.428571428571429,2.471819190371779,13.7,2.718392019634733,9.0,20.0,9.0,4.0,0.4285714285714288,2.1571428571428584,-5.0,4.0,0.0,5.0,0,0.0,variable,0.9663958061029083,0.08287292817679558,0.1270718232044199,high
2026-05-03,SKU-BBQ-006,22,WH-NORTH,online,171.6,,,False,0,0,0,0,0,0,0,0,0,0,,,6,18,5,2,1,0,0,24.0,13.0,18.0,17.0,11.0,16.428571428571427,3.8234863173611213,15.785714285714286,3.262339213334082,14.133333333333333,3.256117143251256,9.0,24.0,-2.0,4.0,0.6428571428571406,2.295238095238094,6.0,13.0,0.0,4.0,0,0.0,variable,0.9663958061029083,0.08287292817679558,0.1270718232044199,high
2026-05-04,SKU-BBQ-006,15,WH-NORTH,retail,117.0,,,False,0,0,0,0,0,0,0,0,0,0,,,0,19,5,2,0,0,0,22.0,15.0,13.0,14.0,13.0,17.0,4.358898943540685,16.142857142857142,3.6554941338535154,14.5,3.501231310504232,9.0,24.0,-7.0,2.0,0.8571428571428577,2.5,9.0,9.0,0.0,3.0,0,0.0,variable,0.9663958061029083,0.08287292817679558,0.1270718232044199,high
2026-05-05,SKU-BBQ-006,19,WH-NORTH,retail,148.2,,,False,0,0,0,0,0,0,0,0,0,0,,,1,19,5,2,0,0,0,15.0,24.0,17.0,16.0,17.0,17.285714285714285,4.11154008915905,16.214285714285715,3.619999392872284,14.566666666666666,3.4907101671815113,9.0,24.0,4.0,2.0,1.0714285714285694,2.7190476190476183,-2.0,-2.0,0.0,2.0,0,0.0,variable,0.9663958061029083,0.08287292817679558,0.1270718232044199,high
2026-05-06,SKU-BBQ-006,18,WH-NORTH,retail,140.4,,,False,0,0,0,0,0,0,0,0,0,0,,,2,19,5,2,0,0,0,19.0,22.0,15.0,13.0,12.0,17.571428571428573,4.1576092031015115,16.428571428571427,3.694367557289306,14.633333333333333,3.5572493570883887,9.0,24.0,-1.0,3.0,1.142857142857146,2.93809523809524,4.0,7.0,0.0,1.0,0,0.0,variable,0.9663958061029083,0.08287292817679558,0.1270718232044199,high
2026-05-07,SKU-BBQ-006,15,WH-NORTH,retail,117.0,,,False,0,0,0,0,0,0,0,0,0,0,,,3,19,5,2,0,0,0,18.0,15.0,13.0,12.0,11.0,18.0,4.000000000000012,16.785714285714285,3.5772480060380785,14.833333333333334,3.572725544467691,9.0,24.0,-3.0,2.0,1.2142857142857153,3.166666666666666,5.0,7.0,0.0,0.0,0,0.0,variable,0.9663958061029083,0.08287292817679558,0.1270718232044199,high
2026-05-08,SKU-BBQ-006,15,WH-NORTH,retail,117.0,,,False,0,0,0,0,0,0,0,0,0,0,,,4,19,5,2,0,0,0,15.0,19.0,15.0,14.0,9.0,18.285714285714285,3.6384193323605984,17.0,3.351233986275704,14.966666666666667,3.498603990888005,9.0,24.0,0.0,0.0,1.2857142857142847,3.319047619047618,0.0,6.0,0.0,0.0,0,0.0,variable,0.9663958061029083,0.08287292817679558,0.1270718232044199,high
2026-05-09,SKU-BBQ-006,26,WH-NORTH,online,202.8,,,False,0,0,0,0,0,0,0,0,0,0,,,5,19,5,2,1,0,0,15.0,18.0,24.0,20.0,10.0,18.285714285714285,3.6384193323605984,17.071428571428573,3.2925156553400705,15.166666666666666,3.3122898979129376,10.0,24.0,11.0,2.0,1.2142857142857117,3.1190476190476186,-9.0,5.0,0.0,0.0,0,0.0,variable,0.9663958061029083,0.08287292817679558,0.1270718232044199,high
2026-05-10,SKU-BBQ-006,23,WH-NORTH,online,179.4,,,False,0,0,0,0,0,0,0,0,0,0,,,6,19,5,2,1,0,0,26.0,15.0,22.0,18.0,11.0,18.571428571428573,4.1975049278169685,17.5,4.014397167120456,15.7,3.7152992175411756,11.0,26.0,-3.0,1.0,1.071428571428573,2.8714285714285737,4.0,15.0,0.0,0.0,0,0.0,variable,0.9663958061029083,0.08287292817679558,0.1270718232044199,high
2026-05-11,SKU-BBQ-006,14,WH-NORTH,retail,109.2,,,False,0,0,0,0,0,0,0,0,0,0,,,0,20,5,2,0,0,0,23.0,15.0,15.0,13.0,14.0,18.714285714285715,4.34796066044324,17.857142857142858,4.276179870598805,16.1,3.8358562412384902,11.0,26.0,-9.0,-1.0,0.8571428571428577,2.614285714285714,8.0,9.0,0.0,0.0,0,0.0,variable,0.9663958061029083,0.08287292817679558,0.1270718232044199,high
2026-05-12,SKU-BBQ-006,18,WH-NORTH,retail,140.4,,,False,1,1,1,0,0,1,0,0,0,0,Outdoor Weekend Sale,promotion,1,20,5,2,0,0,0,14.0,26.0,19.0,17.0,14.0,18.571428571428573,4.5039665058384255,17.928571428571427,4.196413958356617,16.1,3.8358562412384902,11.0,26.0,4.0,-1.0,0.6428571428571459,2.4714285714285715,-5.0,0.0,0.0,0.0,0,0.0,variable,0.9663958061029083,0.08287292817679558,0.1270718232044199,high
2026-05-13,SKU-BBQ-006,19,WH-NORTH,retail,148.2,,,False,1,1,1,0,0,1,0,0,0,0,Outdoor Weekend Sale,promotion,2,20,5,2,0,0,0,18.0,23.0,18.0,15.0,12.0,18.428571428571427,4.503966505838425,18.0,4.187894642712693,16.233333333333334,3.829858495030074,11.0,26.0,1.0,1.0,0.42857142857142705,2.1952380952380928,0.0,6.0,1.0,1.0,0,0.0,variable,0.9663958061029083,0.08287292817679558,0.1270718232044199,high
2026-05-14,SKU-BBQ-006,16,WH-NORTH,retail,124.8,,,False,1,1,1,0,0,1,0,0,0,0,Outdoor Weekend Sale,promotion,3,20,5,2,0,0,0,19.0,14.0,15.0,13.0,13.0,18.571428571428573,4.5039665058384255,18.285714285714285,4.103067734654765,16.466666666666665,3.775906681098967,11.0,26.0,-3.0,1.0,0.28571428571428825,2.104761904761908,4.0,6.0,2.0,2.0,0,0.0,variable,0.9663958061029083,0.08287292817679558,0.1270718232044199,high
2026-05-15,SKU-BBQ-006,26,WH-NORTH,retail,202.8,Outdoor Weekend Sale,,False,1,1,0,1,0,1,0,0,0,0,Outdoor Weekend Sale,promotion,4,20,5,2,0,0,0,16.0,18.0,15.0,15.0,11.0,18.714285714285715,4.38612531035028,18.5,3.877945530620781,16.566666666666666,3.720245944162492,11.0,26.0,10.0,11.0,0.2142857142857153,2.147619047619049,1.0,5.0,3.0,3.0,0,0.0,variable,0.9663958061029083,0.08287292817679558,0.1270718232044199,high
2026-05-16,SKU-BBQ-006,46,WH-NORTH,online,358.8,Outdoor Weekend Sale,,False,1,1,0,1,0,1,0,0,0,0,Outdoor Weekend Sale,promotion,5,20,5,2,1,0,0,26.0,19.0,26.0,24.0,12.0,20.285714285714285,4.785891965429437,19.285714285714285,4.214052889824941,17.066666666666666,3.947354708586789,12.0,26.0,20.0,20.0,1.0,3.2190476190476183,0.0,14.0,4.0,4.0,0,0.0,variable,0.9663958061029083,0.08287292817679558,0.1270718232044199,high
2026-05-17,SKU-BBQ-006,45,WH-NORTH,online,351.0,Outdoor Weekend Sale,,False,1,1,0,1,0,1,0,0,0,0,Outdoor Weekend Sale,promotion,6,20,5,2,1,0,0,46.0,16.0,23.0,22.0,14.0,23.142857142857142,10.869354035215586,20.857142857142858,8.263517065131197,18.2,6.4988062564305356,12.0,46.0,-1.0,22.0,2.2857142857142847,4.942857142857143,23.0,32.0,5.0,5.0,0,0.0,variable,0.9663958061029083,0.08287292817679558,0.1270718232044199,high
2026-05-18,SKU-BBQ-006,27,WH-NORTH,retail,210.6,Outdoor Weekend Sale,,False,1,1,0,1,0,1,0,0,0,0,Outdoor Weekend Sale,promotion,0,21,5,2,0,0,0,45.0,26.0,14.0,15.0,19.0,26.285714285714285,13.646907900256949,22.5,10.493587785661532,19.233333333333334,8.080130305083353,12.0,46.0,-18.0,13.0,3.7857142857142847,7.05238095238095,31.0,26.0,6.0,6.0,0,0.0,variable,0.9663958061029083,0.08287292817679558,0.1270718232044199,high
2026-05-19,SKU-BBQ-006,33,WH-NORTH,retail,257.4,Outdoor Weekend Sale,,False,1,1,0,1,0,1,0,0,0,0,Outdoor Weekend Sale,promotion,1,21,5,2,0,0,0,27.0,46.0,18.0,19.0,17.0,28.142857142857142,12.535663410560186,23.357142857142858,10.322545473619643,19.5,8.203237376077558,12.0,46.0,6.0,15.0,4.785714285714285,8.642857142857142,9.0,10.0,7.0,7.0,0,0.0,variable,0.9663958061029083,0.08287292817679558,0.1270718232044199,high
2026-05-20,SKU-BBQ-006,37,WH-NORTH,retail,288.6,Outdoor Weekend Sale,,False,2,1,1,1,0,1,1,0,0,0,Outdoor Weekend Sale; Memorial Day,promotion; holiday,2,21,5,2,0,0,0,33.0,45.0,19.0,18.0,14.0,30.285714285714285,11.771636613972966,24.357142857142858,10.54373414262376,20.033333333333335,8.547971460642225,12.0,46.0,4.0,18.0,5.928571428571427,10.25238095238095,14.0,19.0,7.0,8.0,0,0.0,variable,0.9663958061029083,0.08287292817679558,0.1270718232044199,high
2026-05-21,SKU-BBQ-006,31,WH-NORTH,retail,241.8,Outdoor Weekend Sale,,False,2,1,1,1,0,1,1,0,0,0,Outdoor Weekend Sale; Memorial Day,promotion; holiday,3,21,5,2,0,0,0,37.0,27.0,16.0,15.0,16.0,32.857142857142854,10.823255385643339,25.714285714285715,10.879964447259317,20.8,9.007276751757912,12.0,46.0,-6.0,15.0,7.142857142857139,12.057142857142853,21.0,21.0,8.0,10.0,0,0.0,variable,0.9663958061029083,0.08287292817679558,0.1270718232044199,high
2026-05-22,SKU-BBQ-006,27,WH-NORTH,retail,210.6,Outdoor Weekend Sale,,False,2,1,1,1,0,1,1,0,0,0,Outdoor Weekend Sale; Memorial Day,promotion; holiday,4,21,5,2,0,0,0,31.0,33.0,26.0,15.0,13.0,35.0,8.062257748298578,26.857142857142858,10.501700542565223,21.3,9.146885658046637,12.0,46.0,-4.0,1.0,8.142857142857142,13.7,5.0,18.0,9.0,12.0,0,0.0,variable,0.9663958061029083,0.08287292817679558,0.1270718232044199,high
2026-05-23,SKU-BBQ-006,95,WH-NORTH,online,741.0,Anomaly,Large community event purchase,False,2,1,1,1,0,1,1,0,0,0,Outdoor Weekend Sale; Memorial Day,promotion; holiday,5,21,5,2,1,0,0,27.0,37.0,46.0,26.0,12.0,35.142857142857146,7.8830740921836835,27.714285714285715,9.933847123915239,21.766666666666666,9.065597469073085,12.0,46.0,68.0,49.0,7.428571428571431,13.37619047619048,-19.0,15.0,10.0,14.0,0,0.0,variable,0.9663958061029083,0.08287292817679558,0.1270718232044199,high
2026-05-24,SKU-BBQ-006,48,WH-NORTH,online,374.4,Outdoor Weekend Sale,,False,2,1,1,1,0,1,1,0,0,0,Outdoor Weekend Sale; Memorial Day,promotion; holiday,6,21,5,2,1,0,0,95.0,31.0,45.0,23.0,14.0,42.142857142857146,24.13454351083092,32.642857142857146,20.507436335508775,24.533333333333335,15.99726988201927,13.0,95.0,-47.0,3.0,9.5,17.60952380952381,50.0,81.0,11.0,16.0,1,1.0,variable,0.9663958061029083,0.08287292817679558,0.1270718232044199,high
2026-05-25,SKU-BBQ-006,22,WH-NORTH,retail,171.6,Memorial Day,,False,2,1,0,1,1,1,1,0,0,0,Outdoor Weekend Sale; Memorial Day,promotion; holiday,0,22,5,2,0,0,0,48.0,27.0,27.0,14.0,20.0,42.57142857142857,24.220219809470105,34.42857142857143,20.690816564599153,25.666666666666668,16.42398022517019,13.0,95.0,-26.0,-5.0,8.142857142857139,16.9047619047619,21.0,28.0,12.0,18.0,1,1.0,variable,0.9663958061029083,0.08287292817679558,0.1270718232044199,high
2026-05-26,SKU-BBQ-006,19,WH-NORTH,retail,148.2,,,False,2,1,0,0,1,1,1,0,0,0,Outdoor Weekend Sale; Memorial Day,promotion; holiday,1,22,5,2,0,0,0,22.0,95.0,33.0,18.0,18.0,41.857142857142854,24.822225064301904,35.0,20.187581864563725,25.733333333333334,16.404232703016394,13.0,95.0,-3.0,-14.0,6.857142857142854,16.12380952380952,-11.0,4.0,13.0,20.0,1,1.0,variable,0.9663958061029083,0.08287292817679558,0.1270718232044199,high
2026-05-27,SKU-BBQ-006,22,WH-NORTH,retail,171.6,,,False,0,0,0,0,0,0,0,0,0,0,,,2,22,5,2,0,0,0,19.0,48.0,37.0,19.0,13.0,39.857142857142854,26.18160022756804,35.07142857142857,20.124475284948577,25.766666666666666,16.388985648133094,13.0,95.0,3.0,-15.0,4.785714285714285,14.090476190476188,-18.0,6.0,14.0,22.0,1,1.0,variable,0.9663958061029083,0.08287292817679558,0.1270718232044199,high
2026-05-28,SKU-BBQ-006,19,WH-NORTH,retail,148.2,,,False,0,0,0,0,0,0,0,0,0,0,,,3,22,5,2,0,0,0,22.0,22.0,31.0,16.0,17.0,37.714285714285715,27.05373840903993,35.285714285714285,19.95544487651881,26.066666666666666,16.22882351384961,13.0,95.0,-3.0,-12.0,2.4285714285714306,11.647619047619049,-9.0,5.0,12.0,22.0,1,1.0,variable,0.9663958061029083,0.08287292817679558,0.1270718232044199,high
2026-05-29,SKU-BBQ-006,17,WH-NORTH,retail,132.6,,,False,0,0,0,0,0,0,0,0,0,0,,,4,22,5,2,0,0,0,19.0,19.0,27.0,26.0,15.0,36.0,27.916542288280148,35.5,19.74744384626879,26.133333333333333,16.194365417155673,13.0,95.0,-2.0,-10.0,0.5,9.866666666666667,-8.0,4.0,10.0,22.0,1,1.0,variable,0.9663958061029083,0.08287292817679558,0.1270718232044199,high
2026-05-30,SKU-BBQ-006,30,WH-NORTH,online,234.0,,,False,0,0,0,0,0,0,0,0,0,0,,,5,22,5,2,1,0,0,17.0,22.0,95.0,46.0,13.0,34.57142857142857,28.698763869181683,34.857142857142854,20.22130309601979,26.2,16.151011498162987,13.0,95.0,13.0,-65.0,-0.2857142857142847,8.37142857142857,-78.0,4.0,8.0,22.0,1,1.0,variable,0.9663958061029083,0.08287292817679558,0.1270718232044199,high
2026-05-31,SKU-BBQ-006,32,WH-NORTH,online,249.6,,,False,0,0,0,0,0,0,0,0,0,0,,,6,22,5,2,1,0,1,30.0,19.0,48.0,45.0,15.0,25.285714285714285,10.858395917664915,33.714285714285715,19.993955130444863,26.766666666666666,15.969115306683735,14.0,95.0,2.0,-16.0,-8.42857142857143,-1.480952380952381,-18.0,15.0,6.0,22.0,0,1.0,variable,0.9663958061029083,0.08287292817679558,0.1270718232044199,high
2026-06-01,SKU-BBQ-006,19,WH-NORTH,retail,148.2,,,False,0,0,0,0,0,0,0,0,0,0,,,0,23,6,2,0,1,0,32.0,17.0,22.0,27.0,24.0,23.0,5.773502691896269,32.785714285714285,19.729628525601854,27.333333333333332,15.838262995437457,14.0,95.0,-13.0,-3.0,-9.785714285714285,-4.333333333333332,10.0,8.0,4.0,22.0,0,1.0,variable,0.9663958061029083,0.08287292817679558,0.1270718232044199,high
2026-06-02,SKU-BBQ-006,21,WH-NORTH,retail,163.8,,,False,0,0,0,0,0,0,0,0,0,0,,,1,23,6,2,0,0,0,19.0,30.0,19.0,33.0,22.0,22.571428571428573,5.968169536721267,32.214285714285715,20.02374963513453,27.166666666666668,15.900733735690727,14.0,95.0,2.0,2.0,-9.642857142857142,-4.595238095238095,0.0,-3.0,2.0,22.0,0,1.0,variable,0.9663958061029083,0.08287292817679558,0.1270718232044199,high
2026-06-03,SKU-BBQ-006,24,WH-NORTH,retail,187.2,,,False,0,0,0,0,0,0,0,0,0,0,,,2,23,6,2,0,0,0,21.0,32.0,22.0,37.0,15.0,22.857142857142858,5.814595756329407,31.357142857142858,20.24316463119625,27.133333333333333,15.912981760366188,14.0,95.0,3.0,2.0,-8.5,-4.276190476190475,-1.0,6.0,0.0,22.0,0,1.0,variable,0.9663958061029083,0.08287292817679558,0.1270718232044199,high
2026-06-04,SKU-BBQ-006,23,WH-NORTH,retail,179.4,,,False,0,0,0,0,0,0,0,0,0,0,,,3,23,6,2,0,0,0,24.0,19.0,19.0,31.0,19.0,23.142857142857142,5.814595756329408,30.428571428571427,20.26256224102542,27.433333333333334,15.760455387551097,14.0,95.0,-1.0,4.0,-7.285714285714285,-4.290476190476191,5.0,5.0,0.0,22.0,0,1.0,variable,0.9663958061029083,0.08287292817679558,0.1270718232044199,high
2026-06-05,SKU-BBQ-006,19,WH-NORTH,retail,148.2,,,False,0,0,0,0,0,0,0,0,0,0,,,4,23,6,2,0,0,0,23.0,21.0,17.0,27.0,18.0,23.714285714285715,5.5291435658181936,29.857142857142858,20.357788692280923,27.566666666666666,15.703466196184603,14.0,95.0,-4.0,2.0,-6.142857142857142,-3.852380952380951,6.0,5.0,0.0,22.0,0,1.0,variable,0.9663958061029083,0.08287292817679558,0.1270718232044199,high
2026-06-06,SKU-BBQ-006,31,WH-NORTH,online,241.8,,,False,0,0,0,0,0,0,0,0,0,0,,,5,23,6,2,1,0,0,19.0,24.0,30.0,95.0,15.0,24.0,5.163977794943238,29.285714285714285,20.55547305530751,27.6,15.683507700546564,14.0,95.0,12.0,1.0,-5.285714285714285,-3.6000000000000014,-11.0,4.0,0.0,22.0,0,1.0,variable,0.9663958061029083,0.08287292817679558,0.1270718232044199,high
2026-06-07,SKU-BBQ-006,33,WH-NORTH,online,257.4,,,False,0,0,0,0,0,0,0,0,0,0,,,6,23,6,2,1,0,0,31.0,23.0,32.0,48.0,15.0,24.142857142857142,5.367450401216948,24.714285714285715,8.250208122582995,28.133333333333333,15.511360315928922,14.0,95.0,2.0,1.0,-0.571428571428573,-3.9904761904761905,-1.0,16.0,0.0,22.0,0,1.0,variable,0.9663958061029083,0.08287292817679558,0.1270718232044199,high
2026-06-08,SKU-BBQ-006,20,WH-NORTH,retail,156.0,,,False,0,0,0,0,0,0,0,0,0,0,,,0,24,6,2,0,0,0,33.0,19.0,19.0,22.0,26.0,24.285714285714285,5.618845839799197,23.642857142857142,5.513719153266626,28.733333333333334,15.332933528021066,14.0,95.0,-13.0,1.0,0.6428571428571423,-4.44761904761905,14.0,7.0,0.0,22.0,0,1.0,variable,0.9663958061029083,0.08287292817679558,0.1270718232044199,high
2026-06-09,SKU-BBQ-006,20,WH-NORTH,retail,156.0,,,False,0,0,0,0,0,0,0,0,0,0,,,1,24,6,2,0,0,0,20.0,31.0,21.0,19.0,23.0,24.428571428571427,5.472876844254869,23.5,5.5850074030665375,28.533333333333335,15.408760010379522,14.0,95.0,0.0,-1.0,0.928571428571427,-4.104761904761908,-1.0,-3.0,0.0,22.0,0,1.0,variable,0.9663958061029083,0.08287292817679558,0.1270718232044199,high
2026-06-10,SKU-BBQ-006,23,WH-NORTH,retail,179.4,,,False,0,0,0,0,0,0,0,0,0,0,,,2,24,6,2,0,0,0,20.0,33.0,24.0,22.0,14.0,24.285714285714285,5.589105048046191,23.571428571428573,5.52914356581821,28.433333333333334,15.455572219871964,14.0,95.0,3.0,-1.0,0.7142857142857117,-4.147619047619049,-4.0,6.0,0.0,22.0,0,1.0,variable,0.9663958061029083,0.08287292817679558,0.1270718232044199,high
2026-06-11,SKU-BBQ-006,23,WH-NORTH,retail,179.4,,,False,0,0,0,0,0,0,0,0,0,0,,,3,24,6,2,0,0,0,23.0,20.0,23.0,19.0,18.0,24.142857142857142,5.6103645582253066,23.642857142857142,5.513719153266626,28.733333333333334,15.251757012030543,16.0,95.0,0.0,0.0,0.5,-4.590476190476192,0.0,5.0,0.0,22.0,0,1.0,variable,0.9663958061029083,0.08287292817679558,0.1270718232044199,high
2026-06-12,SKU-BBQ-006,18,WH-NORTH,retail,140.4,,,False,0,0,0,0,0,0,0,0,0,0,,,4,24,6,2,0,0,0,23.0,20.0,19.0,17.0,19.0,24.142857142857142,5.6103645582253066,23.928571428571427,5.356007205634953,28.9,15.157449517054932,16.0,95.0,-5.0,-1.0,0.2142857142857153,-4.757142857142856,4.0,4.0,0.0,21.0,0,1.0,variable,0.9663958061029083,0.08287292817679558,0.1270718232044199,high
2026-06-13,SKU-BBQ-006,30,WH-NORTH,online,234.0,,,False,0,0,0,0,0,0,0,0,0,0,,,5,24,6,2,1,0,0,18.0,23.0,31.0,30.0,16.0,24.0,5.7735026918962715,24.0,5.262348115842208,28.866666666666667,15.18105292185268,16.0,95.0,12.0,-1.0,0.0,-4.866666666666667,-13.0,2.0,0.0,20.0,0,1.0,variable,0.9663958061029083,0.08287292817679558,0.1270718232044199,high
2026-06-14,SKU-BBQ-006,34,WH-NORTH,online,265.2,,,False,0,0,0,0,0,0,0,0,0,0,,,6,24,6,2,1,0,0,30.0,23.0,33.0,32.0,26.0,23.857142857142858,5.580578567035617,24.0,5.262348115842208,29.333333333333332,14.985817049586517,17.0,95.0,4.0,1.0,-0.14285714285714235,-5.4761904761904745,-3.0,4.0,0.0,19.0,0,1.0,variable,0.9663958061029083,0.08287292817679558,0.1270718232044199,high
2026-06-15,SKU-BBQ-006,22,WH-NORTH,retail,171.6,,,False,0,0,0,0,0,0,0,0,0,0,,,0,25,6,2,0,0,0,34.0,18.0,20.0,19.0,46.0,24.0,5.859465277082329,24.142857142857142,5.517205854375998,29.6,14.99563154779555,17.0,95.0,-12.0,2.0,-0.14285714285714235,-5.600000000000001,14.0,-12.0,0.0,18.0,0,1.0,variable,0.9663958061029083,0.08287292817679558,0.1270718232044199,high
2026-06-16,SKU-BBQ-006,22,WH-NORTH,retail,171.6,,,False,0,0,0,0,0,0,0,0,0,0,,,1,25,6,2,0,0,0,22.0,30.0,20.0,21.0,45.0,24.285714285714285,5.67786009321253,24.357142857142858,5.358058529802708,28.8,14.72834471116949,17.0,95.0,0.0,2.0,-0.07142857142857295,-4.514285714285716,2.0,-23.0,0.0,17.0,0,1.0,variable,0.9663958061029083,0.08287292817679558,0.1270718232044199,high
2026-06-17,SKU-BBQ-006,24,WH-NORTH,retail,187.2,,,False,0,0,0,0,0,0,0,0,0,0,,,2,25,6,2,0,0,0,22.0,34.0,23.0,24.0,27.0,24.571428571428573,5.472876844254869,24.428571428571427,5.316364948321044,28.033333333333335,14.452021296006649,17.0,95.0,2.0,1.0,0.1428571428571459,-3.461904761904762,-1.0,-5.0,0.0,16.0,0,1.0,variable,0.9663958061029083,0.08287292817679558,0.1270718232044199,high
2026-06-18,SKU-BBQ-006,25,WH-NORTH,retail,195.0,,,False,0,0,0,0,0,0,0,0,0,0,,,3,25,6,2,0,0,0,24.0,22.0,23.0,23.0,33.0,24.714285714285715,5.437961803049811,24.428571428571427,5.316364948321044,27.933333333333334,14.469786198962236,17.0,95.0,1.0,2.0,0.28571428571428825,-3.2190476190476183,1.0,-9.0,0.0,15.0,0,1.0,variable,0.9663958061029083,0.08287292817679558,0.1270718232044199,high
2026-06-19,SKU-BBQ-006,21,WH-NORTH,retail,163.8,,,False,0,0,0,0,0,0,0,0,0,0,,,4,25,6,2,0,0,0,25.0,22.0,18.0,19.0,37.0,25.0,5.3851648071345215,24.571428571428573,5.301876093411696,27.666666666666668,14.446890450133575,17.0,95.0,-4.0,3.0,0.42857142857142705,-2.666666666666668,7.0,-12.0,0.0,14.0,0,1.0,variable,0.9663958061029083,0.08287292817679558,0.1270718232044199,high
2026-06-20,SKU-BBQ-006,32,WH-NORTH,online,249.6,,,False,0,0,0,0,0,0,0,0,0,0,,,5,25,6,2,1,0,0,21.0,24.0,30.0,31.0,31.0,25.428571428571427,4.825527358301317,24.714285714285715,5.1653962753421965,27.133333333333333,14.385656969244797,17.0,95.0,11.0,2.0,0.7142857142857117,-1.7047619047619058,-9.0,-10.0,0.0,12.0,0,1.0,variable,0.9663958061029083,0.08287292817679558,0.1270718232044199,high
2026-06-21,SKU-BBQ-006,35,WH-NORTH,online,273.0,,,False,0,0,0,0,0,0,0,0,0,0,,,6,25,6,2,1,0,0,32.0,25.0,34.0,33.0,27.0,25.714285714285715,5.186980037050664,24.785714285714285,5.264957760493486,27.166666666666668,14.3960802455662,17.0,95.0,3.0,1.0,0.9285714285714306,-1.4523809523809526,-2.0,5.0,0.0,10.0,0,1.0,variable,0.9663958061029083,0.08287292817679558,0.1270718232044199,high
2026-06-22,SKU-BBQ-006,24,WH-NORTH,retail,187.2,,,False,0,0,0,0,0,0,0,0,0,0,,,0,26,6,2,0,0,0,35.0,21.0,22.0,20.0,95.0,25.857142857142858,5.459809869356627,24.928571428571427,5.525664397424747,27.433333333333334,14.4668070335899,17.0,95.0,-11.0,2.0,0.9285714285714306,-1.576190476190476,13.0,-60.0,0.0,8.0,0,1.0,variable,0.9663958061029083,0.08287292817679558,0.1270718232044199,high
2026-06-23,SKU-BBQ-006,22,WH-NORTH,retail,171.6,,,False,0,0,0,0,0,0,0,0,0,0,,,1,26,6,2,0,0,0,24.0,32.0,22.0,20.0,48.0,26.142857142857142,5.273473599964641,25.214285714285715,5.351902198551232,25.066666666666666,6.817489341358732,17.0,48.0,-2.0,0.0,0.928571428571427,1.076190476190476,2.0,-24.0,0.0,6.0,0,0.0,variable,0.9663958061029083,0.08287292817679558,0.1270718232044199,high
2026-06-24,SKU-BBQ-006,23,WH-NORTH,retail,179.4,,,False,0,0,0,0,0,0,0,0,0,0,,,2,26,6,2,0,0,0,22.0,35.0,24.0,23.0,22.0,26.142857142857142,5.273473599964641,25.357142857142858,5.227253181564501,24.2,5.281065723167385,17.0,35.0,1.0,-1.0,0.7857142857142847,1.942857142857143,-2.0,0.0,0.0,4.0,0,0.0,variable,0.9663958061029083,0.08287292817679558,0.1270718232044199,high
2026-06-25,SKU-BBQ-006,24,WH-NORTH,retail,187.2,,,False,0,0,0,0,0,0,0,0,0,0,,,3,26,6,2,0,0,0,23.0,24.0,25.0,23.0,19.0,26.0,5.354126134736357,25.357142857142858,5.227253181564501,24.233333333333334,5.269844814395937,17.0,35.0,1.0,-1.0,0.6428571428571423,1.7666666666666657,-2.0,4.0,0.0,2.0,0,0.0,variable,0.9663958061029083,0.08287292817679558,0.1270718232044199,high
2026-06-26,SKU-BBQ-006,21,WH-NORTH,retail,163.8,,,False,0,0,0,0,0,0,0,0,0,0,,,4,26,6,2,0,0,0,24.0,22.0,21.0,18.0,22.0,25.857142857142858,5.398412465054643,25.428571428571427,5.19932370919213,24.4,5.176871642217882,17.0,35.0,-3.0,0.0,0.4285714285714306,1.457142857142859,3.0,2.0,0.0,0.0,0,0.0,variable,0.9663958061029083,0.08287292817679558,0.1270718232044199,high
2026-06-27,SKU-BBQ-006,31,WH-NORTH,online,241.8,,,False,0,0,0,0,0,0,0,0,0,0,,,5,26,6,2,1,0,0,21.0,23.0,32.0,30.0,19.0,25.857142857142858,5.398412465054643,25.642857142857142,4.924149951743257,24.366666666666667,5.196041818029596,17.0,35.0,10.0,-1.0,0.2142857142857153,1.4904761904761905,-11.0,2.0,0.0,0.0,0,0.0,variable,0.9663958061029083,0.08287292817679558,0.1270718232044199,high
2026-06-28,SKU-BBQ-006,34,WH-NORTH,online,265.2,,,False,0,0,0,0,0,0,0,0,0,0,,,6,26,6,2,1,0,0,31.0,24.0,35.0,34.0,17.0,25.714285714285715,5.219012860502975,25.714285714285715,4.998900978116227,24.766666666666666,5.230437005104592,17.0,35.0,3.0,-1.0,0.0,0.9476190476190496,-4.0,14.0,0.0,0.0,0,0.0,variable,0.9663958061029083,0.08287292817679558,0.1270718232044199,high
2026-06-29,SKU-BBQ-006,24,WH-NORTH,retail,187.2,,,False,0,0,0,0,0,0,0,0,0,0,,,0,27,6,2,0,0,0,34.0,21.0,24.0,22.0,30.0,25.571428571428573,4.928053803045832,25.714285714285715,4.998900978116227,25.333333333333332,5.280630404721017,18.0,35.0,-10.0,0.0,-0.14285714285714235,0.2380952380952408,10.0,4.0,0.0,0.0,0,0.0,variable,0.9663958061029083,0.08287292817679558,0.1270718232044199,high
2026-06-30,SKU-BBQ-006,23,WH-NORTH,retail,179.4,,,False,0,0,0,0,0,0,0,0,0,0,,,1,27,6,2,0,0,1,24.0,31.0,22.0,22.0,32.0,25.571428571428573,4.928053803045832,25.857142857142858,4.912419783759172,25.133333333333333,5.210952215143163,18.0,35.0,-1.0,1.0,-0.2857142857142847,0.4380952380952401,2.0,-8.0,0.0,0.0,0,0.0,variable,0.9663958061029083,0.08287292817679558,0.1270718232044199,high
2026-01-01,SKU-CHC-005,15,WH-NORTH,retail,149.25,New Year Holiday,,False,1,1,0,1,0,0,1,0,0,0,New Year Holiday,holiday,3,1,1,1,0,1,0,,,,,,,,,,,,,,,,,,,,0.0,0.0,0,0.0,smooth,0.26551497877289126,0.0,0.16022099447513813,high
2026-01-02,SKU-CHC-005,20,WH-NORTH,retail,199.0,,,False,1,1,0,0,1,0,1,0,0,0,New Year Holiday,holiday,4,1,1,1,0,0,0,15.0,,,,,15.0,,15.0,,15.0,,15.0,15.0,5.0,,0.0,0.0,,,1.0,1.0,0,0.0,smooth,0.26551497877289126,0.0,0.16022099447513813,high
2026-01-03,SKU-CHC-005,19,WH-NORTH,online,189.05,,,False,0,0,0,0,0,0,0,0,0,0,,,5,1,1,1,1,0,0,20.0,,,,,17.5,3.5355339059327378,17.5,3.5355339059327378,17.5,3.5355339059327378,15.0,20.0,-1.0,,0.0,0.0,,,2.0,2.0,0,0.0,smooth,0.26551497877289126,0.0,0.16022099447513813,high
2026-01-04,SKU-CHC-005,18,WH-NORTH,online,179.1,,,False,0,0,0,0,0,0,0,0,0,0,,,6,1,1,1,1,0,0,19.0,15.0,,,,18.0,2.6457513110645907,18.0,2.6457513110645907,18.0,2.6457513110645907,15.0,20.0,-1.0,,0.0,0.0,,,2.0,2.0,0,0.0,smooth,0.26551497877289126,0.0,0.16022099447513813,high
2026-01-05,SKU-CHC-005,20,WH-NORTH,retail,199.0,,,False,0,0,0,0,0,0,0,0,0,0,,,0,2,1,1,0,0,0,18.0,20.0,,,,18.0,2.160246899469287,18.0,2.160246899469287,18.0,2.160246899469287,15.0,20.0,2.0,,0.0,0.0,,,2.0,2.0,0,0.0,smooth,0.26551497877289126,0.0,0.16022099447513813,high
2026-01-06,SKU-CHC-005,20,WH-NORTH,retail,199.0,,,False,0,0,0,0,0,0,0,0,0,0,,,1,2,1,1,0,0,0,20.0,19.0,,,,18.4,2.0736441353327724,18.4,2.0736441353327724,18.4,2.0736441353327724,15.0,20.0,0.0,,0.0,0.0,,,2.0,2.0,0,0.0,smooth,0.26551497877289126,0.0,0.16022099447513813,high
2026-01-07,SKU-CHC-005,17,WH-NORTH,retail,169.15,,,False,0,0,0,0,0,0,0,0,0,0,,,2,2,1,1,0,0,0,20.0,18.0,,,,18.666666666666668,1.9663841605003505,18.666666666666668,1.9663841605003505,18.666666666666668,1.9663841605003505,15.0,20.0,-3.0,,0.0,0.0,,,2.0,2.0,0,0.0,smooth,0.26551497877289126,0.0,0.16022099447513813,high
2026-01-08,SKU-CHC-005,18,WH-NORTH,retail,179.1,,,False,0,0,0,0,0,0,0,0,0,0,,,3,2,1,1,0,0,0,17.0,20.0,15.0,,,18.428571428571427,1.902379462422684,18.428571428571427,1.902379462422684,18.428571428571427,1.902379462422684,15.0,20.0,1.0,3.0,0.0,0.0,2.0,,2.0,2.0,0,0.0,smooth,0.26551497877289126,0.0,0.16022099447513813,high
2026-01-09,SKU-CHC-005,19,WH-NORTH,retail,189.05,,,False,0,0,0,0,0,0,0,0,0,0,,,4,2,1,1,0,0,0,18.0,20.0,20.0,,,18.857142857142858,1.2149857925879126,18.375,1.7677669529663689,18.375,1.7677669529663689,15.0,20.0,1.0,-1.0,0.48214285714285765,0.48214285714285765,-2.0,,1.0,2.0,0,0.0,smooth,0.26551497877289126,0.0,0.16022099447513813,high
2026-01-10,SKU-CHC-005,19,WH-NORTH,online,189.05,,,False,0,0,0,0,0,0,0,0,0,0,,,5,2,1,1,1,0,0,19.0,17.0,19.0,,,18.714285714285715,1.1126972805283746,18.444444444444443,1.666666666666667,18.444444444444443,1.666666666666667,15.0,20.0,0.0,0.0,0.26984126984127244,0.26984126984127244,0.0,,0.0,2.0,0,0.0,smooth,0.26551497877289126,0.0,0.16022099447513813,high
2026-01-11,SKU-CHC-005,17,WH-NORTH,online,169.15,,,False,0,0,0,0,0,0,0,0,0,0,,,6,2,1,1,1,0,0,19.0,18.0,18.0,,,18.714285714285715,1.1126972805283746,18.5,1.58113883008419,18.5,1.58113883008419,15.0,20.0,-2.0,-1.0,0.2142857142857153,0.2142857142857153,1.0,,0.0,2.0,0,0.0,smooth,0.26551497877289126,0.0,0.16022099447513813,high
2026-01-12,SKU-CHC-005,19,WH-NORTH,retail,189.05,,,False,0,0,0,0,0,0,0,0,0,0,,,0,3,1,1,0,0,0,17.0,19.0,20.0,,,18.571428571428573,1.2724180205607047,18.363636363636363,1.5666989036012808,18.363636363636363,1.5666989036012808,15.0,20.0,2.0,-1.0,0.20779220779220964,0.20779220779220964,-3.0,,0.0,2.0,0,0.0,smooth,0.26551497877289126,0.0,0.16022099447513813,high
2026-01-13,SKU-CHC-005,22,WH-NORTH,retail,218.9,,,False,0,0,0,0,0,0,0,0,0,0,,,1,3,1,1,0,0,0,19.0,19.0,20.0,,,18.428571428571427,1.1338934190276833,18.416666666666668,1.5050420310248867,18.416666666666668,1.5050420310248867,15.0,20.0,3.0,2.0,0.011904761904759198,0.011904761904759198,-1.0,,0.0,2.0,0,0.0,smooth,0.26551497877289126,0.0,0.16022099447513813,high
2026-01-14,SKU-CHC-005,19,WH-NORTH,retail,189.05,,,False,0,0,0,0,0,0,0,0,0,0,,,2,3,1,1,0,0,0,22.0,17.0,17.0,,,18.714285714285715,1.7043362064926943,18.692307692307693,1.7504578155735615,18.692307692307693,1.7504578155735615,15.0,22.0,-3.0,2.0,0.0219780219780219,0.0219780219780219,5.0,,0.0,2.0,0,0.0,smooth,0.26551497877289126,0.0,0.16022099447513813,high
2026-01-15,SKU-CHC-005,18,WH-NORTH,retail,179.1,,,False,0,0,0,0,0,0,0,0,0,0,,,3,3,1,1,0,0,0,19.0,19.0,18.0,15.0,,19.0,1.5275252316519476,18.714285714285715,1.6837947722821909,18.714285714285715,1.6837947722821909,15.0,22.0,-1.0,0.0,0.2857142857142847,0.2857142857142847,1.0,,0.0,2.0,0,0.0,smooth,0.26551497877289126,0.0,0.16022099447513813,high
2026-01-16,SKU-CHC-005,21,WH-NORTH,retail,208.95,,,False,0,0,0,0,0,0,0,0,0,0,,,4,3,1,1,0,0,0,18.0,22.0,19.0,20.0,,19.0,1.5275252316519476,18.928571428571427,1.328057326976612,18.666666666666668,1.632993161855452,15.0,22.0,3.0,2.0,0.07142857142857295,0.33333333333333215,-1.0,,0.0,2.0,0,0.0,smooth,0.26551497877289126,0.0,0.16022099447513813,high
2026-01-17,SKU-CHC-005,21,WH-NORTH,online,208.95,,,False,0,0,0,0,0,0,0,0,0,0,,,5,3,1,1,1,0,0,21.0,19.0,19.0,19.0,,19.285714285714285,1.7043362064926943,19.0,1.4142135623730951,18.8125,1.682012683265696,15.0,22.0,0.0,2.0,0.2857142857142847,0.4732142857142847,2.0,,0.0,2.0,0,0.0,smooth,0.26551497877289126,0.0,0.16022099447513813,high
2026-01-18,SKU-CHC-005,19,WH-NORTH,online,189.05,,,False,0,0,0,0,0,0,0,0,0,0,,,6,3,1,1,1,0,0,21.0,18.0,17.0,18.0,,19.571428571428573,1.8126539343499326,19.142857142857142,1.5118578920369095,18.941176470588236,1.7128407776006982,15.0,22.0,-2.0,2.0,0.4285714285714306,0.6302521008403374,4.0,,0.0,2.0,0,0.0,smooth,0.26551497877289126,0.0,0.16022099447513813,high
2026-01-19,SKU-CHC-005,19,WH-NORTH,retail,189.05,,,False,0,0,0,0,0,0,0,0,0,0,,,0,4,1,1,0,0,0,19.0,21.0,19.0,20.0,,19.857142857142858,1.4638501094228018,19.214285714285715,1.4769288003552112,18.944444444444443,1.6617574758359692,15.0,22.0,0.0,0.0,0.6428571428571423,0.9126984126984148,0.0,,0.0,2.0,0,0.0,smooth,0.26551497877289126,0.0,0.16022099447513813,high
2026-01-20,SKU-CHC-005,22,WH-NORTH,retail,218.9,,,False,0,0,0,0,0,0,0,0,0,0,,,1,4,1,1,0,0,0,19.0,21.0,22.0,20.0,,19.857142857142858,1.4638501094228018,19.142857142857142,1.4600918230947442,18.94736842105263,1.6149882768933415,15.0,22.0,3.0,0.0,0.7142857142857153,0.9097744360902276,-3.0,,0.0,2.0,0,0.0,smooth,0.26551497877289126,0.0,0.16022099447513813,high
2026-01-21,SKU-CHC-005,19,WH-NORTH,retail,189.05,,,False,0,0,0,0,0,0,0,0,0,0,,,2,4,1,1,0,0,0,22.0,19.0,19.0,17.0,,19.857142857142858,1.4638501094228018,19.285714285714285,1.6374732612530454,19.1,1.7137217117324384,15.0,22.0,-3.0,0.0,0.571428571428573,0.7571428571428562,3.0,,0.0,2.0,0,0.0,smooth,0.26551497877289126,0.0,0.16022099447513813,high
2026-01-22,SKU-CHC-005,17,WH-NORTH,retail,169.15,,,False,0,0,0,0,0,0,0,0,0,0,,,3,4,1,1,0,0,0,19.0,19.0,18.0,18.0,,19.857142857142858,1.4638501094228018,19.428571428571427,1.5045717874984457,19.095238095238095,1.6704718466577613,15.0,22.0,-2.0,-1.0,0.4285714285714306,0.7619047619047628,1.0,,0.0,2.0,0,0.0,smooth,0.26551497877289126,0.0,0.16022099447513813,high
2026-01-23,SKU-CHC-005,19,WH-NORTH,retail,189.05,,,False,0,0,0,0,0,0,0,0,0,0,,,4,4,1,1,0,0,0,17.0,22.0,21.0,19.0,,19.714285714285715,1.704336206492695,19.357142857142858,1.5984195491000035,19.0,1.6903085094570334,15.0,22.0,2.0,-2.0,0.35714285714285765,0.7142857142857153,-4.0,,0.0,2.0,0,0.0,smooth,0.26551497877289126,0.0,0.16022099447513813,high
2026-01-24,SKU-CHC-005,21,WH-NORTH,online,208.95,,,False,0,0,0,0,0,0,0,0,0,0,,,5,4,1,1,1,0,0,19.0,19.0,21.0,19.0,,19.428571428571427,1.6183471874253752,19.357142857142858,1.5984195491000035,19.0,1.651445647689541,15.0,22.0,2.0,0.0,0.0714285714285694,0.42857142857142705,-2.0,,0.0,2.0,0,0.0,smooth,0.26551497877289126,0.0,0.16022099447513813,high
2026-01-25,SKU-CHC-005,18,WH-NORTH,online,179.1,,,False,0,0,0,0,0,0,0,0,0,0,,,6,4,1,1,1,0,0,21.0,17.0,19.0,17.0,,19.428571428571427,1.6183471874253752,19.5,1.652503927610835,19.083333333333332,1.6659418713870482,15.0,22.0,-3.0,-1.0,-0.07142857142857295,0.3452380952380949,2.0,,0.0,2.0,0,0.0,smooth,0.26551497877289126,0.0,0.16022099447513813,high
2026-01-26,SKU-CHC-005,17,WH-NORTH,retail,169.15,,,False,0,0,0,0,0,0,0,0,0,0,,,0,5,1,1,0,0,0,18.0,19.0,19.0,19.0,,19.285714285714285,1.7043362064926941,19.571428571428573,1.554857684028485,19.04,1.645195023900409,15.0,22.0,-1.0,-2.0,-0.28571428571428825,0.24571428571428555,-1.0,,0.0,2.0,0,0.0,smooth,0.26551497877289126,0.0,0.16022099447513813,high
2026-01-27,SKU-CHC-005,22,WH-NORTH,retail,218.9,,,False,0,0,0,0,0,0,0,0,0,0,,,1,5,1,1,0,0,0,17.0,21.0,22.0,22.0,,19.0,1.9148542155126769,19.428571428571427,1.6967972416057506,18.96153846153846,1.6608616855299958,15.0,22.0,5.0,0.0,-0.42857142857142705,0.0384615384615401,-5.0,,0.0,2.0,0,0.0,smooth,0.26551497877289126,0.0,0.16022099447513813,high
2026-01-28,SKU-CHC-005,21,WH-NORTH,retail,208.95,,,False,0,0,0,0,0,0,0,0,0,0,,,2,5,1,1,0,0,0,22.0,18.0,19.0,19.0,,19.0,1.9148542155126769,19.428571428571427,1.6967972416057506,19.074074074074073,1.73040515322337,15.0,22.0,-1.0,2.0,-0.42857142857142705,-0.07407407407407263,3.0,,0.0,2.0,0,0.0,smooth,0.26551497877289126,0.0,0.16022099447513813,high
2026-01-29,SKU-CHC-005,18,WH-NORTH,retail,179.1,,,False,0,0,0,0,0,0,0,0,0,0,,,3,5,1,1,0,0,0,21.0,17.0,17.0,18.0,,19.285714285714285,2.0586634591635518,19.571428571428573,1.7415415679698947,19.142857142857142,1.736626907505759,15.0,22.0,-3.0,1.0,-0.28571428571428825,0.14285714285714235,4.0,,0.0,2.0,0,0.0,smooth,0.26551497877289126,0.0,0.16022099447513813,high
2026-01-30,SKU-CHC-005,19,WH-NORTH,retail,189.05,,,False,0,0,0,0,0,0,0,0,0,0,,,4,5,1,1,0,0,0,18.0,22.0,19.0,21.0,,19.428571428571427,1.9023794624226846,19.571428571428573,1.7415415679698947,19.103448275862068,1.718488280566193,15.0,22.0,1.0,0.0,-0.1428571428571459,0.32512315270935943,-1.0,,0.0,2.0,0,0.0,smooth,0.26551497877289126,0.0,0.16022099447513813,high
2026-01-31,SKU-CHC-005,23,WH-NORTH,online,228.85,,,False,0,0,0,0,0,0,0,0,0,0,,,5,5,1,1,1,0,1,19.0,21.0,21.0,21.0,15.0,19.428571428571427,1.9023794624226846,19.428571428571427,1.6967972416057506,19.1,1.6887048699909155,15.0,22.0,4.0,2.0,0.0,0.3285714285714256,-2.0,4.0,0.0,2.0,0,0.0,smooth,0.26551497877289126,0.0,0.16022099447513813,high
2026-02-01,SKU-CHC-005,20,WH-NORTH,online,199.0,,,False,0,0,0,0,0,0,0,0,0,0,,,6,5,2,1,1,1,0,23.0,18.0,18.0,19.0,20.0,19.714285714285715,2.2886885410853184,19.571428571428573,1.9100658753958344,19.366666666666667,1.6501480254047298,17.0,23.0,-3.0,2.0,0.14285714285714235,0.34761904761904816,5.0,3.0,0.0,1.0,0,0.0,smooth,0.26551497877289126,0.0,0.16022099447513813,high
2026-02-02,SKU-CHC-005,18,WH-NORTH,retail,179.1,,,False,1,1,1,0,0,1,0,0,0,0,Valentine Campaign,promotion,0,6,2,1,0,0,0,20.0,19.0,17.0,19.0,19.0,20.0,2.1602468994692883,19.642857142857142,1.9057460827371886,19.366666666666667,1.6501480254047298,17.0,23.0,-2.0,1.0,0.35714285714285765,0.6333333333333329,3.0,1.0,0.0,0.0,0,0.0,smooth,0.26551497877289126,0.0,0.16022099447513813,high
2026-02-03,SKU-CHC-005,22,WH-NORTH,retail,218.9,,,False,1,1,1,0,0,1,0,0,0,0,Valentine Campaign,promotion,1,6,2,1,0,0,0,18.0,23.0,22.0,22.0,18.0,20.142857142857142,1.9518001458970686,19.571428571428573,1.9499225118444603,19.333333333333332,1.6678156958735881,17.0,23.0,4.0,0.0,0.5714285714285694,0.8095238095238102,-4.0,0.0,1.0,1.0,0,0.0,smooth,0.26551497877289126,0.0,0.16022099447513813,high
2026-02-04,SKU-CHC-005,22,WH-NORTH,retail,218.9,,,False,1,1,1,0,0,1,0,0,0,0,Valentine Campaign,promotion,2,6,2,1,0,0,0,22.0,20.0,21.0,19.0,20.0,20.142857142857142,1.9518001458970686,19.571428571428573,1.9499225118444603,19.466666666666665,1.7167196733251506,17.0,23.0,0.0,1.0,0.5714285714285694,0.6761904761904773,1.0,2.0,2.0,2.0,0,0.0,smooth,0.26551497877289126,0.0,0.16022099447513813,high
2026-02-05,SKU-CHC-005,18,WH-NORTH,retail,179.1,,,False,1,1,1,0,0,1,0,0,0,0,Valentine Campaign,promotion,3,6,2,1,0,0,0,22.0,18.0,18.0,17.0,20.0,20.285714285714285,2.0586634591635535,19.785714285714285,2.0448272986535296,19.533333333333335,1.7759569219172378,17.0,23.0,-4.0,0.0,0.5,0.7523809523809497,4.0,2.0,3.0,3.0,0,0.0,smooth,0.26551497877289126,0.0,0.16022099447513813,high
2026-02-06,SKU-CHC-005,17,WH-NORTH,retail,169.15,,,False,1,1,1,0,0,1,0,0,0,0,Valentine Campaign,promotion,4,6,2,1,0,0,0,18.0,22.0,19.0,19.0,17.0,20.285714285714285,2.0586634591635535,19.857142857142858,1.9555500055421324,19.466666666666665,1.7952683659406268,17.0,23.0,-1.0,-2.0,0.42857142857142705,0.8190476190476197,-1.0,1.0,4.0,4.0,0,0.0,smooth,0.26551497877289126,0.0,0.16022099447513813,high
2026-02-07,SKU-CHC-005,49,WH-NORTH,online,487.55,Valentine Campaign,,False,1,1,0,1,0,1,0,0,0,0,Valentine Campaign,promotion,5,6,2,1,1,0,0,17.0,22.0,23.0,21.0,18.0,20.0,2.3804761428476175,19.714285714285715,2.0913216810491835,19.466666666666665,1.7952683659406268,17.0,23.0,32.0,26.0,0.2857142857142847,0.533333333333335,-6.0,-1.0,5.0,5.0,0,0.0,smooth,0.26551497877289126,0.0,0.16022099447513813,high
2026-02-08,SKU-CHC-005,45,WH-NORTH,online,447.75,Valentine Campaign,,False,1,1,0,1,0,1,0,0,0,0,Valentine Campaign,promotion,6,6,2,1,1,0,0,49.0,18.0,20.0,18.0,19.0,23.714285714285715,11.324226032630014,21.714285714285715,8.118625986710308,20.5,5.6675117693016235,17.0,49.0,-4.0,25.0,2.0,3.2142857142857153,29.0,30.0,6.0,6.0,0,0.0,smooth,0.26551497877289126,0.0,0.16022099447513813,high
2026-02-09,SKU-CHC-005,37,WH-NORTH,retail,368.15,Valentine Campaign,,False,1,1,0,1,0,1,0,0,0,0,Valentine Campaign,promotion,0,7,2,1,0,0,0,45.0,17.0,18.0,17.0,19.0,27.285714285714285,13.659115219201743,23.642857142857142,10.126941544955471,21.366666666666667,7.208631480114098,17.0,49.0,-8.0,19.0,3.6428571428571423,5.919047619047618,27.0,26.0,7.0,7.0,0,0.0,smooth,0.26551497877289126,0.0,0.16022099447513813,high
2026-02-10,SKU-CHC-005,46,WH-NORTH,retail,457.7,Valentine Campaign,,False,1,1,0,1,0,1,0,0,0,0,Valentine Campaign,promotion,1,7,2,1,0,0,0,37.0,49.0,22.0,22.0,17.0,30.0,13.391539617733784,25.071428571428573,10.52078006550908,21.966666666666665,7.734755120985358,17.0,49.0,9.0,24.0,4.928571428571427,8.033333333333335,15.0,20.0,7.0,8.0,0,0.0,smooth,0.26551497877289126,0.0,0.16022099447513813,high
2026-02-11,SKU-CHC-005,51,WH-NORTH,retail,507.45,Valentine Campaign,,False,1,1,0,1,0,1,0,0,0,0,Valentine Campaign,promotion,2,7,2,1,0,0,0,46.0,45.0,22.0,21.0,19.0,33.42857142857143,14.05770420869097,26.785714285714285,11.852806038614276,22.933333333333334,8.827595186777044,17.0,49.0,5.0,29.0,6.642857142857146,10.495238095238097,24.0,27.0,7.0,9.0,0,0.0,smooth,0.26551497877289126,0.0,0.16022099447513813,high
2026-02-12,SKU-CHC-005,42,WH-NORTH,retail,417.9,Valentine Campaign,,False,1,1,0,1,0,1,0,0,0,0,Valentine Campaign,promotion,3,7,2,1,0,0,0,51.0,37.0,18.0,18.0,22.0,37.57142857142857,14.397420403867997,28.928571428571427,13.344340694520229,24.0,10.167561671552704,17.0,51.0,-9.0,24.0,8.642857142857142,13.57142857142857,33.0,29.0,7.0,10.0,0,0.0,smooth,0.26551497877289126,0.0,0.16022099447513813,high
2026-02-13,SKU-CHC-005,39,WH-NORTH,retail,388.05,Valentine Campaign,,False,1,1,0,1,0,1,0,0,0,0,Valentine Campaign,promotion,4,7,2,1,0,0,0,42.0,46.0,17.0,19.0,19.0,41.0,11.532562594670807,30.642857142857142,13.373953692257103,24.666666666666668,10.674924964069104,17.0,51.0,-3.0,22.0,10.357142857142858,16.333333333333332,25.0,23.0,7.0,11.0,0,0.0,smooth,0.26551497877289126,0.0,0.16022099447513813,high
2026-02-14,SKU-CHC-005,51,WH-NORTH,online,507.45,Valentine Campaign,,False,1,1,0,1,0,1,0,0,0,0,Valentine Campaign,promotion,5,7,2,1,1,0,0,39.0,51.0,49.0,23.0,18.0,44.142857142857146,5.113008619478109,32.07142857142857,13.099995805720328,25.333333333333332,10.930291138291611,17.0,51.0,12.0,2.0,12.071428571428577,18.809523809523814,-10.0,21.0,7.0,12.0,0,0.0,smooth,0.26551497877289126,0.0,0.16022099447513813,high
2026-02-15,SKU-CHC-005,23,WH-NORTH,online,228.85,,,False,1,1,0,0,1,1,0,0,0,0,Valentine Campaign,promotion,6,7,2,1,1,0,0,51.0,42.0,45.0,20.0,21.0,44.42857142857143,5.47287684425488,34.07142857142857,13.730730753786089,26.433333333333334,11.793286615503005,17.0,51.0,-28.0,-22.0,10.357142857142861,17.995238095238097,6.0,30.0,7.0,13.0,0,0.0,smooth,0.26551497877289126,0.0,0.16022099447513813,high
2026-02-16,SKU-CHC-005,18,WH-NORTH,retail,179.1,,,False,0,0,0,0,0,0,0,0,0,0,,,0,8,2,1,0,0,0,23.0,39.0,37.0,18.0,21.0,41.285714285714285,9.74190750853046,34.285714285714285,13.515965325544407,26.5,11.767137172710248,17.0,51.0,-5.0,-19.0,7.0,14.785714285714285,-14.0,2.0,7.0,14.0,0,0.0,smooth,0.26551497877289126,0.0,0.16022099447513813,high
2026-02-17,SKU-CHC-005,21,WH-NORTH,retail,208.95,,,False,0,0,0,0,0,0,0,0,0,0,,,1,8,2,1,0,0,0,18.0,51.0,46.0,22.0,19.0,38.57142857142857,13.176458083227368,34.285714285714285,13.515965325544407,26.4,11.828078807475967,17.0,51.0,3.0,-25.0,4.285714285714285,12.17142857142857,-28.0,-1.0,6.0,14.0,0,0.0,smooth,0.26551497877289126,0.0,0.16022099447513813,high
2026-02-18,SKU-CHC-005,24,WH-NORTH,retail,238.8,,,False,0,0,0,0,0,0,0,0,0,0,,,2,8,2,1,0,0,0,21.0,23.0,51.0,22.0,19.0,35.0,14.177446878757832,34.214285714285715,13.588335333765398,26.466666666666665,11.79050855366396,17.0,51.0,3.0,-27.0,0.7857142857142847,8.533333333333335,-30.0,2.0,5.0,14.0,0,0.0,smooth,0.26551497877289126,0.0,0.16022099447513813,high
2026-02-19,SKU-CHC-005,20,WH-NORTH,retail,199.0,,,False,0,0,0,0,0,0,0,0,0,0,,,3,8,2,1,0,0,0,24.0,18.0,42.0,18.0,22.0,31.142857142857142,12.694205652298898,34.357142857142854,13.459952810850776,26.633333333333333,11.716429176318107,17.0,51.0,-4.0,-22.0,-3.2142857142857117,4.5095238095238095,-18.0,2.0,4.0,14.0,0,0.0,smooth,0.26551497877289126,0.0,0.16022099447513813,high
2026-02-20,SKU-CHC-005,17,WH-NORTH,retail,169.15,,,False,0,0,0,0,0,0,0,0,0,0,,,4,8,2,1,0,0,0,20.0,21.0,39.0,17.0,19.0,28.0,12.27463509301465,34.5,13.282434901894945,26.566666666666666,11.749345787607991,17.0,51.0,-3.0,-22.0,-6.5,1.4333333333333336,-19.0,1.0,3.0,14.0,0,0.0,smooth,0.26551497877289126,0.0,0.16022099447513813,high
2026-02-21,SKU-CHC-005,21,WH-NORTH,online,208.95,,,False,0,0,0,0,0,0,0,0,0,0,,,5,8,2,1,1,0,0,17.0,24.0,51.0,49.0,17.0,24.857142857142858,11.795883059053157,34.5,13.282434901894945,26.5,11.799327859290736,17.0,51.0,4.0,-30.0,-9.642857142857142,-1.6428571428571423,-34.0,0.0,2.0,14.0,0,0.0,smooth,0.26551497877289126,0.0,0.16022099447513813,high
2026-02-22,SKU-CHC-005,22,WH-NORTH,online,218.9,,,False,0,0,0,0,0,0,0,0,0,0,,,6,8,2,1,1,0,0,21.0,20.0,23.0,45.0,19.0,20.571428571428573,2.50713268211205,32.5,13.036929794301205,26.633333333333333,11.710541473783158,17.0,51.0,1.0,-1.0,-11.928571428571427,-6.06190476190476,-2.0,2.0,1.0,14.0,0,0.0,smooth,0.26551497877289126,0.0,0.16022099447513813,high
2026-02-23,SKU-CHC-005,17,WH-NORTH,retail,169.15,,,False,0,0,0,0,0,0,0,0,0,0,,,0,9,2,1,0,0,0,22.0,17.0,18.0,37.0,21.0,20.428571428571427,2.370453040886424,30.857142857142858,12.787356392800017,26.733333333333334,11.655791318669351,17.0,51.0,-5.0,-1.0,-10.42857142857143,-6.304761904761907,4.0,1.0,0.0,14.0,0,0.0,smooth,0.26551497877289126,0.0,0.16022099447513813,high
2026-02-24,SKU-CHC-005,19,WH-NORTH,retail,189.05,,,False,0,0,0,0,0,0,0,0,0,0,,,1,9,2,1,0,0,0,17.0,21.0,21.0,46.0,18.0,20.285714285714285,2.563479777846638,29.428571428571427,13.160046093643182,26.6,11.74616591884788,17.0,51.0,2.0,-2.0,-9.142857142857142,-6.314285714285717,-4.0,-1.0,0.0,14.0,0,0.0,smooth,0.26551497877289126,0.0,0.16022099447513813,high
2026-02-25,SKU-CHC-005,22,WH-NORTH,retail,218.9,,,False,0,0,0,0,0,0,0,0,0,0,,,2,9,2,1,0,0,0,19.0,22.0,24.0,51.0,17.0,20.0,2.5819888974716254,27.5,12.506921160824387,26.633333333333333,11.722313921669258,17.0,51.0,3.0,-2.0,-7.5,-6.633333333333333,-5.0,2.0,0.0,14.0,0,0.0,smooth,0.26551497877289126,0.0,0.16022099447513813,high
2026-02-26,SKU-CHC-005,21,WH-NORTH,retail,208.95,,,False,0,0,0,0,0,0,0,0,0,0,,,3,9,2,1,0,0,0,22.0,17.0,20.0,42.0,22.0,19.714285714285715,2.1380899352994116,25.428571428571427,10.56637836007927,26.8,11.615684996203818,17.0,51.0,-1.0,1.0,-5.714285714285712,-7.085714285714285,2.0,0.0,0.0,14.0,0,0.0,smooth,0.26551497877289126,0.0,0.16022099447513813,high
2026-02-27,SKU-CHC-005,17,WH-NORTH,retail,169.15,,,False,0,0,0,0,0,0,0,0,0,0,,,4,9,2,1,0,0,0,21.0,19.0,17.0,39.0,21.0,19.857142857142858,2.1930626551751504,23.928571428571427,9.466250055322323,26.766666666666666,11.631358723172733,17.0,51.0,-4.0,0.0,-4.071428571428569,-6.909523809523808,4.0,0.0,0.0,14.0,0,0.0,smooth,0.26551497877289126,0.0,0.16022099447513813,high
2026-02-28,SKU-CHC-005,21,WH-NORTH,online,208.95,,,False,0,0,0,0,0,0,0,0,0,0,,,5,9,2,1,1,0,1,17.0,22.0,21.0,51.0,18.0,19.857142857142858,2.1930626551751504,22.357142857142858,8.553965727680314,26.633333333333333,11.722313921669258,17.0,51.0,4.0,0.0,-2.5,-6.776190476190475,-4.0,-1.0,0.0,14.0,0,0.0,smooth,0.26551497877289126,0.0,0.16022099447513813,high
2026-03-01,SKU-CHC-005,24,WH-NORTH,online,238.8,,,False,0,0,0,0,0,0,0,0,0,0,,,6,9,3,1,1,1,0,21.0,21.0,22.0,23.0,19.0,19.857142857142858,2.1930626551751504,20.214285714285715,2.2930856412793235,26.733333333333334,11.65874936610309,17.0,51.0,3.0,2.0,-0.35714285714285765,-6.876190476190477,-1.0,2.0,0.0,14.0,0,0.0,smooth,0.26551497877289126,0.0,0.16022099447513813,high
2026-03-02,SKU-CHC-005,20,WH-NORTH,retail,199.0,,,False,0,0,0,0,0,0,0,0,0,0,,,0,10,3,1,0,0,0,24.0,17.0,17.0,18.0,23.0,20.142857142857142,2.609506430251492,20.285714285714285,2.3996336716760345,26.9,11.579857660967852,17.0,51.0,-4.0,3.0,-0.14285714285714235,-6.757142857142856,7.0,1.0,0.0,14.0,0,0.0,smooth,0.26551497877289126,0.0,0.16022099447513813,high
2026-03-03,SKU-CHC-005,20,WH-NORTH,retail,199.0,,,False,0,0,0,0,0,0,0,0,0,0,,,1,10,3,1,0,0,0,20.0,21.0,19.0,21.0,20.0,20.571428571428573,2.2253945610567647,20.428571428571427,2.3109866595588553,26.8,11.627553482998906,17.0,51.0,0.0,1.0,0.1428571428571459,-6.228571428571428,1.0,0.0,0.0,14.0,0,0.0,smooth,0.26551497877289126,0.0,0.16022099447513813,high
2026-03-04,SKU-CHC-005,23,WH-NORTH,retail,228.85,,,False,0,0,0,0,0,0,0,0,0,0,,,2,10,3,1,0,0,0,20.0,24.0,22.0,24.0,18.0,20.714285714285715,2.138089935299414,20.357142857142858,2.3074175660628655,26.8,11.627553482998906,17.0,51.0,3.0,1.0,0.35714285714285765,-6.085714285714285,-2.0,2.0,0.0,14.0,0,0.0,smooth,0.26551497877289126,0.0,0.16022099447513813,high
2026-03-05,SKU-CHC-005,23,WH-NORTH,retail,228.85,,,False,0,0,0,0,0,0,0,0,0,0,,,3,10,3,1,0,0,0,23.0,20.0,21.0,20.0,22.0,20.857142857142858,2.2677868380553816,20.285714285714285,2.1989008243130215,26.966666666666665,11.53251276065683,17.0,51.0,0.0,2.0,0.571428571428573,-6.109523809523807,2.0,1.0,0.0,13.0,0,0.0,smooth,0.26551497877289126,0.0,0.16022099447513813,high
2026-03-06,SKU-CHC-005,18,WH-NORTH,retail,179.1,,,False,0,0,0,0,0,0,0,0,0,0,,,4,10,3,1,0,0,0,23.0,20.0,17.0,17.0,22.0,21.142857142857142,2.4102953780654963,20.5,2.312175133105947,27.0,11.519099581669296,17.0,51.0,-5.0,1.0,0.6428571428571423,-5.857142857142858,6.0,1.0,0.0,12.0,0,0.0,smooth,0.26551497877289126,0.0,0.16022099447513813,high
2026-03-07,SKU-CHC-005,20,WH-NORTH,online,199.0,,,False,0,0,0,0,0,0,0,0,0,0,,,5,10,3,1,1,0,0,18.0,23.0,21.0,21.0,18.0,21.285714285714285,2.138089935299415,20.571428571428573,2.2088732148135026,26.866666666666667,11.601823083057882,17.0,51.0,2.0,-1.0,0.7142857142857117,-5.580952380952382,-3.0,0.0,0.0,11.0,0,0.0,smooth,0.26551497877289126,0.0,0.16022099447513813,high
2026-03-08,SKU-CHC-005,23,WH-NORTH,online,228.85,,,False,0,0,0,0,0,0,0,0,0,0,,,6,10,3,1,1,0,0,20.0,23.0,24.0,22.0,17.0,21.142857142857142,2.1930626551751535,20.5,2.210116599778175,26.933333333333334,11.554767140802142,17.0,51.0,3.0,-1.0,0.6428571428571423,-5.790476190476191,-4.0,3.0,0.0,10.0,0,0.0,smooth,0.26551497877289126,0.0,0.16022099447513813,high
2026-03-09,SKU-CHC-005,20,WH-NORTH,retail,199.0,,,False,0,0,0,0,0,0,0,0,0,0,,,0,11,3,1,0,0,0,23.0,18.0,20.0,17.0,49.0,21.0,2.0000000000000204,20.571428571428573,2.277457614712697,27.133333333333333,11.428136280714137,17.0,51.0,-3.0,0.0,0.42857142857142705,-6.133333333333333,3.0,-26.0,0.0,9.0,0,0.0,smooth,0.26551497877289126,0.0,0.16022099447513813,high
2026-03-10,SKU-CHC-005,18,WH-NORTH,retail,179.1,,,False,0,0,0,0,0,0,0,0,0,0,,,1,11,3,1,0,0,0,20.0,20.0,20.0,19.0,45.0,21.0,2.0000000000000204,20.785714285714285,2.044827298653446,26.166666666666668,10.719248987246015,17.0,51.0,-2.0,-2.0,0.2142857142857153,-5.166666666666668,0.0,-25.0,0.0,8.0,0,0.0,smooth,0.26551497877289126,0.0,0.16022099447513813,high
2026-03-11,SKU-CHC-005,21,WH-NORTH,retail,208.95,,,False,0,0,0,0,0,0,0,0,0,0,,,2,11,3,1,0,0,0,18.0,23.0,23.0,22.0,37.0,20.714285714285715,2.2886885410853353,20.714285714285715,2.1277858274441517,25.266666666666666,10.20457413777436,17.0,51.0,3.0,-2.0,0.0,-4.55238095238095,-5.0,-19.0,0.0,7.0,0,0.0,smooth,0.26551497877289126,0.0,0.16022099447513813,high
2026-03-12,SKU-CHC-005,22,WH-NORTH,retail,218.9,,,False,0,0,0,0,0,0,0,0,0,0,,,3,11,3,1,0,0,0,21.0,20.0,23.0,21.0,46.0,20.428571428571427,2.0701966780270817,20.642857142857142,2.0978796202591234,24.733333333333334,9.985967165472006,17.0,51.0,1.0,-1.0,-0.2142857142857153,-4.304761904761907,-2.0,-25.0,0.0,6.0,0,0.0,smooth,0.26551497877289126,0.0,0.16022099447513813,high
2026-03-13,SKU-CHC-005,18,WH-NORTH,retail,179.1,,,False,0,0,0,0,0,0,0,0,0,0,,,4,11,3,1,0,0,0,22.0,18.0,18.0,17.0,51.0,20.285714285714285,1.8898223650461565,20.714285714285715,2.1277858274441517,23.933333333333334,9.149838262498688,17.0,51.0,-4.0,0.0,-0.4285714285714306,-3.647619047619049,4.0,-29.0,0.0,5.0,0,0.0,smooth,0.26551497877289126,0.0,0.16022099447513813,high
2026-03-14,SKU-CHC-005,19,WH-NORTH,online,189.05,,,False,0,0,0,0,0,0,0,0,0,0,,,5,11,3,1,1,0,0,18.0,21.0,20.0,21.0,42.0,20.285714285714285,1.8898223650461565,20.785714285714285,2.0068563793834864,22.833333333333332,7.643267640864411,17.0,51.0,1.0,-1.0,-0.5,-2.5476190476190474,-2.0,-24.0,0.0,4.0,0,0.0,smooth,0.26551497877289126,0.0,0.16022099447513813,high
2026-03-15,SKU-CHC-005,23,WH-NORTH,online,228.85,,,False,0,0,0,0,0,0,0,0,0,0,,,6,11,3,1,1,0,0,19.0,22.0,23.0,24.0,39.0,20.142857142857142,1.951800145897086,20.642857142857142,2.060886398434521,22.066666666666666,6.756520902997609,17.0,51.0,4.0,0.0,-0.5,-1.923809523809524,-4.0,-20.0,0.0,3.0,0,0.0,smooth,0.26551497877289126,0.0,0.16022099447513813,high
2026-03-16,SKU-CHC-005,22,WH-NORTH,retail,218.9,,,False,0,0,0,0,0,0,0,0,0,0,,,0,12,3,1,0,0,0,23.0,18.0,20.0,20.0,51.0,20.142857142857142,1.951800145897086,20.571428571428573,1.9499225118443717,21.533333333333335,5.958091185498305,17.0,51.0,-1.0,2.0,-0.4285714285714306,-1.3904761904761926,3.0,-28.0,0.0,2.0,0,0.0,smooth,0.26551497877289126,0.0,0.16022099447513813,high
2026-03-17,SKU-CHC-005,20,WH-NORTH,retail,199.0,,,False,0,0,0,0,0,0,0,0,0,0,,,1,12,3,1,0,0,0,22.0,19.0,18.0,20.0,23.0,20.428571428571427,2.0701966780270817,20.714285714285715,1.9778998741310387,20.566666666666666,2.1444930810596214,17.0,24.0,-2.0,2.0,-0.28571428571428825,-0.13809523809523938,4.0,-1.0,0.0,1.0,0,0.0,smooth,0.26551497877289126,0.0,0.16022099447513813,high
2026-03-18,SKU-CHC-005,22,WH-NORTH,retail,218.9,,,False,0,0,0,0,0,0,0,0,0,0,,,2,12,3,1,0,0,0,20.0,23.0,21.0,23.0,18.0,20.714285714285715,1.799470821684898,20.714285714285715,1.9778998741310387,20.466666666666665,2.0965214758858344,17.0,24.0,2.0,1.0,0.0,0.2476190476190503,-1.0,2.0,0.0,0.0,0,0.0,smooth,0.26551497877289126,0.0,0.16022099447513813,high
2026-03-19,SKU-CHC-005,24,WH-NORTH,retail,238.8,,,False,0,0,0,0,0,0,0,0,0,0,,,3,12,3,1,0,0,0,22.0,22.0,22.0,23.0,21.0,20.857142857142858,1.8644544714716313,20.642857142857142,1.9057460827370984,20.6,2.0611346055192294,17.0,24.0,2.0,2.0,0.2142857142857153,0.25714285714285623,0.0,1.0,0.0,0.0,0,0.0,smooth,0.26551497877289126,0.0,0.16022099447513813,high
2026-03-20,SKU-CHC-005,20,WH-NORTH,retail,199.0,,,False,0,0,0,0,0,0,0,0,0,0,,,4,12,3,1,0,0,0,24.0,20.0,18.0,18.0,24.0,21.142857142857142,2.1930626551751535,20.714285714285715,2.016416144037171,20.7,2.15198384816396,17.0,24.0,-4.0,2.0,0.42857142857142705,0.44285714285714306,6.0,0.0,0.0,0.0,0,0.0,smooth,0.26551497877289126,0.0,0.16022099447513813,high
2026-03-21,SKU-CHC-005,19,WH-NORTH,online,189.05,,,False,0,0,0,0,0,0,0,0,0,0,,,5,12,3,1,1,0,0,20.0,22.0,19.0,20.0,20.0,21.428571428571427,1.812653934349955,20.857142857142858,1.8752289237538942,20.566666666666666,2.0625283000496477,17.0,24.0,-1.0,0.0,0.5714285714285694,0.8619047619047606,1.0,0.0,0.0,0.0,0,0.0,smooth,0.26551497877289126,0.0,0.16022099447513813,high
2026-03-22,SKU-CHC-005,22,WH-NORTH,online,218.9,,,False,0,0,0,0,0,0,0,0,0,0,,,6,12,3,1,1,0,0,19.0,24.0,23.0,23.0,17.0,21.428571428571427,1.812653934349955,20.785714285714285,1.9286731759891018,20.533333333333335,2.0800088417141733,17.0,24.0,3.0,-1.0,0.6428571428571423,0.8952380952380921,-4.0,2.0,0.0,0.0,0,0.0,smooth,0.26551497877289126,0.0,0.16022099447513813,high
2026-03-23,SKU-CHC-005,22,WH-NORTH,retail,218.9,,,False,0,0,0,0,0,0,0,0,0,0,,,0,13,3,1,0,0,0,22.0,20.0,22.0,20.0,21.0,21.285714285714285,1.7043362064927183,20.714285714285715,1.8575654633280405,20.7,1.985290736981557,17.0,24.0,0.0,0.0,0.5714285714285694,0.5857142857142854,0.0,1.0,0.0,0.0,0,0.0,smooth,0.26551497877289126,0.0,0.16022099447513813,high
2026-03-24,SKU-CHC-005,19,WH-NORTH,retail,189.05,,,False,0,0,0,0,0,0,0,0,0,0,,,1,13,3,1,0,0,0,22.0,19.0,20.0,18.0,22.0,21.285714285714285,1.7043362064927183,20.857142857142858,1.8752289237538942,20.733333333333334,1.9988502442280465,17.0,24.0,-3.0,-1.0,0.42857142857142705,0.5523809523809504,2.0,0.0,0.0,0.0,0,0.0,smooth,0.26551497877289126,0.0,0.16022099447513813,high
2026-03-25,SKU-CHC-005,19,WH-NORTH,retail,189.05,,,False,0,0,0,0,0,0,0,0,0,0,,,2,13,3,1,0,0,0,19.0,22.0,22.0,21.0,17.0,21.142857142857142,1.8644544714716316,20.928571428571427,1.7743595036945932,20.633333333333333,2.008316044185595,17.0,24.0,0.0,-3.0,0.2142857142857153,0.5095238095238095,-3.0,2.0,0.0,0.0,0,0.0,smooth,0.26551497877289126,0.0,0.16022099447513813,high
2026-03-26,SKU-CHC-005,22,WH-NORTH,retail,218.9,,,False,0,0,0,0,0,0,0,0,0,0,,,3,13,3,1,0,0,0,19.0,22.0,24.0,22.0,19.0,20.714285714285715,1.9760470401187291,20.785714285714285,1.8471837786445562,20.7,1.914554058097931,17.0,24.0,3.0,-2.0,-0.0714285714285694,0.014285714285716011,-5.0,0.0,0.0,0.0,0,0.0,smooth,0.26551497877289126,0.0,0.16022099447513813,high
2026-03-27,SKU-CHC-005,19,WH-NORTH,retail,189.05,,,False,0,0,0,0,0,0,0,0,0,0,,,4,13,3,1,0,0,0,22.0,19.0,20.0,18.0,22.0,20.428571428571427,1.5118578920369372,20.785714285714285,1.8471837786445562,20.8,1.9009979230520542,17.0,24.0,-3.0,-1.0,-0.35714285714285765,-0.37142857142857366,2.0,0.0,0.0,0.0,0,0.0,smooth,0.26551497877289126,0.0,0.16022099447513813,high
2026-03-28,SKU-CHC-005,18,WH-NORTH,online,179.1,,,False,0,0,0,0,0,0,0,0,0,0,,,5,13,3,1,1,0,0,19.0,19.0,19.0,19.0,21.0,20.285714285714285,1.6035674514745732,20.857142857142858,1.74784011137882,20.7,1.914554058097931,17.0,24.0,-1.0,-1.0,-0.571428571428573,-0.4142857142857146,0.0,-2.0,0.0,0.0,0,0.0,smooth,0.26551497877289126,0.0,0.16022099447513813,high
2026-03-29,SKU-CHC-005,21,WH-NORTH,online,208.95,,,False,0,0,0,0,0,0,0,0,0,0,,,6,13,3,1,1,0,0,18.0,22.0,22.0,23.0,17.0,20.142857142857142,1.7728105208558615,20.785714285714285,1.8471837786445562,20.6,1.975714624094789,17.0,24.0,3.0,-1.0,-0.6428571428571423,-0.45714285714285907,-4.0,1.0,0.0,0.0,0,0.0,smooth,0.26551497877289126,0.0,0.16022099447513813,high
2026-03-30,SKU-CHC-005,22,WH-NORTH,retail,218.9,,,False,0,0,0,0,0,0,0,0,0,0,,,0,14,3,1,0,0,0,21.0,19.0,22.0,22.0,21.0,20.0,1.6329931618554792,20.642857142857142,1.7368026705654218,20.733333333333334,1.855714999917683,18.0,24.0,1.0,0.0,-0.6428571428571423,-0.7333333333333343,-1.0,0.0,0.0,0.0,0,0.0,smooth,0.26551497877289126,0.0,0.16022099447513813,high
2026-03-31,SKU-CHC-005,21,WH-NORTH,retail,208.95,,,False,0,0,0,0,0,0,0,0,0,0,,,1,14,3,1,0,0,1,22.0,18.0,19.0,20.0,24.0,20.0,1.6329931618554792,20.642857142857142,1.7368026705654218,20.766666666666666,1.869599502259915,18.0,24.0,-1.0,2.0,-0.6428571428571423,-0.7666666666666657,3.0,-2.0,0.0,0.0,0,0.0,smooth,0.26551497877289126,0.0,0.16022099447513813,high
2026-04-01,SKU-CHC-005,20,WH-NORTH,retail,199.0,,,False,1,1,1,0,0,0,1,0,0,0,Easter Holiday,holiday,2,14,4,2,0,1,0,21.0,21.0,19.0,22.0,20.0,20.285714285714285,1.603567451474573,20.714285714285715,1.7288756430150365,20.666666666666668,1.7681732894739532,18.0,24.0,-1.0,1.0,-0.4285714285714306,-0.38095238095238315,2.0,1.0,0.0,0.0,0,0.0,smooth,0.26551497877289126,0.0,0.16022099447513813,high
2026-04-02,SKU-CHC-005,23,WH-NORTH,retail,228.85,,,False,1,1,1,0,0,0,1,0,0,0,Easter Holiday,holiday,3,14,4,2,0,0,0,20.0,22.0,22.0,24.0,20.0,20.428571428571427,1.511857892036937,20.571428571428573,1.6967972416056494,20.666666666666668,1.7681732894739532,18.0,24.0,3.0,1.0,-0.1428571428571459,-0.2380952380952408,-2.0,0.0,1.0,1.0,0,0.0,smooth,0.26551497877289126,0.0,0.16022099447513813,high
2026-04-03,SKU-CHC-005,22,WH-NORTH,retail,218.9,,,False,1,1,1,0,0,0,1,0,0,0,Easter Holiday,holiday,4,14,4,2,0,0,0,23.0,21.0,19.0,20.0,23.0,20.571428571428573,1.7182493859684735,20.5,1.556623564988203,20.766666666666666,1.8134237638032606,18.0,24.0,-1.0,3.0,0.07142857142857295,-0.19523809523809277,4.0,0.0,2.0,2.0,0,0.0,smooth,0.26551497877289126,0.0,0.16022099447513813,high
2026-04-04,SKU-CHC-005,20,WH-NORTH,online,199.0,,,False,1,1,1,0,0,0,1,0,0,0,Easter Holiday,holiday,5,14,4,2,1,0,0,22.0,20.0,18.0,19.0,23.0,21.0,1.6329931618554774,20.642857142857142,1.5984195490998974,20.733333333333334,1.7798359733284328,18.0,24.0,-2.0,2.0,0.35714285714285765,0.2666666666666657,4.0,-1.0,3.0,3.0,0,0.0,smooth,0.26551497877289126,0.0,0.16022099447513813,high
2026-04-05,SKU-CHC-005,25,WH-NORTH,online,248.75,Easter Holiday,,False,1,1,0,1,0,0,1,0,0,0,Easter Holiday,holiday,6,14,4,2,1,0,0,20.0,23.0,21.0,22.0,18.0,21.285714285714285,1.1126972805284094,20.714285714285715,1.5406577730391786,20.633333333333333,1.7317189652806222,18.0,24.0,5.0,4.0,0.5714285714285694,0.6523809523809518,-1.0,2.0,4.0,4.0,0,0.0,smooth,0.26551497877289126,0.0,0.16022099447513813,high
2026-04-06,SKU-CHC-005,22,WH-NORTH,retail,218.9,,,False,1,1,0,0,1,0,1,0,0,0,Easter Holiday,holiday,0,15,4,2,0,0,0,25.0,22.0,22.0,22.0,20.0,21.857142857142858,1.7728105208558587,20.928571428571427,1.8999710813298678,20.866666666666667,1.8332810859848618,18.0,25.0,-3.0,0.0,0.9285714285714306,0.9904761904761905,3.0,5.0,5.0,5.0,0,0.0,smooth,0.26551497877289126,0.0,0.16022099447513813,high
2026-04-07,SKU-CHC-005,22,WH-NORTH,retail,218.9,,,False,0,0,0,0,0,0,0,0,0,0,,,1,15,4,2,0,0,0,22.0,20.0,21.0,19.0,23.0,21.857142857142858,1.7728105208558587,20.928571428571427,1.8999710813298678,20.933333333333334,1.8370390969378174,18.0,25.0,0.0,1.0,0.9285714285714306,0.9238095238095241,1.0,-1.0,6.0,6.0,0,0.0,smooth,0.26551497877289126,0.0,0.16022099447513813,high
2026-04-08,SKU-CHC-005,19,WH-NORTH,retail,189.05,,,False,0,0,0,0,0,0,0,0,0,0,,,2,15,4,2,0,0,0,22.0,25.0,20.0,19.0,20.0,22.0,1.7320508075688998,21.142857142857142,1.8337495365062946,20.9,1.807074221325527,18.0,25.0,-3.0,-1.0,0.8571428571428577,1.1000000000000014,2.0,2.0,6.0,6.0,0,0.0,smooth,0.26551497877289126,0.0,0.16022099447513813,high
2026-04-09,SKU-CHC-005,20,WH-NORTH,retail,199.0,,,False,0,0,0,0,0,0,0,0,0,0,,,3,15,4,2,0,0,0,19.0,22.0,23.0,22.0,18.0,21.857142857142858,1.9518001458970864,21.142857142857142,1.8337495365062946,20.866666666666667,1.8332810859848618,18.0,25.0,1.0,-3.0,0.7142857142857153,0.9904761904761905,-4.0,1.0,5.0,6.0,0,0.0,smooth,0.26551497877289126,0.0,0.16022099447513813,high
2026-04-10,SKU-CHC-005,21,WH-NORTH,retail,208.95,,,False,0,0,0,0,0,0,0,0,0,0,,,4,15,4,2,0,0,0,20.0,22.0,22.0,19.0,21.0,21.428571428571427,1.9880595947760298,21.0,1.839732422015513,20.933333333333334,1.7603552410557917,18.0,25.0,1.0,-1.0,0.42857142857142705,0.4952380952380935,-2.0,-1.0,4.0,6.0,0,0.0,smooth,0.26551497877289126,0.0,0.16022099447513813,high
2026-04-11,SKU-CHC-005,20,WH-NORTH,online,199.0,,,False,0,0,0,0,0,0,0,0,0,0,,,5,15,4,2,1,0,0,21.0,19.0,20.0,18.0,22.0,21.285714285714285,1.9760470401187278,21.142857142857142,1.747840111378825,20.933333333333334,1.7603552410557917,18.0,25.0,-1.0,0.0,0.14285714285714235,0.35238095238095113,1.0,-1.0,3.0,6.0,0,0.0,smooth,0.26551497877289126,0.0,0.16022099447513813,high
2026-04-12,SKU-CHC-005,19,WH-NORTH,online,189.05,,,False,0,0,0,0,0,0,0,0,0,0,,,6,15,4,2,1,0,0,20.0,20.0,25.0,21.0,18.0,21.285714285714285,1.9760470401187278,21.285714285714285,1.5406577730391877,20.866666666666667,1.756433167320726,18.0,25.0,-1.0,-6.0,0.0,0.41904761904761756,-5.0,2.0,2.0,6.0,0,0.0,smooth,0.26551497877289126,0.0,0.16022099447513813,high
2026-04-13,SKU-CHC-005,21,WH-NORTH,retail,208.95,,,False,0,0,0,0,0,0,0,0,0,0,,,0,16,4,2,0,0,0,19.0,21.0,22.0,22.0,19.0,20.428571428571427,1.272418020560738,21.142857142857142,1.6574838603293953,20.9,1.7090025322311153,18.0,25.0,2.0,-1.0,-0.7142857142857153,-0.47142857142857153,-3.0,0.0,1.0,6.0,0,0.0,smooth,0.26551497877289126,0.0,0.16022099447513813,high
2026-04-14,SKU-CHC-005,22,WH-NORTH,retail,218.9,,,False,0,0,0,0,0,0,0,0,0,0,,,1,16,4,2,0,0,0,21.0,20.0,22.0,21.0,23.0,20.285714285714285,1.1126972805284139,21.071428571428573,1.6391501416322025,20.966666666666665,1.6709141279516604,18.0,25.0,1.0,0.0,-0.7857142857142883,-0.6809523809523803,-1.0,-2.0,0.0,6.0,0,0.0,smooth,0.26551497877289126,0.0,0.16022099447513813,high
2026-04-15,SKU-CHC-005,20,WH-NORTH,retail,199.0,,,False,0,0,0,0,0,0,0,0,0,0,,,2,16,4,2,0,0,0,22.0,19.0,19.0,20.0,22.0,20.285714285714285,1.1126972805284139,21.142857142857142,1.6574838603293953,20.933333333333334,1.6386144974533574,18.0,25.0,-2.0,1.0,-0.8571428571428577,-0.6476190476190489,3.0,0.0,0.0,6.0,0,0.0,smooth,0.26551497877289126,0.0,0.16022099447513813,high
2026-04-16,SKU-CHC-005,20,WH-NORTH,retail,199.0,,,False,0,0,0,0,0,0,0,0,0,0,,,3,16,4,2,0,0,0,20.0,21.0,20.0,23.0,20.0,20.428571428571427,0.9759000729485787,21.142857142857142,1.6574838603293953,20.866666666666667,1.634400308313738,18.0,25.0,0.0,0.0,-0.7142857142857153,-0.4380952380952401,0.0,0.0,0.0,6.0,0,0.0,smooth,0.26551497877289126,0.0,0.16022099447513813,high
2026-04-17,SKU-CHC-005,22,WH-NORTH,retail,218.9,,,False,0,0,0,0,0,0,0,0,0,0,,,4,16,4,2,0,0,0,20.0,22.0,21.0,22.0,22.0,20.428571428571427,0.9759000729485787,20.928571428571427,1.5915297775934658,20.866666666666667,1.634400308313738,18.0,25.0,2.0,1.0,-0.5,-0.4380952380952401,-1.0,-2.0,0.0,6.0,0,0.0,smooth,0.26551497877289126,0.0,0.16022099447513813,high
2026-04-18,SKU-CHC-005,22,WH-NORTH,online,218.9,,,False,0,0,0,0,0,0,0,0,0,0,,,5,16,4,2,1,0,0,22.0,20.0,20.0,20.0,24.0,20.571428571428573,1.1338934190277206,20.928571428571427,1.5915297775934658,20.866666666666667,1.634400308313738,18.0,25.0,0.0,2.0,-0.3571428571428541,-0.2952380952380942,2.0,-2.0,0.0,6.0,0,0.0,smooth,0.26551497877289126,0.0,0.16022099447513813,high
2026-04-19,SKU-CHC-005,20,WH-NORTH,online,199.0,,,False,0,0,0,0,0,0,0,0,0,0,,,6,16,4,2,1,0,0,22.0,20.0,19.0,25.0,20.0,20.857142857142858,1.214985792587948,21.071428571428573,1.5915297775934687,20.8,1.5402641958779009,18.0,25.0,-2.0,1.0,-0.2142857142857153,0.05714285714285694,3.0,2.0,0.0,6.0,0,0.0,smooth,0.26551497877289126,0.0,0.16022099447513813,high
2026-04-20,SKU-CHC-005,21,WH-NORTH,retail,208.95,,,False,0,0,0,0,0,0,0,0,0,0,,,0,17,4,2,0,0,0,20.0,22.0,21.0,22.0,19.0,21.0,1.0000000000000435,20.714285714285715,1.1387288073562365,20.8,1.5402641958779009,18.0,25.0,1.0,0.0,0.2857142857142847,0.1999999999999993,-1.0,1.0,0.0,6.0,0,0.0,smooth,0.26551497877289126,0.0,0.16022099447513813,high
2026-04-21,SKU-CHC-005,23,WH-NORTH,retail,228.85,,,False,0,0,0,0,0,0,0,0,0,0,,,1,17,4,2,0,0,0,21.0,22.0,22.0,22.0,22.0,21.0,1.0000000000000435,20.642857142857142,1.0818177620696223,20.866666666666667,1.5024883574816033,18.0,25.0,2.0,1.0,0.35714285714285765,0.13333333333333286,-1.0,-1.0,0.0,6.0,0,0.0,smooth,0.26551497877289126,0.0,0.16022099447513813,high
2026-04-22,SKU-CHC-005,20,WH-NORTH,retail,199.0,,,False,0,0,0,0,0,0,0,0,0,0,,,2,17,4,2,0,0,0,23.0,20.0,20.0,19.0,22.0,21.142857142857142,1.214985792587948,20.714285714285715,1.2043875831928483,20.9,1.5391444107819547,18.0,25.0,-3.0,0.0,0.42857142857142705,0.24285714285714377,3.0,1.0,0.0,6.0,0,0.0,smooth,0.26551497877289126,0.0,0.16022099447513813,high
2026-04-23,SKU-CHC-005,19,WH-NORTH,retail,189.05,,,False,0,0,0,0,0,0,0,0,0,0,,,3,17,4,2,0,0,0,20.0,21.0,20.0,20.0,19.0,21.142857142857142,1.214985792587948,20.785714285714285,1.1217137594954525,20.833333333333332,1.5331584108120162,18.0,25.0,-1.0,-1.0,0.35714285714285765,0.3095238095238102,0.0,1.0,0.0,6.0,0,0.0,smooth,0.26551497877289126,0.0,0.16022099447513813,high
2026-04-24,SKU-CHC-005,20,WH-NORTH,retail,199.0,,,False,0,0,0,0,0,0,0,0,0,0,,,4,17,4,2,0,0,0,19.0,23.0,22.0,21.0,19.0,21.0,1.414213562373126,20.714285714285715,1.2043875831928483,20.833333333333332,1.5331584108120162,18.0,25.0,1.0,-2.0,0.2857142857142847,0.16666666666666785,-3.0,0.0,0.0,6.0,0,0.0,smooth,0.26551497877289126,0.0,0.16022099447513813,high
2026-04-25,SKU-CHC-005,21,WH-NORTH,online,208.95,,,False,0,0,0,0,0,0,0,0,0,0,,,5,17,4,2,1,0,0,20.0,20.0,22.0,20.0,22.0,20.714285714285715,1.3801311186847398,20.642857142857142,1.2157392722214881,20.866666666666667,1.5024883574816033,18.0,25.0,1.0,-1.0,0.07142857142857295,-0.15238095238095184,-2.0,-2.0,0.0,6.0,0,0.0,smooth,0.26551497877289126,0.0,0.16022099447513813,high
2026-04-26,SKU-CHC-005,18,WH-NORTH,online,179.1,,,False,0,0,0,0,0,0,0,0,0,0,,,6,17,4,2,1,0,0,21.0,19.0,20.0,19.0,19.0,20.571428571428573,1.2724180205607372,20.714285714285715,1.2043875831928483,20.833333333333332,1.4874957741657178,18.0,25.0,-3.0,-2.0,-0.14285714285714235,-0.2619047619047592,1.0,2.0,0.0,6.0,0,0.0,smooth,0.26551497877289126,0.0,0.16022099447513813,high
2026-04-27,SKU-CHC-005,19,WH-NORTH,retail,189.05,,,False,0,0,0,0,0,0,0,0,0,0,,,0,18,4,2,0,0,0,18.0,20.0,21.0,21.0,18.0,20.285714285714285,1.6035674514745728,20.642857142857142,1.3363062095619933,20.8,1.5402641958779006,18.0,25.0,1.0,-2.0,-0.35714285714285765,-0.514285714285716,-3.0,0.0,0.0,6.0,0,0.0,smooth,0.26551497877289126,0.0,0.16022099447513813,high
2026-04-28,SKU-CHC-005,23,WH-NORTH,retail,228.85,,,False,0,0,0,0,0,0,0,0,0,0,,,1,18,4,2,0,0,0,19.0,21.0,23.0,22.0,21.0,20.0,1.6329931618554776,20.5,1.4005493427716533,20.833333333333332,1.487495774165718,18.0,25.0,4.0,0.0,-0.5,-0.8333333333333321,-4.0,-2.0,0.0,6.0,0,0.0,smooth,0.26551497877289126,0.0,0.16022099447513813,high
2026-04-29,SKU-CHC-005,21,WH-NORTH,retail,208.95,,,False,0,0,0,0,0,0,0,0,0,0,,,2,18,4,2,0,0,0,23.0,18.0,20.0,20.0,22.0,20.0,1.6329931618554776,20.571428571428573,1.5045717874983286,20.9,1.5391444107819547,18.0,25.0,-2.0,1.0,-0.571428571428573,-0.8999999999999986,3.0,1.0,0.0,6.0,0,0.0,smooth,0.26551497877289126,0.0,0.16022099447513813,high
2026-04-30,SKU-CHC-005,18,WH-NORTH,retail,179.1,,,False,0,0,0,0,0,0,0,0,0,0,,,3,18,4,2,0,0,1,21.0,19.0,19.0,20.0,21.0,20.142857142857142,1.6761634196950768,20.642857142857142,1.499083969380102,20.866666666666667,1.5252661346824512,18.0,25.0,-3.0,-1.0,-0.5,-0.7238095238095248,2.0,0.0,0.0,6.0,0,0.0,smooth,0.26551497877289126,0.0,0.16022099447513813,high
2026-05-01,SKU-CHC-005,20,WH-NORTH,retail,199.0,,,False,0,0,0,0,0,0,0,0,0,0,,,4,18,5,2,0,1,0,18.0,23.0,20.0,22.0,20.0,20.0,1.8257418583505767,20.5,1.6525039276107272,20.766666666666666,1.6120950886075518,18.0,25.0,2.0,0.0,-0.5,-0.7666666666666657,-2.0,-2.0,0.0,6.0,0,0.0,smooth,0.26551497877289126,0.0,0.16022099447513813,high
2026-05-02,SKU-CHC-005,23,WH-NORTH,online,228.85,,,False,0,0,0,0,0,0,0,0,0,0,,,5,18,5,2,1,0,0,20.0,21.0,21.0,22.0,23.0,20.0,1.8257418583505767,20.357142857142858,1.5984195490998903,20.766666666666666,1.6120950886075518,18.0,25.0,3.0,2.0,-0.35714285714285765,-0.7666666666666657,-1.0,-3.0,0.0,5.0,0,0.0,smooth,0.26551497877289126,0.0,0.16022099447513813,high
2026-05-03,SKU-CHC-005,20,WH-NORTH,online,199.0,,,False,0,0,0,0,0,0,0,0,0,0,,,6,18,5,2,1,0,0,23.0,18.0,18.0,20.0,22.0,20.285714285714285,2.138089935299415,20.428571428571427,1.6967972416056445,20.766666666666666,1.6120950886075518,18.0,25.0,-3.0,2.0,-0.14285714285714235,-0.480952380952381,5.0,1.0,0.0,4.0,0,0.0,smooth,0.26551497877289126,0.0,0.16022099447513813,high
2026-05-04,SKU-CHC-005,19,WH-NORTH,retail,189.05,,,False,0,0,0,0,0,0,0,0,0,0,,,0,19,5,2,0,0,0,20.0,20.0,19.0,21.0,20.0,20.571428571428573,1.9023794624227073,20.428571428571427,1.6967972416056445,20.7,1.6006464211427787,18.0,25.0,-1.0,0.0,0.1428571428571459,-0.12857142857142634,1.0,0.0,0.0,3.0,0,0.0,smooth,0.26551497877289126,0.0,0.16022099447513813,high
2026-05-05,SKU-CHC-005,23,WH-NORTH,retail,228.85,,,False,0,0,0,0,0,0,0,0,0,0,,,1,19,5,2,0,0,0,19.0,23.0,23.0,23.0,25.0,20.571428571428573,1.9023794624227073,20.285714285714285,1.7288756430150285,20.666666666666668,1.625939162736258,18.0,25.0,4.0,0.0,0.28571428571428825,-0.0952380952380949,-4.0,-6.0,0.0,2.0,0,0.0,smooth,0.26551497877289126,0.0,0.16022099447513813,high
2026-05-06,SKU-CHC-005,22,WH-NORTH,retail,218.9,,,False,0,0,0,0,0,0,0,0,0,0,,,2,19,5,2,0,0,0,23.0,20.0,21.0,20.0,22.0,20.571428571428573,1.9023794624227073,20.285714285714285,1.7288756430150285,20.6,1.4762487408385916,18.0,23.0,-1.0,1.0,0.28571428571428825,-0.02857142857142847,2.0,1.0,0.0,1.0,0,0.0,smooth,0.26551497877289126,0.0,0.16022099447513813,high
2026-05-07,SKU-CHC-005,18,WH-NORTH,retail,179.1,,,False,0,0,0,0,0,0,0,0,0,0,,,3,19,5,2,0,0,0,22.0,19.0,18.0,19.0,22.0,20.714285714285715,1.976047040118731,20.428571428571427,1.7851647506078625,20.6,1.4762487408385916,18.0,23.0,-4.0,0.0,0.28571428571428825,0.11428571428571388,4.0,0.0,0.0,0.0,0,0.0,smooth,0.26551497877289126,0.0,0.16022099447513813,high
2026-05-08,SKU-CHC-005,19,WH-NORTH,retail,189.05,,,False,0,0,0,0,0,0,0,0,0,0,,,4,19,5,2,0,0,0,18.0,23.0,20.0,20.0,19.0,20.714285714285715,1.976047040118731,20.357142857142858,1.8649455697209023,20.466666666666665,1.5252661346824468,18.0,23.0,1.0,-1.0,0.35714285714285765,0.2476190476190503,-2.0,-1.0,0.0,0.0,0,0.0,smooth,0.26551497877289126,0.0,0.16022099447513813,high
2026-05-09,SKU-CHC-005,22,WH-NORTH,online,218.9,,,False,0,0,0,0,0,0,0,0,0,0,,,5,19,5,2,1,0,0,19.0,22.0,23.0,21.0,20.0,20.571428571428573,2.0701966780270844,20.285714285714285,1.8985245861971989,20.466666666666665,1.5252661346824468,18.0,23.0,3.0,-1.0,0.28571428571428825,0.10476190476190794,-4.0,-1.0,0.0,0.0,0,0.0,smooth,0.26551497877289126,0.0,0.16022099447513813,high
2026-05-10,SKU-CHC-005,20,WH-NORTH,online,199.0,,,False,0,0,0,0,0,0,0,0,0,0,,,6,19,5,2,1,0,0,22.0,18.0,20.0,18.0,21.0,20.428571428571427,1.9023794624227068,20.357142857142858,1.945691210267942,20.533333333333335,1.5477087254553141,18.0,23.0,-2.0,0.0,0.0714285714285694,-0.10476190476190794,2.0,1.0,0.0,0.0,0,0.0,smooth,0.26551497877289126,0.0,0.16022099447513813,high
2026-05-11,SKU-CHC-005,17,WH-NORTH,retail,169.15,,,False,0,0,0,0,0,0,0,0,0,0,,,0,20,5,2,0,0,0,20.0,19.0,19.0,19.0,20.0,20.428571428571427,1.9023794624227068,20.5,1.829249530860537,20.5,1.548080012188604,18.0,23.0,-3.0,-2.0,-0.07142857142857295,-0.07142857142857295,1.0,0.0,0.0,0.0,0,0.0,smooth,0.26551497877289126,0.0,0.16022099447513813,high
2026-05-12,SKU-CHC-005,21,WH-NORTH,retail,208.95,,,False,0,0,0,0,0,0,0,0,0,0,,,1,20,5,2,0,0,0,17.0,22.0,23.0,23.0,19.0,20.142857142857142,2.267786838055382,20.357142857142858,2.0232168923292027,20.4,1.6733200530681314,17.0,23.0,4.0,-2.0,-0.2142857142857153,-0.25714285714285623,-6.0,-2.0,0.0,0.0,0,0.0,smooth,0.26551497877289126,0.0,0.16022099447513813,high
2026-05-13,SKU-CHC-005,22,WH-NORTH,retail,218.9,,,False,0,0,0,0,0,0,0,0,0,0,,,2,20,5,2,0,0,0,21.0,20.0,22.0,21.0,21.0,19.857142857142858,1.9518001458970875,20.214285714285715,1.8883680959849178,20.466666666666665,1.6553639735893153,17.0,23.0,1.0,0.0,-0.35714285714285765,-0.6095238095238074,-1.0,0.0,0.0,0.0,0,0.0,smooth,0.26551497877289126,0.0,0.16022099447513813,high
2026-05-14,SKU-CHC-005,18,WH-NORTH,retail,179.1,,,False,0,0,0,0,0,0,0,0,0,0,,,3,20,5,2,0,0,0,22.0,17.0,18.0,18.0,22.0,19.857142857142858,1.9518001458970875,20.285714285714285,1.9386185179764992,20.5,1.676408311714704,17.0,23.0,-4.0,0.0,-0.42857142857142705,-0.6428571428571423,4.0,0.0,0.0,0.0,0,0.0,smooth,0.26551497877289126,0.0,0.16022099447513813,high
2026-05-15,SKU-CHC-005,18,WH-NORTH,retail,179.1,,,False,0,0,0,0,0,0,0,0,0,0,,,4,20,5,2,0,0,0,18.0,21.0,19.0,20.0,20.0,19.857142857142858,1.9518001458970875,20.285714285714285,1.938618517976499,20.366666666666667,1.7116907014619194,17.0,23.0,0.0,-1.0,-0.42857142857142705,-0.5095238095238095,-1.0,-2.0,0.0,0.0,0,0.0,smooth,0.26551497877289126,0.0,0.16022099447513813,high
2026-05-16,SKU-CHC-005,23,WH-NORTH,online,228.85,,,False,0,0,0,0,0,0,0,0,0,0,,,5,20,5,2,1,0,0,18.0,22.0,22.0,23.0,20.0,19.714285714285715,2.058663459163571,20.142857142857142,2.0326997151246338,20.3,1.7645943169601923,17.0,23.0,5.0,1.0,-0.42857142857142705,-0.5857142857142854,-4.0,-2.0,0.0,0.0,0,0.0,smooth,0.26551497877289126,0.0,0.16022099447513813,high
2026-05-17,SKU-CHC-005,22,WH-NORTH,online,218.9,,,False,0,0,0,0,0,0,0,0,0,0,,,6,20,5,2,1,0,0,23.0,18.0,20.0,20.0,22.0,19.857142857142858,2.267786838055382,20.142857142857142,2.0326997151246338,20.4,1.8307714597761702,17.0,23.0,-1.0,2.0,-0.2857142857142847,-0.5428571428571409,3.0,1.0,0.0,0.0,0,0.0,smooth,0.26551497877289126,0.0,0.16022099447513813,high
2026-05-18,SKU-CHC-005,18,WH-NORTH,retail,179.1,,,False,0,0,0,0,0,0,0,0,0,0,,,0,21,5,2,0,0,0,22.0,18.0,17.0,19.0,22.0,20.142857142857142,2.410295378065497,20.285714285714285,2.091321681049095,20.4,1.8307714597761702,17.0,23.0,-4.0,1.0,-0.14285714285714235,-0.25714285714285623,5.0,0.0,0.0,0.0,0,0.0,smooth,0.26551497877289126,0.0,0.16022099447513813,high
2026-05-19,SKU-CHC-005,22,WH-NORTH,retail,218.9,,,False,0,0,0,0,0,0,0,0,0,0,,,1,21,5,2,0,0,0,18.0,23.0,21.0,23.0,20.0,20.285714285714285,2.214669705568303,20.214285714285715,2.1547290184282524,20.266666666666666,1.855714999917679,17.0,23.0,4.0,1.0,0.0714285714285694,0.01904761904761898,-3.0,-2.0,0.0,0.0,0,0.0,smooth,0.26551497877289126,0.0,0.16022099447513813,high
2026-05-20,SKU-CHC-005,24,WH-NORTH,retail,238.8,,,False,1,1,1,0,0,0,1,0,0,0,Memorial Day,holiday,2,21,5,2,0,0,0,22.0,22.0,22.0,22.0,21.0,20.428571428571427,2.2990681342044605,20.142857142857142,2.0701966780269747,20.333333333333332,1.8815498624956513,17.0,23.0,2.0,2.0,0.2857142857142847,0.0952380952380949,0.0,1.0,0.0,0.0,0,0.0,smooth,0.26551497877289126,0.0,0.16022099447513813,high
2026-05-21,SKU-CHC-005,19,WH-NORTH,retail,189.05,,,False,1,1,1,0,0,0,1,0,0,0,Memorial Day,holiday,3,21,5,2,0,0,0,24.0,18.0,18.0,18.0,23.0,20.714285714285715,2.627691364061237,20.285714285714285,2.267786838055284,20.433333333333334,1.9945327571990803,17.0,24.0,-5.0,1.0,0.4285714285714306,0.28095238095238173,6.0,1.0,1.0,1.0,0,0.0,smooth,0.26551497877289126,0.0,0.16022099447513813,high
2026-05-22,SKU-CHC-005,17,WH-NORTH,retail,169.15,,,False,1,1,1,0,0,0,1,0,0,0,Memorial Day,holiday,4,21,5,2,0,0,0,19.0,22.0,18.0,19.0,20.0,20.857142857142858,2.4784787961282313,20.357142857142858,2.2051388533688767,20.3,1.950243132499638,17.0,24.0,-2.0,-1.0,0.5,0.5571428571428569,1.0,-1.0,2.0,2.0,0,0.0,smooth,0.26551497877289126,0.0,0.16022099447513813,high
2026-05-23,SKU-CHC-005,22,WH-NORTH,online,218.9,,,False,1,1,1,0,0,0,1,0,0,0,Memorial Day,holiday,5,21,5,2,1,0,0,17.0,24.0,23.0,22.0,19.0,20.714285714285715,2.690370836538216,20.214285714285715,2.3592231912080095,20.2,2.040959882354193,17.0,24.0,5.0,-1.0,0.5,0.514285714285716,-6.0,-2.0,3.0,3.0,0,0.0,smooth,0.26551497877289126,0.0,0.16022099447513813,high
2026-05-24,SKU-CHC-005,21,WH-NORTH,online,208.95,,,False,1,1,1,0,0,0,1,0,0,0,Memorial Day,holiday,6,21,5,2,1,0,0,22.0,19.0,22.0,20.0,20.0,20.571428571428573,2.572750982712419,20.214285714285715,2.3592231912080095,20.3,2.0535923108811733,17.0,24.0,-1.0,-1.0,0.35714285714285765,0.27142857142857224,0.0,2.0,4.0,4.0,0,0.0,smooth,0.26551497877289126,0.0,0.16022099447513813,high
2026-05-25,SKU-CHC-005,22,WH-NORTH,retail,218.9,Memorial Day,,False,1,1,0,1,0,0,1,0,0,0,Memorial Day,holiday,0,22,5,2,0,0,0,21.0,17.0,18.0,17.0,21.0,20.428571428571427,2.5071326821120543,20.285714285714285,2.3673604720015167,20.333333333333332,2.056668436445505,17.0,24.0,1.0,4.0,0.14285714285714235,0.0952380952380949,3.0,0.0,5.0,5.0,0,0.0,smooth,0.26551497877289126,0.0,0.16022099447513813,high
2026-05-26,SKU-CHC-005,19,WH-NORTH,retail,189.05,,,False,1,1,0,0,1,0,1,0,0,0,Memorial Day,holiday,1,22,5,2,0,0,0,22.0,22.0,22.0,21.0,18.0,21.0,2.3094010767585256,20.642857142857142,2.2051388533688785,20.366666666666667,2.075860159620292,17.0,24.0,-3.0,-3.0,0.35714285714285765,0.6333333333333329,0.0,4.0,6.0,6.0,0,0.0,smooth,0.26551497877289126,0.0,0.16022099447513813,high
2026-05-27,SKU-CHC-005,22,WH-NORTH,retail,218.9,,,False,0,0,0,0,0,0,0,0,0,0,,,2,22,5,2,0,0,0,19.0,21.0,24.0,22.0,19.0,20.571428571428573,2.3704530408864293,20.5,2.244651763294517,20.4,2.0443361623831637,17.0,24.0,3.0,-2.0,0.07142857142857295,0.17142857142857437,-5.0,0.0,7.0,7.0,0,0.0,smooth,0.26551497877289126,0.0,0.16022099447513813,high
2026-05-28,SKU-CHC-005,19,WH-NORTH,retail,189.05,,,False,0,0,0,0,0,0,0,0,0,0,,,3,22,5,2,0,0,0,22.0,22.0,19.0,18.0,23.0,20.285714285714285,1.9760470401187316,20.5,2.244651763294517,20.5,2.046864717663024,17.0,24.0,-3.0,0.0,-0.2142857142857153,-0.2142857142857153,3.0,-1.0,6.0,7.0,0,0.0,smooth,0.26551497877289126,0.0,0.16022099447513813,high
2026-05-29,SKU-CHC-005,16,WH-NORTH,retail,159.2,,,False,0,0,0,0,0,0,0,0,0,0,,,4,22,5,2,0,0,0,19.0,19.0,17.0,18.0,21.0,20.285714285714285,1.9760470401187316,20.571428571428573,2.1737697038265975,20.366666666666667,2.0083160441855927,17.0,24.0,-3.0,-1.0,-0.28571428571428825,-0.08095238095238244,2.0,-2.0,5.0,7.0,0,0.0,smooth,0.26551497877289126,0.0,0.16022099447513813,high
2026-05-30,SKU-CHC-005,21,WH-NORTH,online,208.95,,,False,0,0,0,0,0,0,0,0,0,0,,,5,22,5,2,1,0,0,16.0,22.0,22.0,23.0,18.0,20.142857142857142,2.267786838055384,20.428571428571427,2.4087751663859054,20.2,2.155986053310386,16.0,24.0,5.0,-1.0,-0.2857142857142847,-0.05714285714285694,-6.0,-2.0,4.0,7.0,0,0.0,smooth,0.26551497877289126,0.0,0.16022099447513813,high
2026-05-31,SKU-CHC-005,22,WH-NORTH,online,218.9,,,False,0,0,0,0,0,0,0,0,0,0,,,6,22,5,2,1,0,1,21.0,19.0,21.0,22.0,20.0,20.0,2.160246899469308,20.285714285714285,2.3014567770659817,20.3,2.119694187442093,16.0,24.0,1.0,1.0,-0.2857142857142847,-0.3000000000000007,0.0,1.0,3.0,7.0,0,0.0,smooth,0.26551497877289126,0.0,0.16022099447513813,high
2026-06-01,SKU-CHC-005,18,WH-NORTH,retail,179.1,,,False,0,0,0,0,0,0,0,0,0,0,,,0,23,6,2,0,1,0,22.0,16.0,22.0,18.0,23.0,20.142857142857142,2.267786838055384,20.285714285714285,2.3014567770659817,20.366666666666667,2.141274730450136,16.0,24.0,-4.0,-4.0,-0.14285714285714235,-0.2238095238095248,0.0,-1.0,2.0,7.0,0,0.0,smooth,0.26551497877289126,0.0,0.16022099447513813,high
2026-06-02,SKU-CHC-005,19,WH-NORTH,retail,189.05,,,False,0,0,0,0,0,0,0,0,0,0,,,1,23,6,2,0,0,0,18.0,21.0,19.0,22.0,20.0,19.571428571428573,2.225394561056767,20.285714285714285,2.3014567770659817,20.2,2.123757243092095,16.0,24.0,1.0,0.0,-0.7142857142857117,-0.6285714285714263,-1.0,-2.0,1.0,7.0,0,0.0,smooth,0.26551497877289126,0.0,0.16022099447513813,high
2026-06-03,SKU-CHC-005,23,WH-NORTH,retail,228.85,,,False,0,0,0,0,0,0,0,0,0,0,,,2,23,6,2,0,0,0,19.0,22.0,22.0,24.0,19.0,19.571428571428573,2.225394561056767,20.071428571428573,2.268997939256728,20.166666666666668,2.134823473818794,16.0,24.0,4.0,1.0,-0.5,-0.5952380952380949,-3.0,0.0,0.0,7.0,0,0.0,smooth,0.26551497877289126,0.0,0.16022099447513813,high
2026-06-04,SKU-CHC-005,21,WH-NORTH,retail,208.95,,,False,0,0,0,0,0,0,0,0,0,0,,,3,23,6,2,0,0,0,23.0,18.0,19.0,19.0,23.0,19.714285714285715,2.429971585175842,20.0,2.148344622118212,20.3,2.1837961253838034,16.0,24.0,-2.0,2.0,-0.2857142857142847,-0.5857142857142854,4.0,0.0,0.0,7.0,0,0.0,smooth,0.26551497877289126,0.0,0.16022099447513813,high
2026-06-05,SKU-CHC-005,17,WH-NORTH,retail,169.15,,,False,0,0,0,0,0,0,0,0,0,0,,,4,23,6,2,0,0,0,21.0,19.0,16.0,17.0,22.0,20.0,2.4494897427831974,20.142857142857142,2.1432234119209848,20.233333333333334,2.1283526628524685,16.0,24.0,-4.0,1.0,-0.14285714285714235,-0.23333333333333428,5.0,-1.0,0.0,7.0,0,0.0,smooth,0.26551497877289126,0.0,0.16022099447513813,high
2026-06-06,SKU-CHC-005,20,WH-NORTH,online,199.0,,,False,0,0,0,0,0,0,0,0,0,0,,,5,23,6,2,1,0,0,17.0,23.0,21.0,22.0,18.0,20.142857142857142,2.193062655175156,20.142857142857142,2.1432234119209848,20.066666666666666,2.180372213294251,16.0,24.0,3.0,-1.0,0.0,0.07619047619047592,-4.0,-1.0,0.0,7.0,0,0.0,smooth,0.26551497877289126,0.0,0.16022099447513813,high
2026-06-07,SKU-CHC-005,22,WH-NORTH,online,218.9,,,False,0,0,0,0,0,0,0,0,0,0,,,6,23,6,2,1,0,0,20.0,21.0,22.0,21.0,19.0,20.0,2.1602468994693087,20.0,2.0754980866509936,20.133333333333333,2.145296914316207,16.0,24.0,2.0,0.0,0.0,-0.13333333333333286,-2.0,1.0,0.0,7.0,0,0.0,smooth,0.26551497877289126,0.0,0.16022099447513813,high
2026-06-08,SKU-CHC-005,18,WH-NORTH,retail,179.1,,,False,0,0,0,0,0,0,0,0,0,0,,,0,24,6,2,0,0,0,22.0,17.0,18.0,22.0,22.0,20.0,2.1602468994693087,20.071428571428573,2.1290765681315134,20.233333333333334,2.160512923348054,16.0,24.0,-4.0,0.0,-0.07142857142857295,-0.23333333333333428,4.0,0.0,0.0,7.0,0,0.0,smooth,0.26551497877289126,0.0,0.16022099447513813,high
2026-06-09,SKU-CHC-005,17,WH-NORTH,retail,169.15,,,False,0,0,0,0,0,0,0,0,0,0,,,1,24,6,2,0,0,0,18.0,20.0,19.0,19.0,20.0,20.0,2.1602468994693087,19.785714285714285,2.118728625617402,20.1,2.1711271504562326,16.0,24.0,-1.0,-2.0,0.2142857142857153,-0.10000000000000142,-1.0,-2.0,0.0,7.0,0,0.0,smooth,0.26551497877289126,0.0,0.16022099447513813,high
2026-06-10,SKU-CHC-005,20,WH-NORTH,retail,199.0,,,False,0,0,0,0,0,0,0,0,0,0,,,2,24,6,2,0,0,0,17.0,22.0,23.0,22.0,17.0,19.714285714285715,2.4299715851758417,19.642857142857142,2.2397507710643,20.0,2.243765308275491,16.0,24.0,3.0,-3.0,0.07142857142857295,-0.2857142857142847,-6.0,0.0,0.0,7.0,0,0.0,smooth,0.26551497877289126,0.0,0.16022099447513813,high
2026-06-11,SKU-CHC-005,20,WH-NORTH,retail,199.0,,,False,0,0,0,0,0,0,0,0,0,0,,,3,24,6,2,0,0,0,20.0,18.0,21.0,19.0,21.0,19.285714285714285,1.9760470401187273,19.5,2.1393744592573505,20.1,2.1711271504562326,16.0,24.0,0.0,-1.0,-0.2142857142857153,-0.8142857142857167,-1.0,-1.0,0.0,7.0,0,0.0,smooth,0.26551497877289126,0.0,0.16022099447513813,high
2026-06-12,SKU-CHC-005,15,WH-NORTH,retail,149.25,,,False,0,0,0,0,0,0,0,0,0,0,,,4,24,6,2,0,0,0,20.0,17.0,17.0,16.0,22.0,19.142857142857142,1.8644544714716291,19.571428571428573,2.1380899352993032,20.066666666666666,2.164499358111314,16.0,24.0,-5.0,-2.0,-0.4285714285714306,-0.9238095238095241,3.0,-2.0,0.0,7.0,0,0.0,smooth,0.26551497877289126,0.0,0.16022099447513813,high
2026-06-13,SKU-CHC-005,18,WH-NORTH,online,179.1,,,False,0,0,0,0,0,0,0,0,0,0,,,5,24,6,2,1,0,0,15.0,20.0,20.0,21.0,18.0,18.857142857142858,2.3401261667248945,19.5,2.278663575938163,19.833333333333332,2.3205726601992627,15.0,24.0,3.0,-2.0,-0.6428571428571423,-0.9761904761904745,-5.0,-3.0,0.0,7.0,0,0.0,smooth,0.26551497877289126,0.0,0.16022099447513813,high
2026-06-14,SKU-CHC-005,22,WH-NORTH,online,218.9,,,False,0,0,0,0,0,0,0,0,0,0,,,6,24,6,2,1,0,0,18.0,20.0,22.0,22.0,18.0,18.571428571428573,2.2990681342044548,19.285714285714285,2.267786838055274,19.833333333333332,2.3205726601992627,15.0,24.0,4.0,0.0,-0.7142857142857117,-1.2619047619047592,-4.0,0.0,0.0,7.0,0,0.0,smooth,0.26551497877289126,0.0,0.16022099447513813,high
2026-06-15,SKU-CHC-005,19,WH-NORTH,retail,189.05,,,False,0,0,0,0,0,0,0,0,0,0,,,0,25,6,2,0,0,0,22.0,15.0,18.0,18.0,23.0,18.571428571428573,2.2990681342044548,19.285714285714285,2.267786838055274,19.966666666666665,2.3265089035206463,15.0,24.0,-3.0,1.0,-0.7142857142857117,-1.395238095238092,4.0,-1.0,0.0,7.0,0,0.0,smooth,0.26551497877289126,0.0,0.16022099447513813,high
2026-06-16,SKU-CHC-005,18,WH-NORTH,retail,179.1,,,False,0,0,0,0,0,0,0,0,0,0,,,1,25,6,2,0,0,0,19.0,18.0,17.0,19.0,22.0,18.714285714285715,2.2886885410853326,19.357142857142858,2.2397507710642977,19.833333333333332,2.2603529375517364,15.0,24.0,-1.0,1.0,-0.6428571428571423,-1.1190476190476168,2.0,-3.0,0.0,7.0,0,0.0,smooth,0.26551497877289126,0.0,0.16022099447513813,high
2026-06-17,SKU-CHC-005,20,WH-NORTH,retail,199.0,,,False,0,0,0,0,0,0,0,0,0,0,,,2,25,6,2,0,0,0,18.0,22.0,20.0,23.0,18.0,18.857142857142858,2.193062655175151,19.285714285714285,2.267786838055274,19.7,2.2460693636232176,15.0,24.0,2.0,0.0,-0.42857142857142705,-0.8428571428571416,-2.0,0.0,0.0,7.0,0,0.0,smooth,0.26551497877289126,0.0,0.16022099447513813,high
2026-06-18,SKU-CHC-005,22,WH-NORTH,retail,218.9,,,False,0,0,0,0,0,0,0,0,0,0,,,3,25,6,2,0,0,0,20.0,19.0,20.0,21.0,22.0,18.857142857142858,2.193062655175151,19.071428571428573,2.017778127403545,19.766666666666666,2.2234383645425058,15.0,24.0,2.0,2.0,-0.2142857142857153,-0.9095238095238081,0.0,-2.0,0.0,7.0,0,0.0,smooth,0.26551497877289126,0.0,0.16022099447513813,high
2026-06-19,SKU-CHC-005,18,WH-NORTH,retail,179.1,,,False,0,0,0,0,0,0,0,0,0,0,,,4,25,6,2,0,0,0,22.0,18.0,15.0,17.0,24.0,19.142857142857142,2.4784787961282264,19.142857142857142,2.107026444912362,19.766666666666666,2.2234383645425058,15.0,24.0,-4.0,3.0,0.0,-0.6238095238095234,7.0,-2.0,0.0,7.0,0,0.0,smooth,0.26551497877289126,0.0,0.16022099447513813,high
2026-06-20,SKU-CHC-005,18,WH-NORTH,online,179.1,,,False,0,0,0,0,0,0,0,0,0,0,,,5,25,6,2,1,0,0,18.0,20.0,18.0,20.0,19.0,19.571428571428573,1.8126539343499566,19.214285714285715,2.044827298653427,19.566666666666666,2.095698934243278,15.0,23.0,0.0,0.0,0.35714285714285765,0.004761904761906521,0.0,-1.0,0.0,6.0,0,0.0,smooth,0.26551497877289126,0.0,0.16022099447513813,high
2026-06-21,SKU-CHC-005,21,WH-NORTH,online,208.95,,,False,0,0,0,0,0,0,0,0,0,0,,,6,25,6,2,1,0,0,18.0,22.0,22.0,22.0,17.0,19.571428571428573,1.8126539343499566,19.071428571428573,2.0555473055306486,19.533333333333335,2.1129050655653834,15.0,23.0,3.0,-1.0,0.5,0.03809523809523796,-4.0,1.0,0.0,5.0,0,0.0,smooth,0.26551497877289126,0.0,0.16022099447513813,high
2026-06-22,SKU-CHC-005,20,WH-NORTH,retail,199.0,,,False,0,0,0,0,0,0,0,0,0,0,,,0,26,6,2,0,0,0,21.0,18.0,19.0,18.0,22.0,19.428571428571427,1.6183471874254014,19.0,1.9611613513817334,19.666666666666668,2.0733669657618625,15.0,23.0,-1.0,1.0,0.42857142857142705,-0.2380952380952408,2.0,-1.0,0.0,4.0,0,0.0,smooth,0.26551497877289126,0.0,0.16022099447513813,high
2026-06-23,SKU-CHC-005,17,WH-NORTH,retail,169.15,,,False,0,0,0,0,0,0,0,0,0,0,,,1,26,6,2,0,0,0,20.0,18.0,18.0,17.0,21.0,19.571428571428573,1.6183471874254023,19.142857142857142,1.955550005542024,19.6,2.027398536939916,15.0,23.0,-3.0,-1.0,0.4285714285714306,-0.02857142857142847,2.0,-1.0,0.0,3.0,0,0.0,smooth,0.26551497877289126,0.0,0.16022099447513813,high
2026-06-24,SKU-CHC-005,18,WH-NORTH,retail,179.1,,,False,0,0,0,0,0,0,0,0,0,0,,,2,26,6,2,0,0,0,17.0,21.0,20.0,20.0,22.0,19.428571428571427,1.8126539343499557,19.142857142857142,1.955550005542024,19.466666666666665,2.063364064911405,15.0,23.0,1.0,-2.0,0.2857142857142847,-0.03809523809523796,-3.0,-5.0,0.0,2.0,0,0.0,smooth,0.26551497877289126,0.0,0.16022099447513813,high
2026-06-25,SKU-CHC-005,20,WH-NORTH,retail,199.0,,,False,0,0,0,0,0,0,0,0,0,0,,,3,26,6,2,0,0,0,18.0,20.0,22.0,20.0,19.0,19.142857142857142,1.8644544714716307,19.0,1.9611613513817334,19.333333333333332,2.0228578850202013,15.0,23.0,2.0,-2.0,0.14285714285714235,-0.1904761904761898,-4.0,-1.0,0.0,1.0,0,0.0,smooth,0.26551497877289126,0.0,0.16022099447513813,high
2026-06-26,SKU-CHC-005,17,WH-NORTH,retail,169.15,,,False,0,0,0,0,0,0,0,0,0,0,,,4,26,6,2,0,0,0,20.0,17.0,18.0,15.0,22.0,18.857142857142858,1.463850109422825,19.0,1.9611613513817334,19.366666666666667,2.0254132542704983,15.0,23.0,-3.0,-1.0,-0.14285714285714235,-0.5095238095238095,2.0,-2.0,0.0,0.0,0,0.0,smooth,0.26551497877289126,0.0,0.16022099447513813,high
2026-06-27,SKU-CHC-005,16,WH-NORTH,online,159.2,,,False,0,0,0,0,0,0,0,0,0,0,,,5,26,6,2,1,0,0,17.0,18.0,18.0,18.0,19.0,18.714285714285715,1.6035674514745681,19.142857142857142,1.7032612545051589,19.2,2.0068847019438967,15.0,23.0,-1.0,-2.0,-0.42857142857142705,-0.485714285714284,-1.0,-2.0,0.0,0.0,0,0.0,smooth,0.26551497877289126,0.0,0.16022099447513813,high
2026-06-28,SKU-CHC-005,19,WH-NORTH,online,189.05,,,False,0,0,0,0,0,0,0,0,0,0,,,6,26,6,2,1,0,0,16.0,20.0,21.0,22.0,16.0,18.428571428571427,1.9023794624227006,19.0,1.8810798862518092,19.1,2.090207051284936,15.0,23.0,3.0,-2.0,-0.571428571428573,-0.6714285714285744,-5.0,0.0,0.0,0.0,0,0.0,smooth,0.26551497877289126,0.0,0.16022099447513813,high
2026-06-29,SKU-CHC-005,19,WH-NORTH,retail,189.05,,,False,0,0,0,0,0,0,0,0,0,0,,,0,27,6,2,0,0,0,19.0,17.0,20.0,19.0,21.0,18.142857142857142,1.5735915849389046,18.785714285714285,1.6723346844166298,19.2,2.0068847019438967,15.0,23.0,0.0,-1.0,-0.6428571428571423,-1.057142857142857,-1.0,-2.0,0.0,0.0,0,0.0,smooth,0.26551497877289126,0.0,0.16022099447513813,high
2026-06-30,SKU-CHC-005,18,WH-NORTH,retail,179.1,,,False,0,0,0,0,0,0,0,0,0,0,,,1,27,6,2,0,0,1,19.0,16.0,17.0,18.0,22.0,18.0,1.4142135623731147,18.785714285714285,1.6723346844166298,19.133333333333333,1.9780403631273071,15.0,23.0,-1.0,1.0,-0.7857142857142847,-1.1333333333333329,2.0,-3.0,0.0,0.0,0,0.0,smooth,0.26551497877289126,0.0,0.16022099447513813,high
2026-01-01,SKU-COF-001,37,WH-NORTH,retail,299.7,New Year Holiday,,False,1,1,0,1,0,0,1,0,0,0,New Year Holiday,holiday,3,1,1,1,0,1,0,,,,,,,,,,,,,,,,,,,,0.0,0.0,0,0.0,smooth,0.1603027357993117,0.0,0.08287292817679558,high
2026-01-02,SKU-COF-001,47,WH-NORTH,retail,380.7,,,False,1,1,0,0,1,0,1,0,0,0,New Year Holiday,holiday,4,1,1,1,0,0,0,37.0,,,,,37.0,,37.0,,37.0,,37.0,37.0,10.0,,0.0,0.0,,,1.0,1.0,0,0.0,smooth,0.1603027357993117,0.0,0.08287292817679558,high
2026-01-03,SKU-COF-001,33,WH-NORTH,online,267.3,,,False,0,0,0,0,0,0,0,0,0,0,,,5,1,1,1,1,0,0,47.0,,,,,42.0,7.0710678118654755,42.0,7.0710678118654755,42.0,7.0710678118654755,37.0,47.0,-14.0,,0.0,0.0,,,2.0,2.0,0,0.0,smooth,0.1603027357993117,0.0,0.08287292817679558,high
2026-01-04,SKU-COF-001,32,WH-NORTH,online,259.2,,,False,0,0,0,0,0,0,0,0,0,0,,,6,1,1,1,1,0,0,33.0,37.0,,,,39.0,7.211102550927978,39.0,7.211102550927978,39.0,7.211102550927978,33.0,47.0,-1.0,,0.0,0.0,,,2.0,2.0,0,0.0,smooth,0.1603027357993117,0.0,0.08287292817679558,high
2026-01-05,SKU-COF-001,47,WH-NORTH,retail,380.7,,,False,0,0,0,0,0,0,0,0,0,0,,,0,2,1,1,0,0,0,32.0,47.0,,,,37.25,6.849574196011505,37.25,6.849574196011505,37.25,6.849574196011505,32.0,47.0,15.0,,0.0,0.0,,,2.0,2.0,0,0.0,smooth,0.1603027357993117,0.0,0.08287292817679558,high
2026-01-06,SKU-COF-001,49,WH-NORTH,retail,396.9,,,False,0,0,0,0,0,0,0,0,0,0,,,1,2,1,1,0,0,0,47.0,33.0,,,,39.2,7.3620649277223835,39.2,7.3620649277223835,39.2,7.3620649277223835,32.0,47.0,2.0,,0.0,0.0,,,2.0,2.0,0,0.0,smooth,0.1603027357993117,0.0,0.08287292817679558,high
2026-01-07,SKU-COF-001,45,WH-NORTH,retail,364.5,,,False,0,0,0,0,0,0,0,0,0,0,,,2,2,1,1,0,0,0,49.0,32.0,,,,40.833333333333336,7.704976746666187,40.833333333333336,7.704976746666187,40.833333333333336,7.704976746666187,32.0,49.0,-4.0,,0.0,0.0,,,2.0,2.0,0,0.0,smooth,0.1603027357993117,0.0,0.08287292817679558,high
2026-01-08,SKU-COF-001,45,WH-NORTH,retail,364.5,,,False,0,0,0,0,0,0,0,0,0,0,,,3,2,1,1,0,0,0,45.0,47.0,37.0,,,41.42857142857143,7.207800007795786,41.42857142857143,7.207800007795786,41.42857142857143,7.207800007795786,32.0,49.0,0.0,8.0,0.0,0.0,8.0,,2.0,2.0,0,0.0,smooth,0.1603027357993117,0.0,0.08287292817679558,high
2026-01-09,SKU-COF-001,46,WH-NORTH,retail,372.6,,,False,0,0,0,0,0,0,0,0,0,0,,,4,2,1,1,0,0,0,45.0,49.0,47.0,,,42.57142857142857,7.020378500174635,41.875,6.791538853603061,41.875,6.791538853603061,32.0,49.0,1.0,-1.0,0.6964285714285694,0.6964285714285694,-2.0,,1.0,2.0,0,0.0,smooth,0.1603027357993117,0.0,0.08287292817679558,high
2026-01-10,SKU-COF-001,33,WH-NORTH,online,267.3,,,False,0,0,0,0,0,0,0,0,0,0,,,5,2,1,1,1,0,0,46.0,45.0,33.0,,,42.42857142857143,6.924765768773766,42.333333333333336,6.499999999999999,42.333333333333336,6.499999999999999,32.0,49.0,-13.0,0.0,0.0952380952380949,0.0952380952380949,13.0,,0.0,2.0,0,0.0,smooth,0.1603027357993117,0.0,0.08287292817679558,high
2026-01-11,SKU-COF-001,31,WH-NORTH,online,251.1,,,False,0,0,0,0,0,0,0,0,0,0,,,6,2,1,1,1,0,0,33.0,45.0,32.0,,,42.42857142857143,6.924765768773766,41.4,6.801960501698511,41.4,6.801960501698511,32.0,49.0,-2.0,-1.0,1.028571428571432,1.028571428571432,1.0,,0.0,2.0,0,0.0,smooth,0.1603027357993117,0.0,0.08287292817679558,high
2026-01-12,SKU-COF-001,46,WH-NORTH,retail,372.6,,,False,0,0,0,0,0,0,0,0,0,0,,,0,3,1,1,0,0,0,31.0,46.0,47.0,,,42.285714285714285,7.181324987175316,40.45454545454545,7.174449614620433,40.45454545454545,7.174449614620433,31.0,49.0,15.0,-1.0,1.8311688311688314,1.8311688311688314,-16.0,,0.0,2.0,0,0.0,smooth,0.1603027357993117,0.0,0.08287292817679558,high
2026-01-13,SKU-COF-001,51,WH-NORTH,retail,413.1,,,False,0,0,0,0,0,0,0,0,0,0,,,1,3,1,1,0,0,0,46.0,33.0,49.0,,,42.142857142857146,7.081162132224988,40.916666666666664,7.025386865223909,40.916666666666664,7.025386865223909,31.0,49.0,5.0,2.0,1.2261904761904816,1.2261904761904816,-3.0,,0.0,2.0,0,0.0,smooth,0.1603027357993117,0.0,0.08287292817679558,high
2026-01-14,SKU-COF-001,48,WH-NORTH,retail,388.8,,,False,0,0,0,0,0,0,0,0,0,0,,,2,3,1,1,0,0,0,51.0,31.0,45.0,,,42.42857142857143,7.43543638838463,41.69230769230769,7.284511141051441,41.69230769230769,7.284511141051441,31.0,51.0,-3.0,3.0,0.7362637362637372,0.7362637362637372,6.0,,0.0,2.0,0,0.0,smooth,0.1603027357993117,0.0,0.08287292817679558,high
2026-01-15,SKU-COF-001,46,WH-NORTH,retail,372.6,,,False,0,0,0,0,0,0,0,0,0,0,,,3,3,1,1,0,0,0,48.0,46.0,45.0,37.0,,42.857142857142854,7.690439333539867,42.142857142857146,7.198901015028324,42.142857142857146,7.198901015028324,31.0,51.0,-2.0,1.0,0.7142857142857082,0.7142857142857082,3.0,,0.0,2.0,0,0.0,smooth,0.1603027357993117,0.0,0.08287292817679558,high
2026-01-16,SKU-COF-001,47,WH-NORTH,retail,380.7,,,False,0,0,0,0,0,0,0,0,0,0,,,4,3,1,1,0,0,0,46.0,51.0,46.0,47.0,,43.0,7.745966692414832,42.785714285714285,7.105561975594259,42.4,7.008158510927512,31.0,51.0,1.0,1.0,0.2142857142857153,0.6000000000000014,0.0,,0.0,2.0,0,0.0,smooth,0.1603027357993117,0.0,0.08287292817679558,high
2026-01-17,SKU-COF-001,37,WH-NORTH,online,299.7,,,False,0,0,0,0,0,0,0,0,0,0,,,5,3,1,1,1,0,0,47.0,48.0,33.0,33.0,,43.142857142857146,7.819389819088003,42.785714285714285,7.105561975594259,42.6875,6.867495904622004,31.0,51.0,-10.0,4.0,0.3571428571428612,0.4553571428571459,14.0,,0.0,2.0,0,0.0,smooth,0.1603027357993117,0.0,0.08287292817679558,high
2026-01-18,SKU-COF-001,33,WH-NORTH,online,267.3,,,False,0,0,0,0,0,0,0,0,0,0,,,6,3,1,1,1,0,0,37.0,46.0,31.0,32.0,,43.714285714285715,7.064330251677215,43.07142857142857,6.75350946618794,42.35294117647059,6.790997501017324,31.0,51.0,-4.0,2.0,0.6428571428571459,1.3613445378151283,6.0,,0.0,2.0,0,0.0,smooth,0.1603027357993117,0.0,0.08287292817679558,high
2026-01-19,SKU-COF-001,46,WH-NORTH,retail,372.6,,,False,0,0,0,0,0,0,0,0,0,0,,,0,4,1,1,0,0,0,33.0,47.0,46.0,47.0,,44.0,6.480740698407857,43.142857142857146,6.631592718044587,41.833333333333336,6.947280466654053,31.0,51.0,13.0,0.0,0.8571428571428541,2.1666666666666643,-13.0,,0.0,2.0,0,0.0,smooth,0.1603027357993117,0.0,0.08287292817679558,high
2026-01-20,SKU-COF-001,52,WH-NORTH,retail,421.2,,,False,0,0,0,0,0,0,0,0,0,0,,,1,4,1,1,0,0,0,46.0,37.0,51.0,49.0,,44.0,6.480740698407857,43.07142857142857,6.592119837809683,42.05263157894737,6.818876448755456,31.0,51.0,6.0,1.0,0.9285714285714306,1.94736842105263,-5.0,,0.0,2.0,0,0.0,smooth,0.1603027357993117,0.0,0.08287292817679558,high
2026-01-21,SKU-COF-001,49,WH-NORTH,retail,396.9,,,False,0,0,0,0,0,0,0,0,0,0,,,2,4,1,1,0,0,0,52.0,33.0,48.0,45.0,,44.142857142857146,6.669047194029326,43.285714285714285,6.84362220137588,42.55,6.999812027551357,31.0,52.0,-3.0,1.0,0.8571428571428612,1.5928571428571487,4.0,,0.0,2.0,0,0.0,smooth,0.1603027357993117,0.0,0.08287292817679558,high
2026-01-22,SKU-COF-001,44,WH-NORTH,retail,356.4,,,False,0,0,0,0,0,0,0,0,0,0,,,3,4,1,1,0,0,0,49.0,46.0,46.0,45.0,,44.285714285714285,6.775305299745677,43.57142857142857,7.002354392128911,42.857142857142854,6.9662451455982675,31.0,52.0,-5.0,-2.0,0.7142857142857153,1.4285714285714306,3.0,,0.0,2.0,0,0.0,smooth,0.1603027357993117,0.0,0.08287292817679558,high
2026-01-23,SKU-COF-001,45,WH-NORTH,retail,364.5,,,False,0,0,0,0,0,0,0,0,0,0,,,4,4,1,1,0,0,0,44.0,52.0,47.0,46.0,,44.0,6.733003292241381,43.5,6.991753384138732,42.90909090909091,6.802724180580621,31.0,52.0,1.0,-2.0,0.5,1.0909090909090935,-3.0,,0.0,2.0,0,0.0,smooth,0.1603027357993117,0.0,0.08287292817679558,high
2026-01-24,SKU-COF-001,36,WH-NORTH,online,291.6,,,False,0,0,0,0,0,0,0,0,0,0,,,5,4,1,1,1,0,0,45.0,49.0,37.0,33.0,,43.714285714285715,6.626066850308852,43.42857142857143,6.969320524371698,43.0,6.660603303277892,31.0,52.0,-9.0,-1.0,0.2857142857142847,0.7142857142857153,8.0,,0.0,2.0,0,0.0,smooth,0.1603027357993117,0.0,0.08287292817679558,high
2026-01-25,SKU-COF-001,33,WH-NORTH,online,267.3,,,False,0,0,0,0,0,0,0,0,0,0,,,6,4,1,1,1,0,0,36.0,44.0,33.0,31.0,,43.57142857142857,6.803360514166087,43.642857142857146,6.663414957895006,42.708333333333336,6.669066597010584,31.0,52.0,-3.0,0.0,-0.0714285714285765,0.8630952380952337,3.0,,0.0,2.0,0,0.0,smooth,0.1603027357993117,0.0,0.08287292817679558,high
2026-01-26,SKU-COF-001,44,WH-NORTH,retail,356.4,,,False,0,0,0,0,0,0,0,0,0,0,,,0,5,1,1,0,0,0,33.0,45.0,46.0,46.0,,43.57142857142857,6.803360514166087,43.785714285714285,6.3872297043948025,42.32,6.811265178609136,31.0,52.0,11.0,-2.0,-0.2142857142857153,1.2514285714285691,-13.0,,0.0,2.0,0,0.0,smooth,0.1603027357993117,0.0,0.08287292817679558,high
2026-01-27,SKU-COF-001,52,WH-NORTH,retail,421.2,,,False,0,0,0,0,0,0,0,0,0,0,,,1,5,1,1,0,0,0,44.0,36.0,52.0,51.0,,43.285714285714285,6.725927091345491,43.642857142857146,6.3561858768524795,42.38461538461539,6.68177774594111,31.0,52.0,8.0,0.0,-0.3571428571428612,0.9010989010988979,-8.0,,0.0,2.0,0,0.0,smooth,0.1603027357993117,0.0,0.08287292817679558,high
2026-01-28,SKU-COF-001,51,WH-NORTH,retail,413.1,,,False,0,0,0,0,0,0,0,0,0,0,,,2,5,1,1,0,0,0,52.0,33.0,49.0,48.0,,43.285714285714285,6.725927091345491,43.714285714285715,6.450146944403331,42.74074074074074,6.808324048785894,31.0,52.0,-1.0,2.0,-0.4285714285714306,0.5449735449735442,3.0,,0.0,2.0,0,0.0,smooth,0.1603027357993117,0.0,0.08287292817679558,high
2026-01-29,SKU-COF-001,45,WH-NORTH,retail,364.5,,,False,0,0,0,0,0,0,0,0,0,0,,,3,5,1,1,0,0,0,51.0,44.0,44.0,46.0,,43.57142857142857,7.044078904941908,43.92857142857143,6.650208622688069,43.035714285714285,6.860958484260878,31.0,52.0,-6.0,1.0,-0.3571428571428612,0.5357142857142847,7.0,,0.0,2.0,0,0.0,smooth,0.1603027357993117,0.0,0.08287292817679558,high
2026-01-30,SKU-COF-001,46,WH-NORTH,retail,372.6,,,False,0,0,0,0,0,0,0,0,0,0,,,4,5,1,1,0,0,0,45.0,52.0,45.0,47.0,,43.714285714285715,7.064330251677215,43.857142857142854,6.631592718044588,43.10344827586207,6.747194271834175,31.0,52.0,1.0,1.0,-0.1428571428571388,0.6108374384236441,0.0,,0.0,2.0,0,0.0,smooth,0.1603027357993117,0.0,0.08287292817679558,high
2026-01-31,SKU-COF-001,39,WH-NORTH,online,315.9,,,False,0,0,0,0,0,0,0,0,0,0,,,5,5,1,1,1,0,1,46.0,51.0,36.0,37.0,37.0,43.857142857142854,7.104659772022193,43.785714285714285,6.600449535140322,43.2,6.650900898270901,31.0,52.0,-7.0,3.0,0.0714285714285694,0.6571428571428513,10.0,9.0,0.0,2.0,0,0.0,smooth,0.1603027357993117,0.0,0.08287292817679558,high
2026-02-01,SKU-COF-001,35,WH-NORTH,online,283.5,,,False,0,0,0,0,0,0,0,0,0,0,,,6,5,2,1,1,1,0,39.0,45.0,33.0,33.0,47.0,44.285714285714285,6.626066850308851,43.92857142857143,6.462486848244744,43.266666666666666,6.596411424264022,31.0,52.0,-4.0,2.0,0.3571428571428541,1.019047619047619,6.0,-8.0,0.0,1.0,0,0.0,smooth,0.1603027357993117,0.0,0.08287292817679558,high
2026-02-02,SKU-COF-001,45,WH-NORTH,retail,364.5,,,False,0,0,0,0,0,0,0,0,0,0,,,0,6,2,1,0,0,0,35.0,46.0,44.0,46.0,33.0,44.57142857142857,6.07884700846969,44.07142857142857,6.219872441361897,42.86666666666667,6.724803975265533,31.0,52.0,10.0,1.0,0.5,1.7047619047619023,-9.0,2.0,0.0,0.0,0,0.0,smooth,0.1603027357993117,0.0,0.08287292817679558,high
2026-02-03,SKU-COF-001,3,WH-NORTH,retail,24.3,Anomaly,Supply disruption - unusually low demand,False,0,0,0,0,0,0,0,0,0,0,,,1,6,2,1,0,0,0,45.0,39.0,52.0,52.0,32.0,44.714285714285715,6.074928962939555,44.0,6.201736729460424,43.266666666666666,6.469735022732214,31.0,52.0,-42.0,-49.0,0.7142857142857153,1.4476190476190496,-7.0,13.0,0.0,0.0,0,0.0,smooth,0.1603027357993117,0.0,0.08287292817679558,high
2026-02-04,SKU-COF-001,52,WH-NORTH,retail,421.2,,,False,0,0,0,0,0,0,0,0,0,0,,,2,6,2,1,0,0,0,3.0,35.0,51.0,49.0,47.0,37.714285714285715,16.152546607416493,40.5,12.233308880014686,42.3,9.613747340711345,3.0,52.0,49.0,1.0,-2.7857142857142847,-4.585714285714282,-48.0,-44.0,0.0,0.0,1,1.0,smooth,0.1603027357993117,0.0,0.08287292817679558,high
2026-02-05,SKU-COF-001,46,WH-NORTH,retail,372.6,,,False,0,0,0,0,0,0,0,0,0,0,,,3,6,2,1,0,0,0,52.0,45.0,45.0,44.0,49.0,37.857142857142854,16.293440105643455,40.714285714285715,12.418525686239096,42.46666666666667,9.740542126572844,3.0,52.0,-6.0,1.0,-2.857142857142861,-4.6095238095238145,7.0,3.0,0.0,0.0,1,1.0,smooth,0.1603027357993117,0.0,0.08287292817679558,high
2026-02-06,SKU-COF-001,44,WH-NORTH,retail,356.4,,,False,0,0,0,0,0,0,0,0,0,0,,,4,6,2,1,0,0,0,46.0,3.0,46.0,45.0,45.0,38.0,16.370705543744904,40.857142857142854,12.470624824622202,42.36666666666667,9.686404739716856,3.0,52.0,-2.0,-2.0,-2.857142857142854,-4.366666666666667,0.0,1.0,0.0,0.0,1,1.0,smooth,0.1603027357993117,0.0,0.08287292817679558,high
2026-02-07,SKU-COF-001,38,WH-NORTH,online,307.8,,,False,0,0,0,0,0,0,0,0,0,0,,,5,6,2,1,1,0,0,44.0,52.0,39.0,36.0,45.0,37.714285714285715,16.2246138702311,40.785714285714285,12.447913457706454,42.333333333333336,9.678747900402211,3.0,52.0,-6.0,-1.0,-3.0714285714285694,-4.61904761904762,5.0,-1.0,0.0,0.0,1,1.0,smooth,0.1603027357993117,0.0,0.08287292817679558,high
2026-02-08,SKU-COF-001,35,WH-NORTH,online,283.5,,,False,0,0,0,0,0,0,0,0,0,0,,,6,6,2,1,1,0,0,38.0,46.0,35.0,33.0,46.0,37.57142857142857,16.215806515631012,40.92857142857143,12.40015065488062,42.1,9.696604453675238,3.0,52.0,-3.0,0.0,-3.357142857142861,-4.528571428571432,3.0,-8.0,0.0,0.0,1,1.0,smooth,0.1603027357993117,0.0,0.08287292817679558,high
2026-02-09,SKU-COF-001,43,WH-NORTH,retail,348.3,,,False,0,0,0,0,0,0,0,0,0,0,,,0,7,2,1,0,0,0,35.0,44.0,45.0,44.0,33.0,37.57142857142857,16.215806515631012,41.07142857142857,12.312996796470392,41.733333333333334,9.751863953866081,3.0,52.0,8.0,-2.0,-3.5,-4.161904761904765,-10.0,2.0,0.0,0.0,1,1.0,smooth,0.1603027357993117,0.0,0.08287292817679558,high
2026-02-10,SKU-COF-001,50,WH-NORTH,retail,405.0,,,False,0,0,0,0,0,0,0,0,0,0,,,1,7,2,1,0,0,0,43.0,38.0,3.0,52.0,31.0,37.285714285714285,16.08015636029167,41.0,12.297592009445152,42.06666666666667,9.612970165474291,3.0,52.0,7.0,47.0,-3.7142857142857153,-4.780952380952385,40.0,12.0,0.0,0.0,1,1.0,smooth,0.1603027357993117,0.0,0.08287292817679558,high
2026-02-11,SKU-COF-001,53,WH-NORTH,retail,429.3,,,False,0,0,0,0,0,0,0,0,0,0,,,2,7,2,1,0,0,0,50.0,35.0,52.0,51.0,46.0,44.0,6.082762530298235,40.857142857142854,12.1709436007184,42.7,9.483742895626431,3.0,52.0,3.0,1.0,3.142857142857146,1.2999999999999972,-2.0,4.0,0.0,0.0,0,1.0,smooth,0.1603027357993117,0.0,0.08287292817679558,high
2026-02-12,SKU-COF-001,47,WH-NORTH,retail,380.7,,,False,0,0,0,0,0,0,0,0,0,0,,,3,7,2,1,0,0,0,53.0,43.0,46.0,45.0,51.0,44.142857142857146,6.309478885734067,41.0,12.310095919141393,42.93333333333333,9.652347698459375,3.0,53.0,-6.0,1.0,3.142857142857146,1.2095238095238159,7.0,2.0,0.0,0.0,0,1.0,smooth,0.1603027357993117,0.0,0.08287292817679558,high
2026-02-13,SKU-COF-001,44,WH-NORTH,retail,356.4,,,False,0,0,0,0,0,0,0,0,0,0,,,4,7,2,1,0,0,0,47.0,50.0,44.0,46.0,48.0,44.285714285714285,6.3695705170308585,41.142857142857146,12.371537699693805,42.8,9.564301441765911,3.0,53.0,-3.0,0.0,3.142857142857139,1.4857142857142875,3.0,-1.0,0.0,0.0,0,1.0,smooth,0.1603027357993117,0.0,0.08287292817679558,high
2026-02-14,SKU-COF-001,39,WH-NORTH,online,315.9,,,False,0,0,0,0,0,0,0,0,0,0,,,5,7,2,1,1,0,0,44.0,53.0,38.0,39.0,46.0,44.285714285714285,6.3695705170308585,41.0,12.322587140943815,42.666666666666664,9.517074794477457,3.0,53.0,-5.0,1.0,3.2857142857142847,1.6190476190476204,6.0,-2.0,0.0,0.0,0,1.0,smooth,0.1603027357993117,0.0,0.08287292817679558,high
2026-02-15,SKU-COF-001,39,WH-NORTH,online,315.9,,,False,0,0,0,0,0,0,0,0,0,0,,,6,7,2,1,1,0,0,39.0,47.0,35.0,35.0,47.0,44.42857142857143,6.2144225491229514,41.0,12.322587140943815,42.43333333333333,9.518342848138673,3.0,53.0,0.0,4.0,3.4285714285714306,1.9952380952381006,4.0,-8.0,0.0,0.0,0,1.0,smooth,0.1603027357993117,0.0,0.08287292817679558,high
2026-02-16,SKU-COF-001,45,WH-NORTH,retail,364.5,,,False,0,0,0,0,0,0,0,0,0,0,,,0,8,2,1,0,0,0,39.0,44.0,43.0,45.0,37.0,45.0,5.322906474223789,41.285714285714285,12.218703012050964,42.166666666666664,9.49803367430127,3.0,53.0,6.0,2.0,3.7142857142857153,2.8333333333333357,-4.0,2.0,0.0,0.0,0,1.0,smooth,0.1603027357993117,0.0,0.08287292817679558,high
2026-02-17,SKU-COF-001,50,WH-NORTH,retail,405.0,,,False,0,0,0,0,0,0,0,0,0,0,,,1,8,2,1,0,0,0,45.0,39.0,50.0,3.0,33.0,45.285714285714285,5.250850271282621,41.285714285714285,12.218703012050964,42.43333333333333,9.460200965035073,3.0,53.0,5.0,0.0,4.0,2.8523809523809547,-5.0,12.0,0.0,0.0,0,1.0,smooth,0.1603027357993117,0.0,0.08287292817679558,high
2026-02-18,SKU-COF-001,55,WH-NORTH,retail,445.5,,,False,0,0,0,0,0,0,0,0,0,0,,,2,8,2,1,0,0,0,50.0,39.0,53.0,52.0,46.0,45.285714285714285,5.250850271282621,44.642857142857146,5.499750244079515,43.0,9.38450667415402,3.0,53.0,5.0,2.0,0.6428571428571388,2.2857142857142847,-3.0,4.0,0.0,0.0,0,1.0,smooth,0.1603027357993117,0.0,0.08287292817679558,high
2026-02-19,SKU-COF-001,49,WH-NORTH,retail,396.9,,,False,0,0,0,0,0,0,0,0,0,0,,,3,8,2,1,0,0,0,55.0,45.0,47.0,46.0,52.0,45.57142857142857,5.769377287516781,44.857142857142854,5.855400437691194,43.3,9.624501778417343,3.0,55.0,-6.0,2.0,0.7142857142857153,2.2714285714285722,8.0,3.0,0.0,0.0,0,1.0,smooth,0.1603027357993117,0.0,0.08287292817679558,high
2026-02-20,SKU-COF-001,43,WH-NORTH,retail,348.3,,,False,0,0,0,0,0,0,0,0,0,0,,,4,8,2,1,0,0,0,49.0,50.0,44.0,44.0,49.0,45.857142857142854,5.899959644736904,45.07142857142857,5.954497792093291,43.2,9.546257616613884,3.0,55.0,-6.0,-1.0,0.7857142857142847,2.6571428571428513,5.0,0.0,0.0,0.0,0,1.0,smooth,0.1603027357993117,0.0,0.08287292817679558,high
2026-02-21,SKU-COF-001,37,WH-NORTH,online,299.7,,,False,0,0,0,0,0,0,0,0,0,0,,,5,8,2,1,1,0,0,43.0,55.0,39.0,38.0,44.0,45.714285714285715,5.9641787843280465,45.0,5.974303950445409,43.0,9.483197482007775,3.0,55.0,-6.0,-2.0,0.7142857142857153,2.7142857142857153,4.0,-1.0,0.0,0.0,0,1.0,smooth,0.1603027357993117,0.0,0.08287292817679558,high
2026-02-22,SKU-COF-001,38,WH-NORTH,online,307.8,,,False,0,0,0,0,0,0,0,0,0,0,,,6,8,2,1,1,0,0,37.0,49.0,39.0,35.0,45.0,45.42857142857143,6.373307431706698,44.92857142857143,6.069650676987867,42.766666666666666,9.543668539686522,3.0,55.0,1.0,-1.0,0.5,2.661904761904765,-2.0,-8.0,0.0,0.0,0,1.0,smooth,0.1603027357993117,0.0,0.08287292817679558,high
2026-02-23,SKU-COF-001,45,WH-NORTH,retail,364.5,,,False,0,0,0,0,0,0,0,0,0,0,,,0,9,2,1,0,0,0,38.0,43.0,45.0,43.0,36.0,45.285714285714285,6.550172662209914,45.142857142857146,5.7359479513938085,42.53333333333333,9.57271025411275,3.0,55.0,7.0,0.0,0.1428571428571388,2.7523809523809533,-7.0,2.0,0.0,0.0,0,1.0,smooth,0.1603027357993117,0.0,0.08287292817679558,high
2026-02-24,SKU-COF-001,48,WH-NORTH,retail,388.8,,,False,0,0,0,0,0,0,0,0,0,0,,,1,9,2,1,0,0,0,45.0,37.0,50.0,50.0,33.0,45.285714285714285,6.550172662209914,45.285714285714285,5.703286116571082,42.833333333333336,9.501663496220138,3.0,55.0,3.0,-2.0,0.0,2.452380952380949,-5.0,12.0,0.0,0.0,0,1.0,smooth,0.1603027357993117,0.0,0.08287292817679558,high
2026-02-25,SKU-COF-001,53,WH-NORTH,retail,429.3,,,False,0,0,0,0,0,0,0,0,0,0,,,2,9,2,1,0,0,0,48.0,38.0,55.0,53.0,44.0,45.0,6.3508529610858995,45.142857142857146,5.600235473856192,43.333333333333336,9.359978386849983,3.0,55.0,5.0,-2.0,-0.1428571428571459,1.6666666666666643,-7.0,4.0,0.0,0.0,0,1.0,smooth,0.1603027357993117,0.0,0.08287292817679558,high
2026-02-26,SKU-COF-001,50,WH-NORTH,retail,405.0,,,False,0,0,0,0,0,0,0,0,0,0,,,3,9,2,1,0,0,0,53.0,45.0,49.0,47.0,52.0,44.714285714285715,5.851332774513465,45.142857142857146,5.600235473856192,43.63333333333333,9.524861600346071,3.0,55.0,-3.0,1.0,-0.4285714285714306,1.0809523809523824,4.0,1.0,0.0,0.0,0,1.0,smooth,0.1603027357993117,0.0,0.08287292817679558,high
2026-02-27,SKU-COF-001,43,WH-NORTH,retail,348.3,,,False,0,0,0,0,0,0,0,0,0,0,,,4,9,2,1,0,0,0,50.0,48.0,43.0,44.0,51.0,44.857142857142854,5.984105932344783,45.357142857142854,5.732594296009205,43.56666666666667,9.471129755766981,3.0,55.0,-7.0,0.0,-0.5,1.2904761904761841,7.0,-1.0,0.0,0.0,0,1.0,smooth,0.1603027357993117,0.0,0.08287292817679558,high
2026-02-28,SKU-COF-001,36,WH-NORTH,online,291.6,,,False,0,0,0,0,0,0,0,0,0,0,,,5,9,2,1,1,0,1,43.0,53.0,37.0,39.0,45.0,44.857142857142854,5.984105932344783,45.285714285714285,5.756983337031389,43.3,9.366668711907169,3.0,55.0,-7.0,-1.0,-0.4285714285714306,1.557142857142857,6.0,-2.0,0.0,0.0,0,1.0,smooth,0.1603027357993117,0.0,0.08287292817679558,high
2026-03-01,SKU-COF-001,40,WH-NORTH,online,324.0,,,False,0,0,0,0,0,0,0,0,0,0,,,6,9,3,1,1,1,0,36.0,50.0,38.0,39.0,46.0,44.714285714285715,6.210590034081205,45.07142857142857,6.056964023899525,43.0,9.454063165900024,3.0,55.0,4.0,2.0,-0.3571428571428541,1.7142857142857153,-2.0,-10.0,0.0,0.0,0,1.0,smooth,0.1603027357993117,0.0,0.08287292817679558,high
2026-03-02,SKU-COF-001,48,WH-NORTH,retail,388.8,,,False,0,0,0,0,0,0,0,0,0,0,,,0,10,3,1,0,0,0,40.0,43.0,45.0,45.0,39.0,45.0,5.887840577551916,45.142857142857146,5.985330051398649,42.8,9.451874472001982,3.0,55.0,8.0,3.0,-0.1428571428571459,2.200000000000003,-5.0,1.0,0.0,0.0,0,1.0,smooth,0.1603027357993117,0.0,0.08287292817679558,high
2026-03-03,SKU-COF-001,49,WH-NORTH,retail,396.9,,,False,0,0,0,0,0,0,0,0,0,0,,,1,10,3,1,0,0,0,48.0,36.0,48.0,50.0,35.0,45.42857142857143,5.9960304329098575,45.357142857142854,6.033332321453777,43.1,9.469916068520755,3.0,55.0,1.0,1.0,0.0714285714285765,2.328571428571429,0.0,13.0,0.0,0.0,0,1.0,smooth,0.1603027357993117,0.0,0.08287292817679558,high
2026-03-04,SKU-COF-001,54,WH-NORTH,retail,437.4,,,False,0,0,0,0,0,0,0,0,0,0,,,2,10,3,1,0,0,0,49.0,40.0,53.0,55.0,45.0,45.57142857142857,6.078847008469713,45.285714285714285,5.9798195422806595,43.56666666666667,9.401699528435724,3.0,55.0,5.0,1.0,0.2857142857142847,2.0047619047618994,-4.0,4.0,0.0,0.0,0,1.0,smooth,0.1603027357993117,0.0,0.08287292817679558,high
2026-03-05,SKU-COF-001,52,WH-NORTH,retail,421.2,,,False,0,0,0,0,0,0,0,0,0,0,,,3,10,3,1,0,0,0,54.0,48.0,50.0,49.0,3.0,45.714285714285715,6.290582530372588,45.214285714285715,5.859621560746459,43.86666666666667,9.590704311749075,3.0,55.0,-2.0,2.0,0.5,1.8476190476190482,4.0,51.0,0.0,0.0,0,1.0,smooth,0.1603027357993117,0.0,0.08287292817679558,high
2026-03-06,SKU-COF-001,44,WH-NORTH,retail,356.4,,,False,0,0,0,0,0,0,0,0,0,0,,,4,10,3,1,0,0,0,52.0,49.0,43.0,43.0,52.0,46.0,6.557438524302018,45.42857142857143,6.0601381770777,45.5,5.823555022788767,35.0,55.0,-8.0,1.0,0.5714285714285694,0.5,9.0,0.0,0.0,0.0,0,0.0,smooth,0.1603027357993117,0.0,0.08287292817679558,high
2026-03-07,SKU-COF-001,35,WH-NORTH,online,283.5,,,False,0,0,0,0,0,0,0,0,0,0,,,5,10,3,1,1,0,0,44.0,54.0,36.0,37.0,46.0,46.142857142857146,6.491753010001025,45.5,6.0351534299532785,45.233333333333334,5.697448511415429,35.0,55.0,-9.0,-1.0,0.6428571428571459,0.9095238095238116,8.0,-2.0,0.0,0.0,0,0.0,smooth,0.1603027357993117,0.0,0.08287292817679558,high
2026-03-08,SKU-COF-001,39,WH-NORTH,online,315.9,,,False,0,0,0,0,0,0,0,0,0,0,,,6,10,3,1,1,0,0,35.0,52.0,40.0,38.0,44.0,46.0,6.757711644237781,45.357142857142854,6.2708991240631295,44.86666666666667,5.992715884985782,35.0,55.0,4.0,-1.0,0.6428571428571459,1.1333333333333329,-5.0,-9.0,0.0,0.0,0,0.0,smooth,0.1603027357993117,0.0,0.08287292817679558,high
2026-03-09,SKU-COF-001,48,WH-NORTH,retail,388.8,,,False,0,0,0,0,0,0,0,0,0,0,,,0,11,3,1,0,0,0,39.0,44.0,48.0,45.0,38.0,45.857142857142854,6.914443130833028,45.42857142857143,6.185768849846894,44.7,6.086446219774467,35.0,55.0,9.0,0.0,0.4285714285714235,1.1571428571428513,-9.0,1.0,0.0,0.0,0,0.0,smooth,0.1603027357993117,0.0,0.08287292817679558,high
2026-03-10,SKU-COF-001,47,WH-NORTH,retail,380.7,,,False,0,0,0,0,0,0,0,0,0,0,,,1,11,3,1,0,0,0,48.0,35.0,49.0,48.0,35.0,45.857142857142854,6.914443130833028,45.642857142857146,6.221638948765116,45.03333333333333,5.979755117424778,35.0,55.0,-1.0,-2.0,0.2142857142857082,0.8238095238095227,-1.0,13.0,0.0,0.0,0,0.0,smooth,0.1603027357993117,0.0,0.08287292817679558,high
2026-03-11,SKU-COF-001,51,WH-NORTH,retail,413.1,,,False,0,0,0,0,0,0,0,0,0,0,,,2,11,3,1,0,0,0,47.0,39.0,54.0,53.0,43.0,45.57142857142857,6.803360514166107,45.57142857142857,6.198191866793276,45.43333333333333,5.6792625391423615,35.0,55.0,4.0,-3.0,0.0,0.13809523809523938,-7.0,4.0,0.0,0.0,0,0.0,smooth,0.1603027357993117,0.0,0.08287292817679558,high
2026-03-12,SKU-COF-001,52,WH-NORTH,retail,421.2,,,False,0,0,0,0,0,0,0,0,0,0,,,3,11,3,1,0,0,0,51.0,48.0,52.0,50.0,50.0,45.142857142857146,6.256425268702358,45.42857142857143,6.034698204349769,45.7,5.748463062959255,35.0,55.0,1.0,0.0,-0.2857142857142847,-0.5571428571428569,-1.0,1.0,0.0,0.0,0,0.0,smooth,0.1603027357993117,0.0,0.08287292817679558,high
2026-03-13,SKU-COF-001,44,WH-NORTH,retail,356.4,,,False,0,0,0,0,0,0,0,0,0,0,,,4,11,3,1,0,0,0,52.0,47.0,44.0,43.0,53.0,45.142857142857146,6.256425268702358,45.57142857142857,6.173320833221776,45.766666666666666,5.81130487651578,35.0,55.0,-8.0,0.0,-0.4285714285714235,-0.6238095238095198,8.0,-1.0,0.0,0.0,0,0.0,smooth,0.1603027357993117,0.0,0.08287292817679558,high
2026-03-14,SKU-COF-001,34,WH-NORTH,online,275.4,,,False,0,0,0,0,0,0,0,0,0,0,,,5,11,3,1,1,0,0,44.0,51.0,35.0,36.0,47.0,45.142857142857146,6.256425268702358,45.642857142857146,6.147008563985753,45.46666666666667,5.655228483041361,35.0,55.0,-10.0,-1.0,-0.5,-0.32380952380952266,9.0,-3.0,0.0,0.0,0,0.0,smooth,0.1603027357993117,0.0,0.08287292817679558,high
2026-03-15,SKU-COF-001,39,WH-NORTH,online,315.9,,,False,0,0,0,0,0,0,0,0,0,0,,,6,11,3,1,1,0,0,34.0,52.0,39.0,40.0,44.0,45.0,6.531972647421825,45.5,6.406126874989399,45.03333333333333,6.019985870835368,34.0,55.0,5.0,0.0,-0.5,-0.03333333333333144,-5.0,-10.0,0.0,0.0,0,0.0,smooth,0.1603027357993117,0.0,0.08287292817679558,high
2026-03-16,SKU-COF-001,50,WH-NORTH,retail,405.0,,,False,0,0,0,0,0,0,0,0,0,0,,,0,12,3,1,0,0,0,39.0,44.0,48.0,48.0,39.0,45.0,6.531972647421825,45.42857142857143,6.4773485282207774,44.86666666666667,6.1179968173799555,34.0,55.0,11.0,2.0,-0.4285714285714306,0.13333333333333286,-9.0,0.0,0.0,0.0,0,0.0,smooth,0.1603027357993117,0.0,0.08287292817679558,high
2026-03-17,SKU-COF-001,49,WH-NORTH,retail,396.9,,,False,0,0,0,0,0,0,0,0,0,0,,,1,12,3,1,0,0,0,50.0,34.0,47.0,49.0,39.0,45.285714285714285,6.725927091345509,45.57142857142857,6.559951755384101,45.233333333333334,6.083801745468118,34.0,55.0,-1.0,2.0,-0.2857142857142847,0.05238095238095042,3.0,11.0,0.0,0.0,0,0.0,smooth,0.1603027357993117,0.0,0.08287292817679558,high
2026-03-18,SKU-COF-001,52,WH-NORTH,retail,421.2,,,False,0,0,0,0,0,0,0,0,0,0,,,2,12,3,1,0,0,0,49.0,39.0,51.0,54.0,45.0,45.57142857142857,6.852180744287266,45.57142857142857,6.559951755384101,45.56666666666667,6.003925918662021,34.0,55.0,3.0,1.0,0.0,0.004761904761899416,-2.0,4.0,0.0,0.0,0,0.0,smooth,0.1603027357993117,0.0,0.08287292817679558,high
2026-03-19,SKU-COF-001,53,WH-NORTH,retail,429.3,,,False,0,0,0,0,0,0,0,0,0,0,,,3,12,3,1,0,0,0,52.0,50.0,52.0,52.0,50.0,45.714285714285715,6.993193970194317,45.42857142857143,6.381635740566414,45.8,6.116117767973743,34.0,55.0,1.0,1.0,0.2857142857142847,-0.08571428571428186,0.0,2.0,0.0,0.0,0,0.0,smooth,0.1603027357993117,0.0,0.08287292817679558,high
2026-03-20,SKU-COF-001,47,WH-NORTH,retail,380.7,,,False,0,0,0,0,0,0,0,0,0,0,,,4,12,3,1,0,0,0,53.0,49.0,44.0,44.0,55.0,45.857142857142854,7.151423434733633,45.5,6.465886815255293,45.9,6.210946954286881,34.0,55.0,-6.0,3.0,0.3571428571428541,-0.04285714285714448,9.0,-2.0,0.0,0.0,0,0.0,smooth,0.1603027357993117,0.0,0.08287292817679558,high
2026-03-21,SKU-COF-001,34,WH-NORTH,online,275.4,,,False,0,0,0,0,0,0,0,0,0,0,,,5,12,3,1,1,0,0,47.0,52.0,34.0,35.0,49.0,46.285714285714285,7.111359122659243,45.714285714285715,6.462061726588634,45.63333333333333,5.973985750495762,34.0,54.0,-13.0,0.0,0.5714285714285694,0.6523809523809518,13.0,-2.0,0.0,0.0,0,0.0,smooth,0.1603027357993117,0.0,0.08287292817679558,high
2026-03-22,SKU-COF-001,38,WH-NORTH,online,307.8,,,False,0,0,0,0,0,0,0,0,0,0,,,6,12,3,1,1,0,0,34.0,53.0,39.0,39.0,43.0,46.285714285714285,7.111359122659243,45.642857142857146,6.593786619084811,45.13333333333333,6.301249648001322,34.0,54.0,4.0,-1.0,0.6428571428571388,1.1523809523809518,-5.0,-9.0,0.0,0.0,0,0.0,smooth,0.1603027357993117,0.0,0.08287292817679558,high
2026-03-23,SKU-COF-001,51,WH-NORTH,retail,413.1,,,False,0,0,0,0,0,0,0,0,0,0,,,0,13,3,1,0,0,0,38.0,47.0,50.0,48.0,37.0,46.142857142857146,7.289914755527489,45.57142857142857,6.676183683170236,44.96666666666667,6.424539877973999,34.0,54.0,13.0,1.0,0.5714285714285765,1.1761904761904773,-12.0,1.0,0.0,0.0,0,0.0,smooth,0.1603027357993117,0.0,0.08287292817679558,high
2026-03-24,SKU-COF-001,49,WH-NORTH,retail,396.9,,,False,0,0,0,0,0,0,0,0,0,0,,,1,13,3,1,0,0,0,51.0,34.0,49.0,47.0,38.0,46.285714285714285,7.387247699341674,45.785714285714285,6.806993817770422,45.43333333333333,6.333726545567228,34.0,54.0,-2.0,0.0,0.5,0.8523809523809547,2.0,13.0,0.0,0.0,0,0.0,smooth,0.1603027357993117,0.0,0.08287292817679558,high
2026-03-25,SKU-COF-001,49,WH-NORTH,retail,396.9,,,False,0,0,0,0,0,0,0,0,0,0,,,2,13,3,1,0,0,0,49.0,38.0,52.0,51.0,45.0,46.285714285714285,7.387247699341674,45.92857142857143,6.855253860690019,45.8,6.205670376968646,34.0,54.0,0.0,-3.0,0.3571428571428541,0.48571428571428754,-3.0,4.0,0.0,0.0,0,0.0,smooth,0.1603027357993117,0.0,0.08287292817679558,high
2026-03-26,SKU-COF-001,51,WH-NORTH,retail,413.1,,,False,0,0,0,0,0,0,0,0,0,0,,,3,13,3,1,0,0,0,49.0,51.0,53.0,52.0,48.0,45.857142857142854,7.081162132225007,45.785714285714285,6.761640349780527,45.93333333333333,6.230809618801324,34.0,54.0,2.0,-2.0,0.0714285714285694,-0.07619047619047592,-4.0,1.0,0.0,0.0,0,0.0,smooth,0.1603027357993117,0.0,0.08287292817679558,high
2026-03-27,SKU-COF-001,47,WH-NORTH,retail,380.7,,,False,0,0,0,0,0,0,0,0,0,0,,,4,13,3,1,0,0,0,51.0,49.0,47.0,44.0,53.0,45.57142857142857,6.778818551368757,45.714285714285715,6.695906573061242,46.03333333333333,6.288924766018723,34.0,54.0,-4.0,0.0,-0.1428571428571459,-0.46190476190476204,4.0,-2.0,0.0,0.0,0,0.0,smooth,0.1603027357993117,0.0,0.08287292817679558,high
2026-03-28,SKU-COF-001,33,WH-NORTH,online,267.3,,,False,0,0,0,0,0,0,0,0,0,0,,,5,13,3,1,1,0,0,47.0,49.0,34.0,34.0,50.0,45.57142857142857,6.778818551368757,45.92857142857143,6.684819607649341,45.833333333333336,6.153683132235035,34.0,54.0,-14.0,-1.0,-0.3571428571428612,-0.2619047619047663,13.0,-3.0,0.0,0.0,0,0.0,smooth,0.1603027357993117,0.0,0.08287292817679558,high
2026-03-29,SKU-COF-001,36,WH-NORTH,online,291.6,,,False,0,0,0,0,0,0,0,0,0,0,,,6,13,3,1,1,0,0,33.0,51.0,38.0,39.0,43.0,45.42857142857143,7.067699834626623,45.857142857142854,6.825936316243105,45.266666666666666,6.52810017953332,33.0,54.0,3.0,-2.0,-0.4285714285714235,0.16190476190476488,-5.0,-10.0,0.0,0.0,0,0.0,smooth,0.1603027357993117,0.0,0.08287292817679558,high
2026-03-30,SKU-COF-001,51,WH-NORTH,retail,413.1,,,False,0,0,0,0,0,0,0,0,0,0,,,0,14,3,1,0,0,0,36.0,47.0,51.0,50.0,36.0,45.142857142857146,7.448234050846597,45.642857142857146,7.099373134375936,45.03333333333333,6.733771466341839,33.0,54.0,15.0,0.0,-0.5,0.10952380952381446,-15.0,0.0,0.0,0.0,0,0.0,smooth,0.1603027357993117,0.0,0.08287292817679558,high
2026-03-31,SKU-COF-001,51,WH-NORTH,retail,413.1,,,False,0,0,0,0,0,0,0,0,0,0,,,1,14,3,1,0,0,1,51.0,33.0,49.0,49.0,40.0,45.142857142857146,7.448234050846597,45.714285714285715,7.1514234347336085,45.53333333333333,6.595365840854669,33.0,54.0,0.0,2.0,-0.5714285714285694,-0.39047619047618554,2.0,11.0,0.0,0.0,0,0.0,smooth,0.1603027357993117,0.0,0.08287292817679558,high
2026-04-01,SKU-COF-001,50,WH-NORTH,retail,405.0,,,False,1,1,1,0,0,0,1,0,0,0,Easter Holiday,holiday,2,14,4,2,0,1,0,51.0,36.0,49.0,52.0,48.0,45.42857142857143,7.656307701434672,45.857142857142854,7.241516446129245,45.9,6.582893190582744,33.0,54.0,-1.0,1.0,-0.4285714285714235,-0.471428571428568,2.0,3.0,0.0,0.0,0,0.0,smooth,0.1603027357993117,0.0,0.08287292817679558,high
2026-04-02,SKU-COF-001,52,WH-NORTH,retail,421.2,,,False,1,1,1,0,0,0,1,0,0,0,Easter Holiday,holiday,3,14,4,2,0,0,0,50.0,51.0,51.0,53.0,49.0,45.57142857142857,7.74289228598598,45.714285714285715,7.129878318398199,45.96666666666667,6.614943028051548,33.0,54.0,2.0,1.0,-0.1428571428571459,-0.39523809523809916,-1.0,1.0,1.0,1.0,0,0.0,smooth,0.1603027357993117,0.0,0.08287292817679558,high
2026-04-03,SKU-COF-001,50,WH-NORTH,retail,405.0,,,False,1,1,1,0,0,0,1,0,0,0,Easter Holiday,holiday,4,14,4,2,0,0,0,52.0,51.0,47.0,47.0,54.0,45.714285714285715,7.867957924694447,45.642857142857146,7.055899254220838,46.06666666666667,6.684688285272869,33.0,54.0,-2.0,3.0,0.0714285714285694,-0.3523809523809547,5.0,-2.0,2.0,2.0,0,0.0,smooth,0.1603027357993117,0.0,0.08287292817679558,high
2026-04-04,SKU-COF-001,35,WH-NORTH,online,283.5,,,False,1,1,1,0,0,0,1,0,0,0,Easter Holiday,holiday,5,14,4,2,1,0,0,50.0,50.0,33.0,34.0,52.0,46.142857142857146,8.029706749078121,45.857142857142854,7.1452743162838015,45.93333333333333,6.559716842781495,33.0,53.0,-15.0,2.0,0.2857142857142918,0.20952380952381588,17.0,-2.0,3.0,3.0,0,0.0,smooth,0.1603027357993117,0.0,0.08287292817679558,high
2026-04-05,SKU-COF-001,44,WH-NORTH,online,356.4,Easter Holiday,,False,1,1,0,1,0,0,1,0,0,0,Easter Holiday,holiday,6,14,4,2,1,0,0,35.0,52.0,36.0,38.0,44.0,46.42857142857143,7.50238057457195,45.92857142857143,7.0215523783703055,45.36666666666667,6.749116587572305,33.0,53.0,9.0,8.0,0.5,1.0619047619047635,-1.0,-9.0,4.0,4.0,0,0.0,smooth,0.1603027357993117,0.0,0.08287292817679558,high
2026-04-06,SKU-COF-001,51,WH-NORTH,retail,413.1,,,False,1,1,0,0,1,0,1,0,0,0,Easter Holiday,holiday,0,15,4,2,0,0,0,44.0,50.0,51.0,51.0,35.0,47.57142857142857,6.133436852128494,46.357142857142854,6.674949067591822,45.36666666666667,6.749116587572305,33.0,53.0,7.0,0.0,1.2142857142857153,2.2047619047619023,-7.0,9.0,5.0,5.0,0,0.0,smooth,0.1603027357993117,0.0,0.08287292817679558,high
2026-04-07,SKU-COF-001,52,WH-NORTH,retail,421.2,,,False,0,0,0,0,0,0,0,0,0,0,,,1,15,4,2,0,0,0,51.0,35.0,51.0,49.0,39.0,47.57142857142857,6.133436852128494,46.357142857142854,6.674949067591822,45.9,6.530300727088061,33.0,53.0,1.0,1.0,1.2142857142857153,1.6714285714285708,0.0,12.0,6.0,6.0,0,0.0,smooth,0.1603027357993117,0.0,0.08287292817679558,high
2026-04-08,SKU-COF-001,48,WH-NORTH,retail,388.8,,,False,0,0,0,0,0,0,0,0,0,0,,,2,15,4,2,0,0,0,52.0,44.0,50.0,49.0,48.0,47.714285714285715,6.23736818736574,46.57142857142857,6.8130450180211115,46.333333333333336,6.487831226456841,33.0,53.0,-4.0,-2.0,1.142857142857146,1.3809523809523796,2.0,4.0,6.0,6.0,0,0.0,smooth,0.1603027357993117,0.0,0.08287292817679558,high
2026-04-09,SKU-COF-001,49,WH-NORTH,retail,396.9,,,False,0,0,0,0,0,0,0,0,0,0,,,3,15,4,2,0,0,0,48.0,51.0,52.0,51.0,47.0,47.42857142857143,6.160550377391716,46.5,6.790830922308734,46.333333333333336,6.487831226456841,33.0,53.0,1.0,-3.0,0.9285714285714306,1.095238095238095,-4.0,1.0,5.0,6.0,0,0.0,smooth,0.1603027357993117,0.0,0.08287292817679558,high
2026-04-10,SKU-COF-001,49,WH-NORTH,retail,396.9,,,False,0,0,0,0,0,0,0,0,0,0,,,4,15,4,2,0,0,0,49.0,52.0,50.0,47.0,51.0,47.0,5.887840577551918,46.357142857142854,6.709432428788847,46.4,6.5051703574395585,33.0,53.0,0.0,-1.0,0.6428571428571459,0.6000000000000014,-1.0,-2.0,4.0,6.0,0,0.0,smooth,0.1603027357993117,0.0,0.08287292817679558,high
2026-04-11,SKU-COF-001,34,WH-NORTH,online,275.4,,,False,0,0,0,0,0,0,0,0,0,0,,,5,15,4,2,1,0,0,49.0,48.0,35.0,33.0,52.0,46.857142857142854,5.814595756329415,46.5,6.745368781616012,46.333333333333336,6.466536318155413,33.0,53.0,-15.0,-1.0,0.3571428571428541,0.5238095238095184,14.0,-3.0,3.0,6.0,0,0.0,smooth,0.1603027357993117,0.0,0.08287292817679558,high
2026-04-12,SKU-COF-001,34,WH-NORTH,online,275.4,,,False,0,0,0,0,0,0,0,0,0,0,,,6,15,4,2,1,0,0,34.0,49.0,44.0,36.0,44.0,46.714285714285715,6.156684327197729,46.57142857142857,6.595036428595779,45.733333333333334,6.75141534756989,33.0,53.0,0.0,-10.0,0.1428571428571459,0.980952380952381,-10.0,-10.0,2.0,6.0,0,0.0,smooth,0.1603027357993117,0.0,0.08287292817679558,high
2026-04-13,SKU-COF-001,49,WH-NORTH,retail,396.9,,,False,0,0,0,0,0,0,0,0,0,0,,,0,16,4,2,0,0,0,34.0,49.0,51.0,51.0,34.0,45.285714285714285,7.825477316949772,46.42857142857143,6.858058546918866,45.4,7.078866069335269,33.0,53.0,15.0,-2.0,-1.142857142857146,-0.11428571428571388,-17.0,0.0,1.0,6.0,0,0.0,smooth,0.1603027357993117,0.0,0.08287292817679558,high
2026-04-14,SKU-COF-001,53,WH-NORTH,retail,429.3,,,False,0,0,0,0,0,0,0,0,0,0,,,1,16,4,2,0,0,0,49.0,34.0,52.0,51.0,39.0,45.0,7.615773105863918,46.285714285714285,6.775845918561593,45.9,6.768843429959826,33.0,53.0,4.0,1.0,-1.2857142857142847,-0.8999999999999986,-3.0,10.0,0.0,6.0,0,0.0,smooth,0.1603027357993117,0.0,0.08287292817679558,high
2026-04-15,SKU-COF-001,49,WH-NORTH,retail,396.9,,,False,0,0,0,0,0,0,0,0,0,0,,,2,16,4,2,0,0,0,53.0,34.0,48.0,50.0,50.0,45.142857142857146,7.776643908280143,46.42857142857143,6.902778545509883,46.36666666666667,6.759327314690894,33.0,53.0,-4.0,1.0,-1.2857142857142847,-1.2238095238095212,5.0,3.0,0.0,6.0,0,0.0,smooth,0.1603027357993117,0.0,0.08287292817679558,high
2026-04-16,SKU-COF-001,49,WH-NORTH,retail,396.9,,,False,0,0,0,0,0,0,0,0,0,0,,,3,16,4,2,0,0,0,49.0,49.0,49.0,52.0,49.0,45.285714285714285,7.846746368491131,46.357142857142854,6.86806593374944,46.333333333333336,6.743238418431908,33.0,53.0,0.0,0.0,-1.0714285714285694,-1.047619047619051,0.0,0.0,0.0,6.0,0,0.0,smooth,0.1603027357993117,0.0,0.08287292817679558,high
2026-04-17,SKU-COF-001,50,WH-NORTH,retail,405.0,,,False,0,0,0,0,0,0,0,0,0,0,,,4,16,4,2,0,0,0,49.0,53.0,49.0,50.0,52.0,45.285714285714285,7.846746368491131,46.142857142857146,6.7237483005233845,46.333333333333336,6.743238418431908,33.0,53.0,1.0,1.0,-0.8571428571428612,-1.047619047619051,0.0,-3.0,0.0,6.0,0,0.0,smooth,0.1603027357993117,0.0,0.08287292817679558,high
2026-04-18,SKU-COF-001,37,WH-NORTH,online,299.7,,,False,0,0,0,0,0,0,0,0,0,0,,,5,16,4,2,1,0,0,50.0,49.0,34.0,35.0,53.0,45.42857142857143,7.934253648099559,46.142857142857146,6.7237483005233845,46.266666666666666,6.69499727451379,33.0,53.0,-13.0,3.0,-0.7142857142857153,-0.8380952380952351,16.0,-3.0,0.0,6.0,0,0.0,smooth,0.1603027357993117,0.0,0.08287292817679558,high
2026-04-19,SKU-COF-001,35,WH-NORTH,online,283.5,,,False,0,0,0,0,0,0,0,0,0,0,,,6,16,4,2,1,0,0,37.0,49.0,34.0,44.0,47.0,45.857142857142854,7.267016155859573,46.285714285714285,6.485825627160659,45.733333333333334,6.776904660802684,33.0,53.0,-2.0,1.0,-0.4285714285714306,0.12380952380951982,3.0,-10.0,0.0,6.0,0,0.0,smooth,0.1603027357993117,0.0,0.08287292817679558,high
2026-04-20,SKU-COF-001,49,WH-NORTH,retail,396.9,,,False,0,0,0,0,0,0,0,0,0,0,,,0,17,4,2,0,0,0,35.0,50.0,49.0,51.0,34.0,46.0,7.000000000000018,45.642857142857146,7.142582412299028,45.333333333333336,7.0482736127040475,33.0,53.0,14.0,0.0,0.3571428571428541,0.6666666666666643,-14.0,1.0,0.0,6.0,0,0.0,smooth,0.1603027357993117,0.0,0.08287292817679558,high
2026-04-21,SKU-COF-001,54,WH-NORTH,retail,437.4,,,False,0,0,0,0,0,0,0,0,0,0,,,1,17,4,2,0,0,0,49.0,37.0,53.0,52.0,38.0,46.0,7.000000000000018,45.5,7.046548527743639,45.833333333333336,6.741959877402541,33.0,53.0,5.0,1.0,0.5,0.1666666666666643,-4.0,11.0,0.0,6.0,0,0.0,smooth,0.1603027357993117,0.0,0.08287292817679558,high
2026-04-22,SKU-COF-001,50,WH-NORTH,retail,405.0,,,False,0,0,0,0,0,0,0,0,0,0,,,2,17,4,2,0,0,0,54.0,35.0,49.0,48.0,51.0,46.142857142857146,7.174690967295437,45.642857142857146,7.206910602994901,46.36666666666667,6.733771466341837,33.0,54.0,-4.0,1.0,0.5,-0.22380952380952124,5.0,3.0,0.0,6.0,0,0.0,smooth,0.1603027357993117,0.0,0.08287292817679558,high
2026-04-23,SKU-COF-001,47,WH-NORTH,retail,380.7,,,False,0,0,0,0,0,0,0,0,0,0,,,3,17,4,2,0,0,0,50.0,49.0,49.0,49.0,49.0,46.285714285714285,7.250615737399745,45.785714285714285,7.276712819024077,46.333333333333336,6.712486220795374,33.0,54.0,-3.0,-2.0,0.5,-0.047619047619051,1.0,1.0,0.0,6.0,0,0.0,smooth,0.1603027357993117,0.0,0.08287292817679558,high
2026-04-24,SKU-COF-001,48,WH-NORTH,retail,388.8,,,False,0,0,0,0,0,0,0,0,0,0,,,4,17,4,2,0,0,0,47.0,54.0,50.0,49.0,49.0,46.0,7.164728420068243,45.642857142857146,7.2282261134563734,46.266666666666666,6.69499727451379,33.0,54.0,1.0,-2.0,0.3571428571428541,-0.2666666666666657,-3.0,-2.0,0.0,6.0,0,0.0,smooth,0.1603027357993117,0.0,0.08287292817679558,high
2026-04-25,SKU-COF-001,37,WH-NORTH,online,299.7,,,False,0,0,0,0,0,0,0,0,0,0,,,5,17,4,2,1,0,0,48.0,50.0,37.0,34.0,51.0,45.714285714285715,7.016986193380707,45.57142857142857,7.197374368628999,46.233333333333334,6.683398543552074,33.0,54.0,-11.0,0.0,0.1428571428571459,-0.519047619047619,11.0,-3.0,0.0,6.0,0,0.0,smooth,0.1603027357993117,0.0,0.08287292817679558,high
2026-04-26,SKU-COF-001,33,WH-NORTH,online,267.3,,,False,0,0,0,0,0,0,0,0,0,0,,,6,17,4,2,1,0,0,37.0,47.0,35.0,34.0,47.0,45.714285714285715,7.016986193380707,45.785714285714285,6.863264209135147,45.766666666666666,6.826335076357781,33.0,54.0,-4.0,-2.0,-0.0714285714285694,-0.05238095238095042,2.0,-10.0,0.0,6.0,0,0.0,smooth,0.1603027357993117,0.0,0.08287292817679558,high
2026-04-27,SKU-COF-001,46,WH-NORTH,retail,372.6,,,False,0,0,0,0,0,0,0,0,0,0,,,0,18,4,2,0,0,0,33.0,48.0,49.0,49.0,33.0,45.42857142857143,7.54668012786955,45.714285714285715,6.999215026630549,45.3,7.20703679124401,33.0,54.0,13.0,-3.0,-0.2857142857142847,0.12857142857143344,-16.0,0.0,0.0,6.0,0,0.0,smooth,0.1603027357993117,0.0,0.08287292817679558,high
2026-04-28,SKU-COF-001,53,WH-NORTH,retail,429.3,,,False,0,0,0,0,0,0,0,0,0,0,,,1,18,4,2,0,0,0,46.0,37.0,54.0,53.0,36.0,45.0,7.393691004272958,45.5,6.936525399318055,45.733333333333334,6.822545451426583,33.0,54.0,7.0,-1.0,-0.5,-0.7333333333333343,-8.0,10.0,0.0,6.0,0,0.0,smooth,0.1603027357993117,0.0,0.08287292817679558,high
2026-04-29,SKU-COF-001,51,WH-NORTH,retail,413.1,,,False,0,0,0,0,0,0,0,0,0,0,,,2,18,4,2,0,0,0,53.0,33.0,50.0,49.0,51.0,44.857142857142854,7.197883286739511,45.5,6.936525399318055,46.3,6.690961479282431,33.0,54.0,-2.0,1.0,-0.6428571428571459,-1.442857142857143,3.0,2.0,0.0,6.0,0,0.0,smooth,0.1603027357993117,0.0,0.08287292817679558,high
2026-04-30,SKU-COF-001,46,WH-NORTH,retail,372.6,,,False,0,0,0,0,0,0,0,0,0,0,,,3,18,4,2,0,0,1,51.0,46.0,47.0,49.0,51.0,45.0,7.325753658611983,45.642857142857146,7.034061556314521,46.3,6.690961479282431,33.0,54.0,-5.0,-1.0,-0.6428571428571459,-1.2999999999999972,4.0,0.0,0.0,6.0,0,0.0,smooth,0.1603027357993117,0.0,0.08287292817679558,high
2026-05-01,SKU-COF-001,48,WH-NORTH,retail,388.8,,,False,0,0,0,0,0,0,0,0,0,0,,,4,18,5,2,0,1,0,46.0,53.0,48.0,50.0,50.0,44.857142857142854,7.289914755527483,45.42857142857143,6.969320524371688,46.13333333333333,6.63186317677033,33.0,54.0,2.0,0.0,-0.5714285714285765,-1.2761904761904788,-2.0,-4.0,0.0,6.0,0,0.0,smooth,0.1603027357993117,0.0,0.08287292817679558,high
2026-05-02,SKU-COF-001,39,WH-NORTH,online,315.9,,,False,0,0,0,0,0,0,0,0,0,0,,,5,18,5,2,1,0,0,48.0,51.0,37.0,37.0,52.0,44.857142857142854,7.289914755527483,45.285714285714285,6.888435921930997,46.06666666666667,6.601636857280341,33.0,54.0,-9.0,2.0,-0.4285714285714306,-1.2095238095238159,11.0,-4.0,0.0,5.0,0,0.0,smooth,0.1603027357993117,0.0,0.08287292817679558,high
2026-05-03,SKU-COF-001,35,WH-NORTH,online,283.5,,,False,0,0,0,0,0,0,0,0,0,0,,,6,18,5,2,1,0,0,39.0,46.0,33.0,35.0,50.0,45.142857142857146,6.962484504556594,45.42857142857143,6.722113743965738,45.63333333333333,6.625360541046089,33.0,54.0,-4.0,2.0,-0.2857142857142847,-0.49047619047618696,6.0,-11.0,0.0,4.0,0,0.0,smooth,0.1603027357993117,0.0,0.08287292817679558,high
2026-05-04,SKU-COF-001,46,WH-NORTH,retail,372.6,,,False,0,0,0,0,0,0,0,0,0,0,,,0,19,5,2,0,0,0,35.0,48.0,46.0,49.0,35.0,45.42857142857143,6.399404734221861,45.42857142857143,6.722113743965738,45.13333333333333,6.846762805847752,33.0,54.0,11.0,0.0,0.0,0.29523809523809774,-11.0,0.0,0.0,3.0,0,0.0,smooth,0.1603027357993117,0.0,0.08287292817679558,high
2026-05-05,SKU-COF-001,54,WH-NORTH,retail,437.4,,,False,0,0,0,0,0,0,0,0,0,0,,,1,19,5,2,0,0,0,46.0,39.0,53.0,54.0,44.0,45.42857142857143,6.399404734221861,45.214285714285715,6.646902939062565,45.5,6.574506668262983,33.0,54.0,8.0,1.0,0.2142857142857153,-0.0714285714285694,-7.0,2.0,0.0,2.0,0,0.0,smooth,0.1603027357993117,0.0,0.08287292817679558,high
2026-05-06,SKU-COF-001,53,WH-NORTH,retail,429.3,,,False,0,0,0,0,0,0,0,0,0,0,,,2,19,5,2,0,0,0,54.0,35.0,51.0,50.0,51.0,45.57142857142857,6.604471789556515,45.214285714285715,6.646902939062565,45.833333333333336,6.747072587852237,33.0,54.0,-1.0,2.0,0.3571428571428541,-0.2619047619047663,3.0,3.0,0.0,1.0,0,0.0,smooth,0.1603027357993117,0.0,0.08287292817679558,high
2026-05-07,SKU-COF-001,46,WH-NORTH,retail,372.6,,,False,0,0,0,0,0,0,0,0,0,0,,,3,19,5,2,0,0,0,53.0,46.0,46.0,47.0,52.0,45.857142857142854,6.9144431308330265,45.42857142857143,6.858058546918867,45.9,6.809476155861136,33.0,54.0,-7.0,0.0,0.4285714285714235,-0.04285714285714448,7.0,1.0,0.0,0.0,0,0.0,smooth,0.1603027357993117,0.0,0.08287292817679558,high
2026-05-08,SKU-COF-001,45,WH-NORTH,retail,364.5,,,False,0,0,0,0,0,0,0,0,0,0,,,4,19,5,2,0,0,0,46.0,54.0,48.0,48.0,48.0,45.857142857142854,6.9144431308330265,45.357142857142854,6.845629069898343,45.7,6.711544351802114,33.0,54.0,-1.0,-3.0,0.5,0.15714285714285126,-2.0,-2.0,0.0,0.0,0,0.0,smooth,0.1603027357993117,0.0,0.08287292817679558,high
2026-05-09,SKU-COF-001,38,WH-NORTH,online,307.8,,,False,0,0,0,0,0,0,0,0,0,0,,,5,19,5,2,1,0,0,45.0,53.0,39.0,37.0,49.0,45.42857142857143,6.8521807442872635,45.142857142857146,6.803360514166082,45.6,6.698430078551342,33.0,54.0,-7.0,-1.0,0.2857142857142847,-0.17142857142857082,6.0,-4.0,0.0,0.0,0,0.0,smooth,0.1603027357993117,0.0,0.08287292817679558,high
2026-05-10,SKU-COF-001,35,WH-NORTH,online,283.5,,,False,0,0,0,0,0,0,0,0,0,0,,,6,19,5,2,1,0,0,38.0,46.0,35.0,33.0,49.0,45.285714285714285,7.016986193380705,45.214285714285715,6.715980613759654,45.233333333333334,6.806099360554992,33.0,54.0,-3.0,0.0,0.0714285714285694,0.05238095238095042,3.0,-11.0,0.0,0.0,0,0.0,smooth,0.1603027357993117,0.0,0.08287292817679558,high
2026-05-11,SKU-COF-001,44,WH-NORTH,retail,356.4,,,False,0,0,0,0,0,0,0,0,0,0,,,0,20,5,2,0,0,0,35.0,45.0,46.0,46.0,34.0,45.285714285714285,7.016986193380705,45.357142857142854,6.452276197735806,44.766666666666666,7.015663919393872,33.0,54.0,9.0,-2.0,-0.0714285714285694,0.519047619047619,-11.0,1.0,0.0,0.0,0,0.0,smooth,0.1603027357993117,0.0,0.08287292817679558,high
2026-05-12,SKU-COF-001,51,WH-NORTH,retail,413.1,,,False,0,0,0,0,0,0,0,0,0,0,,,1,20,5,2,0,0,0,44.0,38.0,54.0,53.0,34.0,45.0,7.0237691685685055,45.214285714285715,6.459085091542,45.1,6.717706915823024,33.0,54.0,7.0,-3.0,-0.2142857142857153,-0.10000000000000142,-10.0,10.0,0.0,0.0,0,0.0,smooth,0.1603027357993117,0.0,0.08287292817679558,high
2026-05-13,SKU-COF-001,52,WH-NORTH,retail,421.2,,,False,0,0,0,0,0,0,0,0,0,0,,,2,20,5,2,0,0,0,51.0,35.0,53.0,51.0,49.0,44.57142857142857,6.451282633635561,45.07142857142857,6.293638860777603,45.666666666666664,6.461201624835861,33.0,54.0,1.0,-1.0,-0.5,-1.095238095238095,-2.0,2.0,0.0,0.0,0,0.0,smooth,0.1603027357993117,0.0,0.08287292817679558,high
2026-05-14,SKU-COF-001,46,WH-NORTH,retail,372.6,,,False,0,0,0,0,0,0,0,0,0,0,,,3,20,5,2,0,0,0,52.0,44.0,46.0,46.0,53.0,44.42857142857143,6.241184258807067,45.142857142857146,6.371295519233627,45.766666666666666,6.5373375015517885,33.0,54.0,-6.0,0.0,-0.7142857142857153,-1.3380952380952351,6.0,-1.0,0.0,0.0,0,0.0,smooth,0.1603027357993117,0.0,0.08287292817679558,high
2026-05-15,SKU-COF-001,44,WH-NORTH,retail,356.4,,,False,0,0,0,0,0,0,0,0,0,0,,,4,20,5,2,0,0,0,46.0,51.0,45.0,48.0,49.0,44.42857142857143,6.241184258807067,45.142857142857146,6.371295519233627,45.53333333333333,6.393603124963278,33.0,54.0,-2.0,-1.0,-0.7142857142857153,-1.1047619047619008,1.0,-3.0,0.0,0.0,0,0.0,smooth,0.1603027357993117,0.0,0.08287292817679558,high
2026-05-16,SKU-COF-001,39,WH-NORTH,online,315.9,,,False,0,0,0,0,0,0,0,0,0,0,,,5,20,5,2,1,0,0,44.0,52.0,38.0,39.0,49.0,44.285714285714285,6.237368187365731,44.857142857142854,6.322817566403594,45.36666666666667,6.365225208429231,33.0,54.0,-5.0,1.0,-0.5714285714285694,-1.0809523809523824,6.0,-5.0,0.0,0.0,0,0.0,smooth,0.1603027357993117,0.0,0.08287292817679558,high
2026-05-17,SKU-COF-001,37,WH-NORTH,online,299.7,,,False,0,0,0,0,0,0,0,0,0,0,,,6,20,5,2,1,0,0,39.0,46.0,35.0,35.0,50.0,44.42857142857143,6.078847008469707,44.857142857142854,6.322817566403594,45.03333333333333,6.429904988483072,33.0,54.0,-2.0,2.0,-0.4285714285714235,-0.6047619047619008,4.0,-11.0,0.0,0.0,0,0.0,smooth,0.1603027357993117,0.0,0.08287292817679558,high
2026-05-18,SKU-COF-001,45,WH-NORTH,retail,364.5,,,False,0,0,0,0,0,0,0,0,0,0,,,0,21,5,2,0,0,0,37.0,44.0,44.0,46.0,37.0,44.714285714285715,5.589105048046189,45.0,6.1017021584775115,44.6,6.521053437216599,33.0,54.0,8.0,1.0,-0.2857142857142847,0.11428571428571388,-7.0,0.0,0.0,0.0,0,0.0,smooth,0.1603027357993117,0.0,0.08287292817679558,high
2026-05-19,SKU-COF-001,51,WH-NORTH,retail,413.1,,,False,0,0,0,0,0,0,0,0,0,0,,,1,21,5,2,0,0,0,45.0,39.0,51.0,54.0,35.0,44.857142857142854,5.580578567035618,44.92857142857143,6.094944761714543,44.86666666666667,6.361160885883322,33.0,54.0,6.0,0.0,-0.0714285714285765,-0.009523809523813043,-6.0,10.0,0.0,0.0,0,0.0,smooth,0.1603027357993117,0.0,0.08287292817679558,high
2026-05-20,SKU-COF-001,54,WH-NORTH,retail,437.4,,,False,1,1,1,0,0,0,1,0,0,0,Memorial Day,holiday,2,21,5,2,0,0,0,51.0,37.0,52.0,53.0,49.0,44.857142857142854,5.580578567035618,44.714285714285715,5.79692984297684,45.4,6.173357662373545,33.0,54.0,3.0,2.0,0.1428571428571388,-0.5428571428571445,-1.0,2.0,0.0,0.0,0,0.0,smooth,0.1603027357993117,0.0,0.08287292817679558,high
2026-05-21,SKU-COF-001,48,WH-NORTH,retail,388.8,,,False,1,1,1,0,0,0,1,0,0,0,Memorial Day,holiday,3,21,5,2,0,0,0,54.0,45.0,46.0,46.0,54.0,45.142857142857146,6.039552175136055,44.785714285714285,5.911898971612195,45.56666666666667,6.339168515764849,33.0,54.0,-6.0,2.0,0.3571428571428612,-0.4238095238095241,8.0,0.0,1.0,1.0,0,0.0,smooth,0.1603027357993117,0.0,0.08287292817679558,high
2026-05-22,SKU-COF-001,43,WH-NORTH,retail,348.3,,,False,1,1,1,0,0,0,1,0,0,0,Memorial Day,holiday,4,21,5,2,0,0,0,48.0,51.0,44.0,45.0,50.0,45.42857142857143,6.133436852128486,44.92857142857143,5.967402291608133,45.36666666666667,6.155924162857314,33.0,54.0,-5.0,-1.0,0.5,0.06190476190476346,4.0,-2.0,2.0,2.0,0,0.0,smooth,0.1603027357993117,0.0,0.08287292817679558,high
2026-05-23,SKU-COF-001,37,WH-NORTH,online,299.7,,,False,1,1,1,0,0,0,1,0,0,0,Memorial Day,holiday,5,21,5,2,1,0,0,43.0,54.0,39.0,38.0,47.0,45.285714285714285,6.183695920571726,44.785714285714285,5.989459606143634,45.13333333333333,6.106713848133745,33.0,54.0,-6.0,-2.0,0.5,0.15238095238095184,4.0,-4.0,3.0,3.0,0,0.0,smooth,0.1603027357993117,0.0,0.08287292817679558,high
2026-05-24,SKU-COF-001,37,WH-NORTH,online,299.7,,,False,1,1,1,0,0,0,1,0,0,0,Memorial Day,holiday,6,21,5,2,1,0,0,37.0,48.0,37.0,35.0,48.0,45.0,6.557438524302013,44.714285714285715,6.081859172079774,44.8,6.271995777619967,33.0,54.0,0.0,0.0,0.2857142857142847,0.20000000000000284,0.0,-11.0,4.0,4.0,0,0.0,smooth,0.1603027357993117,0.0,0.08287292817679558,high
2026-05-25,SKU-COF-001,58,WH-NORTH,retail,469.8,Memorial Day,,False,1,1,0,1,0,0,1,0,0,0,Memorial Day,holiday,0,22,5,2,0,0,0,37.0,43.0,45.0,44.0,37.0,45.0,6.557438524302013,44.857142857142854,5.8554004376911895,44.43333333333333,6.39872472926594,33.0,54.0,21.0,13.0,0.1428571428571459,0.56666666666667,-8.0,0.0,5.0,5.0,0,0.0,smooth,0.1603027357993117,0.0,0.08287292817679558,high
2026-05-26,SKU-COF-001,48,WH-NORTH,retail,388.8,,,False,1,1,0,0,1,0,1,0,0,0,Memorial Day,holiday,1,22,5,2,0,0,0,58.0,37.0,51.0,51.0,33.0,46.857142857142854,8.19407451411429,45.857142857142854,6.814657763935056,45.13333333333333,6.69911642827173,33.0,58.0,-10.0,-3.0,1.0,1.7238095238095212,7.0,25.0,6.0,6.0,0,0.0,smooth,0.1603027357993117,0.0,0.08287292817679558,high
2026-05-27,SKU-COF-001,52,WH-NORTH,retail,421.2,,,False,0,0,0,0,0,0,0,0,0,0,,,2,22,5,2,0,0,0,48.0,37.0,54.0,52.0,46.0,46.42857142857143,8.017837257372742,45.642857142857146,6.686463281047097,45.63333333333333,6.3108190262127755,35.0,58.0,4.0,-2.0,0.7857142857142847,0.7952380952380977,-6.0,2.0,7.0,7.0,0,0.0,smooth,0.1603027357993117,0.0,0.08287292817679558,high
2026-05-28,SKU-COF-001,47,WH-NORTH,retail,380.7,,,False,0,0,0,0,0,0,0,0,0,0,,,3,22,5,2,0,0,0,52.0,58.0,48.0,46.0,53.0,46.142857142857146,7.733661733585455,45.642857142857146,6.686463281047097,45.833333333333336,6.417021187399976,35.0,58.0,-5.0,-1.0,0.5,0.3095238095238102,4.0,-1.0,6.0,7.0,0,0.0,smooth,0.1603027357993117,0.0,0.08287292817679558,high
2026-05-29,SKU-COF-001,41,WH-NORTH,retail,332.1,,,False,0,0,0,0,0,0,0,0,0,0,,,4,22,5,2,0,0,0,47.0,48.0,43.0,44.0,51.0,46.0,7.702813338860906,45.714285714285715,6.695906573061241,45.63333333333333,6.277949002513551,35.0,58.0,-6.0,-2.0,0.2857142857142847,0.36666666666666714,4.0,-4.0,5.0,7.0,0,0.0,smooth,0.1603027357993117,0.0,0.08287292817679558,high
2026-05-30,SKU-COF-001,36,WH-NORTH,online,291.6,,,False,0,0,0,0,0,0,0,0,0,0,,,5,22,5,2,1,0,0,41.0,52.0,37.0,39.0,46.0,45.714285714285715,7.867957924694442,45.5,6.802148981699141,45.3,6.2485860469554915,35.0,58.0,-5.0,-1.0,0.2142857142857153,0.41428571428571814,4.0,-5.0,4.0,7.0,0,0.0,smooth,0.1603027357993117,0.0,0.08287292817679558,high
2026-05-31,SKU-COF-001,38,WH-NORTH,online,307.8,,,False,0,0,0,0,0,0,0,0,0,0,,,6,22,5,2,1,0,1,36.0,47.0,37.0,37.0,48.0,45.57142857142857,8.059303999253355,45.285714285714285,7.064848753659756,44.96666666666667,6.4726657799434175,35.0,58.0,2.0,1.0,0.2857142857142847,0.6047619047619008,-1.0,-12.0,3.0,7.0,0,0.0,smooth,0.1603027357993117,0.0,0.08287292817679558,high
2026-06-01,SKU-COF-001,45,WH-NORTH,retail,364.5,,,False,0,0,0,0,0,0,0,0,0,0,,,0,23,6,2,0,1,0,38.0,41.0,58.0,45.0,39.0,45.714285714285715,7.889112449325045,45.357142857142854,6.979168375156965,44.63333333333333,6.567859743416829,35.0,58.0,7.0,-13.0,0.3571428571428612,1.0809523809523824,-20.0,-1.0,2.0,7.0,0,0.0,smooth,0.1603027357993117,0.0,0.08287292817679558,high
2026-06-02,SKU-COF-001,48,WH-NORTH,retail,388.8,,,False,0,0,0,0,0,0,0,0,0,0,,,1,23,6,2,0,0,0,45.0,36.0,48.0,51.0,35.0,43.857142857142854,5.7569833370314045,45.357142857142854,6.979168375156965,44.833333333333336,6.481184083671498,35.0,58.0,3.0,0.0,-1.5,-0.9761904761904816,-3.0,10.0,1.0,7.0,0,0.0,smooth,0.1603027357993117,0.0,0.08287292817679558,high
2026-06-03,SKU-COF-001,53,WH-NORTH,retail,429.3,,,False,0,0,0,0,0,0,0,0,0,0,,,2,23,6,2,0,0,0,48.0,38.0,52.0,54.0,46.0,43.857142857142854,5.7569833370314045,45.142857142857146,6.837196263619513,45.266666666666666,6.230809618801323,35.0,58.0,5.0,1.0,-1.2857142857142918,-1.4095238095238116,-4.0,2.0,0.0,7.0,0,0.0,smooth,0.1603027357993117,0.0,0.08287292817679558,high
2026-06-04,SKU-COF-001,50,WH-NORTH,retail,405.0,,,False,0,0,0,0,0,0,0,0,0,0,,,3,23,6,2,0,0,0,53.0,45.0,47.0,48.0,54.0,44.0,6.00000000000001,45.07142857142857,6.742109755561967,45.5,6.388297490535813,35.0,58.0,-3.0,3.0,-1.0714285714285694,-1.5,6.0,-1.0,0.0,7.0,0,0.0,smooth,0.1603027357993117,0.0,0.08287292817679558,high
2026-06-05,SKU-COF-001,42,WH-NORTH,retail,340.2,,,False,0,0,0,0,0,0,0,0,0,0,,,4,23,6,2,0,0,0,50.0,48.0,41.0,43.0,53.0,44.42857142857143,6.347102826149457,45.214285714285715,6.829557609600862,45.36666666666667,6.244905970045714,35.0,58.0,-8.0,1.0,-0.7857142857142847,-0.9380952380952365,9.0,-3.0,0.0,7.0,0,0.0,smooth,0.1603027357993117,0.0,0.08287292817679558,high
2026-06-06,SKU-COF-001,35,WH-NORTH,online,283.5,,,False,0,0,0,0,0,0,0,0,0,0,,,5,23,6,2,1,0,0,42.0,53.0,36.0,37.0,46.0,44.57142857142857,6.267831705280099,45.142857142857146,6.8596607098999405,45.0,6.102571532587291,35.0,58.0,-7.0,-1.0,-0.5714285714285765,-0.4285714285714306,6.0,-4.0,0.0,7.0,0,0.0,smooth,0.1603027357993117,0.0,0.08287292817679558,high
2026-06-07,SKU-COF-001,38,WH-NORTH,online,307.8,,,False,0,0,0,0,0,0,0,0,0,0,,,6,23,6,2,1,0,0,35.0,50.0,38.0,37.0,45.0,44.42857142857143,6.502746672423464,45.0,7.060180864974618,44.63333333333333,6.365225208429232,35.0,58.0,3.0,0.0,-0.5714285714285694,-0.20476190476190226,-3.0,-10.0,0.0,7.0,0,0.0,smooth,0.1603027357993117,0.0,0.08287292817679558,high
2026-06-08,SKU-COF-001,45,WH-NORTH,retail,364.5,,,False,0,0,0,0,0,0,0,0,0,0,,,0,24,6,2,0,0,0,38.0,42.0,45.0,58.0,38.0,44.42857142857143,6.502746672423464,45.07142857142857,6.977593653030612,44.4,6.478612026746425,35.0,58.0,7.0,0.0,-0.6428571428571388,0.028571428571432023,-7.0,0.0,0.0,7.0,0,0.0,smooth,0.1603027357993117,0.0,0.08287292817679558,high
2026-06-09,SKU-COF-001,45,WH-NORTH,retail,364.5,,,False,0,0,0,0,0,0,0,0,0,0,,,1,24,6,2,0,0,0,45.0,35.0,48.0,48.0,35.0,44.42857142857143,6.502746672423464,44.142857142857146,5.907715201420834,44.63333333333333,6.365225208429232,35.0,58.0,0.0,-3.0,0.2857142857142847,-0.20476190476190226,-3.0,10.0,0.0,7.0,0,0.0,smooth,0.1603027357993117,0.0,0.08287292817679558,high
2026-06-10,SKU-COF-001,50,WH-NORTH,retail,405.0,,,False,0,0,0,0,0,0,0,0,0,0,,,2,24,6,2,0,0,0,45.0,38.0,53.0,52.0,44.0,44.0,6.324555320336768,43.92857142857143,5.810657128392293,44.96666666666667,6.0996513938451224,35.0,58.0,5.0,-3.0,0.0714285714285694,-0.9666666666666686,-8.0,1.0,0.0,7.0,0,0.0,smooth,0.1603027357993117,0.0,0.08287292817679558,high
2026-06-11,SKU-COF-001,49,WH-NORTH,retail,396.9,,,False,0,0,0,0,0,0,0,0,0,0,,,3,24,6,2,0,0,0,50.0,45.0,50.0,47.0,51.0,43.57142857142857,5.682051943243248,43.785714285714285,5.618356883105058,45.166666666666664,6.164880138854019,35.0,58.0,-1.0,-1.0,-0.2142857142857153,-1.595238095238095,0.0,-1.0,0.0,7.0,0,0.0,smooth,0.1603027357993117,0.0,0.08287292817679558,high
2026-06-12,SKU-COF-001,41,WH-NORTH,retail,332.1,,,False,0,0,0,0,0,0,0,0,0,0,,,4,24,6,2,0,0,0,49.0,45.0,42.0,41.0,52.0,43.42857142857143,5.503245795502356,43.92857142857143,5.730677040338188,45.1,6.1101949853192625,35.0,58.0,-8.0,-1.0,-0.5,-1.6714285714285708,7.0,-3.0,0.0,7.0,0,0.0,smooth,0.1603027357993117,0.0,0.08287292817679558,high
2026-06-13,SKU-COF-001,32,WH-NORTH,online,259.2,,,False,0,0,0,0,0,0,0,0,0,0,,,5,24,6,2,1,0,0,41.0,50.0,35.0,36.0,46.0,43.285714285714285,5.559205150447497,43.92857142857143,5.730677040338188,44.733333333333334,6.011100842053251,35.0,58.0,-9.0,-3.0,-0.6428571428571459,-1.4476190476190496,6.0,-5.0,0.0,7.0,0,0.0,smooth,0.1603027357993117,0.0,0.08287292817679558,high
2026-06-14,SKU-COF-001,37,WH-NORTH,online,299.7,,,False,0,0,0,0,0,0,0,0,0,0,,,6,24,6,2,1,0,0,32.0,49.0,38.0,38.0,44.0,42.857142857142854,6.362090102803521,43.642857142857146,6.233990484644428,44.266666666666666,6.43767645668214,32.0,58.0,5.0,-1.0,-0.7857142857142918,-1.4095238095238116,-6.0,-12.0,0.0,7.0,0,0.0,smooth,0.1603027357993117,0.0,0.08287292817679558,high
2026-06-15,SKU-COF-001,46,WH-NORTH,retail,372.6,,,False,0,0,0,0,0,0,0,0,0,0,,,0,25,6,2,0,0,0,37.0,41.0,45.0,45.0,39.0,42.714285714285715,6.499084184567488,43.57142857142857,6.308898303364678,44.03333333333333,6.573107874243109,32.0,58.0,9.0,1.0,-0.8571428571428541,-1.3190476190476161,-8.0,-2.0,0.0,7.0,0,0.0,smooth,0.1603027357993117,0.0,0.08287292817679558,high
2026-06-16,SKU-COF-001,46,WH-NORTH,retail,372.6,,,False,0,0,0,0,0,0,0,0,0,0,,,1,25,6,2,0,0,0,46.0,32.0,45.0,48.0,37.0,42.857142857142854,6.568322247184373,43.642857142857146,6.331935453982969,44.266666666666666,6.512234286502507,32.0,58.0,0.0,1.0,-0.7857142857142918,-1.4095238095238116,1.0,9.0,0.0,7.0,0,0.0,smooth,0.1603027357993117,0.0,0.08287292817679558,high
2026-06-17,SKU-COF-001,50,WH-NORTH,retail,405.0,,,False,0,0,0,0,0,0,0,0,0,0,,,2,25,6,2,0,0,0,46.0,37.0,50.0,53.0,45.0,43.0,6.633249580710802,43.5,6.24807662712786,44.56666666666667,6.37172273209629,32.0,58.0,4.0,0.0,-0.5,-1.56666666666667,-4.0,1.0,0.0,7.0,0,0.0,smooth,0.1603027357993117,0.0,0.08287292817679558,high
2026-06-18,SKU-COF-001,51,WH-NORTH,retail,413.1,,,False,0,0,0,0,0,0,0,0,0,0,,,3,25,6,2,0,0,0,50.0,46.0,49.0,50.0,51.0,43.0,6.633249580710802,43.285714285714285,5.941102868719176,44.733333333333334,6.448380354430271,32.0,58.0,1.0,2.0,-0.2857142857142847,-1.7333333333333343,1.0,-1.0,0.0,7.0,0,0.0,smooth,0.1603027357993117,0.0,0.08287292817679558,high
2026-06-19,SKU-COF-001,43,WH-NORTH,retail,348.3,,,False,0,0,0,0,0,0,0,0,0,0,,,4,25,6,2,0,0,0,51.0,46.0,41.0,42.0,54.0,43.285714285714285,6.9693205243717005,43.357142857142854,6.033332321453777,44.733333333333334,6.448380354430271,32.0,58.0,-8.0,2.0,-0.0714285714285694,-1.4476190476190496,10.0,-3.0,0.0,7.0,0,0.0,smooth,0.1603027357993117,0.0,0.08287292817679558,high
2026-06-20,SKU-COF-001,32,WH-NORTH,online,259.2,,,False,0,0,0,0,0,0,0,0,0,0,,,5,25,6,2,1,0,0,43.0,50.0,32.0,35.0,48.0,43.57142857142857,6.900655593423548,43.42857142857143,6.0219379159649415,44.36666666666667,6.211687167852575,32.0,58.0,-11.0,0.0,0.1428571428571388,-0.7952380952380977,11.0,-5.0,0.0,6.0,0,0.0,smooth,0.1603027357993117,0.0,0.08287292817679558,high
2026-06-21,SKU-COF-001,37,WH-NORTH,online,299.7,,,False,0,0,0,0,0,0,0,0,0,0,,,6,25,6,2,1,0,0,32.0,51.0,37.0,38.0,43.0,43.57142857142857,6.900655593423548,43.214285714285715,6.387229704394795,43.833333333333336,6.565759316507028,32.0,58.0,5.0,0.0,0.3571428571428541,-0.2619047619047663,-5.0,-11.0,0.0,5.0,0,0.0,smooth,0.1603027357993117,0.0,0.08287292817679558,high
2026-06-22,SKU-COF-001,47,WH-NORTH,retail,380.7,,,False,0,0,0,0,0,0,0,0,0,0,,,0,26,6,2,0,0,0,37.0,43.0,46.0,45.0,37.0,43.57142857142857,6.900655593423548,43.142857142857146,6.455255972487039,43.63333333333333,6.682366570946683,32.0,58.0,10.0,1.0,0.4285714285714235,-0.06190476190476346,-9.0,0.0,0.0,4.0,0,0.0,smooth,0.1603027357993117,0.0,0.08287292817679558,high
2026-06-23,SKU-COF-001,45,WH-NORTH,retail,364.5,,,False,0,0,0,0,0,0,0,0,0,0,,,1,26,6,2,0,0,0,47.0,32.0,46.0,45.0,37.0,43.714285714285715,6.969320524371703,43.285714285714285,6.521309111480028,43.96666666666667,6.588827185331309,32.0,58.0,-2.0,-1.0,0.4285714285714306,-0.25238095238095326,1.0,10.0,0.0,3.0,0,0.0,smooth,0.1603027357993117,0.0,0.08287292817679558,high
2026-06-24,SKU-COF-001,47,WH-NORTH,retail,380.7,,,False,0,0,0,0,0,0,0,0,0,0,,,2,26,6,2,0,0,0,45.0,37.0,50.0,50.0,58.0,43.57142857142857,6.924765768773774,43.285714285714285,6.521309111480028,44.233333333333334,6.457731710947327,32.0,58.0,2.0,-3.0,0.2857142857142847,-0.6619047619047649,-5.0,-13.0,0.0,2.0,0,0.0,smooth,0.1603027357993117,0.0,0.08287292817679558,high
2026-06-25,SKU-COF-001,49,WH-NORTH,retail,396.9,,,False,0,0,0,0,0,0,0,0,0,0,,,3,26,6,2,0,0,0,47.0,47.0,51.0,49.0,48.0,43.142857142857146,6.542898731412849,43.07142857142857,6.330199726029858,43.86666666666667,5.940703158969356,32.0,53.0,2.0,-2.0,0.0714285714285765,-0.7238095238095212,-4.0,-1.0,0.0,1.0,0,0.0,smooth,0.1603027357993117,0.0,0.08287292817679558,high
2026-06-26,SKU-COF-001,43,WH-NORTH,retail,348.3,,,False,0,0,0,0,0,0,0,0,0,0,,,4,26,6,2,0,0,0,49.0,45.0,43.0,41.0,52.0,42.857142857142854,6.175990377490655,43.07142857142857,6.330199726029858,43.9,5.9674403916240495,32.0,53.0,-6.0,0.0,-0.2142857142857153,-1.0428571428571445,6.0,-3.0,0.0,0.0,0,0.0,smooth,0.1603027357993117,0.0,0.08287292817679558,high
2026-06-27,SKU-COF-001,30,WH-NORTH,online,243.0,,,False,0,0,0,0,0,0,0,0,0,0,,,5,26,6,2,1,0,0,43.0,47.0,32.0,32.0,47.0,42.857142857142854,6.175990377490655,43.214285714285715,6.302363066325213,43.6,5.769121130700034,32.0,53.0,-13.0,-2.0,-0.3571428571428612,-0.7428571428571473,11.0,-4.0,0.0,0.0,0,0.0,smooth,0.1603027357993117,0.0,0.08287292817679558,high
2026-06-28,SKU-COF-001,35,WH-NORTH,online,283.5,,,False,0,0,0,0,0,0,0,0,0,0,,,6,26,6,2,1,0,0,30.0,49.0,37.0,37.0,41.0,42.57142857142857,6.7788185513687385,43.07142857142857,6.592119837809676,43.03333333333333,6.2393817848783115,30.0,53.0,5.0,-2.0,-0.5,-0.46190476190476204,-7.0,-11.0,0.0,0.0,0,0.0,smooth,0.1603027357993117,0.0,0.08287292817679558,high
2026-06-29,SKU-COF-001,47,WH-NORTH,retail,380.7,,,False,0,0,0,0,0,0,0,0,0,0,,,0,27,6,2,0,0,0,35.0,43.0,47.0,46.0,36.0,42.285714285714285,7.087883692477975,42.92857142857143,6.753509466187933,42.833333333333336,6.400879968239999,30.0,53.0,12.0,0.0,-0.6428571428571459,-0.547619047619051,-12.0,-1.0,0.0,0.0,0,0.0,smooth,0.1603027357993117,0.0,0.08287292817679558,high
2026-06-30,SKU-COF-001,46,WH-NORTH,retail,372.6,,,False,0,0,0,0,0,0,0,0,0,0,,,1,27,6,2,0,0,1,47.0,30.0,45.0,46.0,38.0,42.285714285714285,7.087883692477975,43.0,6.7936622048675686,43.2,6.310363670595571,30.0,53.0,-1.0,1.0,-0.7142857142857153,-0.9142857142857181,2.0,9.0,0.0,0.0,0,0.0,smooth,0.1603027357993117,0.0,0.08287292817679558,high
2026-01-01,SKU-FIL-009,0,WH-SOUTH,retail,0.0,,,False,1,1,0,1,0,0,1,0,0,0,New Year Holiday,holiday,3,1,1,1,0,1,0,,,,,,,,,,,,,,,,,,,,0.0,0.0,0,0.0,intermittent,1.9286947422737468,0.7624309392265194,0.08287292817679558,high
2026-01-02,SKU-FIL-009,0,WH-SOUTH,retail,0.0,,,False,1,1,0,0,1,0,1,0,0,0,New Year Holiday,holiday,4,1,1,1,0,0,0,0.0,,,,,0.0,,0.0,,0.0,,0.0,0.0,0.0,,0.0,0.0,,,1.0,1.0,0,0.0,intermittent,1.9286947422737468,0.7624309392265194,0.08287292817679558,high
2026-01-03,SKU-FIL-009,4,WH-SOUTH,online,72.0,,,False,0,0,0,0,0,0,0,0,0,0,,,5,1,1,1,1,0,0,0.0,,,,,0.0,0.0,0.0,0.0,0.0,0.0,0.0,0.0,4.0,,0.0,0.0,,,2.0,2.0,0,0.0,intermittent,1.9286947422737468,0.7624309392265194,0.08287292817679558,high
2026-01-04,SKU-FIL-009,4,WH-SOUTH,online,72.0,,,False,0,0,0,0,0,0,0,0,0,0,,,6,1,1,1,1,0,0,4.0,0.0,,,,1.3333333333333333,2.3094010767585034,1.3333333333333333,2.3094010767585034,1.3333333333333333,2.3094010767585034,0.0,4.0,0.0,,0.0,0.0,,,2.0,2.0,0,0.0,intermittent,1.9286947422737468,0.7624309392265194,0.08287292817679558,high
2026-01-05,SKU-FIL-009,5,WH-SOUTH,retail,90.0,,,False,0,0,0,0,0,0,0,0,0,0,,,0,2,1,1,0,0,0,4.0,0.0,,,,2.0,2.309401076758503,2.0,2.309401076758503,2.0,2.309401076758503,0.0,4.0,1.0,,0.0,0.0,,,2.0,2.0,0,0.0,intermittent,1.9286947422737468,0.7624309392265194,0.08287292817679558,high
2026-01-06,SKU-FIL-009,0,WH-SOUTH,retail,0.0,,,False,0,0,0,0,0,0,0,0,0,0,,,1,2,1,1,0,0,0,5.0,4.0,,,,2.6,2.4083189157584592,2.6,2.4083189157584592,2.6,2.4083189157584592,0.0,5.0,-5.0,,0.0,0.0,,,2.0,2.0,0,0.0,intermittent,1.9286947422737468,0.7624309392265194,0.08287292817679558,high
2026-01-07,SKU-FIL-009,0,WH-SOUTH,retail,0.0,,,False,0,0,0,0,0,0,0,0,0,0,,,2,2,1,1,0,0,0,0.0,4.0,,,,2.1666666666666665,2.401388487243717,2.1666666666666665,2.401388487243717,2.1666666666666665,2.401388487243717,0.0,5.0,0.0,,0.0,0.0,,,2.0,2.0,0,0.0,intermittent,1.9286947422737468,0.7624309392265194,0.08287292817679558,high
2026-01-08,SKU-FIL-009,0,WH-SOUTH,retail,0.0,,,False,0,0,0,0,0,0,0,0,0,0,,,3,2,1,1,0,0,0,0.0,5.0,0.0,,,1.8571428571428572,2.3401261667248794,1.8571428571428572,2.3401261667248794,1.8571428571428572,2.3401261667248794,0.0,5.0,0.0,0.0,0.0,0.0,0.0,,2.0,2.0,0,0.0,intermittent,1.9286947422737468,0.7624309392265194,0.08287292817679558,high
2026-01-09,SKU-FIL-009,0,WH-SOUTH,retail,0.0,,,False,0,0,0,0,0,0,0,0,0,0,,,4,2,1,1,0,0,0,0.0,0.0,0.0,,,1.8571428571428572,2.3401261667248794,1.625,2.2638462845343543,1.625,2.2638462845343543,0.0,5.0,0.0,0.0,0.2321428571428572,0.2321428571428572,0.0,,1.0,2.0,0,0.0,intermittent,1.9286947422737468,0.7624309392265194,0.08287292817679558,high
2026-01-10,SKU-FIL-009,0,WH-SOUTH,online,0.0,,,False,0,0,0,0,0,0,0,0,0,0,,,5,2,1,1,1,0,0,0.0,0.0,4.0,,,1.8571428571428572,2.3401261667248794,1.4444444444444444,2.1858128414340006,1.4444444444444444,2.1858128414340006,0.0,5.0,0.0,-4.0,0.4126984126984128,0.4126984126984128,-4.0,,0.0,2.0,0,0.0,intermittent,1.9286947422737468,0.7624309392265194,0.08287292817679558,high
2026-01-11,SKU-FIL-009,0,WH-SOUTH,online,0.0,,,False,0,0,0,0,0,0,0,0,0,0,,,6,2,1,1,1,0,0,0.0,0.0,4.0,,,1.2857142857142858,2.214669705568283,1.3,2.110818693198342,1.3,2.110818693198342,0.0,5.0,0.0,-4.0,-0.014285714285714235,-0.014285714285714235,-4.0,,0.0,2.0,0,0.0,intermittent,1.9286947422737468,0.7624309392265194,0.08287292817679558,high
2026-01-12,SKU-FIL-009,0,WH-SOUTH,retail,0.0,,,False,0,0,0,0,0,0,0,0,0,0,,,0,3,1,1,0,0,0,0.0,0.0,5.0,,,0.7142857142857143,1.8898223650461365,1.1818181818181819,2.0404990476930798,1.1818181818181819,2.0404990476930798,0.0,5.0,0.0,-5.0,-0.4675324675324676,-0.4675324675324676,-5.0,,0.0,2.0,0,0.0,intermittent,1.9286947422737468,0.7624309392265194,0.08287292817679558,high
2026-01-13,SKU-FIL-009,0,WH-SOUTH,retail,0.0,,,False,0,0,0,0,0,0,0,0,0,0,,,1,3,1,1,0,0,0,0.0,0.0,0.0,,,0.0,0.0,1.0833333333333333,1.9752253419585202,1.0833333333333333,1.9752253419585202,0.0,5.0,0.0,0.0,-1.0833333333333333,-1.0833333333333333,0.0,,0.0,2.0,0,0.0,intermittent,1.9286947422737468,0.7624309392265194,0.08287292817679558,high
2026-01-14,SKU-FIL-009,0,WH-SOUTH,retail,0.0,,,False,0,0,0,0,0,0,0,0,0,0,,,2,3,1,1,0,0,0,0.0,0.0,0.0,,,0.0,0.0,1.0,1.9148542155126764,1.0,1.9148542155126764,0.0,5.0,0.0,0.0,-1.0,-1.0,0.0,,0.0,2.0,0,0.0,intermittent,1.9286947422737468,0.7624309392265194,0.08287292817679558,high
2026-01-15,SKU-FIL-009,0,WH-SOUTH,retail,0.0,,,False,0,0,0,0,0,0,0,0,0,0,,,3,3,1,1,0,0,0,0.0,0.0,0.0,0.0,,0.0,0.0,0.9285714285714286,1.859043828435456,0.9285714285714286,1.859043828435456,0.0,5.0,0.0,0.0,-0.9285714285714286,-0.9285714285714286,0.0,,0.0,2.0,0,0.0,intermittent,1.9286947422737468,0.7624309392265194,0.08287292817679558,high
2026-01-16,SKU-FIL-009,6,WH-SOUTH,retail,108.0,,,False,0,0,0,0,0,0,0,0,0,0,,,4,3,1,1,0,0,0,0.0,0.0,0.0,0.0,,0.0,0.0,0.9285714285714286,1.859043828435456,0.8666666666666667,1.8073922282301282,0.0,5.0,6.0,6.0,-0.9285714285714286,-0.8666666666666667,0.0,,0.0,2.0,0,0.0,intermittent,1.9286947422737468,0.7624309392265194,0.08287292817679558,high
2026-01-17,SKU-FIL-009,5,WH-SOUTH,online,90.0,,,False,0,0,0,0,0,0,0,0,0,0,,,5,3,1,1,1,0,0,6.0,0.0,0.0,4.0,,0.8571428571428571,2.267786838055364,1.3571428571428572,2.2738358934473855,1.1875,2.1669871557841165,0.0,6.0,-1.0,5.0,-0.5000000000000001,-0.3303571428571429,6.0,,0.0,2.0,0,0.0,intermittent,1.9286947422737468,0.7624309392265194,0.08287292817679558,high
2026-01-18,SKU-FIL-009,4,WH-SOUTH,online,72.0,,,False,0,0,0,0,0,0,0,0,0,0,,,6,3,1,1,1,0,0,5.0,0.0,0.0,4.0,,1.5714285714285714,2.699206232527312,1.4285714285714286,2.3766261061327354,1.411764705882353,2.292891829366678,0.0,6.0,-1.0,4.0,0.1428571428571428,0.15966386554621836,5.0,,0.0,2.0,0,0.0,intermittent,1.9286947422737468,0.7624309392265194,0.08287292817679558,high
2026-01-19,SKU-FIL-009,0,WH-SOUTH,retail,0.0,,,False,0,0,0,0,0,0,0,0,0,0,,,0,4,1,1,0,0,0,4.0,6.0,0.0,5.0,,2.142857142857143,2.734262327610589,1.4285714285714286,2.3766261061327354,1.5555555555555556,2.3065691920921205,0.0,6.0,-4.0,0.0,0.7142857142857142,0.5873015873015872,4.0,,0.0,2.0,0,0.0,intermittent,1.9286947422737468,0.7624309392265194,0.08287292817679558,high
2026-01-20,SKU-FIL-009,0,WH-SOUTH,retail,0.0,,,False,0,0,0,0,0,0,0,0,0,0,,,1,4,1,1,0,0,0,0.0,5.0,0.0,0.0,,2.142857142857143,2.734262327610589,1.0714285714285714,2.164904890939366,1.4736842105263157,2.269812059097786,0.0,6.0,0.0,0.0,1.0714285714285714,0.6691729323308271,0.0,,0.0,2.0,0,0.0,intermittent,1.9286947422737468,0.7624309392265194,0.08287292817679558,high
2026-01-21,SKU-FIL-009,0,WH-SOUTH,retail,0.0,,,False,0,0,0,0,0,0,0,0,0,0,,,2,4,1,1,0,0,0,0.0,4.0,0.0,0.0,,2.142857142857143,2.734262327610589,1.0714285714285714,2.164904890939366,1.4,2.2337129816094383,0.0,6.0,0.0,0.0,1.0714285714285714,0.7428571428571429,0.0,,0.0,2.0,0,0.0,intermittent,1.9286947422737468,0.7624309392265194,0.08287292817679558,high
2026-01-22,SKU-FIL-009,0,WH-SOUTH,retail,0.0,,,False,0,0,0,0,0,0,0,0,0,0,,,3,4,1,1,0,0,0,0.0,0.0,0.0,0.0,,2.142857142857143,2.734262327610589,1.0714285714285714,2.164904890939366,1.3333333333333333,2.19848432637882,0.0,6.0,0.0,0.0,1.0714285714285714,0.8095238095238095,0.0,,0.0,2.0,0,0.0,intermittent,1.9286947422737468,0.7624309392265194,0.08287292817679558,high
2026-01-23,SKU-FIL-009,0,WH-SOUTH,retail,0.0,,,False,0,0,0,0,0,0,0,0,0,0,,,4,4,1,1,0,0,0,0.0,0.0,6.0,0.0,,2.142857142857143,2.734262327610589,1.0714285714285714,2.164904890939366,1.2727272727272727,2.1642510676866222,0.0,6.0,0.0,-6.0,1.0714285714285714,0.8701298701298701,-6.0,,0.0,2.0,0,0.0,intermittent,1.9286947422737468,0.7624309392265194,0.08287292817679558,high
2026-01-24,SKU-FIL-009,0,WH-SOUTH,online,0.0,,,False,0,0,0,0,0,0,0,0,0,0,,,5,4,1,1,1,0,0,0.0,0.0,5.0,0.0,,1.2857142857142858,2.214669705568283,1.0714285714285714,2.164904890939366,1.2173913043478262,2.1310800023191496,0.0,6.0,0.0,-5.0,0.2142857142857144,0.06832298136645965,-5.0,,0.0,2.0,0,0.0,intermittent,1.9286947422737468,0.7624309392265194,0.08287292817679558,high
2026-01-25,SKU-FIL-009,0,WH-SOUTH,online,0.0,,,False,0,0,0,0,0,0,0,0,0,0,,,6,4,1,1,1,0,0,0.0,0.0,4.0,0.0,,0.5714285714285714,1.5118578920369097,1.0714285714285714,2.164904890939366,1.1666666666666667,2.0989990713312086,0.0,6.0,0.0,-4.0,-0.5,-0.5952380952380953,-4.0,,0.0,2.0,0,0.0,intermittent,1.9286947422737468,0.7624309392265194,0.08287292817679558,high
2026-01-26,SKU-FIL-009,0,WH-SOUTH,retail,0.0,,,False,0,0,0,0,0,0,0,0,0,0,,,0,5,1,1,0,0,0,0.0,0.0,0.0,0.0,,0.0,0.0,1.0714285714285714,2.164904890939366,1.12,2.0680103158994805,0.0,6.0,0.0,0.0,-1.0714285714285714,-1.12,0.0,,0.0,2.0,0,0.0,intermittent,1.9286947422737468,0.7624309392265194,0.08287292817679558,high
2026-01-27,SKU-FIL-009,0,WH-SOUTH,retail,0.0,,,False,0,0,0,0,0,0,0,0,0,0,,,1,5,1,1,0,0,0,0.0,0.0,0.0,0.0,,0.0,0.0,1.0714285714285714,2.164904890939366,1.0769230769230769,2.0380986614602725,0.0,6.0,0.0,0.0,-1.0714285714285714,-1.0769230769230769,0.0,,0.0,2.0,0,0.0,intermittent,1.9286947422737468,0.7624309392265194,0.08287292817679558,high
2026-01-28,SKU-FIL-009,0,WH-SOUTH,retail,0.0,,,False,0,0,0,0,0,0,0,0,0,0,,,2,5,1,1,0,0,0,0.0,0.0,0.0,0.0,,0.0,0.0,1.0714285714285714,2.164904890939366,1.037037037037037,2.0092379244472367,0.0,6.0,0.0,0.0,-1.0714285714285714,-1.037037037037037,0.0,,0.0,2.0,0,0.0,intermittent,1.9286947422737468,0.7624309392265194,0.08287292817679558,high
2026-01-29,SKU-FIL-009,4,WH-SOUTH,retail,72.0,,,False,0,0,0,0,0,0,0,0,0,0,,,3,5,1,1,0,0,0,0.0,0.0,0.0,0.0,,0.0,0.0,1.0714285714285714,2.164904890939366,1.0,1.9813949444585568,0.0,6.0,4.0,4.0,-1.0714285714285714,-1.0,0.0,,0.0,2.0,0,0.0,intermittent,1.9286947422737468,0.7624309392265194,0.08287292817679558,high
2026-01-30,SKU-FIL-009,5,WH-SOUTH,retail,90.0,,,False,0,0,0,0,0,0,0,0,0,0,,,4,5,1,1,0,0,0,4.0,0.0,0.0,6.0,,0.5714285714285714,1.5118578920369097,1.3571428571428572,2.2738358934473855,1.103448275862069,2.023872306569882,0.0,6.0,1.0,5.0,-0.7857142857142858,-0.5320197044334976,4.0,,0.0,2.0,0,0.0,intermittent,1.9286947422737468,0.7624309392265194,0.08287292817679558,high
2026-01-31,SKU-FIL-009,5,WH-SOUTH,online,90.0,,,False,0,0,0,0,0,0,0,0,0,0,,,5,5,1,1,1,0,1,5.0,0.0,0.0,5.0,0.0,1.2857142857142858,2.214669705568283,1.2857142857142858,2.1277858274442303,1.2333333333333334,2.1120889044332123,0.0,6.0,0.0,5.0,0.0,0.05238095238095242,5.0,5.0,0.0,2.0,0,0.0,intermittent,1.9286947422737468,0.7624309392265194,0.08287292817679558,high
2026-02-01,SKU-FIL-009,0,WH-SOUTH,online,0.0,,,False,0,0,0,0,0,0,0,0,0,0,,,6,5,2,1,1,1,0,5.0,4.0,0.0,4.0,0.0,2.0,2.516611478423583,1.2857142857142858,2.1277858274442303,1.4,2.206573252181169,0.0,6.0,-5.0,0.0,0.7142857142857142,0.6000000000000001,5.0,5.0,0.0,1.0,0,0.0,intermittent,1.9286947422737468,0.7624309392265194,0.08287292817679558,high
2026-02-02,SKU-FIL-009,0,WH-SOUTH,retail,0.0,,,False,0,0,0,0,0,0,0,0,0,0,,,0,6,2,1,0,0,0,0.0,5.0,0.0,0.0,4.0,2.0,2.516611478423583,1.0,2.0,1.4,2.206573252181169,0.0,6.0,0.0,0.0,1.0,0.6000000000000001,0.0,-4.0,0.0,0.0,0,0.0,intermittent,1.9286947422737468,0.7624309392265194,0.08287292817679558,high
2026-02-03,SKU-FIL-009,0,WH-SOUTH,retail,0.0,,,False,0,0,0,0,0,0,0,0,0,0,,,1,6,2,1,0,0,0,0.0,5.0,0.0,0.0,4.0,2.0,2.516611478423583,1.0,2.0,1.2666666666666666,2.1644993581113323,0.0,6.0,0.0,0.0,1.0,0.7333333333333334,0.0,-4.0,0.0,0.0,0,0.0,intermittent,1.9286947422737468,0.7624309392265194,0.08287292817679558,high
2026-02-04,SKU-FIL-009,0,WH-SOUTH,retail,0.0,,,False,0,0,0,0,0,0,0,0,0,0,,,2,6,2,1,0,0,0,0.0,0.0,0.0,0.0,5.0,2.0,2.516611478423583,1.0,2.0,1.1333333333333333,2.1129050655654065,0.0,6.0,0.0,0.0,1.0,0.8666666666666667,0.0,-5.0,0.0,0.0,0,0.0,intermittent,1.9286947422737468,0.7624309392265194,0.08287292817679558,high
2026-02-05,SKU-FIL-009,0,WH-SOUTH,retail,0.0,,,False,0,0,0,0,0,0,0,0,0,0,,,3,6,2,1,0,0,0,0.0,0.0,4.0,0.0,0.0,2.0,2.516611478423583,1.0,2.0,0.9666666666666667,1.991072026846833,0.0,6.0,0.0,-4.0,1.0,1.0333333333333332,-4.0,0.0,0.0,0.0,0,0.0,intermittent,1.9286947422737468,0.7624309392265194,0.08287292817679558,high
2026-02-06,SKU-FIL-009,0,WH-SOUTH,retail,0.0,,,False,0,0,0,0,0,0,0,0,0,0,,,4,6,2,1,0,0,0,0.0,0.0,5.0,0.0,0.0,1.4285714285714286,2.439750182371333,1.0,2.0,0.9666666666666667,1.991072026846833,0.0,6.0,0.0,-5.0,0.4285714285714286,0.46190476190476193,-5.0,0.0,0.0,0.0,0,0.0,intermittent,1.9286947422737468,0.7624309392265194,0.08287292817679558,high
2026-02-07,SKU-FIL-009,0,WH-SOUTH,online,0.0,,,False,0,0,0,0,0,0,0,0,0,0,,,5,6,2,1,1,0,0,0.0,0.0,5.0,0.0,0.0,0.7142857142857143,1.889822365046136,1.0,2.0,0.9666666666666667,1.991072026846833,0.0,6.0,0.0,-5.0,-0.2857142857142857,-0.2523809523809524,-5.0,0.0,0.0,0.0,0,0.0,intermittent,1.9286947422737468,0.7624309392265194,0.08287292817679558,high
2026-02-08,SKU-FIL-009,0,WH-SOUTH,online,0.0,,,False,0,0,0,0,0,0,0,0,0,0,,,6,6,2,1,1,0,0,0.0,0.0,0.0,0.0,0.0,0.0,0.0,1.0,2.0,0.9666666666666667,1.991072026846833,0.0,6.0,0.0,0.0,-1.0,-0.9666666666666667,0.0,0.0,0.0,0.0,0,0.0,intermittent,1.9286947422737468,0.7624309392265194,0.08287292817679558,high
2026-02-09,SKU-FIL-009,0,WH-SOUTH,retail,0.0,,,False,0,0,0,0,0,0,0,0,0,0,,,0,7,2,1,0,0,0,0.0,0.0,0.0,0.0,0.0,0.0,0.0,1.0,2.0,0.9666666666666667,1.991072026846833,0.0,6.0,0.0,0.0,-1.0,-0.9666666666666667,0.0,0.0,0.0,0.0,0,0.0,intermittent,1.9286947422737468,0.7624309392265194,0.08287292817679558,high
2026-02-10,SKU-FIL-009,0,WH-SOUTH,retail,0.0,,,False,0,0,0,0,0,0,0,0,0,0,,,1,7,2,1,0,0,0,0.0,0.0,0.0,0.0,0.0,0.0,0.0,1.0,2.0,0.9666666666666667,1.991072026846833,0.0,6.0,0.0,0.0,-1.0,-0.9666666666666667,0.0,0.0,0.0,0.0,0,0.0,intermittent,1.9286947422737468,0.7624309392265194,0.08287292817679558,high
2026-02-11,SKU-FIL-009,5,WH-SOUTH,retail,90.0,,,False,0,0,0,0,0,0,0,0,0,0,,,2,7,2,1,0,0,0,0.0,0.0,0.0,0.0,0.0,0.0,0.0,1.0,2.0,0.9666666666666667,1.991072026846833,0.0,6.0,5.0,5.0,-1.0,-0.9666666666666667,0.0,0.0,0.0,0.0,0,0.0,intermittent,1.9286947422737468,0.7624309392265194,0.08287292817679558,high
2026-02-12,SKU-FIL-009,4,WH-SOUTH,retail,72.0,,,False,0,0,0,0,0,0,0,0,0,0,,,3,7,2,1,0,0,0,5.0,0.0,0.0,4.0,0.0,0.7142857142857143,1.889822365046136,1.3571428571428572,2.239750771064387,1.1333333333333333,2.1129050655654065,0.0,6.0,-1.0,4.0,-0.6428571428571429,-0.419047619047619,5.0,5.0,0.0,0.0,0,0.0,intermittent,1.9286947422737468,0.7624309392265194,0.08287292817679558,high
2026-02-13,SKU-FIL-009,4,WH-SOUTH,retail,72.0,,,False,0,0,0,0,0,0,0,0,0,0,,,4,7,2,1,0,0,0,4.0,0.0,0.0,5.0,0.0,1.2857142857142858,2.2146697055682827,1.3571428571428572,2.239750771064387,1.2666666666666666,2.1644993581113323,0.0,6.0,0.0,4.0,-0.0714285714285714,0.019047619047619202,4.0,4.0,0.0,0.0,0,0.0,intermittent,1.9286947422737468,0.7624309392265194,0.08287292817679558,high
2026-02-14,SKU-FIL-009,0,WH-SOUTH,online,0.0,,,False,0,0,0,0,0,0,0,0,0,0,,,5,7,2,1,1,0,0,4.0,5.0,0.0,5.0,0.0,1.8571428571428572,2.3401261667248785,1.2857142857142858,2.1277858274442303,1.4,2.206573252181169,0.0,6.0,-4.0,0.0,0.5714285714285714,0.4571428571428573,4.0,4.0,0.0,0.0,0,0.0,intermittent,1.9286947422737468,0.7624309392265194,0.08287292817679558,high
2026-02-15,SKU-FIL-009,0,WH-SOUTH,online,0.0,,,False,0,0,0,0,0,0,0,0,0,0,,,6,7,2,1,1,0,0,0.0,4.0,0.0,0.0,6.0,1.8571428571428572,2.3401261667248785,0.9285714285714286,1.8590438284354558,1.4,2.206573252181169,0.0,6.0,0.0,0.0,0.9285714285714286,0.4571428571428573,0.0,-6.0,0.0,0.0,0,0.0,intermittent,1.9286947422737468,0.7624309392265194,0.08287292817679558,high
2026-02-16,SKU-FIL-009,0,WH-SOUTH,retail,0.0,,,False,0,0,0,0,0,0,0,0,0,0,,,0,8,2,1,0,0,0,0.0,4.0,0.0,0.0,5.0,1.8571428571428572,2.3401261667248785,0.9285714285714286,1.8590438284354558,1.2,2.04095988235421,0.0,5.0,0.0,0.0,0.9285714285714286,0.6571428571428573,0.0,-5.0,0.0,0.0,0,0.0,intermittent,1.9286947422737468,0.7624309392265194,0.08287292817679558,high
2026-02-17,SKU-FIL-009,0,WH-SOUTH,retail,0.0,,,False,0,0,0,0,0,0,0,0,0,0,,,1,8,2,1,0,0,0,0.0,0.0,0.0,0.0,4.0,1.8571428571428572,2.3401261667248785,0.9285714285714286,1.8590438284354558,1.0333333333333334,1.9205482933595912,0.0,5.0,0.0,0.0,0.9285714285714286,0.8238095238095238,0.0,-4.0,0.0,0.0,0,0.0,intermittent,1.9286947422737468,0.7624309392265194,0.08287292817679558,high
2026-02-18,SKU-FIL-009,0,WH-SOUTH,retail,0.0,,,False,0,0,0,0,0,0,0,0,0,0,,,2,8,2,1,0,0,0,0.0,0.0,5.0,0.0,0.0,1.8571428571428572,2.3401261667248785,0.9285714285714286,1.8590438284354558,0.9,1.844843699575135,0.0,5.0,0.0,-5.0,0.9285714285714286,0.9571428571428572,-5.0,0.0,0.0,0.0,0,0.0,intermittent,1.9286947422737468,0.7624309392265194,0.08287292817679558,high
2026-02-19,SKU-FIL-009,0,WH-SOUTH,retail,0.0,,,False,0,0,0,0,0,0,0,0,0,0,,,3,8,2,1,0,0,0,0.0,0.0,4.0,0.0,0.0,1.1428571428571428,1.9518001458970662,0.9285714285714286,1.8590438284354558,0.9,1.844843699575135,0.0,5.0,0.0,-4.0,0.2142857142857142,0.24285714285714277,-4.0,0.0,0.0,0.0,0,0.0,intermittent,1.9286947422737468,0.7624309392265194,0.08287292817679558,high
2026-02-20,SKU-FIL-009,0,WH-SOUTH,retail,0.0,,,False,0,0,0,0,0,0,0,0,0,0,,,4,8,2,1,0,0,0,0.0,0.0,4.0,0.0,0.0,0.5714285714285714,1.511857892036909,0.9285714285714286,1.8590438284354558,0.9,1.844843699575135,0.0,5.0,0.0,-4.0,-0.3571428571428572,-0.3285714285714286,-4.0,0.0,0.0,0.0,0,0.0,intermittent,1.9286947422737468,0.7624309392265194,0.08287292817679558,high
2026-02-21,SKU-FIL-009,0,WH-SOUTH,online,0.0,,,False,0,0,0,0,0,0,0,0,0,0,,,5,8,2,1,1,0,0,0.0,0.0,0.0,0.0,0.0,0.0,0.0,0.9285714285714286,1.8590438284354558,0.9,1.844843699575135,0.0,5.0,0.0,0.0,-0.9285714285714286,-0.9,0.0,0.0,0.0,0.0,0,0.0,intermittent,1.9286947422737468,0.7624309392265194,0.08287292817679558,high
2026-02-22,SKU-FIL-009,0,WH-SOUTH,online,0.0,,,False,0,0,0,0,0,0,0,0,0,0,,,6,8,2,1,1,0,0,0.0,0.0,0.0,0.0,0.0,0.0,0.0,0.9285714285714286,1.8590438284354558,0.9,1.844843699575135,0.0,5.0,0.0,0.0,-0.9285714285714286,-0.9,0.0,0.0,0.0,0.0,0,0.0,intermittent,1.9286947422737468,0.7624309392265194,0.08287292817679558,high
2026-02-23,SKU-FIL-009,0,WH-SOUTH,retail,0.0,,,False,0,0,0,0,0,0,0,0,0,0,,,0,9,2,1,0,0,0,0.0,0.0,0.0,0.0,0.0,0.0,0.0,0.9285714285714286,1.8590438284354558,0.9,1.844843699575135,0.0,5.0,0.0,0.0,-0.9285714285714286,-0.9,0.0,0.0,0.0,0.0,0,0.0,intermittent,1.9286947422737468,0.7624309392265194,0.08287292817679558,high
2026-02-24,SKU-FIL-009,3,WH-SOUTH,retail,54.0,,,False,0,0,0,0,0,0,0,0,0,0,,,1,9,2,1,0,0,0,0.0,0.0,0.0,0.0,0.0,0.0,0.0,0.9285714285714286,1.8590438284354558,0.9,1.844843699575135,0.0,5.0,3.0,3.0,-0.9285714285714286,-0.9,0.0,0.0,0.0,0.0,0,0.0,intermittent,1.9286947422737468,0.7624309392265194,0.08287292817679558,high
2026-02-25,SKU-FIL-009,5,WH-SOUTH,retail,90.0,,,False,0,0,0,0,0,0,0,0,0,0,,,2,9,2,1,0,0,0,3.0,0.0,0.0,5.0,0.0,0.42857142857142855,1.133893419027682,1.1428571428571428,1.9158104473902606,1.0,1.875430984949952,0.0,5.0,2.0,5.0,-0.7142857142857142,-0.5714285714285714,3.0,3.0,0.0,0.0,0,0.0,intermittent,1.9286947422737468,0.7624309392265194,0.08287292817679558,high
2026-02-26,SKU-FIL-009,4,WH-SOUTH,retail,72.0,,,False,0,0,0,0,0,0,0,0,0,0,,,3,9,2,1,0,0,0,5.0,0.0,0.0,4.0,0.0,1.1428571428571428,2.0354009783964293,1.1428571428571428,1.9158104473902606,1.1666666666666667,2.001436265894266,0.0,5.0,-1.0,4.0,0.0,-0.023809523809523947,5.0,5.0,0.0,0.0,0,0.0,intermittent,1.9286947422737468,0.7624309392265194,0.08287292817679558,high
2026-02-27,SKU-FIL-009,0,WH-SOUTH,retail,0.0,,,False,0,0,0,0,0,0,0,0,0,0,,,4,9,2,1,0,0,0,4.0,3.0,0.0,4.0,0.0,1.7142857142857142,2.2146697055682827,1.1428571428571428,1.9158104473902606,1.3,2.05359231088119,0.0,5.0,-4.0,0.0,0.5714285714285714,0.41428571428571415,4.0,4.0,0.0,0.0,0,0.0,intermittent,1.9286947422737468,0.7624309392265194,0.08287292817679558,high
2026-02-28,SKU-FIL-009,0,WH-SOUTH,online,0.0,,,False,0,0,0,0,0,0,0,0,0,0,,,5,9,2,1,1,0,1,0.0,5.0,0.0,0.0,4.0,1.7142857142857142,2.2146697055682827,0.8571428571428571,1.7478401113789144,1.3,2.05359231088119,0.0,5.0,0.0,0.0,0.8571428571428571,0.41428571428571415,0.0,-4.0,0.0,0.0,0,0.0,intermittent,1.9286947422737468,0.7624309392265194,0.08287292817679558,high
2026-03-01,SKU-FIL-009,0,WH-SOUTH,online,0.0,,,False,0,0,0,0,0,0,0,0,0,0,,,6,9,3,1,1,1,0,0.0,4.0,0.0,0.0,5.0,1.7142857142857142,2.2146697055682827,0.8571428571428571,1.7478401113789144,1.1666666666666667,2.001436265894266,0.0,5.0,0.0,0.0,0.8571428571428571,0.5476190476190474,0.0,-5.0,0.0,0.0,0,0.0,intermittent,1.9286947422737468,0.7624309392265194,0.08287292817679558,high
2026-03-02,SKU-FIL-009,0,WH-SOUTH,retail,0.0,,,False,0,0,0,0,0,0,0,0,0,0,,,0,10,3,1,0,0,0,0.0,0.0,0.0,0.0,5.0,1.7142857142857142,2.2146697055682827,0.8571428571428571,1.7478401113789144,1.0,1.875430984949952,0.0,5.0,0.0,0.0,0.8571428571428571,0.7142857142857142,0.0,-5.0,0.0,0.0,0,0.0,intermittent,1.9286947422737468,0.7624309392265194,0.08287292817679558,high
2026-03-03,SKU-FIL-009,0,WH-SOUTH,retail,0.0,,,False,0,0,0,0,0,0,0,0,0,0,,,1,10,3,1,0,0,0,0.0,0.0,3.0,0.0,0.0,1.7142857142857142,2.2146697055682827,0.8571428571428571,1.7478401113789144,0.8333333333333334,1.7237355852380882,0.0,5.0,0.0,-3.0,0.8571428571428571,0.8809523809523808,-3.0,0.0,0.0,0.0,0,0.0,intermittent,1.9286947422737468,0.7624309392265194,0.08287292817679558,high
2026-03-04,SKU-FIL-009,0,WH-SOUTH,retail,0.0,,,False,0,0,0,0,0,0,0,0,0,0,,,2,10,3,1,0,0,0,0.0,0.0,5.0,0.0,0.0,1.2857142857142858,2.2146697055682827,0.8571428571428571,1.7478401113789144,0.8333333333333334,1.7237355852380882,0.0,5.0,0.0,-5.0,0.4285714285714287,0.45238095238095244,-5.0,0.0,0.0,0.0,0,0.0,intermittent,1.9286947422737468,0.7624309392265194,0.08287292817679558,high
2026-03-05,SKU-FIL-009,0,WH-SOUTH,retail,0.0,,,False,0,0,0,0,0,0,0,0,0,0,,,3,10,3,1,0,0,0,0.0,0.0,4.0,0.0,0.0,0.5714285714285714,1.511857892036909,0.8571428571428571,1.7478401113789144,0.8333333333333334,1.7237355852380882,0.0,5.0,0.0,-4.0,-0.2857142857142857,-0.261904761904762,-4.0,0.0,0.0,0.0,0,0.0,intermittent,1.9286947422737468,0.7624309392265194,0.08287292817679558,high
2026-03-06,SKU-FIL-009,0,WH-SOUTH,retail,0.0,,,False,0,0,0,0,0,0,0,0,0,0,,,4,10,3,1,0,0,0,0.0,0.0,0.0,0.0,0.0,0.0,0.0,0.8571428571428571,1.7478401113789144,0.8333333333333334,1.7237355852380882,0.0,5.0,0.0,0.0,-0.8571428571428571,-0.8333333333333334,0.0,0.0,0.0,0.0,0,0.0,intermittent,1.9286947422737468,0.7624309392265194,0.08287292817679558,high
2026-03-07,SKU-FIL-009,0,WH-SOUTH,online,0.0,,,False,0,0,0,0,0,0,0,0,0,0,,,5,10,3,1,1,0,0,0.0,0.0,0.0,0.0,0.0,0.0,0.0,0.8571428571428571,1.7478401113789144,0.8333333333333334,1.7237355852380882,0.0,5.0,0.0,0.0,-0.8571428571428571,-0.8333333333333334,0.0,0.0,0.0,0.0,0,0.0,intermittent,1.9286947422737468,0.7624309392265194,0.08287292817679558,high
2026-03-08,SKU-FIL-009,0,WH-SOUTH,online,0.0,,,False,0,0,0,0,0,0,0,0,0,0,,,6,10,3,1,1,0,0,0.0,0.0,0.0,0.0,0.0,0.0,0.0,0.8571428571428571,1.7478401113789144,0.8333333333333334,1.7237355852380882,0.0,5.0,0.0,0.0,-0.8571428571428571,-0.8333333333333334,0.0,0.0,0.0,0.0,0,0.0,intermittent,1.9286947422737468,0.7624309392265194,0.08287292817679558,high
2026-03-09,SKU-FIL-009,4,WH-SOUTH,retail,72.0,,,False,0,0,0,0,0,0,0,0,0,0,,,0,11,3,1,0,0,0,0.0,0.0,0.0,0.0,0.0,0.0,0.0,0.8571428571428571,1.7478401113789144,0.8333333333333334,1.7237355852380882,0.0,5.0,4.0,4.0,-0.8571428571428571,-0.8333333333333334,0.0,0.0,0.0,0.0,0,0.0,intermittent,1.9286947422737468,0.7624309392265194,0.08287292817679558,high
2026-03-10,SKU-FIL-009,3,WH-SOUTH,retail,54.0,,,False,0,0,0,0,0,0,0,0,0,0,,,1,11,3,1,0,0,0,4.0,0.0,0.0,3.0,0.0,0.5714285714285714,1.511857892036909,1.1428571428571428,1.9158104473902609,0.9666666666666667,1.8096167118144557,0.0,5.0,-1.0,3.0,-0.5714285714285714,-0.3952380952380953,4.0,4.0,0.0,0.0,0,0.0,intermittent,1.9286947422737468,0.7624309392265194,0.08287292817679558,high
2026-03-11,SKU-FIL-009,4,WH-SOUTH,retail,72.0,,,False,0,0,0,0,0,0,0,0,0,0,,,2,11,3,1,0,0,0,3.0,0.0,0.0,5.0,0.0,1.0,1.7320508075688772,1.1428571428571428,1.9158104473902609,1.0666666666666667,1.8370390969378312,0.0,5.0,1.0,4.0,-0.1428571428571428,-0.06666666666666665,3.0,3.0,0.0,0.0,0,0.0,intermittent,1.9286947422737468,0.7624309392265194,0.08287292817679558,high
2026-03-12,SKU-FIL-009,0,WH-SOUTH,retail,0.0,,,False,0,0,0,0,0,0,0,0,0,0,,,3,11,3,1,0,0,0,4.0,4.0,0.0,4.0,0.0,1.5714285714285714,1.9880595947760096,1.0714285714285714,1.774359503694685,1.2,1.9009979230520684,0.0,5.0,-4.0,0.0,0.5,0.37142857142857144,4.0,4.0,0.0,0.0,0,0.0,intermittent,1.9286947422737468,0.7624309392265194,0.08287292817679558,high
2026-03-13,SKU-FIL-009,0,WH-SOUTH,retail,0.0,,,False,0,0,0,0,0,0,0,0,0,0,,,4,11,3,1,0,0,0,0.0,3.0,0.0,0.0,5.0,1.5714285714285714,1.9880595947760096,0.7857142857142857,1.5776599725577722,1.2,1.9009979230520684,0.0,5.0,0.0,0.0,0.7857142857142857,0.37142857142857144,0.0,-5.0,0.0,0.0,0,0.0,intermittent,1.9286947422737468,0.7624309392265194,0.08287292817679558,high
2026-03-14,SKU-FIL-009,0,WH-SOUTH,online,0.0,,,False,0,0,0,0,0,0,0,0,0,0,,,5,11,3,1,1,0,0,0.0,4.0,0.0,0.0,4.0,1.5714285714285714,1.9880595947760096,0.7857142857142857,1.5776599725577722,1.0333333333333334,1.7710961603468638,0.0,5.0,0.0,0.0,0.7857142857142857,0.538095238095238,0.0,-4.0,0.0,0.0,0,0.0,intermittent,1.9286947422737468,0.7624309392265194,0.08287292817679558,high
2026-03-15,SKU-FIL-009,0,WH-SOUTH,online,0.0,,,False,0,0,0,0,0,0,0,0,0,0,,,6,11,3,1,1,0,0,0.0,0.0,0.0,0.0,4.0,1.5714285714285714,1.9880595947760096,0.7857142857142857,1.5776599725577722,0.9,1.688704869990916,0.0,5.0,0.0,0.0,0.7857142857142857,0.6714285714285714,0.0,-4.0,0.0,0.0,0,0.0,intermittent,1.9286947422737468,0.7624309392265194,0.08287292817679558,high
2026-03-16,SKU-FIL-009,0,WH-SOUTH,retail,0.0,,,False,0,0,0,0,0,0,0,0,0,0,,,0,12,3,1,0,0,0,0.0,0.0,4.0,0.0,0.0,1.5714285714285714,1.9880595947760096,0.7857142857142857,1.5776599725577722,0.7666666666666667,1.5905612397739568,0.0,5.0,0.0,-4.0,0.7857142857142857,0.8047619047619047,-4.0,0.0,0.0,0.0,0,0.0,intermittent,1.9286947422737468,0.7624309392265194,0.08287292817679558,high
2026-03-17,SKU-FIL-009,0,WH-SOUTH,retail,0.0,,,False,0,0,0,0,0,0,0,0,0,0,,,1,12,3,1,0,0,0,0.0,0.0,3.0,0.0,0.0,1.0,1.7320508075688772,0.7857142857142857,1.5776599725577722,0.7666666666666667,1.5905612397739568,0.0,5.0,0.0,-3.0,0.2142857142857143,0.23333333333333328,-3.0,0.0,0.0,0.0,0,0.0,intermittent,1.9286947422737468,0.7624309392265194,0.08287292817679558,high
2026-03-18,SKU-FIL-009,0,WH-SOUTH,retail,0.0,,,False,0,0,0,0,0,0,0,0,0,0,,,2,12,3,1,0,0,0,0.0,0.0,4.0,0.0,0.0,0.5714285714285714,1.511857892036909,0.7857142857142857,1.5776599725577722,0.7666666666666667,1.5905612397739568,0.0,5.0,0.0,-4.0,-0.2142857142857143,-0.19523809523809532,-4.0,0.0,0.0,0.0,0,0.0,intermittent,1.9286947422737468,0.7624309392265194,0.08287292817679558,high
2026-03-19,SKU-FIL-009,0,WH-SOUTH,retail,0.0,,,False,0,0,0,0,0,0,0,0,0,0,,,3,12,3,1,0,0,0,0.0,0.0,0.0,0.0,0.0,0.0,0.0,0.7857142857142857,1.5776599725577722,0.7666666666666667,1.5905612397739568,0.0,5.0,0.0,0.0,-0.7857142857142857,-0.7666666666666667,0.0,0.0,0.0,0.0,0,0.0,intermittent,1.9286947422737468,0.7624309392265194,0.08287292817679558,high
2026-03-20,SKU-FIL-009,0,WH-SOUTH,retail,0.0,,,False,0,0,0,0,0,0,0,0,0,0,,,4,12,3,1,0,0,0,0.0,0.0,0.0,0.0,0.0,0.0,0.0,0.7857142857142857,1.5776599725577722,0.7666666666666667,1.5905612397739568,0.0,5.0,0.0,0.0,-0.7857142857142857,-0.7666666666666667,0.0,0.0,0.0,0.0,0,0.0,intermittent,1.9286947422737468,0.7624309392265194,0.08287292817679558,high
2026-03-21,SKU-FIL-009,0,WH-SOUTH,online,0.0,,,False,0,0,0,0,0,0,0,0,0,0,,,5,12,3,1,1,0,0,0.0,0.0,0.0,0.0,0.0,0.0,0.0,0.7857142857142857,1.5776599725577722,0.7666666666666667,1.5905612397739568,0.0,5.0,0.0,0.0,-0.7857142857142857,-0.7666666666666667,0.0,0.0,0.0,0.0,0,0.0,intermittent,1.9286947422737468,0.7624309392265194,0.08287292817679558,high
2026-03-22,SKU-FIL-009,5,WH-SOUTH,online,90.0,,,False,0,0,0,0,0,0,0,0,0,0,,,6,12,3,1,1,0,0,0.0,0.0,0.0,0.0,0.0,0.0,0.0,0.7857142857142857,1.5776599725577722,0.7666666666666667,1.5905612397739568,0.0,5.0,5.0,5.0,-0.7857142857142857,-0.7666666666666667,0.0,0.0,0.0,0.0,0,0.0,intermittent,1.9286947422737468,0.7624309392265194,0.08287292817679558,high
2026-03-23,SKU-FIL-009,5,WH-SOUTH,retail,90.0,,,False,0,0,0,0,0,0,0,0,0,0,,,0,13,3,1,0,0,0,5.0,0.0,0.0,4.0,0.0,0.7142857142857143,1.889822365046136,1.1428571428571428,1.9158104473902609,0.9333333333333333,1.7603552410558063,0.0,5.0,0.0,5.0,-0.4285714285714285,-0.21904761904761905,5.0,5.0,0.0,0.0,0,0.0,intermittent,1.9286947422737468,0.7624309392265194,0.08287292817679558,high
2026-03-24,SKU-FIL-009,4,WH-SOUTH,retail,72.0,,,False,0,0,0,0,0,0,0,0,0,0,,,1,13,3,1,0,0,0,5.0,0.0,0.0,3.0,0.0,1.4285714285714286,2.439750182371333,1.2142857142857142,2.0448272986535274,1.1,1.900090741934766,0.0,5.0,-1.0,4.0,0.2142857142857144,0.3285714285714285,5.0,5.0,0.0,0.0,0,0.0,intermittent,1.9286947422737468,0.7624309392265194,0.08287292817679558,high
2026-03-25,SKU-FIL-009,0,WH-SOUTH,retail,0.0,,,False,0,0,0,0,0,0,0,0,0,0,,,2,13,3,1,0,0,0,4.0,5.0,0.0,4.0,0.0,2.0,2.516611478423583,1.2857142857142858,2.1277858274442307,1.2333333333333334,1.9596504497122627,0.0,5.0,-4.0,0.0,0.7142857142857142,0.7666666666666666,4.0,4.0,0.0,0.0,0,0.0,intermittent,1.9286947422737468,0.7624309392265194,0.08287292817679558,high
2026-03-26,SKU-FIL-009,0,WH-SOUTH,retail,0.0,,,False,0,0,0,0,0,0,0,0,0,0,,,3,13,3,1,0,0,0,0.0,5.0,0.0,0.0,3.0,2.0,2.516611478423583,1.0,2.0000000000000004,1.2333333333333334,1.9596504497122627,0.0,5.0,0.0,0.0,1.0,0.7666666666666666,0.0,-3.0,0.0,0.0,0,0.0,intermittent,1.9286947422737468,0.7624309392265194,0.08287292817679558,high
2026-03-27,SKU-FIL-009,0,WH-SOUTH,retail,0.0,,,False,0,0,0,0,0,0,0,0,0,0,,,4,13,3,1,0,0,0,0.0,4.0,0.0,0.0,5.0,2.0,2.516611478423583,1.0,2.0000000000000004,1.1333333333333333,1.942861972369155,0.0,5.0,0.0,0.0,1.0,0.8666666666666667,0.0,-5.0,0.0,0.0,0,0.0,intermittent,1.9286947422737468,0.7624309392265194,0.08287292817679558,high
2026-03-28,SKU-FIL-009,0,WH-SOUTH,online,0.0,,,False,0,0,0,0,0,0,0,0,0,0,,,5,13,3,1,1,0,0,0.0,0.0,0.0,0.0,4.0,2.0,2.516611478423583,1.0,2.0000000000000004,0.9666666666666667,1.8096167118144557,0.0,5.0,0.0,0.0,1.0,1.0333333333333332,0.0,-4.0,0.0,0.0,0,0.0,intermittent,1.9286947422737468,0.7624309392265194,0.08287292817679558,high
2026-03-29,SKU-FIL-009,0,WH-SOUTH,online,0.0,,,False,0,0,0,0,0,0,0,0,0,0,,,6,13,3,1,1,0,0,0.0,0.0,5.0,0.0,0.0,2.0,2.516611478423583,1.0,2.0000000000000004,0.8333333333333334,1.7237355852380882,0.0,5.0,0.0,-5.0,1.0,1.1666666666666665,-5.0,0.0,0.0,0.0,0,0.0,intermittent,1.9286947422737468,0.7624309392265194,0.08287292817679558,high
2026-03-30,SKU-FIL-009,0,WH-SOUTH,retail,0.0,,,False,0,0,0,0,0,0,0,0,0,0,,,0,14,3,1,0,0,0,0.0,0.0,5.0,0.0,0.0,1.2857142857142858,2.2146697055682827,1.0,2.0000000000000004,0.8333333333333334,1.7237355852380882,0.0,5.0,0.0,-5.0,0.2857142857142858,0.45238095238095244,-5.0,0.0,0.0,0.0,0,0.0,intermittent,1.9286947422737468,0.7624309392265194,0.08287292817679558,high
2026-03-31,SKU-FIL-009,0,WH-SOUTH,retail,0.0,,,False,0,0,0,0,0,0,0,0,0,0,,,1,14,3,1,0,0,1,0.0,0.0,4.0,0.0,0.0,0.5714285714285714,1.511857892036909,1.0,2.0000000000000004,0.8333333333333334,1.7237355852380882,0.0,5.0,0.0,-4.0,-0.4285714285714286,-0.261904761904762,-4.0,0.0,0.0,0.0,0,0.0,intermittent,1.9286947422737468,0.7624309392265194,0.08287292817679558,high
2026-04-01,SKU-FIL-009,0,WH-SOUTH,retail,0.0,,,False,1,1,1,0,0,0,1,0,0,0,Easter Holiday,holiday,2,14,4,2,0,1,0,0.0,0.0,0.0,0.0,0.0,0.0,0.0,1.0,2.0000000000000004,0.8333333333333334,1.7237355852380882,0.0,5.0,0.0,0.0,-1.0,-0.8333333333333334,0.0,0.0,0.0,0.0,0,0.0,intermittent,1.9286947422737468,0.7624309392265194,0.08287292817679558,high
2026-04-02,SKU-FIL-009,0,WH-SOUTH,retail,0.0,,,False,1,1,1,0,0,0,1,0,0,0,Easter Holiday,holiday,3,14,4,2,0,0,0,0.0,0.0,0.0,0.0,0.0,0.0,0.0,1.0,2.0000000000000004,0.8333333333333334,1.7237355852380882,0.0,5.0,0.0,0.0,-1.0,-0.8333333333333334,0.0,0.0,1.0,1.0,0,0.0,intermittent,1.9286947422737468,0.7624309392265194,0.08287292817679558,high
2026-04-03,SKU-FIL-009,0,WH-SOUTH,retail,0.0,,,False,1,1,1,0,0,0,1,0,0,0,Easter Holiday,holiday,4,14,4,2,0,0,0,0.0,0.0,0.0,0.0,0.0,0.0,0.0,1.0,2.0000000000000004,0.8333333333333334,1.7237355852380882,0.0,5.0,0.0,0.0,-1.0,-0.8333333333333334,0.0,0.0,2.0,2.0,0,0.0,intermittent,1.9286947422737468,0.7624309392265194,0.08287292817679558,high
2026-04-04,SKU-FIL-009,4,WH-SOUTH,online,72.0,,,False,1,1,1,0,0,0,1,0,0,0,Easter Holiday,holiday,5,14,4,2,1,0,0,0.0,0.0,0.0,0.0,0.0,0.0,0.0,1.0,2.0000000000000004,0.8333333333333334,1.7237355852380882,0.0,5.0,4.0,4.0,-1.0,-0.8333333333333334,0.0,0.0,3.0,3.0,0,0.0,intermittent,1.9286947422737468,0.7624309392265194,0.08287292817679558,high
2026-04-05,SKU-FIL-009,5,WH-SOUTH,online,90.0,,,False,1,1,0,1,0,0,1,0,0,0,Easter Holiday,holiday,6,14,4,2,1,0,0,4.0,0.0,0.0,5.0,0.0,0.5714285714285714,1.511857892036909,1.2857142857142858,2.1277858274442307,0.9666666666666667,1.8096167118144557,0.0,5.0,1.0,5.0,-0.7142857142857144,-0.3952380952380953,4.0,4.0,4.0,4.0,0,0.0,intermittent,1.9286947422737468,0.7624309392265194,0.08287292817679558,high
2026-04-06,SKU-FIL-009,5,WH-SOUTH,retail,90.0,,,False,1,1,0,0,1,0,1,0,0,0,Easter Holiday,holiday,0,15,4,2,0,0,0,5.0,0.0,0.0,5.0,0.0,1.2857142857142858,2.2146697055682827,1.2857142857142858,2.1277858274442307,1.1333333333333333,1.942861972369155,0.0,5.0,0.0,5.0,0.0,0.1523809523809525,5.0,5.0,5.0,5.0,0,0.0,intermittent,1.9286947422737468,0.7624309392265194,0.08287292817679558,high
2026-04-07,SKU-FIL-009,0,WH-SOUTH,retail,0.0,,,False,0,0,0,0,0,0,0,0,0,0,,,1,15,4,2,0,0,0,5.0,4.0,0.0,4.0,0.0,2.0,2.516611478423583,1.2857142857142858,2.1277858274442307,1.3,2.05359231088119,0.0,5.0,-5.0,0.0,0.7142857142857142,0.7,5.0,5.0,6.0,6.0,0,0.0,intermittent,1.9286947422737468,0.7624309392265194,0.08287292817679558,high
2026-04-08,SKU-FIL-009,0,WH-SOUTH,retail,0.0,,,False,0,0,0,0,0,0,0,0,0,0,,,2,15,4,2,0,0,0,0.0,5.0,0.0,0.0,4.0,2.0,2.516611478423583,1.0,2.0000000000000004,1.3,2.05359231088119,0.0,5.0,0.0,0.0,1.0,0.7,0.0,-4.0,6.0,6.0,0,0.0,intermittent,1.9286947422737468,0.7624309392265194,0.08287292817679558,high
2026-04-09,SKU-FIL-009,0,WH-SOUTH,retail,0.0,,,False,0,0,0,0,0,0,0,0,0,0,,,3,15,4,2,0,0,0,0.0,5.0,0.0,0.0,3.0,2.0,2.516611478423583,1.0,2.0000000000000004,1.1666666666666667,2.001436265894266,0.0,5.0,0.0,0.0,1.0,0.8333333333333333,0.0,-3.0,5.0,6.0,0,0.0,intermittent,1.9286947422737468,0.7624309392265194,0.08287292817679558,high
2026-04-10,SKU-FIL-009,0,WH-SOUTH,retail,0.0,,,False,0,0,0,0,0,0,0,0,0,0,,,4,15,4,2,0,0,0,0.0,0.0,0.0,0.0,4.0,2.0,2.516611478423583,1.0,2.0000000000000004,1.0666666666666667,1.9815238534040405,0.0,5.0,0.0,0.0,1.0,0.9333333333333333,0.0,-4.0,4.0,6.0,0,0.0,intermittent,1.9286947422737468,0.7624309392265194,0.08287292817679558,high
2026-04-11,SKU-FIL-009,0,WH-SOUTH,online,0.0,,,False,0,0,0,0,0,0,0,0,0,0,,,5,15,4,2,1,0,0,0.0,0.0,4.0,0.0,0.0,2.0,2.516611478423583,1.0,2.0000000000000004,0.9333333333333333,1.9106477207072161,0.0,5.0,0.0,-4.0,1.0,1.0666666666666667,-4.0,0.0,3.0,6.0,0,0.0,intermittent,1.9286947422737468,0.7624309392265194,0.08287292817679558,high
2026-04-12,SKU-FIL-009,0,WH-SOUTH,online,0.0,,,False,0,0,0,0,0,0,0,0,0,0,,,6,15,4,2,1,0,0,0.0,0.0,5.0,0.0,0.0,1.4285714285714286,2.439750182371333,1.0,2.0000000000000004,0.9333333333333333,1.9106477207072161,0.0,5.0,0.0,-5.0,0.4285714285714286,0.49523809523809526,-5.0,0.0,2.0,6.0,0,0.0,intermittent,1.9286947422737468,0.7624309392265194,0.08287292817679558,high
2026-04-13,SKU-FIL-009,0,WH-SOUTH,retail,0.0,,,False,0,0,0,0,0,0,0,0,0,0,,,0,16,4,2,0,0,0,0.0,0.0,5.0,0.0,0.0,0.7142857142857143,1.8898223650461359,1.0,2.0000000000000004,0.9333333333333333,1.9106477207072161,0.0,5.0,0.0,-5.0,-0.2857142857142857,-0.21904761904761905,-5.0,0.0,1.0,6.0,0,0.0,intermittent,1.9286947422737468,0.7624309392265194,0.08287292817679558,high
2026-04-14,SKU-FIL-009,0,WH-SOUTH,retail,0.0,,,False,0,0,0,0,0,0,0,0,0,0,,,1,16,4,2,0,0,0,0.0,0.0,0.0,0.0,0.0,0.0,0.0,1.0,2.0000000000000004,0.9333333333333333,1.9106477207072161,0.0,5.0,0.0,0.0,-1.0,-0.9333333333333333,0.0,0.0,0.0,6.0,0,0.0,intermittent,1.9286947422737468,0.7624309392265194,0.08287292817679558,high
2026-04-15,SKU-FIL-009,0,WH-SOUTH,retail,0.0,,,False,0,0,0,0,0,0,0,0,0,0,,,2,16,4,2,0,0,0,0.0,0.0,0.0,0.0,0.0,0.0,0.0,1.0,2.0000000000000004,0.9333333333333333,1.9106477207072161,0.0,5.0,0.0,0.0,-1.0,-0.9333333333333333,0.0,0.0,0.0,6.0,0,0.0,intermittent,1.9286947422737468,0.7624309392265194,0.08287292817679558,high
2026-04-16,SKU-FIL-009,0,WH-SOUTH,retail,0.0,,,False,0,0,0,0,0,0,0,0,0,0,,,3,16,4,2,0,0,0,0.0,0.0,0.0,0.0,0.0,0.0,0.0,1.0,2.0000000000000004,0.9333333333333333,1.9106477207072161,0.0,5.0,0.0,0.0,-1.0,-0.9333333333333333,0.0,0.0,0.0,6.0,0,0.0,intermittent,1.9286947422737468,0.7624309392265194,0.08287292817679558,high
2026-04-17,SKU-FIL-009,6,WH-SOUTH,retail,108.0,,,False,0,0,0,0,0,0,0,0,0,0,,,4,16,4,2,0,0,0,0.0,0.0,0.0,0.0,0.0,0.0,0.0,1.0,2.0000000000000004,0.9333333333333333,1.9106477207072161,0.0,5.0,6.0,6.0,-1.0,-0.9333333333333333,0.0,0.0,0.0,6.0,0,0.0,intermittent,1.9286947422737468,0.7624309392265194,0.08287292817679558,high
2026-04-18,SKU-FIL-009,5,WH-SOUTH,online,90.0,,,False,0,0,0,0,0,0,0,0,0,0,,,5,16,4,2,1,0,0,6.0,0.0,0.0,4.0,0.0,0.8571428571428571,2.267786838055363,1.4285714285714286,2.376626106132736,1.1333333333333333,2.112905065565407,0.0,6.0,-1.0,5.0,-0.5714285714285715,-0.2761904761904762,6.0,6.0,0.0,6.0,0,0.0,intermittent,1.9286947422737468,0.7624309392265194,0.08287292817679558,high
2026-04-19,SKU-FIL-009,4,WH-SOUTH,online,72.0,,,False,0,0,0,0,0,0,0,0,0,0,,,6,16,4,2,1,0,0,5.0,0.0,0.0,5.0,0.0,1.5714285714285714,2.699206232527312,1.5,2.472930370104386,1.3,2.215151586624297,0.0,6.0,-1.0,4.0,0.0714285714285714,0.27142857142857135,5.0,5.0,0.0,6.0,0,0.0,intermittent,1.9286947422737468,0.7624309392265194,0.08287292817679558,high
2026-04-20,SKU-FIL-009,-4,WH-SOUTH,retail,0.0,Anomaly,Source system negative adjustment,True,0,0,0,0,0,0,0,0,0,0,,,0,17,4,2,0,0,0,4.0,6.0,0.0,5.0,0.0,2.142857142857143,2.7342623276105886,1.4285714285714286,2.376626106132736,1.4333333333333333,2.2542424881547904,0.0,6.0,-8.0,-4.0,0.7142857142857142,0.7095238095238094,4.0,4.0,0.0,6.0,0,0.0,intermittent,1.9286947422737468,0.7624309392265194,0.08287292817679558,high
2026-04-21,SKU-FIL-009,0,WH-SOUTH,retail,0.0,,,False,0,0,0,0,0,0,0,0,0,0,,,1,17,4,2,0,0,0,-4.0,5.0,0.0,0.0,5.0,1.5714285714285714,3.5523298860110972,0.7857142857142857,2.5473537227897878,1.3,2.4516004624706302,-4.0,6.0,4.0,0.0,0.7857142857142857,0.27142857142857135,-4.0,-9.0,0.0,6.0,1,1.0,intermittent,1.9286947422737468,0.7624309392265194,0.08287292817679558,high
2026-04-22,SKU-FIL-009,0,WH-SOUTH,retail,0.0,,,False,0,0,0,0,0,0,0,0,0,0,,,2,17,4,2,0,0,0,0.0,4.0,0.0,0.0,5.0,1.5714285714285714,3.5523298860110972,0.7857142857142857,2.5473537227897878,1.1333333333333333,2.3596220231117577,-4.0,6.0,0.0,0.0,0.7857142857142857,0.4380952380952381,0.0,-5.0,0.0,6.0,1,1.0,intermittent,1.9286947422737468,0.7624309392265194,0.08287292817679558,high
2026-04-23,SKU-FIL-009,0,WH-SOUTH,retail,0.0,,,False,0,0,0,0,0,0,0,0,0,0,,,3,17,4,2,0,0,0,0.0,-4.0,0.0,0.0,4.0,1.5714285714285714,3.5523298860110972,0.7857142857142857,2.5473537227897878,0.9666666666666667,2.2511810437976827,-4.0,6.0,0.0,0.0,0.7857142857142857,0.6047619047619047,0.0,-4.0,0.0,6.0,1,1.0,intermittent,1.9286947422737468,0.7624309392265194,0.08287292817679558,high
2026-04-24,SKU-FIL-009,0,WH-SOUTH,retail,0.0,,,False,0,0,0,0,0,0,0,0,0,0,,,4,17,4,2,0,0,0,0.0,0.0,6.0,0.0,0.0,1.5714285714285714,3.5523298860110972,0.7857142857142857,2.5473537227897878,0.8333333333333334,2.1827431860143225,-4.0,6.0,0.0,-6.0,0.7857142857142857,0.738095238095238,-6.0,0.0,0.0,6.0,1,1.0,intermittent,1.9286947422737468,0.7624309392265194,0.08287292817679558,high
2026-04-25,SKU-FIL-009,0,WH-SOUTH,online,0.0,,,False,0,0,0,0,0,0,0,0,0,0,,,5,17,4,2,1,0,0,0.0,0.0,5.0,0.0,0.0,0.7142857142857143,2.9840847683606277,0.7857142857142857,2.5473537227897878,0.8333333333333334,2.1827431860143225,-4.0,6.0,0.0,-5.0,-0.0714285714285714,-0.11904761904761907,-5.0,0.0,0.0,6.0,1,1.0,intermittent,1.9286947422737468,0.7624309392265194,0.08287292817679558,high
2026-04-26,SKU-FIL-009,0,WH-SOUTH,online,0.0,,,False,0,0,0,0,0,0,0,0,0,0,,,6,17,4,2,1,0,0,0.0,0.0,4.0,0.0,0.0,0.0,2.3094010767585025,0.7857142857142857,2.5473537227897878,0.8333333333333334,2.1827431860143225,-4.0,6.0,0.0,-4.0,-0.7857142857142857,-0.8333333333333334,-4.0,0.0,0.0,6.0,1,1.0,intermittent,1.9286947422737468,0.7624309392265194,0.08287292817679558,high
2026-04-27,SKU-FIL-009,0,WH-SOUTH,retail,0.0,,,False,0,0,0,0,0,0,0,0,0,0,,,0,18,4,2,0,0,0,0.0,0.0,-4.0,0.0,0.0,-0.5714285714285714,1.5118578920369086,0.7857142857142857,2.5473537227897878,0.8333333333333334,2.1827431860143225,-4.0,6.0,0.0,4.0,-1.3571428571428572,-1.4047619047619047,4.0,0.0,0.0,6.0,1,1.0,intermittent,1.9286947422737468,0.7624309392265194,0.08287292817679558,high
2026-04-28,SKU-FIL-009,0,WH-SOUTH,retail,0.0,,,False,0,0,0,0,0,0,0,0,0,0,,,1,18,4,2,0,0,0,0.0,0.0,0.0,0.0,0.0,0.0,0.0,0.7857142857142857,2.5473537227897878,0.8333333333333334,2.1827431860143225,-4.0,6.0,0.0,0.0,-0.7857142857142857,-0.8333333333333334,0.0,0.0,0.0,6.0,0,1.0,intermittent,1.9286947422737468,0.7624309392265194,0.08287292817679558,high
2026-04-29,SKU-FIL-009,0,WH-SOUTH,retail,0.0,,,False,0,0,0,0,0,0,0,0,0,0,,,2,18,4,2,0,0,0,0.0,0.0,0.0,0.0,0.0,0.0,0.0,0.7857142857142857,2.5473537227897878,0.8333333333333334,2.1827431860143225,-4.0,6.0,0.0,0.0,-0.7857142857142857,-0.8333333333333334,0.0,0.0,0.0,6.0,0,1.0,intermittent,1.9286947422737468,0.7624309392265194,0.08287292817679558,high
2026-04-30,SKU-FIL-009,4,WH-SOUTH,retail,72.0,,,False,0,0,0,0,0,0,0,0,0,0,,,3,18,4,2,0,0,1,0.0,0.0,0.0,0.0,0.0,0.0,0.0,0.7857142857142857,2.5473537227897878,0.8333333333333334,2.1827431860143225,-4.0,6.0,4.0,4.0,-0.7857142857142857,-0.8333333333333334,0.0,0.0,0.0,6.0,0,1.0,intermittent,1.9286947422737468,0.7624309392265194,0.08287292817679558,high
2026-05-01,SKU-FIL-009,5,WH-SOUTH,retail,90.0,,,False,0,0,0,0,0,0,0,0,0,0,,,4,18,5,2,0,1,0,4.0,0.0,0.0,6.0,0.0,0.5714285714285714,1.511857892036908,1.0714285714285714,2.6736401493753137,0.9666666666666667,2.2511810437976827,-4.0,6.0,1.0,5.0,-0.5,-0.3952380952380953,4.0,4.0,0.0,6.0,0,1.0,intermittent,1.9286947422737468,0.7624309392265194,0.08287292817679558,high
2026-05-02,SKU-FIL-009,5,WH-SOUTH,online,90.0,,,False,0,0,0,0,0,0,0,0,0,0,,,5,18,5,2,1,0,0,5.0,0.0,0.0,5.0,0.0,1.2857142857142858,2.214669705568282,1.0,2.54195563720897,1.1333333333333333,2.3596220231117577,-4.0,6.0,0.0,5.0,0.2857142857142858,0.1523809523809525,5.0,5.0,0.0,5.0,0,1.0,intermittent,1.9286947422737468,0.7624309392265194,0.08287292817679558,high
2026-05-03,SKU-FIL-009,0,WH-SOUTH,online,0.0,,,False,0,0,0,0,0,0,0,0,0,0,,,6,18,5,2,1,0,0,5.0,4.0,0.0,4.0,0.0,2.0,2.5166114784235822,1.0,2.54195563720897,1.3,2.4516004624706302,-4.0,6.0,-5.0,0.0,1.0,0.7,5.0,5.0,0.0,4.0,0,1.0,intermittent,1.9286947422737468,0.7624309392265194,0.08287292817679558,high
2026-05-04,SKU-FIL-009,0,WH-SOUTH,retail,0.0,,,False,0,0,0,0,0,0,0,0,0,0,,,0,19,5,2,0,0,0,0.0,5.0,0.0,-4.0,4.0,2.0,2.5166114784235822,0.7142857142857143,2.399633671676108,1.3,2.4516004624706302,-4.0,6.0,0.0,0.0,1.2857142857142856,0.7,0.0,-4.0,0.0,3.0,0,1.0,intermittent,1.9286947422737468,0.7624309392265194,0.08287292817679558,high
2026-05-05,SKU-FIL-009,0,WH-SOUTH,retail,0.0,,,False,0,0,0,0,0,0,0,0,0,0,,,1,19,5,2,0,0,0,0.0,5.0,0.0,0.0,5.0,2.0,2.5166114784235822,1.0,2.0000000000000004,1.1666666666666667,2.4080802674978763,-4.0,6.0,0.0,0.0,1.0,0.8333333333333333,0.0,-5.0,0.0,2.0,0,1.0,intermittent,1.9286947422737468,0.7624309392265194,0.08287292817679558,high
2026-05-06,SKU-FIL-009,0,WH-SOUTH,retail,0.0,,,False,0,0,0,0,0,0,0,0,0,0,,,2,19,5,2,0,0,0,0.0,0.0,0.0,0.0,5.0,2.0,2.5166114784235822,1.0,2.0000000000000004,1.0,2.3044185443591205,-4.0,6.0,0.0,0.0,1.0,1.0,0.0,-5.0,0.0,1.0,0,1.0,intermittent,1.9286947422737468,0.7624309392265194,0.08287292817679558,high
2026-05-07,SKU-FIL-009,0,WH-SOUTH,retail,0.0,,,False,0,0,0,0,0,0,0,0,0,0,,,3,19,5,2,0,0,0,0.0,0.0,4.0,0.0,0.0,2.0,2.5166114784235822,1.0,2.0000000000000004,0.8333333333333334,2.1827431860143225,-4.0,6.0,0.0,-4.0,1.0,1.1666666666666665,-4.0,0.0,0.0,0.0,0,1.0,intermittent,1.9286947422737468,0.7624309392265194,0.08287292817679558,high
2026-05-08,SKU-FIL-009,0,WH-SOUTH,retail,0.0,,,False,0,0,0,0,0,0,0,0,0,0,,,4,19,5,2,0,0,0,0.0,0.0,5.0,0.0,0.0,1.4285714285714286,2.439750182371332,1.0,2.0000000000000004,0.8333333333333334,2.1827431860143225,-4.0,6.0,0.0,-5.0,0.4285714285714286,0.5952380952380952,-5.0,0.0,0.0,0.0,0,1.0,intermittent,1.9286947422737468,0.7624309392265194,0.08287292817679558,high
2026-05-09,SKU-FIL-009,0,WH-SOUTH,online,0.0,,,False,0,0,0,0,0,0,0,0,0,0,,,5,19,5,2,1,0,0,0.0,0.0,5.0,0.0,0.0,0.7142857142857143,1.889822365046135,1.0,2.0000000000000004,0.8333333333333334,2.1827431860143225,-4.0,6.0,0.0,-5.0,-0.2857142857142857,-0.11904761904761907,-5.0,0.0,0.0,0.0,0,1.0,intermittent,1.9286947422737468,0.7624309392265194,0.08287292817679558,high
2026-05-10,SKU-FIL-009,0,WH-SOUTH,online,0.0,,,False,0,0,0,0,0,0,0,0,0,0,,,6,19,5,2,1,0,0,0.0,0.0,0.0,0.0,0.0,0.0,0.0,1.0,2.0000000000000004,0.8333333333333334,2.1827431860143225,-4.0,6.0,0.0,0.0,-1.0,-0.8333333333333334,0.0,0.0,0.0,0.0,0,1.0,intermittent,1.9286947422737468,0.7624309392265194,0.08287292817679558,high
2026-05-11,SKU-FIL-009,0,WH-SOUTH,retail,0.0,,,False,0,0,0,0,0,0,0,0,0,0,,,0,20,5,2,0,0,0,0.0,0.0,0.0,0.0,0.0,0.0,0.0,1.0,2.0000000000000004,0.8333333333333334,2.1827431860143225,-4.0,6.0,0.0,0.0,-1.0,-0.8333333333333334,0.0,0.0,0.0,0.0,0,1.0,intermittent,1.9286947422737468,0.7624309392265194,0.08287292817679558,high
2026-05-12,SKU-FIL-009,0,WH-SOUTH,retail,0.0,,,False,0,0,0,0,0,0,0,0,0,0,,,1,20,5,2,0,0,0,0.0,0.0,0.0,0.0,0.0,0.0,0.0,1.0,2.0000000000000004,0.8333333333333334,2.1827431860143225,-4.0,6.0,0.0,0.0,-1.0,-0.8333333333333334,0.0,0.0,0.0,0.0,0,1.0,intermittent,1.9286947422737468,0.7624309392265194,0.08287292817679558,high
2026-05-13,SKU-FIL-009,5,WH-SOUTH,retail,90.0,,,False,0,0,0,0,0,0,0,0,0,0,,,2,20,5,2,0,0,0,0.0,0.0,0.0,0.0,0.0,0.0,0.0,1.0,2.0000000000000004,0.8333333333333334,2.1827431860143225,-4.0,6.0,5.0,5.0,-1.0,-0.8333333333333334,0.0,0.0,0.0,0.0,0,1.0,intermittent,1.9286947422737468,0.7624309392265194,0.08287292817679558,high
2026-05-14,SKU-FIL-009,4,WH-SOUTH,retail,72.0,,,False,0,0,0,0,0,0,0,0,0,0,,,3,20,5,2,0,0,0,5.0,0.0,0.0,4.0,0.0,0.7142857142857143,1.889822365046135,1.3571428571428572,2.2397507710643874,1.0,2.3044185443591205,-4.0,6.0,-1.0,4.0,-0.6428571428571429,-0.2857142857142857,5.0,5.0,0.0,0.0,0,1.0,intermittent,1.9286947422737468,0.7624309392265194,0.08287292817679558,high
2026-05-15,SKU-FIL-009,4,WH-SOUTH,retail,72.0,,,False,0,0,0,0,0,0,0,0,0,0,,,4,20,5,2,0,0,0,4.0,0.0,0.0,5.0,0.0,1.2857142857142858,2.214669705568282,1.3571428571428572,2.2397507710643874,1.1333333333333333,2.3596220231117577,-4.0,6.0,0.0,4.0,-0.0714285714285714,0.1523809523809525,4.0,4.0,0.0,0.0,0,1.0,intermittent,1.9286947422737468,0.7624309392265194,0.08287292817679558,high
2026-05-16,SKU-FIL-009,0,WH-SOUTH,online,0.0,,,False,0,0,0,0,0,0,0,0,0,0,,,5,20,5,2,1,0,0,4.0,5.0,0.0,5.0,0.0,1.8571428571428572,2.3401261667248776,1.2857142857142858,2.1277858274442307,1.2666666666666666,2.40593136791689,-4.0,6.0,-4.0,0.0,0.5714285714285714,0.5904761904761906,4.0,4.0,0.0,0.0,0,1.0,intermittent,1.9286947422737468,0.7624309392265194,0.08287292817679558,high
2026-05-17,SKU-FIL-009,0,WH-SOUTH,online,0.0,,,False,0,0,0,0,0,0,0,0,0,0,,,6,20,5,2,1,0,0,0.0,4.0,0.0,0.0,6.0,1.8571428571428572,2.3401261667248776,0.9285714285714286,1.8590438284354562,1.2666666666666666,2.40593136791689,-4.0,6.0,0.0,0.0,0.9285714285714286,0.5904761904761906,0.0,-6.0,0.0,0.0,0,1.0,intermittent,1.9286947422737468,0.7624309392265194,0.08287292817679558,high
2026-05-18,SKU-FIL-009,0,WH-SOUTH,retail,0.0,,,False,0,0,0,0,0,0,0,0,0,0,,,0,21,5,2,0,0,0,0.0,4.0,0.0,0.0,5.0,1.8571428571428572,2.3401261667248776,0.9285714285714286,1.8590438284354562,1.0666666666666667,2.242740523883952,-4.0,5.0,0.0,0.0,0.9285714285714286,0.7904761904761906,0.0,-5.0,0.0,0.0,0,1.0,intermittent,1.9286947422737468,0.7624309392265194,0.08287292817679558,high
2026-05-19,SKU-FIL-009,0,WH-SOUTH,retail,0.0,,,False,0,0,0,0,0,0,0,0,0,0,,,1,21,5,2,0,0,0,0.0,0.0,0.0,0.0,4.0,1.8571428571428572,2.3401261667248776,0.9285714285714286,1.8590438284354562,0.9,2.1229452540572353,-4.0,5.0,0.0,0.0,0.9285714285714286,0.9571428571428572,0.0,-4.0,0.0,0.0,0,1.0,intermittent,1.9286947422737468,0.7624309392265194,0.08287292817679558,high
2026-05-20,SKU-FIL-009,0,WH-SOUTH,retail,0.0,,,False,1,1,1,0,0,0,1,0,0,0,Memorial Day,holiday,2,21,5,2,0,0,0,0.0,0.0,5.0,0.0,-4.0,1.8571428571428572,2.3401261667248776,0.9285714285714286,1.8590438284354562,0.7666666666666667,2.045741301158181,-4.0,5.0,0.0,-5.0,0.9285714285714286,1.0904761904761906,-5.0,4.0,0.0,0.0,0,1.0,intermittent,1.9286947422737468,0.7624309392265194,0.08287292817679558,high
2026-05-21,SKU-FIL-009,0,WH-SOUTH,retail,0.0,,,False,1,1,1,0,0,0,1,0,0,0,Memorial Day,holiday,3,21,5,2,0,0,0,0.0,0.0,4.0,0.0,0.0,1.1428571428571428,1.951800145897065,0.9285714285714286,1.8590438284354562,0.9,1.8448436995751347,0.0,5.0,0.0,-4.0,0.2142857142857142,0.24285714285714277,-4.0,0.0,1.0,1.0,0,0.0,intermittent,1.9286947422737468,0.7624309392265194,0.08287292817679558,high
2026-05-22,SKU-FIL-009,0,WH-SOUTH,retail,0.0,,,False,1,1,1,0,0,0,1,0,0,0,Memorial Day,holiday,4,21,5,2,0,0,0,0.0,0.0,4.0,0.0,0.0,0.5714285714285714,1.5118578920369075,0.9285714285714286,1.8590438284354562,0.9,1.8448436995751347,0.0,5.0,0.0,-4.0,-0.3571428571428572,-0.3285714285714286,-4.0,0.0,2.0,2.0,0,0.0,intermittent,1.9286947422737468,0.7624309392265194,0.08287292817679558,high
2026-05-23,SKU-FIL-009,0,WH-SOUTH,online,0.0,,,False,1,1,1,0,0,0,1,0,0,0,Memorial Day,holiday,5,21,5,2,1,0,0,0.0,0.0,0.0,0.0,0.0,0.0,0.0,0.9285714285714286,1.8590438284354562,0.9,1.8448436995751347,0.0,5.0,0.0,0.0,-0.9285714285714286,-0.9,0.0,0.0,3.0,3.0,0,0.0,intermittent,1.9286947422737468,0.7624309392265194,0.08287292817679558,high
2026-05-24,SKU-FIL-009,0,WH-SOUTH,online,0.0,,,False,1,1,1,0,0,0,1,0,0,0,Memorial Day,holiday,6,21,5,2,1,0,0,0.0,0.0,0.0,0.0,0.0,0.0,0.0,0.9285714285714286,1.8590438284354562,0.9,1.8448436995751347,0.0,5.0,0.0,0.0,-0.9285714285714286,-0.9,0.0,0.0,4.0,4.0,0,0.0,intermittent,1.9286947422737468,0.7624309392265194,0.08287292817679558,high
2026-05-25,SKU-FIL-009,0,WH-SOUTH,retail,0.0,,,False,1,1,0,1,0,0,1,0,0,0,Memorial Day,holiday,0,22,5,2,0,0,0,0.0,0.0,0.0,0.0,0.0,0.0,0.0,0.9285714285714286,1.8590438284354562,0.9,1.8448436995751347,0.0,5.0,0.0,0.0,-0.9285714285714286,-0.9,0.0,0.0,5.0,5.0,0,0.0,intermittent,1.9286947422737468,0.7624309392265194,0.08287292817679558,high
2026-05-26,SKU-FIL-009,4,WH-SOUTH,retail,72.0,,,False,1,1,0,0,1,0,1,0,0,0,Memorial Day,holiday,1,22,5,2,0,0,0,0.0,0.0,0.0,0.0,0.0,0.0,0.0,0.9285714285714286,1.8590438284354562,0.9,1.8448436995751347,0.0,5.0,4.0,4.0,-0.9285714285714286,-0.9,0.0,0.0,6.0,6.0,0,0.0,intermittent,1.9286947422737468,0.7624309392265194,0.08287292817679558,high
2026-05-27,SKU-FIL-009,5,WH-SOUTH,retail,90.0,,,False,0,0,0,0,0,0,0,0,0,0,,,2,22,5,2,0,0,0,4.0,0.0,0.0,5.0,0.0,0.5714285714285714,1.5118578920369075,1.2142857142857142,2.00685637938357,1.0333333333333334,1.920548293359591,0.0,5.0,1.0,5.0,-0.6428571428571428,-0.46190476190476204,4.0,4.0,7.0,7.0,0,0.0,intermittent,1.9286947422737468,0.7624309392265194,0.08287292817679558,high
2026-05-28,SKU-FIL-009,4,WH-SOUTH,retail,72.0,,,False,0,0,0,0,0,0,0,0,0,0,,,3,22,5,2,0,0,0,5.0,0.0,0.0,4.0,0.0,1.2857142857142858,2.2146697055682814,1.2142857142857142,2.00685637938357,1.2,2.04095988235421,0.0,5.0,-1.0,4.0,0.07142857142857162,0.08571428571428585,5.0,5.0,6.0,7.0,0,0.0,intermittent,1.9286947422737468,0.7624309392265194,0.08287292817679558,high
2026-05-29,SKU-FIL-009,0,WH-SOUTH,retail,0.0,,,False,0,0,0,0,0,0,0,0,0,0,,,4,22,5,2,0,0,0,4.0,4.0,0.0,4.0,0.0,1.8571428571428572,2.3401261667248776,1.2142857142857142,2.00685637938357,1.3333333333333333,2.089932078311165,0.0,5.0,-4.0,0.0,0.642857142857143,0.523809523809524,4.0,4.0,5.0,7.0,0,0.0,intermittent,1.9286947422737468,0.7624309392265194,0.08287292817679558,high
2026-05-30,SKU-FIL-009,0,WH-SOUTH,online,0.0,,,False,0,0,0,0,0,0,0,0,0,0,,,5,22,5,2,1,0,0,0.0,5.0,0.0,0.0,4.0,1.8571428571428572,2.3401261667248776,0.9285714285714286,1.8590438284354562,1.3333333333333333,2.089932078311165,0.0,5.0,0.0,0.0,0.9285714285714286,0.523809523809524,0.0,-4.0,4.0,7.0,0,0.0,intermittent,1.9286947422737468,0.7624309392265194,0.08287292817679558,high
2026-05-31,SKU-FIL-009,0,WH-SOUTH,online,0.0,,,False,0,0,0,0,0,0,0,0,0,0,,,6,22,5,2,1,0,1,0.0,4.0,0.0,0.0,5.0,1.8571428571428572,2.3401261667248776,0.9285714285714286,1.8590438284354562,1.2,2.04095988235421,0.0,5.0,0.0,0.0,0.9285714285714286,0.6571428571428573,0.0,-5.0,3.0,7.0,0,0.0,intermittent,1.9286947422737468,0.7624309392265194,0.08287292817679558,high
2026-06-01,SKU-FIL-009,0,WH-SOUTH,retail,0.0,,,False,0,0,0,0,0,0,0,0,0,0,,,0,23,6,2,0,1,0,0.0,0.0,0.0,0.0,5.0,1.8571428571428572,2.3401261667248776,0.9285714285714286,1.8590438284354562,1.0333333333333334,1.920548293359591,0.0,5.0,0.0,0.0,0.9285714285714286,0.8238095238095238,0.0,-5.0,2.0,7.0,0,0.0,intermittent,1.9286947422737468,0.7624309392265194,0.08287292817679558,high
2026-06-02,SKU-FIL-009,0,WH-SOUTH,retail,0.0,,,False,0,0,0,0,0,0,0,0,0,0,,,1,23,6,2,0,0,0,0.0,0.0,4.0,0.0,0.0,1.8571428571428572,2.3401261667248776,0.9285714285714286,1.8590438284354562,0.8666666666666667,1.7759569219172373,0.0,5.0,0.0,-4.0,0.9285714285714286,0.9904761904761905,-4.0,0.0,1.0,7.0,0,0.0,intermittent,1.9286947422737468,0.7624309392265194,0.08287292817679558,high
2026-06-03,SKU-FIL-009,0,WH-SOUTH,retail,0.0,,,False,0,0,0,0,0,0,0,0,0,0,,,2,23,6,2,0,0,0,0.0,0.0,5.0,0.0,0.0,1.2857142857142858,2.2146697055682814,0.9285714285714286,1.8590438284354562,0.8666666666666667,1.7759569219172373,0.0,5.0,0.0,-5.0,0.3571428571428572,0.4190476190476191,-5.0,0.0,0.0,7.0,0,0.0,intermittent,1.9286947422737468,0.7624309392265194,0.08287292817679558,high
2026-06-04,SKU-FIL-009,0,WH-SOUTH,retail,0.0,,,False,0,0,0,0,0,0,0,0,0,0,,,3,23,6,2,0,0,0,0.0,0.0,4.0,0.0,0.0,0.5714285714285714,1.5118578920369072,0.9285714285714286,1.8590438284354562,0.8666666666666667,1.7759569219172373,0.0,5.0,0.0,-4.0,-0.3571428571428572,-0.2952380952380953,-4.0,0.0,0.0,7.0,0,0.0,intermittent,1.9286947422737468,0.7624309392265194,0.08287292817679558,high
2026-06-05,SKU-FIL-009,0,WH-SOUTH,retail,0.0,,,False,0,0,0,0,0,0,0,0,0,0,,,4,23,6,2,0,0,0,0.0,0.0,0.0,0.0,0.0,0.0,0.0,0.9285714285714286,1.8590438284354562,0.8666666666666667,1.7759569219172373,0.0,5.0,0.0,0.0,-0.9285714285714286,-0.8666666666666667,0.0,0.0,0.0,7.0,0,0.0,intermittent,1.9286947422737468,0.7624309392265194,0.08287292817679558,high
2026-06-06,SKU-FIL-009,0,WH-SOUTH,online,0.0,,,False,0,0,0,0,0,0,0,0,0,0,,,5,23,6,2,1,0,0,0.0,0.0,0.0,0.0,0.0,0.0,0.0,0.9285714285714286,1.8590438284354562,0.8666666666666667,1.7759569219172373,0.0,5.0,0.0,0.0,-0.9285714285714286,-0.8666666666666667,0.0,0.0,0.0,7.0,0,0.0,intermittent,1.9286947422737468,0.7624309392265194,0.08287292817679558,high
2026-06-07,SKU-FIL-009,0,WH-SOUTH,online,0.0,,,False,0,0,0,0,0,0,0,0,0,0,,,6,23,6,2,1,0,0,0.0,0.0,0.0,0.0,0.0,0.0,0.0,0.9285714285714286,1.8590438284354562,0.8666666666666667,1.7759569219172373,0.0,5.0,0.0,0.0,-0.9285714285714286,-0.8666666666666667,0.0,0.0,0.0,7.0,0,0.0,intermittent,1.9286947422737468,0.7624309392265194,0.08287292817679558,high
2026-06-08,SKU-FIL-009,4,WH-SOUTH,retail,72.0,,,False,0,0,0,0,0,0,0,0,0,0,,,0,24,6,2,0,0,0,0.0,0.0,0.0,0.0,0.0,0.0,0.0,0.9285714285714286,1.8590438284354562,0.8666666666666667,1.7759569219172373,0.0,5.0,4.0,4.0,-0.9285714285714286,-0.8666666666666667,0.0,0.0,0.0,7.0,0,0.0,intermittent,1.9286947422737468,0.7624309392265194,0.08287292817679558,high
2026-06-09,SKU-FIL-009,3,WH-SOUTH,retail,54.0,,,False,0,0,0,0,0,0,0,0,0,0,,,1,24,6,2,0,0,0,4.0,0.0,0.0,4.0,0.0,0.5714285714285714,1.5118578920369072,1.2142857142857142,2.00685637938357,1.0,1.8569533817705188,0.0,5.0,-1.0,3.0,-0.6428571428571428,-0.4285714285714286,4.0,4.0,0.0,7.0,0,0.0,intermittent,1.9286947422737468,0.7624309392265194,0.08287292817679558,high
2026-06-10,SKU-FIL-009,4,WH-SOUTH,retail,72.0,,,False,0,0,0,0,0,0,0,0,0,0,,,2,24,6,2,0,0,0,3.0,0.0,0.0,5.0,0.0,1.0,1.7320508075688759,1.1428571428571428,1.915810447390261,1.1,1.8818552841132148,0.0,5.0,1.0,4.0,-0.1428571428571428,-0.10000000000000009,3.0,3.0,0.0,7.0,0,0.0,intermittent,1.9286947422737468,0.7624309392265194,0.08287292817679558,high
2026-06-11,SKU-FIL-009,0,WH-SOUTH,retail,0.0,,,False,0,0,0,0,0,0,0,0,0,0,,,3,24,6,2,0,0,0,4.0,4.0,0.0,4.0,0.0,1.5714285714285714,1.9880595947760085,1.0714285714285714,1.7743595036946855,1.2333333333333334,1.9419743478779767,0.0,5.0,-4.0,0.0,0.5,0.338095238095238,4.0,4.0,0.0,7.0,0,0.0,intermittent,1.9286947422737468,0.7624309392265194,0.08287292817679558,high
2026-06-12,SKU-FIL-009,0,WH-SOUTH,retail,0.0,,,False,0,0,0,0,0,0,0,0,0,0,,,4,24,6,2,0,0,0,0.0,3.0,0.0,0.0,5.0,1.5714285714285714,1.9880595947760085,0.7857142857142857,1.5776599725577727,1.2333333333333334,1.9419743478779767,0.0,5.0,0.0,0.0,0.7857142857142857,0.338095238095238,0.0,-5.0,0.0,7.0,0,0.0,intermittent,1.9286947422737468,0.7624309392265194,0.08287292817679558,high
2026-06-13,SKU-FIL-009,0,WH-SOUTH,online,0.0,,,False,0,0,0,0,0,0,0,0,0,0,,,5,24,6,2,1,0,0,0.0,4.0,0.0,0.0,4.0,1.5714285714285714,1.9880595947760085,0.7857142857142857,1.5776599725577727,1.0666666666666667,1.8181713688309975,0.0,5.0,0.0,0.0,0.7857142857142857,0.5047619047619047,0.0,-4.0,0.0,7.0,0,0.0,intermittent,1.9286947422737468,0.7624309392265194,0.08287292817679558,high
2026-06-14,SKU-FIL-009,0,WH-SOUTH,online,0.0,,,False,0,0,0,0,0,0,0,0,0,0,,,6,24,6,2,1,0,0,0.0,0.0,0.0,0.0,4.0,1.5714285714285714,1.9880595947760085,0.7857142857142857,1.5776599725577727,0.9333333333333333,1.740656501861084,0.0,5.0,0.0,0.0,0.7857142857142857,0.638095238095238,0.0,-4.0,0.0,7.0,0,0.0,intermittent,1.9286947422737468,0.7624309392265194,0.08287292817679558,high
2026-06-15,SKU-FIL-009,0,WH-SOUTH,retail,0.0,,,False,0,0,0,0,0,0,0,0,0,0,,,0,25,6,2,0,0,0,0.0,0.0,4.0,0.0,0.0,1.5714285714285714,1.9880595947760085,0.7857142857142857,1.5776599725577727,0.8,1.6484057083468093,0.0,5.0,0.0,-4.0,0.7857142857142857,0.7714285714285714,-4.0,0.0,0.0,7.0,0,0.0,intermittent,1.9286947422737468,0.7624309392265194,0.08287292817679558,high
2026-06-16,SKU-FIL-009,0,WH-SOUTH,retail,0.0,,,False,0,0,0,0,0,0,0,0,0,0,,,1,25,6,2,0,0,0,0.0,0.0,3.0,0.0,0.0,1.0,1.7320508075688759,0.7857142857142857,1.5776599725577727,0.8,1.6484057083468093,0.0,5.0,0.0,-3.0,0.2142857142857143,0.19999999999999996,-3.0,0.0,0.0,7.0,0,0.0,intermittent,1.9286947422737468,0.7624309392265194,0.08287292817679558,high
2026-06-17,SKU-FIL-009,0,WH-SOUTH,retail,0.0,,,False,0,0,0,0,0,0,0,0,0,0,,,2,25,6,2,0,0,0,0.0,0.0,4.0,0.0,0.0,0.5714285714285714,1.5118578920369075,0.7857142857142857,1.5776599725577727,0.8,1.6484057083468093,0.0,5.0,0.0,-4.0,-0.2142857142857143,-0.22857142857142865,-4.0,0.0,0.0,7.0,0,0.0,intermittent,1.9286947422737468,0.7624309392265194,0.08287292817679558,high
2026-06-18,SKU-FIL-009,0,WH-SOUTH,retail,0.0,,,False,0,0,0,0,0,0,0,0,0,0,,,3,25,6,2,0,0,0,0.0,0.0,0.0,0.0,0.0,0.0,0.0,0.7857142857142857,1.5776599725577727,0.8,1.6484057083468093,0.0,5.0,0.0,0.0,-0.7857142857142857,-0.8,0.0,0.0,0.0,7.0,0,0.0,intermittent,1.9286947422737468,0.7624309392265194,0.08287292817679558,high
2026-06-19,SKU-FIL-009,0,WH-SOUTH,retail,0.0,,,False,0,0,0,0,0,0,0,0,0,0,,,4,25,6,2,0,0,0,0.0,0.0,0.0,0.0,0.0,0.0,0.0,0.7857142857142857,1.5776599725577727,0.8,1.6484057083468093,0.0,5.0,0.0,0.0,-0.7857142857142857,-0.8,0.0,0.0,0.0,7.0,0,0.0,intermittent,1.9286947422737468,0.7624309392265194,0.08287292817679558,high
2026-06-20,SKU-FIL-009,0,WH-SOUTH,online,0.0,,,False,0,0,0,0,0,0,0,0,0,0,,,5,25,6,2,1,0,0,0.0,0.0,0.0,0.0,0.0,0.0,0.0,0.7857142857142857,1.5776599725577727,0.8,1.6484057083468093,0.0,5.0,0.0,0.0,-0.7857142857142857,-0.8,0.0,0.0,0.0,6.0,0,0.0,intermittent,1.9286947422737468,0.7624309392265194,0.08287292817679558,high
2026-06-21,SKU-FIL-009,5,WH-SOUTH,online,90.0,,,False,0,0,0,0,0,0,0,0,0,0,,,6,25,6,2,1,0,0,0.0,0.0,0.0,0.0,0.0,0.0,0.0,0.7857142857142857,1.5776599725577727,0.8,1.6484057083468093,0.0,5.0,5.0,5.0,-0.7857142857142857,-0.8,0.0,0.0,0.0,5.0,0,0.0,intermittent,1.9286947422737468,0.7624309392265194,0.08287292817679558,high
2026-06-22,SKU-FIL-009,5,WH-SOUTH,retail,90.0,,,False,0,0,0,0,0,0,0,0,0,0,,,0,26,6,2,0,0,0,5.0,0.0,0.0,4.0,0.0,0.7142857142857143,1.889822365046135,1.1428571428571428,1.9158104473902613,0.9666666666666667,1.8096167118144555,0.0,5.0,0.0,5.0,-0.4285714285714285,-0.2523809523809524,5.0,5.0,0.0,4.0,0,0.0,intermittent,1.9286947422737468,0.7624309392265194,0.08287292817679558,high
2026-06-23,SKU-FIL-009,4,WH-SOUTH,retail,72.0,,,False,0,0,0,0,0,0,0,0,0,0,,,1,26,6,2,0,0,0,5.0,0.0,0.0,3.0,0.0,1.4285714285714286,2.439750182371332,1.2142857142857142,2.044827298653528,1.1333333333333333,1.9428619723691547,0.0,5.0,-1.0,4.0,0.2142857142857144,0.2952380952380953,5.0,5.0,0.0,3.0,0,0.0,intermittent,1.9286947422737468,0.7624309392265194,0.08287292817679558,high
2026-06-24,SKU-FIL-009,0,WH-SOUTH,retail,0.0,,,False,0,0,0,0,0,0,0,0,0,0,,,2,26,6,2,0,0,0,4.0,5.0,0.0,4.0,0.0,2.0,2.5166114784235822,1.2857142857142858,2.127785827444231,1.2666666666666666,1.9988502442280605,0.0,5.0,-4.0,0.0,0.7142857142857142,0.7333333333333334,4.0,4.0,0.0,2.0,0,0.0,intermittent,1.9286947422737468,0.7624309392265194,0.08287292817679558,high
2026-06-25,SKU-FIL-009,0,WH-SOUTH,retail,0.0,,,False,0,0,0,0,0,0,0,0,0,0,,,3,26,6,2,0,0,0,0.0,5.0,0.0,0.0,4.0,2.0,2.5166114784235822,1.0,2.000000000000001,1.2666666666666666,1.9988502442280605,0.0,5.0,0.0,0.0,1.0,0.7333333333333334,0.0,-4.0,0.0,1.0,0,0.0,intermittent,1.9286947422737468,0.7624309392265194,0.08287292817679558,high
2026-06-26,SKU-FIL-009,0,WH-SOUTH,retail,0.0,,,False,0,0,0,0,0,0,0,0,0,0,,,4,26,6,2,0,0,0,0.0,4.0,0.0,0.0,5.0,2.0,2.5166114784235822,1.0,2.000000000000001,1.1333333333333333,1.9428619723691547,0.0,5.0,0.0,0.0,1.0,0.8666666666666667,0.0,-5.0,0.0,0.0,0,0.0,intermittent,1.9286947422737468,0.7624309392265194,0.08287292817679558,high
2026-06-27,SKU-FIL-009,0,WH-SOUTH,online,0.0,,,False,0,0,0,0,0,0,0,0,0,0,,,5,26,6,2,1,0,0,0.0,0.0,0.0,0.0,4.0,2.0,2.5166114784235822,1.0,2.000000000000001,0.9666666666666667,1.8096167118144555,0.0,5.0,0.0,0.0,1.0,1.0333333333333332,0.0,-4.0,0.0,0.0,0,0.0,intermittent,1.9286947422737468,0.7624309392265194,0.08287292817679558,high
2026-06-28,SKU-FIL-009,0,WH-SOUTH,online,0.0,,,False,0,0,0,0,0,0,0,0,0,0,,,6,26,6,2,1,0,0,0.0,0.0,5.0,0.0,0.0,2.0,2.5166114784235822,1.0,2.000000000000001,0.8333333333333334,1.723735585238088,0.0,5.0,0.0,-5.0,1.0,1.1666666666666665,-5.0,0.0,0.0,0.0,0,0.0,intermittent,1.9286947422737468,0.7624309392265194,0.08287292817679558,high
2026-06-29,SKU-FIL-009,0,WH-SOUTH,retail,0.0,,,False,0,0,0,0,0,0,0,0,0,0,,,0,27,6,2,0,0,0,0.0,0.0,5.0,0.0,0.0,1.2857142857142858,2.214669705568282,1.0,2.000000000000001,0.8333333333333334,1.723735585238088,0.0,5.0,0.0,-5.0,0.2857142857142858,0.45238095238095244,-5.0,0.0,0.0,0.0,0,0.0,intermittent,1.9286947422737468,0.7624309392265194,0.08287292817679558,high
2026-06-30,SKU-FIL-009,0,WH-SOUTH,retail,0.0,,,False,0,0,0,0,0,0,0,0,0,0,,,1,27,6,2,0,0,1,0.0,0.0,4.0,0.0,0.0,0.5714285714285714,1.5118578920369075,1.0,2.000000000000001,0.8333333333333334,1.723735585238088,0.0,5.0,0.0,-4.0,-0.4285714285714286,-0.261904761904762,-4.0,0.0,0.0,0.0,0,0.0,intermittent,1.9286947422737468,0.7624309392265194,0.08287292817679558,high
2026-01-01,SKU-GFT-010,0,WH-SOUTH,retail,0.0,,,False,1,1,0,1,0,0,1,0,0,0,New Year Holiday,holiday,3,1,1,1,0,1,0,,,,,,,,,,,,,,,,,,,,0.0,0.0,0,0.0,intermittent,2.208362289118341,0.8176795580110497,0.08287292817679558,high
2026-01-02,SKU-GFT-010,0,WH-SOUTH,retail,0.0,,,False,1,1,0,0,1,0,1,0,0,0,New Year Holiday,holiday,4,1,1,1,0,0,0,0.0,,,,,0.0,,0.0,,0.0,,0.0,0.0,0.0,,0.0,0.0,,,1.0,1.0,0,0.0,intermittent,2.208362289118341,0.8176795580110497,0.08287292817679558,high
2026-01-03,SKU-GFT-010,0,WH-SOUTH,online,0.0,,,False,0,0,0,0,0,0,0,0,0,0,,,5,1,1,1,1,0,0,0.0,,,,,0.0,0.0,0.0,0.0,0.0,0.0,0.0,0.0,0.0,,0.0,0.0,,,2.0,2.0,0,0.0,intermittent,2.208362289118341,0.8176795580110497,0.08287292817679558,high
2026-01-04,SKU-GFT-010,0,WH-SOUTH,online,0.0,,,False,0,0,0,0,0,0,0,0,0,0,,,6,1,1,1,1,0,0,0.0,0.0,,,,0.0,0.0,0.0,0.0,0.0,0.0,0.0,0.0,0.0,,0.0,0.0,,,2.0,2.0,0,0.0,intermittent,2.208362289118341,0.8176795580110497,0.08287292817679558,high
2026-01-05,SKU-GFT-010,0,WH-SOUTH,retail,0.0,,,False,0,0,0,0,0,0,0,0,0,0,,,0,2,1,1,0,0,0,0.0,0.0,,,,0.0,0.0,0.0,0.0,0.0,0.0,0.0,0.0,0.0,,0.0,0.0,,,2.0,2.0,0,0.0,intermittent,2.208362289118341,0.8176795580110497,0.08287292817679558,high
2026-01-06,SKU-GFT-010,0,WH-SOUTH,retail,0.0,,,False,0,0,0,0,0,0,0,0,0,0,,,1,2,1,1,0,0,0,0.0,0.0,,,,0.0,0.0,0.0,0.0,0.0,0.0,0.0,0.0,0.0,,0.0,0.0,,,2.0,2.0,0,0.0,intermittent,2.208362289118341,0.8176795580110497,0.08287292817679558,high
2026-01-07,SKU-GFT-010,2,WH-SOUTH,retail,6.5,,,False,0,0,0,0,0,0,0,0,0,0,,,2,2,1,1,0,0,0,0.0,0.0,,,,0.0,0.0,0.0,0.0,0.0,0.0,0.0,0.0,2.0,,0.0,0.0,,,2.0,2.0,0,0.0,intermittent,2.208362289118341,0.8176795580110497,0.08287292817679558,high
2026-01-08,SKU-GFT-010,3,WH-SOUTH,retail,9.75,,,False,0,0,0,0,0,0,0,0,0,0,,,3,2,1,1,0,0,0,2.0,0.0,0.0,,,0.2857142857142857,0.7559289460184545,0.2857142857142857,0.7559289460184545,0.2857142857142857,0.7559289460184545,0.0,2.0,1.0,3.0,0.0,0.0,2.0,,2.0,2.0,0,0.0,intermittent,2.208362289118341,0.8176795580110497,0.08287292817679558,high
2026-01-09,SKU-GFT-010,4,WH-SOUTH,retail,13.0,,,False,0,0,0,0,0,0,0,0,0,0,,,4,2,1,1,0,0,0,3.0,0.0,0.0,,,0.7142857142857143,1.2535663410560174,0.625,1.1877349391654208,0.625,1.1877349391654208,0.0,3.0,1.0,4.0,0.0892857142857143,0.0892857142857143,3.0,,1.0,2.0,0,0.0,intermittent,2.208362289118341,0.8176795580110497,0.08287292817679558,high
2026-01-10,SKU-GFT-010,0,WH-SOUTH,online,0.0,,,False,0,0,0,0,0,0,0,0,0,0,,,5,2,1,1,1,0,0,4.0,2.0,0.0,,,1.2857142857142858,1.7043362064926935,1.0,1.5811388300841898,1.0,1.5811388300841898,0.0,4.0,-4.0,0.0,0.2857142857142858,0.2857142857142858,4.0,,0.0,2.0,0,0.0,intermittent,2.208362289118341,0.8176795580110497,0.08287292817679558,high
2026-01-11,SKU-GFT-010,0,WH-SOUTH,online,0.0,,,False,0,0,0,0,0,0,0,0,0,0,,,6,2,1,1,1,0,0,0.0,3.0,0.0,,,1.2857142857142858,1.7043362064926935,0.9,1.5238839267549946,0.9,1.5238839267549946,0.0,4.0,0.0,0.0,0.3857142857142858,0.3857142857142858,0.0,,0.0,2.0,0,0.0,intermittent,2.208362289118341,0.8176795580110497,0.08287292817679558,high
2026-01-12,SKU-GFT-010,0,WH-SOUTH,retail,0.0,,,False,0,0,0,0,0,0,0,0,0,0,,,0,3,1,1,0,0,0,0.0,4.0,0.0,,,1.2857142857142858,1.7043362064926935,0.8181818181818182,1.4709304414677002,0.8181818181818182,1.4709304414677002,0.0,4.0,0.0,0.0,0.4675324675324676,0.4675324675324676,0.0,,0.0,2.0,0,0.0,intermittent,2.208362289118341,0.8176795580110497,0.08287292817679558,high
2026-01-13,SKU-GFT-010,0,WH-SOUTH,retail,0.0,,,False,0,0,0,0,0,0,0,0,0,0,,,1,3,1,1,0,0,0,0.0,0.0,0.0,,,1.2857142857142858,1.7043362064926935,0.75,1.4222261679238197,0.75,1.4222261679238197,0.0,4.0,0.0,0.0,0.5357142857142858,0.5357142857142858,0.0,,0.0,2.0,0,0.0,intermittent,2.208362289118341,0.8176795580110497,0.08287292817679558,high
2026-01-14,SKU-GFT-010,0,WH-SOUTH,retail,0.0,,,False,0,0,0,0,0,0,0,0,0,0,,,2,3,1,1,0,0,0,0.0,0.0,2.0,,,1.2857142857142858,1.7043362064926935,0.6923076923076923,1.377474463442389,0.6923076923076923,1.377474463442389,0.0,4.0,0.0,-2.0,0.5934065934065935,0.5934065934065935,-2.0,,0.0,2.0,0,0.0,intermittent,2.208362289118341,0.8176795580110497,0.08287292817679558,high
2026-01-15,SKU-GFT-010,0,WH-SOUTH,retail,0.0,,,False,0,0,0,0,0,0,0,0,0,0,,,3,3,1,1,0,0,0,0.0,0.0,3.0,0.0,,1.0,1.7320508075688774,0.6428571428571429,1.3363062095621219,0.6428571428571429,1.3363062095621219,0.0,4.0,0.0,-3.0,0.3571428571428571,0.3571428571428571,-3.0,,0.0,2.0,0,0.0,intermittent,2.208362289118341,0.8176795580110497,0.08287292817679558,high
2026-01-16,SKU-GFT-010,0,WH-SOUTH,retail,0.0,,,False,0,0,0,0,0,0,0,0,0,0,,,4,3,1,1,0,0,0,0.0,0.0,4.0,0.0,,0.5714285714285714,1.511857892036909,0.6428571428571429,1.3363062095621219,0.6,1.2983506020002016,0.0,4.0,0.0,-4.0,-0.07142857142857151,-0.02857142857142858,-4.0,,0.0,2.0,0,0.0,intermittent,2.208362289118341,0.8176795580110497,0.08287292817679558,high
2026-01-17,SKU-GFT-010,0,WH-SOUTH,online,0.0,,,False,0,0,0,0,0,0,0,0,0,0,,,5,3,1,1,1,0,0,0.0,0.0,0.0,0.0,,0.0,0.0,0.6428571428571429,1.3363062095621219,0.5625,1.2632629707758134,0.0,4.0,0.0,0.0,-0.6428571428571429,-0.5625,0.0,,0.0,2.0,0,0.0,intermittent,2.208362289118341,0.8176795580110497,0.08287292817679558,high
2026-01-18,SKU-GFT-010,0,WH-SOUTH,online,0.0,,,False,0,0,0,0,0,0,0,0,0,0,,,6,3,1,1,1,0,0,0.0,0.0,0.0,0.0,,0.0,0.0,0.6428571428571429,1.3363062095621219,0.5294117647058824,1.2307338795828044,0.0,4.0,0.0,0.0,-0.6428571428571429,-0.5294117647058824,0.0,,0.0,2.0,0,0.0,intermittent,2.208362289118341,0.8176795580110497,0.08287292817679558,high
2026-01-19,SKU-GFT-010,0,WH-SOUTH,retail,0.0,,,False,0,0,0,0,0,0,0,0,0,0,,,0,4,1,1,0,0,0,0.0,0.0,0.0,0.0,,0.0,0.0,0.6428571428571429,1.3363062095621219,0.5,1.200490095997562,0.0,4.0,0.0,0.0,-0.6428571428571429,-0.5,0.0,,0.0,2.0,0,0.0,intermittent,2.208362289118341,0.8176795580110497,0.08287292817679558,high
2026-01-20,SKU-GFT-010,0,WH-SOUTH,retail,0.0,,,False,0,0,0,0,0,0,0,0,0,0,,,1,4,1,1,0,0,0,0.0,0.0,0.0,0.0,,0.0,0.0,0.6428571428571429,1.3363062095621219,0.47368421052631576,1.1722922015640782,0.0,4.0,0.0,0.0,-0.6428571428571429,-0.47368421052631576,0.0,,0.0,2.0,0,0.0,intermittent,2.208362289118341,0.8176795580110497,0.08287292817679558,high
2026-01-21,SKU-GFT-010,0,WH-SOUTH,retail,0.0,,,False,0,0,0,0,0,0,0,0,0,0,,,2,4,1,1,0,0,0,0.0,0.0,0.0,2.0,,0.0,0.0,0.6428571428571429,1.3363062095621219,0.45,1.145931016569864,0.0,4.0,0.0,0.0,-0.6428571428571429,-0.45,0.0,,0.0,2.0,0,0.0,intermittent,2.208362289118341,0.8176795580110497,0.08287292817679558,high
2026-01-22,SKU-GFT-010,0,WH-SOUTH,retail,0.0,,,False,0,0,0,0,0,0,0,0,0,0,,,3,4,1,1,0,0,0,0.0,0.0,0.0,3.0,,0.0,0.0,0.5,1.286019499792345,0.42857142857142855,1.121223821162776,0.0,4.0,0.0,0.0,-0.5,-0.42857142857142855,0.0,,0.0,2.0,0,0.0,intermittent,2.208362289118341,0.8176795580110497,0.08287292817679558,high
2026-01-23,SKU-GFT-010,0,WH-SOUTH,retail,0.0,,,False,0,0,0,0,0,0,0,0,0,0,,,4,4,1,1,0,0,0,0.0,0.0,0.0,4.0,,0.0,0.0,0.2857142857142857,1.0690449676496976,0.4090909090909091,1.09801079485937,0.0,4.0,0.0,0.0,-0.2857142857142857,-0.4090909090909091,0.0,,0.0,2.0,0,0.0,intermittent,2.208362289118341,0.8176795580110497,0.08287292817679558,high
2026-01-24,SKU-GFT-010,4,WH-SOUTH,online,13.0,,,False,0,0,0,0,0,0,0,0,0,0,,,5,4,1,1,1,0,0,0.0,0.0,0.0,0.0,,0.0,0.0,0.0,0.0,0.391304347826087,1.0761518325953912,0.0,4.0,4.0,4.0,0.0,-0.391304347826087,0.0,,0.0,2.0,0,0.0,intermittent,2.208362289118341,0.8176795580110497,0.08287292817679558,high
2026-01-25,SKU-GFT-010,2,WH-SOUTH,online,6.5,,,False,0,0,0,0,0,0,0,0,0,0,,,6,4,1,1,1,0,0,4.0,0.0,0.0,0.0,,0.5714285714285714,1.511857892036909,0.2857142857142857,1.0690449676496976,0.5416666666666666,1.2846642825425558,0.0,4.0,-2.0,2.0,0.2857142857142857,0.029761904761904767,4.0,,0.0,2.0,0,0.0,intermittent,2.208362289118341,0.8176795580110497,0.08287292817679558,high
2026-01-26,SKU-GFT-010,3,WH-SOUTH,retail,9.75,,,False,0,0,0,0,0,0,0,0,0,0,,,0,5,1,1,0,0,0,2.0,0.0,0.0,0.0,,0.8571428571428571,1.5735915849388864,0.42857142857142855,1.1578684470436789,0.6,1.2909944487358054,0.0,4.0,1.0,3.0,0.42857142857142855,0.2571428571428571,2.0,,0.0,2.0,0,0.0,intermittent,2.208362289118341,0.8176795580110497,0.08287292817679558,high
2026-01-27,SKU-GFT-010,0,WH-SOUTH,retail,0.0,,,False,0,0,0,0,0,0,0,0,0,0,,,1,5,1,1,0,0,0,3.0,4.0,0.0,0.0,,1.2857142857142858,1.7043362064926937,0.6428571428571429,1.3363062095621219,0.6923076923076923,1.3496438276591574,0.0,4.0,-3.0,0.0,0.6428571428571429,0.5934065934065935,3.0,,0.0,2.0,0,0.0,intermittent,2.208362289118341,0.8176795580110497,0.08287292817679558,high
2026-01-28,SKU-GFT-010,0,WH-SOUTH,retail,0.0,,,False,0,0,0,0,0,0,0,0,0,0,,,2,5,1,1,0,0,0,0.0,2.0,0.0,0.0,,1.2857142857142858,1.7043362064926937,0.6428571428571429,1.3363062095621219,0.6666666666666666,1.3301243435223524,0.0,4.0,0.0,0.0,0.6428571428571429,0.6190476190476192,0.0,,0.0,2.0,0,0.0,intermittent,2.208362289118341,0.8176795580110497,0.08287292817679558,high
2026-01-29,SKU-GFT-010,0,WH-SOUTH,retail,0.0,,,False,0,0,0,0,0,0,0,0,0,0,,,3,5,1,1,0,0,0,0.0,3.0,0.0,0.0,,1.2857142857142858,1.7043362064926937,0.6428571428571429,1.3363062095621219,0.6428571428571429,1.311326320782405,0.0,4.0,0.0,0.0,0.6428571428571429,0.6428571428571429,0.0,,0.0,2.0,0,0.0,intermittent,2.208362289118341,0.8176795580110497,0.08287292817679558,high
2026-01-30,SKU-GFT-010,0,WH-SOUTH,retail,0.0,,,False,0,0,0,0,0,0,0,0,0,0,,,4,5,1,1,0,0,0,0.0,0.0,0.0,0.0,,1.2857142857142858,1.7043362064926937,0.6428571428571429,1.3363062095621219,0.6206896551724138,1.293218385696495,0.0,4.0,0.0,0.0,0.6428571428571429,0.665024630541872,0.0,,0.0,2.0,0,0.0,intermittent,2.208362289118341,0.8176795580110497,0.08287292817679558,high
2026-01-31,SKU-GFT-010,0,WH-SOUTH,online,0.0,,,False,0,0,0,0,0,0,0,0,0,0,,,5,5,1,1,1,0,1,0.0,0.0,4.0,0.0,0.0,1.2857142857142858,1.7043362064926937,0.6428571428571429,1.3363062095621219,0.6,1.2757688689165259,0.0,4.0,0.0,-4.0,0.6428571428571429,0.6857142857142858,-4.0,0.0,0.0,2.0,0,0.0,intermittent,2.208362289118341,0.8176795580110497,0.08287292817679558,high
2026-02-01,SKU-GFT-010,0,WH-SOUTH,online,0.0,,,False,0,0,0,0,0,0,0,0,0,0,,,6,5,2,1,1,1,0,0.0,0.0,2.0,0.0,0.0,0.7142857142857143,1.2535663410560176,0.6428571428571429,1.3363062095621219,0.6,1.2757688689165259,0.0,4.0,0.0,-2.0,0.0714285714285714,0.11428571428571432,-2.0,0.0,0.0,1.0,0,0.0,intermittent,2.208362289118341,0.8176795580110497,0.08287292817679558,high
2026-02-02,SKU-GFT-010,0,WH-SOUTH,retail,0.0,,,False,0,0,0,0,0,0,0,0,0,0,,,0,6,2,1,0,0,0,0.0,0.0,3.0,0.0,0.0,0.42857142857142855,1.133893419027682,0.6428571428571429,1.3363062095621219,0.6,1.2757688689165259,0.0,4.0,0.0,-3.0,-0.21428571428571436,-0.17142857142857143,-3.0,0.0,0.0,0.0,0,0.0,intermittent,2.208362289118341,0.8176795580110497,0.08287292817679558,high
2026-02-03,SKU-GFT-010,0,WH-SOUTH,retail,0.0,,,False,0,0,0,0,0,0,0,0,0,0,,,1,6,2,1,0,0,0,0.0,0.0,0.0,0.0,0.0,0.0,0.0,0.6428571428571429,1.3363062095621219,0.6,1.2757688689165259,0.0,4.0,0.0,0.0,-0.6428571428571429,-0.6,0.0,0.0,0.0,0.0,0,0.0,intermittent,2.208362289118341,0.8176795580110497,0.08287292817679558,high
2026-02-04,SKU-GFT-010,0,WH-SOUTH,retail,0.0,,,False,0,0,0,0,0,0,0,0,0,0,,,2,6,2,1,0,0,0,0.0,0.0,0.0,0.0,0.0,0.0,0.0,0.6428571428571429,1.3363062095621219,0.6,1.2757688689165259,0.0,4.0,0.0,0.0,-0.6428571428571429,-0.6,0.0,0.0,0.0,0.0,0,0.0,intermittent,2.208362289118341,0.8176795580110497,0.08287292817679558,high
2026-02-05,SKU-GFT-010,0,WH-SOUTH,retail,0.0,,,False,0,0,0,0,0,0,0,0,0,0,,,3,6,2,1,0,0,0,0.0,0.0,0.0,0.0,0.0,0.0,0.0,0.6428571428571429,1.3363062095621219,0.6,1.2757688689165259,0.0,4.0,0.0,0.0,-0.6428571428571429,-0.6,0.0,0.0,0.0,0.0,0,0.0,intermittent,2.208362289118341,0.8176795580110497,0.08287292817679558,high
2026-02-06,SKU-GFT-010,0,WH-SOUTH,retail,0.0,,,False,0,0,0,0,0,0,0,0,0,0,,,4,6,2,1,0,0,0,0.0,0.0,0.0,0.0,2.0,0.0,0.0,0.6428571428571429,1.3363062095621219,0.6,1.2757688689165259,0.0,4.0,0.0,0.0,-0.6428571428571429,-0.6,0.0,-2.0,0.0,0.0,0,0.0,intermittent,2.208362289118341,0.8176795580110497,0.08287292817679558,high
2026-02-07,SKU-GFT-010,0,WH-SOUTH,online,0.0,,,False,0,0,0,0,0,0,0,0,0,0,,,5,6,2,1,1,0,0,0.0,0.0,0.0,4.0,3.0,0.0,0.0,0.6428571428571429,1.3363062095621219,0.5333333333333333,1.252124631158585,0.0,4.0,0.0,0.0,-0.6428571428571429,-0.5333333333333333,0.0,-3.0,0.0,0.0,0,0.0,intermittent,2.208362289118341,0.8176795580110497,0.08287292817679558,high
2026-02-08,SKU-GFT-010,0,WH-SOUTH,online,0.0,,,False,0,0,0,0,0,0,0,0,0,0,,,6,6,2,1,1,0,0,0.0,0.0,0.0,2.0,4.0,0.0,0.0,0.35714285714285715,0.9287827316640651,0.43333333333333335,1.165105688067746,0.0,4.0,0.0,0.0,-0.35714285714285715,-0.43333333333333335,0.0,-4.0,0.0,0.0,0,0.0,intermittent,2.208362289118341,0.8176795580110497,0.08287292817679558,high
2026-02-09,SKU-GFT-010,0,WH-SOUTH,retail,0.0,,,False,0,0,0,0,0,0,0,0,0,0,,,0,7,2,1,0,0,0,0.0,0.0,0.0,3.0,0.0,0.0,0.0,0.21428571428571427,0.8017837257372732,0.3,0.9523111632886269,0.0,4.0,0.0,0.0,-0.21428571428571427,-0.3,0.0,0.0,0.0,0.0,0,0.0,intermittent,2.208362289118341,0.8176795580110497,0.08287292817679558,high
2026-02-10,SKU-GFT-010,4,WH-SOUTH,retail,13.0,,,False,0,0,0,0,0,0,0,0,0,0,,,1,7,2,1,0,0,0,0.0,0.0,0.0,0.0,0.0,0.0,0.0,0.0,0.0,0.3,0.9523111632886269,0.0,4.0,4.0,4.0,0.0,-0.3,0.0,0.0,0.0,0.0,0,0.0,intermittent,2.208362289118341,0.8176795580110497,0.08287292817679558,high
2026-02-11,SKU-GFT-010,5,WH-SOUTH,retail,16.25,,,False,0,0,0,0,0,0,0,0,0,0,,,2,7,2,1,0,0,0,4.0,0.0,0.0,0.0,0.0,0.5714285714285714,1.5118578920369092,0.2857142857142857,1.0690449676496976,0.43333333333333335,1.165105688067746,0.0,4.0,1.0,5.0,0.2857142857142857,0.13809523809523805,4.0,4.0,0.0,0.0,0,0.0,intermittent,2.208362289118341,0.8176795580110497,0.08287292817679558,high
2026-02-12,SKU-GFT-010,3,WH-SOUTH,retail,9.75,,,False,0,0,0,0,0,0,0,0,0,0,,,3,7,2,1,0,0,0,5.0,0.0,0.0,0.0,0.0,1.2857142857142858,2.214669705568283,0.6428571428571429,1.6458405781822276,0.6,1.4287684593190135,0.0,5.0,-2.0,3.0,0.6428571428571429,0.6857142857142858,5.0,5.0,0.0,0.0,0,0.0,intermittent,2.208362289118341,0.8176795580110497,0.08287292817679558,high
2026-02-13,SKU-GFT-010,0,WH-SOUTH,retail,0.0,,,False,0,0,0,0,0,0,0,0,0,0,,,4,7,2,1,0,0,0,3.0,4.0,0.0,0.0,0.0,1.7142857142857142,2.214669705568283,0.8571428571428571,1.7478401113789144,0.7,1.4890404223224918,0.0,5.0,-3.0,0.0,0.8571428571428571,1.0142857142857142,3.0,3.0,0.0,0.0,0,0.0,intermittent,2.208362289118341,0.8176795580110497,0.08287292817679558,high
2026-02-14,SKU-GFT-010,0,WH-SOUTH,online,0.0,,,False,0,0,0,0,0,0,0,0,0,0,,,5,7,2,1,1,0,0,0.0,5.0,0.0,0.0,0.0,1.7142857142857142,2.2146697055682836,0.8571428571428571,1.7478401113789144,0.7,1.4890404223224918,0.0,5.0,0.0,0.0,0.8571428571428571,1.0142857142857142,0.0,0.0,0.0,0.0,0,0.0,intermittent,2.208362289118341,0.8176795580110497,0.08287292817679558,high
2026-02-15,SKU-GFT-010,0,WH-SOUTH,online,0.0,,,False,0,0,0,0,0,0,0,0,0,0,,,6,7,2,1,1,0,0,0.0,3.0,0.0,0.0,0.0,1.7142857142857142,2.2146697055682836,0.8571428571428571,1.7478401113789144,0.7,1.4890404223224918,0.0,5.0,0.0,0.0,0.8571428571428571,1.0142857142857142,0.0,0.0,0.0,0.0,0,0.0,intermittent,2.208362289118341,0.8176795580110497,0.08287292817679558,high
2026-02-16,SKU-GFT-010,0,WH-SOUTH,retail,0.0,,,False,0,0,0,0,0,0,0,0,0,0,,,0,8,2,1,0,0,0,0.0,0.0,0.0,0.0,0.0,1.7142857142857142,2.2146697055682836,0.8571428571428571,1.7478401113789144,0.7,1.4890404223224918,0.0,5.0,0.0,0.0,0.8571428571428571,1.0142857142857142,0.0,0.0,0.0,0.0,0,0.0,intermittent,2.208362289118341,0.8176795580110497,0.08287292817679558,high
2026-02-17,SKU-GFT-010,0,WH-SOUTH,retail,0.0,,,False,0,0,0,0,0,0,0,0,0,0,,,1,8,2,1,0,0,0,0.0,0.0,4.0,0.0,0.0,1.7142857142857142,2.2146697055682836,0.8571428571428571,1.7478401113789144,0.7,1.4890404223224918,0.0,5.0,0.0,-4.0,0.8571428571428571,1.0142857142857142,-4.0,0.0,0.0,0.0,0,0.0,intermittent,2.208362289118341,0.8176795580110497,0.08287292817679558,high
2026-02-18,SKU-GFT-010,0,WH-SOUTH,retail,0.0,,,False,0,0,0,0,0,0,0,0,0,0,,,2,8,2,1,0,0,0,0.0,0.0,5.0,0.0,0.0,1.1428571428571428,2.03540097839643,0.8571428571428571,1.7478401113789144,0.7,1.4890404223224918,0.0,5.0,0.0,-5.0,0.2857142857142857,0.44285714285714284,-5.0,0.0,0.0,0.0,0,0.0,intermittent,2.208362289118341,0.8176795580110497,0.08287292817679558,high
2026-02-19,SKU-GFT-010,0,WH-SOUTH,retail,0.0,,,False,0,0,0,0,0,0,0,0,0,0,,,3,8,2,1,0,0,0,0.0,0.0,3.0,0.0,0.0,0.42857142857142855,1.1338934190276833,0.8571428571428571,1.7478401113789144,0.7,1.4890404223224918,0.0,5.0,0.0,-3.0,-0.42857142857142855,-0.2714285714285714,-3.0,0.0,0.0,0.0,0,0.0,intermittent,2.208362289118341,0.8176795580110497,0.08287292817679558,high
2026-02-20,SKU-GFT-010,0,WH-SOUTH,retail,0.0,,,False,0,0,0,0,0,0,0,0,0,0,,,4,8,2,1,0,0,0,0.0,0.0,0.0,0.0,0.0,0.0,0.0,0.8571428571428571,1.7478401113789144,0.7,1.4890404223224918,0.0,5.0,0.0,0.0,-0.8571428571428571,-0.7,0.0,0.0,0.0,0.0,0,0.0,intermittent,2.208362289118341,0.8176795580110497,0.08287292817679558,high
2026-02-21,SKU-GFT-010,0,WH-SOUTH,online,0.0,,,False,0,0,0,0,0,0,0,0,0,0,,,5,8,2,1,1,0,0,0.0,0.0,0.0,0.0,0.0,0.0,0.0,0.8571428571428571,1.7478401113789144,0.7,1.4890404223224918,0.0,5.0,0.0,0.0,-0.8571428571428571,-0.7,0.0,0.0,0.0,0.0,0,0.0,intermittent,2.208362289118341,0.8176795580110497,0.08287292817679558,high
2026-02-22,SKU-GFT-010,0,WH-SOUTH,online,0.0,,,False,0,0,0,0,0,0,0,0,0,0,,,6,8,2,1,1,0,0,0.0,0.0,0.0,0.0,0.0,0.0,0.0,0.8571428571428571,1.7478401113789144,0.7,1.4890404223224918,0.0,5.0,0.0,0.0,-0.8571428571428571,-0.7,0.0,0.0,0.0,0.0,0,0.0,intermittent,2.208362289118341,0.8176795580110497,0.08287292817679558,high
2026-02-23,SKU-GFT-010,0,WH-SOUTH,retail,0.0,,,False,0,0,0,0,0,0,0,0,0,0,,,0,9,2,1,0,0,0,0.0,0.0,0.0,0.0,4.0,0.0,0.0,0.8571428571428571,1.7478401113789144,0.7,1.4890404223224918,0.0,5.0,0.0,0.0,-0.8571428571428571,-0.7,0.0,-4.0,0.0,0.0,0,0.0,intermittent,2.208362289118341,0.8176795580110497,0.08287292817679558,high
2026-02-24,SKU-GFT-010,0,WH-SOUTH,retail,0.0,,,False,0,0,0,0,0,0,0,0,0,0,,,1,9,2,1,0,0,0,0.0,0.0,0.0,4.0,2.0,0.0,0.0,0.8571428571428571,1.7478401113789144,0.5666666666666667,1.3565507307349294,0.0,5.0,0.0,0.0,-0.8571428571428571,-0.5666666666666667,0.0,-2.0,0.0,0.0,0,0.0,intermittent,2.208362289118341,0.8176795580110497,0.08287292817679558,high
2026-02-25,SKU-GFT-010,0,WH-SOUTH,retail,0.0,,,False,0,0,0,0,0,0,0,0,0,0,,,2,9,2,1,0,0,0,0.0,0.0,0.0,5.0,3.0,0.0,0.0,0.5714285714285714,1.5045717874984446,0.5,1.332614748892386,0.0,5.0,0.0,0.0,-0.5714285714285714,-0.5,0.0,-3.0,0.0,0.0,0,0.0,intermittent,2.208362289118341,0.8176795580110497,0.08287292817679558,high
2026-02-26,SKU-GFT-010,0,WH-SOUTH,retail,0.0,,,False,0,0,0,0,0,0,0,0,0,0,,,3,9,2,1,0,0,0,0.0,0.0,0.0,3.0,0.0,0.0,0.0,0.21428571428571427,0.8017837257372736,0.4,1.2484473115254693,0.0,5.0,0.0,0.0,-0.21428571428571427,-0.4,0.0,0.0,0.0,0.0,0,0.0,intermittent,2.208362289118341,0.8176795580110497,0.08287292817679558,high
2026-02-27,SKU-GFT-010,3,WH-SOUTH,retail,9.75,,,False,0,0,0,0,0,0,0,0,0,0,,,4,9,2,1,0,0,0,0.0,0.0,0.0,0.0,0.0,0.0,0.0,0.0,0.0,0.4,1.2484473115254693,0.0,5.0,3.0,3.0,0.0,-0.4,0.0,0.0,0.0,0.0,0,0.0,intermittent,2.208362289118341,0.8176795580110497,0.08287292817679558,high
2026-02-28,SKU-GFT-010,4,WH-SOUTH,online,13.0,,,False,0,0,0,0,0,0,0,0,0,0,,,5,9,2,1,1,0,1,3.0,0.0,0.0,0.0,0.0,0.42857142857142855,1.1338934190276833,0.21428571428571427,0.8017837257372736,0.5,1.332614748892386,0.0,5.0,1.0,4.0,0.21428571428571427,-0.07142857142857145,3.0,3.0,0.0,0.0,0,0.0,intermittent,2.208362289118341,0.8176795580110497,0.08287292817679558,high
2026-03-01,SKU-GFT-010,5,WH-SOUTH,online,16.25,,,False,0,0,0,0,0,0,0,0,0,0,,,6,9,3,1,1,1,0,4.0,0.0,0.0,0.0,0.0,1.0,1.7320508075688783,0.5,1.2860194997923455,0.6333333333333333,1.473521078171633,0.0,5.0,1.0,5.0,0.5,0.3666666666666667,4.0,4.0,0.0,0.0,0,0.0,intermittent,2.208362289118341,0.8176795580110497,0.08287292817679558,high
2026-03-02,SKU-GFT-010,0,WH-SOUTH,retail,0.0,,,False,0,0,0,0,0,0,0,0,0,0,,,0,10,3,1,0,0,0,5.0,3.0,0.0,0.0,0.0,1.7142857142857142,2.2146697055682836,0.8571428571428571,1.7478401113789144,0.8,1.6691934868527745,0.0,5.0,-5.0,0.0,0.8571428571428571,0.9142857142857141,5.0,5.0,0.0,0.0,0,0.0,intermittent,2.208362289118341,0.8176795580110497,0.08287292817679558,high
2026-03-03,SKU-GFT-010,0,WH-SOUTH,retail,0.0,,,False,0,0,0,0,0,0,0,0,0,0,,,1,10,3,1,0,0,0,0.0,4.0,0.0,0.0,0.0,1.7142857142857142,2.2146697055682836,0.8571428571428571,1.7478401113789144,0.8,1.6691934868527745,0.0,5.0,0.0,0.0,0.8571428571428571,0.9142857142857141,0.0,0.0,0.0,0.0,0,0.0,intermittent,2.208362289118341,0.8176795580110497,0.08287292817679558,high
2026-03-04,SKU-GFT-010,0,WH-SOUTH,retail,0.0,,,False,0,0,0,0,0,0,0,0,0,0,,,2,10,3,1,0,0,0,0.0,5.0,0.0,0.0,0.0,1.7142857142857142,2.2146697055682836,0.8571428571428571,1.7478401113789144,0.8,1.6691934868527745,0.0,5.0,0.0,0.0,0.8571428571428571,0.9142857142857141,0.0,0.0,0.0,0.0,0,0.0,intermittent,2.208362289118341,0.8176795580110497,0.08287292817679558,high
2026-03-05,SKU-GFT-010,0,WH-SOUTH,retail,0.0,,,False,0,0,0,0,0,0,0,0,0,0,,,3,10,3,1,0,0,0,0.0,0.0,0.0,0.0,0.0,1.7142857142857142,2.2146697055682836,0.8571428571428571,1.7478401113789144,0.8,1.6691934868527745,0.0,5.0,0.0,0.0,0.8571428571428571,0.9142857142857141,0.0,0.0,0.0,0.0,0,0.0,intermittent,2.208362289118341,0.8176795580110497,0.08287292817679558,high
2026-03-06,SKU-GFT-010,0,WH-SOUTH,retail,0.0,,,False,0,0,0,0,0,0,0,0,0,0,,,4,10,3,1,0,0,0,0.0,0.0,3.0,0.0,0.0,1.7142857142857142,2.2146697055682836,0.8571428571428571,1.7478401113789144,0.8,1.6691934868527745,0.0,5.0,0.0,-3.0,0.8571428571428571,0.9142857142857141,-3.0,0.0,0.0,0.0,0,0.0,intermittent,2.208362289118341,0.8176795580110497,0.08287292817679558,high
2026-03-07,SKU-GFT-010,0,WH-SOUTH,online,0.0,,,False,0,0,0,0,0,0,0,0,0,0,,,5,10,3,1,1,0,0,0.0,0.0,4.0,0.0,0.0,1.2857142857142858,2.2146697055682836,0.8571428571428571,1.7478401113789144,0.8,1.6691934868527745,0.0,5.0,0.0,-4.0,0.4285714285714287,0.48571428571428577,-4.0,0.0,0.0,0.0,0,0.0,intermittent,2.208362289118341,0.8176795580110497,0.08287292817679558,high
2026-03-08,SKU-GFT-010,0,WH-SOUTH,online,0.0,,,False,0,0,0,0,0,0,0,0,0,0,,,6,10,3,1,1,0,0,0.0,0.0,5.0,0.0,0.0,0.7142857142857143,1.889822365046137,0.8571428571428571,1.7478401113789144,0.8,1.6691934868527745,0.0,5.0,0.0,-5.0,-0.1428571428571428,-0.08571428571428574,-5.0,0.0,0.0,0.0,0,0.0,intermittent,2.208362289118341,0.8176795580110497,0.08287292817679558,high
2026-03-09,SKU-GFT-010,0,WH-SOUTH,retail,0.0,,,False,0,0,0,0,0,0,0,0,0,0,,,0,11,3,1,0,0,0,0.0,0.0,0.0,0.0,0.0,0.0,0.0,0.8571428571428571,1.7478401113789144,0.8,1.6691934868527745,0.0,5.0,0.0,0.0,-0.8571428571428571,-0.8,0.0,0.0,0.0,0.0,0,0.0,intermittent,2.208362289118341,0.8176795580110497,0.08287292817679558,high
2026-03-10,SKU-GFT-010,0,WH-SOUTH,retail,0.0,,,False,0,0,0,0,0,0,0,0,0,0,,,1,11,3,1,0,0,0,0.0,0.0,0.0,0.0,0.0,0.0,0.0,0.8571428571428571,1.7478401113789144,0.8,1.6691934868527745,0.0,5.0,0.0,0.0,-0.8571428571428571,-0.8,0.0,0.0,0.0,0.0,0,0.0,intermittent,2.208362289118341,0.8176795580110497,0.08287292817679558,high
2026-03-11,SKU-GFT-010,0,WH-SOUTH,retail,0.0,,,False,0,0,0,0,0,0,0,0,0,0,,,2,11,3,1,0,0,0,0.0,0.0,0.0,0.0,0.0,0.0,0.0,0.8571428571428571,1.7478401113789144,0.8,1.6691934868527745,0.0,5.0,0.0,0.0,-0.8571428571428571,-0.8,0.0,0.0,0.0,0.0,0,0.0,intermittent,2.208362289118341,0.8176795580110497,0.08287292817679558,high
2026-03-12,SKU-GFT-010,0,WH-SOUTH,retail,0.0,,,False,0,0,0,0,0,0,0,0,0,0,,,3,11,3,1,0,0,0,0.0,0.0,0.0,0.0,4.0,0.0,0.0,0.8571428571428571,1.7478401113789144,0.8,1.6691934868527745,0.0,5.0,0.0,0.0,-0.8571428571428571,-0.8,0.0,-4.0,0.0,0.0,0,0.0,intermittent,2.208362289118341,0.8176795580110497,0.08287292817679558,high
2026-03-13,SKU-GFT-010,0,WH-SOUTH,retail,0.0,,,False,0,0,0,0,0,0,0,0,0,0,,,4,11,3,1,0,0,0,0.0,0.0,0.0,3.0,5.0,0.0,0.0,0.8571428571428571,1.7478401113789144,0.6666666666666666,1.5610194134588469,0.0,5.0,0.0,0.0,-0.8571428571428571,-0.6666666666666666,0.0,-5.0,0.0,0.0,0,0.0,intermittent,2.208362289118341,0.8176795580110497,0.08287292817679558,high
2026-03-14,SKU-GFT-010,0,WH-SOUTH,online,0.0,,,False,0,0,0,0,0,0,0,0,0,0,,,5,11,3,1,1,0,0,0.0,0.0,0.0,4.0,3.0,0.0,0.0,0.6428571428571429,1.6458405781822276,0.5,1.332614748892386,0.0,5.0,0.0,0.0,-0.6428571428571429,-0.5,0.0,-3.0,0.0,0.0,0,0.0,intermittent,2.208362289118341,0.8176795580110497,0.08287292817679558,high
2026-03-15,SKU-GFT-010,0,WH-SOUTH,online,0.0,,,False,0,0,0,0,0,0,0,0,0,0,,,6,11,3,1,1,0,0,0.0,0.0,0.0,5.0,0.0,0.0,0.0,0.35714285714285715,1.3363062095621223,0.4,1.2484473115254693,0.0,5.0,0.0,0.0,-0.35714285714285715,-0.4,0.0,0.0,0.0,0.0,0,0.0,intermittent,2.208362289118341,0.8176795580110497,0.08287292817679558,high
2026-03-16,SKU-GFT-010,5,WH-SOUTH,retail,16.25,,,False,0,0,0,0,0,0,0,0,0,0,,,0,12,3,1,0,0,0,0.0,0.0,0.0,0.0,0.0,0.0,0.0,0.0,0.0,0.4,1.2484473115254693,0.0,5.0,5.0,5.0,0.0,-0.4,0.0,0.0,0.0,0.0,0,0.0,intermittent,2.208362289118341,0.8176795580110497,0.08287292817679558,high
2026-03-17,SKU-GFT-010,4,WH-SOUTH,retail,13.0,,,False,0,0,0,0,0,0,0,0,0,0,,,1,12,3,1,0,0,0,5.0,0.0,0.0,0.0,0.0,0.7142857142857143,1.889822365046137,0.35714285714285715,1.3363062095621223,0.5666666666666667,1.5013403972802926,0.0,5.0,-1.0,4.0,0.35714285714285715,0.14761904761904765,5.0,5.0,0.0,0.0,0,0.0,intermittent,2.208362289118341,0.8176795580110497,0.08287292817679558,high
2026-03-18,SKU-GFT-010,5,WH-SOUTH,retail,16.25,,,False,0,0,0,0,0,0,0,0,0,0,,,2,12,3,1,0,0,0,4.0,0.0,0.0,0.0,0.0,1.2857142857142858,2.2146697055682836,0.6428571428571429,1.6458405781822276,0.7,1.6220463873633888,0.0,5.0,1.0,5.0,0.6428571428571429,0.5857142857142859,4.0,4.0,0.0,0.0,0,0.0,intermittent,2.208362289118341,0.8176795580110497,0.08287292817679558,high
2026-03-19,SKU-GFT-010,0,WH-SOUTH,retail,0.0,,,False,0,0,0,0,0,0,0,0,0,0,,,3,12,3,1,0,0,0,5.0,5.0,0.0,0.0,0.0,2.0,2.516611478423584,1.0,2.0,0.8666666666666667,1.795268365940626,0.0,5.0,-5.0,0.0,1.0,1.1333333333333333,5.0,5.0,0.0,0.0,0,0.0,intermittent,2.208362289118341,0.8176795580110497,0.08287292817679558,high
2026-03-20,SKU-GFT-010,0,WH-SOUTH,retail,0.0,,,False,0,0,0,0,0,0,0,0,0,0,,,4,12,3,1,0,0,0,0.0,4.0,0.0,0.0,0.0,2.0,2.516611478423584,1.0,2.0,0.8666666666666667,1.795268365940626,0.0,5.0,0.0,0.0,1.0,1.1333333333333333,0.0,0.0,0.0,0.0,0,0.0,intermittent,2.208362289118341,0.8176795580110497,0.08287292817679558,high
2026-03-21,SKU-GFT-010,0,WH-SOUTH,online,0.0,,,False,0,0,0,0,0,0,0,0,0,0,,,5,12,3,1,1,0,0,0.0,5.0,0.0,0.0,0.0,2.0,2.516611478423584,1.0,2.0,0.8666666666666667,1.795268365940626,0.0,5.0,0.0,0.0,1.0,1.1333333333333333,0.0,0.0,0.0,0.0,0,0.0,intermittent,2.208362289118341,0.8176795580110497,0.08287292817679558,high
2026-03-22,SKU-GFT-010,0,WH-SOUTH,online,0.0,,,False,0,0,0,0,0,0,0,0,0,0,,,6,12,3,1,1,0,0,0.0,0.0,0.0,0.0,0.0,2.0,2.516611478423584,1.0,2.0,0.8666666666666667,1.795268365940626,0.0,5.0,0.0,0.0,1.0,1.1333333333333333,0.0,0.0,0.0,0.0,0,0.0,intermittent,2.208362289118341,0.8176795580110497,0.08287292817679558,high
2026-03-23,SKU-GFT-010,0,WH-SOUTH,retail,0.0,,,False,0,0,0,0,0,0,0,0,0,0,,,0,13,3,1,0,0,0,0.0,0.0,5.0,0.0,0.0,2.0,2.516611478423584,1.0,2.0,0.8666666666666667,1.795268365940626,0.0,5.0,0.0,-5.0,1.0,1.1333333333333333,-5.0,0.0,0.0,0.0,0,0.0,intermittent,2.208362289118341,0.8176795580110497,0.08287292817679558,high
2026-03-24,SKU-GFT-010,0,WH-SOUTH,retail,0.0,,,False,0,0,0,0,0,0,0,0,0,0,,,1,13,3,1,0,0,0,0.0,0.0,4.0,0.0,0.0,1.2857142857142858,2.2146697055682836,1.0,2.0,0.8666666666666667,1.795268365940626,0.0,5.0,0.0,-4.0,0.2857142857142858,0.4190476190476191,-4.0,0.0,0.0,0.0,0,0.0,intermittent,2.208362289118341,0.8176795580110497,0.08287292817679558,high
2026-03-25,SKU-GFT-010,0,WH-SOUTH,retail,0.0,,,False,0,0,0,0,0,0,0,0,0,0,,,2,13,3,1,0,0,0,0.0,0.0,5.0,0.0,0.0,0.7142857142857143,1.8898223650461372,1.0,2.0,0.8666666666666667,1.795268365940626,0.0,5.0,0.0,-5.0,-0.2857142857142857,-0.1523809523809524,-5.0,0.0,0.0,0.0,0,0.0,intermittent,2.208362289118341,0.8176795580110497,0.08287292817679558,high
2026-03-26,SKU-GFT-010,0,WH-SOUTH,retail,0.0,,,False,0,0,0,0,0,0,0,0,0,0,,,3,13,3,1,0,0,0,0.0,0.0,0.0,0.0,0.0,0.0,0.0,1.0,2.0,0.8666666666666667,1.795268365940626,0.0,5.0,0.0,0.0,-1.0,-0.8666666666666667,0.0,0.0,0.0,0.0,0,0.0,intermittent,2.208362289118341,0.8176795580110497,0.08287292817679558,high
2026-03-27,SKU-GFT-010,0,WH-SOUTH,retail,0.0,,,False,0,0,0,0,0,0,0,0,0,0,,,4,13,3,1,0,0,0,0.0,0.0,0.0,0.0,0.0,0.0,0.0,1.0,2.0,0.8666666666666667,1.795268365940626,0.0,5.0,0.0,0.0,-1.0,-0.8666666666666667,0.0,0.0,0.0,0.0,0,0.0,intermittent,2.208362289118341,0.8176795580110497,0.08287292817679558,high
2026-03-28,SKU-GFT-010,0,WH-SOUTH,online,0.0,,,False,0,0,0,0,0,0,0,0,0,0,,,5,13,3,1,1,0,0,0.0,0.0,0.0,0.0,0.0,0.0,0.0,1.0,2.0,0.8666666666666667,1.795268365940626,0.0,5.0,0.0,0.0,-1.0,-0.8666666666666667,0.0,0.0,0.0,0.0,0,0.0,intermittent,2.208362289118341,0.8176795580110497,0.08287292817679558,high
2026-03-29,SKU-GFT-010,0,WH-SOUTH,online,0.0,,,False,0,0,0,0,0,0,0,0,0,0,,,6,13,3,1,1,0,0,0.0,0.0,0.0,0.0,3.0,0.0,0.0,1.0,2.0,0.8666666666666667,1.795268365940626,0.0,5.0,0.0,0.0,-1.0,-0.8666666666666667,0.0,-3.0,0.0,0.0,0,0.0,intermittent,2.208362289118341,0.8176795580110497,0.08287292817679558,high
2026-03-30,SKU-GFT-010,0,WH-SOUTH,retail,0.0,,,False,0,0,0,0,0,0,0,0,0,0,,,0,14,3,1,0,0,0,0.0,0.0,0.0,5.0,4.0,0.0,0.0,1.0,2.0,0.7666666666666667,1.75545127970055,0.0,5.0,0.0,0.0,-1.0,-0.7666666666666667,0.0,-4.0,0.0,0.0,0,0.0,intermittent,2.208362289118341,0.8176795580110497,0.08287292817679558,high
2026-03-31,SKU-GFT-010,0,WH-SOUTH,retail,0.0,,,False,0,0,0,0,0,0,0,0,0,0,,,1,14,3,1,0,0,1,0.0,0.0,0.0,4.0,5.0,0.0,0.0,0.6428571428571429,1.6458405781822278,0.6333333333333333,1.6501480254047292,0.0,5.0,0.0,0.0,-0.6428571428571429,-0.6333333333333333,0.0,-5.0,0.0,0.0,0,0.0,intermittent,2.208362289118341,0.8176795580110497,0.08287292817679558,high
2026-04-01,SKU-GFT-010,0,WH-SOUTH,retail,0.0,,,False,1,1,1,0,0,0,1,0,0,0,Easter Holiday,holiday,2,14,4,2,0,1,0,0.0,0.0,0.0,5.0,0.0,0.0,0.0,0.35714285714285715,1.3363062095621225,0.4666666666666667,1.4319827906241327,0.0,5.0,0.0,0.0,-0.35714285714285715,-0.4666666666666667,0.0,0.0,0.0,0.0,0,0.0,intermittent,2.208362289118341,0.8176795580110497,0.08287292817679558,high
2026-04-02,SKU-GFT-010,5,WH-SOUTH,retail,16.25,,,False,1,1,1,0,0,0,1,0,0,0,Easter Holiday,holiday,3,14,4,2,0,0,0,0.0,0.0,0.0,0.0,0.0,0.0,0.0,0.0,0.0,0.4666666666666667,1.4319827906241327,0.0,5.0,5.0,5.0,0.0,-0.4666666666666667,0.0,0.0,1.0,1.0,0,0.0,intermittent,2.208362289118341,0.8176795580110497,0.08287292817679558,high
2026-04-03,SKU-GFT-010,5,WH-SOUTH,retail,16.25,,,False,1,1,1,0,0,0,1,0,0,0,Easter Holiday,holiday,4,14,4,2,0,0,0,5.0,0.0,0.0,0.0,0.0,0.7142857142857143,1.8898223650461372,0.35714285714285715,1.3363062095621225,0.6333333333333333,1.6501480254047292,0.0,5.0,0.0,5.0,0.35714285714285715,0.080952380952381,5.0,5.0,2.0,2.0,0,0.0,intermittent,2.208362289118341,0.8176795580110497,0.08287292817679558,high
2026-04-04,SKU-GFT-010,4,WH-SOUTH,online,13.0,,,False,1,1,1,0,0,0,1,0,0,0,Easter Holiday,holiday,5,14,4,2,1,0,0,5.0,0.0,0.0,0.0,0.0,1.4285714285714286,2.4397501823713337,0.7142857142857143,1.8156825980064077,0.8,1.8270005567822791,0.0,5.0,-1.0,4.0,0.7142857142857143,0.6285714285714286,5.0,5.0,3.0,3.0,0,0.0,intermittent,2.208362289118341,0.8176795580110497,0.08287292817679558,high
2026-04-05,SKU-GFT-010,0,WH-SOUTH,online,0.0,,,False,1,1,0,1,0,0,1,0,0,0,Easter Holiday,holiday,6,14,4,2,1,0,0,4.0,5.0,0.0,0.0,0.0,2.0,2.516611478423584,1.0,2.0000000000000004,0.9333333333333333,1.9106477207072154,0.0,5.0,-4.0,0.0,1.0,1.0666666666666667,4.0,4.0,4.0,4.0,0,0.0,intermittent,2.208362289118341,0.8176795580110497,0.08287292817679558,high
2026-04-06,SKU-GFT-010,0,WH-SOUTH,retail,0.0,,,False,1,1,0,0,1,0,1,0,0,0,Easter Holiday,holiday,0,15,4,2,0,0,0,0.0,5.0,0.0,0.0,0.0,2.0,2.516611478423584,1.0,2.0000000000000004,0.9333333333333333,1.9106477207072154,0.0,5.0,0.0,0.0,1.0,1.0666666666666667,0.0,0.0,5.0,5.0,0,0.0,intermittent,2.208362289118341,0.8176795580110497,0.08287292817679558,high
2026-04-07,SKU-GFT-010,0,WH-SOUTH,retail,0.0,,,False,0,0,0,0,0,0,0,0,0,0,,,1,15,4,2,0,0,0,0.0,4.0,0.0,0.0,0.0,2.0,2.516611478423584,1.0,2.0000000000000004,0.9333333333333333,1.9106477207072154,0.0,5.0,0.0,0.0,1.0,1.0666666666666667,0.0,0.0,6.0,6.0,0,0.0,intermittent,2.208362289118341,0.8176795580110497,0.08287292817679558,high
2026-04-08,SKU-GFT-010,0,WH-SOUTH,retail,0.0,,,False,0,0,0,0,0,0,0,0,0,0,,,2,15,4,2,0,0,0,0.0,0.0,0.0,0.0,0.0,2.0,2.516611478423584,1.0,2.0000000000000004,0.9333333333333333,1.9106477207072154,0.0,5.0,0.0,0.0,1.0,1.0666666666666667,0.0,0.0,6.0,6.0,0,0.0,intermittent,2.208362289118341,0.8176795580110497,0.08287292817679558,high
2026-04-09,SKU-GFT-010,0,WH-SOUTH,retail,0.0,,,False,0,0,0,0,0,0,0,0,0,0,,,3,15,4,2,0,0,0,0.0,0.0,5.0,0.0,0.0,2.0,2.516611478423584,1.0,2.0000000000000004,0.9333333333333333,1.9106477207072154,0.0,5.0,0.0,-5.0,1.0,1.0666666666666667,-5.0,0.0,5.0,6.0,0,0.0,intermittent,2.208362289118341,0.8176795580110497,0.08287292817679558,high
2026-04-10,SKU-GFT-010,0,WH-SOUTH,retail,0.0,,,False,0,0,0,0,0,0,0,0,0,0,,,4,15,4,2,0,0,0,0.0,0.0,5.0,0.0,0.0,1.2857142857142858,2.2146697055682836,1.0,2.0000000000000004,0.9333333333333333,1.9106477207072154,0.0,5.0,0.0,-5.0,0.2857142857142858,0.35238095238095246,-5.0,0.0,4.0,6.0,0,0.0,intermittent,2.208362289118341,0.8176795580110497,0.08287292817679558,high
2026-04-11,SKU-GFT-010,0,WH-SOUTH,online,0.0,,,False,0,0,0,0,0,0,0,0,0,0,,,5,15,4,2,1,0,0,0.0,0.0,4.0,0.0,0.0,0.5714285714285714,1.5118578920369101,1.0,2.0000000000000004,0.9333333333333333,1.9106477207072154,0.0,5.0,0.0,-4.0,-0.4285714285714286,-0.36190476190476195,-4.0,0.0,3.0,6.0,0,0.0,intermittent,2.208362289118341,0.8176795580110497,0.08287292817679558,high
2026-04-12,SKU-GFT-010,0,WH-SOUTH,online,0.0,,,False,0,0,0,0,0,0,0,0,0,0,,,6,15,4,2,1,0,0,0.0,0.0,0.0,0.0,0.0,0.0,0.0,1.0,2.0000000000000004,0.9333333333333333,1.9106477207072154,0.0,5.0,0.0,0.0,-1.0,-0.9333333333333333,0.0,0.0,2.0,6.0,0,0.0,intermittent,2.208362289118341,0.8176795580110497,0.08287292817679558,high
2026-04-13,SKU-GFT-010,0,WH-SOUTH,retail,0.0,,,False,0,0,0,0,0,0,0,0,0,0,,,0,16,4,2,0,0,0,0.0,0.0,0.0,0.0,0.0,0.0,0.0,1.0,2.0000000000000004,0.9333333333333333,1.9106477207072154,0.0,5.0,0.0,0.0,-1.0,-0.9333333333333333,0.0,0.0,1.0,6.0,0,0.0,intermittent,2.208362289118341,0.8176795580110497,0.08287292817679558,high
2026-04-14,SKU-GFT-010,0,WH-SOUTH,retail,0.0,,,False,0,0,0,0,0,0,0,0,0,0,,,1,16,4,2,0,0,0,0.0,0.0,0.0,0.0,0.0,0.0,0.0,1.0,2.0000000000000004,0.9333333333333333,1.9106477207072154,0.0,5.0,0.0,0.0,-1.0,-0.9333333333333333,0.0,0.0,0.0,6.0,0,0.0,intermittent,2.208362289118341,0.8176795580110497,0.08287292817679558,high
2026-04-15,SKU-GFT-010,0,WH-SOUTH,retail,0.0,,,False,0,0,0,0,0,0,0,0,0,0,,,2,16,4,2,0,0,0,0.0,0.0,0.0,0.0,5.0,0.0,0.0,1.0,2.0000000000000004,0.9333333333333333,1.9106477207072154,0.0,5.0,0.0,0.0,-1.0,-0.9333333333333333,0.0,-5.0,0.0,6.0,0,0.0,intermittent,2.208362289118341,0.8176795580110497,0.08287292817679558,high
2026-04-16,SKU-GFT-010,0,WH-SOUTH,retail,0.0,,,False,0,0,0,0,0,0,0,0,0,0,,,3,16,4,2,0,0,0,0.0,0.0,0.0,5.0,4.0,0.0,0.0,1.0,2.0000000000000004,0.7666666666666667,1.75545127970055,0.0,5.0,0.0,0.0,-1.0,-0.7666666666666667,0.0,-4.0,0.0,6.0,0,0.0,intermittent,2.208362289118341,0.8176795580110497,0.08287292817679558,high
2026-04-17,SKU-GFT-010,0,WH-SOUTH,retail,0.0,,,False,0,0,0,0,0,0,0,0,0,0,,,4,16,4,2,0,0,0,0.0,0.0,0.0,5.0,5.0,0.0,0.0,0.6428571428571429,1.6458405781822278,0.6333333333333333,1.6501480254047292,0.0,5.0,0.0,0.0,-0.6428571428571429,-0.6333333333333333,0.0,-5.0,0.0,6.0,0,0.0,intermittent,2.208362289118341,0.8176795580110497,0.08287292817679558,high
2026-04-18,SKU-GFT-010,0,WH-SOUTH,online,0.0,,,False,0,0,0,0,0,0,0,0,0,0,,,5,16,4,2,1,0,0,0.0,0.0,0.0,4.0,0.0,0.0,0.0,0.2857142857142857,1.069044967649698,0.4666666666666667,1.4319827906241327,0.0,5.0,0.0,0.0,-0.2857142857142857,-0.4666666666666667,0.0,0.0,0.0,6.0,0,0.0,intermittent,2.208362289118341,0.8176795580110497,0.08287292817679558,high
2026-04-19,SKU-GFT-010,4,WH-SOUTH,online,13.0,,,False,0,0,0,0,0,0,0,0,0,0,,,6,16,4,2,1,0,0,0.0,0.0,0.0,0.0,0.0,0.0,0.0,0.0,0.0,0.4666666666666667,1.4319827906241327,0.0,5.0,4.0,4.0,0.0,-0.4666666666666667,0.0,0.0,0.0,6.0,0,0.0,intermittent,2.208362289118341,0.8176795580110497,0.08287292817679558,high
2026-04-20,SKU-GFT-010,5,WH-SOUTH,retail,16.25,,,False,0,0,0,0,0,0,0,0,0,0,,,0,17,4,2,0,0,0,4.0,0.0,0.0,0.0,0.0,0.5714285714285714,1.5118578920369101,0.2857142857142857,1.069044967649698,0.6,1.5668989800855393,0.0,5.0,1.0,5.0,0.2857142857142857,-0.02857142857142858,4.0,4.0,0.0,6.0,0,0.0,intermittent,2.208362289118341,0.8176795580110497,0.08287292817679558,high
2026-04-21,SKU-GFT-010,5,WH-SOUTH,retail,16.25,,,False,0,0,0,0,0,0,0,0,0,0,,,1,17,4,2,0,0,0,5.0,0.0,0.0,0.0,0.0,1.2857142857142858,2.2146697055682836,0.6428571428571429,1.6458405781822278,0.7666666666666667,1.75545127970055,0.0,5.0,0.0,5.0,0.6428571428571429,0.5190476190476191,5.0,5.0,0.0,6.0,0,0.0,intermittent,2.208362289118341,0.8176795580110497,0.08287292817679558,high
2026-04-22,SKU-GFT-010,0,WH-SOUTH,retail,0.0,,,False,0,0,0,0,0,0,0,0,0,0,,,2,17,4,2,0,0,0,5.0,4.0,0.0,0.0,0.0,2.0,2.516611478423584,1.0,2.0,0.9333333333333333,1.9106477207072154,0.0,5.0,-5.0,0.0,1.0,1.0666666666666667,5.0,5.0,0.0,6.0,0,0.0,intermittent,2.208362289118341,0.8176795580110497,0.08287292817679558,high
2026-04-23,SKU-GFT-010,0,WH-SOUTH,retail,0.0,,,False,0,0,0,0,0,0,0,0,0,0,,,3,17,4,2,0,0,0,0.0,5.0,0.0,0.0,0.0,2.0,2.516611478423584,1.0,2.0,0.9333333333333333,1.9106477207072154,0.0,5.0,0.0,0.0,1.0,1.0666666666666667,0.0,0.0,0.0,6.0,0,0.0,intermittent,2.208362289118341,0.8176795580110497,0.08287292817679558,high
2026-04-24,SKU-GFT-010,0,WH-SOUTH,retail,0.0,,,False,0,0,0,0,0,0,0,0,0,0,,,4,17,4,2,0,0,0,0.0,5.0,0.0,0.0,0.0,2.0,2.516611478423584,1.0,2.0,0.9333333333333333,1.9106477207072154,0.0,5.0,0.0,0.0,1.0,1.0666666666666667,0.0,0.0,0.0,6.0,0,0.0,intermittent,2.208362289118341,0.8176795580110497,0.08287292817679558,high
2026-04-25,SKU-GFT-010,0,WH-SOUTH,online,0.0,,,False,0,0,0,0,0,0,0,0,0,0,,,5,17,4,2,1,0,0,0.0,0.0,0.0,0.0,0.0,2.0,2.516611478423584,1.0,2.0,0.9333333333333333,1.9106477207072154,0.0,5.0,0.0,0.0,1.0,1.0666666666666667,0.0,0.0,0.0,6.0,0,0.0,intermittent,2.208362289118341,0.8176795580110497,0.08287292817679558,high
2026-04-26,SKU-GFT-010,0,WH-SOUTH,online,0.0,,,False,0,0,0,0,0,0,0,0,0,0,,,6,17,4,2,1,0,0,0.0,0.0,4.0,0.0,0.0,2.0,2.516611478423584,1.0,2.0,0.9333333333333333,1.9106477207072154,0.0,5.0,0.0,-4.0,1.0,1.0666666666666667,-4.0,0.0,0.0,6.0,0,0.0,intermittent,2.208362289118341,0.8176795580110497,0.08287292817679558,high
2026-04-27,SKU-GFT-010,0,WH-SOUTH,retail,0.0,,,False,0,0,0,0,0,0,0,0,0,0,,,0,18,4,2,0,0,0,0.0,0.0,5.0,0.0,0.0,1.4285714285714286,2.4397501823713337,1.0,2.0,0.9333333333333333,1.9106477207072154,0.0,5.0,0.0,-5.0,0.4285714285714286,0.49523809523809526,-5.0,0.0,0.0,6.0,0,0.0,intermittent,2.208362289118341,0.8176795580110497,0.08287292817679558,high
2026-04-28,SKU-GFT-010,0,WH-SOUTH,retail,0.0,,,False,0,0,0,0,0,0,0,0,0,0,,,1,18,4,2,0,0,0,0.0,0.0,5.0,0.0,0.0,0.7142857142857143,1.8898223650461374,1.0,2.0,0.9333333333333333,1.9106477207072154,0.0,5.0,0.0,-5.0,-0.2857142857142857,-0.21904761904761905,-5.0,0.0,0.0,6.0,0,0.0,intermittent,2.208362289118341,0.8176795580110497,0.08287292817679558,high
2026-04-29,SKU-GFT-010,0,WH-SOUTH,retail,0.0,,,False,0,0,0,0,0,0,0,0,0,0,,,2,18,4,2,0,0,0,0.0,0.0,0.0,0.0,0.0,0.0,0.0,1.0,2.0,0.9333333333333333,1.9106477207072154,0.0,5.0,0.0,0.0,-1.0,-0.9333333333333333,0.0,0.0,0.0,6.0,0,0.0,intermittent,2.208362289118341,0.8176795580110497,0.08287292817679558,high
2026-04-30,SKU-GFT-010,0,WH-SOUTH,retail,0.0,,,False,0,0,0,0,0,0,0,0,0,0,,,3,18,4,2,0,0,1,0.0,0.0,0.0,0.0,0.0,0.0,0.0,1.0,2.0,0.9333333333333333,1.9106477207072154,0.0,5.0,0.0,0.0,-1.0,-0.9333333333333333,0.0,0.0,0.0,6.0,0,0.0,intermittent,2.208362289118341,0.8176795580110497,0.08287292817679558,high
2026-05-01,SKU-GFT-010,0,WH-SOUTH,retail,0.0,,,False,0,0,0,0,0,0,0,0,0,0,,,4,18,5,2,0,1,0,0.0,0.0,0.0,0.0,0.0,0.0,0.0,1.0,2.0,0.9333333333333333,1.9106477207072154,0.0,5.0,0.0,0.0,-1.0,-0.9333333333333333,0.0,0.0,0.0,6.0,0,0.0,intermittent,2.208362289118341,0.8176795580110497,0.08287292817679558,high
2026-05-02,SKU-GFT-010,0,WH-SOUTH,online,0.0,,,False,0,0,0,0,0,0,0,0,0,0,,,5,18,5,2,1,0,0,0.0,0.0,0.0,0.0,5.0,0.0,0.0,1.0,2.0,0.9333333333333333,1.9106477207072154,0.0,5.0,0.0,0.0,-1.0,-0.9333333333333333,0.0,-5.0,0.0,5.0,0,0.0,intermittent,2.208362289118341,0.8176795580110497,0.08287292817679558,high
2026-05-03,SKU-GFT-010,0,WH-SOUTH,online,0.0,,,False,0,0,0,0,0,0,0,0,0,0,,,6,18,5,2,1,0,0,0.0,0.0,0.0,4.0,5.0,0.0,0.0,1.0,2.0,0.7666666666666667,1.75545127970055,0.0,5.0,0.0,0.0,-1.0,-0.7666666666666667,0.0,-5.0,0.0,4.0,0,0.0,intermittent,2.208362289118341,0.8176795580110497,0.08287292817679558,high
2026-05-04,SKU-GFT-010,0,WH-SOUTH,retail,0.0,,,False,0,0,0,0,0,0,0,0,0,0,,,0,19,5,2,0,0,0,0.0,0.0,0.0,5.0,4.0,0.0,0.0,0.7142857142857143,1.8156825980064075,0.6,1.5668989800855393,0.0,5.0,0.0,0.0,-0.7142857142857143,-0.6,0.0,-4.0,0.0,3.0,0,0.0,intermittent,2.208362289118341,0.8176795580110497,0.08287292817679558,high
2026-05-05,SKU-GFT-010,0,WH-SOUTH,retail,0.0,,,False,0,0,0,0,0,0,0,0,0,0,,,1,19,5,2,0,0,0,0.0,0.0,0.0,5.0,0.0,0.0,0.0,0.35714285714285715,1.3363062095621223,0.4666666666666667,1.4319827906241327,0.0,5.0,0.0,0.0,-0.35714285714285715,-0.4666666666666667,0.0,0.0,0.0,2.0,0,0.0,intermittent,2.208362289118341,0.8176795580110497,0.08287292817679558,high
2026-05-06,SKU-GFT-010,5,WH-SOUTH,retail,16.25,,,False,0,0,0,0,0,0,0,0,0,0,,,2,19,5,2,0,0,0,0.0,0.0,0.0,0.0,0.0,0.0,0.0,0.0,0.0,0.4666666666666667,1.4319827906241327,0.0,5.0,5.0,5.0,0.0,-0.4666666666666667,0.0,0.0,0.0,1.0,0,0.0,intermittent,2.208362289118341,0.8176795580110497,0.08287292817679558,high
2026-05-07,SKU-GFT-010,3,WH-SOUTH,retail,9.75,,,False,0,0,0,0,0,0,0,0,0,0,,,3,19,5,2,0,0,0,5.0,0.0,0.0,0.0,0.0,0.7142857142857143,1.8898223650461374,0.35714285714285715,1.3363062095621223,0.6333333333333333,1.6501480254047292,0.0,5.0,-2.0,3.0,0.35714285714285715,0.080952380952381,5.0,5.0,0.0,0.0,0,0.0,intermittent,2.208362289118341,0.8176795580110497,0.08287292817679558,high
2026-05-08,SKU-GFT-010,4,WH-SOUTH,retail,13.0,,,False,0,0,0,0,0,0,0,0,0,0,,,4,19,5,2,0,0,0,3.0,0.0,0.0,0.0,0.0,1.1428571428571428,2.0354009783964306,0.5714285714285714,1.5045717874984446,0.7333333333333333,1.7005746155310286,0.0,5.0,1.0,4.0,0.5714285714285714,0.4095238095238095,3.0,3.0,0.0,0.0,0,0.0,intermittent,2.208362289118341,0.8176795580110497,0.08287292817679558,high
2026-05-09,SKU-GFT-010,0,WH-SOUTH,online,0.0,,,False,0,0,0,0,0,0,0,0,0,0,,,5,19,5,2,1,0,0,4.0,5.0,0.0,0.0,0.0,1.7142857142857142,2.214669705568284,0.8571428571428571,1.7478401113789144,0.8666666666666667,1.7952683659406263,0.0,5.0,-4.0,0.0,0.8571428571428571,0.8476190476190475,4.0,4.0,0.0,0.0,0,0.0,intermittent,2.208362289118341,0.8176795580110497,0.08287292817679558,high
2026-05-10,SKU-GFT-010,0,WH-SOUTH,online,0.0,,,False,0,0,0,0,0,0,0,0,0,0,,,6,19,5,2,1,0,0,0.0,3.0,0.0,0.0,0.0,1.7142857142857142,2.214669705568284,0.8571428571428571,1.7478401113789144,0.8666666666666667,1.7952683659406263,0.0,5.0,0.0,0.0,0.8571428571428571,0.8476190476190475,0.0,0.0,0.0,0.0,0,0.0,intermittent,2.208362289118341,0.8176795580110497,0.08287292817679558,high
2026-05-11,SKU-GFT-010,0,WH-SOUTH,retail,0.0,,,False,0,0,0,0,0,0,0,0,0,0,,,0,20,5,2,0,0,0,0.0,4.0,0.0,0.0,0.0,1.7142857142857142,2.214669705568284,0.8571428571428571,1.7478401113789144,0.8666666666666667,1.7952683659406263,0.0,5.0,0.0,0.0,0.8571428571428571,0.8476190476190475,0.0,0.0,0.0,0.0,0,0.0,intermittent,2.208362289118341,0.8176795580110497,0.08287292817679558,high
2026-05-12,SKU-GFT-010,0,WH-SOUTH,retail,0.0,,,False,0,0,0,0,0,0,0,0,0,0,,,1,20,5,2,0,0,0,0.0,0.0,0.0,0.0,0.0,1.7142857142857142,2.214669705568284,0.8571428571428571,1.7478401113789144,0.8666666666666667,1.7952683659406263,0.0,5.0,0.0,0.0,0.8571428571428571,0.8476190476190475,0.0,0.0,0.0,0.0,0,0.0,intermittent,2.208362289118341,0.8176795580110497,0.08287292817679558,high
2026-05-13,SKU-GFT-010,0,WH-SOUTH,retail,0.0,,,False,0,0,0,0,0,0,0,0,0,0,,,2,20,5,2,0,0,0,0.0,0.0,5.0,0.0,0.0,1.7142857142857142,2.214669705568284,0.8571428571428571,1.7478401113789144,0.8666666666666667,1.7952683659406263,0.0,5.0,0.0,-5.0,0.8571428571428571,0.8476190476190475,-5.0,0.0,0.0,0.0,0,0.0,intermittent,2.208362289118341,0.8176795580110497,0.08287292817679558,high
2026-05-14,SKU-GFT-010,0,WH-SOUTH,retail,0.0,,,False,0,0,0,0,0,0,0,0,0,0,,,3,20,5,2,0,0,0,0.0,0.0,3.0,0.0,0.0,1.0,1.7320508075688785,0.8571428571428571,1.7478401113789144,0.8666666666666667,1.7952683659406263,0.0,5.0,0.0,-3.0,0.1428571428571429,0.1333333333333333,-3.0,0.0,0.0,0.0,0,0.0,intermittent,2.208362289118341,0.8176795580110497,0.08287292817679558,high
2026-05-15,SKU-GFT-010,0,WH-SOUTH,retail,0.0,,,False,0,0,0,0,0,0,0,0,0,0,,,4,20,5,2,0,0,0,0.0,0.0,4.0,0.0,0.0,0.5714285714285714,1.5118578920369101,0.8571428571428571,1.7478401113789144,0.8666666666666667,1.7952683659406263,0.0,5.0,0.0,-4.0,-0.2857142857142857,-0.2952380952380953,-4.0,0.0,0.0,0.0,0,0.0,intermittent,2.208362289118341,0.8176795580110497,0.08287292817679558,high
2026-05-16,SKU-GFT-010,0,WH-SOUTH,online,0.0,,,False,0,0,0,0,0,0,0,0,0,0,,,5,20,5,2,1,0,0,0.0,0.0,0.0,0.0,0.0,0.0,0.0,0.8571428571428571,1.7478401113789144,0.8666666666666667,1.7952683659406263,0.0,5.0,0.0,0.0,-0.8571428571428571,-0.8666666666666667,0.0,0.0,0.0,0.0,0,0.0,intermittent,2.208362289118341,0.8176795580110497,0.08287292817679558,high
2026-05-17,SKU-GFT-010,0,WH-SOUTH,online,0.0,,,False,0,0,0,0,0,0,0,0,0,0,,,6,20,5,2,1,0,0,0.0,0.0,0.0,0.0,0.0,0.0,0.0,0.8571428571428571,1.7478401113789144,0.8666666666666667,1.7952683659406263,0.0,5.0,0.0,0.0,-0.8571428571428571,-0.8666666666666667,0.0,0.0,0.0,0.0,0,0.0,intermittent,2.208362289118341,0.8176795580110497,0.08287292817679558,high
2026-05-18,SKU-GFT-010,0,WH-SOUTH,retail,0.0,,,False,0,0,0,0,0,0,0,0,0,0,,,0,21,5,2,0,0,0,0.0,0.0,0.0,0.0,0.0,0.0,0.0,0.8571428571428571,1.7478401113789144,0.8666666666666667,1.7952683659406263,0.0,5.0,0.0,0.0,-0.8571428571428571,-0.8666666666666667,0.0,0.0,0.0,0.0,0,0.0,intermittent,2.208362289118341,0.8176795580110497,0.08287292817679558,high
2026-05-19,SKU-GFT-010,0,WH-SOUTH,retail,0.0,,,False,0,0,0,0,0,0,0,0,0,0,,,1,21,5,2,0,0,0,0.0,0.0,0.0,0.0,4.0,0.0,0.0,0.8571428571428571,1.7478401113789144,0.8666666666666667,1.7952683659406263,0.0,5.0,0.0,0.0,-0.8571428571428571,-0.8666666666666667,0.0,-4.0,0.0,0.0,0,0.0,intermittent,2.208362289118341,0.8176795580110497,0.08287292817679558,high
2026-05-20,SKU-GFT-010,0,WH-SOUTH,retail,0.0,,,False,1,1,1,0,0,0,1,0,0,0,Memorial Day,holiday,2,21,5,2,0,0,0,0.0,0.0,0.0,5.0,5.0,0.0,0.0,0.8571428571428571,1.7478401113789144,0.7333333333333333,1.7005746155310286,0.0,5.0,0.0,0.0,-0.8571428571428571,-0.7333333333333333,0.0,-5.0,0.0,0.0,0,0.0,intermittent,2.208362289118341,0.8176795580110497,0.08287292817679558,high
2026-05-21,SKU-GFT-010,0,WH-SOUTH,retail,0.0,,,False,1,1,1,0,0,0,1,0,0,0,Memorial Day,holiday,3,21,5,2,0,0,0,0.0,0.0,0.0,3.0,5.0,0.0,0.0,0.5,1.2860194997923455,0.5666666666666667,1.5013403972802926,0.0,5.0,0.0,0.0,-0.5,-0.5666666666666667,0.0,-5.0,1.0,1.0,0,0.0,intermittent,2.208362289118341,0.8176795580110497,0.08287292817679558,high
2026-05-22,SKU-GFT-010,0,WH-SOUTH,retail,0.0,,,False,1,1,1,0,0,0,1,0,0,0,Memorial Day,holiday,4,21,5,2,0,0,0,0.0,0.0,0.0,4.0,0.0,0.0,0.0,0.2857142857142857,1.0690449676496978,0.4,1.2484473115254693,0.0,5.0,0.0,0.0,-0.2857142857142857,-0.4,0.0,0.0,2.0,2.0,0,0.0,intermittent,2.208362289118341,0.8176795580110497,0.08287292817679558,high
2026-05-23,SKU-GFT-010,4,WH-SOUTH,online,13.0,,,False,1,1,1,0,0,0,1,0,0,0,Memorial Day,holiday,5,21,5,2,1,0,0,0.0,0.0,0.0,0.0,0.0,0.0,0.0,0.0,0.0,0.4,1.2484473115254693,0.0,5.0,4.0,4.0,0.0,-0.4,0.0,0.0,3.0,3.0,0,0.0,intermittent,2.208362289118341,0.8176795580110497,0.08287292817679558,high
2026-05-24,SKU-GFT-010,4,WH-SOUTH,online,13.0,,,False,1,1,1,0,0,0,1,0,0,0,Memorial Day,holiday,6,21,5,2,1,0,0,4.0,0.0,0.0,0.0,0.0,0.5714285714285714,1.5118578920369101,0.2857142857142857,1.0690449676496978,0.5333333333333333,1.407696414502182,0.0,5.0,0.0,4.0,0.2857142857142857,0.03809523809523807,4.0,4.0,4.0,4.0,0,0.0,intermittent,2.208362289118341,0.8176795580110497,0.08287292817679558,high
2026-05-25,SKU-GFT-010,3,WH-SOUTH,retail,9.75,,,False,1,1,0,1,0,0,1,0,0,0,Memorial Day,holiday,0,22,5,2,0,0,0,4.0,0.0,0.0,0.0,0.0,1.1428571428571428,1.9518001458970675,0.5714285714285714,1.452546078405126,0.6666666666666666,1.5387709679981691,0.0,5.0,-1.0,3.0,0.5714285714285714,0.47619047619047616,4.0,4.0,5.0,5.0,0,0.0,intermittent,2.208362289118341,0.8176795580110497,0.08287292817679558,high
2026-05-26,SKU-GFT-010,0,WH-SOUTH,retail,0.0,,,False,1,1,0,0,1,0,1,0,0,0,Memorial Day,holiday,1,22,5,2,0,0,0,3.0,4.0,0.0,0.0,0.0,1.5714285714285714,1.9880595947760111,0.7857142857142857,1.577659972557772,0.7666666666666667,1.5905612397739561,0.0,5.0,-3.0,0.0,0.7857142857142857,0.8047619047619047,3.0,3.0,6.0,6.0,0,0.0,intermittent,2.208362289118341,0.8176795580110497,0.08287292817679558,high
2026-05-27,SKU-GFT-010,0,WH-SOUTH,retail,0.0,,,False,0,0,0,0,0,0,0,0,0,0,,,2,22,5,2,0,0,0,0.0,4.0,0.0,0.0,0.0,1.5714285714285714,1.9880595947760111,0.7857142857142857,1.577659972557772,0.7666666666666667,1.5905612397739561,0.0,5.0,0.0,0.0,0.7857142857142857,0.8047619047619047,0.0,0.0,7.0,7.0,0,0.0,intermittent,2.208362289118341,0.8176795580110497,0.08287292817679558,high
2026-05-28,SKU-GFT-010,0,WH-SOUTH,retail,0.0,,,False,0,0,0,0,0,0,0,0,0,0,,,3,22,5,2,0,0,0,0.0,3.0,0.0,0.0,0.0,1.5714285714285714,1.9880595947760111,0.7857142857142857,1.577659972557772,0.7666666666666667,1.5905612397739561,0.0,5.0,0.0,0.0,0.7857142857142857,0.8047619047619047,0.0,0.0,6.0,7.0,0,0.0,intermittent,2.208362289118341,0.8176795580110497,0.08287292817679558,high
2026-05-29,SKU-GFT-010,0,WH-SOUTH,retail,0.0,,,False,0,0,0,0,0,0,0,0,0,0,,,4,22,5,2,0,0,0,0.0,0.0,0.0,0.0,0.0,1.5714285714285714,1.9880595947760111,0.7857142857142857,1.577659972557772,0.7666666666666667,1.5905612397739561,0.0,5.0,0.0,0.0,0.7857142857142857,0.8047619047619047,0.0,0.0,5.0,7.0,0,0.0,intermittent,2.208362289118341,0.8176795580110497,0.08287292817679558,high
2026-05-30,SKU-GFT-010,0,WH-SOUTH,online,0.0,,,False,0,0,0,0,0,0,0,0,0,0,,,5,22,5,2,1,0,0,0.0,0.0,4.0,0.0,0.0,1.5714285714285714,1.9880595947760111,0.7857142857142857,1.577659972557772,0.7666666666666667,1.5905612397739561,0.0,5.0,0.0,-4.0,0.7857142857142857,0.8047619047619047,-4.0,0.0,4.0,7.0,0,0.0,intermittent,2.208362289118341,0.8176795580110497,0.08287292817679558,high
2026-05-31,SKU-GFT-010,0,WH-SOUTH,online,0.0,,,False,0,0,0,0,0,0,0,0,0,0,,,6,22,5,2,1,0,1,0.0,0.0,4.0,0.0,0.0,1.0,1.7320508075688785,0.7857142857142857,1.577659972557772,0.7666666666666667,1.5905612397739561,0.0,5.0,0.0,-4.0,0.2142857142857143,0.23333333333333328,-4.0,0.0,3.0,7.0,0,0.0,intermittent,2.208362289118341,0.8176795580110497,0.08287292817679558,high
2026-06-01,SKU-GFT-010,0,WH-SOUTH,retail,0.0,,,False,0,0,0,0,0,0,0,0,0,0,,,0,23,6,2,0,1,0,0.0,0.0,3.0,0.0,0.0,0.42857142857142855,1.1338934190276833,0.7857142857142857,1.577659972557772,0.7666666666666667,1.5905612397739561,0.0,5.0,0.0,-3.0,-0.35714285714285715,-0.33809523809523817,-3.0,0.0,2.0,7.0,0,0.0,intermittent,2.208362289118341,0.8176795580110497,0.08287292817679558,high
2026-06-02,SKU-GFT-010,0,WH-SOUTH,retail,0.0,,,False,0,0,0,0,0,0,0,0,0,0,,,1,23,6,2,0,0,0,0.0,0.0,0.0,0.0,0.0,0.0,0.0,0.7857142857142857,1.577659972557772,0.7666666666666667,1.5905612397739561,0.0,5.0,0.0,0.0,-0.7857142857142857,-0.7666666666666667,0.0,0.0,1.0,7.0,0,0.0,intermittent,2.208362289118341,0.8176795580110497,0.08287292817679558,high
2026-06-03,SKU-GFT-010,0,WH-SOUTH,retail,0.0,,,False,0,0,0,0,0,0,0,0,0,0,,,2,23,6,2,0,0,0,0.0,0.0,0.0,0.0,0.0,0.0,0.0,0.7857142857142857,1.577659972557772,0.7666666666666667,1.5905612397739561,0.0,5.0,0.0,0.0,-0.7857142857142857,-0.7666666666666667,0.0,0.0,0.0,7.0,0,0.0,intermittent,2.208362289118341,0.8176795580110497,0.08287292817679558,high
2026-06-04,SKU-GFT-010,0,WH-SOUTH,retail,0.0,,,False,0,0,0,0,0,0,0,0,0,0,,,3,23,6,2,0,0,0,0.0,0.0,0.0,0.0,0.0,0.0,0.0,0.7857142857142857,1.577659972557772,0.7666666666666667,1.5905612397739561,0.0,5.0,0.0,0.0,-0.7857142857142857,-0.7666666666666667,0.0,0.0,0.0,7.0,0,0.0,intermittent,2.208362289118341,0.8176795580110497,0.08287292817679558,high
2026-06-05,SKU-GFT-010,0,WH-SOUTH,retail,0.0,,,False,0,0,0,0,0,0,0,0,0,0,,,4,23,6,2,0,0,0,0.0,0.0,0.0,0.0,5.0,0.0,0.0,0.7857142857142857,1.577659972557772,0.7666666666666667,1.5905612397739561,0.0,5.0,0.0,0.0,-0.7857142857142857,-0.7666666666666667,0.0,-5.0,0.0,7.0,0,0.0,intermittent,2.208362289118341,0.8176795580110497,0.08287292817679558,high
2026-06-06,SKU-GFT-010,0,WH-SOUTH,online,0.0,,,False,0,0,0,0,0,0,0,0,0,0,,,5,23,6,2,1,0,0,0.0,0.0,0.0,4.0,3.0,0.0,0.0,0.7857142857142857,1.577659972557772,0.6,1.3796551293211172,0.0,4.0,0.0,0.0,-0.7857142857142857,-0.6,0.0,-3.0,0.0,7.0,0,0.0,intermittent,2.208362289118341,0.8176795580110497,0.08287292817679558,high
2026-06-07,SKU-GFT-010,0,WH-SOUTH,online,0.0,,,False,0,0,0,0,0,0,0,0,0,0,,,6,23,6,2,1,0,0,0.0,0.0,0.0,4.0,4.0,0.0,0.0,0.5,1.2860194997923455,0.5,1.3064825110670781,0.0,4.0,0.0,0.0,-0.5,-0.5,0.0,-4.0,0.0,7.0,0,0.0,intermittent,2.208362289118341,0.8176795580110497,0.08287292817679558,high
2026-06-08,SKU-GFT-010,0,WH-SOUTH,retail,0.0,,,False,0,0,0,0,0,0,0,0,0,0,,,0,24,6,2,0,0,0,0.0,0.0,0.0,3.0,0.0,0.0,0.0,0.21428571428571427,0.8017837257372736,0.36666666666666664,1.1290317283753195,0.0,4.0,0.0,0.0,-0.21428571428571427,-0.36666666666666664,0.0,0.0,0.0,7.0,0,0.0,intermittent,2.208362289118341,0.8176795580110497,0.08287292817679558,high
2026-06-09,SKU-GFT-010,2,WH-SOUTH,retail,6.5,,,False,0,0,0,0,0,0,0,0,0,0,,,1,24,6,2,0,0,0,0.0,0.0,0.0,0.0,0.0,0.0,0.0,0.0,0.0,0.36666666666666664,1.1290317283753195,0.0,4.0,2.0,2.0,0.0,-0.36666666666666664,0.0,0.0,0.0,7.0,0,0.0,intermittent,2.208362289118341,0.8176795580110497,0.08287292817679558,high
2026-06-10,SKU-GFT-010,4,WH-SOUTH,retail,13.0,,,False,0,0,0,0,0,0,0,0,0,0,,,2,24,6,2,0,0,0,2.0,0.0,0.0,0.0,0.0,0.2857142857142857,0.7559289460184566,0.14285714285714285,0.5345224838248496,0.43333333333333335,1.1651056880677462,0.0,4.0,2.0,4.0,0.14285714285714285,-0.14761904761904765,2.0,2.0,0.0,7.0,0,0.0,intermittent,2.208362289118341,0.8176795580110497,0.08287292817679558,high
2026-06-11,SKU-GFT-010,4,WH-SOUTH,retail,13.0,,,False,0,0,0,0,0,0,0,0,0,0,,,3,24,6,2,0,0,0,4.0,0.0,0.0,0.0,0.0,0.8571428571428571,1.5735915849388875,0.42857142857142855,1.1578684470436793,0.5666666666666667,1.3308885632599343,0.0,4.0,0.0,4.0,0.42857142857142855,0.29047619047619044,4.0,4.0,0.0,7.0,0,0.0,intermittent,2.208362289118341,0.8176795580110497,0.08287292817679558,high
2026-06-12,SKU-GFT-010,0,WH-SOUTH,retail,0.0,,,False,0,0,0,0,0,0,0,0,0,0,,,4,24,6,2,0,0,0,4.0,2.0,0.0,0.0,0.0,1.4285714285714286,1.902379462422685,0.7142857142857143,1.4898926873369842,0.7,1.4656997857914034,0.0,4.0,-4.0,0.0,0.7142857142857143,0.7285714285714286,4.0,4.0,0.0,7.0,0,0.0,intermittent,2.208362289118341,0.8176795580110497,0.08287292817679558,high
2026-06-13,SKU-GFT-010,0,WH-SOUTH,online,0.0,,,False,0,0,0,0,0,0,0,0,0,0,,,5,24,6,2,1,0,0,0.0,4.0,0.0,0.0,0.0,1.4285714285714286,1.902379462422685,0.7142857142857143,1.4898926873369842,0.7,1.4656997857914034,0.0,4.0,0.0,0.0,0.7142857142857143,0.7285714285714286,0.0,0.0,0.0,7.0,0,0.0,intermittent,2.208362289118341,0.8176795580110497,0.08287292817679558,high
2026-06-14,SKU-GFT-010,0,WH-SOUTH,online,0.0,,,False,0,0,0,0,0,0,0,0,0,0,,,6,24,6,2,1,0,0,0.0,4.0,0.0,0.0,0.0,1.4285714285714286,1.902379462422685,0.7142857142857143,1.4898926873369842,0.7,1.4656997857914034,0.0,4.0,0.0,0.0,0.7142857142857143,0.7285714285714286,0.0,0.0,0.0,7.0,0,0.0,intermittent,2.208362289118341,0.8176795580110497,0.08287292817679558,high
2026-06-15,SKU-GFT-010,0,WH-SOUTH,retail,0.0,,,False,0,0,0,0,0,0,0,0,0,0,,,0,25,6,2,0,0,0,0.0,0.0,0.0,0.0,0.0,1.4285714285714286,1.902379462422685,0.7142857142857143,1.4898926873369842,0.7,1.4656997857914034,0.0,4.0,0.0,0.0,0.7142857142857143,0.7285714285714286,0.0,0.0,0.0,7.0,0,0.0,intermittent,2.208362289118341,0.8176795580110497,0.08287292817679558,high
2026-06-16,SKU-GFT-010,0,WH-SOUTH,retail,0.0,,,False,0,0,0,0,0,0,0,0,0,0,,,1,25,6,2,0,0,0,0.0,0.0,2.0,0.0,0.0,1.4285714285714286,1.902379462422685,0.7142857142857143,1.4898926873369842,0.7,1.4656997857914034,0.0,4.0,0.0,-2.0,0.7142857142857143,0.7285714285714286,-2.0,0.0,0.0,7.0,0,0.0,intermittent,2.208362289118341,0.8176795580110497,0.08287292817679558,high
2026-06-17,SKU-GFT-010,0,WH-SOUTH,retail,0.0,,,False,0,0,0,0,0,0,0,0,0,0,,,2,25,6,2,0,0,0,0.0,0.0,4.0,0.0,0.0,1.1428571428571428,1.9518001458970675,0.7142857142857143,1.4898926873369842,0.7,1.4656997857914034,0.0,4.0,0.0,-4.0,0.4285714285714285,0.44285714285714284,-4.0,0.0,0.0,7.0,0,0.0,intermittent,2.208362289118341,0.8176795580110497,0.08287292817679558,high
2026-06-18,SKU-GFT-010,0,WH-SOUTH,retail,0.0,,,False,0,0,0,0,0,0,0,0,0,0,,,3,25,6,2,0,0,0,0.0,0.0,4.0,0.0,0.0,0.5714285714285714,1.5118578920369101,0.7142857142857143,1.4898926873369842,0.7,1.4656997857914034,0.0,4.0,0.0,-4.0,-0.1428571428571429,-0.12857142857142856,-4.0,0.0,0.0,7.0,0,0.0,intermittent,2.208362289118341,0.8176795580110497,0.08287292817679558,high
2026-06-19,SKU-GFT-010,0,WH-SOUTH,retail,0.0,,,False,0,0,0,0,0,0,0,0,0,0,,,4,25,6,2,0,0,0,0.0,0.0,0.0,0.0,0.0,0.0,0.0,0.7142857142857143,1.4898926873369842,0.7,1.4656997857914034,0.0,4.0,0.0,0.0,-0.7142857142857143,-0.7,0.0,0.0,0.0,7.0,0,0.0,intermittent,2.208362289118341,0.8176795580110497,0.08287292817679558,high
2026-06-20,SKU-GFT-010,0,WH-SOUTH,online,0.0,,,False,0,0,0,0,0,0,0,0,0,0,,,5,25,6,2,1,0,0,0.0,0.0,0.0,0.0,0.0,0.0,0.0,0.7142857142857143,1.4898926873369842,0.7,1.4656997857914034,0.0,4.0,0.0,0.0,-0.7142857142857143,-0.7,0.0,0.0,0.0,6.0,0,0.0,intermittent,2.208362289118341,0.8176795580110497,0.08287292817679558,high
2026-06-21,SKU-GFT-010,0,WH-SOUTH,online,0.0,,,False,0,0,0,0,0,0,0,0,0,0,,,6,25,6,2,1,0,0,0.0,0.0,0.0,0.0,0.0,0.0,0.0,0.7142857142857143,1.4898926873369842,0.7,1.4656997857914034,0.0,4.0,0.0,0.0,-0.7142857142857143,-0.7,0.0,0.0,0.0,5.0,0,0.0,intermittent,2.208362289118341,0.8176795580110497,0.08287292817679558,high
2026-06-22,SKU-GFT-010,0,WH-SOUTH,retail,0.0,,,False,0,0,0,0,0,0,0,0,0,0,,,0,26,6,2,0,0,0,0.0,0.0,0.0,0.0,4.0,0.0,0.0,0.7142857142857143,1.4898926873369842,0.7,1.4656997857914034,0.0,4.0,0.0,0.0,-0.7142857142857143,-0.7,0.0,-4.0,0.0,4.0,0,0.0,intermittent,2.208362289118341,0.8176795580110497,0.08287292817679558,high
2026-06-23,SKU-GFT-010,0,WH-SOUTH,retail,0.0,,,False,0,0,0,0,0,0,0,0,0,0,,,1,26,6,2,0,0,0,0.0,0.0,0.0,2.0,4.0,0.0,0.0,0.7142857142857143,1.4898926873369842,0.5666666666666667,1.3308885632599343,0.0,4.0,0.0,0.0,-0.7142857142857143,-0.5666666666666667,0.0,-4.0,0.0,3.0,0,0.0,intermittent,2.208362289118341,0.8176795580110497,0.08287292817679558,high
2026-06-24,SKU-GFT-010,0,WH-SOUTH,retail,0.0,,,False,0,0,0,0,0,0,0,0,0,0,,,2,26,6,2,0,0,0,0.0,0.0,0.0,4.0,3.0,0.0,0.0,0.5714285714285714,1.452546078405126,0.43333333333333335,1.1651056880677462,0.0,4.0,0.0,0.0,-0.5714285714285714,-0.43333333333333335,0.0,-3.0,0.0,2.0,0,0.0,intermittent,2.208362289118341,0.8176795580110497,0.08287292817679558,high
2026-06-25,SKU-GFT-010,0,WH-SOUTH,retail,0.0,,,False,0,0,0,0,0,0,0,0,0,0,,,3,26,6,2,0,0,0,0.0,0.0,0.0,4.0,0.0,0.0,0.0,0.2857142857142857,1.0690449676496978,0.3333333333333333,1.061337261010465,0.0,4.0,0.0,0.0,-0.2857142857142857,-0.3333333333333333,0.0,0.0,0.0,1.0,0,0.0,intermittent,2.208362289118341,0.8176795580110497,0.08287292817679558,high
2026-06-26,SKU-GFT-010,3,WH-SOUTH,retail,9.75,,,False,0,0,0,0,0,0,0,0,0,0,,,4,26,6,2,0,0,0,0.0,0.0,0.0,0.0,0.0,0.0,0.0,0.0,0.0,0.3333333333333333,1.061337261010465,0.0,4.0,3.0,3.0,0.0,-0.3333333333333333,0.0,0.0,0.0,0.0,0,0.0,intermittent,2.208362289118341,0.8176795580110497,0.08287292817679558,high
2026-06-27,SKU-GFT-010,2,WH-SOUTH,online,6.5,,,False,0,0,0,0,0,0,0,0,0,0,,,5,26,6,2,1,0,0,3.0,0.0,0.0,0.0,0.0,0.42857142857142855,1.133893419027683,0.21428571428571427,0.8017837257372735,0.43333333333333335,1.1651056880677462,0.0,4.0,-1.0,2.0,0.21428571428571427,-0.0047619047619048005,3.0,3.0,0.0,0.0,0,0.0,intermittent,2.208362289118341,0.8176795580110497,0.08287292817679558,high
2026-06-28,SKU-GFT-010,3,WH-SOUTH,online,9.75,,,False,0,0,0,0,0,0,0,0,0,0,,,6,26,6,2,1,0,0,2.0,0.0,0.0,0.0,0.0,0.7142857142857143,1.253566341056019,0.35714285714285715,0.9287827316640653,0.5,1.1962585350828727,0.0,4.0,1.0,3.0,0.35714285714285715,0.2142857142857143,2.0,2.0,0.0,0.0,0,0.0,intermittent,2.208362289118341,0.8176795580110497,0.08287292817679558,high
2026-06-29,SKU-GFT-010,0,WH-SOUTH,retail,0.0,,,False,0,0,0,0,0,0,0,0,0,0,,,0,27,6,2,0,0,0,3.0,3.0,0.0,0.0,0.0,1.1428571428571428,1.4638501094228014,0.5714285714285714,1.1578684470436793,0.6,1.2757688689165259,0.0,4.0,-3.0,0.0,0.5714285714285714,0.5428571428571428,3.0,3.0,0.0,0.0,0,0.0,intermittent,2.208362289118341,0.8176795580110497,0.08287292817679558,high
2026-06-30,SKU-GFT-010,0,WH-SOUTH,retail,0.0,,,False,0,0,0,0,0,0,0,0,0,0,,,1,27,6,2,0,0,1,0.0,2.0,0.0,0.0,0.0,1.1428571428571428,1.4638501094228014,0.5714285714285714,1.1578684470436793,0.6,1.2757688689165259,0.0,4.0,0.0,0.0,0.5714285714285714,0.5428571428571428,0.0,0.0,0.0,0.0,0,0.0,intermittent,2.208362289118341,0.8176795580110497,0.08287292817679558,high
2026-01-01,SKU-SUN-003,2,WH-NORTH,retail,25.0,,,False,1,1,0,1,0,0,1,0,0,0,New Year Holiday,holiday,3,1,1,1,0,1,0,,,,,,,,,,,,,,,,,,,,0.0,0.0,0,0.0,erratic,1.0669435081917933,0.13812154696132597,0.19337016574585636,high
2026-01-02,SKU-SUN-003,4,WH-NORTH,retail,50.0,,,False,1,1,0,0,1,0,1,0,0,0,New Year Holiday,holiday,4,1,1,1,0,0,0,2.0,,,,,2.0,,2.0,,2.0,,2.0,2.0,2.0,,0.0,0.0,,,1.0,1.0,0,0.0,erratic,1.0669435081917933,0.13812154696132597,0.19337016574585636,high
2026-01-03,SKU-SUN-003,1,WH-NORTH,online,12.5,,,False,0,0,0,0,0,0,0,0,0,0,,,5,1,1,1,1,0,0,4.0,,,,,3.0,1.4142135623730951,3.0,1.4142135623730951,3.0,1.4142135623730951,2.0,4.0,-3.0,,0.0,0.0,,,2.0,2.0,0,0.0,erratic,1.0669435081917933,0.13812154696132597,0.19337016574585636,high
2026-01-04,SKU-SUN-003,0,WH-NORTH,online,0.0,,,False,0,0,0,0,0,0,0,0,0,0,,,6,1,1,1,1,0,0,1.0,2.0,,,,2.3333333333333335,1.5275252316519468,2.3333333333333335,1.5275252316519468,2.3333333333333335,1.5275252316519468,1.0,4.0,-1.0,,0.0,0.0,,,2.0,2.0,0,0.0,erratic,1.0669435081917933,0.13812154696132597,0.19337016574585636,high
2026-01-05,SKU-SUN-003,2,WH-NORTH,retail,25.0,,,False,0,0,0,0,0,0,0,0,0,0,,,0,2,1,1,0,0,0,0.0,4.0,,,,1.75,1.707825127659933,1.75,1.707825127659933,1.75,1.707825127659933,0.0,4.0,2.0,,0.0,0.0,,,2.0,2.0,0,0.0,erratic,1.0669435081917933,0.13812154696132597,0.19337016574585636,high
2026-01-06,SKU-SUN-003,2,WH-NORTH,retail,25.0,,,False,0,0,0,0,0,0,0,0,0,0,,,1,2,1,1,0,0,0,2.0,1.0,,,,1.8,1.4832396974191326,1.8,1.4832396974191326,1.8,1.4832396974191326,0.0,4.0,0.0,,0.0,0.0,,,2.0,2.0,0,0.0,erratic,1.0669435081917933,0.13812154696132597,0.19337016574585636,high
2026-01-07,SKU-SUN-003,0,WH-NORTH,retail,0.0,,,False,0,0,0,0,0,0,0,0,0,0,,,2,2,1,1,0,0,0,2.0,0.0,,,,1.8333333333333333,1.3291601358251257,1.8333333333333333,1.3291601358251257,1.8333333333333333,1.3291601358251257,0.0,4.0,-2.0,,0.0,0.0,,,2.0,2.0,0,0.0,erratic,1.0669435081917933,0.13812154696132597,0.19337016574585636,high
2026-01-08,SKU-SUN-003,0,WH-NORTH,retail,0.0,,,False,0,0,0,0,0,0,0,0,0,0,,,3,2,1,1,0,0,0,0.0,2.0,2.0,,,1.5714285714285714,1.3972762620115438,1.5714285714285714,1.3972762620115438,1.5714285714285714,1.3972762620115438,0.0,4.0,0.0,-2.0,0.0,0.0,-2.0,,2.0,2.0,0,0.0,erratic,1.0669435081917933,0.13812154696132597,0.19337016574585636,high
2026-01-09,SKU-SUN-003,2,WH-NORTH,retail,25.0,,,False,0,0,0,0,0,0,0,0,0,0,,,4,2,1,1,0,0,0,0.0,2.0,4.0,,,1.2857142857142858,1.4960264830861913,1.375,1.407885953173359,1.375,1.407885953173359,0.0,4.0,2.0,-2.0,-0.08928571428571419,-0.08928571428571419,-4.0,,1.0,2.0,0,0.0,erratic,1.0669435081917933,0.13812154696132597,0.19337016574585636,high
2026-01-10,SKU-SUN-003,1,WH-NORTH,online,12.5,,,False,0,0,0,0,0,0,0,0,0,0,,,5,2,1,1,1,0,0,2.0,0.0,1.0,,,1.0,1.0,1.4444444444444444,1.3333333333333335,1.4444444444444444,1.3333333333333335,0.0,4.0,-1.0,0.0,-0.4444444444444444,-0.4444444444444444,1.0,,0.0,2.0,0,0.0,erratic,1.0669435081917933,0.13812154696132597,0.19337016574585636,high
2026-01-11,SKU-SUN-003,0,WH-NORTH,online,0.0,,,False,0,0,0,0,0,0,0,0,0,0,,,6,2,1,1,1,0,0,1.0,0.0,0.0,,,1.0,1.0,1.4,1.2649110640673518,1.4,1.2649110640673518,0.0,4.0,-1.0,0.0,-0.3999999999999999,-0.3999999999999999,1.0,,0.0,2.0,0,0.0,erratic,1.0669435081917933,0.13812154696132597,0.19337016574585636,high
2026-01-12,SKU-SUN-003,2,WH-NORTH,retail,25.0,,,False,0,0,0,0,0,0,0,0,0,0,,,0,3,1,1,0,0,0,0.0,2.0,2.0,,,1.0,1.0,1.2727272727272727,1.2720777563426766,1.2727272727272727,1.2720777563426766,0.0,4.0,2.0,0.0,-0.2727272727272727,-0.2727272727272727,-2.0,,0.0,2.0,0,0.0,erratic,1.0669435081917933,0.13812154696132597,0.19337016574585636,high
2026-01-13,SKU-SUN-003,3,WH-NORTH,retail,37.5,,,False,0,0,0,0,0,0,0,0,0,0,,,1,3,1,1,0,0,0,2.0,1.0,2.0,,,1.0,1.0,1.3333333333333333,1.2309149097933274,1.3333333333333333,1.2309149097933274,0.0,4.0,1.0,1.0,-0.33333333333333326,-0.33333333333333326,0.0,,0.0,2.0,0,0.0,erratic,1.0669435081917933,0.13812154696132597,0.19337016574585636,high
2026-01-14,SKU-SUN-003,1,WH-NORTH,retail,12.5,,,False,0,0,0,0,0,0,0,0,0,0,,,2,3,1,1,0,0,0,3.0,0.0,0.0,,,1.1428571428571428,1.2149857925879117,1.4615384615384615,1.2659242088545832,1.4615384615384615,1.2659242088545832,0.0,4.0,-2.0,1.0,-0.31868131868131866,-0.31868131868131866,3.0,,0.0,2.0,0,0.0,erratic,1.0669435081917933,0.13812154696132597,0.19337016574585636,high
2026-01-15,SKU-SUN-003,1,WH-NORTH,retail,12.5,,,False,0,0,0,0,0,0,0,0,0,0,,,3,3,1,1,0,0,0,1.0,2.0,0.0,2.0,,1.2857142857142858,1.1126972805283737,1.4285714285714286,1.2224996910042532,1.4285714285714286,1.2224996910042532,0.0,4.0,0.0,1.0,-0.1428571428571428,-0.1428571428571428,1.0,,0.0,2.0,0,0.0,erratic,1.0669435081917933,0.13812154696132597,0.19337016574585636,high
2026-01-16,SKU-SUN-003,3,WH-NORTH,retail,37.5,,,False,0,0,0,0,0,0,0,0,0,0,,,4,3,1,1,0,0,0,1.0,3.0,2.0,4.0,,1.4285714285714286,0.9759000729485332,1.3571428571428572,1.2157392722216298,1.4,1.1832159566199232,0.0,4.0,2.0,1.0,0.0714285714285714,0.028571428571428692,-1.0,,0.0,2.0,0,0.0,erratic,1.0669435081917933,0.13812154696132597,0.19337016574585636,high
2026-01-17,SKU-SUN-003,3,WH-NORTH,online,37.5,,,False,0,0,0,0,0,0,0,0,0,0,,,5,3,1,1,1,0,0,3.0,1.0,1.0,1.0,,1.5714285714285714,1.1338934190276817,1.2857142857142858,1.0690449676496976,1.5,1.2110601416389966,0.0,4.0,0.0,2.0,0.2857142857142856,0.0714285714285714,2.0,,0.0,2.0,0,0.0,erratic,1.0669435081917933,0.13812154696132597,0.19337016574585636,high
2026-01-18,SKU-SUN-003,0,WH-NORTH,online,0.0,,,False,0,0,0,0,0,0,0,0,0,0,,,6,3,1,1,1,0,0,3.0,1.0,0.0,0.0,,1.8571428571428572,1.2149857925879117,1.4285714285714286,1.1578684470436789,1.588235294117647,1.227743027337753,0.0,4.0,-3.0,0.0,0.4285714285714286,0.26890756302521024,3.0,,0.0,2.0,0,0.0,erratic,1.0669435081917933,0.13812154696132597,0.19337016574585636,high
2026-01-19,SKU-SUN-003,1,WH-NORTH,retail,12.5,,,False,0,0,0,0,0,0,0,0,0,0,,,0,4,1,1,0,0,0,0.0,3.0,2.0,2.0,,1.8571428571428572,1.2149857925879117,1.4285714285714286,1.1578684470436789,1.5,1.2485285456935955,0.0,4.0,1.0,-1.0,0.4285714285714286,0.3571428571428572,-2.0,,0.0,2.0,0,0.0,erratic,1.0669435081917933,0.13812154696132597,0.19337016574585636,high
2026-01-20,SKU-SUN-003,3,WH-NORTH,retail,37.5,,,False,0,0,0,0,0,0,0,0,0,0,,,1,4,1,1,0,0,0,1.0,3.0,3.0,2.0,,1.7142857142857142,1.2535663410560174,1.3571428571428572,1.1507283885330302,1.4736842105263157,1.2187617145935723,0.0,4.0,2.0,0.0,0.357142857142857,0.24060150375939848,-2.0,,0.0,2.0,0,0.0,erratic,1.0669435081917933,0.13812154696132597,0.19337016574585636,high
2026-01-21,SKU-SUN-003,1,WH-NORTH,retail,12.5,,,False,0,0,0,0,0,0,0,0,0,0,,,2,4,1,1,0,0,0,3.0,0.0,1.0,0.0,,1.7142857142857142,1.2535663410560174,1.4285714285714286,1.2224996910042534,1.55,1.2343760409722457,0.0,4.0,-2.0,0.0,0.2857142857142856,0.16428571428571415,2.0,,0.0,2.0,0,0.0,erratic,1.0669435081917933,0.13812154696132597,0.19337016574585636,high
2026-01-22,SKU-SUN-003,0,WH-NORTH,retail,0.0,,,False,0,0,0,0,0,0,0,0,0,0,,,3,4,1,1,0,0,0,1.0,1.0,1.0,0.0,,1.7142857142857142,1.2535663410560174,1.5,1.160238702230643,1.5238095238095237,1.2090925365350502,0.0,4.0,-1.0,-1.0,0.2142857142857142,0.19047619047619047,0.0,,0.0,2.0,0,0.0,erratic,1.0669435081917933,0.13812154696132597,0.19337016574585636,high
2026-01-23,SKU-SUN-003,1,WH-NORTH,retail,12.5,,,False,0,0,0,0,0,0,0,0,0,0,,,4,4,1,1,0,0,0,0.0,3.0,3.0,2.0,,1.5714285714285714,1.3972762620115438,1.5,1.160238702230643,1.4545454545454546,1.2238608980744083,0.0,4.0,1.0,-2.0,0.0714285714285714,0.11688311688311681,-3.0,,0.0,2.0,0,0.0,erratic,1.0669435081917933,0.13812154696132597,0.19337016574585636,high
2026-01-24,SKU-SUN-003,2,WH-NORTH,online,25.0,,,False,0,0,0,0,0,0,0,0,0,0,,,5,4,1,1,1,0,0,1.0,1.0,3.0,1.0,,1.2857142857142858,1.2535663410560174,1.4285714285714286,1.157868447043679,1.434782608695652,1.1994728750020203,0.0,4.0,1.0,-1.0,-0.1428571428571428,-0.1490683229813663,-2.0,,0.0,2.0,0,0.0,erratic,1.0669435081917933,0.13812154696132597,0.19337016574585636,high
2026-01-25,SKU-SUN-003,0,WH-NORTH,online,0.0,,,False,0,0,0,0,0,0,0,0,0,0,,,6,4,1,1,1,0,0,2.0,0.0,0.0,0.0,,1.1428571428571428,1.0690449676496974,1.5,1.160238702230643,1.4583333333333333,1.1787674722451362,0.0,4.0,-2.0,0.0,-0.3571428571428572,-0.31547619047619047,2.0,,0.0,2.0,0,0.0,erratic,1.0669435081917933,0.13812154696132597,0.19337016574585636,high
2026-01-26,SKU-SUN-003,0,WH-NORTH,retail,0.0,,,False,0,0,0,0,0,0,0,0,0,0,,,0,5,1,1,0,0,0,0.0,1.0,1.0,2.0,,1.1428571428571428,1.0690449676496974,1.5,1.160238702230643,1.4,1.190238071423808,0.0,4.0,0.0,-1.0,-0.3571428571428572,-0.2571428571428571,-1.0,,0.0,2.0,0,0.0,erratic,1.0669435081917933,0.13812154696132597,0.19337016574585636,high
2026-01-27,SKU-SUN-003,3,WH-NORTH,retail,37.5,,,False,0,0,0,0,0,0,0,0,0,0,,,1,5,1,1,0,0,0,0.0,2.0,3.0,3.0,,1.0,1.1547005383792515,1.3571428571428572,1.2157392722216298,1.3461538461538463,1.198075379675509,0.0,4.0,3.0,0.0,-0.3571428571428572,-0.34615384615384626,-3.0,,0.0,2.0,0,0.0,erratic,1.0669435081917933,0.13812154696132597,0.19337016574585636,high
2026-01-28,SKU-SUN-003,2,WH-NORTH,retail,25.0,,,False,0,0,0,0,0,0,0,0,0,0,,,2,5,1,1,0,0,0,3.0,0.0,1.0,1.0,,1.0,1.1547005383792515,1.3571428571428572,1.2157392722216298,1.4074074074074074,1.217161238900369,0.0,4.0,-1.0,1.0,-0.3571428571428572,-0.40740740740740744,2.0,,0.0,2.0,0,0.0,erratic,1.0669435081917933,0.13812154696132597,0.19337016574585636,high
2026-01-29,SKU-SUN-003,0,WH-NORTH,retail,0.0,,,False,0,0,0,0,0,0,0,0,0,0,,,3,5,1,1,0,0,0,2.0,0.0,0.0,1.0,,1.1428571428571428,1.2149857925879117,1.4285714285714286,1.2224996910042534,1.4285714285714286,1.199647214456583,0.0,4.0,-2.0,0.0,-0.2857142857142858,-0.2857142857142858,2.0,,0.0,2.0,0,0.0,erratic,1.0669435081917933,0.13812154696132597,0.19337016574585636,high
2026-01-30,SKU-SUN-003,2,WH-NORTH,retail,25.0,,,False,0,0,0,0,0,0,0,0,0,0,,,4,5,1,1,0,0,0,0.0,3.0,1.0,3.0,,1.1428571428571428,1.2149857925879117,1.3571428571428572,1.2774459408789602,1.3793103448275863,1.2075297424153717,0.0,4.0,2.0,1.0,-0.2142857142857144,-0.2364532019704435,-1.0,,0.0,2.0,0,0.0,erratic,1.0669435081917933,0.13812154696132597,0.19337016574585636,high
2026-01-31,SKU-SUN-003,4,WH-NORTH,online,50.0,,,False,0,0,0,0,0,0,0,0,0,0,,,5,5,1,1,1,0,1,2.0,2.0,2.0,3.0,2.0,1.2857142857142858,1.2535663410560174,1.2857142857142858,1.2043875831929896,1.4,1.1919268665368752,0.0,4.0,2.0,2.0,0.0,-0.1142857142857141,0.0,0.0,0.0,2.0,0,0.0,erratic,1.0669435081917933,0.13812154696132597,0.19337016574585636,high
2026-02-01,SKU-SUN-003,2,WH-NORTH,online,25.0,,,False,0,0,0,0,0,0,0,0,0,0,,,6,5,2,1,1,1,0,4.0,0.0,0.0,0.0,4.0,1.5714285714285714,1.618347187425374,1.3571428571428572,1.3363062095621219,1.4666666666666666,1.2793676598989838,0.0,4.0,-2.0,2.0,0.2142857142857142,0.10476190476190483,4.0,0.0,0.0,1.0,0,0.0,erratic,1.0669435081917933,0.13812154696132597,0.19337016574585636,high
2026-02-02,SKU-SUN-003,0,WH-NORTH,retail,0.0,,,False,0,0,0,0,0,0,0,0,0,0,,,0,6,2,1,0,0,0,2.0,2.0,0.0,1.0,1.0,1.8571428571428572,1.4638501094227998,1.5,1.2860194997923453,1.4,1.1919268665368752,0.0,4.0,-2.0,0.0,0.3571428571428572,0.4571428571428573,2.0,1.0,0.0,0.0,0,0.0,erratic,1.0669435081917933,0.13812154696132597,0.19337016574585636,high
2026-02-03,SKU-SUN-003,3,WH-NORTH,retail,37.5,,,False,0,0,0,0,0,0,0,0,0,0,,,1,6,2,1,0,0,0,0.0,4.0,3.0,3.0,0.0,1.8571428571428572,1.4638501094227998,1.4285714285714286,1.3424596091494905,1.3666666666666667,1.2172137016162359,0.0,4.0,3.0,0.0,0.4285714285714286,0.4904761904761905,-3.0,0.0,0.0,0.0,0,0.0,erratic,1.0669435081917933,0.13812154696132597,0.19337016574585636,high
2026-02-04,SKU-SUN-003,3,WH-NORTH,retail,37.5,,,False,0,0,0,0,0,0,0,0,0,0,,,2,6,2,1,0,0,0,3.0,2.0,2.0,1.0,2.0,1.8571428571428572,1.4638501094227998,1.4285714285714286,1.3424596091494905,1.4666666666666666,1.2242755305537407,0.0,4.0,0.0,1.0,0.4285714285714286,0.39047619047619064,1.0,1.0,0.0,0.0,0,0.0,erratic,1.0669435081917933,0.13812154696132597,0.19337016574585636,high
2026-02-05,SKU-SUN-003,0,WH-NORTH,retail,0.0,,,False,0,0,0,0,0,0,0,0,0,0,,,3,6,2,1,0,0,0,3.0,0.0,0.0,0.0,2.0,2.0,1.5275252316519468,1.5714285714285714,1.3985864135061359,1.5,1.2525835370311151,0.0,4.0,-3.0,0.0,0.4285714285714286,0.5,3.0,1.0,0.0,0.0,0,0.0,erratic,1.0669435081917933,0.13812154696132597,0.19337016574585636,high
2026-02-06,SKU-SUN-003,0,WH-NORTH,retail,0.0,,,False,0,0,0,0,0,0,0,0,0,0,,,4,6,2,1,0,0,0,0.0,3.0,2.0,1.0,0.0,2.0,1.5275252316519468,1.5714285714285714,1.3985864135061359,1.4333333333333333,1.2780193008453875,0.0,4.0,0.0,-2.0,0.4285714285714286,0.5666666666666667,-2.0,0.0,0.0,0.0,0,0.0,erratic,1.0669435081917933,0.13812154696132597,0.19337016574585636,high
2026-02-07,SKU-SUN-003,2,WH-NORTH,online,25.0,,,False,0,0,0,0,0,0,0,0,0,0,,,5,6,2,1,1,0,0,0.0,3.0,4.0,2.0,0.0,1.7142857142857142,1.7043362064926932,1.5,1.4544361847068492,1.4333333333333333,1.2780193008453875,0.0,4.0,2.0,-2.0,0.2142857142857142,0.28095238095238084,-4.0,0.0,0.0,0.0,0,0.0,erratic,1.0669435081917933,0.13812154696132597,0.19337016574585636,high
2026-02-08,SKU-SUN-003,1,WH-NORTH,online,12.5,,,False,0,0,0,0,0,0,0,0,0,0,,,6,6,2,1,1,0,0,2.0,0.0,2.0,0.0,2.0,1.4285714285714286,1.3972762620115435,1.5,1.4544361847068492,1.5,1.2525835370311151,0.0,4.0,-1.0,-1.0,-0.0714285714285714,-0.0714285714285714,0.0,0.0,0.0,0.0,0,0.0,erratic,1.0669435081917933,0.13812154696132597,0.19337016574585636,high
2026-02-09,SKU-SUN-003,0,WH-NORTH,retail,0.0,,,False,0,0,0,0,0,0,0,0,0,0,,,0,7,2,1,0,0,0,1.0,0.0,0.0,0.0,1.0,1.2857142857142858,1.3801311186847083,1.5714285714285714,1.3985864135061359,1.4666666666666666,1.252124631158585,0.0,4.0,-1.0,0.0,-0.2857142857142856,-0.18095238095238075,1.0,0.0,0.0,0.0,0,0.0,erratic,1.0669435081917933,0.13812154696132597,0.19337016574585636,high
2026-02-10,SKU-SUN-003,1,WH-NORTH,retail,12.5,,,False,0,0,0,0,0,0,0,0,0,0,,,1,7,2,1,0,0,0,0.0,2.0,3.0,3.0,0.0,1.2857142857142858,1.3801311186847083,1.5714285714285714,1.3985864135061359,1.4333333333333333,1.2780193008453875,0.0,4.0,1.0,-2.0,-0.2857142857142856,-0.14761904761904754,-3.0,0.0,0.0,0.0,0,0.0,erratic,1.0669435081917933,0.13812154696132597,0.19337016574585636,high
2026-02-11,SKU-SUN-003,3,WH-NORTH,retail,37.5,,,False,0,0,0,0,0,0,0,0,0,0,,,2,7,2,1,0,0,0,1.0,1.0,3.0,2.0,2.0,1.0,1.154700538379251,1.4285714285714286,1.3424596091494905,1.4666666666666666,1.252124631158585,0.0,4.0,2.0,0.0,-0.4285714285714286,-0.46666666666666656,-2.0,-1.0,0.0,0.0,0,0.0,erratic,1.0669435081917933,0.13812154696132597,0.19337016574585636,high
2026-02-12,SKU-SUN-003,0,WH-NORTH,retail,0.0,,,False,0,0,0,0,0,0,0,0,0,0,,,3,7,2,1,0,0,0,3.0,0.0,0.0,0.0,3.0,1.0,1.154700538379251,1.5,1.400549342771779,1.5,1.2798167972341818,0.0,4.0,-3.0,0.0,-0.5,-0.5,3.0,0.0,0.0,0.0,0,0.0,erratic,1.0669435081917933,0.13812154696132597,0.19337016574585636,high
2026-02-13,SKU-SUN-003,0,WH-NORTH,retail,0.0,,,False,0,0,0,0,0,0,0,0,0,0,,,4,7,2,1,0,0,0,0.0,1.0,0.0,2.0,1.0,1.0,1.154700538379251,1.5,1.400549342771779,1.4,1.2757688689165259,0.0,4.0,0.0,0.0,-0.5,-0.3999999999999999,0.0,-1.0,0.0,0.0,0,0.0,erratic,1.0669435081917933,0.13812154696132597,0.19337016574585636,high
2026-02-14,SKU-SUN-003,3,WH-NORTH,online,37.5,,,False,0,0,0,0,0,0,0,0,0,0,,,5,7,2,1,1,0,0,0.0,3.0,2.0,4.0,1.0,1.0,1.154700538379251,1.3571428571428572,1.4468609447374663,1.3666666666666667,1.2994251602637363,0.0,4.0,3.0,1.0,-0.3571428571428572,-0.3666666666666667,-2.0,-1.0,0.0,0.0,0,0.0,erratic,1.0669435081917933,0.13812154696132597,0.19337016574585636,high
2026-02-15,SKU-SUN-003,3,WH-NORTH,online,37.5,,,False,0,0,0,0,0,0,0,0,0,0,,,6,7,2,1,1,0,0,3.0,0.0,1.0,2.0,3.0,1.1428571428571428,1.345185418269098,1.2857142857142858,1.3259870882635916,1.4333333333333333,1.330888563259934,0.0,4.0,0.0,2.0,-0.14285714285714302,-0.29047619047619055,2.0,0.0,0.0,0.0,0,0.0,erratic,1.0669435081917933,0.13812154696132597,0.19337016574585636,high
2026-02-16,SKU-SUN-003,0,WH-NORTH,retail,0.0,,,False,0,0,0,0,0,0,0,0,0,0,,,0,8,2,1,0,0,0,3.0,0.0,0.0,0.0,3.0,1.4285714285714286,1.5118578920369086,1.3571428571428572,1.3926810257774174,1.4333333333333333,1.330888563259934,0.0,4.0,-3.0,0.0,0.0714285714285714,-0.004761904761904745,3.0,0.0,0.0,0.0,0,0.0,erratic,1.0669435081917933,0.13812154696132597,0.19337016574585636,high
2026-02-17,SKU-SUN-003,2,WH-NORTH,retail,25.0,,,False,0,0,0,0,0,0,0,0,0,0,,,1,8,2,1,0,0,0,0.0,3.0,1.0,3.0,0.0,1.4285714285714286,1.5118578920369086,1.3571428571428572,1.3926810257774174,1.3333333333333333,1.3217891045025332,0.0,4.0,2.0,1.0,0.0714285714285714,0.09523809523809534,-1.0,0.0,0.0,0.0,0,0.0,erratic,1.0669435081917933,0.13812154696132597,0.19337016574585636,high
2026-02-18,SKU-SUN-003,4,WH-NORTH,retail,50.0,,,False,0,0,0,0,0,0,0,0,0,0,,,2,8,2,1,0,0,0,2.0,3.0,3.0,3.0,1.0,1.5714285714285714,1.5118578920369088,1.2857142857142858,1.3259870882635916,1.4,1.302517456365914,0.0,4.0,2.0,1.0,0.2857142857142856,0.17142857142857149,-1.0,1.0,0.0,0.0,0,0.0,erratic,1.0669435081917933,0.13812154696132597,0.19337016574585636,high
2026-02-19,SKU-SUN-003,1,WH-NORTH,retail,12.5,,,False,0,0,0,0,0,0,0,0,0,0,,,3,8,2,1,0,0,0,4.0,0.0,0.0,0.0,3.0,1.7142857142857142,1.704336206492693,1.3571428571428572,1.446860944737466,1.5,1.383399112132242,0.0,4.0,-3.0,1.0,0.357142857142857,0.2142857142857142,4.0,1.0,0.0,0.0,0,0.0,erratic,1.0669435081917933,0.13812154696132597,0.19337016574585636,high
2026-02-20,SKU-SUN-003,0,WH-NORTH,retail,0.0,,,False,0,0,0,0,0,0,0,0,0,0,,,4,8,2,1,0,0,0,1.0,2.0,0.0,0.0,1.0,1.8571428571428572,1.573591584938886,1.4285714285714286,1.3985864135061359,1.4333333333333333,1.3565507307349292,0.0,4.0,-1.0,0.0,0.4285714285714286,0.42380952380952386,1.0,0.0,0.0,0.0,0,0.0,erratic,1.0669435081917933,0.13812154696132597,0.19337016574585636,high
2026-02-21,SKU-SUN-003,2,WH-NORTH,online,25.0,,,False,0,0,0,0,0,0,0,0,0,0,,,5,8,2,1,1,0,0,0.0,4.0,3.0,2.0,0.0,1.8571428571428572,1.573591584938886,1.4285714285714286,1.3985864135061359,1.4,1.379655129321117,0.0,4.0,2.0,-1.0,0.4285714285714286,0.4571428571428573,-3.0,0.0,0.0,0.0,0,0.0,erratic,1.0669435081917933,0.13812154696132597,0.19337016574585636,high
2026-02-22,SKU-SUN-003,2,WH-NORTH,online,25.0,,,False,0,0,0,0,0,0,0,0,0,0,,,6,8,2,1,1,0,0,2.0,1.0,3.0,1.0,1.0,1.7142857142857142,1.496026483086191,1.4285714285714286,1.3985864135061359,1.4666666666666666,1.3578211078487252,0.0,4.0,0.0,-1.0,0.2857142857142856,0.24761904761904763,-1.0,1.0,0.0,0.0,0,0.0,erratic,1.0669435081917933,0.13812154696132597,0.19337016574585636,high
2026-02-23,SKU-SUN-003,0,WH-NORTH,retail,0.0,,,False,0,0,0,0,0,0,0,0,0,0,,,0,9,2,1,0,0,0,2.0,0.0,0.0,0.0,2.0,1.5714285714285714,1.3972762620115435,1.5,1.4005493427717788,1.5,1.358244302843526,0.0,4.0,-2.0,0.0,0.0714285714285714,0.0714285714285714,2.0,0.0,0.0,0.0,0,0.0,erratic,1.0669435081917933,0.13812154696132597,0.19337016574585636,high
2026-02-24,SKU-SUN-003,0,WH-NORTH,retail,0.0,,,False,0,0,0,0,0,0,0,0,0,0,,,1,9,2,1,0,0,0,0.0,2.0,2.0,1.0,0.0,1.5714285714285714,1.3972762620115435,1.5,1.4005493427717788,1.4333333333333333,1.3817363722139075,0.0,4.0,0.0,-2.0,0.0714285714285714,0.13809523809523805,-2.0,0.0,0.0,0.0,0,0.0,erratic,1.0669435081917933,0.13812154696132597,0.19337016574585636,high
2026-02-25,SKU-SUN-003,2,WH-NORTH,retail,25.0,,,False,0,0,0,0,0,0,0,0,0,0,,,2,9,2,1,0,0,0,0.0,2.0,4.0,3.0,0.0,1.2857142857142858,1.496026483086191,1.4285714285714286,1.4525460784051258,1.4333333333333333,1.3817363722139075,0.0,4.0,2.0,-2.0,-0.1428571428571428,-0.14761904761904754,-4.0,0.0,0.0,0.0,0,0.0,erratic,1.0669435081917933,0.13812154696132597,0.19337016574585636,high
2026-02-26,SKU-SUN-003,1,WH-NORTH,retail,12.5,,,False,0,0,0,0,0,0,0,0,0,0,,,3,9,2,1,0,0,0,2.0,0.0,1.0,0.0,3.0,1.0,0.9999999999999991,1.3571428571428572,1.3926810257774174,1.5,1.358244302843526,0.0,4.0,-1.0,0.0,-0.3571428571428572,-0.5,1.0,-1.0,0.0,0.0,0,0.0,erratic,1.0669435081917933,0.13812154696132597,0.19337016574585636,high
2026-02-27,SKU-SUN-003,0,WH-NORTH,retail,0.0,,,False,0,0,0,0,0,0,0,0,0,0,,,4,9,2,1,0,0,0,1.0,0.0,0.0,0.0,2.0,1.0,0.9999999999999991,1.4285714285714286,1.3424596091494903,1.4333333333333333,1.330888563259934,0.0,4.0,-1.0,0.0,-0.4285714285714286,-0.43333333333333335,1.0,-1.0,0.0,0.0,0,0.0,erratic,1.0669435081917933,0.13812154696132597,0.19337016574585636,high
2026-02-28,SKU-SUN-003,2,WH-NORTH,online,25.0,,,False,0,0,0,0,0,0,0,0,0,0,,,5,9,2,1,1,0,1,0.0,2.0,2.0,3.0,0.0,1.0,0.9999999999999991,1.4285714285714286,1.3424596091494903,1.3666666666666667,1.3514572807192962,0.0,4.0,2.0,0.0,-0.4285714285714286,-0.3666666666666667,-2.0,0.0,0.0,0.0,0,0.0,erratic,1.0669435081917933,0.13812154696132597,0.19337016574585636,high
2026-03-01,SKU-SUN-003,4,WH-NORTH,online,50.0,,,False,0,0,0,0,0,0,0,0,0,0,,,6,9,3,1,1,1,0,2.0,1.0,2.0,3.0,2.0,1.0,0.9999999999999991,1.3571428571428572,1.27744594087896,1.4333333333333333,1.330888563259934,0.0,4.0,2.0,2.0,-0.3571428571428572,-0.43333333333333335,0.0,0.0,0.0,0.0,0,0.0,erratic,1.0669435081917933,0.13812154696132597,0.19337016574585636,high
2026-03-02,SKU-SUN-003,1,WH-NORTH,retail,12.5,,,False,0,0,0,0,0,0,0,0,0,0,,,0,10,3,1,0,0,0,4.0,0.0,0.0,0.0,4.0,1.2857142857142858,1.4960264830861907,1.4285714285714286,1.3985864135061359,1.5,1.4081046199376146,0.0,4.0,-3.0,1.0,-0.1428571428571428,-0.2142857142857142,4.0,0.0,0.0,0.0,0,0.0,erratic,1.0669435081917933,0.13812154696132597,0.19337016574585636,high
2026-03-03,SKU-SUN-003,1,WH-NORTH,retail,12.5,,,False,0,0,0,0,0,0,0,0,0,0,,,1,10,3,1,0,0,0,1.0,2.0,0.0,2.0,2.0,1.4285714285714286,1.397276262011543,1.5,1.3445044840729643,1.4,1.3287276776598393,0.0,4.0,0.0,1.0,-0.0714285714285714,0.028571428571428692,1.0,-1.0,0.0,0.0,0,0.0,erratic,1.0669435081917933,0.13812154696132597,0.19337016574585636,high
2026-03-04,SKU-SUN-003,3,WH-NORTH,retail,37.5,,,False,0,0,0,0,0,0,0,0,0,0,,,2,10,3,1,0,0,0,1.0,4.0,2.0,4.0,0.0,1.5714285714285714,1.2724180205607027,1.4285714285714286,1.3424596091494903,1.3666666666666667,1.3256965204630415,0.0,4.0,2.0,1.0,0.1428571428571428,0.2047619047619047,-1.0,1.0,0.0,0.0,0,0.0,erratic,1.0669435081917933,0.13812154696132597,0.19337016574585636,high
2026-03-05,SKU-SUN-003,3,WH-NORTH,retail,37.5,,,False,0,0,0,0,0,0,0,0,0,0,,,3,10,3,1,0,0,0,3.0,1.0,1.0,1.0,3.0,1.7142857142857142,1.3801311186847078,1.3571428571428572,1.2157392722216298,1.4666666666666666,1.3321834121764766,0.0,4.0,0.0,2.0,0.357142857142857,0.24761904761904763,2.0,0.0,0.0,0.0,0,0.0,erratic,1.0669435081917933,0.13812154696132597,0.19337016574585636,high
2026-03-06,SKU-SUN-003,0,WH-NORTH,retail,0.0,,,False,0,0,0,0,0,0,0,0,0,0,,,4,10,3,1,0,0,0,3.0,1.0,0.0,0.0,3.0,2.0,1.4142135623730945,1.5,1.286019499792345,1.4666666666666666,1.3321834121764766,0.0,4.0,-3.0,0.0,0.5,0.5333333333333334,3.0,0.0,0.0,0.0,0,0.0,erratic,1.0669435081917933,0.13812154696132597,0.19337016574585636,high
2026-03-07,SKU-SUN-003,1,WH-NORTH,online,12.5,,,False,0,0,0,0,0,0,0,0,0,0,,,5,10,3,1,1,0,0,0.0,3.0,2.0,2.0,0.0,2.0,1.4142135623730945,1.5,1.286019499792345,1.3666666666666667,1.3256965204630415,0.0,4.0,1.0,-1.0,0.5,0.6333333333333333,-2.0,0.0,0.0,0.0,0,0.0,erratic,1.0669435081917933,0.13812154696132597,0.19337016574585636,high
2026-03-08,SKU-SUN-003,3,WH-NORTH,online,37.5,,,False,0,0,0,0,0,0,0,0,0,0,,,6,10,3,1,1,0,0,1.0,3.0,4.0,2.0,0.0,1.8571428571428572,1.4638501094227991,1.4285714285714286,1.2838814775327387,1.4,1.3025174563659139,0.0,4.0,2.0,-1.0,0.4285714285714286,0.4571428571428573,-3.0,1.0,0.0,0.0,0,0.0,erratic,1.0669435081917933,0.13812154696132597,0.19337016574585636,high
2026-03-09,SKU-SUN-003,1,WH-NORTH,retail,12.5,,,False,0,0,0,0,0,0,0,0,0,0,,,0,11,3,1,0,0,0,3.0,0.0,1.0,0.0,2.0,1.7142857142857142,1.253566341056017,1.5,1.3445044840729643,1.5,1.306482511067078,0.0,4.0,-2.0,0.0,0.2142857142857142,0.2142857142857142,2.0,1.0,0.0,0.0,0,0.0,erratic,1.0669435081917933,0.13812154696132597,0.19337016574585636,high
2026-03-10,SKU-SUN-003,0,WH-NORTH,retail,0.0,,,False,0,0,0,0,0,0,0,0,0,0,,,1,11,3,1,0,0,0,1.0,1.0,1.0,0.0,1.0,1.7142857142857142,1.253566341056017,1.5714285714285714,1.2838814775327387,1.4666666666666666,1.3060425438846857,0.0,4.0,-1.0,-1.0,0.1428571428571428,0.24761904761904763,0.0,0.0,0.0,0.0,0,0.0,erratic,1.0669435081917933,0.13812154696132597,0.19337016574585636,high
2026-03-11,SKU-SUN-003,1,WH-NORTH,retail,12.5,,,False,0,0,0,0,0,0,0,0,0,0,,,2,11,3,1,0,0,0,0.0,3.0,3.0,2.0,0.0,1.5714285714285714,1.3972762620115433,1.5714285714285714,1.2838814775327387,1.4333333333333333,1.330888563259934,0.0,4.0,1.0,-2.0,0.0,0.13809523809523805,-3.0,0.0,0.0,0.0,0,0.0,erratic,1.0669435081917933,0.13812154696132597,0.19337016574585636,high
2026-03-12,SKU-SUN-003,2,WH-NORTH,retail,25.0,,,False,0,0,0,0,0,0,0,0,0,0,,,3,11,3,1,0,0,0,1.0,1.0,3.0,1.0,1.0,1.2857142857142858,1.253566341056017,1.5,1.286019499792345,1.4666666666666666,1.3060425438846857,0.0,4.0,1.0,-1.0,-0.2142857142857142,-0.18095238095238075,-2.0,0.0,0.0,0.0,0,0.0,erratic,1.0669435081917933,0.13812154696132597,0.19337016574585636,high
2026-03-13,SKU-SUN-003,0,WH-NORTH,retail,0.0,,,False,0,0,0,0,0,0,0,0,0,0,,,4,11,3,1,0,0,0,2.0,0.0,0.0,0.0,3.0,1.1428571428571428,1.069044967649697,1.5714285714285714,1.2838814775327387,1.5,1.306482511067078,0.0,4.0,-2.0,0.0,-0.4285714285714286,-0.3571428571428572,2.0,-1.0,0.0,0.0,0,0.0,erratic,1.0669435081917933,0.13812154696132597,0.19337016574585636,high
2026-03-14,SKU-SUN-003,0,WH-NORTH,online,0.0,,,False,0,0,0,0,0,0,0,0,0,0,,,5,11,3,1,1,0,0,0.0,1.0,1.0,2.0,0.0,1.1428571428571428,1.069044967649697,1.5714285714285714,1.2838814775327387,1.4,1.3025174563659139,0.0,4.0,0.0,-1.0,-0.4285714285714286,-0.2571428571428571,-1.0,0.0,0.0,0.0,0,0.0,erratic,1.0669435081917933,0.13812154696132597,0.19337016574585636,high
2026-03-15,SKU-SUN-003,3,WH-NORTH,online,37.5,,,False,0,0,0,0,0,0,0,0,0,0,,,6,11,3,1,1,0,0,0.0,2.0,3.0,4.0,0.0,1.0,1.154700538379251,1.4285714285714286,1.3424596091494903,1.4,1.3025174563659139,0.0,4.0,3.0,0.0,-0.4285714285714286,-0.3999999999999999,-3.0,0.0,0.0,0.0,0,0.0,erratic,1.0669435081917933,0.13812154696132597,0.19337016574585636,high
2026-03-16,SKU-SUN-003,3,WH-NORTH,retail,37.5,,,False,0,0,0,0,0,0,0,0,0,0,,,0,12,3,1,0,0,0,3.0,0.0,1.0,1.0,3.0,1.0,1.1547005383792508,1.3571428571428572,1.2157392722216298,1.5,1.306482511067078,0.0,4.0,0.0,2.0,-0.3571428571428572,-0.5,2.0,0.0,0.0,0.0,0,0.0,erratic,1.0669435081917933,0.13812154696132597,0.19337016574585636,high
2026-03-17,SKU-SUN-003,1,WH-NORTH,retail,12.5,,,False,0,0,0,0,0,0,0,0,0,0,,,1,12,3,1,0,0,0,3.0,0.0,0.0,1.0,3.0,1.2857142857142858,1.3801311186847078,1.5,1.286019499792345,1.5,1.306482511067078,0.0,4.0,-2.0,1.0,-0.2142857142857142,-0.2142857142857142,3.0,0.0,0.0,0.0,0,0.0,erratic,1.0669435081917933,0.13812154696132597,0.19337016574585636,high
2026-03-18,SKU-SUN-003,2,WH-NORTH,retail,25.0,,,False,0,0,0,0,0,0,0,0,0,0,,,2,12,3,1,0,0,0,1.0,3.0,1.0,3.0,0.0,1.4285714285714286,1.272418020560703,1.5,1.286019499792345,1.4333333333333333,1.2780193008453873,0.0,4.0,1.0,1.0,-0.0714285714285714,-0.004761904761904745,0.0,1.0,0.0,0.0,0,0.0,erratic,1.0669435081917933,0.13812154696132597,0.19337016574585636,high
2026-03-19,SKU-SUN-003,5,WH-NORTH,retail,62.5,,,False,0,0,0,0,0,0,0,0,0,0,,,3,12,3,1,0,0,0,2.0,3.0,2.0,3.0,2.0,1.5714285714285714,1.272418020560703,1.4285714285714286,1.2224996910042532,1.5,1.252583537031115,0.0,4.0,3.0,3.0,0.1428571428571428,0.0714285714285714,0.0,0.0,0.0,0.0,0,0.0,erratic,1.0669435081917933,0.13812154696132597,0.19337016574585636,high
2026-03-20,SKU-SUN-003,3,WH-NORTH,retail,37.5,,,False,0,0,0,0,0,0,0,0,0,0,,,4,12,3,1,0,0,0,5.0,1.0,0.0,0.0,4.0,2.0,1.8257418583505534,1.5714285714285714,1.5045717874984443,1.6,1.4044264997156126,0.0,5.0,-2.0,3.0,0.4285714285714286,0.3999999999999999,5.0,1.0,0.0,0.0,0,0.0,erratic,1.0669435081917933,0.13812154696132597,0.19337016574585636,high
2026-03-21,SKU-SUN-003,1,WH-NORTH,online,12.5,,,False,0,0,0,0,0,0,0,0,0,0,,,5,12,3,1,1,0,0,3.0,2.0,0.0,1.0,1.0,2.4285714285714284,1.6183471874253739,1.7857142857142858,1.4769288003552108,1.5666666666666667,1.3565507307349294,0.0,5.0,-2.0,1.0,0.6428571428571426,0.8619047619047617,3.0,2.0,0.0,0.0,0,0.0,erratic,1.0669435081917933,0.13812154696132597,0.19337016574585636,high
2026-03-22,SKU-SUN-003,4,WH-NORTH,online,50.0,,,False,0,0,0,0,0,0,0,0,0,0,,,6,12,3,1,1,0,0,1.0,5.0,3.0,3.0,0.0,2.5714285714285716,1.3972762620115435,1.7857142857142858,1.4769288003552108,1.5666666666666667,1.3565507307349294,0.0,5.0,3.0,1.0,0.7857142857142858,1.004761904761905,-2.0,1.0,0.0,0.0,0,0.0,erratic,1.0669435081917933,0.13812154696132597,0.19337016574585636,high
2026-03-23,SKU-SUN-003,4,WH-NORTH,retail,50.0,,,False,0,0,0,0,0,0,0,0,0,0,,,0,13,3,1,0,0,0,4.0,3.0,3.0,1.0,2.0,2.7142857142857144,1.496026483086191,1.8571428571428572,1.561909228976012,1.7,1.3933338832974769,0.0,5.0,0.0,1.0,0.8571428571428572,1.0142857142857145,1.0,2.0,0.0,0.0,0,0.0,erratic,1.0669435081917933,0.13812154696132597,0.19337016574585636,high
2026-03-24,SKU-SUN-003,2,WH-NORTH,retail,25.0,,,False,0,0,0,0,0,0,0,0,0,0,,,1,13,3,1,0,0,0,4.0,1.0,1.0,0.0,2.0,2.857142857142857,1.5735915849388862,2.0714285714285716,1.6391501416322996,1.7666666666666666,1.4546793303071945,0.0,5.0,-2.0,1.0,0.7857142857142856,1.0904761904761906,3.0,2.0,0.0,0.0,0,0.0,erratic,1.0669435081917933,0.13812154696132597,0.19337016574585636,high
2026-03-25,SKU-SUN-003,2,WH-NORTH,retail,25.0,,,False,0,0,0,0,0,0,0,0,0,0,,,2,13,3,1,0,0,0,2.0,4.0,2.0,1.0,0.0,3.0,1.414213562373095,2.2142857142857144,1.528124613755317,1.7666666666666666,1.4546793303071945,0.0,5.0,0.0,0.0,0.7857142857142856,1.2333333333333334,0.0,2.0,0.0,0.0,0,0.0,erratic,1.0669435081917933,0.13812154696132597,0.19337016574585636,high
2026-03-26,SKU-SUN-003,4,WH-NORTH,retail,50.0,,,False,0,0,0,0,0,0,0,0,0,0,,,3,13,3,1,0,0,0,2.0,4.0,5.0,2.0,0.0,3.0,1.414213562373095,2.2857142857142856,1.4898926873369844,1.8333333333333333,1.4162440207947151,0.0,5.0,2.0,-1.0,0.7142857142857144,1.1666666666666667,-3.0,2.0,0.0,0.0,0,0.0,erratic,1.0669435081917933,0.13812154696132597,0.19337016574585636,high
2026-03-27,SKU-SUN-003,4,WH-NORTH,retail,50.0,,,False,0,0,0,0,0,0,0,0,0,0,,,4,13,3,1,0,0,0,4.0,2.0,3.0,0.0,2.0,2.857142857142857,1.2149857925879115,2.4285714285714284,1.5548576840284833,1.9666666666666666,1.4259499757471625,0.0,5.0,0.0,1.0,0.4285714285714288,0.8904761904761906,1.0,2.0,0.0,0.0,0,0.0,erratic,1.0669435081917933,0.13812154696132597,0.19337016574585636,high
2026-03-28,SKU-SUN-003,2,WH-NORTH,online,25.0,,,False,0,0,0,0,0,0,0,0,0,0,,,5,13,3,1,1,0,0,4.0,2.0,1.0,0.0,1.0,3.0,1.2909944487358054,2.7142857142857144,1.437335752680656,2.033333333333333,1.473521078171633,0.0,5.0,-2.0,1.0,0.2857142857142856,0.9666666666666668,3.0,3.0,0.0,0.0,0,0.0,erratic,1.0669435081917933,0.13812154696132597,0.19337016574585636,high
2026-03-29,SKU-SUN-003,4,WH-NORTH,online,50.0,,,False,0,0,0,0,0,0,0,0,0,0,,,6,13,3,1,1,0,0,2.0,4.0,4.0,3.0,0.0,3.142857142857143,1.0690449676496974,2.857142857142857,1.2314558524297647,2.066666666666667,1.460593486680443,0.0,5.0,2.0,0.0,0.2857142857142856,1.076190476190476,-2.0,2.0,0.0,0.0,0,0.0,erratic,1.0669435081917933,0.13812154696132597,0.19337016574585636,high
2026-03-30,SKU-SUN-003,6,WH-NORTH,retail,75.0,,,False,0,0,0,0,0,0,0,0,0,0,,,0,14,3,1,0,0,0,4.0,4.0,4.0,3.0,2.0,3.142857142857143,1.0690449676496974,2.9285714285714284,1.2688144505364494,2.2,1.4479474176011817,0.0,5.0,2.0,2.0,0.2142857142857144,0.9428571428571426,0.0,2.0,0.0,0.0,0,0.0,erratic,1.0669435081917933,0.13812154696132597,0.19337016574585636,high
2026-03-31,SKU-SUN-003,5,WH-NORTH,retail,62.5,,,False,0,0,0,0,0,0,0,0,0,0,,,1,14,3,1,0,0,1,6.0,2.0,2.0,1.0,4.0,3.4285714285714284,1.5118578920369088,3.142857142857143,1.5118578920369097,2.3333333333333335,1.604591114171508,0.0,6.0,-1.0,3.0,0.2857142857142856,1.095238095238095,4.0,2.0,0.0,0.0,0,0.0,erratic,1.0669435081917933,0.13812154696132597,0.19337016574585636,high
2026-04-01,SKU-SUN-003,4,WH-NORTH,retail,50.0,,,False,1,1,1,0,0,0,1,0,0,0,Easter Holiday,holiday,2,14,4,2,0,1,0,5.0,4.0,2.0,2.0,1.0,3.857142857142857,1.4638501094227998,3.4285714285714284,1.4525460784051265,2.3666666666666667,1.6501480254047292,0.0,6.0,-1.0,2.0,0.4285714285714288,1.4904761904761905,3.0,4.0,0.0,0.0,0,0.0,erratic,1.0669435081917933,0.13812154696132597,0.19337016574585636,high
2026-04-02,SKU-SUN-003,7,WH-NORTH,retail,87.5,,,False,1,1,1,0,0,0,1,0,0,0,Easter Holiday,holiday,3,14,4,2,0,0,0,4.0,6.0,4.0,5.0,1.0,4.142857142857143,1.2149857925879117,3.5714285714285716,1.3985864135061368,2.466666666666667,1.6553639735893346,0.0,6.0,3.0,3.0,0.5714285714285716,1.6761904761904765,0.0,3.0,1.0,1.0,0,0.0,erratic,1.0669435081917933,0.13812154696132597,0.19337016574585636,high
2026-04-03,SKU-SUN-003,7,WH-NORTH,retail,87.5,,,False,1,1,1,0,0,0,1,0,0,0,Easter Holiday,holiday,4,14,4,2,0,0,0,7.0,5.0,4.0,3.0,3.0,4.571428571428571,1.618347187425374,3.7142857142857144,1.6374732612530452,2.6666666666666665,1.8257418583505536,0.0,7.0,0.0,3.0,0.8571428571428568,1.9047619047619047,3.0,4.0,2.0,2.0,0,0.0,erratic,1.0669435081917933,0.13812154696132597,0.19337016574585636,high
2026-04-04,SKU-SUN-003,6,WH-NORTH,online,75.0,,,False,1,1,1,0,0,0,1,0,0,0,Easter Holiday,holiday,5,14,4,2,1,0,0,7.0,4.0,2.0,1.0,3.0,5.0,1.8257418583505534,4.0,1.8397324220156004,2.8,1.9896282792660471,0.0,7.0,-1.0,4.0,1.0,2.2,5.0,4.0,3.0,3.0,0,0.0,erratic,1.0669435081917933,0.13812154696132597,0.19337016574585636,high
2026-04-05,SKU-SUN-003,8,WH-NORTH,online,100.0,,,False,1,1,0,1,0,0,1,0,0,0,Easter Holiday,holiday,6,14,4,2,1,0,0,6.0,7.0,4.0,4.0,0.0,5.571428571428571,1.2724180205607027,4.357142857142857,1.6919330254585627,2.9,2.073644135332772,0.0,7.0,2.0,4.0,1.2142857142857144,2.6714285714285713,2.0,6.0,4.0,4.0,0,0.0,erratic,1.0669435081917933,0.13812154696132597,0.19337016574585636,high
2026-04-06,SKU-SUN-003,8,WH-NORTH,retail,100.0,,,False,1,1,0,0,1,0,1,0,0,0,Easter Holiday,holiday,0,15,4,2,0,0,0,8.0,7.0,6.0,4.0,1.0,6.142857142857143,1.3451854182690974,4.642857142857143,1.9456912102680346,3.1666666666666665,2.1984843263788196,0.0,8.0,0.0,2.0,1.5,2.9761904761904767,2.0,7.0,5.0,5.0,0,0.0,erratic,1.0669435081917933,0.13812154696132597,0.19337016574585636,high
2026-04-07,SKU-SUN-003,7,WH-NORTH,retail,87.5,,,False,0,0,0,0,0,0,0,0,0,0,,,1,15,4,2,0,0,0,8.0,6.0,5.0,2.0,3.0,6.428571428571429,1.511857892036908,4.928571428571429,2.1290765681316013,3.4,2.3282374567840827,0.0,8.0,-1.0,2.0,1.5,3.028571428571429,3.0,5.0,6.0,6.0,0,0.0,erratic,1.0669435081917933,0.13812154696132597,0.19337016574585636,high
2026-04-08,SKU-SUN-003,5,WH-NORTH,retail,62.5,,,False,0,0,0,0,0,0,0,0,0,0,,,2,15,4,2,0,0,0,7.0,8.0,4.0,2.0,1.0,6.714285714285714,1.3801311186847072,5.285714285714286,2.016416144037255,3.533333333333333,2.4173700918393815,0.0,8.0,-2.0,1.0,1.4285714285714288,3.180952380952381,3.0,6.0,6.0,6.0,0,0.0,erratic,1.0669435081917933,0.13812154696132597,0.19337016574585636,high
2026-04-09,SKU-SUN-003,7,WH-NORTH,retail,87.5,,,False,0,0,0,0,0,0,0,0,0,0,,,3,15,4,2,0,0,0,5.0,8.0,7.0,4.0,0.0,6.857142857142857,1.069044967649696,5.5,1.7867030229749143,3.6666666666666665,2.3828891958167566,0.0,8.0,2.0,0.0,1.3571428571428568,3.1904761904761902,-2.0,5.0,5.0,6.0,0,0.0,erratic,1.0669435081917933,0.13812154696132597,0.19337016574585636,high
2026-04-10,SKU-SUN-003,8,WH-NORTH,retail,100.0,,,False,0,0,0,0,0,0,0,0,0,0,,,4,15,4,2,0,0,0,7.0,7.0,7.0,4.0,1.0,6.857142857142857,1.069044967649696,5.714285714285714,1.7728105208558382,3.9,2.354013447358538,0.0,8.0,1.0,1.0,1.1428571428571423,2.957142857142857,0.0,6.0,4.0,6.0,0,0.0,erratic,1.0669435081917933,0.13812154696132597,0.19337016574585636,high
2026-04-11,SKU-SUN-003,7,WH-NORTH,online,87.5,,,False,0,0,0,0,0,0,0,0,0,0,,,5,15,4,2,1,0,0,8.0,5.0,6.0,2.0,2.0,7.0,1.1547005383792501,6.0,1.7974340685458359,4.133333333333334,2.4030631792939112,0.0,8.0,-1.0,1.0,1.0,2.8666666666666663,2.0,6.0,3.0,6.0,0,0.0,erratic,1.0669435081917933,0.13812154696132597,0.19337016574585636,high
2026-04-12,SKU-SUN-003,7,WH-NORTH,online,87.5,,,False,0,0,0,0,0,0,0,0,0,0,,,6,15,4,2,1,0,0,7.0,7.0,8.0,4.0,0.0,7.142857142857143,1.0690449676496958,6.357142857142857,1.3926810257774198,4.3,2.4233063762354625,0.0,8.0,0.0,-1.0,0.7857142857142865,2.8428571428571434,-1.0,7.0,2.0,6.0,0,0.0,erratic,1.0669435081917933,0.13812154696132597,0.19337016574585636,high
2026-04-13,SKU-SUN-003,9,WH-NORTH,retail,112.5,,,False,0,0,0,0,0,0,0,0,0,0,,,0,16,4,2,0,0,0,7.0,8.0,8.0,6.0,0.0,7.0,0.9999999999999984,6.571428571428571,1.222499691004256,4.533333333333333,2.3302113761354923,0.0,8.0,2.0,1.0,0.4285714285714288,2.466666666666667,-1.0,7.0,1.0,6.0,0,0.0,erratic,1.0669435081917933,0.13812154696132597,0.19337016574585636,high
2026-04-14,SKU-SUN-003,10,WH-NORTH,retail,125.0,,,False,0,0,0,0,0,0,0,0,0,0,,,1,16,4,2,0,0,0,9.0,7.0,7.0,5.0,3.0,7.142857142857143,1.2149857925879102,6.785714285714286,1.368804724431641,4.833333333333333,2.30566518688707,1.0,9.0,1.0,3.0,0.35714285714285765,2.30952380952381,2.0,6.0,0.0,6.0,0,0.0,erratic,1.0669435081917933,0.13812154696132597,0.19337016574585636,high
2026-04-15,SKU-SUN-003,8,WH-NORTH,retail,100.0,,,False,0,0,0,0,0,0,0,0,0,0,,,2,16,4,2,0,0,0,10.0,7.0,5.0,4.0,3.0,7.571428571428571,1.6183471874253723,7.142857142857143,1.5118578920369117,5.066666666666666,2.4625937172201087,1.0,10.0,-2.0,3.0,0.42857142857142794,2.5047619047619047,5.0,7.0,0.0,6.0,0,0.0,erratic,1.0669435081917933,0.13812154696132597,0.19337016574585636,high
2026-04-16,SKU-SUN-003,9,WH-NORTH,retail,112.5,,,False,0,0,0,0,0,0,0,0,0,0,,,3,16,4,2,0,0,0,8.0,9.0,7.0,7.0,1.0,8.0,1.1547005383792477,7.428571428571429,1.222499691004257,5.233333333333333,2.486977577555609,1.0,10.0,1.0,2.0,0.5714285714285712,2.7666666666666666,1.0,7.0,0.0,6.0,0,0.0,erratic,1.0669435081917933,0.13812154696132597,0.19337016574585636,high
2026-04-17,SKU-SUN-003,11,WH-NORTH,retail,137.5,,,False,0,0,0,0,0,0,0,0,0,0,,,4,16,4,2,0,0,0,9.0,10.0,8.0,7.0,2.0,8.285714285714286,1.1126972805283684,7.571428571428571,1.2838814775327425,5.5,2.4459678290381612,1.0,10.0,2.0,3.0,0.7142857142857153,2.7857142857142865,1.0,7.0,0.0,6.0,0,0.0,erratic,1.0669435081917933,0.13812154696132597,0.19337016574585636,high
2026-04-18,SKU-SUN-003,11,WH-NORTH,online,137.5,,,False,0,0,0,0,0,0,0,0,0,0,,,5,16,4,2,1,0,0,11.0,8.0,7.0,6.0,5.0,8.714285714285714,1.4960264830861856,7.857142857142857,1.561909228976015,5.8,2.5515377378330517,1.0,11.0,0.0,4.0,0.8571428571428568,2.9142857142857137,4.0,6.0,0.0,6.0,0,0.0,erratic,1.0669435081917933,0.13812154696132597,0.19337016574585636,high
2026-04-19,SKU-SUN-003,10,WH-NORTH,online,125.0,,,False,0,0,0,0,0,0,0,0,0,0,,,6,16,4,2,1,0,0,11.0,9.0,7.0,8.0,3.0,9.285714285714286,1.4960264830861838,8.214285714285714,1.6723346844167613,6.0,2.716488605687052,1.0,11.0,-1.0,3.0,1.071428571428573,3.2857142857142865,4.0,8.0,0.0,6.0,0,0.0,erratic,1.0669435081917933,0.13812154696132597,0.19337016574585636,high
2026-04-20,SKU-SUN-003,11,WH-NORTH,retail,137.5,,,False,0,0,0,0,0,0,0,0,0,0,,,0,17,4,2,0,0,0,10.0,11.0,9.0,8.0,1.0,9.714285714285714,1.1126972805283615,8.357142857142858,1.736802670565522,6.233333333333333,2.750339581959281,1.0,11.0,1.0,2.0,1.3571428571428559,3.48095238095238,1.0,9.0,0.0,6.0,0,0.0,erratic,1.0669435081917933,0.13812154696132597,0.19337016574585636,high
2026-04-21,SKU-SUN-003,12,WH-NORTH,retail,150.0,,,False,0,0,0,0,0,0,0,0,0,0,,,1,17,4,2,0,0,0,11.0,11.0,10.0,7.0,4.0,10.0,1.1547005383792384,8.571428571428571,1.8693596482500388,6.566666666666666,2.699723272323746,2.0,11.0,1.0,2.0,1.4285714285714288,3.4333333333333336,1.0,7.0,0.0,6.0,0,0.0,erratic,1.0669435081917933,0.13812154696132597,0.19337016574585636,high
2026-04-22,SKU-SUN-003,10,WH-NORTH,retail,125.0,,,False,0,0,0,0,0,0,0,0,0,0,,,2,17,4,2,0,0,0,12.0,10.0,8.0,5.0,4.0,10.285714285714286,1.380131118684696,8.928571428571429,2.0177781274036515,6.833333333333333,2.829442900366922,2.0,12.0,-2.0,2.0,1.3571428571428577,3.4523809523809534,4.0,8.0,0.0,6.0,0,0.0,erratic,1.0669435081917933,0.13812154696132597,0.19337016574585636,high
2026-04-23,SKU-SUN-003,9,WH-NORTH,retail,112.5,,,False,0,0,0,0,0,0,0,0,0,0,,,3,17,4,2,0,0,0,10.0,11.0,9.0,7.0,2.0,10.571428571428571,0.9759000729485136,9.285714285714286,1.6837947722821958,7.033333333333333,2.8343135559308417,2.0,12.0,-1.0,0.0,1.2857142857142847,3.538095238095238,1.0,8.0,0.0,6.0,0,0.0,erratic,1.0669435081917933,0.13812154696132597,0.19337016574585636,high
2026-04-24,SKU-SUN-003,11,WH-NORTH,retail,137.5,,,False,0,0,0,0,0,0,0,0,0,0,,,4,17,4,2,0,0,0,9.0,12.0,11.0,8.0,2.0,10.571428571428571,0.9759000729485136,9.428571428571429,1.5548576840284882,7.266666666666667,2.6901266901756506,2.0,12.0,2.0,0.0,1.1428571428571423,3.3047619047619046,-2.0,7.0,0.0,6.0,0,0.0,erratic,1.0669435081917933,0.13812154696132597,0.19337016574585636,high
2026-04-25,SKU-SUN-003,13,WH-NORTH,online,162.5,,,False,0,0,0,0,0,0,0,0,0,0,,,5,17,4,2,1,0,0,11.0,10.0,11.0,7.0,4.0,10.571428571428571,0.9759000729485136,9.642857142857142,1.5495479666983265,7.566666666666666,2.5822114731280283,2.0,12.0,2.0,2.0,0.9285714285714288,3.0047619047619047,0.0,7.0,0.0,6.0,0,0.0,erratic,1.0669435081917933,0.13812154696132597,0.19337016574585636,high
2026-04-26,SKU-SUN-003,11,WH-NORTH,online,137.5,,,False,0,0,0,0,0,0,0,0,0,0,,,6,17,4,2,1,0,0,13.0,9.0,10.0,7.0,4.0,10.857142857142858,1.3451854182690832,10.071428571428571,1.5915297775935746,7.866666666666666,2.674700541837487,2.0,13.0,-2.0,1.0,0.7857142857142865,2.9904761904761914,3.0,9.0,0.0,6.0,0,0.0,erratic,1.0669435081917933,0.13812154696132597,0.19337016574585636,high
2026-04-27,SKU-SUN-003,10,WH-NORTH,retail,125.0,,,False,0,0,0,0,0,0,0,0,0,0,,,0,18,4,2,0,0,0,11.0,11.0,11.0,9.0,2.0,11.0,1.2909944487357892,10.357142857142858,1.3363062095621299,8.1,2.630720368106883,2.0,13.0,-1.0,-1.0,0.6428571428571423,2.9000000000000004,0.0,9.0,0.0,6.0,0,0.0,erratic,1.0669435081917933,0.13812154696132597,0.19337016574585636,high
2026-04-28,SKU-SUN-003,14,WH-NORTH,retail,175.0,,,False,0,0,0,0,0,0,0,0,0,0,,,1,18,4,2,0,0,0,10.0,13.0,12.0,10.0,4.0,10.857142857142858,1.3451854182690834,10.428571428571429,1.2838814775327472,8.366666666666667,2.3850588561137096,4.0,13.0,4.0,2.0,0.4285714285714288,2.4904761904761905,-2.0,6.0,0.0,6.0,0,0.0,erratic,1.0669435081917933,0.13812154696132597,0.19337016574585636,high
2026-04-29,SKU-SUN-003,12,WH-NORTH,retail,150.0,,,False,0,0,0,0,0,0,0,0,0,0,,,2,18,4,2,0,0,0,14.0,11.0,10.0,8.0,6.0,11.142857142857142,1.7728105208558245,10.714285714285714,1.5898026693500522,8.7,2.4516004624706302,4.0,14.0,-2.0,2.0,0.4285714285714288,2.442857142857143,4.0,8.0,0.0,6.0,0,0.0,erratic,1.0669435081917933,0.13812154696132597,0.19337016574585636,high
2026-04-30,SKU-SUN-003,11,WH-NORTH,retail,137.5,,,False,0,0,0,0,0,0,0,0,0,0,,,3,18,4,2,0,0,1,12.0,10.0,9.0,9.0,5.0,11.428571428571429,1.7182493859684353,11.0,1.4142135623731042,8.9,2.468421246115797,4.0,14.0,-1.0,2.0,0.4285714285714288,2.5285714285714285,3.0,7.0,0.0,6.0,0,0.0,erratic,1.0669435081917933,0.13812154696132597,0.19337016574585636,high
2026-05-01,SKU-SUN-003,13,WH-NORTH,retail,162.5,,,False,0,0,0,0,0,0,0,0,0,0,,,4,18,5,2,0,1,0,11.0,14.0,11.0,11.0,4.0,11.714285714285714,1.38013111868469,11.142857142857142,1.2924123453177385,9.1,2.3831303667293544,4.0,14.0,2.0,2.0,0.5714285714285712,2.614285714285714,0.0,7.0,0.0,6.0,0,0.0,erratic,1.0669435081917933,0.13812154696132597,0.19337016574585636,high
2026-05-02,SKU-SUN-003,17,WH-NORTH,online,212.5,,,False,0,0,0,0,0,0,0,0,0,0,,,5,18,5,2,1,0,0,13.0,12.0,13.0,11.0,7.0,12.0,1.4142135623730758,11.285714285714286,1.3827826698682408,9.4,2.283373185322162,5.0,14.0,4.0,4.0,0.7142857142857135,2.5999999999999996,0.0,6.0,0.0,5.0,0,0.0,erratic,1.0669435081917933,0.13812154696132597,0.19337016574585636,high
2026-05-03,SKU-SUN-003,15,WH-NORTH,online,187.5,,,False,0,0,0,0,0,0,0,0,0,0,,,6,18,5,2,1,0,0,17.0,11.0,11.0,10.0,7.0,12.571428571428571,2.3704530408863955,11.714285714285714,2.05421036405239,9.733333333333333,2.625253135030698,5.0,17.0,-2.0,4.0,0.8571428571428577,2.8380952380952387,6.0,10.0,0.0,4.0,0,0.0,erratic,1.0669435081917933,0.13812154696132597,0.19337016574585636,high
2026-05-04,SKU-SUN-003,13,WH-NORTH,retail,162.5,,,False,0,0,0,0,0,0,0,0,0,0,,,0,19,5,2,0,0,0,15.0,13.0,10.0,11.0,6.0,13.142857142857142,2.410295378065465,12.071428571428571,2.1649048909393738,10.0,2.741758811294376,5.0,17.0,-2.0,3.0,1.0714285714285712,3.1428571428571423,5.0,9.0,0.0,3.0,0,0.0,erratic,1.0669435081917933,0.13812154696132597,0.19337016574585636,high
2026-05-05,SKU-SUN-003,16,WH-NORTH,retail,200.0,,,False,0,0,0,0,0,0,0,0,0,0,,,1,19,5,2,0,0,0,13.0,17.0,14.0,12.0,8.0,13.571428571428571,1.988059594775992,12.214285714285714,2.154729018428345,10.233333333333333,2.686920212787321,5.0,17.0,3.0,2.0,1.3571428571428577,3.3380952380952387,-1.0,5.0,0.0,2.0,0,0.0,erratic,1.0669435081917933,0.13812154696132597,0.19337016574585636,high
2026-05-06,SKU-SUN-003,16,WH-NORTH,retail,200.0,,,False,0,0,0,0,0,0,0,0,0,0,,,2,19,5,2,0,0,0,16.0,15.0,12.0,10.0,8.0,13.857142857142858,2.1930626551751176,12.5,2.3777817717036593,10.5,2.8496823779453773,5.0,17.0,0.0,4.0,1.3571428571428577,3.3571428571428577,4.0,8.0,0.0,1.0,0,0.0,erratic,1.0669435081917933,0.13812154696132597,0.19337016574585636,high
2026-05-07,SKU-SUN-003,13,WH-NORTH,retail,162.5,,,False,0,0,0,0,0,0,0,0,0,0,,,3,19,5,2,0,0,0,16.0,13.0,11.0,9.0,7.0,14.428571428571429,2.149196970742222,12.928571428571429,2.4326081512612054,10.766666666666667,2.9790455927491557,5.0,17.0,-3.0,2.0,1.5,3.6619047619047613,5.0,9.0,0.0,0.0,0,0.0,erratic,1.0669435081917933,0.13812154696132597,0.19337016574585636,high
2026-05-08,SKU-SUN-003,13,WH-NORTH,retail,162.5,,,False,0,0,0,0,0,0,0,0,0,0,,,4,19,5,2,0,0,0,13.0,16.0,13.0,11.0,5.0,14.714285714285714,1.7043362064926706,13.214285714285714,2.154729018428347,10.966666666666667,2.9182343898362575,5.0,17.0,0.0,0.0,1.5,3.7476190476190467,0.0,8.0,0.0,0.0,0,0.0,erratic,1.0669435081917933,0.13812154696132597,0.19337016574585636,high
2026-05-09,SKU-SUN-003,18,WH-NORTH,online,225.0,,,False,0,0,0,0,0,0,0,0,0,0,,,5,19,5,2,1,0,0,13.0,16.0,17.0,13.0,7.0,14.714285714285714,1.7043362064926706,13.357142857142858,2.0608863984346137,11.233333333333333,2.7124659010516283,7.0,17.0,5.0,1.0,1.3571428571428559,3.480952380952381,-4.0,6.0,0.0,0.0,0,0.0,erratic,1.0669435081917933,0.13812154696132597,0.19337016574585636,high
2026-05-10,SKU-SUN-003,16,WH-NORTH,online,200.0,,,False,0,0,0,0,0,0,0,0,0,0,,,6,19,5,2,1,0,0,18.0,13.0,15.0,11.0,8.0,14.857142857142858,1.9518001458970464,13.714285714285714,2.399633671676118,11.6,2.8599493605355306,7.0,18.0,-2.0,1.0,1.1428571428571441,3.257142857142858,3.0,10.0,0.0,0.0,0,0.0,erratic,1.0669435081917933,0.13812154696132597,0.19337016574585636,high
2026-05-11,SKU-SUN-003,12,WH-NORTH,retail,150.0,,,False,0,0,0,0,0,0,0,0,0,0,,,0,20,5,2,0,0,0,16.0,13.0,13.0,10.0,7.0,15.0,1.9999999999999807,14.071428571428571,2.3358176204584145,11.866666666666667,2.8855565809058743,7.0,18.0,-4.0,-1.0,0.9285714285714288,3.133333333333333,3.0,9.0,0.0,0.0,0,0.0,erratic,1.0669435081917933,0.13812154696132597,0.19337016574585636,high
2026-05-12,SKU-SUN-003,16,WH-NORTH,retail,200.0,,,False,0,0,0,0,0,0,0,0,0,0,,,1,20,5,2,0,0,0,12.0,18.0,16.0,14.0,7.0,14.857142857142858,2.1930626551751167,14.214285714285714,2.1187286256175053,12.033333333333333,2.7352530404703517,7.0,18.0,4.0,0.0,0.6428571428571441,2.8238095238095244,-4.0,5.0,0.0,0.0,0,0.0,erratic,1.0669435081917933,0.13812154696132597,0.19337016574585636,high
2026-05-13,SKU-SUN-003,17,WH-NORTH,retail,212.5,,,False,0,0,0,0,0,0,0,0,0,0,,,2,20,5,2,0,0,0,16.0,16.0,16.0,12.0,9.0,14.857142857142858,2.1930626551751167,14.357142857142858,2.169974932756428,12.333333333333334,2.656590157394968,8.0,18.0,1.0,1.0,0.5,2.5238095238095237,0.0,7.0,0.0,0.0,0,0.0,erratic,1.0669435081917933,0.13812154696132597,0.19337016574585636,high
2026-05-14,SKU-SUN-003,14,WH-NORTH,retail,175.0,,,False,0,0,0,0,0,0,0,0,0,0,,,3,20,5,2,0,0,0,17.0,12.0,13.0,11.0,10.0,15.0,2.3094010767584865,14.714285714285714,2.163635524139577,12.6,2.7114063026280366,8.0,18.0,-3.0,1.0,0.2857142857142865,2.4000000000000004,4.0,7.0,0.0,0.0,0,0.0,erratic,1.0669435081917933,0.13812154696132597,0.19337016574585636,high
2026-05-15,SKU-SUN-003,14,WH-NORTH,retail,175.0,,,False,0,0,0,0,0,0,0,0,0,0,,,4,20,5,2,0,0,0,14.0,16.0,13.0,13.0,8.0,15.142857142857142,2.1930626551751167,14.928571428571429,1.8999710813299695,12.733333333333333,2.6772777390390465,8.0,18.0,0.0,1.0,0.21428571428571352,2.40952380952381,1.0,6.0,0.0,0.0,0,0.0,erratic,1.0669435081917933,0.13812154696132597,0.19337016574585636,high
2026-05-16,SKU-SUN-003,20,WH-NORTH,online,250.0,,,False,0,0,0,0,0,0,0,0,0,0,,,5,20,5,2,1,0,0,14.0,17.0,18.0,17.0,9.0,15.285714285714286,2.058663459163532,15.0,1.8397324220156175,12.933333333333334,2.5316388767553035,9.0,18.0,6.0,2.0,0.2857142857142865,2.352380952380953,-4.0,5.0,0.0,0.0,0,0.0,erratic,1.0669435081917933,0.13812154696132597,0.19337016574585636,high
2026-05-17,SKU-SUN-003,20,WH-NORTH,online,250.0,,,False,0,0,0,0,0,0,0,0,0,0,,,6,20,5,2,1,0,0,20.0,14.0,16.0,15.0,11.0,15.571428571428571,2.572750982712385,15.214285714285714,2.2249830225306257,13.3,2.7310475443783795,9.0,20.0,0.0,4.0,0.35714285714285765,2.2714285714285705,4.0,9.0,0.0,0.0,0,0.0,erratic,1.0669435081917933,0.13812154696132597,0.19337016574585636,high
2026-05-18,SKU-SUN-003,15,WH-NORTH,retail,187.5,,,False,0,0,0,0,0,0,0,0,0,0,,,0,21,5,2,0,0,0,20.0,14.0,12.0,13.0,11.0,16.142857142857142,3.0783421635988417,15.571428571428571,2.5634797778466374,13.6,2.9548323950367514,9.0,20.0,-5.0,3.0,0.5714285714285712,2.5428571428571427,8.0,9.0,0.0,0.0,0,0.0,erratic,1.0669435081917933,0.13812154696132597,0.19337016574585636,high
2026-05-19,SKU-SUN-003,19,WH-NORTH,retail,237.5,,,False,0,0,0,0,0,0,0,0,0,0,,,1,21,5,2,0,0,0,15.0,20.0,16.0,16.0,10.0,16.571428571428573,2.572750982712385,15.714285714285714,2.4629117048595437,13.733333333333333,2.923546893207224,9.0,20.0,4.0,3.0,0.8571428571428594,2.8380952380952404,-1.0,5.0,0.0,0.0,0,0.0,erratic,1.0669435081917933,0.13812154696132597,0.19337016574585636,high
2026-05-20,SKU-SUN-003,21,WH-NORTH,retail,262.5,,,False,1,1,1,0,0,0,1,0,0,0,Memorial Day,holiday,2,21,5,2,0,0,0,19.0,20.0,17.0,16.0,11.0,17.0,2.708012801545306,15.928571428571429,2.6154654156878885,14.033333333333333,2.9882913274095726,9.0,20.0,2.0,4.0,1.0714285714285712,2.966666666666667,2.0,8.0,0.0,0.0,0,0.0,erratic,1.0669435081917933,0.13812154696132597,0.19337016574585636,high
2026-05-21,SKU-SUN-003,17,WH-NORTH,retail,212.5,,,False,1,1,1,0,0,0,1,0,0,0,Memorial Day,holiday,3,21,5,2,0,0,0,21.0,15.0,14.0,13.0,12.0,17.571428571428573,3.1014589500826135,16.285714285714285,2.9464077588342668,14.366666666666667,3.1892419738577527,9.0,21.0,-4.0,3.0,1.2857142857142883,3.204761904761906,7.0,9.0,1.0,1.0,0,0.0,erratic,1.0669435081917933,0.13812154696132597,0.19337016574585636,high
2026-05-22,SKU-SUN-003,15,WH-NORTH,retail,187.5,,,False,1,1,1,0,0,0,1,0,0,0,Memorial Day,holiday,4,21,5,2,0,0,0,17.0,19.0,14.0,13.0,10.0,18.0,2.708012801545307,16.571428571428573,2.7932414507517773,14.533333333333333,3.1919438822019472,9.0,21.0,-2.0,1.0,1.428571428571427,3.466666666666667,3.0,7.0,2.0,2.0,0,0.0,erratic,1.0669435081917933,0.13812154696132597,0.19337016574585636,high
2026-05-23,SKU-SUN-003,21,WH-NORTH,online,262.5,,,False,1,1,1,0,0,0,1,0,0,0,Memorial Day,holiday,5,21,5,2,1,0,0,15.0,21.0,20.0,18.0,9.0,18.142857142857142,2.4784787961281967,16.714285714285715,2.6436737675082154,14.7,3.0754870654345425,9.0,21.0,6.0,1.0,1.428571428571427,3.442857142857143,-5.0,6.0,3.0,3.0,0,0.0,erratic,1.0669435081917933,0.13812154696132597,0.19337016574585636,high
2026-05-24,SKU-SUN-003,21,WH-NORTH,online,262.5,,,False,1,1,1,0,0,0,1,0,0,0,Memorial Day,holiday,6,21,5,2,1,0,0,21.0,17.0,20.0,16.0,11.0,18.285714285714285,2.627691364061205,16.928571428571427,2.8679739756969242,15.1,3.0889123183322686,10.0,21.0,0.0,1.0,1.3571428571428577,3.185714285714285,1.0,10.0,4.0,4.0,0,0.0,erratic,1.0669435081917933,0.13812154696132597,0.19337016574585636,high
2026-05-25,SKU-SUN-003,21,WH-NORTH,retail,262.5,,,False,1,1,0,1,0,0,1,0,0,0,Memorial Day,holiday,0,22,5,2,0,0,0,21.0,15.0,15.0,12.0,13.0,18.428571428571427,2.7602622373694046,17.285714285714285,3.0490495726871023,15.433333333333334,3.169720245823219,10.0,21.0,0.0,6.0,1.1428571428571423,2.9952380952380935,6.0,8.0,5.0,5.0,0,0.0,erratic,1.0669435081917933,0.13812154696132597,0.19337016574585636,high
2026-05-26,SKU-SUN-003,18,WH-NORTH,retail,225.0,,,False,1,1,0,0,1,0,1,0,0,0,Memorial Day,holiday,1,22,5,2,0,0,0,21.0,21.0,19.0,16.0,11.0,19.285714285714285,2.42997158517581,17.928571428571427,2.786348194992216,15.7,3.292101309875314,10.0,21.0,-3.0,-1.0,1.3571428571428577,3.5857142857142854,2.0,10.0,6.0,6.0,0,0.0,erratic,1.0669435081917933,0.13812154696132597,0.19337016574585636,high
2026-05-27,SKU-SUN-003,21,WH-NORTH,retail,262.5,,,False,0,0,0,0,0,0,0,0,0,0,,,2,22,5,2,0,0,0,18.0,21.0,21.0,17.0,10.0,19.142857142857142,2.4784787961281967,18.071428571428573,2.7305757554120476,15.933333333333334,3.1941037632761256,10.0,21.0,3.0,0.0,1.0714285714285694,3.209523809523809,-3.0,8.0,7.0,7.0,0,0.0,erratic,1.0669435081917933,0.13812154696132597,0.19337016574585636,high
2026-05-28,SKU-SUN-003,18,WH-NORTH,retail,225.0,,,False,0,0,0,0,0,0,0,0,0,0,,,3,22,5,2,0,0,0,21.0,21.0,17.0,14.0,14.0,19.142857142857142,2.4784787961281967,18.357142857142858,2.8177225625601547,16.3,3.1200132625712804,11.0,21.0,-3.0,1.0,0.7857142857142847,2.8428571428571416,4.0,7.0,6.0,7.0,0,0.0,erratic,1.0669435081917933,0.13812154696132597,0.19337016574585636,high
2026-05-29,SKU-SUN-003,16,WH-NORTH,retail,200.0,,,False,0,0,0,0,0,0,0,0,0,0,,,4,22,5,2,0,0,0,18.0,18.0,15.0,14.0,12.0,19.285714285714285,2.3603873774083155,18.642857142857142,2.530039308212233,16.433333333333334,3.1037611591959404,11.0,21.0,-2.0,1.0,0.6428571428571423,2.852380952380951,3.0,6.0,5.0,7.0,0,0.0,erratic,1.0669435081917933,0.13812154696132597,0.19337016574585636,high
2026-05-30,SKU-SUN-003,22,WH-NORTH,online,275.0,,,False,0,0,0,0,0,0,0,0,0,0,,,5,22,5,2,1,0,0,16.0,21.0,21.0,20.0,11.0,19.428571428571427,2.0701966780270467,18.785714285714285,2.2930856412794296,16.566666666666666,2.9905982948098417,11.0,21.0,6.0,1.0,0.6428571428571423,2.8619047619047606,-5.0,5.0,4.0,7.0,0,0.0,erratic,1.0669435081917933,0.13812154696132597,0.19337016574585636,high
2026-05-31,SKU-SUN-003,0,WH-NORTH,online,0.0,Anomaly,Temporary stockout,False,0,0,0,0,0,0,0,0,0,0,,,6,22,5,2,1,0,1,22.0,18.0,21.0,20.0,13.0,19.571428571428573,2.2253945610567327,18.928571428571427,2.432608151261225,16.933333333333334,2.9587198225762665,12.0,22.0,-22.0,-21.0,0.6428571428571459,2.6380952380952394,1.0,9.0,3.0,7.0,0,0.0,erratic,1.0669435081917933,0.13812154696132597,0.19337016574585636,high
2026-06-01,SKU-SUN-003,19,WH-NORTH,retail,237.5,,,False,0,0,0,0,0,0,0,0,0,0,,,0,23,6,2,0,1,0,0.0,16.0,21.0,15.0,17.0,16.571428571428573,7.612646120264679,17.5,5.585007403066516,16.5,4.2324689134650795,0.0,22.0,19.0,-2.0,-0.928571428571427,0.07142857142857295,-21.0,-17.0,2.0,7.0,1,1.0,erratic,1.0669435081917933,0.13812154696132597,0.19337016574585636,high
2026-06-02,SKU-SUN-003,20,WH-NORTH,retail,250.0,,,False,0,0,0,0,0,0,0,0,0,0,,,1,23,6,2,0,0,0,19.0,22.0,18.0,19.0,15.0,16.285714285714285,7.454624643228423,17.785714285714285,5.549477749906148,16.566666666666666,4.2563002659613876,0.0,22.0,1.0,2.0,-1.5,-0.28095238095238173,1.0,4.0,1.0,7.0,1,1.0,erratic,1.0669435081917933,0.13812154696132597,0.19337016574585636,high
2026-06-03,SKU-SUN-003,23,WH-NORTH,retail,287.5,,,False,0,0,0,0,0,0,0,0,0,0,,,2,23,6,2,0,0,0,20.0,0.0,21.0,21.0,13.0,16.571428571428573,7.568732673685483,17.857142857142858,5.5726963899844,16.733333333333334,4.2905938286324465,0.0,22.0,3.0,2.0,-1.2857142857142847,-0.16190476190476133,-1.0,7.0,0.0,7.0,1,1.0,erratic,1.0669435081917933,0.13812154696132597,0.19337016574585636,high
2026-06-04,SKU-SUN-003,22,WH-NORTH,retail,275.0,,,False,0,0,0,0,0,0,0,0,0,0,,,3,23,6,2,0,0,0,23.0,19.0,18.0,17.0,16.0,16.857142857142858,7.798046153333778,18.0,5.683985600588062,17.066666666666666,4.37810645050506,0.0,23.0,-1.0,4.0,-1.1428571428571423,-0.20952380952380878,5.0,7.0,0.0,7.0,1,1.0,erratic,1.0669435081917933,0.13812154696132597,0.19337016574585636,high
2026-06-05,SKU-SUN-003,18,WH-NORTH,retail,225.0,,,False,1,1,1,0,0,1,0,0,0,0,Summer Kickoff Sun Care,promotion,4,23,6,2,0,0,0,22.0,20.0,16.0,15.0,16.0,17.428571428571427,8.038597366397171,18.357142857142858,5.772709573863556,17.266666666666666,4.4639037603435385,0.0,23.0,-4.0,2.0,-0.9285714285714306,0.16190476190476133,6.0,6.0,0.0,7.0,1,1.0,erratic,1.0669435081917933,0.13812154696132597,0.19337016574585636,high
2026-06-06,SKU-SUN-003,23,WH-NORTH,online,287.5,,,False,1,1,1,0,0,1,0,0,0,0,Summer Kickoff Sun Care,promotion,5,23,6,2,1,0,0,18.0,23.0,22.0,21.0,13.0,17.714285714285715,8.014867137894125,18.571428571428573,5.69364403678194,17.333333333333332,4.459266472332009,0.0,23.0,5.0,1.0,-0.8571428571428577,0.38095238095238315,-4.0,5.0,1.0,8.0,1,1.0,erratic,1.0669435081917933,0.13812154696132597,0.19337016574585636,high
2026-06-07,SKU-SUN-003,26,WH-NORTH,online,325.0,,,False,1,1,1,0,0,1,0,0,0,0,Summer Kickoff Sun Care,promotion,6,23,6,2,1,0,0,23.0,22.0,0.0,21.0,13.0,17.857142857142858,8.112306935115543,18.714285714285715,5.783644996933127,17.666666666666668,4.4977644510880355,0.0,23.0,3.0,26.0,-0.8571428571428577,0.1904761904761898,23.0,10.0,2.0,9.0,1,1.0,erratic,1.0669435081917933,0.13812154696132597,0.19337016574585636,high
2026-06-08,SKU-SUN-003,31,WH-NORTH,retail,387.5,Summer Kickoff Sun Care,,False,1,1,0,1,0,1,0,0,0,0,Summer Kickoff Sun Care,promotion,0,24,6,2,0,0,0,26.0,18.0,19.0,21.0,18.0,21.571428571428573,2.760262237369411,19.071428571428573,6.082310867960109,18.1,4.656104632074711,0.0,26.0,5.0,12.0,2.5,3.4714285714285715,7.0,8.0,3.0,10.0,0,1.0,erratic,1.0669435081917933,0.13812154696132597,0.19337016574585636,high
2026-06-09,SKU-SUN-003,30,WH-NORTH,retail,375.0,Summer Kickoff Sun Care,,False,1,1,0,1,0,1,0,0,0,0,Summer Kickoff Sun Care,promotion,1,24,6,2,0,0,0,31.0,23.0,20.0,18.0,16.0,23.285714285714285,4.23140188409963,19.785714285714285,6.863264209135169,18.533333333333335,5.217565381070669,0.0,31.0,-1.0,10.0,3.5,4.75238095238095,11.0,15.0,4.0,11.0,0,1.0,erratic,1.0669435081917933,0.13812154696132597,0.19337016574585636,high
2026-06-10,SKU-SUN-003,35,WH-NORTH,retail,437.5,Summer Kickoff Sun Care,,False,1,1,0,1,0,1,0,0,0,0,Summer Kickoff Sun Care,promotion,2,24,6,2,0,0,0,30.0,26.0,23.0,21.0,12.0,24.714285714285715,4.6084807950229365,20.642857142857142,7.354821996038165,19.0,5.595564746081149,0.0,31.0,5.0,12.0,4.071428571428573,5.714285714285715,7.0,18.0,5.0,12.0,0,1.0,erratic,1.0669435081917933,0.13812154696132597,0.19337016574585636,high
2026-06-11,SKU-SUN-003,35,WH-NORTH,retail,437.5,Summer Kickoff Sun Care,,False,1,1,0,1,0,1,0,0,0,0,Summer Kickoff Sun Care,promotion,3,24,6,2,0,0,0,35.0,31.0,22.0,18.0,16.0,26.428571428571427,5.912053869204929,21.642857142857142,8.298351484640646,19.766666666666666,6.1514412851832905,0.0,35.0,0.0,13.0,4.785714285714285,6.661904761904761,13.0,19.0,6.0,13.0,0,1.0,erratic,1.0669435081917933,0.13812154696132597,0.19337016574585636,high
2026-06-12,SKU-SUN-003,28,WH-NORTH,retail,350.0,Summer Kickoff Sun Care,,False,1,1,0,1,0,1,0,0,0,0,Summer Kickoff Sun Care,promotion,4,24,6,2,0,0,0,35.0,30.0,18.0,16.0,17.0,28.285714285714285,6.317021600783231,22.857142857142858,8.943043216826267,20.4,6.703575988566307,0.0,35.0,-7.0,10.0,5.428571428571427,7.885714285714286,17.0,18.0,7.0,14.0,0,1.0,erratic,1.0669435081917933,0.13812154696132597,0.19337016574585636,high
2026-06-13,SKU-SUN-003,36,WH-NORTH,online,450.0,Summer Kickoff Sun Care,,False,1,1,0,1,0,1,0,0,0,0,Summer Kickoff Sun Care,promotion,5,24,6,2,1,0,0,28.0,35.0,23.0,22.0,14.0,29.714285714285715,4.461475305855893,23.714285714285715,8.809335707327538,20.766666666666666,6.81116392571699,0.0,35.0,8.0,13.0,6.0,8.94761904761905,5.0,14.0,7.0,15.0,0,1.0,erratic,1.0669435081917933,0.13812154696132597,0.19337016574585636,high
2026-06-14,SKU-SUN-003,41,WH-NORTH,online,512.5,Summer Kickoff Sun Care,,False,1,1,0,1,0,1,0,0,0,0,Summer Kickoff Sun Care,promotion,6,24,6,2,1,0,0,36.0,35.0,26.0,0.0,14.0,31.571428571428573,3.866830866792724,24.714285714285715,9.37614461876993,21.5,7.229012428378798,0.0,36.0,5.0,15.0,6.857142857142858,10.071428571428573,10.0,22.0,7.0,16.0,0,1.0,erratic,1.0669435081917933,0.13812154696132597,0.19337016574585636,high
2026-06-15,SKU-SUN-003,34,WH-NORTH,retail,425.0,Summer Kickoff Sun Care,,False,1,1,0,1,0,1,0,0,0,0,Summer Kickoff Sun Care,promotion,0,25,6,2,0,0,0,41.0,28.0,31.0,19.0,20.0,33.714285714285715,4.38612531035027,27.642857142857142,7.217576227058993,22.4,7.911580338230524,0.0,41.0,-7.0,3.0,6.071428571428573,11.314285714285717,10.0,21.0,7.0,17.0,0,1.0,erratic,1.0669435081917933,0.13812154696132597,0.19337016574585636,high
2026-06-16,SKU-SUN-003,34,WH-NORTH,retail,425.0,Summer Kickoff Sun Care,,False,1,1,0,1,0,1,0,0,0,0,Summer Kickoff Sun Care,promotion,1,25,6,2,0,0,0,34.0,36.0,30.0,20.0,20.0,34.142857142857146,4.220133150686578,28.714285714285715,6.944046386638039,22.866666666666667,8.173689216155626,0.0,41.0,0.0,4.0,5.428571428571431,11.276190476190479,4.0,14.0,7.0,18.0,0,1.0,erratic,1.0669435081917933,0.13812154696132597,0.19337016574585636,high
2026-06-17,SKU-SUN-003,38,WH-NORTH,retail,475.0,Summer Kickoff Sun Care,,False,1,1,0,1,0,1,0,0,0,0,Summer Kickoff Sun Care,promotion,2,25,6,2,0,0,0,34.0,41.0,35.0,23.0,15.0,34.714285714285715,3.8172540616821116,29.714285714285715,6.591703076637334,23.333333333333332,8.400875706953299,0.0,41.0,4.0,3.0,5.0,11.380952380952383,-1.0,19.0,7.0,19.0,0,1.0,erratic,1.0669435081917933,0.13812154696132597,0.19337016574585636,high
2026-06-18,SKU-SUN-003,39,WH-NORTH,retail,487.5,Summer Kickoff Sun Care,,False,1,1,0,1,0,1,0,0,0,0,Summer Kickoff Sun Care,promotion,3,25,6,2,0,0,0,38.0,34.0,35.0,22.0,19.0,35.142857142857146,4.017817460121496,30.785714285714285,6.63532007724369,24.1,8.659656758348666,0.0,41.0,1.0,4.0,4.357142857142861,11.042857142857144,3.0,19.0,7.0,20.0,0,1.0,erratic,1.0669435081917933,0.13812154696132597,0.19337016574585636,high
2026-06-19,SKU-SUN-003,33,WH-NORTH,retail,412.5,Summer Kickoff Sun Care,,False,1,1,0,1,0,1,0,0,0,0,Summer Kickoff Sun Care,promotion,4,25,6,2,0,0,0,39.0,34.0,28.0,18.0,21.0,35.714285714285715,4.270608298368658,32.0,6.456958083517999,24.766666666666666,9.016013850207106,0.0,41.0,-6.0,5.0,3.7142857142857153,10.94761904761905,11.0,18.0,7.0,21.0,0,1.0,erratic,1.0669435081917933,0.13812154696132597,0.19337016574585636,high
2026-06-20,SKU-SUN-003,38,WH-NORTH,online,475.0,Summer Kickoff Sun Care,,False,1,1,0,1,0,1,0,0,0,0,Summer Kickoff Sun Care,promotion,5,25,6,2,1,0,0,33.0,38.0,36.0,23.0,17.0,36.42857142857143,2.9920529661723827,33.07142857142857,5.045398295084813,25.166666666666668,9.108856369919112,0.0,41.0,5.0,2.0,3.357142857142861,11.261904761904763,-3.0,16.0,7.0,21.0,0,1.0,erratic,1.0669435081917933,0.13812154696132597,0.19337016574585636,high
2026-06-21,SKU-SUN-003,43,WH-NORTH,online,537.5,Summer Kickoff Sun Care,,False,1,1,0,1,0,1,0,0,0,0,Summer Kickoff Sun Care,promotion,6,25,6,2,1,0,0,38.0,39.0,41.0,26.0,15.0,36.714285714285715,3.0394235042348474,34.142857142857146,4.276179870598888,25.866666666666667,9.265186353275332,0.0,41.0,5.0,2.0,2.5714285714285694,10.847619047619048,-3.0,23.0,7.0,21.0,0,1.0,erratic,1.0669435081917933,0.13812154696132597,0.19337016574585636,high
2026-06-22,SKU-SUN-003,24,WH-NORTH,retail,300.0,,,False,1,1,0,0,1,1,0,0,0,0,Summer Kickoff Sun Care,promotion,0,26,6,2,0,0,0,43.0,33.0,34.0,31.0,21.0,37.0,3.559026084010437,35.357142857142854,4.199031808866067,26.8,9.539030529790526,0.0,43.0,-19.0,-10.0,1.642857142857146,10.2,9.0,22.0,7.0,21.0,0,1.0,erratic,1.0669435081917933,0.13812154696132597,0.19337016574585636,high
2026-06-23,SKU-SUN-003,22,WH-NORTH,retail,275.0,,,False,1,1,0,0,1,1,0,0,0,0,Summer Kickoff Sun Care,promotion,1,26,6,2,0,0,0,24.0,38.0,34.0,30.0,21.0,35.57142857142857,6.078847008469694,34.857142857142854,5.081749287811895,26.9,9.491738694690016,0.0,43.0,-2.0,-12.0,0.7142857142857153,8.67142857142857,-10.0,3.0,7.0,21.0,0,1.0,erratic,1.0669435081917933,0.13812154696132597,0.19337016574585636,high
2026-06-24,SKU-SUN-003,23,WH-NORTH,retail,287.5,,,False,1,1,0,0,1,1,0,0,0,0,Summer Kickoff Sun Care,promotion,2,26,6,2,0,0,0,22.0,43.0,38.0,35.0,21.0,33.857142857142854,7.988086367179801,34.285714285714285,6.031055162542225,26.933333333333334,9.472039919145448,0.0,43.0,1.0,-15.0,-0.4285714285714306,6.9238095238095205,-16.0,1.0,7.0,21.0,0,1.0,erratic,1.0669435081917933,0.13812154696132597,0.19337016574585636,high
2026-06-25,SKU-SUN-003,25,WH-NORTH,retail,312.5,,,False,0,0,0,0,0,0,0,0,0,0,,,3,26,6,2,0,0,0,23.0,24.0,39.0,35.0,18.0,31.714285714285715,8.673989580239027,33.42857142857143,6.733547307375225,27.0,9.435808537619899,0.0,43.0,2.0,-14.0,-1.7142857142857153,4.714285714285715,-16.0,5.0,7.0,21.0,0,1.0,erratic,1.0669435081917933,0.13812154696132597,0.19337016574585636,high
2026-06-26,SKU-SUN-003,21,WH-NORTH,retail,262.5,,,False,0,0,0,0,0,0,0,0,0,0,,,4,26,6,2,0,0,0,25.0,22.0,33.0,28.0,21.0,29.714285714285715,8.32094316998351,32.714285714285715,7.075728518388394,27.233333333333334,9.291016548567061,0.0,43.0,-4.0,-12.0,-3.0,2.480952380952381,-8.0,4.0,6.0,20.0,0,1.0,erratic,1.0669435081917933,0.13812154696132597,0.19337016574585636,high
2026-06-27,SKU-SUN-003,24,WH-NORTH,online,300.0,,,False,0,0,0,0,0,0,0,0,0,0,,,5,26,6,2,1,0,0,21.0,23.0,38.0,36.0,18.0,28.0,8.755950357709128,32.214285714285715,7.657862439536106,27.233333333333334,9.291016548567061,0.0,43.0,3.0,-14.0,-4.214285714285715,0.7666666666666657,-17.0,3.0,5.0,20.0,0,1.0,erratic,1.0669435081917933,0.13812154696132597,0.19337016574585636,high
2026-06-28,SKU-SUN-003,27,WH-NORTH,online,337.5,,,False,0,0,0,0,0,0,0,0,0,0,,,6,26,6,2,1,0,0,24.0,25.0,43.0,41.0,16.0,26.0,7.615773105863904,31.357142857142858,7.870169022299403,27.433333333333334,9.148896045456773,0.0,43.0,3.0,-16.0,-5.357142857142858,-1.4333333333333336,-19.0,8.0,4.0,20.0,0,1.0,erratic,1.0669435081917933,0.13812154696132597,0.19337016574585636,high
2026-06-29,SKU-SUN-003,24,WH-NORTH,retail,300.0,,,False,0,0,0,0,0,0,0,0,0,0,,,0,27,6,2,0,0,0,27.0,21.0,24.0,34.0,22.0,23.714285714285715,1.9760470401186883,30.357142857142858,7.427673233949533,27.8,8.891685383858176,0.0,43.0,-3.0,0.0,-6.642857142857142,-4.085714285714285,3.0,5.0,3.0,20.0,0,1.0,erratic,1.0669435081917933,0.13812154696132597,0.19337016574585636,high
2026-06-30,SKU-SUN-003,24,WH-NORTH,retail,300.0,,,False,0,0,0,0,0,0,0,0,0,0,,,1,27,6,2,0,0,1,24.0,24.0,22.0,34.0,0.0,23.714285714285715,1.9760470401186883,29.642857142857142,7.5305239664177295,27.866666666666667,8.854117815957185,0.0,43.0,0.0,2.0,-5.928571428571427,-4.152380952380952,2.0,24.0,2.0,20.0,0,1.0,erratic,1.0669435081917933,0.13812154696132597,0.19337016574585636,high
2026-01-01,SKU-SUP-004,45,WH-SOUTH,retail,189.0,,,False,1,1,0,1,0,0,1,0,0,0,New Year Holiday,holiday,3,1,1,1,0,1,0,,,,,,,,,,,,,,,,,,,,0.0,0.0,0,0.0,variable,0.5072057155713185,0.0,0.1878453038674033,high
2026-01-02,SKU-SUP-004,55,WH-SOUTH,retail,231.0,,,False,1,1,0,0,1,0,1,0,0,0,New Year Holiday,holiday,4,1,1,1,0,0,0,45.0,,,,,45.0,,45.0,,45.0,,45.0,45.0,10.0,,0.0,0.0,,,1.0,1.0,0,0.0,variable,0.5072057155713185,0.0,0.1878453038674033,high
2026-01-03,SKU-SUP-004,47,WH-SOUTH,online,197.4,,,False,0,0,0,0,0,0,0,0,0,0,,,5,1,1,1,1,0,0,55.0,,,,,50.0,7.0710678118654755,50.0,7.0710678118654755,50.0,7.0710678118654755,45.0,55.0,-8.0,,0.0,0.0,,,2.0,2.0,0,0.0,variable,0.5072057155713185,0.0,0.1878453038674033,high
2026-01-04,SKU-SUP-004,47,WH-SOUTH,online,197.4,,,False,0,0,0,0,0,0,0,0,0,0,,,6,1,1,1,1,0,0,47.0,45.0,,,,49.0,5.291502622129181,49.0,5.291502622129181,49.0,5.291502622129181,45.0,55.0,0.0,,0.0,0.0,,,2.0,2.0,0,0.0,variable,0.5072057155713185,0.0,0.1878453038674033,high
2026-01-05,SKU-SUP-004,56,WH-SOUTH,retail,235.2,,,False,0,0,0,0,0,0,0,0,0,0,,,0,2,1,1,0,0,0,47.0,55.0,,,,48.5,4.43471156521669,48.5,4.43471156521669,48.5,4.43471156521669,45.0,55.0,9.0,,0.0,0.0,,,2.0,2.0,0,0.0,variable,0.5072057155713185,0.0,0.1878453038674033,high
2026-01-06,SKU-SUP-004,59,WH-SOUTH,retail,247.8,,,False,0,0,0,0,0,0,0,0,0,0,,,1,2,1,1,0,0,0,56.0,47.0,,,,50.0,5.0990195135927845,50.0,5.0990195135927845,50.0,5.0990195135927845,45.0,56.0,3.0,,0.0,0.0,,,2.0,2.0,0,0.0,variable,0.5072057155713185,0.0,0.1878453038674033,high
2026-01-07,SKU-SUP-004,56,WH-SOUTH,retail,235.2,,,False,0,0,0,0,0,0,0,0,0,0,,,2,2,1,1,0,0,0,59.0,47.0,,,,51.5,5.856620185738529,51.5,5.856620185738529,51.5,5.856620185738529,45.0,59.0,-3.0,,0.0,0.0,,,2.0,2.0,0,0.0,variable,0.5072057155713185,0.0,0.1878453038674033,high
2026-01-08,SKU-SUP-004,55,WH-SOUTH,retail,231.0,,,False,0,0,0,0,0,0,0,0,0,0,,,3,2,1,1,0,0,0,56.0,56.0,45.0,,,52.142857142857146,5.6103645582252915,52.142857142857146,5.6103645582252915,52.142857142857146,5.6103645582252915,45.0,59.0,-1.0,10.0,0.0,0.0,11.0,,2.0,2.0,0,0.0,variable,0.5072057155713185,0.0,0.1878453038674033,high
2026-01-09,SKU-SUP-004,55,WH-SOUTH,retail,231.0,,,False,1,1,1,0,0,1,0,0,0,0,Winter Essentials Promotion,promotion,4,2,1,1,0,0,0,55.0,59.0,55.0,,,53.57142857142857,4.685336802448778,52.5,5.2915026221291805,52.5,5.2915026221291805,45.0,59.0,0.0,0.0,1.0714285714285694,1.0714285714285694,0.0,,1.0,2.0,0,0.0,variable,0.5072057155713185,0.0,0.1878453038674033,high
2026-01-10,SKU-SUP-004,47,WH-SOUTH,online,197.4,,,False,1,1,1,0,0,1,0,0,0,0,Winter Essentials Promotion,promotion,5,2,1,1,1,0,0,55.0,56.0,47.0,,,53.57142857142857,4.685336802448778,52.77777777777778,5.019406782125198,52.77777777777778,5.019406782125198,45.0,59.0,-8.0,0.0,0.7936507936507908,0.7936507936507908,8.0,,1.0,3.0,0,0.0,variable,0.5072057155713185,0.0,0.1878453038674033,high
2026-01-11,SKU-SUP-004,46,WH-SOUTH,online,193.2,,,False,1,1,1,0,0,1,0,0,0,0,Winter Essentials Promotion,promotion,6,2,1,1,1,0,0,47.0,55.0,47.0,,,53.57142857142857,4.685336802448778,52.2,5.072803301265813,52.2,5.072803301265813,45.0,59.0,-1.0,-1.0,1.3714285714285666,1.3714285714285666,0.0,,2.0,4.0,0,0.0,variable,0.5072057155713185,0.0,0.1878453038674033,high
2026-01-12,SKU-SUP-004,75,WH-SOUTH,retail,315.0,Winter Essentials Promotion,,False,1,1,0,1,0,1,0,0,0,0,Winter Essentials Promotion,promotion,0,3,1,1,0,0,0,46.0,55.0,56.0,,,53.42857142857143,4.92805380304581,51.63636363636363,5.162804030228676,51.63636363636363,5.162804030228676,45.0,59.0,29.0,19.0,1.7922077922077975,1.7922077922077975,-10.0,,3.0,5.0,0,0.0,variable,0.5072057155713185,0.0,0.1878453038674033,high
2026-01-13,SKU-SUP-004,82,WH-SOUTH,retail,344.4,Winter Essentials Promotion,,False,1,1,0,1,0,1,0,0,0,0,Winter Essentials Promotion,promotion,1,3,1,1,0,0,0,75.0,47.0,59.0,,,56.142857142857146,9.599107101332764,53.583333333333336,8.34983215218707,53.583333333333336,8.34983215218707,45.0,75.0,7.0,23.0,2.55952380952381,2.55952380952381,16.0,,4.0,6.0,0,0.0,variable,0.5072057155713185,0.0,0.1878453038674033,high
2026-01-14,SKU-SUP-004,79,WH-SOUTH,retail,331.8,Winter Essentials Promotion,,False,1,1,0,1,0,1,0,0,0,0,Winter Essentials Promotion,promotion,2,3,1,1,0,0,0,82.0,46.0,56.0,,,59.42857142857143,13.770223223283185,55.76923076923077,11.226114244280653,55.76923076923077,11.226114244280653,45.0,82.0,-3.0,23.0,3.659340659340664,3.659340659340664,26.0,,5.0,7.0,0,0.0,variable,0.5072057155713185,0.0,0.1878453038674033,high
2026-01-15,SKU-SUP-004,76,WH-SOUTH,retail,319.2,Winter Essentials Promotion,,False,1,1,0,1,0,1,0,0,0,0,Winter Essentials Promotion,promotion,3,3,1,1,0,0,0,79.0,75.0,55.0,45.0,,62.714285714285715,15.456544306692935,57.42857142857143,12.445044028814074,57.42857142857143,12.445044028814074,45.0,82.0,-3.0,21.0,5.285714285714285,5.285714285714285,24.0,,6.0,8.0,0,0.0,variable,0.5072057155713185,0.0,0.1878453038674033,high
2026-01-16,SKU-SUP-004,76,WH-SOUTH,retail,319.2,Winter Essentials Promotion,,False,1,1,0,1,0,1,0,0,0,0,Winter Essentials Promotion,promotion,4,3,1,1,0,0,0,76.0,82.0,55.0,55.0,,65.71428571428571,15.744991645115658,59.642857142857146,12.815898436990388,58.666666666666664,12.915476135610477,45.0,82.0,0.0,21.0,6.071428571428562,7.047619047619044,21.0,,7.0,9.0,0,0.0,variable,0.5072057155713185,0.0,0.1878453038674033,high
2026-01-17,SKU-SUP-004,68,WH-SOUTH,online,285.6,Winter Essentials Promotion,,False,1,1,0,1,0,1,0,0,0,0,Winter Essentials Promotion,promotion,5,3,1,1,1,0,0,76.0,79.0,47.0,47.0,,68.71428571428571,15.359191446972783,61.142857142857146,13.44422748793149,59.75,13.20858306809124,45.0,82.0,-8.0,21.0,7.571428571428562,8.964285714285708,29.0,,7.0,10.0,0,0.0,variable,0.5072057155713185,0.0,0.1878453038674033,high
2026-01-18,SKU-SUP-004,64,WH-SOUTH,online,268.8,Winter Essentials Promotion,,False,1,1,0,1,0,1,0,0,0,0,Winter Essentials Promotion,promotion,6,3,1,1,1,0,0,68.0,76.0,46.0,47.0,,71.71428571428571,12.12042746378039,62.642857142857146,12.905616802576505,60.23529411764706,12.944735473179364,45.0,82.0,-4.0,18.0,9.071428571428562,11.47899159663865,22.0,,7.0,11.0,0,0.0,variable,0.5072057155713185,0.0,0.1878453038674033,high
2026-01-19,SKU-SUP-004,75,WH-SOUTH,retail,315.0,Winter Essentials Promotion,,False,1,1,0,1,0,1,0,0,0,0,Winter Essentials Promotion,promotion,0,4,1,1,0,0,0,64.0,76.0,75.0,56.0,,74.28571428571429,6.237368187365724,63.857142857142854,12.094863136295267,60.44444444444444,12.589548523523142,45.0,82.0,11.0,0.0,10.428571428571438,13.841269841269849,-11.0,,7.0,12.0,0,0.0,variable,0.5072057155713185,0.0,0.1878453038674033,high
2026-01-20,SKU-SUP-004,83,WH-SOUTH,retail,348.6,Winter Essentials Promotion,,False,1,1,0,1,0,1,0,0,0,0,Winter Essentials Promotion,promotion,1,4,1,1,0,0,0,75.0,68.0,82.0,59.0,,74.28571428571429,6.237368187365724,65.21428571428571,12.210831077547322,61.21052631578947,12.682354089961288,45.0,82.0,8.0,1.0,9.071428571428584,13.07518796992482,-7.0,,7.0,13.0,0,0.0,variable,0.5072057155713185,0.0,0.1878453038674033,high
2026-01-21,SKU-SUP-004,80,WH-SOUTH,retail,336.0,Winter Essentials Promotion,,False,1,1,0,1,0,1,0,0,0,0,Winter Essentials Promotion,promotion,2,4,1,1,0,0,0,83.0,64.0,79.0,56.0,,74.42857142857143,6.451282633635554,66.92857142857143,12.93453508256859,62.3,13.270862423885047,45.0,83.0,-3.0,1.0,7.5,12.128571428571433,4.0,,7.0,14.0,0,0.0,variable,0.5072057155713185,0.0,0.1878453038674033,high
2026-01-22,SKU-SUP-004,74,WH-SOUTH,retail,310.8,Winter Essentials Promotion,,False,1,1,0,1,0,1,0,0,0,0,Winter Essentials Promotion,promotion,3,4,1,1,0,0,0,80.0,75.0,76.0,55.0,,74.57142857142857,6.579187965525408,68.64285714285714,12.965084133680213,63.142857142857146,13.499206325876028,45.0,83.0,-6.0,-2.0,5.928571428571431,11.428571428571423,4.0,,7.0,15.0,0,0.0,variable,0.5072057155713185,0.0,0.1878453038674033,high
2026-01-23,SKU-SUP-004,73,WH-SOUTH,retail,306.6,Winter Essentials Promotion,,False,1,1,0,1,0,1,0,0,0,0,Winter Essentials Promotion,promotion,4,4,1,1,0,0,0,74.0,83.0,76.0,55.0,,74.28571428571429,6.550172662209904,70.0,12.409673645990845,63.63636363636363,13.375690296545104,45.0,83.0,-1.0,-3.0,4.285714285714292,10.649350649350659,-2.0,,7.0,16.0,0,0.0,variable,0.5072057155713185,0.0,0.1878453038674033,high
2026-01-24,SKU-SUP-004,67,WH-SOUTH,online,281.4,Winter Essentials Promotion,,False,1,1,0,1,0,1,0,0,0,0,Winter Essentials Promotion,promotion,5,4,1,1,1,0,0,73.0,80.0,68.0,47.0,,73.85714285714286,6.517376042257385,71.28571428571429,11.644930038621753,64.04347826086956,13.21321054120928,45.0,83.0,-6.0,-1.0,2.5714285714285694,9.813664596273298,5.0,,7.0,17.0,0,0.0,variable,0.5072057155713185,0.0,0.1878453038674033,high
2026-01-25,SKU-SUP-004,63,WH-SOUTH,online,264.6,Winter Essentials Promotion,,False,1,1,0,1,0,1,0,0,0,0,Winter Essentials Promotion,promotion,6,4,1,1,1,0,0,67.0,74.0,64.0,46.0,,73.71428571428571,6.676183683170245,72.71428571428571,9.457830060354699,64.16666666666667,12.936858924815546,45.0,83.0,-4.0,-1.0,1.0,9.547619047619037,3.0,,7.0,18.0,0,0.0,variable,0.5072057155713185,0.0,0.1878453038674033,high
2026-01-26,SKU-SUP-004,54,WH-SOUTH,retail,226.8,,,False,1,1,0,0,1,1,0,0,0,0,Winter Essentials Promotion,promotion,0,5,1,1,0,0,0,63.0,73.0,75.0,75.0,,73.57142857142857,6.924765768773772,73.92857142857143,6.342339846245562,64.12,12.666622806941607,45.0,83.0,-9.0,-21.0,-0.3571428571428612,9.451428571428565,-12.0,,7.0,19.0,0,0.0,variable,0.5072057155713185,0.0,0.1878453038674033,high
2026-01-27,SKU-SUP-004,61,WH-SOUTH,retail,256.2,,,False,1,1,0,0,1,1,0,0,0,0,Winter Essentials Promotion,promotion,1,5,1,1,0,0,0,54.0,67.0,83.0,82.0,,70.57142857142857,10.047506205640328,72.42857142857143,8.262187135603732,63.73076923076923,12.568397486736936,45.0,83.0,7.0,-22.0,-1.8571428571428612,6.840659340659336,-29.0,,7.0,20.0,0,0.0,variable,0.5072057155713185,0.0,0.1878453038674033,high
2026-01-28,SKU-SUP-004,60,WH-SOUTH,retail,252.0,,,False,0,0,0,0,0,0,0,0,0,0,,,2,5,1,1,0,0,0,61.0,63.0,80.0,79.0,,67.42857142857143,8.885515232803373,70.92857142857143,8.297027138720168,63.629629629629626,12.335527640325813,45.0,83.0,-1.0,-20.0,-3.5,3.7989417989418044,-19.0,,7.0,21.0,0,0.0,variable,0.5072057155713185,0.0,0.1878453038674033,high
2026-01-29,SKU-SUP-004,55,WH-SOUTH,retail,231.0,,,False,0,0,0,0,0,0,0,0,0,0,,,3,5,1,1,0,0,0,60.0,54.0,74.0,76.0,,64.57142857142857,7.230886134196418,69.57142857142857,8.428105779649822,63.5,12.124355652982139,45.0,83.0,-5.0,-19.0,-5.0,1.0714285714285694,-14.0,,6.0,21.0,0,0.0,variable,0.5072057155713185,0.0,0.1878453038674033,high
2026-01-30,SKU-SUP-004,54,WH-SOUTH,retail,226.8,,,False,0,0,0,0,0,0,0,0,0,0,,,4,5,1,1,0,0,0,55.0,61.0,73.0,76.0,,61.857142857142854,6.644009116704821,68.07142857142857,9.042330245226397,63.206896551724135,12.010053260096091,45.0,83.0,-1.0,-19.0,-6.214285714285715,-1.3497536945812811,-18.0,,5.0,21.0,0,0.0,variable,0.5072057155713185,0.0,0.1878453038674033,high
2026-01-31,SKU-SUP-004,51,WH-SOUTH,online,214.2,,,False,0,0,0,0,0,0,0,0,0,0,,,5,5,1,1,1,0,1,54.0,60.0,67.0,68.0,45.0,59.142857142857146,5.0142653642240225,66.5,9.460443964212246,62.9,11.920281181594493,45.0,83.0,-3.0,-16.0,-7.357142857142854,-3.7571428571428527,-13.0,9.0,4.0,21.0,0,0.0,variable,0.5072057155713185,0.0,0.1878453038674033,high
2026-02-01,SKU-SUP-004,49,WH-SOUTH,online,205.8,,,False,0,0,0,0,0,0,0,0,0,0,,,6,5,2,1,1,1,0,51.0,55.0,63.0,64.0,55.0,56.857142857142854,4.450789122113431,65.28571428571429,10.30629808514096,63.1,11.6570239296551,46.0,83.0,-2.0,-14.0,-8.428571428571438,-6.242857142857147,-12.0,-4.0,3.0,20.0,0,0.0,variable,0.5072057155713185,0.0,0.1878453038674033,high
2026-02-02,SKU-SUP-004,54,WH-SOUTH,retail,226.8,,,False,0,0,0,0,0,0,0,0,0,0,,,0,6,2,1,0,0,0,49.0,54.0,54.0,75.0,47.0,54.857142857142854,4.375255094603799,64.21428571428571,11.191882851345515,62.9,11.850651080615052,46.0,83.0,5.0,0.0,-9.357142857142854,-8.042857142857144,-5.0,2.0,2.0,19.0,0,0.0,variable,0.5072057155713185,0.0,0.1878453038674033,high
2026-02-03,SKU-SUP-004,60,WH-SOUTH,retail,252.0,,,False,0,0,0,0,0,0,0,0,0,0,,,1,6,2,1,0,0,0,54.0,51.0,61.0,83.0,47.0,54.857142857142854,4.375255094603799,62.714285714285715,11.041380706781558,63.13333333333333,11.592903100554688,46.0,83.0,6.0,-1.0,-7.857142857142861,-8.276190476190479,-7.0,7.0,1.0,19.0,0,0.0,variable,0.5072057155713185,0.0,0.1878453038674033,high
2026-02-04,SKU-SUP-004,61,WH-SOUTH,retail,256.2,,,False,0,0,0,0,0,0,0,0,0,0,,,2,6,2,1,0,0,0,60.0,49.0,60.0,80.0,56.0,54.714285714285715,4.151878519187981,61.07142857142857,9.3764376187112,63.56666666666667,11.205550759159138,46.0,83.0,1.0,1.0,-6.357142857142854,-8.852380952380955,0.0,4.0,0.0,19.0,0,0.0,variable,0.5072057155713185,0.0,0.1878453038674033,high
2026-02-05,SKU-SUP-004,54,WH-SOUTH,retail,226.8,,,False,0,0,0,0,0,0,0,0,0,0,,,3,6,2,1,0,0,0,61.0,54.0,55.0,74.0,59.0,54.857142857142854,4.375255094603799,59.714285714285715,7.640263501583345,63.733333333333334,11.12602830066176,46.0,83.0,-7.0,-1.0,-4.857142857142861,-8.87619047619048,6.0,2.0,0.0,19.0,0,0.0,variable,0.5072057155713185,0.0,0.1878453038674033,high
2026-02-06,SKU-SUP-004,51,WH-SOUTH,retail,214.2,,,False,0,0,0,0,0,0,0,0,0,0,,,4,6,2,1,0,0,0,54.0,60.0,54.0,73.0,56.0,54.714285714285715,4.386125310350193,58.285714285714285,6.556600566529218,63.56666666666667,11.236281546334878,46.0,83.0,-3.0,-3.0,-3.5714285714285694,-8.852380952380955,0.0,-2.0,0.0,19.0,0,0.0,variable,0.5072057155713185,0.0,0.1878453038674033,high
2026-02-07,SKU-SUP-004,49,WH-SOUTH,online,205.8,,,False,0,0,0,0,0,0,0,0,0,0,,,5,6,2,1,1,0,0,51.0,61.0,51.0,67.0,55.0,54.285714285714285,4.608480795022864,56.714285714285715,5.268609091424614,63.4,11.388439389316602,46.0,83.0,-2.0,-2.0,-2.4285714285714306,-9.114285714285714,0.0,-4.0,0.0,19.0,0,0.0,variable,0.5072057155713185,0.0,0.1878453038674033,high
2026-02-08,SKU-SUP-004,48,WH-SOUTH,online,201.6,,,False,0,0,0,0,0,0,0,0,0,0,,,6,6,2,1,1,0,0,49.0,54.0,49.0,63.0,55.0,54.0,4.898979485566287,55.42857142857143,4.734720944003229,63.2,11.591911567688195,46.0,83.0,-1.0,-1.0,-1.4285714285714306,-9.200000000000003,0.0,-6.0,0.0,19.0,0,0.0,variable,0.5072057155713185,0.0,0.1878453038674033,high
2026-02-09,SKU-SUP-004,51,WH-SOUTH,retail,214.2,,,False,0,0,0,0,0,0,0,0,0,0,,,0,7,2,1,0,0,0,48.0,51.0,54.0,54.0,47.0,53.857142857142854,5.080307452263408,54.357142857142854,4.584373841265999,62.96666666666667,11.83065373578704,46.0,83.0,3.0,-3.0,-0.5,-9.109523809523814,-6.0,1.0,0.0,18.0,0,0.0,variable,0.5072057155713185,0.0,0.1878453038674033,high
2026-02-10,SKU-SUP-004,57,WH-SOUTH,retail,239.4,,,False,0,0,0,0,0,0,0,0,0,0,,,1,7,2,1,0,0,0,51.0,49.0,60.0,61.0,46.0,53.42857142857143,5.191568255583302,54.142857142857146,4.671635240916856,63.1,11.665894884160227,46.0,83.0,6.0,-3.0,-0.7142857142857153,-9.67142857142857,-9.0,5.0,0.0,17.0,0,0.0,variable,0.5072057155713185,0.0,0.1878453038674033,high
2026-02-11,SKU-SUP-004,60,WH-SOUTH,retail,252.0,,,False,0,0,0,0,0,0,0,0,0,0,,,2,7,2,1,0,0,0,57.0,48.0,61.0,60.0,75.0,53.0,4.654746681256236,53.857142857142854,4.329809781878786,63.46666666666667,11.276259263980483,48.0,83.0,3.0,-1.0,-0.8571428571428541,-10.466666666666669,-4.0,-18.0,0.0,16.0,0,0.0,variable,0.5072057155713185,0.0,0.1878453038674033,high
2026-02-12,SKU-SUP-004,54,WH-SOUTH,retail,226.8,,,False,0,0,0,0,0,0,0,0,0,0,,,3,7,2,1,0,0,0,60.0,51.0,54.0,55.0,82.0,52.857142857142854,4.37525509460379,53.857142857142854,4.329809781878786,62.96666666666667,11.078040824340151,48.0,83.0,-6.0,0.0,-1.0,-10.109523809523814,6.0,-22.0,0.0,15.0,0,0.0,variable,0.5072057155713185,0.0,0.1878453038674033,high
2026-02-13,SKU-SUP-004,50,WH-SOUTH,retail,210.0,,,False,0,0,0,0,0,0,0,0,0,0,,,4,7,2,1,0,0,0,54.0,57.0,51.0,54.0,79.0,52.857142857142854,4.37525509460379,53.785714285714285,4.317737502773602,62.03333333333333,10.587837307522937,48.0,83.0,-4.0,-1.0,-0.9285714285714306,-9.176190476190477,3.0,-25.0,0.0,14.0,0,0.0,variable,0.5072057155713185,0.0,0.1878453038674033,high
2026-02-14,SKU-SUP-004,49,WH-SOUTH,online,205.8,,,False,0,0,0,0,0,0,0,0,0,0,,,5,7,2,1,1,0,0,50.0,60.0,49.0,51.0,76.0,52.714285714285715,4.461475305855807,53.5,4.433265856436611,61.06666666666667,10.305449958666266,48.0,83.0,-1.0,0.0,-0.7857142857142847,-8.352380952380955,1.0,-26.0,0.0,13.0,0,0.0,variable,0.5072057155713185,0.0,0.1878453038674033,high
2026-02-15,SKU-SUP-004,49,WH-SOUTH,online,205.8,,,False,0,0,0,0,0,0,0,0,0,0,,,6,7,2,1,1,0,0,49.0,54.0,48.0,49.0,76.0,52.714285714285715,4.461475305855807,53.357142857142854,4.550691289111105,60.166666666666664,10.133874002515048,48.0,83.0,0.0,1.0,-0.6428571428571388,-7.452380952380949,1.0,-27.0,0.0,12.0,0,0.0,variable,0.5072057155713185,0.0,0.1878453038674033,high
2026-02-16,SKU-SUP-004,52,WH-SOUTH,retail,218.4,,,False,0,0,0,0,0,0,0,0,0,0,,,0,8,2,1,0,0,0,49.0,50.0,51.0,54.0,68.0,52.857142857142854,4.298393941484395,53.357142857142854,4.550691289111105,59.266666666666666,9.874849045841696,48.0,83.0,3.0,1.0,-0.5,-6.409523809523812,-2.0,-19.0,0.0,11.0,0,0.0,variable,0.5072057155713185,0.0,0.1878453038674033,high
2026-02-17,SKU-SUP-004,56,WH-SOUTH,retail,235.2,,,False,0,0,0,0,0,0,0,0,0,0,,,1,8,2,1,0,0,0,52.0,49.0,57.0,60.0,64.0,53.0,4.2426406871192,53.214285714285715,4.560340261066468,58.733333333333334,9.818818432087365,48.0,83.0,4.0,-1.0,-0.2142857142857153,-5.733333333333334,-5.0,-12.0,0.0,10.0,0,0.0,variable,0.5072057155713185,0.0,0.1878453038674033,high
2026-02-18,SKU-SUP-004,59,WH-SOUTH,retail,247.8,,,False,0,0,0,0,0,0,0,0,0,0,,,2,8,2,1,0,0,0,56.0,49.0,60.0,61.0,75.0,52.857142857142854,4.0999419275793505,52.92857142857143,4.21470476590434,58.46666666666667,9.779405994701063,48.0,83.0,3.0,-1.0,-0.0714285714285765,-5.6095238095238145,-4.0,-19.0,0.0,9.0,0,0.0,variable,0.5072057155713185,0.0,0.1878453038674033,high
2026-02-19,SKU-SUP-004,54,WH-SOUTH,retail,226.8,,,False,0,0,0,0,0,0,0,0,0,0,,,3,8,2,1,0,0,0,59.0,52.0,54.0,54.0,83.0,52.714285714285715,3.8172540616820148,52.785714285714285,3.9453686856787624,57.93333333333333,9.269651384038607,48.0,83.0,-5.0,0.0,-0.0714285714285694,-5.219047619047615,5.0,-24.0,0.0,8.0,0,0.0,variable,0.5072057155713185,0.0,0.1878453038674033,high
2026-02-20,SKU-SUP-004,48,WH-SOUTH,retail,201.6,,,False,0,0,0,0,0,0,0,0,0,0,,,4,8,2,1,0,0,0,54.0,56.0,50.0,51.0,80.0,52.714285714285715,3.8172540616820148,52.785714285714285,3.9453686856787624,56.96666666666667,7.989144934322372,48.0,80.0,-6.0,-2.0,-0.0714285714285694,-4.252380952380953,4.0,-26.0,0.0,7.0,0,0.0,variable,0.5072057155713185,0.0,0.1878453038674033,high
2026-02-21,SKU-SUP-004,46,WH-SOUTH,online,193.2,,,False,0,0,0,0,0,0,0,0,0,0,,,5,8,2,1,1,0,0,48.0,59.0,49.0,49.0,74.0,52.42857142857143,4.117326918327011,52.57142857142857,4.127101529277847,55.9,6.864953474488818,48.0,74.0,-2.0,-3.0,-0.1428571428571388,-3.471428571428568,-1.0,-26.0,0.0,6.0,0,0.0,variable,0.5072057155713185,0.0,0.1878453038674033,high
2026-02-22,SKU-SUP-004,47,WH-SOUTH,online,197.4,,,False,0,0,0,0,0,0,0,0,0,0,,,6,8,2,1,1,0,0,46.0,54.0,49.0,48.0,73.0,52.0,4.654746681256231,52.357142857142854,4.395927185950234,54.96666666666667,6.189442252925407,46.0,73.0,1.0,-2.0,-0.3571428571428541,-2.9666666666666686,-3.0,-27.0,0.0,5.0,0,0.0,variable,0.5072057155713185,0.0,0.1878453038674033,high
2026-02-23,SKU-SUP-004,49,WH-SOUTH,retail,205.8,,,False,0,0,0,0,0,0,0,0,0,0,,,0,9,2,1,0,0,0,47.0,48.0,52.0,51.0,67.0,51.714285714285715,4.923220007078137,52.285714285714285,4.4795015421288324,54.1,5.3391850081940015,46.0,67.0,2.0,-3.0,-0.5714285714285694,-2.385714285714286,-5.0,-20.0,0.0,4.0,0,0.0,variable,0.5072057155713185,0.0,0.1878453038674033,high
2026-02-24,SKU-SUP-004,52,WH-SOUTH,retail,218.4,,,False,0,0,0,0,0,0,0,0,0,0,,,1,9,2,1,0,0,0,49.0,46.0,56.0,57.0,63.0,51.285714285714285,5.023753102820084,52.142857142857146,4.554915229425602,53.5,4.8262929302183135,46.0,63.0,3.0,-4.0,-0.8571428571428612,-2.2142857142857153,-7.0,-14.0,0.0,3.0,0,0.0,variable,0.5072057155713185,0.0,0.1878453038674033,high
2026-02-25,SKU-SUP-004,56,WH-SOUTH,retail,235.2,,,False,0,0,0,0,0,0,0,0,0,0,,,2,9,2,1,0,0,0,52.0,47.0,59.0,60.0,54.0,50.714285714285715,4.608480795022844,51.785714285714285,4.33551649710895,53.13333333333333,4.485481047767836,46.0,61.0,4.0,-3.0,-1.0714285714285694,-2.4190476190476176,-7.0,-2.0,0.0,2.0,0,0.0,variable,0.5072057155713185,0.0,0.1878453038674033,high
2026-02-26,SKU-SUP-004,53,WH-SOUTH,retail,222.6,,,False,0,0,0,0,0,0,0,0,0,0,,,3,9,2,1,0,0,0,56.0,49.0,54.0,54.0,61.0,50.285714285714285,3.7733400639346515,51.5,3.8580584993771105,53.2,4.513581038721122,46.0,61.0,-3.0,-1.0,-1.2142857142857153,-2.914285714285718,2.0,-5.0,0.0,1.0,0,0.0,variable,0.5072057155713185,0.0,0.1878453038674033,high
2026-02-27,SKU-SUP-004,46,WH-SOUTH,retail,193.2,,,False,0,0,0,0,0,0,0,0,0,0,,,4,9,2,1,0,0,0,53.0,52.0,48.0,50.0,60.0,50.142857142857146,3.625307868699741,51.42857142857143,3.817254061682187,52.93333333333333,4.266415222475899,46.0,61.0,-7.0,-2.0,-1.2857142857142847,-2.790476190476184,5.0,-7.0,0.0,0.0,0,0.0,variable,0.5072057155713185,0.0,0.1878453038674033,high
2026-02-28,SKU-SUP-004,44,WH-SOUTH,online,184.8,,,False,0,0,0,0,0,0,0,0,0,0,,,5,9,2,1,1,0,1,46.0,56.0,46.0,49.0,55.0,49.857142857142854,3.891382420535951,51.142857142857146,4.073500533129606,52.46666666666667,4.232333124667794,46.0,61.0,-2.0,-2.0,-1.2857142857142918,-2.6095238095238145,0.0,-9.0,0.0,0.0,0,0.0,variable,0.5072057155713185,0.0,0.1878453038674033,high
2026-03-01,SKU-SUP-004,47,WH-SOUTH,online,197.4,,,False,0,0,0,0,0,0,0,0,0,0,,,6,9,3,1,1,1,0,44.0,53.0,47.0,49.0,54.0,49.57142857142857,4.276179870598682,50.785714285714285,4.475206422889691,52.1,4.474833843958207,44.0,61.0,3.0,0.0,-1.2142857142857153,-2.528571428571432,-3.0,-10.0,0.0,0.0,0,0.0,variable,0.5072057155713185,0.0,0.1878453038674033,high
2026-03-02,SKU-SUP-004,50,WH-SOUTH,retail,210.0,,,False,0,0,0,0,0,0,0,0,0,0,,,0,10,3,1,0,0,0,47.0,46.0,49.0,52.0,51.0,49.57142857142857,4.276179870598682,50.642857142857146,4.567563613419959,51.86666666666667,4.554144253869958,44.0,61.0,3.0,1.0,-1.0714285714285765,-2.2952380952380977,-2.0,-4.0,0.0,0.0,0,0.0,variable,0.5072057155713185,0.0,0.1878453038674033,high
2026-03-03,SKU-SUP-004,51,WH-SOUTH,retail,214.2,,,False,0,0,0,0,0,0,0,0,0,0,,,1,10,3,1,0,0,0,50.0,44.0,52.0,56.0,49.0,49.714285714285715,4.27060829836855,50.5,4.553105449116006,51.833333333333336,4.564354645876305,44.0,61.0,1.0,-1.0,-0.7857142857142847,-2.1190476190476204,-2.0,1.0,0.0,0.0,0,0.0,variable,0.5072057155713185,0.0,0.1878453038674033,high
2026-03-04,SKU-SUP-004,55,WH-SOUTH,retail,231.0,,,False,0,0,0,0,0,0,0,0,0,0,,,2,10,3,1,0,0,0,51.0,47.0,56.0,59.0,54.0,49.57142857142857,4.197504927816844,50.142857142857146,4.2761798705988685,51.9,4.536062396943499,44.0,61.0,4.0,-1.0,-0.5714285714285765,-2.328571428571429,-5.0,-3.0,0.0,0.0,0,0.0,variable,0.5072057155713185,0.0,0.1878453038674033,high
2026-03-05,SKU-SUP-004,53,WH-SOUTH,retail,222.6,,,False,0,0,0,0,0,0,0,0,0,0,,,3,10,3,1,0,0,0,55.0,50.0,53.0,54.0,60.0,49.42857142857143,3.9520940802372957,49.857142857142854,3.7387192965001623,51.93333333333333,4.555658348527141,44.0,61.0,-2.0,0.0,-0.4285714285714235,-2.5047619047618994,2.0,-5.0,0.0,0.0,0,0.0,variable,0.5072057155713185,0.0,0.1878453038674033,high
2026-03-06,SKU-SUP-004,45,WH-SOUTH,retail,189.0,,,False,0,0,0,0,0,0,0,0,0,0,,,4,10,3,1,0,0,0,53.0,51.0,46.0,48.0,61.0,49.42857142857143,3.9520940802372957,49.785714285714285,3.662251754329378,51.7,4.300360850937411,44.0,61.0,-8.0,-1.0,-0.3571428571428541,-2.2714285714285722,7.0,-8.0,0.0,0.0,0,0.0,variable,0.5072057155713185,0.0,0.1878453038674033,high
2026-03-07,SKU-SUP-004,41,WH-SOUTH,online,172.2,,,False,0,0,0,0,0,0,0,0,0,0,,,5,10,3,1,1,0,0,45.0,55.0,44.0,46.0,54.0,49.285714285714285,4.111540089158921,49.57142857142857,3.857346351978468,51.166666666666664,4.094431317788976,44.0,60.0,-4.0,-3.0,-0.2857142857142847,-1.8809523809523796,1.0,-9.0,0.0,0.0,0,0.0,variable,0.5072057155713185,0.0,0.1878453038674033,high
2026-03-08,SKU-SUP-004,45,WH-SOUTH,online,189.0,,,False,0,0,0,0,0,0,0,0,0,0,,,6,10,3,1,1,0,0,41.0,53.0,47.0,47.0,51.0,48.857142857142854,4.845223470201295,49.214285714285715,4.405915104957046,50.733333333333334,4.456172266011155,41.0,60.0,4.0,-2.0,-0.3571428571428612,-1.8761904761904802,-6.0,-10.0,0.0,0.0,0,0.0,variable,0.5072057155713185,0.0,0.1878453038674033,high
2026-03-09,SKU-SUP-004,47,WH-SOUTH,retail,197.4,,,False,0,0,0,0,0,0,0,0,0,0,,,0,11,3,1,0,0,0,45.0,45.0,50.0,49.0,49.0,48.57142857142857,5.0284902590850535,49.07142857142857,4.514323967010081,50.53333333333333,4.576803080402385,41.0,60.0,2.0,-3.0,-0.5,-1.961904761904762,-5.0,-4.0,0.0,0.0,0,0.0,variable,0.5072057155713185,0.0,0.1878453038674033,high
2026-03-10,SKU-SUP-004,47,WH-SOUTH,retail,197.4,,,False,0,0,0,0,0,0,0,0,0,0,,,1,11,3,1,0,0,0,47.0,41.0,51.0,52.0,48.0,48.142857142857146,5.014265364223964,48.92857142857143,4.548275847704705,50.46666666666667,4.614320537520952,41.0,60.0,0.0,-4.0,-0.7857142857142847,-2.3238095238095227,-4.0,-1.0,0.0,0.0,0,0.0,variable,0.5072057155713185,0.0,0.1878453038674033,high
2026-03-11,SKU-SUP-004,50,WH-SOUTH,retail,210.0,,,False,0,0,0,0,0,0,0,0,0,0,,,2,11,3,1,0,0,0,47.0,45.0,55.0,56.0,51.0,47.57142857142857,4.859943170351532,48.57142857142857,4.4844052124993015,50.43333333333333,4.6363134383742555,41.0,60.0,3.0,-5.0,-1.0,-2.8619047619047606,-8.0,-4.0,0.0,0.0,0,0.0,variable,0.5072057155713185,0.0,0.1878453038674033,high
2026-03-12,SKU-SUP-004,50,WH-SOUTH,retail,210.0,,,False,0,0,0,0,0,0,0,0,0,0,,,3,11,3,1,0,0,0,50.0,47.0,53.0,53.0,57.0,46.857142857142854,3.848314411469342,48.142857142857146,3.9779612647908795,50.4,4.635693602085122,41.0,60.0,0.0,-3.0,-1.2857142857142918,-3.5428571428571445,-3.0,-7.0,0.0,0.0,0,0.0,variable,0.5072057155713185,0.0,0.1878453038674033,high
2026-03-13,SKU-SUP-004,43,WH-SOUTH,retail,180.6,,,False,0,0,0,0,0,0,0,0,0,0,,,4,11,3,1,0,0,0,50.0,47.0,45.0,46.0,60.0,46.42857142857143,3.1547394428668323,47.92857142857143,3.7716408531666388,50.166666666666664,4.465062329821894,41.0,60.0,-7.0,-2.0,-1.5,-3.7380952380952337,5.0,-10.0,0.0,0.0,0,0.0,variable,0.5072057155713185,0.0,0.1878453038674033,high
2026-03-14,SKU-SUP-004,38,WH-SOUTH,online,159.6,,,False,0,0,0,0,0,0,0,0,0,0,,,5,11,3,1,1,0,0,43.0,50.0,41.0,44.0,54.0,46.142857142857146,3.3876526498726562,47.714285714285715,3.969665194728974,49.6,4.247514486184113,41.0,59.0,-5.0,-3.0,-1.5714285714285694,-3.4571428571428555,2.0,-11.0,0.0,0.0,0,0.0,variable,0.5072057155713185,0.0,0.1878453038674033,high
2026-03-15,SKU-SUP-004,42,WH-SOUTH,online,176.4,,,False,0,0,0,0,0,0,0,0,0,0,,,6,11,3,1,1,0,0,38.0,50.0,45.0,47.0,50.0,45.714285714285715,4.23140188409948,47.285714285714285,4.6645730520855455,49.06666666666667,4.660422752270879,38.0,59.0,4.0,-3.0,-1.5714285714285694,-3.3523809523809547,-7.0,-12.0,0.0,0.0,0,0.0,variable,0.5072057155713185,0.0,0.1878453038674033,high
2026-03-16,SKU-SUP-004,47,WH-SOUTH,retail,197.4,,,False,0,0,0,0,0,0,0,0,0,0,,,0,12,3,1,0,0,0,42.0,43.0,47.0,50.0,49.0,45.285714285714285,4.461475305855743,46.92857142857143,4.874806279611242,48.8,4.830934799237281,38.0,59.0,5.0,0.0,-1.642857142857146,-3.5142857142857125,-5.0,-7.0,0.0,0.0,0,0.0,variable,0.5072057155713185,0.0,0.1878453038674033,high
2026-03-17,SKU-SUP-004,46,WH-SOUTH,retail,193.2,,,False,0,0,0,0,0,0,0,0,0,0,,,1,12,3,1,0,0,0,47.0,38.0,47.0,51.0,49.0,45.285714285714285,4.461475305855743,46.714285714285715,4.794685702839336,48.733333333333334,4.841867218431184,38.0,59.0,-1.0,-1.0,-1.4285714285714306,-3.4476190476190496,0.0,-2.0,0.0,0.0,0,0.0,variable,0.5072057155713185,0.0,0.1878453038674033,high
2026-03-18,SKU-SUP-004,48,WH-SOUTH,retail,201.6,,,False,0,0,0,0,0,0,0,0,0,0,,,2,12,3,1,0,0,0,46.0,42.0,50.0,55.0,52.0,45.142857142857146,4.413183712037054,46.357142857142854,4.634438690717891,48.63333333333333,4.86708390590561,38.0,59.0,2.0,-2.0,-1.2142857142857082,-3.490476190476187,-4.0,-6.0,0.0,0.0,0,0.0,variable,0.5072057155713185,0.0,0.1878453038674033,high
2026-03-19,SKU-SUP-004,49,WH-SOUTH,retail,205.8,,,False,0,0,0,0,0,0,0,0,0,0,,,3,12,3,1,0,0,0,48.0,47.0,50.0,53.0,56.0,44.857142857142854,4.099941927579275,45.857142857142854,3.9585767228046365,48.5,4.826292930218266,38.0,59.0,1.0,-1.0,-1.0,-3.642857142857146,-2.0,-8.0,0.0,0.0,0,0.0,variable,0.5072057155713185,0.0,0.1878453038674033,high
2026-03-20,SKU-SUP-004,43,WH-SOUTH,retail,180.6,,,False,0,0,0,0,0,0,0,0,0,0,,,4,12,3,1,0,0,0,49.0,46.0,43.0,45.0,59.0,44.714285714285715,3.903600291793958,45.57142857142857,3.5238590235115064,48.266666666666666,4.615814892999471,38.0,59.0,-6.0,0.0,-0.8571428571428541,-3.5523809523809504,6.0,-10.0,0.0,0.0,0,0.0,variable,0.5072057155713185,0.0,0.1878453038674033,high
2026-03-21,SKU-SUP-004,36,WH-SOUTH,online,151.2,,,False,0,0,0,0,0,0,0,0,0,0,,,5,12,3,1,1,0,0,43.0,48.0,38.0,41.0,54.0,44.714285714285715,3.903600291793958,45.42857142857143,3.5887492081673718,47.733333333333334,4.242098808237434,38.0,56.0,-7.0,-2.0,-0.7142857142857153,-3.019047619047619,5.0,-11.0,0.0,0.0,0,0.0,variable,0.5072057155713185,0.0,0.1878453038674033,high
2026-03-22,SKU-SUP-004,39,WH-SOUTH,online,163.8,,,False,0,0,0,0,0,0,0,0,0,0,,,6,12,3,1,1,0,0,36.0,49.0,42.0,45.0,48.0,44.42857142857143,4.503966505838259,45.07142857142857,4.25105029039056,47.13333333333333,4.584331134857277,36.0,56.0,3.0,-3.0,-0.6428571428571388,-2.7047619047619023,-6.0,-12.0,0.0,0.0,0,0.0,variable,0.5072057155713185,0.0,0.1878453038674033,high
2026-03-23,SKU-SUP-004,45,WH-SOUTH,retail,189.0,,,False,0,0,0,0,0,0,0,0,0,0,,,0,13,3,1,0,0,0,39.0,43.0,47.0,47.0,46.0,44.0,4.898979485566211,44.642857142857146,4.550691289111176,46.833333333333336,4.8143702516049816,36.0,56.0,6.0,-2.0,-0.6428571428571459,-2.8333333333333357,-8.0,-7.0,0.0,0.0,0,0.0,variable,0.5072057155713185,0.0,0.1878453038674033,high
2026-03-24,SKU-SUP-004,43,WH-SOUTH,retail,180.6,,,False,0,0,0,0,0,0,0,0,0,0,,,1,13,3,1,0,0,0,45.0,36.0,46.0,47.0,47.0,43.714285714285715,4.750939756661531,44.5,4.502136245076543,46.8,4.823791612128384,36.0,56.0,-2.0,-3.0,-0.7857142857142847,-3.085714285714282,-1.0,-2.0,0.0,0.0,0,0.0,variable,0.5072057155713185,0.0,0.1878453038674033,high
2026-03-25,SKU-SUP-004,43,WH-SOUTH,retail,180.6,,,False,0,0,0,0,0,0,0,0,0,0,,,2,13,3,1,0,0,0,43.0,39.0,48.0,50.0,49.0,43.285714285714285,4.644505202002372,44.214285714285715,4.457984564085832,46.666666666666664,4.873102342120507,36.0,56.0,0.0,-5.0,-0.9285714285714306,-3.3809523809523796,-5.0,-6.0,0.0,0.0,0,0.0,variable,0.5072057155713185,0.0,0.1878453038674033,high
2026-03-26,SKU-SUP-004,44,WH-SOUTH,retail,184.8,,,False,0,0,0,0,0,0,0,0,0,0,,,3,13,3,1,0,0,0,43.0,45.0,49.0,50.0,52.0,42.57142857142857,4.157609203101314,43.714285714285715,4.140393356054273,46.46666666666667,4.897102122214835,36.0,56.0,1.0,-5.0,-1.142857142857146,-3.895238095238099,-6.0,-9.0,0.0,0.0,0,0.0,variable,0.5072057155713185,0.0,0.1878453038674033,high
2026-03-27,SKU-SUP-004,40,WH-SOUTH,retail,168.0,,,False,0,0,0,0,0,0,0,0,0,0,,,4,13,3,1,0,0,0,44.0,43.0,43.0,43.0,56.0,41.857142857142854,3.1847852585151704,43.285714285714285,3.729891139442165,46.2,4.8022983003470285,36.0,56.0,-4.0,-3.0,-1.4285714285714306,-4.342857142857149,1.0,-12.0,0.0,0.0,0,0.0,variable,0.5072057155713185,0.0,0.1878453038674033,high
2026-03-28,SKU-SUP-004,33,WH-SOUTH,online,138.6,,,False,0,0,0,0,0,0,0,0,0,0,,,5,13,3,1,1,0,0,40.0,43.0,36.0,38.0,53.0,41.42857142857143,3.207134902948837,43.07142857142857,3.8323378226370477,45.666666666666664,4.558685029194379,36.0,55.0,-7.0,-3.0,-1.6428571428571388,-4.238095238095234,4.0,-13.0,0.0,0.0,0,0.0,variable,0.5072057155713185,0.0,0.1878453038674033,high
2026-03-29,SKU-SUP-004,36,WH-SOUTH,online,151.2,,,False,0,0,0,0,0,0,0,0,0,0,,,6,13,3,1,1,0,0,33.0,44.0,39.0,42.0,46.0,41.0,4.123105625617456,42.714285714285715,4.513715362495478,45.0,4.898979485566212,33.0,55.0,3.0,-3.0,-1.7142857142857153,-4.0,-6.0,-13.0,0.0,0.0,0,0.0,variable,0.5072057155713185,0.0,0.1878453038674033,high
2026-03-30,SKU-SUP-004,42,WH-SOUTH,retail,176.4,,,False,0,0,0,0,0,0,0,0,0,0,,,0,14,3,1,0,0,0,36.0,40.0,45.0,47.0,44.0,40.57142857142857,4.503966505838222,42.285714285714285,4.858435509955539,44.666666666666664,5.161751462528788,33.0,55.0,6.0,-3.0,-1.7142857142857153,-4.095238095238095,-9.0,-8.0,0.0,0.0,0,0.0,variable,0.5072057155713185,0.0,0.1878453038674033,high
2026-03-31,SKU-SUP-004,42,WH-SOUTH,retail,176.4,,,False,0,0,0,0,0,0,0,0,0,0,,,1,14,3,1,0,0,1,42.0,33.0,43.0,46.0,47.0,40.142857142857146,4.140393356053913,41.92857142857143,4.6651619761523415,44.6,5.183528288457575,33.0,55.0,0.0,-1.0,-1.7857142857142847,-4.4571428571428555,-1.0,-5.0,0.0,0.0,0,0.0,variable,0.5072057155713185,0.0,0.1878453038674033,high
2026-04-01,SKU-SUP-004,41,WH-SOUTH,retail,172.2,,,False,1,1,1,0,0,0,1,0,0,0,Easter Holiday,holiday,2,14,4,2,0,1,0,42.0,36.0,43.0,48.0,50.0,40.0,4.041451884327161,41.642857142857146,4.516757565012792,44.43333333333333,5.184082623152979,33.0,55.0,-1.0,-2.0,-1.642857142857146,-4.43333333333333,-1.0,-8.0,0.0,0.0,0,0.0,variable,0.5072057155713185,0.0,0.1878453038674033,high
2026-04-02,SKU-SUP-004,42,WH-SOUTH,retail,176.4,,,False,1,1,1,0,0,0,1,0,0,0,Easter Holiday,holiday,3,14,4,2,0,0,0,41.0,42.0,44.0,49.0,51.0,39.714285714285715,3.860668582611062,41.142857142857146,4.129763317061462,44.13333333333333,5.110727954986798,33.0,55.0,1.0,-2.0,-1.4285714285714306,-4.419047619047618,-3.0,-10.0,1.0,1.0,0,0.0,variable,0.5072057155713185,0.0,0.1878453038674033,high
2026-04-03,SKU-SUP-004,40,WH-SOUTH,retail,168.0,,,False,1,1,1,0,0,0,1,0,0,0,Easter Holiday,holiday,4,14,4,2,0,0,0,42.0,42.0,40.0,43.0,55.0,39.42857142857143,3.552329886010841,40.642857142857146,3.477557561480193,43.833333333333336,4.9555495421160165,33.0,55.0,-2.0,0.0,-1.2142857142857153,-4.404761904761905,2.0,-13.0,2.0,2.0,0,0.0,variable,0.5072057155713185,0.0,0.1878453038674033,high
2026-04-04,SKU-SUP-004,32,WH-SOUTH,online,134.4,,,False,1,1,1,0,0,0,1,0,0,0,Easter Holiday,holiday,5,14,4,2,1,0,0,40.0,41.0,33.0,36.0,53.0,39.42857142857143,3.552329886010841,40.42857142857143,3.4129681581217746,43.333333333333336,4.52832718853609,33.0,53.0,-8.0,-1.0,-1.0,-3.904761904761905,7.0,-13.0,3.0,3.0,0,0.0,variable,0.5072057155713185,0.0,0.1878453038674033,high
2026-04-05,SKU-SUP-004,40,WH-SOUTH,online,168.0,,,False,1,1,0,1,0,0,1,0,0,0,Easter Holiday,holiday,6,14,4,2,1,0,0,32.0,42.0,36.0,39.0,45.0,39.285714285714285,3.8606685826110567,40.142857142857146,3.9390967894283873,42.63333333333333,4.60496982904721,32.0,50.0,8.0,4.0,-0.8571428571428612,-3.347619047619048,-4.0,-13.0,4.0,4.0,0,0.0,variable,0.5072057155713185,0.0,0.1878453038674033,high
2026-04-06,SKU-SUP-004,40,WH-SOUTH,retail,168.0,,,False,1,1,0,0,1,0,1,0,0,0,Easter Holiday,holiday,0,15,4,2,0,0,0,40.0,40.0,42.0,45.0,41.0,39.857142857142854,3.579039509354712,40.214285714285715,3.9258232145741636,42.46666666666667,4.606841489105677,32.0,50.0,0.0,-2.0,-0.3571428571428612,-2.6095238095238145,-2.0,-1.0,5.0,5.0,0,0.0,variable,0.5072057155713185,0.0,0.1878453038674033,high
2026-04-07,SKU-SUP-004,40,WH-SOUTH,retail,168.0,,,False,0,0,0,0,0,0,0,0,0,0,,,1,15,4,2,0,0,0,40.0,32.0,42.0,43.0,45.0,39.57142857142857,3.4572215654162433,39.857142857142854,3.676477052353931,42.43333333333333,4.621414422486486,32.0,50.0,0.0,-2.0,-0.2857142857142847,-2.8619047619047606,-2.0,-5.0,6.0,6.0,0,0.0,variable,0.5072057155713185,0.0,0.1878453038674033,high
2026-04-08,SKU-SUP-004,37,WH-SOUTH,retail,155.4,,,False,0,0,0,0,0,0,0,0,0,0,,,2,15,4,2,0,0,0,40.0,40.0,41.0,43.0,47.0,39.285714285714285,3.3022358947779713,39.642857142857146,3.5649391591993203,42.266666666666666,4.615814892999397,32.0,50.0,-3.0,-4.0,-0.3571428571428612,-2.980952380952381,-1.0,-7.0,6.0,6.0,0,0.0,variable,0.5072057155713185,0.0,0.1878453038674033,high
2026-04-09,SKU-SUP-004,37,WH-SOUTH,retail,155.4,,,False,0,0,0,0,0,0,0,0,0,0,,,3,15,4,2,0,0,0,37.0,40.0,42.0,44.0,47.0,38.714285714285715,3.3022358947779655,39.214285714285715,3.4901745918105953,41.93333333333333,4.623279425221493,32.0,50.0,0.0,-5.0,-0.5,-3.2190476190476147,-5.0,-10.0,5.0,6.0,0,0.0,variable,0.5072057155713185,0.0,0.1878453038674033,high
2026-04-10,SKU-SUP-004,36,WH-SOUTH,retail,151.2,,,False,0,0,0,0,0,0,0,0,0,0,,,4,15,4,2,0,0,0,37.0,40.0,40.0,40.0,50.0,38.0,2.99999999999968,38.714285714285715,3.2446066830163147,41.6,4.605843365057744,32.0,50.0,-1.0,-4.0,-0.7142857142857153,-3.6000000000000014,-3.0,-13.0,4.0,6.0,0,0.0,variable,0.5072057155713185,0.0,0.1878453038674033,high
2026-04-11,SKU-SUP-004,29,WH-SOUTH,online,121.8,,,False,0,0,0,0,0,0,0,0,0,0,,,5,15,4,2,1,0,0,36.0,37.0,32.0,33.0,50.0,37.42857142857143,2.9358214555803053,38.42857142857143,3.2983512364698977,41.13333333333333,4.431340836495598,32.0,50.0,-7.0,-3.0,-1.0,-3.7047619047619023,4.0,-14.0,3.0,6.0,0,0.0,variable,0.5072057155713185,0.0,0.1878453038674033,high
2026-04-12,SKU-SUP-004,28,WH-SOUTH,online,117.6,,,False,0,0,0,0,0,0,0,0,0,0,,,6,15,4,2,1,0,0,29.0,37.0,40.0,36.0,43.0,37.0,3.91578004148999,38.142857142857146,3.9195200423826138,40.43333333333333,4.636313438374133,29.0,49.0,-1.0,-12.0,-1.142857142857146,-3.43333333333333,-11.0,-14.0,2.0,6.0,0,0.0,variable,0.5072057155713185,0.0,0.1878453038674033,high
2026-04-13,SKU-SUP-004,36,WH-SOUTH,retail,151.2,,,False,0,0,0,0,0,0,0,0,0,0,,,0,16,4,2,0,0,0,28.0,36.0,40.0,42.0,38.0,35.285714285714285,4.889249625940549,37.57142857142857,4.75093975666186,39.93333333333333,5.1322733642174,28.0,49.0,8.0,-4.0,-2.2857142857142847,-4.647619047619045,-12.0,-10.0,1.0,6.0,0,0.0,variable,0.5072057155713185,0.0,0.1878453038674033,high
2026-04-14,SKU-SUP-004,38,WH-SOUTH,retail,159.6,,,False,0,0,0,0,0,0,0,0,0,0,,,1,16,4,2,0,0,0,36.0,29.0,40.0,42.0,42.0,34.714285714285715,4.461475305855648,37.142857142857146,4.588566775687892,39.86666666666667,5.171095617473668,28.0,49.0,2.0,-2.0,-2.4285714285714306,-5.152380952380952,-4.0,-6.0,0.0,6.0,0,0.0,variable,0.5072057155713185,0.0,0.1878453038674033,high
2026-04-15,SKU-SUP-004,34,WH-SOUTH,retail,142.8,,,False,0,0,0,0,0,0,0,0,0,0,,,2,16,4,2,0,0,0,38.0,28.0,37.0,41.0,47.0,34.42857142857143,4.117326918326839,36.857142857142854,4.382783500105036,39.733333333333334,5.165758170032958,28.0,49.0,-4.0,-3.0,-2.4285714285714235,-5.304761904761904,1.0,-9.0,0.0,6.0,0,0.0,variable,0.5072057155713185,0.0,0.1878453038674033,high
2026-04-16,SKU-SUP-004,34,WH-SOUTH,retail,142.8,,,False,0,0,0,0,0,0,0,0,0,0,,,3,16,4,2,0,0,0,34.0,36.0,37.0,42.0,46.0,34.0,3.9581140290123615,36.357142857142854,4.27168031894412,39.3,5.079709467662485,28.0,49.0,0.0,-3.0,-2.357142857142854,-5.299999999999997,-3.0,-12.0,0.0,6.0,0,0.0,variable,0.5072057155713185,0.0,0.1878453038674033,high
2026-04-17,SKU-SUP-004,35,WH-SOUTH,retail,147.0,,,False,0,0,0,0,0,0,0,0,0,0,,,4,16,4,2,0,0,0,34.0,38.0,36.0,40.0,48.0,33.57142857142857,3.7352886036260617,35.785714285714285,3.984171980930066,38.9,5.005858636603008,28.0,49.0,1.0,-1.0,-2.2142857142857153,-5.328571428571429,-2.0,-14.0,0.0,6.0,0,0.0,variable,0.5072057155713185,0.0,0.1878453038674033,high
2026-04-18,SKU-SUP-004,29,WH-SOUTH,online,121.8,,,False,0,0,0,0,0,0,0,0,0,0,,,5,16,4,2,1,0,0,35.0,34.0,29.0,32.0,49.0,33.42857142857143,3.64495737776343,35.42857142857143,3.797049172394831,38.46666666666667,4.746928831711195,28.0,49.0,-6.0,0.0,-2.0,-5.038095238095238,6.0,-14.0,0.0,6.0,0,0.0,variable,0.5072057155713185,0.0,0.1878453038674033,high
2026-04-19,SKU-SUP-004,27,WH-SOUTH,online,113.4,,,False,0,0,0,0,0,0,0,0,0,0,,,6,16,4,2,1,0,0,29.0,34.0,28.0,40.0,43.0,33.42857142857143,3.64495737776343,35.214285714285715,4.079565803226982,37.8,4.619299842452353,28.0,45.0,-2.0,-1.0,-1.7857142857142847,-4.371428571428567,1.0,-14.0,0.0,6.0,0,0.0,variable,0.5072057155713185,0.0,0.1878453038674033,high
2026-04-20,SKU-SUP-004,33,WH-SOUTH,retail,138.6,,,False,0,0,0,0,0,0,0,0,0,0,,,0,17,4,2,0,0,0,27.0,35.0,36.0,40.0,36.0,33.285714285714285,3.9036002917938473,34.285714285714285,4.375255094604093,37.266666666666666,4.9125689138505555,27.0,45.0,6.0,-3.0,-1.0,-3.980952380952381,-9.0,-9.0,0.0,6.0,0,0.0,variable,0.5072057155713185,0.0,0.1878453038674033,high
2026-04-21,SKU-SUP-004,36,WH-SOUTH,retail,151.2,,,False,0,0,0,0,0,0,0,0,0,0,,,1,17,4,2,0,0,0,33.0,29.0,38.0,40.0,39.0,32.857142857142854,3.7161167647857307,33.785714285714285,4.060666323279093,37.166666666666664,4.969446880574139,27.0,45.0,3.0,-2.0,-0.9285714285714306,-4.30952380952381,-5.0,-6.0,0.0,6.0,0,0.0,variable,0.5072057155713185,0.0,0.1878453038674033,high
2026-04-22,SKU-SUP-004,32,WH-SOUTH,retail,134.4,,,False,0,0,0,0,0,0,0,0,0,0,,,2,17,4,2,0,0,0,36.0,27.0,34.0,37.0,45.0,32.57142857142857,3.3094381626461455,33.5,3.7158703297739386,37.06666666666667,4.961460667386213,27.0,45.0,-4.0,-2.0,-0.9285714285714306,-4.495238095238101,2.0,-9.0,0.0,6.0,0,0.0,variable,0.5072057155713185,0.0,0.1878453038674033,high
2026-04-23,SKU-SUP-004,29,WH-SOUTH,retail,121.8,,,False,0,0,0,0,0,0,0,0,0,0,,,3,17,4,2,0,0,0,32.0,33.0,34.0,37.0,43.0,32.285714285714285,3.251373336211378,33.142857142857146,3.5918099756391473,36.63333333333333,4.810070852824602,27.0,44.0,-3.0,-5.0,-0.8571428571428612,-4.347619047619048,-2.0,-11.0,0.0,6.0,0,0.0,variable,0.5072057155713185,0.0,0.1878453038674033,high
2026-04-24,SKU-SUP-004,30,WH-SOUTH,retail,126.0,,,False,0,0,0,0,0,0,0,0,0,0,,,4,17,4,2,0,0,0,29.0,36.0,35.0,36.0,43.0,31.571428571428573,3.359421718943901,32.57142857142857,3.5672503031434113,36.166666666666664,4.850050361155485,27.0,44.0,1.0,-5.0,-0.9999999999999964,-4.595238095238091,-6.0,-14.0,0.0,6.0,0,0.0,variable,0.5072057155713185,0.0,0.1878453038674033,high
2026-04-25,SKU-SUP-004,26,WH-SOUTH,online,109.2,,,False,0,0,0,0,0,0,0,0,0,0,,,5,17,4,2,1,0,0,30.0,32.0,29.0,29.0,44.0,30.857142857142858,3.0237157840734348,32.142857142857146,3.4830831359400816,35.733333333333334,4.798946244486234,27.0,44.0,-4.0,-3.0,-1.2857142857142883,-4.876190476190477,1.0,-14.0,0.0,6.0,0,0.0,variable,0.5072057155713185,0.0,0.1878453038674033,high
2026-04-26,SKU-SUP-004,23,WH-SOUTH,online,96.6,,,False,0,0,0,0,0,0,0,0,0,0,,,6,17,4,2,1,0,0,26.0,29.0,27.0,28.0,40.0,30.428571428571427,3.505098327538324,31.928571428571427,3.7716408531668018,35.13333333333333,4.854669514184379,26.0,42.0,-3.0,-4.0,-1.5,-4.704761904761906,-1.0,-14.0,0.0,6.0,0,0.0,variable,0.5072057155713185,0.0,0.1878453038674033,high
2026-04-27,SKU-SUP-004,27,WH-SOUTH,retail,113.4,,,False,0,0,0,0,0,0,0,0,0,0,,,0,18,4,2,0,0,0,23.0,30.0,33.0,36.0,33.0,29.857142857142858,4.375255094603604,31.571428571428573,4.3626788826326806,34.56666666666667,5.243605848921872,23.0,42.0,4.0,-6.0,-1.7142857142857153,-4.709523809523812,-10.0,-10.0,0.0,6.0,0,0.0,variable,0.5072057155713185,0.0,0.1878453038674033,high
2026-04-28,SKU-SUP-004,32,WH-SOUTH,retail,134.4,,,False,0,0,0,0,0,0,0,0,0,0,,,1,18,4,2,0,0,0,27.0,26.0,36.0,38.0,36.0,29.0,4.242640687119005,30.928571428571427,4.3228246768537035,34.36666666666667,5.416980539093397,23.0,42.0,5.0,-4.0,-1.928571428571427,-5.366666666666667,-9.0,-9.0,0.0,6.0,0,0.0,variable,0.5072057155713185,0.0,0.1878453038674033,high
2026-04-29,SKU-SUP-004,29,WH-SOUTH,retail,121.8,,,False,0,0,0,0,0,0,0,0,0,0,,,2,18,4,2,0,0,0,32.0,23.0,32.0,34.0,42.0,28.428571428571427,3.3094381626461247,30.5,3.838068424451471,34.233333333333334,5.424613975354029,23.0,42.0,-3.0,-3.0,-2.071428571428573,-5.804761904761907,0.0,-10.0,0.0,6.0,0,0.0,variable,0.5072057155713185,0.0,0.1878453038674033,high
2026-04-30,SKU-SUP-004,26,WH-SOUTH,retail,109.2,,,False,0,0,0,0,0,0,0,0,0,0,,,3,18,4,2,0,0,1,29.0,27.0,29.0,34.0,42.0,28.0,2.9439202887755402,30.142857142857142,3.718087656871206,33.8,5.300618051146008,23.0,42.0,-3.0,-3.0,-2.1428571428571423,-5.799999999999997,0.0,-13.0,0.0,6.0,0,0.0,variable,0.5072057155713185,0.0,0.1878453038674033,high
2026-05-01,SKU-SUP-004,27,WH-SOUTH,retail,113.4,,,False,0,0,0,0,0,0,0,0,0,0,,,4,18,5,2,0,1,0,26.0,32.0,30.0,35.0,41.0,27.571428571428573,2.992052966171978,29.571428571428573,3.6943675572895933,33.266666666666666,5.251819608040551,23.0,42.0,1.0,-3.0,-2.0,-5.695238095238093,-4.0,-15.0,0.0,6.0,0,0.0,variable,0.5072057155713185,0.0,0.1878453038674033,high
2026-05-02,SKU-SUP-004,26,WH-SOUTH,online,109.2,,,False,0,0,0,0,0,0,0,0,0,0,,,5,18,5,2,1,0,0,27.0,29.0,26.0,29.0,42.0,27.142857142857142,2.794552524022652,29.0,3.3968311024341205,32.8,5.16219680582461,23.0,42.0,-1.0,0.0,-1.8571428571428577,-5.657142857142855,1.0,-15.0,0.0,5.0,0,0.0,variable,0.5072057155713185,0.0,0.1878453038674033,high
2026-05-03,SKU-SUP-004,22,WH-SOUTH,online,92.4,,,False,0,0,0,0,0,0,0,0,0,0,,,6,18,5,2,1,0,0,26.0,26.0,23.0,27.0,40.0,27.142857142857142,2.794552524022652,28.785714285714285,3.490174591810696,32.266666666666666,5.002987613163563,23.0,40.0,-4.0,-1.0,-1.6428571428571423,-5.123809523809523,3.0,-14.0,0.0,4.0,0,0.0,variable,0.5072057155713185,0.0,0.1878453038674033,high
2026-05-04,SKU-SUP-004,25,WH-SOUTH,retail,105.0,,,False,0,0,0,0,0,0,0,0,0,0,,,0,19,5,2,0,0,0,22.0,27.0,27.0,33.0,32.0,27.0,3.0550504633034934,28.428571428571427,3.916715376519162,31.666666666666668,5.12151198939024,22.0,40.0,3.0,-2.0,-1.428571428571427,-4.666666666666668,-5.0,-10.0,0.0,3.0,0,0.0,variable,0.5072057155713185,0.0,0.1878453038674033,high
2026-05-05,SKU-SUP-004,30,WH-SOUTH,retail,126.0,,,False,0,0,0,0,0,0,0,0,0,0,,,1,19,5,2,0,0,0,25.0,26.0,32.0,36.0,40.0,26.714285714285715,3.1471831698773824,27.857142857142858,3.7796447300925817,31.433333333333334,5.263297336325527,22.0,40.0,5.0,-2.0,-1.1428571428571423,-4.719047619047618,-7.0,-15.0,0.0,2.0,0,0.0,variable,0.5072057155713185,0.0,0.1878453038674033,high
2026-05-06,SKU-SUP-004,28,WH-SOUTH,retail,117.6,,,False,0,0,0,0,0,0,0,0,0,0,,,2,19,5,2,0,0,0,30.0,22.0,29.0,32.0,40.0,26.428571428571427,2.6367367999818425,27.428571428571427,3.0562492275110196,31.1,5.012742383854689,22.0,40.0,-2.0,-1.0,-1.0,-4.671428571428574,1.0,-10.0,0.0,1.0,0,0.0,variable,0.5072057155713185,0.0,0.1878453038674033,high
2026-05-07,SKU-SUP-004,23,WH-SOUTH,retail,96.6,,,False,0,0,0,0,0,0,0,0,0,0,,,3,19,5,2,0,0,0,28.0,25.0,26.0,29.0,40.0,26.285714285714285,2.4976179127506204,27.142857142857142,2.7695360027145437,30.7,4.749954627732125,22.0,40.0,-5.0,-3.0,-0.8571428571428577,-4.414285714285715,2.0,-12.0,0.0,0.0,0,0.0,variable,0.5072057155713185,0.0,0.1878453038674033,high
2026-05-08,SKU-SUP-004,23,WH-SOUTH,retail,96.6,,,False,0,0,0,0,0,0,0,0,0,0,,,4,19,5,2,0,0,0,23.0,30.0,27.0,30.0,37.0,25.857142857142858,2.794552524022642,26.714285714285715,2.9201836461898987,30.133333333333333,4.614320537520667,22.0,38.0,0.0,-4.0,-0.8571428571428577,-4.276190476190475,-4.0,-14.0,0.0,0.0,0,0.0,variable,0.5072057155713185,0.0,0.1878453038674033,high
2026-05-09,SKU-SUP-004,23,WH-SOUTH,online,96.6,,,False,0,0,0,0,0,0,0,0,0,0,,,5,19,5,2,1,0,0,23.0,28.0,26.0,26.0,37.0,25.285714285714285,2.9277002188451706,26.214285714285715,2.913590738077917,29.666666666666668,4.603846467775292,22.0,38.0,0.0,-3.0,-0.9285714285714306,-4.380952380952383,-3.0,-14.0,0.0,0.0,0,0.0,variable,0.5072057155713185,0.0,0.1878453038674033,high
2026-05-10,SKU-SUP-004,19,WH-SOUTH,online,79.8,,,False,0,0,0,0,0,0,0,0,0,0,,,6,19,5,2,1,0,0,23.0,23.0,22.0,23.0,36.0,24.857142857142858,3.023715784073399,26.0,3.038218101251402,29.2,4.54403739664028,22.0,38.0,-4.0,-3.0,-1.1428571428571423,-4.342857142857142,1.0,-13.0,0.0,0.0,0,0.0,variable,0.5072057155713185,0.0,0.1878453038674033,high
2026-05-11,SKU-SUP-004,20,WH-SOUTH,retail,84.0,,,False,0,0,0,0,0,0,0,0,0,0,,,0,20,5,2,0,0,0,19.0,23.0,25.0,27.0,29.0,24.428571428571427,3.6449573777633844,25.714285714285715,3.49568022275818,28.633333333333333,4.723261098255652,19.0,38.0,1.0,-5.0,-1.2857142857142883,-4.204761904761906,-6.0,-10.0,0.0,0.0,0,0.0,variable,0.5072057155713185,0.0,0.1878453038674033,high
2026-05-12,SKU-SUP-004,24,WH-SOUTH,retail,100.8,,,False,0,0,0,0,0,0,0,0,0,0,,,1,20,5,2,0,0,0,20.0,23.0,30.0,32.0,28.0,23.714285714285715,3.9880774697539807,25.214285714285715,3.786180771591251,28.333333333333332,4.978113015530946,19.0,38.0,4.0,-6.0,-1.5,-4.619047619047617,-10.0,-8.0,0.0,0.0,0,0.0,variable,0.5072057155713185,0.0,0.1878453038674033,high
2026-05-13,SKU-SUP-004,25,WH-SOUTH,retail,105.0,,,False,0,0,0,0,0,0,0,0,0,0,,,2,20,5,2,0,0,0,24.0,19.0,28.0,29.0,36.0,22.857142857142858,2.911389784310551,24.642857142857142,3.2488374928499537,28.2,5.040525424171614,19.0,38.0,1.0,-3.0,-1.7857142857142847,-5.342857142857142,-4.0,-12.0,0.0,0.0,0,0.0,variable,0.5072057155713185,0.0,0.1878453038674033,high
2026-05-14,SKU-SUP-004,20,WH-SOUTH,retail,84.0,,,False,0,0,0,0,0,0,0,0,0,0,,,3,20,5,2,0,0,0,25.0,20.0,23.0,26.0,38.0,22.428571428571427,2.1491969707416194,24.357142857142858,3.0027459959986715,27.833333333333332,4.8500503611553745,19.0,38.0,-5.0,-3.0,-1.9285714285714306,-5.404761904761905,2.0,-13.0,0.0,0.0,0,0.0,variable,0.5072057155713185,0.0,0.1878453038674033,high
2026-05-15,SKU-SUP-004,19,WH-SOUTH,retail,79.8,,,False,0,0,0,0,0,0,0,0,0,0,,,4,20,5,2,0,0,0,20.0,24.0,23.0,27.0,34.0,22.0,2.309401076757921,23.928571428571427,3.173551413075127,27.233333333333334,4.658572619437298,19.0,36.0,-1.0,-4.0,-1.928571428571427,-5.233333333333334,-3.0,-14.0,0.0,0.0,0,0.0,variable,0.5072057155713185,0.0,0.1878453038674033,high
2026-05-16,SKU-SUP-004,21,WH-SOUTH,online,88.2,,,False,0,0,0,0,0,0,0,0,0,0,,,5,20,5,2,1,0,0,19.0,25.0,23.0,26.0,34.0,21.428571428571427,2.507132682111493,23.357142857142858,3.2958515383190377,26.733333333333334,4.711931541371419,19.0,36.0,2.0,-2.0,-1.9285714285714306,-5.304761904761907,-4.0,-15.0,0.0,0.0,0,0.0,variable,0.5072057155713185,0.0,0.1878453038674033,high
2026-05-17,SKU-SUP-004,19,WH-SOUTH,online,79.8,,,False,0,0,0,0,0,0,0,0,0,0,,,6,20,5,2,1,0,0,21.0,20.0,19.0,22.0,35.0,21.142857142857142,2.410295378064912,23.0,3.2581259360846135,26.3,4.617433232345486,19.0,36.0,-2.0,0.0,-1.8571428571428577,-5.157142857142858,2.0,-14.0,0.0,0.0,0,0.0,variable,0.5072057155713185,0.0,0.1878453038674033,high
2026-05-18,SKU-SUP-004,19,WH-SOUTH,retail,79.8,,,False,0,0,0,0,0,0,0,0,0,0,,,0,21,5,2,0,0,0,19.0,19.0,20.0,25.0,29.0,21.142857142857142,2.410295378064912,22.785714285714285,3.423416454330799,25.766666666666666,4.500446976523749,19.0,36.0,0.0,-1.0,-1.6428571428571423,-4.623809523809523,-1.0,-10.0,0.0,0.0,0,0.0,variable,0.5072057155713185,0.0,0.1878453038674033,high
2026-05-19,SKU-SUP-004,22,WH-SOUTH,retail,92.4,,,False,0,0,0,0,0,0,0,0,0,0,,,1,21,5,2,0,0,0,19.0,21.0,24.0,30.0,27.0,21.0,2.516611478423039,22.357142857142858,3.4996075133156603,25.433333333333334,4.621414422486236,19.0,36.0,3.0,-2.0,-1.3571428571428577,-4.433333333333334,-5.0,-8.0,0.0,0.0,0,0.0,variable,0.5072057155713185,0.0,0.1878453038674033,high
2026-05-20,SKU-SUP-004,24,WH-SOUTH,retail,100.8,,,False,1,1,1,0,0,0,1,0,0,0,Memorial Day,holiday,2,21,5,2,0,0,0,22.0,19.0,25.0,28.0,33.0,20.714285714285715,2.214669705567661,21.785714285714285,2.7225149975878233,25.266666666666666,4.653017807040892,19.0,36.0,2.0,-1.0,-1.0714285714285694,-4.55238095238095,-3.0,-11.0,0.0,0.0,0,0.0,variable,0.5072057155713185,0.0,0.1878453038674033,high
2026-05-21,SKU-SUP-004,19,WH-SOUTH,retail,79.8,,,False,1,1,1,0,0,0,1,0,0,0,Memorial Day,holiday,3,21,5,2,0,0,0,24.0,19.0,20.0,23.0,36.0,20.571428571428573,1.902379462421958,21.5,2.1750331562465814,24.966666666666665,4.42160318353418,19.0,36.0,-5.0,-1.0,-0.928571428571427,-4.395238095238092,4.0,-12.0,1.0,1.0,0,0.0,variable,0.5072057155713185,0.0,0.1878453038674033,high
2026-05-22,SKU-SUP-004,16,WH-SOUTH,retail,67.2,,,False,1,1,1,0,0,0,1,0,0,0,Memorial Day,holiday,4,21,5,2,0,0,0,19.0,22.0,19.0,23.0,32.0,20.428571428571427,1.988059594775314,21.214285714285715,2.22498302253123,24.4,4.030915015485295,19.0,32.0,-3.0,-3.0,-0.7857142857142883,-3.9714285714285715,0.0,-13.0,2.0,2.0,0,0.0,variable,0.5072057155713185,0.0,0.1878453038674033,high
2026-05-23,SKU-SUP-004,18,WH-SOUTH,online,75.6,,,False,1,1,1,0,0,0,1,0,0,0,Memorial Day,holiday,5,21,5,2,1,0,0,16.0,24.0,21.0,23.0,29.0,20.0,2.581988897471071,20.714285714285715,2.5548918817584676,23.866666666666667,4.049123645783907,16.0,32.0,2.0,-3.0,-0.7142857142857153,-3.866666666666667,-5.0,-13.0,3.0,3.0,0,0.0,variable,0.5072057155713185,0.0,0.1878453038674033,high
2026-05-24,SKU-SUP-004,17,WH-SOUTH,online,71.4,,,False,1,1,1,0,0,0,1,0,0,0,Memorial Day,holiday,6,21,5,2,1,0,0,18.0,19.0,19.0,19.0,30.0,19.571428571428573,2.636736799981777,20.357142857142858,2.560262692566503,23.5,4.066261521178443,16.0,32.0,-1.0,-2.0,-0.7857142857142847,-3.928571428571427,-1.0,-12.0,4.0,4.0,0,0.0,variable,0.5072057155713185,0.0,0.1878453038674033,high
2026-05-25,SKU-SUP-004,20,WH-SOUTH,retail,84.0,,,False,1,1,0,1,0,0,1,0,0,0,Memorial Day,holiday,0,22,5,2,0,0,0,17.0,16.0,19.0,20.0,26.0,19.285714285714285,2.8115408417376897,20.214285714285715,2.694112424945291,23.066666666666666,4.042305021278473,16.0,32.0,3.0,1.0,-0.9285714285714306,-3.7809523809523817,-2.0,-9.0,5.0,5.0,0,0.0,variable,0.5072057155713185,0.0,0.1878453038674033,high
2026-05-26,SKU-SUP-004,17,WH-SOUTH,retail,71.4,,,False,1,1,0,0,1,0,1,0,0,0,Memorial Day,holiday,1,22,5,2,0,0,0,20.0,18.0,22.0,24.0,23.0,19.428571428571427,2.819996622760058,20.214285714285715,2.694112424945291,22.866666666666667,4.040598567242836,16.0,32.0,-3.0,-5.0,-0.7857142857142883,-3.43809523809524,-2.0,-3.0,6.0,6.0,0,0.0,variable,0.5072057155713185,0.0,0.1878453038674033,high
2026-05-27,SKU-SUP-004,20,WH-SOUTH,retail,84.0,,,False,0,0,0,0,0,0,0,0,0,0,,,2,22,5,2,0,0,0,17.0,17.0,24.0,25.0,27.0,18.714285714285715,2.6903708365376655,19.714285714285715,2.5848246906360126,22.666666666666668,4.179864156621806,16.0,32.0,3.0,-4.0,-1.0,-3.9523809523809526,-7.0,-10.0,7.0,7.0,0,0.0,variable,0.5072057155713185,0.0,0.1878453038674033,high
2026-05-28,SKU-SUP-004,16,WH-SOUTH,retail,67.2,,,False,0,0,0,0,0,0,0,0,0,0,,,3,22,5,2,0,0,0,20.0,20.0,19.0,20.0,32.0,18.142857142857142,1.5735915849379674,19.357142857142858,2.097879620259896,22.433333333333334,4.124638611824862,16.0,32.0,-4.0,-3.0,-1.2142857142857153,-4.290476190476191,1.0,-12.0,6.0,7.0,0,0.0,variable,0.5072057155713185,0.0,0.1878453038674033,high
2026-05-29,SKU-SUP-004,13,WH-SOUTH,retail,54.6,,,False,0,0,0,0,0,0,0,0,0,0,,,4,22,5,2,0,0,0,16.0,17.0,16.0,19.0,29.0,17.714285714285715,1.7043362064918388,19.071428571428573,2.2689979392574546,21.9,3.871647604368111,16.0,30.0,-3.0,-3.0,-1.3571428571428577,-4.185714285714283,0.0,-13.0,5.0,7.0,0,0.0,variable,0.5072057155713185,0.0,0.1878453038674033,high
2026-05-30,SKU-SUP-004,14,WH-SOUTH,online,58.8,,,False,0,0,0,0,0,0,0,0,0,0,,,5,22,5,2,1,0,0,13.0,20.0,18.0,21.0,26.0,17.285714285714285,2.4299715851752195,18.642857142857142,2.790289283518331,21.366666666666667,3.9608718417946713,13.0,30.0,1.0,-4.0,-1.3571428571428577,-4.080952380952382,-5.0,-13.0,4.0,7.0,0,0.0,variable,0.5072057155713185,0.0,0.1878453038674033,high
2026-05-31,SKU-SUP-004,16,WH-SOUTH,online,67.2,,,False,0,0,0,0,0,0,0,0,0,0,,,6,22,5,2,1,0,1,14.0,16.0,17.0,19.0,27.0,16.714285714285715,2.6903708365376455,18.142857142857142,2.957575484625158,20.966666666666665,4.080934082841963,13.0,30.0,2.0,-1.0,-1.428571428571427,-4.25238095238095,-3.0,-13.0,3.0,7.0,0,0.0,variable,0.5072057155713185,0.0,0.1878453038674033,high
2026-06-01,SKU-SUP-004,14,WH-SOUTH,retail,58.8,,,False,0,0,0,0,0,0,0,0,0,0,,,0,23,6,2,0,1,0,16.0,13.0,20.0,19.0,26.0,16.571428571428573,2.699206232526761,17.928571428571427,2.9990841092754468,20.6,4.013769403887271,13.0,30.0,-2.0,-6.0,-1.357142857142854,-4.0285714285714285,-4.0,-10.0,2.0,7.0,0,0.0,variable,0.5072057155713185,0.0,0.1878453038674033,high
2026-06-02,SKU-SUP-004,15,WH-SOUTH,retail,63.0,,,False,0,0,0,0,0,0,0,0,0,0,,,1,23,6,2,0,0,0,14.0,14.0,17.0,22.0,22.0,15.714285714285714,2.36038737740769,17.571428571428573,3.1553199451160236,20.2,4.0547970738793015,13.0,30.0,1.0,-2.0,-1.8571428571428594,-4.485714285714286,-3.0,-8.0,1.0,7.0,0,0.0,variable,0.5072057155713185,0.0,0.1878453038674033,high
2026-06-03,SKU-SUP-004,18,WH-SOUTH,retail,75.6,,,False,0,0,0,0,0,0,0,0,0,0,,,2,23,6,2,0,0,0,15.0,16.0,20.0,24.0,25.0,15.428571428571429,2.29906813420378,17.071428571428573,2.9473400188672247,19.966666666666665,4.147981090413994,13.0,30.0,3.0,-2.0,-1.6428571428571441,-4.538095238095236,-5.0,-10.0,0.0,7.0,0,0.0,variable,0.5072057155713185,0.0,0.1878453038674033,high
2026-06-04,SKU-SUP-004,16,WH-SOUTH,retail,67.2,,,False,0,0,0,0,0,0,0,0,0,0,,,3,23,6,2,0,0,0,18.0,14.0,16.0,19.0,30.0,15.142857142857142,1.6761634196941424,16.642857142857142,2.20513885336966,19.733333333333334,4.050826508540461,13.0,30.0,-2.0,0.0,-1.5,-4.590476190476192,2.0,-12.0,0.0,7.0,0,0.0,variable,0.5072057155713185,0.0,0.1878453038674033,high
2026-06-05,SKU-SUP-004,12,WH-SOUTH,retail,50.4,,,False,0,0,0,0,0,0,0,0,0,0,,,4,23,6,2,0,0,0,16.0,15.0,13.0,16.0,28.0,15.142857142857142,1.6761634196941424,16.428571428571427,2.101804562176401,19.266666666666666,3.609693208219565,13.0,28.0,-4.0,-1.0,-1.2857142857142847,-4.123809523809523,3.0,-12.0,0.0,7.0,0,0.0,variable,0.5072057155713185,0.0,0.1878453038674033,high
2026-06-06,SKU-SUP-004,12,WH-SOUTH,online,50.4,,,False,0,0,0,0,0,0,0,0,0,0,,,5,23,6,2,1,0,0,12.0,18.0,14.0,18.0,23.0,15.0,1.9148542155118786,16.142857142857142,2.413332928582163,18.733333333333334,3.4534673563831917,12.0,25.0,0.0,-2.0,-1.1428571428571423,-3.7333333333333343,-2.0,-11.0,0.0,7.0,0,0.0,variable,0.5072057155713185,0.0,0.1878453038674033,high
2026-06-07,SKU-SUP-004,14,WH-SOUTH,online,58.8,,,False,0,0,0,0,0,0,0,0,0,0,,,6,23,6,2,1,0,0,12.0,16.0,16.0,17.0,23.0,14.714285714285714,2.2146697055675904,15.714285714285714,2.584824690636069,18.366666666666667,3.566929843120297,12.0,25.0,2.0,-2.0,-1.0,-3.6523809523809536,-4.0,-11.0,0.0,7.0,0,0.0,variable,0.5072057155713185,0.0,0.1878453038674033,high
2026-06-08,SKU-SUP-004,12,WH-SOUTH,retail,50.4,,,False,0,0,0,0,0,0,0,0,0,0,,,0,24,6,2,0,0,0,14.0,12.0,14.0,20.0,23.0,14.428571428571429,2.1491969707415226,15.5,2.594372608314468,18.066666666666666,3.5421923206930233,12.0,25.0,-2.0,-2.0,-1.0714285714285712,-3.6380952380952376,0.0,-9.0,0.0,7.0,0,0.0,variable,0.5072057155713185,0.0,0.1878453038674033,high
2026-06-09,SKU-SUP-004,11,WH-SOUTH,retail,46.2,,,False,0,0,0,0,0,0,0,0,0,0,,,1,24,6,2,0,0,0,12.0,12.0,15.0,17.0,19.0,14.142857142857142,2.3401261667242177,14.928571428571429,2.4007782620932514,17.7,3.583005865816818,12.0,25.0,-1.0,-4.0,-0.7857142857142865,-3.557142857142857,-3.0,-7.0,0.0,7.0,0,0.0,variable,0.5072057155713185,0.0,0.1878453038674033,high
2026-06-10,SKU-SUP-004,14,WH-SOUTH,retail,58.8,,,False,0,0,0,0,0,0,0,0,0,0,,,2,24,6,2,0,0,0,11.0,14.0,18.0,20.0,20.0,13.571428571428571,2.5727509827117934,14.5,2.5343790014676544,17.433333333333334,3.7754500378763685,11.0,25.0,3.0,-4.0,-0.9285714285714288,-3.8619047619047624,-7.0,-9.0,0.0,7.0,0,0.0,variable,0.5072057155713185,0.0,0.1878453038674033,high
2026-06-11,SKU-SUP-004,13,WH-SOUTH,retail,54.6,,,False,0,0,0,0,0,0,0,0,0,0,,,3,24,6,2,0,0,0,14.0,12.0,16.0,16.0,24.0,13.0,1.7320508075679686,14.071428571428571,1.9792883614030858,17.233333333333334,3.793672893514068,11.0,25.0,-1.0,-3.0,-1.0714285714285712,-4.233333333333334,-2.0,-10.0,0.0,7.0,0,0.0,variable,0.5072057155713185,0.0,0.1878453038674033,high
2026-06-12,SKU-SUP-004,9,WH-SOUTH,retail,37.8,,,False,0,0,0,0,0,0,0,0,0,0,,,4,24,6,2,0,0,0,13.0,11.0,12.0,13.0,25.0,12.571428571428571,1.1338934190262848,13.857142857142858,1.9158104473911246,16.866666666666667,3.6458132183346077,11.0,25.0,-4.0,-3.0,-1.2857142857142865,-4.295238095238096,1.0,-12.0,0.0,7.0,0,0.0,variable,0.5072057155713185,0.0,0.1878453038674033,high
2026-06-13,SKU-SUP-004,8,WH-SOUTH,online,33.6,,,False,0,0,0,0,0,0,0,0,0,0,,,5,24,6,2,1,0,0,9.0,14.0,12.0,14.0,20.0,12.142857142857142,1.7728105208549376,13.571428571428571,2.3109866595596507,16.333333333333332,3.584769827009602,9.0,24.0,-1.0,-4.0,-1.4285714285714288,-4.19047619047619,-3.0,-11.0,0.0,7.0,0,0.0,variable,0.5072057155713185,0.0,0.1878453038674033,high
2026-06-14,SKU-SUP-004,12,WH-SOUTH,online,50.4,,,False,0,0,0,0,0,0,0,0,0,0,,,6,24,6,2,1,0,0,8.0,13.0,14.0,16.0,19.0,11.571428571428571,2.3704530408857303,13.142857142857142,2.74162060039074,15.933333333333334,3.82309978342414,8.0,24.0,4.0,-2.0,-1.5714285714285712,-4.361904761904762,-6.0,-11.0,0.0,7.0,0,0.0,variable,0.5072057155713185,0.0,0.1878453038674033,high
2026-06-15,SKU-SUP-004,12,WH-SOUTH,retail,50.4,,,False,0,0,0,0,0,0,0,0,0,0,,,0,25,6,2,0,0,0,12.0,9.0,12.0,14.0,21.0,11.285714285714286,2.13808993529864,12.857142857142858,2.6269942712351484,15.7,3.843041180788473,8.0,24.0,0.0,0.0,-1.5714285714285712,-4.414285714285713,0.0,-9.0,0.0,7.0,0,0.0,variable,0.5072057155713185,0.0,0.1878453038674033,high
2026-06-16,SKU-SUP-004,10,WH-SOUTH,retail,42.0,,,False,0,0,0,0,0,0,0,0,0,0,,,1,25,6,2,0,0,0,12.0,8.0,11.0,15.0,19.0,11.285714285714286,2.13808993529864,12.714285714285714,2.6144148169654016,15.4,3.7655425033880876,8.0,24.0,-2.0,-1.0,-1.428571428571427,-4.114285714285714,1.0,-7.0,0.0,7.0,0,0.0,variable,0.5072057155713185,0.0,0.1878453038674033,high
2026-06-17,SKU-SUP-004,12,WH-SOUTH,retail,50.4,,,False,0,0,0,0,0,0,0,0,0,0,,,2,25,6,2,0,0,0,10.0,12.0,14.0,18.0,19.0,11.142857142857142,2.1930626551743972,12.357142857142858,2.6196635972278552,15.1,3.8268560968765857,8.0,24.0,2.0,-2.0,-1.2142857142857153,-3.9571428571428573,-4.0,-9.0,0.0,7.0,0,0.0,variable,0.5072057155713185,0.0,0.1878453038674033,high
2026-06-18,SKU-SUP-004,14,WH-SOUTH,retail,58.8,,,False,0,0,0,0,0,0,0,0,0,0,,,3,25,6,2,0,0,0,12.0,12.0,13.0,16.0,22.0,10.857142857142858,1.864454471470738,11.928571428571429,2.05554730553159,14.866666666666667,3.7941273435198695,8.0,24.0,2.0,1.0,-1.0714285714285712,-4.0095238095238095,-1.0,-10.0,0.0,7.0,0,0.0,variable,0.5072057155713185,0.0,0.1878453038674033,high
2026-06-19,SKU-SUP-004,10,WH-SOUTH,retail,42.0,,,False,0,0,0,0,0,0,0,0,0,0,,,4,25,6,2,0,0,0,14.0,10.0,9.0,12.0,24.0,11.0,2.0816659994653546,11.785714285714286,1.8050600428365873,14.6,3.5486762952219792,8.0,24.0,-4.0,1.0,-0.7857142857142865,-3.5999999999999996,5.0,-10.0,0.0,7.0,0,0.0,variable,0.5072057155713185,0.0,0.1878453038674033,high
2026-06-20,SKU-SUP-004,7,WH-SOUTH,online,29.4,,,False,0,0,0,0,0,0,0,0,0,0,,,5,25,6,2,1,0,0,10.0,12.0,8.0,12.0,19.0,11.142857142857142,1.9518001458962382,11.642857142857142,1.8649455697219297,14.133333333333333,3.1702641392537223,8.0,20.0,-3.0,-1.0,-0.5,-2.9904761904761905,2.0,-9.0,0.0,6.0,0,0.0,variable,0.5072057155713185,0.0,0.1878453038674033,high
2026-06-21,SKU-SUP-004,10,WH-SOUTH,online,42.0,,,False,0,0,0,0,0,0,0,0,0,0,,,6,25,6,2,1,0,0,7.0,14.0,12.0,14.0,16.0,11.0,2.2360679774990655,11.285714285714286,2.2336094083376548,13.733333333333333,3.2898310755632334,7.0,20.0,3.0,-2.0,-0.2857142857142865,-2.7333333333333325,-5.0,-9.0,0.0,5.0,0,0.0,variable,0.5072057155713185,0.0,0.1878453038674033,high
2026-06-22,SKU-SUP-004,11,WH-SOUTH,retail,46.2,,,False,0,0,0,0,0,0,0,0,0,0,,,0,26,6,2,0,0,0,10.0,10.0,12.0,12.0,18.0,10.714285714285714,2.2146697055675486,11.0,2.112235418115599,13.533333333333333,3.329422993742122,7.0,20.0,1.0,-1.0,-0.2857142857142865,-2.8190476190476197,-2.0,-8.0,0.0,4.0,0,0.0,variable,0.5072057155713185,0.0,0.1878453038674033,high
2026-06-23,SKU-SUP-004,8,WH-SOUTH,retail,33.6,,,False,0,0,0,0,0,0,0,0,0,0,,,1,26,6,2,0,0,0,11.0,7.0,10.0,11.0,17.0,10.571428571428571,2.1491969707414817,10.928571428571429,2.092634913004274,13.3,3.249933686325245,7.0,20.0,-3.0,-2.0,-0.35714285714285765,-2.7285714285714295,1.0,-6.0,0.0,3.0,0,0.0,variable,0.5072057155713185,0.0,0.1878453038674033,high
2026-06-24,SKU-SUP-004,8,WH-SOUTH,retail,33.6,,,False,0,0,0,0,0,0,0,0,0,0,,,2,26,6,2,0,0,0,8.0,10.0,12.0,14.0,20.0,10.285714285714286,2.360387377407637,10.714285714285714,2.2336094083376636,13.0,3.311422238460934,7.0,20.0,0.0,-4.0,-0.42857142857142705,-2.7142857142857135,-4.0,-12.0,0.0,2.0,0,0.0,variable,0.5072057155713185,0.0,0.1878453038674033,high
2026-06-25,SKU-SUP-004,11,WH-SOUTH,retail,46.2,,,False,0,0,0,0,0,0,0,0,0,0,,,3,26,6,2,0,0,0,8.0,11.0,14.0,13.0,17.0,9.714285714285714,2.360387377407632,10.285714285714286,2.1277858274450683,12.6,3.1579128856093712,7.0,20.0,3.0,-3.0,-0.571428571428573,-2.885714285714286,-6.0,-9.0,0.0,1.0,0,0.0,variable,0.5072057155713185,0.0,0.1878453038674033,high
2026-06-26,SKU-SUP-004,8,WH-SOUTH,retail,33.6,,,False,0,0,0,0,0,0,0,0,0,0,,,4,26,6,2,0,0,0,11.0,8.0,10.0,9.0,20.0,9.285714285714286,1.6035674514735145,10.142857142857142,1.9944979263026459,12.4,3.058058883985929,7.0,20.0,-3.0,-2.0,-0.8571428571428559,-3.114285714285714,1.0,-9.0,0.0,0.0,0,0.0,variable,0.5072057155713185,0.0,0.1878453038674033,high
2026-06-27,SKU-SUP-004,4,WH-SOUTH,online,16.8,,,False,0,0,0,0,0,0,0,0,0,0,,,5,26,6,2,1,0,0,8.0,8.0,7.0,8.0,16.0,9.0,1.6329931618544355,10.071428571428571,2.0555473055316207,12.0,2.803938117275668,7.0,18.0,-4.0,-3.0,-1.0714285714285712,-3.0,1.0,-8.0,0.0,0.0,0,0.0,variable,0.5072057155713185,0.0,0.1878453038674033,high
2026-06-28,SKU-SUP-004,7,WH-SOUTH,online,29.4,,,False,0,0,0,0,0,0,0,0,0,0,,,6,26,6,2,1,0,0,4.0,11.0,10.0,12.0,13.0,8.571428571428571,2.439750182370649,9.785714285714286,2.577374078953372,11.6,3.0580588839859106,4.0,18.0,3.0,-3.0,-1.2142857142857153,-3.0285714285714285,-6.0,-9.0,0.0,0.0,0,0.0,variable,0.5072057155713185,0.0,0.1878453038674033,high
2026-06-29,SKU-SUP-004,10,WH-SOUTH,retail,42.0,,,False,0,0,0,0,0,0,0,0,0,0,,,0,27,6,2,0,0,0,7.0,8.0,11.0,12.0,14.0,8.142857142857142,2.4102953780647827,9.428571428571429,2.5933134645233986,11.4,3.157912885609345,4.0,18.0,3.0,-1.0,-1.2857142857142865,-3.257142857142858,-4.0,-7.0,0.0,0.0,0,0.0,variable,0.5072057155713185,0.0,0.1878453038674033,high
2026-06-30,SKU-SUP-004,7,WH-SOUTH,retail,29.4,,,False,0,0,0,0,0,0,0,0,0,0,,,1,27,6,2,0,0,1,10.0,4.0,8.0,10.0,16.0,8.0,2.2360679774990375,9.285714285714286,2.493948720359714,11.266666666666667,3.12865877767463,4.0,18.0,-3.0,-1.0,-1.2857142857142865,-3.2666666666666675,2.0,-6.0,0.0,0.0,0,0.0,variable,0.5072057155713185,0.0,0.1878453038674033,high
2026-01-01,SKU-TEA-002,6,WH-SOUTH,retail,14.4,New Year Holiday,,False,1,1,0,1,0,0,1,0,0,0,New Year Holiday,holiday,3,1,1,1,0,1,0,,,,,,,,,,,,,,,,,,,,0.0,0.0,0,0.0,variable,0.6049821743605146,0.0,0.18232044198895028,high
2026-01-02,SKU-TEA-002,9,WH-SOUTH,retail,21.6,,,False,1,1,0,0,1,0,1,0,0,0,New Year Holiday,holiday,4,1,1,1,0,0,0,6.0,,,,,6.0,,6.0,,6.0,,6.0,6.0,3.0,,0.0,0.0,,,1.0,1.0,0,0.0,variable,0.6049821743605146,0.0,0.18232044198895028,high
2026-01-03,SKU-TEA-002,6,WH-SOUTH,online,14.4,,,False,0,0,0,0,0,0,0,0,0,0,,,5,1,1,1,1,0,0,9.0,,,,,7.5,2.1213203435596424,7.5,2.1213203435596424,7.5,2.1213203435596424,6.0,9.0,-3.0,,0.0,0.0,,,2.0,2.0,0,0.0,variable,0.6049821743605146,0.0,0.18232044198895028,high
2026-01-04,SKU-TEA-002,5,WH-SOUTH,online,12.0,,,False,0,0,0,0,0,0,0,0,0,0,,,6,1,1,1,1,0,0,6.0,6.0,,,,7.0,1.7320508075688772,7.0,1.7320508075688772,7.0,1.7320508075688772,6.0,9.0,-1.0,,0.0,0.0,,,2.0,2.0,0,0.0,variable,0.6049821743605146,0.0,0.18232044198895028,high
2026-01-05,SKU-TEA-002,8,WH-SOUTH,retail,19.2,,,False,0,0,0,0,0,0,0,0,0,0,,,0,2,1,1,0,0,0,5.0,9.0,,,,6.5,1.7320508075688772,6.5,1.7320508075688772,6.5,1.7320508075688772,5.0,9.0,3.0,,0.0,0.0,,,2.0,2.0,0,0.0,variable,0.6049821743605146,0.0,0.18232044198895028,high
2026-01-06,SKU-TEA-002,8,WH-SOUTH,retail,19.2,,,False,0,0,0,0,0,0,0,0,0,0,,,1,2,1,1,0,0,0,8.0,6.0,,,,6.8,1.6431676725154984,6.8,1.6431676725154984,6.8,1.6431676725154984,5.0,9.0,0.0,,0.0,0.0,,,2.0,2.0,0,0.0,variable,0.6049821743605146,0.0,0.18232044198895028,high
2026-01-07,SKU-TEA-002,4,WH-SOUTH,retail,9.6,,,False,0,0,0,0,0,0,0,0,0,0,,,2,2,1,1,0,0,0,8.0,5.0,,,,7.0,1.5491933384829668,7.0,1.5491933384829668,7.0,1.5491933384829668,5.0,9.0,-4.0,,0.0,0.0,,,2.0,2.0,0,0.0,variable,0.6049821743605146,0.0,0.18232044198895028,high
2026-01-08,SKU-TEA-002,5,WH-SOUTH,retail,12.0,,,False,0,0,0,0,0,0,0,0,0,0,,,3,2,1,1,0,0,0,4.0,8.0,6.0,,,6.571428571428571,1.8126539343499315,6.571428571428571,1.8126539343499315,6.571428571428571,1.8126539343499315,4.0,9.0,1.0,-1.0,0.0,0.0,-2.0,,2.0,2.0,0,0.0,variable,0.6049821743605146,0.0,0.18232044198895028,high
2026-01-09,SKU-TEA-002,8,WH-SOUTH,retail,19.2,,,False,0,0,0,0,0,0,0,0,0,0,,,4,2,1,1,0,0,0,5.0,8.0,9.0,,,6.428571428571429,1.9023794624226837,6.375,1.7677669529663689,6.375,1.7677669529663689,4.0,9.0,3.0,-1.0,0.053571428571428825,0.053571428571428825,-4.0,,1.0,2.0,0,0.0,variable,0.6049821743605146,0.0,0.18232044198895028,high
2026-01-10,SKU-TEA-002,6,WH-SOUTH,online,14.4,,,False,0,0,0,0,0,0,0,0,0,0,,,5,2,1,1,1,0,0,8.0,4.0,6.0,,,6.285714285714286,1.7043362064926932,6.555555555555555,1.740051084818425,6.555555555555555,1.740051084818425,4.0,9.0,-2.0,0.0,-0.26984126984126977,-0.26984126984126977,2.0,,0.0,2.0,0,0.0,variable,0.6049821743605146,0.0,0.18232044198895028,high
2026-01-11,SKU-TEA-002,4,WH-SOUTH,online,9.6,,,False,0,0,0,0,0,0,0,0,0,0,,,6,2,1,1,1,0,0,6.0,5.0,5.0,,,6.285714285714286,1.7043362064926932,6.5,1.6499158227686108,6.5,1.6499158227686108,4.0,9.0,-2.0,-1.0,-0.2142857142857144,-0.2142857142857144,1.0,,0.0,2.0,0,0.0,variable,0.6049821743605146,0.0,0.18232044198895028,high
2026-01-12,SKU-TEA-002,7,WH-SOUTH,retail,16.8,,,False,0,0,0,0,0,0,0,0,0,0,,,0,3,1,1,0,0,0,4.0,8.0,8.0,,,6.142857142857143,1.8644544714716087,6.2727272727272725,1.7372915179041823,6.2727272727272725,1.7372915179041823,4.0,9.0,3.0,-1.0,-0.12987012987012925,-0.12987012987012925,-4.0,,0.0,2.0,0,0.0,variable,0.6049821743605146,0.0,0.18232044198895028,high
2026-01-13,SKU-TEA-002,10,WH-SOUTH,retail,24.0,,,False,0,0,0,0,0,0,0,0,0,0,,,1,3,1,1,0,0,0,7.0,6.0,8.0,,,6.0,1.7320508075688772,6.333333333333333,1.6696942198734437,6.333333333333333,1.6696942198734437,4.0,9.0,3.0,2.0,-0.33333333333333304,-0.33333333333333304,-1.0,,0.0,2.0,0,0.0,variable,0.6049821743605146,0.0,0.18232044198895028,high
2026-01-14,SKU-TEA-002,6,WH-SOUTH,retail,14.4,,,False,0,0,0,0,0,0,0,0,0,0,,,2,3,1,1,0,0,0,10.0,4.0,4.0,,,6.285714285714286,2.2146697055682827,6.615384615384615,1.8946618668626838,6.615384615384615,1.8946618668626838,4.0,10.0,-4.0,2.0,-0.3296703296703294,-0.3296703296703294,6.0,,0.0,2.0,0,0.0,variable,0.6049821743605146,0.0,0.18232044198895028,high
2026-01-15,SKU-TEA-002,6,WH-SOUTH,retail,14.4,,,False,0,0,0,0,0,0,0,0,0,0,,,3,3,1,1,0,0,0,6.0,7.0,5.0,6.0,,6.571428571428571,1.9880595947760096,6.571428571428571,1.8277470669267508,6.571428571428571,1.8277470669267508,4.0,10.0,0.0,1.0,0.0,0.0,1.0,,0.0,2.0,0,0.0,variable,0.6049821743605146,0.0,0.18232044198895028,high
2026-01-16,SKU-TEA-002,10,WH-SOUTH,retail,24.0,,,False,0,0,0,0,0,0,0,0,0,0,,,4,3,1,1,0,0,0,6.0,10.0,8.0,9.0,,6.714285714285714,1.8898223650461359,6.571428571428571,1.8277470669267508,6.533333333333333,1.7674302033770737,4.0,10.0,4.0,2.0,0.14285714285714324,0.1809523809523812,-2.0,,0.0,2.0,0,0.0,variable,0.6049821743605146,0.0,0.18232044198895028,high
2026-01-17,SKU-TEA-002,10,WH-SOUTH,online,24.0,,,False,0,0,0,0,0,0,0,0,0,0,,,5,3,1,1,1,0,0,10.0,6.0,6.0,6.0,,7.0,2.2360679774997894,6.642857142857143,1.945691210268034,6.75,1.9148542155126762,4.0,10.0,0.0,4.0,0.35714285714285676,0.25,4.0,,0.0,2.0,0,0.0,variable,0.6049821743605146,0.0,0.18232044198895028,high
2026-01-18,SKU-TEA-002,6,WH-SOUTH,online,14.4,,,False,0,0,0,0,0,0,0,0,0,0,,,6,3,1,1,1,0,0,10.0,6.0,4.0,5.0,,7.571428571428571,2.439750182371333,6.928571428571429,2.129076568131601,6.9411764705882355,2.014652210534554,4.0,10.0,-4.0,2.0,0.6428571428571423,0.6302521008403357,6.0,,0.0,2.0,0,0.0,variable,0.6049821743605146,0.0,0.18232044198895028,high
2026-01-19,SKU-TEA-002,7,WH-SOUTH,retail,16.8,,,False,0,0,0,0,0,0,0,0,0,0,,,0,4,1,1,0,0,0,6.0,10.0,7.0,8.0,,7.857142857142857,2.0354009783964293,7.0,2.0754980866510833,6.888888888888889,1.9670488163112865,4.0,10.0,1.0,0.0,0.8571428571428568,0.9682539682539675,-1.0,,0.0,2.0,0,0.0,variable,0.6049821743605146,0.0,0.18232044198895028,high
2026-01-20,SKU-TEA-002,11,WH-SOUTH,retail,26.4,,,False,0,0,0,0,0,0,0,0,0,0,,,1,4,1,1,0,0,0,7.0,10.0,10.0,8.0,,7.857142857142857,2.0354009783964293,6.928571428571429,2.05554730553075,6.894736842105263,1.9117977822546812,4.0,10.0,4.0,1.0,0.9285714285714279,0.9624060150375939,-3.0,,0.0,2.0,0,0.0,variable,0.6049821743605146,0.0,0.18232044198895028,high
2026-01-21,SKU-TEA-002,7,WH-SOUTH,retail,16.8,,,False,0,0,0,0,0,0,0,0,0,0,,,2,4,1,1,0,0,0,11.0,6.0,6.0,4.0,,8.0,2.2360679774997894,7.142857142857143,2.3157368940873577,7.1,2.074912807299318,4.0,11.0,-4.0,1.0,0.8571428571428568,0.9000000000000004,5.0,,0.0,2.0,0,0.0,variable,0.6049821743605146,0.0,0.18232044198895028,high
2026-01-22,SKU-TEA-002,5,WH-SOUTH,retail,12.0,,,False,0,0,0,0,0,0,0,0,0,0,,,3,4,1,1,0,0,0,7.0,7.0,6.0,5.0,,8.142857142857142,2.115700942049815,7.357142857142857,2.134231724753677,7.095238095238095,2.0224925687072846,4.0,11.0,-2.0,-1.0,0.7857142857142856,1.0476190476190474,1.0,,0.0,2.0,0,0.0,variable,0.6049821743605146,0.0,0.18232044198895028,high
2026-01-23,SKU-TEA-002,8,WH-SOUTH,retail,19.2,,,False,0,0,0,0,0,0,0,0,0,0,,,4,4,1,1,0,0,0,5.0,11.0,10.0,8.0,,8.0,2.309401076758503,7.357142857142857,2.134231724753677,7.0,2.0236694629405503,4.0,11.0,3.0,-2.0,0.6428571428571432,1.0,-5.0,,0.0,2.0,0,0.0,variable,0.6049821743605146,0.0,0.18232044198895028,high
2026-01-24,SKU-TEA-002,10,WH-SOUTH,online,24.0,,,False,0,0,0,0,0,0,0,0,0,0,,,5,4,1,1,1,0,0,8.0,7.0,10.0,6.0,,7.714285714285714,2.138089935299395,7.357142857142857,2.134231724753677,7.043478260869565,1.9881069312188602,4.0,11.0,2.0,0.0,0.35714285714285765,0.670807453416149,-2.0,,0.0,2.0,0,0.0,variable,0.6049821743605146,0.0,0.18232044198895028,high
2026-01-25,SKU-TEA-002,6,WH-SOUTH,online,14.4,,,False,0,0,0,0,0,0,0,0,0,0,,,6,4,1,1,1,0,0,10.0,5.0,6.0,4.0,,7.714285714285714,2.138089935299395,7.642857142857143,2.205138853368958,7.166666666666667,2.035909510816206,4.0,11.0,-4.0,0.0,0.07142857142857117,0.5476190476190474,4.0,,0.0,2.0,0,0.0,variable,0.6049821743605146,0.0,0.18232044198895028,high
2026-01-26,SKU-TEA-002,6,WH-SOUTH,retail,14.4,,,False,0,0,0,0,0,0,0,0,0,0,,,0,5,1,1,0,0,0,6.0,8.0,7.0,7.0,,7.714285714285714,2.138089935299395,7.785714285714286,2.006856379383569,7.12,2.006655592438988,4.0,11.0,0.0,-1.0,-0.07142857142857117,0.5942857142857143,-1.0,,0.0,2.0,0,0.0,variable,0.6049821743605146,0.0,0.18232044198895028,high
2026-01-27,SKU-TEA-002,11,WH-SOUTH,retail,26.4,,,False,0,0,0,0,0,0,0,0,0,0,,,1,5,1,1,0,0,0,6.0,10.0,11.0,10.0,,7.571428571428571,2.2253945610567474,7.714285714285714,2.054210364052382,7.076923076923077,1.9783442960835087,4.0,11.0,5.0,0.0,-0.14285714285714324,0.4945054945054945,-5.0,,0.0,2.0,0,0.0,variable,0.6049821743605146,0.0,0.18232044198895028,high
2026-01-28,SKU-TEA-002,10,WH-SOUTH,retail,24.0,,,False,0,0,0,0,0,0,0,0,0,0,,,2,5,1,1,0,0,0,11.0,6.0,7.0,6.0,,7.571428571428571,2.2253945610567474,7.785714285714286,2.1547290184283363,7.222222222222222,2.0816659994661326,4.0,11.0,-1.0,3.0,-0.2142857142857144,0.34920634920634885,4.0,,0.0,2.0,0,0.0,variable,0.6049821743605146,0.0,0.18232044198895028,high
2026-01-29,SKU-TEA-002,7,WH-SOUTH,retail,16.8,,,False,0,0,0,0,0,0,0,0,0,0,,,3,5,1,1,0,0,0,10.0,6.0,5.0,6.0,,8.0,2.380476142847616,8.071428571428571,2.164904890939366,7.321428571428571,2.109126050859146,4.0,11.0,-3.0,2.0,-0.07142857142857117,0.6785714285714288,5.0,,0.0,2.0,0,0.0,variable,0.6049821743605146,0.0,0.18232044198895028,high
2026-01-30,SKU-TEA-002,10,WH-SOUTH,retail,24.0,,,False,0,0,0,0,0,0,0,0,0,0,,,4,5,1,1,0,0,0,7.0,11.0,8.0,10.0,,8.285714285714286,2.0586634591635504,8.142857142857142,2.10702644491246,7.310344827586207,2.071980561751452,4.0,11.0,3.0,2.0,0.14285714285714413,0.9753694581280792,-1.0,,0.0,2.0,0,0.0,variable,0.6049821743605146,0.0,0.18232044198895028,high
2026-01-31,SKU-TEA-002,13,WH-SOUTH,online,31.2,,,False,0,0,0,0,0,0,0,0,0,0,,,5,5,1,1,1,0,1,10.0,10.0,10.0,10.0,6.0,8.571428571428571,2.149196970742239,8.142857142857142,2.10702644491246,7.4,2.094327313614499,4.0,11.0,3.0,3.0,0.4285714285714288,1.1714285714285708,0.0,4.0,0.0,2.0,0,0.0,variable,0.6049821743605146,0.0,0.18232044198895028,high
2026-02-01,SKU-TEA-002,10,WH-SOUTH,online,24.0,,,False,0,0,0,0,0,0,0,0,0,0,,,6,5,2,1,1,1,0,13.0,7.0,6.0,6.0,9.0,9.0,2.7080128015453195,8.357142857142858,2.437121342805984,7.633333333333334,2.311639712610843,4.0,13.0,-3.0,4.0,0.6428571428571423,1.3666666666666663,7.0,4.0,0.0,1.0,0,0.0,variable,0.6049821743605146,0.0,0.18232044198895028,high
2026-02-02,SKU-TEA-002,8,WH-SOUTH,retail,19.2,,,False,0,0,0,0,0,0,0,0,0,0,,,0,6,2,1,0,0,0,10.0,10.0,6.0,7.0,6.0,9.571428571428571,2.370453040886408,8.642857142857142,2.3731557327466177,7.666666666666667,2.3390733994075714,4.0,13.0,-2.0,2.0,0.9285714285714288,1.9047619047619042,4.0,4.0,0.0,0.0,0,0.0,variable,0.6049821743605146,0.0,0.18232044198895028,high
2026-02-03,SKU-TEA-002,13,WH-SOUTH,retail,31.2,,,False,0,0,0,0,0,0,0,0,0,0,,,1,6,2,1,0,0,0,8.0,13.0,11.0,11.0,5.0,9.857142857142858,1.9518001458970669,8.714285714285714,2.334641182398155,7.733333333333333,2.3183426501874482,4.0,13.0,5.0,2.0,1.1428571428571441,2.1238095238095243,-3.0,3.0,0.0,0.0,0,0.0,variable,0.6049821743605146,0.0,0.18232044198895028,high
2026-02-04,SKU-TEA-002,13,WH-SOUTH,retail,31.2,,,False,0,0,0,0,0,0,0,0,0,0,,,2,6,2,1,0,0,0,13.0,10.0,10.0,7.0,8.0,10.142857142857142,2.267786838055364,8.857142857142858,2.5376289010728987,8.0,2.449489742783178,4.0,13.0,0.0,3.0,1.2857142857142847,2.1428571428571423,3.0,5.0,0.0,0.0,0,0.0,variable,0.6049821743605146,0.0,0.18232044198895028,high
2026-02-05,SKU-TEA-002,8,WH-SOUTH,retail,19.2,,,False,0,0,0,0,0,0,0,0,0,0,,,3,6,2,1,0,0,0,13.0,8.0,7.0,5.0,8.0,10.571428571428571,2.507132682112036,9.285714285714286,2.701241066010827,8.166666666666666,2.6140645235596867,4.0,13.0,-5.0,1.0,1.2857142857142847,2.404761904761905,6.0,5.0,0.0,0.0,0,0.0,variable,0.6049821743605146,0.0,0.18232044198895028,high
2026-02-06,SKU-TEA-002,9,WH-SOUTH,retail,21.6,,,False,0,0,0,0,0,0,0,0,0,0,,,4,6,2,1,0,0,0,8.0,13.0,10.0,8.0,4.0,10.714285714285714,2.2886885410853184,9.5,2.441626192015984,8.166666666666666,2.6140645235596867,4.0,13.0,1.0,-1.0,1.2142857142857135,2.5476190476190474,-2.0,4.0,0.0,0.0,0,0.0,variable,0.6049821743605146,0.0,0.18232044198895028,high
2026-02-07,SKU-TEA-002,14,WH-SOUTH,online,33.6,,,False,0,0,0,0,0,0,0,0,0,0,,,5,6,2,1,1,0,0,9.0,13.0,13.0,10.0,5.0,10.571428571428571,2.370453040886409,9.571428571428571,2.408775166385982,8.333333333333334,2.495973769387664,4.0,13.0,5.0,1.0,1.0,2.2380952380952372,-4.0,4.0,0.0,0.0,0,0.0,variable,0.6049821743605146,0.0,0.18232044198895028,high
2026-02-08,SKU-TEA-002,11,WH-SOUTH,online,26.4,,,False,0,0,0,0,0,0,0,0,0,0,,,6,6,2,1,1,0,0,14.0,8.0,10.0,6.0,8.0,10.714285714285714,2.563479777846624,9.857142857142858,2.6849192182989836,8.633333333333333,2.6193357059051987,4.0,14.0,-3.0,1.0,0.8571428571428559,2.0809523809523807,4.0,6.0,0.0,0.0,0,0.0,variable,0.6049821743605146,0.0,0.18232044198895028,high
2026-02-09,SKU-TEA-002,7,WH-SOUTH,retail,16.8,,,False,0,0,0,0,0,0,0,0,0,0,,,0,7,2,1,0,0,0,11.0,9.0,8.0,6.0,6.0,10.857142857142858,2.544836041121408,10.214285714285714,2.4550911444328394,8.733333333333333,2.6513930409260835,4.0,14.0,-4.0,-1.0,0.6428571428571441,2.123809523809525,3.0,5.0,0.0,0.0,0,0.0,variable,0.6049821743605146,0.0,0.18232044198895028,high
2026-02-10,SKU-TEA-002,12,WH-SOUTH,retail,28.8,,,False,0,0,0,0,0,0,0,0,0,0,,,1,7,2,1,0,0,0,7.0,14.0,13.0,11.0,4.0,10.714285714285714,2.751622897751176,10.285714285714286,2.3346411823981588,8.766666666666667,2.6219673231522473,4.0,14.0,5.0,-1.0,0.42857142857142705,1.947619047619046,-6.0,3.0,0.0,0.0,0,0.0,variable,0.6049821743605146,0.0,0.18232044198895028,high
2026-02-11,SKU-TEA-002,15,WH-SOUTH,retail,36.0,,,False,0,0,0,0,0,0,0,0,0,0,,,2,7,2,1,0,0,0,12.0,11.0,13.0,10.0,7.0,10.571428571428571,2.636736799982311,10.357142857142858,2.3731557327466217,9.033333333333333,2.525502112361071,5.0,14.0,3.0,2.0,0.21428571428571352,1.538095238095238,-1.0,5.0,0.0,0.0,0,0.0,variable,0.6049821743605146,0.0,0.18232044198895028,high
2026-02-12,SKU-TEA-002,10,WH-SOUTH,retail,24.0,,,False,0,0,0,0,0,0,0,0,0,0,,,3,7,2,1,0,0,0,15.0,7.0,8.0,7.0,10.0,10.857142857142858,3.0237157840738185,10.714285714285714,2.672612419124249,9.3,2.7183920196347318,5.0,15.0,-5.0,2.0,0.14285714285714413,1.557142857142857,7.0,5.0,0.0,0.0,0,0.0,variable,0.6049821743605146,0.0,0.18232044198895028,high
2026-02-13,SKU-TEA-002,10,WH-SOUTH,retail,24.0,,,False,0,0,0,0,0,0,0,0,0,0,,,4,7,2,1,0,0,0,10.0,12.0,9.0,10.0,6.0,11.142857142857142,2.7945525240230884,10.928571428571429,2.4640269015229124,9.3,2.7183920196347318,5.0,15.0,0.0,1.0,0.21428571428571352,1.8428571428571416,1.0,4.0,0.0,0.0,0,0.0,variable,0.6049821743605146,0.0,0.18232044198895028,high
2026-02-14,SKU-TEA-002,16,WH-SOUTH,online,38.4,,,False,0,0,0,0,0,0,0,0,0,0,,,5,7,2,1,1,0,0,10.0,15.0,14.0,13.0,6.0,11.285714285714286,2.690370836538198,10.928571428571429,2.4640269015229124,9.433333333333334,2.6481396636433137,5.0,15.0,6.0,2.0,0.35714285714285765,1.852380952380953,-4.0,4.0,0.0,0.0,0,0.0,variable,0.6049821743605146,0.0,0.18232044198895028,high
2026-02-15,SKU-TEA-002,16,WH-SOUTH,online,38.4,,,False,0,0,0,0,0,0,0,0,0,0,,,6,7,2,1,1,0,0,16.0,10.0,11.0,10.0,10.0,11.571428571428571,3.101458950082626,11.142857142857142,2.76953600271412,9.766666666666667,2.824563845895545,5.0,16.0,0.0,5.0,0.4285714285714288,1.8047619047619037,5.0,6.0,0.0,0.0,0,0.0,variable,0.6049821743605146,0.0,0.18232044198895028,high
2026-02-16,SKU-TEA-002,11,WH-SOUTH,retail,26.4,,,False,0,0,0,0,0,0,0,0,0,0,,,0,8,2,1,0,0,0,16.0,10.0,7.0,8.0,10.0,12.285714285714286,3.498298906339372,11.571428571428571,3.030975616334323,9.966666666666667,3.0454412888246862,5.0,16.0,-5.0,4.0,0.7142857142857153,2.3190476190476197,9.0,6.0,0.0,0.0,0,0.0,variable,0.6049821743605146,0.0,0.18232044198895028,high
2026-02-17,SKU-TEA-002,14,WH-SOUTH,retail,33.6,,,False,0,0,0,0,0,0,0,0,0,0,,,1,8,2,1,0,0,0,11.0,16.0,12.0,13.0,6.0,12.857142857142858,2.7342623276105904,11.785714285714286,2.8603004529801983,10.0,3.0512857662936477,5.0,16.0,3.0,2.0,1.0714285714285712,2.8571428571428577,-1.0,5.0,0.0,0.0,0,0.0,variable,0.6049821743605146,0.0,0.18232044198895028,high
2026-02-18,SKU-TEA-002,18,WH-SOUTH,retail,43.2,,,False,0,0,0,0,0,0,0,0,0,0,,,2,8,2,1,0,0,0,14.0,16.0,15.0,13.0,7.0,13.142857142857142,2.734262327610591,11.857142857142858,2.90509215681026,10.266666666666667,3.0392073981871346,5.0,16.0,4.0,3.0,1.2857142857142847,2.876190476190475,-1.0,7.0,0.0,0.0,0,0.0,variable,0.6049821743605146,0.0,0.18232044198895028,high
2026-02-19,SKU-TEA-002,14,WH-SOUTH,retail,33.6,,,False,0,0,0,0,0,0,0,0,0,0,,,3,8,2,1,0,0,0,18.0,11.0,10.0,8.0,11.0,13.571428571428571,3.258688021128692,12.214285714285714,3.3323258550741492,10.633333333333333,3.2851109605291136,5.0,18.0,-4.0,4.0,1.3571428571428577,2.9380952380952383,8.0,7.0,0.0,0.0,0,0.0,variable,0.6049821743605146,0.0,0.18232044198895028,high
2026-02-20,SKU-TEA-002,10,WH-SOUTH,retail,24.0,,,False,0,0,0,0,0,0,0,0,0,0,,,4,8,2,1,0,0,0,14.0,14.0,10.0,9.0,7.0,14.142857142857142,2.853569193634028,12.642857142857142,3.12821263435118,10.733333333333333,3.3418282559033514,5.0,18.0,-4.0,0.0,1.5,3.40952380952381,4.0,7.0,0.0,0.0,0,0.0,variable,0.6049821743605146,0.0,0.18232044198895028,high
2026-02-21,SKU-TEA-002,16,WH-SOUTH,online,38.4,,,False,0,0,0,0,0,0,0,0,0,0,,,5,8,2,1,1,0,0,10.0,18.0,16.0,14.0,5.0,14.142857142857142,2.853569193634028,12.714285714285714,3.049049572687096,10.833333333333334,3.2703825921213845,5.0,18.0,6.0,0.0,1.4285714285714288,3.3095238095238084,-6.0,5.0,0.0,0.0,0,0.0,variable,0.6049821743605146,0.0,0.18232044198895028,high
2026-02-22,SKU-TEA-002,17,WH-SOUTH,online,40.8,,,False,0,0,0,0,0,0,0,0,0,0,,,6,8,2,1,1,0,0,16.0,14.0,16.0,11.0,8.0,14.142857142857142,2.853569193634028,12.857142857142858,3.1588007183141587,11.2,3.209898483731547,6.0,18.0,1.0,1.0,1.2857142857142847,2.942857142857143,0.0,8.0,0.0,0.0,0,0.0,variable,0.6049821743605146,0.0,0.18232044198895028,high
2026-02-23,SKU-TEA-002,12,WH-SOUTH,retail,28.8,,,False,0,0,0,0,0,0,0,0,0,0,,,0,9,2,1,0,0,0,17.0,10.0,11.0,7.0,10.0,14.285714285714286,2.984084768360631,13.285714285714286,3.291681156364467,11.5,3.319223008372647,6.0,18.0,-5.0,1.0,1.0,2.7857142857142865,6.0,7.0,0.0,0.0,0,0.0,variable,0.6049821743605146,0.0,0.18232044198895028,high
2026-02-24,SKU-TEA-002,13,WH-SOUTH,retail,31.2,,,False,0,0,0,0,0,0,0,0,0,0,,,1,9,2,1,0,0,0,12.0,16.0,14.0,12.0,6.0,14.428571428571429,2.8199966227605606,13.642857142857142,2.7902892835178164,11.566666666666666,3.30812305710044,6.0,18.0,1.0,-1.0,0.7857142857142865,2.8619047619047624,-2.0,6.0,0.0,0.0,0,0.0,variable,0.6049821743605146,0.0,0.18232044198895028,high
2026-02-25,SKU-TEA-002,18,WH-SOUTH,retail,43.2,,,False,0,0,0,0,0,0,0,0,0,0,,,2,9,2,1,0,0,0,13.0,17.0,18.0,15.0,6.0,14.285714285714286,2.8702082220799334,13.714285714285714,2.757606861827061,11.8,3.144782213828776,6.0,18.0,5.0,0.0,0.571428571428573,2.4857142857142858,-5.0,7.0,0.0,0.0,0,0.0,variable,0.6049821743605146,0.0,0.18232044198895028,high
2026-02-26,SKU-TEA-002,16,WH-SOUTH,retail,38.4,,,False,0,0,0,0,0,0,0,0,0,0,,,3,9,2,1,0,0,0,18.0,12.0,14.0,10.0,11.0,14.285714285714286,2.8702082220799334,13.928571428571429,2.9733246275271443,12.2,3.1447822138287767,7.0,18.0,-2.0,2.0,0.35714285714285765,2.085714285714287,4.0,7.0,0.0,0.0,0,0.0,variable,0.6049821743605146,0.0,0.18232044198895028,high
2026-02-27,SKU-TEA-002,12,WH-SOUTH,retail,28.8,,,False,0,0,0,0,0,0,0,0,0,0,,,4,9,2,1,0,0,0,16.0,13.0,10.0,10.0,10.0,14.571428571428571,2.935821455580641,14.357142857142858,2.7902892835178195,12.366666666666667,3.210793578276075,7.0,18.0,-4.0,2.0,0.21428571428571352,2.204761904761904,6.0,6.0,0.0,0.0,0,0.0,variable,0.6049821743605146,0.0,0.18232044198895028,high
2026-02-28,SKU-TEA-002,17,WH-SOUTH,online,40.8,,,False,0,0,0,0,0,0,0,0,0,0,,,5,9,2,1,1,0,1,12.0,18.0,16.0,16.0,7.0,14.857142857142858,2.4784787961282135,14.5,2.594372608313874,12.433333333333334,3.180580442941668,7.0,18.0,5.0,1.0,0.35714285714285765,2.423809523809524,-4.0,5.0,0.0,0.0,0,0.0,variable,0.6049821743605146,0.0,0.18232044198895028,high
2026-03-01,SKU-TEA-002,21,WH-SOUTH,online,50.4,,,False,0,0,0,0,0,0,0,0,0,0,,,6,9,3,1,1,1,0,17.0,16.0,17.0,16.0,10.0,15.0,2.5819888974716148,14.571428571428571,2.651974176527203,12.766666666666667,3.1148513368337087,7.0,18.0,4.0,4.0,0.4285714285714288,2.2333333333333325,0.0,7.0,0.0,0.0,0,0.0,variable,0.6049821743605146,0.0,0.18232044198895028,high
2026-03-02,SKU-TEA-002,16,WH-SOUTH,retail,38.4,,,False,0,0,0,0,0,0,0,0,0,0,,,0,10,3,1,0,0,0,21.0,12.0,12.0,11.0,13.0,15.571428571428571,3.40867241298539,14.928571428571429,3.149219334626048,13.133333333333333,3.411272725713298,7.0,21.0,-5.0,4.0,0.6428571428571423,2.4380952380952383,9.0,8.0,0.0,0.0,0,0.0,variable,0.6049821743605146,0.0,0.18232044198895028,high
2026-03-03,SKU-TEA-002,16,WH-SOUTH,retail,38.4,,,False,0,0,0,0,0,0,0,0,0,0,,,1,10,3,1,0,0,0,16.0,17.0,13.0,14.0,10.0,16.142857142857142,3.023715784073823,15.285714285714286,2.946407758834273,13.233333333333333,3.4509702117374017,7.0,21.0,0.0,3.0,0.8571428571428559,2.90952380952381,3.0,6.0,0.0,0.0,0,0.0,variable,0.6049821743605146,0.0,0.18232044198895028,high
2026-03-04,SKU-TEA-002,21,WH-SOUTH,retail,50.4,,,False,0,0,0,0,0,0,0,0,0,0,,,2,10,3,1,0,0,0,16.0,21.0,18.0,18.0,8.0,16.571428571428573,2.699206232527318,15.428571428571429,2.927700218845621,13.433333333333334,3.430927624974932,7.0,21.0,5.0,3.0,1.1428571428571441,3.1380952380952394,-2.0,8.0,0.0,0.0,0,0.0,variable,0.6049821743605146,0.0,0.18232044198895028,high
2026-03-05,SKU-TEA-002,21,WH-SOUTH,retail,50.4,,,False,0,0,0,0,0,0,0,0,0,0,,,3,10,3,1,0,0,0,21.0,16.0,16.0,14.0,13.0,17.0,3.1622776601683853,15.642857142857142,3.225073472201685,13.866666666666667,3.5402448126271397,7.0,21.0,0.0,5.0,1.3571428571428577,3.133333333333333,5.0,8.0,0.0,0.0,0,0.0,variable,0.6049821743605146,0.0,0.18232044198895028,high
2026-03-06,SKU-TEA-002,15,WH-SOUTH,retail,36.0,,,False,0,0,0,0,0,0,0,0,0,0,,,4,10,3,1,0,0,0,21.0,16.0,12.0,10.0,13.0,17.714285714285715,3.450327796711777,16.142857142857142,3.4830831359398062,14.133333333333333,3.7667632985265316,7.0,21.0,-6.0,3.0,1.571428571428573,3.5809523809523824,9.0,8.0,0.0,0.0,0,0.0,variable,0.6049821743605146,0.0,0.18232044198895028,high
2026-03-07,SKU-TEA-002,18,WH-SOUTH,online,43.2,,,False,0,0,0,0,0,0,0,0,0,0,,,5,10,3,1,1,0,0,15.0,21.0,17.0,16.0,8.0,18.142857142857142,2.7342623276105975,16.5,3.031881873079465,14.2,3.763710568226434,7.0,21.0,3.0,1.0,1.6428571428571423,3.942857142857143,-2.0,7.0,0.0,0.0,0,0.0,variable,0.6049821743605146,0.0,0.18232044198895028,high
2026-03-08,SKU-TEA-002,23,WH-SOUTH,online,55.2,,,False,0,0,0,0,0,0,0,0,0,0,,,6,10,3,1,1,0,0,18.0,21.0,21.0,17.0,9.0,18.285714285714285,2.6903708365382055,16.642857142857142,3.0535513462484922,14.533333333333333,3.6363427376619994,7.0,21.0,5.0,2.0,1.6428571428571423,3.7523809523809515,-3.0,9.0,0.0,0.0,0,0.0,variable,0.6049821743605146,0.0,0.18232044198895028,high
2026-03-09,SKU-TEA-002,18,WH-SOUTH,retail,43.2,,,False,0,0,0,0,0,0,0,0,0,0,,,0,11,3,1,0,0,0,23.0,15.0,16.0,12.0,14.0,18.571428571428573,3.101458950082633,17.071428571428573,3.4964660337653637,15.0,3.796550158163108,7.0,23.0,-5.0,2.0,1.5,3.571428571428573,7.0,9.0,0.0,0.0,0,0.0,variable,0.6049821743605146,0.0,0.18232044198895028,high
2026-03-10,SKU-TEA-002,17,WH-SOUTH,retail,40.8,,,False,0,0,0,0,0,0,0,0,0,0,,,1,11,3,1,0,0,0,18.0,18.0,16.0,13.0,11.0,18.857142857142858,2.911389784311013,17.5,3.180469244527416,15.133333333333333,3.830308651768958,7.0,23.0,-1.0,1.0,1.3571428571428577,3.723809523809525,2.0,7.0,0.0,0.0,0,0.0,variable,0.6049821743605146,0.0,0.18232044198895028,high
2026-03-11,SKU-TEA-002,20,WH-SOUTH,retail,48.0,,,False,0,0,0,0,0,0,0,0,0,0,,,2,11,3,1,0,0,0,17.0,23.0,21.0,18.0,7.0,19.0,2.7688746209727007,17.785714285714285,2.913590738077531,15.333333333333334,3.763099724991344,7.0,23.0,3.0,-1.0,1.2142857142857153,3.666666666666666,-4.0,10.0,0.0,0.0,0,0.0,variable,0.6049821743605146,0.0,0.18232044198895028,high
2026-03-12,SKU-TEA-002,22,WH-SOUTH,retail,52.8,,,False,0,0,0,0,0,0,0,0,0,0,,,3,11,3,1,0,0,0,20.0,18.0,21.0,16.0,12.0,18.857142857142858,2.672612419124253,17.928571428571427,2.9733246275271603,15.766666666666667,3.510411443940321,10.0,23.0,2.0,1.0,0.9285714285714306,3.09047619047619,-1.0,8.0,0.0,0.0,0,0.0,variable,0.6049821743605146,0.0,0.18232044198895028,high
2026-03-13,SKU-TEA-002,17,WH-SOUTH,retail,40.8,,,False,0,0,0,0,0,0,0,0,0,0,,,4,11,3,1,0,0,0,22.0,17.0,15.0,12.0,15.0,19.0,2.828427124746199,18.357142857142858,3.103525113780832,16.1,3.6136713588337295,10.0,23.0,-5.0,2.0,0.6428571428571423,2.8999999999999986,7.0,7.0,0.0,0.0,0,0.0,variable,0.6049821743605146,0.0,0.18232044198895028,high
2026-03-14,SKU-TEA-002,19,WH-SOUTH,online,45.6,,,False,1,1,1,0,0,1,0,0,0,0,Spring Beverage Feature,promotion,5,11,3,1,1,0,0,17.0,20.0,18.0,17.0,10.0,19.285714285714285,2.4299715851758346,18.714285714285715,2.55489188175796,16.166666666666668,3.611125847302682,10.0,23.0,2.0,1.0,0.5714285714285694,3.119047619047617,-1.0,7.0,0.0,0.0,0,0.0,variable,0.6049821743605146,0.0,0.18232044198895028,high
2026-03-15,SKU-TEA-002,25,WH-SOUTH,online,60.0,,,False,1,1,1,0,0,1,0,0,0,0,Spring Beverage Feature,promotion,6,11,3,1,1,0,0,19.0,22.0,23.0,21.0,10.0,19.428571428571427,2.3704530408864195,18.857142857142858,2.507132682112076,16.466666666666665,3.4514697852018004,10.0,23.0,6.0,2.0,0.5714285714285694,2.961904761904762,-4.0,9.0,1.0,1.0,0,0.0,variable,0.6049821743605146,0.0,0.18232044198895028,high
2026-03-16,SKU-TEA-002,33,WH-SOUTH,retail,79.2,Spring Beverage Feature,,False,1,1,0,1,0,1,0,0,0,0,Spring Beverage Feature,promotion,0,12,3,1,0,0,0,25.0,17.0,18.0,16.0,16.0,19.714285714285715,2.9277002188456094,19.142857142857142,2.9575754846246882,16.966666666666665,3.566929843120996,10.0,25.0,8.0,15.0,0.571428571428573,2.7476190476190503,7.0,9.0,2.0,2.0,0,0.0,variable,0.6049821743605146,0.0,0.18232044198895028,high
2026-03-17,SKU-TEA-002,30,WH-SOUTH,retail,72.0,Spring Beverage Feature,,False,1,1,0,1,0,1,0,0,0,0,Spring Beverage Feature,promotion,1,12,3,1,0,0,0,33.0,19.0,17.0,16.0,16.0,21.857142857142858,5.6694670951384145,20.357142857142858,4.601122653258648,17.533333333333335,4.606841489105868,10.0,33.0,-3.0,13.0,1.5,4.323809523809523,16.0,17.0,3.0,3.0,0,0.0,variable,0.6049821743605146,0.0,0.18232044198895028,high
2026-03-18,SKU-TEA-002,34,WH-SOUTH,retail,81.6,Spring Beverage Feature,,False,1,1,0,1,0,1,0,0,0,0,Spring Beverage Feature,promotion,2,12,3,1,0,0,0,30.0,25.0,20.0,21.0,11.0,23.714285714285715,5.936168397046644,21.357142857142858,5.077963596336088,18.0,5.1259986411396525,10.0,33.0,4.0,14.0,2.3571428571428577,5.714285714285715,10.0,19.0,4.0,4.0,0,0.0,variable,0.6049821743605146,0.0,0.18232044198895028,high
2026-03-19,SKU-TEA-002,38,WH-SOUTH,retail,91.2,Spring Beverage Feature,,False,1,1,0,1,0,1,0,0,0,0,Spring Beverage Feature,promotion,3,12,3,1,0,0,0,34.0,33.0,22.0,21.0,14.0,25.714285714285715,6.775305299745688,22.285714285714285,6.094494002200462,18.766666666666666,5.727630149235967,10.0,34.0,4.0,16.0,3.4285714285714306,6.94761904761905,12.0,20.0,5.0,5.0,0,0.0,variable,0.6049821743605146,0.0,0.18232044198895028,high
2026-03-20,SKU-TEA-002,32,WH-SOUTH,retail,76.8,Spring Beverage Feature,,False,1,1,0,1,0,1,0,0,0,0,Spring Beverage Feature,promotion,4,12,3,1,0,0,0,38.0,30.0,17.0,15.0,18.0,28.0,7.916228058025285,23.5,7.377199802301495,19.566666666666666,6.641994576482507,10.0,38.0,-6.0,15.0,4.5,8.433333333333334,21.0,20.0,6.0,6.0,0,0.0,variable,0.6049821743605146,0.0,0.18232044198895028,high
2026-03-21,SKU-TEA-002,32,WH-SOUTH,online,76.8,Spring Beverage Feature,,False,1,1,0,1,0,1,0,0,0,0,Spring Beverage Feature,promotion,5,12,3,1,1,0,0,32.0,34.0,19.0,18.0,14.0,30.142857142857142,6.3094788857340625,24.714285714285715,7.26878014767025,20.033333333333335,7.0097633062176525,10.0,38.0,0.0,13.0,5.428571428571427,10.109523809523807,13.0,18.0,7.0,7.0,0,0.0,variable,0.6049821743605146,0.0,0.18232044198895028,high
2026-03-22,SKU-TEA-002,38,WH-SOUTH,online,91.2,Spring Beverage Feature,,False,1,1,0,1,0,1,0,0,0,0,Spring Beverage Feature,promotion,6,12,3,1,1,0,0,32.0,38.0,25.0,23.0,10.0,32.0,3.9581140290126577,25.714285714285715,7.236962510171425,20.633333333333333,7.242038831488109,10.0,38.0,6.0,13.0,6.285714285714285,11.366666666666667,7.0,22.0,7.0,8.0,0,0.0,variable,0.6049821743605146,0.0,0.18232044198895028,high
2026-03-23,SKU-TEA-002,37,WH-SOUTH,retail,88.8,Spring Beverage Feature,,False,1,1,0,1,0,1,0,0,0,0,Spring Beverage Feature,promotion,0,13,3,1,0,0,0,38.0,32.0,33.0,18.0,16.0,33.857142857142854,3.07834216359888,26.785714285714285,7.885513216101982,21.566666666666666,7.618866479784354,12.0,38.0,-1.0,4.0,7.071428571428569,12.290476190476188,5.0,22.0,7.0,9.0,0,0.0,variable,0.6049821743605146,0.0,0.18232044198895028,high
2026-03-24,SKU-TEA-002,33,WH-SOUTH,retail,79.2,Spring Beverage Feature,,False,1,1,0,1,0,1,0,0,0,0,Spring Beverage Feature,promotion,1,13,3,1,0,0,0,37.0,32.0,30.0,17.0,17.0,34.42857142857143,3.2586880211287146,28.142857142857142,7.892129895390385,22.266666666666666,8.042702124986626,12.0,38.0,-4.0,3.0,6.285714285714288,12.161904761904765,7.0,20.0,7.0,10.0,0,0.0,variable,0.6049821743605146,0.0,0.18232044198895028,high
2026-03-25,SKU-TEA-002,34,WH-SOUTH,retail,81.6,Spring Beverage Feature,,False,1,1,0,1,0,1,0,0,0,0,Spring Beverage Feature,promotion,2,13,3,1,0,0,0,33.0,38.0,34.0,20.0,12.0,34.857142857142854,2.7342623276106175,29.285714285714285,7.289914755527497,22.8,8.210170311980388,12.0,38.0,1.0,0.0,5.571428571428569,12.057142857142853,-1.0,21.0,7.0,11.0,0,0.0,variable,0.6049821743605146,0.0,0.18232044198895028,high
2026-03-26,SKU-TEA-002,39,WH-SOUTH,retail,93.6,Spring Beverage Feature,,False,1,1,0,1,0,1,0,0,0,0,Spring Beverage Feature,promotion,3,13,3,1,0,0,0,34.0,37.0,38.0,22.0,13.0,34.857142857142854,2.7342623276106175,30.285714285714285,6.866065623255981,23.533333333333335,8.194755822384566,12.0,38.0,5.0,1.0,4.571428571428569,11.323809523809519,-4.0,21.0,7.0,12.0,0,0.0,variable,0.6049821743605146,0.0,0.18232044198895028,high
2026-03-27,SKU-TEA-002,35,WH-SOUTH,retail,84.0,Spring Beverage Feature,,False,1,1,0,1,0,1,0,0,0,0,Spring Beverage Feature,promotion,4,13,3,1,0,0,0,39.0,33.0,32.0,17.0,18.0,35.0,2.943920288775976,31.5,6.790830922308774,24.4,8.414273587185052,12.0,39.0,-4.0,3.0,3.5,10.600000000000001,7.0,21.0,7.0,13.0,0,0.0,variable,0.6049821743605146,0.0,0.18232044198895028,high
2026-03-28,SKU-TEA-002,34,WH-SOUTH,online,81.6,Spring Beverage Feature,,False,1,1,0,1,0,1,0,0,0,0,Spring Beverage Feature,promotion,5,13,3,1,1,0,0,35.0,34.0,32.0,19.0,16.0,35.42857142857143,2.6367367999823403,32.785714285714285,5.394848988099301,24.966666666666665,8.539899592938506,12.0,39.0,-1.0,2.0,2.642857142857146,10.461904761904766,3.0,19.0,7.0,14.0,0,0.0,variable,0.6049821743605146,0.0,0.18232044198895028,high
2026-03-29,SKU-TEA-002,39,WH-SOUTH,online,93.6,Spring Beverage Feature,,False,1,1,0,1,0,1,0,0,0,0,Spring Beverage Feature,promotion,6,13,3,1,1,0,0,34.0,39.0,38.0,25.0,12.0,35.714285714285715,2.2886885410853517,33.857142857142854,3.6554941338535647,25.566666666666666,8.52049591131365,12.0,39.0,5.0,1.0,1.8571428571428612,10.147619047619049,-4.0,22.0,7.0,15.0,0,0.0,variable,0.6049821743605146,0.0,0.18232044198895028,high
2026-03-30,SKU-TEA-002,28,WH-SOUTH,retail,67.2,,,False,1,1,0,0,1,1,0,0,0,0,Spring Beverage Feature,promotion,0,14,3,1,0,0,0,39.0,35.0,37.0,33.0,17.0,35.857142857142854,2.4784787961282415,34.857142857142854,2.878491668515779,26.466666666666665,8.463851464268227,15.0,39.0,-11.0,-9.0,1.0,9.390476190476189,2.0,22.0,7.0,16.0,0,0.0,variable,0.6049821743605146,0.0,0.18232044198895028,high
2026-03-31,SKU-TEA-002,27,WH-SOUTH,retail,64.8,,,False,1,1,0,0,1,1,0,0,0,0,Spring Beverage Feature,promotion,1,14,3,1,0,0,1,28.0,34.0,33.0,30.0,21.0,34.57142857142857,3.7796447300922944,34.5,3.391164991562703,26.833333333333332,8.27577825628058,15.0,39.0,-1.0,-6.0,0.0714285714285694,7.738095238095237,-5.0,7.0,7.0,17.0,0,0.0,variable,0.6049821743605146,0.0,0.18232044198895028,high
2026-04-01,SKU-TEA-002,26,WH-SOUTH,retail,62.4,,,False,1,1,1,0,0,0,1,0,0,0,Easter Holiday,holiday,2,14,4,2,0,1,0,27.0,39.0,34.0,34.0,16.0,33.714285714285715,4.750939756661702,34.285714285714285,3.770912385587961,27.033333333333335,8.202116351508199,15.0,39.0,-1.0,-8.0,-0.5714285714285694,6.68095238095238,-7.0,11.0,7.0,18.0,0,0.0,variable,0.6049821743605146,0.0,0.18232044198895028,high
2026-04-02,SKU-TEA-002,30,WH-SOUTH,retail,72.0,,,False,1,1,1,0,0,0,1,0,0,0,Easter Holiday,holiday,3,14,4,2,0,0,0,26.0,28.0,39.0,38.0,16.0,32.57142857142857,5.563486402641887,33.714285714285715,4.375255094603927,27.366666666666667,7.937181525876338,15.0,39.0,4.0,-9.0,-1.142857142857146,5.204761904761902,-13.0,10.0,7.0,19.0,0,0.0,variable,0.6049821743605146,0.0,0.18232044198895028,high
2026-04-03,SKU-TEA-002,29,WH-SOUTH,retail,69.6,,,False,1,1,1,0,0,0,1,0,0,0,Easter Holiday,holiday,4,14,4,2,0,0,0,30.0,27.0,35.0,32.0,21.0,31.285714285714285,4.820590756130984,33.142857142857146,4.2941309294851395,27.833333333333332,7.6522853621887235,15.0,39.0,-1.0,-6.0,-1.8571428571428612,3.4523809523809526,-5.0,9.0,7.0,20.0,0,0.0,variable,0.6049821743605146,0.0,0.18232044198895028,high
2026-04-04,SKU-TEA-002,28,WH-SOUTH,online,67.2,,,False,1,1,1,0,0,0,1,0,0,0,Easter Holiday,holiday,5,14,4,2,1,0,0,29.0,26.0,34.0,32.0,21.0,30.428571428571427,4.577377082170664,32.92857142857143,4.42830555742155,28.1,7.544580151020492,15.0,39.0,-1.0,-6.0,-2.5000000000000036,2.3285714285714256,-5.0,8.0,7.0,21.0,0,0.0,variable,0.6049821743605146,0.0,0.18232044198895028,high
2026-04-05,SKU-TEA-002,36,WH-SOUTH,online,86.4,Easter Holiday,,False,1,1,0,1,0,0,1,0,0,0,Easter Holiday,holiday,6,14,4,2,1,0,0,28.0,30.0,39.0,38.0,15.0,29.571428571428573,4.353433237386471,32.642857142857146,4.61781071766441,28.333333333333332,7.424717959734846,15.0,39.0,8.0,-3.0,-3.071428571428573,1.2380952380952408,-11.0,13.0,7.0,22.0,0,0.0,variable,0.6049821743605146,0.0,0.18232044198895028,high
2026-04-06,SKU-TEA-002,31,WH-SOUTH,retail,74.4,,,False,1,1,0,0,1,0,1,0,0,0,Easter Holiday,holiday,0,15,4,2,0,0,0,36.0,29.0,28.0,37.0,18.0,29.142857142857142,3.2877840272019285,32.5,4.467833754912881,29.033333333333335,7.10746733752769,17.0,39.0,-5.0,3.0,-3.3571428571428577,0.10952380952380736,8.0,18.0,7.0,23.0,0,0.0,variable,0.6049821743605146,0.0,0.18232044198895028,high
2026-04-07,SKU-TEA-002,31,WH-SOUTH,retail,74.4,,,False,0,0,0,0,0,0,0,0,0,0,,,1,15,4,2,0,0,0,31.0,28.0,27.0,33.0,23.0,29.571428571428573,3.3094381626465332,32.07142857142857,4.287087692026063,29.466666666666665,6.801284530466857,17.0,39.0,0.0,4.0,-2.4999999999999964,0.10476190476190794,4.0,8.0,7.0,24.0,0,0.0,variable,0.6049821743605146,0.0,0.18232044198895028,high
2026-04-08,SKU-TEA-002,28,WH-SOUTH,retail,67.2,,,False,0,0,0,0,0,0,0,0,0,0,,,2,15,4,2,0,0,0,31.0,36.0,26.0,34.0,18.0,30.142857142857142,3.132015933791541,31.928571428571427,4.287087692026063,29.733333333333334,6.694997274513791,17.0,39.0,-3.0,2.0,-1.7857142857142847,0.40952380952380807,5.0,13.0,6.0,24.0,0,0.0,variable,0.6049821743605146,0.0,0.18232044198895028,high
2026-04-09,SKU-TEA-002,30,WH-SOUTH,retail,72.0,,,False,0,0,0,0,0,0,0,0,0,0,,,3,15,4,2,0,0,0,28.0,31.0,30.0,39.0,17.0,30.428571428571427,2.760262237369467,31.5,4.363308554120601,30.066666666666666,6.329641997466517,17.0,39.0,2.0,0.0,-1.071428571428573,0.3619047619047606,-2.0,11.0,5.0,24.0,0,0.0,variable,0.6049821743605146,0.0,0.18232044198895028,high
2026-04-10,SKU-TEA-002,30,WH-SOUTH,retail,72.0,,,False,0,0,0,0,0,0,0,0,0,0,,,4,15,4,2,0,0,0,30.0,31.0,29.0,35.0,20.0,30.428571428571427,2.760262237369467,30.857142857142858,3.799942162659966,30.5,5.8294732712904365,17.0,39.0,0.0,1.0,-0.4285714285714306,-0.07142857142857295,1.0,10.0,4.0,24.0,0,0.0,variable,0.6049821743605146,0.0,0.18232044198895028,high
2026-04-11,SKU-TEA-002,30,WH-SOUTH,online,72.0,,,False,0,0,0,0,0,0,0,0,0,0,,,5,15,4,2,1,0,0,30.0,28.0,28.0,34.0,22.0,30.571428571428573,2.699206232527363,30.5,3.6108809920103977,30.833333333333332,5.484041634021219,17.0,39.0,0.0,2.0,0.07142857142857295,-0.2619047619047592,2.0,8.0,3.0,24.0,0,0.0,variable,0.6049821743605146,0.0,0.18232044198895028,high
2026-04-12,SKU-TEA-002,30,WH-SOUTH,online,72.0,,,False,0,0,0,0,0,0,0,0,0,0,,,6,15,4,2,1,0,0,30.0,30.0,36.0,39.0,17.0,30.857142857142858,2.478478796128264,30.214285714285715,3.468064665987787,31.1,5.228238972983221,17.0,39.0,0.0,-6.0,0.6428571428571423,-0.24285714285714377,-6.0,13.0,2.0,24.0,0,0.0,variable,0.6049821743605146,0.0,0.18232044198895028,high
2026-04-13,SKU-TEA-002,32,WH-SOUTH,retail,76.8,,,False,0,0,0,0,0,0,0,0,0,0,,,0,16,4,2,0,0,0,30.0,30.0,31.0,28.0,19.0,30.0,1.0000000000001452,29.571428571428573,2.3766261061328304,31.533333333333335,4.508484976309576,19.0,39.0,2.0,1.0,0.42857142857142705,-1.533333333333335,-1.0,11.0,1.0,24.0,0,0.0,variable,0.6049821743605146,0.0,0.18232044198895028,high
2026-04-14,SKU-TEA-002,34,WH-SOUTH,retail,81.6,,,False,0,0,0,0,0,0,0,0,0,0,,,1,16,4,2,0,0,0,32.0,30.0,31.0,27.0,25.0,30.142857142857142,1.21498579258803,29.857142857142858,2.4133329285816076,31.966666666666665,3.8370546654624405,25.0,39.0,2.0,3.0,0.2857142857142847,-1.8238095238095227,1.0,7.0,0.0,23.0,0,0.0,variable,0.6049821743605146,0.0,0.18232044198895028,high
2026-04-15,SKU-TEA-002,31,WH-SOUTH,retail,74.4,,,False,0,0,0,0,0,0,0,0,0,0,,,2,16,4,2,0,0,0,34.0,30.0,28.0,26.0,33.0,30.571428571428573,1.9023794624227568,30.357142857142858,2.499450489058186,32.266666666666666,3.619233423628904,26.0,39.0,-3.0,3.0,0.2142857142857153,-1.6952380952380928,6.0,1.0,0.0,22.0,0,0.0,variable,0.6049821743605146,0.0,0.18232044198895028,high
2026-04-16,SKU-TEA-002,32,WH-SOUTH,retail,76.8,,,False,0,0,0,0,0,0,0,0,0,0,,,3,16,4,2,0,0,0,31.0,32.0,30.0,30.0,30.0,31.0,1.527525231652035,30.714285714285715,2.163635524139669,32.2,3.6236769285849113,26.0,39.0,1.0,2.0,0.2857142857142847,-1.2000000000000028,1.0,1.0,0.0,21.0,0,0.0,variable,0.6049821743605146,0.0,0.18232044198895028,high
2026-04-17,SKU-TEA-002,34,WH-SOUTH,retail,81.6,,,False,0,0,0,0,0,0,0,0,0,0,,,4,16,4,2,0,0,0,32.0,34.0,30.0,29.0,34.0,31.285714285714285,1.496026483086279,30.857142857142858,2.1788191176077945,32.266666666666666,3.6001277116554964,26.0,39.0,2.0,4.0,0.42857142857142705,-0.980952380952381,2.0,-2.0,0.0,20.0,0,0.0,variable,0.6049821743605146,0.0,0.18232044198895028,high
2026-04-18,SKU-TEA-002,36,WH-SOUTH,online,86.4,,,False,0,0,0,0,0,0,0,0,0,0,,,5,16,4,2,1,0,0,34.0,31.0,30.0,28.0,38.0,31.857142857142858,1.6761634196951263,31.214285714285715,2.2592909516917175,32.266666666666666,3.6001277116554964,26.0,39.0,2.0,6.0,0.6428571428571423,-0.40952380952380807,4.0,-4.0,0.0,19.0,0,0.0,variable,0.6049821743605146,0.0,0.18232044198895028,high
2026-04-19,SKU-TEA-002,34,WH-SOUTH,online,81.6,,,False,0,0,0,0,0,0,0,0,0,0,,,6,16,4,2,1,0,0,36.0,32.0,30.0,36.0,32.0,32.714285714285715,2.0586634591636077,31.785714285714285,2.3916062008158208,32.2,3.5076271574758375,26.0,39.0,-2.0,4.0,0.9285714285714306,0.5142857142857125,6.0,4.0,0.0,18.0,0,0.0,variable,0.6049821743605146,0.0,0.18232044198895028,high
2026-04-20,SKU-TEA-002,34,WH-SOUTH,retail,81.6,,,False,0,0,0,0,0,0,0,0,0,0,,,0,17,4,2,0,0,0,34.0,34.0,32.0,31.0,32.0,33.285714285714285,1.704336206492758,31.642857142857142,2.169974932756522,32.266666666666666,3.5226687897528492,26.0,39.0,0.0,2.0,1.6428571428571423,1.019047619047619,2.0,2.0,0.0,17.0,0,0.0,variable,0.6049821743605146,0.0,0.18232044198895028,high
2026-04-21,SKU-TEA-002,38,WH-SOUTH,retail,91.2,,,False,0,0,0,0,0,0,0,0,0,0,,,1,17,4,2,0,0,0,34.0,36.0,34.0,31.0,38.0,33.57142857142857,1.6183471874254396,31.857142857142858,2.2483204964918855,32.333333333333336,3.5363465789479305,26.0,39.0,4.0,4.0,1.7142857142857117,1.2380952380952337,0.0,-4.0,0.0,16.0,0,0.0,variable,0.6049821743605146,0.0,0.18232044198895028,high
2026-04-22,SKU-TEA-002,34,WH-SOUTH,retail,81.6,,,False,0,0,0,0,0,0,0,0,0,0,,,2,17,4,2,0,0,0,38.0,34.0,31.0,28.0,37.0,34.142857142857146,2.340126166724921,32.357142857142854,2.7625835972633657,32.333333333333336,3.5363465789479305,26.0,39.0,-4.0,3.0,1.7857142857142918,1.8095238095238102,7.0,1.0,0.0,15.0,0,0.0,variable,0.6049821743605146,0.0,0.18232044198895028,high
2026-04-23,SKU-TEA-002,32,WH-SOUTH,retail,76.8,,,False,0,0,0,0,0,0,0,0,0,0,,,3,17,4,2,0,0,0,34.0,34.0,32.0,30.0,33.0,34.57142857142857,1.902379462422733,32.785714285714285,2.4862257904943292,32.233333333333334,3.440963511148792,26.0,39.0,-2.0,0.0,1.7857142857142847,2.338095238095235,2.0,1.0,0.0,14.0,0,0.0,variable,0.6049821743605146,0.0,0.18232044198895028,high
2026-04-24,SKU-TEA-002,34,WH-SOUTH,retail,81.6,,,False,0,0,0,0,0,0,0,0,0,0,,,4,17,4,2,0,0,0,32.0,38.0,34.0,30.0,34.0,34.57142857142857,1.902379462422733,32.92857142857143,2.3685206585315193,32.2,3.4381229843000627,26.0,39.0,2.0,0.0,1.6428571428571388,2.3714285714285666,-2.0,-2.0,0.0,13.0,0,0.0,variable,0.6049821743605146,0.0,0.18232044198895028,high
2026-04-25,SKU-TEA-002,38,WH-SOUTH,online,91.2,,,False,0,0,0,0,0,0,0,0,0,0,,,5,17,4,2,1,0,0,34.0,34.0,36.0,30.0,39.0,34.57142857142857,1.902379462422733,33.214285714285715,2.2249830225307177,32.2,3.4381229843000627,26.0,39.0,4.0,2.0,1.357142857142854,2.3714285714285666,-2.0,-5.0,0.0,12.0,0,0.0,variable,0.6049821743605146,0.0,0.18232044198895028,high
2026-04-26,SKU-TEA-002,35,WH-SOUTH,online,84.0,,,False,0,0,0,0,0,0,0,0,0,0,,,6,17,4,2,1,0,0,38.0,32.0,34.0,30.0,35.0,34.857142857142854,2.267786838055403,33.785714285714285,2.359223191208189,32.166666666666664,3.3741750801142967,26.0,39.0,-3.0,1.0,1.0714285714285694,2.69047619047619,4.0,3.0,0.0,11.0,0,0.0,variable,0.6049821743605146,0.0,0.18232044198895028,high
2026-04-27,SKU-TEA-002,34,WH-SOUTH,retail,81.6,,,False,0,0,0,0,0,0,0,0,0,0,,,0,18,4,2,0,0,0,35.0,34.0,34.0,32.0,34.0,35.0,2.236067977499829,34.142857142857146,2.107026444912577,32.166666666666664,3.3741750801142967,26.0,39.0,-1.0,0.0,0.8571428571428541,2.8333333333333357,1.0,1.0,0.0,10.0,0,0.0,variable,0.6049821743605146,0.0,0.18232044198895028,high
2026-04-28,SKU-TEA-002,40,WH-SOUTH,retail,96.0,,,False,0,0,0,0,0,0,0,0,0,0,,,1,18,4,2,0,0,0,34.0,38.0,38.0,34.0,39.0,35.0,2.236067977499829,34.285714285714285,2.0164161440373767,32.166666666666664,3.3741750801142967,26.0,39.0,6.0,2.0,0.7142857142857153,2.8333333333333357,-4.0,-5.0,0.0,9.0,0,0.0,variable,0.6049821743605146,0.0,0.18232044198895028,high
2026-04-29,SKU-TEA-002,38,WH-SOUTH,retail,91.2,,,False,0,0,0,0,0,0,0,0,0,0,,,2,18,4,2,0,0,0,40.0,35.0,34.0,31.0,28.0,35.285714285714285,2.751622897751205,34.714285714285715,2.5246042013802645,32.2,3.448137928275745,26.0,40.0,-2.0,4.0,0.5714285714285694,3.085714285714282,6.0,12.0,0.0,8.0,0,0.0,variable,0.6049821743605146,0.0,0.18232044198895028,high
2026-04-30,SKU-TEA-002,34,WH-SOUTH,retail,81.6,,,False,0,0,0,0,0,0,0,0,0,0,,,3,18,4,2,0,0,1,38.0,34.0,32.0,32.0,27.0,35.857142857142854,2.853569193634052,35.214285714285715,2.4235565546582354,32.53333333333333,3.5109025594010927,26.0,40.0,-4.0,2.0,0.6428571428571388,3.3238095238095227,6.0,11.0,0.0,7.0,0,0.0,variable,0.6049821743605146,0.0,0.18232044198895028,high
2026-05-01,SKU-TEA-002,36,WH-SOUTH,retail,86.4,,,False,0,0,0,0,0,0,0,0,0,0,,,4,18,5,2,0,1,0,34.0,40.0,34.0,34.0,26.0,36.142857142857146,2.4784787961282393,35.357142857142854,2.273835893447502,32.766666666666666,3.359837160805027,26.0,40.0,2.0,2.0,0.7857142857142918,3.37619047619048,0.0,8.0,0.0,6.0,0,0.0,variable,0.6049821743605146,0.0,0.18232044198895028,high
2026-05-02,SKU-TEA-002,43,WH-SOUTH,online,103.2,,,False,0,0,0,0,0,0,0,0,0,0,,,5,18,5,2,1,0,0,36.0,38.0,38.0,36.0,30.0,36.42857142857143,2.29906813420447,35.5,2.2446517632947147,33.1,3.155181835297776,28.0,40.0,7.0,5.0,0.9285714285714306,3.328571428571429,-2.0,6.0,0.0,5.0,0,0.0,variable,0.6049821743605146,0.0,0.18232044198895028,high
2026-05-03,SKU-TEA-002,39,WH-SOUTH,online,93.6,,,False,0,0,0,0,0,0,0,0,0,0,,,6,18,5,2,1,0,0,43.0,34.0,35.0,34.0,29.0,37.142857142857146,3.387652649872858,36.0,3.012793235010266,33.53333333333333,3.578993629820928,28.0,43.0,-4.0,4.0,1.142857142857146,3.6095238095238145,8.0,14.0,0.0,4.0,0,0.0,variable,0.6049821743605146,0.0,0.18232044198895028,high
2026-05-04,SKU-TEA-002,36,WH-SOUTH,retail,86.4,,,False,0,0,0,0,0,0,0,0,0,0,,,0,19,5,2,0,0,0,39.0,36.0,34.0,34.0,28.0,37.714285714285715,3.302235894778265,36.357142857142854,3.053551346248558,33.86666666666667,3.60778213782691,28.0,43.0,-3.0,2.0,1.3571428571428612,3.847619047619048,5.0,11.0,0.0,3.0,0,0.0,variable,0.6049821743605146,0.0,0.18232044198895028,high
2026-05-05,SKU-TEA-002,43,WH-SOUTH,retail,103.2,,,False,0,0,0,0,0,0,0,0,0,0,,,1,19,5,2,0,0,0,36.0,43.0,40.0,38.0,36.0,38.0,3.0000000000000155,36.5,2.9807071953843343,34.13333333333333,3.451469785201782,28.0,43.0,7.0,3.0,1.5,3.866666666666667,-4.0,0.0,0.0,2.0,0,0.0,variable,0.6049821743605146,0.0,0.18232044198895028,high
2026-05-06,SKU-TEA-002,42,WH-SOUTH,retail,100.8,,,False,0,0,0,0,0,0,0,0,0,0,,,2,19,5,2,0,0,0,43.0,39.0,38.0,34.0,31.0,38.42857142857143,3.505098327538667,36.857142857142854,3.4386299341709328,34.36666666666667,3.8009375733865345,28.0,43.0,-1.0,4.0,1.5714285714285765,4.0619047619047635,5.0,12.0,0.0,1.0,0,0.0,variable,0.6049821743605146,0.0,0.18232044198895028,high
2026-05-07,SKU-TEA-002,37,WH-SOUTH,retail,88.8,,,False,0,0,0,0,0,0,0,0,0,0,,,3,19,5,2,0,0,0,42.0,36.0,34.0,32.0,31.0,39.0,3.741657386773948,37.42857142857143,3.5887492081673056,34.733333333333334,3.9907940039056253,28.0,43.0,-5.0,3.0,1.5714285714285694,4.266666666666666,8.0,11.0,0.0,0.0,0,0.0,variable,0.6049821743605146,0.0,0.18232044198895028,high
2026-05-08,SKU-TEA-002,37,WH-SOUTH,retail,88.8,,,False,0,0,0,0,0,0,0,0,0,0,,,4,19,5,2,0,0,0,37.0,43.0,36.0,34.0,28.0,39.42857142857143,3.207134902949097,37.785714285714285,3.2386742641104838,34.93333333333333,3.9473547085867753,28.0,43.0,0.0,1.0,1.642857142857146,4.495238095238101,1.0,9.0,0.0,0.0,0,0.0,variable,0.6049821743605146,0.0,0.18232044198895028,high
2026-05-09,SKU-TEA-002,44,WH-SOUTH,online,105.6,,,False,0,0,0,0,0,0,0,0,0,0,,,5,19,5,2,1,0,0,37.0,42.0,43.0,38.0,30.0,39.57142857142857,3.047247001100224,38.0,3.063431961806233,35.233333333333334,3.73873787788608,30.0,43.0,7.0,1.0,1.5714285714285694,4.338095238095235,-6.0,7.0,0.0,0.0,0,0.0,variable,0.6049821743605146,0.0,0.18232044198895028,high
2026-05-10,SKU-TEA-002,41,WH-SOUTH,online,98.4,,,False,0,0,0,0,0,0,0,0,0,0,,,6,19,5,2,1,0,0,44.0,37.0,39.0,35.0,30.0,39.714285714285715,3.251373336211729,38.42857142857143,3.457751286030354,35.7,3.9317452472985877,30.0,44.0,-3.0,2.0,1.2857142857142847,4.0142857142857125,5.0,14.0,0.0,0.0,0,0.0,variable,0.6049821743605146,0.0,0.18232044198895028,high
2026-05-11,SKU-TEA-002,36,WH-SOUTH,retail,86.4,,,False,0,0,0,0,0,0,0,0,0,0,,,0,20,5,2,0,0,0,41.0,37.0,36.0,34.0,30.0,40.0,3.265986323710905,38.857142857142854,3.370851133265601,36.06666666666667,3.894588051637024,30.0,44.0,-5.0,0.0,1.142857142857146,3.93333333333333,5.0,11.0,0.0,0.0,0,0.0,variable,0.6049821743605146,0.0,0.18232044198895028,high
2026-05-12,SKU-TEA-002,42,WH-SOUTH,retail,100.8,,,False,0,0,0,0,0,0,0,0,0,0,,,1,20,5,2,0,0,0,36.0,44.0,43.0,40.0,30.0,40.0,3.265986323710905,39.0,3.186510027262864,36.266666666666666,3.72256245943136,30.0,44.0,6.0,-1.0,1.0,3.7333333333333343,-7.0,6.0,0.0,0.0,0,0.0,variable,0.6049821743605146,0.0,0.18232044198895028,high
2026-05-13,SKU-TEA-002,44,WH-SOUTH,retail,105.6,,,False,0,0,0,0,0,0,0,0,0,0,,,2,20,5,2,0,0,0,42.0,41.0,42.0,38.0,32.0,39.857142857142854,3.1320159337914966,39.142857142857146,3.2783002832646946,36.666666666666664,3.670322106820587,31.0,44.0,2.0,2.0,0.7142857142857082,3.19047619047619,0.0,10.0,0.0,0.0,0,0.0,variable,0.6049821743605146,0.0,0.18232044198895028,high
2026-05-14,SKU-TEA-002,38,WH-SOUTH,retail,91.2,,,False,0,0,0,0,0,0,0,0,0,0,,,3,20,5,2,0,0,0,44.0,36.0,37.0,34.0,34.0,40.142857142857146,3.4364987719368973,39.57142857142857,3.5019617735973227,37.06666666666667,3.7959445994770067,31.0,44.0,-6.0,1.0,0.5714285714285765,3.076190476190476,7.0,10.0,0.0,0.0,0,0.0,variable,0.6049821743605146,0.0,0.18232044198895028,high
2026-05-15,SKU-TEA-002,37,WH-SOUTH,retail,88.8,,,False,0,0,0,0,0,0,0,0,0,0,,,4,20,5,2,0,0,0,38.0,42.0,37.0,36.0,31.0,40.285714285714285,3.302235894778247,39.857142857142854,3.1588007183142515,37.2,3.7545374847160238,31.0,44.0,-1.0,0.0,0.4285714285714306,3.085714285714282,1.0,7.0,0.0,0.0,0,0.0,variable,0.6049821743605146,0.0,0.18232044198895028,high
2026-05-16,SKU-TEA-002,47,WH-SOUTH,online,112.8,,,False,0,0,0,0,0,0,0,0,0,0,,,5,20,5,2,1,0,0,37.0,44.0,44.0,43.0,32.0,40.285714285714285,3.302235894778247,39.92857142857143,3.075068122179509,37.4,3.5680575223443927,32.0,44.0,10.0,3.0,0.3571428571428541,2.885714285714286,-7.0,5.0,0.0,0.0,0,0.0,variable,0.6049821743605146,0.0,0.18232044198895028,high
2026-05-17,SKU-TEA-002,46,WH-SOUTH,online,110.4,,,False,0,0,0,0,0,0,0,0,0,0,,,6,20,5,2,1,0,0,47.0,38.0,41.0,39.0,34.0,40.714285714285715,3.9880774697543004,40.214285714285715,3.533979483388613,37.9,3.8268560968772607,32.0,47.0,-1.0,5.0,0.5,2.8142857142857167,6.0,13.0,0.0,0.0,0,0.0,variable,0.6049821743605146,0.0,0.18232044198895028,high
2026-05-18,SKU-TEA-002,39,WH-SOUTH,retail,93.6,,,False,0,0,0,0,0,0,0,0,0,0,,,0,21,5,2,0,0,0,46.0,37.0,36.0,36.0,36.0,41.42857142857143,4.466808810815712,40.714285714285715,3.8316208947806083,38.3,4.027063617489808,32.0,47.0,-7.0,3.0,0.7142857142857153,3.1285714285714334,10.0,10.0,0.0,0.0,0,0.0,variable,0.6049821743605146,0.0,0.18232044198895028,high
2026-05-19,SKU-TEA-002,45,WH-SOUTH,retail,108.0,,,False,0,0,0,0,0,0,0,0,0,0,,,1,21,5,2,0,0,0,39.0,47.0,42.0,43.0,34.0,41.857142857142854,3.976119189552007,40.92857142857143,3.6260655879826995,38.4,4.005169073877478,32.0,47.0,6.0,3.0,0.9285714285714235,3.4571428571428555,-3.0,5.0,0.0,0.0,0,0.0,variable,0.6049821743605146,0.0,0.18232044198895028,high
2026-05-20,SKU-TEA-002,48,WH-SOUTH,retail,115.2,,,False,1,1,1,0,0,0,1,0,0,0,Memorial Day,holiday,2,21,5,2,0,0,0,45.0,46.0,44.0,42.0,34.0,42.285714285714285,4.151878519188045,41.07142857142857,3.751190287286056,38.766666666666666,4.091061183751122,32.0,47.0,3.0,4.0,1.2142857142857153,3.519047619047619,1.0,11.0,0.0,0.0,0,0.0,variable,0.6049821743605146,0.0,0.18232044198895028,high
2026-05-21,SKU-TEA-002,42,WH-SOUTH,retail,100.8,,,False,1,1,1,0,0,0,1,0,0,0,Memorial Day,holiday,3,21,5,2,0,0,0,48.0,39.0,38.0,37.0,38.0,42.857142857142854,4.6700667885506375,41.5,4.183300132670459,39.233333333333334,4.320626817020157,32.0,48.0,-6.0,4.0,1.357142857142854,3.62380952380952,10.0,10.0,1.0,1.0,0,0.0,variable,0.6049821743605146,0.0,0.18232044198895028,high
2026-05-22,SKU-TEA-002,38,WH-SOUTH,retail,91.2,,,False,1,1,1,0,0,0,1,0,0,0,Memorial Day,holiday,4,21,5,2,0,0,0,42.0,45.0,37.0,37.0,34.0,43.42857142857143,4.197504927816935,41.857142857142854,3.9779612647908595,39.36666666666667,4.342916018095398,32.0,48.0,-4.0,1.0,1.5714285714285765,4.0619047619047635,5.0,8.0,2.0,2.0,0,0.0,variable,0.6049821743605146,0.0,0.18232044198895028,high
2026-05-23,SKU-TEA-002,47,WH-SOUTH,online,112.8,,,False,1,1,1,0,0,0,1,0,0,0,Memorial Day,holiday,5,21,5,2,1,0,0,38.0,48.0,47.0,44.0,32.0,43.57142857142857,3.952094080237394,41.92857142857143,3.892088340255437,39.5,4.232468913465045,32.0,48.0,9.0,0.0,1.6428571428571388,4.071428571428569,-9.0,6.0,3.0,3.0,0,0.0,variable,0.6049821743605146,0.0,0.18232044198895028,high
2026-05-24,SKU-TEA-002,48,WH-SOUTH,online,115.2,,,False,1,1,1,0,0,0,1,0,0,0,Memorial Day,holiday,6,21,5,2,1,0,0,47.0,42.0,46.0,41.0,34.0,43.57142857142857,3.952094080237394,42.142857142857146,4.09234074183143,40.0,4.201805851511082,34.0,48.0,1.0,2.0,1.4285714285714235,3.5714285714285694,1.0,13.0,4.0,4.0,0,0.0,variable,0.6049821743605146,0.0,0.18232044198895028,high
2026-05-25,SKU-TEA-002,53,WH-SOUTH,retail,127.2,Memorial Day,,False,1,1,0,1,0,0,1,0,0,0,Memorial Day,holiday,0,22,5,2,0,0,0,48.0,38.0,39.0,36.0,38.0,43.857142857142854,4.220133150686555,42.642857142857146,4.360789322643802,40.46666666666667,4.288986162119227,34.0,48.0,5.0,14.0,1.2142857142857082,3.3904761904761855,9.0,10.0,5.0,5.0,0,0.0,variable,0.6049821743605146,0.0,0.18232044198895028,high
2026-05-26,SKU-TEA-002,44,WH-SOUTH,retail,105.6,,,False,1,1,0,0,1,0,1,0,0,0,Memorial Day,holiday,1,22,5,2,0,0,0,53.0,47.0,45.0,42.0,35.0,45.857142857142854,4.810702354423612,43.857142857142854,4.720774754816729,40.96666666666667,4.831529588124154,34.0,53.0,-9.0,-1.0,2.0,4.8904761904761855,8.0,18.0,6.0,6.0,0,0.0,variable,0.6049821743605146,0.0,0.18232044198895028,high
2026-05-27,SKU-TEA-002,48,WH-SOUTH,retail,115.2,,,False,0,0,0,0,0,0,0,0,0,0,,,2,22,5,2,0,0,0,44.0,48.0,48.0,44.0,34.0,45.714285714285715,4.855041562276096,44.0,4.6904157598235,41.266666666666666,4.726545237809225,34.0,53.0,4.0,0.0,1.7142857142857153,4.44761904761905,-4.0,10.0,7.0,7.0,0,0.0,variable,0.6049821743605146,0.0,0.18232044198895028,high
2026-05-28,SKU-TEA-002,44,WH-SOUTH,retail,105.6,,,False,0,0,0,0,0,0,0,0,0,0,,,3,22,5,2,0,0,0,48.0,53.0,42.0,38.0,40.0,45.714285714285715,4.855041562276096,44.285714285714285,4.810702354423706,41.733333333333334,4.675197457259681,34.0,53.0,-4.0,2.0,1.4285714285714306,3.980952380952381,6.0,8.0,6.0,7.0,0,0.0,variable,0.6049821743605146,0.0,0.18232044198895028,high
2026-05-29,SKU-TEA-002,38,WH-SOUTH,retail,91.2,,,False,0,0,0,0,0,0,0,0,0,0,,,4,22,5,2,0,0,0,44.0,44.0,38.0,37.0,38.0,46.0,4.654746681256285,44.714285714285715,4.462296260008804,41.86666666666667,4.6810942821268275,34.0,53.0,-6.0,0.0,1.2857142857142847,4.133333333333333,6.0,6.0,5.0,7.0,0,0.0,variable,0.6049821743605146,0.0,0.18232044198895028,high
2026-05-30,SKU-TEA-002,48,WH-SOUTH,online,115.2,,,False,0,0,0,0,0,0,0,0,0,0,,,5,22,5,2,1,0,0,38.0,48.0,47.0,47.0,34.0,46.0,4.654746681256285,44.785714285714285,4.3355164971089595,41.86666666666667,4.6810942821268275,34.0,53.0,10.0,1.0,1.2142857142857153,4.133333333333333,-9.0,4.0,4.0,7.0,0,0.0,variable,0.6049821743605146,0.0,0.18232044198895028,high
2026-05-31,SKU-TEA-002,51,WH-SOUTH,online,122.4,,,False,0,0,0,0,0,0,0,0,0,0,,,6,22,5,2,1,0,1,48.0,44.0,48.0,46.0,36.0,46.142857142857146,4.705619740571573,44.857142857142854,4.382783500104911,42.333333333333336,4.566242953746901,36.0,53.0,3.0,3.0,1.2857142857142918,3.80952380952381,0.0,12.0,3.0,7.0,0,0.0,variable,0.6049821743605146,0.0,0.18232044198895028,high
2026-06-01,SKU-TEA-002,42,WH-SOUTH,retail,100.8,,,False,0,0,0,0,0,0,0,0,0,0,,,0,23,6,2,0,1,0,51.0,38.0,53.0,39.0,43.0,46.57142857142857,5.028490259085126,45.214285714285715,4.676924884325921,42.833333333333336,4.6689239204245085,36.0,53.0,-9.0,-11.0,1.357142857142854,3.7380952380952337,-2.0,8.0,2.0,7.0,0,0.0,variable,0.6049821743605146,0.0,0.18232044198895028,high
2026-06-02,SKU-TEA-002,45,WH-SOUTH,retail,108.0,,,False,0,0,0,0,0,0,0,0,0,0,,,1,23,6,2,0,0,0,42.0,48.0,44.0,45.0,39.0,45.0,4.358898943540649,45.42857142857143,4.432646122617088,42.8,4.671262105167289,36.0,53.0,3.0,1.0,-0.4285714285714306,2.200000000000003,-2.0,3.0,1.0,7.0,0,0.0,variable,0.6049821743605146,0.0,0.18232044198895028,high
2026-06-03,SKU-TEA-002,51,WH-SOUTH,retail,122.4,,,False,0,0,0,0,0,0,0,0,0,0,,,2,23,6,2,0,0,0,45.0,51.0,48.0,48.0,36.0,45.142857142857146,4.336994790119489,45.42857142857143,4.432646122617088,43.0,4.631228331886528,36.0,53.0,6.0,3.0,-0.2857142857142847,2.142857142857146,-3.0,9.0,0.0,7.0,0,0.0,variable,0.6049821743605146,0.0,0.18232044198895028,high
2026-06-04,SKU-TEA-002,48,WH-SOUTH,retail,115.2,,,False,0,0,0,0,0,0,0,0,0,0,,,3,23,6,2,0,0,0,51.0,42.0,44.0,42.0,43.0,45.57142857142857,4.7908643220593,45.642857142857146,4.634438690717856,43.5,4.659066060030016,36.0,53.0,-3.0,4.0,-0.0714285714285765,2.0714285714285694,7.0,8.0,0.0,7.0,0,0.0,variable,0.6049821743605146,0.0,0.18232044198895028,high
2026-06-05,SKU-TEA-002,41,WH-SOUTH,retail,98.4,,,False,0,0,0,0,0,0,0,0,0,0,,,4,23,6,2,0,0,0,48.0,45.0,38.0,38.0,42.0,46.142857142857146,4.810702354423611,46.07142857142857,4.548275847704693,43.666666666666664,4.729462558468297,36.0,53.0,-7.0,3.0,0.0714285714285765,2.4761904761904816,10.0,6.0,0.0,7.0,0,0.0,variable,0.6049821743605146,0.0,0.18232044198895028,high
2026-06-06,SKU-TEA-002,48,WH-SOUTH,online,115.2,,,False,0,0,0,0,0,0,0,0,0,0,,,5,23,6,2,1,0,0,41.0,51.0,48.0,47.0,37.0,46.57142857142857,4.035556254807261,46.285714285714285,4.195759240518487,43.63333333333333,4.745112427964426,36.0,53.0,7.0,0.0,0.2857142857142847,2.9380952380952365,-7.0,4.0,0.0,7.0,0,0.0,variable,0.6049821743605146,0.0,0.18232044198895028,high
2026-06-07,SKU-TEA-002,52,WH-SOUTH,online,124.8,,,False,0,0,0,0,0,0,0,0,0,0,,,6,23,6,2,1,0,0,48.0,48.0,51.0,48.0,37.0,46.57142857142857,4.035556254807261,46.357142857142854,4.217311262607367,44.0,4.63866806091035,36.0,53.0,4.0,1.0,0.2142857142857153,2.5714285714285694,-3.0,11.0,0.0,7.0,0,0.0,variable,0.6049821743605146,0.0,0.18232044198895028,high
2026-06-08,SKU-TEA-002,44,WH-SOUTH,retail,105.6,,,False,0,0,0,0,0,0,0,0,0,0,,,0,24,6,2,0,0,0,52.0,41.0,42.0,53.0,44.0,46.714285714285715,4.231401884099597,46.642857142857146,4.465373493848091,44.5,4.666461407636939,36.0,53.0,-8.0,2.0,0.0714285714285694,2.2142857142857153,10.0,8.0,0.0,7.0,0,0.0,variable,0.6049821743605146,0.0,0.18232044198895028,high
2026-06-09,SKU-TEA-002,45,WH-SOUTH,retail,108.0,,,False,0,0,0,0,0,0,0,0,0,0,,,1,24,6,2,0,0,0,44.0,48.0,45.0,44.0,41.0,47.0,3.9157800414902044,46.0,4.1137667560372915,44.5,4.666461407636939,36.0,53.0,1.0,0.0,1.0,2.5,-1.0,3.0,0.0,7.0,0,0.0,variable,0.6049821743605146,0.0,0.18232044198895028,high
2026-06-10,SKU-TEA-002,49,WH-SOUTH,retail,117.6,,,False,0,0,0,0,0,0,0,0,0,0,,,2,24,6,2,0,0,0,45.0,52.0,51.0,48.0,36.0,47.0,3.915780041490205,46.07142857142857,4.084949594158274,44.63333333333333,4.619921878226831,36.0,53.0,4.0,-2.0,0.9285714285714306,2.366666666666667,-6.0,9.0,0.0,7.0,0,0.0,variable,0.6049821743605146,0.0,0.18232044198895028,high
2026-06-11,SKU-TEA-002,48,WH-SOUTH,retail,115.2,,,False,0,0,0,0,0,0,0,0,0,0,,,3,24,6,2,0,0,0,49.0,44.0,48.0,44.0,42.0,46.714285714285715,3.6384193323605443,46.142857142857146,4.129763317061368,45.06666666666667,4.3859755595756305,37.0,53.0,-1.0,0.0,0.5714285714285694,1.6476190476190453,1.0,7.0,0.0,7.0,0,0.0,variable,0.6049821743605146,0.0,0.18232044198895028,high
2026-06-12,SKU-TEA-002,41,WH-SOUTH,retail,98.4,,,False,0,0,0,0,0,0,0,0,0,0,,,4,24,6,2,0,0,0,48.0,45.0,41.0,38.0,44.0,46.714285714285715,3.6384193323605443,46.42857142857143,4.108420728104845,45.266666666666666,4.378106450504987,37.0,53.0,-7.0,0.0,0.2857142857142847,1.4476190476190496,7.0,4.0,0.0,7.0,0,0.0,variable,0.6049821743605146,0.0,0.18232044198895028,high
2026-06-13,SKU-TEA-002,47,WH-SOUTH,online,112.8,,,False,0,0,0,0,0,0,0,0,0,0,,,5,24,6,2,1,0,0,41.0,49.0,48.0,48.0,38.0,46.714285714285715,3.6384193323605443,46.642857142857146,3.692135985018537,45.166666666666664,4.441833524285959,37.0,53.0,6.0,-1.0,0.0714285714285694,1.547619047619051,-7.0,3.0,0.0,7.0,0,0.0,variable,0.6049821743605146,0.0,0.18232044198895028,high
2026-06-14,SKU-TEA-002,53,WH-SOUTH,online,127.2,,,False,0,0,0,0,0,0,0,0,0,0,,,6,24,6,2,1,0,0,47.0,48.0,52.0,51.0,37.0,46.57142857142857,3.5989416433697103,46.57142857142857,3.6734868305883666,45.46666666666667,4.2404727561206705,37.0,53.0,6.0,1.0,0.0,1.1047619047619008,-5.0,10.0,0.0,7.0,0,0.0,variable,0.6049821743605146,0.0,0.18232044198895028,high
2026-06-15,SKU-TEA-002,46,WH-SOUTH,retail,110.4,,,False,0,0,0,0,0,0,0,0,0,0,,,0,25,6,2,0,0,0,53.0,41.0,44.0,42.0,47.0,46.714285714285715,3.8606685826112566,46.714285714285715,3.891382420536154,46.0,4.14396112350282,38.0,53.0,-7.0,2.0,0.0,0.7142857142857153,9.0,6.0,0.0,7.0,0,0.0,variable,0.6049821743605146,0.0,0.18232044198895028,high
2026-06-16,SKU-TEA-002,46,WH-SOUTH,retail,110.4,,,False,0,0,0,0,0,0,0,0,0,0,,,1,25,6,2,0,0,0,46.0,47.0,45.0,45.0,46.0,47.0,3.69684550213643,47.0,3.6584990617213595,45.96666666666667,4.139659600642873,38.0,53.0,0.0,1.0,0.0,1.0333333333333314,1.0,0.0,0.0,7.0,0,0.0,variable,0.6049821743605146,0.0,0.18232044198895028,high
2026-06-17,SKU-TEA-002,50,WH-SOUTH,retail,120.0,,,False,0,0,0,0,0,0,0,0,0,0,,,2,25,6,2,0,0,0,46.0,53.0,49.0,51.0,39.0,47.142857142857146,3.625307868699818,47.07142857142857,3.6260655879827013,45.96666666666667,4.139659600642873,38.0,53.0,4.0,1.0,0.0714285714285765,1.1761904761904773,-3.0,7.0,0.0,7.0,0,0.0,variable,0.6049821743605146,0.0,0.18232044198895028,high
2026-06-18,SKU-TEA-002,148,WH-SOUTH,retail,355.2,Anomaly,Heat wave bulk order spike,False,0,0,0,0,0,0,0,0,0,0,,,3,25,6,2,0,0,0,50.0,46.0,48.0,48.0,45.0,47.285714285714285,3.728908942943172,47.0,3.5518142709586176,46.333333333333336,3.985606286534541,38.0,53.0,98.0,100.0,0.2857142857142847,0.952380952380949,2.0,5.0,0.0,7.0,0,0.0,variable,0.6049821743605146,0.0,0.18232044198895028,high
2026-06-19,SKU-TEA-002,44,WH-SOUTH,retail,105.6,,,False,0,0,0,0,0,0,0,0,0,0,,,4,25,6,2,0,0,0,148.0,46.0,41.0,41.0,48.0,61.57142857142857,38.292110339934425,54.142857142857146,27.24492088969456,49.766666666666666,18.97490781102192,38.0,148.0,-104.0,3.0,7.4285714285714235,11.804761904761904,107.0,100.0,0.0,7.0,1,1.0,variable,0.6049821743605146,0.0,0.18232044198895028,high
2026-06-20,SKU-TEA-002,48,WH-SOUTH,online,115.2,,,False,0,0,0,0,0,0,0,0,0,0,,,5,25,6,2,1,0,0,44.0,50.0,47.0,48.0,42.0,62.0,38.039453203220454,54.357142857142854,27.145213894214173,49.63333333333333,19.00178455019299,38.0,148.0,4.0,1.0,7.642857142857146,12.366666666666667,-3.0,2.0,0.0,6.0,1,1.0,variable,0.6049821743605146,0.0,0.18232044198895028,high
2026-06-21,SKU-TEA-002,53,WH-SOUTH,online,127.2,,,False,0,0,0,0,0,0,0,0,0,0,,,6,25,6,2,1,0,0,48.0,148.0,53.0,52.0,38.0,62.142857142857146,37.975556047842886,54.357142857142854,27.145213894214173,49.833333333333336,18.950176658867797,38.0,148.0,5.0,0.0,7.785714285714292,12.30952380952381,-5.0,10.0,0.0,5.0,1,1.0,variable,0.6049821743605146,0.0,0.18232044198895028,high
2026-06-22,SKU-TEA-002,48,WH-SOUTH,retail,115.2,,,False,0,0,0,0,0,0,0,0,0,0,,,0,26,6,2,0,0,0,53.0,44.0,46.0,44.0,47.0,62.142857142857146,37.975556047842886,54.42857142857143,27.13984945742016,50.333333333333336,18.824659786884677,38.0,148.0,-5.0,2.0,7.714285714285715,11.80952380952381,7.0,6.0,0.0,4.0,1,1.0,variable,0.6049821743605146,0.0,0.18232044198895028,high
2026-06-23,SKU-TEA-002,47,WH-SOUTH,retail,112.8,,,False,0,0,0,0,0,0,0,0,0,0,,,1,26,6,2,0,0,0,48.0,48.0,46.0,45.0,48.0,62.42857142857143,37.84114666540088,54.714285714285715,27.042498096453738,50.36666666666667,18.819438471107876,38.0,148.0,-1.0,1.0,7.714285714285715,12.061904761904763,2.0,0.0,0.0,3.0,1,1.0,variable,0.6049821743605146,0.0,0.18232044198895028,high
2026-06-24,SKU-TEA-002,48,WH-SOUTH,retail,115.2,,,False,0,0,0,0,0,0,0,0,0,0,,,2,26,6,2,0,0,0,47.0,53.0,50.0,49.0,53.0,62.57142857142857,37.77061089814469,54.857142857142854,26.992469442298297,50.333333333333336,18.824659786884677,38.0,148.0,1.0,-2.0,7.714285714285715,12.238095238095234,-3.0,-6.0,0.0,2.0,1,1.0,variable,0.6049821743605146,0.0,0.18232044198895028,high
2026-06-25,SKU-TEA-002,50,WH-SOUTH,retail,120.0,,,False,0,0,0,0,0,0,0,0,0,0,,,3,26,6,2,0,0,0,48.0,48.0,148.0,48.0,44.0,62.285714285714285,37.888935437293924,54.785714285714285,27.010478227272003,50.166666666666664,18.82236991442367,38.0,148.0,2.0,-98.0,7.5,12.11904761904762,-100.0,4.0,0.0,1.0,1,1.0,variable,0.6049821743605146,0.0,0.18232044198895028,high
2026-06-26,SKU-TEA-002,44,WH-SOUTH,retail,105.6,,,False,0,0,0,0,0,0,0,0,0,0,,,4,26,6,2,0,0,0,50.0,47.0,44.0,41.0,48.0,48.285714285714285,2.7516228977511163,54.92857142857143,26.977096512852103,50.36666666666667,18.786428214470952,38.0,148.0,-6.0,0.0,-6.642857142857146,-2.0809523809523824,6.0,2.0,0.0,0.0,0,1.0,variable,0.6049821743605146,0.0,0.18232044198895028,high
2026-06-27,SKU-TEA-002,47,WH-SOUTH,online,112.8,,,False,0,0,0,0,0,0,0,0,0,0,,,5,26,6,2,1,0,0,44.0,48.0,48.0,47.0,44.0,48.285714285714285,2.7516228977511163,55.142857142857146,26.869648713334957,50.233333333333334,18.81797257820358,38.0,148.0,3.0,-1.0,-6.857142857142861,-1.9476190476190496,-4.0,0.0,0.0,0.0,0,1.0,variable,0.6049821743605146,0.0,0.18232044198895028,high
2026-06-28,SKU-TEA-002,51,WH-SOUTH,online,122.4,,,False,0,0,0,0,0,0,0,0,0,0,,,6,26,6,2,1,0,0,47.0,50.0,53.0,53.0,38.0,48.142857142857146,2.7945525240230316,55.142857142857146,26.869648713334957,50.333333333333336,18.791658702243613,38.0,148.0,4.0,-2.0,-7.0,-2.19047619047619,-6.0,9.0,0.0,0.0,0,1.0,variable,0.6049821743605146,0.0,0.18232044198895028,high
2026-06-29,SKU-TEA-002,49,WH-SOUTH,retail,117.6,,,False,0,0,0,0,0,0,0,0,0,0,,,0,27,6,2,0,0,0,51.0,44.0,48.0,46.0,48.0,47.857142857142854,2.2677868380552977,55.0,26.88722888144254,50.766666666666666,18.64677717061513,41.0,148.0,-2.0,1.0,-7.142857142857146,-2.9095238095238116,3.0,3.0,0.0,0.0,0,1.0,variable,0.6049821743605146,0.0,0.18232044198895028,high
2026-06-30,SKU-TEA-002,48,WH-SOUTH,retail,115.2,,,False,0,0,0,0,0,0,0,0,0,0,,,1,27,6,2,0,0,1,49.0,47.0,47.0,46.0,51.0,48.0,2.3094010767584368,55.214285714285715,26.82185839780847,50.8,18.642554213041887,41.0,148.0,-1.0,1.0,-7.214285714285715,-2.799999999999997,2.0,-2.0,0.0,0.0,0,1.0,variable,0.6049821743605146,0.0,0.18232044198895028,high
2026-01-01,SKU-UMR-007,6,WH-NORTH,retail,66.0,,,False,1,1,0,1,0,0,1,0,0,0,New Year Holiday,holiday,3,1,1,1,0,1,0,,,,,,,,,,,,,,,,,,,,0.0,0.0,0,0.0,smooth,0.19826518729302683,0.0,0.08287292817679558,high
2026-01-02,SKU-UMR-007,8,WH-NORTH,retail,88.0,,,False,1,1,0,0,1,0,1,0,0,0,New Year Holiday,holiday,4,1,1,1,0,0,0,6.0,,,,,6.0,,6.0,,6.0,,6.0,6.0,2.0,,0.0,0.0,,,1.0,1.0,0,0.0,smooth,0.19826518729302683,0.0,0.08287292817679558,high
2026-01-03,SKU-UMR-007,6,WH-NORTH,online,66.0,,,False,0,0,0,0,0,0,0,0,0,0,,,5,1,1,1,1,0,0,8.0,,,,,7.0,1.4142135623730951,7.0,1.4142135623730951,7.0,1.4142135623730951,6.0,8.0,-2.0,,0.0,0.0,,,2.0,2.0,0,0.0,smooth,0.19826518729302683,0.0,0.08287292817679558,high
2026-01-04,SKU-UMR-007,6,WH-NORTH,online,66.0,,,False,0,0,0,0,0,0,0,0,0,0,,,6,1,1,1,1,0,0,6.0,6.0,,,,6.666666666666667,1.1547005383792517,6.666666666666667,1.1547005383792517,6.666666666666667,1.1547005383792517,6.0,8.0,0.0,,0.0,0.0,,,2.0,2.0,0,0.0,smooth,0.19826518729302683,0.0,0.08287292817679558,high
2026-01-05,SKU-UMR-007,8,WH-NORTH,retail,88.0,,,False,0,0,0,0,0,0,0,0,0,0,,,0,2,1,1,0,0,0,6.0,8.0,,,,6.5,1.0,6.5,1.0,6.5,1.0,6.0,8.0,2.0,,0.0,0.0,,,2.0,2.0,0,0.0,smooth,0.19826518729302683,0.0,0.08287292817679558,high
2026-01-06,SKU-UMR-007,7,WH-NORTH,retail,77.0,,,False,0,0,0,0,0,0,0,0,0,0,,,1,2,1,1,0,0,0,8.0,6.0,,,,6.8,1.0954451150103324,6.8,1.0954451150103324,6.8,1.0954451150103324,6.0,8.0,-1.0,,0.0,0.0,,,2.0,2.0,0,0.0,smooth,0.19826518729302683,0.0,0.08287292817679558,high
2026-01-07,SKU-UMR-007,5,WH-NORTH,retail,55.0,,,False,0,0,0,0,0,0,0,0,0,0,,,2,2,1,1,0,0,0,7.0,6.0,,,,6.833333333333333,0.9831920802501751,6.833333333333333,0.9831920802501751,6.833333333333333,0.9831920802501751,6.0,8.0,-2.0,,0.0,0.0,,,2.0,2.0,0,0.0,smooth,0.19826518729302683,0.0,0.08287292817679558,high
2026-01-08,SKU-UMR-007,6,WH-NORTH,retail,66.0,,,False,0,0,0,0,0,0,0,0,0,0,,,3,2,1,1,0,0,0,5.0,8.0,6.0,,,6.571428571428571,1.1338934190276817,6.571428571428571,1.1338934190276817,6.571428571428571,1.1338934190276817,5.0,8.0,1.0,0.0,0.0,0.0,-1.0,,2.0,2.0,0,0.0,smooth,0.19826518729302683,0.0,0.08287292817679558,high
2026-01-09,SKU-UMR-007,7,WH-NORTH,retail,77.0,,,False,0,0,0,0,0,0,0,0,0,0,,,4,2,1,1,0,0,0,6.0,7.0,8.0,,,6.571428571428571,1.1338934190276817,6.5,1.0690449676496976,6.5,1.0690449676496976,5.0,8.0,1.0,-1.0,0.07142857142857117,0.07142857142857117,-2.0,,1.0,2.0,0,0.0,smooth,0.19826518729302683,0.0,0.08287292817679558,high
2026-01-10,SKU-UMR-007,6,WH-NORTH,online,66.0,,,False,0,0,0,0,0,0,0,0,0,0,,,5,2,1,1,1,0,0,7.0,5.0,6.0,,,6.428571428571429,0.9759000729485331,6.555555555555555,1.0137937550497031,6.555555555555555,1.0137937550497031,5.0,8.0,-1.0,0.0,-0.12698412698412653,-0.12698412698412653,1.0,,0.0,2.0,0,0.0,smooth,0.19826518729302683,0.0,0.08287292817679558,high
2026-01-11,SKU-UMR-007,5,WH-NORTH,online,55.0,,,False,0,0,0,0,0,0,0,0,0,0,,,6,2,1,1,1,0,0,6.0,6.0,6.0,,,6.428571428571429,0.9759000729485331,6.5,0.97182531580755,6.5,0.97182531580755,5.0,8.0,-1.0,-1.0,-0.07142857142857117,-0.07142857142857117,0.0,,0.0,2.0,0,0.0,smooth,0.19826518729302683,0.0,0.08287292817679558,high
2026-01-12,SKU-UMR-007,7,WH-NORTH,retail,77.0,,,False,0,0,0,0,0,0,0,0,0,0,,,0,3,1,1,0,0,0,5.0,7.0,8.0,,,6.285714285714286,1.1126972805283735,6.363636363636363,1.026910636104941,6.363636363636363,1.026910636104941,5.0,8.0,2.0,-1.0,-0.07792207792207773,-0.07792207792207773,-3.0,,0.0,2.0,0,0.0,smooth,0.19826518729302683,0.0,0.08287292817679558,high
2026-01-13,SKU-UMR-007,9,WH-NORTH,retail,99.0,,,False,0,0,0,0,0,0,0,0,0,0,,,1,3,1,1,0,0,0,7.0,6.0,7.0,,,6.142857142857143,0.8997354108424369,6.416666666666667,0.9962049198956219,6.416666666666667,0.9962049198956219,5.0,8.0,2.0,2.0,-0.2738095238095237,-0.2738095238095237,0.0,,0.0,2.0,0,0.0,smooth,0.19826518729302683,0.0,0.08287292817679558,high
2026-01-14,SKU-UMR-007,7,WH-NORTH,retail,77.0,,,False,0,0,0,0,0,0,0,0,0,0,,,2,3,1,1,0,0,0,9.0,5.0,5.0,,,6.428571428571429,1.3972762620115435,6.615384615384615,1.192927878405448,6.615384615384615,1.192927878405448,5.0,9.0,-2.0,2.0,-0.18681318681318615,-0.18681318681318615,4.0,,0.0,2.0,0,0.0,smooth,0.19826518729302683,0.0,0.08287292817679558,high
2026-01-15,SKU-UMR-007,7,WH-NORTH,retail,77.0,,,False,0,0,0,0,0,0,0,0,0,0,,,3,3,1,1,0,0,0,7.0,7.0,6.0,6.0,,6.714285714285714,1.2535663410560174,6.642857142857143,1.1507283885330302,6.642857142857143,1.1507283885330302,5.0,9.0,0.0,1.0,0.07142857142857117,0.07142857142857117,1.0,,0.0,2.0,0,0.0,smooth,0.19826518729302683,0.0,0.08287292817679558,high
2026-01-16,SKU-UMR-007,9,WH-NORTH,retail,99.0,,,False,0,0,0,0,0,0,0,0,0,0,,,4,3,1,1,0,0,0,7.0,9.0,7.0,8.0,,6.857142857142857,1.2149857925879117,6.714285714285714,1.138728807356386,6.666666666666667,1.112697280528374,5.0,9.0,2.0,2.0,0.14285714285714235,0.1904761904761898,0.0,,0.0,2.0,0,0.0,smooth,0.19826518729302683,0.0,0.08287292817679558,high
2026-01-17,SKU-UMR-007,8,WH-NORTH,online,88.0,,,False,0,0,0,0,0,0,0,0,0,0,,,5,3,1,1,1,0,0,9.0,7.0,6.0,6.0,,7.142857142857143,1.4638501094228,6.785714285714286,1.2513728724621076,6.8125,1.223042653930489,5.0,9.0,-1.0,2.0,0.35714285714285765,0.33035714285714324,3.0,,0.0,2.0,0,0.0,smooth,0.19826518729302683,0.0,0.08287292817679558,high
2026-01-18,SKU-UMR-007,6,WH-NORTH,online,66.0,,,False,0,0,0,0,0,0,0,0,0,0,,,6,3,1,1,1,0,0,8.0,7.0,5.0,6.0,,7.428571428571429,1.3972762620115444,6.928571428571429,1.2688144505364487,6.882352941176471,1.2187264326529803,5.0,9.0,-2.0,1.0,0.5,0.5462184873949578,3.0,,0.0,2.0,0,0.0,smooth,0.19826518729302683,0.0,0.08287292817679558,high
2026-01-19,SKU-UMR-007,7,WH-NORTH,retail,77.0,,,False,0,0,0,0,0,0,0,0,0,0,,,0,4,1,1,0,0,0,6.0,9.0,7.0,8.0,,7.571428571428571,1.1338934190276826,6.928571428571429,1.2688144505364487,6.833333333333333,1.200490095997562,5.0,9.0,1.0,0.0,0.6428571428571423,0.7380952380952381,-1.0,,0.0,2.0,0,0.0,smooth,0.19826518729302683,0.0,0.08287292817679558,high
2026-01-20,SKU-UMR-007,9,WH-NORTH,retail,99.0,,,False,0,0,0,0,0,0,0,0,0,0,,,1,4,1,1,0,0,0,7.0,8.0,9.0,7.0,,7.571428571428571,1.1338934190276826,6.857142857142857,1.231455852429764,6.842105263157895,1.1672930649220894,5.0,9.0,2.0,0.0,0.7142857142857144,0.7293233082706765,-2.0,,0.0,2.0,0,0.0,smooth,0.19826518729302683,0.0,0.08287292817679558,high
2026-01-21,SKU-UMR-007,7,WH-NORTH,retail,77.0,,,False,0,0,0,0,0,0,0,0,0,0,,,2,4,1,1,0,0,0,9.0,6.0,7.0,5.0,,7.571428571428571,1.1338934190276826,7.0,1.358732440973515,6.95,1.2343760409722462,5.0,9.0,-2.0,0.0,0.5714285714285712,0.621428571428571,2.0,,0.0,2.0,0,0.0,smooth,0.19826518729302683,0.0,0.08287292817679558,high
2026-01-22,SKU-UMR-007,5,WH-NORTH,retail,55.0,,,False,0,0,0,0,0,0,0,0,0,0,,,3,4,1,1,0,0,0,7.0,7.0,7.0,6.0,,7.571428571428571,1.1338934190276826,7.142857142857143,1.231455852429764,6.9523809523809526,1.2031704150364768,5.0,9.0,-2.0,-2.0,0.42857142857142794,0.6190476190476186,0.0,,0.0,2.0,0,0.0,smooth,0.19826518729302683,0.0,0.08287292817679558,high
2026-01-23,SKU-UMR-007,7,WH-NORTH,retail,77.0,,,False,0,0,0,0,0,0,0,0,0,0,,,4,4,1,1,0,0,0,5.0,9.0,9.0,7.0,,7.285714285714286,1.4960264830861918,7.071428571428571,1.328057326976612,6.863636363636363,1.2457720706244992,5.0,9.0,2.0,-2.0,0.2142857142857144,0.4220779220779223,-4.0,,0.0,2.0,0,0.0,smooth,0.19826518729302683,0.0,0.08287292817679558,high
2026-01-24,SKU-UMR-007,7,WH-NORTH,online,77.0,,,False,0,0,0,0,0,0,0,0,0,0,,,5,4,1,1,1,0,0,7.0,7.0,8.0,6.0,,7.0,1.2909944487358058,7.071428571428571,1.328057326976612,6.869565217391305,1.217461883894185,5.0,9.0,0.0,-1.0,-0.07142857142857117,0.13043478260869534,-1.0,,0.0,2.0,0,0.0,smooth,0.19826518729302683,0.0,0.08287292817679558,high
2026-01-25,SKU-UMR-007,5,WH-NORTH,online,55.0,,,False,0,0,0,0,0,0,0,0,0,0,,,6,4,1,1,1,0,0,7.0,5.0,6.0,5.0,,6.857142857142857,1.2149857925879117,7.142857142857143,1.2924123453177283,6.875,1.190998850070631,5.0,9.0,-2.0,-1.0,-0.2857142857142865,-0.017857142857143238,1.0,,0.0,2.0,0,0.0,smooth,0.19826518729302683,0.0,0.08287292817679558,high
2026-01-26,SKU-UMR-007,6,WH-NORTH,retail,66.0,,,False,0,0,0,0,0,0,0,0,0,0,,,0,5,1,1,0,0,0,5.0,7.0,7.0,7.0,,6.714285714285714,1.3801311186847083,7.142857142857143,1.2924123453177283,6.8,1.2247448713915892,5.0,9.0,1.0,-1.0,-0.4285714285714288,-0.08571428571428541,-2.0,,0.0,2.0,0,0.0,smooth,0.19826518729302683,0.0,0.08287292817679558,high
2026-01-27,SKU-UMR-007,8,WH-NORTH,retail,88.0,,,False,0,0,0,0,0,0,0,0,0,0,,,1,5,1,1,0,0,0,6.0,7.0,9.0,9.0,,6.571428571428571,1.3972762620115433,7.071428571428571,1.3280573269766123,6.769230769230769,1.2102129501105932,5.0,9.0,2.0,-1.0,-0.5,-0.197802197802198,-3.0,,0.0,2.0,0,0.0,smooth,0.19826518729302683,0.0,0.08287292817679558,high
2026-01-28,SKU-UMR-007,8,WH-NORTH,retail,88.0,,,False,0,0,0,0,0,0,0,0,0,0,,,2,5,1,1,0,0,0,8.0,5.0,7.0,7.0,,6.428571428571429,1.1338934190276808,7.0,1.2403473458920848,6.814814814814815,1.2101187811068235,5.0,9.0,0.0,1.0,-0.5714285714285712,-0.38624338624338606,1.0,,0.0,2.0,0,0.0,smooth,0.19826518729302683,0.0,0.08287292817679558,high
2026-01-29,SKU-UMR-007,6,WH-NORTH,retail,66.0,,,False,0,0,0,0,0,0,0,0,0,0,,,3,5,1,1,0,0,0,8.0,6.0,5.0,7.0,,6.571428571428571,1.2724180205607032,7.071428571428571,1.268814450536449,6.857142857142857,1.2084359562332878,5.0,9.0,-2.0,1.0,-0.5,-0.2857142857142856,3.0,,0.0,2.0,0,0.0,smooth,0.19826518729302683,0.0,0.08287292817679558,high
2026-01-30,SKU-UMR-007,8,WH-NORTH,retail,88.0,,,False,0,0,0,0,0,0,0,0,0,0,,,4,5,1,1,0,0,0,6.0,8.0,7.0,9.0,,6.714285714285714,1.1126972805283737,7.0,1.300887271175982,6.827586206896552,1.197287574873227,5.0,9.0,2.0,1.0,-0.2857142857142856,-0.11330049261083719,-1.0,,0.0,2.0,0,0.0,smooth,0.19826518729302683,0.0,0.08287292817679558,high
2026-01-31,SKU-UMR-007,9,WH-NORTH,online,99.0,,,False,0,0,0,0,0,0,0,0,0,0,,,5,5,1,1,1,0,1,8.0,8.0,7.0,8.0,6.0,6.857142857142857,1.2149857925879122,6.928571428571429,1.206666464290757,6.866666666666666,1.1957780134587124,5.0,9.0,1.0,2.0,-0.07142857142857206,-0.00952380952380949,1.0,2.0,0.0,2.0,0,0.0,smooth,0.19826518729302683,0.0,0.08287292817679558,high
2026-02-01,SKU-UMR-007,7,WH-NORTH,online,77.0,,,False,0,0,0,0,0,0,0,0,0,0,,,6,5,2,1,1,1,0,9.0,6.0,5.0,6.0,8.0,7.142857142857143,1.463850109422801,7.0,1.300887271175982,6.966666666666667,1.2452207485597395,5.0,9.0,-2.0,2.0,0.14285714285714324,0.17619047619047645,4.0,1.0,0.0,1.0,0,0.0,smooth,0.19826518729302683,0.0,0.08287292817679558,high
2026-02-02,SKU-UMR-007,7,WH-NORTH,retail,77.0,,,False,0,0,0,0,0,0,0,0,0,0,,,0,6,2,1,0,0,0,7.0,8.0,6.0,7.0,6.0,7.428571428571429,1.133893419027684,7.071428571428571,1.268814450536449,6.933333333333334,1.2298957997167563,5.0,9.0,0.0,1.0,0.35714285714285765,0.49523809523809526,1.0,1.0,0.0,0.0,0,0.0,smooth,0.19826518729302683,0.0,0.08287292817679558,high
2026-02-03,SKU-UMR-007,9,WH-NORTH,retail,99.0,,,False,0,0,0,0,0,0,0,0,0,0,,,1,6,2,1,0,0,0,7.0,9.0,8.0,9.0,6.0,7.571428571428571,0.9759000729485363,7.071428571428571,1.268814450536449,6.966666666666667,1.217213701616236,5.0,9.0,2.0,1.0,0.5,0.6047619047619044,-1.0,1.0,0.0,0.0,0,0.0,smooth,0.19826518729302683,0.0,0.08287292817679558,high
2026-02-04,SKU-UMR-007,9,WH-NORTH,retail,99.0,,,False,0,0,0,0,0,0,0,0,0,0,,,2,6,2,1,0,0,0,9.0,7.0,8.0,7.0,8.0,7.714285714285714,1.1126972805283768,7.071428571428571,1.268814450536449,7.066666666666666,1.2576204496597132,5.0,9.0,0.0,1.0,0.6428571428571432,0.647619047619048,1.0,1.0,0.0,0.0,0,0.0,smooth,0.19826518729302683,0.0,0.08287292817679558,high
2026-02-05,SKU-UMR-007,6,WH-NORTH,retail,66.0,,,False,0,0,0,0,0,0,0,0,0,0,,,3,6,2,1,0,0,0,9.0,7.0,6.0,5.0,7.0,7.857142857142857,1.2149857925879153,7.214285714285714,1.3688047244316388,7.1,1.295882072114429,5.0,9.0,-3.0,0.0,0.6428571428571423,0.7571428571428571,3.0,2.0,0.0,0.0,0,0.0,smooth,0.19826518729302683,0.0,0.08287292817679558,high
2026-02-06,SKU-UMR-007,6,WH-NORTH,retail,66.0,,,False,0,0,0,0,0,0,0,0,0,0,,,4,6,2,1,0,0,0,6.0,9.0,8.0,7.0,5.0,7.857142857142857,1.2149857925879153,7.285714285714286,1.2666473875533024,7.066666666666666,1.311312407431981,5.0,9.0,0.0,-2.0,0.5714285714285712,0.7904761904761903,-2.0,1.0,0.0,0.0,0,0.0,smooth,0.19826518729302683,0.0,0.08287292817679558,high
2026-02-07,SKU-UMR-007,8,WH-NORTH,online,88.0,,,False,0,0,0,0,0,0,0,0,0,0,,,5,6,2,1,1,0,0,6.0,9.0,9.0,7.0,6.0,7.571428571428571,1.397276262011546,7.214285714285714,1.3114039117603018,7.1,1.2689936278745482,5.0,9.0,2.0,-1.0,0.35714285714285676,0.47142857142857153,-3.0,0.0,0.0,0.0,0,0.0,smooth,0.19826518729302683,0.0,0.08287292817679558,high
2026-02-08,SKU-UMR-007,6,WH-NORTH,online,66.0,,,False,0,0,0,0,0,0,0,0,0,0,,,6,6,2,1,1,0,0,8.0,6.0,7.0,5.0,7.0,7.428571428571429,1.2724180205607054,7.285714285714286,1.3259870882635922,7.166666666666667,1.2617266038997934,5.0,9.0,-2.0,-1.0,0.14285714285714324,0.26190476190476186,1.0,1.0,0.0,0.0,0,0.0,smooth,0.19826518729302683,0.0,0.08287292817679558,high
2026-02-09,SKU-UMR-007,5,WH-NORTH,retail,55.0,,,False,0,0,0,0,0,0,0,0,0,0,,,0,7,2,1,0,0,0,6.0,6.0,7.0,6.0,6.0,7.285714285714286,1.3801311186847096,7.357142857142857,1.2157392722216303,7.133333333333334,1.279367659898984,5.0,9.0,-1.0,-2.0,-0.07142857142857117,0.15238095238095184,-1.0,0.0,0.0,0.0,0,0.0,smooth,0.19826518729302683,0.0,0.08287292817679558,high
2026-02-10,SKU-UMR-007,7,WH-NORTH,retail,77.0,,,False,0,0,0,0,0,0,0,0,0,0,,,1,7,2,1,0,0,0,5.0,8.0,9.0,8.0,5.0,7.0,1.632993161855452,7.285714285714286,1.3259870882635922,7.1,1.3222238320605804,5.0,9.0,2.0,-2.0,-0.2857142857142856,-0.09999999999999964,-4.0,0.0,0.0,0.0,0,0.0,smooth,0.19826518729302683,0.0,0.08287292817679558,high
2026-02-11,SKU-UMR-007,9,WH-NORTH,retail,99.0,,,False,0,0,0,0,0,0,0,0,0,0,,,2,7,2,1,0,0,0,7.0,6.0,9.0,8.0,7.0,6.714285714285714,1.3801311186847074,7.214285714285714,1.3114039117603018,7.166666666666667,1.2617266038997934,5.0,9.0,2.0,0.0,-0.5,-0.45238095238095255,-2.0,0.0,0.0,0.0,0,0.0,smooth,0.19826518729302683,0.0,0.08287292817679558,high
2026-02-12,SKU-UMR-007,7,WH-NORTH,retail,77.0,,,False,0,0,0,0,0,0,0,0,0,0,,,3,7,2,1,0,0,0,9.0,5.0,6.0,6.0,9.0,6.714285714285714,1.3801311186847074,7.285714285714286,1.382782669868231,7.233333333333333,1.3047217521658452,5.0,9.0,-2.0,1.0,-0.5714285714285712,-0.519047619047619,3.0,0.0,0.0,0.0,0,0.0,smooth,0.19826518729302683,0.0,0.08287292817679558,high
2026-02-13,SKU-UMR-007,6,WH-NORTH,retail,66.0,,,False,0,0,0,0,0,0,0,0,0,0,,,4,7,2,1,0,0,0,7.0,7.0,6.0,8.0,7.0,6.857142857142857,1.345185418269098,7.357142857142857,1.3363062095621225,7.166666666666667,1.2617266038997934,5.0,9.0,-1.0,0.0,-0.5,-0.3095238095238102,1.0,0.0,0.0,0.0,0,0.0,smooth,0.19826518729302683,0.0,0.08287292817679558,high
2026-02-14,SKU-UMR-007,9,WH-NORTH,online,99.0,,,False,0,0,0,0,0,0,0,0,0,0,,,5,7,2,1,1,0,0,6.0,9.0,8.0,9.0,7.0,6.857142857142857,1.345185418269098,7.214285714285714,1.368804724431639,7.133333333333334,1.279367659898984,5.0,9.0,3.0,1.0,-0.35714285714285765,-0.276190476190477,-2.0,-1.0,0.0,0.0,0,0.0,smooth,0.19826518729302683,0.0,0.08287292817679558,high
2026-02-15,SKU-UMR-007,8,WH-NORTH,online,88.0,,,False,0,0,0,0,0,0,0,0,0,0,,,6,7,2,1,1,0,0,9.0,7.0,6.0,7.0,9.0,7.0,1.5275252316519465,7.214285714285714,1.368804724431639,7.2,1.323527157987714,5.0,9.0,-1.0,2.0,-0.2142857142857144,-0.20000000000000018,3.0,0.0,0.0,0.0,0,0.0,smooth,0.19826518729302683,0.0,0.08287292817679558,high
2026-02-16,SKU-UMR-007,7,WH-NORTH,retail,77.0,,,False,0,0,0,0,0,0,0,0,0,0,,,0,8,2,1,0,0,0,8.0,6.0,5.0,7.0,8.0,7.285714285714286,1.4960264830861918,7.285714285714286,1.382782669868231,7.166666666666667,1.288766674084136,5.0,9.0,-1.0,2.0,0.0,0.11904761904761862,3.0,0.0,0.0,0.0,0,0.0,smooth,0.19826518729302683,0.0,0.08287292817679558,high
2026-02-17,SKU-UMR-007,8,WH-NORTH,retail,88.0,,,False,0,0,0,0,0,0,0,0,0,0,,,1,8,2,1,0,0,0,7.0,9.0,7.0,9.0,6.0,7.571428571428571,1.1338934190276835,7.285714285714286,1.382782669868231,7.133333333333334,1.279367659898984,5.0,9.0,1.0,1.0,0.2857142857142856,0.4380952380952374,0.0,1.0,0.0,0.0,0,0.0,smooth,0.19826518729302683,0.0,0.08287292817679558,high
2026-02-18,SKU-UMR-007,10,WH-NORTH,retail,110.0,,,False,0,0,0,0,0,0,0,0,0,0,,,2,8,2,1,0,0,0,8.0,8.0,9.0,9.0,7.0,7.714285714285714,1.112697280528376,7.214285714285714,1.3114039117603018,7.2,1.2703515668696899,5.0,9.0,2.0,1.0,0.5,0.5142857142857142,-1.0,1.0,0.0,0.0,0,0.0,smooth,0.19826518729302683,0.0,0.08287292817679558,high
2026-02-19,SKU-UMR-007,7,WH-NORTH,retail,77.0,,,False,0,0,0,0,0,0,0,0,0,0,,,3,8,2,1,0,0,0,10.0,7.0,7.0,6.0,9.0,7.857142857142857,1.3451854182691008,7.285714285714286,1.4373357526806558,7.3,1.368361718663398,5.0,10.0,-3.0,0.0,0.5714285714285712,0.5571428571428569,3.0,1.0,0.0,0.0,0,0.0,smooth,0.19826518729302683,0.0,0.08287292817679558,high
2026-02-20,SKU-UMR-007,6,WH-NORTH,retail,66.0,,,False,0,0,0,0,0,0,0,0,0,0,,,4,8,2,1,0,0,0,7.0,8.0,6.0,6.0,7.0,7.857142857142857,1.3451854182691008,7.357142857142857,1.3926810257774178,7.233333333333333,1.3308885632599343,5.0,10.0,-1.0,0.0,0.5,0.6238095238095234,1.0,0.0,0.0,0.0,0,0.0,smooth,0.19826518729302683,0.0,0.08287292817679558,high
2026-02-21,SKU-UMR-007,7,WH-NORTH,online,77.0,,,False,0,0,0,0,0,0,0,0,0,0,,,5,8,2,1,1,0,0,6.0,10.0,9.0,8.0,5.0,7.857142857142857,1.3451854182691008,7.357142857142857,1.3926810257774178,7.2,1.3493293353264109,5.0,10.0,1.0,-2.0,0.5,0.6571428571428566,-3.0,1.0,0.0,0.0,0,0.0,smooth,0.19826518729302683,0.0,0.08287292817679558,high
2026-02-22,SKU-UMR-007,8,WH-NORTH,online,88.0,,,False,0,0,0,0,0,0,0,0,0,0,,,6,8,2,1,1,0,0,7.0,7.0,8.0,6.0,7.0,7.571428571428571,1.272418020560705,7.285714285714286,1.3827826698682313,7.266666666666667,1.284746944983205,5.0,10.0,1.0,0.0,0.2857142857142856,0.30476190476190457,-1.0,0.0,0.0,0.0,0,0.0,smooth,0.19826518729302683,0.0,0.08287292817679558,high
2026-02-23,SKU-UMR-007,5,WH-NORTH,retail,55.0,,,False,0,0,0,0,0,0,0,0,0,0,,,0,9,2,1,0,0,0,8.0,6.0,7.0,5.0,7.0,7.571428571428571,1.272418020560705,7.428571428571429,1.3424596091494905,7.3,1.2905492014562292,5.0,10.0,-3.0,-2.0,0.14285714285714235,0.27142857142857135,1.0,1.0,0.0,0.0,0,0.0,smooth,0.19826518729302683,0.0,0.08287292817679558,high
2026-02-24,SKU-UMR-007,6,WH-NORTH,retail,66.0,,,False,0,0,0,0,0,0,0,0,0,0,,,1,9,2,1,0,0,0,5.0,7.0,8.0,7.0,5.0,7.285714285714286,1.6035674514745466,7.428571428571429,1.3424596091494905,7.233333333333333,1.3565507307349296,5.0,10.0,1.0,-2.0,-0.14285714285714324,0.052380952380952195,-3.0,0.0,0.0,0.0,0,0.0,smooth,0.19826518729302683,0.0,0.08287292817679558,high
2026-02-25,SKU-UMR-007,8,WH-NORTH,retail,88.0,,,False,0,0,0,0,0,0,0,0,0,0,,,2,9,2,1,0,0,0,6.0,8.0,10.0,9.0,6.0,7.0,1.6329931618554516,7.357142857142857,1.3926810257774178,7.266666666666667,1.311312407431981,5.0,10.0,2.0,-2.0,-0.35714285714285676,-0.2666666666666666,-4.0,0.0,0.0,0.0,0,0.0,smooth,0.19826518729302683,0.0,0.08287292817679558,high
2026-02-26,SKU-UMR-007,7,WH-NORTH,retail,77.0,,,False,0,0,0,0,0,0,0,0,0,0,,,3,9,2,1,0,0,0,8.0,5.0,7.0,7.0,8.0,6.714285714285714,1.1126972805283717,7.285714285714286,1.3259870882635922,7.333333333333333,1.295438504731209,5.0,10.0,-1.0,0.0,-0.5714285714285712,-0.6190476190476186,1.0,0.0,0.0,0.0,0,0.0,smooth,0.19826518729302683,0.0,0.08287292817679558,high
2026-02-27,SKU-UMR-007,5,WH-NORTH,retail,55.0,,,False,0,0,0,0,0,0,0,0,0,0,,,4,9,2,1,0,0,0,7.0,6.0,6.0,6.0,8.0,6.714285714285714,1.1126972805283717,7.285714285714286,1.3259870882635922,7.3,1.2905492014562292,5.0,10.0,-2.0,-1.0,-0.5714285714285712,-0.5857142857142854,1.0,-1.0,0.0,0.0,0,0.0,smooth,0.19826518729302683,0.0,0.08287292817679558,high
2026-02-28,SKU-UMR-007,7,WH-NORTH,online,77.0,,,False,0,0,0,0,0,0,0,0,0,0,,,5,9,2,1,1,0,1,5.0,8.0,7.0,9.0,6.0,6.571428571428571,1.2724180205607016,7.214285714285714,1.4238934396479708,7.2,1.349329335326411,5.0,10.0,2.0,0.0,-0.6428571428571432,-0.628571428571429,-2.0,-1.0,0.0,0.0,0,0.0,smooth,0.19826518729302683,0.0,0.08287292817679558,high
2026-03-01,SKU-UMR-007,9,WH-NORTH,online,99.0,,,False,0,0,0,0,0,0,0,0,0,0,,,6,9,3,1,1,1,0,7.0,7.0,8.0,8.0,8.0,6.571428571428571,1.2724180205607016,7.071428571428571,1.3280573269766132,7.233333333333333,1.3308885632599343,5.0,10.0,2.0,1.0,-0.5,-0.6619047619047622,-1.0,-1.0,0.0,0.0,0,0.0,smooth,0.19826518729302683,0.0,0.08287292817679558,high
2026-03-02,SKU-UMR-007,7,WH-NORTH,retail,77.0,,,False,0,0,0,0,0,0,0,0,0,0,,,0,10,3,1,0,0,0,9.0,5.0,5.0,7.0,9.0,6.714285714285714,1.4960264830861898,7.142857142857143,1.4064216928154871,7.266666666666667,1.36289077492212,5.0,10.0,-2.0,2.0,-0.4285714285714288,-0.5523809523809522,4.0,0.0,0.0,0.0,0,0.0,smooth,0.19826518729302683,0.0,0.08287292817679558,high
2026-03-03,SKU-UMR-007,7,WH-NORTH,retail,77.0,,,False,0,0,0,0,0,0,0,0,0,0,,,1,10,3,1,0,0,0,7.0,7.0,6.0,8.0,7.0,7.0,1.2909944487358045,7.142857142857143,1.4064216928154871,7.2,1.323527157987714,5.0,10.0,0.0,1.0,-0.14285714285714324,-0.20000000000000018,1.0,0.0,0.0,0.0,0,0.0,smooth,0.19826518729302683,0.0,0.08287292817679558,high
2026-03-04,SKU-UMR-007,9,WH-NORTH,retail,99.0,,,False,0,0,0,0,0,0,0,0,0,0,,,2,10,3,1,0,0,0,7.0,9.0,8.0,10.0,7.0,7.142857142857143,1.2149857925879108,7.071428571428571,1.3847680013570578,7.2,1.323527157987714,5.0,10.0,2.0,1.0,0.07142857142857206,-0.05714285714285694,-1.0,0.0,0.0,0.0,0,0.0,smooth,0.19826518729302683,0.0,0.08287292817679558,high
2026-03-05,SKU-UMR-007,9,WH-NORTH,retail,99.0,,,False,0,0,0,0,0,0,0,0,0,0,,,3,10,3,1,0,0,0,9.0,7.0,7.0,7.0,9.0,7.285714285714286,1.3801311186847078,7.0,1.240347345892086,7.266666666666667,1.36289077492212,5.0,10.0,0.0,2.0,0.2857142857142856,0.01904761904761898,2.0,0.0,0.0,0.0,0,0.0,smooth,0.19826518729302683,0.0,0.08287292817679558,high
2026-03-06,SKU-UMR-007,6,WH-NORTH,retail,66.0,,,False,0,0,0,0,0,0,0,0,0,0,,,4,10,3,1,0,0,0,9.0,7.0,5.0,6.0,9.0,7.571428571428571,1.511857892036909,7.142857142857143,1.3506205330054135,7.266666666666667,1.36289077492212,5.0,10.0,-3.0,1.0,0.42857142857142794,0.30476190476190457,4.0,0.0,0.0,0.0,0,0.0,smooth,0.19826518729302683,0.0,0.08287292817679558,high
2026-03-07,SKU-UMR-007,6,WH-NORTH,online,66.0,,,False,0,0,0,0,0,0,0,0,0,0,,,5,10,3,1,1,0,0,6.0,9.0,7.0,7.0,6.0,7.714285714285714,1.253566341056018,7.142857142857143,1.3506205330054135,7.166666666666667,1.3412123525798008,5.0,10.0,0.0,-1.0,0.5714285714285712,0.5476190476190474,-1.0,0.0,0.0,0.0,0,0.0,smooth,0.19826518729302683,0.0,0.08287292817679558,high
2026-03-08,SKU-UMR-007,8,WH-NORTH,online,88.0,,,False,0,0,0,0,0,0,0,0,0,0,,,6,10,3,1,1,0,0,6.0,9.0,9.0,8.0,6.0,7.571428571428571,1.3972762620115438,7.071428571428571,1.384768001357058,7.166666666666667,1.3412123525798008,5.0,10.0,2.0,-1.0,0.5,0.4047619047619042,-3.0,0.0,0.0,0.0,0,0.0,smooth,0.19826518729302683,0.0,0.08287292817679558,high
2026-03-09,SKU-UMR-007,7,WH-NORTH,retail,77.0,,,False,0,0,0,0,0,0,0,0,0,0,,,0,11,3,1,0,0,0,8.0,6.0,7.0,5.0,8.0,7.428571428571429,1.2724180205607034,7.071428571428571,1.384768001357058,7.233333333333333,1.3308885632599343,5.0,10.0,-1.0,0.0,0.35714285714285765,0.19523809523809543,1.0,0.0,0.0,0.0,0,0.0,smooth,0.19826518729302683,0.0,0.08287292817679558,high
2026-03-10,SKU-UMR-007,6,WH-NORTH,retail,66.0,,,False,0,0,0,0,0,0,0,0,0,0,,,1,11,3,1,0,0,0,7.0,6.0,7.0,6.0,6.0,7.428571428571429,1.2724180205607034,7.214285714285714,1.2513728724621087,7.2,1.323527157987714,5.0,10.0,-1.0,-1.0,0.2142857142857144,0.22857142857142865,0.0,1.0,0.0,0.0,0,0.0,smooth,0.19826518729302683,0.0,0.08287292817679558,high
2026-03-11,SKU-UMR-007,7,WH-NORTH,retail,77.0,,,False,0,0,0,0,0,0,0,0,0,0,,,2,11,3,1,0,0,0,6.0,8.0,9.0,8.0,5.0,7.285714285714286,1.3801311186847078,7.214285714285714,1.2513728724621087,7.2,1.323527157987714,5.0,10.0,1.0,-2.0,0.07142857142857117,0.08571428571428541,-3.0,1.0,0.0,0.0,0,0.0,smooth,0.19826518729302683,0.0,0.08287292817679558,high
2026-03-12,SKU-UMR-007,8,WH-NORTH,retail,88.0,,,False,0,0,0,0,0,0,0,0,0,0,,,3,11,3,1,0,0,0,7.0,7.0,9.0,7.0,7.0,7.0,1.1547005383792504,7.142857142857143,1.2314558524297652,7.266666666666667,1.2576204496597132,5.0,10.0,1.0,-1.0,-0.14285714285714324,-0.2666666666666666,-2.0,0.0,0.0,0.0,0,0.0,smooth,0.19826518729302683,0.0,0.08287292817679558,high
2026-03-13,SKU-UMR-007,6,WH-NORTH,retail,66.0,,,False,0,0,0,0,0,0,0,0,0,0,,,4,11,3,1,0,0,0,8.0,6.0,6.0,5.0,9.0,6.857142857142857,0.8997354108424356,7.214285714285714,1.2513728724621087,7.3,1.2635472781569876,5.0,10.0,-2.0,0.0,-0.35714285714285765,-0.44285714285714306,2.0,-1.0,0.0,0.0,0,0.0,smooth,0.19826518729302683,0.0,0.08287292817679558,high
2026-03-14,SKU-UMR-007,6,WH-NORTH,online,66.0,,,False,0,0,0,0,0,0,0,0,0,0,,,5,11,3,1,1,0,0,6.0,7.0,6.0,7.0,7.0,6.857142857142857,0.8997354108424356,7.285714285714286,1.1387288073563868,7.2,1.2429109325317311,5.0,10.0,0.0,0.0,-0.4285714285714288,-0.3428571428571434,0.0,-1.0,0.0,0.0,0,0.0,smooth,0.19826518729302683,0.0,0.08287292817679558,high
2026-03-15,SKU-UMR-007,8,WH-NORTH,online,88.0,,,False,0,0,0,0,0,0,0,0,0,0,,,6,11,3,1,1,0,0,6.0,8.0,8.0,9.0,6.0,6.857142857142857,0.8997354108424356,7.214285714285714,1.1883130530663688,7.166666666666667,1.2617266038997936,5.0,10.0,2.0,0.0,-0.35714285714285765,-0.3095238095238102,-2.0,0.0,0.0,0.0,0,0.0,smooth,0.19826518729302683,0.0,0.08287292817679558,high
2026-03-16,SKU-UMR-007,8,WH-NORTH,retail,88.0,,,False,0,0,0,0,0,0,0,0,0,0,,,0,12,3,1,0,0,0,8.0,6.0,7.0,7.0,9.0,6.857142857142857,0.8997354108424356,7.142857142857143,1.0994504121565518,7.233333333333333,1.2507469032909715,5.0,10.0,0.0,1.0,-0.2857142857142865,-0.37619047619047663,1.0,-1.0,0.0,0.0,0,0.0,smooth,0.19826518729302683,0.0,0.08287292817679558,high
2026-03-17,SKU-UMR-007,7,WH-NORTH,retail,77.0,,,False,0,0,0,0,0,0,0,0,0,0,,,1,12,3,1,0,0,0,8.0,6.0,6.0,7.0,8.0,7.0,0.9999999999999988,7.214285714285714,1.1217137594956037,7.2,1.2148506364839746,5.0,10.0,-1.0,1.0,-0.2142857142857144,-0.20000000000000018,2.0,0.0,0.0,0.0,0,0.0,smooth,0.19826518729302683,0.0,0.08287292817679558,high
2026-03-18,SKU-UMR-007,8,WH-NORTH,retail,88.0,,,False,0,0,0,0,0,0,0,0,0,0,,,2,12,3,1,0,0,0,7.0,8.0,7.0,9.0,7.0,7.142857142857143,0.8997354108424365,7.214285714285714,1.1217137594956037,7.166666666666667,1.2058287558794358,5.0,10.0,1.0,1.0,-0.07142857142857117,-0.023809523809523725,0.0,0.0,0.0,0.0,0,0.0,smooth,0.19826518729302683,0.0,0.08287292817679558,high
2026-03-19,SKU-UMR-007,10,WH-NORTH,retail,110.0,,,False,0,0,0,0,0,0,0,0,0,0,,,3,12,3,1,0,0,0,8.0,8.0,8.0,9.0,8.0,7.285714285714286,0.9511897312113416,7.142857142857143,1.0271051820261925,7.2,1.2148506364839746,5.0,10.0,2.0,2.0,0.14285714285714235,0.08571428571428541,0.0,0.0,0.0,0.0,0,0.0,smooth,0.19826518729302683,0.0,0.08287292817679558,high
2026-03-20,SKU-UMR-007,8,WH-NORTH,retail,88.0,,,False,0,0,0,0,0,0,0,0,0,0,,,4,12,3,1,0,0,0,10.0,7.0,6.0,6.0,10.0,7.571428571428571,1.3972762620115444,7.214285714285714,1.1883130530663688,7.266666666666667,1.311312407431981,5.0,10.0,-2.0,2.0,0.35714285714285676,0.30476190476190457,4.0,0.0,0.0,0.0,0,0.0,smooth,0.19826518729302683,0.0,0.08287292817679558,high
2026-03-21,SKU-UMR-007,6,WH-NORTH,online,66.0,,,False,0,0,0,0,0,0,0,0,0,0,,,5,12,3,1,1,0,0,8.0,8.0,6.0,6.0,7.0,7.857142857142857,1.2149857925879137,7.357142857142857,1.1507283885330308,7.2,1.2148506364839746,5.0,10.0,-2.0,0.0,0.5,0.6571428571428566,2.0,1.0,0.0,0.0,0,0.0,smooth,0.19826518729302683,0.0,0.08287292817679558,high
2026-03-22,SKU-UMR-007,8,WH-NORTH,online,88.0,,,False,0,0,0,0,0,0,0,0,0,0,,,6,12,3,1,1,0,0,6.0,10.0,8.0,8.0,6.0,7.857142857142857,1.2149857925879137,7.357142857142857,1.1507283885330308,7.166666666666667,1.234094204567515,5.0,10.0,2.0,0.0,0.5,0.6904761904761898,-2.0,0.0,0.0,0.0,0,0.0,smooth,0.19826518729302683,0.0,0.08287292817679558,high
2026-03-23,SKU-UMR-007,8,WH-NORTH,retail,88.0,,,False,0,0,0,0,0,0,0,0,0,0,,,0,13,3,1,0,0,0,8.0,8.0,8.0,7.0,7.0,7.857142857142857,1.2149857925879137,7.357142857142857,1.1507283885330308,7.233333333333333,1.2228664272317624,5.0,10.0,0.0,0.0,0.5,0.6238095238095234,0.0,1.0,0.0,0.0,0,0.0,smooth,0.19826518729302683,0.0,0.08287292817679558,high
2026-03-24,SKU-UMR-007,6,WH-NORTH,retail,66.0,,,False,0,0,0,0,0,0,0,0,0,0,,,1,13,3,1,0,0,0,8.0,6.0,7.0,6.0,8.0,7.857142857142857,1.2149857925879137,7.428571428571429,1.1578684470436795,7.266666666666667,1.2298957997167566,5.0,10.0,-2.0,-1.0,0.42857142857142794,0.5904761904761902,1.0,0.0,0.0,0.0,0,0.0,smooth,0.19826518729302683,0.0,0.08287292817679558,high
2026-03-25,SKU-UMR-007,6,WH-NORTH,retail,66.0,,,False,0,0,0,0,0,0,0,0,0,0,,,2,13,3,1,0,0,0,6.0,8.0,8.0,7.0,5.0,7.714285714285714,1.3801311186847098,7.428571428571429,1.1578684470436795,7.2,1.242910932531731,5.0,10.0,0.0,-2.0,0.2857142857142856,0.5142857142857142,-2.0,1.0,0.0,0.0,0,0.0,smooth,0.19826518729302683,0.0,0.08287292817679558,high
2026-03-26,SKU-UMR-007,8,WH-NORTH,retail,88.0,,,False,0,0,0,0,0,0,0,0,0,0,,,3,13,3,1,0,0,0,6.0,8.0,10.0,8.0,6.0,7.428571428571429,1.5118578920369092,7.357142857142857,1.2157392722216305,7.233333333333333,1.1943352886058405,5.0,10.0,2.0,-2.0,0.07142857142857206,0.19523809523809543,-4.0,0.0,0.0,0.0,0,0.0,smooth,0.19826518729302683,0.0,0.08287292817679558,high
2026-03-27,SKU-UMR-007,7,WH-NORTH,retail,77.0,,,False,0,0,0,0,0,0,0,0,0,0,,,4,13,3,1,0,0,0,8.0,6.0,8.0,6.0,8.0,7.142857142857143,1.0690449676496971,7.357142857142857,1.2157392722216305,7.3,1.1788363637137234,5.0,10.0,-1.0,-1.0,-0.21428571428571352,-0.15714285714285658,0.0,0.0,0.0,0.0,0,0.0,smooth,0.19826518729302683,0.0,0.08287292817679558,high
2026-03-28,SKU-UMR-007,5,WH-NORTH,online,55.0,,,False,0,0,0,0,0,0,0,0,0,0,,,5,13,3,1,1,0,0,7.0,6.0,6.0,6.0,7.0,7.0,0.9999999999999991,7.428571428571429,1.1578684470436795,7.266666666666667,1.1724814044061258,5.0,10.0,-2.0,-1.0,-0.4285714285714288,-0.2666666666666666,1.0,0.0,0.0,0.0,0,0.0,smooth,0.19826518729302683,0.0,0.08287292817679558,high
2026-03-29,SKU-UMR-007,6,WH-NORTH,online,66.0,,,False,0,0,0,0,0,0,0,0,0,0,,,6,13,3,1,1,0,0,5.0,8.0,8.0,8.0,5.0,6.857142857142857,1.2149857925879106,7.357142857142857,1.277445940878961,7.2,1.242910932531731,5.0,10.0,1.0,-2.0,-0.5,-0.3428571428571434,-3.0,0.0,0.0,0.0,0,0.0,smooth,0.19826518729302683,0.0,0.08287292817679558,high
2026-03-30,SKU-UMR-007,8,WH-NORTH,retail,88.0,,,False,0,0,0,0,0,0,0,0,0,0,,,0,14,3,1,0,0,0,6.0,7.0,8.0,8.0,7.0,6.571428571428571,1.1338934190276795,7.214285714285714,1.3114039117603022,7.233333333333333,1.1943352886058405,5.0,10.0,2.0,0.0,-0.6428571428571432,-0.6619047619047622,-2.0,-1.0,0.0,0.0,0,0.0,smooth,0.19826518729302683,0.0,0.08287292817679558,high
2026-03-31,SKU-UMR-007,8,WH-NORTH,retail,88.0,,,False,0,0,0,0,0,0,0,0,0,0,,,1,14,3,1,0,0,1,8.0,5.0,6.0,7.0,9.0,6.571428571428571,1.1338934190276795,7.214285714285714,1.3114039117603022,7.266666666666667,1.201531589646956,5.0,10.0,0.0,2.0,-0.6428571428571432,-0.6952380952380954,2.0,-1.0,0.0,0.0,0,0.0,smooth,0.19826518729302683,0.0,0.08287292817679558,high
2026-04-01,SKU-UMR-007,7,WH-NORTH,retail,77.0,,,False,1,1,1,0,0,0,1,0,0,0,Easter Holiday,holiday,2,14,4,2,0,1,0,8.0,6.0,6.0,8.0,7.0,6.857142857142857,1.2149857925879106,7.285714285714286,1.3259870882635927,7.233333333333333,1.1651056880677464,5.0,10.0,-1.0,1.0,-0.4285714285714288,-0.37619047619047663,2.0,1.0,0.0,0.0,0,0.0,smooth,0.19826518729302683,0.0,0.08287292817679558,high
2026-04-02,SKU-UMR-007,9,WH-NORTH,retail,99.0,,,False,1,1,1,0,0,0,1,0,0,0,Easter Holiday,holiday,3,14,4,2,0,0,0,7.0,8.0,8.0,10.0,7.0,7.0,1.1547005383792508,7.214285714285714,1.3114039117603022,7.233333333333333,1.1651056880677464,5.0,10.0,2.0,1.0,-0.2142857142857144,-0.2333333333333334,-1.0,0.0,1.0,1.0,0,0.0,smooth,0.19826518729302683,0.0,0.08287292817679558,high
2026-04-03,SKU-UMR-007,9,WH-NORTH,retail,99.0,,,False,1,1,1,0,0,0,1,0,0,0,Easter Holiday,holiday,4,14,4,2,0,0,0,9.0,8.0,7.0,8.0,9.0,7.142857142857143,1.345185418269098,7.142857142857143,1.1673205911990783,7.3,1.2077336998093466,5.0,10.0,0.0,2.0,0.0,-0.15714285714285658,2.0,0.0,2.0,2.0,0,0.0,smooth,0.19826518729302683,0.0,0.08287292817679558,high
2026-04-04,SKU-UMR-007,6,WH-NORTH,online,66.0,,,False,1,1,1,0,0,0,1,0,0,0,Easter Holiday,holiday,5,14,4,2,1,0,0,9.0,7.0,5.0,6.0,9.0,7.428571428571429,1.511857892036909,7.214285714285714,1.2513728724621087,7.3,1.2077336998093466,5.0,10.0,-3.0,1.0,0.2142857142857144,0.128571428571429,4.0,0.0,3.0,3.0,0,0.0,smooth,0.19826518729302683,0.0,0.08287292817679558,high
2026-04-05,SKU-UMR-007,8,WH-NORTH,online,88.0,,,False,1,1,0,1,0,0,1,0,0,0,Easter Holiday,holiday,6,14,4,2,1,0,0,6.0,9.0,6.0,8.0,6.0,7.571428571428571,1.2724180205607039,7.214285714285714,1.2513728724621087,7.2,1.1861267013789627,5.0,10.0,2.0,2.0,0.35714285714285676,0.371428571428571,0.0,0.0,4.0,4.0,0,0.0,smooth,0.19826518729302683,0.0,0.08287292817679558,high
2026-04-06,SKU-UMR-007,9,WH-NORTH,retail,99.0,,,False,1,1,0,0,1,0,1,0,0,0,Easter Holiday,holiday,0,15,4,2,0,0,0,8.0,9.0,8.0,8.0,6.0,7.857142857142857,1.0690449676496987,7.214285714285714,1.2513728724621087,7.266666666666667,1.172481404406126,5.0,10.0,1.0,1.0,0.6428571428571423,0.5904761904761902,0.0,2.0,5.0,5.0,0,0.0,smooth,0.19826518729302683,0.0,0.08287292817679558,high
2026-04-07,SKU-UMR-007,8,WH-NORTH,retail,88.0,,,False,0,0,0,0,0,0,0,0,0,0,,,1,15,4,2,0,0,0,9.0,6.0,8.0,6.0,8.0,8.0,1.154700538379253,7.285714285714286,1.325987088263593,7.366666666666666,1.1885468767200225,5.0,10.0,-1.0,0.0,0.7142857142857144,0.6333333333333337,1.0,1.0,6.0,6.0,0,0.0,smooth,0.19826518729302683,0.0,0.08287292817679558,high
2026-04-08,SKU-UMR-007,6,WH-NORTH,retail,66.0,,,False,0,0,0,0,0,0,0,0,0,0,,,2,15,4,2,0,0,0,8.0,8.0,7.0,6.0,7.0,8.0,1.154700538379253,7.428571428571429,1.2838814775327398,7.366666666666666,1.1885468767200225,5.0,10.0,-2.0,-1.0,0.5714285714285712,0.6333333333333337,1.0,1.0,6.0,6.0,0,0.0,smooth,0.19826518729302683,0.0,0.08287292817679558,high
2026-04-09,SKU-UMR-007,7,WH-NORTH,retail,77.0,,,False,0,0,0,0,0,0,0,0,0,0,,,3,15,4,2,0,0,0,6.0,9.0,9.0,8.0,6.0,7.857142857142857,1.3451854182690997,7.428571428571429,1.2838814775327398,7.333333333333333,1.2129568697262456,5.0,10.0,1.0,-2.0,0.42857142857142794,0.5238095238095237,-3.0,0.0,5.0,6.0,0,0.0,smooth,0.19826518729302683,0.0,0.08287292817679558,high
2026-04-10,SKU-UMR-007,7,WH-NORTH,retail,77.0,,,False,0,0,0,0,0,0,0,0,0,0,,,4,15,4,2,0,0,0,7.0,8.0,9.0,7.0,7.0,7.571428571428571,1.272418020560704,7.357142857142857,1.2774459408789614,7.366666666666666,1.1885468767200225,5.0,10.0,0.0,-2.0,0.2142857142857144,0.20476190476190492,-2.0,0.0,4.0,6.0,0,0.0,smooth,0.19826518729302683,0.0,0.08287292817679558,high
2026-04-11,SKU-UMR-007,5,WH-NORTH,online,55.0,,,False,0,0,0,0,0,0,0,0,0,0,,,5,15,4,2,1,0,0,7.0,6.0,6.0,5.0,8.0,7.285714285714286,1.112697280528374,7.357142857142857,1.2774459408789614,7.366666666666666,1.1885468767200225,5.0,10.0,-2.0,-1.0,-0.07142857142857117,-0.08095238095238066,1.0,-1.0,3.0,6.0,0,0.0,smooth,0.19826518729302683,0.0,0.08287292817679558,high
2026-04-12,SKU-UMR-007,5,WH-NORTH,online,55.0,,,False,0,0,0,0,0,0,0,0,0,0,,,6,15,4,2,1,0,0,5.0,7.0,8.0,6.0,6.0,7.142857142857143,1.3451854182690985,7.357142857142857,1.2774459408789614,7.266666666666667,1.2576204496597132,5.0,10.0,0.0,-3.0,-0.21428571428571352,-0.12380952380952337,-3.0,-1.0,2.0,6.0,0,0.0,smooth,0.19826518729302683,0.0,0.08287292817679558,high
2026-04-13,SKU-UMR-007,7,WH-NORTH,retail,77.0,,,False,0,0,0,0,0,0,0,0,0,0,,,0,16,4,2,0,0,0,5.0,7.0,9.0,8.0,6.0,6.714285714285714,1.496026483086191,7.285714285714286,1.3827826698682317,7.233333333333333,1.3047217521658452,5.0,10.0,2.0,-2.0,-0.5714285714285712,-0.519047619047619,-4.0,-1.0,1.0,6.0,0,0.0,smooth,0.19826518729302683,0.0,0.08287292817679558,high
2026-04-14,SKU-UMR-007,8,WH-NORTH,retail,88.0,,,False,0,0,0,0,0,0,0,0,0,0,,,1,16,4,2,0,0,0,7.0,5.0,8.0,8.0,8.0,6.428571428571429,1.1338934190276806,7.214285714285714,1.3688047244316395,7.266666666666667,1.2847469449832052,5.0,10.0,1.0,0.0,-0.7857142857142856,-0.8380952380952378,-1.0,-1.0,0.0,6.0,0,0.0,smooth,0.19826518729302683,0.0,0.08287292817679558,high
2026-04-15,SKU-UMR-007,6,WH-NORTH,retail,66.0,,,False,0,0,0,0,0,0,0,0,0,0,,,2,16,4,2,0,0,0,8.0,5.0,6.0,7.0,8.0,6.428571428571429,1.1338934190276806,7.214285714285714,1.3688047244316395,7.266666666666667,1.2847469449832052,5.0,10.0,-2.0,0.0,-0.7857142857142856,-0.8380952380952378,2.0,0.0,0.0,6.0,0,0.0,smooth,0.19826518729302683,0.0,0.08287292817679558,high
2026-04-16,SKU-UMR-007,7,WH-NORTH,retail,77.0,,,False,0,0,0,0,0,0,0,0,0,0,,,3,16,4,2,0,0,0,6.0,7.0,7.0,9.0,7.0,6.428571428571429,1.1338934190276806,7.142857142857143,1.4064216928154873,7.2,1.2972118642263706,5.0,10.0,1.0,0.0,-0.7142857142857144,-0.7714285714285714,-1.0,-1.0,0.0,6.0,0,0.0,smooth,0.19826518729302683,0.0,0.08287292817679558,high
2026-04-17,SKU-UMR-007,9,WH-NORTH,retail,99.0,,,False,0,0,0,0,0,0,0,0,0,0,,,4,16,4,2,0,0,0,7.0,8.0,7.0,9.0,8.0,6.428571428571429,1.1338934190276806,7.0,1.3008872711759827,7.2,1.2972118642263706,5.0,10.0,2.0,2.0,-0.5714285714285712,-0.7714285714285714,0.0,-1.0,0.0,6.0,0,0.0,smooth,0.19826518729302683,0.0,0.08287292817679558,high
2026-04-18,SKU-UMR-007,8,WH-NORTH,online,88.0,,,False,0,0,0,0,0,0,0,0,0,0,,,5,16,4,2,1,0,0,9.0,6.0,5.0,6.0,10.0,6.714285714285714,1.496026483086191,7.0,1.3008872711759827,7.233333333333333,1.3308885632599343,5.0,10.0,-1.0,3.0,-0.2857142857142856,-0.519047619047619,4.0,-1.0,0.0,6.0,0,0.0,smooth,0.19826518729302683,0.0,0.08287292817679558,high
2026-04-19,SKU-UMR-007,6,WH-NORTH,online,66.0,,,False,0,0,0,0,0,0,0,0,0,0,,,6,16,4,2,1,0,0,8.0,7.0,5.0,8.0,8.0,7.142857142857143,1.3451854182690985,7.142857142857143,1.2924123453177292,7.166666666666667,1.2340942045675147,5.0,9.0,-2.0,1.0,0.0,-0.023809523809523725,3.0,0.0,0.0,6.0,0,0.0,smooth,0.19826518729302683,0.0,0.08287292817679558,high
2026-04-20,SKU-UMR-007,8,WH-NORTH,retail,88.0,,,False,0,0,0,0,0,0,0,0,0,0,,,0,17,4,2,0,0,0,6.0,9.0,7.0,9.0,6.0,7.285714285714286,1.112697280528374,7.0,1.3008872711759827,7.1,1.2415229801920011,5.0,9.0,2.0,1.0,0.2857142857142856,0.18571428571428594,-1.0,0.0,0.0,6.0,0,0.0,smooth,0.19826518729302683,0.0,0.08287292817679558,high
2026-04-21,SKU-UMR-007,9,WH-NORTH,retail,99.0,,,False,0,0,0,0,0,0,0,0,0,0,,,1,17,4,2,0,0,0,8.0,8.0,8.0,8.0,8.0,7.428571428571429,1.1338934190276821,6.928571428571429,1.2066664642907579,7.166666666666667,1.2340942045675147,5.0,9.0,1.0,1.0,0.5,0.26190476190476186,0.0,0.0,0.0,6.0,0,0.0,smooth,0.19826518729302683,0.0,0.08287292817679558,high
2026-04-22,SKU-UMR-007,7,WH-NORTH,retail,77.0,,,False,0,0,0,0,0,0,0,0,0,0,,,2,17,4,2,0,0,0,9.0,6.0,6.0,6.0,8.0,7.571428571428571,1.272418020560704,7.0,1.3008872711759827,7.2,1.2703515668696899,5.0,9.0,-2.0,1.0,0.5714285714285712,0.371428571428571,3.0,1.0,0.0,6.0,0,0.0,smooth,0.19826518729302683,0.0,0.08287292817679558,high
2026-04-23,SKU-UMR-007,6,WH-NORTH,retail,66.0,,,False,0,0,0,0,0,0,0,0,0,0,,,3,17,4,2,0,0,0,7.0,8.0,7.0,7.0,6.0,7.714285714285714,1.1126972805283746,7.071428571428571,1.2688144505364496,7.166666666666667,1.2617266038997934,5.0,9.0,-1.0,-1.0,0.6428571428571432,0.5476190476190474,0.0,1.0,0.0,6.0,0,0.0,smooth,0.19826518729302683,0.0,0.08287292817679558,high
2026-04-24,SKU-UMR-007,7,WH-NORTH,retail,77.0,,,False,0,0,0,0,0,0,0,0,0,0,,,4,17,4,2,0,0,0,6.0,9.0,9.0,7.0,6.0,7.571428571428571,1.272418020560704,7.0,1.3008872711759827,7.166666666666667,1.2617266038997934,5.0,9.0,1.0,-2.0,0.5714285714285712,0.4047619047619042,-3.0,0.0,0.0,6.0,0,0.0,smooth,0.19826518729302683,0.0,0.08287292817679558,high
2026-04-25,SKU-UMR-007,6,WH-NORTH,online,66.0,,,False,0,0,0,0,0,0,0,0,0,0,,,5,17,4,2,1,0,0,7.0,7.0,8.0,5.0,8.0,7.285714285714286,1.112697280528374,7.0,1.3008872711759827,7.2,1.242910932531731,5.0,9.0,-1.0,-2.0,0.2857142857142856,0.08571428571428541,-1.0,-1.0,0.0,6.0,0,0.0,smooth,0.19826518729302683,0.0,0.08287292817679558,high
2026-04-26,SKU-UMR-007,5,WH-NORTH,online,55.0,,,False,0,0,0,0,0,0,0,0,0,0,,,6,17,4,2,1,0,0,6.0,6.0,6.0,5.0,7.0,7.0,1.1547005383792512,7.071428571428571,1.2066664642907579,7.133333333333334,1.2521246311585854,5.0,9.0,-1.0,-1.0,-0.07142857142857117,-0.13333333333333375,0.0,-1.0,0.0,6.0,0,0.0,smooth,0.19826518729302683,0.0,0.08287292817679558,high
2026-04-27,SKU-UMR-007,6,WH-NORTH,retail,66.0,,,False,0,0,0,0,0,0,0,0,0,0,,,0,18,4,2,0,0,0,5.0,7.0,8.0,7.0,5.0,6.857142857142857,1.3451854182690979,7.071428571428571,1.2066664642907579,7.066666666666666,1.311312407431981,5.0,9.0,1.0,-2.0,-0.2142857142857144,-0.20952380952380967,-3.0,0.0,0.0,6.0,0,0.0,smooth,0.19826518729302683,0.0,0.08287292817679558,high
2026-04-28,SKU-UMR-007,8,WH-NORTH,retail,88.0,,,False,0,0,0,0,0,0,0,0,0,0,,,1,18,4,2,0,0,0,6.0,6.0,9.0,8.0,6.0,6.571428571428571,1.2724180205607023,7.0,1.2403473458920857,7.1,1.2689936278745484,5.0,9.0,2.0,-1.0,-0.4285714285714288,-0.5285714285714285,-3.0,0.0,0.0,6.0,0,0.0,smooth,0.19826518729302683,0.0,0.08287292817679558,high
2026-04-29,SKU-UMR-007,7,WH-NORTH,retail,77.0,,,False,0,0,0,0,0,0,0,0,0,0,,,2,18,4,2,0,0,0,8.0,5.0,7.0,6.0,8.0,6.428571428571429,0.9759000729485313,7.0,1.2403473458920857,7.166666666666667,1.2617266038997934,5.0,9.0,-1.0,0.0,-0.5714285714285712,-0.7380952380952381,1.0,0.0,0.0,6.0,0,0.0,smooth,0.19826518729302683,0.0,0.08287292817679558,high
2026-04-30,SKU-UMR-007,6,WH-NORTH,retail,66.0,,,False,0,0,0,0,0,0,0,0,0,0,,,3,18,4,2,0,0,1,7.0,6.0,6.0,7.0,8.0,6.428571428571429,0.9759000729485313,7.071428571428571,1.2066664642907579,7.133333333333334,1.2521246311585854,5.0,9.0,-1.0,0.0,-0.6428571428571423,-0.7047619047619049,1.0,-1.0,0.0,6.0,0,0.0,smooth,0.19826518729302683,0.0,0.08287292817679558,high
2026-05-01,SKU-UMR-007,7,WH-NORTH,retail,77.0,,,False,0,0,0,0,0,0,0,0,0,0,,,4,18,5,2,0,1,0,6.0,8.0,7.0,9.0,7.0,6.428571428571429,0.9759000729485313,7.0,1.2403473458920857,7.066666666666666,1.2576204496597132,5.0,9.0,1.0,0.0,-0.5714285714285712,-0.6380952380952376,-1.0,-1.0,0.0,6.0,0,0.0,smooth,0.19826518729302683,0.0,0.08287292817679558,high
2026-05-02,SKU-UMR-007,8,WH-NORTH,online,88.0,,,False,0,0,0,0,0,0,0,0,0,0,,,5,18,5,2,1,0,0,7.0,7.0,6.0,8.0,9.0,6.428571428571429,0.9759000729485313,6.857142857142857,1.0994504121565518,7.066666666666666,1.2576204496597132,5.0,9.0,1.0,2.0,-0.42857142857142794,-0.6380952380952376,1.0,-2.0,0.0,5.0,0,0.0,smooth,0.19826518729302683,0.0,0.08287292817679558,high
2026-05-03,SKU-UMR-007,6,WH-NORTH,online,66.0,,,False,0,0,0,0,0,0,0,0,0,0,,,6,18,5,2,1,0,0,8.0,6.0,5.0,6.0,9.0,6.714285714285714,1.1126972805283728,6.857142857142857,1.0994504121565518,7.033333333333333,1.217213701616236,5.0,9.0,-2.0,1.0,-0.14285714285714235,-0.3190476190476188,3.0,-1.0,0.0,4.0,0,0.0,smooth,0.19826518729302683,0.0,0.08287292817679558,high
2026-05-04,SKU-UMR-007,7,WH-NORTH,retail,77.0,,,False,0,0,0,0,0,0,0,0,0,0,,,0,19,5,2,0,0,0,6.0,7.0,6.0,8.0,6.0,6.857142857142857,0.8997354108424367,6.857142857142857,1.0994504121565518,6.933333333333334,1.172481404406126,5.0,9.0,1.0,1.0,0.0,-0.07619047619047681,0.0,0.0,0.0,3.0,0,0.0,smooth,0.19826518729302683,0.0,0.08287292817679558,high
2026-05-05,SKU-UMR-007,9,WH-NORTH,retail,99.0,,,False,0,0,0,0,0,0,0,0,0,0,,,1,19,5,2,0,0,0,7.0,8.0,8.0,9.0,8.0,7.0,0.8164965809277257,6.785714285714286,1.0509022810878315,6.966666666666667,1.1591713250937246,5.0,9.0,2.0,1.0,0.2142857142857144,0.033333333333333215,-1.0,-1.0,0.0,2.0,0,0.0,smooth,0.19826518729302683,0.0,0.08287292817679558,high
2026-05-06,SKU-UMR-007,8,WH-NORTH,retail,88.0,,,False,0,0,0,0,0,0,0,0,0,0,,,2,19,5,2,0,0,0,9.0,6.0,7.0,7.0,9.0,7.142857142857143,1.0690449676496976,6.785714285714286,1.0509022810878315,7.0,1.2034433356286312,5.0,9.0,-1.0,1.0,0.35714285714285765,0.14285714285714324,2.0,0.0,0.0,1.0,0,0.0,smooth,0.19826518729302683,0.0,0.08287292817679558,high
2026-05-07,SKU-UMR-007,6,WH-NORTH,retail,66.0,,,False,0,0,0,0,0,0,0,0,0,0,,,3,19,5,2,0,0,0,8.0,7.0,6.0,6.0,8.0,7.285714285714286,1.112697280528374,6.857142857142857,1.0994504121565518,6.966666666666667,1.1591713250937248,5.0,9.0,-2.0,0.0,0.4285714285714288,0.3190476190476188,2.0,0.0,0.0,0.0,0,0.0,smooth,0.19826518729302683,0.0,0.08287292817679558,high
2026-05-08,SKU-UMR-007,6,WH-NORTH,retail,66.0,,,False,0,0,0,0,0,0,0,0,0,0,,,4,19,5,2,0,0,0,6.0,9.0,7.0,7.0,6.0,7.285714285714286,1.112697280528374,6.857142857142857,1.0994504121565518,6.9,1.155198146908439,5.0,9.0,0.0,-1.0,0.4285714285714288,0.38571428571428523,-1.0,0.0,0.0,0.0,0,0.0,smooth,0.19826518729302683,0.0,0.08287292817679558,high
2026-05-09,SKU-UMR-007,7,WH-NORTH,online,77.0,,,False,0,0,0,0,0,0,0,0,0,0,,,5,19,5,2,1,0,0,6.0,8.0,8.0,6.0,7.0,7.142857142857143,1.214985792587912,6.785714285714286,1.121713759495604,6.9,1.155198146908439,5.0,9.0,1.0,-1.0,0.35714285714285765,0.24285714285714288,-2.0,-1.0,0.0,0.0,0,0.0,smooth,0.19826518729302683,0.0,0.08287292817679558,high
2026-05-10,SKU-UMR-007,5,WH-NORTH,online,55.0,,,False,0,0,0,0,0,0,0,0,0,0,,,6,19,5,2,1,0,0,7.0,6.0,6.0,5.0,7.0,7.0,1.1547005383792515,6.857142857142857,1.0994504121565518,6.9,1.155198146908439,5.0,9.0,-2.0,-1.0,0.14285714285714324,0.09999999999999964,1.0,0.0,0.0,0.0,0,0.0,smooth,0.19826518729302683,0.0,0.08287292817679558,high
2026-05-11,SKU-UMR-007,4,WH-NORTH,retail,44.0,,,False,0,0,0,0,0,0,0,0,0,0,,,0,20,5,2,0,0,0,5.0,6.0,7.0,6.0,5.0,6.857142857142857,1.345185418269098,6.857142857142857,1.0994504121565518,6.833333333333333,1.2058287558794363,5.0,9.0,-1.0,-3.0,0.0,0.023809523809523725,-2.0,0.0,0.0,0.0,0,0.0,smooth,0.19826518729302683,0.0,0.08287292817679558,high
2026-05-12,SKU-UMR-007,7,WH-NORTH,retail,77.0,,,False,0,0,0,0,0,0,0,0,0,0,,,1,20,5,2,0,0,0,4.0,7.0,9.0,8.0,5.0,6.428571428571429,1.7182493859684482,6.714285714285714,1.325987088263593,6.8,1.2703515668696905,4.0,9.0,3.0,-2.0,-0.2857142857142856,-0.371428571428571,-5.0,-1.0,0.0,0.0,0,0.0,smooth,0.19826518729302683,0.0,0.08287292817679558,high
2026-05-13,SKU-UMR-007,7,WH-NORTH,retail,77.0,,,False,0,0,0,0,0,0,0,0,0,0,,,2,20,5,2,0,0,0,7.0,5.0,8.0,7.0,7.0,6.142857142857143,1.3451854182690965,6.642857142857143,1.2774459408789614,6.866666666666666,1.2242755305537416,4.0,9.0,0.0,-1.0,-0.5,-0.723809523809523,-1.0,0.0,0.0,0.0,0,0.0,smooth,0.19826518729302683,0.0,0.08287292817679558,high
2026-05-14,SKU-UMR-007,5,WH-NORTH,retail,55.0,,,False,0,0,0,0,0,0,0,0,0,0,,,3,20,5,2,0,0,0,7.0,4.0,6.0,6.0,8.0,6.0,1.154700538379249,6.642857142857143,1.2774459408789614,6.866666666666666,1.2242755305537416,4.0,9.0,-2.0,-1.0,-0.6428571428571432,-0.8666666666666663,1.0,-1.0,0.0,0.0,0,0.0,smooth,0.19826518729302683,0.0,0.08287292817679558,high
2026-05-15,SKU-UMR-007,5,WH-NORTH,retail,55.0,,,False,0,0,0,0,0,0,0,0,0,0,,,4,20,5,2,0,0,0,5.0,7.0,6.0,7.0,6.0,5.857142857142857,1.2149857925879088,6.571428571428571,1.3424596091494914,6.766666666666667,1.2507469032909722,4.0,9.0,0.0,-1.0,-0.7142857142857144,-0.9095238095238098,-1.0,-1.0,0.0,0.0,0,0.0,smooth,0.19826518729302683,0.0,0.08287292817679558,high
2026-05-16,SKU-UMR-007,8,WH-NORTH,online,88.0,,,False,0,0,0,0,0,0,0,0,0,0,,,5,20,5,2,1,0,0,5.0,7.0,7.0,8.0,7.0,5.714285714285714,1.253566341056014,6.428571428571429,1.398586413506137,6.733333333333333,1.2847469449832059,4.0,9.0,3.0,1.0,-0.7142857142857144,-1.019047619047619,-2.0,-2.0,0.0,0.0,0,0.0,smooth,0.19826518729302683,0.0,0.08287292817679558,high
2026-05-17,SKU-UMR-007,7,WH-NORTH,online,77.0,,,False,0,0,0,0,0,0,0,0,0,0,,,6,20,5,2,1,0,0,8.0,5.0,5.0,6.0,9.0,5.857142857142857,1.4638501094227974,6.428571428571429,1.398586413506137,6.766666666666667,1.3047217521658458,4.0,9.0,-1.0,2.0,-0.5714285714285721,-0.9095238095238098,3.0,-1.0,0.0,0.0,0,0.0,smooth,0.19826518729302683,0.0,0.08287292817679558,high
2026-05-18,SKU-UMR-007,6,WH-NORTH,retail,66.0,,,False,0,0,0,0,0,0,0,0,0,0,,,0,21,5,2,0,0,0,7.0,5.0,4.0,7.0,8.0,6.142857142857143,1.463850109422798,6.5,1.40054934277178,6.7,1.235955584516108,4.0,9.0,-1.0,2.0,-0.35714285714285676,-0.5571428571428569,3.0,-1.0,0.0,0.0,0,0.0,smooth,0.19826518729302683,0.0,0.08287292817679558,high
2026-05-19,SKU-UMR-007,8,WH-NORTH,retail,88.0,,,False,0,0,0,0,0,0,0,0,0,0,,,1,21,5,2,0,0,0,6.0,8.0,7.0,9.0,6.0,6.428571428571429,1.1338934190276801,6.428571428571429,1.398586413506137,6.633333333333334,1.217213701616237,4.0,9.0,2.0,1.0,0.0,-0.20476190476190492,-1.0,0.0,0.0,0.0,0,0.0,smooth,0.19826518729302683,0.0,0.08287292817679558,high
2026-05-20,SKU-UMR-007,9,WH-NORTH,retail,99.0,,,False,1,1,1,0,0,0,1,0,0,0,Memorial Day,holiday,2,21,5,2,0,0,0,8.0,7.0,7.0,8.0,8.0,6.571428571428571,1.2724180205607027,6.357142857142857,1.2774459408789614,6.7,1.235955584516108,4.0,9.0,1.0,2.0,0.2142857142857144,-0.128571428571429,1.0,0.0,0.0,0.0,0,0.0,smooth,0.19826518729302683,0.0,0.08287292817679558,high
2026-05-21,SKU-UMR-007,6,WH-NORTH,retail,66.0,,,False,1,1,1,0,0,0,1,0,0,0,Memorial Day,holiday,3,21,5,2,0,0,0,9.0,6.0,5.0,6.0,9.0,6.857142857142857,1.5735915849388864,6.428571428571429,1.3985864135061368,6.733333333333333,1.2847469449832059,4.0,9.0,-3.0,1.0,0.42857142857142794,0.12380952380952337,4.0,0.0,1.0,1.0,0,0.0,smooth,0.19826518729302683,0.0,0.08287292817679558,high
2026-05-22,SKU-UMR-007,5,WH-NORTH,retail,55.0,,,False,1,1,1,0,0,0,1,0,0,0,Memorial Day,holiday,4,21,5,2,0,0,0,6.0,8.0,5.0,6.0,7.0,7.0,1.4142135623730956,6.428571428571429,1.3985864135061368,6.633333333333334,1.217213701616237,4.0,9.0,-1.0,0.0,0.5714285714285712,0.36666666666666625,1.0,-1.0,2.0,2.0,0,0.0,smooth,0.19826518729302683,0.0,0.08287292817679558,high
2026-05-23,SKU-UMR-007,7,WH-NORTH,online,77.0,,,False,1,1,1,0,0,0,1,0,0,0,Memorial Day,holiday,5,21,5,2,1,0,0,5.0,9.0,8.0,7.0,6.0,7.0,1.4142135623730956,6.357142857142857,1.4468609447374674,6.566666666666666,1.2507469032909726,4.0,9.0,2.0,-1.0,0.6428571428571432,0.43333333333333357,-3.0,-1.0,3.0,3.0,0,0.0,smooth,0.19826518729302683,0.0,0.08287292817679558,high
2026-05-24,SKU-UMR-007,7,WH-NORTH,online,77.0,,,False,1,1,1,0,0,0,1,0,0,0,Memorial Day,holiday,6,21,5,2,1,0,0,7.0,6.0,7.0,5.0,7.0,6.857142857142857,1.3451854182690985,6.357142857142857,1.4468609447374674,6.6,1.2484473115254706,4.0,9.0,0.0,0.0,0.5,0.2571428571428571,0.0,0.0,4.0,4.0,0,0.0,smooth,0.19826518729302683,0.0,0.08287292817679558,high
2026-05-25,SKU-UMR-007,6,WH-NORTH,retail,66.0,,,False,1,1,0,1,0,0,1,0,0,0,Memorial Day,holiday,0,22,5,2,0,0,0,7.0,5.0,6.0,4.0,6.0,6.857142857142857,1.3451854182690985,6.5,1.40054934277178,6.6,1.2484473115254706,4.0,9.0,-1.0,0.0,0.35714285714285676,0.2571428571428571,1.0,1.0,5.0,5.0,0,0.0,smooth,0.19826518729302683,0.0,0.08287292817679558,high
2026-05-26,SKU-UMR-007,5,WH-NORTH,retail,55.0,,,False,1,1,0,0,1,0,1,0,0,0,Memorial Day,holiday,1,22,5,2,0,0,0,6.0,7.0,8.0,7.0,5.0,6.857142857142857,1.3451854182690985,6.642857142857143,1.2157392722216311,6.6,1.2484473115254706,4.0,9.0,-1.0,-3.0,0.21428571428571352,0.2571428571428571,-2.0,1.0,6.0,6.0,0,0.0,smooth,0.19826518729302683,0.0,0.08287292817679558,high
2026-05-27,SKU-UMR-007,7,WH-NORTH,retail,77.0,,,False,0,0,0,0,0,0,0,0,0,0,,,2,22,5,2,0,0,0,5.0,7.0,9.0,7.0,6.0,6.428571428571429,1.3972762620115429,6.5,1.2860194997923464,6.6,1.2484473115254706,4.0,9.0,2.0,-2.0,-0.07142857142857117,-0.17142857142857082,-4.0,-1.0,7.0,7.0,0,0.0,smooth,0.19826518729302683,0.0,0.08287292817679558,high
2026-05-28,SKU-UMR-007,6,WH-NORTH,retail,66.0,,,False,0,0,0,0,0,0,0,0,0,0,,,3,22,5,2,0,0,0,7.0,6.0,6.0,5.0,8.0,6.142857142857143,0.8997354108424352,6.5,1.2860194997923464,6.633333333333334,1.2452207485597406,4.0,9.0,-1.0,0.0,-0.35714285714285676,-0.4904761904761905,1.0,-1.0,6.0,7.0,0,0.0,smooth,0.19826518729302683,0.0,0.08287292817679558,high
2026-05-29,SKU-UMR-007,4,WH-NORTH,retail,44.0,,,False,0,0,0,0,0,0,0,0,0,0,,,4,22,5,2,0,0,0,6.0,5.0,5.0,5.0,7.0,6.142857142857143,0.8997354108424352,6.571428571428571,1.2224996910042543,6.566666666666666,1.2228664272317635,4.0,9.0,-2.0,-1.0,-0.42857142857142794,-0.4238095238095232,1.0,-1.0,5.0,7.0,0,0.0,smooth,0.19826518729302683,0.0,0.08287292817679558,high
2026-05-30,SKU-UMR-007,6,WH-NORTH,online,66.0,,,False,0,0,0,0,0,0,0,0,0,0,,,5,22,5,2,1,0,0,4.0,7.0,7.0,8.0,6.0,6.0,1.1547005383792495,6.5,1.3445044840729652,6.466666666666667,1.3060425438846872,4.0,9.0,2.0,-1.0,-0.5,-0.4666666666666668,-3.0,-2.0,4.0,7.0,0,0.0,smooth,0.19826518729302683,0.0,0.08287292817679558,high
2026-05-31,SKU-UMR-007,7,WH-NORTH,online,77.0,,,False,0,0,0,0,0,0,0,0,0,0,,,6,22,5,2,1,0,1,6.0,6.0,7.0,7.0,7.0,5.857142857142857,1.069044967649695,6.357142857142857,1.2774459408789611,6.466666666666667,1.3060425438846872,4.0,9.0,1.0,0.0,-0.5,-0.60952380952381,-1.0,-1.0,3.0,7.0,0,0.0,smooth,0.19826518729302683,0.0,0.08287292817679558,high
2026-06-01,SKU-UMR-007,6,WH-NORTH,retail,66.0,,,False,0,0,0,0,0,0,0,0,0,0,,,0,23,6,2,0,1,0,7.0,4.0,6.0,6.0,8.0,5.857142857142857,1.0690449676496947,6.357142857142857,1.2774459408789611,6.466666666666667,1.3060425438846872,4.0,9.0,-1.0,0.0,-0.5,-0.60952380952381,1.0,-1.0,2.0,7.0,0,0.0,smooth,0.19826518729302683,0.0,0.08287292817679558,high
2026-06-02,SKU-UMR-007,6,WH-NORTH,retail,66.0,,,False,0,0,0,0,0,0,0,0,0,0,,,1,23,6,2,0,0,0,6.0,6.0,5.0,8.0,6.0,5.857142857142857,1.0690449676496947,6.357142857142857,1.2774459408789611,6.4,1.2757688689165274,4.0,9.0,0.0,1.0,-0.5,-0.5428571428571436,1.0,0.0,1.0,7.0,0,0.0,smooth,0.19826518729302683,0.0,0.08287292817679558,high
2026-06-03,SKU-UMR-007,8,WH-NORTH,retail,88.0,,,False,0,0,0,0,0,0,0,0,0,0,,,2,23,6,2,0,0,0,6.0,7.0,7.0,9.0,7.0,6.0,0.9999999999999974,6.214285714285714,1.1883130530663684,6.4,1.2757688689165274,4.0,9.0,2.0,1.0,-0.2142857142857144,-0.40000000000000036,-1.0,-1.0,0.0,7.0,0,0.0,smooth,0.19826518729302683,0.0,0.08287292817679558,high
2026-06-04,SKU-UMR-007,8,WH-NORTH,retail,88.0,,,False,0,0,0,0,0,0,0,0,0,0,,,3,23,6,2,0,0,0,8.0,6.0,6.0,6.0,9.0,6.142857142857143,1.21498579258791,6.142857142857143,1.0271051820261916,6.433333333333334,1.3047217521658465,4.0,9.0,0.0,2.0,0.0,-0.29047619047619033,2.0,-1.0,0.0,7.0,0,0.0,smooth,0.19826518729302683,0.0,0.08287292817679558,high
2026-06-05,SKU-UMR-007,5,WH-NORTH,retail,55.0,,,False,0,0,0,0,0,0,0,0,0,0,,,4,23,6,2,0,0,0,8.0,6.0,4.0,5.0,8.0,6.428571428571429,1.3972762620115426,6.285714285714286,1.1387288073563864,6.4,1.248447311525471,4.0,9.0,-3.0,1.0,0.14285714285714324,0.02857142857142847,4.0,0.0,0.0,7.0,0,0.0,smooth,0.19826518729302683,0.0,0.08287292817679558,high
2026-06-06,SKU-UMR-007,6,WH-NORTH,online,66.0,,,False,0,0,0,0,0,0,0,0,0,0,,,5,23,6,2,1,0,0,5.0,8.0,6.0,7.0,6.0,6.571428571428571,1.1338934190276806,6.285714285714286,1.1387288073563864,6.3,1.2359555845161085,4.0,9.0,1.0,0.0,0.2857142857142856,0.27142857142857135,-1.0,-1.0,0.0,7.0,0,0.0,smooth,0.19826518729302683,0.0,0.08287292817679558,high
2026-06-07,SKU-UMR-007,7,WH-NORTH,online,77.0,,,False,0,0,0,0,0,0,0,0,0,0,,,6,23,6,2,1,0,0,6.0,8.0,7.0,7.0,6.0,6.571428571428571,1.1338934190276806,6.214285714285714,1.121713759495603,6.3,1.2359555845161085,4.0,9.0,1.0,0.0,0.35714285714285676,0.27142857142857135,-1.0,0.0,0.0,7.0,0,0.0,smooth,0.19826518729302683,0.0,0.08287292817679558,high
2026-06-08,SKU-UMR-007,5,WH-NORTH,retail,55.0,,,False,0,0,0,0,0,0,0,0,0,0,,,0,24,6,2,0,0,0,7.0,5.0,6.0,6.0,7.0,6.571428571428571,1.1338934190276806,6.214285714285714,1.121713759495603,6.333333333333333,1.2410599844719332,4.0,9.0,-2.0,-1.0,0.35714285714285676,0.23809523809523814,1.0,0.0,0.0,7.0,0,0.0,smooth,0.19826518729302683,0.0,0.08287292817679558,high
2026-06-09,SKU-UMR-007,4,WH-NORTH,retail,44.0,,,False,0,0,0,0,0,0,0,0,0,0,,,1,24,6,2,0,0,0,5.0,6.0,6.0,5.0,5.0,6.428571428571429,1.2724180205607023,6.142857142857143,1.1673205911990776,6.266666666666667,1.2576204496597148,4.0,9.0,-1.0,-2.0,0.2857142857142856,0.16190476190476222,-1.0,0.0,0.0,7.0,0,0.0,smooth,0.19826518729302683,0.0,0.08287292817679558,high
2026-06-10,SKU-UMR-007,6,WH-NORTH,retail,66.0,,,False,0,0,0,0,0,0,0,0,0,0,,,2,24,6,2,0,0,0,4.0,7.0,8.0,7.0,4.0,6.142857142857143,1.5735915849388848,6.071428571428571,1.268814450536449,6.233333333333333,1.3047217521658465,4.0,9.0,2.0,-2.0,0.07142857142857206,-0.09047619047619015,-4.0,0.0,0.0,7.0,0,0.0,smooth,0.19826518729302683,0.0,0.08287292817679558,high
2026-06-11,SKU-UMR-007,6,WH-NORTH,retail,66.0,,,False,0,0,0,0,0,0,0,0,0,0,,,3,24,6,2,0,0,0,6.0,5.0,8.0,6.0,7.0,5.857142857142857,1.345185418269096,6.0,1.240347345892085,6.3,1.2359555845161085,4.0,9.0,0.0,-2.0,-0.14285714285714324,-0.44285714285714306,-2.0,-1.0,0.0,7.0,0,0.0,smooth,0.19826518729302683,0.0,0.08287292817679558,high
2026-06-12,SKU-UMR-007,4,WH-NORTH,retail,44.0,,,False,0,0,0,0,0,0,0,0,0,0,,,4,24,6,2,0,0,0,6.0,4.0,5.0,4.0,7.0,5.571428571428571,0.9759000729485291,6.0,1.240347345892085,6.266666666666667,1.229895799716758,4.0,9.0,-2.0,-1.0,-0.4285714285714288,-0.6952380952380954,1.0,-1.0,0.0,7.0,0,0.0,smooth,0.19826518729302683,0.0,0.08287292817679558,high
2026-06-13,SKU-UMR-007,4,WH-NORTH,online,44.0,,,False,0,0,0,0,0,0,0,0,0,0,,,5,24,6,2,1,0,0,4.0,6.0,6.0,6.0,5.0,5.428571428571429,1.1338934190276777,6.0,1.240347345892085,6.166666666666667,1.2887666740841375,4.0,9.0,0.0,-2.0,-0.5714285714285712,-0.7380952380952381,-2.0,-1.0,0.0,7.0,0,0.0,smooth,0.19826518729302683,0.0,0.08287292817679558,high
2026-06-14,SKU-UMR-007,7,WH-NORTH,online,77.0,,,False,0,0,0,0,0,0,0,0,0,0,,,6,24,6,2,1,0,0,4.0,6.0,7.0,7.0,5.0,5.142857142857143,1.2149857925879075,5.857142857142857,1.3506205330054126,6.133333333333334,1.3321834121764784,4.0,9.0,3.0,0.0,-0.7142857142857135,-0.9904761904761905,-3.0,-1.0,0.0,7.0,0,0.0,smooth,0.19826518729302683,0.0,0.08287292817679558,high
2026-06-15,SKU-UMR-007,6,WH-NORTH,retail,66.0,,,False,0,0,0,0,0,0,0,0,0,0,,,0,25,6,2,0,0,0,7.0,4.0,5.0,6.0,8.0,5.142857142857143,1.2149857925879075,5.857142857142857,1.3506205330054126,6.2,1.3235271579877155,4.0,9.0,-1.0,1.0,-0.7142857142857135,-1.057142857142857,2.0,-1.0,0.0,7.0,0,0.0,smooth,0.19826518729302683,0.0,0.08287292817679558,high
2026-06-16,SKU-UMR-007,5,WH-NORTH,retail,55.0,,,False,0,0,0,0,0,0,0,0,0,0,,,1,25,6,2,0,0,0,6.0,4.0,4.0,6.0,7.0,5.285714285714286,1.2535663410560134,5.857142857142857,1.3506205330054126,6.133333333333334,1.2793676598989856,4.0,9.0,-1.0,1.0,-0.5714285714285712,-0.8476190476190482,2.0,-1.0,0.0,7.0,0,0.0,smooth,0.19826518729302683,0.0,0.08287292817679558,high
2026-06-17,SKU-UMR-007,7,WH-NORTH,retail,77.0,,,False,0,0,0,0,0,0,0,0,0,0,,,2,25,6,2,0,0,0,5.0,7.0,6.0,8.0,6.0,5.428571428571429,1.1338934190276775,5.785714285714286,1.3688047244316386,6.066666666666666,1.2847469449832065,4.0,9.0,2.0,1.0,-0.35714285714285676,-0.6380952380952376,-1.0,-1.0,0.0,7.0,0,0.0,smooth,0.19826518729302683,0.0,0.08287292817679558,high
2026-06-18,SKU-UMR-007,8,WH-NORTH,retail,88.0,,,False,0,0,0,0,0,0,0,0,0,0,,,3,25,6,2,0,0,0,7.0,6.0,6.0,8.0,8.0,5.571428571428571,1.2724180205607,5.714285714285714,1.266647387553302,6.1,1.2958820721144306,4.0,9.0,1.0,2.0,-0.14285714285714324,-0.5285714285714285,1.0,-1.0,0.0,7.0,0,0.0,smooth,0.19826518729302683,0.0,0.08287292817679558,high
2026-06-19,SKU-UMR-007,6,WH-NORTH,retail,66.0,,,False,0,0,0,0,0,0,0,0,0,0,,,4,25,6,2,0,0,0,8.0,5.0,4.0,5.0,9.0,5.857142857142857,1.573591584938884,5.714285714285714,1.266647387553302,6.1,1.2958820721144306,4.0,9.0,-2.0,2.0,0.14285714285714235,-0.24285714285714288,4.0,-1.0,0.0,7.0,0,0.0,smooth,0.19826518729302683,0.0,0.08287292817679558,high
2026-06-20,SKU-UMR-007,5,WH-NORTH,online,55.0,,,False,0,0,0,0,0,0,0,0,0,0,,,5,25,6,2,1,0,0,6.0,7.0,4.0,6.0,6.0,6.142857142857143,1.3451854182690963,5.785714285714286,1.2513728724621078,6.0,1.1744404390294088,4.0,8.0,-1.0,1.0,0.35714285714285765,0.14285714285714324,2.0,0.0,0.0,6.0,0,0.0,smooth,0.19826518729302683,0.0,0.08287292817679558,high
2026-06-21,SKU-UMR-007,7,WH-NORTH,online,77.0,,,False,0,0,0,0,0,0,0,0,0,0,,,6,25,6,2,1,0,0,5.0,8.0,7.0,7.0,5.0,6.285714285714286,1.1126972805283712,5.714285714285714,1.266647387553302,5.966666666666667,1.188546876720024,4.0,8.0,2.0,0.0,0.5714285714285712,0.3190476190476188,-2.0,0.0,0.0,5.0,0,0.0,smooth,0.19826518729302683,0.0,0.08287292817679558,high
2026-06-22,SKU-UMR-007,7,WH-NORTH,retail,77.0,,,False,0,0,0,0,0,0,0,0,0,0,,,0,26,6,2,0,0,0,7.0,6.0,6.0,5.0,7.0,6.285714285714286,1.1126972805283712,5.714285714285714,1.266647387553302,6.033333333333333,1.1885468767200238,4.0,8.0,0.0,1.0,0.5714285714285712,0.2523809523809524,1.0,0.0,0.0,4.0,0,0.0,smooth,0.19826518729302683,0.0,0.08287292817679558,high
2026-06-23,SKU-UMR-007,5,WH-NORTH,retail,55.0,,,False,0,0,0,0,0,0,0,0,0,0,,,1,26,6,2,0,0,0,7.0,5.0,5.0,4.0,7.0,6.428571428571429,1.1338934190276797,5.857142857142857,1.2924123453177283,6.033333333333333,1.1885468767200238,4.0,8.0,-2.0,0.0,0.5714285714285721,0.3952380952380956,2.0,0.0,0.0,3.0,0,0.0,smooth,0.19826518729302683,0.0,0.08287292817679558,high
2026-06-24,SKU-UMR-007,5,WH-NORTH,retail,55.0,,,False,0,0,0,0,0,0,0,0,0,0,,,2,26,6,2,0,0,0,5.0,7.0,7.0,6.0,6.0,6.428571428571429,1.1338934190276797,5.928571428571429,1.2066664642907572,5.966666666666667,1.1885468767200238,4.0,8.0,0.0,-2.0,0.5,0.46190476190476204,-2.0,-1.0,0.0,2.0,0,0.0,smooth,0.19826518729302683,0.0,0.08287292817679558,high
2026-06-25,SKU-UMR-007,6,WH-NORTH,retail,66.0,,,False,0,0,0,0,0,0,0,0,0,0,,,3,26,6,2,0,0,0,5.0,7.0,8.0,6.0,5.0,6.142857142857143,1.2149857925879095,5.857142857142857,1.2314558524297643,5.933333333333334,1.2015315896469574,4.0,8.0,1.0,-2.0,0.2857142857142865,0.20952380952380967,-3.0,0.0,0.0,1.0,0,0.0,smooth,0.19826518729302683,0.0,0.08287292817679558,high
2026-06-26,SKU-UMR-007,5,WH-NORTH,retail,55.0,,,False,0,0,0,0,0,0,0,0,0,0,,,4,26,6,2,0,0,0,6.0,5.0,6.0,4.0,7.0,5.857142857142857,0.8997354108424338,5.857142857142857,1.2314558524297643,5.966666666666667,1.1885468767200238,4.0,8.0,-1.0,-1.0,0.0,-0.10952380952381002,0.0,-1.0,0.0,0.0,0,0.0,smooth,0.19826518729302683,0.0,0.08287292817679558,high
2026-06-27,SKU-UMR-007,3,WH-NORTH,online,33.0,,,False,0,0,0,0,0,0,0,0,0,0,,,5,26,6,2,1,0,0,5.0,5.0,5.0,4.0,6.0,5.714285714285714,0.9511897312113383,5.928571428571429,1.1411388181101383,5.9,1.1846722229638345,4.0,8.0,-2.0,-2.0,-0.2142857142857144,-0.18571428571428594,0.0,-1.0,0.0,0.0,0,0.0,smooth,0.19826518729302683,0.0,0.08287292817679558,high
2026-06-28,SKU-UMR-007,5,WH-NORTH,online,55.0,,,False,0,0,0,0,0,0,0,0,0,0,,,6,26,6,2,1,0,0,3.0,6.0,7.0,7.0,4.0,5.428571428571429,1.3972762620115413,5.857142857142857,1.2924123453177283,5.8,1.297211864226372,3.0,8.0,2.0,-2.0,-0.42857142857142794,-0.371428571428571,-4.0,-1.0,0.0,0.0,0,0.0,smooth,0.19826518729302683,0.0,0.08287292817679558,high
2026-06-29,SKU-UMR-007,6,WH-NORTH,retail,66.0,,,False,0,0,0,0,0,0,0,0,0,0,,,0,27,6,2,0,0,0,5.0,5.0,7.0,6.0,6.0,5.142857142857143,1.2149857925879086,5.714285714285714,1.2666473875533018,5.833333333333333,1.261726603899795,3.0,8.0,1.0,-1.0,-0.5714285714285712,-0.6904761904761898,-2.0,-1.0,0.0,0.0,0,0.0,smooth,0.19826518729302683,0.0,0.08287292817679558,high
2026-06-30,SKU-UMR-007,5,WH-NORTH,retail,55.0,,,False,0,0,0,0,0,0,0,0,0,0,,,1,27,6,2,0,0,1,6.0,3.0,5.0,5.0,7.0,5.0,0.999999999999996,5.714285714285714,1.2666473875533018,5.833333333333333,1.261726603899795,3.0,8.0,-1.0,0.0,-0.7142857142857144,-0.833333333333333,1.0,-1.0,0.0,0.0,0,0.0,smooth,0.19826518729302683,0.0,0.08287292817679558,high
